Time Step,Time,SWE_mm,sm_profile_0_1m
0,2018-10-01 00:00:00,0.0,0.6732685520482109
1,2018-10-01 01:00:00,0.0,0.5602554244421246
2,2018-10-01 02:00:00,0.0,0.3152578927800195
3,2018-10-01 03:00:00,0.0,0.05710266311583012
4,2018-10-01 04:00:00,0.0,0.3181347026142979
5,2018-10-01 05:00:00,0.0,0.6456777670539934
6,2018-10-01 06:00:00,0.0,0.7955734486131069
7,2018-10-01 07:00:00,0.0,0.019100778374442906
8,2018-10-01 08:00:00,0.0,0.9291207346136443
9,2018-10-01 09:00:00,0.0,0.31013364615172767
10,2018-10-01 10:00:00,0.0,0.43871457426600646
11,2018-10-01 11:00:00,0.0,0.9875623023267982
12,2018-10-01 12:00:00,0.0,0.80391759354649
13,2018-10-01 13:00:00,0.0,0.9310801197926823
14,2018-10-01 14:00:00,0.0,0.4854491558277352
15,2018-10-01 15:00:00,0.0,0.6925253427764495
16,2018-10-01 16:00:00,0.0,0.7820763038661782
17,2018-10-01 17:00:00,0.0,0.5525475380576496
18,2018-10-01 18:00:00,0.0,0.3649066783152045
19,2018-10-01 19:00:00,0.0,0.030527567909524822
20,2018-10-01 20:00:00,0.0,0.866549459475601
21,2018-10-01 21:00:00,0.0,0.8335392054040252
22,2018-10-01 22:00:00,0.0,0.5303999808405537
23,2018-10-01 23:00:00,0.0,0.19177513621184472
24,2018-10-02 00:00:00,0.0,0.40085216533331847
25,2018-10-02 01:00:00,0.0,0.8733189286740731
26,2018-10-02 02:00:00,0.0,0.5907029312853835
27,2018-10-02 03:00:00,0.0,0.2321504353121816
28,2018-10-02 04:00:00,0.0,0.9962032930543717
29,2018-10-02 05:00:00,0.0,0.6362805391352452
30,2018-10-02 06:00:00,0.0,0.206314313789971
31,2018-10-02 07:00:00,0.0,0.5705998644968426
32,2018-10-02 08:00:00,0.0,0.5509700078164433
33,2018-10-02 09:00:00,0.0,0.10281827735180016
34,2018-10-02 10:00:00,0.0,0.05604661059089755
35,2018-10-02 11:00:00,0.0,0.014184298673962759
36,2018-10-02 12:00:00,0.0,0.7117264093048605
37,2018-10-02 13:00:00,0.0,0.535163744431626
38,2018-10-02 14:00:00,0.0,0.3408775000632731
39,2018-10-02 15:00:00,0.0,0.827767369970496
40,2018-10-02 16:00:00,0.0,0.26269533034233883
41,2018-10-02 17:00:00,0.0,0.3073795325424361
42,2018-10-02 18:00:00,0.0,0.3409016751528283
43,2018-10-02 19:00:00,0.0,0.9172825913696417
44,2018-10-02 20:00:00,0.0,0.0139344971472245
45,2018-10-02 21:00:00,0.0,0.5555262060488747
46,2018-10-02 22:00:00,0.0,0.9703820221635436
47,2018-10-02 23:00:00,0.0,0.1939636743312455
48,2018-10-03 00:00:00,0.0,0.8736290353698283
49,2018-10-03 01:00:00,0.0,0.8548441673454683
50,2018-10-03 02:00:00,0.0,0.05230221687819725
51,2018-10-03 03:00:00,0.0,0.6404375997938835
52,2018-10-03 04:00:00,0.0,0.9549950085686505
53,2018-10-03 05:00:00,0.0,0.8649507558813926
54,2018-10-03 06:00:00,0.0,0.532449652154017
55,2018-10-03 07:00:00,0.0,0.3249387163057955
56,2018-10-03 08:00:00,0.0,0.3648825761933969
57,2018-10-03 09:00:00,0.0,0.7441027555525893
58,2018-10-03 10:00:00,0.0,0.37639144291461646
59,2018-10-03 11:00:00,0.0,0.755386394482341
60,2018-10-03 12:00:00,0.0,0.6926633635535479
61,2018-10-03 13:00:00,0.0,0.805905491874233
62,2018-10-03 14:00:00,0.0,0.31424564194493787
63,2018-10-03 15:00:00,0.0,0.2305813610614379
64,2018-10-03 16:00:00,0.0,0.609112106023527
65,2018-10-03 17:00:00,0.0,0.7061856095242793
66,2018-10-03 18:00:00,0.0,0.6622911340654589
67,2018-10-03 19:00:00,0.0,0.9701005224367921
68,2018-10-03 20:00:00,0.0,0.6555066283322036
69,2018-10-03 21:00:00,0.0,0.4178717675390312
70,2018-10-03 22:00:00,0.0,0.31162852821944254
71,2018-10-03 23:00:00,0.0,0.07338472599961621
72,2018-10-04 00:00:00,0.0,0.9609282632673012
73,2018-10-04 01:00:00,0.0,0.32057824565069604
74,2018-10-04 02:00:00,0.0,0.0737696452208062
75,2018-10-04 03:00:00,0.0,0.9381178566076362
76,2018-10-04 04:00:00,0.0,0.5072507046641437
77,2018-10-04 05:00:00,0.0,0.454565885469286
78,2018-10-04 06:00:00,0.0,0.6209155083910552
79,2018-10-04 07:00:00,0.0,0.505034326101789
80,2018-10-04 08:00:00,0.0,0.05056968275956386
81,2018-10-04 09:00:00,0.0,0.46627276176777643
82,2018-10-04 10:00:00,0.0,0.6649475461231587
83,2018-10-04 11:00:00,0.0,0.3535352217339788
84,2018-10-04 12:00:00,0.0,0.13931911468397573
85,2018-10-04 13:00:00,0.0,0.9311734879103446
86,2018-10-04 14:00:00,0.0,0.31576083764347307
87,2018-10-04 15:00:00,0.0,0.7273137598965681
88,2018-10-04 16:00:00,0.0,0.3671349689679887
89,2018-10-04 17:00:00,0.0,0.3745984990016852
90,2018-10-04 18:00:00,0.0,0.046710991531043855
91,2018-10-04 19:00:00,0.0,0.3525715369038509
92,2018-10-04 20:00:00,0.0,0.5147845149798843
93,2018-10-04 21:00:00,0.0,0.2086076958929617
94,2018-10-04 22:00:00,0.0,0.23494308830816757
95,2018-10-04 23:00:00,0.0,0.5149990590927133
96,2018-10-05 00:00:00,0.0,0.7177611866038788
97,2018-10-05 01:00:00,0.0,0.25134547886287617
98,2018-10-05 02:00:00,0.0,0.4613835406043064
99,2018-10-05 03:00:00,0.0,0.9467886022765813
100,2018-10-05 04:00:00,0.0,0.6368805672067586
101,2018-10-05 05:00:00,0.0,0.4237452665139887
102,2018-10-05 06:00:00,0.0,0.1217462004831057
103,2018-10-05 07:00:00,0.0,0.2752215882843968
104,2018-10-05 08:00:00,0.0,0.08383612914250915
105,2018-10-05 09:00:00,0.0,0.4011333826001505
106,2018-10-05 10:00:00,0.0,0.4831994844922899
107,2018-10-05 11:00:00,0.0,0.8069113508781244
108,2018-10-05 12:00:00,0.0,0.0539997222715356
109,2018-10-05 13:00:00,0.0,0.5942958017783632
110,2018-10-05 14:00:00,0.0,0.06569481327698656
111,2018-10-05 15:00:00,0.0,0.6129371487263904
112,2018-10-05 16:00:00,0.0,0.11566780508439678
113,2018-10-05 17:00:00,0.0,0.8675952019951396
114,2018-10-05 18:00:00,0.0,0.07687183775370932
115,2018-10-05 19:00:00,0.0,0.8507891859238368
116,2018-10-05 20:00:00,0.0,0.7503904401226767
117,2018-10-05 21:00:00,0.0,0.41944750368069517
118,2018-10-05 22:00:00,0.0,0.5585982114667674
119,2018-10-05 23:00:00,0.0,0.19101520846246323
120,2018-10-06 00:00:00,0.0,0.9212088841294828
121,2018-10-06 01:00:00,0.0,0.041963831439375765
122,2018-10-06 02:00:00,0.0,0.45458736914361153
123,2018-10-06 03:00:00,0.0,0.7158094750853126
124,2018-10-06 04:00:00,0.0,0.1372202448921963
125,2018-10-06 05:00:00,0.0,0.6719493565840293
126,2018-10-06 06:00:00,0.0,0.9164595829108242
127,2018-10-06 07:00:00,0.0,0.0029956397843688976
128,2018-10-06 08:00:00,0.0,0.9902851182599827
129,2018-10-06 09:00:00,0.0,0.8192422239452989
130,2018-10-06 10:00:00,0.0,0.863707709411826
131,2018-10-06 11:00:00,0.0,0.4041356205807889
132,2018-10-06 12:00:00,0.0,0.9666768344643221
133,2018-10-06 13:00:00,0.0,0.4862612999101571
134,2018-10-06 14:00:00,0.0,0.8213236405620195
135,2018-10-06 15:00:00,0.0,0.5607367751776188
136,2018-10-06 16:00:00,0.0,0.4534154289877569
137,2018-10-06 17:00:00,0.0,0.42611776212446406
138,2018-10-06 18:00:00,0.0,0.4817244070237854
139,2018-10-06 19:00:00,0.0,0.020167513411197047
140,2018-10-06 20:00:00,0.0,0.560663423741009
141,2018-10-06 21:00:00,0.0,0.5015530081483813
142,2018-10-06 22:00:00,0.0,0.7050511836435005
143,2018-10-06 23:00:00,0.0,0.8159335708900466
144,2018-10-07 00:00:00,0.0,0.7580353186106285
145,2018-10-07 01:00:00,0.0,0.9819310678317783
146,2018-10-07 02:00:00,0.0,0.333773097570356
147,2018-10-07 03:00:00,0.0,0.8721950396624072
148,2018-10-07 04:00:00,0.0,0.35741003969316953
149,2018-10-07 05:00:00,0.0,0.42080137077914126
150,2018-10-07 06:00:00,0.0,0.9968739410279445
151,2018-10-07 07:00:00,0.0,0.7785334407884408
152,2018-10-07 08:00:00,0.0,0.23863017829804622
153,2018-10-07 09:00:00,0.0,0.909545277030615
154,2018-10-07 10:00:00,0.0,0.7967510307851846
155,2018-10-07 11:00:00,0.235113308,0.4107500399331667
156,2018-10-07 12:00:00,0.030519452,0.2854993233014158
157,2018-10-07 13:00:00,0.386165321,0.22335465530369125
158,2018-10-07 14:00:00,0.078130394,0.15506672998989157
159,2018-10-07 15:00:00,0.086050481,0.17511973841370287
160,2018-10-07 16:00:00,0.067107439,0.1804000239057061
161,2018-10-07 17:00:00,0.045199491,0.41542071278927817
162,2018-10-07 18:00:00,0.03099007,0.06943297719016994
163,2018-10-07 19:00:00,0.023972286,0.6043248250733698
164,2018-10-07 20:00:00,0.012247686,0.44745012605030765
165,2018-10-07 21:00:00,0.010350255,0.8477101041693705
166,2018-10-07 22:00:00,0.007828484,0.30232147291443123
167,2018-10-07 23:00:00,0.794998646,0.21792703516692247
168,2018-10-08 00:00:00,1.727577925,0.7580013717012288
169,2018-10-08 01:00:00,1.558209896,0.1578242445876844
170,2018-10-08 02:00:00,1.253444195,0.6450617947009968
171,2018-10-08 03:00:00,1.414572239,0.7524440238235178
172,2018-10-08 04:00:00,1.413734198,0.6840465885894913
173,2018-10-08 05:00:00,1.360041976,0.36618696761686975
174,2018-10-08 06:00:00,1.455689549,0.6190767665565724
175,2018-10-08 07:00:00,1.617646217,0.2123520102656551
176,2018-10-08 08:00:00,1.757627368,0.5242143483052382
177,2018-10-08 09:00:00,2.01965332,0.6742404190509703
178,2018-10-08 10:00:00,2.257629156,0.4436386404890357
179,2018-10-08 11:00:00,2.793651581,0.9374711103154899
180,2018-10-08 12:00:00,3.518607616,0.04089418514626386
181,2018-10-08 13:00:00,3.818981171,0.8313713472345652
182,2018-10-08 14:00:00,4.430276871,0.5601481096448672
183,2018-10-08 15:00:00,4.885210037,0.9521659032030262
184,2018-10-08 16:00:00,5.802142143,0.5343459893236985
185,2018-10-08 17:00:00,6.909508705,0.1826963581489479
186,2018-10-08 18:00:00,7.528646469,0.34566928920982376
187,2018-10-08 19:00:00,8.587544441,0.8590719541866398
188,2018-10-08 20:00:00,9.518014908,0.9971045719375768
189,2018-10-08 21:00:00,9.81196022,0.9060327030120148
190,2018-10-08 22:00:00,9.806266785,0.5485910151410172
191,2018-10-08 23:00:00,9.852133751,0.5283865328118618
192,2018-10-09 00:00:00,9.783687592,0.06402177892770677
193,2018-10-09 01:00:00,9.774303436,0.6609222902789148
194,2018-10-09 02:00:00,9.710678101,0.7103017392081103
195,2018-10-09 03:00:00,9.656673431,0.8462765441069984
196,2018-10-09 04:00:00,9.581449509,0.11243931394289508
197,2018-10-09 05:00:00,9.493480682,0.9532875570632617
198,2018-10-09 06:00:00,9.417279243,0.019255909070329813
199,2018-10-09 07:00:00,9.351583481,0.1899520774956307
200,2018-10-09 08:00:00,9.287149429,0.07685848571041642
201,2018-10-09 09:00:00,9.233057022,0.8763406053406173
202,2018-10-09 10:00:00,9.192126274,0.1451004985820178
203,2018-10-09 11:00:00,9.134417534,0.12443671004681867
204,2018-10-09 12:00:00,9.086119652,0.5740309469687225
205,2018-10-09 13:00:00,9.054620743,0.00598144133497136
206,2018-10-09 14:00:00,9.020936012,0.32576657041230794
207,2018-10-09 15:00:00,8.968033791,0.09862544460197487
208,2018-10-09 16:00:00,8.897658348,0.7041612560826852
209,2018-10-09 17:00:00,8.811279297,0.5253196871404585
210,2018-10-09 18:00:00,10.140773773,0.21159085401619837
211,2018-10-09 19:00:00,11.345912933,0.9289233389916649
212,2018-10-09 20:00:00,11.68215847,0.19008958475595206
213,2018-10-09 21:00:00,9.169449806,0.923639634699702
214,2018-10-09 22:00:00,6.533730507,0.8884032143335285
215,2018-10-09 23:00:00,6.56922245,0.24132459905497816
216,2018-10-10 00:00:00,6.771371365,0.9808373625582764
217,2018-10-10 01:00:00,7.504937172,0.7410017735568397
218,2018-10-10 02:00:00,8.303702354,0.05282255916724421
219,2018-10-10 03:00:00,8.356998444,0.3783270604062151
220,2018-10-10 04:00:00,8.414445877,0.8528124083903251
221,2018-10-10 05:00:00,8.472631454,0.48633038779992666
222,2018-10-10 06:00:00,8.576504707,0.14837059549350307
223,2018-10-10 07:00:00,8.726289749,0.9291599365201805
224,2018-10-10 08:00:00,9.338679314,0.4403913676156286
225,2018-10-10 09:00:00,9.438595772,0.0780420108786245
226,2018-10-10 10:00:00,9.752332687,0.7010284718803806
227,2018-10-10 11:00:00,9.949864388,0.45890248753548757
228,2018-10-10 12:00:00,10.027931213,0.23884583411433613
229,2018-10-10 13:00:00,10.686380386,0.4239965445766314
230,2018-10-10 14:00:00,11.325634003,0.5840227169978537
231,2018-10-10 15:00:00,12.579881668,0.3383363030014467
232,2018-10-10 16:00:00,14.000082016,0.49111406371905697
233,2018-10-10 17:00:00,14.967463493,0.1347851464579366
234,2018-10-10 18:00:00,15.724901199,0.05260005406701285
235,2018-10-10 19:00:00,17.463806152,0.9789091498796814
236,2018-10-10 20:00:00,18.157939911,0.030998860540971784
237,2018-10-10 21:00:00,18.543346405,0.8715229719237938
238,2018-10-10 22:00:00,18.708604813,0.5345438225284069
239,2018-10-10 23:00:00,18.863586426,0.1871524182859462
240,2018-10-11 00:00:00,18.833919525,0.9003767500445098
241,2018-10-11 01:00:00,18.778087616,0.017789344136647123
242,2018-10-11 02:00:00,18.715085983,0.001150093520330575
243,2018-10-11 03:00:00,18.642744064,0.14036488998995322
244,2018-10-11 04:00:00,18.574354172,0.8381924901797199
245,2018-10-11 05:00:00,18.510972977,0.7624125852663859
246,2018-10-11 06:00:00,18.42590332,0.443549606085735
247,2018-10-11 07:00:00,18.340805054,0.6434797072275589
248,2018-10-11 08:00:00,18.269723892,0.6008602999847831
249,2018-10-11 09:00:00,18.348453522,0.6688270736490712
250,2018-10-11 10:00:00,18.299318314,0.9966545779954253
251,2018-10-11 11:00:00,18.247428894,0.4982924238353118
252,2018-10-11 12:00:00,18.181980133,0.5616672318821638
253,2018-10-11 13:00:00,18.129049301,0.7139837165053186
254,2018-10-11 14:00:00,18.165737152,0.2624183933051105
255,2018-10-11 15:00:00,18.164384842,0.7483941986180445
256,2018-10-11 16:00:00,18.273397446,0.9662156192306021
257,2018-10-11 17:00:00,19.603183746,0.27674356328805416
258,2018-10-11 18:00:00,20.821752548,0.8842348871472745
259,2018-10-11 19:00:00,21.871984482,0.6806375324730962
260,2018-10-11 20:00:00,24.306747437,0.4016913558371745
261,2018-10-11 21:00:00,24.834255219,0.887983548343583
262,2018-10-11 22:00:00,25.015287399,0.8860360360113754
263,2018-10-11 23:00:00,25.151304245,0.8131675410383254
264,2018-10-12 00:00:00,25.300270081,0.7039348764445281
265,2018-10-12 01:00:00,25.031738281,0.8753129655767373
266,2018-10-12 02:00:00,25.122711182,0.8519960947906065
267,2018-10-12 03:00:00,25.183496475,0.7523181892646352
268,2018-10-12 04:00:00,25.294149399,0.9599921626245098
269,2018-10-12 05:00:00,25.173152924,0.855856457715852
270,2018-10-12 06:00:00,25.069166183,0.024414881718839432
271,2018-10-12 07:00:00,24.977285385,0.7388252422759327
272,2018-10-12 08:00:00,24.888605118,0.8139300774016814
273,2018-10-12 09:00:00,24.871084213,0.15696654561925105
274,2018-10-12 10:00:00,24.79732132,0.3415443027427232
275,2018-10-12 11:00:00,24.737188339,0.34833678862154216
276,2018-10-12 12:00:00,24.673589706,0.8648182144308117
277,2018-10-12 13:00:00,24.599723816,0.9042989264539182
278,2018-10-12 14:00:00,24.508613586,0.853633876137586
279,2018-10-12 15:00:00,24.40810585,0.25212251547885967
280,2018-10-12 16:00:00,24.282333374,0.8905531366684014
281,2018-10-12 17:00:00,24.1431427,0.7541454714383455
282,2018-10-12 18:00:00,23.938575745,0.5362619024083651
283,2018-10-12 19:00:00,23.471544266,0.3460488263485828
284,2018-10-12 20:00:00,22.403587341,0.5700163089046836
285,2018-10-12 21:00:00,19.30295372,0.2196158902774752
286,2018-10-12 22:00:00,16.266763687,0.8598475817456646
287,2018-10-12 23:00:00,15.81905365,0.27839722770030384
288,2018-10-13 00:00:00,15.432380676,0.8133006771952873
289,2018-10-13 01:00:00,15.096168518,0.17494920966518368
290,2018-10-13 02:00:00,14.79592514,0.006860311832043164
291,2018-10-13 03:00:00,14.53077507,0.21914510196767178
292,2018-10-13 04:00:00,14.292570114,0.5840363977426728
293,2018-10-13 05:00:00,14.07762146,0.17886577084911948
294,2018-10-13 06:00:00,13.886977196,0.09843151018817797
295,2018-10-13 07:00:00,13.717874527,0.021083336555338783
296,2018-10-13 08:00:00,13.557840347,0.7431264348935996
297,2018-10-13 09:00:00,13.410402298,0.5570940013331953
298,2018-10-13 10:00:00,13.280653,0.0788909232679581
299,2018-10-13 11:00:00,13.153403282,0.6587780332758331
300,2018-10-13 12:00:00,13.034315109,0.8725421227281759
301,2018-10-13 13:00:00,12.928631783,0.6628117284545902
302,2018-10-13 14:00:00,12.830013275,0.5269803400329741
303,2018-10-13 15:00:00,12.730712891,0.697608315381139
304,2018-10-13 16:00:00,12.612522125,0.32014809704378977
305,2018-10-13 17:00:00,12.456110001,0.4824640995637842
306,2018-10-13 18:00:00,12.235326767,0.40818608006910184
307,2018-10-13 19:00:00,11.748508453,0.3891383269379355
308,2018-10-13 20:00:00,8.999747276,0.02740038200070649
309,2018-10-13 21:00:00,5.335774899,0.33262643100129385
310,2018-10-13 22:00:00,1.561649442,0.9421333881881795
311,2018-10-13 23:00:00,1.545921326,0.02055720986246734
312,2018-10-14 00:00:00,1.552119136,0.21469517778558012
313,2018-10-14 01:00:00,1.573890686,0.7893132180517887
314,2018-10-14 02:00:00,1.593745232,0.2820815086753099
315,2018-10-14 03:00:00,1.609526157,0.6792855528457266
316,2018-10-14 04:00:00,1.622770429,0.9843213472909874
317,2018-10-14 05:00:00,1.627244711,0.8676789802716055
318,2018-10-14 06:00:00,1.630857706,0.18586779654755214
319,2018-10-14 07:00:00,1.649176121,0.08999879222086937
320,2018-10-14 08:00:00,1.669390917,0.5549143584679507
321,2018-10-14 09:00:00,1.693090081,0.580535147276969
322,2018-10-14 10:00:00,1.718121529,0.1603290635001159
323,2018-10-14 11:00:00,1.737997293,0.5610745532511782
324,2018-10-14 12:00:00,1.74318707,0.4180187167969668
325,2018-10-14 13:00:00,1.746881723,0.09646373957666066
326,2018-10-14 14:00:00,1.750936866,0.6814572427180488
327,2018-10-14 15:00:00,1.741499424,0.29236996451015274
328,2018-10-14 16:00:00,1.713092566,0.9121706445248176
329,2018-10-14 17:00:00,1.650205851,0.06371256653984503
330,2018-10-14 18:00:00,0.984978378,0.49899853510966563
331,2018-10-14 19:00:00,0.879003525,0.435306037147164
332,2018-10-14 20:00:00,0.000205599,0.7136091478899262
333,2018-10-14 21:00:00,0.000146,0.11584058186465218
334,2018-10-14 22:00:00,8.4419e-05,0.49777737451754067
335,2018-10-14 23:00:00,5.3665e-05,0.7833284941826452
336,2018-10-15 00:00:00,1.328e-05,0.379224057636968
337,2018-10-15 01:00:00,3.297e-06,0.7240173048537549
338,2018-10-15 02:00:00,1.695e-06,0.6079192884429818
339,2018-10-15 03:00:00,0.0,0.3805516582428893
340,2018-10-15 04:00:00,0.0,0.4033408278520445
341,2018-10-15 05:00:00,1.631e-06,0.4444649093971361
342,2018-10-15 06:00:00,1.446e-06,0.16199585389686133
343,2018-10-15 07:00:00,1.202e-06,0.7647408434101138
344,2018-10-15 08:00:00,2.64e-06,0.01952505468954846
345,2018-10-15 09:00:00,2.393e-06,0.6235743938062495
346,2018-10-15 10:00:00,2.542e-06,0.06529824326127187
347,2018-10-15 11:00:00,0.0,0.6788252691278301
348,2018-10-15 12:00:00,0.0,0.2748210863858944
349,2018-10-15 13:00:00,0.0,0.7607197117834753
350,2018-10-15 14:00:00,0.0,0.5781410341080611
351,2018-10-15 15:00:00,0.0,0.14924641004576578
352,2018-10-15 16:00:00,0.0,0.258573535931263
353,2018-10-15 17:00:00,0.0,0.41633487370524347
354,2018-10-15 18:00:00,0.0,0.14018852830755357
355,2018-10-15 19:00:00,0.0,0.6351125675627058
356,2018-10-15 20:00:00,0.290185928,0.47298316771509374
357,2018-10-15 21:00:00,0.343436629,0.9738240097056496
358,2018-10-15 22:00:00,0.375220627,0.9195621377025754
359,2018-10-15 23:00:00,0.093285039,0.9706720748711599
360,2018-10-16 00:00:00,0.006907832,0.14258170986849517
361,2018-10-16 01:00:00,0.006835425,0.6364930298481172
362,2018-10-16 02:00:00,0.006658919,0.959796430897309
363,2018-10-16 03:00:00,0.013886528,0.9250778180737945
364,2018-10-16 04:00:00,0.009471862,0.6688725498932451
365,2018-10-16 05:00:00,0.017569184,0.8579985197846783
366,2018-10-16 06:00:00,0.014523443,0.6191502983676321
367,2018-10-16 07:00:00,0.013595231,0.9119069634497661
368,2018-10-16 08:00:00,0.013749219,0.15050682519364933
369,2018-10-16 09:00:00,0.010313001,0.9441726918329758
370,2018-10-16 10:00:00,0.010208837,0.8697164215803841
371,2018-10-16 11:00:00,0.01189993,0.8451276900686022
372,2018-10-16 12:00:00,0.02042844,0.7141217581808822
373,2018-10-16 13:00:00,0.033367515,0.9329439727566307
374,2018-10-16 14:00:00,0.031631142,0.9317184737288724
375,2018-10-16 15:00:00,0.026073672,0.9415154973738332
376,2018-10-16 16:00:00,0.010371648,0.11194675121115572
377,2018-10-16 17:00:00,0.011610754,0.8686726330131906
378,2018-10-16 18:00:00,0.022198485,0.36074656262859406
379,2018-10-16 19:00:00,0.022833617,0.8913196469979674
380,2018-10-16 20:00:00,0.026554709,0.0749676350830264
381,2018-10-16 21:00:00,0.020182703,0.2051066046445349
382,2018-10-16 22:00:00,0.014968606,0.7309282669033794
383,2018-10-16 23:00:00,0.008140591,0.8749868817001649
384,2018-10-17 00:00:00,0.060770992,0.01867543600533106
385,2018-10-17 01:00:00,0.067041188,0.9446914105932903
386,2018-10-17 02:00:00,0.008362943,0.4812651945403259
387,2018-10-17 03:00:00,0.005888488,0.824768305957838
388,2018-10-17 04:00:00,0.00501896,0.1007319368073969
389,2018-10-17 05:00:00,0.003232573,0.4962306738414932
390,2018-10-17 06:00:00,0.004189652,0.921144751357751
391,2018-10-17 07:00:00,0.065464772,0.44241075833646837
392,2018-10-17 08:00:00,0.039810531,0.3628830945750088
393,2018-10-17 09:00:00,0.010152265,0.839330818423758
394,2018-10-17 10:00:00,0.009358466,0.6338050157360187
395,2018-10-17 11:00:00,0.008540004,0.7436943316730864
396,2018-10-17 12:00:00,0.008067906,0.6559579432865121
397,2018-10-17 13:00:00,0.006356662,0.6906962905071811
398,2018-10-17 14:00:00,0.063206695,0.8328210168188058
399,2018-10-17 15:00:00,0.047398616,0.3031066366438402
400,2018-10-17 16:00:00,0.031875938,0.9287445269908567
401,2018-10-17 17:00:00,0.013002872,0.3391821200179844
402,2018-10-17 18:00:00,0.011193966,0.11593423846322204
403,2018-10-17 19:00:00,0.068133891,0.04806219223095054
404,2018-10-17 20:00:00,0.038250219,0.2608250210387124
405,2018-10-17 21:00:00,0.018034693,0.07098724513279042
406,2018-10-17 22:00:00,0.013870198,0.5405699646720863
407,2018-10-17 23:00:00,0.01061334,0.427901607461303
408,2018-10-18 00:00:00,0.002856963,0.48951772278176264
409,2018-10-18 01:00:00,0.002686143,0.5505872672690817
410,2018-10-18 02:00:00,0.151322484,0.23756934654566353
411,2018-10-18 03:00:00,0.319966018,0.381430722390252
412,2018-10-18 04:00:00,0.920529604,0.5808266899135844
413,2018-10-18 05:00:00,0.820676148,0.10757434958398326
414,2018-10-18 06:00:00,1.441809416,0.8156701490742221
415,2018-10-18 07:00:00,2.087834358,0.8670008091266564
416,2018-10-18 08:00:00,3.352854252,0.9007739859164458
417,2018-10-18 09:00:00,4.379358292,0.10469119687760531
418,2018-10-18 10:00:00,4.987875462,0.8333367997430865
419,2018-10-18 11:00:00,5.51335144,0.4964948049201581
420,2018-10-18 12:00:00,6.362590313,0.2724611213186433
421,2018-10-18 13:00:00,6.878726006,0.9814494588107479
422,2018-10-18 14:00:00,7.245164871,0.6526435621772433
423,2018-10-18 15:00:00,7.552231789,0.9198944173073804
424,2018-10-18 16:00:00,7.739386082,0.5819592039733701
425,2018-10-18 17:00:00,7.996918678,0.29729339409550926
426,2018-10-18 18:00:00,8.214840889,0.14224235229160065
427,2018-10-18 19:00:00,8.328517914,0.09283505431282268
428,2018-10-18 20:00:00,7.515781403,0.09626778515911516
429,2018-10-18 21:00:00,3.145224094,0.1410637831346544
430,2018-10-18 22:00:00,3.245831013,0.15885836007093035
431,2018-10-18 23:00:00,1.571701884,0.26998757002921914
432,2018-10-19 00:00:00,1.606297731,0.4597713073517524
433,2018-10-19 01:00:00,1.638077855,0.9866877504272521
434,2018-10-19 02:00:00,1.672519088,0.4362039423568582
435,2018-10-19 03:00:00,1.701726079,0.39634978946942034
436,2018-10-19 04:00:00,1.722974658,0.3412646114545491
437,2018-10-19 05:00:00,1.740971923,0.557704582400114
438,2018-10-19 06:00:00,1.763455749,0.5145974359275117
439,2018-10-19 07:00:00,1.777752876,0.18033107709830465
440,2018-10-19 08:00:00,1.792393565,0.7822033314296978
441,2018-10-19 09:00:00,1.806731105,0.005653942800389555
442,2018-10-19 10:00:00,1.82489574,0.3527033721899969
443,2018-10-19 11:00:00,1.843995094,0.24355177443474718
444,2018-10-19 12:00:00,1.864658833,0.9043586328213721
445,2018-10-19 13:00:00,1.883491516,0.21819925301462295
446,2018-10-19 14:00:00,1.901438117,0.9711071379637454
447,2018-10-19 15:00:00,1.911453843,0.6535102261987351
448,2018-10-19 16:00:00,1.904745221,0.3982081311663982
449,2018-10-19 17:00:00,1.859907627,0.40028775255894766
450,2018-10-19 18:00:00,1.759558797,0.37663492715528024
451,2018-10-19 19:00:00,1.606204271,0.16593159402501811
452,2018-10-19 20:00:00,1.395326495,0.38356437579026625
453,2018-10-19 21:00:00,1.172195435,0.3615968223547621
454,2018-10-19 22:00:00,0.974759817,0.519036011763605
455,2018-10-19 23:00:00,0.985051751,0.6740207698574027
456,2018-10-20 00:00:00,0.997344375,0.065941394367246
457,2018-10-20 01:00:00,1.013440371,0.15747839188709345
458,2018-10-20 02:00:00,1.025811076,0.4471754789426373
459,2018-10-20 03:00:00,1.012244225,0.9916054694373633
460,2018-10-20 04:00:00,1.02065587,0.8514802260913208
461,2018-10-20 05:00:00,1.034220338,0.8252547388241208
462,2018-10-20 06:00:00,1.048400998,0.01941990531426241
463,2018-10-20 07:00:00,1.06469965,0.042876874684593114
464,2018-10-20 08:00:00,1.078829169,0.529856541085601
465,2018-10-20 09:00:00,1.092558503,0.9134266861012715
466,2018-10-20 10:00:00,8.7852e-05,0.26145653265798807
467,2018-10-20 11:00:00,3.4033e-05,0.3630515312695579
468,2018-10-20 12:00:00,7.1887e-05,0.11127141142549946
469,2018-10-20 13:00:00,6.8534e-05,0.276025510913426
470,2018-10-20 14:00:00,9.2981e-05,0.6005283750321395
471,2018-10-20 15:00:00,5.191e-05,0.22642846575565878
472,2018-10-20 16:00:00,0.000109826,0.7054138251253612
473,2018-10-20 17:00:00,0.000214851,0.4094928902689964
474,2018-10-20 18:00:00,0.000633031,0.2633212211106092
475,2018-10-20 19:00:00,0.000683566,0.40456819692934576
476,2018-10-20 20:00:00,0.000589509,0.5277340854697085
477,2018-10-20 21:00:00,0.0004866,0.8633382579864736
478,2018-10-20 22:00:00,0.000318684,0.8159887097067009
479,2018-10-20 23:00:00,0.000197233,0.3922331188910354
480,2018-10-21 00:00:00,1.6267e-05,0.257627576330678
481,2018-10-21 01:00:00,2.4318e-05,0.27838359678424496
482,2018-10-21 02:00:00,2.774e-05,0.44629789823593413
483,2018-10-21 03:00:00,1.8242e-05,0.5478553448239798
484,2018-10-21 04:00:00,1.4223e-05,0.547029342578838
485,2018-10-21 05:00:00,3.5184e-05,0.7807557205322668
486,2018-10-21 06:00:00,6.6867e-05,0.5394907244575413
487,2018-10-21 07:00:00,5.5133e-05,0.594643997889486
488,2018-10-21 08:00:00,0.006420214,0.4333986931847692
489,2018-10-21 09:00:00,0.011365585,0.6145952784717269
490,2018-10-21 10:00:00,0.013453316,0.5736329283288042
491,2018-10-21 11:00:00,0.01452513,0.7662060933765775
492,2018-10-21 12:00:00,0.013560144,0.8904536276468643
493,2018-10-21 13:00:00,0.011653993,0.8811192689165604
494,2018-10-21 14:00:00,0.007770244,0.15266437713691638
495,2018-10-21 15:00:00,7.7301e-05,0.8533881270666
496,2018-10-21 16:00:00,7.5479e-05,0.3080879121107507
497,2018-10-21 17:00:00,0.00033619,0.37321514376608633
498,2018-10-21 18:00:00,0.000543578,0.7849224163646886
499,2018-10-21 19:00:00,0.000487091,0.24118070820399928
500,2018-10-21 20:00:00,0.000367873,0.2527709016142722
501,2018-10-21 21:00:00,0.000298881,0.7937109766097942
502,2018-10-21 22:00:00,0.000199327,0.33444549636367726
503,2018-10-21 23:00:00,0.000105351,0.7781335553965227
504,2018-10-22 00:00:00,1.978e-05,0.8696087530915985
505,2018-10-22 01:00:00,1.0736e-05,0.5057846426481031
506,2018-10-22 02:00:00,1.1664e-05,0.7052477466319943
507,2018-10-22 03:00:00,9.458e-06,0.7284623656213334
508,2018-10-22 04:00:00,6.412e-06,0.4005689710938253
509,2018-10-22 05:00:00,5.904e-06,0.2444511883029915
510,2018-10-22 06:00:00,6.407e-06,0.7632889953372723
511,2018-10-22 07:00:00,1.0664e-05,0.7397395729899652
512,2018-10-22 08:00:00,0.005420978,0.755292438151052
513,2018-10-22 09:00:00,0.009701854,0.4382891006322278
514,2018-10-22 10:00:00,0.013258844,0.27992243510801407
515,2018-10-22 11:00:00,0.013469976,0.936951432057118
516,2018-10-22 12:00:00,0.011291297,0.5526640891330654
517,2018-10-22 13:00:00,0.008871157,0.21903780086344715
518,2018-10-22 14:00:00,0.003788674,0.6136368987603066
519,2018-10-22 15:00:00,4.3573e-05,0.39794656748299473
520,2018-10-22 16:00:00,8.1904e-05,0.7579309555847574
521,2018-10-22 17:00:00,0.000187136,0.6354377274994578
522,2018-10-22 18:00:00,0.000245199,0.32888197796631735
523,2018-10-22 19:00:00,0.000227992,0.7879295392845579
524,2018-10-22 20:00:00,0.000157262,0.376615683201038
525,2018-10-22 21:00:00,0.000115647,0.5995067102871607
526,2018-10-22 22:00:00,7.0367e-05,0.5555990730680253
527,2018-10-22 23:00:00,3.6038e-05,0.9242317972361619
528,2018-10-23 00:00:00,8.336e-06,0.17177889067029106
529,2018-10-23 01:00:00,6.78e-06,0.40978244652603624
530,2018-10-23 02:00:00,5.123e-06,0.14573999586352915
531,2018-10-23 03:00:00,2.872e-06,0.14727416128904558
532,2018-10-23 04:00:00,3.629e-06,0.8045061366685003
533,2018-10-23 05:00:00,2.285e-06,0.1885067794189833
534,2018-10-23 06:00:00,0.713455379,0.09730708602140259
535,2018-10-23 07:00:00,0.502782047,0.9730137743056864
536,2018-10-23 08:00:00,0.111267641,0.42939759489322893
537,2018-10-23 09:00:00,0.104092151,0.24112078013651206
538,2018-10-23 10:00:00,0.295869142,0.33910304658713464
539,2018-10-23 11:00:00,0.073938683,0.0643286288371755
540,2018-10-23 12:00:00,0.07657183,0.7503432299312605
541,2018-10-23 13:00:00,0.171517283,0.16134900334958702
542,2018-10-23 14:00:00,0.163471133,0.6492841566868359
543,2018-10-23 15:00:00,0.063943893,0.9765604500611952
544,2018-10-23 16:00:00,0.063042417,0.04997892230575507
545,2018-10-23 17:00:00,0.087909311,0.8947297368831179
546,2018-10-23 18:00:00,0.065206319,0.05855253696798168
547,2018-10-23 19:00:00,0.063813515,0.23834248142368286
548,2018-10-23 20:00:00,0.051037032,0.17068397755281162
549,2018-10-23 21:00:00,0.04006787,0.9168830050415906
550,2018-10-23 22:00:00,0.033349827,0.28547358209137585
551,2018-10-23 23:00:00,0.016658971,0.607818992886672
552,2018-10-24 00:00:00,0.004411528,0.26335421699887884
553,2018-10-24 01:00:00,0.061278392,0.2744235966753882
554,2018-10-24 02:00:00,0.11259374,0.9909860882785403
555,2018-10-24 03:00:00,0.017895866,0.1552725067458991
556,2018-10-24 04:00:00,0.342557162,0.40828835969352273
557,2018-10-24 05:00:00,0.04062961,0.8919969426837647
558,2018-10-24 06:00:00,0.095792986,0.7057038754961906
559,2018-10-24 07:00:00,0.410247833,0.28023017649022897
560,2018-10-24 08:00:00,0.286342353,0.4183772077149892
561,2018-10-24 09:00:00,0.213025466,0.02570544476910397
562,2018-10-24 10:00:00,0.096209541,0.13481254752461536
563,2018-10-24 11:00:00,0.177572951,0.8685339656937001
564,2018-10-24 12:00:00,0.051048961,0.7021321527814012
565,2018-10-24 13:00:00,0.051983658,0.5906723827691244
566,2018-10-24 14:00:00,0.061405875,0.8194956854451633
567,2018-10-24 15:00:00,0.056045353,0.9541027768279885
568,2018-10-24 16:00:00,0.033663724,0.3494276009386925
569,2018-10-24 17:00:00,0.055726938,0.5809665074710434
570,2018-10-24 18:00:00,0.049059525,0.5758449029464004
571,2018-10-24 19:00:00,0.050234444,0.19707836766677023
572,2018-10-24 20:00:00,0.046984609,0.07389439205324355
573,2018-10-24 21:00:00,0.035027795,0.6947410494848014
574,2018-10-24 22:00:00,0.030283501,0.49350439074992536
575,2018-10-24 23:00:00,0.016144073,0.12717921929153686
576,2018-10-25 00:00:00,0.004671834,0.6398828782093342
577,2018-10-25 01:00:00,0.003205143,0.2660695017893274
578,2018-10-25 02:00:00,0.002377867,0.12548209153013257
579,2018-10-25 03:00:00,0.002378752,0.24941024970678638
580,2018-10-25 04:00:00,0.002295155,0.3820838989260765
581,2018-10-25 05:00:00,0.001724732,0.6985638814910845
582,2018-10-25 06:00:00,0.00184383,0.6288774543251939
583,2018-10-25 07:00:00,0.002231679,0.01932184930296632
584,2018-10-25 08:00:00,0.003617884,0.27304168967894327
585,2018-10-25 09:00:00,0.004516306,0.7243708706785061
586,2018-10-25 10:00:00,0.005220301,0.2507488226000659
587,2018-10-25 11:00:00,0.004475546,0.5032366911794662
588,2018-10-25 12:00:00,0.002578712,0.5022065405989337
589,2018-10-25 13:00:00,0.002080508,0.4557283351949595
590,2018-10-25 14:00:00,0.004142538,0.46559360252937865
591,2018-10-25 15:00:00,0.297328293,0.2767324021400447
592,2018-10-25 16:00:00,0.036100037,0.6437540789955963
593,2018-10-25 17:00:00,0.041880447,0.16411079062420963
594,2018-10-25 18:00:00,0.035445053,0.5646717596398385
595,2018-10-25 19:00:00,0.033094823,0.14091376588126037
596,2018-10-25 20:00:00,0.02703478,0.6430581995508486
597,2018-10-25 21:00:00,0.022721956,0.06995054876573348
598,2018-10-25 22:00:00,0.01390746,0.9054582024942524
599,2018-10-25 23:00:00,0.007153803,0.24964538905802702
600,2018-10-26 00:00:00,0.001950939,0.3963084635248296
601,2018-10-26 01:00:00,0.001691464,0.9478671611816645
602,2018-10-26 02:00:00,0.00105903,0.6361433029033867
603,2018-10-26 03:00:00,0.000398498,0.11133829119938032
604,2018-10-26 04:00:00,0.000439489,0.2043426192290254
605,2018-10-26 05:00:00,0.000564251,0.22776188777439998
606,2018-10-26 06:00:00,0.000653346,0.20039757441416628
607,2018-10-26 07:00:00,0.001016725,0.2652498087532319
608,2018-10-26 08:00:00,0.000817284,0.11255907361010109
609,2018-10-26 09:00:00,0.000804768,0.9534546074068683
610,2018-10-26 10:00:00,0.000679882,0.9510176283718478
611,2018-10-26 11:00:00,0.001058412,0.2722023153659203
612,2018-10-26 12:00:00,0.001301854,0.20746892963000474
613,2018-10-26 13:00:00,0.001762576,0.19677042964863023
614,2018-10-26 14:00:00,0.001774768,0.24323199496051262
615,2018-10-26 15:00:00,0.002203799,0.1316959851392584
616,2018-10-26 16:00:00,0.00156816,0.6257310395942149
617,2018-10-26 17:00:00,0.001724471,0.19848620985066134
618,2018-10-26 18:00:00,0.002227107,0.914200082888678
619,2018-10-26 19:00:00,0.002478791,0.5237771217296829
620,2018-10-26 20:00:00,0.002144047,0.8692232692972345
621,2018-10-26 21:00:00,0.001469805,0.8625092431950568
622,2018-10-26 22:00:00,0.000825897,0.630425984588285
623,2018-10-26 23:00:00,0.000601137,0.04026653967333149
624,2018-10-27 00:00:00,0.000153257,0.4506054247095448
625,2018-10-27 01:00:00,8.0857e-05,0.3550725353056644
626,2018-10-27 02:00:00,8.8847e-05,0.026858513664912875
627,2018-10-27 03:00:00,2.9059e-05,0.9937115229801547
628,2018-10-27 04:00:00,2.6504e-05,0.3278065005742836
629,2018-10-27 05:00:00,2.9812e-05,0.8786672100357319
630,2018-10-27 06:00:00,4.9344e-05,0.21431196584000622
631,2018-10-27 07:00:00,4.6004e-05,0.4617020900570471
632,2018-10-27 08:00:00,3.2452e-05,0.8286736526207593
633,2018-10-27 09:00:00,2.1125e-05,0.3534525865337379
634,2018-10-27 10:00:00,1.6071e-05,0.46653049395751667
635,2018-10-27 11:00:00,2.4539e-05,0.6338434994498922
636,2018-10-27 12:00:00,2.7694e-05,0.3560824359485697
637,2018-10-27 13:00:00,3.0207e-05,0.33294774910794134
638,2018-10-27 14:00:00,3.3621e-05,0.8181954870123921
639,2018-10-27 15:00:00,2.9545e-05,0.7098403013956196
640,2018-10-27 16:00:00,8.812e-06,0.11293525622575862
641,2018-10-27 17:00:00,4.0145e-05,0.0629921740290732
642,2018-10-27 18:00:00,5.1532e-05,0.9453984214259773
643,2018-10-27 19:00:00,7.044e-05,0.8138252820502662
644,2018-10-27 20:00:00,5.0196e-05,0.035383390156373706
645,2018-10-27 21:00:00,2.9611e-05,0.39392663615812473
646,2018-10-27 22:00:00,1.7494e-05,0.7810956386462719
647,2018-10-27 23:00:00,7.842e-06,0.4888469561815486
648,2018-10-28 00:00:00,1.698e-06,0.3249714528236849
649,2018-10-28 01:00:00,0.0,0.2960553342831127
650,2018-10-28 02:00:00,0.0,0.5256491093893726
651,2018-10-28 03:00:00,0.0,0.7066844281233311
652,2018-10-28 04:00:00,0.0,0.6822475480118568
653,2018-10-28 05:00:00,2.604e-06,0.6231581598647693
654,2018-10-28 06:00:00,3.337e-06,0.09803676063917643
655,2018-10-28 07:00:00,2.54e-06,0.4051146513564633
656,2018-10-28 08:00:00,2.202e-06,0.7496906776045891
657,2018-10-28 09:00:00,0.001419497,0.8841366957392424
658,2018-10-28 10:00:00,1.417e-06,0.8483336335234708
659,2018-10-28 11:00:00,1.293e-06,0.06088118125562991
660,2018-10-28 12:00:00,6.703e-06,0.6122557029080631
661,2018-10-28 13:00:00,6.714e-06,0.1842488472150755
662,2018-10-28 14:00:00,7.968e-06,0.8406634935625611
663,2018-10-28 15:00:00,5.931e-06,0.9869346201409399
664,2018-10-28 16:00:00,2.187e-06,0.8541780774842868
665,2018-10-28 17:00:00,1.2025e-05,0.1975720629099843
666,2018-10-28 18:00:00,1.8915e-05,0.21905379320789575
667,2018-10-28 19:00:00,2.3099e-05,0.28612141151188
668,2018-10-28 20:00:00,1.6664e-05,0.7792069106681
669,2018-10-28 21:00:00,1.0566e-05,0.08057387602419919
670,2018-10-28 22:00:00,5.973e-06,0.5898399243478305
671,2018-10-28 23:00:00,2.95e-06,0.6776023324251039
672,2018-10-29 00:00:00,0.0,0.9849020685545347
673,2018-10-29 01:00:00,0.0,0.9586910923840029
674,2018-10-29 02:00:00,0.0,0.6933413435633758
675,2018-10-29 03:00:00,0.0,0.04430928869110162
676,2018-10-29 04:00:00,0.0,0.31912235725906113
677,2018-10-29 05:00:00,0.0,0.3223094343625339
678,2018-10-29 06:00:00,0.0,0.21920352040592994
679,2018-10-29 07:00:00,1.709e-06,0.7452777848936359
680,2018-10-29 08:00:00,1.494e-06,0.725171129963184
681,2018-10-29 09:00:00,1.795e-06,0.12851691958240286
682,2018-10-29 10:00:00,1.917e-06,0.39976990740702634
683,2018-10-29 11:00:00,2.316e-06,0.6177020152086286
684,2018-10-29 12:00:00,2.428e-06,0.07044154892598231
685,2018-10-29 13:00:00,2.196e-06,0.031030214238890963
686,2018-10-29 14:00:00,3.202e-06,0.3053584088039668
687,2018-10-29 15:00:00,4.111e-06,0.4349836795831341
688,2018-10-29 16:00:00,4.24e-06,0.08577659546709027
689,2018-10-29 17:00:00,5.796e-06,0.005608366658331532
690,2018-10-29 18:00:00,5.566e-06,0.5643180843310913
691,2018-10-29 19:00:00,4.629e-06,0.2910198890141258
692,2018-10-29 20:00:00,3.582e-06,0.7747139271970892
693,2018-10-29 21:00:00,2.248e-06,0.8093720953389542
694,2018-10-29 22:00:00,1.269e-06,0.028816011202672298
695,2018-10-29 23:00:00,0.0,0.37321607238177723
696,2018-10-30 00:00:00,0.0,0.4886861312101496
697,2018-10-30 01:00:00,0.0,0.9066481894338724
698,2018-10-30 02:00:00,0.0,0.22079308873090364
699,2018-10-30 03:00:00,0.0,0.10011525846260705
700,2018-10-30 04:00:00,0.0,0.0688444078195547
701,2018-10-30 05:00:00,0.0,0.1204881560066029
702,2018-10-30 06:00:00,0.0,0.6139493834730806
703,2018-10-30 07:00:00,0.0,0.16851306366144692
704,2018-10-30 08:00:00,0.0,0.29001138498544565
705,2018-10-30 09:00:00,0.0,0.9021063257095165
706,2018-10-30 10:00:00,0.0,0.010386336794929285
707,2018-10-30 11:00:00,0.0,0.03038008290427252
708,2018-10-30 12:00:00,0.0,0.7296691417090456
709,2018-10-30 13:00:00,0.0,0.16894136948942462
710,2018-10-30 14:00:00,0.0,0.4295044910709708
711,2018-10-30 15:00:00,0.0,0.5470119257381665
712,2018-10-30 16:00:00,0.0,0.025383513799120516
713,2018-10-30 17:00:00,0.0,0.519593492773574
714,2018-10-30 18:00:00,0.0,0.9892171253838274
715,2018-10-30 19:00:00,0.0,0.9843389918434488
716,2018-10-30 20:00:00,0.0,0.07502215519872257
717,2018-10-30 21:00:00,0.0,0.02016329054105781
718,2018-10-30 22:00:00,0.0,0.2580225018184731
719,2018-10-30 23:00:00,0.0,0.2459712558882362
720,2018-10-31 00:00:00,0.13688466,0.3309781599275652
721,2018-10-31 01:00:00,0.009628602,0.6950214554003983
722,2018-10-31 02:00:00,0.101413704,0.8797701195921642
723,2018-10-31 03:00:00,0.147930622,0.5534560478734137
724,2018-10-31 04:00:00,0.022500359,0.6609739440151396
725,2018-10-31 05:00:00,0.012754463,0.405024447466917
726,2018-10-31 06:00:00,0.010379817,0.44066223517874326
727,2018-10-31 07:00:00,0.009071652,0.7118899951909962
728,2018-10-31 08:00:00,0.25602451,0.48848962378842153
729,2018-10-31 09:00:00,0.249931574,0.499492912282122
730,2018-10-31 10:00:00,0.500147462,0.6826245613300024
731,2018-10-31 11:00:00,0.523531497,0.4470023133394272
732,2018-10-31 12:00:00,0.55030477,0.9727965265316431
733,2018-10-31 13:00:00,1.023878932,0.31850695015087727
734,2018-10-31 14:00:00,1.077980161,0.7254838462559077
735,2018-10-31 15:00:00,1.225534081,0.3710425037168066
736,2018-10-31 16:00:00,1.255667448,0.6387027539899173
737,2018-10-31 17:00:00,1.291160822,0.8720017365895539
738,2018-10-31 18:00:00,1.001914382,0.44402200538181735
739,2018-10-31 19:00:00,0.234913081,0.8870602035441482
740,2018-10-31 20:00:00,0.069159925,0.16529640996728923
741,2018-10-31 21:00:00,0.185481802,0.6815692613922755
742,2018-10-31 22:00:00,0.054047268,0.669979657654096
743,2018-10-31 23:00:00,0.068540886,0.2537930491546999
744,2018-11-01 00:00:00,0.078982815,0.4813548611899464
745,2018-11-01 01:00:00,0.057440985,0.4209710758569406
746,2018-11-01 02:00:00,0.02402718,0.8239020882418582
747,2018-11-01 03:00:00,0.007941268,0.7064422477246094
748,2018-11-01 04:00:00,0.010702385,0.5116757917182674
749,2018-11-01 05:00:00,0.007266907,0.9375592877385803
750,2018-11-01 06:00:00,0.006526556,0.9372682967455288
751,2018-11-01 07:00:00,0.01124721,0.5804945371820918
752,2018-11-01 08:00:00,0.011892531,0.5341179708459662
753,2018-11-01 09:00:00,0.010671562,0.532486136569793
754,2018-11-01 10:00:00,0.009982885,0.9209657467593415
755,2018-11-01 11:00:00,0.009801757,0.10503700966831964
756,2018-11-01 12:00:00,0.00852658,0.9419598318207751
757,2018-11-01 13:00:00,0.007535871,0.33271691487969635
758,2018-11-01 14:00:00,0.006434067,0.5897199440884215
759,2018-11-01 15:00:00,0.004898753,0.18471491388770112
760,2018-11-01 16:00:00,0.002536017,0.1221752724721884
761,2018-11-01 17:00:00,0.000648516,0.3918121945652884
762,2018-11-01 18:00:00,0.00037762,0.20570237916644207
763,2018-11-01 19:00:00,0.000268897,0.35124555058934126
764,2018-11-01 20:00:00,0.000194661,0.8178837710873642
765,2018-11-01 21:00:00,0.000137695,0.616398001260763
766,2018-11-01 22:00:00,0.00011012,0.8741836274044347
767,2018-11-01 23:00:00,7.0148e-05,0.5498127910557618
768,2018-11-02 00:00:00,1.2799e-05,0.4010132328072782
769,2018-11-02 01:00:00,4.863e-06,0.7741927146305291
770,2018-11-02 02:00:00,4.824e-06,0.08707241636488938
771,2018-11-02 03:00:00,1.641e-06,0.45194540864276944
772,2018-11-02 04:00:00,1.653e-06,0.7456157662664332
773,2018-11-02 05:00:00,0.0,0.5048011103023695
774,2018-11-02 06:00:00,0.0,0.20632036114419672
775,2018-11-02 07:00:00,0.0,0.024712548549470137
776,2018-11-02 08:00:00,0.0,0.009750903851596826
777,2018-11-02 09:00:00,0.0,0.2652159017078315
778,2018-11-02 10:00:00,0.0,0.828379296192152
779,2018-11-02 11:00:00,0.0,0.29224715369779153
780,2018-11-02 12:00:00,0.0,0.29794976241290716
781,2018-11-02 13:00:00,0.0,0.26990493541926963
782,2018-11-02 14:00:00,0.0,0.43636811675567566
783,2018-11-02 15:00:00,0.0,0.17020705270702663
784,2018-11-02 16:00:00,0.0,0.7834532272424628
785,2018-11-02 17:00:00,0.0,0.5718203470219745
786,2018-11-02 18:00:00,0.0,0.8820841661578671
787,2018-11-02 19:00:00,0.0,0.7698894112798335
788,2018-11-02 20:00:00,0.0,0.028798738376228816
789,2018-11-02 21:00:00,0.0,0.33266777872921427
790,2018-11-02 22:00:00,0.0,0.38121801656354404
791,2018-11-02 23:00:00,0.0,0.4046110570133038
792,2018-11-03 00:00:00,0.0,0.8946077230636487
793,2018-11-03 01:00:00,0.0,0.8012751878777956
794,2018-11-03 02:00:00,0.0,0.8040828612941655
795,2018-11-03 03:00:00,0.0,0.21174052989405068
796,2018-11-03 04:00:00,0.0,0.7358927040925799
797,2018-11-03 05:00:00,0.0,0.9954937173066293
798,2018-11-03 06:00:00,0.005710344,0.380910451390011
799,2018-11-03 07:00:00,0.001076948,0.07733540243402681
800,2018-11-03 08:00:00,0.000719473,0.19935518043610967
801,2018-11-03 09:00:00,0.000672315,0.23215146467418124
802,2018-11-03 10:00:00,0.000457532,0.45051576990117437
803,2018-11-03 11:00:00,1.447316647,0.18009556321937548
804,2018-11-03 12:00:00,1.649730921,0.8845929294271629
805,2018-11-03 13:00:00,1.826185822,0.7495346288311437
806,2018-11-03 14:00:00,1.920005679,0.5140595530241547
807,2018-11-03 15:00:00,1.996261001,0.8283893389625748
808,2018-11-03 16:00:00,2.047167063,0.36161391312285995
809,2018-11-03 17:00:00,2.057691813,0.9504991029432159
810,2018-11-03 18:00:00,2.045857668,0.7437694722894523
811,2018-11-03 19:00:00,2.000983,0.02580826086887067
812,2018-11-03 20:00:00,1.921024561,0.05275888486270186
813,2018-11-03 21:00:00,1.811309576,0.5159785919975819
814,2018-11-03 22:00:00,1.689536572,0.7787951943451854
815,2018-11-03 23:00:00,1.662940145,0.17334412019620937
816,2018-11-04 00:00:00,1.64556694,0.2343760710009557
817,2018-11-04 01:00:00,1.641327977,0.9493301640933832
818,2018-11-04 02:00:00,1.639097095,0.20353856486328525
819,2018-11-04 03:00:00,1.650109053,0.32680513369885256
820,2018-11-04 04:00:00,1.658670068,0.9901192687959431
821,2018-11-04 05:00:00,1.669150829,0.2450230565859871
822,2018-11-04 06:00:00,1.679029584,0.13787202842204627
823,2018-11-04 07:00:00,1.688774109,0.9869159755882787
824,2018-11-04 08:00:00,1.698554039,0.42143446298106824
825,2018-11-04 09:00:00,1.7078619,0.8710941794243926
826,2018-11-04 10:00:00,1.715993404,0.9761295878486689
827,2018-11-04 11:00:00,1.723955035,0.44667596345679783
828,2018-11-04 12:00:00,1.704573274,0.08221800830575043
829,2018-11-04 13:00:00,1.687605739,0.08789048120813381
830,2018-11-04 14:00:00,1.666181922,0.42341370642279075
831,2018-11-04 15:00:00,1.638232946,0.9991800245142366
832,2018-11-04 16:00:00,1.603667974,0.18475423161065596
833,2018-11-04 17:00:00,1.123270035,0.3905712206104489
834,2018-11-04 18:00:00,0.138028264,0.023735077987779407
835,2018-11-04 19:00:00,0.00124056,0.5652351104462535
836,2018-11-04 20:00:00,0.690254211,0.11123695751933849
837,2018-11-04 21:00:00,0.113354765,0.4709643299680384
838,2018-11-04 22:00:00,0.163037166,0.08276801874819728
839,2018-11-04 23:00:00,0.063390128,0.499422817748316
840,2018-11-05 00:00:00,0.023223799,0.42613356368432886
841,2018-11-05 01:00:00,0.014069859,0.3997957076626303
842,2018-11-05 02:00:00,0.008752014,0.6667889572976917
843,2018-11-05 03:00:00,0.006255153,0.7808657110205622
844,2018-11-05 04:00:00,0.006040861,0.9422798939486606
845,2018-11-05 05:00:00,0.006934215,0.6228896165333169
846,2018-11-05 06:00:00,0.005138926,0.6223609151304463
847,2018-11-05 07:00:00,0.69382304,0.8568342473014926
848,2018-11-05 08:00:00,0.748023748,0.4854198286702429
849,2018-11-05 09:00:00,0.791632235,0.7457037395437749
850,2018-11-05 10:00:00,0.815317392,0.23970530356520436
851,2018-11-05 11:00:00,0.824955881,0.7125644513482368
852,2018-11-05 12:00:00,0.829593003,0.49061370439254537
853,2018-11-05 13:00:00,0.840377092,0.029880709512094428
854,2018-11-05 14:00:00,0.857198298,0.2058463331283037
855,2018-11-05 15:00:00,0.863071322,0.4272927764756671
856,2018-11-05 16:00:00,0.852323771,0.4464983115216973
857,2018-11-05 17:00:00,0.821959317,0.953881525604186
858,2018-11-05 18:00:00,0.775944352,0.9719548564119304
859,2018-11-05 19:00:00,0.37330091,0.1722475941088213
860,2018-11-05 20:00:00,0.018376486,0.3490576562130734
861,2018-11-05 21:00:00,0.014479651,0.0797177756612466
862,2018-11-05 22:00:00,0.007346808,0.6085795387128798
863,2018-11-05 23:00:00,0.004512183,0.5211153749338265
864,2018-11-06 00:00:00,0.001186003,0.012663248367990265
865,2018-11-06 01:00:00,0.000937581,0.46370190897874397
866,2018-11-06 02:00:00,0.000807145,0.5994600054191916
867,2018-11-06 03:00:00,0.000629329,0.41132577956768746
868,2018-11-06 04:00:00,0.00041652,0.3771791075819969
869,2018-11-06 05:00:00,0.000375904,0.21941402217449846
870,2018-11-06 06:00:00,0.000403763,0.5055440363956751
871,2018-11-06 07:00:00,0.000317189,0.9321705832070745
872,2018-11-06 08:00:00,0.000331106,0.8755379958799845
873,2018-11-06 09:00:00,0.000256224,0.8714153841492565
874,2018-11-06 10:00:00,0.000202582,0.7924028294196609
875,2018-11-06 11:00:00,0.000195275,0.8047097696042665
876,2018-11-06 12:00:00,0.000151351,0.40593683929461266
877,2018-11-06 13:00:00,0.000108794,0.5629354793013758
878,2018-11-06 14:00:00,8.5318e-05,0.7951195767931417
879,2018-11-06 15:00:00,6.0314e-05,0.3312201060957275
880,2018-11-06 16:00:00,4.7909e-05,0.5834182187069249
881,2018-11-06 17:00:00,3.206e-05,0.6483544476365738
882,2018-11-06 18:00:00,1.4465e-05,0.3559541322501226
883,2018-11-06 19:00:00,1.3427e-05,0.05306029555426428
884,2018-11-06 20:00:00,1.2263e-05,0.44396736609027854
885,2018-11-06 21:00:00,1.0313e-05,0.4556254282369625
886,2018-11-06 22:00:00,6.692e-06,0.3779988150517398
887,2018-11-06 23:00:00,3.286e-06,0.1720160814384616
888,2018-11-07 00:00:00,0.0,0.19731198998396182
889,2018-11-07 01:00:00,0.0,0.4017806997978921
890,2018-11-07 02:00:00,0.0,0.8634347035485084
891,2018-11-07 03:00:00,0.0,0.8365019769444685
892,2018-11-07 04:00:00,0.0,0.9026744440888657
893,2018-11-07 05:00:00,0.0,0.31082358325689596
894,2018-11-07 06:00:00,0.0,0.9603540525731391
895,2018-11-07 07:00:00,0.0,0.8928481555275379
896,2018-11-07 08:00:00,0.0,0.453014417734216
897,2018-11-07 09:00:00,0.0,0.8745301592718545
898,2018-11-07 10:00:00,0.0,0.5487897739853678
899,2018-11-07 11:00:00,0.0,0.5061604241274938
900,2018-11-07 12:00:00,0.0,0.7326525055115762
901,2018-11-07 13:00:00,0.0,0.9618754404434999
902,2018-11-07 14:00:00,0.0,0.42561473254515536
903,2018-11-07 15:00:00,0.0,0.6301106002937381
904,2018-11-07 16:00:00,0.0,0.8456320588143443
905,2018-11-07 17:00:00,0.0,0.5807315927694614
906,2018-11-07 18:00:00,0.0,0.5730205120049018
907,2018-11-07 19:00:00,0.0,0.8835585404266897
908,2018-11-07 20:00:00,0.0,0.9252964620393246
909,2018-11-07 21:00:00,0.0,0.8908852928460269
910,2018-11-07 22:00:00,0.0,0.496156602859673
911,2018-11-07 23:00:00,0.0,0.831173843829696
912,2018-11-08 00:00:00,0.0,0.07199177194446271
913,2018-11-08 01:00:00,0.0,0.41603088977451197
914,2018-11-08 02:00:00,0.0,0.7732211634934479
915,2018-11-08 03:00:00,0.0,0.3615487425007289
916,2018-11-08 04:00:00,0.0,0.9825398251830633
917,2018-11-08 05:00:00,0.0,0.341127996839376
918,2018-11-08 06:00:00,0.0,0.8962796095336896
919,2018-11-08 07:00:00,0.0,0.5574955234972295
920,2018-11-08 08:00:00,0.0,0.17329851734726676
921,2018-11-08 09:00:00,0.0,0.33222431712029865
922,2018-11-08 10:00:00,0.0,0.2455501937974296
923,2018-11-08 11:00:00,0.0,0.45763248689785496
924,2018-11-08 12:00:00,0.0,0.054728179375099995
925,2018-11-08 13:00:00,0.0,0.8112349425496873
926,2018-11-08 14:00:00,0.0,0.7342925496717678
927,2018-11-08 15:00:00,0.0,0.22181743488387762
928,2018-11-08 16:00:00,0.0,0.19806904407703563
929,2018-11-08 17:00:00,0.0,0.7614550449137254
930,2018-11-08 18:00:00,0.0,0.49780357906635664
931,2018-11-08 19:00:00,0.0,0.7603246155008253
932,2018-11-08 20:00:00,0.0,0.2151527897627663
933,2018-11-08 21:00:00,0.0,0.5228942324927716
934,2018-11-08 22:00:00,0.0,0.05010824953304294
935,2018-11-08 23:00:00,0.0,0.22689657923523276
936,2018-11-09 00:00:00,0.0,0.4470138327191906
937,2018-11-09 01:00:00,0.0,0.014165251563463044
938,2018-11-09 02:00:00,0.0,0.2716469266392334
939,2018-11-09 03:00:00,0.0,0.948276351363893
940,2018-11-09 04:00:00,0.0,0.048785812958502706
941,2018-11-09 05:00:00,0.0,0.4732655537230861
942,2018-11-09 06:00:00,0.0,0.5884086222108549
943,2018-11-09 07:00:00,0.0,0.7349497382641121
944,2018-11-09 08:00:00,0.0,0.3307742659133541
945,2018-11-09 09:00:00,0.0,0.48486728109241073
946,2018-11-09 10:00:00,0.0,0.46114019245853033
947,2018-11-09 11:00:00,0.0,0.13581798779398757
948,2018-11-09 12:00:00,0.0,0.6333432859940534
949,2018-11-09 13:00:00,0.0,0.7220229523019968
950,2018-11-09 14:00:00,0.0,0.23890748250566762
951,2018-11-09 15:00:00,0.0,0.2680500272697509
952,2018-11-09 16:00:00,0.0,0.8681621100432211
953,2018-11-09 17:00:00,0.0,0.7472273376457045
954,2018-11-09 18:00:00,0.0,0.4581124422018743
955,2018-11-09 19:00:00,0.0,0.9411474753335615
956,2018-11-09 20:00:00,0.0,0.6750530065570168
957,2018-11-09 21:00:00,0.0,0.1571051043729218
958,2018-11-09 22:00:00,0.0,0.017130053990821792
959,2018-11-09 23:00:00,0.0,0.5399416278083158
960,2018-11-10 00:00:00,0.0,0.776646061407596
961,2018-11-10 01:00:00,0.0,0.5112484169570197
962,2018-11-10 02:00:00,0.0,0.2907459318746457
963,2018-11-10 03:00:00,0.0,0.4398722644925882
964,2018-11-10 04:00:00,0.0,0.7753428761718465
965,2018-11-10 05:00:00,0.0,0.7902024844182576
966,2018-11-10 06:00:00,0.0,0.986019118004256
967,2018-11-10 07:00:00,0.0,0.7898381665600058
968,2018-11-10 08:00:00,0.0,0.19457255896957537
969,2018-11-10 09:00:00,0.0,0.8048609984587868
970,2018-11-10 10:00:00,0.0,0.9920942468338688
971,2018-11-10 11:00:00,0.0,0.2454142604884496
972,2018-11-10 12:00:00,0.0,0.8605285346126802
973,2018-11-10 13:00:00,0.0,0.8011689061629383
974,2018-11-10 14:00:00,0.0,0.7120246821746494
975,2018-11-10 15:00:00,0.0,0.4219308455704325
976,2018-11-10 16:00:00,0.0,0.8673262684350892
977,2018-11-10 17:00:00,0.0,0.972764612239074
978,2018-11-10 18:00:00,0.0,0.021568654915280372
979,2018-11-10 19:00:00,0.0,0.514957223495172
980,2018-11-10 20:00:00,0.0,0.0750584885492448
981,2018-11-10 21:00:00,0.0,0.5951367639606698
982,2018-11-10 22:00:00,0.0,0.8136363581283649
983,2018-11-10 23:00:00,0.0,0.35128235794362306
984,2018-11-11 00:00:00,0.0,0.5169761050348246
985,2018-11-11 01:00:00,0.0,0.3277415905868759
986,2018-11-11 02:00:00,0.0,0.7046966464637214
987,2018-11-11 03:00:00,0.0,0.9561276474029321
988,2018-11-11 04:00:00,0.0,0.130912173725933
989,2018-11-11 05:00:00,0.0,0.45715842256725037
990,2018-11-11 06:00:00,0.0,0.029813296415746038
991,2018-11-11 07:00:00,0.0,0.22323660123565625
992,2018-11-11 08:00:00,0.0,0.09555292721653397
993,2018-11-11 09:00:00,0.0,0.9407509802341418
994,2018-11-11 10:00:00,0.0,0.15643559511090321
995,2018-11-11 11:00:00,0.0,0.578472742917285
996,2018-11-11 12:00:00,0.0,0.6584610885693308
997,2018-11-11 13:00:00,0.0,0.8982098104610466
998,2018-11-11 14:00:00,0.0,0.9729997668961656
999,2018-11-11 15:00:00,0.0,0.8555122780586224
1000,2018-11-11 16:00:00,0.0,0.779769410116291
1001,2018-11-11 17:00:00,0.0,0.5268206231316178
1002,2018-11-11 18:00:00,0.0,0.022200363048966665
1003,2018-11-11 19:00:00,0.0,0.03872419534658089
1004,2018-11-11 20:00:00,0.0,0.7222852039080971
1005,2018-11-11 21:00:00,0.0,0.10278473347262429
1006,2018-11-11 22:00:00,0.0,0.904489215712917
1007,2018-11-11 23:00:00,0.0,0.6607201769030333
1008,2018-11-12 00:00:00,0.0,0.9807981751504558
1009,2018-11-12 01:00:00,0.0,0.6303009472776856
1010,2018-11-12 02:00:00,0.0,0.09034982899755828
1011,2018-11-12 03:00:00,0.0,0.5773628310769106
1012,2018-11-12 04:00:00,0.0,0.31573507545991575
1013,2018-11-12 05:00:00,0.0,0.4455514239232541
1014,2018-11-12 06:00:00,0.0,0.21447570659466253
1015,2018-11-12 07:00:00,0.0,0.7181820746904588
1016,2018-11-12 08:00:00,0.0,0.613725565095321
1017,2018-11-12 09:00:00,0.0,0.5438117254034603
1018,2018-11-12 10:00:00,0.0,0.7144249586807148
1019,2018-11-12 11:00:00,0.0,0.7590619876771528
1020,2018-11-12 12:00:00,0.0,0.4294923924902907
1021,2018-11-12 13:00:00,0.0,0.3804211455635743
1022,2018-11-12 14:00:00,0.0,0.5072177441164148
1023,2018-11-12 15:00:00,0.0,0.8205288217686136
1024,2018-11-12 16:00:00,0.0,0.35253905130340757
1025,2018-11-12 17:00:00,0.0,0.5661601738527924
1026,2018-11-12 18:00:00,0.0,0.5070197591220891
1027,2018-11-12 19:00:00,0.0,0.5442367438526711
1028,2018-11-12 20:00:00,0.0,0.03634312238010984
1029,2018-11-12 21:00:00,0.0,0.7040334324078751
1030,2018-11-12 22:00:00,0.0,0.6007223552018792
1031,2018-11-12 23:00:00,0.0,0.3193633105771082
1032,2018-11-13 00:00:00,0.0,0.8186425456930149
1033,2018-11-13 01:00:00,0.0,0.6160838638507253
1034,2018-11-13 02:00:00,0.0,0.3587440146135449
1035,2018-11-13 03:00:00,0.0,0.1795611588411571
1036,2018-11-13 04:00:00,0.0,0.2766216909388064
1037,2018-11-13 05:00:00,0.0,0.010639102354011443
1038,2018-11-13 06:00:00,0.0,0.07462546934476166
1039,2018-11-13 07:00:00,0.0,0.5309473809290614
1040,2018-11-13 08:00:00,0.0,0.22862630931875683
1041,2018-11-13 09:00:00,0.0,0.7975341911898893
1042,2018-11-13 10:00:00,0.0,0.25103059027707886
1043,2018-11-13 11:00:00,0.0,0.918989959002499
1044,2018-11-13 12:00:00,0.0,0.5436873876881123
1045,2018-11-13 13:00:00,0.0,0.7991687032080608
1046,2018-11-13 14:00:00,0.0,0.23057699971678702
1047,2018-11-13 15:00:00,0.0,0.48581705776201545
1048,2018-11-13 16:00:00,0.0,0.4217876199992626
1049,2018-11-13 17:00:00,0.0,0.2088796627031413
1050,2018-11-13 18:00:00,0.0,0.6080904150113018
1051,2018-11-13 19:00:00,0.0,0.6783833871749627
1052,2018-11-13 20:00:00,0.0,0.15713984004615933
1053,2018-11-13 21:00:00,0.0,0.6530347277126319
1054,2018-11-13 22:00:00,0.0,0.09378288813018765
1055,2018-11-13 23:00:00,0.0,0.4108176213132124
1056,2018-11-14 00:00:00,0.0,0.2381026653743885
1057,2018-11-14 01:00:00,0.0,0.38574662003448046
1058,2018-11-14 02:00:00,0.0,0.903812782768486
1059,2018-11-14 03:00:00,0.0,0.5892365768978242
1060,2018-11-14 04:00:00,0.0,0.943243062830566
1061,2018-11-14 05:00:00,0.0,0.9240571145383967
1062,2018-11-14 06:00:00,0.0,0.3208773542026432
1063,2018-11-14 07:00:00,0.0,0.9081788826772492
1064,2018-11-14 08:00:00,0.0,0.675668559744011
1065,2018-11-14 09:00:00,0.0,0.1424469548858791
1066,2018-11-14 10:00:00,0.0,0.19530728887198734
1067,2018-11-14 11:00:00,0.0,0.24188735475746626
1068,2018-11-14 12:00:00,0.0,0.6255046845830474
1069,2018-11-14 13:00:00,0.0,0.7237232312112158
1070,2018-11-14 14:00:00,0.0,0.518974541124521
1071,2018-11-14 15:00:00,0.0,0.9353088484462471
1072,2018-11-14 16:00:00,0.0,0.069126532314564
1073,2018-11-14 17:00:00,0.0,0.5755925083496857
1074,2018-11-14 18:00:00,0.0,0.6764593780481347
1075,2018-11-14 19:00:00,0.0,0.8330198615906291
1076,2018-11-14 20:00:00,0.0,0.2605885633374726
1077,2018-11-14 21:00:00,0.0,0.5497795204067704
1078,2018-11-14 22:00:00,0.0,0.9612218609903455
1079,2018-11-14 23:00:00,0.0,0.8775268859041185
1080,2018-11-15 00:00:00,0.0,0.14493785629838796
1081,2018-11-15 01:00:00,0.0,0.9609590811068036
1082,2018-11-15 02:00:00,0.0,0.655396113824323
1083,2018-11-15 03:00:00,0.0,0.9664368228032759
1084,2018-11-15 04:00:00,0.0,0.37359027284893986
1085,2018-11-15 05:00:00,0.0,0.9773201682671702
1086,2018-11-15 06:00:00,0.0,0.5192207680629163
1087,2018-11-15 07:00:00,0.0,0.10133592548891523
1088,2018-11-15 08:00:00,0.0,0.48883391921845154
1089,2018-11-15 09:00:00,0.0,0.4747902388914884
1090,2018-11-15 10:00:00,0.0,0.06648728533969106
1091,2018-11-15 11:00:00,0.0,0.412691235464708
1092,2018-11-15 12:00:00,0.0,0.7635024098228493
1093,2018-11-15 13:00:00,0.0,0.4128621961405461
1094,2018-11-15 14:00:00,0.0,0.2840519168475415
1095,2018-11-15 15:00:00,0.0,0.04414939020644615
1096,2018-11-15 16:00:00,0.0,0.10234298837504874
1097,2018-11-15 17:00:00,0.0,0.7328121167088772
1098,2018-11-15 18:00:00,0.0,0.9125833301592354
1099,2018-11-15 19:00:00,0.0,0.5974411453599796
1100,2018-11-15 20:00:00,0.0,0.44888026346521104
1101,2018-11-15 21:00:00,0.0,0.11992608560045726
1102,2018-11-15 22:00:00,0.0,0.908476599561117
1103,2018-11-15 23:00:00,0.0,0.8046563412699794
1104,2018-11-16 00:00:00,0.0,0.9240623845929141
1105,2018-11-16 01:00:00,0.0,0.7216532610018349
1106,2018-11-16 02:00:00,0.0,0.0016219577372474925
1107,2018-11-16 03:00:00,0.0,0.07804213309326669
1108,2018-11-16 04:00:00,0.0,0.21803821754775998
1109,2018-11-16 05:00:00,0.0,0.9265615202204366
1110,2018-11-16 06:00:00,0.0,0.9183786442327844
1111,2018-11-16 07:00:00,0.0,0.777686200852806
1112,2018-11-16 08:00:00,0.0,0.3085789937261514
1113,2018-11-16 09:00:00,0.0,0.14411045616290152
1114,2018-11-16 10:00:00,0.0,0.47613491736675184
1115,2018-11-16 11:00:00,0.0,0.8672065928166545
1116,2018-11-16 12:00:00,0.0,0.4512867087053566
1117,2018-11-16 13:00:00,0.0,0.3577684317365202
1118,2018-11-16 14:00:00,0.0,0.8524895447604651
1119,2018-11-16 15:00:00,0.0,0.16271181561962933
1120,2018-11-16 16:00:00,0.0,0.6248415106646085
1121,2018-11-16 17:00:00,0.0,0.9771070659611873
1122,2018-11-16 18:00:00,0.0,0.5191642913377166
1123,2018-11-16 19:00:00,0.0,0.14787189749402085
1124,2018-11-16 20:00:00,0.0,0.41379405357519716
1125,2018-11-16 21:00:00,0.0,0.23032911704915127
1126,2018-11-16 22:00:00,0.0,0.91330023330448
1127,2018-11-16 23:00:00,0.0,0.8338502668223373
1128,2018-11-17 00:00:00,0.0,0.4026797177911926
1129,2018-11-17 01:00:00,0.0,0.8870309100845997
1130,2018-11-17 02:00:00,0.0,0.8605019378337805
1131,2018-11-17 03:00:00,0.0,0.7805584928764656
1132,2018-11-17 04:00:00,0.0,0.706818404931625
1133,2018-11-17 05:00:00,0.0,0.7151124651280758
1134,2018-11-17 06:00:00,0.0,0.8089653086290925
1135,2018-11-17 07:00:00,0.0,0.39979523368722136
1136,2018-11-17 08:00:00,0.0,0.47009365308405526
1137,2018-11-17 09:00:00,0.0,0.1357375800307573
1138,2018-11-17 10:00:00,0.0,0.8536580886398912
1139,2018-11-17 11:00:00,0.0,0.6515490767578885
1140,2018-11-17 12:00:00,0.0,0.08938135234618205
1141,2018-11-17 13:00:00,0.0,0.8513038774993049
1142,2018-11-17 14:00:00,0.0,0.11553977901068646
1143,2018-11-17 15:00:00,0.0,0.36546676728006255
1144,2018-11-17 16:00:00,0.0,0.761398579894881
1145,2018-11-17 17:00:00,0.0,0.5601800936417634
1146,2018-11-17 18:00:00,0.0,0.640662931715566
1147,2018-11-17 19:00:00,0.0,0.6176803658886648
1148,2018-11-17 20:00:00,0.0,0.37059655140158454
1149,2018-11-17 21:00:00,0.0,0.1645141790119249
1150,2018-11-17 22:00:00,0.0,0.7888122101844139
1151,2018-11-17 23:00:00,0.0,0.3723532402037285
1152,2018-11-18 00:00:00,0.0,0.4359715435656255
1153,2018-11-18 01:00:00,0.0,0.6218188259101552
1154,2018-11-18 02:00:00,0.0,0.760785141639641
1155,2018-11-18 03:00:00,0.0,0.2678360639938029
1156,2018-11-18 04:00:00,0.0,0.8590826967783917
1157,2018-11-18 05:00:00,0.0,0.625697965472759
1158,2018-11-18 06:00:00,0.0,0.6286794722189423
1159,2018-11-18 07:00:00,0.0,0.8784400763373619
1160,2018-11-18 08:00:00,0.0,0.2421846015046467
1161,2018-11-18 09:00:00,0.0,0.9635551447755732
1162,2018-11-18 10:00:00,0.0,0.309854214623722
1163,2018-11-18 11:00:00,0.0,0.25111730492383366
1164,2018-11-18 12:00:00,0.0,0.8143989527323365
1165,2018-11-18 13:00:00,0.0,0.9821017995197792
1166,2018-11-18 14:00:00,0.0,0.8687524737182651
1167,2018-11-18 15:00:00,0.0,0.46634285707919565
1168,2018-11-18 16:00:00,0.0,0.20705272973428357
1169,2018-11-18 17:00:00,0.0,0.8562266768398737
1170,2018-11-18 18:00:00,0.0,0.6576101308911912
1171,2018-11-18 19:00:00,0.0,0.07265695783304738
1172,2018-11-18 20:00:00,0.0,0.1577138619514188
1173,2018-11-18 21:00:00,0.0,0.16723925541868812
1174,2018-11-18 22:00:00,0.0,0.95274787825101
1175,2018-11-18 23:00:00,0.0,0.8552819150251153
1176,2018-11-19 00:00:00,0.0,0.5822424847446176
1177,2018-11-19 01:00:00,0.0,0.09470534522549345
1178,2018-11-19 02:00:00,0.0,0.6977718932014848
1179,2018-11-19 03:00:00,0.0,0.24570569393946018
1180,2018-11-19 04:00:00,0.0,0.7734745492939002
1181,2018-11-19 05:00:00,0.0,0.6139703165274717
1182,2018-11-19 06:00:00,0.0,0.6880433085341738
1183,2018-11-19 07:00:00,0.0,0.7548094423332403
1184,2018-11-19 08:00:00,0.0,0.8151180672016817
1185,2018-11-19 09:00:00,0.0,0.3913634247308704
1186,2018-11-19 10:00:00,0.0,0.5713998723161535
1187,2018-11-19 11:00:00,0.0,0.6745976054355265
1188,2018-11-19 12:00:00,0.0,0.7420445041778314
1189,2018-11-19 13:00:00,0.0,0.7194777331618173
1190,2018-11-19 14:00:00,0.0,0.6677606967483536
1191,2018-11-19 15:00:00,0.0,0.368368214137728
1192,2018-11-19 16:00:00,0.0,0.3817787480660909
1193,2018-11-19 17:00:00,0.0,0.7147458171273273
1194,2018-11-19 18:00:00,0.0,0.5828850973429562
1195,2018-11-19 19:00:00,0.0,0.5574278715116815
1196,2018-11-19 20:00:00,0.0,0.49783020631752595
1197,2018-11-19 21:00:00,0.0,0.16076665736232632
1198,2018-11-19 22:00:00,0.0,0.1332822003188705
1199,2018-11-19 23:00:00,0.0,0.8350542687452926
1200,2018-11-20 00:00:00,0.0,0.17431063374584999
1201,2018-11-20 01:00:00,0.0,0.07649970335095724
1202,2018-11-20 02:00:00,0.0,0.9724390321372316
1203,2018-11-20 03:00:00,0.0,0.40142324669581386
1204,2018-11-20 04:00:00,0.0,0.2981600516798487
1205,2018-11-20 05:00:00,0.0,0.4777115578948594
1206,2018-11-20 06:00:00,0.0,0.9830091573761439
1207,2018-11-20 07:00:00,0.0,0.12870118045239276
1208,2018-11-20 08:00:00,0.0,0.8196286753890456
1209,2018-11-20 09:00:00,0.0,0.6973515494020286
1210,2018-11-20 10:00:00,0.0,0.5587478155881315
1211,2018-11-20 11:00:00,0.0,0.9772550758632605
1212,2018-11-20 12:00:00,0.0,0.07350103161534172
1213,2018-11-20 13:00:00,0.0,0.6613308451155759
1214,2018-11-20 14:00:00,0.0,0.6145397223320417
1215,2018-11-20 15:00:00,0.0,0.8168337866899257
1216,2018-11-20 16:00:00,0.0,0.9521253189406743
1217,2018-11-20 17:00:00,0.0,0.7110240088766274
1218,2018-11-20 18:00:00,0.0,0.7558837292203923
1219,2018-11-20 19:00:00,0.0,0.45193468660444036
1220,2018-11-20 20:00:00,0.0,0.6496638332128611
1221,2018-11-20 21:00:00,0.0,0.20140326560058464
1222,2018-11-20 22:00:00,0.0,0.720496947350396
1223,2018-11-20 23:00:00,0.0,0.9887847709005995
1224,2018-11-21 00:00:00,0.0,0.3907277407831541
1225,2018-11-21 01:00:00,0.0,0.22671371124049977
1226,2018-11-21 02:00:00,0.0,0.3536684560742265
1227,2018-11-21 03:00:00,0.0,0.5089125558459874
1228,2018-11-21 04:00:00,0.0,0.9861233955325477
1229,2018-11-21 05:00:00,0.0,0.7748718511787152
1230,2018-11-21 06:00:00,0.0,0.7752946652773555
1231,2018-11-21 07:00:00,0.0,0.11539344317691247
1232,2018-11-21 08:00:00,0.0,0.09668223936024212
1233,2018-11-21 09:00:00,0.0,0.3361901646792642
1234,2018-11-21 10:00:00,0.0,0.8398013443426098
1235,2018-11-21 11:00:00,0.0,0.24316569389256748
1236,2018-11-21 12:00:00,0.0,0.5225641557135112
1237,2018-11-21 13:00:00,0.0,0.6694954512825007
1238,2018-11-21 14:00:00,0.0,0.49227655727237407
1239,2018-11-21 15:00:00,0.0,0.8906635302124538
1240,2018-11-21 16:00:00,0.0,0.630640894463821
1241,2018-11-21 17:00:00,0.0,0.733628922661339
1242,2018-11-21 18:00:00,0.0,0.16563732286987043
1243,2018-11-21 19:00:00,0.0,0.9323934202476173
1244,2018-11-21 20:00:00,0.0,0.1983189657320652
1245,2018-11-21 21:00:00,0.0,0.8111403213514055
1246,2018-11-21 22:00:00,0.0,0.18569882595223397
1247,2018-11-21 23:00:00,0.0,0.43411690273008463
1248,2018-11-22 00:00:00,0.0,0.9162846130924748
1249,2018-11-22 01:00:00,0.0,0.290583592758648
1250,2018-11-22 02:00:00,0.0,0.3565433921148935
1251,2018-11-22 03:00:00,0.0,0.10381287605450251
1252,2018-11-22 04:00:00,0.0,0.2926780150854462
1253,2018-11-22 05:00:00,0.0,0.6816953339657841
1254,2018-11-22 06:00:00,0.0,0.44265970256565434
1255,2018-11-22 07:00:00,0.0,0.08579479334695705
1256,2018-11-22 08:00:00,0.0,0.6666899214060259
1257,2018-11-22 09:00:00,0.0,0.3000560276833294
1258,2018-11-22 10:00:00,0.0,0.7753648177384661
1259,2018-11-22 11:00:00,0.0,0.5911683394529668
1260,2018-11-22 12:00:00,0.0,0.14710693337858627
1261,2018-11-22 13:00:00,0.0,0.005530343325546472
1262,2018-11-22 14:00:00,0.0,0.47136617385547497
1263,2018-11-22 15:00:00,0.0,0.851204333345136
1264,2018-11-22 16:00:00,0.0,0.906839012956424
1265,2018-11-22 17:00:00,0.0,0.8105077246896806
1266,2018-11-22 18:00:00,0.0,0.26780286209488424
1267,2018-11-22 19:00:00,0.0,0.6227664408642513
1268,2018-11-22 20:00:00,0.0,0.8755026096338134
1269,2018-11-22 21:00:00,0.0,0.25854093553163093
1270,2018-11-22 22:00:00,0.001113213,0.09138292021474903
1271,2018-11-22 23:00:00,0.000244405,0.03964462818401171
1272,2018-11-23 00:00:00,0.054237023,0.1839583069593691
1273,2018-11-23 01:00:00,0.157756776,0.6607409801618584
1274,2018-11-23 02:00:00,0.317768693,0.8206771859707465
1275,2018-11-23 03:00:00,0.389861524,0.10990866235368146
1276,2018-11-23 04:00:00,0.413744658,0.8077945216536991
1277,2018-11-23 05:00:00,0.418051749,0.29801994425616063
1278,2018-11-23 06:00:00,0.420635372,0.4424596812039029
1279,2018-11-23 07:00:00,0.418634474,0.40783565788412723
1280,2018-11-23 08:00:00,0.576021791,0.4657872796129813
1281,2018-11-23 09:00:00,0.64395082,0.6370486929959568
1282,2018-11-23 10:00:00,0.691244721,0.7621202951395747
1283,2018-11-23 11:00:00,0.694971323,0.8234675348097635
1284,2018-11-23 12:00:00,0.727805734,0.21855467772990167
1285,2018-11-23 13:00:00,0.733472109,0.8266701591323365
1286,2018-11-23 14:00:00,0.739099383,0.3394724621502312
1287,2018-11-23 15:00:00,0.746314347,0.6415780569255419
1288,2018-11-23 16:00:00,1.268178344,0.8126199740504884
1289,2018-11-23 17:00:00,3.058120012,0.8628245631277951
1290,2018-11-23 18:00:00,4.160360336,0.1713272629805579
1291,2018-11-23 19:00:00,4.730517864,0.47405568566482226
1292,2018-11-23 20:00:00,5.022587299,0.6647656804890679
1293,2018-11-23 21:00:00,5.284722805,0.8711461092861655
1294,2018-11-23 22:00:00,4.946466923,0.4945005039350332
1295,2018-11-23 23:00:00,5.084192753,0.6754181295340463
1296,2018-11-24 00:00:00,5.099663258,0.818101150146616
1297,2018-11-24 01:00:00,5.114860058,0.6008560950539492
1298,2018-11-24 02:00:00,5.141744614,0.2159371129885429
1299,2018-11-24 03:00:00,5.157859802,0.0009351515146318601
1300,2018-11-24 04:00:00,5.175788403,0.27781061376660177
1301,2018-11-24 05:00:00,5.200582504,0.14901648786769095
1302,2018-11-24 06:00:00,5.224387169,0.3128140234501109
1303,2018-11-24 07:00:00,5.253991604,0.14416226730956705
1304,2018-11-24 08:00:00,5.282163143,0.49043623892009314
1305,2018-11-24 09:00:00,5.314587593,0.22356575918434496
1306,2018-11-24 10:00:00,5.34685564,0.9212212505989738
1307,2018-11-24 11:00:00,5.374764919,0.6381505062658122
1308,2018-11-24 12:00:00,5.395852089,0.8204543513569107
1309,2018-11-24 13:00:00,5.419633865,0.36893994241190475
1310,2018-11-24 14:00:00,5.436398983,0.8284717671174684
1311,2018-11-24 15:00:00,5.447505474,0.6911718131348458
1312,2018-11-24 16:00:00,5.45546627,0.29295256289915783
1313,2018-11-24 17:00:00,5.448698044,0.04079611287848672
1314,2018-11-24 18:00:00,5.413532257,0.9599993481172406
1315,2018-11-24 19:00:00,5.39153862,0.48897617545491256
1316,2018-11-24 20:00:00,5.34211731,0.9544061004534254
1317,2018-11-24 21:00:00,5.287416458,0.10585193393390069
1318,2018-11-24 22:00:00,5.214248657,0.7728556389176368
1319,2018-11-24 23:00:00,5.199519157,0.9523781635019339
1320,2018-11-25 00:00:00,5.176568031,0.5959048971785234
1321,2018-11-25 01:00:00,5.150741577,0.6719125972700758
1322,2018-11-25 02:00:00,5.127668858,0.9651740203750682
1323,2018-11-25 03:00:00,5.107829571,0.9818112255630198
1324,2018-11-25 04:00:00,5.085764408,0.9711168682894429
1325,2018-11-25 05:00:00,5.062195778,0.769641026002754
1326,2018-11-25 06:00:00,5.039929867,0.8102875091964834
1327,2018-11-25 07:00:00,5.021779537,0.3375214764894886
1328,2018-11-25 08:00:00,5.007100582,0.966617920183763
1329,2018-11-25 09:00:00,4.993375301,0.973907537859173
1330,2018-11-25 10:00:00,4.979063511,0.05105161779098122
1331,2018-11-25 11:00:00,4.961537838,0.0796396830300522
1332,2018-11-25 12:00:00,4.946849346,0.6942887381356853
1333,2018-11-25 13:00:00,4.935363293,0.340161142813862
1334,2018-11-25 14:00:00,4.926301003,0.8559686217471887
1335,2018-11-25 15:00:00,4.918210983,0.09820416279501609
1336,2018-11-25 16:00:00,4.897857189,0.4739690128350804
1337,2018-11-25 17:00:00,4.858772755,0.9118357062443959
1338,2018-11-25 18:00:00,4.783939838,0.15537213778658676
1339,2018-11-25 19:00:00,4.666077614,0.48905074694084927
1340,2018-11-25 20:00:00,4.533131123,0.2972173604452433
1341,2018-11-25 21:00:00,4.389404774,0.0007640657662473238
1342,2018-11-25 22:00:00,4.397432327,0.20657451995922793
1343,2018-11-25 23:00:00,4.405056,0.3126824539118779
1344,2018-11-26 00:00:00,4.414059162,0.8121945188732012
1345,2018-11-26 01:00:00,4.419602871,0.2504586543020929
1346,2018-11-26 02:00:00,4.426195621,0.8427064978702672
1347,2018-11-26 03:00:00,4.430395603,0.33488922117138886
1348,2018-11-26 04:00:00,4.431672096,0.6785358119387107
1349,2018-11-26 05:00:00,4.433166027,0.739832860677757
1350,2018-11-26 06:00:00,4.433698177,0.2861282761180749
1351,2018-11-26 07:00:00,4.436032295,0.9567020441914388
1352,2018-11-26 08:00:00,4.43682003,0.0862540867699434
1353,2018-11-26 09:00:00,4.436490059,0.37390053170240634
1354,2018-11-26 10:00:00,4.437142372,0.6013802033019133
1355,2018-11-26 11:00:00,4.437907219,0.9286306523973161
1356,2018-11-26 12:00:00,4.438261509,0.6680575035655192
1357,2018-11-26 13:00:00,4.440011978,0.4425841666285869
1358,2018-11-26 14:00:00,4.441761971,0.6341531243166716
1359,2018-11-26 15:00:00,4.439536095,0.25148977522726434
1360,2018-11-26 16:00:00,4.425760269,0.2438174848237059
1361,2018-11-26 17:00:00,4.394582748,0.8265968626894047
1362,2018-11-26 18:00:00,4.334346771,0.7754259544231495
1363,2018-11-26 19:00:00,4.246092796,0.7252889460019308
1364,2018-11-26 20:00:00,4.124091148,0.5923691223754013
1365,2018-11-26 21:00:00,3.98707056,0.21347050219030794
1366,2018-11-26 22:00:00,3.994218826,0.457037241954081
1367,2018-11-26 23:00:00,3.996232271,0.9904368647039583
1368,2018-11-27 00:00:00,3.996889591,0.3117809014138112
1369,2018-11-27 01:00:00,3.999324083,0.19933743474856735
1370,2018-11-27 02:00:00,3.995471716,0.8520098388763044
1371,2018-11-27 03:00:00,3.994114876,0.12506098209968175
1372,2018-11-27 04:00:00,3.993630171,0.433070823103488
1373,2018-11-27 05:00:00,3.994170904,0.6065194741739158
1374,2018-11-27 06:00:00,3.993621588,0.02628706095459432
1375,2018-11-27 07:00:00,3.993803263,0.41089418704109537
1376,2018-11-27 08:00:00,3.994258881,0.9581247273026838
1377,2018-11-27 09:00:00,3.995313883,0.19647843237994056
1378,2018-11-27 10:00:00,3.995968342,0.20963128995392444
1379,2018-11-27 11:00:00,3.995798349,0.1715943291800024
1380,2018-11-27 12:00:00,3.994047403,0.8222642666080084
1381,2018-11-27 13:00:00,3.995573282,0.5133880034219607
1382,2018-11-27 14:00:00,3.997242689,0.24560013885707566
1383,2018-11-27 15:00:00,3.992719173,0.8082985796367267
1384,2018-11-27 16:00:00,3.97503376,0.9263383336109777
1385,2018-11-27 17:00:00,3.92677331,0.3208375208502048
1386,2018-11-27 18:00:00,3.819304228,0.9582396793622879
1387,2018-11-27 19:00:00,3.691169024,0.1101529604248932
1388,2018-11-27 20:00:00,3.517974377,0.014803259599350804
1389,2018-11-27 21:00:00,3.329262495,0.7449513200766994
1390,2018-11-27 22:00:00,3.306313753,0.724609040065296
1391,2018-11-27 23:00:00,3.280807734,0.716366972434842
1392,2018-11-28 00:00:00,3.284614325,0.5819100144901683
1393,2018-11-28 01:00:00,3.292725801,0.2365565577969695
1394,2018-11-28 02:00:00,3.298011541,0.47612893988374916
1395,2018-11-28 03:00:00,3.305814505,0.7354774269831735
1396,2018-11-28 04:00:00,3.311368942,0.2588383384699571
1397,2018-11-28 05:00:00,3.313633919,0.7502969715601174
1398,2018-11-28 06:00:00,3.30122757,0.46382192794102695
1399,2018-11-28 07:00:00,3.290263891,0.2564959674490568
1400,2018-11-28 08:00:00,3.277850389,0.82921330780667
1401,2018-11-28 09:00:00,3.263361454,0.37497780129819125
1402,2018-11-28 10:00:00,3.24350667,0.5923839087703645
1403,2018-11-28 11:00:00,3.224759102,0.008051703168610147
1404,2018-11-28 12:00:00,3.207292318,0.31100524087526715
1405,2018-11-28 13:00:00,3.193597794,0.42936545575801255
1406,2018-11-28 14:00:00,3.180245876,0.7480318788073788
1407,2018-11-28 15:00:00,3.162522793,0.2609788115485169
1408,2018-11-28 16:00:00,3.134987831,0.2620653586404498
1409,2018-11-28 17:00:00,3.084623575,0.12454158115018676
1410,2018-11-28 18:00:00,2.992242336,0.4387742712369608
1411,2018-11-28 19:00:00,2.867462158,0.2943378760283165
1412,2018-11-28 20:00:00,2.714688063,0.2561266616302086
1413,2018-11-28 21:00:00,2.57610178,0.3846634134583261
1414,2018-11-28 22:00:00,2.540868282,0.25172011402117944
1415,2018-11-28 23:00:00,1.965306759,0.47965310616706924
1416,2018-11-29 00:00:00,1.917287111,0.08965846113493903
1417,2018-11-29 01:00:00,1.881113172,0.3083785026256681
1418,2018-11-29 02:00:00,1.85814178,0.9415431895668535
1419,2018-11-29 03:00:00,1.835393429,0.14818296032362865
1420,2018-11-29 04:00:00,1.813051224,0.8098744276270776
1421,2018-11-29 05:00:00,1.789575815,0.8326295166390585
1422,2018-11-29 06:00:00,1.763977885,0.6785850897953333
1423,2018-11-29 07:00:00,1.744922876,0.6356929960385899
1424,2018-11-29 08:00:00,1.729113936,0.3234299571934992
1425,2018-11-29 09:00:00,1.717530847,0.9906026983268145
1426,2018-11-29 10:00:00,1.705264568,0.4210482595745212
1427,2018-11-29 11:00:00,1.692830086,0.0662494374625483
1428,2018-11-29 12:00:00,1.682973027,0.21155232158719417
1429,2018-11-29 13:00:00,1.68069756,0.10962135502870363
1430,2018-11-29 14:00:00,1.674756169,0.5732935739027699
1431,2018-11-29 15:00:00,1.670272231,0.2298063054051328
1432,2018-11-29 16:00:00,1.661392689,0.273544030737052
1433,2018-11-29 17:00:00,1.641156912,0.3733350044375089
1434,2018-11-29 18:00:00,1.605432391,0.40425969864535727
1435,2018-11-29 19:00:00,1.553480506,0.3245760705667228
1436,2018-11-29 20:00:00,0.807430267,0.8779824030258115
1437,2018-11-29 21:00:00,0.0,0.9748051871111205
1438,2018-11-29 22:00:00,0.0,0.9348178307237592
1439,2018-11-29 23:00:00,0.0,0.9556133361328953
1440,2018-11-30 00:00:00,0.0,0.7831786111281323
1441,2018-11-30 01:00:00,0.0,0.1399393559557648
1442,2018-11-30 02:00:00,0.0,0.8250302056035373
1443,2018-11-30 03:00:00,0.0,0.3559384237438106
1444,2018-11-30 04:00:00,0.0,0.45593997439286305
1445,2018-11-30 05:00:00,0.0,0.21041645300270673
1446,2018-11-30 06:00:00,0.0,0.7765190248053125
1447,2018-11-30 07:00:00,0.0,0.9760072560227219
1448,2018-11-30 08:00:00,0.0,0.7986335883408382
1449,2018-11-30 09:00:00,0.0,0.2580792986013455
1450,2018-11-30 10:00:00,0.0,0.9621194787447638
1451,2018-11-30 11:00:00,0.0,0.7337240685133325
1452,2018-11-30 12:00:00,0.0,0.7703995846476972
1453,2018-11-30 13:00:00,0.0,0.3999246801016312
1454,2018-11-30 14:00:00,0.354651481,0.92778080276242
1455,2018-11-30 15:00:00,0.398141593,0.4776677996896419
1456,2018-11-30 16:00:00,1.035405397,0.6910035861359941
1457,2018-11-30 17:00:00,1.508018494,0.39452725557140567
1458,2018-11-30 18:00:00,2.129588604,0.547885935725536
1459,2018-11-30 19:00:00,2.650075674,0.11825403798528833
1460,2018-11-30 20:00:00,3.831599236,0.3776444283608684
1461,2018-11-30 21:00:00,4.236859322,0.9254874418550886
1462,2018-11-30 22:00:00,4.533858299,0.3834740171624239
1463,2018-11-30 23:00:00,4.630948067,0.7448160384833226
1464,2018-12-01 00:00:00,4.699674606,0.7028786794792479
1465,2018-12-01 01:00:00,4.744984627,0.6076940053772835
1466,2018-12-01 02:00:00,4.789391518,0.8238446810283249
1467,2018-12-01 03:00:00,4.802098274,0.06847103040954194
1468,2018-12-01 04:00:00,4.834620476,0.64926482000511
1469,2018-12-01 05:00:00,4.850312233,0.5268072540632132
1470,2018-12-01 06:00:00,4.934883118,0.29625252338277275
1471,2018-12-01 07:00:00,5.010296345,0.6415395010484255
1472,2018-12-01 08:00:00,5.036745071,0.8391071193200547
1473,2018-12-01 09:00:00,5.149956226,0.2618429498766911
1474,2018-12-01 10:00:00,5.243896484,0.77010491479358
1475,2018-12-01 11:00:00,5.294075489,0.3896090720221267
1476,2018-12-01 12:00:00,5.317073345,0.3212873919100181
1477,2018-12-01 13:00:00,5.425447464,0.4188305946870676
1478,2018-12-01 14:00:00,5.458629131,0.8393518164890272
1479,2018-12-01 15:00:00,5.603922844,0.41550927918744673
1480,2018-12-01 16:00:00,5.639816284,0.5655242294350062
1481,2018-12-01 17:00:00,5.656208038,0.6349994385886069
1482,2018-12-01 18:00:00,5.651080608,0.3892930806049987
1483,2018-12-01 19:00:00,5.635627747,0.8822725976779286
1484,2018-12-01 20:00:00,5.606511116,0.6889818338473434
1485,2018-12-01 21:00:00,5.684693336,0.9821229587666681
1486,2018-12-01 22:00:00,5.706067085,0.04117664156199119
1487,2018-12-01 23:00:00,5.703503609,0.8941390274100622
1488,2018-12-02 00:00:00,5.705604553,0.5239083327499934
1489,2018-12-02 01:00:00,5.707077503,0.09026314880094022
1490,2018-12-02 02:00:00,5.704626083,0.2080349500823615
1491,2018-12-02 03:00:00,5.700888634,0.7430332863124568
1492,2018-12-02 04:00:00,5.698083878,0.69166290851085
1493,2018-12-02 05:00:00,5.704136372,0.72543356271542
1494,2018-12-02 06:00:00,5.710113525,0.034137913578709655
1495,2018-12-02 07:00:00,5.715872765,0.2631158986342673
1496,2018-12-02 08:00:00,5.720488548,0.5579050289338923
1497,2018-12-02 09:00:00,5.726238251,0.6772199992375036
1498,2018-12-02 10:00:00,5.733287811,0.9904485957828965
1499,2018-12-02 11:00:00,5.738803864,0.28174878429045
1500,2018-12-02 12:00:00,5.743897915,0.3712519272116075
1501,2018-12-02 13:00:00,5.839616776,0.3915021073935955
1502,2018-12-02 14:00:00,5.898651123,0.002709628737242009
1503,2018-12-02 15:00:00,5.954927444,0.06123845646745629
1504,2018-12-02 16:00:00,6.112947464,0.5515382744267133
1505,2018-12-02 17:00:00,6.126608849,0.8030558212079676
1506,2018-12-02 18:00:00,6.118739605,0.7136576305637282
1507,2018-12-02 19:00:00,6.10194397,0.18310025242672157
1508,2018-12-02 20:00:00,6.082846642,0.3297085074628935
1509,2018-12-02 21:00:00,6.85548687,0.4547475196627132
1510,2018-12-02 22:00:00,7.04503727,0.10274390056649751
1511,2018-12-02 23:00:00,7.104789734,0.10673865231714907
1512,2018-12-03 00:00:00,7.158407211,0.6676586217954814
1513,2018-12-03 01:00:00,7.195217133,0.007921623681998113
1514,2018-12-03 02:00:00,7.223384857,0.725133537654287
1515,2018-12-03 03:00:00,7.247475624,0.7417020426499471
1516,2018-12-03 04:00:00,7.277841568,0.018484793062465643
1517,2018-12-03 05:00:00,7.303048611,0.9718905173749368
1518,2018-12-03 06:00:00,7.322924137,0.9245550920617104
1519,2018-12-03 07:00:00,7.337881088,0.3882846057416872
1520,2018-12-03 08:00:00,7.351891994,0.7595351392722112
1521,2018-12-03 09:00:00,7.361698151,0.041775035309823294
1522,2018-12-03 10:00:00,7.374950409,0.9057595994622744
1523,2018-12-03 11:00:00,7.388637543,0.5346683603294285
1524,2018-12-03 12:00:00,7.401968002,0.391427506906462
1525,2018-12-03 13:00:00,7.415185452,0.7782456153525686
1526,2018-12-03 14:00:00,7.428520679,0.32674230022050155
1527,2018-12-03 15:00:00,7.438895702,0.6561145917180904
1528,2018-12-03 16:00:00,7.436609745,0.7637169493540972
1529,2018-12-03 17:00:00,7.417619705,0.9723151281692918
1530,2018-12-03 18:00:00,7.386813164,0.025374346925070568
1531,2018-12-03 19:00:00,7.349991798,0.11662606091093708
1532,2018-12-03 20:00:00,7.300575733,0.6174301361901547
1533,2018-12-03 21:00:00,7.236286163,0.6627991333607473
1534,2018-12-03 22:00:00,7.258989811,0.38117298599927985
1535,2018-12-03 23:00:00,7.267717838,0.8342213591593419
1536,2018-12-04 00:00:00,7.272814274,0.026334632691809357
1537,2018-12-04 01:00:00,7.278973579,0.14200131348985168
1538,2018-12-04 02:00:00,7.287090302,0.9128399829687984
1539,2018-12-04 03:00:00,7.295533657,0.3195846914847418
1540,2018-12-04 04:00:00,7.305456638,0.6979286273973492
1541,2018-12-04 05:00:00,7.314157009,0.17110082472230048
1542,2018-12-04 06:00:00,7.323236465,0.009198244318040616
1543,2018-12-04 07:00:00,7.328941822,0.6620318732469441
1544,2018-12-04 08:00:00,7.336115837,0.6407515871479814
1545,2018-12-04 09:00:00,7.342412472,0.7563494432391821
1546,2018-12-04 10:00:00,7.345421314,0.5440495241940422
1547,2018-12-04 11:00:00,7.341931343,0.30034548373439907
1548,2018-12-04 12:00:00,7.337502956,0.7956504764944187
1549,2018-12-04 13:00:00,7.332284451,0.7026611286728206
1550,2018-12-04 14:00:00,7.324499607,0.7753658512228826
1551,2018-12-04 15:00:00,7.311192989,0.4383826382311171
1552,2018-12-04 16:00:00,7.289824486,0.05412116241729281
1553,2018-12-04 17:00:00,7.257554531,0.5088323730207622
1554,2018-12-04 18:00:00,7.211248398,0.3105158006234784
1555,2018-12-04 19:00:00,7.153553009,0.46202682364441716
1556,2018-12-04 20:00:00,7.076762676,0.9876459772528976
1557,2018-12-04 21:00:00,6.989357948,0.9028499859770639
1558,2018-12-04 22:00:00,6.951339722,0.4676691233819481
1559,2018-12-04 23:00:00,6.912065506,0.043934475723392485
1560,2018-12-05 00:00:00,6.876037598,0.020286659856558087
1561,2018-12-05 01:00:00,6.849949837,0.9365826769063477
1562,2018-12-05 02:00:00,6.838418007,0.22985741383268654
1563,2018-12-05 03:00:00,6.835005283,0.7525015154957196
1564,2018-12-05 04:00:00,6.832906723,0.5975722367406464
1565,2018-12-05 05:00:00,6.832611084,0.17476401860388457
1566,2018-12-05 06:00:00,6.833712578,0.2669875928697686
1567,2018-12-05 07:00:00,6.836864471,0.25785212177404904
1568,2018-12-05 08:00:00,6.841879845,0.7484809693521665
1569,2018-12-05 09:00:00,6.849762917,0.11006999908323112
1570,2018-12-05 10:00:00,6.861388206,0.47966886502928596
1571,2018-12-05 11:00:00,6.874913692,0.2928005008883985
1572,2018-12-05 12:00:00,6.885438919,0.14420863508126625
1573,2018-12-05 13:00:00,6.89289093,0.6955037286752339
1574,2018-12-05 14:00:00,6.898952484,0.26073360221359354
1575,2018-12-05 15:00:00,6.89679718,0.9934501338714827
1576,2018-12-05 16:00:00,6.881354332,0.10091839345514131
1577,2018-12-05 17:00:00,6.841521263,0.5905859232535776
1578,2018-12-05 18:00:00,6.775957584,0.5789027395262355
1579,2018-12-05 19:00:00,8.042593002,0.5506408287793854
1580,2018-12-05 20:00:00,8.174537659,0.4657742272910089
1581,2018-12-05 21:00:00,8.107503891,0.15528659368135456
1582,2018-12-05 22:00:00,8.086286545,0.6447730685508677
1583,2018-12-05 23:00:00,7.978785992,0.681840525521663
1584,2018-12-06 00:00:00,7.892057896,0.5419059891546495
1585,2018-12-06 01:00:00,7.827475071,0.35216717654380103
1586,2018-12-06 02:00:00,7.780247211,0.699956874267563
1587,2018-12-06 03:00:00,7.746013165,0.35423278313972073
1588,2018-12-06 04:00:00,7.720428467,0.2153214967903888
1589,2018-12-06 05:00:00,7.698639393,0.5864244809030117
1590,2018-12-06 06:00:00,7.682362556,0.9229493106476557
1591,2018-12-06 07:00:00,7.675031662,0.8332885542455305
1592,2018-12-06 08:00:00,7.674824238,0.5689117359060668
1593,2018-12-06 09:00:00,7.676079273,0.5008806654535771
1594,2018-12-06 10:00:00,7.682413101,0.8159305227617221
1595,2018-12-06 11:00:00,7.681346416,0.35827108100036176
1596,2018-12-06 12:00:00,7.679306984,0.31464805021468323
1597,2018-12-06 13:00:00,7.677301407,0.6273882691891997
1598,2018-12-06 14:00:00,7.678892612,0.9235829909118249
1599,2018-12-06 15:00:00,7.678193569,0.7424404145787789
1600,2018-12-06 16:00:00,7.666525841,0.8784490082117595
1601,2018-12-06 17:00:00,7.641452789,0.4362032996957492
1602,2018-12-06 18:00:00,7.619477749,0.1958594086375406
1603,2018-12-06 19:00:00,7.621528149,0.5029597463771187
1604,2018-12-06 20:00:00,7.62005806,0.5398969627886664
1605,2018-12-06 21:00:00,7.339899063,0.24947317712622297
1606,2018-12-06 22:00:00,7.182798862,0.5731253351891459
1607,2018-12-06 23:00:00,7.03802681,0.2689817453858103
1608,2018-12-07 00:00:00,6.920595646,0.01486100550499736
1609,2018-12-07 01:00:00,6.826299191,0.09535342627677335
1610,2018-12-07 02:00:00,6.751309395,0.8354992970272712
1611,2018-12-07 03:00:00,6.70316124,0.4629619423127449
1612,2018-12-07 04:00:00,6.670276642,0.02767889354749642
1613,2018-12-07 05:00:00,6.651059151,0.46308761845817814
1614,2018-12-07 06:00:00,6.645796299,0.9786432312525255
1615,2018-12-07 07:00:00,6.651605129,0.2933348272447702
1616,2018-12-07 08:00:00,6.659313679,0.4042213372264102
1617,2018-12-07 09:00:00,6.664375305,0.7043518867380659
1618,2018-12-07 10:00:00,6.670349121,0.44310777028319837
1619,2018-12-07 11:00:00,6.675028801,0.2549182691346453
1620,2018-12-07 12:00:00,6.683495045,0.08410578283630366
1621,2018-12-07 13:00:00,6.691004753,0.7429851301767867
1622,2018-12-07 14:00:00,6.698225975,0.050853704279716694
1623,2018-12-07 15:00:00,6.699116707,0.7032687901444368
1624,2018-12-07 16:00:00,6.683665276,0.013488525668363227
1625,2018-12-07 17:00:00,6.633333206,0.7359098319982089
1626,2018-12-07 18:00:00,6.545414448,0.5666344895600544
1627,2018-12-07 19:00:00,6.431836605,0.6277029069748914
1628,2018-12-07 20:00:00,6.275941849,0.6518655311066912
1629,2018-12-07 21:00:00,6.087370396,0.9830136356330702
1630,2018-12-07 22:00:00,6.093824387,0.5737067758255463
1631,2018-12-07 23:00:00,6.109097481,0.720375752300955
1632,2018-12-08 00:00:00,6.124229908,0.2531120729838442
1633,2018-12-08 01:00:00,6.135191917,0.1949192576540857
1634,2018-12-08 02:00:00,6.144791126,0.4813809167563471
1635,2018-12-08 03:00:00,6.152561188,0.5391706747863177
1636,2018-12-08 04:00:00,6.160826206,0.878470021933439
1637,2018-12-08 05:00:00,6.169460773,0.4030600148579989
1638,2018-12-08 06:00:00,6.179307461,0.9248686261258101
1639,2018-12-08 07:00:00,6.188075542,0.31963802185812673
1640,2018-12-08 08:00:00,6.195912838,0.5091354256760207
1641,2018-12-08 09:00:00,6.203968525,0.8592106093113538
1642,2018-12-08 10:00:00,6.212233067,0.6828159621905259
1643,2018-12-08 11:00:00,6.220845699,0.3282942717434655
1644,2018-12-08 12:00:00,6.23056221,0.5248580893451336
1645,2018-12-08 13:00:00,6.238630772,0.1721616257055233
1646,2018-12-08 14:00:00,6.246567726,0.46796931304777223
1647,2018-12-08 15:00:00,6.250425816,0.620107405492909
1648,2018-12-08 16:00:00,6.23965168,0.48380214086122664
1649,2018-12-08 17:00:00,6.200640678,0.19494184764405065
1650,2018-12-08 18:00:00,6.133934975,0.03773057409391911
1651,2018-12-08 19:00:00,6.031359673,0.5530710719404002
1652,2018-12-08 20:00:00,5.926042557,0.6464435164648771
1653,2018-12-08 21:00:00,5.81047678,0.3387068060142656
1654,2018-12-08 22:00:00,5.819055557,0.515425062002377
1655,2018-12-08 23:00:00,5.828669071,0.28697397556501636
1656,2018-12-09 00:00:00,5.828866482,0.8020960267102605
1657,2018-12-09 01:00:00,5.829788685,0.12513030034881523
1658,2018-12-09 02:00:00,5.816371441,0.0658836293682652
1659,2018-12-09 03:00:00,5.796929359,0.7807903533546965
1660,2018-12-09 04:00:00,5.776579857,0.9071595382283024
1661,2018-12-09 05:00:00,5.754745483,0.4777627313369526
1662,2018-12-09 06:00:00,5.733188152,0.0175581774812823
1663,2018-12-09 07:00:00,5.719311714,0.9787426189622092
1664,2018-12-09 08:00:00,5.703621864,0.5789658447355509
1665,2018-12-09 09:00:00,5.687699795,0.513386082626027
1666,2018-12-09 10:00:00,5.675489426,0.4312339911622839
1667,2018-12-09 11:00:00,5.661028385,0.43907598012315985
1668,2018-12-09 12:00:00,5.649341106,0.953997191984533
1669,2018-12-09 13:00:00,5.637282848,0.46051168486438854
1670,2018-12-09 14:00:00,5.622936249,0.8259635879628621
1671,2018-12-09 15:00:00,5.603495598,0.6382383129743006
1672,2018-12-09 16:00:00,5.577346802,0.32045846916215415
1673,2018-12-09 17:00:00,5.540510178,0.8010796317883034
1674,2018-12-09 18:00:00,5.484213352,0.05815222026217837
1675,2018-12-09 19:00:00,5.407622337,0.33534930398704266
1676,2018-12-09 20:00:00,5.310362339,0.10476972351674019
1677,2018-12-09 21:00:00,5.205368042,0.8243632820108504
1678,2018-12-09 22:00:00,5.167236805,0.1330827175109005
1679,2018-12-09 23:00:00,5.131513596,0.257950580220597
1680,2018-12-10 00:00:00,5.096628189,0.5785224311341564
1681,2018-12-10 01:00:00,5.067568779,0.02250992891373449
1682,2018-12-10 02:00:00,5.03554678,0.6577966495560701
1683,2018-12-10 03:00:00,5.005626678,0.6951998158801838
1684,2018-12-10 04:00:00,4.98244381,0.7382365527228955
1685,2018-12-10 05:00:00,4.974305153,0.22621415796473698
1686,2018-12-10 06:00:00,4.975156307,0.9931035901147073
1687,2018-12-10 07:00:00,4.972715378,0.5168586805829454
1688,2018-12-10 08:00:00,4.969052315,0.7099937880222814
1689,2018-12-10 09:00:00,4.967540264,0.16220065689549568
1690,2018-12-10 10:00:00,4.964781284,0.5298776193119703
1691,2018-12-10 11:00:00,4.95960331,0.6865622552754179
1692,2018-12-10 12:00:00,4.953570366,0.8545910698284024
1693,2018-12-10 13:00:00,4.953555107,0.289858215764469
1694,2018-12-10 14:00:00,4.949853897,0.8148488115489689
1695,2018-12-10 15:00:00,4.941960335,0.2624567990756276
1696,2018-12-10 16:00:00,4.924324989,0.9061251227528988
1697,2018-12-10 17:00:00,4.881895542,0.6452638670767006
1698,2018-12-10 18:00:00,4.775463581,0.7757510473333417
1699,2018-12-10 19:00:00,4.61348772,0.8738218573381653
1700,2018-12-10 20:00:00,4.40567112,0.3823720769142511
1701,2018-12-10 21:00:00,4.205460548,0.47716954594288574
1702,2018-12-10 22:00:00,4.21649456,0.0059331669093327655
1703,2018-12-10 23:00:00,4.216302872,0.47948584816094697
1704,2018-12-11 00:00:00,4.213986397,0.9337933863754786
1705,2018-12-11 01:00:00,4.209904671,0.621852987990653
1706,2018-12-11 02:00:00,4.205082417,0.7141944944126353
1707,2018-12-11 03:00:00,4.200918198,0.2110768953721851
1708,2018-12-11 04:00:00,4.191636562,0.7694607834034786
1709,2018-12-11 05:00:00,4.184775829,0.09199195498113966
1710,2018-12-11 06:00:00,4.178478718,0.4306927585346815
1711,2018-12-11 07:00:00,4.170444965,0.1081108416882185
1712,2018-12-11 08:00:00,4.15418005,0.7328761056720449
1713,2018-12-11 09:00:00,4.136431694,0.6792331829417813
1714,2018-12-11 10:00:00,4.125486374,0.5741668275877199
1715,2018-12-11 11:00:00,4.115071297,0.8274105352864631
1716,2018-12-11 12:00:00,4.117670059,0.1418298478647766
1717,2018-12-11 13:00:00,4.115736485,0.4959902574885643
1718,2018-12-11 14:00:00,4.126583099,0.1276224285623857
1719,2018-12-11 15:00:00,4.127527714,0.6148538624467605
1720,2018-12-11 16:00:00,4.119939327,0.21323159238489842
1721,2018-12-11 17:00:00,4.088059902,0.846686983653035
1722,2018-12-11 18:00:00,4.023213863,0.4932511263760955
1723,2018-12-11 19:00:00,3.947033644,0.5261295714083845
1724,2018-12-11 20:00:00,3.847520351,0.3616319853932075
1725,2018-12-11 21:00:00,3.738832712,0.12036234748443753
1726,2018-12-11 22:00:00,3.708223343,0.8183541208439945
1727,2018-12-11 23:00:00,3.67109704,0.7464896464045344
1728,2018-12-12 00:00:00,3.647852421,0.05611318725394954
1729,2018-12-12 01:00:00,3.631486654,0.05827002288524552
1730,2018-12-12 02:00:00,3.613996983,0.6817065106755584
1731,2018-12-12 03:00:00,3.58381176,0.4747563774239758
1732,2018-12-12 04:00:00,3.551095009,0.3411850585854106
1733,2018-12-12 05:00:00,3.522404909,0.007561160952799795
1734,2018-12-12 06:00:00,3.498561382,0.671838143441757
1735,2018-12-12 07:00:00,3.48570013,0.25645617586626734
1736,2018-12-12 08:00:00,3.476923227,0.0621113512126531
1737,2018-12-12 09:00:00,3.464512587,0.19788855762105773
1738,2018-12-12 10:00:00,3.453719854,0.43954458055576273
1739,2018-12-12 11:00:00,3.460424185,0.5771540883583516
1740,2018-12-12 12:00:00,3.46818471,0.7705374667192333
1741,2018-12-12 13:00:00,3.474771261,0.249177036471237
1742,2018-12-12 14:00:00,3.483690023,0.8253923367450109
1743,2018-12-12 15:00:00,3.486986637,0.6538043715069015
1744,2018-12-12 16:00:00,3.473521709,0.12382938108198216
1745,2018-12-12 17:00:00,3.443719149,0.24973966861553865
1746,2018-12-12 18:00:00,3.395363092,0.5944610556374232
1747,2018-12-12 19:00:00,3.340269327,0.23085127751342505
1748,2018-12-12 20:00:00,3.259465933,0.9627693949640864
1749,2018-12-12 21:00:00,3.152922153,0.18865054602270104
1750,2018-12-12 22:00:00,3.141254187,0.4003714836474662
1751,2018-12-12 23:00:00,3.118758678,0.5463702299113895
1752,2018-12-13 00:00:00,3.105920553,0.8809471174019416
1753,2018-12-13 01:00:00,3.092103958,0.24691516759358545
1754,2018-12-13 02:00:00,3.072815895,0.7467779870859169
1755,2018-12-13 03:00:00,3.062888861,0.33385245112138795
1756,2018-12-13 04:00:00,3.042998552,0.26927095143200763
1757,2018-12-13 05:00:00,3.026435375,0.5731441658206419
1758,2018-12-13 06:00:00,3.008501291,0.7936665923460986
1759,2018-12-13 07:00:00,2.993136168,0.8449997435451689
1760,2018-12-13 08:00:00,2.978533983,0.8460202382358278
1761,2018-12-13 09:00:00,2.963912964,0.06973057218540857
1762,2018-12-13 10:00:00,2.945960283,0.5858229107755435
1763,2018-12-13 11:00:00,2.916533947,0.09260062252182777
1764,2018-12-13 12:00:00,2.885752201,0.36866205801845664
1765,2018-12-13 13:00:00,2.860134602,0.9589193699753945
1766,2018-12-13 14:00:00,2.833732843,0.06392067151548542
1767,2018-12-13 15:00:00,2.806839228,0.33939399980409424
1768,2018-12-13 16:00:00,2.772421122,0.19627368371804388
1769,2018-12-13 17:00:00,2.725657225,0.8794046151696605
1770,2018-12-13 18:00:00,2.661556959,0.4808086615306997
1771,2018-12-13 19:00:00,2.585858583,0.6910183227247387
1772,2018-12-13 20:00:00,2.493685484,0.8415704225999395
1773,2018-12-13 21:00:00,2.390676022,0.6159040698285977
1774,2018-12-13 22:00:00,2.354271889,0.042652686973670306
1775,2018-12-13 23:00:00,2.332670927,0.9724319159650122
1776,2018-12-14 00:00:00,2.310645342,0.19153655714664786
1777,2018-12-14 01:00:00,2.26877284,0.4816467878759235
1778,2018-12-14 02:00:00,2.230582476,0.38454025606183684
1779,2018-12-14 03:00:00,2.195012331,0.7411266885421899
1780,2018-12-14 04:00:00,2.155754328,0.8997446832742113
1781,2018-12-14 05:00:00,2.122940302,0.6579069158984037
1782,2018-12-14 06:00:00,2.097681761,0.12128693214337671
1783,2018-12-14 07:00:00,2.079191923,0.8667600362710427
1784,2018-12-14 08:00:00,2.070109606,0.059768224954165894
1785,2018-12-14 09:00:00,2.061874866,0.20299303451417394
1786,2018-12-14 10:00:00,2.054871798,0.02943965838100815
1787,2018-12-14 11:00:00,2.046106339,0.6647129232007534
1788,2018-12-14 12:00:00,2.039081097,0.31599444553253353
1789,2018-12-14 13:00:00,2.031981468,0.08256645610780822
1790,2018-12-14 14:00:00,2.028682947,0.3570148894027415
1791,2018-12-14 15:00:00,2.022978544,0.8564679232419311
1792,2018-12-14 16:00:00,2.013568878,0.0239589360507243
1793,2018-12-14 17:00:00,1.991169095,0.05889954080596116
1794,2018-12-14 18:00:00,1.94349885,0.2623467434674682
1795,2018-12-14 19:00:00,0.795780778,0.6793366971920195
1796,2018-12-14 20:00:00,0.0,0.9431034701607471
1797,2018-12-14 21:00:00,0.0,0.7450237741402499
1798,2018-12-14 22:00:00,0.0,0.543403067915937
1799,2018-12-14 23:00:00,0.0,0.9053308627544989
1800,2018-12-15 00:00:00,0.0,0.027875452309114812
1801,2018-12-15 01:00:00,0.0,0.5832068962506864
1802,2018-12-15 02:00:00,0.0,0.9151165181837594
1803,2018-12-15 03:00:00,0.0,0.7835605047734724
1804,2018-12-15 04:00:00,0.0,0.7138326985624417
1805,2018-12-15 05:00:00,0.0,0.09697237480741294
1806,2018-12-15 06:00:00,0.0,0.04624118603588978
1807,2018-12-15 07:00:00,0.0,0.14834280164854963
1808,2018-12-15 08:00:00,0.0,0.8938853010802222
1809,2018-12-15 09:00:00,0.0,0.4169042427815033
1810,2018-12-15 10:00:00,0.0,0.003012440714285969
1811,2018-12-15 11:00:00,0.0,0.6582983175197208
1812,2018-12-15 12:00:00,0.0,0.2105731835024135
1813,2018-12-15 13:00:00,0.0,0.8558197365515716
1814,2018-12-15 14:00:00,0.0,0.46288531800836774
1815,2018-12-15 15:00:00,0.0,0.5452610702051981
1816,2018-12-15 16:00:00,0.0,0.9812819052779786
1817,2018-12-15 17:00:00,0.0,0.02241115533882132
1818,2018-12-15 18:00:00,0.0,0.4317694709979333
1819,2018-12-15 19:00:00,0.0,0.6245395626286596
1820,2018-12-15 20:00:00,0.0,0.22603353096710999
1821,2018-12-15 21:00:00,0.0,0.8880303948831363
1822,2018-12-15 22:00:00,0.0,0.9837612699777541
1823,2018-12-15 23:00:00,0.0,0.0969116288106473
1824,2018-12-16 00:00:00,0.0,0.11719066009179102
1825,2018-12-16 01:00:00,0.0,0.608724279583457
1826,2018-12-16 02:00:00,0.0,0.7513722937814269
1827,2018-12-16 03:00:00,0.0,0.4580457396844011
1828,2018-12-16 04:00:00,0.0,0.71502564454741
1829,2018-12-16 05:00:00,0.0,0.485096710011207
1830,2018-12-16 06:00:00,0.0,0.1281913467968564
1831,2018-12-16 07:00:00,0.0,0.42172812256737613
1832,2018-12-16 08:00:00,0.0,0.3442853523097227
1833,2018-12-16 09:00:00,0.0,0.10219126015579483
1834,2018-12-16 10:00:00,0.0,0.35967599164025743
1835,2018-12-16 11:00:00,0.0,0.20214953965558946
1836,2018-12-16 12:00:00,0.0,0.710132887214672
1837,2018-12-16 13:00:00,0.0,0.6928943101656426
1838,2018-12-16 14:00:00,0.0,0.4644954829866328
1839,2018-12-16 15:00:00,0.0,0.3744543454494069
1840,2018-12-16 16:00:00,0.0,0.36634152344479365
1841,2018-12-16 17:00:00,0.0,0.28071758405345004
1842,2018-12-16 18:00:00,0.0,0.004334435666904279
1843,2018-12-16 19:00:00,0.0,0.15003666577696873
1844,2018-12-16 20:00:00,0.0,0.618143572559489
1845,2018-12-16 21:00:00,0.0,0.9878648568227645
1846,2018-12-16 22:00:00,0.0,0.2630405634166222
1847,2018-12-16 23:00:00,0.0,0.5819152534177637
1848,2018-12-17 00:00:00,0.0,0.9829846321772948
1849,2018-12-17 01:00:00,0.0,0.635506804339568
1850,2018-12-17 02:00:00,0.0,0.9285157844670109
1851,2018-12-17 03:00:00,0.0,0.40335963306893796
1852,2018-12-17 04:00:00,0.0,0.8727814141917081
1853,2018-12-17 05:00:00,0.0,0.8510256200688022
1854,2018-12-17 06:00:00,0.0,0.9607692149717179
1855,2018-12-17 07:00:00,0.0,0.5398695728430396
1856,2018-12-17 08:00:00,0.0,0.9427981263136175
1857,2018-12-17 09:00:00,0.0,0.5749533811713538
1858,2018-12-17 10:00:00,0.0,0.41203973572835306
1859,2018-12-17 11:00:00,0.0,0.49884133715395573
1860,2018-12-17 12:00:00,0.0,0.843988400443392
1861,2018-12-17 13:00:00,0.0,0.7021075239075878
1862,2018-12-17 14:00:00,0.0,0.7028192438063487
1863,2018-12-17 15:00:00,0.0,0.6282546951333082
1864,2018-12-17 16:00:00,0.0,0.7099462448559636
1865,2018-12-17 17:00:00,0.0,0.8036685966317829
1866,2018-12-17 18:00:00,0.0,0.8666376787009041
1867,2018-12-17 19:00:00,0.0,0.9838856614051094
1868,2018-12-17 20:00:00,0.0,0.7912829500064726
1869,2018-12-17 21:00:00,0.0,0.3238416237067301
1870,2018-12-17 22:00:00,0.0,0.1119593855261467
1871,2018-12-17 23:00:00,0.0,0.7293192067949823
1872,2018-12-18 00:00:00,0.0,0.21397597772111998
1873,2018-12-18 01:00:00,0.0,0.1147200803377103
1874,2018-12-18 02:00:00,0.0,0.8415039306123647
1875,2018-12-18 03:00:00,0.0,0.6721479327131371
1876,2018-12-18 04:00:00,0.0,0.12453951477106906
1877,2018-12-18 05:00:00,0.0,0.5405097216856146
1878,2018-12-18 06:00:00,0.0,0.7042080196055197
1879,2018-12-18 07:00:00,0.0,0.5019995590878005
1880,2018-12-18 08:00:00,0.0,0.5243082567907341
1881,2018-12-18 09:00:00,0.0,0.04116182427425097
1882,2018-12-18 10:00:00,0.0,0.360687889101157
1883,2018-12-18 11:00:00,0.0,0.8900608951446466
1884,2018-12-18 12:00:00,0.0,0.45904722232603057
1885,2018-12-18 13:00:00,0.0,0.6300829946830062
1886,2018-12-18 14:00:00,0.0,0.9557435089615598
1887,2018-12-18 15:00:00,0.0,0.12068308332756017
1888,2018-12-18 16:00:00,0.0,0.835244769201402
1889,2018-12-18 17:00:00,0.0,0.6302630398192136
1890,2018-12-18 18:00:00,0.0,0.05001694455902328
1891,2018-12-18 19:00:00,0.0,0.3484816842208329
1892,2018-12-18 20:00:00,0.0,0.6044565586776709
1893,2018-12-18 21:00:00,0.0,0.5091986107335443
1894,2018-12-18 22:00:00,0.0,0.12400582412772199
1895,2018-12-18 23:00:00,0.0,0.31806154868126446
1896,2018-12-19 00:00:00,0.0,0.8776963499641667
1897,2018-12-19 01:00:00,0.0,0.6385000710813944
1898,2018-12-19 02:00:00,0.0,0.1864260317827633
1899,2018-12-19 03:00:00,0.0,0.7439545643850247
1900,2018-12-19 04:00:00,0.0,0.43246036225617435
1901,2018-12-19 05:00:00,0.0,0.11454959759306094
1902,2018-12-19 06:00:00,0.0,0.26619510216579334
1903,2018-12-19 07:00:00,0.0,0.1671906097178456
1904,2018-12-19 08:00:00,0.0,0.47326512985385527
1905,2018-12-19 09:00:00,0.0,0.9318510365872397
1906,2018-12-19 10:00:00,0.0,0.23187185378053976
1907,2018-12-19 11:00:00,0.0,0.7042633943295228
1908,2018-12-19 12:00:00,0.0,0.10192111769567624
1909,2018-12-19 13:00:00,0.0,0.752925053674729
1910,2018-12-19 14:00:00,0.0,0.5905304551105824
1911,2018-12-19 15:00:00,0.0,0.9537450522497583
1912,2018-12-19 16:00:00,0.0,0.8643620625298483
1913,2018-12-19 17:00:00,0.0,0.15478474951229437
1914,2018-12-19 18:00:00,0.0,0.6615507128177591
1915,2018-12-19 19:00:00,0.0,0.2256397791981266
1916,2018-12-19 20:00:00,0.0,0.8634151464899371
1917,2018-12-19 21:00:00,0.0,0.873710213279175
1918,2018-12-19 22:00:00,0.0,0.3050380754469225
1919,2018-12-19 23:00:00,0.0,0.37777042705833885
1920,2018-12-20 00:00:00,0.0,0.8607278681323466
1921,2018-12-20 01:00:00,0.0,0.7435464975493075
1922,2018-12-20 02:00:00,0.0,0.5677586402838373
1923,2018-12-20 03:00:00,0.0,0.5435050837254264
1924,2018-12-20 04:00:00,0.0,0.23814027645316005
1925,2018-12-20 05:00:00,0.0,0.8816364343292423
1926,2018-12-20 06:00:00,0.0,0.6254186313305465
1927,2018-12-20 07:00:00,0.0,0.34130317523140363
1928,2018-12-20 08:00:00,0.0,0.9130076449509947
1929,2018-12-20 09:00:00,0.0,0.19273022727603006
1930,2018-12-20 10:00:00,0.0,0.172506738103112
1931,2018-12-20 11:00:00,0.0,0.9318547756069937
1932,2018-12-20 12:00:00,0.0,0.8679487209109603
1933,2018-12-20 13:00:00,0.0,0.11008644719594907
1934,2018-12-20 14:00:00,0.0,0.22130224849570312
1935,2018-12-20 15:00:00,0.0,0.5431573881306151
1936,2018-12-20 16:00:00,0.0,0.08654335703168847
1937,2018-12-20 17:00:00,0.0,0.03949858007390061
1938,2018-12-20 18:00:00,0.0,0.08760961987974658
1939,2018-12-20 19:00:00,0.0,0.7791442156396884
1940,2018-12-20 20:00:00,0.0,0.17542302005438137
1941,2018-12-20 21:00:00,0.0,0.12115932168056542
1942,2018-12-20 22:00:00,0.0,0.2322503362452758
1943,2018-12-20 23:00:00,0.0,0.3892994499902349
1944,2018-12-21 00:00:00,0.0,0.08823278868128248
1945,2018-12-21 01:00:00,0.0,0.2248330202076413
1946,2018-12-21 02:00:00,0.0,0.3818745343125237
1947,2018-12-21 03:00:00,0.0,0.3130471876265136
1948,2018-12-21 04:00:00,0.0,0.6070632805703882
1949,2018-12-21 05:00:00,0.0,0.5638885956289121
1950,2018-12-21 06:00:00,0.0,0.8762863581789951
1951,2018-12-21 07:00:00,0.0,0.9403468600383001
1952,2018-12-21 08:00:00,0.0,0.1469363888733124
1953,2018-12-21 09:00:00,0.0,0.45553544715738126
1954,2018-12-21 10:00:00,0.0,0.7627753860714911
1955,2018-12-21 11:00:00,0.0,0.519466261334119
1956,2018-12-21 12:00:00,0.0,0.11435284376002974
1957,2018-12-21 13:00:00,0.0,0.8954909622625935
1958,2018-12-21 14:00:00,0.0,0.32897602488676136
1959,2018-12-21 15:00:00,0.0,0.04031703467636938
1960,2018-12-21 16:00:00,0.0,0.8924658071670014
1961,2018-12-21 17:00:00,0.0,0.22807643559497603
1962,2018-12-21 18:00:00,0.0,0.1622863383339339
1963,2018-12-21 19:00:00,0.0,0.050805482662787615
1964,2018-12-21 20:00:00,0.0,0.3661316855492295
1965,2018-12-21 21:00:00,0.0,0.017507993148825562
1966,2018-12-21 22:00:00,0.0,0.6101558179707981
1967,2018-12-21 23:00:00,0.0,0.30517159847913367
1968,2018-12-22 00:00:00,0.0,0.02282868432160956
1969,2018-12-22 01:00:00,0.0,0.43097878510827536
1970,2018-12-22 02:00:00,0.0,0.3511249998427187
1971,2018-12-22 03:00:00,0.0,0.6262946937690841
1972,2018-12-22 04:00:00,0.0,0.9987974155932601
1973,2018-12-22 05:00:00,0.0,0.0009055047282757744
1974,2018-12-22 06:00:00,0.0,0.23851884138138046
1975,2018-12-22 07:00:00,0.0,0.4501851048019433
1976,2018-12-22 08:00:00,0.0,0.8907647977556218
1977,2018-12-22 09:00:00,0.0,0.8506711419620923
1978,2018-12-22 10:00:00,0.0,0.5518115748673451
1979,2018-12-22 11:00:00,0.0,0.34968219414192714
1980,2018-12-22 12:00:00,0.0,0.41764171419306195
1981,2018-12-22 13:00:00,0.0,0.4010207206582468
1982,2018-12-22 14:00:00,0.0,0.508560914381118
1983,2018-12-22 15:00:00,0.0,0.38605578075047087
1984,2018-12-22 16:00:00,0.0,0.8210895473036963
1985,2018-12-22 17:00:00,0.0,0.8564833003562197
1986,2018-12-22 18:00:00,0.0,0.01358246155948295
1987,2018-12-22 19:00:00,0.0,0.4241651771296573
1988,2018-12-22 20:00:00,0.0,0.9049213330679722
1989,2018-12-22 21:00:00,0.0,0.7953435315121966
1990,2018-12-22 22:00:00,0.0,0.2755572677139404
1991,2018-12-22 23:00:00,0.0,0.8885826145408204
1992,2018-12-23 00:00:00,0.0,0.06751145636684552
1993,2018-12-23 01:00:00,0.0,0.22238640726705494
1994,2018-12-23 02:00:00,0.0,0.518833321904879
1995,2018-12-23 03:00:00,0.0,0.2860417255401583
1996,2018-12-23 04:00:00,0.0,0.08958293937381301
1997,2018-12-23 05:00:00,0.0,0.35983613025737204
1998,2018-12-23 06:00:00,0.0,0.6482547205225186
1999,2018-12-23 07:00:00,0.0,0.4773330349940653
2000,2018-12-23 08:00:00,0.0,0.7279189418946408
2001,2018-12-23 09:00:00,0.0,0.5876416280940953
2002,2018-12-23 10:00:00,0.0,0.8852109743356202
2003,2018-12-23 11:00:00,0.0,0.3627729633941389
2004,2018-12-23 12:00:00,0.0,0.705823493275098
2005,2018-12-23 13:00:00,0.0,0.3424913918122816
2006,2018-12-23 14:00:00,0.0,0.8465391665634094
2007,2018-12-23 15:00:00,0.0,0.012785928213540965
2008,2018-12-23 16:00:00,0.0,0.414717467876733
2009,2018-12-23 17:00:00,0.0,0.6034327959572376
2010,2018-12-23 18:00:00,0.0,0.7810714026542659
2011,2018-12-23 19:00:00,0.0,0.9171797272908808
2012,2018-12-23 20:00:00,0.0,0.7415613706284726
2013,2018-12-23 21:00:00,0.0,0.2132716902724483
2014,2018-12-23 22:00:00,0.0,0.17467796069089903
2015,2018-12-23 23:00:00,0.0,0.7677633365911802
2016,2018-12-24 00:00:00,0.0,0.19320975630877746
2017,2018-12-24 01:00:00,0.0,0.21834561420037824
2018,2018-12-24 02:00:00,0.0,0.8170455833926297
2019,2018-12-24 03:00:00,0.0,0.8970004207009791
2020,2018-12-24 04:00:00,0.034198832,0.866969015198418
2021,2018-12-24 05:00:00,0.085526951,0.5125405920170616
2022,2018-12-24 06:00:00,0.133146942,0.9850082306475241
2023,2018-12-24 07:00:00,0.184923217,0.5393705433309789
2024,2018-12-24 08:00:00,0.185363531,0.4034987512905659
2025,2018-12-24 09:00:00,0.187389046,0.05992149176987338
2026,2018-12-24 10:00:00,0.194943964,0.3175212139937069
2027,2018-12-24 11:00:00,0.203508988,0.6043773547552523
2028,2018-12-24 12:00:00,0.38508147,0.14630605916968142
2029,2018-12-24 13:00:00,0.420082778,0.6782166996685562
2030,2018-12-24 14:00:00,0.44100219,0.12656721735530307
2031,2018-12-24 15:00:00,0.456528962,0.5868654994962618
2032,2018-12-24 16:00:00,0.462505251,0.769744031234351
2033,2018-12-24 17:00:00,0.462451726,0.9924069765433906
2034,2018-12-24 18:00:00,0.446166664,0.39340088846554444
2035,2018-12-24 19:00:00,0.420593232,0.9486242739096205
2036,2018-12-24 20:00:00,0.37225607,0.35811918770036477
2037,2018-12-24 21:00:00,0.314116448,0.5965641330148737
2038,2018-12-24 22:00:00,0.294440061,0.16596800213297846
2039,2018-12-24 23:00:00,0.270563096,0.3222795296910661
2040,2018-12-25 00:00:00,0.242810264,0.2164729462259044
2041,2018-12-25 01:00:00,0.213856667,0.9372584261092493
2042,2018-12-25 02:00:00,0.184275597,0.5906325057996182
2043,2018-12-25 03:00:00,0.165000662,0.2962347760998918
2044,2018-12-25 04:00:00,0.15777202,0.6907282800910292
2045,2018-12-25 05:00:00,0.154716209,0.49460724181475746
2046,2018-12-25 06:00:00,0.149603948,0.9143621744443364
2047,2018-12-25 07:00:00,0.140395269,0.9004284487785859
2048,2018-12-25 08:00:00,0.13430503,0.4571586005429613
2049,2018-12-25 09:00:00,0.129440412,0.6099995598733196
2050,2018-12-25 10:00:00,0.126202017,0.02384587419960904
2051,2018-12-25 11:00:00,0.125474602,0.8902680700048718
2052,2018-12-25 12:00:00,0.127450436,0.6239247906147798
2053,2018-12-25 13:00:00,0.125961944,0.9593276163498391
2054,2018-12-25 14:00:00,0.127860293,0.11104220732369707
2055,2018-12-25 15:00:00,0.127939478,0.3912416280291978
2056,2018-12-25 16:00:00,0.122753054,0.4382467867850506
2057,2018-12-25 17:00:00,0.110428147,0.5044843154931296
2058,2018-12-25 18:00:00,0.091550454,0.8459958839410688
2059,2018-12-25 19:00:00,0.068305835,0.23871256197330615
2060,2018-12-25 20:00:00,0.039409794,0.16973234616947785
2061,2018-12-25 21:00:00,0.000213732,0.7388305895637457
2062,2018-12-25 22:00:00,0.058082897,0.7320576449456889
2063,2018-12-25 23:00:00,0.110527173,0.7331866846868359
2064,2018-12-26 00:00:00,0.175336331,0.9051603197769555
2065,2018-12-26 01:00:00,0.290400267,0.6929259629215216
2066,2018-12-26 02:00:00,0.457749486,0.8331779307215058
2067,2018-12-26 03:00:00,0.594713509,0.571468139699177
2068,2018-12-26 04:00:00,0.754922152,0.6673026494293086
2069,2018-12-26 05:00:00,0.908665359,0.4452624666778623
2070,2018-12-26 06:00:00,1.020792007,0.49378128290054346
2071,2018-12-26 07:00:00,1.117061019,0.32571456446991387
2072,2018-12-26 08:00:00,1.313369632,0.7797260819177344
2073,2018-12-26 09:00:00,1.473231316,0.6713644709582908
2074,2018-12-26 10:00:00,1.641809106,0.014816834977163573
2075,2018-12-26 11:00:00,1.806623578,0.17731812191228336
2076,2018-12-26 12:00:00,1.908338904,0.6490713422989219
2077,2018-12-26 13:00:00,1.951099038,0.49232269910809234
2078,2018-12-26 14:00:00,1.999204516,0.25281167792427006
2079,2018-12-26 15:00:00,2.014580965,0.13235644037513417
2080,2018-12-26 16:00:00,2.100587368,0.5322323583569027
2081,2018-12-26 17:00:00,2.09551096,0.00810412375993741
2082,2018-12-26 18:00:00,2.085131168,0.6868859484788215
2083,2018-12-26 19:00:00,2.076513767,0.3642359079187303
2084,2018-12-26 20:00:00,2.014102459,0.5103276546832273
2085,2018-12-26 21:00:00,1.994665384,0.5943084787282027
2086,2018-12-26 22:00:00,2.059762478,0.14198094973196507
2087,2018-12-26 23:00:00,2.073698521,0.6422727281869964
2088,2018-12-27 00:00:00,2.082087755,0.7621718295193687
2089,2018-12-27 01:00:00,2.091353655,0.03548475898087422
2090,2018-12-27 02:00:00,2.099046707,0.14331775856827933
2091,2018-12-27 03:00:00,2.107340813,0.5989122594058679
2092,2018-12-27 04:00:00,2.111927032,0.5608725315276331
2093,2018-12-27 05:00:00,2.119024992,0.8065942149109826
2094,2018-12-27 06:00:00,2.125178099,0.36398582955519676
2095,2018-12-27 07:00:00,2.141756773,0.9988852982432914
2096,2018-12-27 08:00:00,2.155292034,0.9228462101568181
2097,2018-12-27 09:00:00,2.166379213,0.40632172341991213
2098,2018-12-27 10:00:00,2.17562604,0.3546195210368317
2099,2018-12-27 11:00:00,2.186293602,0.7568875670932471
2100,2018-12-27 12:00:00,2.196513176,0.9909121962499153
2101,2018-12-27 13:00:00,2.208850384,0.3999338218225297
2102,2018-12-27 14:00:00,2.219016314,0.8249550363620616
2103,2018-12-27 15:00:00,2.221911907,0.9003555367129744
2104,2018-12-27 16:00:00,2.216220617,0.9079143362187743
2105,2018-12-27 17:00:00,2.189540386,0.00047137682330133934
2106,2018-12-27 18:00:00,2.137868643,0.180740879577847
2107,2018-12-27 19:00:00,2.073845625,0.9644547455193262
2108,2018-12-27 20:00:00,2.548423767,0.5001293619649949
2109,2018-12-27 21:00:00,2.781701088,0.7406773173351019
2110,2018-12-27 22:00:00,2.884805918,0.06749972483214539
2111,2018-12-27 23:00:00,2.917490959,0.0781696381287521
2112,2018-12-28 00:00:00,2.949812174,0.6457075067918956
2113,2018-12-28 01:00:00,2.984353304,0.2537974739919814
2114,2018-12-28 02:00:00,3.008933067,0.03841532286040639
2115,2018-12-28 03:00:00,3.02801466,0.2928978381397799
2116,2018-12-28 04:00:00,3.043224335,0.02317915669800308
2117,2018-12-28 05:00:00,3.050951242,0.5517847532963566
2118,2018-12-28 06:00:00,3.058469772,0.24363914294323663
2119,2018-12-28 07:00:00,3.065279484,0.1235307452746528
2120,2018-12-28 08:00:00,3.083813429,0.8247620538562732
2121,2018-12-28 09:00:00,3.089197397,0.14204043639920716
2122,2018-12-28 10:00:00,3.098222494,0.42910101883162655
2123,2018-12-28 11:00:00,3.115458012,0.7852459223209362
2124,2018-12-28 12:00:00,3.137160301,0.776000076854075
2125,2018-12-28 13:00:00,3.215806723,0.049189315768025876
2126,2018-12-28 14:00:00,3.290210962,0.11228807868043167
2127,2018-12-28 15:00:00,3.360434055,0.3617374906044737
2128,2018-12-28 16:00:00,3.416344166,0.2548920662896802
2129,2018-12-28 17:00:00,3.426165342,0.9051541174335191
2130,2018-12-28 18:00:00,3.452208281,0.3277506413089276
2131,2018-12-28 19:00:00,3.503833532,0.2886865448836283
2132,2018-12-28 20:00:00,3.487149715,0.6092241125652834
2133,2018-12-28 21:00:00,3.486885071,0.7070974083185382
2134,2018-12-28 22:00:00,3.518826246,0.2711249740470897
2135,2018-12-28 23:00:00,3.524879694,0.11435150976497144
2136,2018-12-29 00:00:00,3.530336142,0.768549090278219
2137,2018-12-29 01:00:00,3.534399748,0.8348205400780102
2138,2018-12-29 02:00:00,3.536396027,0.2777756574715282
2139,2018-12-29 03:00:00,3.539157867,0.7922141167287913
2140,2018-12-29 04:00:00,3.543649435,0.24840220320671602
2141,2018-12-29 05:00:00,3.548047304,0.8831109857269007
2142,2018-12-29 06:00:00,3.553404808,0.7794692629958235
2143,2018-12-29 07:00:00,3.557384253,0.8290275355707966
2144,2018-12-29 08:00:00,3.56232214,0.39156638174341407
2145,2018-12-29 09:00:00,3.568635941,0.8731027336865704
2146,2018-12-29 10:00:00,3.575434685,0.7993964989230521
2147,2018-12-29 11:00:00,3.58280158,0.0076819081999842664
2148,2018-12-29 12:00:00,3.592288017,0.8513619288318637
2149,2018-12-29 13:00:00,3.601232767,0.3992624028591941
2150,2018-12-29 14:00:00,3.608865976,0.1407288703044648
2151,2018-12-29 15:00:00,3.612944841,0.39163815865517293
2152,2018-12-29 16:00:00,3.609907389,0.5060024248644623
2153,2018-12-29 17:00:00,3.584534168,0.7055033484524006
2154,2018-12-29 18:00:00,3.526175976,0.3363294899141267
2155,2018-12-29 19:00:00,3.429717302,0.4340145768654369
2156,2018-12-29 20:00:00,3.311594009,0.4553073158909885
2157,2018-12-29 21:00:00,3.201684952,0.7902853369349896
2158,2018-12-29 22:00:00,3.211628437,0.2857666699713449
2159,2018-12-29 23:00:00,3.214892626,0.974462317542982
2160,2018-12-30 00:00:00,3.218434572,0.6552773252824302
2161,2018-12-30 01:00:00,3.224164009,0.626565925184896
2162,2018-12-30 02:00:00,3.228827953,0.3182242974415447
2163,2018-12-30 03:00:00,3.232187271,0.8275461253183354
2164,2018-12-30 04:00:00,3.236316919,0.3943918858803771
2165,2018-12-30 05:00:00,3.240758181,0.282511645011399
2166,2018-12-30 06:00:00,3.243423462,0.06900355226023136
2167,2018-12-30 07:00:00,3.245431423,0.6760772372036139
2168,2018-12-30 08:00:00,3.247320175,0.36049663954542144
2169,2018-12-30 09:00:00,3.250640631,0.7026945254874618
2170,2018-12-30 10:00:00,3.257346392,0.1625548015402174
2171,2018-12-30 11:00:00,3.264550447,0.41526587910670676
2172,2018-12-30 12:00:00,3.272578955,0.047730098209353145
2173,2018-12-30 13:00:00,3.279638052,0.48925414961154157
2174,2018-12-30 14:00:00,3.287217379,0.7453360504842247
2175,2018-12-30 15:00:00,3.29079771,0.015409621801440121
2176,2018-12-30 16:00:00,3.285890579,0.4116874894991077
2177,2018-12-30 17:00:00,3.254265308,0.7419086906248
2178,2018-12-30 18:00:00,3.187329769,0.8776180249480374
2179,2018-12-30 19:00:00,3.112508297,0.19895307014441865
2180,2018-12-30 20:00:00,3.191319704,0.478774104512692
2181,2018-12-30 21:00:00,3.109951973,0.1593861881901406
2182,2018-12-30 22:00:00,3.143696547,0.44563713496740365
2183,2018-12-30 23:00:00,3.152148008,0.261994723736641
2184,2018-12-31 00:00:00,3.166428804,0.21312325838494195
2185,2018-12-31 01:00:00,3.178272724,0.3218031341297827
2186,2018-12-31 02:00:00,3.18789649,0.3558474680167242
2187,2018-12-31 03:00:00,3.196503162,0.8992877361584198
2188,2018-12-31 04:00:00,3.204111099,0.04436431821123854
2189,2018-12-31 05:00:00,3.210579395,0.4336832231324925
2190,2018-12-31 06:00:00,3.216835737,0.9128201225355429
2191,2018-12-31 07:00:00,3.224300146,0.7063557905912011
2192,2018-12-31 08:00:00,3.233730555,0.23491465249571652
2193,2018-12-31 09:00:00,3.24208498,0.7194150222213961
2194,2018-12-31 10:00:00,3.250499487,0.4580513590106101
2195,2018-12-31 11:00:00,3.258313417,0.37660533533388607
2196,2018-12-31 12:00:00,3.265888691,0.3812196595176919
2197,2018-12-31 13:00:00,3.273871899,0.1951996421357911
2198,2018-12-31 14:00:00,3.281162024,0.8237635069427469
2199,2018-12-31 15:00:00,3.425013065,0.19008448519075083
2200,2018-12-31 16:00:00,3.572871923,0.30145551534029114
2201,2018-12-31 17:00:00,4.020320415,0.5227893462870763
2202,2018-12-31 18:00:00,4.919120789,0.310641921280147
2203,2018-12-31 19:00:00,5.158584595,0.022346291515595307
2204,2018-12-31 20:00:00,5.67638588,0.41291563484145843
2205,2018-12-31 21:00:00,6.245723724,0.0688723222424047
2206,2018-12-31 22:00:00,6.83826828,0.8450010478224528
2207,2018-12-31 23:00:00,7.462137222,0.08097106634525364
2208,2019-01-01 00:00:00,7.755384445,0.6038482529171262
2209,2019-01-01 01:00:00,7.912891388,0.09564488195628851
2210,2019-01-01 02:00:00,8.162626266,0.502365993204405
2211,2019-01-01 03:00:00,10.039372444,0.914316497996401
2212,2019-01-01 04:00:00,11.711771011,0.5803659770719958
2213,2019-01-01 05:00:00,13.782997131,0.8631478604246872
2214,2019-01-01 06:00:00,16.41258049,0.5985590263299287
2215,2019-01-01 07:00:00,19.750272751,0.26467667386951355
2216,2019-01-01 08:00:00,23.132730484,0.1723135170724368
2217,2019-01-01 09:00:00,23.737443924,0.6628494215721242
2218,2019-01-01 10:00:00,24.413980484,0.6933032365642908
2219,2019-01-01 11:00:00,24.819923401,0.10252465381577158
2220,2019-01-01 12:00:00,25.003664017,0.2700678173310208
2221,2019-01-01 13:00:00,25.91778183,0.4745577376549369
2222,2019-01-01 14:00:00,26.645969391,0.7644631916726023
2223,2019-01-01 15:00:00,27.238826752,0.14726109785315444
2224,2019-01-01 16:00:00,27.743427277,0.5262076388934103
2225,2019-01-01 17:00:00,28.028411865,0.9130040156216072
2226,2019-01-01 18:00:00,28.199066162,0.44536320179721534
2227,2019-01-01 19:00:00,28.367008209,0.7730455164033393
2228,2019-01-01 20:00:00,28.397396088,0.5424875033258394
2229,2019-01-01 21:00:00,28.29013443,0.7296819761555455
2230,2019-01-01 22:00:00,28.292186737,0.7288995607856597
2231,2019-01-01 23:00:00,28.294960022,0.6946979274387789
2232,2019-01-02 00:00:00,28.301116943,0.923251436516856
2233,2019-01-02 01:00:00,28.325912476,0.8969919508084142
2234,2019-01-02 02:00:00,28.32781601,0.45682218128453156
2235,2019-01-02 03:00:00,28.33146286,0.925536327455201
2236,2019-01-02 04:00:00,28.335350037,0.0696312150118561
2237,2019-01-02 05:00:00,28.337215424,0.28611238612883527
2238,2019-01-02 06:00:00,28.339492798,0.12595454877494516
2239,2019-01-02 07:00:00,28.342411041,0.6064792595895463
2240,2019-01-02 08:00:00,28.344673157,0.7735939519092876
2241,2019-01-02 09:00:00,28.347101212,0.23203069201391247
2242,2019-01-02 10:00:00,28.348749161,0.30990257071191896
2243,2019-01-02 11:00:00,28.350381851,0.5872678794876641
2244,2019-01-02 12:00:00,28.352092743,0.029284600680913764
2245,2019-01-02 13:00:00,28.353286743,0.06755772326948639
2246,2019-01-02 14:00:00,28.353820801,0.24041630755604215
2247,2019-01-02 15:00:00,28.353286743,0.9237181273744106
2248,2019-01-02 16:00:00,28.35213089,0.4841996900882396
2249,2019-01-02 17:00:00,28.3334198,0.27583601965128524
2250,2019-01-02 18:00:00,28.283439636,0.24385140585133058
2251,2019-01-02 19:00:00,28.200014114,0.6966651389564001
2252,2019-01-02 20:00:00,29.667217255,0.26210986508263445
2253,2019-01-02 21:00:00,31.127632141,0.6362644845718108
2254,2019-01-02 22:00:00,32.735263824,0.9196054331581286
2255,2019-01-02 23:00:00,32.740631104,0.4787468943408424
2256,2019-01-03 00:00:00,32.743942261,0.596410689608837
2257,2019-01-03 01:00:00,32.745094299,0.5986971519112814
2258,2019-01-03 02:00:00,32.745849609,0.9323320121107292
2259,2019-01-03 03:00:00,32.745010376,0.5395679481677655
2260,2019-01-03 04:00:00,32.746063232,0.5137118638054021
2261,2019-01-03 05:00:00,32.747974396,0.9823045438298204
2262,2019-01-03 06:00:00,32.748920441,0.8216725132104711
2263,2019-01-03 07:00:00,32.751937866,0.9018505817011708
2264,2019-01-03 08:00:00,32.754894257,0.6206013173457473
2265,2019-01-03 09:00:00,32.757827759,0.426017433522782
2266,2019-01-03 10:00:00,32.760402679,0.5414240413561019
2267,2019-01-03 11:00:00,32.764030457,0.23666820594346272
2268,2019-01-03 12:00:00,32.767948151,0.5790906961315047
2269,2019-01-03 13:00:00,32.773822784,0.6261331246863687
2270,2019-01-03 14:00:00,32.780738831,0.37992531472022206
2271,2019-01-03 15:00:00,32.784229279,0.9223420917145848
2272,2019-01-03 16:00:00,32.781978607,0.5681966813657918
2273,2019-01-03 17:00:00,32.752811432,0.7037849567360143
2274,2019-01-03 18:00:00,32.677333832,0.9211953329038299
2275,2019-01-03 19:00:00,32.565074921,0.6665330775141629
2276,2019-01-03 20:00:00,32.409236908,0.8226773875121127
2277,2019-01-03 21:00:00,32.251251221,0.012542591905624123
2278,2019-01-03 22:00:00,32.260780334,0.39127304467338886
2279,2019-01-03 23:00:00,32.266109467,0.8218157956343918
2280,2019-01-04 00:00:00,32.264480591,0.09342069884523863
2281,2019-01-04 01:00:00,32.259613037,0.3107715921087598
2282,2019-01-04 02:00:00,32.255069733,0.9773476234165657
2283,2019-01-04 03:00:00,32.248847961,0.6184796870373187
2284,2019-01-04 04:00:00,32.242462158,0.8884443304384423
2285,2019-01-04 05:00:00,32.240085602,0.3597367965783633
2286,2019-01-04 06:00:00,32.229991913,0.6916787689817205
2287,2019-01-04 07:00:00,32.226463318,0.17407389735489298
2288,2019-01-04 08:00:00,32.229946136,0.40893068475017147
2289,2019-01-04 09:00:00,32.234954834,0.9479283329003135
2290,2019-01-04 10:00:00,32.242214203,0.5973098909374491
2291,2019-01-04 11:00:00,32.249031067,0.1304494051976699
2292,2019-01-04 12:00:00,32.251655579,0.4936942125648388
2293,2019-01-04 13:00:00,32.251586914,0.47841772753580936
2294,2019-01-04 14:00:00,32.253662109,0.5586480127955551
2295,2019-01-04 15:00:00,32.252113342,0.9338790807352054
2296,2019-01-04 16:00:00,32.246688843,0.6182384816713071
2297,2019-01-04 17:00:00,32.223381042,0.7262020076358826
2298,2019-01-04 18:00:00,32.149093628,0.6678956159040421
2299,2019-01-04 19:00:00,31.956127167,0.9509411106110891
2300,2019-01-04 20:00:00,31.104854584,0.2710565617513321
2301,2019-01-04 21:00:00,30.13904953,0.7724580242926375
2302,2019-01-04 22:00:00,29.500259399,0.4864373940612229
2303,2019-01-04 23:00:00,28.966293335,0.8027093080343427
2304,2019-01-05 00:00:00,28.517513275,0.31762784377729636
2305,2019-01-05 01:00:00,28.141159058,0.9867498166038232
2306,2019-01-05 02:00:00,27.828315735,0.4097016386177764
2307,2019-01-05 03:00:00,27.571224213,0.4231613076311751
2308,2019-01-05 04:00:00,27.363035202,0.7135075111931083
2309,2019-01-05 05:00:00,27.195156097,0.0042830431971727645
2310,2019-01-05 06:00:00,27.066417694,0.5822612687363931
2311,2019-01-05 07:00:00,26.971866608,0.2989798806187085
2312,2019-01-05 08:00:00,26.90385437,0.8989775027356636
2313,2019-01-05 09:00:00,26.862026215,0.7374941923168469
2314,2019-01-05 10:00:00,26.840339661,0.7069988149014924
2315,2019-01-05 11:00:00,26.839948654,0.8261558521305398
2316,2019-01-05 12:00:00,26.844724655,0.07143419675808182
2317,2019-01-05 13:00:00,26.849155426,0.1463371168144465
2318,2019-01-05 14:00:00,26.854047775,0.1393044326615238
2319,2019-01-05 15:00:00,26.855554581,0.04884087259251124
2320,2019-01-05 16:00:00,26.84980011,0.14153334013451402
2321,2019-01-05 17:00:00,26.826652527,0.14344531094558377
2322,2019-01-05 18:00:00,26.774736404,0.9473585262446826
2323,2019-01-05 19:00:00,26.855455399,0.6478824625747501
2324,2019-01-05 20:00:00,26.953197479,0.39015234277838795
2325,2019-01-05 21:00:00,26.838562012,0.8541420580183945
2326,2019-01-05 22:00:00,27.117338181,0.590622018701705
2327,2019-01-05 23:00:00,27.140457153,0.6894744852368636
2328,2019-01-06 00:00:00,26.96456337,0.4488329544825138
2329,2019-01-06 01:00:00,26.720661163,0.07430897736642983
2330,2019-01-06 02:00:00,26.508235931,0.13204984807619624
2331,2019-01-06 03:00:00,26.335409164,0.8177722159062113
2332,2019-01-06 04:00:00,26.208892822,0.06328260061582247
2333,2019-01-06 05:00:00,26.096206665,0.6088041499824955
2334,2019-01-06 06:00:00,26.020324707,0.7440156886834094
2335,2019-01-06 07:00:00,25.973415375,0.1724845852796958
2336,2019-01-06 08:00:00,25.949554443,0.027117559920004197
2337,2019-01-06 09:00:00,25.934171677,0.7444642965465005
2338,2019-01-06 10:00:00,25.918777466,0.5955865939407857
2339,2019-01-06 11:00:00,25.896430969,0.7218389010125974
2340,2019-01-06 12:00:00,25.877418518,0.11894732305664668
2341,2019-01-06 13:00:00,25.865364075,0.791135559108018
2342,2019-01-06 14:00:00,27.244562149,0.31642589534896015
2343,2019-01-06 15:00:00,28.158535004,0.969275466334369
2344,2019-01-06 16:00:00,29.878864288,0.7586365448804369
2345,2019-01-06 17:00:00,31.878356934,0.8033703253987321
2346,2019-01-06 18:00:00,33.523757935,0.0036525753890612744
2347,2019-01-06 19:00:00,34.946960449,0.1906061737174286
2348,2019-01-06 20:00:00,36.766059875,0.5697165772355329
2349,2019-01-06 21:00:00,36.618843079,0.8710672613949166
2350,2019-01-06 22:00:00,36.625045776,0.9459203108776214
2351,2019-01-06 23:00:00,36.630317688,0.22454605114378046
2352,2019-01-07 00:00:00,36.636672974,0.5757774814703921
2353,2019-01-07 01:00:00,36.940639496,0.5839667381395172
2354,2019-01-07 02:00:00,37.246696472,0.6507762479816105
2355,2019-01-07 03:00:00,37.257972717,0.9696367308561906
2356,2019-01-07 04:00:00,37.258846283,0.503781885196444
2357,2019-01-07 05:00:00,37.25005722,0.65374217308345
2358,2019-01-07 06:00:00,37.235668182,0.11741285524087375
2359,2019-01-07 07:00:00,37.216133118,0.3180516238699559
2360,2019-01-07 08:00:00,37.191825867,0.0023964298397894934
2361,2019-01-07 09:00:00,37.163871765,0.013089586308775658
2362,2019-01-07 10:00:00,37.134449005,0.007808346426955826
2363,2019-01-07 11:00:00,37.106838226,0.14296198730213627
2364,2019-01-07 12:00:00,37.077281952,0.6789910708794474
2365,2019-01-07 13:00:00,37.051685333,0.14199728861067973
2366,2019-01-07 14:00:00,37.029411316,0.9207526705410861
2367,2019-01-07 15:00:00,37.001396179,0.16144660914365028
2368,2019-01-07 16:00:00,36.970726013,0.8877318525891499
2369,2019-01-07 17:00:00,41.021800995,0.5361090543037124
2370,2019-01-07 18:00:00,41.76713562,0.2885492631847455
2371,2019-01-07 19:00:00,41.702514648,0.33224703338278294
2372,2019-01-07 20:00:00,41.600986481,0.21241824872144244
2373,2019-01-07 21:00:00,41.234184265,0.23191712097003292
2374,2019-01-07 22:00:00,41.047157288,0.7045549086760937
2375,2019-01-07 23:00:00,40.883872986,0.7477669833423404
2376,2019-01-08 00:00:00,40.744400024,0.5767916198804341
2377,2019-01-08 01:00:00,40.621047974,0.4982017505947627
2378,2019-01-08 02:00:00,40.505184174,0.15431450443801908
2379,2019-01-08 03:00:00,40.401954651,0.7705377129166214
2380,2019-01-08 04:00:00,40.307197571,0.693235689904354
2381,2019-01-08 05:00:00,40.226608276,0.23399776002650963
2382,2019-01-08 06:00:00,40.154312134,0.2110283619446086
2383,2019-01-08 07:00:00,40.088756561,0.5020007092026281
2384,2019-01-08 08:00:00,40.030094147,0.19582976706588473
2385,2019-01-08 09:00:00,39.97530365,0.632186552596113
2386,2019-01-08 10:00:00,39.924079895,0.05503962855977629
2387,2019-01-08 11:00:00,39.876708984,0.3494616688696105
2388,2019-01-08 12:00:00,39.831348419,0.7812384850314983
2389,2019-01-08 13:00:00,39.790927887,0.5490113783190655
2390,2019-01-08 14:00:00,39.752735138,0.9456937637365682
2391,2019-01-08 15:00:00,39.713863373,0.8146148809481757
2392,2019-01-08 16:00:00,39.671504974,0.6947201552680047
2393,2019-01-08 17:00:00,39.606388092,0.46118496588218816
2394,2019-01-08 18:00:00,39.498802185,0.6657259642192139
2395,2019-01-08 19:00:00,39.117675781,0.9495227567736516
2396,2019-01-08 20:00:00,38.200134277,0.7386571006385901
2397,2019-01-08 21:00:00,36.956703186,0.18501255991548882
2398,2019-01-08 22:00:00,36.04649353,0.4192621532573729
2399,2019-01-08 23:00:00,35.293441772,0.05484239466257834
2400,2019-01-09 00:00:00,34.670482635,0.6114486564680928
2401,2019-01-09 01:00:00,34.146465302,0.04731620205724596
2402,2019-01-09 02:00:00,33.708152771,0.7245262988006266
2403,2019-01-09 03:00:00,33.341747284,0.7657181524188061
2404,2019-01-09 04:00:00,33.037033081,0.5656596132425297
2405,2019-01-09 05:00:00,32.790470123,0.49296743660036213
2406,2019-01-09 06:00:00,32.593185425,0.3853378247189786
2407,2019-01-09 07:00:00,32.436985016,0.5126989902030527
2408,2019-01-09 08:00:00,32.315406799,0.3103679437955751
2409,2019-01-09 09:00:00,32.22359848,0.22092176540489727
2410,2019-01-09 10:00:00,32.157226562,0.31314722502542314
2411,2019-01-09 11:00:00,32.113998413,0.6900758040233157
2412,2019-01-09 12:00:00,32.089107513,0.46508767929204886
2413,2019-01-09 13:00:00,32.079814911,0.4330956708775916
2414,2019-01-09 14:00:00,32.08555603,0.47774126187892096
2415,2019-01-09 15:00:00,32.094429016,0.7973520491815794
2416,2019-01-09 16:00:00,32.093986511,0.7980114957613059
2417,2019-01-09 17:00:00,32.07326889,0.7999235449147115
2418,2019-01-09 18:00:00,32.009429932,0.23282694331360854
2419,2019-01-09 19:00:00,31.814533234,0.24845956490467114
2420,2019-01-09 20:00:00,31.172197342,0.7317764331239737
2421,2019-01-09 21:00:00,30.017642975,0.5796878971930228
2422,2019-01-09 22:00:00,29.219648361,0.4050387249402151
2423,2019-01-09 23:00:00,28.563817978,0.5479512418940842
2424,2019-01-10 00:00:00,28.022895813,0.589735824323742
2425,2019-01-10 01:00:00,27.576248169,0.011106049604284185
2426,2019-01-10 02:00:00,27.206609726,0.2120725493747544
2427,2019-01-10 03:00:00,26.900156021,0.43769595763290425
2428,2019-01-10 04:00:00,26.646289825,0.2194706457696567
2429,2019-01-10 05:00:00,26.436429977,0.8530464671167091
2430,2019-01-10 06:00:00,26.264387131,0.23774433030784003
2431,2019-01-10 07:00:00,26.120479584,0.26452084799301023
2432,2019-01-10 08:00:00,26.00173378,0.8501128303573106
2433,2019-01-10 09:00:00,25.90345192,0.6262164164427481
2434,2019-01-10 10:00:00,25.820287704,0.6087222595754045
2435,2019-01-10 11:00:00,25.752449036,0.5273063904362186
2436,2019-01-10 12:00:00,25.695533752,0.7869995718154411
2437,2019-01-10 13:00:00,25.647855759,0.6625785270757114
2438,2019-01-10 14:00:00,25.608215332,0.9818075819598389
2439,2019-01-10 15:00:00,25.570617676,0.757394198559382
2440,2019-01-10 16:00:00,25.530462265,0.6137534101716184
2441,2019-01-10 17:00:00,25.464952469,0.3378579460541352
2442,2019-01-10 18:00:00,25.258611679,0.3558266697305439
2443,2019-01-10 19:00:00,24.958150864,0.4499918429420179
2444,2019-01-10 20:00:00,24.275737762,0.24871684243379455
2445,2019-01-10 21:00:00,23.129526138,0.11258727392249968
2446,2019-01-10 22:00:00,22.331314087,0.541804052046616
2447,2019-01-10 23:00:00,21.672950745,0.7904795164805938
2448,2019-01-11 00:00:00,21.129161835,0.7545765441315219
2449,2019-01-11 01:00:00,20.93488121,0.4860386360259771
2450,2019-01-11 02:00:00,20.571517944,0.6081981213342177
2451,2019-01-11 03:00:00,20.272834778,0.24647646393806244
2452,2019-01-11 04:00:00,20.023580551,0.38473645907422593
2453,2019-01-11 05:00:00,19.819042206,0.3884589627222633
2454,2019-01-11 06:00:00,19.646429062,0.691671019211068
2455,2019-01-11 07:00:00,19.50186348,0.6420806446043764
2456,2019-01-11 08:00:00,19.387771606,0.0972493407085192
2457,2019-01-11 09:00:00,19.293115616,0.1590070857443301
2458,2019-01-11 10:00:00,19.214256287,0.7130347447198631
2459,2019-01-11 11:00:00,19.148591995,0.7331074610778856
2460,2019-01-11 12:00:00,19.098178864,0.9293849430932242
2461,2019-01-11 13:00:00,19.056476593,0.8666602845996868
2462,2019-01-11 14:00:00,19.022821426,0.4651381298655691
2463,2019-01-11 15:00:00,18.992904663,0.0741104271450933
2464,2019-01-11 16:00:00,18.95574379,0.11661061190597544
2465,2019-01-11 17:00:00,18.901033401,0.6085796751180632
2466,2019-01-11 18:00:00,18.843263626,0.8078631063947912
2467,2019-01-11 19:00:00,18.772172928,0.19307396845558245
2468,2019-01-11 20:00:00,18.633838654,0.4720034272988354
2469,2019-01-11 21:00:00,18.143537521,0.7114731505698298
2470,2019-01-11 22:00:00,17.794519424,0.6307553032751525
2471,2019-01-11 23:00:00,17.500154495,0.25692448656910016
2472,2019-01-12 00:00:00,17.261735916,0.6037388453044186
2473,2019-01-12 01:00:00,17.066314697,0.2593572492578664
2474,2019-01-12 02:00:00,16.907648087,0.9245287279635587
2475,2019-01-12 03:00:00,16.782054901,0.8020023243897346
2476,2019-01-12 04:00:00,16.680269241,0.5869100672197559
2477,2019-01-12 05:00:00,16.597291946,0.6933785634589471
2478,2019-01-12 06:00:00,16.524366379,0.7915546833890417
2479,2019-01-12 07:00:00,16.463582993,0.9109850120380089
2480,2019-01-12 08:00:00,16.413459778,0.5239371254648557
2481,2019-01-12 09:00:00,16.371459961,0.3990401526416919
2482,2019-01-12 10:00:00,16.455196381,0.648983422748686
2483,2019-01-12 11:00:00,16.483160019,0.1001969917078841
2484,2019-01-12 12:00:00,16.720165253,0.9673836064865333
2485,2019-01-12 13:00:00,16.717308044,0.094605501240972
2486,2019-01-12 14:00:00,16.708524704,0.7090327794592226
2487,2019-01-12 15:00:00,16.702028275,0.5988551531118166
2488,2019-01-12 16:00:00,17.779777527,0.663560337682717
2489,2019-01-12 17:00:00,18.54574585,0.9007892121305622
2490,2019-01-12 18:00:00,19.095760345,0.24834724919090312
2491,2019-01-12 19:00:00,19.699840546,0.8188597262173337
2492,2019-01-12 20:00:00,19.878993988,0.47727815859913925
2493,2019-01-12 21:00:00,20.246807098,0.8940932749779423
2494,2019-01-12 22:00:00,20.466817856,0.35652398712482836
2495,2019-01-12 23:00:00,20.532657623,0.842851627931747
2496,2019-01-13 00:00:00,20.582969666,0.3558804488866547
2497,2019-01-13 01:00:00,20.636322021,0.8710721427884154
2498,2019-01-13 02:00:00,20.663642883,0.6902615096746015
2499,2019-01-13 03:00:00,20.686555862,0.015496997743420726
2500,2019-01-13 04:00:00,20.701633453,0.2720528125319859
2501,2019-01-13 05:00:00,20.722900391,0.6836516281575272
2502,2019-01-13 06:00:00,20.758747101,0.5446348884575937
2503,2019-01-13 07:00:00,20.798254013,0.6482423237667095
2504,2019-01-13 08:00:00,20.838577271,0.35706872393016653
2505,2019-01-13 09:00:00,20.873401642,0.7317216838996685
2506,2019-01-13 10:00:00,20.890182495,0.8550647145494956
2507,2019-01-13 11:00:00,20.919290543,0.18704080226994135
2508,2019-01-13 12:00:00,20.937696457,0.20668787210120776
2509,2019-01-13 13:00:00,20.973510742,0.5301210776250093
2510,2019-01-13 14:00:00,20.992362976,0.774634583847354
2511,2019-01-13 15:00:00,21.012735367,0.6822492230512174
2512,2019-01-13 16:00:00,21.101877213,0.5185073857421465
2513,2019-01-13 17:00:00,21.398916245,0.501342688690381
2514,2019-01-13 18:00:00,21.753568649,0.1010145855743334
2515,2019-01-13 19:00:00,21.8822155,0.7329739831954171
2516,2019-01-13 20:00:00,22.815437317,0.7047707999084143
2517,2019-01-13 21:00:00,23.310697556,0.24821279867630475
2518,2019-01-13 22:00:00,23.952342987,0.08708772471579773
2519,2019-01-13 23:00:00,24.076784134,0.4353532265164999
2520,2019-01-14 00:00:00,24.229772568,0.8438049240608244
2521,2019-01-14 01:00:00,24.325677872,0.886259633147016
2522,2019-01-14 02:00:00,24.467823029,0.029223185334072865
2523,2019-01-14 03:00:00,24.532411575,0.7173005477099011
2524,2019-01-14 04:00:00,24.577047348,0.6817250533956626
2525,2019-01-14 05:00:00,24.629735947,0.24058617051973352
2526,2019-01-14 06:00:00,24.754724503,0.643687057098997
2527,2019-01-14 07:00:00,24.808401108,0.0009316849876966904
2528,2019-01-14 08:00:00,24.84513092,0.3999635260980622
2529,2019-01-14 09:00:00,24.868999481,0.3935705100122605
2530,2019-01-14 10:00:00,24.884859085,0.7365714545196288
2531,2019-01-14 11:00:00,24.911722183,0.227615073114671
2532,2019-01-14 12:00:00,24.942613602,0.435804641426213
2533,2019-01-14 13:00:00,24.968288422,0.9912529077419868
2534,2019-01-14 14:00:00,25.003931046,0.5086216075029791
2535,2019-01-14 15:00:00,25.032852173,0.012427166007944468
2536,2019-01-14 16:00:00,25.049776077,0.15206704846085028
2537,2019-01-14 17:00:00,25.044895172,0.8807109332541752
2538,2019-01-14 18:00:00,25.017475128,0.145679755408905
2539,2019-01-14 19:00:00,24.966379166,0.2051186775815168
2540,2019-01-14 20:00:00,24.932495117,0.9573006219389962
2541,2019-01-14 21:00:00,24.907421112,0.18380057881630718
2542,2019-01-14 22:00:00,25.00122261,0.6737449655111182
2543,2019-01-14 23:00:00,25.005943298,0.5006188445002713
2544,2019-01-15 00:00:00,25.009952545,0.15209210058778944
2545,2019-01-15 01:00:00,25.014183044,0.6585343577632475
2546,2019-01-15 02:00:00,25.015321732,0.9738525269824481
2547,2019-01-15 03:00:00,25.016124725,0.8493811739772255
2548,2019-01-15 04:00:00,25.014251709,0.9094280411766802
2549,2019-01-15 05:00:00,25.018095016,0.40636258978833817
2550,2019-01-15 06:00:00,25.017860413,0.2768428448237146
2551,2019-01-15 07:00:00,25.029277802,0.37692554912157217
2552,2019-01-15 08:00:00,25.037750244,0.35242144679066056
2553,2019-01-15 09:00:00,25.048086166,0.147520792146281
2554,2019-01-15 10:00:00,25.059482574,0.6907271071288644
2555,2019-01-15 11:00:00,25.074462891,0.7430483420210333
2556,2019-01-15 12:00:00,25.100793839,0.30708860915162195
2557,2019-01-15 13:00:00,25.115562439,0.7635678101533485
2558,2019-01-15 14:00:00,25.125507355,0.4638009393718854
2559,2019-01-15 15:00:00,25.140104294,0.4151185482736357
2560,2019-01-15 16:00:00,25.158159256,0.5089716490327009
2561,2019-01-15 17:00:00,25.162069321,0.7406730295277322
2562,2019-01-15 18:00:00,25.659311295,0.448509963873452
2563,2019-01-15 19:00:00,25.588150024,0.07290674128632946
2564,2019-01-15 20:00:00,25.584682465,0.25205623735335925
2565,2019-01-15 21:00:00,25.354892731,0.10452287014314587
2566,2019-01-15 22:00:00,25.285181046,0.5680799877319009
2567,2019-01-15 23:00:00,25.377830505,0.976520026063604
2568,2019-01-16 00:00:00,25.301395416,0.7677068663083706
2569,2019-01-16 01:00:00,25.141693115,0.48841317022391606
2570,2019-01-16 02:00:00,25.090646744,0.9737186210418044
2571,2019-01-16 03:00:00,24.962810516,0.22412797423728803
2572,2019-01-16 04:00:00,25.02463913,0.7049401242001401
2573,2019-01-16 05:00:00,25.261302948,0.31583769337727796
2574,2019-01-16 06:00:00,26.49001503,0.06782899566783651
2575,2019-01-16 07:00:00,28.715246201,0.32784251989428925
2576,2019-01-16 08:00:00,31.656522751,0.4041228389694508
2577,2019-01-16 09:00:00,33.751098633,0.9674543091680745
2578,2019-01-16 10:00:00,35.236793518,0.2525933795387575
2579,2019-01-16 11:00:00,35.442317963,0.16049605276675605
2580,2019-01-16 12:00:00,35.445709229,0.35836216984028557
2581,2019-01-16 13:00:00,37.981117249,0.19767542095542623
2582,2019-01-16 14:00:00,38.389915466,0.8913125011612213
2583,2019-01-16 15:00:00,38.389701843,0.4399808265020142
2584,2019-01-16 16:00:00,38.775505066,0.4325078734710761
2585,2019-01-16 17:00:00,39.744018555,0.028418560813708416
2586,2019-01-16 18:00:00,40.388629913,0.0010972173084181636
2587,2019-01-16 19:00:00,40.700977325,0.8802987618585849
2588,2019-01-16 20:00:00,40.866443634,0.42438254156587485
2589,2019-01-16 21:00:00,40.793422699,0.3383594142792129
2590,2019-01-16 22:00:00,40.449279785,0.8564634877958818
2591,2019-01-16 23:00:00,40.233142853,0.7687231307473068
2592,2019-01-17 00:00:00,40.03470993,0.3504847642518092
2593,2019-01-17 01:00:00,39.847511292,0.34795466993433544
2594,2019-01-17 02:00:00,39.673213959,0.42970507477798037
2595,2019-01-17 03:00:00,39.514736176,0.4156129069947889
2596,2019-01-17 04:00:00,39.364059448,0.782691686543041
2597,2019-01-17 05:00:00,39.224025726,0.13553197326433142
2598,2019-01-17 06:00:00,39.096599579,0.8197724016121058
2599,2019-01-17 07:00:00,38.987949371,0.8067123872307318
2600,2019-01-17 08:00:00,38.889354706,0.5432950773296416
2601,2019-01-17 09:00:00,38.805381775,0.15210317969447518
2602,2019-01-17 10:00:00,38.733181,0.6813172650299606
2603,2019-01-17 11:00:00,38.669345856,0.02477774872232885
2604,2019-01-17 12:00:00,38.61284256,0.8966943726250713
2605,2019-01-17 13:00:00,38.599395752,0.4227063711723077
2606,2019-01-17 14:00:00,38.590446472,0.4588842600847093
2607,2019-01-17 15:00:00,38.579811096,0.9633193558990811
2608,2019-01-17 16:00:00,38.557102203,0.09885576582275712
2609,2019-01-17 17:00:00,38.511951447,0.9275327498624855
2610,2019-01-17 18:00:00,38.450569153,0.29613469007326076
2611,2019-01-17 19:00:00,39.146949768,0.5037409010883809
2612,2019-01-17 20:00:00,41.578369141,0.736026937529088
2613,2019-01-17 21:00:00,43.532867432,0.9970255088675355
2614,2019-01-17 22:00:00,44.149421692,0.8668729719770354
2615,2019-01-17 23:00:00,44.233539581,0.9533981224716587
2616,2019-01-18 00:00:00,43.911392212,0.4463454848774503
2617,2019-01-18 01:00:00,45.257110596,0.32907999540352273
2618,2019-01-18 02:00:00,45.501045227,0.7415864503450872
2619,2019-01-18 03:00:00,46.252319336,0.9971552298570115
2620,2019-01-18 04:00:00,46.650440216,0.7141660927412697
2621,2019-01-18 05:00:00,46.786067963,0.9040423368763741
2622,2019-01-18 06:00:00,47.647384644,0.09188585442583885
2623,2019-01-18 07:00:00,50.447601318,0.33040922058967137
2624,2019-01-18 08:00:00,52.023487091,0.7770230026816477
2625,2019-01-18 09:00:00,53.362766266,0.4535882114507763
2626,2019-01-18 10:00:00,55.270328522,0.6404836750269974
2627,2019-01-18 11:00:00,56.672595978,0.30204223247734374
2628,2019-01-18 12:00:00,57.223617554,0.22842912245241176
2629,2019-01-18 13:00:00,60.680427551,0.6761505625471018
2630,2019-01-18 14:00:00,60.672103882,0.6664305239497021
2631,2019-01-18 15:00:00,60.666408539,0.14787042299239894
2632,2019-01-18 16:00:00,60.658180237,0.4325478213842735
2633,2019-01-18 17:00:00,60.636768341,0.5898595028954162
2634,2019-01-18 18:00:00,60.591087341,0.822034988214526
2635,2019-01-18 19:00:00,60.626480103,0.3062845170547087
2636,2019-01-18 20:00:00,60.541015625,0.24938870768197396
2637,2019-01-18 21:00:00,60.452331543,0.08141422113066366
2638,2019-01-18 22:00:00,60.355308533,0.7080427555652746
2639,2019-01-18 23:00:00,60.322113037,0.5493516194179102
2640,2019-01-19 00:00:00,60.291732788,0.5195190443226186
2641,2019-01-19 01:00:00,60.260162354,0.606160079692952
2642,2019-01-19 02:00:00,60.22492218,0.3467883820799885
2643,2019-01-19 03:00:00,60.185646057,0.8752945447622489
2644,2019-01-19 04:00:00,60.147525787,0.34108018967838416
2645,2019-01-19 05:00:00,60.113155365,0.3037470396012498
2646,2019-01-19 06:00:00,60.078895569,0.19682072876433565
2647,2019-01-19 07:00:00,60.041255951,0.02234462693499084
2648,2019-01-19 08:00:00,60.001365662,0.009308229320539096
2649,2019-01-19 09:00:00,59.957862854,0.7353729733916758
2650,2019-01-19 10:00:00,59.914608002,0.2548288227574298
2651,2019-01-19 11:00:00,59.874423981,0.2560242897739573
2652,2019-01-19 12:00:00,59.831062317,0.8774468611382578
2653,2019-01-19 13:00:00,59.790931702,0.9952606779323203
2654,2019-01-19 14:00:00,59.751686096,0.5575188955315165
2655,2019-01-19 15:00:00,59.69733429,0.43519319433871817
2656,2019-01-19 16:00:00,59.628765106,0.7579044689779866
2657,2019-01-19 17:00:00,59.543178558,0.19281227949521607
2658,2019-01-19 18:00:00,59.433517456,0.5369470380529227
2659,2019-01-19 19:00:00,59.307281494,0.8051958363509817
2660,2019-01-19 20:00:00,58.955547333,0.1205606478772715
2661,2019-01-19 21:00:00,58.466846466,0.09323465033341638
2662,2019-01-19 22:00:00,57.700183868,0.6680013515562269
2663,2019-01-19 23:00:00,57.149856567,0.4356857527549811
2664,2019-01-20 00:00:00,56.685367584,0.22821495457729413
2665,2019-01-20 01:00:00,56.298820496,0.7702114780241894
2666,2019-01-20 02:00:00,55.970222473,0.33747449117720596
2667,2019-01-20 03:00:00,55.698448181,0.5949029962425554
2668,2019-01-20 04:00:00,55.473129272,0.12478513503282163
2669,2019-01-20 05:00:00,55.28421402,0.7792957647588153
2670,2019-01-20 06:00:00,55.125541687,0.4202713648276085
2671,2019-01-20 07:00:00,54.989265442,0.981419718857699
2672,2019-01-20 08:00:00,54.874645233,0.2469252677049093
2673,2019-01-20 09:00:00,54.779186249,0.6934021161390692
2674,2019-01-20 10:00:00,54.689826965,0.8047440906916207
2675,2019-01-20 11:00:00,54.610454559,0.44298842909729563
2676,2019-01-20 12:00:00,54.540050507,0.20725299070624892
2677,2019-01-20 13:00:00,54.478736877,0.5448115351891587
2678,2019-01-20 14:00:00,54.422302246,0.8846076914386981
2679,2019-01-20 15:00:00,54.364330292,0.14998920916527292
2680,2019-01-20 16:00:00,54.295375824,0.32712456624704334
2681,2019-01-20 17:00:00,54.200912476,0.5774092823844725
2682,2019-01-20 18:00:00,54.072158813,0.6328693215417501
2683,2019-01-20 19:00:00,53.727394104,0.26962517297700783
2684,2019-01-20 20:00:00,52.794857025,0.9516304192783622
2685,2019-01-20 21:00:00,51.778747559,0.8207153444119273
2686,2019-01-20 22:00:00,50.581741333,0.5075298333895395
2687,2019-01-20 23:00:00,49.732036591,0.8131348637688409
2688,2019-01-21 00:00:00,49.031829834,0.1208415900789297
2689,2019-01-21 01:00:00,48.4492836,0.867368962736909
2690,2019-01-21 02:00:00,47.966899872,0.8594650845484728
2691,2019-01-21 03:00:00,47.568370819,0.3373709120425141
2692,2019-01-21 04:00:00,47.238067627,0.5211648461036289
2693,2019-01-21 05:00:00,46.96578598,0.43075518019757664
2694,2019-01-21 06:00:00,46.741775513,0.6120796182367896
2695,2019-01-21 07:00:00,46.558208466,0.5571144614209486
2696,2019-01-21 08:00:00,46.407657623,0.0754905222239377
2697,2019-01-21 09:00:00,46.283092499,0.02329440718260023
2698,2019-01-21 10:00:00,46.181533813,0.5120207678942028
2699,2019-01-21 11:00:00,46.098876953,0.8754897663965513
2700,2019-01-21 12:00:00,46.031188965,0.4327936878497477
2701,2019-01-21 13:00:00,45.974552155,0.2946517502750535
2702,2019-01-21 14:00:00,45.927890778,0.21084190204527442
2703,2019-01-21 15:00:00,45.886520386,0.16117869779527572
2704,2019-01-21 16:00:00,45.839832306,0.33855414955483776
2705,2019-01-21 17:00:00,45.878490448,0.5555111334960199
2706,2019-01-21 18:00:00,46.033908844,0.6824062419914987
2707,2019-01-21 19:00:00,46.137500763,0.14809785661981456
2708,2019-01-21 20:00:00,46.420818329,0.21829675317517228
2709,2019-01-21 21:00:00,46.75352478,0.5611599093393227
2710,2019-01-21 22:00:00,46.719486237,0.36409984685412733
2711,2019-01-21 23:00:00,46.733074188,0.9512385385804787
2712,2019-01-22 00:00:00,46.677555084,0.15251456975686528
2713,2019-01-22 01:00:00,46.749504089,0.5771390217008545
2714,2019-01-22 02:00:00,46.7538414,0.18085792433765824
2715,2019-01-22 03:00:00,46.761550903,0.47535924827980336
2716,2019-01-22 04:00:00,46.784732819,0.514106200503913
2717,2019-01-22 05:00:00,46.818439484,0.05987758292872969
2718,2019-01-22 06:00:00,46.962463379,0.30766407909913307
2719,2019-01-22 07:00:00,47.117980957,0.40208467968923545
2720,2019-01-22 08:00:00,47.192287445,0.3698095604213547
2721,2019-01-22 09:00:00,47.258609772,0.7388542220928106
2722,2019-01-22 10:00:00,47.329181671,0.747414607305872
2723,2019-01-22 11:00:00,47.401630402,0.024321385509759375
2724,2019-01-22 12:00:00,47.576633453,0.7131966497430242
2725,2019-01-22 13:00:00,47.557929993,0.5261714391010438
2726,2019-01-22 14:00:00,47.540985107,0.5861749532064628
2727,2019-01-22 15:00:00,47.522281647,0.6235564687121565
2728,2019-01-22 16:00:00,47.499610901,0.7655929105242898
2729,2019-01-22 17:00:00,47.46496582,0.5147207077221055
2730,2019-01-22 18:00:00,47.401504517,0.31088970451574394
2731,2019-01-22 19:00:00,47.309806824,0.020982244837314146
2732,2019-01-22 20:00:00,47.16268158,0.8598748962956178
2733,2019-01-22 21:00:00,46.954715729,0.5779646913374027
2734,2019-01-22 22:00:00,46.476394653,0.3466846992139052
2735,2019-01-22 23:00:00,46.182189941,0.8530328404426215
2736,2019-01-23 00:00:00,45.941577911,0.19668697876507812
2737,2019-01-23 01:00:00,45.739208221,0.9425209165091619
2738,2019-01-23 02:00:00,45.570224762,0.06981765232415105
2739,2019-01-23 03:00:00,45.429393768,0.9174985606481374
2740,2019-01-23 04:00:00,45.311561584,0.30000275653380337
2741,2019-01-23 05:00:00,45.21257782,0.4515238478294582
2742,2019-01-23 06:00:00,45.129192352,0.3702413945731301
2743,2019-01-23 07:00:00,45.057235718,0.8208540003915411
2744,2019-01-23 08:00:00,44.98575592,0.16197504202139346
2745,2019-01-23 09:00:00,44.918746948,0.15790334495521607
2746,2019-01-23 10:00:00,44.859130859,0.17956470786759704
2747,2019-01-23 11:00:00,44.808250427,0.7772632126684602
2748,2019-01-23 12:00:00,44.766986847,0.9380312286245152
2749,2019-01-23 13:00:00,44.735267639,0.8511148222757408
2750,2019-01-23 14:00:00,44.699131012,0.46703107209998207
2751,2019-01-23 15:00:00,44.660049438,0.3222325204646782
2752,2019-01-23 16:00:00,44.619373322,0.04160874602227915
2753,2019-01-23 17:00:00,44.577198029,0.20948525675085394
2754,2019-01-23 18:00:00,44.529788971,0.8855994439212322
2755,2019-01-23 19:00:00,45.629753113,0.6081910331211621
2756,2019-01-23 20:00:00,46.244934082,0.7265772669565121
2757,2019-01-23 21:00:00,45.929698944,0.6676860660724591
2758,2019-01-23 22:00:00,45.477249146,0.15608179552119872
2759,2019-01-23 23:00:00,45.17722702,0.65899190888678
2760,2019-01-24 00:00:00,44.939105988,0.7993812294081389
2761,2019-01-24 01:00:00,44.743473053,0.9666252515962556
2762,2019-01-24 02:00:00,44.582302094,0.8559528569190296
2763,2019-01-24 03:00:00,44.46459198,0.16018690245330192
2764,2019-01-24 04:00:00,44.352027893,0.981413830186125
2765,2019-01-24 05:00:00,44.269233704,0.007902059128905625
2766,2019-01-24 06:00:00,44.198917389,0.07488618421099902
2767,2019-01-24 07:00:00,44.130317688,0.7168049282499108
2768,2019-01-24 08:00:00,44.071121216,0.17093270059622345
2769,2019-01-24 09:00:00,44.034683228,0.2793491966298548
2770,2019-01-24 10:00:00,43.983394623,0.5453846389963622
2771,2019-01-24 11:00:00,43.945144653,0.5517481265991827
2772,2019-01-24 12:00:00,43.913414001,0.07117877954847929
2773,2019-01-24 13:00:00,43.878479004,0.14965710911281205
2774,2019-01-24 14:00:00,43.845817566,0.7486778802062204
2775,2019-01-24 15:00:00,43.815841675,0.8695655634793232
2776,2019-01-24 16:00:00,43.78553772,0.6780186775069763
2777,2019-01-24 17:00:00,43.750797272,0.6526704650761426
2778,2019-01-24 18:00:00,43.709468842,0.443497602915082
2779,2019-01-24 19:00:00,43.664039612,0.5538209650116773
2780,2019-01-24 20:00:00,43.609085083,0.6605426451529388
2781,2019-01-24 21:00:00,43.548820496,0.30343342523579386
2782,2019-01-24 22:00:00,43.487213135,0.3447841526583826
2783,2019-01-24 23:00:00,43.447174072,0.28469223850903624
2784,2019-01-25 00:00:00,43.40619278,0.20961682705273188
2785,2019-01-25 01:00:00,43.374015808,0.20926188877117735
2786,2019-01-25 02:00:00,43.34046936,0.08819473432109315
2787,2019-01-25 03:00:00,43.307731628,0.13809416676324693
2788,2019-01-25 04:00:00,43.27545166,0.7211887333335768
2789,2019-01-25 05:00:00,43.246025085,0.9956547368722437
2790,2019-01-25 06:00:00,43.224319458,0.28128566869089366
2791,2019-01-25 07:00:00,43.209442139,0.11710973545263248
2792,2019-01-25 08:00:00,43.196662903,0.7949036259281527
2793,2019-01-25 09:00:00,43.182540894,0.6492192779521989
2794,2019-01-25 10:00:00,43.179107666,0.15556622276297494
2795,2019-01-25 11:00:00,43.170753479,0.4173131939632755
2796,2019-01-25 12:00:00,43.15789032,0.4503827090285234
2797,2019-01-25 13:00:00,43.143493652,0.6939967758172552
2798,2019-01-25 14:00:00,43.12739563,0.592748669748285
2799,2019-01-25 15:00:00,43.105880737,0.7710261091781702
2800,2019-01-25 16:00:00,43.079807281,0.7416333316154432
2801,2019-01-25 17:00:00,43.050567627,0.8635710208077712
2802,2019-01-25 18:00:00,43.011024475,0.4685675821705745
2803,2019-01-25 19:00:00,42.965568542,0.1069181881970841
2804,2019-01-25 20:00:00,42.87758255,0.3471811186623557
2805,2019-01-25 21:00:00,42.777130127,0.5483950214653458
2806,2019-01-25 22:00:00,42.682518005,0.41247946666786706
2807,2019-01-25 23:00:00,42.681106567,0.9121270509564271
2808,2019-01-26 00:00:00,42.671348572,0.9775406096433017
2809,2019-01-26 01:00:00,42.654701233,0.33013270370370307
2810,2019-01-26 02:00:00,42.637207031,0.6671768000394709
2811,2019-01-26 03:00:00,42.621669769,0.5354460217269174
2812,2019-01-26 04:00:00,42.608707428,0.8798291251060619
2813,2019-01-26 05:00:00,42.594047546,0.8516185710268069
2814,2019-01-26 06:00:00,42.579177856,0.3079841829996641
2815,2019-01-26 07:00:00,42.56967926,0.3184334047716042
2816,2019-01-26 08:00:00,42.562187195,0.09861178607241938
2817,2019-01-26 09:00:00,42.557258606,0.24019138589219202
2818,2019-01-26 10:00:00,42.551670074,0.8954441498483727
2819,2019-01-26 11:00:00,42.541568756,0.5396962391475201
2820,2019-01-26 12:00:00,42.527069092,0.7853929126345408
2821,2019-01-26 13:00:00,42.516796112,0.9186860987045424
2822,2019-01-26 14:00:00,42.505203247,0.1791286382234919
2823,2019-01-26 15:00:00,42.482311249,0.0797893357394519
2824,2019-01-26 16:00:00,42.452568054,0.6318006991414863
2825,2019-01-26 17:00:00,42.418888092,0.9723142386530184
2826,2019-01-26 18:00:00,42.377868652,0.10166257206306395
2827,2019-01-26 19:00:00,42.337005615,0.5160387542484227
2828,2019-01-26 20:00:00,42.279682159,0.895399328278059
2829,2019-01-26 21:00:00,42.215080261,0.3039289863515655
2830,2019-01-26 22:00:00,42.145404816,0.8554963738655956
2831,2019-01-26 23:00:00,42.092197418,0.27164939620634176
2832,2019-01-27 00:00:00,42.037612915,0.5339554636032642
2833,2019-01-27 01:00:00,41.991916656,0.9555256996048503
2834,2019-01-27 02:00:00,41.946434021,0.6145807778522803
2835,2019-01-27 03:00:00,41.900901794,0.35415954958036977
2836,2019-01-27 04:00:00,41.857700348,0.3188534828870856
2837,2019-01-27 05:00:00,41.820014954,0.9176418050313823
2838,2019-01-27 06:00:00,41.794948578,0.41369599953621694
2839,2019-01-27 07:00:00,41.76701355,0.6072379886919667
2840,2019-01-27 08:00:00,41.740066528,0.11727372338166608
2841,2019-01-27 09:00:00,41.715454102,0.01678874632731764
2842,2019-01-27 10:00:00,41.692802429,0.7363843871548369
2843,2019-01-27 11:00:00,41.664646149,0.7845729332317724
2844,2019-01-27 12:00:00,41.634197235,0.1590338469556083
2845,2019-01-27 13:00:00,41.603687286,0.8476400902786038
2846,2019-01-27 14:00:00,41.570297241,0.43161935332422663
2847,2019-01-27 15:00:00,41.535381317,0.8643135164843893
2848,2019-01-27 16:00:00,41.493812561,0.09775956821783605
2849,2019-01-27 17:00:00,41.444652557,0.21071783898568963
2850,2019-01-27 18:00:00,41.379142761,0.5597242810146281
2851,2019-01-27 19:00:00,41.282295227,0.9183189172804674
2852,2019-01-27 20:00:00,41.176261902,0.7919637748677401
2853,2019-01-27 21:00:00,40.751243591,0.26488519483055395
2854,2019-01-27 22:00:00,39.846565247,0.999209575121469
2855,2019-01-27 23:00:00,39.354675293,0.3372086540473035
2856,2019-01-28 00:00:00,38.947990417,0.3430597400900812
2857,2019-01-28 01:00:00,38.613124847,0.9873611417062825
2858,2019-01-28 02:00:00,38.334972382,0.9404657203653585
2859,2019-01-28 03:00:00,38.108039856,0.08709192634502883
2860,2019-01-28 04:00:00,37.919269562,0.7406978965619607
2861,2019-01-28 05:00:00,37.761936188,0.5065625254112363
2862,2019-01-28 06:00:00,37.631111145,0.686204531028562
2863,2019-01-28 07:00:00,37.527805328,0.4787925440786768
2864,2019-01-28 08:00:00,37.444648743,0.9178679910536
2865,2019-01-28 09:00:00,37.376308441,0.8519126077930124
2866,2019-01-28 10:00:00,37.323795319,0.6442922940886385
2867,2019-01-28 11:00:00,37.283493042,0.04991264716114108
2868,2019-01-28 12:00:00,37.253494263,0.6302457417371022
2869,2019-01-28 13:00:00,37.227790833,0.5971541864197725
2870,2019-01-28 14:00:00,37.207054138,0.1374142978828854
2871,2019-01-28 15:00:00,37.190849304,0.7263641923524671
2872,2019-01-28 16:00:00,37.169746399,0.9118334405750351
2873,2019-01-28 17:00:00,37.144275665,0.8090956835654828
2874,2019-01-28 18:00:00,37.112693787,0.6534372741014195
2875,2019-01-28 19:00:00,37.066356659,0.08017290325545767
2876,2019-01-28 20:00:00,37.005470276,0.5869887826904631
2877,2019-01-28 21:00:00,36.939559937,0.7134674825753065
2878,2019-01-28 22:00:00,36.872673035,0.23451676369585173
2879,2019-01-28 23:00:00,36.839935303,0.006838543145651355
2880,2019-01-29 00:00:00,36.809234619,0.3943561164978875
2881,2019-01-29 01:00:00,36.78156662,0.23059768081240806
2882,2019-01-29 02:00:00,36.751499176,0.35401250642950266
2883,2019-01-29 03:00:00,36.72221756,0.24110418091660357
2884,2019-01-29 04:00:00,36.689876556,0.2923646188928216
2885,2019-01-29 05:00:00,36.654830933,0.817390652168347
2886,2019-01-29 06:00:00,36.614837646,0.3970684205976681
2887,2019-01-29 07:00:00,36.583095551,0.19047083422635835
2888,2019-01-29 08:00:00,36.551383972,0.8300944132167065
2889,2019-01-29 09:00:00,36.522361755,0.7606203023494795
2890,2019-01-29 10:00:00,36.495296478,0.3922901019756483
2891,2019-01-29 11:00:00,36.465740204,0.31284381288235474
2892,2019-01-29 12:00:00,36.437114716,0.5513551734355907
2893,2019-01-29 13:00:00,36.41230011,0.03059538626345537
2894,2019-01-29 14:00:00,36.387271881,0.4983184774763212
2895,2019-01-29 15:00:00,36.359680176,0.6858224789850841
2896,2019-01-29 16:00:00,36.326469421,0.7444372508888102
2897,2019-01-29 17:00:00,36.28326416,0.21427876918440902
2898,2019-01-29 18:00:00,36.229953766,0.968508541181945
2899,2019-01-29 19:00:00,36.171096802,0.14564199076631634
2900,2019-01-29 20:00:00,36.091140747,0.32378866845534615
2901,2019-01-29 21:00:00,36.000732422,0.7410910466614345
2902,2019-01-29 22:00:00,35.906837463,0.35678119302044187
2903,2019-01-29 23:00:00,35.874023438,0.10823907077392736
2904,2019-01-30 00:00:00,35.850227356,0.2687685855682027
2905,2019-01-30 01:00:00,35.820663452,0.4679691538745163
2906,2019-01-30 02:00:00,35.790714264,0.20223712623537704
2907,2019-01-30 03:00:00,35.764205933,0.2130800498243055
2908,2019-01-30 04:00:00,35.739494324,0.11979028934531977
2909,2019-01-30 05:00:00,35.719055176,0.1342072960375229
2910,2019-01-30 06:00:00,35.699981689,0.5958450075123951
2911,2019-01-30 07:00:00,35.703559875,0.5481107830022649
2912,2019-01-30 08:00:00,35.69303894,0.32146949127606994
2913,2019-01-30 09:00:00,35.691253662,0.5575406212820306
2914,2019-01-30 10:00:00,35.676677704,0.8269161496387177
2915,2019-01-30 11:00:00,35.674320221,0.23082042804369263
2916,2019-01-30 12:00:00,35.671138763,0.08066520723067683
2917,2019-01-30 13:00:00,35.667758942,0.7020005022206792
2918,2019-01-30 14:00:00,35.6677742,0.6750599411659374
2919,2019-01-30 15:00:00,35.665267944,0.565993680908518
2920,2019-01-30 16:00:00,35.659290314,0.4823254415636602
2921,2019-01-30 17:00:00,35.640914917,0.5809804741066711
2922,2019-01-30 18:00:00,35.58203125,0.3816163370159402
2923,2019-01-30 19:00:00,35.490413666,0.2930177001121106
2924,2019-01-30 20:00:00,35.408306122,0.9130947847586149
2925,2019-01-30 21:00:00,35.316162109,0.07483178931750445
2926,2019-01-30 22:00:00,35.21282196,0.7204946812974972
2927,2019-01-30 23:00:00,35.220386505,0.5277592311053863
2928,2019-01-31 00:00:00,35.223854065,0.1840162548748029
2929,2019-01-31 01:00:00,35.223197937,0.8524030748272148
2930,2019-01-31 02:00:00,35.221626282,0.8980925104469065
2931,2019-01-31 03:00:00,35.219795227,0.059282524169101736
2932,2019-01-31 04:00:00,35.221000671,0.6073205956434855
2933,2019-01-31 05:00:00,35.22309494,0.16443653921853918
2934,2019-01-31 06:00:00,35.224720001,0.0950641524948852
2935,2019-01-31 07:00:00,35.228408813,0.3068047844161155
2936,2019-01-31 08:00:00,35.225818634,0.8660194571629156
2937,2019-01-31 09:00:00,35.221870422,0.5873748333089143
2938,2019-01-31 10:00:00,35.225662231,0.10299458849829757
2939,2019-01-31 11:00:00,35.229415894,0.3966911693609362
2940,2019-01-31 12:00:00,35.232780457,0.16936627231230528
2941,2019-01-31 13:00:00,35.235870361,0.7851199803603018
2942,2019-01-31 14:00:00,35.239109039,0.4497991293193747
2943,2019-01-31 15:00:00,35.239803314,0.47594738951582183
2944,2019-01-31 16:00:00,35.235786438,0.8486807250357182
2945,2019-01-31 17:00:00,35.215106964,0.48970958483231253
2946,2019-01-31 18:00:00,35.147384644,0.06014163568862696
2947,2019-01-31 19:00:00,35.029697418,0.30028303678928037
2948,2019-01-31 20:00:00,34.862297058,0.1669982608732481
2949,2019-01-31 21:00:00,34.458732605,0.795288794383829
2950,2019-01-31 22:00:00,33.907707214,0.25344821784019245
2951,2019-01-31 23:00:00,33.594848633,0.24655178756103524
2952,2019-02-01 00:00:00,33.352706909,0.27374228109457965
2953,2019-02-01 01:00:00,33.165245056,0.43940931683796103
2954,2019-02-01 02:00:00,33.214794159,0.004775005406301491
2955,2019-02-01 03:00:00,33.148601532,0.2787987867197259
2956,2019-02-01 04:00:00,33.121562958,0.061911321812997966
2957,2019-02-01 05:00:00,33.127197266,0.12742381250341495
2958,2019-02-01 06:00:00,33.137634277,0.7484835351020195
2959,2019-02-01 07:00:00,33.14679718,0.3319357477811954
2960,2019-02-01 08:00:00,33.155574799,0.4242869968284029
2961,2019-02-01 09:00:00,33.162376404,0.635087988057212
2962,2019-02-01 10:00:00,33.16835022,0.59758174178399
2963,2019-02-01 11:00:00,33.174160004,0.43026416627782116
2964,2019-02-01 12:00:00,33.179847717,0.5680371655622929
2965,2019-02-01 13:00:00,33.184616089,0.48558228401277037
2966,2019-02-01 14:00:00,33.189102173,0.4252220601599246
2967,2019-02-01 15:00:00,33.191551208,0.09586994807002325
2968,2019-02-01 16:00:00,33.187942505,0.502846936177992
2969,2019-02-01 17:00:00,33.16583252,0.8512815080390138
2970,2019-02-01 18:00:00,33.095443726,0.37819265956712667
2971,2019-02-01 19:00:00,32.990283966,0.9000234537767849
2972,2019-02-01 20:00:00,32.674613953,0.7441895194039414
2973,2019-02-01 21:00:00,32.025211334,0.5126642281185649
2974,2019-02-01 22:00:00,31.089380264,0.18010996695027248
2975,2019-02-01 23:00:00,30.45627594,0.37287075754508625
2976,2019-02-02 00:00:00,29.93614006,0.6744426931591156
2977,2019-02-02 01:00:00,29.507274628,0.9292563415303229
2978,2019-02-02 02:00:00,29.157337189,0.8509588480233976
2979,2019-02-02 03:00:00,28.87387085,0.4688718934659697
2980,2019-02-02 04:00:00,28.642793655,0.22517001238610357
2981,2019-02-02 05:00:00,28.456727982,0.12542195973570391
2982,2019-02-02 06:00:00,28.307868958,0.8761836212219148
2983,2019-02-02 07:00:00,28.187623978,0.9846036791691135
2984,2019-02-02 08:00:00,28.094913483,0.9299245799645736
2985,2019-02-02 09:00:00,28.022636414,0.15882245500461767
2986,2019-02-02 10:00:00,27.967645645,0.6011920016489716
2987,2019-02-02 11:00:00,27.929145813,0.704276950409553
2988,2019-02-02 12:00:00,27.903755188,0.9799069884708999
2989,2019-02-02 13:00:00,27.89043808,0.3972444632959189
2990,2019-02-02 14:00:00,27.886571884,0.2914340152298356
2991,2019-02-02 15:00:00,27.887849808,0.5485713360429718
2992,2019-02-02 16:00:00,27.888191223,0.17674016011840055
2993,2019-02-02 17:00:00,27.874891281,0.5678917613689461
2994,2019-02-02 18:00:00,27.84869194,0.8220035525134346
2995,2019-02-02 19:00:00,27.764543533,0.1082407173604718
2996,2019-02-02 20:00:00,27.359436035,0.8876188750114115
2997,2019-02-02 21:00:00,26.703575134,0.9378273389695193
2998,2019-02-02 22:00:00,25.877878189,0.9918016742278838
2999,2019-02-02 23:00:00,25.275272369,0.8667458312824007
3000,2019-02-03 00:00:00,24.776254654,0.20400986401626542
3001,2019-02-03 01:00:00,24.367923737,0.4749630775403165
3002,2019-02-03 02:00:00,24.035036087,0.4768388046132247
3003,2019-02-03 03:00:00,23.781557083,0.8435142857228708
3004,2019-02-03 04:00:00,23.58172226,0.4335598179271599
3005,2019-02-03 05:00:00,23.425662994,0.5808725941550631
3006,2019-02-03 06:00:00,23.300733566,0.6006850752239273
3007,2019-02-03 07:00:00,26.173599243,0.776132926080921
3008,2019-02-03 08:00:00,26.396291733,0.9600543306815524
3009,2019-02-03 09:00:00,26.658763885,0.10019030313843869
3010,2019-02-03 10:00:00,26.907222748,0.5916137483482116
3011,2019-02-03 11:00:00,27.127933502,0.944409808182613
3012,2019-02-03 12:00:00,27.322805405,0.8240589935460104
3013,2019-02-03 13:00:00,27.528991699,0.528834698864179
3014,2019-02-03 14:00:00,27.645757675,0.9436097875208117
3015,2019-02-03 15:00:00,27.829647064,0.18089241981589688
3016,2019-02-03 16:00:00,27.956703186,0.6465453055472126
3017,2019-02-03 17:00:00,28.084634781,0.2755131441915958
3018,2019-02-03 18:00:00,28.331207275,0.6444656561194689
3019,2019-02-03 19:00:00,29.190330505,0.7718221707238825
3020,2019-02-03 20:00:00,30.075460434,0.04962520624920663
3021,2019-02-03 21:00:00,33.53364563,0.8209415165029301
3022,2019-02-03 22:00:00,36.410953522,0.6377563004838913
3023,2019-02-03 23:00:00,39.012229919,0.6432573404921318
3024,2019-02-04 00:00:00,39.82245636,0.5467795577420312
3025,2019-02-04 01:00:00,40.12877655,0.27746037688255754
3026,2019-02-04 02:00:00,40.133621216,0.9261964237985326
3027,2019-02-04 03:00:00,40.437965393,0.9763290250897346
3028,2019-02-04 04:00:00,40.44726181,0.15785606226641613
3029,2019-02-04 05:00:00,40.456390381,0.18945436548772843
3030,2019-02-04 06:00:00,40.463806152,0.26088663799041933
3031,2019-02-04 07:00:00,40.473731995,0.7344657703198517
3032,2019-02-04 08:00:00,40.483383179,0.9250530288182459
3033,2019-02-04 09:00:00,40.49420929,0.8356309175104952
3034,2019-02-04 10:00:00,40.504196167,0.07178459800877612
3035,2019-02-04 11:00:00,40.513397217,0.04038803070182373
3036,2019-02-04 12:00:00,40.525619507,0.4427840092761588
3037,2019-02-04 13:00:00,40.538131714,0.955777662899929
3038,2019-02-04 14:00:00,40.5548172,0.3349654937015554
3039,2019-02-04 15:00:00,40.562461853,0.2503593299454656
3040,2019-02-04 16:00:00,40.569869995,0.44479565709428404
3041,2019-02-04 17:00:00,40.948249817,0.3397208890094494
3042,2019-02-04 18:00:00,41.482364655,0.28734004749020736
3043,2019-02-04 19:00:00,42.346439362,0.045085032846187256
3044,2019-02-04 20:00:00,43.377140045,0.32973328553389225
3045,2019-02-04 21:00:00,44.088932037,0.4881782572146728
3046,2019-02-04 22:00:00,45.095119476,0.8561894586483149
3047,2019-02-04 23:00:00,46.490345001,0.6647897584972995
3048,2019-02-05 00:00:00,48.652854919,0.3938225004231708
3049,2019-02-05 01:00:00,49.574279785,0.718856379034702
3050,2019-02-05 02:00:00,49.806041718,0.8773591599383443
3051,2019-02-05 03:00:00,51.178779602,0.8345363899795369
3052,2019-02-05 04:00:00,52.061733246,0.2630257224144178
3053,2019-02-05 05:00:00,52.908298492,0.3432681993620643
3054,2019-02-05 06:00:00,53.332420349,0.43797307478027825
3055,2019-02-05 07:00:00,53.267093658,0.14244735594167945
3056,2019-02-05 08:00:00,53.207878113,0.7224322054611632
3057,2019-02-05 09:00:00,53.154842377,0.7747009233621454
3058,2019-02-05 10:00:00,53.106361389,0.3626656858476185
3059,2019-02-05 11:00:00,53.061206818,0.25945376419916566
3060,2019-02-05 12:00:00,53.024669647,0.32100423686009427
3061,2019-02-05 13:00:00,52.993183136,0.5352372274419375
3062,2019-02-05 14:00:00,52.964378357,0.15071904195870978
3063,2019-02-05 15:00:00,52.929924011,0.7855668504299175
3064,2019-02-05 16:00:00,52.886600494,0.022323744697093084
3065,2019-02-05 17:00:00,52.828666687,0.023749235998045015
3066,2019-02-05 18:00:00,52.74968338,0.884102806223613
3067,2019-02-05 19:00:00,65.307632446,0.6960279407385522
3068,2019-02-05 20:00:00,65.214859009,0.3025278200518312
3069,2019-02-05 21:00:00,65.107276917,0.051009786744761865
3070,2019-02-05 22:00:00,65.010620117,0.9144589548628114
3071,2019-02-05 23:00:00,65.020011902,0.458100076371743
3072,2019-02-06 00:00:00,65.033561707,0.06567875893105357
3073,2019-02-06 01:00:00,65.047416687,0.05413353733987725
3074,2019-02-06 02:00:00,65.058876038,0.2691974542334514
3075,2019-02-06 03:00:00,65.061691284,0.5649783039145305
3076,2019-02-06 04:00:00,65.042114258,0.5881150663053551
3077,2019-02-06 05:00:00,65.004875183,0.854397330477208
3078,2019-02-06 06:00:00,64.954948425,0.26897162172387357
3079,2019-02-06 07:00:00,64.896835327,0.7715944303758325
3080,2019-02-06 08:00:00,64.831184387,0.41667382523251784
3081,2019-02-06 09:00:00,64.758743286,0.27401461092530344
3082,2019-02-06 10:00:00,64.681854248,0.4605515375586716
3083,2019-02-06 11:00:00,64.60533905,0.5084251941724427
3084,2019-02-06 12:00:00,64.531806946,0.04757484422269309
3085,2019-02-06 13:00:00,64.876586914,0.9966480372750115
3086,2019-02-06 14:00:00,66.3983078,0.09460557566467598
3087,2019-02-06 15:00:00,69.569580078,0.7474347999164932
3088,2019-02-06 16:00:00,70.74193573,0.43915650028112896
3089,2019-02-06 17:00:00,71.497535706,0.7398696615237585
3090,2019-02-06 18:00:00,72.879562378,0.23831478628393898
3091,2019-02-06 19:00:00,72.811859131,0.2724196615890556
3092,2019-02-06 20:00:00,72.717781067,0.4021001391065123
3093,2019-02-06 21:00:00,72.611656189,0.1411725817568521
3094,2019-02-06 22:00:00,72.485923767,0.698995581350322
3095,2019-02-06 23:00:00,72.444076538,0.5214450793280672
3096,2019-02-07 00:00:00,72.405075073,0.6276643797590308
3097,2019-02-07 01:00:00,72.365951538,0.19620375366652898
3098,2019-02-07 02:00:00,72.324440002,0.19503333394096656
3099,2019-02-07 03:00:00,72.281745911,0.046046228847792525
3100,2019-02-07 04:00:00,72.239891052,0.7900260072321398
3101,2019-02-07 05:00:00,72.198448181,0.06415729782894897
3102,2019-02-07 06:00:00,72.159072876,0.4461284585235471
3103,2019-02-07 07:00:00,72.121131897,0.8591852821648883
3104,2019-02-07 08:00:00,72.082443237,0.8531846379223597
3105,2019-02-07 09:00:00,72.158050537,0.1604831396461961
3106,2019-02-07 10:00:00,72.121147156,0.5675679506988067
3107,2019-02-07 11:00:00,72.084533691,0.5491895082694231
3108,2019-02-07 12:00:00,72.050994873,0.6764010538793281
3109,2019-02-07 13:00:00,72.017906189,0.5864444899804819
3110,2019-02-07 14:00:00,71.984886169,0.7794920575145545
3111,2019-02-07 15:00:00,71.952178955,0.05778406778189693
3112,2019-02-07 16:00:00,71.917152405,0.07559015214524689
3113,2019-02-07 17:00:00,71.87146759,0.01788223668895872
3114,2019-02-07 18:00:00,71.808410645,0.19728475739269002
3115,2019-02-07 19:00:00,71.732460022,0.729067576903583
3116,2019-02-07 20:00:00,71.641593933,0.4198563591648147
3117,2019-02-07 21:00:00,71.555221558,0.08357767677793038
3118,2019-02-07 22:00:00,71.473083496,0.5266781619169765
3119,2019-02-07 23:00:00,71.449554443,0.04351107266065102
3120,2019-02-08 00:00:00,71.427360535,0.5319217740672467
3121,2019-02-08 01:00:00,71.402145386,0.0697972458967171
3122,2019-02-08 02:00:00,71.374702454,0.6771874654350513
3123,2019-02-08 03:00:00,71.349136353,0.11507948725792172
3124,2019-02-08 04:00:00,71.323165894,0.8950646975279177
3125,2019-02-08 05:00:00,71.298408508,0.8950112725280441
3126,2019-02-08 06:00:00,71.275299072,0.30199816417119074
3127,2019-02-08 07:00:00,71.253570557,0.7274525470190145
3128,2019-02-08 08:00:00,71.233093262,0.11689765453197487
3129,2019-02-08 09:00:00,71.213165283,0.9890255548334334
3130,2019-02-08 10:00:00,71.193740845,0.9030892929517885
3131,2019-02-08 11:00:00,71.174316406,0.31928280807100307
3132,2019-02-08 12:00:00,71.155273438,0.3743076028757717
3133,2019-02-08 13:00:00,71.137611389,0.8085589896277956
3134,2019-02-08 14:00:00,71.120300293,0.4681551844823787
3135,2019-02-08 15:00:00,71.102966309,0.03626247941587002
3136,2019-02-08 16:00:00,71.082984924,0.5464002172953631
3137,2019-02-08 17:00:00,71.044441223,0.6555567740298128
3138,2019-02-08 18:00:00,71.174293518,0.7990322903407495
3139,2019-02-08 19:00:00,71.08429718,0.3328206026863296
3140,2019-02-08 20:00:00,73.766921997,0.9825062396937374
3141,2019-02-08 21:00:00,73.656944275,0.630353278019482
3142,2019-02-08 22:00:00,73.554161072,0.6526282338636382
3143,2019-02-08 23:00:00,73.545417786,0.5259584756674003
3144,2019-02-09 00:00:00,73.536125183,0.7434841997824447
3145,2019-02-09 01:00:00,73.524276733,0.4700552387496695
3146,2019-02-09 02:00:00,73.512588501,0.9559134266776829
3147,2019-02-09 03:00:00,73.502464294,0.5323140031192746
3148,2019-02-09 04:00:00,73.493225098,0.2245379122470632
3149,2019-02-09 05:00:00,73.48538208,0.4690077575521604
3150,2019-02-09 06:00:00,73.477874756,0.9708572123108951
3151,2019-02-09 07:00:00,73.470733643,0.5205470532646403
3152,2019-02-09 08:00:00,73.46395874,0.8425499865613771
3153,2019-02-09 09:00:00,73.456535339,0.5247256778111524
3154,2019-02-09 10:00:00,73.449302673,0.46444975542018696
3155,2019-02-09 11:00:00,73.44342804,0.2582868199128101
3156,2019-02-09 12:00:00,73.437660217,0.6540967411840463
3157,2019-02-09 13:00:00,73.432632446,0.011727585479908043
3158,2019-02-09 14:00:00,73.42754364,0.843220649375114
3159,2019-02-09 15:00:00,73.418319702,0.10255917639972822
3160,2019-02-09 16:00:00,73.399513245,0.35648058465514554
3161,2019-02-09 17:00:00,73.363700867,0.10755688784448314
3162,2019-02-09 18:00:00,73.299201965,0.4669287920227919
3163,2019-02-09 19:00:00,73.213546753,0.5725787935852178
3164,2019-02-09 20:00:00,73.095985413,0.29140772296795747
3165,2019-02-09 21:00:00,72.974983215,0.07076133831264908
3166,2019-02-09 22:00:00,72.828598022,0.8164946435704539
3167,2019-02-09 23:00:00,72.792152405,0.8211371336062365
3168,2019-02-10 00:00:00,72.760467529,0.5688083651614633
3169,2019-02-10 01:00:00,72.729019165,0.497296435022207
3170,2019-02-10 02:00:00,72.700569153,0.6653421418221501
3171,2019-02-10 03:00:00,72.678718567,0.6859654164577239
3172,2019-02-10 04:00:00,72.656410217,0.6845956213900651
3173,2019-02-10 05:00:00,72.634712219,0.8876349907725367
3174,2019-02-10 06:00:00,72.613075256,0.1705289403649647
3175,2019-02-10 07:00:00,72.593536377,0.755856018163223
3176,2019-02-10 08:00:00,72.575515747,0.6173972572186226
3177,2019-02-10 09:00:00,72.558753967,0.9417240702385472
3178,2019-02-10 10:00:00,72.543052673,0.6104041069748064
3179,2019-02-10 11:00:00,72.528770447,0.6351862238644438
3180,2019-02-10 12:00:00,72.514823914,0.762562787369183
3181,2019-02-10 13:00:00,72.50227356,0.4406248430382428
3182,2019-02-10 14:00:00,72.491172791,0.0210280967027614
3183,2019-02-10 15:00:00,72.479133606,0.06263826801774863
3184,2019-02-10 16:00:00,72.462371826,0.17568956780579692
3185,2019-02-10 17:00:00,72.421546936,0.3422102042283107
3186,2019-02-10 18:00:00,72.352638245,0.4135842422718954
3187,2019-02-10 19:00:00,72.264007568,0.4949331205614871
3188,2019-02-10 20:00:00,72.163291931,0.8623489262362388
3189,2019-02-10 21:00:00,71.951660156,0.5390457663266502
3190,2019-02-10 22:00:00,71.687866211,0.7574185096306606
3191,2019-02-10 23:00:00,71.532394409,0.987589832756597
3192,2019-02-11 00:00:00,71.401191711,0.1978335977663317
3193,2019-02-11 01:00:00,71.286132812,0.050390699077252354
3194,2019-02-11 02:00:00,71.18687439,0.8126916370320958
3195,2019-02-11 03:00:00,71.105247498,0.4314768648022652
3196,2019-02-11 04:00:00,71.036117554,0.08912038203912176
3197,2019-02-11 05:00:00,70.980567932,0.21330834229826456
3198,2019-02-11 06:00:00,70.931610107,0.8180951703812807
3199,2019-02-11 07:00:00,70.888496399,0.26966399667988294
3200,2019-02-11 08:00:00,70.854812622,0.45460634192312266
3201,2019-02-11 09:00:00,70.826316833,0.6496189445722498
3202,2019-02-11 10:00:00,70.805152893,0.39539696587948436
3203,2019-02-11 11:00:00,70.787727356,0.07218211318939716
3204,2019-02-11 12:00:00,70.77040863,0.5172009245207877
3205,2019-02-11 13:00:00,70.774505615,0.8077952984390913
3206,2019-02-11 14:00:00,70.798828125,0.7042911296204087
3207,2019-02-11 15:00:00,70.825149536,0.8877863690059219
3208,2019-02-11 16:00:00,70.806388855,0.45408899725921426
3209,2019-02-11 17:00:00,70.775840759,0.47300852894888545
3210,2019-02-11 18:00:00,70.727668762,0.06255844285587797
3211,2019-02-11 19:00:00,70.653808594,0.9134561493009011
3212,2019-02-11 20:00:00,70.553451538,0.9341857551085033
3213,2019-02-11 21:00:00,70.455589294,0.3477076203322823
3214,2019-02-11 22:00:00,70.369194031,0.9105338327546388
3215,2019-02-11 23:00:00,70.356163025,0.07048453060017812
3216,2019-02-12 00:00:00,70.343460083,0.20158337495115985
3217,2019-02-12 01:00:00,70.333679199,0.3949003208876142
3218,2019-02-12 02:00:00,70.324829102,0.49830511685749657
3219,2019-02-12 03:00:00,70.316017151,0.519694299348119
3220,2019-02-12 04:00:00,70.305801392,0.9257853860819932
3221,2019-02-12 05:00:00,70.295578003,0.2725733700539378
3222,2019-02-12 06:00:00,70.286346436,0.6979856013446105
3223,2019-02-12 07:00:00,70.279258728,0.5942839301900097
3224,2019-02-12 08:00:00,70.272766113,0.23956684560453523
3225,2019-02-12 09:00:00,70.26651001,0.12949700368918204
3226,2019-02-12 10:00:00,70.261482239,0.10070594581913328
3227,2019-02-12 11:00:00,70.255271912,0.4660548255405512
3228,2019-02-12 12:00:00,70.248703003,0.1705773577125702
3229,2019-02-12 13:00:00,70.245498657,0.6355624441184214
3230,2019-02-12 14:00:00,70.243240356,0.5351344823714014
3231,2019-02-12 15:00:00,70.237503052,0.8630531262824008
3232,2019-02-12 16:00:00,70.223724365,0.16927428358231056
3233,2019-02-12 17:00:00,70.18712616,0.7587043010194727
3234,2019-02-12 18:00:00,70.120521545,0.018922291716414907
3235,2019-02-12 19:00:00,70.03213501,0.9160554222199548
3236,2019-02-12 20:00:00,69.911514282,0.25987648847847933
3237,2019-02-12 21:00:00,69.790260315,0.264901229527584
3238,2019-02-12 22:00:00,69.673706055,0.9382732730521741
3239,2019-02-12 23:00:00,69.668167114,0.2991923642865143
3240,2019-02-13 00:00:00,69.665840149,0.3190800167038963
3241,2019-02-13 01:00:00,69.661819458,0.021139275276721436
3242,2019-02-13 02:00:00,69.655548096,0.7411595454141872
3243,2019-02-13 03:00:00,69.649925232,0.46612927805465887
3244,2019-02-13 04:00:00,69.645149231,0.34221655670791684
3245,2019-02-13 05:00:00,69.642486572,0.2921130096982336
3246,2019-02-13 06:00:00,69.640556335,0.18270358659875752
3247,2019-02-13 07:00:00,69.638145447,0.6299703509746746
3248,2019-02-13 08:00:00,69.634346008,0.6567719082046228
3249,2019-02-13 09:00:00,69.630409241,0.22658078820268945
3250,2019-02-13 10:00:00,69.628875732,0.6047734891385151
3251,2019-02-13 11:00:00,69.628005981,0.4574104583589801
3252,2019-02-13 12:00:00,69.626502991,0.630223592952359
3253,2019-02-13 13:00:00,69.625267029,0.8138389361842899
3254,2019-02-13 14:00:00,69.625915527,0.1655645870653063
3255,2019-02-13 15:00:00,69.618469238,0.13485803140221342
3256,2019-02-13 16:00:00,69.600662231,0.8243934524425585
3257,2019-02-13 17:00:00,69.538085938,0.035069025523561725
3258,2019-02-13 18:00:00,69.447273254,0.9116786464183008
3259,2019-02-13 19:00:00,69.325920105,0.3328566418503107
3260,2019-02-13 20:00:00,69.101089478,0.2864095755975029
3261,2019-02-13 21:00:00,68.602264404,0.9723370319396877
3262,2019-02-13 22:00:00,67.871528625,0.7333205420956725
3263,2019-02-13 23:00:00,67.365364075,0.807292547988002
3264,2019-02-14 00:00:00,66.955276489,0.03842797296108258
3265,2019-02-14 01:00:00,66.619033813,0.6106559497219964
3266,2019-02-14 02:00:00,66.343086243,0.6519499257791668
3267,2019-02-14 03:00:00,66.114151001,0.6975759487282452
3268,2019-02-14 04:00:00,65.926101685,0.2940360950968469
3269,2019-02-14 05:00:00,73.472045898,0.5341355544318581
3270,2019-02-14 06:00:00,76.183708191,0.6462989106728799
3271,2019-02-14 07:00:00,76.188781738,0.4382123449881907
3272,2019-02-14 08:00:00,76.194862366,0.12067134917617484
3273,2019-02-14 09:00:00,76.20098114,0.19657654655208567
3274,2019-02-14 10:00:00,76.207336426,0.46659770559570823
3275,2019-02-14 11:00:00,76.215316772,0.4425785295785324
3276,2019-02-14 12:00:00,76.23248291,0.07144589334367712
3277,2019-02-14 13:00:00,76.253700256,0.9578544026579309
3278,2019-02-14 14:00:00,76.271537781,0.30980275460274986
3279,2019-02-14 15:00:00,76.281455994,0.03230949432575547
3280,2019-02-14 16:00:00,76.273223877,0.22904886025534554
3281,2019-02-14 17:00:00,76.250907898,0.10077475575390027
3282,2019-02-14 18:00:00,76.178474426,0.43971517100986635
3283,2019-02-14 19:00:00,76.685577393,0.9044393509070925
3284,2019-02-14 20:00:00,77.260025024,0.9027561831125442
3285,2019-02-14 21:00:00,78.5418396,0.21806641853394293
3286,2019-02-14 22:00:00,82.456924438,0.3037885119523518
3287,2019-02-14 23:00:00,83.567955017,0.6060786706328167
3288,2019-02-15 00:00:00,84.097686768,0.6561238262874323
3289,2019-02-15 01:00:00,83.99937439,0.8250095399975421
3290,2019-02-15 02:00:00,83.913139343,0.44741732969660775
3291,2019-02-15 03:00:00,83.827888489,0.7660341822811008
3292,2019-02-15 04:00:00,83.743385315,0.9781752428296803
3293,2019-02-15 05:00:00,83.658843994,0.47005862675191346
3294,2019-02-15 06:00:00,83.578468323,0.3299458560089743
3295,2019-02-15 07:00:00,83.501861572,0.6701319944993437
3296,2019-02-15 08:00:00,83.423957825,0.041405962242222594
3297,2019-02-15 09:00:00,84.321434021,0.37293451288665347
3298,2019-02-15 10:00:00,109.726776123,0.6496941892931932
3299,2019-02-15 11:00:00,116.68460083,0.7346535924870818
3300,2019-02-15 12:00:00,116.699401855,0.8140167596515753
3301,2019-02-15 13:00:00,116.714836121,0.18418463424073672
3302,2019-02-15 14:00:00,116.728637695,0.6778723783902976
3303,2019-02-15 15:00:00,116.73815918,0.7661155494334623
3304,2019-02-15 16:00:00,116.735862732,0.33813333778639754
3305,2019-02-15 17:00:00,117.006607056,0.8728313324270172
3306,2019-02-15 18:00:00,118.732635498,0.5123503687585522
3307,2019-02-15 19:00:00,118.647361755,0.6348123579422668
3308,2019-02-15 20:00:00,118.534873962,0.9184018987976428
3309,2019-02-15 21:00:00,118.385032654,0.4385548069519277
3310,2019-02-15 22:00:00,118.264068604,0.20169280776937037
3311,2019-02-15 23:00:00,118.264167786,0.4830569679580482
3312,2019-02-16 00:00:00,118.270210266,0.12676724215386292
3313,2019-02-16 01:00:00,118.277809143,0.6261500374213612
3314,2019-02-16 02:00:00,118.284469604,0.859223172148072
3315,2019-02-16 03:00:00,118.294776917,0.7230524256301329
3316,2019-02-16 04:00:00,118.304595947,0.9348211115576405
3317,2019-02-16 05:00:00,118.312362671,0.2659517997186527
3318,2019-02-16 06:00:00,118.317329407,0.813463526383224
3319,2019-02-16 07:00:00,118.323753357,0.4289072834019133
3320,2019-02-16 08:00:00,118.335014343,0.9216717698531001
3321,2019-02-16 09:00:00,118.344223022,0.7204117510469644
3322,2019-02-16 10:00:00,118.355079651,0.16939941923319868
3323,2019-02-16 11:00:00,118.345077515,0.8532583044448561
3324,2019-02-16 12:00:00,118.731750488,0.6473479717779632
3325,2019-02-16 13:00:00,118.68963623,0.7378496485392328
3326,2019-02-16 14:00:00,118.643493652,0.5432601056221802
3327,2019-02-16 15:00:00,118.583824158,0.6761161144869516
3328,2019-02-16 16:00:00,118.529342651,0.4862357820387011
3329,2019-02-16 17:00:00,118.441040039,0.14518313740381772
3330,2019-02-16 18:00:00,118.327339172,0.6773523540271312
3331,2019-02-16 19:00:00,118.18914032,0.5414777654941063
3332,2019-02-16 20:00:00,118.031692505,0.8046379433185712
3333,2019-02-16 21:00:00,117.870643616,0.7215274555247635
3334,2019-02-16 22:00:00,117.721046448,0.1729511314225548
3335,2019-02-16 23:00:00,117.646385193,0.7560621208320045
3336,2019-02-17 00:00:00,117.578269958,0.6576117956225691
3337,2019-02-17 01:00:00,117.512893677,0.17627894529946153
3338,2019-02-17 02:00:00,117.44758606,0.4165034563226152
3339,2019-02-17 03:00:00,117.384460449,0.2683202132940571
3340,2019-02-17 04:00:00,117.322639465,0.6216209787959792
3341,2019-02-17 05:00:00,117.262115479,0.21786578008786617
3342,2019-02-17 06:00:00,117.202835083,0.7294488071258548
3343,2019-02-17 07:00:00,117.144943237,0.28558820961313947
3344,2019-02-17 08:00:00,117.088394165,0.8245254834395812
3345,2019-02-17 09:00:00,117.033378601,0.8145116329027101
3346,2019-02-17 10:00:00,116.979103088,0.9166300594262012
3347,2019-02-17 11:00:00,116.925964355,0.5414289147623583
3348,2019-02-17 12:00:00,116.874816895,0.6346290660265964
3349,2019-02-17 13:00:00,116.82522583,0.03086460606495578
3350,2019-02-17 14:00:00,116.777160645,0.9344018942946988
3351,2019-02-17 15:00:00,116.730262756,0.18208982603316137
3352,2019-02-17 16:00:00,116.683784485,0.6326486620820726
3353,2019-02-17 17:00:00,116.627075195,0.8373710641676266
3354,2019-02-17 18:00:00,116.540138245,0.01281614428941269
3355,2019-02-17 19:00:00,116.4320755,0.7737853290567016
3356,2019-02-17 20:00:00,116.39465332,0.3049530884667241
3357,2019-02-17 21:00:00,116.345596313,0.281753338566057
3358,2019-02-17 22:00:00,116.21321106,0.2639543069627095
3359,2019-02-17 23:00:00,116.274497986,0.03766327190004326
3360,2019-02-18 00:00:00,116.340942383,0.6700395456828019
3361,2019-02-18 01:00:00,116.507278442,0.8962977168058274
3362,2019-02-18 02:00:00,116.676040649,0.981289358170204
3363,2019-02-18 03:00:00,116.845077515,0.41902488789891035
3364,2019-02-18 04:00:00,117.114227295,0.7944147791411639
3365,2019-02-18 05:00:00,117.385131836,0.23782772767695537
3366,2019-02-18 06:00:00,117.654335022,0.25675904064378974
3367,2019-02-18 07:00:00,118.026824951,0.6091853074847545
3368,2019-02-18 08:00:00,118.199684143,0.6717316681050343
3369,2019-02-18 09:00:00,118.373184204,0.5424433176267531
3370,2019-02-18 10:00:00,118.646339417,0.5350277521771147
3371,2019-02-18 11:00:00,118.920967102,0.7558145814123506
3372,2019-02-18 12:00:00,119.198570251,0.4135092894670812
3373,2019-02-18 13:00:00,119.175552368,0.3093808716126999
3374,2019-02-18 14:00:00,119.152297974,0.7378550923800137
3375,2019-02-18 15:00:00,119.126609802,0.7540596359150433
3376,2019-02-18 16:00:00,119.097595215,0.3166961863544254
3377,2019-02-18 17:00:00,120.2213974,0.35820080917635966
3378,2019-02-18 18:00:00,120.82674408,0.7593464489271872
3379,2019-02-18 19:00:00,123.127105713,0.9734534693119922
3380,2019-02-18 20:00:00,124.204826355,0.28693057027698177
3381,2019-02-18 21:00:00,124.553520203,0.9422823092494933
3382,2019-02-18 22:00:00,128.374053955,0.21158493535426537
3383,2019-02-18 23:00:00,129.495147705,0.9491496403926591
3384,2019-02-19 00:00:00,129.922073364,0.44425140504573746
3385,2019-02-19 01:00:00,129.930999756,0.9707785616686188
3386,2019-02-19 02:00:00,131.051940918,0.04334648179809952
3387,2019-02-19 03:00:00,131.477325439,0.09422278580605536
3388,2019-02-19 04:00:00,131.90322876,0.3086339476268337
3389,2019-02-19 05:00:00,133.02355957,0.5478512182830454
3390,2019-02-19 06:00:00,134.552764893,0.3006294068238967
3391,2019-02-19 07:00:00,134.560745239,0.48605268447928573
3392,2019-02-19 08:00:00,135.411880493,0.7883086090669414
3393,2019-02-19 09:00:00,136.036132812,0.5825366630705187
3394,2019-02-19 10:00:00,137.185562134,0.047426980758685344
3395,2019-02-19 11:00:00,138.337005615,0.9681223550776235
3396,2019-02-19 12:00:00,138.957824707,0.6809465917461476
3397,2019-02-19 13:00:00,138.961639404,0.745266630010175
3398,2019-02-19 14:00:00,138.964828491,0.20027085923026078
3399,2019-02-19 15:00:00,139.485076904,0.04677391204379633
3400,2019-02-19 16:00:00,139.518432617,0.24406243173234055
3401,2019-02-19 17:00:00,140.171142578,0.7139879076426923
3402,2019-02-19 18:00:00,140.994003296,0.2817757168451924
3403,2019-02-19 19:00:00,141.059188843,0.1179504991785486
3404,2019-02-19 20:00:00,141.302429199,0.21811768998426107
3405,2019-02-19 21:00:00,142.225250244,0.19858115162998047
3406,2019-02-19 22:00:00,142.152740479,0.8029432909423627
3407,2019-02-19 23:00:00,142.158569336,0.7229656992323213
3408,2019-02-20 00:00:00,142.42074585,0.6158779663030788
3409,2019-02-20 01:00:00,142.428085327,0.5167631522290034
3410,2019-02-20 02:00:00,142.433364868,0.15567512378744708
3411,2019-02-20 03:00:00,142.439117432,0.9171623862655721
3412,2019-02-20 04:00:00,142.444702148,0.9789228515198549
3413,2019-02-20 05:00:00,142.449127197,0.8693284480439585
3414,2019-02-20 06:00:00,142.453735352,0.5350822165494288
3415,2019-02-20 07:00:00,142.458251953,0.23197878897678992
3416,2019-02-20 08:00:00,142.461761475,0.7712425847553619
3417,2019-02-20 09:00:00,142.464813232,0.415764845848003
3418,2019-02-20 10:00:00,142.46925354,0.5494149988380961
3419,2019-02-20 11:00:00,142.474914551,0.9525811999257395
3420,2019-02-20 12:00:00,142.479202271,0.9857616992823809
3421,2019-02-20 13:00:00,142.699432373,0.5197276139874188
3422,2019-02-20 14:00:00,142.83795166,0.5796053506234904
3423,2019-02-20 15:00:00,142.836761475,0.2947598684851579
3424,2019-02-20 16:00:00,143.026428223,0.8576456178282145
3425,2019-02-20 17:00:00,144.881820679,0.5337134087514275
3426,2019-02-20 18:00:00,152.246017456,0.9678676693568649
3427,2019-02-20 19:00:00,152.660797119,0.4911982265149183
3428,2019-02-20 20:00:00,152.600250244,0.2938564882519844
3429,2019-02-20 21:00:00,152.520141602,0.025923075433259446
3430,2019-02-20 22:00:00,152.909790039,0.5620104971893082
3431,2019-02-20 23:00:00,152.914505005,0.8634042353405881
3432,2019-02-21 00:00:00,152.92124939,0.9651185729791922
3433,2019-02-21 01:00:00,153.124908447,0.01605378433476612
3434,2019-02-21 02:00:00,153.130889893,0.8119404114384904
3435,2019-02-21 03:00:00,153.331420898,0.8539671461258477
3436,2019-02-21 04:00:00,153.336685181,0.10837413732628143
3437,2019-02-21 05:00:00,153.585510254,0.06652519208583207
3438,2019-02-21 06:00:00,153.591644287,0.22343477971999215
3439,2019-02-21 07:00:00,153.904876709,0.9575000155375998
3440,2019-02-21 08:00:00,154.380630493,0.6290727634889791
3441,2019-02-21 09:00:00,155.06036377,0.6907099826851296
3442,2019-02-21 10:00:00,155.49621582,0.16394998932729687
3443,2019-02-21 11:00:00,156.184387207,0.4849860158249716
3444,2019-02-21 12:00:00,156.872680664,0.8471198460255167
3445,2019-02-21 13:00:00,157.379318237,0.2805932557710348
3446,2019-02-21 14:00:00,157.686889648,0.8302726155748543
3447,2019-02-21 15:00:00,158.17590332,0.5680647975445753
3448,2019-02-21 16:00:00,158.657928467,0.6579514557613618
3449,2019-02-21 17:00:00,158.643783569,0.0034275394954763616
3450,2019-02-21 18:00:00,158.61315918,0.09211445587569611
3451,2019-02-21 19:00:00,158.768249512,0.39586200309889286
3452,2019-02-21 20:00:00,164.122711182,0.8756526369808765
3453,2019-02-21 21:00:00,165.055618286,0.09833041896781558
3454,2019-02-21 22:00:00,165.272323608,0.14405001783789495
3455,2019-02-21 23:00:00,165.27935791,0.6410829700725318
3456,2019-02-22 00:00:00,165.628723145,0.2830140547393666
3457,2019-02-22 01:00:00,168.722198486,0.5589502432600262
3458,2019-02-22 02:00:00,170.502487183,0.7390334466191016
3459,2019-02-22 03:00:00,173.350982666,0.9094346675714974
3460,2019-02-22 04:00:00,176.440994263,0.9406714001518727
3461,2019-02-22 05:00:00,180.254470825,0.6559413524875616
3462,2019-02-22 06:00:00,186.120071411,0.8249570654648393
3463,2019-02-22 07:00:00,188.237091064,0.2544318772349553
3464,2019-02-22 08:00:00,188.586029053,0.8570350047170764
3465,2019-02-22 09:00:00,188.593826294,0.3360137378210373
3466,2019-02-22 10:00:00,188.652252197,0.674217394519377
3467,2019-02-22 11:00:00,188.659500122,0.7194536823774212
3468,2019-02-22 12:00:00,189.155548096,0.9164351924647767
3469,2019-02-22 13:00:00,189.492660522,0.07891723742439172
3470,2019-02-22 14:00:00,189.575454712,0.3963702099762012
3471,2019-02-22 15:00:00,189.706008911,0.7945444393598209
3472,2019-02-22 16:00:00,189.701599121,0.04539985266872337
3473,2019-02-22 17:00:00,189.884841919,0.4225110896250973
3474,2019-02-22 18:00:00,189.844146729,0.3236372548198371
3475,2019-02-22 19:00:00,197.400543213,0.4388560443694345
3476,2019-02-22 20:00:00,197.933380127,0.3168503335660481
3477,2019-02-22 21:00:00,198.025314331,0.6718809350311358
3478,2019-02-22 22:00:00,198.725296021,0.21567956225794116
3479,2019-02-22 23:00:00,199.24659729,0.2132280353562812
3480,2019-02-23 00:00:00,199.923461914,0.6123009447955937
3481,2019-02-23 01:00:00,201.164520264,0.7206193150922735
3482,2019-02-23 02:00:00,201.843383789,0.3640703822758493
3483,2019-02-23 03:00:00,202.508804321,0.6965861723046054
3484,2019-02-23 04:00:00,202.541564941,0.7056800881304598
3485,2019-02-23 05:00:00,202.874710083,0.5321695855151789
3486,2019-02-23 06:00:00,203.221984863,0.9522627005588888
3487,2019-02-23 07:00:00,204.319625854,0.1109334725463147
3488,2019-02-23 08:00:00,205.068435669,0.678431163291132
3489,2019-02-23 09:00:00,206.327163696,0.8077989913179564
3490,2019-02-23 10:00:00,206.652618408,0.830472952633244
3491,2019-02-23 11:00:00,207.516967773,0.4476790033340001
3492,2019-02-23 12:00:00,208.155334473,0.20167304377509587
3493,2019-02-23 13:00:00,208.157196045,0.14883697915935024
3494,2019-02-23 14:00:00,208.159454346,0.4144427161019715
3495,2019-02-23 15:00:00,208.153366089,0.0036520265082966574
3496,2019-02-23 16:00:00,208.137237549,0.6102217133737474
3497,2019-02-23 17:00:00,208.109527588,0.7022544562118063
3498,2019-02-23 18:00:00,208.065231323,0.6820389511015894
3499,2019-02-23 19:00:00,208.00390625,0.7767647282399583
3500,2019-02-23 20:00:00,207.917434692,0.8849983232878457
3501,2019-02-23 21:00:00,207.833175659,0.9114513028862314
3502,2019-02-23 22:00:00,207.761566162,0.03993272793062663
3503,2019-02-23 23:00:00,207.768173218,0.4288505972734846
3504,2019-02-24 00:00:00,207.776489258,0.8464456581332398
3505,2019-02-24 01:00:00,207.781936646,0.41917227062261353
3506,2019-02-24 02:00:00,207.787139893,0.8428511509853182
3507,2019-02-24 03:00:00,207.792221069,0.2694549402729782
3508,2019-02-24 04:00:00,207.797286987,0.5725497845629816
3509,2019-02-24 05:00:00,207.80229187,0.26963758257017056
3510,2019-02-24 06:00:00,207.805099487,0.2777257700051422
3511,2019-02-24 07:00:00,207.809753418,0.9844911628630214
3512,2019-02-24 08:00:00,207.813705444,0.42920219173446883
3513,2019-02-24 09:00:00,207.817489624,0.4586349661926694
3514,2019-02-24 10:00:00,207.822036743,0.6113398568794046
3515,2019-02-24 11:00:00,207.826812744,0.8216365105315773
3516,2019-02-24 12:00:00,207.831329346,0.7311491993201142
3517,2019-02-24 13:00:00,207.837005615,0.22805535026362622
3518,2019-02-24 14:00:00,207.842407227,0.6164678526912813
3519,2019-02-24 15:00:00,207.846313477,0.7861275019347539
3520,2019-02-24 16:00:00,207.846252441,0.08787003916379477
3521,2019-02-24 17:00:00,207.824829102,0.738752743766195
3522,2019-02-24 18:00:00,207.766983032,0.3708773268871435
3523,2019-02-24 19:00:00,207.686309814,0.9958496190109392
3524,2019-02-24 20:00:00,207.573638916,0.3702464543359696
3525,2019-02-24 21:00:00,207.45526123,0.22134287186996426
3526,2019-02-24 22:00:00,207.356613159,0.2071495881019505
3527,2019-02-24 23:00:00,207.364303589,0.9838812365156963
3528,2019-02-25 00:00:00,207.372619629,0.272985449542245
3529,2019-02-25 01:00:00,207.37727356,0.529472214672743
3530,2019-02-25 02:00:00,207.381622314,0.4815385655730253
3531,2019-02-25 03:00:00,207.387573242,0.33369910230733557
3532,2019-02-25 04:00:00,207.393737793,0.763615393571004
3533,2019-02-25 05:00:00,207.399871826,0.9411259635723164
3534,2019-02-25 06:00:00,207.405197144,0.8451418830622961
3535,2019-02-25 07:00:00,207.409942627,0.23319238944401
3536,2019-02-25 08:00:00,207.415847778,0.6554402708749667
3537,2019-02-25 09:00:00,207.421127319,0.7729984554925046
3538,2019-02-25 10:00:00,207.42741394,0.14502749789057168
3539,2019-02-25 11:00:00,207.430221558,0.2753157785210828
3540,2019-02-25 12:00:00,207.434768677,0.4262945052338487
3541,2019-02-25 13:00:00,207.440307617,0.2945413324653955
3542,2019-02-25 14:00:00,207.446121216,0.7031990608657178
3543,2019-02-25 15:00:00,207.452178955,0.3448696635074803
3544,2019-02-25 16:00:00,207.455108643,0.5804835390524019
3545,2019-02-25 17:00:00,207.437606812,0.548183847877434
3546,2019-02-25 18:00:00,207.379226685,0.11150150852244478
3547,2019-02-25 19:00:00,207.28604126,0.4849354582115042
3548,2019-02-25 20:00:00,207.158248901,0.9966804204787756
3549,2019-02-25 21:00:00,207.015213013,0.4688814986880745
3550,2019-02-25 22:00:00,206.887252808,0.92681795991705
3551,2019-02-25 23:00:00,206.899108887,0.24851407401642345
3552,2019-02-26 00:00:00,206.911056519,0.8034243832784506
3553,2019-02-26 01:00:00,206.919769287,0.8556938593619088
3554,2019-02-26 02:00:00,206.926879883,0.8351466477740183
3555,2019-02-26 03:00:00,206.934249878,0.6810883236453756
3556,2019-02-26 04:00:00,206.944366455,0.476750981968331
3557,2019-02-26 05:00:00,206.950180054,0.13618875598478886
3558,2019-02-26 06:00:00,206.95765686,0.6271546322425527
3559,2019-02-26 07:00:00,206.965667725,0.6614276394905866
3560,2019-02-26 08:00:00,206.975234985,0.5612843691849363
3561,2019-02-26 09:00:00,206.98538208,0.7203038585923653
3562,2019-02-26 10:00:00,206.996109009,0.7801572419588721
3563,2019-02-26 11:00:00,207.00680542,0.2354377484267054
3564,2019-02-26 12:00:00,207.01675415,0.6074379881827672
3565,2019-02-26 13:00:00,207.025878906,0.3120989449974101
3566,2019-02-26 14:00:00,207.034988403,0.7090824922713876
3567,2019-02-26 15:00:00,207.042999268,0.8458101236422515
3568,2019-02-26 16:00:00,207.042709351,0.3033392804818439
3569,2019-02-26 17:00:00,207.007736206,0.10006507326273417
3570,2019-02-26 18:00:00,206.939941406,0.2666148453981505
3571,2019-02-26 19:00:00,206.841201782,0.44306860221696276
3572,2019-02-26 20:00:00,206.724395752,0.6215037258278976
3573,2019-02-26 21:00:00,206.600875854,0.1376661098728481
3574,2019-02-26 22:00:00,206.486129761,0.5731021304214532
3575,2019-02-26 23:00:00,206.496109009,0.2969330705902158
3576,2019-02-27 00:00:00,206.506103516,0.24709247090516373
3577,2019-02-27 01:00:00,206.514358521,0.9134910814135258
3578,2019-02-27 02:00:00,206.521072388,0.4848583715540721
3579,2019-02-27 03:00:00,206.528564453,0.4733608642548036
3580,2019-02-27 04:00:00,206.537033081,0.7072146069639246
3581,2019-02-27 05:00:00,206.546554565,0.7940244344799744
3582,2019-02-27 06:00:00,206.555908203,0.9574230517626037
3583,2019-02-27 07:00:00,206.564208984,0.11828539744287925
3584,2019-02-27 08:00:00,206.573638916,0.8730063708663317
3585,2019-02-27 09:00:00,206.584686279,0.026151651835503942
3586,2019-02-27 10:00:00,206.596221924,0.4629287452499524
3587,2019-02-27 11:00:00,206.606246948,0.1768257277172609
3588,2019-02-27 12:00:00,206.616119385,0.9551933386797435
3589,2019-02-27 13:00:00,206.624588013,0.3063566340557168
3590,2019-02-27 14:00:00,206.633468628,0.000832911223173638
3591,2019-02-27 15:00:00,206.640670776,0.4330305244048528
3592,2019-02-27 16:00:00,206.638442993,0.2482822540053422
3593,2019-02-27 17:00:00,206.604629517,0.10771057461508005
3594,2019-02-27 18:00:00,206.544830322,0.26949117220132146
3595,2019-02-27 19:00:00,206.451843262,0.5765193083289254
3596,2019-02-27 20:00:00,206.185638428,0.0645730186837511
3597,2019-02-27 21:00:00,205.522338867,0.6680851894656173
3598,2019-02-27 22:00:00,204.670516968,0.3358869484815925
3599,2019-02-27 23:00:00,204.080108643,0.7079141387775242
3600,2019-02-28 00:00:00,203.592453003,0.0717081885355163
3601,2019-02-28 01:00:00,203.177734375,0.06528003140215766
3602,2019-02-28 02:00:00,202.827331543,0.005147097330015948
3603,2019-02-28 03:00:00,202.541595459,0.14999643532558615
3604,2019-02-28 04:00:00,202.307723999,0.2082808495850631
3605,2019-02-28 05:00:00,202.111557007,0.1281943964194313
3606,2019-02-28 06:00:00,201.949768066,0.8066713330508176
3607,2019-02-28 07:00:00,201.812545776,0.09722503174906438
3608,2019-02-28 08:00:00,201.697906494,0.3434753162194121
3609,2019-02-28 09:00:00,201.598632812,0.613719502605292
3610,2019-02-28 10:00:00,201.513092041,0.7036463363626441
3611,2019-02-28 11:00:00,201.438354492,0.2163723418167416
3612,2019-02-28 12:00:00,201.3724823,0.9114691656874686
3613,2019-02-28 13:00:00,201.314422607,0.672126317419498
3614,2019-02-28 14:00:00,201.265014648,0.49893039335568534
3615,2019-02-28 15:00:00,201.22114563,0.7691266068575551
3616,2019-02-28 16:00:00,201.174987793,0.8257826563364014
3617,2019-02-28 17:00:00,201.108291626,0.015360400319108125
3618,2019-02-28 18:00:00,201.010437012,0.0745252173277976
3619,2019-02-28 19:00:00,200.883239746,0.5772309784569631
3620,2019-02-28 20:00:00,200.693664551,0.05229561246933634
3621,2019-02-28 21:00:00,200.169799805,0.8464572753613465
3622,2019-02-28 22:00:00,199.428390503,0.8367318322509125
3623,2019-02-28 23:00:00,198.923248291,0.6164500807960032
3624,2019-03-01 00:00:00,198.504638672,0.047199176155478084
3625,2019-03-01 01:00:00,198.156234741,0.1484129291238513
3626,2019-03-01 02:00:00,197.868942261,0.4043198999539994
3627,2019-03-01 03:00:00,197.632751465,0.8716311425353245
3628,2019-03-01 04:00:00,197.435775757,0.030366663361077406
3629,2019-03-01 05:00:00,197.271224976,0.38524915087990086
3630,2019-03-01 06:00:00,197.130508423,0.4296360749323236
3631,2019-03-01 07:00:00,197.012954712,0.8103048565520046
3632,2019-03-01 08:00:00,196.912902832,0.13062597150067856
3633,2019-03-01 09:00:00,196.83253479,0.9638219088272317
3634,2019-03-01 10:00:00,196.764602661,0.48750394625602345
3635,2019-03-01 11:00:00,196.711227417,0.07371339366156371
3636,2019-03-01 12:00:00,196.665618896,0.8486311693128856
3637,2019-03-01 13:00:00,196.678268433,0.21922698651767214
3638,2019-03-01 14:00:00,196.734069824,0.5423674068667304
3639,2019-03-01 15:00:00,196.731460571,0.27809402745056566
3640,2019-03-01 16:00:00,196.684371948,0.24581823738191944
3641,2019-03-01 17:00:00,196.61605835,0.736389278376536
3642,2019-03-01 18:00:00,196.522781372,0.39876090248867446
3643,2019-03-01 19:00:00,196.404647827,0.2014329222061012
3644,2019-03-01 20:00:00,196.005874634,0.5952335706544034
3645,2019-03-01 21:00:00,195.130722046,0.9782835314896771
3646,2019-03-01 22:00:00,194.21206665,0.01585813458991736
3647,2019-03-01 23:00:00,193.564498901,0.5854648537183459
3648,2019-03-02 00:00:00,193.034729004,0.08212400623289162
3649,2019-03-02 01:00:00,192.596466064,0.7132811811785595
3650,2019-03-02 02:00:00,192.240615845,0.07446795475218437
3651,2019-03-02 03:00:00,191.949798584,0.5512189657438251
3652,2019-03-02 04:00:00,191.710174561,0.10970039578113788
3653,2019-03-02 05:00:00,191.509353638,0.258884650694437
3654,2019-03-02 06:00:00,191.334640503,0.1071552888652898
3655,2019-03-02 07:00:00,191.188201904,0.255332918589277
3656,2019-03-02 08:00:00,191.065246582,0.6904779384302857
3657,2019-03-02 09:00:00,190.964401245,0.33845529237116234
3658,2019-03-02 10:00:00,190.878509521,0.606199583631667
3659,2019-03-02 11:00:00,190.808532715,0.7850228707214948
3660,2019-03-02 12:00:00,190.750411987,0.5529800775652192
3661,2019-03-02 13:00:00,190.705108643,0.8263893673558456
3662,2019-03-02 14:00:00,190.666778564,0.16923156981288756
3663,2019-03-02 15:00:00,190.715774536,0.44040908423334124
3664,2019-03-02 16:00:00,190.661483765,0.5044441967683683
3665,2019-03-02 17:00:00,190.590286255,0.27296142634642584
3666,2019-03-02 18:00:00,190.495697021,0.20697281980159554
3667,2019-03-02 19:00:00,191.02532959,0.8933065467607841
3668,2019-03-02 20:00:00,194.239196777,0.8823450224821625
3669,2019-03-02 21:00:00,196.0184021,0.8994452502964525
3670,2019-03-02 22:00:00,196.868652344,0.8764701885427992
3671,2019-03-02 23:00:00,199.948104858,0.9171859645605318
3672,2019-03-03 00:00:00,200.689758301,0.4424560419316661
3673,2019-03-03 01:00:00,200.939987183,0.18555754431929417
3674,2019-03-03 02:00:00,202.425125122,0.6845126147355822
3675,2019-03-03 03:00:00,203.303268433,0.3919041042858078
3676,2019-03-03 04:00:00,204.411682129,0.2741008484994737
3677,2019-03-03 05:00:00,206.795349121,0.9969058217329732
3678,2019-03-03 06:00:00,208.095153809,0.6796237833045706
3679,2019-03-03 07:00:00,209.061904907,0.6235396727032088
3680,2019-03-03 08:00:00,210.025421143,0.7605170532585847
3681,2019-03-03 09:00:00,210.68522644,0.6295414075987804
3682,2019-03-03 10:00:00,210.690444946,0.6114412890877124
3683,2019-03-03 11:00:00,210.69770813,0.6199480459464599
3684,2019-03-03 12:00:00,210.712509155,0.35246496543879935
3685,2019-03-03 13:00:00,210.718597412,0.466163675974559
3686,2019-03-03 14:00:00,210.718383789,0.6029135298496593
3687,2019-03-03 15:00:00,210.704437256,0.42954472448619496
3688,2019-03-03 16:00:00,210.674850464,0.7751014106000418
3689,2019-03-03 17:00:00,210.649993896,0.6417056192478582
3690,2019-03-03 18:00:00,210.86505127,0.8566199987550206
3691,2019-03-03 19:00:00,212.279510498,0.7573231389610018
3692,2019-03-03 20:00:00,214.020401001,0.6644736502729479
3693,2019-03-03 21:00:00,216.137680054,0.11194647865117191
3694,2019-03-03 22:00:00,218.025802612,0.2529981504764782
3695,2019-03-03 23:00:00,219.844055176,0.9848093919177049
3696,2019-03-04 00:00:00,221.063964844,0.46266656762644165
3697,2019-03-04 01:00:00,221.593185425,0.0033664291733334073
3698,2019-03-04 02:00:00,221.893356323,0.2934675397286157
3699,2019-03-04 03:00:00,222.184753418,0.8334974504256835
3700,2019-03-04 04:00:00,222.170623779,0.7758211653329017
3701,2019-03-04 05:00:00,222.147949219,0.7271514913587797
3702,2019-03-04 06:00:00,222.117431641,0.9957987964736322
3703,2019-03-04 07:00:00,222.287689209,0.728945536954211
3704,2019-03-04 08:00:00,222.253082275,0.06431428018850383
3705,2019-03-04 09:00:00,222.830551147,0.2574676386553789
3706,2019-03-04 10:00:00,222.889266968,0.16701905934549
3707,2019-03-04 11:00:00,222.84753418,0.18588032214308314
3708,2019-03-04 12:00:00,222.808776855,0.4447463253153656
3709,2019-03-04 13:00:00,223.209701538,0.5127530380191467
3710,2019-03-04 14:00:00,223.17036438,0.16984062657388288
3711,2019-03-04 15:00:00,224.184646606,0.12981271967378083
3712,2019-03-04 16:00:00,224.642944336,0.4313689559014794
3713,2019-03-04 17:00:00,224.688171387,0.2694530269164608
3714,2019-03-04 18:00:00,224.591751099,0.32256299283496814
3715,2019-03-04 19:00:00,224.47857666,0.2726876046584833
3716,2019-03-04 20:00:00,224.344741821,0.29476794171332843
3717,2019-03-04 21:00:00,224.079391479,0.8214323865596417
3718,2019-03-04 22:00:00,223.566390991,0.39346089106949944
3719,2019-03-04 23:00:00,223.207366943,0.2873153638689787
3720,2019-03-05 00:00:00,222.906707764,0.03310992951445335
3721,2019-03-05 01:00:00,222.650115967,0.917602301566925
3722,2019-03-05 02:00:00,222.425994873,0.6426659727899962
3723,2019-03-05 03:00:00,222.230163574,0.5497496771998541
3724,2019-03-05 04:00:00,222.057067871,0.5122566433578924
3725,2019-03-05 05:00:00,221.902511597,0.3727903590427972
3726,2019-03-05 06:00:00,221.763961792,0.4031723817448516
3727,2019-03-05 07:00:00,221.639541626,0.8499004695723722
3728,2019-03-05 08:00:00,221.52772522,0.00048300540046464224
3729,2019-03-05 09:00:00,221.425445557,0.8858515799411425
3730,2019-03-05 10:00:00,221.330047607,0.9082625789890677
3731,2019-03-05 11:00:00,221.241226196,0.22953405546806904
3732,2019-03-05 12:00:00,221.157608032,0.933223365533493
3733,2019-03-05 13:00:00,221.08253479,0.19683513782399364
3734,2019-03-05 14:00:00,221.008758545,0.8143185409577873
3735,2019-03-05 15:00:00,220.934631348,0.24610154257411676
3736,2019-03-05 16:00:00,220.84664917,0.7986103327291941
3737,2019-03-05 17:00:00,220.741790771,0.6447710842597096
3738,2019-03-05 18:00:00,220.598098755,0.5635611968325233
3739,2019-03-05 19:00:00,222.066162109,0.6760775049559477
3740,2019-03-05 20:00:00,222.379714966,0.1407625222470532
3741,2019-03-05 21:00:00,221.719436646,0.43779565981308455
3742,2019-03-05 22:00:00,220.900253296,0.8923976180172566
3743,2019-03-05 23:00:00,220.319396973,0.13848324474825568
3744,2019-03-06 00:00:00,219.832275391,0.2927066969364317
3745,2019-03-06 01:00:00,219.418197632,0.7998215684664146
3746,2019-03-06 02:00:00,219.070037842,0.16778785121274453
3747,2019-03-06 03:00:00,218.772888184,0.1595242451212613
3748,2019-03-06 04:00:00,218.516143799,0.47230633125927546
3749,2019-03-06 05:00:00,218.298583984,0.6440483015780823
3750,2019-03-06 06:00:00,218.101379395,0.6578960064539768
3751,2019-03-06 07:00:00,217.929763794,0.22818271220666075
3752,2019-03-06 08:00:00,217.77557373,0.8130670897867345
3753,2019-03-06 09:00:00,217.641494751,0.6486857046611133
3754,2019-03-06 10:00:00,217.521881104,0.6023454217088202
3755,2019-03-06 11:00:00,217.416641235,0.7411857271918386
3756,2019-03-06 12:00:00,217.321411133,0.08469656981806895
3757,2019-03-06 13:00:00,217.246902466,0.8424629946128463
3758,2019-03-06 14:00:00,217.179321289,0.78943583248837
3759,2019-03-06 15:00:00,217.105194092,0.22768147491220048
3760,2019-03-06 16:00:00,217.057937622,0.411361555781093
3761,2019-03-06 17:00:00,217.565124512,0.7493474201128454
3762,2019-03-06 18:00:00,218.156524658,0.9040020108290691
3763,2019-03-06 19:00:00,218.776885986,0.7466785249464075
3764,2019-03-06 20:00:00,219.446456909,0.22185399063079292
3765,2019-03-06 21:00:00,219.661178589,0.5412147727395489
3766,2019-03-06 22:00:00,219.335418701,0.13420150178963308
3767,2019-03-06 23:00:00,220.049331665,0.43804273508018976
3768,2019-03-07 00:00:00,220.471420288,0.6858760489372486
3769,2019-03-07 01:00:00,220.619003296,0.8974057816268732
3770,2019-03-07 02:00:00,220.593185425,0.6586984523748723
3771,2019-03-07 03:00:00,220.646469116,0.1446557661027421
3772,2019-03-07 04:00:00,220.988677979,0.00282309082078247
3773,2019-03-07 05:00:00,221.149810791,0.737120667722135
3774,2019-03-07 06:00:00,221.347610474,0.2089670658866215
3775,2019-03-07 07:00:00,221.491882324,0.2892766475990741
3776,2019-03-07 08:00:00,222.293640137,0.8128229372805584
3777,2019-03-07 09:00:00,223.136413574,0.15759019262612883
3778,2019-03-07 10:00:00,223.524108887,0.8849563051516889
3779,2019-03-07 11:00:00,224.153381348,0.22389041163138845
3780,2019-03-07 12:00:00,224.091033936,0.6356258455410357
3781,2019-03-07 13:00:00,224.397140503,0.2967501860867644
3782,2019-03-07 14:00:00,224.713134766,0.2245582968235924
3783,2019-03-07 15:00:00,225.027542114,0.29312602773512253
3784,2019-03-07 16:00:00,225.340057373,0.15308744982298805
3785,2019-03-07 17:00:00,226.02154541,0.6862647587453056
3786,2019-03-07 18:00:00,228.070877075,0.597117966270816
3787,2019-03-07 19:00:00,228.001663208,0.9610972795165137
3788,2019-03-07 20:00:00,228.456817627,0.552792903355352
3789,2019-03-07 21:00:00,228.265258789,0.42048549382517564
3790,2019-03-07 22:00:00,227.921707153,0.46336563714332124
3791,2019-03-07 23:00:00,227.724472046,0.517364582239089
3792,2019-03-08 00:00:00,227.554656982,0.7839453302900187
3793,2019-03-08 01:00:00,227.402313232,0.24765238094663933
3794,2019-03-08 02:00:00,227.259307861,0.7473697084792555
3795,2019-03-08 03:00:00,227.123153687,0.5410111985929793
3796,2019-03-08 04:00:00,227.002166748,0.0915919652466165
3797,2019-03-08 05:00:00,226.891571045,0.16994808128776928
3798,2019-03-08 06:00:00,226.782958984,0.11465232363333089
3799,2019-03-08 07:00:00,226.687057495,0.6421732743661983
3800,2019-03-08 08:00:00,226.596099854,0.21500234130631046
3801,2019-03-08 09:00:00,226.509735107,0.3058724392054353
3802,2019-03-08 10:00:00,226.42930603,0.3145782362244123
3803,2019-03-08 11:00:00,226.350357056,0.28676934938392973
3804,2019-03-08 12:00:00,226.280441284,0.6487220502017037
3805,2019-03-08 13:00:00,226.215240479,0.5757448938133639
3806,2019-03-08 14:00:00,226.151306152,0.36915069617552976
3807,2019-03-08 15:00:00,226.087036133,0.6331925442385852
3808,2019-03-08 16:00:00,226.309204102,0.2378169489910401
3809,2019-03-08 17:00:00,229.097625732,0.9909795820995028
3810,2019-03-08 18:00:00,230.905014038,0.34567742048099515
3811,2019-03-08 19:00:00,232.062332153,0.058544943351061085
3812,2019-03-08 20:00:00,232.368286133,0.6278469167411792
3813,2019-03-08 21:00:00,232.559402466,0.4750393231658434
3814,2019-03-08 22:00:00,232.17300415,0.9395099256375842
3815,2019-03-08 23:00:00,233.072113037,0.0795040326674521
3816,2019-03-09 00:00:00,235.049423218,0.4850261851994213
3817,2019-03-09 01:00:00,238.390930176,0.45750262303801426
3818,2019-03-09 02:00:00,238.573867798,0.3076483308185799
3819,2019-03-09 03:00:00,238.466781616,0.9553282069046025
3820,2019-03-09 04:00:00,238.363067627,0.851165976478972
3821,2019-03-09 05:00:00,238.266815186,0.15459775149594213
3822,2019-03-09 06:00:00,238.179626465,0.3217409257704714
3823,2019-03-09 07:00:00,238.100280762,0.3875890547256675
3824,2019-03-09 08:00:00,238.022674561,0.6333305825751238
3825,2019-03-09 09:00:00,237.950942993,0.5675602463087664
3826,2019-03-09 10:00:00,237.878265381,0.7068774036404049
3827,2019-03-09 11:00:00,237.808258057,0.547981643192526
3828,2019-03-09 12:00:00,237.738464355,0.699516184322455
3829,2019-03-09 13:00:00,237.671737671,0.430146685371958
3830,2019-03-09 14:00:00,237.606765747,0.8019626803682838
3831,2019-03-09 15:00:00,237.539825439,0.19403068209736785
3832,2019-03-09 16:00:00,237.464324951,0.22065139076989415
3833,2019-03-09 17:00:00,237.376998901,0.5868701937592814
3834,2019-03-09 18:00:00,237.266220093,0.6595472564361546
3835,2019-03-09 19:00:00,237.137893677,0.35608380931732264
3836,2019-03-09 20:00:00,236.986129761,0.07734352226068653
3837,2019-03-09 21:00:00,236.82598877,0.7108007070360605
3838,2019-03-09 22:00:00,236.497390747,0.13205987145326925
3839,2019-03-09 23:00:00,236.300491333,0.05285409533057206
3840,2019-03-10 00:00:00,236.128189087,0.5014481990974059
3841,2019-03-10 01:00:00,235.976242065,0.8245722547484629
3842,2019-03-10 02:00:00,235.841964722,0.38826585832505844
3843,2019-03-10 03:00:00,235.721435547,0.035359328133972356
3844,2019-03-10 04:00:00,235.61227417,0.4964584829865679
3845,2019-03-10 05:00:00,235.513000488,0.8415320750853486
3846,2019-03-10 06:00:00,235.421707153,0.40091641090152574
3847,2019-03-10 07:00:00,235.338119507,0.42127060257167626
3848,2019-03-10 08:00:00,235.261703491,0.3314419062427908
3849,2019-03-10 09:00:00,235.191635132,0.9220384901268401
3850,2019-03-10 10:00:00,235.127670288,0.4551968320191244
3851,2019-03-10 11:00:00,235.069412231,0.25222815858489245
3852,2019-03-10 12:00:00,235.01512146,0.7883687973918957
3853,2019-03-10 13:00:00,235.407577515,0.2367929921257259
3854,2019-03-10 14:00:00,235.358184814,0.45537987510216005
3855,2019-03-10 15:00:00,235.308776855,0.9437039883250994
3856,2019-03-10 16:00:00,235.253341675,0.6051146530539755
3857,2019-03-10 17:00:00,235.175933838,0.8267565270076827
3858,2019-03-10 18:00:00,235.072463989,0.2306400721456381
3859,2019-03-10 19:00:00,234.944702148,0.9589622734183247
3860,2019-03-10 20:00:00,234.625305176,0.7935972841073885
3861,2019-03-10 21:00:00,234.259292603,0.11067199337308786
3862,2019-03-10 22:00:00,233.757751465,0.8925051711465114
3863,2019-03-10 23:00:00,233.424255371,0.13299361365070916
3864,2019-03-11 00:00:00,233.140274048,0.10773132933722263
3865,2019-03-11 01:00:00,232.89604187,0.04457223204828742
3866,2019-03-11 02:00:00,232.684509277,0.31907108642408877
3867,2019-03-11 03:00:00,232.498245239,0.6318198729072155
3868,2019-03-11 04:00:00,232.336196899,0.9982217384431428
3869,2019-03-11 05:00:00,232.475311279,0.25444462393614786
3870,2019-03-11 06:00:00,232.472457886,0.3296156038726161
3871,2019-03-11 07:00:00,232.484161377,0.802688514537152
3872,2019-03-11 08:00:00,232.384689331,0.3157300651444048
3873,2019-03-11 09:00:00,232.294128418,0.0059827860257749554
3874,2019-03-11 10:00:00,232.211578369,0.3182683092439028
3875,2019-03-11 11:00:00,232.422592163,0.8667552474758913
3876,2019-03-11 12:00:00,232.482070923,0.8764065529541791
3877,2019-03-11 13:00:00,232.423187256,0.5846434876107415
3878,2019-03-11 14:00:00,232.775222778,0.6159616779928252
3879,2019-03-11 15:00:00,232.727737427,0.06787654223516992
3880,2019-03-11 16:00:00,232.671325684,0.46493194394883397
3881,2019-03-11 17:00:00,233.387664795,0.47925135896006743
3882,2019-03-11 18:00:00,233.30305481,0.9947056876654223
3883,2019-03-11 19:00:00,233.1953125,0.7751224641295106
3884,2019-03-11 20:00:00,233.069824219,0.9176702679660594
3885,2019-03-11 21:00:00,232.75453186,0.05796295606608337
3886,2019-03-11 22:00:00,232.088638306,0.8399147456100889
3887,2019-03-11 23:00:00,232.07484436,0.29581296166057636
3888,2019-03-12 00:00:00,232.254425049,0.785068439737544
3889,2019-03-12 01:00:00,232.337371826,0.8076895304211458
3890,2019-03-12 02:00:00,232.070098877,0.2802919243335318
3891,2019-03-12 03:00:00,232.505737305,0.6999505078659797
3892,2019-03-12 04:00:00,237.400772095,0.9076792466098752
3893,2019-03-12 05:00:00,238.472763062,0.29763595310480573
3894,2019-03-12 06:00:00,251.60194397,0.8473514861899529
3895,2019-03-12 07:00:00,253.42767334,0.16402746423404146
3896,2019-03-12 08:00:00,255.364105225,0.42646576330863706
3897,2019-03-12 09:00:00,256.901855469,0.8811906746088436
3898,2019-03-12 10:00:00,258.353210449,0.4507010992926723
3899,2019-03-12 11:00:00,259.344482422,0.7431331252038014
3900,2019-03-12 12:00:00,260.482513428,0.1925280243845885
3901,2019-03-12 13:00:00,261.487731934,0.20715095990748422
3902,2019-03-12 14:00:00,262.07598877,0.8569639039131104
3903,2019-03-12 15:00:00,262.44329834,0.8968227492631888
3904,2019-03-12 16:00:00,263.021240234,0.7633355465248907
3905,2019-03-12 17:00:00,267.983886719,0.3899224606357131
3906,2019-03-12 18:00:00,277.95980835,0.6950200325323339
3907,2019-03-12 19:00:00,281.631286621,0.6801526604897519
3908,2019-03-12 20:00:00,283.446716309,0.39198794553649663
3909,2019-03-12 21:00:00,285.515197754,0.5504589511625723
3910,2019-03-12 22:00:00,286.831268311,0.08803812759832408
3911,2019-03-12 23:00:00,286.839660645,0.08338996611517191
3912,2019-03-13 00:00:00,289.079284668,0.4283851402349209
3913,2019-03-13 01:00:00,291.178619385,0.6414935086725932
3914,2019-03-13 02:00:00,293.273803711,0.9487706935810787
3915,2019-03-13 03:00:00,296.813964844,0.9741995785657757
3916,2019-03-13 04:00:00,297.833007812,0.18557090862308256
3917,2019-03-13 05:00:00,297.839416504,0.8498478819955895
3918,2019-03-13 06:00:00,297.943786621,0.6776100087222837
3919,2019-03-13 07:00:00,298.32220459,0.31601949250121986
3920,2019-03-13 08:00:00,298.332519531,0.12936999144641137
3921,2019-03-13 09:00:00,298.33972168,0.5947342117600581
3922,2019-03-13 10:00:00,298.35357666,0.8826434012844335
3923,2019-03-13 11:00:00,298.566955566,0.37311677174270264
3924,2019-03-13 12:00:00,299.494750977,0.1574964347211758
3925,2019-03-13 13:00:00,300.510375977,0.5550921270623994
3926,2019-03-13 14:00:00,300.71383667,0.08468591515547996
3927,2019-03-13 15:00:00,301.380340576,0.208320217088374
3928,2019-03-13 16:00:00,301.470153809,0.19918217356485624
3929,2019-03-13 17:00:00,302.119354248,0.7491022244176709
3930,2019-03-13 18:00:00,303.187957764,0.4372337460918786
3931,2019-03-13 19:00:00,303.781219482,0.568855962522095
3932,2019-03-13 20:00:00,305.143066406,0.4849660703821257
3933,2019-03-13 21:00:00,306.121398926,0.1132435919325191
3934,2019-03-13 22:00:00,306.244628906,0.5527349927316317
3935,2019-03-13 23:00:00,306.284545898,0.3237533804036089
3936,2019-03-14 00:00:00,306.856750488,0.11492002070643181
3937,2019-03-14 01:00:00,306.918334961,0.8862311702090969
3938,2019-03-14 02:00:00,306.986053467,0.06237179591905029
3939,2019-03-14 03:00:00,306.989990234,0.9985100410977539
3940,2019-03-14 04:00:00,307.058410645,0.43928689793577835
3941,2019-03-14 05:00:00,307.062713623,0.6897317091076989
3942,2019-03-14 06:00:00,307.06539917,0.09827339953265635
3943,2019-03-14 07:00:00,307.06930542,0.9107384872206971
3944,2019-03-14 08:00:00,307.072601318,0.15469581807169863
3945,2019-03-14 09:00:00,307.075714111,0.3351234843582833
3946,2019-03-14 10:00:00,307.077636719,0.5935600024808013
3947,2019-03-14 11:00:00,307.081634521,0.7466720298754352
3948,2019-03-14 12:00:00,307.086791992,0.940037192638913
3949,2019-03-14 13:00:00,307.092437744,0.1747653763443221
3950,2019-03-14 14:00:00,307.09866333,0.24571094729453047
3951,2019-03-14 15:00:00,307.100006104,0.6076264328513303
3952,2019-03-14 16:00:00,307.092681885,0.8956206404472893
3953,2019-03-14 17:00:00,307.07119751,0.5369621053334489
3954,2019-03-14 18:00:00,307.027404785,0.8095017141563372
3955,2019-03-14 19:00:00,306.953155518,0.018857575970293916
3956,2019-03-14 20:00:00,306.855560303,0.15559500396059012
3957,2019-03-14 21:00:00,306.706634521,0.8335969456328166
3958,2019-03-14 22:00:00,306.560852051,0.6096080027943593
3959,2019-03-14 23:00:00,306.434234619,0.007401526021594607
3960,2019-03-15 00:00:00,306.377349854,0.002395294624528921
3961,2019-03-15 01:00:00,306.317565918,0.6200304871963765
3962,2019-03-15 02:00:00,306.250701904,0.22327733930012317
3963,2019-03-15 03:00:00,306.180145264,0.21254618028801853
3964,2019-03-15 04:00:00,306.110687256,0.10080737058884481
3965,2019-03-15 05:00:00,306.040710449,0.1057090714089719
3966,2019-03-15 06:00:00,305.969818115,0.3011453715962824
3967,2019-03-15 07:00:00,305.899078369,0.0025794640836251936
3968,2019-03-15 08:00:00,305.828338623,0.2641121382261915
3969,2019-03-15 09:00:00,305.758514404,0.5143426696428852
3970,2019-03-15 10:00:00,305.690185547,0.7616508693715687
3971,2019-03-15 11:00:00,305.622650146,0.33757501182451
3972,2019-03-15 12:00:00,305.555480957,0.8628641499131783
3973,2019-03-15 13:00:00,305.489379883,0.12062846062880694
3974,2019-03-15 14:00:00,305.424194336,0.28490551106921413
3975,2019-03-15 15:00:00,305.360961914,0.731390096776855
3976,2019-03-15 16:00:00,305.296966553,0.5241086311841451
3977,2019-03-15 17:00:00,305.22869873,0.8271091582964184
3978,2019-03-15 18:00:00,305.126586914,0.7761875092248044
3979,2019-03-15 19:00:00,304.994354248,0.4821787717398275
3980,2019-03-15 20:00:00,304.718444824,0.4638447306321196
3981,2019-03-15 21:00:00,304.298553467,0.0034955066397727164
3982,2019-03-15 22:00:00,303.751373291,0.22350162687592268
3983,2019-03-15 23:00:00,303.170806885,0.6976199450515473
3984,2019-03-16 00:00:00,302.736816406,0.006598439327212269
3985,2019-03-16 01:00:00,302.367279053,0.32545735496663386
3986,2019-03-16 02:00:00,302.054534912,0.1838500548755977
3987,2019-03-16 03:00:00,301.784088135,0.7141705602049051
3988,2019-03-16 04:00:00,301.547637939,0.5368561266033662
3989,2019-03-16 05:00:00,301.342651367,0.8263143297043363
3990,2019-03-16 06:00:00,301.161651611,0.2925773671221217
3991,2019-03-16 07:00:00,301.001556396,0.5162119142590686
3992,2019-03-16 08:00:00,300.860473633,0.22430818931155916
3993,2019-03-16 09:00:00,300.733856201,0.45788862844790257
3994,2019-03-16 10:00:00,300.618835449,0.7893404502152653
3995,2019-03-16 11:00:00,300.513061523,0.08827733746083966
3996,2019-03-16 12:00:00,300.415679932,0.47859487697670555
3997,2019-03-16 13:00:00,300.325012207,0.4538207687483916
3998,2019-03-16 14:00:00,300.240478516,0.35816076478428005
3999,2019-03-16 15:00:00,300.162475586,0.03537104763349841
4000,2019-03-16 16:00:00,300.087860107,0.08018522484892143
4001,2019-03-16 17:00:00,300.011230469,0.3726219174745433
4002,2019-03-16 18:00:00,299.900024414,0.7788263417810571
4003,2019-03-16 19:00:00,299.753845215,0.0518080101503724
4004,2019-03-16 20:00:00,299.578704834,0.7092658155992052
4005,2019-03-16 21:00:00,299.276519775,0.9480495943940401
4006,2019-03-16 22:00:00,298.765808105,0.37829880986442554
4007,2019-03-16 23:00:00,298.118041992,0.681998547509796
4008,2019-03-17 00:00:00,297.653503418,0.9233785209419604
4009,2019-03-17 01:00:00,297.262390137,0.33208929249639263
4010,2019-03-17 02:00:00,296.931243896,0.47914354219746624
4011,2019-03-17 03:00:00,296.651855469,0.11400254043120606
4012,2019-03-17 04:00:00,296.411010742,0.20555979987043893
4013,2019-03-17 05:00:00,296.205474854,0.896178805161063
4014,2019-03-17 06:00:00,296.028869629,0.4113295157883553
4015,2019-03-17 07:00:00,295.876373291,0.4563343837321995
4016,2019-03-17 08:00:00,295.743652344,0.8071490377518122
4017,2019-03-17 09:00:00,295.627227783,0.8038614754975746
4018,2019-03-17 10:00:00,295.52456665,0.781505413994444
4019,2019-03-17 11:00:00,295.433288574,0.24386583691193686
4020,2019-03-17 12:00:00,295.351196289,0.045658539665591635
4021,2019-03-17 13:00:00,295.277740479,0.5755989023041412
4022,2019-03-17 14:00:00,295.211273193,0.019744895003518614
4023,2019-03-17 15:00:00,295.150970459,0.14609026391745972
4024,2019-03-17 16:00:00,295.091369629,0.40147905681688845
4025,2019-03-17 17:00:00,295.018798828,0.8190115031699675
4026,2019-03-17 18:00:00,294.914093018,0.42564809731382214
4027,2019-03-17 19:00:00,294.746002197,0.6675371662874926
4028,2019-03-17 20:00:00,294.290649414,0.6548083587121515
4029,2019-03-17 21:00:00,293.579559326,0.9852365358648559
4030,2019-03-17 22:00:00,292.733459473,0.403468310247324
4031,2019-03-17 23:00:00,291.866088867,0.6137910789668464
4032,2019-03-18 00:00:00,291.206604004,0.43906815765054374
4033,2019-03-18 01:00:00,290.65814209,0.7507226332198426
4034,2019-03-18 02:00:00,290.201904297,0.6386928971628173
4035,2019-03-18 03:00:00,289.820587158,0.16390886652121528
4036,2019-03-18 04:00:00,289.504974365,0.3419171116913381
4037,2019-03-18 05:00:00,289.236755371,0.524459037470457
4038,2019-03-18 06:00:00,289.011444092,0.29495506837662366
4039,2019-03-18 07:00:00,288.825866699,0.8797886226321359
4040,2019-03-18 08:00:00,288.66708374,0.6327121587168685
4041,2019-03-18 09:00:00,288.527160645,0.08596557746501166
4042,2019-03-18 10:00:00,288.409332275,0.5491611856905666
4043,2019-03-18 11:00:00,288.309783936,0.36910807334591744
4044,2019-03-18 12:00:00,288.218994141,0.16613392781298253
4045,2019-03-18 13:00:00,288.142700195,0.32648499871210124
4046,2019-03-18 14:00:00,288.075531006,0.3493509260456893
4047,2019-03-18 15:00:00,288.013977051,0.1272213635624817
4048,2019-03-18 16:00:00,287.955535889,0.7341242027966209
4049,2019-03-18 17:00:00,287.892578125,0.4702113050020782
4050,2019-03-18 18:00:00,287.789581299,0.16052250758977815
4051,2019-03-18 19:00:00,287.662445068,0.8616785937239443
4052,2019-03-18 20:00:00,287.522644043,0.5304768072403315
4053,2019-03-18 21:00:00,287.176116943,0.7625590134774989
4054,2019-03-18 22:00:00,286.541015625,0.4933389944025285
4055,2019-03-18 23:00:00,285.64465332,0.988226061515517
4056,2019-03-19 00:00:00,285.005767822,0.6078792704802999
4057,2019-03-19 01:00:00,284.476135254,0.6434206096326278
4058,2019-03-19 02:00:00,284.036743164,0.40056350653853634
4059,2019-03-19 03:00:00,283.672149658,0.6436825101492858
4060,2019-03-19 04:00:00,283.366607666,0.8706703682057563
4061,2019-03-19 05:00:00,283.11138916,0.23886367858313107
4062,2019-03-19 06:00:00,282.89730835,0.45138852727809053
4063,2019-03-19 07:00:00,282.720611572,0.4136153695046396
4064,2019-03-19 08:00:00,282.574035645,0.42994509173536366
4065,2019-03-19 09:00:00,282.451171875,0.1178607252932925
4066,2019-03-19 10:00:00,282.347381592,0.9080605746997498
4067,2019-03-19 11:00:00,282.256103516,0.4166219702656735
4068,2019-03-19 12:00:00,282.178497314,0.7024920143418247
4069,2019-03-19 13:00:00,282.110748291,0.5497199254147624
4070,2019-03-19 14:00:00,282.052703857,0.5750480130358925
4071,2019-03-19 15:00:00,282.002075195,0.42047145119117346
4072,2019-03-19 16:00:00,281.945220947,0.5767367332182869
4073,2019-03-19 17:00:00,281.864837646,0.4705394393957486
4074,2019-03-19 18:00:00,281.757171631,0.9225054420859286
4075,2019-03-19 19:00:00,281.589752197,0.3011705679312875
4076,2019-03-19 20:00:00,281.150299072,0.3997591905387612
4077,2019-03-19 21:00:00,280.467102051,0.8077793492754465
4078,2019-03-19 22:00:00,279.664337158,0.2067011869239388
4079,2019-03-19 23:00:00,278.861114502,0.8990620767409108
4080,2019-03-20 00:00:00,278.264373779,0.951249024943376
4081,2019-03-20 01:00:00,277.769836426,0.4581722727463313
4082,2019-03-20 02:00:00,277.358123779,0.025959263873601368
4083,2019-03-20 03:00:00,277.01776123,0.6213905528073238
4084,2019-03-20 04:00:00,276.735473633,0.302301060968048
4085,2019-03-20 05:00:00,276.49710083,0.20192148992997583
4086,2019-03-20 06:00:00,276.297393799,0.17791720442500303
4087,2019-03-20 07:00:00,276.130859375,0.8870703365565233
4088,2019-03-20 08:00:00,275.989807129,0.44114337119508074
4089,2019-03-20 09:00:00,275.870239258,0.20853042478319173
4090,2019-03-20 10:00:00,275.767456055,0.058132899642971414
4091,2019-03-20 11:00:00,275.679718018,0.8087498178877014
4092,2019-03-20 12:00:00,275.603393555,0.06111347491017727
4093,2019-03-20 13:00:00,275.536987305,0.06924225858179844
4094,2019-03-20 14:00:00,275.48034668,0.7966149767569165
4095,2019-03-20 15:00:00,275.430755615,0.6632991416091654
4096,2019-03-20 16:00:00,275.384887695,0.5292596309207201
4097,2019-03-20 17:00:00,275.338439941,0.5950081051114009
4098,2019-03-20 18:00:00,275.246490479,0.9030802631759423
4099,2019-03-20 19:00:00,275.108428955,0.09381404779649838
4100,2019-03-20 20:00:00,275.167999268,0.4702505301527101
4101,2019-03-20 21:00:00,275.098693848,0.498294084138838
4102,2019-03-20 22:00:00,274.847015381,0.3238493557414157
4103,2019-03-20 23:00:00,274.308898926,0.8935058384396165
4104,2019-03-21 00:00:00,273.945495605,0.1532245861962449
4105,2019-03-21 01:00:00,273.643463135,0.7610360111829392
4106,2019-03-21 02:00:00,273.392120361,0.8362386598670645
4107,2019-03-21 03:00:00,273.183074951,0.4351051946125739
4108,2019-03-21 04:00:00,273.007659912,0.49849251381633997
4109,2019-03-21 05:00:00,272.861358643,0.13488664127358374
4110,2019-03-21 06:00:00,272.739349365,0.8131977428970739
4111,2019-03-21 07:00:00,272.63760376,0.684395668707805
4112,2019-03-21 08:00:00,272.552215576,0.5910218172242748
4113,2019-03-21 09:00:00,272.477966309,0.4606510331666819
4114,2019-03-21 10:00:00,272.414398193,0.36351220113037475
4115,2019-03-21 11:00:00,272.359863281,0.8383765826025188
4116,2019-03-21 12:00:00,272.312744141,0.24012044605611604
4117,2019-03-21 13:00:00,272.269165039,0.431774344226304
4118,2019-03-21 14:00:00,272.23059082,0.9025410255906103
4119,2019-03-21 15:00:00,272.181732178,0.4086650943287775
4120,2019-03-21 16:00:00,272.134338379,0.5877124763140621
4121,2019-03-21 17:00:00,273.018341064,0.7899527741235047
4122,2019-03-21 18:00:00,272.946655273,0.9847236946125645
4123,2019-03-21 19:00:00,273.170532227,0.9271160863218905
4124,2019-03-21 20:00:00,274.319030762,0.7952389805632173
4125,2019-03-21 21:00:00,276.540130615,0.10244223797242613
4126,2019-03-21 22:00:00,279.926055908,0.8869770259772711
4127,2019-03-21 23:00:00,281.119689941,0.4044477558190258
4128,2019-03-22 00:00:00,281.058624268,0.46977548822172543
4129,2019-03-22 01:00:00,281.005187988,0.9495490135934411
4130,2019-03-22 02:00:00,280.956176758,0.7136385277090241
4131,2019-03-22 03:00:00,280.909698486,0.13874328802071656
4132,2019-03-22 04:00:00,280.866699219,0.564760467899391
4133,2019-03-22 05:00:00,280.827636719,0.16691476831579832
4134,2019-03-22 06:00:00,280.793548584,0.8663449963981543
4135,2019-03-22 07:00:00,280.764556885,0.08065530786434694
4136,2019-03-22 08:00:00,282.179077148,0.539481607646727
4137,2019-03-22 09:00:00,283.733734131,0.20229813284799247
4138,2019-03-22 10:00:00,284.362823486,0.861882402677066
4139,2019-03-22 11:00:00,284.672088623,0.4993681796855992
4140,2019-03-22 12:00:00,284.664123535,0.9890459129886412
4141,2019-03-22 13:00:00,285.723449707,0.19453262750414602
4142,2019-03-22 14:00:00,285.723999023,0.45632753802030024
4143,2019-03-22 15:00:00,285.717376709,0.2714597874445387
4144,2019-03-22 16:00:00,286.766113281,0.04247154568525002
4145,2019-03-22 17:00:00,287.720336914,0.9016032062764792
4146,2019-03-22 18:00:00,287.678466797,0.46139041347482834
4147,2019-03-22 19:00:00,288.832794189,0.49465093828108253
4148,2019-03-22 20:00:00,288.753509521,0.7258795787560238
4149,2019-03-22 21:00:00,289.01776123,0.8495681989436908
4150,2019-03-22 22:00:00,288.91607666,0.9760293301746171
4151,2019-03-22 23:00:00,288.838500977,0.1997746666160517
4152,2019-03-23 00:00:00,288.828979492,0.2499374211521923
4153,2019-03-23 01:00:00,288.817138672,0.9854782072565255
4154,2019-03-23 02:00:00,288.79901123,0.023221998752574358
4155,2019-03-23 03:00:00,288.776123047,0.47657936282028457
4156,2019-03-23 04:00:00,288.75189209,0.538842634861186
4157,2019-03-23 05:00:00,288.726715088,0.6883495940766111
4158,2019-03-23 06:00:00,288.700500488,0.07028138665008499
4159,2019-03-23 07:00:00,288.672363281,0.08856973105262533
4160,2019-03-23 08:00:00,288.640625,0.3749480047781911
4161,2019-03-23 09:00:00,288.608734131,0.1494879014834799
4162,2019-03-23 10:00:00,288.575500488,0.06262262472093172
4163,2019-03-23 11:00:00,288.541656494,0.44057271374130624
4164,2019-03-23 12:00:00,288.506378174,0.6721538872624245
4165,2019-03-23 13:00:00,288.47265625,0.6666310049623952
4166,2019-03-23 14:00:00,288.441192627,0.0483074862029329
4167,2019-03-23 15:00:00,288.409057617,0.24921255396161823
4168,2019-03-23 16:00:00,288.370391846,0.18427394843374056
4169,2019-03-23 17:00:00,288.314147949,0.6612719735193799
4170,2019-03-23 18:00:00,288.229400635,0.2430027142252731
4171,2019-03-23 19:00:00,288.03036499,0.8205265196800805
4172,2019-03-23 20:00:00,287.713012695,0.24561727599166538
4173,2019-03-23 21:00:00,287.190307617,0.5675847761237475
4174,2019-03-23 22:00:00,286.548309326,0.4335740674964844
4175,2019-03-23 23:00:00,285.888549805,0.7628369401680334
4176,2019-03-24 00:00:00,285.407318115,0.7105045905136067
4177,2019-03-24 01:00:00,285.007537842,0.1477773631788134
4178,2019-03-24 02:00:00,284.670196533,0.6945244269981609
4179,2019-03-24 03:00:00,284.387756348,0.17533541432837962
4180,2019-03-24 04:00:00,284.14855957,0.5382466083306195
4181,2019-03-24 05:00:00,283.948150635,0.8788277256489019
4182,2019-03-24 06:00:00,283.779418945,0.7434943676952704
4183,2019-03-24 07:00:00,283.638031006,0.7306396675729816
4184,2019-03-24 08:00:00,283.517578125,0.03287147664061296
4185,2019-03-24 09:00:00,283.415374756,0.9171608880675297
4186,2019-03-24 10:00:00,283.326080322,0.9829348785033031
4187,2019-03-24 11:00:00,283.247283936,0.9937108832345147
4188,2019-03-24 12:00:00,283.177520752,0.5477599496372806
4189,2019-03-24 13:00:00,283.115509033,0.43441242912321765
4190,2019-03-24 14:00:00,283.056640625,0.7294473527918995
4191,2019-03-24 15:00:00,283.002868652,0.8430675628554469
4192,2019-03-24 16:00:00,282.953094482,0.29009667634470715
4193,2019-03-24 17:00:00,283.327575684,0.8877379431866267
4194,2019-03-24 18:00:00,283.2394104,0.399703711462161
4195,2019-03-24 19:00:00,283.132385254,0.9157341948642339
4196,2019-03-24 20:00:00,283.005401611,0.6286770341755491
4197,2019-03-24 21:00:00,282.753631592,0.4132018964417038
4198,2019-03-24 22:00:00,282.353851318,0.8539587402684001
4199,2019-03-24 23:00:00,281.881347656,0.249298864824832
4200,2019-03-25 00:00:00,281.565368652,0.5171909115472837
4201,2019-03-25 01:00:00,281.303405762,0.0871160716408439
4202,2019-03-25 02:00:00,281.083984375,0.833910893600193
4203,2019-03-25 03:00:00,280.901245117,0.3589266784872315
4204,2019-03-25 04:00:00,280.748168945,0.8163171730726121
4205,2019-03-25 05:00:00,280.617248535,0.03785654787188675
4206,2019-03-25 06:00:00,280.505706787,0.981885614497061
4207,2019-03-25 07:00:00,280.409759521,0.713153256010075
4208,2019-03-25 08:00:00,280.326263428,0.239200134818347
4209,2019-03-25 09:00:00,280.251861572,0.9387290964807906
4210,2019-03-25 10:00:00,280.191467285,0.4430283734542152
4211,2019-03-25 11:00:00,280.133178711,0.6313658349898233
4212,2019-03-25 12:00:00,280.081542969,0.10317560998949837
4213,2019-03-25 13:00:00,280.036071777,0.7469382889368863
4214,2019-03-25 14:00:00,279.995727539,0.8844445813442022
4215,2019-03-25 15:00:00,279.95526123,0.6078548897370748
4216,2019-03-25 16:00:00,279.891784668,0.024967204177222868
4217,2019-03-25 17:00:00,279.805786133,0.30283845667108045
4218,2019-03-25 18:00:00,279.698028564,0.6495060525236586
4219,2019-03-25 19:00:00,279.56463623,0.34015242971240545
4220,2019-03-25 20:00:00,279.025848389,0.10332168936542974
4221,2019-03-25 21:00:00,278.4375,0.7230661352412745
4222,2019-03-25 22:00:00,277.722747803,0.2419963293632169
4223,2019-03-25 23:00:00,276.988189697,0.7566848582297623
4224,2019-03-26 00:00:00,276.432952881,0.5725053070593848
4225,2019-03-26 01:00:00,275.97177124,0.9118817638765864
4226,2019-03-26 02:00:00,275.588043213,0.35054096352387665
4227,2019-03-26 03:00:00,275.269714355,0.24373143793695495
4228,2019-03-26 04:00:00,275.003540039,0.3480941998267021
4229,2019-03-26 05:00:00,274.781646729,0.6623800034324601
4230,2019-03-26 06:00:00,274.594421387,0.5537953529424227
4231,2019-03-26 07:00:00,274.437072754,0.15881280729181313
4232,2019-03-26 08:00:00,274.304077148,0.233538955145151
4233,2019-03-26 09:00:00,274.192108154,0.5462421349954941
4234,2019-03-26 10:00:00,274.097076416,0.9534680933377926
4235,2019-03-26 11:00:00,274.017456055,0.715413918760011
4236,2019-03-26 12:00:00,273.948852539,0.2186674439794214
4237,2019-03-26 13:00:00,273.890289307,0.9463878270703285
4238,2019-03-26 14:00:00,273.840576172,0.6857751342491066
4239,2019-03-26 15:00:00,273.797576904,0.7771326736457106
4240,2019-03-26 16:00:00,273.7550354,0.8205305268345037
4241,2019-03-26 17:00:00,273.700378418,0.3717792557269318
4242,2019-03-26 18:00:00,273.605621338,0.95211272620468
4243,2019-03-26 19:00:00,273.483947754,0.7610904030847307
4244,2019-03-26 20:00:00,273.341003418,0.6272288810165717
4245,2019-03-26 21:00:00,273.103485107,0.6718165370775123
4246,2019-03-26 22:00:00,272.597839355,0.37878527652684313
4247,2019-03-26 23:00:00,271.970062256,0.5738972477465827
4248,2019-03-27 00:00:00,271.5418396,0.9066495052333503
4249,2019-03-27 01:00:00,271.185668945,0.1424894314589764
4250,2019-03-27 02:00:00,270.888885498,0.2844565436133303
4251,2019-03-27 03:00:00,270.640869141,0.847017964895682
4252,2019-03-27 04:00:00,270.433410645,0.48683803338486886
4253,2019-03-27 05:00:00,270.261016846,0.7388041159932985
4254,2019-03-27 06:00:00,270.116699219,0.409252945140003
4255,2019-03-27 07:00:00,269.994415283,0.05538316848482916
4256,2019-03-27 08:00:00,269.890930176,0.8285964841458933
4257,2019-03-27 09:00:00,269.807861328,0.006736138250402313
4258,2019-03-27 10:00:00,269.738189697,0.7390106717922871
4259,2019-03-27 11:00:00,269.678405762,0.9448554145650482
4260,2019-03-27 12:00:00,269.628601074,0.3826137994669515
4261,2019-03-27 13:00:00,269.585510254,0.575340385876228
4262,2019-03-27 14:00:00,269.549377441,0.12153527058065183
4263,2019-03-27 15:00:00,269.515594482,0.5652270112858806
4264,2019-03-27 16:00:00,269.476074219,0.4453052165780407
4265,2019-03-27 17:00:00,269.410919189,0.921249404859981
4266,2019-03-27 18:00:00,269.307556152,0.6886304033891497
4267,2019-03-27 19:00:00,269.036071777,0.16472743157282754
4268,2019-03-27 20:00:00,268.34588623,0.36838109713610523
4269,2019-03-27 21:00:00,267.509674072,0.7981114786287096
4270,2019-03-27 22:00:00,266.476989746,0.9527954183168276
4271,2019-03-27 23:00:00,265.348876953,0.5214458798179374
4272,2019-03-28 00:00:00,264.493103027,0.11992156960349476
4273,2019-03-28 01:00:00,263.787384033,0.9820395988462923
4274,2019-03-28 02:00:00,263.204345703,0.8605734901603266
4275,2019-03-28 03:00:00,262.720458984,0.12939385976198514
4276,2019-03-28 04:00:00,262.321655273,0.545206259359713
4277,2019-03-28 05:00:00,261.991790771,0.944938830459688
4278,2019-03-28 06:00:00,261.719329834,0.7535766797424355
4279,2019-03-28 07:00:00,261.494750977,0.669652502425916
4280,2019-03-28 08:00:00,261.307403564,0.028717015289122738
4281,2019-03-28 09:00:00,261.157653809,0.5642340954610607
4282,2019-03-28 10:00:00,261.034240723,0.16692161435494002
4283,2019-03-28 11:00:00,260.926757812,0.6474942237159377
4284,2019-03-28 12:00:00,260.83694458,0.7572241875754839
4285,2019-03-28 13:00:00,260.760772705,0.4461475974875706
4286,2019-03-28 14:00:00,260.697906494,0.3532629326096306
4287,2019-03-28 15:00:00,260.641601562,0.8299760518143915
4288,2019-03-28 16:00:00,260.583618164,0.7399482039027815
4289,2019-03-28 17:00:00,260.494567871,0.07605672212381664
4290,2019-03-28 18:00:00,260.373809814,0.679504032981967
4291,2019-03-28 19:00:00,260.229949951,0.5003174998651162
4292,2019-03-28 20:00:00,259.824127197,0.7648428000661963
4293,2019-03-28 21:00:00,259.07901001,0.1262284563072985
4294,2019-03-28 22:00:00,258.15057373,0.24493973328088525
4295,2019-03-28 23:00:00,257.136688232,0.619993263907848
4296,2019-03-29 00:00:00,256.40536499,0.5567109778576935
4297,2019-03-29 01:00:00,255.804122925,0.12339636660036679
4298,2019-03-29 02:00:00,255.3072052,0.23187957182587893
4299,2019-03-29 03:00:00,254.897384644,0.07816953456033793
4300,2019-03-29 04:00:00,254.559112549,0.7781943442883931
4301,2019-03-29 05:00:00,254.279724121,0.28499252394496377
4302,2019-03-29 06:00:00,254.047561646,0.12329244591285826
4303,2019-03-29 07:00:00,253.85635376,0.48109175239189894
4304,2019-03-29 08:00:00,253.698440552,0.718278819595974
4305,2019-03-29 09:00:00,253.56741333,0.5221279125373032
4306,2019-03-29 10:00:00,253.45375061,0.869034817182567
4307,2019-03-29 11:00:00,253.360229492,0.10092477897771468
4308,2019-03-29 12:00:00,253.286758423,0.2771976304522411
4309,2019-03-29 13:00:00,253.22756958,0.478991088513005
4310,2019-03-29 14:00:00,253.179779053,0.2170518277315724
4311,2019-03-29 15:00:00,253.136993408,0.4593100889748245
4312,2019-03-29 16:00:00,253.095321655,0.45428484853181195
4313,2019-03-29 17:00:00,253.034866333,0.5886845423401543
4314,2019-03-29 18:00:00,252.952636719,0.11871081423896834
4315,2019-03-29 19:00:00,252.852844238,0.09976447331778548
4316,2019-03-29 20:00:00,252.743392944,0.11219791148276603
4317,2019-03-29 21:00:00,252.337860107,0.43990879976493324
4318,2019-03-29 22:00:00,251.967132568,0.0034994565647648024
4319,2019-03-29 23:00:00,251.618469238,0.6629843836923252
4320,2019-03-30 00:00:00,251.375198364,0.7084483048839862
4321,2019-03-30 01:00:00,251.172302246,0.24965985651810152
4322,2019-03-30 02:00:00,251.008010864,0.15823039498559144
4323,2019-03-30 03:00:00,250.881164551,0.20015986027631105
4324,2019-03-30 04:00:00,250.778289795,0.6725505595892206
4325,2019-03-30 05:00:00,250.691574097,0.703162451528213
4326,2019-03-30 06:00:00,250.618911743,0.23369153997689385
4327,2019-03-30 07:00:00,250.558731079,0.06863754304304104
4328,2019-03-30 08:00:00,250.509033203,0.5522427050285197
4329,2019-03-30 09:00:00,250.46585083,0.45995249394362525
4330,2019-03-30 10:00:00,250.428695679,0.20523543538186473
4331,2019-03-30 11:00:00,250.397842407,0.020699911137782245
4332,2019-03-30 12:00:00,250.372268677,0.42252376394977054
4333,2019-03-30 13:00:00,250.350280762,0.13297136122812392
4334,2019-03-30 14:00:00,250.332138062,0.8563187932193199
4335,2019-03-30 15:00:00,250.317245483,0.4350803335110306
4336,2019-03-30 16:00:00,250.305755615,0.17026246174493198
4337,2019-03-30 17:00:00,250.295974731,0.8332475629038391
4338,2019-03-30 18:00:00,250.258758545,0.5831946254629103
4339,2019-03-30 19:00:00,250.190826416,0.9705867277135716
4340,2019-03-30 20:00:00,250.100646973,0.4468061734655112
4341,2019-03-30 21:00:00,249.999938965,0.6609492979136161
4342,2019-03-30 22:00:00,249.974853516,0.5726298665802216
4343,2019-03-30 23:00:00,249.999572754,0.5073513250843498
4344,2019-03-31 00:00:00,250.094680786,0.29080143066879227
4345,2019-03-31 01:00:00,250.208251953,0.6506885834542461
4346,2019-03-31 02:00:00,250.305725098,0.9862204329780598
4347,2019-03-31 03:00:00,250.304275513,0.24318887176975879
4348,2019-03-31 04:00:00,250.301467896,0.16050253387761315
4349,2019-03-31 05:00:00,250.298522949,0.8707545630641831
4350,2019-03-31 06:00:00,250.298995972,0.9320830062735912
4351,2019-03-31 07:00:00,250.471710205,0.9119902599517697
4352,2019-03-31 08:00:00,250.580749512,0.23941027591114072
4353,2019-03-31 09:00:00,250.589080811,0.659916588384408
4354,2019-03-31 10:00:00,250.59362793,0.9077366889300718
4355,2019-03-31 11:00:00,250.594100952,0.68535193075101
4356,2019-03-31 12:00:00,250.591262817,0.5934613596565373
4357,2019-03-31 13:00:00,250.588729858,0.5537344166674646
4358,2019-03-31 14:00:00,250.583007812,0.29692168870120883
4359,2019-03-31 15:00:00,250.577774048,0.05379684674870289
4360,2019-03-31 16:00:00,250.565139771,0.6066231615362998
4361,2019-03-31 17:00:00,251.920013428,0.34431989626741955
4362,2019-03-31 18:00:00,252.624160767,0.19605810746447228
4363,2019-03-31 19:00:00,254.541305542,0.905081730349655
4364,2019-03-31 20:00:00,255.668441772,0.8230437206055055
4365,2019-03-31 21:00:00,256.677856445,0.13920833462436055
4366,2019-03-31 22:00:00,257.486053467,0.3063315719425479
4367,2019-03-31 23:00:00,257.624176025,0.6076839541173693
4368,2019-04-01 00:00:00,257.636108398,0.12247665536420138
4369,2019-04-01 01:00:00,257.642364502,0.976021420529393
4370,2019-04-01 02:00:00,257.647460938,0.46192350726575926
4371,2019-04-01 03:00:00,257.652069092,0.4762644374083663
4372,2019-04-01 04:00:00,257.660705566,0.44711766568391886
4373,2019-04-01 05:00:00,257.669250488,0.7077327283300208
4374,2019-04-01 06:00:00,257.678771973,0.8656356071695563
4375,2019-04-01 07:00:00,257.688476562,0.15847052659925176
4376,2019-04-01 08:00:00,257.696990967,0.05880170161858289
4377,2019-04-01 09:00:00,257.706726074,0.626979938606027
4378,2019-04-01 10:00:00,257.715484619,0.5642370257100038
4379,2019-04-01 11:00:00,257.724182129,0.9053822579198011
4380,2019-04-01 12:00:00,257.732299805,0.3043306796693901
4381,2019-04-01 13:00:00,257.740875244,0.17291220111918615
4382,2019-04-01 14:00:00,257.751251221,0.6191326225804391
4383,2019-04-01 15:00:00,257.759460449,0.8372112680000139
4384,2019-04-01 16:00:00,257.762664795,0.6271433287978977
4385,2019-04-01 17:00:00,257.760681152,0.7254024840412248
4386,2019-04-01 18:00:00,257.727355957,0.6792855821306544
4387,2019-04-01 19:00:00,258.948883057,0.5716773811508847
4388,2019-04-01 20:00:00,259.260101318,0.1600169282475078
4389,2019-04-01 21:00:00,259.169372559,0.028572814310773298
4390,2019-04-01 22:00:00,259.087188721,0.26928950683956954
4391,2019-04-01 23:00:00,259.027984619,0.4142965979847525
4392,2019-04-02 00:00:00,259.041046143,0.8498616002744946
4393,2019-04-02 01:00:00,259.052124023,0.9651538737227741
4394,2019-04-02 02:00:00,259.064361572,0.4489578231191399
4395,2019-04-02 03:00:00,259.076293945,0.005254304310035263
4396,2019-04-02 04:00:00,259.087585449,0.34709250460392993
4397,2019-04-02 05:00:00,259.096191406,0.10310020704873624
4398,2019-04-02 06:00:00,259.103851318,0.37716941358622635
4399,2019-04-02 07:00:00,259.113800049,0.5605603879967666
4400,2019-04-02 08:00:00,259.123535156,0.4623716846745416
4401,2019-04-02 09:00:00,259.131896973,0.5057836580895532
4402,2019-04-02 10:00:00,259.140228271,0.9350734240667805
4403,2019-04-02 11:00:00,259.146636963,0.030694921323466073
4404,2019-04-02 12:00:00,259.151794434,0.3226985380067654
4405,2019-04-02 13:00:00,259.157836914,0.5615874588791745
4406,2019-04-02 14:00:00,259.166229248,0.021852248238781624
4407,2019-04-02 15:00:00,259.174713135,0.10730111596940795
4408,2019-04-02 16:00:00,259.178527832,0.47251867397975633
4409,2019-04-02 17:00:00,259.165344238,0.11213150409641093
4410,2019-04-02 18:00:00,259.114318848,0.7111545424329749
4411,2019-04-02 19:00:00,259.04095459,0.7767881869753481
4412,2019-04-02 20:00:00,258.95489502,0.1310273871564298
4413,2019-04-02 21:00:00,258.85345459,0.9730192745979084
4414,2019-04-02 22:00:00,258.508728027,0.944744417787937
4415,2019-04-02 23:00:00,258.042785645,0.8892525488529489
4416,2019-04-03 00:00:00,257.719451904,0.3521836807132137
4417,2019-04-03 01:00:00,257.454803467,0.2646258754780685
4418,2019-04-03 02:00:00,257.235015869,0.746774705950117
4419,2019-04-03 03:00:00,257.044128418,0.662717554941188
4420,2019-04-03 04:00:00,256.881256104,0.6148144524926311
4421,2019-04-03 05:00:00,256.745056152,0.47086120636521034
4422,2019-04-03 06:00:00,256.632141113,0.8635788217113095
4423,2019-04-03 07:00:00,256.538970947,0.277455194109106
4424,2019-04-03 08:00:00,256.460174561,0.7345970069908263
4425,2019-04-03 09:00:00,256.395904541,0.5463803794750488
4426,2019-04-03 10:00:00,256.344970703,0.7720338574430478
4427,2019-04-03 11:00:00,256.300537109,0.26606000080995984
4428,2019-04-03 12:00:00,256.260101318,0.58653723145956
4429,2019-04-03 13:00:00,256.224304199,0.7137541905913966
4430,2019-04-03 14:00:00,256.1925354,0.6609546413593355
4431,2019-04-03 15:00:00,256.269805908,0.6489378040779006
4432,2019-04-03 16:00:00,256.440582275,0.7853455490334657
4433,2019-04-03 17:00:00,257.544616699,0.5842097013120369
4434,2019-04-03 18:00:00,257.77041626,0.5343325583933451
4435,2019-04-03 19:00:00,258.378265381,0.1124010249484928
4436,2019-04-03 20:00:00,259.835601807,0.2879136042398619
4437,2019-04-03 21:00:00,260.188140869,0.24222111476961627
4438,2019-04-03 22:00:00,260.261047363,0.5065296891203338
4439,2019-04-03 23:00:00,260.05682373,0.20529237779835774
4440,2019-04-04 00:00:00,259.953369141,0.7659298008414843
4441,2019-04-04 01:00:00,259.866912842,0.7961914773498715
4442,2019-04-04 02:00:00,259.793548584,0.8625449820755082
4443,2019-04-04 03:00:00,259.730529785,0.9053113259149927
4444,2019-04-04 04:00:00,259.677154541,0.774094026493539
4445,2019-04-04 05:00:00,259.631958008,0.8317280112385383
4446,2019-04-04 06:00:00,259.593780518,0.6654295077101634
4447,2019-04-04 07:00:00,259.563049316,0.4087593726954507
4448,2019-04-04 08:00:00,259.537536621,0.9489321838494988
4449,2019-04-04 09:00:00,259.515258789,0.2216890071827453
4450,2019-04-04 10:00:00,259.497375488,0.8137379308624513
4451,2019-04-04 11:00:00,259.480163574,0.7064314461225207
4452,2019-04-04 12:00:00,259.457763672,0.4360867488507596
4453,2019-04-04 13:00:00,259.437347412,0.7357630053545343
4454,2019-04-04 14:00:00,259.424438477,0.10335704119077505
4455,2019-04-04 15:00:00,259.408325195,0.5517751106759247
4456,2019-04-04 16:00:00,259.391784668,0.033151194769142966
4457,2019-04-04 17:00:00,259.371276855,0.06992532978184973
4458,2019-04-04 18:00:00,259.315307617,0.12420213219774612
4459,2019-04-04 19:00:00,259.235900879,0.8392434098723572
4460,2019-04-04 20:00:00,259.070343018,0.7722415157732467
4461,2019-04-04 21:00:00,258.627532959,0.7190189242627333
4462,2019-04-04 22:00:00,257.875762939,0.1972979946120832
4463,2019-04-04 23:00:00,257.288330078,0.6276857403710941
4464,2019-04-05 00:00:00,256.86505127,0.8700389948632298
4465,2019-04-05 01:00:00,256.513702393,0.5772703483189927
4466,2019-04-05 02:00:00,256.221130371,0.541606818477493
4467,2019-04-05 03:00:00,255.983200073,0.41122183826255676
4468,2019-04-05 04:00:00,255.785583496,0.4928322753881481
4469,2019-04-05 05:00:00,255.623123169,0.21591191436844415
4470,2019-04-05 06:00:00,255.489120483,0.17918210312925764
4471,2019-04-05 07:00:00,255.378234863,0.7477346623504358
4472,2019-04-05 08:00:00,255.285583496,0.8483704456249037
4473,2019-04-05 09:00:00,255.20513916,0.3123585788087232
4474,2019-04-05 10:00:00,255.1353302,0.055625927268539876
4475,2019-04-05 11:00:00,255.07472229,0.4473907780437305
4476,2019-04-05 12:00:00,255.024398804,0.7377522536338254
4477,2019-04-05 13:00:00,254.982315063,0.5657946888012239
4478,2019-04-05 14:00:00,254.946670532,0.7668659246217372
4479,2019-04-05 15:00:00,254.917266846,0.5563762923270525
4480,2019-04-05 16:00:00,254.887557983,0.7616203628643281
4481,2019-04-05 17:00:00,254.847259521,0.9202228817653096
4482,2019-04-05 18:00:00,254.776443481,0.29915530522160905
4483,2019-04-05 19:00:00,254.686248779,0.018047724709792545
4484,2019-04-05 20:00:00,254.581939697,0.4361804973680188
4485,2019-04-05 21:00:00,254.418807983,0.630399500316088
4486,2019-04-05 22:00:00,254.024414062,0.7127514239178524
4487,2019-04-05 23:00:00,253.546844482,0.37126780942062687
4488,2019-04-06 00:00:00,253.215515137,0.2178607834767161
4489,2019-04-06 01:00:00,252.939743042,0.2190516693563439
4490,2019-04-06 02:00:00,252.711013794,0.7544534145220162
4491,2019-04-06 03:00:00,252.521072388,0.1455162635983508
4492,2019-04-06 04:00:00,252.363891602,0.734295036264561
4493,2019-04-06 05:00:00,252.231048584,0.7854710909641303
4494,2019-04-06 06:00:00,252.12059021,0.021770374088186606
4495,2019-04-06 07:00:00,252.031799316,0.23455564204515578
4496,2019-04-06 08:00:00,251.956924438,0.014231299247939644
4497,2019-04-06 09:00:00,251.895965576,0.1751030434674412
4498,2019-04-06 10:00:00,251.844543457,0.9317783733380943
4499,2019-04-06 11:00:00,251.803268433,0.5493516456902103
4500,2019-04-06 12:00:00,251.76651001,0.7697819765191468
4501,2019-04-06 13:00:00,251.7368927,0.5445326535528039
4502,2019-04-06 14:00:00,251.711837769,0.3492849734171176
4503,2019-04-06 15:00:00,251.687667847,0.027156342852533433
4504,2019-04-06 16:00:00,251.664352417,0.1995080418106142
4505,2019-04-06 17:00:00,251.631332397,0.05230460232472145
4506,2019-04-06 18:00:00,251.566345215,0.7300727272222867
4507,2019-04-06 19:00:00,251.476745605,0.5374922392946537
4508,2019-04-06 20:00:00,251.366744995,0.8143427970152276
4509,2019-04-06 21:00:00,250.964782715,0.8456545820120641
4510,2019-04-06 22:00:00,250.344680786,0.938612269546329
4511,2019-04-06 23:00:00,249.592315674,0.9942084873902682
4512,2019-04-07 00:00:00,249.056884766,0.7980531215013572
4513,2019-04-07 01:00:00,248.622268677,0.8068446144426081
4514,2019-04-07 02:00:00,248.263580322,0.5753860367347831
4515,2019-04-07 03:00:00,247.969802856,0.9218714113872448
4516,2019-04-07 04:00:00,247.726425171,0.04444905948882716
4517,2019-04-07 05:00:00,247.523132324,0.06516391145677158
4518,2019-04-07 06:00:00,247.359359741,0.39080955370296544
4519,2019-04-07 07:00:00,247.225494385,0.5112238429153908
4520,2019-04-07 08:00:00,247.114303589,0.9841469239332198
4521,2019-04-07 09:00:00,247.026412964,0.10607695120053395
4522,2019-04-07 10:00:00,246.945053101,0.03567722736180212
4523,2019-04-07 11:00:00,246.871856689,0.37102951561787345
4524,2019-04-07 12:00:00,246.807540894,0.9268528138260588
4525,2019-04-07 13:00:00,246.758712769,0.33547381303651835
4526,2019-04-07 14:00:00,246.722671509,0.5977111709446745
4527,2019-04-07 15:00:00,246.690155029,0.07797210099014262
4528,2019-04-07 16:00:00,246.657592773,0.6105365230423832
4529,2019-04-07 17:00:00,246.615402222,0.8343209887863764
4530,2019-04-07 18:00:00,246.538909912,0.20530738300067852
4531,2019-04-07 19:00:00,246.298660278,0.9578227730134061
4532,2019-04-07 20:00:00,245.875305176,0.8223924771720388
4533,2019-04-07 21:00:00,245.225570679,0.43766832008251044
4534,2019-04-07 22:00:00,244.385955811,0.2854412779927302
4535,2019-04-07 23:00:00,243.507232666,0.08809807263801317
4536,2019-04-08 00:00:00,242.852966309,0.2465938071456638
4537,2019-04-08 01:00:00,242.309555054,0.3597569200650612
4538,2019-04-08 02:00:00,241.863082886,0.8049456021090446
4539,2019-04-08 03:00:00,241.494094849,0.53147205426411
4540,2019-04-08 04:00:00,241.192642212,0.5829310616889543
4541,2019-04-08 05:00:00,240.945465088,0.6934408484938781
4542,2019-04-08 06:00:00,240.743789673,0.6902079254764023
4543,2019-04-08 07:00:00,240.576019287,0.5721812854240338
4544,2019-04-08 08:00:00,240.435623169,0.7891938047636704
4545,2019-04-08 09:00:00,240.325256348,0.5174759740132342
4546,2019-04-08 10:00:00,240.236038208,0.3156057738460245
4547,2019-04-08 11:00:00,240.164398193,0.3828518881959977
4548,2019-04-08 12:00:00,240.098205566,0.10277688008166896
4549,2019-04-08 13:00:00,240.047210693,0.9809998777293182
4550,2019-04-08 14:00:00,240.006988525,0.9415299469037071
4551,2019-04-08 15:00:00,239.971466064,0.9906001304961755
4552,2019-04-08 16:00:00,239.940200806,0.8608532797281848
4553,2019-04-08 17:00:00,239.897354126,0.26832664381482574
4554,2019-04-08 18:00:00,239.830734253,0.4810490126458892
4555,2019-04-08 19:00:00,239.739639282,0.12072432380435849
4556,2019-04-08 20:00:00,239.623809814,0.7025369564297295
4557,2019-04-08 21:00:00,239.205657959,0.9104370730729258
4558,2019-04-08 22:00:00,238.572540283,0.3297994934775541
4559,2019-04-08 23:00:00,237.883712769,0.6992135422981043
4560,2019-04-09 00:00:00,237.386932373,0.4127002151846335
4561,2019-04-09 01:00:00,236.975280762,0.6044771509036851
4562,2019-04-09 02:00:00,236.639938354,0.8238960814244146
4563,2019-04-09 03:00:00,236.364837646,0.3430686428970098
4564,2019-04-09 04:00:00,236.137084961,0.5740302827489083
4565,2019-04-09 05:00:00,235.947555542,0.7982809023286053
4566,2019-04-09 06:00:00,235.791030884,0.5277271095556161
4567,2019-04-09 07:00:00,235.662506104,0.127821439928955
4568,2019-04-09 08:00:00,235.5574646,0.7939073208083494
4569,2019-04-09 09:00:00,235.471054077,0.25679024992060995
4570,2019-04-09 10:00:00,235.399169922,0.7486668373253547
4571,2019-04-09 11:00:00,235.342834473,0.4526174207376441
4572,2019-04-09 12:00:00,235.292526245,0.6880081808267369
4573,2019-04-09 13:00:00,235.253799438,0.9825597701990587
4574,2019-04-09 14:00:00,235.225570679,0.34726201160882064
4575,2019-04-09 15:00:00,235.200424194,0.26750018690568866
4576,2019-04-09 16:00:00,235.1690979,0.8836143175206279
4577,2019-04-09 17:00:00,235.106430054,0.27414663518974913
4578,2019-04-09 18:00:00,235.003356934,0.30747887013963204
4579,2019-04-09 19:00:00,234.56362915,0.646535075005461
4580,2019-04-09 20:00:00,233.843887329,0.44253290171106985
4581,2019-04-09 21:00:00,232.80267334,0.9337305926545373
4582,2019-04-09 22:00:00,231.527450562,0.597158887355247
4583,2019-04-09 23:00:00,230.190582275,0.3311668045777274
4584,2019-04-10 00:00:00,229.176147461,0.6902519582963472
4585,2019-04-10 01:00:00,228.540039062,0.09203649031148631
4586,2019-04-10 02:00:00,227.954116821,0.7439423659742974
4587,2019-04-10 03:00:00,227.401748657,0.7527701032078845
4588,2019-04-10 04:00:00,226.937240601,0.8948072751871988
4589,2019-04-10 05:00:00,226.558502197,0.31929990123233043
4590,2019-04-10 06:00:00,226.232711792,0.5518719347714058
4591,2019-04-10 07:00:00,226.146209717,0.42796898821809404
4592,2019-04-10 08:00:00,226.023635864,0.2953624203262285
4593,2019-04-10 09:00:00,225.837112427,0.2847105129463099
4594,2019-04-10 10:00:00,225.684661865,0.09050401529929775
4595,2019-04-10 11:00:00,225.555786133,0.43727234846520824
4596,2019-04-10 12:00:00,225.460647583,0.3243753428954801
4597,2019-04-10 13:00:00,225.370315552,0.26048129766658845
4598,2019-04-10 14:00:00,225.300674438,0.8527847587333103
4599,2019-04-10 15:00:00,225.236846924,0.8447994474613308
4600,2019-04-10 16:00:00,225.177474976,0.9396921172253452
4601,2019-04-10 17:00:00,225.118774414,0.03741372713527369
4602,2019-04-10 18:00:00,225.048736572,0.6464369819691993
4603,2019-04-10 19:00:00,224.973388672,0.9028384186436004
4604,2019-04-10 20:00:00,224.892959595,0.8320862398192129
4605,2019-04-10 21:00:00,228.41645813,0.9241416387654473
4606,2019-04-10 22:00:00,228.358306885,0.9865399281177416
4607,2019-04-10 23:00:00,228.308807373,0.7038602415562443
4608,2019-04-11 00:00:00,228.316497803,0.8706099968205226
4609,2019-04-11 01:00:00,228.323730469,0.7708137017577922
4610,2019-04-11 02:00:00,228.322998047,0.17077992494785676
4611,2019-04-11 03:00:00,228.32409668,0.39366932125741383
4612,2019-04-11 04:00:00,228.324401855,0.4499491027846386
4613,2019-04-11 05:00:00,228.327651978,0.7848579999942381
4614,2019-04-11 06:00:00,228.329223633,0.542011011361878
4615,2019-04-11 07:00:00,228.331604004,0.8628066050818416
4616,2019-04-11 08:00:00,228.332443237,0.17426807102527353
4617,2019-04-11 09:00:00,228.330841064,0.9628415317840627
4618,2019-04-11 10:00:00,228.326141357,0.3447959742181812
4619,2019-04-11 11:00:00,228.320617676,0.8623926375879921
4620,2019-04-11 12:00:00,228.31312561,0.3519783320839792
4621,2019-04-11 13:00:00,228.305480957,0.5350462750689519
4622,2019-04-11 14:00:00,228.298797607,0.627238884139594
4623,2019-04-11 15:00:00,228.282623291,0.8350901129787254
4624,2019-04-11 16:00:00,228.263305664,0.7393209225799936
4625,2019-04-11 17:00:00,228.23979187,0.011890396973672113
4626,2019-04-11 18:00:00,228.197219849,0.6903595290238697
4627,2019-04-11 19:00:00,228.144790649,0.6261294396239615
4628,2019-04-11 20:00:00,228.08644104,0.9591721399095691
4629,2019-04-11 21:00:00,228.020690918,0.7549129320210685
4630,2019-04-11 22:00:00,227.956283569,0.7943058193751337
4631,2019-04-11 23:00:00,227.889816284,0.6629684709202818
4632,2019-04-12 00:00:00,227.872512817,0.27390185607922946
4633,2019-04-12 01:00:00,227.865005493,0.9399551205682745
4634,2019-04-12 02:00:00,227.857620239,0.4039472269713128
4635,2019-04-12 03:00:00,227.850448608,0.3043216438655505
4636,2019-04-12 04:00:00,227.842483521,0.9045827874713644
4637,2019-04-12 05:00:00,227.834518433,0.43279491065209064
4638,2019-04-12 06:00:00,227.827285767,0.23613936076712316
4639,2019-04-12 07:00:00,227.821899414,0.3869481671795555
4640,2019-04-12 08:00:00,227.816009521,0.040448061603448715
4641,2019-04-12 09:00:00,227.810302734,0.7552634620550224
4642,2019-04-12 10:00:00,227.803909302,0.18177537101689456
4643,2019-04-12 11:00:00,227.799346924,0.29935771533566247
4644,2019-04-12 12:00:00,227.79486084,0.6860641890171181
4645,2019-04-12 13:00:00,227.789871216,0.8067968864873937
4646,2019-04-12 14:00:00,227.786270142,0.5206834571272402
4647,2019-04-12 15:00:00,227.780792236,0.6571652901754229
4648,2019-04-12 16:00:00,227.773803711,0.7688184234310974
4649,2019-04-12 17:00:00,227.762512207,0.8222275186856749
4650,2019-04-12 18:00:00,227.724960327,0.6356280908125529
4651,2019-04-12 19:00:00,227.673202515,0.2205598567768864
4652,2019-04-12 20:00:00,227.607391357,0.15220145052104916
4653,2019-04-12 21:00:00,227.521774292,0.039719564558459264
4654,2019-04-12 22:00:00,227.439285278,0.953882930283333
4655,2019-04-12 23:00:00,227.37171936,0.7596697415073426
4656,2019-04-13 00:00:00,227.366455078,0.8928887706285841
4657,2019-04-13 01:00:00,227.364456177,0.9436883353191806
4658,2019-04-13 02:00:00,227.360687256,0.3837471953988668
4659,2019-04-13 03:00:00,227.357406616,0.7900476141676873
4660,2019-04-13 04:00:00,227.353500366,0.9690047547685939
4661,2019-04-13 05:00:00,227.349273682,0.055376688483535386
4662,2019-04-13 06:00:00,227.343215942,0.940479629599318
4663,2019-04-13 07:00:00,227.341674805,0.03770267076858902
4664,2019-04-13 08:00:00,227.339431763,0.49076484331891657
4665,2019-04-13 09:00:00,227.334823608,0.9639398063733849
4666,2019-04-13 10:00:00,227.333892822,0.8878517424304158
4667,2019-04-13 11:00:00,227.330444336,0.4344326926121336
4668,2019-04-13 12:00:00,227.329544067,0.4925982368445032
4669,2019-04-13 13:00:00,227.328155518,0.22808982725166904
4670,2019-04-13 14:00:00,227.329086304,0.7024210582902066
4671,2019-04-13 15:00:00,227.33253479,0.9475580162755922
4672,2019-04-13 16:00:00,227.335769653,0.8652433559745178
4673,2019-04-13 17:00:00,227.332046509,0.7922218509825463
4674,2019-04-13 18:00:00,227.296829224,0.2925607764040833
4675,2019-04-13 19:00:00,227.246902466,0.06515189223836648
4676,2019-04-13 20:00:00,227.188735962,0.9461364422219318
4677,2019-04-13 21:00:00,227.116149902,0.5762164386077241
4678,2019-04-13 22:00:00,227.0362854,0.24885231047089917
4679,2019-04-13 23:00:00,226.971359253,0.6041098796464921
4680,2019-04-14 00:00:00,226.978256226,0.2685485051444504
4681,2019-04-14 01:00:00,226.984283447,0.3077487449629197
4682,2019-04-14 02:00:00,226.985931396,0.892668428579496
4683,2019-04-14 03:00:00,226.99180603,0.20272516194744272
4684,2019-04-14 04:00:00,226.987258911,0.6607370492806897
4685,2019-04-14 05:00:00,226.979278564,0.7986391157917582
4686,2019-04-14 06:00:00,226.973617554,0.6323710783021645
4687,2019-04-14 07:00:00,226.972381592,0.03253618853378826
4688,2019-04-14 08:00:00,226.970993042,0.5695780704845311
4689,2019-04-14 09:00:00,226.969924927,0.589230696996018
4690,2019-04-14 10:00:00,226.963287354,0.6176031143850431
4691,2019-04-14 11:00:00,226.959487915,0.5824333905199801
4692,2019-04-14 12:00:00,226.955871582,0.17184101389360307
4693,2019-04-14 13:00:00,226.951370239,0.9480273071650804
4694,2019-04-14 14:00:00,226.948822021,0.05545859968960809
4695,2019-04-14 15:00:00,226.93901062,0.18928237802380898
4696,2019-04-14 16:00:00,226.918502808,0.10324517027542024
4697,2019-04-14 17:00:00,226.882354736,0.2998571210299549
4698,2019-04-14 18:00:00,226.825088501,0.33972640392757214
4699,2019-04-14 19:00:00,226.756240845,0.2204682248863491
4700,2019-04-14 20:00:00,226.676986694,0.2666132794362759
4701,2019-04-14 21:00:00,226.576919556,0.18720040828855045
4702,2019-04-14 22:00:00,226.484634399,0.5607777820605714
4703,2019-04-14 23:00:00,226.290588379,0.4693022134537588
4704,2019-04-15 00:00:00,226.16973877,0.6945203193576417
4705,2019-04-15 01:00:00,226.078048706,0.30190232657188343
4706,2019-04-15 02:00:00,225.99079895,0.19218608683868021
4707,2019-04-15 03:00:00,225.910140991,0.4854904679419545
4708,2019-04-15 04:00:00,225.850311279,0.48689736032364195
4709,2019-04-15 05:00:00,225.808746338,0.26106719304273107
4710,2019-04-15 06:00:00,225.775527954,0.10544660868933964
4711,2019-04-15 07:00:00,225.750656128,0.7804148165111122
4712,2019-04-15 08:00:00,225.730865479,0.8240791300373652
4713,2019-04-15 09:00:00,225.715026855,0.006643737756297563
4714,2019-04-15 10:00:00,225.702224731,0.7911416735290685
4715,2019-04-15 11:00:00,225.692962646,0.35719140567718377
4716,2019-04-15 12:00:00,225.685943604,0.9817887447486533
4717,2019-04-15 13:00:00,225.681671143,0.05836271661183601
4718,2019-04-15 14:00:00,225.682662964,0.20987235625055878
4719,2019-04-15 15:00:00,225.683303833,0.5365013632964672
4720,2019-04-15 16:00:00,225.680038452,0.4701576724840085
4721,2019-04-15 17:00:00,225.660522461,0.8099026895593716
4722,2019-04-15 18:00:00,225.609436035,0.08680015195997992
4723,2019-04-15 19:00:00,225.536209106,0.6366542329128261
4724,2019-04-15 20:00:00,225.440536499,0.4088986338057705
4725,2019-04-15 21:00:00,225.189834595,0.4233873908879989
4726,2019-04-15 22:00:00,224.692184448,0.6558185038830491
4727,2019-04-15 23:00:00,224.111602783,0.3799995162183727
4728,2019-04-16 00:00:00,223.707015991,0.8342698909977805
4729,2019-04-16 01:00:00,223.371810913,0.6856876268495856
4730,2019-04-16 02:00:00,223.094543457,0.4354194177636378
4731,2019-04-16 03:00:00,222.866897583,0.9420752961671285
4732,2019-04-16 04:00:00,222.675231934,0.7109649382275587
4733,2019-04-16 05:00:00,222.517547607,0.9929142921964939
4734,2019-04-16 06:00:00,222.387023926,0.792079653182259
4735,2019-04-16 07:00:00,222.280059814,0.9264306536892235
4736,2019-04-16 08:00:00,222.19203186,0.1892300035856227
4737,2019-04-16 09:00:00,222.11579895,0.8743612423994894
4738,2019-04-16 10:00:00,222.054779053,0.4839346651898647
4739,2019-04-16 11:00:00,222.010116577,0.7463649033056894
4740,2019-04-16 12:00:00,221.977020264,0.094086056387928
4741,2019-04-16 13:00:00,221.952301025,0.12454141551219
4742,2019-04-16 14:00:00,221.938415527,0.9355672563361362
4743,2019-04-16 15:00:00,221.927902222,0.28727469811268525
4744,2019-04-16 16:00:00,221.905990601,0.09247358029215602
4745,2019-04-16 17:00:00,221.866195679,0.6516742199966862
4746,2019-04-16 18:00:00,221.801330566,0.581277099773766
4747,2019-04-16 19:00:00,221.72819519,0.15186874070677425
4748,2019-04-16 20:00:00,221.514007568,0.9946828360609906
4749,2019-04-16 21:00:00,221.056945801,0.1281555836156636
4750,2019-04-16 22:00:00,220.432510376,0.317232325887851
4751,2019-04-16 23:00:00,219.727798462,0.4129070762204188
4752,2019-04-17 00:00:00,219.217163086,0.1231828443007259
4753,2019-04-17 01:00:00,218.797302246,0.030825534904235785
4754,2019-04-17 02:00:00,218.446716309,0.3413407634418475
4755,2019-04-17 03:00:00,218.159729004,0.6691480344115684
4756,2019-04-17 04:00:00,217.922119141,0.11962623431500008
4757,2019-04-17 05:00:00,217.729141235,0.9444697525592528
4758,2019-04-17 06:00:00,217.569854736,0.15525877040978708
4759,2019-04-17 07:00:00,217.437576294,0.6909953000804357
4760,2019-04-17 08:00:00,217.327468872,0.5775375652571484
4761,2019-04-17 09:00:00,217.241851807,0.07875775643145
4762,2019-04-17 10:00:00,217.169464111,0.8644602942616197
4763,2019-04-17 11:00:00,217.113632202,0.749904133426999
4764,2019-04-17 12:00:00,217.067169189,0.8816648694641416
4765,2019-04-17 13:00:00,217.030029297,0.828884627750889
4766,2019-04-17 14:00:00,217.001937866,0.46565579088440645
4767,2019-04-17 15:00:00,216.977478027,0.7434028426013244
4768,2019-04-17 16:00:00,216.950119019,0.4196698865189491
4769,2019-04-17 17:00:00,216.912643433,0.18772816687878802
4770,2019-04-17 18:00:00,216.83895874,0.633955016529172
4771,2019-04-17 19:00:00,216.646697998,0.8936348077396771
4772,2019-04-17 20:00:00,216.305358887,0.2029177109449417
4773,2019-04-17 21:00:00,215.706176758,0.0282495873468791
4774,2019-04-17 22:00:00,214.924865723,0.45944022720223654
4775,2019-04-17 23:00:00,214.106231689,0.2627430671638564
4776,2019-04-18 00:00:00,213.479370117,0.16747588514005196
4777,2019-04-18 01:00:00,212.963821411,0.9400552549861255
4778,2019-04-18 02:00:00,212.534637451,0.3439502493636972
4779,2019-04-18 03:00:00,212.180236816,0.8683867972893871
4780,2019-04-18 04:00:00,211.881546021,0.40386806056989444
4781,2019-04-18 05:00:00,211.63470459,0.9214903681545261
4782,2019-04-18 06:00:00,211.427871704,0.49717637332343023
4783,2019-04-18 07:00:00,211.259719849,0.7094093241952835
4784,2019-04-18 08:00:00,211.114807129,0.16361824152870297
4785,2019-04-18 09:00:00,210.994247437,0.002673375072934747
4786,2019-04-18 10:00:00,210.894882202,0.9590415853990161
4787,2019-04-18 11:00:00,210.811981201,0.7775287172108304
4788,2019-04-18 12:00:00,210.736434937,0.5387536336226347
4789,2019-04-18 13:00:00,210.672851562,0.04477766595953059
4790,2019-04-18 14:00:00,210.611923218,0.4152999681170374
4791,2019-04-18 15:00:00,210.546066284,0.03412852634217245
4792,2019-04-18 16:00:00,210.465179443,0.6400441662164873
4793,2019-04-18 17:00:00,210.372665405,0.13399831935157958
4794,2019-04-18 18:00:00,210.255844116,0.8068292389745322
4795,2019-04-18 19:00:00,210.025512695,0.8072570534061093
4796,2019-04-18 20:00:00,209.494506836,0.9666274937870858
4797,2019-04-18 21:00:00,208.686752319,0.3200378225708349
4798,2019-04-18 22:00:00,207.709579468,0.761052411109779
4799,2019-04-18 23:00:00,206.688339233,0.6588126648232671
4800,2019-04-19 00:00:00,205.904510498,0.3775422006072926
4801,2019-04-19 01:00:00,205.261169434,0.3394657623680861
4802,2019-04-19 02:00:00,204.728424072,0.2149096485930645
4803,2019-04-19 03:00:00,204.29208374,0.6888528141643872
4804,2019-04-19 04:00:00,203.931671143,0.4860662667702039
4805,2019-04-19 05:00:00,203.639694214,0.22803182146949563
4806,2019-04-19 06:00:00,203.400177002,0.13278153508708834
4807,2019-04-19 07:00:00,203.207397461,0.5117666223692681
4808,2019-04-19 08:00:00,203.052627563,0.6406542798736232
4809,2019-04-19 09:00:00,202.92767334,0.6167640950760784
4810,2019-04-19 10:00:00,202.825378418,0.04449733852740145
4811,2019-04-19 11:00:00,202.743377686,0.7654594091138929
4812,2019-04-19 12:00:00,202.675384521,0.8003573838676841
4813,2019-04-19 13:00:00,202.616394043,0.44852416083676516
4814,2019-04-19 14:00:00,202.569976807,0.8782964458638011
4815,2019-04-19 15:00:00,202.53616333,0.9432251184749801
4816,2019-04-19 16:00:00,202.501312256,0.9518887765681016
4817,2019-04-19 17:00:00,202.449951172,0.08010006766236522
4818,2019-04-19 18:00:00,202.349822998,0.2617854709038422
4819,2019-04-19 19:00:00,201.904067993,0.45009522851412387
4820,2019-04-19 20:00:00,201.247039795,0.9435930985198211
4821,2019-04-19 21:00:00,200.310272217,0.8710628831348892
4822,2019-04-19 22:00:00,199.201919556,0.06970627837620258
4823,2019-04-19 23:00:00,198.110916138,0.38838168966686815
4824,2019-04-20 00:00:00,197.271179199,0.5128836985874784
4825,2019-04-20 01:00:00,196.580581665,0.6223907621679747
4826,2019-04-20 02:00:00,196.010253906,0.20826441702878573
4827,2019-04-20 03:00:00,195.543838501,0.22153194867989445
4828,2019-04-20 04:00:00,195.162506104,0.9724679518562885
4829,2019-04-20 05:00:00,194.847915649,0.1141764718664443
4830,2019-04-20 06:00:00,194.590209961,0.37915511906349997
4831,2019-04-20 07:00:00,194.379501343,0.657757285759062
4832,2019-04-20 08:00:00,194.208602905,0.6371111400695423
4833,2019-04-20 09:00:00,194.067810059,0.8765055085059871
4834,2019-04-20 10:00:00,193.951538086,0.4818700078309994
4835,2019-04-20 11:00:00,193.857299805,0.47321775086087503
4836,2019-04-20 12:00:00,193.779403687,0.27211691904126967
4837,2019-04-20 13:00:00,193.715957642,0.8526262346602184
4838,2019-04-20 14:00:00,193.669250488,0.5404150809450886
4839,2019-04-20 15:00:00,193.629959106,0.530009018555622
4840,2019-04-20 16:00:00,193.592666626,0.1802100444865975
4841,2019-04-20 17:00:00,193.547744751,0.7774335862341869
4842,2019-04-20 18:00:00,193.45199585,0.7704794921459348
4843,2019-04-20 19:00:00,193.337982178,0.0487221575171608
4844,2019-04-20 20:00:00,193.091796875,0.5098219659072551
4845,2019-04-20 21:00:00,192.473419189,0.04425860694334316
4846,2019-04-20 22:00:00,191.528274536,0.5427096929340572
4847,2019-04-20 23:00:00,190.368560791,0.27797511809273123
4848,2019-04-21 00:00:00,189.509887695,0.21576270599391312
4849,2019-04-21 01:00:00,188.809234619,0.5633460222814372
4850,2019-04-21 02:00:00,188.229309082,0.5295548943583974
4851,2019-04-21 03:00:00,187.756439209,0.6307952758467104
4852,2019-04-21 04:00:00,187.367584229,0.31207762605405354
4853,2019-04-21 05:00:00,187.046310425,0.06883908082979506
4854,2019-04-21 06:00:00,186.782897949,0.510679907205787
4855,2019-04-21 07:00:00,186.570648193,0.3938738234702276
4856,2019-04-21 08:00:00,186.397705078,0.146109132828653
4857,2019-04-21 09:00:00,186.25831604,0.7339055170502192
4858,2019-04-21 10:00:00,186.14414978,0.8541298742831872
4859,2019-04-21 11:00:00,186.050704956,0.18806166107467026
4860,2019-04-21 12:00:00,185.97265625,0.8948656059014014
4861,2019-04-21 13:00:00,185.909118652,0.9486248169676866
4862,2019-04-21 14:00:00,185.858062744,0.9121458915453077
4863,2019-04-21 15:00:00,185.819046021,0.8639865688066393
4864,2019-04-21 16:00:00,185.778335571,0.8487767806856584
4865,2019-04-21 17:00:00,185.706802368,0.26165936586457095
4866,2019-04-21 18:00:00,185.593139648,0.5599255412965313
4867,2019-04-21 19:00:00,185.24005127,0.3105562097464829
4868,2019-04-21 20:00:00,184.616317749,0.9128972136902717
4869,2019-04-21 21:00:00,183.766464233,0.07572257634491286
4870,2019-04-21 22:00:00,182.784881592,0.03294464408895459
4871,2019-04-21 23:00:00,181.811645508,0.8544271772897991
4872,2019-04-22 00:00:00,181.080749512,0.7318914043416974
4873,2019-04-22 01:00:00,180.480270386,0.6451306005281795
4874,2019-04-22 02:00:00,179.987365723,0.18901618315662227
4875,2019-04-22 03:00:00,179.580352783,0.44787562013282145
4876,2019-04-22 04:00:00,179.246826172,0.6965115110373995
4877,2019-04-22 05:00:00,178.974502563,0.7550421979655891
4878,2019-04-22 06:00:00,178.748962402,0.09503400798517125
4879,2019-04-22 07:00:00,178.562545776,0.16522670975379916
4880,2019-04-22 08:00:00,178.408615112,0.23100383011709424
4881,2019-04-22 09:00:00,178.283294678,0.11602244390619632
4882,2019-04-22 10:00:00,178.182540894,0.28163276579997676
4883,2019-04-22 11:00:00,178.098968506,0.9609984822424048
4884,2019-04-22 12:00:00,178.029937744,0.4717831100607175
4885,2019-04-22 13:00:00,177.974136353,0.39696072614389033
4886,2019-04-22 14:00:00,177.928741455,0.29368236293288197
4887,2019-04-22 15:00:00,177.896469116,0.3038210712921088
4888,2019-04-22 16:00:00,177.866912842,0.4857628484380673
4889,2019-04-22 17:00:00,177.832885742,0.854622643674113
4890,2019-04-22 18:00:00,177.761566162,0.9847634637275552
4891,2019-04-22 19:00:00,177.65071106,0.9594634051346813
4892,2019-04-22 20:00:00,177.526702881,0.3419363983669228
4893,2019-04-22 21:00:00,177.13319397,0.2796195792728755
4894,2019-04-22 22:00:00,176.525512695,0.5679140240056719
4895,2019-04-22 23:00:00,175.801620483,0.21828001921697548
4896,2019-04-23 00:00:00,175.28175354,0.5826608858352971
4897,2019-04-23 01:00:00,174.893356323,0.8857409403680933
4898,2019-04-23 02:00:00,174.548324585,0.24701228917362938
4899,2019-04-23 03:00:00,174.26373291,0.5013868568774136
4900,2019-04-23 04:00:00,174.028167725,0.537021452544683
4901,2019-04-23 05:00:00,173.835281372,0.31966438856661317
4902,2019-04-23 06:00:00,173.678863525,0.9092620260260365
4903,2019-04-23 07:00:00,173.567398071,0.5863923271862016
4904,2019-04-23 08:00:00,173.460586548,0.7406997836099629
4905,2019-04-23 09:00:00,173.375534058,0.3411869767354212
4906,2019-04-23 10:00:00,173.305633545,0.869047292914659
4907,2019-04-23 11:00:00,173.254714966,0.9628102987108131
4908,2019-04-23 12:00:00,173.209350586,0.38150260972189554
4909,2019-04-23 13:00:00,173.168701172,0.641676848221331
4910,2019-04-23 14:00:00,173.136077881,0.16352568817970603
4911,2019-04-23 15:00:00,173.10534668,0.9611793909083293
4912,2019-04-23 16:00:00,173.066879272,0.6895915567241717
4913,2019-04-23 17:00:00,173.008956909,0.5338962544342092
4914,2019-04-23 18:00:00,172.962585449,0.5748679651599178
4915,2019-04-23 19:00:00,172.505355835,0.4116112371444912
4916,2019-04-23 20:00:00,172.049423218,0.49706678331402443
4917,2019-04-23 21:00:00,171.501190186,0.6584312570925022
4918,2019-04-23 22:00:00,171.003738403,0.10224709040589397
4919,2019-04-23 23:00:00,170.070861816,0.29100644817888055
4920,2019-04-24 00:00:00,169.360946655,0.8802834959649131
4921,2019-04-24 01:00:00,168.779251099,0.3826333501017707
4922,2019-04-24 02:00:00,168.300933838,0.1027747338502304
4923,2019-04-24 03:00:00,167.909057617,0.03769120703889883
4924,2019-04-24 04:00:00,167.586151123,0.8300379150912133
4925,2019-04-24 05:00:00,167.323257446,0.7766368541342857
4926,2019-04-24 06:00:00,167.215744019,0.2529165643181107
4927,2019-04-24 07:00:00,167.044906616,0.38259894144645745
4928,2019-04-24 08:00:00,166.907012939,0.47272527039010237
4929,2019-04-24 09:00:00,166.795883179,0.3668261813377651
4930,2019-04-24 10:00:00,166.705947876,0.5480499948879093
4931,2019-04-24 11:00:00,166.632873535,0.045343855572584246
4932,2019-04-24 12:00:00,166.574432373,0.37941973380908733
4933,2019-04-24 13:00:00,166.527893066,0.038951213294327935
4934,2019-04-24 14:00:00,166.493743896,0.6924470661058308
4935,2019-04-24 15:00:00,166.466430664,0.9659180504696735
4936,2019-04-24 16:00:00,166.438415527,0.2944766343420253
4937,2019-04-24 17:00:00,166.402313232,0.7903787953106387
4938,2019-04-24 18:00:00,166.333389282,0.453361446463443
4939,2019-04-24 19:00:00,166.250442505,0.022287372435434882
4940,2019-04-24 20:00:00,165.963577271,0.4677822125567256
4941,2019-04-24 21:00:00,165.396377563,0.8497903411494346
4942,2019-04-24 22:00:00,164.650253296,0.9903467280155427
4943,2019-04-24 23:00:00,163.833435059,0.9913696255495272
4944,2019-04-25 00:00:00,163.243103027,0.8944099491074797
4945,2019-04-25 01:00:00,162.761138916,0.11406753379343737
4946,2019-04-25 02:00:00,162.365646362,0.31630271662759835
4947,2019-04-25 03:00:00,162.039352417,0.09673768520464443
4948,2019-04-25 04:00:00,161.773117065,0.20143483699723064
4949,2019-04-25 05:00:00,161.556747437,0.39463506267197657
4950,2019-04-25 06:00:00,161.381240845,0.8454177541501666
4951,2019-04-25 07:00:00,161.240219116,0.08435742632733123
4952,2019-04-25 08:00:00,161.125686646,0.07081616609899699
4953,2019-04-25 09:00:00,161.0337677,0.8746937443220578
4954,2019-04-25 10:00:00,160.958877563,0.478993081094755
4955,2019-04-25 11:00:00,160.901031494,0.792744995165232
4956,2019-04-25 12:00:00,160.853622437,0.35490076119969394
4957,2019-04-25 13:00:00,160.817306519,0.3248869975999532
4958,2019-04-25 14:00:00,160.787643433,0.17403791435885418
4959,2019-04-25 15:00:00,160.764602661,0.5121773455524724
4960,2019-04-25 16:00:00,160.739471436,0.8472461423631763
4961,2019-04-25 17:00:00,160.710388184,0.570689279589629
4962,2019-04-25 18:00:00,160.635162354,0.46355051617094467
4963,2019-04-25 19:00:00,160.38621521,0.5056066600773177
4964,2019-04-25 20:00:00,159.756698608,0.5333645475608622
4965,2019-04-25 21:00:00,159.059310913,0.13713082354505035
4966,2019-04-25 22:00:00,158.199905396,0.019741432026563088
4967,2019-04-25 23:00:00,157.307327271,0.3869313855190033
4968,2019-04-26 00:00:00,156.619567871,0.8790037874346777
4969,2019-04-26 01:00:00,156.056732178,0.06131396737995476
4970,2019-04-26 02:00:00,155.591827393,0.8849614690629137
4971,2019-04-26 03:00:00,155.210632324,0.2856929851505997
4972,2019-04-26 04:00:00,154.895935059,0.5576476354520876
4973,2019-04-26 05:00:00,154.639007568,0.7180542133070034
4974,2019-04-26 06:00:00,154.4296875,0.1894048051211925
4975,2019-04-26 07:00:00,154.257751465,0.0016298895589117457
4976,2019-04-26 08:00:00,154.116973877,0.2285275056308419
4977,2019-04-26 09:00:00,154.00352478,0.6885428655834411
4978,2019-04-26 10:00:00,153.915512085,0.25386530305597776
4979,2019-04-26 11:00:00,153.847442627,0.4387728349334926
4980,2019-04-26 12:00:00,153.790222168,0.6309732430025532
4981,2019-04-26 13:00:00,153.746047974,0.5075447551417669
4982,2019-04-26 14:00:00,153.710586548,0.14538728965016834
4983,2019-04-26 15:00:00,153.691070557,0.7898490386262305
4984,2019-04-26 16:00:00,153.667312622,0.30417142753021686
4985,2019-04-26 17:00:00,153.627593994,0.12950740838382369
4986,2019-04-26 18:00:00,153.562423706,0.9927571589096125
4987,2019-04-26 19:00:00,153.756729126,0.33683144946271204
4988,2019-04-26 20:00:00,153.305618286,0.4971759170082628
4989,2019-04-26 21:00:00,152.533233643,0.9849726287035939
4990,2019-04-26 22:00:00,151.536972046,0.061782945337504724
4991,2019-04-26 23:00:00,150.322555542,0.7050622242092773
4992,2019-04-27 00:00:00,149.417663574,0.12195730743790822
4993,2019-04-27 01:00:00,148.673873901,0.2952476770113974
4994,2019-04-27 02:00:00,148.064590454,0.5920163046593866
4995,2019-04-27 03:00:00,147.567153931,0.08616829953459826
4996,2019-04-27 04:00:00,147.158752441,0.5813090442967754
4997,2019-04-27 05:00:00,146.821304321,0.9198215789788593
4998,2019-04-27 06:00:00,146.531005859,0.9229602941711826
4999,2019-04-27 07:00:00,146.308013916,0.3078318408363645
5000,2019-04-27 08:00:00,146.120193481,0.6737100041299636
5001,2019-04-27 09:00:00,145.966903687,0.9196170520891679
5002,2019-04-27 10:00:00,145.842590332,0.1532347760120253
5003,2019-04-27 11:00:00,145.748077393,0.25945842054662016
5004,2019-04-27 12:00:00,145.672927856,0.38426095749235745
5005,2019-04-27 13:00:00,145.614974976,0.45386124785384974
5006,2019-04-27 14:00:00,145.568771362,0.8989077971727021
5007,2019-04-27 15:00:00,145.522369385,0.18410302785388932
5008,2019-04-27 16:00:00,145.457717896,0.5284650347092097
5009,2019-04-27 17:00:00,145.207778931,0.5024860791507328
5010,2019-04-27 18:00:00,144.829711914,0.6041681818083067
5011,2019-04-27 19:00:00,144.167297363,0.4936268957127552
5012,2019-04-27 20:00:00,143.189483643,0.8651835017196923
5013,2019-04-27 21:00:00,141.975280762,0.04442293915637241
5014,2019-04-27 22:00:00,140.608505249,0.21614295584694487
5015,2019-04-27 23:00:00,139.226150513,0.12792623758784938
5016,2019-04-28 00:00:00,138.168167114,0.5126821062877838
5017,2019-04-28 01:00:00,137.310974121,0.9220625663376396
5018,2019-04-28 02:00:00,136.588180542,0.31457377647584484
5019,2019-04-28 03:00:00,136.003494263,0.8427193730443713
5020,2019-04-28 04:00:00,135.527511597,0.16626840212186544
5021,2019-04-28 05:00:00,135.16885376,0.941414835075827
5022,2019-04-28 06:00:00,134.931091309,0.846245953562474
5023,2019-04-28 07:00:00,134.670791626,0.9400791146347109
5024,2019-04-28 08:00:00,134.456924438,0.009990391897734208
5025,2019-04-28 09:00:00,134.283828735,0.795775611406512
5026,2019-04-28 10:00:00,134.14453125,0.9141558771180368
5027,2019-04-28 11:00:00,134.029541016,0.8573020151784942
5028,2019-04-28 12:00:00,133.939575195,0.3136084366587941
5029,2019-04-28 13:00:00,133.872451782,0.5355779806011214
5030,2019-04-28 14:00:00,133.822723389,0.42538617258783373
5031,2019-04-28 15:00:00,133.781082153,0.45812930520310136
5032,2019-04-28 16:00:00,133.730194092,0.6715129694137886
5033,2019-04-28 17:00:00,133.661148071,0.518704229782514
5034,2019-04-28 18:00:00,133.463409424,0.6712240568218881
5035,2019-04-28 19:00:00,132.975723267,0.3342794755012326
5036,2019-04-28 20:00:00,132.19078064,0.3441209235070759
5037,2019-04-28 21:00:00,131.113388062,0.6796376462872312
5038,2019-04-28 22:00:00,129.849639893,0.09461314311841384
5039,2019-04-28 23:00:00,128.561218262,0.35803124099322436
5040,2019-04-29 00:00:00,127.578262329,0.7238454252096229
5041,2019-04-29 01:00:00,126.762313843,0.43386941877037466
5042,2019-04-29 02:00:00,126.089126587,0.7254877939896797
5043,2019-04-29 03:00:00,125.537956238,0.6072001740642768
5044,2019-04-29 04:00:00,125.091377258,0.9948021299845078
5045,2019-04-29 05:00:00,124.72354126,0.6958097901961232
5046,2019-04-29 06:00:00,124.421073914,0.014094935883700255
5047,2019-04-29 07:00:00,124.172821045,0.9680921867190354
5048,2019-04-29 08:00:00,123.97088623,0.22394898457727508
5049,2019-04-29 09:00:00,123.808807373,0.33927989359486466
5050,2019-04-29 10:00:00,123.678993225,0.7100015287815876
5051,2019-04-29 11:00:00,123.576660156,0.2386038118646292
5052,2019-04-29 12:00:00,123.491210938,0.7866574714003034
5053,2019-04-29 13:00:00,123.421615601,0.5418614305101668
5054,2019-04-29 14:00:00,123.368293762,0.3726561596217659
5055,2019-04-29 15:00:00,123.316505432,0.28554192758721475
5056,2019-04-29 16:00:00,123.262619019,0.9527931167855852
5057,2019-04-29 17:00:00,123.199920654,0.21813652091604097
5058,2019-04-29 18:00:00,123.12852478,0.13907478873255985
5059,2019-04-29 19:00:00,123.006225586,0.22726791694814064
5060,2019-04-29 20:00:00,122.705581665,0.4452679843940166
5061,2019-04-29 21:00:00,124.789337158,0.5220502450553873
5062,2019-04-29 22:00:00,124.543945312,0.24009887383333905
5063,2019-04-29 23:00:00,123.985908508,0.20660541275427036
5064,2019-04-30 00:00:00,123.162979126,0.3797659508898915
5065,2019-04-30 01:00:00,126.145050049,0.41986390097200366
5066,2019-04-30 02:00:00,125.711242676,0.986414968825571
5067,2019-04-30 03:00:00,130.974182129,0.3196736223334654
5068,2019-04-30 04:00:00,131.554321289,0.7711282564090851
5069,2019-04-30 05:00:00,137.028610229,0.169742393977656
5070,2019-04-30 06:00:00,140.416992188,0.8662523423719157
5071,2019-04-30 07:00:00,140.264862061,0.17094572197508595
5072,2019-04-30 08:00:00,140.865631104,0.0478929639342307
5073,2019-04-30 09:00:00,145.278366089,0.8566414251915154
5074,2019-04-30 10:00:00,147.841079712,0.3628158711732692
5075,2019-04-30 11:00:00,148.924285889,0.4862740567737017
5076,2019-04-30 12:00:00,150.061523438,0.6014955646917122
5077,2019-04-30 13:00:00,151.89276123,0.1144216935503185
5078,2019-04-30 14:00:00,153.102386475,0.10758927726267575
5079,2019-04-30 15:00:00,153.116699219,0.13036537293594075
5080,2019-04-30 16:00:00,153.320358276,0.26413345610891403
5081,2019-04-30 17:00:00,154.0105896,0.8432024969656795
5082,2019-04-30 18:00:00,156.183135986,0.9924042175856227
5083,2019-04-30 19:00:00,159.047103882,0.33465297404816197
5084,2019-04-30 20:00:00,161.880142212,0.24508216379345582
5085,2019-04-30 21:00:00,163.443359375,0.8714923284602347
5086,2019-04-30 22:00:00,164.542327881,0.9790147732725796
5087,2019-04-30 23:00:00,165.13218689,0.451926615368895
5088,2019-05-01 00:00:00,165.155441284,0.09398759021105563
5089,2019-05-01 01:00:00,165.181549072,0.546074143726072
5090,2019-05-01 02:00:00,165.402114868,0.99153984656839
5091,2019-05-01 03:00:00,165.423095703,0.4882028193082629
5092,2019-05-01 04:00:00,165.445114136,0.45020416978617395
5093,2019-05-01 05:00:00,165.46585083,0.4133045673145167
5094,2019-05-01 06:00:00,165.485366821,0.10143874226463923
5095,2019-05-01 07:00:00,165.884750366,0.2904461463869815
5096,2019-05-01 08:00:00,166.103317261,0.1342993117886705
5097,2019-05-01 09:00:00,166.307006836,0.6027759116063933
5098,2019-05-01 10:00:00,166.320388794,0.5296589868033229
5099,2019-05-01 11:00:00,166.332855225,0.9461965951841965
5100,2019-05-01 12:00:00,166.546356201,0.8030545576744069
5101,2019-05-01 13:00:00,166.644683838,0.18292625879448443
5102,2019-05-01 14:00:00,166.867736816,0.5070570465814188
5103,2019-05-01 15:00:00,167.198806763,0.3155762040682232
5104,2019-05-01 16:00:00,167.534729004,0.9548915399411944
5105,2019-05-01 17:00:00,167.880203247,0.8655518843327407
5106,2019-05-01 18:00:00,168.252502441,0.6822520703752513
5107,2019-05-01 19:00:00,169.170410156,0.36113305505347915
5108,2019-05-01 20:00:00,170.328201294,0.14526833998191413
5109,2019-05-01 21:00:00,170.559326172,0.5834673157368715
5110,2019-05-01 22:00:00,170.659790039,0.8626504122667681
5111,2019-05-01 23:00:00,170.738647461,0.5678869282845598
5112,2019-05-02 00:00:00,170.816726685,0.21501951490335547
5113,2019-05-02 01:00:00,170.83114624,0.09253553907122991
5114,2019-05-02 02:00:00,170.839660645,0.8194877847558437
5115,2019-05-02 03:00:00,170.850830078,0.6661257153346797
5116,2019-05-02 04:00:00,170.862762451,0.7461959620776075
5117,2019-05-02 05:00:00,170.872314453,0.2948025875671174
5118,2019-05-02 06:00:00,170.879577637,0.0903807147660114
5119,2019-05-02 07:00:00,170.888626099,0.9870974355701421
5120,2019-05-02 08:00:00,170.901107788,0.5625099555578291
5121,2019-05-02 09:00:00,170.90562439,0.7015845817609075
5122,2019-05-02 10:00:00,170.91078186,0.6091430629538622
5123,2019-05-02 11:00:00,170.922027588,0.048139958852108866
5124,2019-05-02 12:00:00,170.927841187,0.6396275762738666
5125,2019-05-02 13:00:00,170.933853149,0.2268838504317251
5126,2019-05-02 14:00:00,170.942337036,0.6846850468291967
5127,2019-05-02 15:00:00,170.948806763,0.22472733099094
5128,2019-05-02 16:00:00,170.953369141,0.030119197992706237
5129,2019-05-02 17:00:00,170.942001343,0.5664389228002581
5130,2019-05-02 18:00:00,170.917266846,0.3231880531262873
5131,2019-05-02 19:00:00,170.88067627,0.6013890159308816
5132,2019-05-02 20:00:00,170.8359375,0.403612833806707
5133,2019-05-02 21:00:00,170.760192871,0.5524305495475985
5134,2019-05-02 22:00:00,170.432907104,0.8257972689160318
5135,2019-05-02 23:00:00,169.962890625,0.7129680969546319
5136,2019-05-03 00:00:00,169.63508606,0.27110823489770697
5137,2019-05-03 01:00:00,169.358581543,0.29533499615618475
5138,2019-05-03 02:00:00,169.124664307,0.5537331965934159
5139,2019-05-03 03:00:00,168.927200317,0.024168395586929625
5140,2019-05-03 04:00:00,168.760757446,0.14882944264783582
5141,2019-05-03 05:00:00,168.618667603,0.7326434491645989
5142,2019-05-03 06:00:00,168.497909546,0.9861124350727483
5143,2019-05-03 07:00:00,168.395584106,0.2951510602642229
5144,2019-05-03 08:00:00,168.305618286,0.05576977948061779
5145,2019-05-03 09:00:00,168.226760864,0.3182795537610468
5146,2019-05-03 10:00:00,168.156967163,0.04287879051540844
5147,2019-05-03 11:00:00,168.094238281,0.38145329656461724
5148,2019-05-03 12:00:00,168.039367676,0.10415192252557082
5149,2019-05-03 13:00:00,167.987945557,0.1498416231423536
5150,2019-05-03 14:00:00,167.944168091,0.5948289607365298
5151,2019-05-03 15:00:00,167.90675354,0.6174293836050034
5152,2019-05-03 16:00:00,167.869842529,0.7514072393005407
5153,2019-05-03 17:00:00,167.830886841,0.3384997385929076
5154,2019-05-03 18:00:00,167.781311035,0.4695732287339113
5155,2019-05-03 19:00:00,167.689071655,0.7955381874400256
5156,2019-05-03 20:00:00,167.408493042,0.6169913367802938
5157,2019-05-03 21:00:00,167.1146698,0.058274936106692654
5158,2019-05-03 22:00:00,166.737716675,0.08999038964719752
5159,2019-05-03 23:00:00,166.391677856,0.9830046173026
5160,2019-05-04 00:00:00,166.108078003,0.06307115151707265
5161,2019-05-04 01:00:00,165.884567261,0.05370990709256884
5162,2019-05-04 02:00:00,165.691802979,0.5644807262183326
5163,2019-05-04 03:00:00,165.525512695,0.42405209613836503
5164,2019-05-04 04:00:00,165.382537842,0.14293977696120852
5165,2019-05-04 05:00:00,165.261398315,0.8515640677938766
5166,2019-05-04 06:00:00,165.157012939,0.2122684563355074
5167,2019-05-04 07:00:00,165.068649292,0.8073860323085672
5168,2019-05-04 08:00:00,164.990646362,0.5981956418132234
5169,2019-05-04 09:00:00,164.922088623,0.267540922388511
5170,2019-05-04 10:00:00,164.862304688,0.44001370388159056
5171,2019-05-04 11:00:00,164.809234619,0.06475982143508474
5172,2019-05-04 12:00:00,164.762008667,0.1995301813266367
5173,2019-05-04 13:00:00,164.722915649,0.9876034349746231
5174,2019-05-04 14:00:00,164.690368652,0.18913972327347572
5175,2019-05-04 15:00:00,164.662277222,0.515581962101139
5176,2019-05-04 16:00:00,164.630996704,0.5909641448555021
5177,2019-05-04 17:00:00,164.59286499,0.7696663258208278
5178,2019-05-04 18:00:00,164.536193848,0.1389936683856422
5179,2019-05-04 19:00:00,164.444961548,0.8274333137608397
5180,2019-05-04 20:00:00,164.339431763,0.7885233952452232
5181,2019-05-04 21:00:00,164.102310181,0.553585646662376
5182,2019-05-04 22:00:00,163.697921753,0.28332230247117896
5183,2019-05-04 23:00:00,163.263809204,0.8383369832475616
5184,2019-05-05 00:00:00,162.93951416,0.966513859932597
5185,2019-05-05 01:00:00,162.688049316,0.5425372663869881
5186,2019-05-05 02:00:00,162.478012085,0.597664053974203
5187,2019-05-05 03:00:00,162.303771973,0.7728113479766812
5188,2019-05-05 04:00:00,162.15953064,0.18779442878682762
5189,2019-05-05 05:00:00,162.037414551,0.1882130500165744
5190,2019-05-05 06:00:00,161.934814453,0.9675573958609616
5191,2019-05-05 07:00:00,161.849380493,0.0877845210976832
5192,2019-05-05 08:00:00,161.777587891,0.3152710703885333
5193,2019-05-05 09:00:00,161.718658447,0.24027850419137353
5194,2019-05-05 10:00:00,161.668945312,0.026764972740131787
5195,2019-05-05 11:00:00,161.628479004,0.5788647353207313
5196,2019-05-05 12:00:00,161.592315674,0.2777756508102509
5197,2019-05-05 13:00:00,161.563140869,0.6843456932324296
5198,2019-05-05 14:00:00,161.539794922,0.8027443812682666
5199,2019-05-05 15:00:00,161.519577026,0.09252518467806747
5200,2019-05-05 16:00:00,161.495117188,0.3101554809688848
5201,2019-05-05 17:00:00,161.464782715,0.42189779701661423
5202,2019-05-05 18:00:00,161.397354126,0.6415098433319288
5203,2019-05-05 19:00:00,161.28225708,0.3760442695367482
5204,2019-05-05 20:00:00,160.974899292,0.6318036751640386
5205,2019-05-05 21:00:00,160.383453369,0.8797294997808623
5206,2019-05-05 22:00:00,159.791183472,0.5091182834460323
5207,2019-05-05 23:00:00,159.218704224,0.6444128106620992
5208,2019-05-06 00:00:00,158.757446289,0.40249159103619003
5209,2019-05-06 01:00:00,158.38470459,0.23217937278000744
5210,2019-05-06 02:00:00,158.072311401,0.9557902781854706
5211,2019-05-06 03:00:00,157.810668945,0.4365800096787007
5212,2019-05-06 04:00:00,157.593276978,0.6383391230450672
5213,2019-05-06 05:00:00,157.414230347,0.15988860348945744
5214,2019-05-06 06:00:00,157.266403198,0.3213823020109031
5215,2019-05-06 07:00:00,157.143066406,0.32616109238616
5216,2019-05-06 08:00:00,157.037841797,0.7703058913684094
5217,2019-05-06 09:00:00,156.952346802,0.35089556992971227
5218,2019-05-06 10:00:00,156.878234863,0.24848940082279025
5219,2019-05-06 11:00:00,156.816680908,0.4271433397167941
5220,2019-05-06 12:00:00,156.767364502,0.7656981875025374
5221,2019-05-06 13:00:00,156.722579956,0.1510637383334752
5222,2019-05-06 14:00:00,156.688262939,0.8150247034516641
5223,2019-05-06 15:00:00,156.664962769,0.6678670609191005
5224,2019-05-06 16:00:00,156.637969971,0.6667519911092505
5225,2019-05-06 17:00:00,156.599212646,0.76324228620879
5226,2019-05-06 18:00:00,156.531616211,0.25298029355951446
5227,2019-05-06 19:00:00,156.437576294,0.33321465080204515
5228,2019-05-06 20:00:00,156.290725708,0.9826802478897868
5229,2019-05-06 21:00:00,155.858078003,0.9726508649464941
5230,2019-05-06 22:00:00,155.22467041,0.837820898440753
5231,2019-05-06 23:00:00,154.557937622,0.2146788525236375
5232,2019-05-07 00:00:00,154.031494141,0.11036080891374833
5233,2019-05-07 01:00:00,153.613250732,0.666783623554887
5234,2019-05-07 02:00:00,153.268554688,0.22995921592229374
5235,2019-05-07 03:00:00,152.98210144,0.4118229898185416
5236,2019-05-07 04:00:00,152.74432373,0.309430479791413
5237,2019-05-07 05:00:00,152.547180176,0.31119117469658497
5238,2019-05-07 06:00:00,152.38053894,0.4005003313919281
5239,2019-05-07 07:00:00,152.241790771,0.7093661379281487
5240,2019-05-07 08:00:00,152.122711182,0.33145513408636806
5241,2019-05-07 09:00:00,152.026275635,0.04458243296658304
5242,2019-05-07 10:00:00,151.945510864,0.17545595436016737
5243,2019-05-07 11:00:00,151.877243042,0.09079040036084396
5244,2019-05-07 12:00:00,151.820663452,0.33772719592789135
5245,2019-05-07 13:00:00,151.771682739,0.5072283438376812
5246,2019-05-07 14:00:00,151.730499268,0.52293244225018
5247,2019-05-07 15:00:00,151.695846558,0.0692804748930681
5248,2019-05-07 16:00:00,151.663696289,0.7559978835817631
5249,2019-05-07 17:00:00,151.624847412,0.08503325391568117
5250,2019-05-07 18:00:00,151.553359985,0.5126270638696496
5251,2019-05-07 19:00:00,151.457138062,0.6026727593964689
5252,2019-05-07 20:00:00,151.196487427,0.8420123906848691
5253,2019-05-07 21:00:00,150.695648193,0.04349526433776418
5254,2019-05-07 22:00:00,149.892959595,0.33618189668722565
5255,2019-05-07 23:00:00,149.300933838,0.41300402143606185
5256,2019-05-08 00:00:00,148.847198486,0.3121634267176915
5257,2019-05-08 01:00:00,148.483200073,0.6538872580074737
5258,2019-05-08 02:00:00,148.183242798,0.45215085166757407
5259,2019-05-08 03:00:00,147.939163208,0.23278128708521073
5260,2019-05-08 04:00:00,147.735626221,0.03271578892562188
5261,2019-05-08 05:00:00,147.56791687,0.1091015038405363
5262,2019-05-08 06:00:00,147.429641724,0.037052498988885185
5263,2019-05-08 07:00:00,147.320800781,0.8119367753751021
5264,2019-05-08 08:00:00,147.231704712,0.8892341073600123
5265,2019-05-08 09:00:00,147.16053772,0.3992763978206496
5266,2019-05-08 10:00:00,147.096511841,0.5712046647747121
5267,2019-05-08 11:00:00,147.047912598,0.2556140863302324
5268,2019-05-08 12:00:00,147.003097534,0.5871335026966914
5269,2019-05-08 13:00:00,146.968292236,0.2633981977544436
5270,2019-05-08 14:00:00,146.944519043,0.03010094261792562
5271,2019-05-08 15:00:00,146.925949097,0.08884727822037986
5272,2019-05-08 16:00:00,146.90411377,0.721613013720561
5273,2019-05-08 17:00:00,146.959335327,0.987631702435118
5274,2019-05-08 18:00:00,146.90625,0.5138412768213401
5275,2019-05-08 19:00:00,147.118103027,0.06681515756354317
5276,2019-05-08 20:00:00,147.626159668,0.7688471653221456
5277,2019-05-08 21:00:00,147.555725098,0.966152605321124
5278,2019-05-08 22:00:00,147.450241089,0.2075889614823928
5279,2019-05-08 23:00:00,147.256668091,0.6858959483246293
5280,2019-05-09 00:00:00,147.122467041,0.8686806677634411
5281,2019-05-09 01:00:00,147.023239136,0.3169546152060403
5282,2019-05-09 02:00:00,146.939193726,0.3970140611523655
5283,2019-05-09 03:00:00,146.866516113,0.49722905379733806
5284,2019-05-09 04:00:00,146.806472778,0.36879098506115293
5285,2019-05-09 05:00:00,146.756561279,0.8587931544271152
5286,2019-05-09 06:00:00,146.71421814,0.9800858080716701
5287,2019-05-09 07:00:00,146.678482056,0.0941112769980158
5288,2019-05-09 08:00:00,146.648864746,0.2838187338372974
5289,2019-05-09 09:00:00,146.623687744,0.6272313607547043
5290,2019-05-09 10:00:00,146.601028442,0.41954684901563144
5291,2019-05-09 11:00:00,146.581771851,0.8975611075979101
5292,2019-05-09 12:00:00,146.564697266,0.6268963337936402
5293,2019-05-09 13:00:00,146.552032471,0.29145013385058127
5294,2019-05-09 14:00:00,146.543243408,0.5609061378877019
5295,2019-05-09 15:00:00,146.534820557,0.1682568355102888
5296,2019-05-09 16:00:00,146.525314331,0.7632106257626307
5297,2019-05-09 17:00:00,146.509094238,0.04012375723924699
5298,2019-05-09 18:00:00,146.675109863,0.980058489858041
5299,2019-05-09 19:00:00,146.629226685,0.3748746763600387
5300,2019-05-09 20:00:00,147.07208252,0.318275920745663
5301,2019-05-09 21:00:00,147.003875732,0.37296899335067624
5302,2019-05-09 22:00:00,146.855407715,0.21008091094347792
5303,2019-05-09 23:00:00,146.637008667,0.7484353110265635
5304,2019-05-10 00:00:00,146.473114014,0.16609253190409234
5305,2019-05-10 01:00:00,147.053573608,0.01430617927785427
5306,2019-05-10 02:00:00,148.368408203,0.05700812332872984
5307,2019-05-10 03:00:00,148.590682983,0.1968972837454741
5308,2019-05-10 04:00:00,149.027160645,0.8507633502425
5309,2019-05-10 05:00:00,149.175979614,0.31365220070275457
5310,2019-05-10 06:00:00,149.134033203,0.08558769348501072
5311,2019-05-10 07:00:00,149.29838562,0.2851106634957342
5312,2019-05-10 08:00:00,149.984924316,0.3694428869016684
5313,2019-05-10 09:00:00,150.264160156,0.7069847855961169
5314,2019-05-10 10:00:00,150.249343872,0.8236478276677596
5315,2019-05-10 11:00:00,150.251861572,0.302138225512266
5316,2019-05-10 12:00:00,150.779937744,0.1815958445465763
5317,2019-05-10 13:00:00,151.244293213,0.8994164283487994
5318,2019-05-10 14:00:00,151.242279053,0.4776408907207388
5319,2019-05-10 15:00:00,151.242416382,0.09695221868623893
5320,2019-05-10 16:00:00,152.568237305,0.5587572037126085
5321,2019-05-10 17:00:00,152.670822144,0.49256019562133124
5322,2019-05-10 18:00:00,152.649124146,0.4397551393893667
5323,2019-05-10 19:00:00,153.071472168,0.9472762805670093
5324,2019-05-10 20:00:00,154.064453125,0.8031404097804754
5325,2019-05-10 21:00:00,154.397018433,0.9362439661531013
5326,2019-05-10 22:00:00,154.305084229,0.6284856026575907
5327,2019-05-10 23:00:00,154.325378418,0.701040666397084
5328,2019-05-11 00:00:00,154.784072876,0.05462328175826914
5329,2019-05-11 01:00:00,154.992263794,0.0018209651773197777
5330,2019-05-11 02:00:00,155.65574646,0.3018499314158535
5331,2019-05-11 03:00:00,155.785720825,0.05988591992042058
5332,2019-05-11 04:00:00,155.728500366,0.3238697605680547
5333,2019-05-11 05:00:00,155.862518311,0.4704328125790751
5334,2019-05-11 06:00:00,155.822463989,0.20719011981058066
5335,2019-05-11 07:00:00,155.78666687,0.9549421132569587
5336,2019-05-11 08:00:00,155.753829956,0.41322656597004315
5337,2019-05-11 09:00:00,155.726104736,0.006585378736687408
5338,2019-05-11 10:00:00,155.701873779,0.618627654407137
5339,2019-05-11 11:00:00,155.679763794,0.1518547979815258
5340,2019-05-11 12:00:00,155.662475586,0.37588208129229417
5341,2019-05-11 13:00:00,155.649169922,0.028282768611488596
5342,2019-05-11 14:00:00,155.638931274,0.8211198666143752
5343,2019-05-11 15:00:00,155.627822876,0.7608218913441803
5344,2019-05-11 16:00:00,155.615966797,0.7460773623611701
5345,2019-05-11 17:00:00,155.601348877,0.31801754030311413
5346,2019-05-11 18:00:00,155.572921753,0.6696452863037229
5347,2019-05-11 19:00:00,155.520431519,0.09572528773036948
5348,2019-05-11 20:00:00,155.546966553,0.9281464792077813
5349,2019-05-11 21:00:00,155.50881958,0.6845726900648061
5350,2019-05-11 22:00:00,155.377258301,0.06475538052424179
5351,2019-05-11 23:00:00,155.352325439,0.6292281530056378
5352,2019-05-12 00:00:00,155.313034058,0.4063546834671984
5353,2019-05-12 01:00:00,155.231414795,0.08510650983152301
5354,2019-05-12 02:00:00,155.079421997,0.9696111984061848
5355,2019-05-12 03:00:00,154.953735352,0.2803663480747631
5356,2019-05-12 04:00:00,154.849258423,0.0057898055732636955
5357,2019-05-12 05:00:00,154.762817383,0.6651341840779544
5358,2019-05-12 06:00:00,154.694778442,0.5343097259552608
5359,2019-05-12 07:00:00,154.640167236,0.9104735197268259
5360,2019-05-12 08:00:00,154.59602356,0.9262705623320294
5361,2019-05-12 09:00:00,154.561050415,0.5134771445989955
5362,2019-05-12 10:00:00,154.534103394,0.8453200188006371
5363,2019-05-12 11:00:00,154.512207031,0.13091424210217983
5364,2019-05-12 12:00:00,154.495147705,0.2773610813659959
5365,2019-05-12 13:00:00,154.483886719,0.21915578790454948
5366,2019-05-12 14:00:00,154.479537964,0.6776733089460547
5367,2019-05-12 15:00:00,154.474731445,0.0033148966611770136
5368,2019-05-12 16:00:00,154.463897705,0.3961676005695275
5369,2019-05-12 17:00:00,154.450256348,0.8330227572333225
5370,2019-05-12 18:00:00,154.42741394,0.5215542446457162
5371,2019-05-12 19:00:00,154.370941162,0.25106484489448255
5372,2019-05-12 20:00:00,154.242385864,0.9674459262282669
5373,2019-05-12 21:00:00,153.924240112,0.8403424322791617
5374,2019-05-12 22:00:00,153.408798218,0.8633010836113176
5375,2019-05-12 23:00:00,152.838775635,0.28910509084083513
5376,2019-05-13 00:00:00,152.403274536,0.30728241489922903
5377,2019-05-13 01:00:00,152.059341431,0.7733340720001676
5378,2019-05-13 02:00:00,151.772964478,0.5215152611201007
5379,2019-05-13 03:00:00,151.536483765,0.15775181823621798
5380,2019-05-13 04:00:00,151.340148926,0.5386384096283202
5381,2019-05-13 05:00:00,151.177383423,0.6390741027266198
5382,2019-05-13 06:00:00,151.042831421,0.3335151910505293
5383,2019-05-13 07:00:00,150.933609009,0.7488444044591195
5384,2019-05-13 08:00:00,150.843276978,0.24145311990364837
5385,2019-05-13 09:00:00,150.768569946,0.17716728805522908
5386,2019-05-13 10:00:00,150.705337524,0.51763949501367
5387,2019-05-13 11:00:00,150.654312134,0.7142812834388573
5388,2019-05-13 12:00:00,150.612136841,0.3794458901421123
5389,2019-05-13 13:00:00,150.578994751,0.061098302596780285
5390,2019-05-13 14:00:00,150.557098389,0.010915238121486759
5391,2019-05-13 15:00:00,150.535919189,0.26730575305856796
5392,2019-05-13 16:00:00,150.515808105,0.3833629912209864
5393,2019-05-13 17:00:00,150.490997314,0.7943949667736676
5394,2019-05-13 18:00:00,150.441009521,0.24827169157662865
5395,2019-05-13 19:00:00,150.315032959,0.7244074507955228
5396,2019-05-13 20:00:00,150.03503418,0.6882807856369826
5397,2019-05-13 21:00:00,149.542205811,0.26211692559109534
5398,2019-05-13 22:00:00,148.886856079,0.4342082490164012
5399,2019-05-13 23:00:00,148.263946533,0.05737756407403993
5400,2019-05-14 00:00:00,147.766372681,0.9598292736278538
5401,2019-05-14 01:00:00,147.369033813,0.5006265491596062
5402,2019-05-14 02:00:00,147.037261963,0.10943423777744277
5403,2019-05-14 03:00:00,146.764450073,0.5750017236696215
5404,2019-05-14 04:00:00,146.539031982,0.9529979034509588
5405,2019-05-14 05:00:00,146.351760864,0.6619427604395012
5406,2019-05-14 06:00:00,146.197509766,0.5989575261794935
5407,2019-05-14 07:00:00,146.073379517,0.614449082553179
5408,2019-05-14 08:00:00,145.970169067,0.8970455462994853
5409,2019-05-14 09:00:00,145.886734009,0.8650638042517921
5410,2019-05-14 10:00:00,145.815750122,0.9336207741782477
5411,2019-05-14 11:00:00,145.762191772,0.6383558911662102
5412,2019-05-14 12:00:00,145.717758179,0.4651183976652372
5413,2019-05-14 13:00:00,145.686172485,0.45379469239971904
5414,2019-05-14 14:00:00,145.661865234,0.638970551269278
5415,2019-05-14 15:00:00,145.636306763,0.044222732413226384
5416,2019-05-14 16:00:00,145.61618042,0.11917558707814191
5417,2019-05-14 17:00:00,145.592910767,0.41018586937940826
5418,2019-05-14 18:00:00,145.563308716,0.8309319744298713
5419,2019-05-14 19:00:00,145.503173828,0.3354550482492227
5420,2019-05-14 20:00:00,145.403320312,0.22122369838414824
5421,2019-05-14 21:00:00,145.048187256,0.7858577628073149
5422,2019-05-14 22:00:00,144.505157471,0.3710288553799487
5423,2019-05-14 23:00:00,143.880432129,0.8198857258048888
5424,2019-05-15 00:00:00,143.408432007,0.10285759680646334
5425,2019-05-15 01:00:00,143.034484863,0.6209283194168994
5426,2019-05-15 02:00:00,142.722702026,0.5207847568171997
5427,2019-05-15 03:00:00,142.469024658,0.2947791604869415
5428,2019-05-15 04:00:00,142.258911133,0.7008454686336898
5429,2019-05-15 05:00:00,142.083786011,0.34416124738733034
5430,2019-05-15 06:00:00,141.943435669,0.9921352579527167
5431,2019-05-15 07:00:00,141.824111938,0.15403348266894412
5432,2019-05-15 08:00:00,141.729309082,0.5667263051355261
5433,2019-05-15 09:00:00,141.650756836,0.7911571915118618
5434,2019-05-15 10:00:00,141.58354187,0.6473536074140116
5435,2019-05-15 11:00:00,141.532089233,0.19213466895957043
5436,2019-05-15 12:00:00,141.488693237,0.8997480168085846
5437,2019-05-15 13:00:00,141.455154419,0.34382630432300665
5438,2019-05-15 14:00:00,141.43661499,0.6053392949507451
5439,2019-05-15 15:00:00,141.416763306,0.563816239727672
5440,2019-05-15 16:00:00,141.399765015,0.5863809607022505
5441,2019-05-15 17:00:00,141.370269775,0.767204254202444
5442,2019-05-15 18:00:00,141.30670166,0.1969799364291731
5443,2019-05-15 19:00:00,141.023208618,0.6096503430001707
5444,2019-05-15 20:00:00,140.509857178,0.509473510757883
5445,2019-05-15 21:00:00,139.770965576,0.9546275175290481
5446,2019-05-15 22:00:00,138.843261719,0.5610780763731629
5447,2019-05-15 23:00:00,137.93031311,0.32339692357878114
5448,2019-05-16 00:00:00,137.159332275,0.46166629593257
5449,2019-05-16 01:00:00,136.541885376,0.11348328309858713
5450,2019-05-16 02:00:00,136.035507202,0.404661807409997
5451,2019-05-16 03:00:00,135.620773315,0.08829219838521019
5452,2019-05-16 04:00:00,135.27772522,0.5325153356912022
5453,2019-05-16 05:00:00,134.996261597,0.5658491409891535
5454,2019-05-16 06:00:00,134.765609741,0.761025456008215
5455,2019-05-16 07:00:00,134.576797485,0.9011612469370641
5456,2019-05-16 08:00:00,134.424835205,0.8511588182363444
5457,2019-05-16 09:00:00,134.304931641,0.16552324357438641
5458,2019-05-16 10:00:00,134.208282471,0.22313098772553297
5459,2019-05-16 11:00:00,134.129379272,0.28828906025451884
5460,2019-05-16 12:00:00,134.063812256,0.7685994114886311
5461,2019-05-16 13:00:00,134.013519287,0.40194255323514183
5462,2019-05-16 14:00:00,133.97895813,0.03814338494788272
5463,2019-05-16 15:00:00,133.950698853,0.9383840380067641
5464,2019-05-16 16:00:00,133.918365479,0.5297391454080066
5465,2019-05-16 17:00:00,133.863204956,0.0531458173919126
5466,2019-05-16 18:00:00,133.757629395,0.41275283330269597
5467,2019-05-16 19:00:00,133.327789307,0.9235260536068424
5468,2019-05-16 20:00:00,132.610015869,0.8910230863720517
5469,2019-05-16 21:00:00,131.618118286,0.9912722441846256
5470,2019-05-16 22:00:00,130.51109314,0.05138061325189591
5471,2019-05-16 23:00:00,129.393951416,0.5123848379753425
5472,2019-05-17 00:00:00,128.413208008,0.268445787617983
5473,2019-05-17 01:00:00,127.626052856,0.6762896396331249
5474,2019-05-17 02:00:00,126.980690002,0.2043415601352142
5475,2019-05-17 03:00:00,126.447723389,0.17022533462124678
5476,2019-05-17 04:00:00,126.009643555,0.9881871707096359
5477,2019-05-17 05:00:00,125.641830444,0.3634606917539236
5478,2019-05-17 06:00:00,125.340576172,0.8513636454557812
5479,2019-05-17 07:00:00,125.091270447,0.7227789955762611
5480,2019-05-17 08:00:00,124.886528015,0.1251076362075071
5481,2019-05-17 09:00:00,124.721153259,0.6607549560429415
5482,2019-05-17 10:00:00,124.585838318,0.14578266745146484
5483,2019-05-17 11:00:00,124.47820282,0.035485722083223314
5484,2019-05-17 12:00:00,124.38710022,0.010594064320423202
5485,2019-05-17 13:00:00,124.777008057,0.04019831584906186
5486,2019-05-17 14:00:00,127.685287476,0.426183282233367
5487,2019-05-17 15:00:00,129.281036377,0.10067864535446958
5488,2019-05-17 16:00:00,130.174575806,0.7336419347019562
5489,2019-05-17 17:00:00,131.038986206,0.6304767216779809
5490,2019-05-17 18:00:00,132.502349854,0.8398535945400548
5491,2019-05-17 19:00:00,134.291412354,0.9845990488842289
5492,2019-05-17 20:00:00,138.637435913,0.9077786236437857
5493,2019-05-17 21:00:00,140.795028687,0.5935581600878465
5494,2019-05-17 22:00:00,140.747711182,0.20215264923938459
5495,2019-05-17 23:00:00,141.010467529,0.6076544250330558
5496,2019-05-18 00:00:00,141.000717163,0.7946006086031427
5497,2019-05-18 01:00:00,141.007507324,0.46545000434803996
5498,2019-05-18 02:00:00,141.01385498,0.9058565589791485
5499,2019-05-18 03:00:00,141.017669678,0.11880412872969481
5500,2019-05-18 04:00:00,141.022689819,0.856786753757356
5501,2019-05-18 05:00:00,141.05279541,0.9344378611266747
5502,2019-05-18 06:00:00,141.362380981,0.10642669812245553
5503,2019-05-18 07:00:00,141.37310791,0.16337973041011378
5504,2019-05-18 08:00:00,141.381912231,0.7519215449360895
5505,2019-05-18 09:00:00,141.396484375,0.8500050831457672
5506,2019-05-18 10:00:00,141.407165527,0.2044217297933576
5507,2019-05-18 11:00:00,141.413757324,0.649433076065616
5508,2019-05-18 12:00:00,141.420379639,0.6991349608997092
5509,2019-05-18 13:00:00,141.428909302,0.43550881757111026
5510,2019-05-18 14:00:00,141.446960449,0.9714064083558381
5511,2019-05-18 15:00:00,145.474334717,0.061426185978399994
5512,2019-05-18 16:00:00,145.480804443,0.8567236292189644
5513,2019-05-18 17:00:00,145.483139038,0.9715229829188956
5514,2019-05-18 18:00:00,145.460632324,0.4172208980725608
5515,2019-05-18 19:00:00,145.426605225,0.11434942836352191
5516,2019-05-18 20:00:00,145.382217407,0.7699797897995773
5517,2019-05-18 21:00:00,145.321929932,0.9462769920736475
5518,2019-05-18 22:00:00,145.262176514,0.6001717361924009
5519,2019-05-18 23:00:00,145.220275879,0.782295623095841
5520,2019-05-19 00:00:00,145.21383667,0.050983859983041335
5521,2019-05-19 01:00:00,145.225921631,0.34216551834700915
5522,2019-05-19 02:00:00,145.235565186,0.07634467139198398
5523,2019-05-19 03:00:00,145.240936279,0.2784191844134086
5524,2019-05-19 04:00:00,145.246490479,0.20340966275150207
5525,2019-05-19 05:00:00,145.250823975,0.0869887626851038
5526,2019-05-19 06:00:00,145.257156372,0.7366077666425525
5527,2019-05-19 07:00:00,145.262664795,0.30200487185296465
5528,2019-05-19 08:00:00,145.269866943,0.476885091186781
5529,2019-05-19 09:00:00,145.276184082,0.6196073439277391
5530,2019-05-19 10:00:00,145.283706665,0.1483908328721154
5531,2019-05-19 11:00:00,145.295181274,0.3700638671787828
5532,2019-05-19 12:00:00,145.304443359,0.4491002676793392
5533,2019-05-19 13:00:00,145.31628418,0.0731047124905887
5534,2019-05-19 14:00:00,145.326980591,0.4853701925101457
5535,2019-05-19 15:00:00,145.338653564,0.10573638604701008
5536,2019-05-19 16:00:00,145.347137451,0.7947070620553217
5537,2019-05-19 17:00:00,145.344177246,0.5899784705384131
5538,2019-05-19 18:00:00,145.314331055,0.705324893517998
5539,2019-05-19 19:00:00,145.271453857,0.5266807670613333
5540,2019-05-19 20:00:00,145.223083496,0.6683215586532205
5541,2019-05-19 21:00:00,145.154022217,0.6909124373395945
5542,2019-05-19 22:00:00,145.085586548,0.7382171807407026
5543,2019-05-19 23:00:00,145.022033691,0.5307223077534257
5544,2019-05-20 00:00:00,144.986297607,0.9802152692778507
5545,2019-05-20 01:00:00,144.976608276,0.7310876465606787
5546,2019-05-20 02:00:00,144.967147827,0.5757053324747811
5547,2019-05-20 03:00:00,144.953735352,0.04201517563585133
5548,2019-05-20 04:00:00,144.929260254,0.5263897306253145
5549,2019-05-20 05:00:00,144.910186768,0.3163849377318624
5550,2019-05-20 06:00:00,144.909942627,0.10215009005254083
5551,2019-05-20 07:00:00,144.918167114,0.49814317024285837
5552,2019-05-20 08:00:00,144.927490234,0.8284936199538707
5553,2019-05-20 09:00:00,144.939331055,0.19144196767094668
5554,2019-05-20 10:00:00,144.951843262,0.24096499910309588
5555,2019-05-20 11:00:00,145.782287598,0.7847032392870258
5556,2019-05-20 12:00:00,147.781738281,0.898385568202373
5557,2019-05-20 13:00:00,147.79888916,0.544318390894183
5558,2019-05-20 14:00:00,148.338424683,0.9987315204846459
5559,2019-05-20 15:00:00,149.522460938,0.8316755474590729
5560,2019-05-20 16:00:00,150.553192139,0.04653214674935913
5561,2019-05-20 17:00:00,153.555953979,0.3171608148361693
5562,2019-05-20 18:00:00,154.861755371,0.7805429946060717
5563,2019-05-20 19:00:00,157.752243042,0.3159424997075041
5564,2019-05-20 20:00:00,159.858734131,0.34281365279600284
5565,2019-05-20 21:00:00,160.874633789,0.339207035415221
5566,2019-05-20 22:00:00,161.482330322,0.5835127129277371
5567,2019-05-20 23:00:00,161.447174072,0.494976464314558
5568,2019-05-21 00:00:00,161.444503784,0.11790785676635973
5569,2019-05-21 01:00:00,161.451522827,0.9442430756133133
5570,2019-05-21 02:00:00,161.455322266,0.98564318515082
5571,2019-05-21 03:00:00,161.461303711,0.7074718574599858
5572,2019-05-21 04:00:00,161.466140747,0.05539217130026142
5573,2019-05-21 05:00:00,161.471603394,0.418211303370029
5574,2019-05-21 06:00:00,161.47869873,0.6763353325314237
5575,2019-05-21 07:00:00,161.482849121,0.4997588203528658
5576,2019-05-21 08:00:00,161.490249634,0.18333795765647654
5577,2019-05-21 09:00:00,161.499511719,0.43969363677434836
5578,2019-05-21 10:00:00,161.508575439,0.3817010168415852
5579,2019-05-21 11:00:00,161.516815186,0.16607983507267687
5580,2019-05-21 12:00:00,161.528366089,0.035415324902804635
5581,2019-05-21 13:00:00,161.543334961,0.852593352445176
5582,2019-05-21 14:00:00,161.560180664,0.20570769748027407
5583,2019-05-21 15:00:00,162.187484741,0.40639057953536484
5584,2019-05-21 16:00:00,166.010009766,0.39098679900069044
5585,2019-05-21 17:00:00,167.751281738,0.9065565509816115
5586,2019-05-21 18:00:00,167.730682373,0.3965819585139513
5587,2019-05-21 19:00:00,167.69392395,0.9588388967246594
5588,2019-05-21 20:00:00,167.651611328,0.5683958475866274
5589,2019-05-21 21:00:00,167.60458374,0.73704239670464
5590,2019-05-21 22:00:00,167.551528931,0.9210092177167989
5591,2019-05-21 23:00:00,167.709991455,0.12824602732429657
5592,2019-05-22 00:00:00,170.204406738,0.5388590152987387
5593,2019-05-22 01:00:00,170.212280273,0.6198405426924585
5594,2019-05-22 02:00:00,170.220581055,0.7277493162314417
5595,2019-05-22 03:00:00,171.408477783,0.14506654192004664
5596,2019-05-22 04:00:00,171.414123535,0.4648032952007257
5597,2019-05-22 05:00:00,171.417938232,0.49094058185045986
5598,2019-05-22 06:00:00,171.431900024,0.03557138275060101
5599,2019-05-22 07:00:00,171.440612793,0.24681647578852228
5600,2019-05-22 08:00:00,171.448638916,0.7886753862114796
5601,2019-05-22 09:00:00,171.457824707,0.3880106759193356
5602,2019-05-22 10:00:00,171.463165283,0.6905394398216791
5603,2019-05-22 11:00:00,171.470672607,0.927032394878457
5604,2019-05-22 12:00:00,171.475601196,0.3928584890615089
5605,2019-05-22 13:00:00,171.779785156,0.02879533871530915
5606,2019-05-22 14:00:00,173.357040405,0.7631067303948993
5607,2019-05-22 15:00:00,173.362457275,0.7998796797057972
5608,2019-05-22 16:00:00,181.061630249,0.4484320560587912
5609,2019-05-22 17:00:00,182.626937866,0.11137943803744133
5610,2019-05-22 18:00:00,184.503875732,0.1106656470083821
5611,2019-05-22 19:00:00,184.48651123,0.6325652362153166
5612,2019-05-22 20:00:00,184.466934204,0.6803193991820945
5613,2019-05-22 21:00:00,184.431381226,0.3470640905567256
5614,2019-05-22 22:00:00,184.393325806,0.35838530214751396
5615,2019-05-22 23:00:00,184.359024048,0.2816153236661394
5616,2019-05-23 00:00:00,184.344497681,0.4884662873281337
5617,2019-05-23 01:00:00,184.350494385,0.13200772002037198
5618,2019-05-23 02:00:00,184.354888916,0.26430098413926917
5619,2019-05-23 03:00:00,184.361495972,0.1751499496837189
5620,2019-05-23 04:00:00,184.36706543,0.2585770230490224
5621,2019-05-23 05:00:00,184.372955322,0.13981510962377852
5622,2019-05-23 06:00:00,184.36555481,0.019637863939740652
5623,2019-05-23 07:00:00,184.363113403,0.9934723930384751
5624,2019-05-23 08:00:00,184.357269287,0.851825675155666
5625,2019-05-23 09:00:00,184.349700928,0.43389950654886866
5626,2019-05-23 10:00:00,184.339141846,0.4106129981276573
5627,2019-05-23 11:00:00,184.328094482,0.9330124671384983
5628,2019-05-23 12:00:00,184.31892395,0.8186622596449642
5629,2019-05-23 13:00:00,184.313262939,0.3175433277977001
5630,2019-05-23 14:00:00,184.304901123,0.7510227537825166
5631,2019-05-23 15:00:00,184.296981812,0.10937944562839008
5632,2019-05-23 16:00:00,184.277008057,0.9856897181778337
5633,2019-05-23 17:00:00,184.54246521,0.4454784020660445
5634,2019-05-23 18:00:00,184.512252808,0.9940346564656345
5635,2019-05-23 19:00:00,185.215118408,0.11646829425413507
5636,2019-05-23 20:00:00,186.59387207,0.15909951872453643
5637,2019-05-23 21:00:00,186.774688721,0.8543027848002585
5638,2019-05-23 22:00:00,187.996917725,0.3377047833105761
5639,2019-05-23 23:00:00,187.955459595,0.6546444241819034
5640,2019-05-24 00:00:00,187.989135742,0.659238799432225
5641,2019-05-24 01:00:00,187.998321533,0.45092780291404044
5642,2019-05-24 02:00:00,188.00668335,0.11029643294570746
5643,2019-05-24 03:00:00,188.018280029,0.15946085094996287
5644,2019-05-24 04:00:00,188.028274536,0.492989635266016
5645,2019-05-24 05:00:00,188.041519165,0.46528574972502046
5646,2019-05-24 06:00:00,188.055648804,0.515103782833735
5647,2019-05-24 07:00:00,188.070907593,0.6340332940420624
5648,2019-05-24 08:00:00,188.088317871,0.3716068372278457
5649,2019-05-24 09:00:00,188.104263306,0.35505881558718966
5650,2019-05-24 10:00:00,188.120834351,0.04140678367154238
5651,2019-05-24 11:00:00,188.135574341,0.28759476958224006
5652,2019-05-24 12:00:00,188.15071106,0.10734431092211971
5653,2019-05-24 13:00:00,188.166442871,0.6810792374178539
5654,2019-05-24 14:00:00,188.184951782,0.6236863883702568
5655,2019-05-24 15:00:00,188.201553345,0.28387295681151303
5656,2019-05-24 16:00:00,188.216400146,0.44649969169853887
5657,2019-05-24 17:00:00,188.224517822,0.6966333945740909
5658,2019-05-24 18:00:00,188.220153809,0.5942193294281788
5659,2019-05-24 19:00:00,188.198425293,0.04249372335698598
5660,2019-05-24 20:00:00,188.162948608,0.2799453975132383
5661,2019-05-24 21:00:00,188.111175537,0.02340908901987715
5662,2019-05-24 22:00:00,188.061035156,0.12349373353482906
5663,2019-05-24 23:00:00,188.027069092,0.24840471485707905
5664,2019-05-25 00:00:00,188.02532959,0.70866730818737
5665,2019-05-25 01:00:00,188.037826538,0.23943455646554912
5666,2019-05-25 02:00:00,188.049316406,0.9402359379454107
5667,2019-05-25 03:00:00,188.060272217,0.6431431744420432
5668,2019-05-25 04:00:00,188.068161011,0.8983804110058762
5669,2019-05-25 05:00:00,188.07510376,0.7303471103602582
5670,2019-05-25 06:00:00,188.08442688,0.08087590489676144
5671,2019-05-25 07:00:00,188.093460083,0.03135833165786317
5672,2019-05-25 08:00:00,188.103103638,0.27409029014495767
5673,2019-05-25 09:00:00,188.112014771,0.31704378841401915
5674,2019-05-25 10:00:00,188.121963501,0.5741365653081679
5675,2019-05-25 11:00:00,188.130828857,0.9110633597547043
5676,2019-05-25 12:00:00,188.13949585,0.23390832704805198
5677,2019-05-25 13:00:00,188.150497437,0.2851623369602667
5678,2019-05-25 14:00:00,188.163528442,0.579371000729583
5679,2019-05-25 15:00:00,188.176803589,0.38565605883235143
5680,2019-05-25 16:00:00,188.186035156,0.1766155983062877
5681,2019-05-25 17:00:00,188.184921265,0.1794458944426498
5682,2019-05-25 18:00:00,188.158691406,0.6999062769212474
5683,2019-05-25 19:00:00,188.107818604,0.4305533291996717
5684,2019-05-25 20:00:00,188.042205811,0.840881911746676
5685,2019-05-25 21:00:00,187.956985474,0.7497515401774876
5686,2019-05-25 22:00:00,187.885147095,0.9604666447971221
5687,2019-05-25 23:00:00,187.843673706,0.41894605815643404
5688,2019-05-26 00:00:00,187.846481323,0.9326532054513919
5689,2019-05-26 01:00:00,187.860336304,0.5564995280490622
5690,2019-05-26 02:00:00,187.872131348,0.9340881714668773
5691,2019-05-26 03:00:00,187.88458252,0.9387523317121702
5692,2019-05-26 04:00:00,187.896408081,0.5882040799460817
5693,2019-05-26 05:00:00,187.908081055,0.5847531744120833
5694,2019-05-26 06:00:00,187.9193573,0.8857528758376478
5695,2019-05-26 07:00:00,187.928817749,0.9727011557446995
5696,2019-05-26 08:00:00,187.937072754,0.2660031108301041
5697,2019-05-26 09:00:00,187.946807861,0.6125232818654602
5698,2019-05-26 10:00:00,187.956130981,0.8323859034022112
5699,2019-05-26 11:00:00,187.965148926,0.23495798198204298
5700,2019-05-26 12:00:00,187.974197388,0.5916206457706491
5701,2019-05-26 13:00:00,187.987472534,0.0717972094946
5702,2019-05-26 14:00:00,188.002685547,0.27633310619440044
5703,2019-05-26 15:00:00,188.014556885,0.29915576042674974
5704,2019-05-26 16:00:00,188.021728516,0.5567853887834812
5705,2019-05-26 17:00:00,187.995803833,0.7236654319160433
5706,2019-05-26 18:00:00,187.936141968,0.9262802914723172
5707,2019-05-26 19:00:00,187.874084473,0.9151362855215199
5708,2019-05-26 20:00:00,187.705032349,0.5572268373612402
5709,2019-05-26 21:00:00,187.280975342,0.21534567622912826
5710,2019-05-26 22:00:00,186.70072937,0.41623447909566214
5711,2019-05-26 23:00:00,186.071136475,0.20782809257406276
5712,2019-05-27 00:00:00,185.631378174,0.6926567402419401
5713,2019-05-27 01:00:00,185.204620361,0.5327919574186187
5714,2019-05-27 02:00:00,184.845077515,0.7401628778825241
5715,2019-05-27 03:00:00,184.554992676,0.02205587322631375
5716,2019-05-27 04:00:00,184.3150177,0.2577449735256906
5717,2019-05-27 05:00:00,184.115112305,0.9881020742348567
5718,2019-05-27 06:00:00,183.94468689,0.35405712293844793
5719,2019-05-27 07:00:00,183.800506592,0.9065352145848843
5720,2019-05-27 08:00:00,183.679321289,0.2777173628442313
5721,2019-05-27 09:00:00,183.573974609,0.2799026690857631
5722,2019-05-27 10:00:00,183.484283447,0.4202574581572872
5723,2019-05-27 11:00:00,183.40675354,0.4622220658464701
5724,2019-05-27 12:00:00,183.335113525,0.8343672299519042
5725,2019-05-27 13:00:00,183.275009155,0.8656446564947716
5726,2019-05-27 14:00:00,183.221496582,0.5135643643550118
5727,2019-05-27 15:00:00,183.17149353,0.4356726322060607
5728,2019-05-27 16:00:00,183.124481201,0.9014313850158431
5729,2019-05-27 17:00:00,183.075592041,0.8603573350087476
5730,2019-05-27 18:00:00,183.005981445,0.709559212012924
5731,2019-05-27 19:00:00,182.924133301,0.7725627282520182
5732,2019-05-27 20:00:00,182.785949707,0.9503885097626881
5733,2019-05-27 21:00:00,182.524810791,0.7771214533720578
5734,2019-05-27 22:00:00,182.091629028,0.44922274273376916
5735,2019-05-27 23:00:00,181.578231812,0.6028929823770277
5736,2019-05-28 00:00:00,181.185073853,0.9487711059245193
5737,2019-05-28 01:00:00,180.878372192,0.027695563269699908
5738,2019-05-28 02:00:00,180.626708984,0.7112025750277502
5739,2019-05-28 03:00:00,180.420059204,0.05832643479117294
5740,2019-05-28 04:00:00,180.248931885,0.3689007828726082
5741,2019-05-28 05:00:00,180.104507446,0.4938115229131804
5742,2019-05-28 06:00:00,179.986206055,0.03653450876001785
5743,2019-05-28 07:00:00,179.889511108,0.24482609630822938
5744,2019-05-28 08:00:00,179.808120728,0.129589716597443
5745,2019-05-28 09:00:00,179.743469238,0.8134638054525095
5746,2019-05-28 10:00:00,179.689483643,0.02184035671495066
5747,2019-05-28 11:00:00,179.641815186,0.419868296847006
5748,2019-05-28 12:00:00,179.60144043,0.4916147810165956
5749,2019-05-28 13:00:00,179.569000244,0.6877718059137417
5750,2019-05-28 14:00:00,179.543609619,0.24385106930177314
5751,2019-05-28 15:00:00,179.514846802,0.4345789301251205
5752,2019-05-28 16:00:00,180.518875122,0.7831553998977058
5753,2019-05-28 17:00:00,180.73236084,0.8085106648546341
5754,2019-05-28 18:00:00,180.670059204,0.20559821485606122
5755,2019-05-28 19:00:00,180.600708008,0.15787500607467841
5756,2019-05-28 20:00:00,180.472961426,0.5899480392157809
5757,2019-05-28 21:00:00,180.137252808,0.3950181666933317
5758,2019-05-28 22:00:00,179.842163086,0.3453460423046557
5759,2019-05-28 23:00:00,179.61038208,0.3129264040923134
5760,2019-05-29 00:00:00,179.398178101,0.9332824964780436
5761,2019-05-29 01:00:00,179.346740723,0.11445815592353403
5762,2019-05-29 02:00:00,179.324874878,0.945339718072316
5763,2019-05-29 03:00:00,179.202392578,0.2911368389667177
5764,2019-05-29 04:00:00,179.104064941,0.0007516040258190859
5765,2019-05-29 05:00:00,179.018493652,0.4400353245295693
5766,2019-05-29 06:00:00,178.947189331,0.5129933264097547
5767,2019-05-29 07:00:00,178.887863159,0.4605031494574736
5768,2019-05-29 08:00:00,178.839248657,0.9126481286023853
5769,2019-05-29 09:00:00,178.795791626,0.12712746872212788
5770,2019-05-29 10:00:00,178.757583618,0.7556011222053922
5771,2019-05-29 11:00:00,178.72467041,0.3532054207331432
5772,2019-05-29 12:00:00,178.696609497,0.9391994229978502
5773,2019-05-29 13:00:00,178.672775269,0.5452782638466478
5774,2019-05-29 14:00:00,178.653259277,0.8797472703945104
5775,2019-05-29 15:00:00,178.636611938,0.3680474183529151
5776,2019-05-29 16:00:00,178.625167847,0.7126470941151956
5777,2019-05-29 17:00:00,178.611373901,0.5138477044959382
5778,2019-05-29 18:00:00,178.584838867,0.7931896860164936
5779,2019-05-29 19:00:00,178.967926025,0.5576467909131629
5780,2019-05-29 20:00:00,180.131454468,0.9764278250632265
5781,2019-05-29 21:00:00,180.10043335,0.20392261501094566
5782,2019-05-29 22:00:00,180.484939575,0.34758213515753245
5783,2019-05-29 23:00:00,180.45916748,0.6065564704089529
5784,2019-05-30 00:00:00,181.593170166,0.19651793124142947
5785,2019-05-30 01:00:00,181.60395813,0.8093061740433145
5786,2019-05-30 02:00:00,181.610961914,0.5121808771345348
5787,2019-05-30 03:00:00,181.616943359,0.41344702651606346
5788,2019-05-30 04:00:00,181.62310791,0.692856601881293
5789,2019-05-30 05:00:00,181.629257202,0.8960980112494075
5790,2019-05-30 06:00:00,181.637161255,0.7488645559069226
5791,2019-05-30 07:00:00,181.639083862,0.14812421978278012
5792,2019-05-30 08:00:00,181.639083862,0.3120222228174171
5793,2019-05-30 09:00:00,181.638061523,0.36774084588607714
5794,2019-05-30 10:00:00,181.63861084,0.20385479128850137
5795,2019-05-30 11:00:00,181.636459351,0.44043629927786865
5796,2019-05-30 12:00:00,181.632507324,0.08064080985864308
5797,2019-05-30 13:00:00,181.62902832,0.8979344181844287
5798,2019-05-30 14:00:00,181.626373291,0.7532683330158577
5799,2019-05-30 15:00:00,181.622833252,0.17104274731018687
5800,2019-05-30 16:00:00,181.617828369,0.14291005166470694
5801,2019-05-30 17:00:00,181.61340332,0.9503330597882281
5802,2019-05-30 18:00:00,181.594055176,0.8652343026981135
5803,2019-05-30 19:00:00,181.557678223,0.8647490425577495
5804,2019-05-30 20:00:00,181.506881714,0.09713183211207532
5805,2019-05-30 21:00:00,181.449829102,0.5993412546935982
5806,2019-05-30 22:00:00,181.679611206,0.23553409646823598
5807,2019-05-30 23:00:00,181.741897583,0.7650501810631848
5808,2019-05-31 00:00:00,181.815826416,0.4452911250224497
5809,2019-05-31 01:00:00,181.812683105,0.5452556255632783
5810,2019-05-31 02:00:00,181.811950684,0.45349253151970004
5811,2019-05-31 03:00:00,181.808486938,0.7150241726577878
5812,2019-05-31 04:00:00,181.998428345,0.11142007874043514
5813,2019-05-31 05:00:00,182.094711304,0.2029428976929082
5814,2019-05-31 06:00:00,182.089691162,0.768057643730406
5815,2019-05-31 07:00:00,182.185653687,0.040338854137964564
5816,2019-05-31 08:00:00,182.180511475,0.8902265010362119
5817,2019-05-31 09:00:00,182.175552368,0.9317061570375416
5818,2019-05-31 10:00:00,182.170974731,0.02133468485364931
5819,2019-05-31 11:00:00,182.166931152,0.38584936454767726
5820,2019-05-31 12:00:00,182.163223267,0.7841471770620497
5821,2019-05-31 13:00:00,182.159713745,0.10791202158397584
5822,2019-05-31 14:00:00,182.157592773,0.5546772018415494
5823,2019-05-31 15:00:00,182.156204224,0.8570168587539431
5824,2019-05-31 16:00:00,182.152572632,0.8413692028314954
5825,2019-05-31 17:00:00,182.146484375,0.07506211662178397
5826,2019-05-31 18:00:00,182.122665405,0.8359408908603562
5827,2019-05-31 19:00:00,182.07371521,0.20332539474212719
5828,2019-05-31 20:00:00,182.007446289,0.9420302677843265
5829,2019-05-31 21:00:00,181.786880493,0.6979907733084338
5830,2019-05-31 22:00:00,181.371551514,0.1488195123619358
5831,2019-05-31 23:00:00,180.938262939,0.5623552519960818
5832,2019-06-01 00:00:00,180.613220215,0.26763508349657017
5833,2019-06-01 01:00:00,180.353561401,0.6614879937241409
5834,2019-06-01 02:00:00,180.137374878,0.6967929466950602
5835,2019-06-01 03:00:00,179.959945679,0.05931343587966742
5836,2019-06-01 04:00:00,179.813415527,0.4114728613913754
5837,2019-06-01 05:00:00,179.693115234,0.3204928432300158
5838,2019-06-01 06:00:00,179.594528198,0.22390698699878875
5839,2019-06-01 07:00:00,179.517837524,0.2404623729756309
5840,2019-06-01 08:00:00,179.452728271,0.3494704525075759
5841,2019-06-01 09:00:00,179.390975952,0.7443671268268567
5842,2019-06-01 10:00:00,179.338363647,0.29902868852048237
5843,2019-06-01 11:00:00,179.293136597,0.9563253910863856
5844,2019-06-01 12:00:00,179.258605957,0.5887016116391007
5845,2019-06-01 13:00:00,179.22958374,0.5335167897531531
5846,2019-06-01 14:00:00,179.208023071,0.32506888673154977
5847,2019-06-01 15:00:00,179.195297241,0.5356276745991989
5848,2019-06-01 16:00:00,179.184249878,0.06079897996983863
5849,2019-06-01 17:00:00,179.162185669,0.508857881902136
5850,2019-06-01 18:00:00,179.11177063,0.737175708297189
5851,2019-06-01 19:00:00,178.928421021,0.9751752570942207
5852,2019-06-01 20:00:00,178.33430481,0.26024239026095286
5853,2019-06-01 21:00:00,177.67868042,0.9390537126943974
5854,2019-06-01 22:00:00,176.833404541,0.9199331205986211
5855,2019-06-01 23:00:00,175.920043945,0.194126667056975
5856,2019-06-02 00:00:00,175.177429199,0.1618120885684955
5857,2019-06-02 01:00:00,174.571929932,0.9038046046926722
5858,2019-06-02 02:00:00,174.075973511,0.7691760219655966
5859,2019-06-02 03:00:00,173.664627075,0.759404763930239
5860,2019-06-02 04:00:00,173.338165283,0.5462249582537888
5861,2019-06-02 05:00:00,173.069442749,0.27614889945893073
5862,2019-06-02 06:00:00,172.844863892,0.5159948593286657
5863,2019-06-02 07:00:00,172.657730103,0.8016715066103707
5864,2019-06-02 08:00:00,172.506576538,0.3877110055553644
5865,2019-06-02 09:00:00,172.38772583,0.6276591915779952
5866,2019-06-02 10:00:00,172.296875,0.40623678512848094
5867,2019-06-02 11:00:00,172.215988159,0.5449219729926207
5868,2019-06-02 12:00:00,172.154449463,0.7031150130685553
5869,2019-06-02 13:00:00,172.102981567,0.3325703719246017
5870,2019-06-02 14:00:00,172.066314697,0.7090231401111814
5871,2019-06-02 15:00:00,172.032455444,0.7799557397487203
5872,2019-06-02 16:00:00,172.013244629,0.894335277607083
5873,2019-06-02 17:00:00,171.985412598,0.4606973169435534
5874,2019-06-02 18:00:00,171.939239502,0.2690177286920902
5875,2019-06-02 19:00:00,171.841400146,0.7508355280176536
5876,2019-06-02 20:00:00,171.423553467,0.6843214213187098
5877,2019-06-02 21:00:00,170.759460449,0.13042332122750855
5878,2019-06-02 22:00:00,169.879257202,0.4642673112085334
5879,2019-06-02 23:00:00,168.955810547,0.3266614955432551
5880,2019-06-03 00:00:00,168.181518555,0.41467314530115473
5881,2019-06-03 01:00:00,167.538619995,0.272073656239598
5882,2019-06-03 02:00:00,167.011367798,0.6928844750635198
5883,2019-06-03 03:00:00,166.583892822,0.3679629454943101
5884,2019-06-03 04:00:00,166.234207153,0.6797490027727318
5885,2019-06-03 05:00:00,165.942810059,0.7114799140261483
5886,2019-06-03 06:00:00,165.703704834,0.301953478619876
5887,2019-06-03 07:00:00,165.51461792,0.3693311945487354
5888,2019-06-03 08:00:00,165.360137939,0.7022126349360338
5889,2019-06-03 09:00:00,165.23197937,0.5649933315416619
5890,2019-06-03 10:00:00,165.126464844,0.8519734840733837
5891,2019-06-03 11:00:00,165.040618896,0.7751407749327478
5892,2019-06-03 12:00:00,164.967529297,0.7877608273209974
5893,2019-06-03 13:00:00,164.908050537,0.7034072325887893
5894,2019-06-03 14:00:00,164.862243652,0.7351209678463404
5895,2019-06-03 15:00:00,164.834854126,0.9852407854533696
5896,2019-06-03 16:00:00,164.809356689,0.7940415292865552
5897,2019-06-03 17:00:00,164.773071289,0.15976000710372895
5898,2019-06-03 18:00:00,164.681121826,0.7306903249633782
5899,2019-06-03 19:00:00,164.359710693,0.16838465883994702
5900,2019-06-03 20:00:00,163.710922241,0.633183644305273
5901,2019-06-03 21:00:00,163.093505859,0.8229669705655742
5902,2019-06-03 22:00:00,162.424728394,0.3454349898152693
5903,2019-06-03 23:00:00,161.655151367,0.10941841710655509
5904,2019-06-04 00:00:00,161.026519775,0.29697833158811027
5905,2019-06-04 01:00:00,160.515670776,0.6834986034619002
5906,2019-06-04 02:00:00,160.098114014,0.09472427544975681
5907,2019-06-04 03:00:00,159.757675171,0.8326572900035243
5908,2019-06-04 04:00:00,159.470703125,0.6362974659353997
5909,2019-06-04 05:00:00,159.238555908,0.36630027881750615
5910,2019-06-04 06:00:00,159.047790527,0.8306455145057866
5911,2019-06-04 07:00:00,158.893661499,0.93995006265596
5912,2019-06-04 08:00:00,158.768249512,0.26624051663576886
5913,2019-06-04 09:00:00,158.66633606,0.17113587058654123
5914,2019-06-04 10:00:00,158.580795288,0.4867815003794157
5915,2019-06-04 11:00:00,158.512908936,0.7736397490530134
5916,2019-06-04 12:00:00,158.458251953,0.8557294437079572
5917,2019-06-04 13:00:00,158.414703369,0.1375692573999332
5918,2019-06-04 14:00:00,158.379898071,0.6830054774388327
5919,2019-06-04 15:00:00,158.352508545,0.9332228510630041
5920,2019-06-04 16:00:00,158.329055786,0.41667394988900197
5921,2019-06-04 17:00:00,158.30960083,0.37685791305275396
5922,2019-06-04 18:00:00,158.270278931,0.4126926125151963
5923,2019-06-04 19:00:00,158.234237671,0.8275087156599185
5924,2019-06-04 20:00:00,158.08631897,0.5115837316396917
5925,2019-06-04 21:00:00,157.628448486,0.21444558027928173
5926,2019-06-04 22:00:00,156.994873047,0.45816334406258064
5927,2019-06-04 23:00:00,156.303787231,0.38010156465381506
5928,2019-06-05 00:00:00,155.732452393,0.5264251357269555
5929,2019-06-05 01:00:00,155.277633667,0.8235535453910239
5930,2019-06-05 02:00:00,154.903762817,0.45880893006455725
5931,2019-06-05 03:00:00,154.602325439,0.4179720404408982
5932,2019-06-05 04:00:00,154.356521606,0.8619325502768981
5933,2019-06-05 05:00:00,154.149765015,0.2939466958628998
5934,2019-06-05 06:00:00,153.978744507,0.04855290499249332
5935,2019-06-05 07:00:00,153.836929321,0.031432333613726215
5936,2019-06-05 08:00:00,153.721191406,0.643820677779845
5937,2019-06-05 09:00:00,153.626922607,0.392374386341098
5938,2019-06-05 10:00:00,153.551422119,0.17396169456125088
5939,2019-06-05 11:00:00,153.495071411,0.37449792115677427
5940,2019-06-05 12:00:00,153.445846558,0.6344237095316332
5941,2019-06-05 13:00:00,153.405288696,0.33875299933375735
5942,2019-06-05 14:00:00,153.372558594,0.19788511013145282
5943,2019-06-05 15:00:00,153.345367432,0.9142435005675015
5944,2019-06-05 16:00:00,153.321716309,0.3298709851201722
5945,2019-06-05 17:00:00,153.296768188,0.33659167338209006
5946,2019-06-05 18:00:00,153.248626709,0.9538700972383314
5947,2019-06-05 19:00:00,153.188140869,0.8467505869908072
5948,2019-06-05 20:00:00,152.96572876,0.5572195988844689
5949,2019-06-05 21:00:00,152.387756348,0.71705253948721
5950,2019-06-05 22:00:00,151.576065063,0.5787241699417619
5951,2019-06-05 23:00:00,150.843902588,0.11978173189705466
5952,2019-06-06 00:00:00,150.662063599,0.6255263642834406
5953,2019-06-06 01:00:00,151.382858276,0.22478524743828765
5954,2019-06-06 02:00:00,150.679397583,0.4821515159095072
5955,2019-06-06 03:00:00,150.100799561,0.6692262511610838
5956,2019-06-06 04:00:00,149.625015259,0.026887600257499034
5957,2019-06-06 05:00:00,149.233322144,0.6375260217485642
5958,2019-06-06 06:00:00,148.912689209,0.4041988523441846
5959,2019-06-06 07:00:00,148.653411865,0.8767569534224114
5960,2019-06-06 08:00:00,148.446533203,0.3879695433443262
5961,2019-06-06 09:00:00,148.281738281,0.10583939013937338
5962,2019-06-06 10:00:00,148.147125244,0.4263755235952216
5963,2019-06-06 11:00:00,148.043716431,0.693791300304184
5964,2019-06-06 12:00:00,147.959274292,0.4617078462229425
5965,2019-06-06 13:00:00,147.892410278,0.46131639903048394
5966,2019-06-06 14:00:00,147.842941284,0.14437481607257197
5967,2019-06-06 15:00:00,147.799240112,0.21470983329446847
5968,2019-06-06 16:00:00,147.759674072,0.2462329787735188
5969,2019-06-06 17:00:00,147.715911865,0.06818227287615442
5970,2019-06-06 18:00:00,147.665985107,0.582452355090849
5971,2019-06-06 19:00:00,147.62461853,0.0022595332759961506
5972,2019-06-06 20:00:00,147.406555176,0.5927793283117975
5973,2019-06-06 21:00:00,146.924911499,0.658887598990758
5974,2019-06-06 22:00:00,146.275375366,0.15823572656461038
5975,2019-06-06 23:00:00,145.71736145,0.2852839626305016
5976,2019-06-07 00:00:00,145.583969116,0.4618046414535202
5977,2019-06-07 01:00:00,145.087738037,0.568033705067033
5978,2019-06-07 02:00:00,144.67855835,0.07508591660766528
5979,2019-06-07 03:00:00,144.33996582,0.06187734520272903
5980,2019-06-07 04:00:00,144.059906006,0.7364821396352482
5981,2019-06-07 05:00:00,143.833435059,0.34957029762963865
5982,2019-06-07 06:00:00,143.646362305,0.20285526760831418
5983,2019-06-07 07:00:00,143.490692139,0.3245196507292184
5984,2019-06-07 08:00:00,143.363525391,0.9382913146134648
5985,2019-06-07 09:00:00,143.258529663,0.6196649782300375
5986,2019-06-07 10:00:00,143.172592163,0.5619843863401
5987,2019-06-07 11:00:00,143.106781006,0.08050768336884384
5988,2019-06-07 12:00:00,143.056655884,0.40596847013966464
5989,2019-06-07 13:00:00,143.017791748,0.47565197284450556
5990,2019-06-07 14:00:00,142.984115601,0.38648567930952227
5991,2019-06-07 15:00:00,142.957138062,0.5564253889801888
5992,2019-06-07 16:00:00,142.941070557,0.12007143435478129
5993,2019-06-07 17:00:00,142.916625977,0.34164454605301087
5994,2019-06-07 18:00:00,142.864685059,0.2855592665502341
5995,2019-06-07 19:00:00,142.687820435,0.2612689504787874
5996,2019-06-07 20:00:00,142.19581604,0.8115104074502048
5997,2019-06-07 21:00:00,141.425079346,0.5593583760329511
5998,2019-06-07 22:00:00,140.228256226,0.02876688642895764
5999,2019-06-07 23:00:00,139.204177856,0.26767181089242165
6000,2019-06-08 00:00:00,138.328491211,0.724503925262148
6001,2019-06-08 01:00:00,137.623703003,0.6434138003594303
6002,2019-06-08 02:00:00,137.048309326,0.09522361942511226
6003,2019-06-08 03:00:00,136.571029663,0.23404136256917352
6004,2019-06-08 04:00:00,136.176940918,0.7965411973891886
6005,2019-06-08 05:00:00,135.852249146,0.4854864092341892
6006,2019-06-08 06:00:00,135.589309692,0.8316489609054175
6007,2019-06-08 07:00:00,135.3777771,0.1297603745164736
6008,2019-06-08 08:00:00,135.207382202,0.0728214163410138
6009,2019-06-08 09:00:00,135.068588257,0.4808836061592435
6010,2019-06-08 10:00:00,134.95501709,0.7499474211515037
6011,2019-06-08 11:00:00,134.867462158,0.699990573138537
6012,2019-06-08 12:00:00,134.797668457,0.6936248400112093
6013,2019-06-08 13:00:00,134.741668701,0.735494469324177
6014,2019-06-08 14:00:00,134.698348999,0.9775022441695116
6015,2019-06-08 15:00:00,134.659973145,0.9018791658071901
6016,2019-06-08 16:00:00,134.628753662,0.17906710350307187
6017,2019-06-08 17:00:00,134.595153809,0.30875879720473887
6018,2019-06-08 18:00:00,134.540786743,0.06974543745931738
6019,2019-06-08 19:00:00,134.480545044,0.6874407373262698
6020,2019-06-08 20:00:00,134.289474487,0.24285965456759284
6021,2019-06-08 21:00:00,133.862228394,0.5616294904149411
6022,2019-06-08 22:00:00,133.253051758,0.3715397564373757
6023,2019-06-08 23:00:00,132.636947632,0.9800034348181372
6024,2019-06-09 00:00:00,132.140335083,0.47614208479960285
6025,2019-06-09 01:00:00,131.740020752,0.47998646600974015
6026,2019-06-09 02:00:00,131.417221069,0.3585238761734697
6027,2019-06-09 03:00:00,131.158737183,0.4734900005387188
6028,2019-06-09 04:00:00,130.945999146,0.48165436696611086
6029,2019-06-09 05:00:00,130.768966675,0.7992854166589641
6030,2019-06-09 06:00:00,130.625091553,0.5046502467014622
6031,2019-06-09 07:00:00,130.508483887,0.6399825098471907
6032,2019-06-09 08:00:00,130.417373657,0.9927025173487514
6033,2019-06-09 09:00:00,130.346801758,0.6044446519729356
6034,2019-06-09 10:00:00,130.290969849,0.8489422622270852
6035,2019-06-09 11:00:00,130.249465942,0.37745912016311056
6036,2019-06-09 12:00:00,130.21295166,0.2921758475404046
6037,2019-06-09 13:00:00,130.184921265,0.5191922890022207
6038,2019-06-09 14:00:00,130.162704468,0.5350051841858096
6039,2019-06-09 15:00:00,130.142364502,0.878786342212703
6040,2019-06-09 16:00:00,130.122756958,0.580154520962222
6041,2019-06-09 17:00:00,130.091278076,0.6593981771794049
6042,2019-06-09 18:00:00,130.042373657,0.7909742906264344
6043,2019-06-09 19:00:00,129.976409912,0.005134995518194074
6044,2019-06-09 20:00:00,129.879974365,0.9894331950070854
6045,2019-06-09 21:00:00,129.535903931,0.057671897488759005
6046,2019-06-09 22:00:00,129.100021362,0.5714983938291599
6047,2019-06-09 23:00:00,128.660522461,0.38721249207151753
6048,2019-06-10 00:00:00,128.332794189,0.6970624458536883
6049,2019-06-10 01:00:00,128.069458008,0.662019103318563
6050,2019-06-10 02:00:00,127.857292175,0.15232835160593083
6051,2019-06-10 03:00:00,127.682632446,0.9094207625604965
6052,2019-06-10 04:00:00,127.538330078,0.9389201716954495
6053,2019-06-10 05:00:00,127.423858643,0.06124714565648637
6054,2019-06-10 06:00:00,127.330833435,0.09213755046796368
6055,2019-06-10 07:00:00,127.255317688,0.7686314613423461
6056,2019-06-10 08:00:00,127.198402405,0.051268892301677305
6057,2019-06-10 09:00:00,127.155158997,0.9241003253741145
6058,2019-06-10 10:00:00,127.126029968,0.3579675735743858
6059,2019-06-10 11:00:00,127.109725952,0.5876943003689662
6060,2019-06-10 12:00:00,127.094604492,0.02119041529438992
6061,2019-06-10 13:00:00,127.086135864,0.17674815054364446
6062,2019-06-10 14:00:00,127.08392334,0.2832866216808543
6063,2019-06-10 15:00:00,127.085723877,0.9649792176980713
6064,2019-06-10 16:00:00,127.088516235,0.8127010608904868
6065,2019-06-10 17:00:00,127.080467224,0.012125460963799295
6066,2019-06-10 18:00:00,127.038063049,0.48793337491146005
6067,2019-06-10 19:00:00,126.841262817,0.7244565067194138
6068,2019-06-10 20:00:00,126.30153656,0.35916806346122754
6069,2019-06-10 21:00:00,125.607627869,0.6729425370940577
6070,2019-06-10 22:00:00,124.799049377,0.4141480767176907
6071,2019-06-10 23:00:00,123.980224609,0.03161051105747115
6072,2019-06-11 00:00:00,123.321708679,0.14860831001858477
6073,2019-06-11 01:00:00,122.791954041,0.7245737539029835
6074,2019-06-11 02:00:00,122.359397888,0.6780428009047942
6075,2019-06-11 03:00:00,122.003585815,0.7279410639473298
6076,2019-06-11 04:00:00,121.708587646,0.4260438006445083
6077,2019-06-11 05:00:00,121.465797424,0.7041922971730158
6078,2019-06-11 06:00:00,121.267875671,0.2145925357397952
6079,2019-06-11 07:00:00,121.110595703,0.32566615857920145
6080,2019-06-11 08:00:00,120.978759766,0.7639578572094494
6081,2019-06-11 09:00:00,120.873153687,0.9542914194876136
6082,2019-06-11 10:00:00,120.787025452,0.6527401787365958
6083,2019-06-11 11:00:00,120.715332031,0.8688865913444025
6084,2019-06-11 12:00:00,120.65750885,0.10771436727201866
6085,2019-06-11 13:00:00,120.612106323,0.21790259610845164
6086,2019-06-11 14:00:00,120.577537537,0.9442388397545488
6087,2019-06-11 15:00:00,120.551651001,0.45766002029339603
6088,2019-06-11 16:00:00,120.531600952,0.3827067252183084
6089,2019-06-11 17:00:00,120.511978149,0.9807536989318534
6090,2019-06-11 18:00:00,120.471786499,0.33295740596461676
6091,2019-06-11 19:00:00,120.410362244,0.6283476658564482
6092,2019-06-11 20:00:00,120.318313599,0.9792003397794888
6093,2019-06-11 21:00:00,119.895111084,0.07503705767901392
6094,2019-06-11 22:00:00,119.223907471,0.5301511092560766
6095,2019-06-11 23:00:00,118.538803101,0.7607175710551609
6096,2019-06-12 00:00:00,117.994316101,0.4820877315083455
6097,2019-06-12 01:00:00,117.557609558,0.7890957011433467
6098,2019-06-12 02:00:00,117.207672119,0.8216562831510494
6099,2019-06-12 03:00:00,116.92539978,0.6378412125717782
6100,2019-06-12 04:00:00,116.693237305,0.9332362385969674
6101,2019-06-12 05:00:00,116.505455017,0.857556901884001
6102,2019-06-12 06:00:00,116.352287292,0.49311058750610215
6103,2019-06-12 07:00:00,116.224487305,0.3563010758981279
6104,2019-06-12 08:00:00,116.12310791,0.6396075371075034
6105,2019-06-12 09:00:00,116.043327332,0.7106868901727242
6106,2019-06-12 10:00:00,115.98021698,0.24556277514714864
6107,2019-06-12 11:00:00,115.931053162,0.3832359933294033
6108,2019-06-12 12:00:00,115.891906738,0.2560740352472627
6109,2019-06-12 13:00:00,115.864776611,0.8305344727027335
6110,2019-06-12 14:00:00,115.84765625,0.7962684252962505
6111,2019-06-12 15:00:00,115.827896118,0.683856953040735
6112,2019-06-12 16:00:00,115.815330505,0.594465424257221
6113,2019-06-12 17:00:00,115.799545288,0.11785024142792366
6114,2019-06-12 18:00:00,115.754295349,0.6640608710607505
6115,2019-06-12 19:00:00,115.603981018,0.521850444400323
6116,2019-06-12 20:00:00,115.197517395,0.7794795124901448
6117,2019-06-12 21:00:00,114.379013062,0.4422988987639014
6118,2019-06-12 22:00:00,113.596534729,0.118139045066325
6119,2019-06-12 23:00:00,112.834190369,0.9413009091629232
6120,2019-06-13 00:00:00,112.194068909,0.3054542146993203
6121,2019-06-13 01:00:00,111.682014465,0.08340141409986157
6122,2019-06-13 02:00:00,111.263435364,0.8258215702360806
6123,2019-06-13 03:00:00,110.919151306,0.6253446359514724
6124,2019-06-13 04:00:00,110.635734558,0.1838459447332399
6125,2019-06-13 05:00:00,110.402549744,0.7272371333367943
6126,2019-06-13 06:00:00,110.212020874,0.8132970093167811
6127,2019-06-13 07:00:00,110.057113647,0.8255952940040077
6128,2019-06-13 08:00:00,109.93081665,0.6945204599571074
6129,2019-06-13 09:00:00,109.829605103,0.22537410101677158
6130,2019-06-13 10:00:00,109.745552063,0.4459119197578659
6131,2019-06-13 11:00:00,109.675117493,0.47606926603497335
6132,2019-06-13 12:00:00,109.618247986,0.19462344845150292
6133,2019-06-13 13:00:00,109.576789856,0.15035034736098374
6134,2019-06-13 14:00:00,109.548629761,0.2864387005674367
6135,2019-06-13 15:00:00,109.522544861,0.47295418133129863
6136,2019-06-13 16:00:00,109.502151489,0.6789631782750853
6137,2019-06-13 17:00:00,109.481658936,0.9804729799501758
6138,2019-06-13 18:00:00,109.437301636,0.2672793235393196
6139,2019-06-13 19:00:00,109.381195068,0.9454028704633627
6140,2019-06-13 20:00:00,109.196212769,0.6571840123969089
6141,2019-06-13 21:00:00,108.778610229,0.5388394800511274
6142,2019-06-13 22:00:00,108.159187317,0.8936408562180637
6143,2019-06-13 23:00:00,107.386680603,0.22152312276501385
6144,2019-06-14 00:00:00,106.736183167,0.1946857696325821
6145,2019-06-14 01:00:00,106.202552795,0.8469309049644449
6146,2019-06-14 02:00:00,105.783584595,0.9042234559637962
6147,2019-06-14 03:00:00,105.438201904,0.7765261493538876
6148,2019-06-14 04:00:00,105.155944824,0.18280640263713321
6149,2019-06-14 05:00:00,104.924484253,0.8460585134001449
6150,2019-06-14 06:00:00,104.737602234,0.21264916245300947
6151,2019-06-14 07:00:00,104.582794189,0.1581658885456656
6152,2019-06-14 08:00:00,104.4556427,0.4533207794055636
6153,2019-06-14 09:00:00,104.353881836,0.58637132857041
6154,2019-06-14 10:00:00,104.276443481,0.11218148223227375
6155,2019-06-14 11:00:00,104.210044861,0.5538728241678267
6156,2019-06-14 12:00:00,104.158348083,0.2270878796241459
6157,2019-06-14 13:00:00,104.116424561,0.8724208016997944
6158,2019-06-14 14:00:00,104.084564209,0.17208929516262295
6159,2019-06-14 15:00:00,104.063179016,0.2345630666653753
6160,2019-06-14 16:00:00,104.045890808,0.49179366606277886
6161,2019-06-14 17:00:00,104.014450073,0.7225044184524713
6162,2019-06-14 18:00:00,103.949195862,0.4681858818327289
6163,2019-06-14 19:00:00,103.752731323,0.8199446351543852
6164,2019-06-14 20:00:00,103.310066223,0.5341139864956583
6165,2019-06-14 21:00:00,102.45173645,0.03652096950069872
6166,2019-06-14 22:00:00,101.714988708,0.3179595408401582
6167,2019-06-14 23:00:00,100.930953979,0.34538117289855597
6168,2019-06-15 00:00:00,100.296936035,0.5447705146576772
6169,2019-06-15 01:00:00,99.785522461,0.48432181535624796
6170,2019-06-15 02:00:00,99.37437439,0.2034084214828349
6171,2019-06-15 03:00:00,99.03842926,0.9184890593435932
6172,2019-06-15 04:00:00,98.763832092,0.7168743330116566
6173,2019-06-15 05:00:00,98.537834167,0.43506338632748565
6174,2019-06-15 06:00:00,98.356620789,0.8214631134883602
6175,2019-06-15 07:00:00,98.21105957,0.17305167120654963
6176,2019-06-15 08:00:00,98.095993042,0.8315597252136027
6177,2019-06-15 09:00:00,98.000511169,0.3422636969572743
6178,2019-06-15 10:00:00,97.925086975,0.15674305633216035
6179,2019-06-15 11:00:00,97.868560791,0.5818565486682188
6180,2019-06-15 12:00:00,97.822181702,0.6617693289181253
6181,2019-06-15 13:00:00,97.783226013,0.40332376330746367
6182,2019-06-15 14:00:00,97.756111145,0.38382687647417413
6183,2019-06-15 15:00:00,97.736076355,0.6142277333181794
6184,2019-06-15 16:00:00,97.725357056,0.24677737118199594
6185,2019-06-15 17:00:00,97.707115173,0.10758190075577001
6186,2019-06-15 18:00:00,97.668502808,0.7442477883881397
6187,2019-06-15 19:00:00,97.609863281,0.7929837831565495
6188,2019-06-15 20:00:00,97.78768158,0.16989166355552343
6189,2019-06-15 21:00:00,97.747962952,0.6154685177734486
6190,2019-06-15 22:00:00,96.960525513,0.1465344126975302
6191,2019-06-15 23:00:00,96.135192871,0.5596330069000052
6192,2019-06-16 00:00:00,95.497131348,0.3424019639119479
6193,2019-06-16 01:00:00,94.983085632,0.3217810075137927
6194,2019-06-16 02:00:00,94.566009521,0.8878809270872859
6195,2019-06-16 03:00:00,94.22530365,0.37307375714658675
6196,2019-06-16 04:00:00,93.945167542,0.365159815169915
6197,2019-06-16 05:00:00,93.717796326,0.9091769493811475
6198,2019-06-16 06:00:00,93.534217834,0.23374733280509696
6199,2019-06-16 07:00:00,93.384613037,0.0683143476340925
6200,2019-06-16 08:00:00,93.262054443,0.773073966118076
6201,2019-06-16 09:00:00,93.159988403,0.9885261549118086
6202,2019-06-16 10:00:00,93.07762146,0.6835739259907812
6203,2019-06-16 11:00:00,93.015533447,0.5557182948663749
6204,2019-06-16 12:00:00,92.967102051,0.12795234422257618
6205,2019-06-16 13:00:00,92.930397034,0.0010046863935251338
6206,2019-06-16 14:00:00,92.898376465,0.2351029708663832
6207,2019-06-16 15:00:00,92.872535706,0.6289629449509995
6208,2019-06-16 16:00:00,92.854148865,0.6841895004137547
6209,2019-06-16 17:00:00,92.825782776,0.9996741571370906
6210,2019-06-16 18:00:00,92.771850586,0.8775348034849976
6211,2019-06-16 19:00:00,92.605728149,0.4018004486095197
6212,2019-06-16 20:00:00,92.214035034,0.42034603197335696
6213,2019-06-16 21:00:00,91.421981812,0.5725705315651382
6214,2019-06-16 22:00:00,90.75818634,0.007939249907400026
6215,2019-06-16 23:00:00,90.05002594,0.9448322438660214
6216,2019-06-17 00:00:00,89.293151855,0.4388219362355692
6217,2019-06-17 01:00:00,88.783760071,0.05462426902180695
6218,2019-06-17 02:00:00,88.526298523,0.7334207381846659
6219,2019-06-17 03:00:00,88.079490662,0.9446097779315453
6220,2019-06-17 04:00:00,87.709609985,0.03707528493187828
6221,2019-06-17 05:00:00,87.40612793,0.3558415143140189
6222,2019-06-17 06:00:00,87.158081055,0.24715960793991254
6223,2019-06-17 07:00:00,86.954986572,0.7283294030193846
6224,2019-06-17 08:00:00,86.789100647,0.05291423669193984
6225,2019-06-17 09:00:00,86.656234741,0.40145883885470757
6226,2019-06-17 10:00:00,86.548362732,0.2812328278106194
6227,2019-06-17 11:00:00,86.461463928,0.2709645079878742
6228,2019-06-17 12:00:00,86.395637512,0.7915390274285289
6229,2019-06-17 13:00:00,86.340736389,0.1080112704689592
6230,2019-06-17 14:00:00,86.299163818,0.9398917681538265
6231,2019-06-17 15:00:00,86.268295288,0.9222451752423277
6232,2019-06-17 16:00:00,86.242347717,0.2861481004034674
6233,2019-06-17 17:00:00,86.213493347,0.9668247542762941
6234,2019-06-17 18:00:00,86.17124939,0.11324814005535344
6235,2019-06-17 19:00:00,86.435943604,0.9008726119650977
6236,2019-06-17 20:00:00,85.890632629,0.029848571971515914
6237,2019-06-17 21:00:00,85.283462524,0.16939387623977342
6238,2019-06-17 22:00:00,84.221084595,0.1527033487533389
6239,2019-06-17 23:00:00,83.094810486,0.3975763698696597
6240,2019-06-18 00:00:00,82.214736938,0.3046213195110169
6241,2019-06-18 01:00:00,81.694343567,0.855851082858849
6242,2019-06-18 02:00:00,81.08493042,0.49427953363994404
6243,2019-06-18 03:00:00,80.590919495,0.01664030435860797
6244,2019-06-18 04:00:00,80.184028625,0.40439199051022034
6245,2019-06-18 05:00:00,79.847984314,0.9860736892487396
6246,2019-06-18 06:00:00,79.578544617,0.30963738342710645
6247,2019-06-18 07:00:00,79.353645325,0.8401211531329185
6248,2019-06-18 08:00:00,79.169685364,0.03492514015387305
6249,2019-06-18 09:00:00,79.020317078,0.10617963832448296
6250,2019-06-18 10:00:00,78.902534485,0.7065612443598878
6251,2019-06-18 11:00:00,78.808258057,0.5488836107395987
6252,2019-06-18 12:00:00,78.732086182,0.8585311905938074
6253,2019-06-18 13:00:00,78.673042297,0.18574440307942874
6254,2019-06-18 14:00:00,78.633079529,0.15582621559717746
6255,2019-06-18 15:00:00,78.605415344,0.6844496855933194
6256,2019-06-18 16:00:00,78.578308105,0.34780445461105314
6257,2019-06-18 17:00:00,78.536201477,0.07426669191065904
6258,2019-06-18 18:00:00,78.457954407,0.9914366225717336
6259,2019-06-18 19:00:00,78.622154236,0.8918418477362855
6260,2019-06-18 20:00:00,78.071426392,0.13679121747599454
6261,2019-06-18 21:00:00,77.119911194,0.7070499682820995
6262,2019-06-18 22:00:00,76.566215515,0.6051358739351358
6263,2019-06-18 23:00:00,75.36340332,0.06740522824324824
6264,2019-06-19 00:00:00,74.403739929,0.06880548473107961
6265,2019-06-19 01:00:00,73.622589111,0.44728765583807695
6266,2019-06-19 02:00:00,73.029663086,0.6324186321682193
6267,2019-06-19 03:00:00,72.607620239,0.8880526843694514
6268,2019-06-19 04:00:00,72.18006134,0.23571923321134303
6269,2019-06-19 05:00:00,71.828483582,0.1127397291599832
6270,2019-06-19 06:00:00,71.545921326,0.1974351136741802
6271,2019-06-19 07:00:00,71.316345215,0.5120896821686125
6272,2019-06-19 08:00:00,71.128814697,0.21606450749513206
6273,2019-06-19 09:00:00,70.978340149,0.3365548994587505
6274,2019-06-19 10:00:00,70.856407166,0.20801813819709825
6275,2019-06-19 11:00:00,70.760124207,0.5814447408698176
6276,2019-06-19 12:00:00,70.6820755,0.3560200301518399
6277,2019-06-19 13:00:00,70.625137329,0.9072479266973895
6278,2019-06-19 14:00:00,70.585456848,0.529559210550339
6279,2019-06-19 15:00:00,70.543998718,0.23432705222165318
6280,2019-06-19 16:00:00,70.50982666,0.9901957045789401
6281,2019-06-19 17:00:00,70.47644043,0.969247814404222
6282,2019-06-19 18:00:00,70.423416138,0.9875753843259015
6283,2019-06-19 19:00:00,70.273757935,0.8824759692056372
6284,2019-06-19 20:00:00,69.797691345,0.5889069574805186
6285,2019-06-19 21:00:00,68.939826965,0.9060209360243107
6286,2019-06-19 22:00:00,68.004005432,0.569418994506186
6287,2019-06-19 23:00:00,67.082015991,0.6371478610109623
6288,2019-06-20 00:00:00,66.272590637,0.2336004877615082
6289,2019-06-20 01:00:00,65.552307129,0.2855059132941008
6290,2019-06-20 02:00:00,64.932342529,0.7382840906394921
6291,2019-06-20 03:00:00,64.442802429,0.6135170991718153
6292,2019-06-20 04:00:00,64.04119873,0.830159103069846
6293,2019-06-20 05:00:00,63.712574005,0.7186747917818989
6294,2019-06-20 06:00:00,63.443656921,0.7751102683414702
6295,2019-06-20 07:00:00,63.224433899,0.6108076537106742
6296,2019-06-20 08:00:00,63.044151306,0.571141879112341
6297,2019-06-20 09:00:00,62.896144867,0.8875327819825112
6298,2019-06-20 10:00:00,62.776134491,0.7625212043690086
6299,2019-06-20 11:00:00,62.682117462,0.9448146463260623
6300,2019-06-20 12:00:00,62.59828949,0.3335204218052168
6301,2019-06-20 13:00:00,62.538993835,0.4024718094643719
6302,2019-06-20 14:00:00,62.494091034,0.2985104282728326
6303,2019-06-20 15:00:00,62.452842712,0.8827436945850434
6304,2019-06-20 16:00:00,62.411727905,0.09632180837959958
6305,2019-06-20 17:00:00,62.362686157,0.8777347116530145
6306,2019-06-20 18:00:00,62.286018372,0.1097668093258618
6307,2019-06-20 19:00:00,61.919376373,0.2148413311069286
6308,2019-06-20 20:00:00,61.23355484,0.3436721795989529
6309,2019-06-20 21:00:00,60.199604034,0.7875047649280487
6310,2019-06-20 22:00:00,59.07717514,0.21785606911216804
6311,2019-06-20 23:00:00,57.831260681,0.019824472009941974
6312,2019-06-21 00:00:00,56.830219269,0.9994224828202765
6313,2019-06-21 01:00:00,55.97927475,0.3616610803637643
6314,2019-06-21 02:00:00,55.290042877,0.5793805936484783
6315,2019-06-21 03:00:00,54.733898163,0.9097679609186508
6316,2019-06-21 04:00:00,54.273574829,0.6141700289044051
6317,2019-06-21 05:00:00,53.879581451,0.11520407265553811
6318,2019-06-21 06:00:00,53.555339813,0.5157443750153313
6319,2019-06-21 07:00:00,53.2876091,0.45442315869872585
6320,2019-06-21 08:00:00,53.056846619,0.803399126706023
6321,2019-06-21 09:00:00,52.860054016,0.752798587699962
6322,2019-06-21 10:00:00,52.699226379,0.5679608503750698
6323,2019-06-21 11:00:00,52.577018738,0.3487986278275902
6324,2019-06-21 12:00:00,52.48507309,0.4815149314556576
6325,2019-06-21 13:00:00,52.41381073,0.34918632710797126
6326,2019-06-21 14:00:00,52.352466583,0.2661395445785343
6327,2019-06-21 15:00:00,52.299209595,0.7837231946537891
6328,2019-06-21 16:00:00,52.249938965,0.800289404547801
6329,2019-06-21 17:00:00,52.194698334,0.17780737940835212
6330,2019-06-21 18:00:00,51.976470947,0.8139374681884628
6331,2019-06-21 19:00:00,51.468669891,0.48891350769895214
6332,2019-06-21 20:00:00,50.645404816,0.8874542238398401
6333,2019-06-21 21:00:00,48.920818329,0.12726821736247362
6334,2019-06-21 22:00:00,46.383132935,0.7086940723211238
6335,2019-06-21 23:00:00,41.919059753,0.33529614773738137
6336,2019-06-22 00:00:00,37.439208984,0.491239546254849
6337,2019-06-22 01:00:00,32.744098663,0.35159718660475814
6338,2019-06-22 02:00:00,31.290584564,0.7096473864268913
6339,2019-06-22 03:00:00,30.081708908,0.20291054299222677
6340,2019-06-22 04:00:00,29.081289291,0.9237252766900748
6341,2019-06-22 05:00:00,28.139358521,0.4187058649414295
6342,2019-06-22 06:00:00,27.357351303,0.48567938766717633
6343,2019-06-22 07:00:00,26.586233139,0.30151390313789295
6344,2019-06-22 08:00:00,25.892421722,0.8977598150475079
6345,2019-06-22 09:00:00,25.313217163,0.3127514323646833
6346,2019-06-22 10:00:00,24.832241058,0.9193732266377437
6347,2019-06-22 11:00:00,24.429958344,0.8267062859802546
6348,2019-06-22 12:00:00,24.085597992,0.6059767820585643
6349,2019-06-22 13:00:00,23.796836853,0.7687932152831949
6350,2019-06-22 14:00:00,23.544809341,0.9159210993645615
6351,2019-06-22 15:00:00,23.326667786,0.7641127589217934
6352,2019-06-22 16:00:00,23.131036758,0.9726936405019284
6353,2019-06-22 17:00:00,22.845724106,0.17811046266060426
6354,2019-06-22 18:00:00,22.225290298,0.7202776996459458
6355,2019-06-22 19:00:00,21.556640625,0.08669740043560903
6356,2019-06-22 20:00:00,20.464967728,0.3089459900978987
6357,2019-06-22 21:00:00,16.928180695,0.7892404725300353
6358,2019-06-22 22:00:00,13.763463974,0.7483490609354466
6359,2019-06-22 23:00:00,12.836624146,0.06692714592296323
6360,2019-06-23 00:00:00,12.596565247,0.5150372570038061
6361,2019-06-23 01:00:00,12.440964699,0.8347800975723805
6362,2019-06-23 02:00:00,12.556509972,0.08113947838153002
6363,2019-06-23 03:00:00,12.361918449,0.8203355280239448
6364,2019-06-23 04:00:00,12.190671921,0.6377145088968295
6365,2019-06-23 05:00:00,12.044272423,0.9912000991134422
6366,2019-06-23 06:00:00,11.946089745,0.619268037056494
6367,2019-06-23 07:00:00,11.834972382,0.7810293436079087
6368,2019-06-23 08:00:00,11.740816116,0.2632192708400266
6369,2019-06-23 09:00:00,11.662889481,0.7629262085034805
6370,2019-06-23 10:00:00,11.590786934,0.8162769320351521
6371,2019-06-23 11:00:00,11.525154114,0.1688598863650983
6372,2019-06-23 12:00:00,11.46871376,0.7374208622241023
6373,2019-06-23 13:00:00,11.414646149,0.7633769659414562
6374,2019-06-23 14:00:00,11.371247292,0.18507612300563747
6375,2019-06-23 15:00:00,11.340072632,0.6965810202959976
6376,2019-06-23 16:00:00,11.307793617,0.9744370287375645
6377,2019-06-23 17:00:00,11.271149635,0.8632029883896873
6378,2019-06-23 18:00:00,11.217352867,0.24767375947919323
6379,2019-06-23 19:00:00,11.158707619,0.1239013570358165
6380,2019-06-23 20:00:00,11.725605011,0.5236374090977732
6381,2019-06-23 21:00:00,11.3937397,0.6500125739239992
6382,2019-06-23 22:00:00,10.935303688,0.8008976102059252
6383,2019-06-23 23:00:00,10.427183151,0.6858019339657311
6384,2019-06-24 00:00:00,9.997405052,0.9391971991081488
6385,2019-06-24 01:00:00,9.64531517,0.022163284111076598
6386,2019-06-24 02:00:00,9.363204956,0.8821613220841911
6387,2019-06-24 03:00:00,9.139633179,0.38896170463541635
6388,2019-06-24 04:00:00,8.951835632,0.4628889960372281
6389,2019-06-24 05:00:00,8.794849396,0.8502519742260333
6390,2019-06-24 06:00:00,8.673913956,0.10012298409679043
6391,2019-06-24 07:00:00,8.578954697,0.05576835583294848
6392,2019-06-24 08:00:00,8.504776001,0.9796273183690305
6393,2019-06-24 09:00:00,8.448643684,0.1354566059310548
6394,2019-06-24 10:00:00,8.404838562,0.63551660692288
6395,2019-06-24 11:00:00,8.369293213,0.38911334058176084
6396,2019-06-24 12:00:00,8.342775345,0.924124674226879
6397,2019-06-24 13:00:00,8.325737,0.9678140656763665
6398,2019-06-24 14:00:00,8.317121506,0.4263456287072519
6399,2019-06-24 15:00:00,8.310426712,0.950189416018896
6400,2019-06-24 16:00:00,8.306653976,0.019862585453254922
6401,2019-06-24 17:00:00,8.291339874,0.39415826298431333
6402,2019-06-24 18:00:00,8.242364883,0.6995023877252247
6403,2019-06-24 19:00:00,8.126719475,0.6094526929271037
6404,2019-06-24 20:00:00,7.927068233,0.43293188782815895
6405,2019-06-24 21:00:00,6.67939043,0.6767677183871117
6406,2019-06-24 22:00:00,4.654307365,0.3817046065691623
6407,2019-06-24 23:00:00,3.616169214,0.04916962264932401
6408,2019-06-25 00:00:00,3.384181976,0.23818682354416565
6409,2019-06-25 01:00:00,3.374184132,0.2775826366778986
6410,2019-06-25 02:00:00,3.372251034,0.6593702356662013
6411,2019-06-25 03:00:00,3.380898952,0.16884696391660636
6412,2019-06-25 04:00:00,3.391271114,0.2022257983363117
6413,2019-06-25 05:00:00,3.398453236,0.1649101181151328
6414,2019-06-25 06:00:00,3.405869484,0.8126322687967567
6415,2019-06-25 07:00:00,3.41383934,0.04765921922763827
6416,2019-06-25 08:00:00,3.422361851,0.5617605921412963
6417,2019-06-25 09:00:00,3.430943727,0.8087542608271837
6418,2019-06-25 10:00:00,3.439710379,0.007949826845178976
6419,2019-06-25 11:00:00,3.446960449,0.6554294349442444
6420,2019-06-25 12:00:00,3.452965975,0.3884646271066563
6421,2019-06-25 13:00:00,3.462044239,0.41782799611072197
6422,2019-06-25 14:00:00,3.473131657,0.8140409672146606
6423,2019-06-25 15:00:00,3.481468678,0.18232603967065208
6424,2019-06-25 16:00:00,3.484401464,0.12474384139952188
6425,2019-06-25 17:00:00,3.46817565,0.293272975541066
6426,2019-06-25 18:00:00,3.422194242,0.7099411103364639
6427,2019-06-25 19:00:00,3.361556292,0.8149659401268753
6428,2019-06-25 20:00:00,3.359022379,0.8155152749246577
6429,2019-06-25 21:00:00,3.335355282,0.6582503020121627
6430,2019-06-25 22:00:00,3.29501009,0.5313194835974344
6431,2019-06-25 23:00:00,3.22205615,0.2644099262078077
6432,2019-06-26 00:00:00,3.189317465,0.9895637751652864
6433,2019-06-26 01:00:00,3.652256489,0.03349577444363294
6434,2019-06-26 02:00:00,3.598423958,0.9482203524975361
6435,2019-06-26 03:00:00,3.559707165,0.019525568036024232
6436,2019-06-26 04:00:00,3.544015646,0.9644764968879798
6437,2019-06-26 05:00:00,3.540910959,0.87104212008524
6438,2019-06-26 06:00:00,3.548479795,0.4407633398904599
6439,2019-06-26 07:00:00,3.555669785,0.16230770546529594
6440,2019-06-26 08:00:00,3.563877106,0.44159735846544546
6441,2019-06-26 09:00:00,3.572333097,0.45957744596187855
6442,2019-06-26 10:00:00,3.580161333,0.09572420744347032
6443,2019-06-26 11:00:00,3.587926865,0.09258354673327984
6444,2019-06-26 12:00:00,3.595075846,0.27406011388650575
6445,2019-06-26 13:00:00,3.60760951,0.23885757585836265
6446,2019-06-26 14:00:00,3.627168417,0.42101077252099983
6447,2019-06-26 15:00:00,3.639318705,0.6945535323553108
6448,2019-06-26 16:00:00,3.645261765,0.2322221531245764
6449,2019-06-26 17:00:00,3.630118608,0.4829718148326445
6450,2019-06-26 18:00:00,3.594038725,0.09929256243341666
6451,2019-06-26 19:00:00,3.545276403,0.5639931866072678
6452,2019-06-26 20:00:00,3.466609001,0.37976434789155855
6453,2019-06-26 21:00:00,3.348870516,0.23236174979994195
6454,2019-06-26 22:00:00,3.210695267,0.3251851139507568
6455,2019-06-26 23:00:00,3.072036266,0.28671372850176435
6456,2019-06-27 00:00:00,2.892094851,0.5744223796779374
6457,2019-06-27 01:00:00,2.643040657,0.7667422517479604
6458,2019-06-27 02:00:00,2.5440557,0.8365762670262189
6459,2019-06-27 03:00:00,2.47635746,0.1614163710083193
6460,2019-06-27 04:00:00,2.414182663,0.11212675138454897
6461,2019-06-27 05:00:00,2.34067297,0.42053803030287606
6462,2019-06-27 06:00:00,1.40844357,0.7022886877038923
6463,2019-06-27 07:00:00,1.394123673,0.9930534181097737
6464,2019-06-27 08:00:00,1.384119153,0.23449115367767348
6465,2019-06-27 09:00:00,1.379818678,0.5141484433656872
6466,2019-06-27 10:00:00,1.371294975,0.9800957804568927
6467,2019-06-27 11:00:00,1.3699826,0.7593509748480519
6468,2019-06-27 12:00:00,1.370056987,0.8553298806161693
6469,2019-06-27 13:00:00,1.378607273,0.11377960320853098
6470,2019-06-27 14:00:00,1.390938282,0.3749805427739199
6471,2019-06-27 15:00:00,1.404218197,0.6398192391866923
6472,2019-06-27 16:00:00,1.405326009,0.1477712543751375
6473,2019-06-27 17:00:00,0.844854832,0.8375728045489272
6474,2019-06-27 18:00:00,0.0023951,0.8769790994092391
6475,2019-06-27 19:00:00,0.00212281,0.06231045070671126
6476,2019-06-27 20:00:00,0.001475407,0.3252028928594478
6477,2019-06-27 21:00:00,0.000957317,0.4161437487830226
6478,2019-06-27 22:00:00,0.00048429,0.4749427236686464
6479,2019-06-27 23:00:00,0.000232556,0.42323674417021473
6480,2019-06-28 00:00:00,0.00012603,0.2568446118794656
6481,2019-06-28 01:00:00,4.4196e-05,0.1915943297898317
6482,2019-06-28 02:00:00,2.3282e-05,0.5118108072779949
6483,2019-06-28 03:00:00,2.008e-05,0.9657821827329406
6484,2019-06-28 04:00:00,1.1599e-05,0.47699756976225605
6485,2019-06-28 05:00:00,0.000139121,0.6237686966228502
6486,2019-06-28 06:00:00,0.00012889,0.7673101236528971
6487,2019-06-28 07:00:00,0.000124483,0.1694776333130752
6488,2019-06-28 08:00:00,0.003263936,0.4572955064280121
6489,2019-06-28 09:00:00,0.007388335,0.6319836585003342
6490,2019-06-28 10:00:00,0.007255435,0.6761900499336521
6491,2019-06-28 11:00:00,0.004962731,0.7031878469238437
6492,2019-06-28 12:00:00,0.003728672,0.7322699654769408
6493,2019-06-28 13:00:00,0.005356264,0.4741813607338411
6494,2019-06-28 14:00:00,0.010538882,0.7197484401607318
6495,2019-06-28 15:00:00,0.015638527,0.8343722155780106
6496,2019-06-28 16:00:00,0.002715219,0.4447304011292189
6497,2019-06-28 17:00:00,0.003238719,0.6023395913057062
6498,2019-06-28 18:00:00,0.00335294,0.09730283044721943
6499,2019-06-28 19:00:00,0.002716502,0.3316788199381233
6500,2019-06-28 20:00:00,0.001754048,0.5522893859267787
6501,2019-06-28 21:00:00,0.001123271,0.11292098233995218
6502,2019-06-28 22:00:00,0.000681282,0.9736833682623983
6503,2019-06-28 23:00:00,0.000376001,0.5030790807093618
6504,2019-06-29 00:00:00,0.000142753,0.21769708012646494
6505,2019-06-29 01:00:00,4.8348e-05,0.8544091490075434
6506,2019-06-29 02:00:00,4.1864e-05,0.7553712709178088
6507,2019-06-29 03:00:00,3.1115e-05,0.16021773270069173
6508,2019-06-29 04:00:00,1.3729e-05,0.1382076886347804
6509,2019-06-29 05:00:00,0.000158878,0.3050534465501745
6510,2019-06-29 06:00:00,0.000256095,0.8159205637305041
6511,2019-06-29 07:00:00,0.000404063,0.8584793346072306
6512,2019-06-29 08:00:00,0.000623614,0.3842095345409289
6513,2019-06-29 09:00:00,0.013734071,0.7140426811789633
6514,2019-06-29 10:00:00,0.027025195,0.07698516771548747
6515,2019-06-29 11:00:00,0.039747141,0.583872702611867
6516,2019-06-29 12:00:00,0.047416553,0.9046606003941761
6517,2019-06-29 13:00:00,0.053670429,0.3761279473823982
6518,2019-06-29 14:00:00,0.061846279,0.3140219995464315
6519,2019-06-29 15:00:00,0.069924355,0.6348388798080643
6520,2019-06-29 16:00:00,0.004721628,0.2288536761167561
6521,2019-06-29 17:00:00,0.010365118,0.022880104392368428
6522,2019-06-29 18:00:00,0.014846232,0.7675056358561992
6523,2019-06-29 19:00:00,0.01468682,0.2583144480833789
6524,2019-06-29 20:00:00,0.010854279,0.9632601158070742
6525,2019-06-29 21:00:00,0.006885329,0.7858097243671255
6526,2019-06-29 22:00:00,0.003104145,0.3392653825436581
6527,2019-06-29 23:00:00,0.001939182,0.3583591580766282
6528,2019-06-30 00:00:00,0.000852006,0.01104397155548742
6529,2019-06-30 01:00:00,0.000365299,0.11876838245598165
6530,2019-06-30 02:00:00,0.000163347,0.1892221928382719
6531,2019-06-30 03:00:00,0.000111823,0.26578616506206065
6532,2019-06-30 04:00:00,0.000108876,0.009646053892123474
6533,2019-06-30 05:00:00,0.000101735,0.030836204266615597
6534,2019-06-30 06:00:00,7.9415e-05,0.3592665948420144
6535,2019-06-30 07:00:00,5.8767e-05,0.7527599307551104
6536,2019-06-30 08:00:00,2.7939e-05,0.9506625883457436
6537,2019-06-30 09:00:00,0.000155728,0.10172388696519497
6538,2019-06-30 10:00:00,0.000458284,0.7418598704837629
6539,2019-06-30 11:00:00,0.000516217,0.9798572229931085
6540,2019-06-30 12:00:00,0.000834886,0.645936455627164
6541,2019-06-30 13:00:00,0.001386209,0.6496370486967686
6542,2019-06-30 14:00:00,0.016157687,0.5928597473082975
6543,2019-06-30 15:00:00,0.000915474,0.5745265391445619
6544,2019-06-30 16:00:00,0.002080037,0.21666564116054254
6545,2019-06-30 17:00:00,0.004190551,0.018550317520903414
6546,2019-06-30 18:00:00,0.005720512,0.6169021429968262
6547,2019-06-30 19:00:00,0.005270306,0.17501305624710783
6548,2019-06-30 20:00:00,0.003081526,0.7686582706231081
6549,2019-06-30 21:00:00,0.002334693,0.7532524150002381
6550,2019-06-30 22:00:00,0.001418002,0.9251575543915981
6551,2019-06-30 23:00:00,0.000751752,0.054751322995564955
6552,2019-07-01 00:00:00,0.000223058,0.899664377000205
6553,2019-07-01 01:00:00,0.000129715,0.3974129583160343
6554,2019-07-01 02:00:00,7.115e-05,0.960580818371276
6555,2019-07-01 03:00:00,4.4513e-05,0.11178334160722991
6556,2019-07-01 04:00:00,2.5064e-05,0.2070174613200838
6557,2019-07-01 05:00:00,2.1711e-05,0.45213281907171077
6558,2019-07-01 06:00:00,2.1855e-05,0.14544019235094485
6559,2019-07-01 07:00:00,1.1985e-05,0.07731686148113504
6560,2019-07-01 08:00:00,0.00044213,0.555614002374887
6561,2019-07-01 09:00:00,0.000899184,0.11279990172306742
6562,2019-07-01 10:00:00,0.001332518,0.7837611715853394
6563,2019-07-01 11:00:00,0.001744188,0.7376062563303954
6564,2019-07-01 12:00:00,0.003292578,0.796570322565278
6565,2019-07-01 13:00:00,0.004455009,0.5047509116914605
6566,2019-07-01 14:00:00,0.003757184,0.7380820858237024
6567,2019-07-01 15:00:00,0.003706149,0.331236205604301
6568,2019-07-01 16:00:00,0.005802769,0.9005283498558555
6569,2019-07-01 17:00:00,0.009334372,0.20395313947672444
6570,2019-07-01 18:00:00,0.010739938,0.1485771009050456
6571,2019-07-01 19:00:00,0.010845998,0.734878136347244
6572,2019-07-01 20:00:00,0.005739471,0.5355870507432046
6573,2019-07-01 21:00:00,0.004395391,0.4778933057143757
6574,2019-07-01 22:00:00,0.003637738,0.619004848422696
6575,2019-07-01 23:00:00,0.001232074,0.6059116755592118
6576,2019-07-02 00:00:00,0.000800568,0.6385956295044429
6577,2019-07-02 01:00:00,0.000302705,0.585210770718385
6578,2019-07-02 02:00:00,0.000158119,0.10447701144560184
6579,2019-07-02 03:00:00,0.000124027,0.40837147201378077
6580,2019-07-02 04:00:00,0.000246956,0.8491553784948613
6581,2019-07-02 05:00:00,0.000441893,0.41337753730395366
6582,2019-07-02 06:00:00,0.000597088,0.6761612220670793
6583,2019-07-02 07:00:00,0.000786876,0.28813492460379264
6584,2019-07-02 08:00:00,0.001173274,0.3667002145055316
6585,2019-07-02 09:00:00,0.001452304,0.3520600522696009
6586,2019-07-02 10:00:00,0.010462935,0.9892819513907433
6587,2019-07-02 11:00:00,0.019421179,0.8578564879171237
6588,2019-07-02 12:00:00,0.029179551,0.4561181890393091
6589,2019-07-02 13:00:00,0.044460922,0.5781075452293855
6590,2019-07-02 14:00:00,0.057627678,0.40648859067987586
6591,2019-07-02 15:00:00,0.070261791,0.7118963062953636
6592,2019-07-02 16:00:00,0.011377774,0.7483651257721327
6593,2019-07-02 17:00:00,0.015930507,0.9322379509682451
6594,2019-07-02 18:00:00,0.019169979,0.764476986163453
6595,2019-07-02 19:00:00,0.019666022,0.7047605476449929
6596,2019-07-02 20:00:00,0.016926417,0.16708282851841338
6597,2019-07-02 21:00:00,0.011586602,0.36522494208390943
6598,2019-07-02 22:00:00,0.00718304,0.6672799024095375
6599,2019-07-02 23:00:00,0.003876814,0.8317166649538149
6600,2019-07-03 00:00:00,0.002424114,0.4949171146296737
6601,2019-07-03 01:00:00,0.000978734,0.6002692974716065
6602,2019-07-03 02:00:00,0.000602784,0.5421239525959003
6603,2019-07-03 03:00:00,0.000515955,0.05587431479817673
6604,2019-07-03 04:00:00,0.000231419,0.7436033881417566
6605,2019-07-03 05:00:00,0.000156142,0.8341286961822939
6606,2019-07-03 06:00:00,0.000133864,0.31809416659357814
6607,2019-07-03 07:00:00,0.000341223,0.3398132634347759
6608,2019-07-03 08:00:00,0.000196151,0.6558023747048095
6609,2019-07-03 09:00:00,0.004254663,0.7600848630501622
6610,2019-07-03 10:00:00,0.016982622,0.8749034687371223
6611,2019-07-03 11:00:00,0.026486238,0.8314907555322048
6612,2019-07-03 12:00:00,0.033874419,0.12679596960576967
6613,2019-07-03 13:00:00,0.041953497,0.4881107056263886
6614,2019-07-03 14:00:00,0.048027761,0.8115715669405873
6615,2019-07-03 15:00:00,0.053416528,0.6203439984252925
6616,2019-07-03 16:00:00,0.01087894,0.8939592478987481
6617,2019-07-03 17:00:00,0.022372903,0.9902696051012536
6618,2019-07-03 18:00:00,0.028694803,0.7228323324407776
6619,2019-07-03 19:00:00,0.026857099,0.15931304035805494
6620,2019-07-03 20:00:00,0.021796335,0.6248655832832402
6621,2019-07-03 21:00:00,0.011774374,0.18872222290980656
6622,2019-07-03 22:00:00,0.008247931,0.9572797545949518
6623,2019-07-03 23:00:00,0.005233434,0.24220808689331474
6624,2019-07-04 00:00:00,0.002553093,0.6729396097938383
6625,2019-07-04 01:00:00,0.001158621,0.09528416702695086
6626,2019-07-04 02:00:00,0.000434089,0.9464264537359073
6627,2019-07-04 03:00:00,0.000630328,0.2709537117828348
6628,2019-07-04 04:00:00,0.000621254,0.9118511625700504
6629,2019-07-04 05:00:00,0.00027407,0.35552402417095696
6630,2019-07-04 06:00:00,0.000417968,0.49540821453179407
6631,2019-07-04 07:00:00,0.001428988,0.8690897114558713
6632,2019-07-04 08:00:00,0.002944457,0.7221595791846386
6633,2019-07-04 09:00:00,0.002815292,0.7536542731012705
6634,2019-07-04 10:00:00,0.00389583,0.8087713857794827
6635,2019-07-04 11:00:00,0.003345881,0.14199154227006983
6636,2019-07-04 12:00:00,0.00039721,0.4631383145197182
6637,2019-07-04 13:00:00,0.001368438,0.21291338975011886
6638,2019-07-04 14:00:00,0.002100565,0.6282892043518074
6639,2019-07-04 15:00:00,0.000253494,0.7247916581930322
6640,2019-07-04 16:00:00,0.008373258,0.14330277283176063
6641,2019-07-04 17:00:00,0.014052708,0.3729361570236467
6642,2019-07-04 18:00:00,0.017444113,0.35026002003744017
6643,2019-07-04 19:00:00,0.018506065,0.19054776820308794
6644,2019-07-04 20:00:00,0.013907812,0.8270855942532638
6645,2019-07-04 21:00:00,0.008994408,0.2642858737247412
6646,2019-07-04 22:00:00,0.005639972,0.5912108032723549
6647,2019-07-04 23:00:00,0.003694152,0.9684920462562735
6648,2019-07-05 00:00:00,0.001872057,0.8027412207558974
6649,2019-07-05 01:00:00,0.000888319,0.8749264778979119
6650,2019-07-05 02:00:00,0.000402417,0.7230176043647757
6651,2019-07-05 03:00:00,0.000192412,0.12194117652738912
6652,2019-07-05 04:00:00,0.000162434,0.6905622848595575
6653,2019-07-05 05:00:00,0.000108042,0.5130252071491448
6654,2019-07-05 06:00:00,0.001167702,0.9258980986907424
6655,2019-07-05 07:00:00,0.000850138,0.5633389735896723
6656,2019-07-05 08:00:00,0.000552987,0.24468747835158788
6657,2019-07-05 09:00:00,0.000867975,0.7871415251041742
6658,2019-07-05 10:00:00,0.000423369,0.26961939770736154
6659,2019-07-05 11:00:00,0.001499232,0.0555103996980042
6660,2019-07-05 12:00:00,0.001979329,0.5157999919673948
6661,2019-07-05 13:00:00,0.001580538,0.17936318423719821
6662,2019-07-05 14:00:00,0.000806924,0.11513038134381581
6663,2019-07-05 15:00:00,0.000976918,0.9208736912140171
6664,2019-07-05 16:00:00,0.000737012,0.18670945270678463
6665,2019-07-05 17:00:00,0.004822894,0.03473835111398005
6666,2019-07-05 18:00:00,0.010228399,0.6091143818029097
6667,2019-07-05 19:00:00,0.009818028,0.5328696902549609
6668,2019-07-05 20:00:00,0.00745568,0.47840072519972354
6669,2019-07-05 21:00:00,0.005302135,0.8077605717048496
6670,2019-07-05 22:00:00,0.003458099,0.23075996441563362
6671,2019-07-05 23:00:00,0.002113053,0.5775574738040287
6672,2019-07-06 00:00:00,0.000970008,0.9271087044865666
6673,2019-07-06 01:00:00,0.000413126,0.4624168083270269
6674,2019-07-06 02:00:00,0.000219381,0.9357591039931229
6675,2019-07-06 03:00:00,0.000170567,0.016024557428618746
6676,2019-07-06 04:00:00,7.4558e-05,0.7832774150906449
6677,2019-07-06 05:00:00,7.5892e-05,0.43672125898249703
6678,2019-07-06 06:00:00,9.9618e-05,0.3030454909241962
6679,2019-07-06 07:00:00,0.00015794,0.18022344395435475
6680,2019-07-06 08:00:00,8.7044e-05,0.14193199213164476
6681,2019-07-06 09:00:00,2.2747e-05,0.4873871962054388
6682,2019-07-06 10:00:00,0.000183741,0.10898241048239021
6683,2019-07-06 11:00:00,0.000280095,0.14229670621989932
6684,2019-07-06 12:00:00,0.000245741,0.9839701348135226
6685,2019-07-06 13:00:00,0.000537683,0.7745599488057513
6686,2019-07-06 14:00:00,0.003040733,0.20777358029779425
6687,2019-07-06 15:00:00,0.005768941,0.2209815991166585
6688,2019-07-06 16:00:00,0.000493026,0.12680064119169943
6689,2019-07-06 17:00:00,0.001101184,0.401651088790539
6690,2019-07-06 18:00:00,0.000991179,0.62594276870058
6691,2019-07-06 19:00:00,0.000754742,0.24142257425140723
6692,2019-07-06 20:00:00,0.000632497,0.7695674061114264
6693,2019-07-06 21:00:00,0.000408571,0.4799081260281979
6694,2019-07-06 22:00:00,0.000271933,0.051172158717265215
6695,2019-07-06 23:00:00,0.000146105,0.5509630288135795
6696,2019-07-07 00:00:00,8.2429e-05,0.4645441605204792
6697,2019-07-07 01:00:00,3.6752e-05,0.6055577419571126
6698,2019-07-07 02:00:00,2.0736e-05,0.33391738109968705
6699,2019-07-07 03:00:00,1.4889e-05,0.25153899505687616
6700,2019-07-07 04:00:00,9.648e-06,0.9131259588054951
6701,2019-07-07 05:00:00,5.85e-06,0.8406688318282326
6702,2019-07-07 06:00:00,8.128e-06,0.5244686669241686
6703,2019-07-07 07:00:00,1.1498e-05,0.6694063550864171
6704,2019-07-07 08:00:00,1.161e-05,0.8931709828533099
6705,2019-07-07 09:00:00,0.013351463,0.03188690976801134
6706,2019-07-07 10:00:00,0.025582802,0.2038343918270229
6707,2019-07-07 11:00:00,0.035038613,0.44993985203170905
6708,2019-07-07 12:00:00,0.041501671,0.8121603472531387
6709,2019-07-07 13:00:00,0.0497013,0.7907058074274479
6710,2019-07-07 14:00:00,0.060203191,0.04677865414568694
6711,2019-07-07 15:00:00,0.071429513,0.08960053082725139
6712,2019-07-07 16:00:00,8.3331e-05,0.9276982722993851
6713,2019-07-07 17:00:00,0.00028529,0.5378814664736046
6714,2019-07-07 18:00:00,0.000421911,0.8145192836649658
6715,2019-07-07 19:00:00,0.000327353,0.25554136294158114
6716,2019-07-07 20:00:00,0.000280058,0.21449479722789866
6717,2019-07-07 21:00:00,0.000190085,0.5664923472838096
6718,2019-07-07 22:00:00,0.000131509,0.5845268572990939
6719,2019-07-07 23:00:00,7.3184e-05,0.23361443967067697
6720,2019-07-08 00:00:00,4.0223e-05,0.5373361465857509
6721,2019-07-08 01:00:00,1.8249e-05,0.7223498584466277
6722,2019-07-08 02:00:00,1.1886e-05,0.2085439509800966
6723,2019-07-08 03:00:00,7.302e-06,0.34849053481134107
6724,2019-07-08 04:00:00,3.604e-06,0.7037408351947569
6725,2019-07-08 05:00:00,2.598e-06,0.06128737826017261
6726,2019-07-08 06:00:00,1.965e-06,0.6123038856659814
6727,2019-07-08 07:00:00,3.425e-06,0.028887895541475528
6728,2019-07-08 08:00:00,2.512e-06,0.6135475939636202
6729,2019-07-08 09:00:00,1.702e-06,0.5507714492542408
6730,2019-07-08 10:00:00,0.0,0.05288362607441932
6731,2019-07-08 11:00:00,0.0001239,0.4051729850819564
6732,2019-07-08 12:00:00,0.000316482,0.4024202536827691
6733,2019-07-08 13:00:00,0.000538531,0.4149930582635566
6734,2019-07-08 14:00:00,0.000653188,0.14710257276801197
6735,2019-07-08 15:00:00,0.001045301,0.02838716972706057
6736,2019-07-08 16:00:00,0.002428052,0.8617062186269214
6737,2019-07-08 17:00:00,0.004155868,0.6118513974699429
6738,2019-07-08 18:00:00,0.004445429,0.7074033452775003
6739,2019-07-08 19:00:00,0.003858952,0.6927454730072924
6740,2019-07-08 20:00:00,0.002887288,0.6371033939440387
6741,2019-07-08 21:00:00,0.001603081,0.19276838691403841
6742,2019-07-08 22:00:00,0.001499702,0.021180575588986228
6743,2019-07-08 23:00:00,0.000704562,0.8542448815610258
6744,2019-07-09 00:00:00,0.000435079,0.9669745812721641
6745,2019-07-09 01:00:00,0.000202525,0.5511096262343163
6746,2019-07-09 02:00:00,7.0383e-05,0.7600125663532004
6747,2019-07-09 03:00:00,5.583e-05,0.3173725523541704
6748,2019-07-09 04:00:00,4.313e-05,0.23863817473592108
6749,2019-07-09 05:00:00,0.000185057,0.4578723891888187
6750,2019-07-09 06:00:00,0.000489311,0.888771177406933
6751,2019-07-09 07:00:00,0.001486495,0.8705818533380959
6752,2019-07-09 08:00:00,0.002907151,0.7135295308445366
6753,2019-07-09 09:00:00,0.003521216,0.7927882391396097
6754,2019-07-09 10:00:00,0.004488994,0.6351721430608149
6755,2019-07-09 11:00:00,0.006809062,0.275141502275581
6756,2019-07-09 12:00:00,0.006801083,0.6295033335685947
6757,2019-07-09 13:00:00,0.006784979,0.06155034293900641
6758,2019-07-09 14:00:00,0.00887656,0.7147865430443101
6759,2019-07-09 15:00:00,0.006190763,0.7076360395995663
6760,2019-07-09 16:00:00,0.010367498,0.11336713543599009
6761,2019-07-09 17:00:00,0.011107902,0.5177092567643208
6762,2019-07-09 18:00:00,0.031257752,0.753119168325217
6763,2019-07-09 19:00:00,0.036949091,0.7511651480093323
6764,2019-07-09 20:00:00,0.030389804,0.7619967396600358
6765,2019-07-09 21:00:00,0.019840924,0.25293772332305386
6766,2019-07-09 22:00:00,0.013918574,0.8880860917045782
6767,2019-07-09 23:00:00,0.008640552,0.717471330024387
6768,2019-07-10 00:00:00,0.004392613,0.8484270947902853
6769,2019-07-10 01:00:00,0.001850538,0.09866785879052031
6770,2019-07-10 02:00:00,0.000863836,0.45538048323986535
6771,2019-07-10 03:00:00,0.000751519,0.6659631163474438
6772,2019-07-10 04:00:00,0.001852519,0.5012827168264573
6773,2019-07-10 05:00:00,0.005113167,0.30692584220384267
6774,2019-07-10 06:00:00,0.008078759,0.2890093463819067
6775,2019-07-10 07:00:00,0.007511104,0.94074520321606
6776,2019-07-10 08:00:00,0.004934307,0.6454998042318393
6777,2019-07-10 09:00:00,0.001205129,0.30601482137806
6778,2019-07-10 10:00:00,0.00136267,0.960913130178754
6779,2019-07-10 11:00:00,0.003699258,0.6452287203385052
6780,2019-07-10 12:00:00,0.00081058,0.9189775718082239
6781,2019-07-10 13:00:00,0.001256393,0.022277220956753663
6782,2019-07-10 14:00:00,0.001184085,0.34061481694155327
6783,2019-07-10 15:00:00,0.002891435,0.30594772684381777
6784,2019-07-10 16:00:00,0.002958363,0.9163487561349404
6785,2019-07-10 17:00:00,0.006059422,0.884986826284767
6786,2019-07-10 18:00:00,0.01607989,0.5693364896474058
6787,2019-07-10 19:00:00,0.018277306,0.41292450247606316
6788,2019-07-10 20:00:00,0.014951075,0.1851679407723642
6789,2019-07-10 21:00:00,0.010472219,0.3629837425635384
6790,2019-07-10 22:00:00,0.006025775,0.26569487035826467
6791,2019-07-10 23:00:00,0.003341628,0.3505924905018002
6792,2019-07-11 00:00:00,0.001691831,0.8912452461566249
6793,2019-07-11 01:00:00,0.000761819,0.009134314907632057
6794,2019-07-11 02:00:00,0.000318956,0.07158505365113821
6795,2019-07-11 03:00:00,0.000248458,0.021822246539890733
6796,2019-07-11 04:00:00,0.000160394,0.2720226592887607
6797,2019-07-11 05:00:00,5.7925e-05,0.3278645503498214
6798,2019-07-11 06:00:00,0.001622393,0.6180372116232146
6799,2019-07-11 07:00:00,0.003143631,0.6083523360638556
6800,2019-07-11 08:00:00,0.004209419,0.6750904190493734
6801,2019-07-11 09:00:00,0.000547865,0.9406900281080902
6802,2019-07-11 10:00:00,0.002361677,0.2139598976892595
6803,2019-07-11 11:00:00,0.011152903,0.6127268788836462
6804,2019-07-11 12:00:00,0.017791485,0.38235380980215405
6805,2019-07-11 13:00:00,0.023616344,0.5095520001973933
6806,2019-07-11 14:00:00,0.032348726,0.8033590854457323
6807,2019-07-11 15:00:00,0.041915055,0.19011888448828884
6808,2019-07-11 16:00:00,0.000282588,0.7501930830937735
6809,2019-07-11 17:00:00,0.00107181,0.9515186411904388
6810,2019-07-11 18:00:00,0.001735669,0.9003137516079538
6811,2019-07-11 19:00:00,0.001613575,0.3698976767738402
6812,2019-07-11 20:00:00,0.000930749,0.973677439141057
6813,2019-07-11 21:00:00,0.000866734,0.2656999255978144
6814,2019-07-11 22:00:00,0.000346216,0.43540711017451206
6815,2019-07-11 23:00:00,0.000252129,0.2453956725201627
6816,2019-07-12 00:00:00,0.000131772,0.592716736891962
6817,2019-07-12 01:00:00,4.9319e-05,0.18773182263021904
6818,2019-07-12 02:00:00,2.2801e-05,0.5868489918964508
6819,2019-07-12 03:00:00,1.7599e-05,0.7643626208044071
6820,2019-07-12 04:00:00,1.1267e-05,0.3041911129201408
6821,2019-07-12 05:00:00,4.0163e-05,0.12380989658320196
6822,2019-07-12 06:00:00,0.00012812,0.1794436598065079
6823,2019-07-12 07:00:00,0.000193562,0.9986054540874368
6824,2019-07-12 08:00:00,0.005806965,0.7251328576930612
6825,2019-07-12 09:00:00,0.012004018,0.5241768468960173
6826,2019-07-12 10:00:00,0.016477415,0.20475376245104315
6827,2019-07-12 11:00:00,0.018582137,0.8097692054664336
6828,2019-07-12 12:00:00,0.02210057,0.1355888116383207
6829,2019-07-12 13:00:00,0.028487818,0.08217544588299219
6830,2019-07-12 14:00:00,0.035119917,0.15250639745803518
6831,2019-07-12 15:00:00,0.042201202,0.1497293848647232
6832,2019-07-12 16:00:00,0.000876768,0.9578598537765117
6833,2019-07-12 17:00:00,0.002944945,0.43719602465973917
6834,2019-07-12 18:00:00,0.004435153,0.00019178743605818838
6835,2019-07-12 19:00:00,0.006100684,0.5366325668173646
6836,2019-07-12 20:00:00,0.003359424,0.5997438486335054
6837,2019-07-12 21:00:00,0.002084464,0.7560074801224198
6838,2019-07-12 22:00:00,0.001085511,0.8217915559071562
6839,2019-07-12 23:00:00,0.000552705,0.7745664429478795
6840,2019-07-13 00:00:00,0.000369028,0.41590823452126024
6841,2019-07-13 01:00:00,0.000143502,0.055432233622498606
6842,2019-07-13 02:00:00,6.102e-05,0.9506947543814247
6843,2019-07-13 03:00:00,4.9622e-05,0.46984941695547533
6844,2019-07-13 04:00:00,0.000194482,0.9917002311903002
6845,2019-07-13 05:00:00,0.000238318,0.5540487856396826
6846,2019-07-13 06:00:00,0.000347449,0.34282378735021446
6847,2019-07-13 07:00:00,0.000583778,0.5550810422124989
6848,2019-07-13 08:00:00,0.000712667,0.9368422633313688
6849,2019-07-13 09:00:00,0.000722722,0.9185446619679353
6850,2019-07-13 10:00:00,0.002022951,0.3753616306140315
6851,2019-07-13 11:00:00,0.001917672,0.8246616160245454
6852,2019-07-13 12:00:00,0.0154084,0.46125364981499806
6853,2019-07-13 13:00:00,0.023916481,0.4879624080696998
6854,2019-07-13 14:00:00,0.037549719,0.5001305368429303
6855,2019-07-13 15:00:00,0.001661709,0.4481875572288113
6856,2019-07-13 16:00:00,0.002804795,0.7419749955658308
6857,2019-07-13 17:00:00,0.003638503,0.8342018856796201
6858,2019-07-13 18:00:00,0.005775682,0.15564203561956524
6859,2019-07-13 19:00:00,0.005051187,0.21312855146655485
6860,2019-07-13 20:00:00,0.003759397,0.9176097221140971
6861,2019-07-13 21:00:00,0.002042048,0.34996392965518686
6862,2019-07-13 22:00:00,0.000998687,0.4454530788249962
6863,2019-07-13 23:00:00,0.00069552,0.025239223126781507
6864,2019-07-14 00:00:00,0.000275637,0.0851396064311909
6865,2019-07-14 01:00:00,0.000193306,0.48186694280736586
6866,2019-07-14 02:00:00,7.7082e-05,0.4223936507119026
6867,2019-07-14 03:00:00,5.1746e-05,0.9456228586168144
6868,2019-07-14 04:00:00,2.7421e-05,0.3270249870848537
6869,2019-07-14 05:00:00,1.8886e-05,0.9146283468114528
6870,2019-07-14 06:00:00,1.5514e-05,0.8981873933632832
6871,2019-07-14 07:00:00,1.3289e-05,0.09026954309814861
6872,2019-07-14 08:00:00,1.2626e-05,0.9599941045189446
6873,2019-07-14 09:00:00,1.1383e-05,0.734246771593459
6874,2019-07-14 10:00:00,9.449e-06,0.2878654182087208
6875,2019-07-14 11:00:00,0.000181717,0.45782757123701145
6876,2019-07-14 12:00:00,0.000680511,0.5405431282009022
6877,2019-07-14 13:00:00,0.000828737,0.557681784688477
6878,2019-07-14 14:00:00,0.000879398,0.8299939599982633
6879,2019-07-14 15:00:00,0.001635137,0.6757628805656005
6880,2019-07-14 16:00:00,0.003096144,0.3143418531644696
6881,2019-07-14 17:00:00,0.004053272,0.9399966564322527
6882,2019-07-14 18:00:00,0.005350063,0.055994740408335186
6883,2019-07-14 19:00:00,0.005226073,0.3376002632557703
6884,2019-07-14 20:00:00,0.003215946,0.3126522155428746
6885,2019-07-14 21:00:00,0.001936267,0.38886339507120593
6886,2019-07-14 22:00:00,0.000865089,0.8984723617017583
6887,2019-07-14 23:00:00,0.000572618,0.15663186449964794
6888,2019-07-15 00:00:00,0.000392184,0.6853528437937232
6889,2019-07-15 01:00:00,0.000129457,0.8102730785625846
6890,2019-07-15 02:00:00,6.0599e-05,0.09176440876381442
6891,2019-07-15 03:00:00,4.2108e-05,0.49545626060066916
6892,2019-07-15 04:00:00,2.5895e-05,0.6330696049068564
6893,2019-07-15 05:00:00,2.1642e-05,0.0915043793802296
6894,2019-07-15 06:00:00,1.3831e-05,0.5343843981285358
6895,2019-07-15 07:00:00,0.000408195,0.4487218545021795
6896,2019-07-15 08:00:00,0.000811003,0.5300434865409362
6897,2019-07-15 09:00:00,0.001193085,0.5424848387480822
6898,2019-07-15 10:00:00,0.001291212,0.6778292213423263
6899,2019-07-15 11:00:00,0.002395433,0.3695925193017089
6900,2019-07-15 12:00:00,0.002905598,0.2467341715622049
6901,2019-07-15 13:00:00,0.002926565,0.6856181532488065
6902,2019-07-15 14:00:00,0.002877493,0.9542259635339078
6903,2019-07-15 15:00:00,0.001798651,0.9714700211947009
6904,2019-07-15 16:00:00,0.002252926,0.11018379182278326
6905,2019-07-15 17:00:00,0.003921546,0.8096230586459857
6906,2019-07-15 18:00:00,0.005890847,0.887731351586139
6907,2019-07-15 19:00:00,0.005591753,0.8908864821505321
6908,2019-07-15 20:00:00,0.002766479,0.6290851869569508
6909,2019-07-15 21:00:00,0.002342155,0.8212657359047514
6910,2019-07-15 22:00:00,0.001050048,0.8275487803074614
6911,2019-07-15 23:00:00,0.000637062,0.7585293322957924
6912,2019-07-16 00:00:00,0.000322059,0.27891983032374223
6913,2019-07-16 01:00:00,9.8846e-05,0.03653184867378778
6914,2019-07-16 02:00:00,4.2069e-05,0.987204210249602
6915,2019-07-16 03:00:00,3.4435e-05,0.13468267564984115
6916,2019-07-16 04:00:00,1.788e-05,0.9119753382405063
6917,2019-07-16 05:00:00,3.8355e-05,0.8329420779138736
6918,2019-07-16 06:00:00,3.5775e-05,0.45143053208752015
6919,2019-07-16 07:00:00,0.000266317,0.6145822086184398
6920,2019-07-16 08:00:00,0.000235128,0.7378799493022046
6921,2019-07-16 09:00:00,0.000175529,0.9354796115283209
6922,2019-07-16 10:00:00,0.000720647,0.25362142834779966
6923,2019-07-16 11:00:00,0.001720332,0.0427534541133443
6924,2019-07-16 12:00:00,0.001787693,0.9944807806854672
6925,2019-07-16 13:00:00,0.001942188,0.5140250448490226
6926,2019-07-16 14:00:00,0.014539197,0.14295966091575707
6927,2019-07-16 15:00:00,0.001823353,0.16132125026926636
6928,2019-07-16 16:00:00,0.003886122,0.4158961543377736
6929,2019-07-16 17:00:00,0.007886989,0.33993644795185607
6930,2019-07-16 18:00:00,0.011033625,0.6482559380989272
6931,2019-07-16 19:00:00,0.009336293,0.6363213653118311
6932,2019-07-16 20:00:00,0.005558818,0.879340362933838
6933,2019-07-16 21:00:00,0.002882416,0.6395728653969223
6934,2019-07-16 22:00:00,0.003034038,0.33176223216409173
6935,2019-07-16 23:00:00,0.000725784,0.11950059386139977
6936,2019-07-17 00:00:00,0.000532771,0.7910614294734827
6937,2019-07-17 01:00:00,0.00019132,0.243162911920357
6938,2019-07-17 02:00:00,9.6192e-05,0.7221270070353334
6939,2019-07-17 03:00:00,8.8794e-05,0.9237387259696108
6940,2019-07-17 04:00:00,4.5981e-05,0.05075037048180242
6941,2019-07-17 05:00:00,5.4054e-05,0.10002299515636348
6942,2019-07-17 06:00:00,4.0335e-05,0.5328915667159674
6943,2019-07-17 07:00:00,2.3641e-05,0.48719788063299474
6944,2019-07-17 08:00:00,1.2554e-05,0.39125064072334637
6945,2019-07-17 09:00:00,6.731e-06,0.7071445441680553
6946,2019-07-17 10:00:00,3.603e-06,0.4254419176960027
6947,2019-07-17 11:00:00,0.000221384,0.9005951753513735
6948,2019-07-17 12:00:00,0.000816997,0.34576857844471165
6949,2019-07-17 13:00:00,0.000855824,0.4458358931646469
6950,2019-07-17 14:00:00,0.00070813,0.9390960448925493
6951,2019-07-17 15:00:00,0.000837249,0.40101026514567906
6952,2019-07-17 16:00:00,0.001175257,0.990315438960941
6953,2019-07-17 17:00:00,0.001094833,0.9389913566707893
6954,2019-07-17 18:00:00,0.001598957,0.5790569459976861
6955,2019-07-17 19:00:00,0.001179651,0.9815592270979159
6956,2019-07-17 20:00:00,0.000864416,0.7601606664658949
6957,2019-07-17 21:00:00,0.000452979,0.33512742809602103
6958,2019-07-17 22:00:00,0.000250376,0.18173299988460867
6959,2019-07-17 23:00:00,0.000137776,0.38664235308508577
6960,2019-07-18 00:00:00,5.7677e-05,0.5521708867350934
6961,2019-07-18 01:00:00,2.8105e-05,0.8663893812943021
6962,2019-07-18 02:00:00,1.4613e-05,0.1744851484082104
6963,2019-07-18 03:00:00,9.301e-06,0.8891183473378106
6964,2019-07-18 04:00:00,5.491e-06,0.7510691210792334
6965,2019-07-18 05:00:00,3.471e-06,0.2982728544436537
6966,2019-07-18 06:00:00,2.778e-06,0.4509849237355412
6967,2019-07-18 07:00:00,2.524e-06,0.6456301690402871
6968,2019-07-18 08:00:00,0.000124651,0.1380631866320583
6969,2019-07-18 09:00:00,0.000315611,0.32790013394351936
6970,2019-07-18 10:00:00,0.000496721,0.7106983605318935
6971,2019-07-18 11:00:00,0.000476666,0.8370685720911606
6972,2019-07-18 12:00:00,0.001148078,0.2617533657147134
6973,2019-07-18 13:00:00,0.00158752,0.9425058792215837
6974,2019-07-18 14:00:00,0.002358016,0.22070950064687822
6975,2019-07-18 15:00:00,0.005088195,0.9122514118177248
6976,2019-07-18 16:00:00,0.005456699,0.6867917612915404
6977,2019-07-18 17:00:00,0.004132294,0.9480746981151583
6978,2019-07-18 18:00:00,0.002842779,0.10634069840637683
6979,2019-07-18 19:00:00,0.002815143,0.5946175232659107
6980,2019-07-18 20:00:00,0.001514041,0.1369510026337376
6981,2019-07-18 21:00:00,0.000950428,0.06550833526639177
6982,2019-07-18 22:00:00,0.000504593,0.6776400189663083
6983,2019-07-18 23:00:00,0.000308533,0.5956072483241451
6984,2019-07-19 00:00:00,0.000135018,0.9704152716110556
6985,2019-07-19 01:00:00,5.8734e-05,0.5277051647642856
6986,2019-07-19 02:00:00,3.1191e-05,0.5951275489171084
6987,2019-07-19 03:00:00,1.8199e-05,0.06083603576133034
6988,2019-07-19 04:00:00,9.339e-06,0.9718590708471314
6989,2019-07-19 05:00:00,5.898e-06,0.037358021918609596
6990,2019-07-19 06:00:00,4.383e-06,0.01042601923344777
6991,2019-07-19 07:00:00,3.5e-06,0.9947006090182681
6992,2019-07-19 08:00:00,0.000326163,0.7148652725906073
6993,2019-07-19 09:00:00,0.000875687,0.22514909256720006
6994,2019-07-19 10:00:00,0.001246616,0.9825269934881594
6995,2019-07-19 11:00:00,0.001850419,0.7276521344852387
6996,2019-07-19 12:00:00,0.003519775,0.5125698379611962
6997,2019-07-19 13:00:00,0.003389987,0.5836819423102276
6998,2019-07-19 14:00:00,0.003528903,0.7306956990942458
6999,2019-07-19 15:00:00,0.004624155,0.8041326174599097
7000,2019-07-19 16:00:00,0.006603717,0.8055830941281412
7001,2019-07-19 17:00:00,0.006276738,0.6109889728347623
7002,2019-07-19 18:00:00,0.006590584,0.439875622623338
7003,2019-07-19 19:00:00,0.006832592,0.876842382796036
7004,2019-07-19 20:00:00,0.00492372,0.3998208183331431
7005,2019-07-19 21:00:00,0.00246257,0.025314215379318217
7006,2019-07-19 22:00:00,0.001453146,0.22670937614485587
7007,2019-07-19 23:00:00,0.000772718,0.24455185196693963
7008,2019-07-20 00:00:00,0.000353535,0.10450935648329951
7009,2019-07-20 01:00:00,0.00013803,0.8779866980888097
7010,2019-07-20 02:00:00,6.6683e-05,0.2936625811171425
7011,2019-07-20 03:00:00,4.5584e-05,0.6113427758630445
7012,2019-07-20 04:00:00,2.7053e-05,0.3174492245384579
7013,2019-07-20 05:00:00,1.8362e-05,0.6275273070882178
7014,2019-07-20 06:00:00,1.0966e-05,0.6760692901082004
7015,2019-07-20 07:00:00,0.000457098,0.743571830442085
7016,2019-07-20 08:00:00,0.000903527,0.4935506286193201
7017,2019-07-20 09:00:00,0.000908374,0.861898522535037
7018,2019-07-20 10:00:00,0.001084441,0.865611908760451
7019,2019-07-20 11:00:00,0.001282382,0.28668738998013144
7020,2019-07-20 12:00:00,0.001210273,0.05362050804851537
7021,2019-07-20 13:00:00,0.000947961,0.5163304642952832
7022,2019-07-20 14:00:00,0.001040278,0.4081664165169454
7023,2019-07-20 15:00:00,0.002200424,0.04130370790593285
7024,2019-07-20 16:00:00,0.004846709,0.9117762841609683
7025,2019-07-20 17:00:00,0.006527453,0.10558978678650177
7026,2019-07-20 18:00:00,0.010903325,0.3601207552282467
7027,2019-07-20 19:00:00,0.008681287,0.6355064045219355
7028,2019-07-20 20:00:00,0.006246545,0.9679978205122501
7029,2019-07-20 21:00:00,0.002957488,0.3158086458022118
7030,2019-07-20 22:00:00,0.002666176,0.9250633974479342
7031,2019-07-20 23:00:00,0.001062571,0.15772361337660268
7032,2019-07-21 00:00:00,0.000467846,0.40407108863723407
7033,2019-07-21 01:00:00,0.000228396,0.5505978170544115
7034,2019-07-21 02:00:00,9.6935e-05,0.7404209256256067
7035,2019-07-21 03:00:00,6.8951e-05,0.2316789877126959
7036,2019-07-21 04:00:00,4.1157e-05,0.6659400592850921
7037,2019-07-21 05:00:00,2.787e-05,0.09302800080685059
7038,2019-07-21 06:00:00,2.0154e-05,0.5030196546315419
7039,2019-07-21 07:00:00,0.000175738,0.5271316228073325
7040,2019-07-21 08:00:00,0.000461638,0.2996035010074729
7041,2019-07-21 09:00:00,0.000721434,0.07910735968728888
7042,2019-07-21 10:00:00,0.000906777,0.3896342707315392
7043,2019-07-21 11:00:00,0.001987738,0.14718208379454745
7044,2019-07-21 12:00:00,0.002604595,0.5061827852087283
7045,2019-07-21 13:00:00,0.002030565,0.445266329970219
7046,2019-07-21 14:00:00,0.001502145,0.35896422455152976
7047,2019-07-21 15:00:00,0.002015874,0.06457422425853765
7048,2019-07-21 16:00:00,0.003343839,0.9680063123973102
7049,2019-07-21 17:00:00,0.007107815,0.7207767813356811
7050,2019-07-21 18:00:00,0.01293612,0.9613143143482219
7051,2019-07-21 19:00:00,0.011541074,0.3615168398438693
7052,2019-07-21 20:00:00,0.005198678,0.5933562338289461
7053,2019-07-21 21:00:00,0.005293424,0.25052675359178334
7054,2019-07-21 22:00:00,0.003300376,0.8826990623314253
7055,2019-07-21 23:00:00,0.001322264,0.2021620228903498
7056,2019-07-22 00:00:00,0.000588897,0.36553109991291377
7057,2019-07-22 01:00:00,0.000218984,0.5863833858309214
7058,2019-07-22 02:00:00,8.2463e-05,0.9352018999977255
7059,2019-07-22 03:00:00,0.000100832,0.5661579349665304
7060,2019-07-22 04:00:00,0.000110505,0.9294100239339845
7061,2019-07-22 05:00:00,6.8717e-05,0.16896729723113046
7062,2019-07-22 06:00:00,4.3519e-05,0.5344345446137999
7063,2019-07-22 07:00:00,3.2937e-05,0.04588125354752359
7064,2019-07-22 08:00:00,0.000161085,0.7814831395682921
7065,2019-07-22 09:00:00,0.00013827,0.3662003579030365
7066,2019-07-22 10:00:00,9.8954e-05,0.6103446468218583
7067,2019-07-22 11:00:00,0.000170135,0.18700467509132002
7068,2019-07-22 12:00:00,0.00030477,0.45638856431145614
7069,2019-07-22 13:00:00,0.000383899,0.8101644989904206
7070,2019-07-22 14:00:00,0.000308068,0.8582750034846053
7071,2019-07-22 15:00:00,0.000327739,0.44248641569168445
7072,2019-07-22 16:00:00,0.001313001,0.6851488068357618
7073,2019-07-22 17:00:00,0.003185279,0.08518287392573809
7074,2019-07-22 18:00:00,0.003403967,0.06742506058390363
7075,2019-07-22 19:00:00,0.002975259,0.06776539547392191
7076,2019-07-22 20:00:00,0.001676305,0.8222724288480048
7077,2019-07-22 21:00:00,0.001333312,0.2818868406312912
7078,2019-07-22 22:00:00,0.000484998,0.42403666688865604
7079,2019-07-22 23:00:00,0.00025162,0.23162357100694198
7080,2019-07-23 00:00:00,0.000175649,0.08484665377434941
7081,2019-07-23 01:00:00,7.1618e-05,0.4596186170333859
7082,2019-07-23 02:00:00,3.1954e-05,0.6589541261089729
7083,2019-07-23 03:00:00,2.4325e-05,0.8065614243392493
7084,2019-07-23 04:00:00,1.6478e-05,0.5958268500122249
7085,2019-07-23 05:00:00,1.4487e-05,0.20676403293373413
7086,2019-07-23 06:00:00,9.769e-06,0.10752474547483692
7087,2019-07-23 07:00:00,6.475e-06,0.9085010913659305
7088,2019-07-23 08:00:00,4.001e-06,0.7865879045889753
7089,2019-07-23 09:00:00,0.000368918,0.6281880185039928
7090,2019-07-23 10:00:00,0.000819756,0.827114445890505
7091,2019-07-23 11:00:00,0.001182816,0.35248971133656715
7092,2019-07-23 12:00:00,0.001447772,0.1655056466830893
7093,2019-07-23 13:00:00,0.001474179,0.4167113435044999
7094,2019-07-23 14:00:00,0.001418832,0.9650389678850421
7095,2019-07-23 15:00:00,0.003051916,0.18343282341716505
7096,2019-07-23 16:00:00,0.005795388,0.6734169632700003
7097,2019-07-23 17:00:00,0.008893821,0.2561082842743493
7098,2019-07-23 18:00:00,0.01107665,0.0028006932479580637
7099,2019-07-23 19:00:00,0.012206986,0.31365609553032725
7100,2019-07-23 20:00:00,0.005587686,0.12271465177638208
7101,2019-07-23 21:00:00,0.003788365,0.9022865481654131
7102,2019-07-23 22:00:00,0.001994137,0.05494559647311248
7103,2019-07-23 23:00:00,0.001177648,0.7068511403195324
7104,2019-07-24 00:00:00,0.000730268,0.6794807108270657
7105,2019-07-24 01:00:00,0.000365257,0.8855424009640909
7106,2019-07-24 02:00:00,0.000142736,0.7462001780742438
7107,2019-07-24 03:00:00,8.4497e-05,0.6088327747472663
7108,2019-07-24 04:00:00,5.3215e-05,0.8927091865750808
7109,2019-07-24 05:00:00,3.4672e-05,0.5205275288275315
7110,2019-07-24 06:00:00,2.6922e-05,0.3580527155753074
7111,2019-07-24 07:00:00,2.749e-05,0.9403623071977323
7112,2019-07-24 08:00:00,1.738e-05,0.6371058046287678
7113,2019-07-24 09:00:00,1.1767e-05,0.38658253028374157
7114,2019-07-24 10:00:00,0.000183918,0.9362744616208989
7115,2019-07-24 11:00:00,0.000431004,0.9083370197137548
7116,2019-07-24 12:00:00,0.000642238,0.014172751695932018
7117,2019-07-24 13:00:00,0.001077765,0.768598622667432
7118,2019-07-24 14:00:00,0.00124029,0.7692530034602627
7119,2019-07-24 15:00:00,0.002048333,0.8136132206172425
7120,2019-07-24 16:00:00,0.004203368,0.3686060339015208
7121,2019-07-24 17:00:00,0.006166314,0.0858716531636129
7122,2019-07-24 18:00:00,0.005954172,0.4303107217132872
7123,2019-07-24 19:00:00,0.006089911,0.07204023123736147
7124,2019-07-24 20:00:00,0.003354803,0.7222904667411936
7125,2019-07-24 21:00:00,0.001675604,0.257438872057705
7126,2019-07-24 22:00:00,0.00088884,0.4619662850959767
7127,2019-07-24 23:00:00,0.000631994,0.26617595303836494
7128,2019-07-25 00:00:00,0.000339447,0.10704283790384606
7129,2019-07-25 01:00:00,0.000174549,0.1432041690959589
7130,2019-07-25 02:00:00,6.8529e-05,0.17048538175427108
7131,2019-07-25 03:00:00,5.3706e-05,0.8532692947384695
7132,2019-07-25 04:00:00,2.9035e-05,0.830892349938794
7133,2019-07-25 05:00:00,1.8437e-05,0.5327124556283571
7134,2019-07-25 06:00:00,1.4152e-05,0.9294419355565492
7135,2019-07-25 07:00:00,1.4523e-05,0.8349165212587751
7136,2019-07-25 08:00:00,1.6512e-05,0.3118851489035085
7137,2019-07-25 09:00:00,1.3822e-05,0.9923202802130794
7138,2019-07-25 10:00:00,1.0473e-05,0.7026372160587393
7139,2019-07-25 11:00:00,8.241e-06,0.5224510849007156
7140,2019-07-25 12:00:00,6.396e-06,0.585928303920943
7141,2019-07-25 13:00:00,5.387e-06,0.11307722476708382
7142,2019-07-25 14:00:00,4.3251e-05,0.5747417373322569
7143,2019-07-25 15:00:00,8.6633e-05,0.7680042968630538
7144,2019-07-25 16:00:00,0.000113822,0.3527000326269242
7145,2019-07-25 17:00:00,0.000164195,0.6448497461822308
7146,2019-07-25 18:00:00,0.000199554,0.0215416458722425
7147,2019-07-25 19:00:00,0.000163663,0.27109158519912724
7148,2019-07-25 20:00:00,0.000108948,0.861228514056219
7149,2019-07-25 21:00:00,6.8319e-05,0.7426558908502184
7150,2019-07-25 22:00:00,2.8219e-05,0.537384665957889
7151,2019-07-25 23:00:00,1.7114e-05,0.45068443310123496
7152,2019-07-26 00:00:00,7.861e-06,0.2817598150219526
7153,2019-07-26 01:00:00,3.139e-06,0.8199938787324844
7154,2019-07-26 02:00:00,1.303e-06,0.6429231585413093
7155,2019-07-26 03:00:00,0.0,0.4202456413891369
7156,2019-07-26 04:00:00,0.0,0.35933173920387884
7157,2019-07-26 05:00:00,0.0,0.49762391315561316
7158,2019-07-26 06:00:00,0.0,0.0502622944573794
7159,2019-07-26 07:00:00,0.0,0.8031786312016618
7160,2019-07-26 08:00:00,0.0,0.018434183726166453
7161,2019-07-26 09:00:00,0.0,0.9240692208109244
7162,2019-07-26 10:00:00,0.0,0.9843758995668468
7163,2019-07-26 11:00:00,0.0,0.802067700375975
7164,2019-07-26 12:00:00,0.0,0.36203476226538833
7165,2019-07-26 13:00:00,0.0,0.05174440058541219
7166,2019-07-26 14:00:00,0.0,0.25589912847611473
7167,2019-07-26 15:00:00,0.0,0.3251603103602724
7168,2019-07-26 16:00:00,0.0,0.3892885535048234
7169,2019-07-26 17:00:00,0.0,0.16608653083060332
7170,2019-07-26 18:00:00,0.0,0.675946469947928
7171,2019-07-26 19:00:00,0.0,0.5801735900187543
7172,2019-07-26 20:00:00,0.0,0.3981791619951548
7173,2019-07-26 21:00:00,0.0,0.8445770636315605
7174,2019-07-26 22:00:00,0.0,0.8166079834529997
7175,2019-07-26 23:00:00,0.0,0.9374185039169188
7176,2019-07-27 00:00:00,0.0,0.09170015296680656
7177,2019-07-27 01:00:00,0.0,0.3038806873677933
7178,2019-07-27 02:00:00,0.0,0.01340432426507121
7179,2019-07-27 03:00:00,0.0,0.6984386114201777
7180,2019-07-27 04:00:00,0.0,0.9956363556403522
7181,2019-07-27 05:00:00,0.0,0.3840033303115642
7182,2019-07-27 06:00:00,0.0,0.6996649925952136
7183,2019-07-27 07:00:00,0.0,0.6709294195037104
7184,2019-07-27 08:00:00,0.0,0.5029347410835344
7185,2019-07-27 09:00:00,0.0,0.9013330679015356
7186,2019-07-27 10:00:00,0.0,0.8898275366523191
7187,2019-07-27 11:00:00,0.0,0.6668600589679559
7188,2019-07-27 12:00:00,0.0,0.6823067791037664
7189,2019-07-27 13:00:00,0.0,0.5414866367210088
7190,2019-07-27 14:00:00,0.0,0.36875587733446724
7191,2019-07-27 15:00:00,0.0,0.6493235695967895
7192,2019-07-27 16:00:00,0.0,0.43431658544062
7193,2019-07-27 17:00:00,0.0,0.09695648764314468
7194,2019-07-27 18:00:00,0.0,0.9952606388433851
7195,2019-07-27 19:00:00,0.0,0.4966131812246489
7196,2019-07-27 20:00:00,0.0,0.24360714848332465
7197,2019-07-27 21:00:00,0.0,0.7330823197210865
7198,2019-07-27 22:00:00,0.0,0.9450253307106871
7199,2019-07-27 23:00:00,0.0,0.36823696521477267
7200,2019-07-28 00:00:00,0.0,0.14851583097367482
7201,2019-07-28 01:00:00,0.0,0.20354377361857368
7202,2019-07-28 02:00:00,0.0,0.8849951412239214
7203,2019-07-28 03:00:00,0.0,0.13102231906770445
7204,2019-07-28 04:00:00,0.0,0.04868594572749463
7205,2019-07-28 05:00:00,0.0,0.5185163532921634
7206,2019-07-28 06:00:00,0.0,0.18113320243440567
7207,2019-07-28 07:00:00,0.0,0.9153079643825783
7208,2019-07-28 08:00:00,0.0,0.5142805473949226
7209,2019-07-28 09:00:00,0.0,0.2133104836240256
7210,2019-07-28 10:00:00,0.0,0.4639865278493823
7211,2019-07-28 11:00:00,0.0,0.028515108307351045
7212,2019-07-28 12:00:00,0.0,0.4599488469878451
7213,2019-07-28 13:00:00,0.0,0.9928083889397867
7214,2019-07-28 14:00:00,0.0,0.9477156682823159
7215,2019-07-28 15:00:00,0.0,0.8446191973271935
7216,2019-07-28 16:00:00,0.0,0.5666959475890992
7217,2019-07-28 17:00:00,0.0,0.38246348977879263
7218,2019-07-28 18:00:00,0.0,0.9493703965999951
7219,2019-07-28 19:00:00,0.0,0.9317564788336936
7220,2019-07-28 20:00:00,0.0,0.3416990275733641
7221,2019-07-28 21:00:00,0.0,0.5284157277242588
7222,2019-07-28 22:00:00,0.0,0.09440625523209023
7223,2019-07-28 23:00:00,0.0,0.03793459939054522
7224,2019-07-29 00:00:00,0.0,0.10766666238217437
7225,2019-07-29 01:00:00,0.0,0.4214305795645429
7226,2019-07-29 02:00:00,0.0,0.6411264856509108
7227,2019-07-29 03:00:00,0.0,0.4155919059875631
7228,2019-07-29 04:00:00,0.0,0.2194175090972983
7229,2019-07-29 05:00:00,0.0,0.9582930023329935
7230,2019-07-29 06:00:00,0.0,0.14355254266217488
7231,2019-07-29 07:00:00,0.0,0.2569364009904027
7232,2019-07-29 08:00:00,0.0,0.10755538968418865
7233,2019-07-29 09:00:00,0.0,0.7457069016290003
7234,2019-07-29 10:00:00,0.0,0.4394804689623999
7235,2019-07-29 11:00:00,0.0,0.3622364170950706
7236,2019-07-29 12:00:00,0.0,0.5780199995966896
7237,2019-07-29 13:00:00,0.0,0.9505441866201001
7238,2019-07-29 14:00:00,0.0,0.8773094865263307
7239,2019-07-29 15:00:00,0.0,0.26020672934475764
7240,2019-07-29 16:00:00,0.0,0.9383644830976632
7241,2019-07-29 17:00:00,0.0,0.5312890594996101
7242,2019-07-29 18:00:00,0.0,0.9127709807914899
7243,2019-07-29 19:00:00,0.0,0.9071942989005003
7244,2019-07-29 20:00:00,0.0,0.3060990207630304
7245,2019-07-29 21:00:00,0.0,0.7748665228931421
7246,2019-07-29 22:00:00,0.0,0.43098861437738667
7247,2019-07-29 23:00:00,0.0,0.14589239002991228
7248,2019-07-30 00:00:00,0.0,0.5850684517010302
7249,2019-07-30 01:00:00,0.0,0.1478061584793079
7250,2019-07-30 02:00:00,0.0,0.07279795212387818
7251,2019-07-30 03:00:00,0.0,0.7793494806699209
7252,2019-07-30 04:00:00,0.0,0.8807932441758783
7253,2019-07-30 05:00:00,0.0,0.8207726577270152
7254,2019-07-30 06:00:00,0.0,0.8168713373959873
7255,2019-07-30 07:00:00,0.0,0.9116431004006605
7256,2019-07-30 08:00:00,0.0,0.32856792012547387
7257,2019-07-30 09:00:00,0.0,0.05465540042268624
7258,2019-07-30 10:00:00,0.0,0.36499761387898966
7259,2019-07-30 11:00:00,0.0,0.16014387281860065
7260,2019-07-30 12:00:00,0.0,0.08188650455964475
7261,2019-07-30 13:00:00,0.0,0.7402079898159467
7262,2019-07-30 14:00:00,0.0,0.3332326878861309
7263,2019-07-30 15:00:00,0.0,0.12531257794350648
7264,2019-07-30 16:00:00,0.0,0.8439213576646236
7265,2019-07-30 17:00:00,0.0,0.4099411778142974
7266,2019-07-30 18:00:00,0.0,0.42814790965258576
7267,2019-07-30 19:00:00,0.0,0.955772844715194
7268,2019-07-30 20:00:00,0.0,0.7889675236084115
7269,2019-07-30 21:00:00,0.0,0.808761807099684
7270,2019-07-30 22:00:00,0.0,0.5998437989784574
7271,2019-07-30 23:00:00,0.0,0.5077465904013084
7272,2019-07-31 00:00:00,0.0,0.7848859849219624
7273,2019-07-31 01:00:00,0.0,0.29488614996461915
7274,2019-07-31 02:00:00,0.0,0.5320954439014615
7275,2019-07-31 03:00:00,0.0,0.876311219386573
7276,2019-07-31 04:00:00,0.0,0.27816782969955167
7277,2019-07-31 05:00:00,0.0,0.4518237632960539
7278,2019-07-31 06:00:00,0.0,0.9127284880884704
7279,2019-07-31 07:00:00,0.0,0.5363008053596147
7280,2019-07-31 08:00:00,0.0,0.8394000339362201
7281,2019-07-31 09:00:00,0.0,0.13655862673938424
7282,2019-07-31 10:00:00,0.0,0.988626741705758
7283,2019-07-31 11:00:00,0.0,0.8095219329428526
7284,2019-07-31 12:00:00,0.0,0.712956112358796
7285,2019-07-31 13:00:00,0.0,0.014054685680442214
7286,2019-07-31 14:00:00,0.0,0.22470891734796483
7287,2019-07-31 15:00:00,0.0,0.2900347473191631
7288,2019-07-31 16:00:00,0.0,0.16375869359736972
7289,2019-07-31 17:00:00,0.0,0.5346044203088125
7290,2019-07-31 18:00:00,0.0,0.5984441119235684
7291,2019-07-31 19:00:00,0.0,0.42031672096867745
7292,2019-07-31 20:00:00,0.0,0.17314212436692833
7293,2019-07-31 21:00:00,0.0,0.5018584182114793
7294,2019-07-31 22:00:00,0.0,0.8374726413608603
7295,2019-07-31 23:00:00,0.0,0.21257919788403457
7296,2019-08-01 00:00:00,0.0,0.9832018568617701
7297,2019-08-01 01:00:00,0.0,0.792653383000153
7298,2019-08-01 02:00:00,0.0,0.15948502468798165
7299,2019-08-01 03:00:00,0.0,0.6406000264682635
7300,2019-08-01 04:00:00,0.0,0.8362503572607162
7301,2019-08-01 05:00:00,0.0,0.5236730919613484
7302,2019-08-01 06:00:00,0.0,0.0016292751227988678
7303,2019-08-01 07:00:00,0.0,0.7166951619895466
7304,2019-08-01 08:00:00,0.0,0.6087849421560726
7305,2019-08-01 09:00:00,0.0,0.21028871768094437
7306,2019-08-01 10:00:00,0.0,0.715002911568492
7307,2019-08-01 11:00:00,0.0,0.44360140790789904
7308,2019-08-01 12:00:00,0.0,0.26424004668269985
7309,2019-08-01 13:00:00,0.0,0.09484328261690722
7310,2019-08-01 14:00:00,0.0,0.45110560055366977
7311,2019-08-01 15:00:00,0.0,0.35970903241438046
7312,2019-08-01 16:00:00,0.0,0.41507397602118923
7313,2019-08-01 17:00:00,0.0,0.7933676734310097
7314,2019-08-01 18:00:00,0.0,0.07217113810075904
7315,2019-08-01 19:00:00,0.0,0.7569475265394262
7316,2019-08-01 20:00:00,0.0,0.5722790277476771
7317,2019-08-01 21:00:00,0.0,0.7121870186653557
7318,2019-08-01 22:00:00,0.0,0.6460237917562077
7319,2019-08-01 23:00:00,0.0,0.666738626154469
7320,2019-08-02 00:00:00,0.0,0.6036045831138369
7321,2019-08-02 01:00:00,0.0,0.9114063329963807
7322,2019-08-02 02:00:00,0.0,0.7381548774142382
7323,2019-08-02 03:00:00,0.0,0.9345621155575546
7324,2019-08-02 04:00:00,0.0,0.21879638029060655
7325,2019-08-02 05:00:00,0.0,0.756237875218611
7326,2019-08-02 06:00:00,0.0,0.46283909960333625
7327,2019-08-02 07:00:00,0.0,0.9980350084274456
7328,2019-08-02 08:00:00,0.0,0.4116563363952994
7329,2019-08-02 09:00:00,0.0,0.2934874693463996
7330,2019-08-02 10:00:00,0.0,0.7715374639901671
7331,2019-08-02 11:00:00,0.0,0.15767274967930078
7332,2019-08-02 12:00:00,0.0,0.3918481899278621
7333,2019-08-02 13:00:00,0.0,0.013591578578218577
7334,2019-08-02 14:00:00,0.0,0.05253719404908885
7335,2019-08-02 15:00:00,0.0,0.9602807035598052
7336,2019-08-02 16:00:00,0.0,0.7592808257204307
7337,2019-08-02 17:00:00,0.0,0.23506935156190545
7338,2019-08-02 18:00:00,0.0,0.6413740172791381
7339,2019-08-02 19:00:00,0.0,0.6566735050407504
7340,2019-08-02 20:00:00,0.0,0.46314189208443945
7341,2019-08-02 21:00:00,0.0,0.5426729685129579
7342,2019-08-02 22:00:00,0.0,0.20625963681967918
7343,2019-08-02 23:00:00,0.0,0.695855022954071
7344,2019-08-03 00:00:00,0.0,0.1464118531697265
7345,2019-08-03 01:00:00,0.0,0.5963838766306315
7346,2019-08-03 02:00:00,0.0,0.48621229868852567
7347,2019-08-03 03:00:00,0.0,0.513130537621275
7348,2019-08-03 04:00:00,0.0,0.9607265325963193
7349,2019-08-03 05:00:00,0.0,0.9627895039284807
7350,2019-08-03 06:00:00,0.0,0.8444492631914661
7351,2019-08-03 07:00:00,0.0,0.005676067400318341
7352,2019-08-03 08:00:00,0.0,0.4547816481786924
7353,2019-08-03 09:00:00,0.0,0.8950573275756111
7354,2019-08-03 10:00:00,0.0,0.12208655436127691
7355,2019-08-03 11:00:00,0.0,0.3494940034948587
7356,2019-08-03 12:00:00,0.0,0.9777529818288778
7357,2019-08-03 13:00:00,0.0,0.43947685983063023
7358,2019-08-03 14:00:00,0.001616506,0.5523035516707491
7359,2019-08-03 15:00:00,0.001712023,0.7533821687883722
7360,2019-08-03 16:00:00,0.003363773,0.602887363633596
7361,2019-08-03 17:00:00,0.005486048,0.002938564101475194
7362,2019-08-03 18:00:00,0.005721749,0.9015065470622451
7363,2019-08-03 19:00:00,0.004130571,0.7253355195587367
7364,2019-08-03 20:00:00,0.003585025,0.18498769186277664
7365,2019-08-03 21:00:00,0.001543685,0.892819744746143
7366,2019-08-03 22:00:00,0.000736531,0.5741064150220164
7367,2019-08-03 23:00:00,0.000443988,0.9950797579739116
7368,2019-08-04 00:00:00,0.000227367,0.2973422801433939
7369,2019-08-04 01:00:00,8.9554e-05,0.08123600792363128
7370,2019-08-04 02:00:00,3.3987e-05,0.9447082976260635
7371,2019-08-04 03:00:00,2.5357e-05,0.7244054741785254
7372,2019-08-04 04:00:00,1.4168e-05,0.964455249094316
7373,2019-08-04 05:00:00,8.973e-06,0.9589206202512688
7374,2019-08-04 06:00:00,7.164e-06,0.6771265382210816
7375,2019-08-04 07:00:00,5.88e-06,0.5258653984230128
7376,2019-08-04 08:00:00,4.613e-06,0.22193157567100852
7377,2019-08-04 09:00:00,3.977e-06,0.6866603419416495
7378,2019-08-04 10:00:00,0.000162341,0.9915550636480736
7379,2019-08-04 11:00:00,0.000643742,0.5619328212528492
7380,2019-08-04 12:00:00,0.001094268,0.9517882973373695
7381,2019-08-04 13:00:00,0.001070602,0.6910674848299719
7382,2019-08-04 14:00:00,0.00099384,0.06778895287486775
7383,2019-08-04 15:00:00,0.00120941,0.3060499430013903
7384,2019-08-04 16:00:00,0.002097171,0.7063117000270818
7385,2019-08-04 17:00:00,0.003120616,0.7139745229377676
7386,2019-08-04 18:00:00,0.003332012,0.5365113239504076
7387,2019-08-04 19:00:00,0.003392561,0.6104265423499846
7388,2019-08-04 20:00:00,0.001305138,0.9865105489286764
7389,2019-08-04 21:00:00,0.000825924,0.07033952505917351
7390,2019-08-04 22:00:00,0.00046204,0.34837619781280316
7391,2019-08-04 23:00:00,0.000291135,0.5639500647292064
7392,2019-08-05 00:00:00,0.000177258,0.7667337486357535
7393,2019-08-05 01:00:00,5.9598e-05,0.40266388122868424
7394,2019-08-05 02:00:00,2.584e-05,0.3588008648034928
7395,2019-08-05 03:00:00,2.1153e-05,0.0315879730891534
7396,2019-08-05 04:00:00,1.1946e-05,0.08825450295630399
7397,2019-08-05 05:00:00,8.957e-06,0.06026139993567092
7398,2019-08-05 06:00:00,7.116e-06,0.32209471900208453
7399,2019-08-05 07:00:00,4.402e-06,0.9050673602186823
7400,2019-08-05 08:00:00,3.184e-06,0.6205148649017918
7401,2019-08-05 09:00:00,5.6354e-05,0.8377256285321439
7402,2019-08-05 10:00:00,0.000298024,0.7532472620616285
7403,2019-08-05 11:00:00,0.000706672,0.36018232965564856
7404,2019-08-05 12:00:00,0.001437439,0.14001437302138364
7405,2019-08-05 13:00:00,0.001510673,0.724588635764978
7406,2019-08-05 14:00:00,0.001365602,0.2149104618648776
7407,2019-08-05 15:00:00,0.001067683,0.24992891021757757
7408,2019-08-05 16:00:00,0.000916163,0.08912695727309405
7409,2019-08-05 17:00:00,0.00089376,0.8940424507300623
7410,2019-08-05 18:00:00,0.000865635,0.24846120665910432
7411,2019-08-05 19:00:00,0.000763757,0.5760155676043135
7412,2019-08-05 20:00:00,0.000470263,0.3561303829321606
7413,2019-08-05 21:00:00,0.000234687,0.4528615178087829
7414,2019-08-05 22:00:00,0.000137963,0.13645934049397745
7415,2019-08-05 23:00:00,6.415e-05,0.9619919632506896
7416,2019-08-06 00:00:00,2.7349e-05,0.3440477121184716
7417,2019-08-06 01:00:00,1.1246e-05,0.37275733892385654
7418,2019-08-06 02:00:00,4.94e-06,0.9687286431432846
7419,2019-08-06 03:00:00,2.918e-06,0.6745370938538572
7420,2019-08-06 04:00:00,1.381e-06,0.45268350123901857
7421,2019-08-06 05:00:00,0.0,0.8143554597379522
7422,2019-08-06 06:00:00,0.0,0.355200714280293
7423,2019-08-06 07:00:00,0.0,0.6956723810123702
7424,2019-08-06 08:00:00,0.0,0.10190938215024736
7425,2019-08-06 09:00:00,0.0,0.1577648035368815
7426,2019-08-06 10:00:00,0.0,0.2163084919664856
7427,2019-08-06 11:00:00,0.0,0.6631725203171576
7428,2019-08-06 12:00:00,0.000482964,0.47873435613313964
7429,2019-08-06 13:00:00,0.000951045,0.07043940122038062
7430,2019-08-06 14:00:00,0.001282235,0.6812545307471485
7431,2019-08-06 15:00:00,0.001478608,0.6515229059665811
7432,2019-08-06 16:00:00,0.001754633,0.3083981348228988
7433,2019-08-06 17:00:00,0.003737833,0.44472904480057707
7434,2019-08-06 18:00:00,0.003662745,0.07764974030298932
7435,2019-08-06 19:00:00,0.003627575,0.08786233058369186
7436,2019-08-06 20:00:00,0.001760878,0.9487195711356115
7437,2019-08-06 21:00:00,0.000996779,0.1482997778816969
7438,2019-08-06 22:00:00,0.000460906,0.18017992051614895
7439,2019-08-06 23:00:00,0.000306849,0.8019037179704923
7440,2019-08-07 00:00:00,0.000133787,0.8515263208240994
7441,2019-08-07 01:00:00,7.1032e-05,0.8864909763693826
7442,2019-08-07 02:00:00,2.4524e-05,0.514697239430155
7443,2019-08-07 03:00:00,2.0556e-05,0.3033038813336748
7444,2019-08-07 04:00:00,1.2794e-05,0.27604128529450034
7445,2019-08-07 05:00:00,7.047e-06,0.9844511690974592
7446,2019-08-07 06:00:00,4.839e-06,0.8999392271815124
7447,2019-08-07 07:00:00,3.782e-06,0.12107196893801031
7448,2019-08-07 08:00:00,3.359e-06,0.6107642404786566
7449,2019-08-07 09:00:00,2.706e-06,0.7594504239723242
7450,2019-08-07 10:00:00,2.346e-06,0.15338577606886872
7451,2019-08-07 11:00:00,0.000144091,0.4161681809686716
7452,2019-08-07 12:00:00,0.000141114,0.9348011276123936
7453,2019-08-07 13:00:00,0.000119115,0.161740202165363
7454,2019-08-07 14:00:00,9.205e-05,0.015694335886629607
7455,2019-08-07 15:00:00,6.5458e-05,0.9565891396352888
7456,2019-08-07 16:00:00,8.2615e-05,0.8095039837155582
7457,2019-08-07 17:00:00,0.000106523,0.46415666472970696
7458,2019-08-07 18:00:00,0.000126545,0.8696103120050732
7459,2019-08-07 19:00:00,9.1581e-05,0.611822026373988
7460,2019-08-07 20:00:00,4.345e-05,0.3605604704795937
7461,2019-08-07 21:00:00,2.8676e-05,0.3050293706842008
7462,2019-08-07 22:00:00,1.4653e-05,0.5187888759378033
7463,2019-08-07 23:00:00,9.026e-06,0.6248039860207394
7464,2019-08-08 00:00:00,3.634e-06,0.9264372900653803
7465,2019-08-08 01:00:00,1.859e-06,0.9052841914942172
7466,2019-08-08 02:00:00,0.0,0.5192011576210072
7467,2019-08-08 03:00:00,0.0,0.3094637147606466
7468,2019-08-08 04:00:00,0.0,0.9976367325901472
7469,2019-08-08 05:00:00,0.0,0.8295327929332758
7470,2019-08-08 06:00:00,0.0,0.1565238245339231
7471,2019-08-08 07:00:00,0.0,0.42383490605159246
7472,2019-08-08 08:00:00,0.0,0.1057662846144285
7473,2019-08-08 09:00:00,0.0,0.6666919166910991
7474,2019-08-08 10:00:00,0.0,0.507299191289175
7475,2019-08-08 11:00:00,0.0,0.9030912058398384
7476,2019-08-08 12:00:00,0.0,0.12338327962853712
7477,2019-08-08 13:00:00,0.0,0.13791084204546988
7478,2019-08-08 14:00:00,0.0,0.7065115309874073
7479,2019-08-08 15:00:00,0.0,0.6747431597711502
7480,2019-08-08 16:00:00,0.0,0.9259218832092287
7481,2019-08-08 17:00:00,0.0,0.37493960609854904
7482,2019-08-08 18:00:00,0.0,0.5070089393615398
7483,2019-08-08 19:00:00,0.0,0.8404305893426632
7484,2019-08-08 20:00:00,0.0,0.968315423713742
7485,2019-08-08 21:00:00,0.0,0.8773439004905634
7486,2019-08-08 22:00:00,0.0,0.23901592773337266
7487,2019-08-08 23:00:00,0.0,0.5789726109260072
7488,2019-08-09 00:00:00,0.0,0.0862206734764771
7489,2019-08-09 01:00:00,0.0,0.21871369474777225
7490,2019-08-09 02:00:00,0.0,0.8907129057606634
7491,2019-08-09 03:00:00,0.0,0.8183370244311043
7492,2019-08-09 04:00:00,0.0,0.9180197388540245
7493,2019-08-09 05:00:00,0.0,0.9554533429081787
7494,2019-08-09 06:00:00,0.0,0.8485370323114254
7495,2019-08-09 07:00:00,0.0,0.8511546198601014
7496,2019-08-09 08:00:00,0.0,0.04487656891234082
7497,2019-08-09 09:00:00,0.0,0.7171080460910605
7498,2019-08-09 10:00:00,0.0,0.06000172542541693
7499,2019-08-09 11:00:00,0.0,0.7384533925514599
7500,2019-08-09 12:00:00,0.0,0.5835993225413676
7501,2019-08-09 13:00:00,0.0,0.9787787086288853
7502,2019-08-09 14:00:00,0.00176583,0.16384350332416997
7503,2019-08-09 15:00:00,0.001538281,0.986526743604548
7504,2019-08-09 16:00:00,0.002826499,0.2369092554233414
7505,2019-08-09 17:00:00,0.004135589,0.21086628662280127
7506,2019-08-09 18:00:00,0.00386741,0.6840844114500039
7507,2019-08-09 19:00:00,0.004029638,0.7939198414366007
7508,2019-08-09 20:00:00,0.002023846,0.8597120631083779
7509,2019-08-09 21:00:00,0.000947427,0.056644991330769945
7510,2019-08-09 22:00:00,0.000634714,0.5692145996009578
7511,2019-08-09 23:00:00,0.000370078,0.7241914365890523
7512,2019-08-10 00:00:00,0.00019255,0.5048482139702827
7513,2019-08-10 01:00:00,5.4536e-05,0.32886884634653213
7514,2019-08-10 02:00:00,4.1549e-05,0.2694499217823241
7515,2019-08-10 03:00:00,3.7452e-05,0.2756034364190376
7516,2019-08-10 04:00:00,2.3195e-05,0.9955703408710554
7517,2019-08-10 05:00:00,1.81e-05,0.2608392240660877
7518,2019-08-10 06:00:00,1.5082e-05,0.5553028383512533
7519,2019-08-10 07:00:00,1.0741e-05,0.46839845573900574
7520,2019-08-10 08:00:00,7.455e-06,0.6497154565556825
7521,2019-08-10 09:00:00,0.00018915,0.5314756510312817
7522,2019-08-10 10:00:00,0.000382662,0.4053339968652582
7523,2019-08-10 11:00:00,0.001052502,0.38608616204480617
7524,2019-08-10 12:00:00,0.000749943,0.7341788896692341
7525,2019-08-10 13:00:00,0.000688363,0.02927799588565505
7526,2019-08-10 14:00:00,0.001021218,0.8165595410732907
7527,2019-08-10 15:00:00,0.001239907,0.9496737624519458
7528,2019-08-10 16:00:00,0.003063858,0.7183170653034154
7529,2019-08-10 17:00:00,0.004795434,0.795107060370043
7530,2019-08-10 18:00:00,0.004984613,0.7929015969009614
7531,2019-08-10 19:00:00,0.004554202,0.7801079675729157
7532,2019-08-10 20:00:00,0.002357241,0.6488007885783668
7533,2019-08-10 21:00:00,0.001509642,0.1397021410870981
7534,2019-08-10 22:00:00,0.000871203,0.7585342785606927
7535,2019-08-10 23:00:00,0.000508681,0.6553655485535725
7536,2019-08-11 00:00:00,0.000188052,0.4042930165386147
7537,2019-08-11 01:00:00,5.2829e-05,0.31255923602553803
7538,2019-08-11 02:00:00,4.9018e-05,0.26153733550439173
7539,2019-08-11 03:00:00,5.085e-05,0.05493662323726223
7540,2019-08-11 04:00:00,3.134e-05,0.6784953719290441
7541,2019-08-11 05:00:00,2.0816e-05,0.34563295100576863
7542,2019-08-11 06:00:00,1.7689e-05,0.2642921414260696
7543,2019-08-11 07:00:00,1.49e-05,0.6951307574048367
7544,2019-08-11 08:00:00,1.0239e-05,0.5928093112633507
7545,2019-08-11 09:00:00,8.825e-06,0.9847463072337915
7546,2019-08-11 10:00:00,7.539e-06,0.8415773634988505
7547,2019-08-11 11:00:00,4.237e-06,0.4721321449963457
7548,2019-08-11 12:00:00,4.291e-06,0.7346414599340892
7549,2019-08-11 13:00:00,3.666e-06,0.5121366270507193
7550,2019-08-11 14:00:00,2.591e-06,0.22227941161901388
7551,2019-08-11 15:00:00,1.895e-06,0.28038538359196696
7552,2019-08-11 16:00:00,2.194e-06,0.2582699688718454
7553,2019-08-11 17:00:00,2.884e-06,0.7154110910294791
7554,2019-08-11 18:00:00,2.359e-06,0.9956558668615094
7555,2019-08-11 19:00:00,1.959e-06,0.6377400843759258
7556,2019-08-11 20:00:00,0.0,0.9695754336740284
7557,2019-08-11 21:00:00,0.0,0.5641616499332432
7558,2019-08-11 22:00:00,0.0,0.3694468818982869
7559,2019-08-11 23:00:00,0.0,0.706367806601835
7560,2019-08-12 00:00:00,0.0,0.8060712550149115
7561,2019-08-12 01:00:00,0.0,0.05630271862008873
7562,2019-08-12 02:00:00,0.0,0.7958361366249386
7563,2019-08-12 03:00:00,0.0,0.8645409746366503
7564,2019-08-12 04:00:00,0.0,0.1384285943858189
7565,2019-08-12 05:00:00,0.0,0.6582134775796886
7566,2019-08-12 06:00:00,0.0,0.558811340096002
7567,2019-08-12 07:00:00,0.0,0.4615847536958402
7568,2019-08-12 08:00:00,0.0,0.379614021860361
7569,2019-08-12 09:00:00,0.0,0.26601091198218196
7570,2019-08-12 10:00:00,0.0,0.3584781936714646
7571,2019-08-12 11:00:00,0.0,0.4899246623227309
7572,2019-08-12 12:00:00,0.0,0.8887787327411948
7573,2019-08-12 13:00:00,0.0,0.5926698345477253
7574,2019-08-12 14:00:00,0.0,0.3749208694586442
7575,2019-08-12 15:00:00,0.0,0.08126994566531132
7576,2019-08-12 16:00:00,0.0,0.8572301740234329
7577,2019-08-12 17:00:00,0.0,0.8708079629081255
7578,2019-08-12 18:00:00,0.0,0.3351396555785432
7579,2019-08-12 19:00:00,0.0,0.21701763801915652
7580,2019-08-12 20:00:00,0.0,0.7371604281928903
7581,2019-08-12 21:00:00,0.0,0.38008622263449765
7582,2019-08-12 22:00:00,0.0,0.38910719352228373
7583,2019-08-12 23:00:00,0.0,0.7595613819604223
7584,2019-08-13 00:00:00,0.0,0.6157188723322318
7585,2019-08-13 01:00:00,0.0,0.4266345896621584
7586,2019-08-13 02:00:00,0.0,0.08106383839188891
7587,2019-08-13 03:00:00,0.0,0.1833638112453272
7588,2019-08-13 04:00:00,0.0,0.5089416983191147
7589,2019-08-13 05:00:00,0.0,0.7214053716485584
7590,2019-08-13 06:00:00,0.0,0.9837700816045328
7591,2019-08-13 07:00:00,0.0,0.47272228334162714
7592,2019-08-13 08:00:00,0.0,0.3272204011412202
7593,2019-08-13 09:00:00,0.0,0.30167508080160854
7594,2019-08-13 10:00:00,0.0,0.8525025596593375
7595,2019-08-13 11:00:00,0.0,0.5109585123597257
7596,2019-08-13 12:00:00,0.0,0.4255131947076286
7597,2019-08-13 13:00:00,0.0,0.3845115781249263
7598,2019-08-13 14:00:00,0.0,0.7461952133210418
7599,2019-08-13 15:00:00,0.0,0.17438151620127873
7600,2019-08-13 16:00:00,0.0,0.43806385706886575
7601,2019-08-13 17:00:00,0.0,0.7855741618811499
7602,2019-08-13 18:00:00,0.0,0.3978279154600285
7603,2019-08-13 19:00:00,0.0,0.07022504403326313
7604,2019-08-13 20:00:00,0.0,0.26153238498805476
7605,2019-08-13 21:00:00,0.0,0.791613811720049
7606,2019-08-13 22:00:00,0.0,0.8611628027258184
7607,2019-08-13 23:00:00,0.0,0.0897266905272398
7608,2019-08-14 00:00:00,0.0,0.35092931240062497
7609,2019-08-14 01:00:00,0.0,0.051361237484815137
7610,2019-08-14 02:00:00,0.0,0.3652062168699597
7611,2019-08-14 03:00:00,0.0,0.3588528725650483
7612,2019-08-14 04:00:00,0.0,0.37748162290708054
7613,2019-08-14 05:00:00,0.0,0.30263802963116426
7614,2019-08-14 06:00:00,0.0,0.07147086132141434
7615,2019-08-14 07:00:00,0.0,0.5270755457591144
7616,2019-08-14 08:00:00,0.0,0.982168479818989
7617,2019-08-14 09:00:00,0.0,0.32087088015013787
7618,2019-08-14 10:00:00,0.0,0.18350503391212236
7619,2019-08-14 11:00:00,0.0,0.5771693060540303
7620,2019-08-14 12:00:00,0.0,0.127287230640186
7621,2019-08-14 13:00:00,0.0,0.08032863134438006
7622,2019-08-14 14:00:00,0.0,0.2004166273389849
7623,2019-08-14 15:00:00,0.0,0.21142497433489515
7624,2019-08-14 16:00:00,0.0,0.6537713102277911
7625,2019-08-14 17:00:00,0.0,0.09138682680207832
7626,2019-08-14 18:00:00,0.0,0.6456541602781494
7627,2019-08-14 19:00:00,0.0,0.9977826909903293
7628,2019-08-14 20:00:00,0.0,0.3347268792347089
7629,2019-08-14 21:00:00,0.0,0.4284787017449072
7630,2019-08-14 22:00:00,0.0,0.2738079050344183
7631,2019-08-14 23:00:00,0.0,0.2916358744469638
7632,2019-08-15 00:00:00,0.0,0.8210836455918729
7633,2019-08-15 01:00:00,0.0,0.10865421437278844
7634,2019-08-15 02:00:00,0.0,0.059545601527954406
7635,2019-08-15 03:00:00,0.0,0.6680370477121962
7636,2019-08-15 04:00:00,0.0,0.5088500999906724
7637,2019-08-15 05:00:00,0.0,0.5228074001933585
7638,2019-08-15 06:00:00,0.0,0.5689689419473277
7639,2019-08-15 07:00:00,0.0,0.6643287910767108
7640,2019-08-15 08:00:00,0.0,0.511341452763888
7641,2019-08-15 09:00:00,0.0,0.8960399666406754
7642,2019-08-15 10:00:00,0.0,0.46536109948179727
7643,2019-08-15 11:00:00,0.0,0.1920970153491508
7644,2019-08-15 12:00:00,0.0,0.8410869269610689
7645,2019-08-15 13:00:00,0.0,0.21739296709282185
7646,2019-08-15 14:00:00,0.0,0.5558478520757014
7647,2019-08-15 15:00:00,0.0,0.2620629048388202
7648,2019-08-15 16:00:00,0.0,0.8624527581164305
7649,2019-08-15 17:00:00,0.0,0.9660672290544191
7650,2019-08-15 18:00:00,0.0,0.5613921862148636
7651,2019-08-15 19:00:00,0.0,0.2719246362458788
7652,2019-08-15 20:00:00,0.0,0.9176373430457972
7653,2019-08-15 21:00:00,0.0,0.7160138853685107
7654,2019-08-15 22:00:00,0.0,0.43532910835069405
7655,2019-08-15 23:00:00,0.0,0.08607551787325696
7656,2019-08-16 00:00:00,0.0,0.1348601398599596
7657,2019-08-16 01:00:00,0.0,0.4891602332382713
7658,2019-08-16 02:00:00,0.0,0.5518027673902598
7659,2019-08-16 03:00:00,0.0,0.1332357248307745
7660,2019-08-16 04:00:00,0.0,0.9365433088328466
7661,2019-08-16 05:00:00,0.0,0.2937644701263238
7662,2019-08-16 06:00:00,0.0,0.12158426766738173
7663,2019-08-16 07:00:00,0.0,0.2577186074665666
7664,2019-08-16 08:00:00,0.0,0.7147226833418379
7665,2019-08-16 09:00:00,0.0,0.9668043995266314
7666,2019-08-16 10:00:00,0.0,0.5923993470601036
7667,2019-08-16 11:00:00,0.0,0.9252776125655074
7668,2019-08-16 12:00:00,0.0,0.7724720212550918
7669,2019-08-16 13:00:00,0.0,0.7500324555891252
7670,2019-08-16 14:00:00,0.0,0.4342448951197767
7671,2019-08-16 15:00:00,0.0,0.19709381441761376
7672,2019-08-16 16:00:00,0.0,0.9390342235895047
7673,2019-08-16 17:00:00,0.0,0.42452485941070717
7674,2019-08-16 18:00:00,0.0,0.17807137615228374
7675,2019-08-16 19:00:00,0.0,0.0020476796692208143
7676,2019-08-16 20:00:00,0.0,0.4674761972888286
7677,2019-08-16 21:00:00,0.0,0.09398199632689952
7678,2019-08-16 22:00:00,0.0,0.2510734951671213
7679,2019-08-16 23:00:00,0.0,0.10209682043534007
7680,2019-08-17 00:00:00,0.0,0.8973643960817991
7681,2019-08-17 01:00:00,0.0,0.41944691755257724
7682,2019-08-17 02:00:00,0.0,0.2681820437662301
7683,2019-08-17 03:00:00,0.0,0.49273659135021297
7684,2019-08-17 04:00:00,0.0,0.6654603878172317
7685,2019-08-17 05:00:00,0.0,0.2942053151779802
7686,2019-08-17 06:00:00,0.0,0.6793693563893518
7687,2019-08-17 07:00:00,0.0,0.22672201201421627
7688,2019-08-17 08:00:00,0.0,0.9609797065723813
7689,2019-08-17 09:00:00,0.0,0.6130594127071115
7690,2019-08-17 10:00:00,0.0,0.12306577054580292
7691,2019-08-17 11:00:00,0.0,0.33855714762081834
7692,2019-08-17 12:00:00,0.0,0.3469269010191336
7693,2019-08-17 13:00:00,0.0,0.42276441798713893
7694,2019-08-17 14:00:00,0.0,0.4176519125050372
7695,2019-08-17 15:00:00,0.0,0.8031330679345803
7696,2019-08-17 16:00:00,0.0,0.9873343494770425
7697,2019-08-17 17:00:00,0.0,0.00792866329896158
7698,2019-08-17 18:00:00,0.0,0.20837286470607264
7699,2019-08-17 19:00:00,0.0,0.9498608891382191
7700,2019-08-17 20:00:00,0.0,0.7024751887561722
7701,2019-08-17 21:00:00,0.0,0.614574071097231
7702,2019-08-17 22:00:00,0.0,0.6716658292731863
7703,2019-08-17 23:00:00,0.0,0.3940456611670945
7704,2019-08-18 00:00:00,0.0,0.5130891355644883
7705,2019-08-18 01:00:00,0.0,0.05798464692622851
7706,2019-08-18 02:00:00,0.0,0.9464845957115383
7707,2019-08-18 03:00:00,0.0,0.23981103546599003
7708,2019-08-18 04:00:00,0.0,0.2979869104128795
7709,2019-08-18 05:00:00,0.0,0.33847186356231196
7710,2019-08-18 06:00:00,0.0,0.4997391770345989
7711,2019-08-18 07:00:00,0.0,0.3310943983066965
7712,2019-08-18 08:00:00,0.0,0.6383704159762688
7713,2019-08-18 09:00:00,0.0,0.7498951489288053
7714,2019-08-18 10:00:00,0.0,0.7782475722133929
7715,2019-08-18 11:00:00,0.0,0.3007647037294917
7716,2019-08-18 12:00:00,0.0,0.23127228075987494
7717,2019-08-18 13:00:00,0.0,0.6069514802528848
7718,2019-08-18 14:00:00,0.0,0.36065224162749787
7719,2019-08-18 15:00:00,0.0,0.0020635672816665673
7720,2019-08-18 16:00:00,0.0,0.3225435824909293
7721,2019-08-18 17:00:00,0.0,0.6382348939414191
7722,2019-08-18 18:00:00,0.0,0.6710162230285445
7723,2019-08-18 19:00:00,0.0,0.5284345712209869
7724,2019-08-18 20:00:00,0.0,0.6756575604176969
7725,2019-08-18 21:00:00,0.0,0.9033832145857574
7726,2019-08-18 22:00:00,0.0,0.5166181196117647
7727,2019-08-18 23:00:00,0.0,0.8610424947406544
7728,2019-08-19 00:00:00,0.0,0.7872333400710824
7729,2019-08-19 01:00:00,0.0,0.42895220831736114
7730,2019-08-19 02:00:00,0.0,0.8822525672548203
7731,2019-08-19 03:00:00,0.0,0.13733938338608076
7732,2019-08-19 04:00:00,0.0,0.36782075619988186
7733,2019-08-19 05:00:00,0.0,0.40183374614895273
7734,2019-08-19 06:00:00,0.0,0.4249966224855616
7735,2019-08-19 07:00:00,0.0,0.02722387706233531
7736,2019-08-19 08:00:00,0.0,0.17227193625756243
7737,2019-08-19 09:00:00,0.0,0.766722213511698
7738,2019-08-19 10:00:00,0.0,0.1558358896826192
7739,2019-08-19 11:00:00,0.0,0.6405498807008411
7740,2019-08-19 12:00:00,0.0,0.5319618755624943
7741,2019-08-19 13:00:00,0.0,0.45401526181474017
7742,2019-08-19 14:00:00,0.0,0.9857631714422022
7743,2019-08-19 15:00:00,0.0,0.27099859000083193
7744,2019-08-19 16:00:00,0.0,0.08998052502202436
7745,2019-08-19 17:00:00,0.0,0.8756480232722383
7746,2019-08-19 18:00:00,0.0,0.9856239191467328
7747,2019-08-19 19:00:00,0.0,0.8932077123524275
7748,2019-08-19 20:00:00,0.0,0.32464340292315375
7749,2019-08-19 21:00:00,0.0,0.7935994032725435
7750,2019-08-19 22:00:00,0.0,0.7185156818002989
7751,2019-08-19 23:00:00,0.0,0.43066148078464217
7752,2019-08-20 00:00:00,0.0,0.35489745817709273
7753,2019-08-20 01:00:00,0.0,0.8232412443413928
7754,2019-08-20 02:00:00,0.0,0.8576233939026238
7755,2019-08-20 03:00:00,0.0,0.6243156614283212
7756,2019-08-20 04:00:00,0.0,0.05628515239949883
7757,2019-08-20 05:00:00,0.0,0.08813553887513748
7758,2019-08-20 06:00:00,0.0,0.8629217262896547
7759,2019-08-20 07:00:00,0.0,0.7935407941195446
7760,2019-08-20 08:00:00,0.0,0.2849105464229784
7761,2019-08-20 09:00:00,0.0,0.006793685475850131
7762,2019-08-20 10:00:00,0.0,0.03221877219058067
7763,2019-08-20 11:00:00,0.0,0.8171768777092769
7764,2019-08-20 12:00:00,0.0,0.469722772506329
7765,2019-08-20 13:00:00,0.0,0.8358949600550525
7766,2019-08-20 14:00:00,0.0,0.7036601276504962
7767,2019-08-20 15:00:00,0.0,0.2775665824703365
7768,2019-08-20 16:00:00,0.0,0.028786964759668354
7769,2019-08-20 17:00:00,0.0,0.2682625230964717
7770,2019-08-20 18:00:00,0.0,0.739330412692794
7771,2019-08-20 19:00:00,0.0,0.08644025024019641
7772,2019-08-20 20:00:00,0.0,0.7772241842193898
7773,2019-08-20 21:00:00,0.0,0.4352779863109102
7774,2019-08-20 22:00:00,0.0,0.3933523650833083
7775,2019-08-20 23:00:00,0.0,0.24400054294894824
7776,2019-08-21 00:00:00,0.0,0.4544184065402753
7777,2019-08-21 01:00:00,0.0,0.06645810871679458
7778,2019-08-21 02:00:00,0.0,0.35745636303489525
7779,2019-08-21 03:00:00,0.0,0.40280903994554873
7780,2019-08-21 04:00:00,0.0,0.00134738578554916
7781,2019-08-21 05:00:00,0.0,0.2988444030018398
7782,2019-08-21 06:00:00,0.0,0.48963578200722035
7783,2019-08-21 07:00:00,0.0,0.49595238173473577
7784,2019-08-21 08:00:00,0.0,0.09364135262176077
7785,2019-08-21 09:00:00,0.0,0.9780803642013829
7786,2019-08-21 10:00:00,0.0,0.5317659196410169
7787,2019-08-21 11:00:00,0.0,0.40993994553773616
7788,2019-08-21 12:00:00,0.0,0.3226404367228837
7789,2019-08-21 13:00:00,0.0,0.6629122167528422
7790,2019-08-21 14:00:00,0.0,0.8965361736364833
7791,2019-08-21 15:00:00,0.0,0.9895544179845259
7792,2019-08-21 16:00:00,0.0,0.6969352496255897
7793,2019-08-21 17:00:00,0.0,0.4015934213269783
7794,2019-08-21 18:00:00,0.0,0.43456158496460684
7795,2019-08-21 19:00:00,0.0,0.297103103245305
7796,2019-08-21 20:00:00,0.0,0.9067402351722846
7797,2019-08-21 21:00:00,0.0,0.3861377635105784
7798,2019-08-21 22:00:00,0.0,0.11068865674580408
7799,2019-08-21 23:00:00,0.0,0.30760704139854267
7800,2019-08-22 00:00:00,0.0,0.1883524742824143
7801,2019-08-22 01:00:00,0.0,0.705634704639203
7802,2019-08-22 02:00:00,0.0,0.29905227191735484
7803,2019-08-22 03:00:00,0.0,0.017411669639867955
7804,2019-08-22 04:00:00,0.0,0.0781592606465269
7805,2019-08-22 05:00:00,0.0,0.10706146351702506
7806,2019-08-22 06:00:00,0.0,0.0658906914289914
7807,2019-08-22 07:00:00,0.0,0.3214984170919942
7808,2019-08-22 08:00:00,0.0,0.6196868555450187
7809,2019-08-22 09:00:00,0.0,0.5932886341362362
7810,2019-08-22 10:00:00,0.0,0.3848024631611928
7811,2019-08-22 11:00:00,0.0,0.33152571807677156
7812,2019-08-22 12:00:00,0.0,0.6074048642746223
7813,2019-08-22 13:00:00,0.0,0.9498604643355535
7814,2019-08-22 14:00:00,0.0,0.8688551223476184
7815,2019-08-22 15:00:00,0.0,0.8349459288543262
7816,2019-08-22 16:00:00,0.0,0.5959184837647293
7817,2019-08-22 17:00:00,0.0,0.21129534275905315
7818,2019-08-22 18:00:00,0.0,0.8375737835409457
7819,2019-08-22 19:00:00,0.0,0.29857476307157116
7820,2019-08-22 20:00:00,0.0,0.11772332667343388
7821,2019-08-22 21:00:00,0.0,0.495238234879841
7822,2019-08-22 22:00:00,0.0,0.2274394508900126
7823,2019-08-22 23:00:00,0.0,0.22119021242264036
7824,2019-08-23 00:00:00,0.0,0.5173972089618478
7825,2019-08-23 01:00:00,0.0,0.07283940762482155
7826,2019-08-23 02:00:00,0.0,0.1378727184029862
7827,2019-08-23 03:00:00,0.0,0.1939668715126266
7828,2019-08-23 04:00:00,0.0,0.7809899279795889
7829,2019-08-23 05:00:00,0.0,0.7499466174339654
7830,2019-08-23 06:00:00,0.0,0.9610039996048041
7831,2019-08-23 07:00:00,0.0,0.09012883819482143
7832,2019-08-23 08:00:00,0.0,0.765157659596533
7833,2019-08-23 09:00:00,0.0,0.7921377657172944
7834,2019-08-23 10:00:00,0.0,0.9292921512446739
7835,2019-08-23 11:00:00,0.0,0.3212557323564055
7836,2019-08-23 12:00:00,0.0,0.0373796292622981
7837,2019-08-23 13:00:00,0.0,0.5003098769671556
7838,2019-08-23 14:00:00,0.0,0.15999480791406373
7839,2019-08-23 15:00:00,0.0,0.5498044387442732
7840,2019-08-23 16:00:00,0.0,0.3978798052902883
7841,2019-08-23 17:00:00,0.0,0.44803625486979004
7842,2019-08-23 18:00:00,0.0,0.8478208347759889
7843,2019-08-23 19:00:00,0.0,0.656403085345338
7844,2019-08-23 20:00:00,0.0,0.5783218528998094
7845,2019-08-23 21:00:00,0.0,0.30414130082814783
7846,2019-08-23 22:00:00,0.0,0.19143674904789654
7847,2019-08-23 23:00:00,0.0,0.1699777921501765
7848,2019-08-24 00:00:00,0.0,0.9221221111331854
7849,2019-08-24 01:00:00,0.0,0.14973028013651946
7850,2019-08-24 02:00:00,0.0,0.5984470131471789
7851,2019-08-24 03:00:00,0.0,0.16824036708009327
7852,2019-08-24 04:00:00,0.0,0.7021467959472651
7853,2019-08-24 05:00:00,0.0,0.00025599409115439897
7854,2019-08-24 06:00:00,0.0,0.03190835076756149
7855,2019-08-24 07:00:00,0.0,0.6478148643490248
7856,2019-08-24 08:00:00,0.0,0.6691297662631637
7857,2019-08-24 09:00:00,0.0,0.5350196956703733
7858,2019-08-24 10:00:00,0.0,0.3467798575300851
7859,2019-08-24 11:00:00,0.0,0.523217252675975
7860,2019-08-24 12:00:00,0.0,0.39501936509588664
7861,2019-08-24 13:00:00,0.0,0.9244080821230014
7862,2019-08-24 14:00:00,0.0,0.4733192012694758
7863,2019-08-24 15:00:00,0.0,0.790765805103228
7864,2019-08-24 16:00:00,0.0,0.6365635468109511
7865,2019-08-24 17:00:00,0.0,0.8993290501717617
7866,2019-08-24 18:00:00,0.0,0.05815014260772011
7867,2019-08-24 19:00:00,0.0,0.13430837069949308
7868,2019-08-24 20:00:00,0.0,0.15283870452290638
7869,2019-08-24 21:00:00,0.0,0.18463356653271035
7870,2019-08-24 22:00:00,0.0,0.5311453872668919
7871,2019-08-24 23:00:00,0.0,0.8615248899411568
7872,2019-08-25 00:00:00,0.0,0.7743113961665892
7873,2019-08-25 01:00:00,0.0,0.4151813517920704
7874,2019-08-25 02:00:00,0.0,0.050386101345706535
7875,2019-08-25 03:00:00,0.0,0.9669114062261683
7876,2019-08-25 04:00:00,0.0,0.9530165806425824
7877,2019-08-25 05:00:00,0.0,0.6673879961942473
7878,2019-08-25 06:00:00,0.0,0.5148311267648967
7879,2019-08-25 07:00:00,0.0,0.5160943483705435
7880,2019-08-25 08:00:00,0.0,0.14605696309258853
7881,2019-08-25 09:00:00,0.0,0.8719873106118926
7882,2019-08-25 10:00:00,0.0,0.4699293843320844
7883,2019-08-25 11:00:00,0.0,0.5182988346596585
7884,2019-08-25 12:00:00,0.0,0.6488949776099069
7885,2019-08-25 13:00:00,0.0,0.5111059554261735
7886,2019-08-25 14:00:00,0.0,0.1984510959741117
7887,2019-08-25 15:00:00,0.0,0.4393221574244459
7888,2019-08-25 16:00:00,0.0,0.3653036523000591
7889,2019-08-25 17:00:00,0.0,0.27023922164636716
7890,2019-08-25 18:00:00,0.0,0.49071328589507013
7891,2019-08-25 19:00:00,0.0,0.2757878406800861
7892,2019-08-25 20:00:00,0.0,0.9837951451555845
7893,2019-08-25 21:00:00,0.0,0.30358624102669396
7894,2019-08-25 22:00:00,0.0,0.13546702416237955
7895,2019-08-25 23:00:00,0.0,0.33798610551475095
7896,2019-08-26 00:00:00,0.0,0.5918019084564128
7897,2019-08-26 01:00:00,0.0,0.9554605176763761
7898,2019-08-26 02:00:00,0.0,0.9058563216777478
7899,2019-08-26 03:00:00,0.0,0.5279362713796418
7900,2019-08-26 04:00:00,0.0,0.2898485917720923
7901,2019-08-26 05:00:00,0.0,0.4772172656323884
7902,2019-08-26 06:00:00,0.0,0.6815043002606218
7903,2019-08-26 07:00:00,0.0,0.9396404169224696
7904,2019-08-26 08:00:00,0.0,0.9391246589441385
7905,2019-08-26 09:00:00,0.0,0.861836942313531
7906,2019-08-26 10:00:00,0.0,0.1375414845246855
7907,2019-08-26 11:00:00,0.0,0.5359943354820919
7908,2019-08-26 12:00:00,0.0,0.17105911162674725
7909,2019-08-26 13:00:00,0.0,0.6918466147682303
7910,2019-08-26 14:00:00,0.0,0.46088801369485966
7911,2019-08-26 15:00:00,0.0,0.5652248897897866
7912,2019-08-26 16:00:00,0.0,0.25204823091694617
7913,2019-08-26 17:00:00,0.0,0.02712071757290213
7914,2019-08-26 18:00:00,0.0,0.5796040046171161
7915,2019-08-26 19:00:00,0.0,0.5451637576228278
7916,2019-08-26 20:00:00,0.0,0.5715193472768573
7917,2019-08-26 21:00:00,0.0,0.8918683639482259
7918,2019-08-26 22:00:00,0.0,0.33190196458496557
7919,2019-08-26 23:00:00,0.0,0.2319406214134423
7920,2019-08-27 00:00:00,0.0,0.24890703954464433
7921,2019-08-27 01:00:00,0.0,0.9242713174442235
7922,2019-08-27 02:00:00,0.0,0.884631020056214
7923,2019-08-27 03:00:00,0.0,0.3295055196666644
7924,2019-08-27 04:00:00,0.0,0.7827099247559501
7925,2019-08-27 05:00:00,0.0,0.0007521905000801299
7926,2019-08-27 06:00:00,0.0,0.543672309843452
7927,2019-08-27 07:00:00,0.0,0.11624595656914782
7928,2019-08-27 08:00:00,0.0,0.4589816226277331
7929,2019-08-27 09:00:00,0.0,0.7461908651505542
7930,2019-08-27 10:00:00,0.0,0.042195030176363724
7931,2019-08-27 11:00:00,0.0,0.4146864977533732
7932,2019-08-27 12:00:00,0.0,0.06188506356705481
7933,2019-08-27 13:00:00,0.0,0.22029198637190017
7934,2019-08-27 14:00:00,0.0,0.4117952769967812
7935,2019-08-27 15:00:00,0.0,0.5801497400325163
7936,2019-08-27 16:00:00,0.0,0.4033244642196193
7937,2019-08-27 17:00:00,0.0,0.8801572996875217
7938,2019-08-27 18:00:00,0.0,0.2618761476880124
7939,2019-08-27 19:00:00,0.0,0.77752443244912
7940,2019-08-27 20:00:00,0.0,0.8924310396311771
7941,2019-08-27 21:00:00,0.0,0.79277465721221
7942,2019-08-27 22:00:00,0.0,0.5111929196040154
7943,2019-08-27 23:00:00,0.0,0.9572600606083238
7944,2019-08-28 00:00:00,0.0,0.17560546567978907
7945,2019-08-28 01:00:00,0.0,0.4156351392097478
7946,2019-08-28 02:00:00,0.0,0.6192950817017009
7947,2019-08-28 03:00:00,0.0,0.5136803154086773
7948,2019-08-28 04:00:00,0.0,0.45608269784985356
7949,2019-08-28 05:00:00,0.0,0.32199736487672637
7950,2019-08-28 06:00:00,0.0,0.34523429070608036
7951,2019-08-28 07:00:00,0.0,0.3318444623924075
7952,2019-08-28 08:00:00,0.0,0.8729934175995453
7953,2019-08-28 09:00:00,0.0,0.6544763617326594
7954,2019-08-28 10:00:00,0.0,0.6249626694533875
7955,2019-08-28 11:00:00,0.0,0.6566752704482649
7956,2019-08-28 12:00:00,0.0,0.9687365654111705
7957,2019-08-28 13:00:00,0.0,0.8984305174974426
7958,2019-08-28 14:00:00,0.0,0.16212503583344462
7959,2019-08-28 15:00:00,0.0,0.08391995974303845
7960,2019-08-28 16:00:00,0.0,0.2778881199183362
7961,2019-08-28 17:00:00,0.0,0.7179821173149858
7962,2019-08-28 18:00:00,0.0,0.8125938844092978
7963,2019-08-28 19:00:00,0.0,0.7344505400062273
7964,2019-08-28 20:00:00,0.0,0.6481485429473475
7965,2019-08-28 21:00:00,0.0,0.8866527130046914
7966,2019-08-28 22:00:00,0.0,0.46405490629110946
7967,2019-08-28 23:00:00,0.0,0.4304242540004315
7968,2019-08-29 00:00:00,0.0,0.725186512500544
7969,2019-08-29 01:00:00,0.0,0.3294194655831957
7970,2019-08-29 02:00:00,0.0,0.08449704318173368
7971,2019-08-29 03:00:00,0.0,0.9495943519366398
7972,2019-08-29 04:00:00,0.0,0.8918985709078503
7973,2019-08-29 05:00:00,0.0,0.9750627330085772
7974,2019-08-29 06:00:00,0.0,0.8257624252306556
7975,2019-08-29 07:00:00,0.0,0.7721917821054428
7976,2019-08-29 08:00:00,0.0,0.7760753567596457
7977,2019-08-29 09:00:00,0.0,0.6444304566948321
7978,2019-08-29 10:00:00,0.0,0.8001733497424918
7979,2019-08-29 11:00:00,0.0,0.658892010041597
7980,2019-08-29 12:00:00,0.0,0.4359684133393983
7981,2019-08-29 13:00:00,0.0,0.6739430936213117
7982,2019-08-29 14:00:00,0.0,0.2922779092019445
7983,2019-08-29 15:00:00,0.0,0.220913925009943
7984,2019-08-29 16:00:00,0.0,0.17602024345923106
7985,2019-08-29 17:00:00,0.0,0.7667457348879558
7986,2019-08-29 18:00:00,0.0,0.19976003033790746
7987,2019-08-29 19:00:00,0.0,0.1658019616130222
7988,2019-08-29 20:00:00,0.0,0.5802533959518069
7989,2019-08-29 21:00:00,0.0,0.022152519698109607
7990,2019-08-29 22:00:00,0.0,0.4401529747157501
7991,2019-08-29 23:00:00,0.0,0.7913514035091911
7992,2019-08-30 00:00:00,0.0,0.09254745863338043
7993,2019-08-30 01:00:00,0.0,0.28065688047669524
7994,2019-08-30 02:00:00,0.0,0.9718375630979885
7995,2019-08-30 03:00:00,0.0,0.17031013634123782
7996,2019-08-30 04:00:00,0.0,0.5470407704601036
7997,2019-08-30 05:00:00,0.0,0.6780946570486241
7998,2019-08-30 06:00:00,0.0,0.32731064734242055
7999,2019-08-30 07:00:00,0.0,0.12503415078521662
8000,2019-08-30 08:00:00,0.0,0.007957694317199615
8001,2019-08-30 09:00:00,0.0,0.6678035984715381
8002,2019-08-30 10:00:00,0.0,0.5830618395233608
8003,2019-08-30 11:00:00,0.0,0.6600873077558346
8004,2019-08-30 12:00:00,0.0,0.04102799505162491
8005,2019-08-30 13:00:00,0.0,0.7767570058369189
8006,2019-08-30 14:00:00,0.0,0.6355476780465068
8007,2019-08-30 15:00:00,0.0,0.4149462837118517
8008,2019-08-30 16:00:00,0.0,0.4101230159267638
8009,2019-08-30 17:00:00,0.0,0.852406980437988
8010,2019-08-30 18:00:00,0.0,0.15709072753686293
8011,2019-08-30 19:00:00,0.0,0.3104865223364106
8012,2019-08-30 20:00:00,0.0,0.6616941881233721
8013,2019-08-30 21:00:00,0.0,0.46857670779065563
8014,2019-08-30 22:00:00,0.0,0.3660828383584629
8015,2019-08-30 23:00:00,0.0,0.8018878070740441
8016,2019-08-31 00:00:00,0.0,0.8386594488324834
8017,2019-08-31 01:00:00,0.0,0.26098309478393267
8018,2019-08-31 02:00:00,0.0,0.36181368421631543
8019,2019-08-31 03:00:00,0.0,0.3718429542790085
8020,2019-08-31 04:00:00,0.0,0.98902887017698
8021,2019-08-31 05:00:00,0.0,0.25442988324940663
8022,2019-08-31 06:00:00,0.0,0.551205047808591
8023,2019-08-31 07:00:00,0.0,0.6671664852393847
8024,2019-08-31 08:00:00,0.0,0.48780719928030114
8025,2019-08-31 09:00:00,0.0,0.13774846000336527
8026,2019-08-31 10:00:00,0.0,0.9119309968004522
8027,2019-08-31 11:00:00,0.0,0.5630458762226647
8028,2019-08-31 12:00:00,0.0,0.87073645412196
8029,2019-08-31 13:00:00,0.0,0.048670768046268464
8030,2019-08-31 14:00:00,0.0,0.009865725031192984
8031,2019-08-31 15:00:00,0.0,0.19927115038067855
8032,2019-08-31 16:00:00,0.0,0.07520481150570046
8033,2019-08-31 17:00:00,0.0,0.7441306309484012
8034,2019-08-31 18:00:00,0.0,0.6009246077999197
8035,2019-08-31 19:00:00,0.0,0.10306085248490449
8036,2019-08-31 20:00:00,0.0,0.9288287429389539
8037,2019-08-31 21:00:00,0.0,0.04790258738078712
8038,2019-08-31 22:00:00,0.0,0.8059258216579671
8039,2019-08-31 23:00:00,0.0,0.7996461943656257
8040,2019-09-01 00:00:00,0.0,0.4335285070671381
8041,2019-09-01 01:00:00,0.0,0.3419316431887809
8042,2019-09-01 02:00:00,0.0,0.5521247362473923
8043,2019-09-01 03:00:00,0.0,0.9740145457210215
8044,2019-09-01 04:00:00,0.0,0.8270825859763801
8045,2019-09-01 05:00:00,0.0,0.35626733822134826
8046,2019-09-01 06:00:00,0.0,0.7578878666763884
8047,2019-09-01 07:00:00,0.0,0.0056493000226113255
8048,2019-09-01 08:00:00,0.0,0.9882334028390218
8049,2019-09-01 09:00:00,0.0,0.6842529867351755
8050,2019-09-01 10:00:00,0.0,0.28330624641749147
8051,2019-09-01 11:00:00,0.0,0.7489773413535264
8052,2019-09-01 12:00:00,0.0,0.5655323830004197
8053,2019-09-01 13:00:00,0.0,0.46467632088958644
8054,2019-09-01 14:00:00,0.0,0.6936634489578174
8055,2019-09-01 15:00:00,0.0,0.913485003741049
8056,2019-09-01 16:00:00,0.0,0.48496803949922596
8057,2019-09-01 17:00:00,0.0,0.8399161503320236
8058,2019-09-01 18:00:00,0.0,0.43070875620753435
8059,2019-09-01 19:00:00,0.0,0.9865655270137963
8060,2019-09-01 20:00:00,0.0,0.5360703296396576
8061,2019-09-01 21:00:00,0.0,0.833581741050257
8062,2019-09-01 22:00:00,0.0,0.5427097906816652
8063,2019-09-01 23:00:00,0.0,0.4799499895685517
8064,2019-09-02 00:00:00,0.0,0.014734664917026685
8065,2019-09-02 01:00:00,0.0,0.168420834138021
8066,2019-09-02 02:00:00,0.0,0.2972953910781182
8067,2019-09-02 03:00:00,0.0,0.46516495036023264
8068,2019-09-02 04:00:00,0.0,0.9556247011577709
8069,2019-09-02 05:00:00,0.0,0.013335965632172986
8070,2019-09-02 06:00:00,0.0,0.1947867434358238
8071,2019-09-02 07:00:00,0.0,0.42029373536029424
8072,2019-09-02 08:00:00,0.0,0.3592818159224691
8073,2019-09-02 09:00:00,0.0,0.5717017095359602
8074,2019-09-02 10:00:00,0.0,0.30056820634091364
8075,2019-09-02 11:00:00,0.0,0.3501601158858195
8076,2019-09-02 12:00:00,0.0,0.3083881799954
8077,2019-09-02 13:00:00,0.0,0.21836164848417428
8078,2019-09-02 14:00:00,0.0,0.5352194992815026
8079,2019-09-02 15:00:00,0.0,0.4991904143963395
8080,2019-09-02 16:00:00,0.0,0.13483745005945302
8081,2019-09-02 17:00:00,0.0,0.12927676013326372
8082,2019-09-02 18:00:00,0.0,0.027318865955523464
8083,2019-09-02 19:00:00,0.0,0.11182465281944176
8084,2019-09-02 20:00:00,0.0,0.2608631842374395
8085,2019-09-02 21:00:00,0.0,0.481014903293041
8086,2019-09-02 22:00:00,0.0,0.4337943693414973
8087,2019-09-02 23:00:00,0.0,0.3414232064346363
8088,2019-09-03 00:00:00,0.0,0.23226552751261187
8089,2019-09-03 01:00:00,0.0,0.4283057770293487
8090,2019-09-03 02:00:00,0.0,0.5019336156485845
8091,2019-09-03 03:00:00,0.0,0.12519687488163223
8092,2019-09-03 04:00:00,0.0,0.13168868391759314
8093,2019-09-03 05:00:00,0.0,0.9251632368761914
8094,2019-09-03 06:00:00,0.0,0.269860025332213
8095,2019-09-03 07:00:00,0.0,0.17374634993563942
8096,2019-09-03 08:00:00,0.0,0.4914926521882911
8097,2019-09-03 09:00:00,0.0,0.5105584393490862
8098,2019-09-03 10:00:00,0.0,0.2914645192881601
8099,2019-09-03 11:00:00,0.0,0.9530230762738006
8100,2019-09-03 12:00:00,0.0,0.645259042686711
8101,2019-09-03 13:00:00,0.0,0.5345551110733386
8102,2019-09-03 14:00:00,0.0,0.9073736674277156
8103,2019-09-03 15:00:00,0.0,0.44737733477762454
8104,2019-09-03 16:00:00,0.0,0.2982764354181052
8105,2019-09-03 17:00:00,0.0,0.3690190932967964
8106,2019-09-03 18:00:00,0.0,0.671101448897475
8107,2019-09-03 19:00:00,0.0,0.7771148445877334
8108,2019-09-03 20:00:00,0.0,0.8923975626477941
8109,2019-09-03 21:00:00,0.0,0.5994359216732872
8110,2019-09-03 22:00:00,0.0,0.20328827329228294
8111,2019-09-03 23:00:00,0.0,0.8712660735219958
8112,2019-09-04 00:00:00,0.0,0.5674809697208189
8113,2019-09-04 01:00:00,0.0,0.02921841743258502
8114,2019-09-04 02:00:00,0.0,0.31525429179060693
8115,2019-09-04 03:00:00,0.0,0.3739324478723446
8116,2019-09-04 04:00:00,0.0,0.49816911204481307
8117,2019-09-04 05:00:00,0.0,0.5768770700070942
8118,2019-09-04 06:00:00,0.0,0.9770884035242094
8119,2019-09-04 07:00:00,0.0,0.23468550875040606
8120,2019-09-04 08:00:00,0.0,0.5978657684799806
8121,2019-09-04 09:00:00,0.0,0.8312543158398435
8122,2019-09-04 10:00:00,0.0,0.04941686598029493
8123,2019-09-04 11:00:00,0.0,0.4760055547139572
8124,2019-09-04 12:00:00,0.0,0.42708886141965685
8125,2019-09-04 13:00:00,0.0,0.7466481959965
8126,2019-09-04 14:00:00,0.0,0.27918468403178087
8127,2019-09-04 15:00:00,0.0,0.901216953822174
8128,2019-09-04 16:00:00,0.0,0.5904817689242634
8129,2019-09-04 17:00:00,0.0,0.756653312038273
8130,2019-09-04 18:00:00,0.0,0.5035416756060719
8131,2019-09-04 19:00:00,0.0,0.5141964839223555
8132,2019-09-04 20:00:00,0.0,0.8486956955451388
8133,2019-09-04 21:00:00,0.0,0.20777113890624166
8134,2019-09-04 22:00:00,0.0,0.23211172789048462
8135,2019-09-04 23:00:00,0.0,0.3763037125635753
8136,2019-09-05 00:00:00,0.0,0.9780767968844263
8137,2019-09-05 01:00:00,0.0,0.26492123759964903
8138,2019-09-05 02:00:00,0.0,0.4694183606972484
8139,2019-09-05 03:00:00,0.0,0.9928074598038495
8140,2019-09-05 04:00:00,0.0,0.8653879566298796
8141,2019-09-05 05:00:00,0.0,0.44545476334240786
8142,2019-09-05 06:00:00,0.0,0.7770373423126931
8143,2019-09-05 07:00:00,0.0,0.061597763750311896
8144,2019-09-05 08:00:00,0.0,0.4558787129186235
8145,2019-09-05 09:00:00,0.0,0.7224444966178257
8146,2019-09-05 10:00:00,0.0,0.841383386849615
8147,2019-09-05 11:00:00,0.0,0.12321215424710996
8148,2019-09-05 12:00:00,0.0,0.9793951779795501
8149,2019-09-05 13:00:00,0.0,0.3352523379708432
8150,2019-09-05 14:00:00,0.0,0.0651034470818953
8151,2019-09-05 15:00:00,0.0,0.7797546587366394
8152,2019-09-05 16:00:00,0.0,0.012989789159891796
8153,2019-09-05 17:00:00,0.0,0.08289874338806025
8154,2019-09-05 18:00:00,0.0,0.11981332854419602
8155,2019-09-05 19:00:00,0.0,0.47841899174886326
8156,2019-09-05 20:00:00,0.0,0.12235017753488453
8157,2019-09-05 21:00:00,0.0,0.3492402578525575
8158,2019-09-05 22:00:00,0.0,0.9685031445474863
8159,2019-09-05 23:00:00,0.0,0.10798697976781779
8160,2019-09-06 00:00:00,0.0,0.49518861198245534
8161,2019-09-06 01:00:00,0.0,0.18666797307924676
8162,2019-09-06 02:00:00,0.0,0.578628450046357
8163,2019-09-06 03:00:00,0.0,0.5572410890705274
8164,2019-09-06 04:00:00,0.0,0.0833667407609302
8165,2019-09-06 05:00:00,0.0,0.39224074176562784
8166,2019-09-06 06:00:00,0.0,0.27876593432250274
8167,2019-09-06 07:00:00,0.0,0.5253651921660597
8168,2019-09-06 08:00:00,0.0,0.6278086794642708
8169,2019-09-06 09:00:00,0.0,0.39352193609003316
8170,2019-09-06 10:00:00,0.0,0.7016193978905586
8171,2019-09-06 11:00:00,0.0,0.5461354816930278
8172,2019-09-06 12:00:00,0.0,0.8391644626827984
8173,2019-09-06 13:00:00,0.0,0.3155502055420176
8174,2019-09-06 14:00:00,0.0,0.9236919756919713
8175,2019-09-06 15:00:00,0.0,0.9320378620912787
8176,2019-09-06 16:00:00,0.0,0.3634474790835561
8177,2019-09-06 17:00:00,0.0,0.6204138159522393
8178,2019-09-06 18:00:00,0.0,0.3902082772616001
8179,2019-09-06 19:00:00,0.0,0.49140659549750354
8180,2019-09-06 20:00:00,0.0,0.8620641072655923
8181,2019-09-06 21:00:00,0.0,0.7584283091713545
8182,2019-09-06 22:00:00,0.0,0.6666712461845541
8183,2019-09-06 23:00:00,0.0,0.4766046493413989
8184,2019-09-07 00:00:00,0.0,0.3334102121165933
8185,2019-09-07 01:00:00,0.0,0.989349704400684
8186,2019-09-07 02:00:00,0.0,0.8516892535450432
8187,2019-09-07 03:00:00,0.0,0.16163576805593471
8188,2019-09-07 04:00:00,0.0,0.11822807270709157
8189,2019-09-07 05:00:00,0.0,0.22243614275203605
8190,2019-09-07 06:00:00,0.0,0.07731351088495642
8191,2019-09-07 07:00:00,0.0,0.09817699052949824
8192,2019-09-07 08:00:00,0.0,0.4633608092496613
8193,2019-09-07 09:00:00,0.0,0.9173767695107231
8194,2019-09-07 10:00:00,0.0,0.37773101362710937
8195,2019-09-07 11:00:00,0.0,0.8161433762041249
8196,2019-09-07 12:00:00,0.0,0.24036214791817923
8197,2019-09-07 13:00:00,0.0,0.18056788639772414
8198,2019-09-07 14:00:00,0.0,0.18331029377381414
8199,2019-09-07 15:00:00,0.0,0.5513782641702555
8200,2019-09-07 16:00:00,0.0,0.773070052062573
8201,2019-09-07 17:00:00,0.0,0.8756982782396074
8202,2019-09-07 18:00:00,0.0,0.6115354096060486
8203,2019-09-07 19:00:00,0.0,0.25973588472630915
8204,2019-09-07 20:00:00,0.0,0.011464351745978707
8205,2019-09-07 21:00:00,0.0,0.2900495228606177
8206,2019-09-07 22:00:00,0.0,0.9811707725240578
8207,2019-09-07 23:00:00,0.0,0.21692396431556127
8208,2019-09-08 00:00:00,0.0,0.13820424167195278
8209,2019-09-08 01:00:00,0.0,0.8351624479045554
8210,2019-09-08 02:00:00,0.0,0.23220280951082362
8211,2019-09-08 03:00:00,0.0,0.5227820689554488
8212,2019-09-08 04:00:00,0.0,0.22218009910951486
8213,2019-09-08 05:00:00,0.0,0.6908235102337827
8214,2019-09-08 06:00:00,0.0,0.4253600419567354
8215,2019-09-08 07:00:00,0.0,0.4358099643858596
8216,2019-09-08 08:00:00,0.0,0.8424613032982949
8217,2019-09-08 09:00:00,0.0,0.6279617659329786
8218,2019-09-08 10:00:00,0.0,0.8310747737685414
8219,2019-09-08 11:00:00,0.0,0.42653563235224023
8220,2019-09-08 12:00:00,0.001857003,0.2580100319773587
8221,2019-09-08 13:00:00,0.001774002,0.5209990687963454
8222,2019-09-08 14:00:00,0.001710332,0.979690677442806
8223,2019-09-08 15:00:00,0.001579488,0.9736133565229382
8224,2019-09-08 16:00:00,0.006022454,0.0728440590275291
8225,2019-09-08 17:00:00,0.008946533,0.6578523036564605
8226,2019-09-08 18:00:00,0.006677618,0.0894985440747742
8227,2019-09-08 19:00:00,0.005444623,0.39665171795825893
8228,2019-09-08 20:00:00,0.003007604,0.109630629787696
8229,2019-09-08 21:00:00,0.00172298,0.34856259085430963
8230,2019-09-08 22:00:00,0.000956623,0.42126507397945057
8231,2019-09-08 23:00:00,0.000470081,0.5027444908924484
8232,2019-09-09 00:00:00,0.000187591,0.27776149965031605
8233,2019-09-09 01:00:00,6.332e-05,0.41017835887493803
8234,2019-09-09 02:00:00,3.6235e-05,0.8979669378662762
8235,2019-09-09 03:00:00,2.3118e-05,0.8667074621750923
8236,2019-09-09 04:00:00,1.7674e-05,0.6286568150221373
8237,2019-09-09 05:00:00,1.4214e-05,0.47005794196219586
8238,2019-09-09 06:00:00,8.486e-06,0.3144847354332597
8239,2019-09-09 07:00:00,4.837e-06,0.8771720496245635
8240,2019-09-09 08:00:00,3.235e-06,0.14793584351171984
8241,2019-09-09 09:00:00,2.485e-06,0.32257112215223904
8242,2019-09-09 10:00:00,1.677e-06,0.8472140346203473
8243,2019-09-09 11:00:00,0.000377833,0.5389188397929054
8244,2019-09-09 12:00:00,0.0006527,0.7160564713415404
8245,2019-09-09 13:00:00,0.000709903,0.9558159139118448
8246,2019-09-09 14:00:00,0.000597413,0.8613757671700082
8247,2019-09-09 15:00:00,0.000901186,0.6754011642716073
8248,2019-09-09 16:00:00,0.002894887,0.6496074905318111
8249,2019-09-09 17:00:00,0.009127838,0.7773007212515542
8250,2019-09-09 18:00:00,0.01120187,0.05158186937522746
8251,2019-09-09 19:00:00,0.009989609,0.8048237650023813
8252,2019-09-09 20:00:00,0.006667708,0.031838536504859793
8253,2019-09-09 21:00:00,0.004070194,0.8636017343138889
8254,2019-09-09 22:00:00,0.00210004,0.4335525757440186
8255,2019-09-09 23:00:00,0.001015849,0.2171759597833488
8256,2019-09-10 00:00:00,0.000433053,0.5288798281167586
8257,2019-09-10 01:00:00,0.000120365,0.5810912368629743
8258,2019-09-10 02:00:00,8.0278e-05,0.8207596085493174
8259,2019-09-10 03:00:00,5.0261e-05,0.9634889256518541
8260,2019-09-10 04:00:00,2.1823e-05,0.33740338500632927
8261,2019-09-10 05:00:00,0.000306145,0.8169869548600907
8262,2019-09-10 06:00:00,0.001007103,0.490061453711099
8263,2019-09-10 07:00:00,0.001232475,0.51249265593408
8264,2019-09-10 08:00:00,0.000944739,0.3651882437362677
8265,2019-09-10 09:00:00,0.002027018,0.970352406789559
8266,2019-09-10 10:00:00,0.003662814,0.16462531296245675
8267,2019-09-10 11:00:00,0.003899798,0.4716447095129215
8268,2019-09-10 12:00:00,0.003470446,0.878832514327076
8269,2019-09-10 13:00:00,0.004611994,0.20329635837492355
8270,2019-09-10 14:00:00,0.004606943,0.3312535235671744
8271,2019-09-10 15:00:00,0.00450434,0.8620275149556993
8272,2019-09-10 16:00:00,0.00665488,0.11185615485342693
8273,2019-09-10 17:00:00,0.007507415,0.952788612333421
8274,2019-09-10 18:00:00,0.006421275,0.11484290426244859
8275,2019-09-10 19:00:00,0.004982026,0.8183192701200245
8276,2019-09-10 20:00:00,0.003265713,0.7279210724961225
8277,2019-09-10 21:00:00,0.001774558,0.4414122157056334
8278,2019-09-10 22:00:00,0.000910248,0.6255714586420315
8279,2019-09-10 23:00:00,0.000409993,0.4863442548088689
8280,2019-09-11 00:00:00,0.000190917,0.38296852275013493
8281,2019-09-11 01:00:00,5.3074e-05,0.24818621286534226
8282,2019-09-11 02:00:00,3.8689e-05,0.05275724441354013
8283,2019-09-11 03:00:00,3.5606e-05,0.41397196598866937
8284,2019-09-11 04:00:00,2.4607e-05,0.089473787919079
8285,2019-09-11 05:00:00,1.7114e-05,0.9278949324043407
8286,2019-09-11 06:00:00,1.3531e-05,0.31156648475251436
8287,2019-09-11 07:00:00,9.411e-06,0.20882896782942484
8288,2019-09-11 08:00:00,6.354e-06,0.7422234098297762
8289,2019-09-11 09:00:00,4.284e-06,0.2561787669812994
8290,2019-09-11 10:00:00,3.538e-06,0.5174980685243665
8291,2019-09-11 11:00:00,3.952e-06,0.7846524669070181
8292,2019-09-11 12:00:00,2.41e-06,0.4100147939841764
8293,2019-09-11 13:00:00,1.867e-06,0.3731877860981445
8294,2019-09-11 14:00:00,1.458e-06,0.5999185358866237
8295,2019-09-11 15:00:00,1.414e-06,0.1807177110284499
8296,2019-09-11 16:00:00,0.0,0.22142213862412785
8297,2019-09-11 17:00:00,0.0,0.8965131130956523
8298,2019-09-11 18:00:00,0.0,0.4970144303077395
8299,2019-09-11 19:00:00,0.0,0.5456340532953736
8300,2019-09-11 20:00:00,0.0,0.5612082303257423
8301,2019-09-11 21:00:00,0.0,0.4354822987385515
8302,2019-09-11 22:00:00,0.0,0.8403084787670496
8303,2019-09-11 23:00:00,0.0,0.3696352130239128
8304,2019-09-12 00:00:00,0.0,0.1216465419201539
8305,2019-09-12 01:00:00,0.0,0.46132982767037367
8306,2019-09-12 02:00:00,0.0,0.32471925407605395
8307,2019-09-12 03:00:00,0.0,0.9621956552819737
8308,2019-09-12 04:00:00,0.0,0.5658794357632906
8309,2019-09-12 05:00:00,0.0,0.852308537875131
8310,2019-09-12 06:00:00,0.0,0.9808649333239707
8311,2019-09-12 07:00:00,0.0,0.7848113980883006
8312,2019-09-12 08:00:00,0.0,0.05233458245210443
8313,2019-09-12 09:00:00,0.0,0.04464321725177822
8314,2019-09-12 10:00:00,0.0,0.7450303837275412
8315,2019-09-12 11:00:00,0.0,0.31248221783339014
8316,2019-09-12 12:00:00,0.0,0.7735100068920618
8317,2019-09-12 13:00:00,0.0,0.6873317358548597
8318,2019-09-12 14:00:00,0.0,0.015188674552966797
8319,2019-09-12 15:00:00,0.0,0.6279453727080623
8320,2019-09-12 16:00:00,0.0,0.6009540478115701
8321,2019-09-12 17:00:00,0.0,0.0589353455344942
8322,2019-09-12 18:00:00,0.0,0.032905563393822335
8323,2019-09-12 19:00:00,0.0,0.6453517349917596
8324,2019-09-12 20:00:00,0.0,0.8386424607750748
8325,2019-09-12 21:00:00,0.0,0.2467029383670164
8326,2019-09-12 22:00:00,0.0,0.5344480092137491
8327,2019-09-12 23:00:00,0.0,0.5094530195897076
8328,2019-09-13 00:00:00,0.0,0.3916458084949308
8329,2019-09-13 01:00:00,0.0,0.07038430879322355
8330,2019-09-13 02:00:00,0.0,0.8875795212516899
8331,2019-09-13 03:00:00,0.0,0.3796227223065636
8332,2019-09-13 04:00:00,0.0,0.3945933583809077
8333,2019-09-13 05:00:00,0.0,0.8824153116715554
8334,2019-09-13 06:00:00,0.0,0.5563782117500828
8335,2019-09-13 07:00:00,0.0,0.5869483390265423
8336,2019-09-13 08:00:00,0.0,0.10953536041378464
8337,2019-09-13 09:00:00,0.0,0.7735342807597381
8338,2019-09-13 10:00:00,0.0,0.8250339958104669
8339,2019-09-13 11:00:00,0.0,0.06166727194568955
8340,2019-09-13 12:00:00,0.0,0.022874449356657944
8341,2019-09-13 13:00:00,0.0,0.8575786918890044
8342,2019-09-13 14:00:00,0.0,0.9735104264338243
8343,2019-09-13 15:00:00,0.0,0.8801716416192985
8344,2019-09-13 16:00:00,0.0,0.46716034535123074
8345,2019-09-13 17:00:00,0.0,0.29244531559559794
8346,2019-09-13 18:00:00,0.0,0.8800883541129844
8347,2019-09-13 19:00:00,0.0,0.9943903394514879
8348,2019-09-13 20:00:00,0.0,0.42541362736898436
8349,2019-09-13 21:00:00,0.0,0.9656282800664349
8350,2019-09-13 22:00:00,0.0,0.03981028800900155
8351,2019-09-13 23:00:00,0.0,0.08659341672714549
8352,2019-09-14 00:00:00,0.0,0.8931077031046666
8353,2019-09-14 01:00:00,0.0,0.8631442140199324
8354,2019-09-14 02:00:00,0.0,0.021131567204488833
8355,2019-09-14 03:00:00,0.0,0.9615207299330818
8356,2019-09-14 04:00:00,0.0,0.4512789895849979
8357,2019-09-14 05:00:00,0.0,0.14010677590202092
8358,2019-09-14 06:00:00,0.0,0.4237453886506988
8359,2019-09-14 07:00:00,0.0,0.07924547120121261
8360,2019-09-14 08:00:00,0.0,0.8436492027911063
8361,2019-09-14 09:00:00,0.0,0.09853018133343061
8362,2019-09-14 10:00:00,0.0,0.845205123379489
8363,2019-09-14 11:00:00,0.0,0.8993238449652228
8364,2019-09-14 12:00:00,0.0,0.32290086557254194
8365,2019-09-14 13:00:00,0.0,0.06895303373925943
8366,2019-09-14 14:00:00,0.0,0.6699849671994585
8367,2019-09-14 15:00:00,0.0,0.523776472916984
8368,2019-09-14 16:00:00,0.0,0.06635039641400864
8369,2019-09-14 17:00:00,0.0,0.15326608761633886
8370,2019-09-14 18:00:00,0.0,0.7525620173413711
8371,2019-09-14 19:00:00,0.0,0.7290943229115883
8372,2019-09-14 20:00:00,0.0,0.20323096170201016
8373,2019-09-14 21:00:00,0.0,0.8742604961120143
8374,2019-09-14 22:00:00,0.0,0.6117755509995838
8375,2019-09-14 23:00:00,0.0,0.11856668374541968
8376,2019-09-15 00:00:00,0.0,0.796097725142964
8377,2019-09-15 01:00:00,0.0,0.032158639511918996
8378,2019-09-15 02:00:00,0.0,0.5687157631159779
8379,2019-09-15 03:00:00,0.0,0.7551619908443132
8380,2019-09-15 04:00:00,0.0,0.42590766858808815
8381,2019-09-15 05:00:00,0.0,0.9961845320177214
8382,2019-09-15 06:00:00,0.0,0.5699349541706368
8383,2019-09-15 07:00:00,0.0,0.6116724367918708
8384,2019-09-15 08:00:00,0.0,0.5009074229504027
8385,2019-09-15 09:00:00,0.0,0.735627286163706
8386,2019-09-15 10:00:00,0.0,0.7935526737223535
8387,2019-09-15 11:00:00,0.0,0.32783226467371085
8388,2019-09-15 12:00:00,0.0,0.4593842845786673
8389,2019-09-15 13:00:00,0.0,0.31716309604434234
8390,2019-09-15 14:00:00,0.0,0.25130636191781464
8391,2019-09-15 15:00:00,0.0,0.8462885670300815
8392,2019-09-15 16:00:00,0.0,0.8709779211512801
8393,2019-09-15 17:00:00,0.0,0.7294753285574104
8394,2019-09-15 18:00:00,0.0,0.7398936050355812
8395,2019-09-15 19:00:00,0.0,0.9658090411866364
8396,2019-09-15 20:00:00,0.0,0.011796815126355664
8397,2019-09-15 21:00:00,0.0,0.25015789890230156
8398,2019-09-15 22:00:00,0.0,0.5187746226016636
8399,2019-09-15 23:00:00,0.0,0.8455556382775674
8400,2019-09-16 00:00:00,0.0,0.04238738949878795
8401,2019-09-16 01:00:00,0.0,0.3335899187943643
8402,2019-09-16 02:00:00,0.0,0.33687073788213373
8403,2019-09-16 03:00:00,0.0,0.3633037853060872
8404,2019-09-16 04:00:00,0.0,0.15397375791342072
8405,2019-09-16 05:00:00,0.0,0.9756726649477898
8406,2019-09-16 06:00:00,0.0,0.06368833940612073
8407,2019-09-16 07:00:00,0.0,0.6300169076167607
8408,2019-09-16 08:00:00,0.0,0.49630234909420645
8409,2019-09-16 09:00:00,0.0,0.8554705956066634
8410,2019-09-16 10:00:00,0.0,0.3544421366248576
8411,2019-09-16 11:00:00,0.0,0.5601087625570653
8412,2019-09-16 12:00:00,0.0,0.4793209472705937
8413,2019-09-16 13:00:00,0.0,0.6791773480402316
8414,2019-09-16 14:00:00,0.0,0.968483273451792
8415,2019-09-16 15:00:00,0.0,0.8857733240235943
8416,2019-09-16 16:00:00,0.0,0.9249663189468399
8417,2019-09-16 17:00:00,0.0,0.5843832481188159
8418,2019-09-16 18:00:00,0.0,0.9060209790281776
8419,2019-09-16 19:00:00,0.0,0.2307178339592978
8420,2019-09-16 20:00:00,0.0,0.5987448628146262
8421,2019-09-16 21:00:00,0.0,0.2553128213160113
8422,2019-09-16 22:00:00,0.0,0.19345406467956328
8423,2019-09-16 23:00:00,0.0,0.7420520437169734
8424,2019-09-17 00:00:00,0.0,0.25141397868527826
8425,2019-09-17 01:00:00,0.0,0.7509725097723814
8426,2019-09-17 02:00:00,0.0,0.9062446353280684
8427,2019-09-17 03:00:00,0.0,0.09566560313172057
8428,2019-09-17 04:00:00,0.0,0.34242516203215667
8429,2019-09-17 05:00:00,0.0,0.1379573428119707
8430,2019-09-17 06:00:00,0.0,0.38469260118743653
8431,2019-09-17 07:00:00,0.0,0.11172375188094152
8432,2019-09-17 08:00:00,0.0,0.26063246770232495
8433,2019-09-17 09:00:00,0.0,0.372061531370099
8434,2019-09-17 10:00:00,0.0,0.42169561300616576
8435,2019-09-17 11:00:00,0.0,0.6406786500781196
8436,2019-09-17 12:00:00,0.002207849,0.12544293037463317
8437,2019-09-17 13:00:00,0.002011729,0.9696051019923076
8438,2019-09-17 14:00:00,0.002917336,0.9292609480704814
8439,2019-09-17 15:00:00,0.003087278,0.37781948896281803
8440,2019-09-17 16:00:00,0.002653396,0.117448859953874
8441,2019-09-17 17:00:00,0.003101893,0.21240223507610878
8442,2019-09-17 18:00:00,0.002794068,0.319067826775846
8443,2019-09-17 19:00:00,0.00228289,0.4184296449056937
8444,2019-09-17 20:00:00,0.001273212,0.2644481387142392
8445,2019-09-17 21:00:00,0.000817183,0.7587182851573241
8446,2019-09-17 22:00:00,0.000430847,0.13752503089046053
8447,2019-09-17 23:00:00,0.000222595,0.7894801478325759
8448,2019-09-18 00:00:00,8.1848e-05,0.5924076234591875
8449,2019-09-18 01:00:00,2.652e-05,0.8596599189732901
8450,2019-09-18 02:00:00,1.7663e-05,0.4582970427148635
8451,2019-09-18 03:00:00,1.1163e-05,0.3976598173280653
8452,2019-09-18 04:00:00,4.116e-06,0.18727662346722806
8453,2019-09-18 05:00:00,8.049e-05,0.4592503085939502
8454,2019-09-18 06:00:00,0.000232529,0.5975679980426397
8455,2019-09-18 07:00:00,0.000319087,0.59197559426761
8456,2019-09-18 08:00:00,0.000955939,0.42173428980428307
8457,2019-09-18 09:00:00,0.00188273,0.5711616931602097
8458,2019-09-18 10:00:00,0.002259239,0.26403225931218155
8459,2019-09-18 11:00:00,0.002124599,0.6521672660237966
8460,2019-09-18 12:00:00,0.002548636,0.7776033204531358
8461,2019-09-18 13:00:00,0.003768653,0.3693281223360759
8462,2019-09-18 14:00:00,0.004157645,0.7896984131838011
8463,2019-09-18 15:00:00,0.003796817,0.5262903113442259
8464,2019-09-18 16:00:00,0.004591148,0.12881918910998746
8465,2019-09-18 17:00:00,0.004652005,0.26515456760751743
8466,2019-09-18 18:00:00,0.004464958,0.6813027333619041
8467,2019-09-18 19:00:00,0.003528244,0.32251352353830576
8468,2019-09-18 20:00:00,0.002375432,0.9382349678315468
8469,2019-09-18 21:00:00,0.001433089,0.7372303645643667
8470,2019-09-18 22:00:00,0.000925149,0.06109030986652286
8471,2019-09-18 23:00:00,0.0004116,0.7801779716326601
8472,2019-09-19 00:00:00,0.000181901,0.5656453190644457
8473,2019-09-19 01:00:00,5.2451e-05,0.27342259965470206
8474,2019-09-19 02:00:00,3.0202e-05,0.7090170312520045
8475,2019-09-19 03:00:00,1.898e-05,0.506604026505372
8476,2019-09-19 04:00:00,1.0694e-05,0.6546178034938959
8477,2019-09-19 05:00:00,7.999e-06,0.3932493187675453
8478,2019-09-19 06:00:00,9.7351e-05,0.8084015007974825
8479,2019-09-19 07:00:00,9.6713e-05,0.5457839951457524
8480,2019-09-19 08:00:00,0.000155853,0.5351374740674192
8481,2019-09-19 09:00:00,0.000289136,0.4871665130591476
8482,2019-09-19 10:00:00,0.000499162,0.9952089952482359
8483,2019-09-19 11:00:00,0.000529482,0.9612938236529504
8484,2019-09-19 12:00:00,0.000636498,0.808111549508597
8485,2019-09-19 13:00:00,0.000912321,0.7977992071280041
8486,2019-09-19 14:00:00,0.001143038,0.7779056186418749
8487,2019-09-19 15:00:00,0.001972777,0.6355938323991165
8488,2019-09-19 16:00:00,0.003698302,0.6907052048332222
8489,2019-09-19 17:00:00,0.003764674,0.9648504772945097
8490,2019-09-19 18:00:00,0.003444978,0.15385626408627606
8491,2019-09-19 19:00:00,0.002736267,0.6657339993169687
8492,2019-09-19 20:00:00,0.001655836,0.716045587433644
8493,2019-09-19 21:00:00,0.001066423,0.22952946716616474
8494,2019-09-19 22:00:00,0.000611284,0.7080673902108654
8495,2019-09-19 23:00:00,0.000263477,0.699161150007361
8496,2019-09-20 00:00:00,0.000111522,0.2334695674320023
8497,2019-09-20 01:00:00,3.0208e-05,0.053697256028090945
8498,2019-09-20 02:00:00,2.6251e-05,0.8918408819173905
8499,2019-09-20 03:00:00,1.8036e-05,0.5368861941046434
8500,2019-09-20 04:00:00,9.341e-06,0.5337492973037263
8501,2019-09-20 05:00:00,7.09e-06,0.7873131821896777
8502,2019-09-20 06:00:00,4.813e-06,0.9083478957852231
8503,2019-09-20 07:00:00,2.796e-06,0.3300338932560357
8504,2019-09-20 08:00:00,2.158e-06,0.36169059823158245
8505,2019-09-20 09:00:00,1.468e-06,0.2546473513125459
8506,2019-09-20 10:00:00,0.0,0.7719024655818711
8507,2019-09-20 11:00:00,0.0,0.8148723996235148
8508,2019-09-20 12:00:00,0.0,0.46776742242877845
8509,2019-09-20 13:00:00,0.0,0.786094208396997
8510,2019-09-20 14:00:00,0.00014339,0.8033013460980385
8511,2019-09-20 15:00:00,0.000122858,0.16691966221793064
8512,2019-09-20 16:00:00,0.000113315,0.07951210859105651
8513,2019-09-20 17:00:00,9.0066e-05,0.7569065887392844
8514,2019-09-20 18:00:00,6.9058e-05,0.6701380436199602
8515,2019-09-20 19:00:00,4.8093e-05,0.6267085559028365
8516,2019-09-20 20:00:00,2.9415e-05,0.7595588501905679
8517,2019-09-20 21:00:00,1.8604e-05,0.2584763818417196
8518,2019-09-20 22:00:00,1.0209e-05,0.8393629897592668
8519,2019-09-20 23:00:00,4.039e-06,0.5183047359987991
8520,2019-09-21 00:00:00,1.522e-06,0.06649972430229978
8521,2019-09-21 01:00:00,0.0,0.7078634186288734
8522,2019-09-21 02:00:00,0.0,0.45744913918489527
8523,2019-09-21 03:00:00,0.0,0.20889104195695596
8524,2019-09-21 04:00:00,0.0,0.4466153307343751
8525,2019-09-21 05:00:00,0.002731883,0.5697391390809574
8526,2019-09-21 06:00:00,0.003829015,0.3509036419598094
8527,2019-09-21 07:00:00,0.002938405,0.9345134572555811
8528,2019-09-21 08:00:00,0.002666211,0.313114729352134
8529,2019-09-21 09:00:00,0.002618157,0.16837157717392548
8530,2019-09-21 10:00:00,0.003253945,0.513019072773862
8531,2019-09-21 11:00:00,0.003914376,0.6625355179473299
8532,2019-09-21 12:00:00,0.004503169,0.7815612387521157
8533,2019-09-21 13:00:00,0.005147803,0.03430067873829612
8534,2019-09-21 14:00:00,0.005224311,0.8101005723587191
8535,2019-09-21 15:00:00,0.004488794,0.16022670554081964
8536,2019-09-21 16:00:00,0.005169023,0.6374424886607223
8537,2019-09-21 17:00:00,0.00884903,0.43000612054398457
8538,2019-09-21 18:00:00,0.009871852,0.030715072105270913
8539,2019-09-21 19:00:00,0.008936368,0.04351167021906788
8540,2019-09-21 20:00:00,0.007233196,0.5534677012714814
8541,2019-09-21 21:00:00,0.005111233,0.13933572764362123
8542,2019-09-21 22:00:00,0.003352631,0.721388605286532
8543,2019-09-21 23:00:00,0.001745422,0.8256460414237434
8544,2019-09-22 00:00:00,0.000872845,0.9544095109226296
8545,2019-09-22 01:00:00,0.000226157,0.14291297560217342
8546,2019-09-22 02:00:00,0.000141011,0.7724695946785284
8547,2019-09-22 03:00:00,0.00013212,0.47740259538596697
8548,2019-09-22 04:00:00,0.000177865,0.2958820087131927
8549,2019-09-22 05:00:00,0.000218022,0.983067925992939
8550,2019-09-22 06:00:00,0.000470747,0.2834124735899224
8551,2019-09-22 07:00:00,0.002386875,0.8843224647408122
8552,2019-09-22 08:00:00,0.001043568,0.9006125370538389
8553,2019-09-22 09:00:00,0.001593285,0.1950415935737433
8554,2019-09-22 10:00:00,0.000963736,0.907436295492407
8555,2019-09-22 11:00:00,0.001866402,0.14278938585375944
8556,2019-09-22 12:00:00,0.003255703,0.8147371144176881
8557,2019-09-22 13:00:00,0.003912574,0.20956183156310582
8558,2019-09-22 14:00:00,0.003463769,0.8273150031386581
8559,2019-09-22 15:00:00,0.001842452,0.9399090096350693
8560,2019-09-22 16:00:00,0.002568523,0.9234407597265845
8561,2019-09-22 17:00:00,0.005353227,0.1269171044474976
8562,2019-09-22 18:00:00,0.005719645,0.8926518942643494
8563,2019-09-22 19:00:00,0.008428546,0.24409589393761477
8564,2019-09-22 20:00:00,0.006434094,0.2298724749098453
8565,2019-09-22 21:00:00,0.004441234,0.21023412831435417
8566,2019-09-22 22:00:00,0.002663242,0.8554482852833699
8567,2019-09-22 23:00:00,0.001325363,0.9619434079733787
8568,2019-09-23 00:00:00,0.000648623,0.8268711071398822
8569,2019-09-23 01:00:00,0.000160704,0.6159688351127515
8570,2019-09-23 02:00:00,0.000129787,0.4322725915769511
8571,2019-09-23 03:00:00,9.1045e-05,0.20369317648388952
8572,2019-09-23 04:00:00,4.1331e-05,0.6920398092873539
8573,2019-09-23 05:00:00,4.4615e-05,0.22798546268930076
8574,2019-09-23 06:00:00,5.1411e-05,0.7952371052443004
8575,2019-09-23 07:00:00,7.6457e-05,0.10989215953832943
8576,2019-09-23 08:00:00,6.9202e-05,0.4488250006012492
8577,2019-09-23 09:00:00,0.000192546,0.15244631628354588
8578,2019-09-23 10:00:00,0.000204453,0.3886151263083779
8579,2019-09-23 11:00:00,0.000204226,0.2171941934628533
8580,2019-09-23 12:00:00,0.000158679,0.17445156170231824
8581,2019-09-23 13:00:00,0.00024571,0.33788235363847485
8582,2019-09-23 14:00:00,0.000272168,0.08907551926607082
8583,2019-09-23 15:00:00,0.000167532,0.5036585126329421
8584,2019-09-23 16:00:00,0.000206695,0.5614638502549395
8585,2019-09-23 17:00:00,0.000531926,0.19973465658196032
8586,2019-09-23 18:00:00,0.000498532,0.4603359964120116
8587,2019-09-23 19:00:00,0.000467939,0.4679832849819726
8588,2019-09-23 20:00:00,0.000336464,0.8613871330011144
8589,2019-09-23 21:00:00,0.000198847,0.06429254119732153
8590,2019-09-23 22:00:00,0.000130168,0.6875534287034758
8591,2019-09-23 23:00:00,8.4741e-05,0.8196357332909388
8592,2019-09-24 00:00:00,3.4581e-05,0.7982280390041075
8593,2019-09-24 01:00:00,9.083e-06,0.8073695435697771
8594,2019-09-24 02:00:00,5.64e-06,0.508408250557558
8595,2019-09-24 03:00:00,4.018e-06,0.981368948559765
8596,2019-09-24 04:00:00,3.137e-06,0.5049240837107744
8597,2019-09-24 05:00:00,2.421e-06,0.637835425078878
8598,2019-09-24 06:00:00,3.861e-06,0.5813781959695636
8599,2019-09-24 07:00:00,4.76e-06,0.39122945435856527
8600,2019-09-24 08:00:00,3.842e-06,0.41823922272179015
8601,2019-09-24 09:00:00,2.062e-06,0.18189567706372656
8602,2019-09-24 10:00:00,2.962e-06,0.7629829596111898
8603,2019-09-24 11:00:00,7.612e-06,0.07968533849697168
8604,2019-09-24 12:00:00,7.082e-06,0.9805426842169348
8605,2019-09-24 13:00:00,6.142e-06,0.5110684897944139
8606,2019-09-24 14:00:00,6.644e-06,0.2387136943479079
8607,2019-09-24 15:00:00,2.464e-06,0.2510933128178038
8608,2019-09-24 16:00:00,4.515e-06,0.13113421749069853
8609,2019-09-24 17:00:00,1.2895e-05,0.7309800657804725
8610,2019-09-24 18:00:00,1.5736e-05,0.18787806006677965
8611,2019-09-24 19:00:00,1.6098e-05,0.9101631768588822
8612,2019-09-24 20:00:00,1.2023e-05,0.45873310112800714
8613,2019-09-24 21:00:00,6.798e-06,0.41585584427055644
8614,2019-09-24 22:00:00,3.221e-06,0.06758507006653924
8615,2019-09-24 23:00:00,1.529e-06,0.42356360814059746
8616,2019-09-25 00:00:00,0.0,0.8212006172733134
8617,2019-09-25 01:00:00,0.0,0.9306554335719248
8618,2019-09-25 02:00:00,0.0,0.5590097493674329
8619,2019-09-25 03:00:00,0.0,0.8237840123055868
8620,2019-09-25 04:00:00,0.0,0.05579607212278026
8621,2019-09-25 05:00:00,0.0,0.5111317514564103
8622,2019-09-25 06:00:00,0.000195991,0.9493917945657061
8623,2019-09-25 07:00:00,0.000202934,0.4906000238705124
8624,2019-09-25 08:00:00,0.000162323,0.7832509927810412
8625,2019-09-25 09:00:00,8.0955e-05,0.08988878377838072
8626,2019-09-25 10:00:00,0.000102406,0.09837212718637678
8627,2019-09-25 11:00:00,9.74e-05,0.6140810945965711
8628,2019-09-25 12:00:00,2.4989e-05,0.07677860309036344
8629,2019-09-25 13:00:00,2.3886e-05,0.7109913537873962
8630,2019-09-25 14:00:00,1.6906e-05,0.15808879458285396
8631,2019-09-25 15:00:00,6.8664e-05,0.03126362863702936
8632,2019-09-25 16:00:00,0.000258095,0.1254783327488289
8633,2019-09-25 17:00:00,0.000568386,0.03282130457255461
8634,2019-09-25 18:00:00,0.000624098,0.18293715102501484
8635,2019-09-25 19:00:00,0.000605612,0.6954454517285941
8636,2019-09-25 20:00:00,0.000371326,0.9851628354141141
8637,2019-09-25 21:00:00,0.000234817,0.5773721569317732
8638,2019-09-25 22:00:00,0.000134415,0.8491770069446409
8639,2019-09-25 23:00:00,6.3146e-05,0.2119530677592908
8640,2019-09-26 00:00:00,2.9232e-05,0.8568453461214062
8641,2019-09-26 01:00:00,5.541e-06,0.5541913846332225
8642,2019-09-26 02:00:00,4.805e-06,0.03610083264822028
8643,2019-09-26 03:00:00,4.138e-06,0.6402988702108436
8644,2019-09-26 04:00:00,2.306e-06,0.07936149911256873
8645,2019-09-26 05:00:00,1.639e-06,0.8998010371278793
8646,2019-09-26 06:00:00,0.0,0.11876323989532656
8647,2019-09-26 07:00:00,0.0,0.5368938488828944
8648,2019-09-26 08:00:00,1.49e-06,0.5439422527145718
8649,2019-09-26 09:00:00,1.777e-06,0.29607741875219407
8650,2019-09-26 10:00:00,1.277e-06,0.6624090074846439
8651,2019-09-26 11:00:00,4.249e-06,0.1298798922760379
8652,2019-09-26 12:00:00,9.881e-06,0.6904078648858966
8653,2019-09-26 13:00:00,1.1973e-05,0.14092978292185276
8654,2019-09-26 14:00:00,9.74e-06,0.42191454448053545
8655,2019-09-26 15:00:00,6.961e-06,0.288906169520995
8656,2019-09-26 16:00:00,2.2408e-05,0.11945716308784271
8657,2019-09-26 17:00:00,2.8712e-05,0.9047131836618522
8658,2019-09-26 18:00:00,3.7676e-05,0.01634472814485355
8659,2019-09-26 19:00:00,2.8384e-05,0.9969909315651625
8660,2019-09-26 20:00:00,1.7702e-05,0.8967179109552946
8661,2019-09-26 21:00:00,1.1e-05,0.6790712783967079
8662,2019-09-26 22:00:00,5.416e-06,0.32376891679297326
8663,2019-09-26 23:00:00,2.295e-06,0.34615252176474354
8664,2019-09-27 00:00:00,0.0,0.9769467101476602
8665,2019-09-27 01:00:00,0.0,0.945717499430844
8666,2019-09-27 02:00:00,0.0,0.8070367827381733
8667,2019-09-27 03:00:00,0.0,0.7076368252014953
8668,2019-09-27 04:00:00,0.0,0.4389330704716823
8669,2019-09-27 05:00:00,0.0,0.14858720767027966
8670,2019-09-27 06:00:00,0.0,0.3466027759958742
8671,2019-09-27 07:00:00,0.0,0.03887905098166089
8672,2019-09-27 08:00:00,0.0,0.45336414413992265
8673,2019-09-27 09:00:00,0.0,0.7084545319731681
8674,2019-09-27 10:00:00,0.0,0.4461955679825961
8675,2019-09-27 11:00:00,0.0,0.21248743579766805
8676,2019-09-27 12:00:00,0.0,0.19722055939857508
8677,2019-09-27 13:00:00,0.0,0.13972909859214966
8678,2019-09-27 14:00:00,0.0,0.3066494139041862
8679,2019-09-27 15:00:00,0.0,0.0343053858212341
8680,2019-09-27 16:00:00,0.0,0.731188459612525
8681,2019-09-27 17:00:00,0.0,0.006277088721433288
8682,2019-09-27 18:00:00,0.0,0.06770523178739685
8683,2019-09-27 19:00:00,0.0,0.7744946257629223
8684,2019-09-27 20:00:00,0.0,0.9879151403452923
8685,2019-09-27 21:00:00,0.0,0.10217806271585805
8686,2019-09-27 22:00:00,0.0,0.22068420918366727
8687,2019-09-27 23:00:00,0.0,0.19381729133870973
8688,2019-09-28 00:00:00,0.0,0.09605777385978453
8689,2019-09-28 01:00:00,0.0,0.7818316199736985
8690,2019-09-28 02:00:00,0.0,0.44540028847030166
8691,2019-09-28 03:00:00,0.0,0.0773911602892755
8692,2019-09-28 04:00:00,0.0,0.41008091721173745
8693,2019-09-28 05:00:00,0.0,0.6165040180119561
8694,2019-09-28 06:00:00,0.0,0.4925649751162029
8695,2019-09-28 07:00:00,0.0,0.913788938854147
8696,2019-09-28 08:00:00,0.0,0.3296854932319574
8697,2019-09-28 09:00:00,0.0,0.7039676718555659
8698,2019-09-28 10:00:00,0.0,0.6541053944161321
8699,2019-09-28 11:00:00,0.0,0.020181773312233475
8700,2019-09-28 12:00:00,0.0,0.06594385146482351
8701,2019-09-28 13:00:00,0.0,0.5302920020559092
8702,2019-09-28 14:00:00,0.0,0.5162006828798712
8703,2019-09-28 15:00:00,0.0,0.534067300975256
8704,2019-09-28 16:00:00,0.0,0.08477632769852084
8705,2019-09-28 17:00:00,0.0,0.8975851091152901
8706,2019-09-28 18:00:00,0.0,0.386763110362372
8707,2019-09-28 19:00:00,0.0,0.6228705539025494
8708,2019-09-28 20:00:00,0.0,0.9244640064560278
8709,2019-09-28 21:00:00,0.0,0.5049217837614024
8710,2019-09-28 22:00:00,0.0,0.8305378590555742
8711,2019-09-28 23:00:00,0.0,0.23428261654657268
8712,2019-09-29 00:00:00,0.0,0.14630866990171787
8713,2019-09-29 01:00:00,0.0,0.9304566688507626
8714,2019-09-29 02:00:00,0.0,0.6948313559435376
8715,2019-09-29 03:00:00,0.0,0.3908497297477288
8716,2019-09-29 04:00:00,0.0,0.7161819866365645
8717,2019-09-29 05:00:00,0.0,0.2855396800444453
8718,2019-09-29 06:00:00,0.0,0.5664783913663756
8719,2019-09-29 07:00:00,0.0,0.38754224382688063
8720,2019-09-29 08:00:00,0.0,0.35743826529861755
8721,2019-09-29 09:00:00,0.0,0.6579702877386795
8722,2019-09-29 10:00:00,0.0,0.026948597450976775
8723,2019-09-29 11:00:00,0.0,0.4523029109053859
8724,2019-09-29 12:00:00,0.0,0.7991641859343792
8725,2019-09-29 13:00:00,0.0,0.38893435381382624
8726,2019-09-29 14:00:00,0.0,0.19801644310572308
8727,2019-09-29 15:00:00,0.0,0.9157060612961803
8728,2019-09-29 16:00:00,0.0,0.8512498193311562
8729,2019-09-29 17:00:00,0.0,0.7893517173112781
8730,2019-09-29 18:00:00,0.0,0.9346812787973132
8731,2019-09-29 19:00:00,0.0,0.19758260235830227
8732,2019-09-29 20:00:00,0.0,0.22826202159314923
8733,2019-09-29 21:00:00,0.0,0.38593222555782647
8734,2019-09-29 22:00:00,0.0,0.6701643114427087
8735,2019-09-29 23:00:00,0.0,0.9240093705427803
8736,2019-09-30 00:00:00,0.0,0.5506064864668856
8737,2019-09-30 01:00:00,0.0,0.33591074922390374
8738,2019-09-30 02:00:00,0.0,0.3617431092959391
8739,2019-09-30 03:00:00,0.0,0.17037864302039996
8740,2019-09-30 04:00:00,0.0,0.41194286715997674
8741,2019-09-30 05:00:00,0.0,0.592508469237895
8742,2019-09-30 06:00:00,0.0,0.5356811939427314
8743,2019-09-30 07:00:00,0.0,0.37881447240730004
8744,2019-09-30 08:00:00,0.0,0.44347061281145395
8745,2019-09-30 09:00:00,0.0,0.30847085931130447
8746,2019-09-30 10:00:00,0.0,0.4398249273241762
8747,2019-09-30 11:00:00,0.0,0.265909145579035
8748,2019-09-30 12:00:00,0.0,0.35102048350583315
8749,2019-09-30 13:00:00,0.0,0.5213163342700095
8750,2019-09-30 14:00:00,0.0,0.282966039470385
8751,2019-09-30 15:00:00,0.0,0.4952066929015898
8752,2019-09-30 16:00:00,0.0,0.30438625380156414
8753,2019-09-30 17:00:00,0.0,0.04686009248481149
8754,2019-09-30 18:00:00,0.0,0.13396453121101037
8755,2019-09-30 19:00:00,0.0,0.0064254862815011915
8756,2019-09-30 20:00:00,0.0,0.13070887404241038
8757,2019-09-30 21:00:00,0.0,0.704659563853078
8758,2019-09-30 22:00:00,0.0,0.9643437503568822
8759,2019-09-30 23:00:00,0.0,0.8182896080971823
8760,2019-10-01 00:00:00,0.0,0.285752186348431
8761,2019-10-01 01:00:00,0.0,0.6830617461718065
8762,2019-10-01 02:00:00,0.0,0.20564957208503876
8763,2019-10-01 03:00:00,0.0,0.40159383197323806
8764,2019-10-01 04:00:00,0.0,0.33780272043176185
8765,2019-10-01 05:00:00,0.0,0.19627495275395068
8766,2019-10-01 06:00:00,0.0,0.8187111979516094
8767,2019-10-01 07:00:00,0.0,0.18895624523924748
8768,2019-10-01 08:00:00,0.0,0.026754347320488647
8769,2019-10-01 09:00:00,0.0,0.021300208704769896
8770,2019-10-01 10:00:00,0.0,0.23256404997032232
8771,2019-10-01 11:00:00,0.0,0.7680910717358339
8772,2019-10-01 12:00:00,0.0,0.2157168053234797
8773,2019-10-01 13:00:00,0.0,0.2889950624998311
8774,2019-10-01 14:00:00,0.0,0.6465594801875846
8775,2019-10-01 15:00:00,0.0,0.15860203163403797
8776,2019-10-01 16:00:00,0.0,0.7237579016805579
8777,2019-10-01 17:00:00,0.0,0.027118045433988547
8778,2019-10-01 18:00:00,0.0,0.8900238453394244
8779,2019-10-01 19:00:00,0.0,0.014366069071207854
8780,2019-10-01 20:00:00,0.0,0.9208105890912923
8781,2019-10-01 21:00:00,0.0,0.8723223331433275
8782,2019-10-01 22:00:00,0.0,0.04966148707288964
8783,2019-10-01 23:00:00,0.0,0.6180720669197315
8784,2019-10-02 00:00:00,0.0,0.8417305678629965
8785,2019-10-02 01:00:00,0.0,0.049223314948509955
8786,2019-10-02 02:00:00,0.0,0.5169933253094182
8787,2019-10-02 03:00:00,0.0,0.27326749913063086
8788,2019-10-02 04:00:00,0.0,0.4261216177156001
8789,2019-10-02 05:00:00,0.0,0.7414607893522414
8790,2019-10-02 06:00:00,0.0,0.9729903745339803
8791,2019-10-02 07:00:00,0.0,0.15372004642235537
8792,2019-10-02 08:00:00,0.0,0.7159985215001501
8793,2019-10-02 09:00:00,0.0,0.4499823253765539
8794,2019-10-02 10:00:00,0.0,0.8666581020488008
8795,2019-10-02 11:00:00,0.0,0.1650148964767535
8796,2019-10-02 12:00:00,0.0,0.40350661791651865
8797,2019-10-02 13:00:00,0.0,0.6620195980514129
8798,2019-10-02 14:00:00,0.0,0.8256267297651654
8799,2019-10-02 15:00:00,0.0,0.5608285214275177
8800,2019-10-02 16:00:00,0.0,0.08707079127993123
8801,2019-10-02 17:00:00,0.0,0.7468013531893524
8802,2019-10-02 18:00:00,0.0,0.7131104063813951
8803,2019-10-02 19:00:00,0.0,0.020025472686680756
8804,2019-10-02 20:00:00,0.0,0.15338867707995085
8805,2019-10-02 21:00:00,0.0,0.33074948129169224
8806,2019-10-02 22:00:00,0.0,0.12300687310909597
8807,2019-10-02 23:00:00,0.0,0.8266210011830999
8808,2019-10-03 00:00:00,0.0,0.33648192650845365
8809,2019-10-03 01:00:00,0.0,0.8695010167921879
8810,2019-10-03 02:00:00,0.0,0.6597425340280806
8811,2019-10-03 03:00:00,0.0,0.8956883319787153
8812,2019-10-03 04:00:00,0.0,0.3667296777458091
8813,2019-10-03 05:00:00,0.0,0.507280173968421
8814,2019-10-03 06:00:00,0.0,0.27559013215313455
8815,2019-10-03 07:00:00,0.0,0.019581595700578935
8816,2019-10-03 08:00:00,0.0,0.6156732370770405
8817,2019-10-03 09:00:00,0.0,0.6551932112898777
8818,2019-10-03 10:00:00,0.0,0.06881962841094691
8819,2019-10-03 11:00:00,0.0,0.49707110040129765
8820,2019-10-03 12:00:00,0.0,0.04615800402482195
8821,2019-10-03 13:00:00,0.0,0.9622359715400921
8822,2019-10-03 14:00:00,0.0,0.8418729087640608
8823,2019-10-03 15:00:00,0.0,0.7255185876199153
8824,2019-10-03 16:00:00,0.0,0.2532195975847069
8825,2019-10-03 17:00:00,0.0,0.125755110979471
8826,2019-10-03 18:00:00,0.0,0.7612825716361757
8827,2019-10-03 19:00:00,0.0,0.7224855173430578
8828,2019-10-03 20:00:00,0.0,0.5999593348699785
8829,2019-10-03 21:00:00,0.0,0.07186824515863299
8830,2019-10-03 22:00:00,0.0,0.6701349110681516
8831,2019-10-03 23:00:00,0.0,0.6979692365421677
8832,2019-10-04 00:00:00,0.0,0.2817654607142158
8833,2019-10-04 01:00:00,0.0,0.2162620850594581
8834,2019-10-04 02:00:00,0.0,0.28307925045272087
8835,2019-10-04 03:00:00,0.0,0.005546024988209108
8836,2019-10-04 04:00:00,0.0,0.15657975230987087
8837,2019-10-04 05:00:00,0.0,0.678641044261279
8838,2019-10-04 06:00:00,0.0,0.9936474091996672
8839,2019-10-04 07:00:00,0.0,0.093458716594084
8840,2019-10-04 08:00:00,0.0,0.1326002810688497
8841,2019-10-04 09:00:00,0.0,0.021584021584514224
8842,2019-10-04 10:00:00,0.0,0.7304164314536329
8843,2019-10-04 11:00:00,0.0,0.8545813164451166
8844,2019-10-04 12:00:00,0.0,0.8145471941650939
8845,2019-10-04 13:00:00,0.0,0.13014070978879677
8846,2019-10-04 14:00:00,0.0,0.6518019793985501
8847,2019-10-04 15:00:00,0.0,0.6846613065984691
8848,2019-10-04 16:00:00,0.0,0.48171217737175287
8849,2019-10-04 17:00:00,0.0,0.03650655097850164
8850,2019-10-04 18:00:00,0.0,0.7885876979348727
8851,2019-10-04 19:00:00,0.0,0.8807769854130595
8852,2019-10-04 20:00:00,0.0,0.24990830808272757
8853,2019-10-04 21:00:00,0.0,0.14702046424853732
8854,2019-10-04 22:00:00,0.0,0.4609559233259469
8855,2019-10-04 23:00:00,0.0,0.7061261223916631
8856,2019-10-05 00:00:00,0.0,0.6051485460102545
8857,2019-10-05 01:00:00,0.0,0.284715581717373
8858,2019-10-05 02:00:00,0.0,0.9860454455847999
8859,2019-10-05 03:00:00,0.0,0.43004827467802975
8860,2019-10-05 04:00:00,0.0,0.8104014296264603
8861,2019-10-05 05:00:00,0.0,0.9163561629725956
8862,2019-10-05 06:00:00,0.0,0.7983687705810855
8863,2019-10-05 07:00:00,0.0,0.7256389789538137
8864,2019-10-05 08:00:00,0.0,0.8219176983990386
8865,2019-10-05 09:00:00,0.0,0.5041769238182172
8866,2019-10-05 10:00:00,0.0,0.4871862914239645
8867,2019-10-05 11:00:00,0.0,0.8860424147442526
8868,2019-10-05 12:00:00,0.0,0.07075141294712584
8869,2019-10-05 13:00:00,0.0,0.060366558089333444
8870,2019-10-05 14:00:00,0.0,0.7049205074294671
8871,2019-10-05 15:00:00,0.0,0.6998184611757411
8872,2019-10-05 16:00:00,0.0,0.4603141960848308
8873,2019-10-05 17:00:00,0.0,0.5815152846235689
8874,2019-10-05 18:00:00,0.0,0.32085379472600595
8875,2019-10-05 19:00:00,0.0,0.4868135194424199
8876,2019-10-05 20:00:00,0.0,0.22421104864359676
8877,2019-10-05 21:00:00,0.0,0.7266297309585861
8878,2019-10-05 22:00:00,0.0,0.43452745077576527
8879,2019-10-05 23:00:00,0.0,0.12307096360207448
8880,2019-10-06 00:00:00,0.0,0.15601712218698582
8881,2019-10-06 01:00:00,0.0,0.010689466787361268
8882,2019-10-06 02:00:00,0.0,0.8920851794951068
8883,2019-10-06 03:00:00,0.0,0.9596716068818065
8884,2019-10-06 04:00:00,0.0,0.605209509791023
8885,2019-10-06 05:00:00,0.0,0.22094406265435584
8886,2019-10-06 06:00:00,0.0,0.7765227477523322
8887,2019-10-06 07:00:00,0.0,0.384812894691278
8888,2019-10-06 08:00:00,0.0,0.8634011565877797
8889,2019-10-06 09:00:00,0.0,0.6435129431094373
8890,2019-10-06 10:00:00,0.0,0.5552478868908114
8891,2019-10-06 11:00:00,0.0,0.33192218689078135
8892,2019-10-06 12:00:00,0.0,0.22249956085502276
8893,2019-10-06 13:00:00,0.0,0.8183918756991487
8894,2019-10-06 14:00:00,0.0,0.42067932628233884
8895,2019-10-06 15:00:00,0.0,0.9422435912662319
8896,2019-10-06 16:00:00,0.0,0.007693997700277566
8897,2019-10-06 17:00:00,0.0,0.9734119503248713
8898,2019-10-06 18:00:00,0.0,0.6132786228499413
8899,2019-10-06 19:00:00,0.0,0.21607412837529516
8900,2019-10-06 20:00:00,0.0,0.5531515890464723
8901,2019-10-06 21:00:00,0.0,0.8132203403121864
8902,2019-10-06 22:00:00,0.0,0.7281720208668245
8903,2019-10-06 23:00:00,0.0,0.5045796619911145
8904,2019-10-07 00:00:00,0.0,0.7208159643001593
8905,2019-10-07 01:00:00,0.0,0.9297935455799157
8906,2019-10-07 02:00:00,0.0,0.5944864108921162
8907,2019-10-07 03:00:00,0.0,0.7422677331286166
8908,2019-10-07 04:00:00,0.0,0.6756086730747682
8909,2019-10-07 05:00:00,0.0,0.7181965461093843
8910,2019-10-07 06:00:00,0.0,0.70104027644425
8911,2019-10-07 07:00:00,0.0,0.08212964652895582
8912,2019-10-07 08:00:00,0.0,0.6425227281811293
8913,2019-10-07 09:00:00,0.0,0.14760452405065394
8914,2019-10-07 10:00:00,0.0,0.05829147123052292
8915,2019-10-07 11:00:00,0.0,0.38162674947229125
8916,2019-10-07 12:00:00,0.0,0.4137832515375798
8917,2019-10-07 13:00:00,0.0,0.039403798823799074
8918,2019-10-07 14:00:00,0.0,0.528242193143926
8919,2019-10-07 15:00:00,0.0,0.6346663246553238
8920,2019-10-07 16:00:00,0.0,0.5611696938611538
8921,2019-10-07 17:00:00,0.0,0.48395823879786515
8922,2019-10-07 18:00:00,0.0,0.2619950414902802
8923,2019-10-07 19:00:00,0.0,0.7604445246507245
8924,2019-10-07 20:00:00,0.0,0.14810812835621745
8925,2019-10-07 21:00:00,0.0,0.6459331955719664
8926,2019-10-07 22:00:00,0.0,0.9754533150064412
8927,2019-10-07 23:00:00,0.0,0.06228842020163994
8928,2019-10-08 00:00:00,0.0,0.043032226819465946
8929,2019-10-08 01:00:00,0.0,0.9035532281967253
8930,2019-10-08 02:00:00,0.0,0.22036096849732578
8931,2019-10-08 03:00:00,0.0,0.16228358722002245
8932,2019-10-08 04:00:00,0.0,0.09332131062736682
8933,2019-10-08 05:00:00,0.0,0.9397879473397985
8934,2019-10-08 06:00:00,0.0,0.568968192408461
8935,2019-10-08 07:00:00,0.0,0.29309360437842225
8936,2019-10-08 08:00:00,0.0,0.8979901774367585
8937,2019-10-08 09:00:00,0.0,0.17946662429842242
8938,2019-10-08 10:00:00,0.0,0.2607896890380884
8939,2019-10-08 11:00:00,0.0,0.8649619006362288
8940,2019-10-08 12:00:00,0.0,0.017843804592662993
8941,2019-10-08 13:00:00,0.0,0.22591860699115096
8942,2019-10-08 14:00:00,0.0,0.9825149131775782
8943,2019-10-08 15:00:00,0.0,0.30198046423481895
8944,2019-10-08 16:00:00,0.0,0.2488428839388459
8945,2019-10-08 17:00:00,0.0,0.8485776997999879
8946,2019-10-08 18:00:00,0.0,0.4753427945950849
8947,2019-10-08 19:00:00,0.0,0.7262103978997896
8948,2019-10-08 20:00:00,0.0,0.18264002292724968
8949,2019-10-08 21:00:00,0.0,0.7836008267624474
8950,2019-10-08 22:00:00,0.0,0.9109819207088352
8951,2019-10-08 23:00:00,0.0,0.36057323366685146
8952,2019-10-09 00:00:00,0.0,0.46283728578966155
8953,2019-10-09 01:00:00,0.0,0.6673404975335073
8954,2019-10-09 02:00:00,0.0,0.27743135530127183
8955,2019-10-09 03:00:00,0.0,0.05511667286485944
8956,2019-10-09 04:00:00,0.0,0.2680465290917313
8957,2019-10-09 05:00:00,0.0,0.23544764126481454
8958,2019-10-09 06:00:00,0.0,0.15782989990292773
8959,2019-10-09 07:00:00,0.0,0.09620011372688941
8960,2019-10-09 08:00:00,0.0,0.923211583394957
8961,2019-10-09 09:00:00,0.0,0.21817441475438792
8962,2019-10-09 10:00:00,0.0,0.5003198486721399
8963,2019-10-09 11:00:00,0.0,0.24292959923732715
8964,2019-10-09 12:00:00,0.0,0.5898099623534223
8965,2019-10-09 13:00:00,0.0,0.8880864476971754
8966,2019-10-09 14:00:00,0.0,0.3352945142392575
8967,2019-10-09 15:00:00,0.0,0.6662495961481987
8968,2019-10-09 16:00:00,0.0,0.5980112872601373
8969,2019-10-09 17:00:00,0.0,0.6157066239871277
8970,2019-10-09 18:00:00,0.0,0.7991378704284944
8971,2019-10-09 19:00:00,0.0,0.07260845428941065
8972,2019-10-09 20:00:00,0.0,0.3002989570997512
8973,2019-10-09 21:00:00,0.0,0.001228405114231168
8974,2019-10-09 22:00:00,0.0,0.15825853917013977
8975,2019-10-09 23:00:00,0.0,0.5121188692979791
8976,2019-10-10 00:00:00,0.0,0.3182047940105065
8977,2019-10-10 01:00:00,0.0,0.05216404338607006
8978,2019-10-10 02:00:00,0.0,0.552680276000226
8979,2019-10-10 03:00:00,0.0,0.1397596201013862
8980,2019-10-10 04:00:00,0.0,0.09121794519530924
8981,2019-10-10 05:00:00,0.0,0.18185220971259908
8982,2019-10-10 06:00:00,0.0,0.27792012478870376
8983,2019-10-10 07:00:00,0.0,0.6089593238961221
8984,2019-10-10 08:00:00,0.0,0.18691921721589522
8985,2019-10-10 09:00:00,0.0,0.48733227976804017
8986,2019-10-10 10:00:00,0.0,0.20227603700365793
8987,2019-10-10 11:00:00,0.0,0.21180642980588327
8988,2019-10-10 12:00:00,0.0,0.17859971425300347
8989,2019-10-10 13:00:00,0.0,0.5451143830923064
8990,2019-10-10 14:00:00,0.0,0.9494008346522878
8991,2019-10-10 15:00:00,0.0,0.38257209573017326
8992,2019-10-10 16:00:00,0.0,0.39653922659968266
8993,2019-10-10 17:00:00,0.0,0.904257037357556
8994,2019-10-10 18:00:00,0.0,0.7497581844532902
8995,2019-10-10 19:00:00,0.0,0.3035811850216261
8996,2019-10-10 20:00:00,0.0,0.038628863833914284
8997,2019-10-10 21:00:00,0.0,0.4220212330768971
8998,2019-10-10 22:00:00,0.0,0.4870710633025389
8999,2019-10-10 23:00:00,0.0,0.4771140794855926
9000,2019-10-11 00:00:00,0.0,0.48718843947818324
9001,2019-10-11 01:00:00,0.0,0.02450191023434589
9002,2019-10-11 02:00:00,0.0,0.16437734308548912
9003,2019-10-11 03:00:00,0.0,0.6189985075127402
9004,2019-10-11 04:00:00,0.0,0.7716135756568837
9005,2019-10-11 05:00:00,0.0,0.5262694648069445
9006,2019-10-11 06:00:00,0.0,0.6289971640642168
9007,2019-10-11 07:00:00,0.0,0.21540186694391605
9008,2019-10-11 08:00:00,0.0,0.6739884669229286
9009,2019-10-11 09:00:00,0.0,0.8937105221255781
9010,2019-10-11 10:00:00,0.0,0.7370689222626566
9011,2019-10-11 11:00:00,0.0,0.6513960692520758
9012,2019-10-11 12:00:00,0.0,0.425144738024275
9013,2019-10-11 13:00:00,0.0,0.6278463761471776
9014,2019-10-11 14:00:00,0.0,0.6099849409908541
9015,2019-10-11 15:00:00,0.0,0.41831680845437025
9016,2019-10-11 16:00:00,0.0,0.46871681053097514
9017,2019-10-11 17:00:00,0.0,0.9234168545610629
9018,2019-10-11 18:00:00,0.0,0.08666880499222207
9019,2019-10-11 19:00:00,0.0,0.8833106308742616
9020,2019-10-11 20:00:00,0.0,0.5513293010200774
9021,2019-10-11 21:00:00,0.0,0.8409204538544666
9022,2019-10-11 22:00:00,0.0,0.8175560811493339
9023,2019-10-11 23:00:00,0.0,0.6127112042391043
9024,2019-10-12 00:00:00,0.0,0.12950759884697238
9025,2019-10-12 01:00:00,0.0,0.8261087871858187
9026,2019-10-12 02:00:00,0.0,0.3232696823217258
9027,2019-10-12 03:00:00,0.0,0.9274039362104415
9028,2019-10-12 04:00:00,0.0,0.9914881206310656
9029,2019-10-12 05:00:00,0.0,0.37516777295493153
9030,2019-10-12 06:00:00,0.0,0.036138104359774936
9031,2019-10-12 07:00:00,0.0,0.7834390314888552
9032,2019-10-12 08:00:00,0.0,0.27651459112070587
9033,2019-10-12 09:00:00,0.0,0.11466780563185919
9034,2019-10-12 10:00:00,0.0,0.527747107577958
9035,2019-10-12 11:00:00,0.0,0.7999563648655093
9036,2019-10-12 12:00:00,0.0,0.7304716936258365
9037,2019-10-12 13:00:00,0.0,0.9405723750426003
9038,2019-10-12 14:00:00,0.0,0.42830241372361466
9039,2019-10-12 15:00:00,0.0,0.774157175596589
9040,2019-10-12 16:00:00,0.0,0.0203692272300815
9041,2019-10-12 17:00:00,0.0,0.6798910892023756
9042,2019-10-12 18:00:00,0.0,0.8372759854430022
9043,2019-10-12 19:00:00,0.0,0.4445677911835809
9044,2019-10-12 20:00:00,0.0,0.026288004128866227
9045,2019-10-12 21:00:00,0.0,0.27246351250206413
9046,2019-10-12 22:00:00,0.0,0.29615492442333824
9047,2019-10-12 23:00:00,0.0,0.6992239454296615
9048,2019-10-13 00:00:00,0.0,0.3076873518797212
9049,2019-10-13 01:00:00,0.0,0.23015471788366126
9050,2019-10-13 02:00:00,0.0,0.4999013604008281
9051,2019-10-13 03:00:00,0.0,0.5643505872791726
9052,2019-10-13 04:00:00,0.0,0.1814336032716677
9053,2019-10-13 05:00:00,0.0,0.7098945808574935
9054,2019-10-13 06:00:00,0.0,0.46010778118307705
9055,2019-10-13 07:00:00,0.0,0.05457980677821961
9056,2019-10-13 08:00:00,0.0,0.5507141382317944
9057,2019-10-13 09:00:00,0.0,0.36374754583179536
9058,2019-10-13 10:00:00,0.0,0.607040206088283
9059,2019-10-13 11:00:00,0.0,0.19879315338855763
9060,2019-10-13 12:00:00,0.0,0.43196366739049885
9061,2019-10-13 13:00:00,0.0,0.22533401138894515
9062,2019-10-13 14:00:00,0.0,0.41800704015178447
9063,2019-10-13 15:00:00,0.0,0.6494541939947815
9064,2019-10-13 16:00:00,0.0,0.39979152250222316
9065,2019-10-13 17:00:00,0.0,0.9705771971301427
9066,2019-10-13 18:00:00,0.0,0.18460782171291135
9067,2019-10-13 19:00:00,0.0,0.5977711592779731
9068,2019-10-13 20:00:00,0.0,0.08945245969911397
9069,2019-10-13 21:00:00,0.0,0.9716980640369055
9070,2019-10-13 22:00:00,0.0,0.314752725193281
9071,2019-10-13 23:00:00,0.0,0.3345009943564997
9072,2019-10-14 00:00:00,0.0,0.1699302207468102
9073,2019-10-14 01:00:00,0.0,0.4183461210357241
9074,2019-10-14 02:00:00,0.0,0.9459327161525476
9075,2019-10-14 03:00:00,0.0,0.9121973506635148
9076,2019-10-14 04:00:00,0.0,0.41956526146017037
9077,2019-10-14 05:00:00,0.0,0.01997456767443695
9078,2019-10-14 06:00:00,0.0,0.9031898080522224
9079,2019-10-14 07:00:00,0.0,0.966575191823444
9080,2019-10-14 08:00:00,0.0,0.30739373495476174
9081,2019-10-14 09:00:00,0.0,0.5495902158502668
9082,2019-10-14 10:00:00,0.0,0.9361901314278089
9083,2019-10-14 11:00:00,0.0,0.7350924427287181
9084,2019-10-14 12:00:00,0.0,0.3096204175879731
9085,2019-10-14 13:00:00,0.0,0.22816798578041664
9086,2019-10-14 14:00:00,0.0,0.2086505316164763
9087,2019-10-14 15:00:00,0.0,0.801914125565591
9088,2019-10-14 16:00:00,0.0,0.6426697129455068
9089,2019-10-14 17:00:00,0.0,0.17525429044390084
9090,2019-10-14 18:00:00,0.0,0.7767820273519587
9091,2019-10-14 19:00:00,0.0,0.7674171243427862
9092,2019-10-14 20:00:00,0.0,0.3830271990880735
9093,2019-10-14 21:00:00,0.0,0.4518523690566555
9094,2019-10-14 22:00:00,0.0,0.9647768350540001
9095,2019-10-14 23:00:00,0.0,0.40687667532268545
9096,2019-10-15 00:00:00,0.0,0.6659097624390932
9097,2019-10-15 01:00:00,0.0,0.25494894354661923
9098,2019-10-15 02:00:00,0.0,0.0024658371446242278
9099,2019-10-15 03:00:00,0.0,0.9458054921153476
9100,2019-10-15 04:00:00,0.0,0.06128146082311903
9101,2019-10-15 05:00:00,0.0,0.5468103678858991
9102,2019-10-15 06:00:00,0.0,0.5976520257622854
9103,2019-10-15 07:00:00,0.0,0.09817965889134961
9104,2019-10-15 08:00:00,0.0,0.4533519937150531
9105,2019-10-15 09:00:00,0.0,0.8324324129570642
9106,2019-10-15 10:00:00,0.0,0.764182357625109
9107,2019-10-15 11:00:00,0.0,0.8177308968766971
9108,2019-10-15 12:00:00,0.0,0.8081218528524113
9109,2019-10-15 13:00:00,0.0,0.18361611438821257
9110,2019-10-15 14:00:00,0.0,0.9662406062332664
9111,2019-10-15 15:00:00,0.0,0.9472811438955128
9112,2019-10-15 16:00:00,0.0,0.8088479858463624
9113,2019-10-15 17:00:00,0.0,0.24144018558143066
9114,2019-10-15 18:00:00,0.0,0.08774004882183428
9115,2019-10-15 19:00:00,0.0,0.7337522406737821
9116,2019-10-15 20:00:00,0.0,0.9566248196732156
9117,2019-10-15 21:00:00,0.0,0.051086408150548435
9118,2019-10-15 22:00:00,0.0,0.5316718778803436
9119,2019-10-15 23:00:00,0.0,0.23929763805508242
9120,2019-10-16 00:00:00,0.0,0.1849912418898868
9121,2019-10-16 01:00:00,0.0,0.41602742937962434
9122,2019-10-16 02:00:00,0.0,0.6173083345557464
9123,2019-10-16 03:00:00,0.0,0.3221482939115172
9124,2019-10-16 04:00:00,0.0,0.06404741060791486
9125,2019-10-16 05:00:00,0.0,0.0009298388023236681
9126,2019-10-16 06:00:00,0.0,0.2674101308901433
9127,2019-10-16 07:00:00,0.0,0.7800101750542837
9128,2019-10-16 08:00:00,0.0,0.06857599124545188
9129,2019-10-16 09:00:00,0.0,0.2829519380985205
9130,2019-10-16 10:00:00,0.0,0.38479712531248056
9131,2019-10-16 11:00:00,0.0,0.9570924957400092
9132,2019-10-16 12:00:00,0.0,0.8521144718128537
9133,2019-10-16 13:00:00,0.0,0.831230193362402
9134,2019-10-16 14:00:00,0.0,0.4779190193701801
9135,2019-10-16 15:00:00,0.0,0.3908074331625916
9136,2019-10-16 16:00:00,0.0,0.022220607983748364
9137,2019-10-16 17:00:00,0.0,0.052697628079273584
9138,2019-10-16 18:00:00,0.0,0.33969505357641483
9139,2019-10-16 19:00:00,0.0,0.3930084438081628
9140,2019-10-16 20:00:00,0.0,0.8276808701301909
9141,2019-10-16 21:00:00,0.0,0.38132029863677697
9142,2019-10-16 22:00:00,0.0,0.02864333404727004
9143,2019-10-16 23:00:00,0.0,0.7813955115797259
9144,2019-10-17 00:00:00,0.0,0.4602075746618245
9145,2019-10-17 01:00:00,0.0,0.2589318687312051
9146,2019-10-17 02:00:00,0.0,0.7574098223997682
9147,2019-10-17 03:00:00,0.0,0.46447225916750934
9148,2019-10-17 04:00:00,0.0,0.7167130909815259
9149,2019-10-17 05:00:00,0.0,0.0032150876063258282
9150,2019-10-17 06:00:00,0.0,0.9746929940420178
9151,2019-10-17 07:00:00,0.0,0.1034085819626096
9152,2019-10-17 08:00:00,0.0,0.3587427386129609
9153,2019-10-17 09:00:00,0.0,0.9024785396696088
9154,2019-10-17 10:00:00,0.0,0.7025869230533494
9155,2019-10-17 11:00:00,0.0,0.15619987822860693
9156,2019-10-17 12:00:00,0.0,0.7961540145767451
9157,2019-10-17 13:00:00,0.0,0.4365765157875191
9158,2019-10-17 14:00:00,0.0,0.6970093193040734
9159,2019-10-17 15:00:00,0.0,0.7028965706079805
9160,2019-10-17 16:00:00,0.0,0.9725965877137976
9161,2019-10-17 17:00:00,0.0,0.05412544030184585
9162,2019-10-17 18:00:00,0.0,0.763182026640425
9163,2019-10-17 19:00:00,0.0,0.7893749874459373
9164,2019-10-17 20:00:00,0.0,0.06375749670955977
9165,2019-10-17 21:00:00,0.0,0.17444944044938726
9166,2019-10-17 22:00:00,0.0,0.01198033940129839
9167,2019-10-17 23:00:00,0.0,0.8114337563064945
9168,2019-10-18 00:00:00,0.0,0.6252823070363696
9169,2019-10-18 01:00:00,0.0,0.38953904984477516
9170,2019-10-18 02:00:00,0.0,0.36023450866629725
9171,2019-10-18 03:00:00,0.0,0.13784899012116925
9172,2019-10-18 04:00:00,0.0,0.5912806976283055
9173,2019-10-18 05:00:00,0.0,0.9324053394741519
9174,2019-10-18 06:00:00,0.0,0.5163428368728462
9175,2019-10-18 07:00:00,0.0,0.5157198131313446
9176,2019-10-18 08:00:00,0.0,0.061639942490298694
9177,2019-10-18 09:00:00,0.0,0.9057426414190505
9178,2019-10-18 10:00:00,0.0,0.7284715486208037
9179,2019-10-18 11:00:00,0.0,0.7813570934583117
9180,2019-10-18 12:00:00,0.0,0.17633547518758053
9181,2019-10-18 13:00:00,0.0,0.7575149364218283
9182,2019-10-18 14:00:00,0.057894737,0.18327449413903196
9183,2019-10-18 15:00:00,0.074678347,0.595134453392521
9184,2019-10-18 16:00:00,0.07420709,0.9624334842206845
9185,2019-10-18 17:00:00,0.023535844,0.6353586511744851
9186,2019-10-18 18:00:00,0.076443471,0.27891254109356356
9187,2019-10-18 19:00:00,0.026734177,0.9933839145711773
9188,2019-10-18 20:00:00,0.022216145,0.5698518506335958
9189,2019-10-18 21:00:00,0.016363854,0.6342710085632939
9190,2019-10-18 22:00:00,0.013430568,0.47626993645364357
9191,2019-10-18 23:00:00,0.00707788,0.5012341193343741
9192,2019-10-19 00:00:00,0.001710763,0.39925932349312754
9193,2019-10-19 01:00:00,0.001005888,0.919432895035873
9194,2019-10-19 02:00:00,0.000949192,0.5500797605785046
9195,2019-10-19 03:00:00,0.000770337,0.4384545961875733
9196,2019-10-19 04:00:00,0.000590526,0.7557438706375244
9197,2019-10-19 05:00:00,0.000417023,0.6140287217853433
9198,2019-10-19 06:00:00,0.000241057,0.9189970661843839
9199,2019-10-19 07:00:00,0.000225007,0.26430104556981404
9200,2019-10-19 08:00:00,0.000311319,0.3208951136402459
9201,2019-10-19 09:00:00,0.000281798,0.6863720800504616
9202,2019-10-19 10:00:00,0.000233087,0.4852528077345528
9203,2019-10-19 11:00:00,0.000174409,0.32583151864147086
9204,2019-10-19 12:00:00,0.000133745,0.01869253414632943
9205,2019-10-19 13:00:00,8.387e-05,0.28496441621045965
9206,2019-10-19 14:00:00,7.1103e-05,0.15905983640015786
9207,2019-10-19 15:00:00,7.0183e-05,0.3807536817963575
9208,2019-10-19 16:00:00,5.8694e-05,0.4435871541763716
9209,2019-10-19 17:00:00,2.6252e-05,0.12915646497424949
9210,2019-10-19 18:00:00,2.7955e-05,0.24496107386694166
9211,2019-10-19 19:00:00,3.432e-05,0.4390529114278704
9212,2019-10-19 20:00:00,3.3513e-05,0.19523700734730953
9213,2019-10-19 21:00:00,2.3884e-05,0.3133311434336249
9214,2019-10-19 22:00:00,1.6202e-05,0.7034029272839945
9215,2019-10-19 23:00:00,7.319e-06,0.5448411166714316
9216,2019-10-20 00:00:00,0.0,0.6799200208819355
9217,2019-10-20 01:00:00,0.0,0.9344327411795124
9218,2019-10-20 02:00:00,0.0,0.0928516174971773
9219,2019-10-20 03:00:00,0.0,0.15493204861782084
9220,2019-10-20 04:00:00,0.0,0.7799866159124729
9221,2019-10-20 05:00:00,0.0,0.5739134367579185
9222,2019-10-20 06:00:00,0.0,0.6297187733928264
9223,2019-10-20 07:00:00,0.0,0.5467001058643672
9224,2019-10-20 08:00:00,0.0,0.4458834279447721
9225,2019-10-20 09:00:00,0.0,0.6495969596940196
9226,2019-10-20 10:00:00,0.0,0.6498680776058933
9227,2019-10-20 11:00:00,0.0,0.647250725429468
9228,2019-10-20 12:00:00,0.0,0.0836114548362582
9229,2019-10-20 13:00:00,0.0,0.4760921264872676
9230,2019-10-20 14:00:00,0.0,0.6320511509117754
9231,2019-10-20 15:00:00,0.0,0.6889457381421628
9232,2019-10-20 16:00:00,0.0,0.54128867405363
9233,2019-10-20 17:00:00,0.0,0.8227171971936731
9234,2019-10-20 18:00:00,0.0,0.9078668278961142
9235,2019-10-20 19:00:00,0.0,0.27887064826623487
9236,2019-10-20 20:00:00,0.0,0.8478181583936777
9237,2019-10-20 21:00:00,0.0,0.39231746009407575
9238,2019-10-20 22:00:00,0.0,0.06974774355201518
9239,2019-10-20 23:00:00,0.0,0.07435351076512398
9240,2019-10-21 00:00:00,0.0,0.29049228095608326
9241,2019-10-21 01:00:00,0.0,0.06424861167722495
9242,2019-10-21 02:00:00,0.0,0.24445663141079588
9243,2019-10-21 03:00:00,0.0,0.1542264155974794
9244,2019-10-21 04:00:00,0.0,0.32547051972204843
9245,2019-10-21 05:00:00,0.0,0.19809714496707032
9246,2019-10-21 06:00:00,0.0,0.4888451765320576
9247,2019-10-21 07:00:00,0.0,0.8796610882525745
9248,2019-10-21 08:00:00,0.0,0.02443461859725815
9249,2019-10-21 09:00:00,0.0,0.02751280372653475
9250,2019-10-21 10:00:00,0.0,0.1393750518171628
9251,2019-10-21 11:00:00,0.0,0.7759160565690478
9252,2019-10-21 12:00:00,0.0,0.8089210512572997
9253,2019-10-21 13:00:00,0.0,0.1296942316811499
9254,2019-10-21 14:00:00,0.0,0.15673867927576524
9255,2019-10-21 15:00:00,0.0,0.10067482999310196
9256,2019-10-21 16:00:00,0.0,0.39514244290468314
9257,2019-10-21 17:00:00,0.0,0.7903863037055069
9258,2019-10-21 18:00:00,0.0,0.17040997730450924
9259,2019-10-21 19:00:00,0.0,0.8904557212641802
9260,2019-10-21 20:00:00,0.0,0.09299726479032255
9261,2019-10-21 21:00:00,0.0,0.4230218655915686
9262,2019-10-21 22:00:00,0.0,0.37342406055562427
9263,2019-10-21 23:00:00,0.0,0.9840756153194115
9264,2019-10-22 00:00:00,0.0,0.8170475559783125
9265,2019-10-22 01:00:00,0.0,0.662306518793967
9266,2019-10-22 02:00:00,0.0,0.44027948427295516
9267,2019-10-22 03:00:00,0.0,0.5837976032665554
9268,2019-10-22 04:00:00,0.0,0.3572463422383092
9269,2019-10-22 05:00:00,0.0,0.7143272531926314
9270,2019-10-22 06:00:00,0.0,0.3389782395299984
9271,2019-10-22 07:00:00,0.0,0.07354260804907009
9272,2019-10-22 08:00:00,0.0,0.9832223897794715
9273,2019-10-22 09:00:00,0.0,0.4166220786370962
9274,2019-10-22 10:00:00,0.0,0.5243437394621067
9275,2019-10-22 11:00:00,0.0,0.11424973365478619
9276,2019-10-22 12:00:00,0.0,0.994921321499132
9277,2019-10-22 13:00:00,0.0,0.8133392811078155
9278,2019-10-22 14:00:00,0.0,0.5286007382092563
9279,2019-10-22 15:00:00,0.0,0.004506953327962471
9280,2019-10-22 16:00:00,0.0,0.17179535220354958
9281,2019-10-22 17:00:00,0.0,0.5645669413555634
9282,2019-10-22 18:00:00,0.0,0.5149532047181892
9283,2019-10-22 19:00:00,0.0,0.5602958043760091
9284,2019-10-22 20:00:00,0.0,0.9447142326046075
9285,2019-10-22 21:00:00,0.0,0.4962649997265298
9286,2019-10-22 22:00:00,0.0,0.5786156549051868
9287,2019-10-22 23:00:00,0.0,0.8439611732481831
9288,2019-10-23 00:00:00,0.0,0.7883320103660773
9289,2019-10-23 01:00:00,0.0,0.27680025190032087
9290,2019-10-23 02:00:00,0.0,0.9221094175117633
9291,2019-10-23 03:00:00,0.0,0.340866256730462
9292,2019-10-23 04:00:00,0.0,0.8914806266317118
9293,2019-10-23 05:00:00,0.0,0.47237914508236967
9294,2019-10-23 06:00:00,0.0,0.5652943505221977
9295,2019-10-23 07:00:00,0.0,0.44321797949922415
9296,2019-10-23 08:00:00,0.0,0.2583367220923717
9297,2019-10-23 09:00:00,0.0,0.2631996595606355
9298,2019-10-23 10:00:00,0.0,0.766892946032934
9299,2019-10-23 11:00:00,0.0,0.4881898727590521
9300,2019-10-23 12:00:00,0.0,0.6149294088383507
9301,2019-10-23 13:00:00,0.0,0.0535414013026011
9302,2019-10-23 14:00:00,0.0,0.12454902994416772
9303,2019-10-23 15:00:00,0.0,0.9945270562472494
9304,2019-10-23 16:00:00,0.0,0.30193829520991455
9305,2019-10-23 17:00:00,0.0,0.8464045491751961
9306,2019-10-23 18:00:00,0.0,0.4394498012416709
9307,2019-10-23 19:00:00,0.0,0.5233268480514969
9308,2019-10-23 20:00:00,0.0,0.33605689951358375
9309,2019-10-23 21:00:00,0.0,0.6765994364646439
9310,2019-10-23 22:00:00,0.0,0.3125176579106601
9311,2019-10-23 23:00:00,0.0,0.8964520517832414
9312,2019-10-24 00:00:00,0.0,0.6660164050814658
9313,2019-10-24 01:00:00,0.0,0.4017435639027179
9314,2019-10-24 02:00:00,0.0,0.07519140793411838
9315,2019-10-24 03:00:00,0.0,0.3944995259376677
9316,2019-10-24 04:00:00,0.0,0.5646838368172518
9317,2019-10-24 05:00:00,0.0,0.10335458328863656
9318,2019-10-24 06:00:00,0.0,0.011452774432553436
9319,2019-10-24 07:00:00,0.0,0.8661001199291161
9320,2019-10-24 08:00:00,0.0,0.31581622681804633
9321,2019-10-24 09:00:00,0.0,0.8615991058495669
9322,2019-10-24 10:00:00,0.0,0.6803187175323618
9323,2019-10-24 11:00:00,0.0,0.1377770823187382
9324,2019-10-24 12:00:00,0.0,0.8064765696283689
9325,2019-10-24 13:00:00,0.0,0.7536209276313316
9326,2019-10-24 14:00:00,0.0,0.9518006834531079
9327,2019-10-24 15:00:00,0.0,0.8174653188606097
9328,2019-10-24 16:00:00,0.0,0.6865586189550931
9329,2019-10-24 17:00:00,0.0,0.24036733329162308
9330,2019-10-24 18:00:00,0.0,0.19168902440913016
9331,2019-10-24 19:00:00,0.0,0.8546670026582291
9332,2019-10-24 20:00:00,0.0,0.4408618570614986
9333,2019-10-24 21:00:00,0.0,0.02295846711710603
9334,2019-10-24 22:00:00,0.0,0.35006063004253796
9335,2019-10-24 23:00:00,0.0,0.13780413003753722
9336,2019-10-25 00:00:00,0.0,0.609630802535428
9337,2019-10-25 01:00:00,0.0,0.8749589575557903
9338,2019-10-25 02:00:00,0.0,0.5392670906871567
9339,2019-10-25 03:00:00,0.0,0.2597537548543082
9340,2019-10-25 04:00:00,0.0,0.38031800700665186
9341,2019-10-25 05:00:00,0.0,0.14979288933656254
9342,2019-10-25 06:00:00,0.0,0.6172148655486985
9343,2019-10-25 07:00:00,0.0,0.41248642693618587
9344,2019-10-25 08:00:00,0.0,0.14101861972931629
9345,2019-10-25 09:00:00,0.0,0.07295287384398275
9346,2019-10-25 10:00:00,0.0,0.1993910093715655
9347,2019-10-25 11:00:00,0.0,0.8684830085858655
9348,2019-10-25 12:00:00,0.0,0.5427571314910177
9349,2019-10-25 13:00:00,0.0,0.6259982564395992
9350,2019-10-25 14:00:00,0.0,0.6494524946976927
9351,2019-10-25 15:00:00,0.0,0.9572746065474724
9352,2019-10-25 16:00:00,0.0,0.15888665170572092
9353,2019-10-25 17:00:00,0.0,0.7821206822467188
9354,2019-10-25 18:00:00,0.0,0.8851172085470121
9355,2019-10-25 19:00:00,0.0,0.7900484209790214
9356,2019-10-25 20:00:00,0.0,0.0015692734338537129
9357,2019-10-25 21:00:00,0.0,0.581440410079845
9358,2019-10-25 22:00:00,0.0,0.21803087702926216
9359,2019-10-25 23:00:00,0.0,0.8525812989258145
9360,2019-10-26 00:00:00,0.0,0.12703277959150272
9361,2019-10-26 01:00:00,0.0,0.7943817585235607
9362,2019-10-26 02:00:00,0.0,0.03963489609519588
9363,2019-10-26 03:00:00,0.0,0.2929516261744445
9364,2019-10-26 04:00:00,0.0,0.6107946717937821
9365,2019-10-26 05:00:00,0.0,0.0065974071009738955
9366,2019-10-26 06:00:00,0.0,0.9251173071426243
9367,2019-10-26 07:00:00,0.0,0.6420117790024206
9368,2019-10-26 08:00:00,0.0,0.12230475454990386
9369,2019-10-26 09:00:00,0.0,0.16937091502558088
9370,2019-10-26 10:00:00,0.0,0.06115364008163482
9371,2019-10-26 11:00:00,0.0,0.6143121729640536
9372,2019-10-26 12:00:00,0.0,0.7524766381303571
9373,2019-10-26 13:00:00,0.0,0.023996576371353995
9374,2019-10-26 14:00:00,0.0,0.8826858422956454
9375,2019-10-26 15:00:00,0.0,0.540066599213259
9376,2019-10-26 16:00:00,0.0,0.6748088656363717
9377,2019-10-26 17:00:00,0.0,0.5341244648070573
9378,2019-10-26 18:00:00,0.0,0.673688556002989
9379,2019-10-26 19:00:00,0.0,0.6749303764221628
9380,2019-10-26 20:00:00,0.0,0.39742018680677504
9381,2019-10-26 21:00:00,0.0,0.9719685879338675
9382,2019-10-26 22:00:00,0.0,0.880681153114227
9383,2019-10-26 23:00:00,0.0,0.7785639361325347
9384,2019-10-27 00:00:00,0.0,0.47146846608287196
9385,2019-10-27 01:00:00,0.0,0.31921398343112084
9386,2019-10-27 02:00:00,0.0,0.8810947820862769
9387,2019-10-27 03:00:00,0.0,0.039850451620316085
9388,2019-10-27 04:00:00,0.0,0.1288895642583362
9389,2019-10-27 05:00:00,0.0,0.5779564218842215
9390,2019-10-27 06:00:00,0.0,0.6860459852105263
9391,2019-10-27 07:00:00,0.0,0.4858843879668606
9392,2019-10-27 08:00:00,0.0,0.23644302264844108
9393,2019-10-27 09:00:00,0.0,0.7715241452909402
9394,2019-10-27 10:00:00,0.0,0.2860795683572541
9395,2019-10-27 11:00:00,0.0,0.47342955916657015
9396,2019-10-27 12:00:00,0.0,0.1752996978559046
9397,2019-10-27 13:00:00,0.0,0.6267295128549405
9398,2019-10-27 14:00:00,0.0,0.9676960627086074
9399,2019-10-27 15:00:00,0.0,0.9866669791114706
9400,2019-10-27 16:00:00,0.0,0.473116682695908
9401,2019-10-27 17:00:00,0.0,0.3720754517922016
9402,2019-10-27 18:00:00,0.0,0.7893857817412419
9403,2019-10-27 19:00:00,0.0,0.7932974859861301
9404,2019-10-27 20:00:00,0.0,0.9098170765701507
9405,2019-10-27 21:00:00,0.0,0.24264289152982643
9406,2019-10-27 22:00:00,0.0,0.32370016747311126
9407,2019-10-27 23:00:00,0.0,0.3605346620268962
9408,2019-10-28 00:00:00,0.0,0.04098084711152883
9409,2019-10-28 01:00:00,0.0,0.4506518488599446
9410,2019-10-28 02:00:00,0.0,0.8076152442311717
9411,2019-10-28 03:00:00,0.0,0.6463779454471219
9412,2019-10-28 04:00:00,0.0,0.3742522103684155
9413,2019-10-28 05:00:00,0.0,0.7157405084273679
9414,2019-10-28 06:00:00,0.0,0.11762719001565747
9415,2019-10-28 07:00:00,0.289473683,0.9977376224417511
9416,2019-10-28 08:00:00,0.554482162,0.2745473620265336
9417,2019-10-28 09:00:00,0.895938039,0.7503911661532912
9418,2019-10-28 10:00:00,1.373543382,0.9634080626088809
9419,2019-10-28 11:00:00,1.896906257,0.07673725785823216
9420,2019-10-28 12:00:00,2.475532532,0.4525494196806017
9421,2019-10-28 13:00:00,2.550758839,0.47098797845673357
9422,2019-10-28 14:00:00,2.645599604,0.03384584561151638
9423,2019-10-28 15:00:00,2.725799561,0.8725880897426836
9424,2019-10-28 16:00:00,2.797660351,0.5503454373850839
9425,2019-10-28 17:00:00,2.820302963,0.7563997578447725
9426,2019-10-28 18:00:00,2.815553427,0.3356886502338705
9427,2019-10-28 19:00:00,2.828341484,0.3668515803947262
9428,2019-10-28 20:00:00,2.814287186,0.3791019424895896
9429,2019-10-28 21:00:00,2.791947365,0.8960224097974483
9430,2019-10-28 22:00:00,2.747624397,0.5359311981558792
9431,2019-10-28 23:00:00,2.754391909,0.7555556280731016
9432,2019-10-29 00:00:00,2.766395569,0.005929273209414387
9433,2019-10-29 01:00:00,2.772696257,0.8904837487299007
9434,2019-10-29 02:00:00,2.779327631,0.22339234434870447
9435,2019-10-29 03:00:00,2.779021263,0.5433107730728667
9436,2019-10-29 04:00:00,2.779403925,0.8304954377496112
9437,2019-10-29 05:00:00,2.782280684,0.09234327674115761
9438,2019-10-29 06:00:00,2.77733469,0.04731096150224068
9439,2019-10-29 07:00:00,2.773709297,0.051874268927445066
9440,2019-10-29 08:00:00,2.763688326,0.00993078836404071
9441,2019-10-29 09:00:00,2.751134634,0.4922875893595793
9442,2019-10-29 10:00:00,2.738222837,0.6652482408025514
9443,2019-10-29 11:00:00,2.724904537,0.5353452981820006
9444,2019-10-29 12:00:00,2.713042259,0.78284420255853
9445,2019-10-29 13:00:00,2.706053257,0.5103192533207366
9446,2019-10-29 14:00:00,2.700431347,0.2902498179799994
9447,2019-10-29 15:00:00,2.687944412,0.1267081982132725
9448,2019-10-29 16:00:00,2.670744896,0.3048784048090777
9449,2019-10-29 17:00:00,2.648175001,0.49436671033059276
9450,2019-10-29 18:00:00,2.618923903,0.05097750343081919
9451,2019-10-29 19:00:00,2.596194744,0.22048748407827512
9452,2019-10-29 20:00:00,2.556945562,0.725414788849715
9453,2019-10-29 21:00:00,2.493412733,0.872816496153512
9454,2019-10-29 22:00:00,2.800228357,0.8626809352027199
9455,2019-10-29 23:00:00,2.873483896,0.6663255127448096
9456,2019-10-30 00:00:00,2.873765945,0.9546111106373347
9457,2019-10-30 01:00:00,2.884438753,0.915877948209534
9458,2019-10-30 02:00:00,2.895984411,0.9422750777983097
9459,2019-10-30 03:00:00,2.909616947,0.42238118863266816
9460,2019-10-30 04:00:00,2.925395012,0.5585597044048719
9461,2019-10-30 05:00:00,2.946259499,0.119487436226413
9462,2019-10-30 06:00:00,2.959770679,0.24151819241999284
9463,2019-10-30 07:00:00,2.9599123,0.5914889428592898
9464,2019-10-30 08:00:00,2.962785482,0.8360167514846745
9465,2019-10-30 09:00:00,2.967985392,0.13979077018170516
9466,2019-10-30 10:00:00,2.971097946,0.9425361651601224
9467,2019-10-30 11:00:00,2.976500034,0.580151507880927
9468,2019-10-30 12:00:00,2.980727196,0.6824158418509493
9469,2019-10-30 13:00:00,2.985626221,0.11188805372113708
9470,2019-10-30 14:00:00,2.987185717,0.24496105315180994
9471,2019-10-30 15:00:00,2.988809109,0.3796321044323293
9472,2019-10-30 16:00:00,2.985545874,0.6419797384123781
9473,2019-10-30 17:00:00,2.977419376,0.8836134175077472
9474,2019-10-30 18:00:00,2.950559855,0.2560756839548899
9475,2019-10-30 19:00:00,2.910473108,0.2753743369645606
9476,2019-10-30 20:00:00,2.854368925,0.20346259726565474
9477,2019-10-30 21:00:00,2.793124437,0.9612337362303122
9478,2019-10-30 22:00:00,2.7277143,0.4102883822009121
9479,2019-10-30 23:00:00,2.691315651,0.5059385411919887
9480,2019-10-31 00:00:00,2.65618825,0.7776608129915322
9481,2019-10-31 01:00:00,2.621772766,0.1406518370512475
9482,2019-10-31 02:00:00,2.585355282,0.24555016853603318
9483,2019-10-31 03:00:00,2.548280716,0.8867216247462005
9484,2019-10-31 04:00:00,2.50888586,0.730173035273479
9485,2019-10-31 05:00:00,2.475735903,0.9818222484210752
9486,2019-10-31 06:00:00,2.442743301,0.3277103606170718
9487,2019-10-31 07:00:00,2.426768064,0.31508898978486777
9488,2019-10-31 08:00:00,2.425088167,0.3323758996153259
9489,2019-10-31 09:00:00,2.421445608,0.5002639243148458
9490,2019-10-31 10:00:00,2.419235706,0.4649683643977802
9491,2019-10-31 11:00:00,2.422205925,0.5520089122842053
9492,2019-10-31 12:00:00,2.424254894,0.9189529378500622
9493,2019-10-31 13:00:00,2.423149586,0.1940548674104733
9494,2019-10-31 14:00:00,2.420139551,0.015863698218472888
9495,2019-10-31 15:00:00,2.41165638,0.14348548299936437
9496,2019-10-31 16:00:00,2.386348724,0.379880010814059
9497,2019-10-31 17:00:00,2.327840805,0.11953063976370792
9498,2019-10-31 18:00:00,2.211719513,0.1368604467375728
9499,2019-10-31 19:00:00,2.041958094,0.35994948917904634
9500,2019-10-31 20:00:00,1.816090822,0.9450388484835633
9501,2019-10-31 21:00:00,1.612369299,0.19306315740155044
9502,2019-10-31 22:00:00,1.43745625,0.9863114620809506
9503,2019-10-31 23:00:00,1.387401104,0.7823993525826761
9504,2019-11-01 00:00:00,1.373103142,0.6822126817092932
9505,2019-11-01 01:00:00,1.374913096,0.7831164030175148
9506,2019-11-01 02:00:00,1.37234199,0.8798051619658553
9507,2019-11-01 03:00:00,1.368934631,0.5428496349075592
9508,2019-11-01 04:00:00,1.355264187,0.8757603299106352
9509,2019-11-01 05:00:00,1.343868375,0.8357922903654501
9510,2019-11-01 06:00:00,1.316523194,0.7273271315636292
9511,2019-11-01 07:00:00,1.277824044,0.7427961503482549
9512,2019-11-01 08:00:00,1.230886817,0.696518222156495
9513,2019-11-01 09:00:00,1.179204941,0.6510972864623729
9514,2019-11-01 10:00:00,1.124083877,0.05434971087415397
9515,2019-11-01 11:00:00,1.067196488,0.5311514598168783
9516,2019-11-01 12:00:00,1.01493299,0.2876687408955255
9517,2019-11-01 13:00:00,0.970450938,0.9779622399705958
9518,2019-11-01 14:00:00,0.920346797,0.7600178590668352
9519,2019-11-01 15:00:00,0.85656625,0.27440961043735745
9520,2019-11-01 16:00:00,0.776207685,0.11367241769512682
9521,2019-11-01 17:00:00,0.678539813,0.9356774098349464
9522,2019-11-01 18:00:00,0.317749113,0.9998994136397596
9523,2019-11-01 19:00:00,0.0,0.6446564003292774
9524,2019-11-01 20:00:00,0.0,0.012729889652304927
9525,2019-11-01 21:00:00,0.0,0.141733214120639
9526,2019-11-01 22:00:00,0.0,0.7332723673190663
9527,2019-11-01 23:00:00,0.0,0.9682781128268184
9528,2019-11-02 00:00:00,0.0,0.06618520893993907
9529,2019-11-02 01:00:00,0.0,0.1961613006034445
9530,2019-11-02 02:00:00,0.0,0.08917457185080346
9531,2019-11-02 03:00:00,0.0,0.06605497319762077
9532,2019-11-02 04:00:00,0.0,0.5820553975318409
9533,2019-11-02 05:00:00,0.0,0.2678071422832772
9534,2019-11-02 06:00:00,0.0,0.7197635285854799
9535,2019-11-02 07:00:00,0.0,0.7838388974102594
9536,2019-11-02 08:00:00,0.0,0.9937343498938245
9537,2019-11-02 09:00:00,0.0,0.3719978165425557
9538,2019-11-02 10:00:00,0.0,0.18141723713650681
9539,2019-11-02 11:00:00,0.0,0.8074371531026353
9540,2019-11-02 12:00:00,0.0,0.18933710805928095
9541,2019-11-02 13:00:00,0.0,0.9062562246798482
9542,2019-11-02 14:00:00,0.0,0.9334185218234147
9543,2019-11-02 15:00:00,0.0,0.8927947072196851
9544,2019-11-02 16:00:00,0.0,0.4718455781255394
9545,2019-11-02 17:00:00,0.0,0.16251531475827408
9546,2019-11-02 18:00:00,0.0,0.419777831359341
9547,2019-11-02 19:00:00,0.0,0.45758225097259475
9548,2019-11-02 20:00:00,0.0,0.4082152454839667
9549,2019-11-02 21:00:00,0.0,0.058401772698166377
9550,2019-11-02 22:00:00,0.0,0.7579066124557758
9551,2019-11-02 23:00:00,0.0,0.036873334451437034
9552,2019-11-03 00:00:00,0.0,0.7104310843188816
9553,2019-11-03 01:00:00,0.0,0.21941202948024385
9554,2019-11-03 02:00:00,0.0,0.11691376638689843
9555,2019-11-03 03:00:00,0.0,0.8648131887544167
9556,2019-11-03 04:00:00,0.0,0.7889240101581605
9557,2019-11-03 05:00:00,0.0,0.08394863933337404
9558,2019-11-03 06:00:00,0.0,0.9670662780823644
9559,2019-11-03 07:00:00,0.0,0.5158243690595877
9560,2019-11-03 08:00:00,0.0,0.6841180515782599
9561,2019-11-03 09:00:00,0.0,0.9440595531748484
9562,2019-11-03 10:00:00,0.0,0.8728034564400191
9563,2019-11-03 11:00:00,0.0,0.8325961987351792
9564,2019-11-03 12:00:00,0.0,0.5661947609144299
9565,2019-11-03 13:00:00,0.0,0.9807312004956088
9566,2019-11-03 14:00:00,0.0,0.534331413428923
9567,2019-11-03 15:00:00,0.0,0.15756793707372196
9568,2019-11-03 16:00:00,0.0,0.5248026334612091
9569,2019-11-03 17:00:00,0.0,0.766755321764171
9570,2019-11-03 18:00:00,0.0,0.10961286714778162
9571,2019-11-03 19:00:00,0.0,0.9983158148272157
9572,2019-11-03 20:00:00,0.0,0.571302630199342
9573,2019-11-03 21:00:00,0.0,0.694140414428926
9574,2019-11-03 22:00:00,0.0,0.6876122180421025
9575,2019-11-03 23:00:00,0.0,0.10423600307872527
9576,2019-11-04 00:00:00,0.0,0.41505351044779426
9577,2019-11-04 01:00:00,0.0,0.7254674647516385
9578,2019-11-04 02:00:00,0.0,0.6766309214398286
9579,2019-11-04 03:00:00,0.0,0.9733582933480985
9580,2019-11-04 04:00:00,0.0,0.1503395585870747
9581,2019-11-04 05:00:00,0.0,0.18595257354850714
9582,2019-11-04 06:00:00,0.0,0.7117111265723285
9583,2019-11-04 07:00:00,0.0,0.5597399902837853
9584,2019-11-04 08:00:00,0.0,0.16452227085662008
9585,2019-11-04 09:00:00,0.0,0.3717496490204555
9586,2019-11-04 10:00:00,0.0,0.023087282210974336
9587,2019-11-04 11:00:00,0.0,0.7195421938762075
9588,2019-11-04 12:00:00,0.0,0.14285069123496696
9589,2019-11-04 13:00:00,0.0,0.3807632023800366
9590,2019-11-04 14:00:00,0.0,0.3038595678162913
9591,2019-11-04 15:00:00,0.0,0.818897412413262
9592,2019-11-04 16:00:00,0.0,0.502438265196694
9593,2019-11-04 17:00:00,0.0,0.08517630954649802
9594,2019-11-04 18:00:00,0.0,0.39935820512132847
9595,2019-11-04 19:00:00,0.0,0.8979223421760023
9596,2019-11-04 20:00:00,0.0,0.12351260544910636
9597,2019-11-04 21:00:00,0.0,0.1388010035256293
9598,2019-11-04 22:00:00,0.0,0.00373451733384611
9599,2019-11-04 23:00:00,0.0,0.5236156667921141
9600,2019-11-05 00:00:00,0.0,0.8784510085244494
9601,2019-11-05 01:00:00,0.0,0.4728052468178011
9602,2019-11-05 02:00:00,0.0,0.4701183746195138
9603,2019-11-05 03:00:00,0.0,0.7067878279718718
9604,2019-11-05 04:00:00,0.0,0.527108465654753
9605,2019-11-05 05:00:00,0.0,0.5383819344531916
9606,2019-11-05 06:00:00,0.0,0.5441527206282244
9607,2019-11-05 07:00:00,0.0,0.7760171183426123
9608,2019-11-05 08:00:00,0.0,0.42692872333410103
9609,2019-11-05 09:00:00,0.0,0.6921239508007025
9610,2019-11-05 10:00:00,0.0,0.2712962127701246
9611,2019-11-05 11:00:00,0.0,0.5150402424204011
9612,2019-11-05 12:00:00,0.0,0.11534413970909718
9613,2019-11-05 13:00:00,0.0,0.9274155407348347
9614,2019-11-05 14:00:00,0.0,0.12529185765844042
9615,2019-11-05 15:00:00,0.0,0.3272514842061326
9616,2019-11-05 16:00:00,0.0,0.12254049212176887
9617,2019-11-05 17:00:00,0.0,0.837523461748494
9618,2019-11-05 18:00:00,0.0,0.011011200135740862
9619,2019-11-05 19:00:00,0.0,0.871278397997369
9620,2019-11-05 20:00:00,0.0,0.19414257174318406
9621,2019-11-05 21:00:00,0.0,0.021951716696364643
9622,2019-11-05 22:00:00,0.0,0.6778565924058249
9623,2019-11-05 23:00:00,0.0,0.9633993121777106
9624,2019-11-06 00:00:00,0.0,0.09532717197633866
9625,2019-11-06 01:00:00,0.0,0.7744493679715626
9626,2019-11-06 02:00:00,0.0,0.7298174965939496
9627,2019-11-06 03:00:00,0.0,0.5650867362874484
9628,2019-11-06 04:00:00,0.0,0.14185323512060233
9629,2019-11-06 05:00:00,0.0,0.9888169113739249
9630,2019-11-06 06:00:00,0.0,0.301820407514959
9631,2019-11-06 07:00:00,0.0,0.5331631058205214
9632,2019-11-06 08:00:00,0.0,0.19282224499487133
9633,2019-11-06 09:00:00,0.0,0.11311289556699755
9634,2019-11-06 10:00:00,0.0,0.5903880121670279
9635,2019-11-06 11:00:00,0.0,0.4422454483434167
9636,2019-11-06 12:00:00,0.0,0.6155453057550588
9637,2019-11-06 13:00:00,0.0,0.6098441711089553
9638,2019-11-06 14:00:00,0.0,0.5594475994724635
9639,2019-11-06 15:00:00,0.0,0.7424641612951635
9640,2019-11-06 16:00:00,0.0,0.08324406559336994
9641,2019-11-06 17:00:00,0.0,0.2347934822636294
9642,2019-11-06 18:00:00,0.0,0.5613723402086891
9643,2019-11-06 19:00:00,0.0,0.19775567930767102
9644,2019-11-06 20:00:00,0.0,0.1918553917930217
9645,2019-11-06 21:00:00,0.0,0.3612530561962779
9646,2019-11-06 22:00:00,0.0,0.8103156862530589
9647,2019-11-06 23:00:00,0.0,0.5527108704137447
9648,2019-11-07 00:00:00,0.0,0.472505437237004
9649,2019-11-07 01:00:00,0.0,0.42690576205562736
9650,2019-11-07 02:00:00,0.0,0.11364392326625417
9651,2019-11-07 03:00:00,0.0,0.9739179970492404
9652,2019-11-07 04:00:00,0.0,0.7438408817811929
9653,2019-11-07 05:00:00,0.0,0.4266241196815237
9654,2019-11-07 06:00:00,0.0,0.7257423838052135
9655,2019-11-07 07:00:00,0.0,0.4553179924525148
9656,2019-11-07 08:00:00,0.0,0.9794810247372411
9657,2019-11-07 09:00:00,0.0,0.3665676384550415
9658,2019-11-07 10:00:00,0.0,0.5079798600197625
9659,2019-11-07 11:00:00,0.0,0.035211379765439754
9660,2019-11-07 12:00:00,0.0,0.7656551590747633
9661,2019-11-07 13:00:00,0.0,0.7398659751502448
9662,2019-11-07 14:00:00,0.0,0.1519259488333311
9663,2019-11-07 15:00:00,0.0,0.12733561574029717
9664,2019-11-07 16:00:00,0.0,0.22120304168773164
9665,2019-11-07 17:00:00,0.0,0.8765528775065472
9666,2019-11-07 18:00:00,0.0,0.4395894498158518
9667,2019-11-07 19:00:00,0.0,0.99248229969481
9668,2019-11-07 20:00:00,0.0,0.21288786393542836
9669,2019-11-07 21:00:00,0.0,0.5595898892820131
9670,2019-11-07 22:00:00,0.0,0.9054514992310517
9671,2019-11-07 23:00:00,0.0,0.7536710173901352
9672,2019-11-08 00:00:00,0.0,0.17289320318108936
9673,2019-11-08 01:00:00,0.0,0.9509027517332465
9674,2019-11-08 02:00:00,0.0,0.9517229654661039
9675,2019-11-08 03:00:00,0.0,0.395624034683588
9676,2019-11-08 04:00:00,0.0,0.3418572093997826
9677,2019-11-08 05:00:00,0.0,0.5461889961725689
9678,2019-11-08 06:00:00,0.0,0.08073350587141048
9679,2019-11-08 07:00:00,0.0,0.35592706378796624
9680,2019-11-08 08:00:00,0.0,0.1446257746835713
9681,2019-11-08 09:00:00,0.0,0.09901009553729323
9682,2019-11-08 10:00:00,0.0,0.4161107467317007
9683,2019-11-08 11:00:00,0.0,0.359551912088943
9684,2019-11-08 12:00:00,0.0,0.5184157823068598
9685,2019-11-08 13:00:00,0.0,0.7144702270839474
9686,2019-11-08 14:00:00,0.0,0.7962366385519923
9687,2019-11-08 15:00:00,0.0,0.9714114066358382
9688,2019-11-08 16:00:00,0.0,0.328979780804325
9689,2019-11-08 17:00:00,0.0,0.450953784329044
9690,2019-11-08 18:00:00,0.0,0.7264282196168215
9691,2019-11-08 19:00:00,0.0,0.5094137222890041
9692,2019-11-08 20:00:00,0.0,0.2517864268244939
9693,2019-11-08 21:00:00,0.0,0.7614016166837856
9694,2019-11-08 22:00:00,0.0,0.003593580017267728
9695,2019-11-08 23:00:00,0.0,0.19559663861269383
9696,2019-11-09 00:00:00,0.0,0.04730787176907458
9697,2019-11-09 01:00:00,0.0,0.6130298958889873
9698,2019-11-09 02:00:00,0.0,0.028281204704117102
9699,2019-11-09 03:00:00,0.0,0.36811220533108857
9700,2019-11-09 04:00:00,0.0,0.07713788113803188
9701,2019-11-09 05:00:00,0.0,0.36574115807721863
9702,2019-11-09 06:00:00,0.0,0.3684687231691256
9703,2019-11-09 07:00:00,0.0,0.1406100766350059
9704,2019-11-09 08:00:00,0.0,0.22664544142254517
9705,2019-11-09 09:00:00,0.0,0.6455579008626933
9706,2019-11-09 10:00:00,0.0,0.3401839968606676
9707,2019-11-09 11:00:00,0.0,0.7172181475017226
9708,2019-11-09 12:00:00,0.0,0.7113901120365341
9709,2019-11-09 13:00:00,0.0,0.6443489494701087
9710,2019-11-09 14:00:00,0.0,0.9527683324876781
9711,2019-11-09 15:00:00,0.0,0.4950585243450696
9712,2019-11-09 16:00:00,0.0,0.5464121128838717
9713,2019-11-09 17:00:00,0.0,0.3450898664941817
9714,2019-11-09 18:00:00,0.0,0.9106310669553356
9715,2019-11-09 19:00:00,0.0,0.39704519911104186
9716,2019-11-09 20:00:00,0.0,0.49118945341313425
9717,2019-11-09 21:00:00,0.0,0.7882527809201517
9718,2019-11-09 22:00:00,0.0,0.7068933767556678
9719,2019-11-09 23:00:00,0.0,0.140641336637907
9720,2019-11-10 00:00:00,0.0,0.4711354579867031
9721,2019-11-10 01:00:00,0.0,0.11165786758192409
9722,2019-11-10 02:00:00,0.0,0.4960088851833162
9723,2019-11-10 03:00:00,0.0,0.8206020265442616
9724,2019-11-10 04:00:00,0.0,0.2370707365412349
9725,2019-11-10 05:00:00,0.0,0.49983171426583517
9726,2019-11-10 06:00:00,0.0,0.7921991400327261
9727,2019-11-10 07:00:00,0.0,0.3254938394805953
9728,2019-11-10 08:00:00,0.0,0.8418075487513507
9729,2019-11-10 09:00:00,0.0,0.04375195021894518
9730,2019-11-10 10:00:00,0.0,0.4937668837130642
9731,2019-11-10 11:00:00,0.0,0.08328026566627611
9732,2019-11-10 12:00:00,0.0,0.8328326925008078
9733,2019-11-10 13:00:00,0.0,0.319374018639198
9734,2019-11-10 14:00:00,0.0,0.41663400296569275
9735,2019-11-10 15:00:00,0.0,0.21275808483014613
9736,2019-11-10 16:00:00,0.0,0.5331899221993356
9737,2019-11-10 17:00:00,0.0,0.19211522214791232
9738,2019-11-10 18:00:00,0.0,0.6092329996619994
9739,2019-11-10 19:00:00,0.0,0.1739414002426759
9740,2019-11-10 20:00:00,0.0,0.2559412376440704
9741,2019-11-10 21:00:00,0.0,0.48363000783676213
9742,2019-11-10 22:00:00,0.0,0.023057309616484334
9743,2019-11-10 23:00:00,0.0,0.894763898767276
9744,2019-11-11 00:00:00,0.0,0.21235961246919877
9745,2019-11-11 01:00:00,0.0,0.7398135095834704
9746,2019-11-11 02:00:00,0.0,0.9627305895950268
9747,2019-11-11 03:00:00,0.0,0.36859127445144635
9748,2019-11-11 04:00:00,0.0,0.9859950632782349
9749,2019-11-11 05:00:00,0.0,0.6349340470905301
9750,2019-11-11 06:00:00,0.0,0.9740809085164445
9751,2019-11-11 07:00:00,0.0,0.6731442088939441
9752,2019-11-11 08:00:00,0.0,0.9464867072636736
9753,2019-11-11 09:00:00,0.0,0.6418904891371668
9754,2019-11-11 10:00:00,0.0,0.5285774630374225
9755,2019-11-11 11:00:00,0.0,0.8473531296211605
9756,2019-11-11 12:00:00,0.0,0.5009641010134392
9757,2019-11-11 13:00:00,0.0,0.9488598627518663
9758,2019-11-11 14:00:00,0.0,0.9985951473521328
9759,2019-11-11 15:00:00,0.0,0.5589032060475021
9760,2019-11-11 16:00:00,0.0,0.2785021665110816
9761,2019-11-11 17:00:00,0.0,0.14243753379399826
9762,2019-11-11 18:00:00,0.0,0.3090324497483772
9763,2019-11-11 19:00:00,0.0,0.5276521833168687
9764,2019-11-11 20:00:00,0.0,0.8531420123482986
9765,2019-11-11 21:00:00,0.0,0.21243466122333843
9766,2019-11-11 22:00:00,0.0,0.974903788942865
9767,2019-11-11 23:00:00,0.0,0.6039009745510087
9768,2019-11-12 00:00:00,0.0,0.39203791072841465
9769,2019-11-12 01:00:00,0.0,0.9624199907525558
9770,2019-11-12 02:00:00,0.0,0.15426839919458812
9771,2019-11-12 03:00:00,0.0,0.6741380326229398
9772,2019-11-12 04:00:00,0.0,0.023615271477563482
9773,2019-11-12 05:00:00,0.0,0.07690556001924564
9774,2019-11-12 06:00:00,0.0,0.4944753496223563
9775,2019-11-12 07:00:00,0.0,0.15522661283171424
9776,2019-11-12 08:00:00,0.0,0.4554405235811465
9777,2019-11-12 09:00:00,0.0,0.2314566432321249
9778,2019-11-12 10:00:00,0.0,0.2586003770064006
9779,2019-11-12 11:00:00,0.0,0.13866452171014143
9780,2019-11-12 12:00:00,0.0,0.3301614549756572
9781,2019-11-12 13:00:00,0.0,0.42331027896598394
9782,2019-11-12 14:00:00,0.0,0.7273586079543282
9783,2019-11-12 15:00:00,0.0,0.5081745772663985
9784,2019-11-12 16:00:00,0.0,0.7797738189583323
9785,2019-11-12 17:00:00,0.0,0.15988157262697578
9786,2019-11-12 18:00:00,0.0,0.316409392460695
9787,2019-11-12 19:00:00,0.0,0.5592271421427515
9788,2019-11-12 20:00:00,0.0,0.0727074740559962
9789,2019-11-12 21:00:00,0.0,0.9902318343309304
9790,2019-11-12 22:00:00,0.0,0.15355913151409117
9791,2019-11-12 23:00:00,0.0,0.055941972662893025
9792,2019-11-13 00:00:00,0.0,0.8967989928408342
9793,2019-11-13 01:00:00,0.0,0.08974174034172422
9794,2019-11-13 02:00:00,0.0,0.12730955862010274
9795,2019-11-13 03:00:00,0.0,0.9485092020772387
9796,2019-11-13 04:00:00,0.0,0.9092146618440299
9797,2019-11-13 05:00:00,0.0,0.026620160690437156
9798,2019-11-13 06:00:00,0.0,0.975905167427332
9799,2019-11-13 07:00:00,0.0,0.9129918312161219
9800,2019-11-13 08:00:00,0.0,0.7603384264668427
9801,2019-11-13 09:00:00,0.0,0.69178846693697
9802,2019-11-13 10:00:00,0.0,0.14491967101539105
9803,2019-11-13 11:00:00,0.0,0.5640883813138569
9804,2019-11-13 12:00:00,0.0,0.42372667118721075
9805,2019-11-13 13:00:00,0.0,0.26738774978599467
9806,2019-11-13 14:00:00,0.0,0.3196801061446992
9807,2019-11-13 15:00:00,0.0,0.7967648800038715
9808,2019-11-13 16:00:00,0.0,0.6292894397195913
9809,2019-11-13 17:00:00,0.0,0.6274232247856835
9810,2019-11-13 18:00:00,0.0,0.659642902641731
9811,2019-11-13 19:00:00,0.0,0.9975503678844314
9812,2019-11-13 20:00:00,0.0,0.2637687798097472
9813,2019-11-13 21:00:00,0.0,0.9448136987385105
9814,2019-11-13 22:00:00,0.0,0.6958543012705494
9815,2019-11-13 23:00:00,0.0,0.9182514148363454
9816,2019-11-14 00:00:00,0.0,0.9497133487614522
9817,2019-11-14 01:00:00,0.0,0.4219397011306266
9818,2019-11-14 02:00:00,0.0,0.19231907901646583
9819,2019-11-14 03:00:00,0.0,0.3742471338095409
9820,2019-11-14 04:00:00,0.0,0.5856557882966104
9821,2019-11-14 05:00:00,0.0,0.39942670411672565
9822,2019-11-14 06:00:00,0.0,0.8147335347426605
9823,2019-11-14 07:00:00,0.0,0.958694227382574
9824,2019-11-14 08:00:00,0.0,0.45552784557935944
9825,2019-11-14 09:00:00,0.0,0.5487766898308113
9826,2019-11-14 10:00:00,0.0,0.13143361844429657
9827,2019-11-14 11:00:00,0.0,0.3674974991909804
9828,2019-11-14 12:00:00,0.0,0.5504056488413609
9829,2019-11-14 13:00:00,0.0,0.7896198872352329
9830,2019-11-14 14:00:00,0.0,0.9143386016967506
9831,2019-11-14 15:00:00,0.0,0.6505084674708389
9832,2019-11-14 16:00:00,0.0,0.5204417176296522
9833,2019-11-14 17:00:00,0.0,0.9222555163581145
9834,2019-11-14 18:00:00,0.0,0.39584534677620353
9835,2019-11-14 19:00:00,0.0,0.33548214741195814
9836,2019-11-14 20:00:00,0.0,0.029048901683156103
9837,2019-11-14 21:00:00,0.0,0.2972218867509516
9838,2019-11-14 22:00:00,0.0,0.346816109425228
9839,2019-11-14 23:00:00,0.0,0.7444307832607897
9840,2019-11-15 00:00:00,0.0,0.002568341958915532
9841,2019-11-15 01:00:00,0.0,0.36329605194821324
9842,2019-11-15 02:00:00,0.0,0.5105686123673489
9843,2019-11-15 03:00:00,0.0,0.24686444391461626
9844,2019-11-15 04:00:00,0.0,0.8074699481906278
9845,2019-11-15 05:00:00,0.0,0.710541876312355
9846,2019-11-15 06:00:00,0.0,0.5267395599991753
9847,2019-11-15 07:00:00,0.0,0.212102525514537
9848,2019-11-15 08:00:00,0.0,0.7424382801025391
9849,2019-11-15 09:00:00,0.0,0.4469995212387856
9850,2019-11-15 10:00:00,0.0,0.5887340202307683
9851,2019-11-15 11:00:00,0.0,0.621636526788622
9852,2019-11-15 12:00:00,0.0,0.10560214151683622
9853,2019-11-15 13:00:00,0.0,0.15512801626739514
9854,2019-11-15 14:00:00,0.0,0.4662680747556799
9855,2019-11-15 15:00:00,0.0,0.012501777015481386
9856,2019-11-15 16:00:00,0.0,0.7359995128725001
9857,2019-11-15 17:00:00,0.0,0.4512772180380762
9858,2019-11-15 18:00:00,0.0,0.5268624602757784
9859,2019-11-15 19:00:00,0.0,0.7970437908968083
9860,2019-11-15 20:00:00,0.0,0.1322291344941231
9861,2019-11-15 21:00:00,0.0,0.9536794541271575
9862,2019-11-15 22:00:00,0.0,0.8707308096537382
9863,2019-11-15 23:00:00,0.0,0.35735254354928303
9864,2019-11-16 00:00:00,0.0,0.5619830828660439
9865,2019-11-16 01:00:00,0.0,0.9855128578598144
9866,2019-11-16 02:00:00,0.0,0.6133219940394325
9867,2019-11-16 03:00:00,0.0,0.7158744745174028
9868,2019-11-16 04:00:00,0.0,0.14873017233904828
9869,2019-11-16 05:00:00,0.0,0.017566696014808314
9870,2019-11-16 06:00:00,0.0,0.33927159769695614
9871,2019-11-16 07:00:00,0.0,0.9263508839941775
9872,2019-11-16 08:00:00,0.0,0.2439898256171703
9873,2019-11-16 09:00:00,0.0,0.3284791945796208
9874,2019-11-16 10:00:00,0.0,0.3931847652899165
9875,2019-11-16 11:00:00,0.0,0.7279879567898291
9876,2019-11-16 12:00:00,0.0,0.6620595625040538
9877,2019-11-16 13:00:00,0.0,0.7712819638402316
9878,2019-11-16 14:00:00,0.0,0.5999193950560436
9879,2019-11-16 15:00:00,0.0,0.4232213633105417
9880,2019-11-16 16:00:00,0.0,0.2037552226336944
9881,2019-11-16 17:00:00,0.0,0.19244188743571156
9882,2019-11-16 18:00:00,0.0,0.5736841619715729
9883,2019-11-16 19:00:00,0.0,0.10204440943870063
9884,2019-11-16 20:00:00,0.0,0.18724359909985477
9885,2019-11-16 21:00:00,0.0,0.4164640910157762
9886,2019-11-16 22:00:00,0.0,0.42658416537321664
9887,2019-11-16 23:00:00,0.0,0.12329944124026848
9888,2019-11-17 00:00:00,0.0,0.19288422531473925
9889,2019-11-17 01:00:00,0.0,0.15680360858629894
9890,2019-11-17 02:00:00,0.0,0.6893731631514953
9891,2019-11-17 03:00:00,0.0,0.5238477298485046
9892,2019-11-17 04:00:00,0.0,0.11393619716915426
9893,2019-11-17 05:00:00,0.0,0.2967678173374546
9894,2019-11-17 06:00:00,0.0,0.22163514519195804
9895,2019-11-17 07:00:00,0.0,0.928026391175493
9896,2019-11-17 08:00:00,0.0,0.0447662449953774
9897,2019-11-17 09:00:00,0.0,0.3828362827097508
9898,2019-11-17 10:00:00,0.0,0.33185086009781517
9899,2019-11-17 11:00:00,0.0,0.12815845995868314
9900,2019-11-17 12:00:00,0.0,0.03736390991804894
9901,2019-11-17 13:00:00,0.0,0.32581961378876534
9902,2019-11-17 14:00:00,0.0,0.02267900964462022
9903,2019-11-17 15:00:00,0.0,0.4878084151543869
9904,2019-11-17 16:00:00,0.0,0.5945900199720975
9905,2019-11-17 17:00:00,0.0,0.6368281119879478
9906,2019-11-17 18:00:00,0.0,0.9941081553060165
9907,2019-11-17 19:00:00,0.0,0.12210244987319618
9908,2019-11-17 20:00:00,0.0,0.8182347449244703
9909,2019-11-17 21:00:00,0.0,0.7378235687848205
9910,2019-11-17 22:00:00,0.0,0.7824178052479188
9911,2019-11-17 23:00:00,0.0,0.2143303093606752
9912,2019-11-18 00:00:00,0.0,0.3999044183350944
9913,2019-11-18 01:00:00,0.0,0.451496815857492
9914,2019-11-18 02:00:00,0.0,0.0843742216079918
9915,2019-11-18 03:00:00,0.0,0.9201999503600946
9916,2019-11-18 04:00:00,0.0,0.4276695596581108
9917,2019-11-18 05:00:00,0.0,0.25315632746559047
9918,2019-11-18 06:00:00,0.0,0.21932499093131197
9919,2019-11-18 07:00:00,0.0,0.4150624257817713
9920,2019-11-18 08:00:00,0.0,0.8146968004041281
9921,2019-11-18 09:00:00,0.0,0.7420112521445074
9922,2019-11-18 10:00:00,0.0,0.806108789336532
9923,2019-11-18 11:00:00,0.0,0.9339551631549077
9924,2019-11-18 12:00:00,0.0,0.06670549605299947
9925,2019-11-18 13:00:00,0.0,0.15624939861128462
9926,2019-11-18 14:00:00,0.0,0.7697816260138086
9927,2019-11-18 15:00:00,0.0,0.5702060203781818
9928,2019-11-18 16:00:00,0.0,0.19910849116875484
9929,2019-11-18 17:00:00,0.0,0.7649752864848796
9930,2019-11-18 18:00:00,0.0,0.006140276392651578
9931,2019-11-18 19:00:00,0.0,0.4666717242581889
9932,2019-11-18 20:00:00,0.0,0.8803247274494742
9933,2019-11-18 21:00:00,0.0,0.03101864201607274
9934,2019-11-18 22:00:00,0.0,0.15590092553588353
9935,2019-11-18 23:00:00,0.0,0.04527434183818657
9936,2019-11-19 00:00:00,0.0,0.40199773828890617
9937,2019-11-19 01:00:00,0.0,0.19896987054770487
9938,2019-11-19 02:00:00,0.0,0.39591248661687684
9939,2019-11-19 03:00:00,0.0,0.5868855031369343
9940,2019-11-19 04:00:00,0.0,0.7646824966761369
9941,2019-11-19 05:00:00,0.0,0.5448788689690397
9942,2019-11-19 06:00:00,0.0,0.07035747616306176
9943,2019-11-19 07:00:00,0.0,0.2643214293889605
9944,2019-11-19 08:00:00,0.0,0.17491071803952263
9945,2019-11-19 09:00:00,0.0,0.611754359175227
9946,2019-11-19 10:00:00,0.0,0.43231736554118416
9947,2019-11-19 11:00:00,0.0,0.49395762034422985
9948,2019-11-19 12:00:00,0.0,0.39318641698166923
9949,2019-11-19 13:00:00,0.0,0.011061448157264286
9950,2019-11-19 14:00:00,0.0,0.4544683969306026
9951,2019-11-19 15:00:00,0.0,0.5368353503164676
9952,2019-11-19 16:00:00,0.0,0.788745485097142
9953,2019-11-19 17:00:00,0.0,0.5439214657091477
9954,2019-11-19 18:00:00,0.0,0.23834385611808073
9955,2019-11-19 19:00:00,0.0,0.38568279221837254
9956,2019-11-19 20:00:00,0.0,0.11371080424461077
9957,2019-11-19 21:00:00,0.0,0.7388004199260476
9958,2019-11-19 22:00:00,0.0,0.4843372977335335
9959,2019-11-19 23:00:00,0.0,0.5706196271804577
9960,2019-11-20 00:00:00,0.0,0.9207687939416525
9961,2019-11-20 01:00:00,0.0,0.25634180079305013
9962,2019-11-20 02:00:00,0.0,0.28734634251432534
9963,2019-11-20 03:00:00,0.0,0.26656697624818404
9964,2019-11-20 04:00:00,0.0,0.1391505890992485
9965,2019-11-20 05:00:00,0.0,0.005458348738259566
9966,2019-11-20 06:00:00,0.0,0.674693964365901
9967,2019-11-20 07:00:00,0.0,0.07403142438192489
9968,2019-11-20 08:00:00,0.0,0.4879552069358447
9969,2019-11-20 09:00:00,0.057894737,0.9821047055904272
9970,2019-11-20 10:00:00,0.080113053,0.6219727426902207
9971,2019-11-20 11:00:00,0.57815522,0.6061784302781521
9972,2019-11-20 12:00:00,1.169047236,0.6271652142348905
9973,2019-11-20 13:00:00,2.927881002,0.21451590853243452
9974,2019-11-20 14:00:00,4.166867256,0.20593409075794344
9975,2019-11-20 15:00:00,5.407528877,0.8126122314022409
9976,2019-11-20 16:00:00,7.2697258,0.1844062452092199
9977,2019-11-20 17:00:00,8.922124863,0.9108177288551343
9978,2019-11-20 18:00:00,10.279213905,0.8940506211817065
9979,2019-11-20 19:00:00,11.240553856,0.8176018857277895
9980,2019-11-20 20:00:00,11.730960846,0.7724248864352955
9981,2019-11-20 21:00:00,9.89648819,0.32782826250876496
9982,2019-11-20 22:00:00,5.891426086,0.6977479817650576
9983,2019-11-20 23:00:00,6.507222176,0.9690573917217437
9984,2019-11-21 00:00:00,7.376008987,0.7831465146906224
9985,2019-11-21 01:00:00,8.35495472,0.9388135702949215
9986,2019-11-21 02:00:00,8.844806671,0.30364415328610506
9987,2019-11-21 03:00:00,9.049753189,0.0055426558532571946
9988,2019-11-21 04:00:00,9.515916824,0.03686297979490483
9989,2019-11-21 05:00:00,10.695486069,0.7989256607941162
9990,2019-11-21 06:00:00,12.250026703,0.3537711841644151
9991,2019-11-21 07:00:00,13.152700424,0.3840777904956264
9992,2019-11-21 08:00:00,14.024122238,0.08525819102816212
9993,2019-11-21 09:00:00,14.649766922,0.8780465377318349
9994,2019-11-21 10:00:00,16.17298317,0.04468560762977303
9995,2019-11-21 11:00:00,18.138187408,0.9412380872913212
9996,2019-11-21 12:00:00,19.786552429,0.26142022775119955
9997,2019-11-21 13:00:00,21.367725372,0.14065946819537434
9998,2019-11-21 14:00:00,23.097787857,0.2736710321315443
9999,2019-11-21 15:00:00,24.466230392,0.24378945100088933
10000,2019-11-21 16:00:00,24.442378998,0.6444319711994302
10001,2019-11-21 17:00:00,25.993425369,0.12360450758841834
10002,2019-11-21 18:00:00,28.714359283,0.9512949602523144
10003,2019-11-21 19:00:00,31.60175705,0.46046873689513035
10004,2019-11-21 20:00:00,33.343513489,0.4906858861088528
10005,2019-11-21 21:00:00,33.368499756,0.8046684880657755
10006,2019-11-21 22:00:00,33.316020966,0.8659098829732464
10007,2019-11-21 23:00:00,33.521774292,0.9884345048036957
10008,2019-11-22 00:00:00,34.62052536,0.2855657133025328
10009,2019-11-22 01:00:00,34.613204956,0.5973928583088862
10010,2019-11-22 02:00:00,34.610622406,0.6384582743100861
10011,2019-11-22 03:00:00,34.610355377,0.6304302974657813
10012,2019-11-22 04:00:00,34.61555481,0.29804795327400113
10013,2019-11-22 05:00:00,34.61391449,0.8762962739342961
10014,2019-11-22 06:00:00,34.602294922,0.5865658370409038
10015,2019-11-22 07:00:00,34.483772278,0.9145088035546096
10016,2019-11-22 08:00:00,34.360683441,0.9290347602369559
10017,2019-11-22 09:00:00,34.238002777,0.18384556164145238
10018,2019-11-22 10:00:00,34.114906311,0.37537457571079214
10019,2019-11-22 11:00:00,33.991939545,0.6863027746469663
10020,2019-11-22 12:00:00,33.874046326,0.6929702516940862
10021,2019-11-22 13:00:00,33.770015717,0.49260923729291073
10022,2019-11-22 14:00:00,33.674488068,0.976942393853835
10023,2019-11-22 15:00:00,33.582977295,0.6103212665327329
10024,2019-11-22 16:00:00,33.48777771,0.6080545389936394
10025,2019-11-22 17:00:00,33.369606018,0.9744714064842421
10026,2019-11-22 18:00:00,33.207809448,0.4601252443356779
10027,2019-11-22 19:00:00,32.824752808,0.20211827799710458
10028,2019-11-22 20:00:00,32.420864105,0.5640817741377976
10029,2019-11-22 21:00:00,31.693546295,0.7451566199841617
10030,2019-11-22 22:00:00,30.700267792,0.16143564099469565
10031,2019-11-22 23:00:00,29.914188385,0.5419771280396884
10032,2019-11-23 00:00:00,29.252363205,0.22944094811782834
10033,2019-11-23 01:00:00,28.682449341,0.6572348711927418
10034,2019-11-23 02:00:00,28.190803528,0.8840716687546462
10035,2019-11-23 03:00:00,27.770774841,0.5947378603104825
10036,2019-11-23 04:00:00,27.406847,0.2880669903099359
10037,2019-11-23 05:00:00,27.102386475,0.4522793832407429
10038,2019-11-23 06:00:00,26.840314865,0.5296290774501786
10039,2019-11-23 07:00:00,26.61749649,0.21778805882253482
10040,2019-11-23 08:00:00,26.427171707,0.12721352386799778
10041,2019-11-23 09:00:00,26.272384644,0.9748446672650624
10042,2019-11-23 10:00:00,26.142780304,0.16533938990502328
10043,2019-11-23 11:00:00,26.028162003,0.7819320517896957
10044,2019-11-23 12:00:00,25.928077698,0.11856603622821704
10045,2019-11-23 13:00:00,25.840297699,0.2843898063566124
10046,2019-11-23 14:00:00,25.762687683,0.001297512309080484
10047,2019-11-23 15:00:00,25.688390732,0.9779782108166392
10048,2019-11-23 16:00:00,25.611404419,0.3602143345895247
10049,2019-11-23 17:00:00,25.504051208,0.06176681954520491
10050,2019-11-23 18:00:00,25.337425232,0.6223315236191689
10051,2019-11-23 19:00:00,24.79343605,0.8001935571327666
10052,2019-11-23 20:00:00,24.098424911,0.7727824638543298
10053,2019-11-23 21:00:00,23.123039246,0.8694258506271457
10054,2019-11-23 22:00:00,21.480115891,0.5005985979950718
10055,2019-11-23 23:00:00,20.615316391,0.11736622473227099
10056,2019-11-24 00:00:00,19.897983551,0.315635706759109
10057,2019-11-24 01:00:00,19.294174194,0.7532321671447868
10058,2019-11-24 02:00:00,18.788885117,0.31137536385814424
10059,2019-11-24 03:00:00,18.365562439,0.028268023459657732
10060,2019-11-24 04:00:00,18.01074791,0.3908140492845841
10061,2019-11-24 05:00:00,17.712377548,0.754819019738097
10062,2019-11-24 06:00:00,17.462156296,0.5132589183202287
10063,2019-11-24 07:00:00,17.250404358,0.11260006110510323
10064,2019-11-24 08:00:00,17.070745468,0.5553697061951137
10065,2019-11-24 09:00:00,16.918468475,0.784934973747449
10066,2019-11-24 10:00:00,16.789798737,0.35474591126154265
10067,2019-11-24 11:00:00,16.680751801,0.26963593175988065
10068,2019-11-24 12:00:00,16.588710785,0.23002516428867015
10069,2019-11-24 13:00:00,16.508657455,0.1561254636932896
10070,2019-11-24 14:00:00,16.440851212,0.5247202430176531
10071,2019-11-24 15:00:00,16.380725861,0.13917221094763144
10072,2019-11-24 16:00:00,16.318466187,0.7388675570698977
10073,2019-11-24 17:00:00,16.233545303,0.5776114734881771
10074,2019-11-24 18:00:00,16.113674164,0.3998470319809069
10075,2019-11-24 19:00:00,15.97521019,0.4982412023100288
10076,2019-11-24 20:00:00,15.732082367,0.08364764992428564
10077,2019-11-24 21:00:00,15.074577332,0.14383322265442866
10078,2019-11-24 22:00:00,12.878446579,0.12294638240788713
10079,2019-11-24 23:00:00,12.421600342,0.8224921712904262
10080,2019-11-25 00:00:00,12.036929131,0.08208520492787108
10081,2019-11-25 01:00:00,11.714653015,0.8060047068487172
10082,2019-11-25 02:00:00,11.441935539,0.5719211566385122
10083,2019-11-25 03:00:00,11.181425095,0.379682580420058
10084,2019-11-25 04:00:00,10.950763702,0.9755728350304347
10085,2019-11-25 05:00:00,10.749316216,0.1887376980738753
10086,2019-11-25 06:00:00,10.577796936,0.6695097948583699
10087,2019-11-25 07:00:00,10.434801102,0.9177152141738449
10088,2019-11-25 08:00:00,10.314769745,0.41409982333993134
10089,2019-11-25 09:00:00,10.211713791,0.6520484062251807
10090,2019-11-25 10:00:00,10.116353035,0.5024483248695805
10091,2019-11-25 11:00:00,10.040928841,0.13406876633863274
10092,2019-11-25 12:00:00,9.988407135,0.8334561144982529
10093,2019-11-25 13:00:00,9.947734833,0.4984768834486595
10094,2019-11-25 14:00:00,9.912036896,0.8869893408579484
10095,2019-11-25 15:00:00,9.869363785,0.6771801333901294
10096,2019-11-25 16:00:00,9.810997963,0.09985734025151238
10097,2019-11-25 17:00:00,9.72344017,0.10059798470641668
10098,2019-11-25 18:00:00,9.619139671,0.04946702472596576
10099,2019-11-25 19:00:00,9.493906975,0.6550317810622409
10100,2019-11-25 20:00:00,9.372486115,0.7002656157750322
10101,2019-11-25 21:00:00,9.09937191,0.40135846982985
10102,2019-11-25 22:00:00,8.9492836,0.1708575223523443
10103,2019-11-25 23:00:00,8.814489365,0.3485743124683365
10104,2019-11-26 00:00:00,8.692863464,0.6635255269627486
10105,2019-11-26 01:00:00,8.946516991,0.16861973276327236
10106,2019-11-26 02:00:00,9.248217583,0.012129936611997572
10107,2019-11-26 03:00:00,9.609049797,0.6991096218178503
10108,2019-11-26 04:00:00,10.566188812,0.256328207171555
10109,2019-11-26 05:00:00,11.20191288,0.505734297928209
10110,2019-11-26 06:00:00,11.951477051,0.058063453913070995
10111,2019-11-26 07:00:00,12.60940361,0.34690566941633505
10112,2019-11-26 08:00:00,13.139492035,0.08315479985351204
10113,2019-11-26 09:00:00,13.581511497,0.003399373434308628
10114,2019-11-26 10:00:00,14.292609215,0.8174956804573832
10115,2019-11-26 11:00:00,14.729987144,0.5764602151341084
10116,2019-11-26 12:00:00,15.366493225,0.006468253993952566
10117,2019-11-26 13:00:00,15.889945984,0.7737384554808342
10118,2019-11-26 14:00:00,16.235961914,0.020736958513290382
10119,2019-11-26 15:00:00,16.528068542,0.23289625292854144
10120,2019-11-26 16:00:00,16.781421661,0.40549910940403144
10121,2019-11-26 17:00:00,17.258453369,0.3437276146051521
10122,2019-11-26 18:00:00,17.659135818,0.9970560696770949
10123,2019-11-26 19:00:00,17.908004761,0.7246168911799094
10124,2019-11-26 20:00:00,18.082420349,0.33924709008455833
10125,2019-11-26 21:00:00,18.250545502,0.6077461172358845
10126,2019-11-26 22:00:00,18.375333786,0.17511609724993227
10127,2019-11-26 23:00:00,18.457695007,0.7847103596406327
10128,2019-11-27 00:00:00,18.541425705,0.3578368349391057
10129,2019-11-27 01:00:00,18.566905975,0.25420589745830646
10130,2019-11-27 02:00:00,18.590187073,0.8132885096341654
10131,2019-11-27 03:00:00,18.600942612,0.8437499510379534
10132,2019-11-27 04:00:00,18.611431122,0.7458941587611184
10133,2019-11-27 05:00:00,18.625080109,0.11773936281535491
10134,2019-11-27 06:00:00,18.637456894,0.19683778892140025
10135,2019-11-27 07:00:00,18.649082184,0.319940979644859
10136,2019-11-27 08:00:00,18.660943985,0.1319922641628688
10137,2019-11-27 09:00:00,18.66998291,0.11982023671765674
10138,2019-11-27 10:00:00,18.681224823,0.07709784753757964
10139,2019-11-27 11:00:00,18.688964844,0.7789332710667339
10140,2019-11-27 12:00:00,18.695981979,0.7377366079858875
10141,2019-11-27 13:00:00,18.703613281,0.422075832073872
10142,2019-11-27 14:00:00,18.712188721,0.37185544525101977
10143,2019-11-27 15:00:00,18.717693329,0.521199331770411
10144,2019-11-27 16:00:00,18.717147827,0.7412698954684471
10145,2019-11-27 17:00:00,18.700111389,0.35739416126002055
10146,2019-11-27 18:00:00,18.6802845,0.9435607751505445
10147,2019-11-27 19:00:00,18.773391724,0.9575383462512946
10148,2019-11-27 20:00:00,18.853549957,0.16772372208251374
10149,2019-11-27 21:00:00,18.952079773,0.27539033034821736
10150,2019-11-27 22:00:00,19.130542755,0.6011995177090486
10151,2019-11-27 23:00:00,19.270626068,0.3894749183006788
10152,2019-11-28 00:00:00,19.417003632,0.5246449066448761
10153,2019-11-28 01:00:00,19.693634033,0.8217619487694403
10154,2019-11-28 02:00:00,19.97725296,0.08094409774772482
10155,2019-11-28 03:00:00,20.290716171,0.4741814316662809
10156,2019-11-28 04:00:00,20.612195969,0.16275045428310586
10157,2019-11-28 05:00:00,20.925041199,0.09505326694799998
10158,2019-11-28 06:00:00,21.251241684,0.5224509137383501
10159,2019-11-28 07:00:00,21.713615417,0.8034927447051716
10160,2019-11-28 08:00:00,22.133693695,0.9272714484354937
10161,2019-11-28 09:00:00,22.57686615,0.5047181583202381
10162,2019-11-28 10:00:00,23.008071899,0.5438572932650394
10163,2019-11-28 11:00:00,23.428258896,0.23492090411059185
10164,2019-11-28 12:00:00,23.905168533,0.6724549719493735
10165,2019-11-28 13:00:00,24.143901825,0.42281246915277004
10166,2019-11-28 14:00:00,24.358917236,0.03314274141921514
10167,2019-11-28 15:00:00,24.562160492,0.8723083409110239
10168,2019-11-28 16:00:00,24.754917145,0.940708391012937
10169,2019-11-28 17:00:00,24.949115753,0.0849228113903211
10170,2019-11-28 18:00:00,25.096263885,0.7035022585744789
10171,2019-11-28 19:00:00,25.243160248,0.5245350073244589
10172,2019-11-28 20:00:00,25.349185944,0.6791262849259301
10173,2019-11-28 21:00:00,25.437278748,0.7558042318526936
10174,2019-11-28 22:00:00,25.580823898,0.5171558717199248
10175,2019-11-28 23:00:00,25.661848068,0.20554968839260257
10176,2019-11-29 00:00:00,25.758787155,0.10971364457785537
10177,2019-11-29 01:00:00,25.86218071,0.846339468893941
10178,2019-11-29 02:00:00,25.967533112,0.5165029177195595
10179,2019-11-29 03:00:00,26.060310364,0.4879412822409158
10180,2019-11-29 04:00:00,26.147462845,0.8559321859278237
10181,2019-11-29 05:00:00,26.251699448,0.22068316914249542
10182,2019-11-29 06:00:00,26.376432419,0.023244518707325468
10183,2019-11-29 07:00:00,26.51524353,0.9543694106863981
10184,2019-11-29 08:00:00,26.665649414,0.6692943634895744
10185,2019-11-29 09:00:00,26.799448013,0.6091525254078397
10186,2019-11-29 10:00:00,26.916292191,0.7871122248796365
10187,2019-11-29 11:00:00,27.042703629,0.2992545969643605
10188,2019-11-29 12:00:00,27.159807205,0.5158413511112169
10189,2019-11-29 13:00:00,29.704616547,0.019991689506533183
10190,2019-11-29 14:00:00,33.734100342,0.07980937455091064
10191,2019-11-29 15:00:00,38.330513,0.998183450529825
10192,2019-11-29 16:00:00,41.772125244,0.5394258507960246
10193,2019-11-29 17:00:00,45.186965942,0.8839122889731373
10194,2019-11-29 18:00:00,48.618469238,0.04972981622561656
10195,2019-11-29 19:00:00,51.528839111,0.4356958637796031
10196,2019-11-29 20:00:00,54.415843964,0.2419871918412384
10197,2019-11-29 21:00:00,57.282711029,0.27079607893132307
10198,2019-11-29 22:00:00,60.281822205,0.8487262235301375
10199,2019-11-29 23:00:00,63.265727997,0.6818827841261089
10200,2019-11-30 00:00:00,66.255249023,0.9317770736856481
10201,2019-11-30 01:00:00,66.592552185,0.6997426074740641
10202,2019-11-30 02:00:00,66.925949097,0.6831409123431428
10203,2019-11-30 03:00:00,67.258361816,0.9577999969655212
10204,2019-11-30 04:00:00,67.58821106,0.2216612552323982
10205,2019-11-30 05:00:00,67.920051575,0.1750199377040721
10206,2019-11-30 06:00:00,68.256744385,0.6835604943848537
10207,2019-11-30 07:00:00,68.463172913,0.7264431763270832
10208,2019-11-30 08:00:00,68.668579102,0.9237213893241039
10209,2019-11-30 09:00:00,68.872756958,0.8919566253545658
10210,2019-11-30 10:00:00,69.076416016,0.4530201873062093
10211,2019-11-30 11:00:00,69.280036926,0.23314829905864265
10212,2019-11-30 12:00:00,69.487518311,0.9502815947956034
10213,2019-11-30 13:00:00,69.49671936,9.035467101536909e-05
10214,2019-11-30 14:00:00,69.505439758,0.3399350535916993
10215,2019-11-30 15:00:00,69.650939941,0.1482567455446453
10216,2019-11-30 16:00:00,69.78237915,0.06910450153978387
10217,2019-11-30 17:00:00,69.897361755,0.4366711194651435
10218,2019-11-30 18:00:00,70.008560181,0.6237835331316292
10219,2019-11-30 19:00:00,70.034248352,0.08593133682839504
10220,2019-11-30 20:00:00,70.033584595,0.441392116220389
10221,2019-11-30 21:00:00,70.017532349,0.5526821488515541
10222,2019-11-30 22:00:00,70.120506287,0.7847679457076056
10223,2019-11-30 23:00:00,70.203887939,0.4869104080769002
10224,2019-12-01 00:00:00,70.288002014,0.466264960467466
10225,2019-12-01 01:00:00,70.282051086,0.7678923018718168
10226,2019-12-01 02:00:00,70.27318573,0.5103728994568327
10227,2019-12-01 03:00:00,70.25944519,0.8536199524867027
10228,2019-12-01 04:00:00,70.243041992,0.5101341121131094
10229,2019-12-01 05:00:00,70.225288391,0.8994702880868128
10230,2019-12-01 06:00:00,70.204803467,0.1257136002915532
10231,2019-12-01 07:00:00,70.36340332,0.8343653976967534
10232,2019-12-01 08:00:00,70.510284424,0.2901100651867996
10233,2019-12-01 09:00:00,70.665924072,0.34270590136503865
10234,2019-12-01 10:00:00,70.811439514,0.29107465547320854
10235,2019-12-01 11:00:00,70.956985474,0.17771999031244967
10236,2019-12-01 12:00:00,71.102043152,0.19695072519998824
10237,2019-12-01 13:00:00,71.091278076,0.24558988137111726
10238,2019-12-01 14:00:00,71.080795288,0.6491562851899586
10239,2019-12-01 15:00:00,71.05191803,0.2877489619416166
10240,2019-12-01 16:00:00,71.002334595,0.5571531427806131
10241,2019-12-01 17:00:00,70.931182861,0.6190802611451007
10242,2019-12-01 18:00:00,70.811317444,0.2779857997351015
10243,2019-12-01 19:00:00,70.647460938,0.18416396464213136
10244,2019-12-01 20:00:00,70.407012939,0.5555046303138799
10245,2019-12-01 21:00:00,70.17527771,0.16930514540152952
10246,2019-12-01 22:00:00,70.179893494,0.1089041741745409
10247,2019-12-01 23:00:00,70.183784485,0.5704176308436295
10248,2019-12-02 00:00:00,70.189239502,0.5177504285476862
10249,2019-12-02 01:00:00,70.194267273,0.7316198852936722
10250,2019-12-02 02:00:00,70.200317383,0.01276036713429407
10251,2019-12-02 03:00:00,70.207885742,0.4494442225683336
10252,2019-12-02 04:00:00,70.216033936,0.007657373374230003
10253,2019-12-02 05:00:00,70.225593567,0.12565654381283564
10254,2019-12-02 06:00:00,70.238555908,0.46723983530548374
10255,2019-12-02 07:00:00,70.252639771,0.6512387579943846
10256,2019-12-02 08:00:00,70.266731262,0.656871515530876
10257,2019-12-02 09:00:00,70.281616211,0.06943028282068753
10258,2019-12-02 10:00:00,70.296577454,0.45503788974145754
10259,2019-12-02 11:00:00,70.31237793,0.21260009624213627
10260,2019-12-02 12:00:00,70.327804565,0.3633737574073598
10261,2019-12-02 13:00:00,70.342094421,0.6231035267082516
10262,2019-12-02 14:00:00,70.357177734,0.6687468587456553
10263,2019-12-02 15:00:00,70.364654541,0.9669287412215147
10264,2019-12-02 16:00:00,70.359031677,0.029167879865535373
10265,2019-12-02 17:00:00,70.307479858,0.1196925994011685
10266,2019-12-02 18:00:00,70.187477112,0.7281576190808396
10267,2019-12-02 19:00:00,70.030952454,0.9774116543955351
10268,2019-12-02 20:00:00,69.586547852,0.7615265993484039
10269,2019-12-02 21:00:00,68.778762817,0.4315395303307701
10270,2019-12-02 22:00:00,68.308052063,0.9245060359786231
10271,2019-12-02 23:00:00,67.91255188,0.9022253825554216
10272,2019-12-03 00:00:00,67.585739136,0.5229922372941582
10273,2019-12-03 01:00:00,67.307472229,0.42482950326417834
10274,2019-12-03 02:00:00,67.069442749,0.5522722286317682
10275,2019-12-03 03:00:00,66.860099792,0.6976087668809724
10276,2019-12-03 04:00:00,66.68120575,0.8257645940775145
10277,2019-12-03 05:00:00,66.531738281,0.3683239326520399
10278,2019-12-03 06:00:00,66.407615662,0.7695058263207303
10279,2019-12-03 07:00:00,66.310760498,0.8389377223872648
10280,2019-12-03 08:00:00,66.231559753,0.8440038901679817
10281,2019-12-03 09:00:00,66.164375305,0.648095947955056
10282,2019-12-03 10:00:00,66.10736084,0.8697197641349704
10283,2019-12-03 11:00:00,66.060417175,0.8456699477027005
10284,2019-12-03 12:00:00,66.021873474,0.3224268353906836
10285,2019-12-03 13:00:00,65.989387512,0.2147360460991936
10286,2019-12-03 14:00:00,65.963066101,0.712954518809734
10287,2019-12-03 15:00:00,65.930786133,0.2463266909056575
10288,2019-12-03 16:00:00,65.870803833,0.5934595824867157
10289,2019-12-03 17:00:00,65.774833679,0.4399090436718509
10290,2019-12-03 18:00:00,65.633880615,0.5029280270485973
10291,2019-12-03 19:00:00,65.398002625,0.5079855179070041
10292,2019-12-03 20:00:00,64.754989624,0.10832694485687377
10293,2019-12-03 21:00:00,63.760780334,0.7620374024183478
10294,2019-12-03 22:00:00,63.123786926,0.183943727123146
10295,2019-12-03 23:00:00,62.604248047,0.18692497282920373
10296,2019-12-04 00:00:00,62.167385101,0.8000790340145563
10297,2019-12-04 01:00:00,61.807079315,0.8975080393888668
10298,2019-12-04 02:00:00,61.506446838,0.8192687035129714
10299,2019-12-04 03:00:00,61.257949829,0.7082723231735514
10300,2019-12-04 04:00:00,61.05279541,0.7949870495947076
10301,2019-12-04 05:00:00,60.880649567,0.8997520358598432
10302,2019-12-04 06:00:00,60.736328125,0.09159288250403197
10303,2019-12-04 07:00:00,60.618644714,0.06175093050397695
10304,2019-12-04 08:00:00,60.521114349,0.35354213847609384
10305,2019-12-04 09:00:00,60.435832977,0.11733130156714633
10306,2019-12-04 10:00:00,60.364406586,0.226994890455958
10307,2019-12-04 11:00:00,60.304363251,0.39804001333249783
10308,2019-12-04 12:00:00,60.253528595,0.7343971021115754
10309,2019-12-04 13:00:00,60.209640503,0.8219701123993158
10310,2019-12-04 14:00:00,60.174667358,0.24195755018204446
10311,2019-12-04 15:00:00,60.277004242,0.9261924095107824
10312,2019-12-04 16:00:00,60.356437683,0.5559326404886297
10313,2019-12-04 17:00:00,60.401561737,0.5641284221184533
10314,2019-12-04 18:00:00,60.368701935,0.12781439196280353
10315,2019-12-04 19:00:00,60.629871368,0.746331321841761
10316,2019-12-04 20:00:00,61.032669067,0.9134388907227985
10317,2019-12-04 21:00:00,61.294055939,0.16112123992182248
10318,2019-12-04 22:00:00,61.596858978,0.8700920944332992
10319,2019-12-04 23:00:00,61.881149292,0.005695416363551198
10320,2019-12-05 00:00:00,62.090713501,0.4502303359368164
10321,2019-12-05 01:00:00,62.050136566,0.27097816429670096
10322,2019-12-05 02:00:00,61.892326355,0.5734418195668398
10323,2019-12-05 03:00:00,61.779525757,0.03986440536496516
10324,2019-12-05 04:00:00,61.708656311,0.18785123122094372
10325,2019-12-05 05:00:00,61.677799225,0.04905544401927209
10326,2019-12-05 06:00:00,61.666244507,0.10780433683997426
10327,2019-12-05 07:00:00,61.675426483,0.5366910381669885
10328,2019-12-05 08:00:00,61.70362854,0.9634640078736445
10329,2019-12-05 09:00:00,61.747997284,0.3674783011257031
10330,2019-12-05 10:00:00,61.800136566,0.4096774556599605
10331,2019-12-05 11:00:00,61.864212036,0.7993260622722347
10332,2019-12-05 12:00:00,61.933010101,0.0840861898545332
10333,2019-12-05 13:00:00,61.999290466,0.24732221839258872
10334,2019-12-05 14:00:00,62.070705414,0.39606377202421206
10335,2019-12-05 15:00:00,62.141971588,0.2801553534311686
10336,2019-12-05 16:00:00,62.19058609,0.1336634953007939
10337,2019-12-05 17:00:00,62.212104797,0.28418600705970554
10338,2019-12-05 18:00:00,62.212135315,0.6259973959879963
10339,2019-12-05 19:00:00,62.177223206,0.10173502275764157
10340,2019-12-05 20:00:00,61.966930389,0.5431002761108951
10341,2019-12-05 21:00:00,61.482200623,0.20926649541672449
10342,2019-12-05 22:00:00,61.210372925,0.7961916557307367
10343,2019-12-05 23:00:00,61.005310059,0.2237875046380089
10344,2019-12-06 00:00:00,60.860599518,0.6597988136860294
10345,2019-12-06 01:00:00,60.653762817,0.5943851574020682
10346,2019-12-06 02:00:00,60.480747223,0.3539115825877125
10347,2019-12-06 03:00:00,60.336063385,0.9647006377761611
10348,2019-12-06 04:00:00,60.211391449,0.5378733498873254
10349,2019-12-06 05:00:00,60.105869293,0.163983106736319
10350,2019-12-06 06:00:00,60.017738342,0.481601135890218
10351,2019-12-06 07:00:00,59.941082001,0.04465217942543542
10352,2019-12-06 08:00:00,59.877212524,0.3351868066044773
10353,2019-12-06 09:00:00,59.824539185,0.3095749709167068
10354,2019-12-06 10:00:00,59.779994965,0.19965835546971833
10355,2019-12-06 11:00:00,59.741054535,0.7081473748181975
10356,2019-12-06 12:00:00,59.707145691,0.6207176106448478
10357,2019-12-06 13:00:00,59.677429199,0.6824768561769048
10358,2019-12-06 14:00:00,59.652721405,0.6756739409837142
10359,2019-12-06 15:00:00,59.62417984,0.2885590055987748
10360,2019-12-06 16:00:00,59.583332062,0.49902244807559726
10361,2019-12-06 17:00:00,59.50252533,0.7070539437491479
10362,2019-12-06 18:00:00,59.188922882,0.01850366393007208
10363,2019-12-06 19:00:00,58.812637329,0.7927590228056788
10364,2019-12-06 20:00:00,58.043045044,0.6269862392081939
10365,2019-12-06 21:00:00,57.026290894,0.5703027740919758
10366,2019-12-06 22:00:00,56.377490997,0.27173792004128106
10367,2019-12-06 23:00:00,55.842201233,0.1753799132711783
10368,2019-12-07 00:00:00,55.400569916,0.039836529171293766
10369,2019-12-07 01:00:00,55.03471756,0.18827102581969923
10370,2019-12-07 02:00:00,54.732868195,0.39664566328384165
10371,2019-12-07 03:00:00,54.483966827,0.6198893248315911
10372,2019-12-07 04:00:00,54.275257111,0.2978814695937483
10373,2019-12-07 05:00:00,54.102340698,0.7209011525048927
10374,2019-12-07 06:00:00,53.961040497,0.8618188334030521
10375,2019-12-07 07:00:00,53.843933105,0.880603772995606
10376,2019-12-07 08:00:00,53.747180939,0.06359129474782543
10377,2019-12-07 09:00:00,53.669197083,0.8924118318505202
10378,2019-12-07 10:00:00,53.60344696,0.07468298675713902
10379,2019-12-07 11:00:00,53.549789429,0.15715842531035462
10380,2019-12-07 12:00:00,53.504642487,0.08604465810492601
10381,2019-12-07 13:00:00,53.466323853,0.826278930203909
10382,2019-12-07 14:00:00,53.434810638,0.09592705809290758
10383,2019-12-07 15:00:00,53.403949738,0.6735690617209846
10384,2019-12-07 16:00:00,53.360649109,0.3096321128218824
10385,2019-12-07 17:00:00,53.267524719,0.4845713026587213
10386,2019-12-07 18:00:00,53.115631104,0.891817609452148
10387,2019-12-07 19:00:00,52.772174835,0.5382090059146118
10388,2019-12-07 20:00:00,52.070384979,0.7585247243811699
10389,2019-12-07 21:00:00,51.111171722,0.047550698186535234
10390,2019-12-07 22:00:00,50.495506287,0.41652341089205647
10391,2019-12-07 23:00:00,49.992469788,0.45187837093550975
10392,2019-12-08 00:00:00,49.577144623,0.7670367739192774
10393,2019-12-08 01:00:00,49.336578369,0.4456957365820087
10394,2019-12-08 02:00:00,49.157432556,0.6112101613321171
10395,2019-12-08 03:00:00,49.026576996,0.4442378605647954
10396,2019-12-08 04:00:00,48.938747406,0.9938009358676454
10397,2019-12-08 05:00:00,48.889766693,0.9104434859971455
10398,2019-12-08 06:00:00,48.863285065,0.31970794395561963
10399,2019-12-08 07:00:00,49.463207245,0.40024166404136596
10400,2019-12-08 08:00:00,50.084033966,0.11944787810607782
10401,2019-12-08 09:00:00,50.717128754,0.45864186247299377
10402,2019-12-08 10:00:00,51.367321014,0.3469440405797395
10403,2019-12-08 11:00:00,52.024845123,0.8376015138661899
10404,2019-12-08 12:00:00,52.689311981,0.9768595118340725
10405,2019-12-08 13:00:00,53.260303497,0.5231330335614285
10406,2019-12-08 14:00:00,53.832279205,0.8129864669616448
10407,2019-12-08 15:00:00,54.386413574,0.2372114079921478
10408,2019-12-08 16:00:00,54.950260162,0.8842159981877299
10409,2019-12-08 17:00:00,55.491767883,0.1532373212114232
10410,2019-12-08 18:00:00,56.009868622,0.19720928201661336
10411,2019-12-08 19:00:00,56.12834549,0.05315282847179359
10412,2019-12-08 20:00:00,56.168205261,0.38212926021864957
10413,2019-12-08 21:00:00,55.986122131,0.9454096973817577
10414,2019-12-08 22:00:00,56.055492401,0.5661360259460704
10415,2019-12-08 23:00:00,56.187419891,0.7035426060826527
10416,2019-12-09 00:00:00,56.333705902,0.2920677475544824
10417,2019-12-09 01:00:00,56.47296524,0.718171846579694
10418,2019-12-09 02:00:00,56.487297058,0.9641065297528586
10419,2019-12-09 03:00:00,56.520565033,0.8792999522929378
10420,2019-12-09 04:00:00,56.558826447,0.31361541390064607
10421,2019-12-09 05:00:00,56.601203918,0.35552178540844726
10422,2019-12-09 06:00:00,56.652019501,0.38381396928143907
10423,2019-12-09 07:00:00,56.610836029,0.7317560856587673
10424,2019-12-09 08:00:00,56.569988251,0.6330384207913602
10425,2019-12-09 09:00:00,56.53585434,0.1920159913750441
10426,2019-12-09 10:00:00,56.504295349,0.20799980782243566
10427,2019-12-09 11:00:00,56.474128723,0.5487965596789576
10428,2019-12-09 12:00:00,56.451740265,0.21791640325141715
10429,2019-12-09 13:00:00,56.429843903,0.2902121703194819
10430,2019-12-09 14:00:00,56.408859253,0.7573100793568418
10431,2019-12-09 15:00:00,56.386692047,0.8678459307362181
10432,2019-12-09 16:00:00,56.358638763,0.5408941783983404
10433,2019-12-09 17:00:00,56.294635773,0.8101132521231834
10434,2019-12-09 18:00:00,56.176734924,0.78567858790563
10435,2019-12-09 19:00:00,56.01001358,0.3839757587275393
10436,2019-12-09 20:00:00,55.499214172,0.5044073526558625
10437,2019-12-09 21:00:00,55.006580353,0.5205799813872182
10438,2019-12-09 22:00:00,54.759399414,0.2531340252993216
10439,2019-12-09 23:00:00,54.551826477,0.7329350050457845
10440,2019-12-10 00:00:00,54.375377655,0.337679633661063
10441,2019-12-10 01:00:00,54.227180481,0.6183806506707661
10442,2019-12-10 02:00:00,54.102596283,0.5366580703839465
10443,2019-12-10 03:00:00,53.997138977,0.43840642712382405
10444,2019-12-10 04:00:00,53.906124115,0.5472247363702746
10445,2019-12-10 05:00:00,53.828216553,0.5245210634497802
10446,2019-12-10 06:00:00,53.759101868,0.14426025302834622
10447,2019-12-10 07:00:00,53.700675964,0.25690901695526736
10448,2019-12-10 08:00:00,53.650569916,0.31808128746570197
10449,2019-12-10 09:00:00,53.607749939,0.005932713987931493
10450,2019-12-10 10:00:00,53.571250916,0.8832631851617314
10451,2019-12-10 11:00:00,53.538986206,0.23444703881636697
10452,2019-12-10 12:00:00,53.508842468,0.9791977866059097
10453,2019-12-10 13:00:00,53.486152649,0.09063551867659303
10454,2019-12-10 14:00:00,53.465950012,0.7470657185846159
10455,2019-12-10 15:00:00,53.433708191,0.9370963300637923
10456,2019-12-10 16:00:00,53.387199402,0.018030852424270827
10457,2019-12-10 17:00:00,53.308509827,0.5829413606506724
10458,2019-12-10 18:00:00,53.183513641,0.03244791354030563
10459,2019-12-10 19:00:00,53.021717072,0.952430672688184
10460,2019-12-10 20:00:00,52.81495285,0.3581234138275252
10461,2019-12-10 21:00:00,52.571273804,0.3668422820506778
10462,2019-12-10 22:00:00,52.534416199,0.03327257250563176
10463,2019-12-10 23:00:00,52.498950958,0.2321973332942593
10464,2019-12-11 00:00:00,52.466579437,0.20087574228053373
10465,2019-12-11 01:00:00,52.438117981,0.9443966709091172
10466,2019-12-11 02:00:00,52.413291931,0.4295021816296385
10467,2019-12-11 03:00:00,52.392086029,0.29263543429109684
10468,2019-12-11 04:00:00,52.374279022,0.9462603082277126
10469,2019-12-11 05:00:00,52.358516693,0.18486495071625464
10470,2019-12-11 06:00:00,52.344760895,0.41921618424454565
10471,2019-12-11 07:00:00,52.332229614,0.45733924999436204
10472,2019-12-11 08:00:00,52.321800232,0.6438310404019846
10473,2019-12-11 09:00:00,52.312839508,0.44753134402235395
10474,2019-12-11 10:00:00,52.305305481,0.09957436300100464
10475,2019-12-11 11:00:00,52.297904968,0.3877300095989539
10476,2019-12-11 12:00:00,52.291172028,0.4020132103797195
10477,2019-12-11 13:00:00,52.283935547,0.946146175762569
10478,2019-12-11 14:00:00,52.27747345,0.4464267215908273
10479,2019-12-11 15:00:00,52.270721436,0.020589192966803727
10480,2019-12-11 16:00:00,52.258926392,0.7295162176617553
10481,2019-12-11 17:00:00,52.197376251,0.2655465964447574
10482,2019-12-11 18:00:00,52.079788208,0.9702314762624198
10483,2019-12-11 19:00:00,51.910263062,0.4053746161577755
10484,2019-12-11 20:00:00,51.527141571,0.9748357464824046
10485,2019-12-11 21:00:00,50.908332825,0.18475452346604326
10486,2019-12-11 22:00:00,50.583526611,0.7919127897191166
10487,2019-12-11 23:00:00,50.316036224,0.7286708004915098
10488,2019-12-12 00:00:00,50.095252991,0.5390335765729365
10489,2019-12-12 01:00:00,49.911132812,0.0393367156835146
10490,2019-12-12 02:00:00,49.762500763,0.46871893984615887
10491,2019-12-12 03:00:00,49.644210815,0.3351982503807025
10492,2019-12-12 04:00:00,49.651676178,0.8811547156994224
10493,2019-12-12 05:00:00,49.658660889,0.31064773881744234
10494,2019-12-12 06:00:00,49.66248703,0.3895348691508177
10495,2019-12-12 07:00:00,49.669651031,0.01562569712393469
10496,2019-12-12 08:00:00,49.6772995,0.8205332583569419
10497,2019-12-12 09:00:00,49.684310913,0.7191327020479511
10498,2019-12-12 10:00:00,49.692489624,0.7493612745456489
10499,2019-12-12 11:00:00,49.700660706,0.04223396447126837
10500,2019-12-12 12:00:00,49.70318222,0.9098045996577961
10501,2019-12-12 13:00:00,49.698387146,0.7029410227359301
10502,2019-12-12 14:00:00,49.691352844,0.4478763979316045
10503,2019-12-12 15:00:00,49.677745819,0.881286923809461
10504,2019-12-12 16:00:00,49.662021637,0.10930665659224348
10505,2019-12-12 17:00:00,49.636581421,0.8406357420939016
10506,2019-12-12 18:00:00,49.591625214,0.7676836505188731
10507,2019-12-12 19:00:00,49.760993958,0.5512951481182231
10508,2019-12-12 20:00:00,49.950553894,0.6269150618087023
10509,2019-12-12 21:00:00,50.338550568,0.8060580632884428
10510,2019-12-12 22:00:00,51.166538239,0.7062440499690269
10511,2019-12-12 23:00:00,51.574996948,0.34435908417413397
10512,2019-12-13 00:00:00,51.985198975,0.11460791058605668
10513,2019-12-13 01:00:00,52.233039856,0.8811495110630008
10514,2019-12-13 02:00:00,52.446815491,0.5276615814509235
10515,2019-12-13 03:00:00,52.693229675,0.5675973776256825
10516,2019-12-13 04:00:00,52.901000977,0.9753286436847683
10517,2019-12-13 05:00:00,53.143920898,0.9311021412709372
10518,2019-12-13 06:00:00,53.350151062,0.18175845028007664
10519,2019-12-13 07:00:00,53.556434631,0.5147135316705773
10520,2019-12-13 08:00:00,53.802871704,0.9270301480036018
10521,2019-12-13 09:00:00,54.018257141,0.19691387883132383
10522,2019-12-13 10:00:00,54.23966217,0.8152964446611494
10523,2019-12-13 11:00:00,54.490715027,0.08605073608341862
10524,2019-12-13 12:00:00,54.743835449,0.4944396163294693
10525,2019-12-13 13:00:00,54.857975006,0.189898213996318
10526,2019-12-13 14:00:00,54.971870422,0.1594524944141118
10527,2019-12-13 15:00:00,55.079551697,0.49719069444964703
10528,2019-12-13 16:00:00,55.179046631,0.1829193340454891
10529,2019-12-13 17:00:00,55.243690491,0.2327432931094544
10530,2019-12-13 18:00:00,55.263404846,0.21479686467231962
10531,2019-12-13 19:00:00,55.336883545,0.8693648575741436
10532,2019-12-13 20:00:00,55.364864349,0.4644991413500261
10533,2019-12-13 21:00:00,55.492950439,0.3503949025284594
10534,2019-12-13 22:00:00,55.707492828,0.6754012505146648
10535,2019-12-13 23:00:00,55.919090271,0.09807286061232556
10536,2019-12-14 00:00:00,56.126731873,0.41368120849686985
10537,2019-12-14 01:00:00,56.233322144,0.6353446516398004
10538,2019-12-14 02:00:00,56.340099335,0.14059906525569388
10539,2019-12-14 03:00:00,56.444236755,0.046937580151004354
10540,2019-12-14 04:00:00,56.552616119,0.7986567165500058
10541,2019-12-14 05:00:00,56.661331177,0.16301848774207162
10542,2019-12-14 06:00:00,56.770385742,0.4104577337073717
10543,2019-12-14 07:00:00,56.875099182,0.9716728419342558
10544,2019-12-14 08:00:00,56.985137939,0.1503546603727688
10545,2019-12-14 09:00:00,57.098011017,0.3345480533601939
10546,2019-12-14 10:00:00,57.203830719,0.7845243367100563
10547,2019-12-14 11:00:00,57.315376282,0.09292936422166442
10548,2019-12-14 12:00:00,57.425346375,0.9735611494956007
10549,2019-12-14 13:00:00,57.535591125,0.47017879927041184
10550,2019-12-14 14:00:00,57.645187378,0.2981083543702101
10551,2019-12-14 15:00:00,57.745693207,0.4773162386690134
10552,2019-12-14 16:00:00,57.827510834,0.8364007718985739
10553,2019-12-14 17:00:00,57.885299683,0.7515182194003959
10554,2019-12-14 18:00:00,57.898643494,0.3390359396583138
10555,2019-12-14 19:00:00,58.173217773,0.5612778854886737
10556,2019-12-14 20:00:00,58.398345947,0.9499223825476432
10557,2019-12-14 21:00:00,58.192302704,0.971584175537296
10558,2019-12-14 22:00:00,58.262508392,0.13271364419004406
10559,2019-12-14 23:00:00,58.391864777,0.6090780624816874
10560,2019-12-15 00:00:00,58.568244934,0.21670481656298646
10561,2019-12-15 01:00:00,58.688076019,0.13562157866346913
10562,2019-12-15 02:00:00,58.838485718,0.42008780735835305
10563,2019-12-15 03:00:00,59.01512146,0.5469608661517277
10564,2019-12-15 04:00:00,59.212005615,0.4293195807820356
10565,2019-12-15 05:00:00,59.424243927,0.43731477330449364
10566,2019-12-15 06:00:00,59.651218414,0.5217456543454185
10567,2019-12-15 07:00:00,59.88917923,0.7913993502299213
10568,2019-12-15 08:00:00,60.138084412,0.18115266732328483
10569,2019-12-15 09:00:00,60.394687653,0.13173856944304263
10570,2019-12-15 10:00:00,60.657165527,0.4669552540722042
10571,2019-12-15 11:00:00,60.925685883,0.7091863579273692
10572,2019-12-15 12:00:00,61.199058533,0.8703505132307499
10573,2019-12-15 13:00:00,61.675750732,0.27617500118270244
10574,2019-12-15 14:00:00,62.161216736,0.9582719101298905
10575,2019-12-15 15:00:00,62.653728485,0.9678847855564656
10576,2019-12-15 16:00:00,63.142559052,0.15148234291700202
10577,2019-12-15 17:00:00,63.619392395,0.6457461924985162
10578,2019-12-15 18:00:00,64.05645752,0.6948736415217636
10579,2019-12-15 19:00:00,64.733291626,0.409474595674015
10580,2019-12-15 20:00:00,65.375213623,0.9173642214470296
10581,2019-12-15 21:00:00,65.990257263,0.269713881403281
10582,2019-12-15 22:00:00,66.759590149,0.8268225230445969
10583,2019-12-15 23:00:00,67.526802063,0.7401910683090063
10584,2019-12-16 00:00:00,68.293983459,0.6018366035956882
10585,2019-12-16 01:00:00,68.70375061,0.49148470098832
10586,2019-12-16 02:00:00,69.115119934,0.7744494281154618
10587,2019-12-16 03:00:00,69.521499634,0.2767240817006291
10588,2019-12-16 04:00:00,69.92755127,0.32962339346898917
10589,2019-12-16 05:00:00,70.331352234,0.7386467457201077
10590,2019-12-16 06:00:00,70.739334106,0.5142242173478909
10591,2019-12-16 07:00:00,70.744827271,0.3547001641791321
10592,2019-12-16 08:00:00,70.748641968,0.6364713230986404
10593,2019-12-16 09:00:00,70.752540588,0.49192809500685564
10594,2019-12-16 10:00:00,70.755523682,0.4642537827715565
10595,2019-12-16 11:00:00,70.756370544,0.1351296503648547
10596,2019-12-16 12:00:00,70.758590698,0.19441820760883066
10597,2019-12-16 13:00:00,70.762870789,0.6513517896544412
10598,2019-12-16 14:00:00,70.767410278,0.2744558759847917
10599,2019-12-16 15:00:00,70.767532349,0.8208203320151221
10600,2019-12-16 16:00:00,70.756484985,0.9930293506004617
10601,2019-12-16 17:00:00,70.727416992,0.5260585687314088
10602,2019-12-16 18:00:00,70.668502808,0.28218590539578603
10603,2019-12-16 19:00:00,70.577514648,0.26333888718287624
10604,2019-12-16 20:00:00,70.449287415,0.19708422551341964
10605,2019-12-16 21:00:00,70.312820435,0.11647815327648847
10606,2019-12-16 22:00:00,70.317405701,0.2481401304378471
10607,2019-12-16 23:00:00,70.321136475,0.5453834367801752
10608,2019-12-17 00:00:00,70.32635498,0.2301556690263179
10609,2019-12-17 01:00:00,70.330383301,0.858122976574384
10610,2019-12-17 02:00:00,70.334526062,0.8711929733196174
10611,2019-12-17 03:00:00,70.338684082,0.43928474792240746
10612,2019-12-17 04:00:00,70.344055176,0.04102838284002075
10613,2019-12-17 05:00:00,70.348396301,0.1318846732799155
10614,2019-12-17 06:00:00,70.35256958,0.27805757281386756
10615,2019-12-17 07:00:00,70.356155396,0.3843849237124508
10616,2019-12-17 08:00:00,70.360519409,0.6508877021801484
10617,2019-12-17 09:00:00,70.363967896,0.8820883523607926
10618,2019-12-17 10:00:00,70.365898132,0.2000217505773284
10619,2019-12-17 11:00:00,70.365638733,0.7635701444197863
10620,2019-12-17 12:00:00,70.363685608,0.8125100314504122
10621,2019-12-17 13:00:00,70.360466003,0.8307916624072162
10622,2019-12-17 14:00:00,70.354110718,0.7465801110446241
10623,2019-12-17 15:00:00,70.339172363,0.5255832924311331
10624,2019-12-17 16:00:00,70.314056396,0.31248257085683984
10625,2019-12-17 17:00:00,70.262840271,0.0016463928302918873
10626,2019-12-17 18:00:00,70.168777466,0.4901614689056174
10627,2019-12-17 19:00:00,70.033302307,0.9689549255657521
10628,2019-12-17 20:00:00,69.850028992,0.21291283168001718
10629,2019-12-17 21:00:00,69.664390564,0.7672920217468353
10630,2019-12-17 22:00:00,69.665245056,0.55242289617119
10631,2019-12-17 23:00:00,69.661834717,0.4044339319498209
10632,2019-12-18 00:00:00,69.656196594,0.4940958494278068
10633,2019-12-18 01:00:00,69.647987366,0.25642016331458606
10634,2019-12-18 02:00:00,69.638679504,0.4008566314083458
10635,2019-12-18 03:00:00,69.626350403,0.5563204783758238
10636,2019-12-18 04:00:00,69.612602234,0.4709764471358395
10637,2019-12-18 05:00:00,69.597167969,0.32168719350228125
10638,2019-12-18 06:00:00,69.581123352,0.2567047474387739
10639,2019-12-18 07:00:00,69.564933777,0.5114453596615912
10640,2019-12-18 08:00:00,69.549201965,0.23047773906183788
10641,2019-12-18 09:00:00,69.532318115,0.6326707242582111
10642,2019-12-18 10:00:00,69.514785767,0.47146404742352166
10643,2019-12-18 11:00:00,69.498306274,0.9502613536909663
10644,2019-12-18 12:00:00,69.482879639,0.979835066104171
10645,2019-12-18 13:00:00,69.46786499,0.456022997957659
10646,2019-12-18 14:00:00,69.453491211,0.5716941801071906
10647,2019-12-18 15:00:00,69.438102722,0.1644641204401871
10648,2019-12-18 16:00:00,69.416137695,0.057504500915160794
10649,2019-12-18 17:00:00,69.359970093,0.5686224846327886
10650,2019-12-18 18:00:00,69.216293335,0.7851731190757273
10651,2019-12-18 19:00:00,68.953971863,0.09940411236343993
10652,2019-12-18 20:00:00,68.363243103,0.34072256634179987
10653,2019-12-18 21:00:00,67.533058167,0.5870048717460925
10654,2019-12-18 22:00:00,67.015205383,0.23382744407272982
10655,2019-12-18 23:00:00,66.588882446,0.5751016793957364
10656,2019-12-19 00:00:00,66.23525238,0.34333229649936714
10657,2019-12-19 01:00:00,65.943496704,0.7297855344850127
10658,2019-12-19 02:00:00,65.701568604,0.7812047347596135
10659,2019-12-19 03:00:00,65.502502441,0.12101385460120495
10660,2019-12-19 04:00:00,65.337913513,0.7431021672553318
10661,2019-12-19 05:00:00,65.201675415,0.009188200950525416
10662,2019-12-19 06:00:00,65.089477539,0.5657568633114077
10663,2019-12-19 07:00:00,64.997009277,0.2882528017872408
10664,2019-12-19 08:00:00,64.921333313,0.16223193606547381
10665,2019-12-19 09:00:00,64.857276917,0.9142023467513185
10666,2019-12-19 10:00:00,64.802093506,0.3304272290050746
10667,2019-12-19 11:00:00,64.756324768,0.012007695011856279
10668,2019-12-19 12:00:00,64.718093872,0.4540404547093042
10669,2019-12-19 13:00:00,64.685287476,0.9180444948300053
10670,2019-12-19 14:00:00,64.65801239,0.7316968805500815
10671,2019-12-19 15:00:00,64.633583069,0.29663912714632756
10672,2019-12-19 16:00:00,64.60710907,0.6064408340917433
10673,2019-12-19 17:00:00,64.548774719,0.1948656730068612
10674,2019-12-19 18:00:00,64.435958862,0.4009058627388702
10675,2019-12-19 19:00:00,64.268707275,0.5835371033136244
10676,2019-12-19 20:00:00,64.059135437,0.13429184898416446
10677,2019-12-19 21:00:00,63.584026337,0.9588601598062018
10678,2019-12-19 22:00:00,63.35112381,0.22825715189666307
10679,2019-12-19 23:00:00,63.154441833,0.026755758331007184
10680,2019-12-20 00:00:00,62.995388031,0.2451305341261154
10681,2019-12-20 01:00:00,62.860740662,0.2453883069240903
10682,2019-12-20 02:00:00,62.748756409,0.03522997497305336
10683,2019-12-20 03:00:00,62.65473938,0.815628182190565
10684,2019-12-20 04:00:00,62.575862885,0.06970506864926751
10685,2019-12-20 05:00:00,62.50730896,0.022864034295114632
10686,2019-12-20 06:00:00,62.451049805,0.9688186487614132
10687,2019-12-20 07:00:00,62.404243469,0.32507754463342586
10688,2019-12-20 08:00:00,62.364864349,0.8398226610052696
10689,2019-12-20 09:00:00,62.330371857,0.41526351130647154
10690,2019-12-20 10:00:00,62.296459198,0.06274254551946634
10691,2019-12-20 11:00:00,62.273361206,0.6434369481770981
10692,2019-12-20 12:00:00,62.249073029,0.23897411055784434
10693,2019-12-20 13:00:00,62.222492218,0.9650603592689306
10694,2019-12-20 14:00:00,62.202739716,0.8151548758138031
10695,2019-12-20 15:00:00,62.172618866,0.11960036887591396
10696,2019-12-20 16:00:00,62.125240326,0.5299366927585785
10697,2019-12-20 17:00:00,62.042583466,0.7674096222987703
10698,2019-12-20 18:00:00,61.900753021,0.05366647800121016
10699,2019-12-20 19:00:00,61.600021362,0.6211088342391125
10700,2019-12-20 20:00:00,60.972549438,0.132429884594235
10701,2019-12-20 21:00:00,60.101844788,0.07681627398026936
10702,2019-12-20 22:00:00,59.56161499,0.701211022852396
10703,2019-12-20 23:00:00,59.116199493,0.08794279524163517
10704,2019-12-21 00:00:00,58.744342804,0.13324858230813474
10705,2019-12-21 01:00:00,58.437690735,0.8976896975433938
10706,2019-12-21 02:00:00,58.186244965,0.2596836921265877
10707,2019-12-21 03:00:00,57.98197937,0.8375905978134608
10708,2019-12-21 04:00:00,57.815189362,0.8064487435393776
10709,2019-12-21 05:00:00,57.677906036,0.9729869944535366
10710,2019-12-21 06:00:00,57.565101624,0.9288571468224
10711,2019-12-21 07:00:00,57.473907471,0.2942716753175073
10712,2019-12-21 08:00:00,57.398384094,0.9983029338042881
10713,2019-12-21 09:00:00,57.336772919,0.4941317453440005
10714,2019-12-21 10:00:00,57.286632538,0.5289800525380018
10715,2019-12-21 11:00:00,57.245685577,0.17612754611337922
10716,2019-12-21 12:00:00,57.212768555,0.7295662757371559
10717,2019-12-21 13:00:00,57.185546875,0.08699809393515578
10718,2019-12-21 14:00:00,57.159614563,0.4980684397053531
10719,2019-12-21 15:00:00,57.141300201,0.20387250187965933
10720,2019-12-21 16:00:00,57.116413116,0.9941681022515392
10721,2019-12-21 17:00:00,57.068344116,0.1139944001002271
10722,2019-12-21 18:00:00,56.934761047,0.2659505094024007
10723,2019-12-21 19:00:00,56.737770081,0.2571974498995645
10724,2019-12-21 20:00:00,56.272144318,0.3019276657914558
10725,2019-12-21 21:00:00,55.358474731,0.07747690934526896
10726,2019-12-21 22:00:00,54.820068359,0.8032747019202859
10727,2019-12-21 23:00:00,54.376876831,0.15197628577526978
10728,2019-12-22 00:00:00,54.010784149,0.7784090610723123
10729,2019-12-22 01:00:00,53.707115173,0.730405616119053
10730,2019-12-22 02:00:00,53.455886841,0.9935759053232435
10731,2019-12-22 03:00:00,53.24835968,0.8059170824045241
10732,2019-12-22 04:00:00,53.075679779,0.6704229327214659
10733,2019-12-22 05:00:00,52.932540894,0.06399605003491415
10734,2019-12-22 06:00:00,52.81388092,0.4008290551371735
10735,2019-12-22 07:00:00,52.716686249,0.951014044295158
10736,2019-12-22 08:00:00,52.634677887,0.2318279106358455
10737,2019-12-22 09:00:00,52.568084717,0.7962563684012259
10738,2019-12-22 10:00:00,52.512638092,0.7955853970827629
10739,2019-12-22 11:00:00,52.466876984,0.7184252456963869
10740,2019-12-22 12:00:00,52.428279877,0.9352245442813405
10741,2019-12-22 13:00:00,52.395965576,0.1445074874886928
10742,2019-12-22 14:00:00,52.36946106,0.6967634208256015
10743,2019-12-22 15:00:00,52.34085083,0.6855290100783425
10744,2019-12-22 16:00:00,52.305183411,0.16188788409360677
10745,2019-12-22 17:00:00,52.244621277,0.359206151245951
10746,2019-12-22 18:00:00,52.129734039,0.7407893837789866
10747,2019-12-22 19:00:00,51.96370697,0.2133953483565315
10748,2019-12-22 20:00:00,51.486160278,0.907181666634431
10749,2019-12-22 21:00:00,50.761211395,0.5985268955626459
10750,2019-12-22 22:00:00,50.32509613,0.6368092079347779
10751,2019-12-22 23:00:00,49.97114563,0.06349610344249978
10752,2019-12-23 00:00:00,49.675544739,0.4888626608843415
10753,2019-12-23 01:00:00,49.434677124,0.26474808164872554
10754,2019-12-23 02:00:00,49.243831635,0.08633984556586494
10755,2019-12-23 03:00:00,49.091785431,0.24043203892500087
10756,2019-12-23 04:00:00,48.98091507,0.3419579563728714
10757,2019-12-23 05:00:00,48.902683258,0.9344061762588596
10758,2019-12-23 06:00:00,48.849693298,0.1696583598510003
10759,2019-12-23 07:00:00,48.818370819,0.061082974222654185
10760,2019-12-23 08:00:00,48.804145813,0.2574511673434311
10761,2019-12-23 09:00:00,48.801933289,0.15933416967822667
10762,2019-12-23 10:00:00,48.802547455,0.6030272596579108
10763,2019-12-23 11:00:00,48.802379608,0.7884279077449368
10764,2019-12-23 12:00:00,48.802188873,0.1547248325615055
10765,2019-12-23 13:00:00,48.802528381,0.1828452118306909
10766,2019-12-23 14:00:00,48.800308228,0.42732796294215325
10767,2019-12-23 15:00:00,48.792293549,0.4215593625853168
10768,2019-12-23 16:00:00,48.774112701,0.3229757813097687
10769,2019-12-23 17:00:00,48.731067657,0.71769300616503
10770,2019-12-23 18:00:00,48.638221741,0.297952808252653
10771,2019-12-23 19:00:00,48.506713867,0.5129111030695893
10772,2019-12-23 20:00:00,48.306152344,0.9624974323453654
10773,2019-12-23 21:00:00,47.786388397,0.07043433448597147
10774,2019-12-23 22:00:00,47.519264221,0.3241434181727898
10775,2019-12-23 23:00:00,47.302383423,0.35232068758356305
10776,2019-12-24 00:00:00,47.123703003,0.7804511311089858
10777,2019-12-24 01:00:00,46.948730469,0.7125015438269391
10778,2019-12-24 02:00:00,46.819545746,0.8652948048884048
10779,2019-12-24 03:00:00,46.70955658,0.8060577100408518
10780,2019-12-24 04:00:00,46.624687195,0.8598324324151851
10781,2019-12-24 05:00:00,46.560382843,0.9257645595286268
10782,2019-12-24 06:00:00,46.51556015,0.7456285998790689
10783,2019-12-24 07:00:00,46.484008789,0.03924669411710846
10784,2019-12-24 08:00:00,46.467323303,0.277970565331204
10785,2019-12-24 09:00:00,46.459918976,0.8866232199459912
10786,2019-12-24 10:00:00,46.460811615,0.3514944772821845
10787,2019-12-24 11:00:00,46.468852997,0.21105444181540645
10788,2019-12-24 12:00:00,46.473594666,0.0783615866095162
10789,2019-12-24 13:00:00,47.217708588,0.5464856768683202
10790,2019-12-24 14:00:00,48.055282593,0.043097616772388436
10791,2019-12-24 15:00:00,49.457427979,0.07343629416581332
10792,2019-12-24 16:00:00,51.610534668,0.2764989839514641
10793,2019-12-24 17:00:00,52.865650177,0.4985202590025698
10794,2019-12-24 18:00:00,54.067848206,0.8755766283488001
10795,2019-12-24 19:00:00,55.264640808,0.31034470270322523
10796,2019-12-24 20:00:00,56.407615662,0.04689879710807965
10797,2019-12-24 21:00:00,57.512252808,0.1726479510731337
10798,2019-12-24 22:00:00,58.826839447,0.8042153316049604
10799,2019-12-24 23:00:00,60.138217926,0.3431456834609595
10800,2019-12-25 00:00:00,61.452003479,0.5587613466442942
10801,2019-12-25 01:00:00,62.468223572,0.22520450143192972
10802,2019-12-25 02:00:00,63.480625153,0.3120668971907501
10803,2019-12-25 03:00:00,64.493385315,0.20968640461667054
10804,2019-12-25 04:00:00,65.506797791,0.5169050098160882
10805,2019-12-25 05:00:00,66.518890381,0.6224004847484765
10806,2019-12-25 06:00:00,67.52935791,0.5998124079777608
10807,2019-12-25 07:00:00,68.042930603,0.28135203047664803
10808,2019-12-25 08:00:00,68.554786682,0.25300514604687474
10809,2019-12-25 09:00:00,69.069496155,0.8420095429698901
10810,2019-12-25 10:00:00,69.583221436,0.2150495340107469
10811,2019-12-25 11:00:00,70.095085144,0.9140151698587106
10812,2019-12-25 12:00:00,70.608695984,0.3848556040580583
10813,2019-12-25 13:00:00,71.515304565,0.9168525388095838
10814,2019-12-25 14:00:00,72.418624878,0.1944554785289354
10815,2019-12-25 15:00:00,73.316795349,0.3234193127325443
10816,2019-12-25 16:00:00,74.198799133,0.585421392701441
10817,2019-12-25 17:00:00,75.063446045,0.7289791273283931
10818,2019-12-25 18:00:00,75.910041809,0.8710895176715346
10819,2019-12-25 19:00:00,76.132316589,0.40405400727945506
10820,2019-12-25 20:00:00,76.299407959,0.7786168552198578
10821,2019-12-25 21:00:00,76.360870361,0.8992451937141139
10822,2019-12-25 22:00:00,76.593704224,0.11599593509213846
10823,2019-12-25 23:00:00,76.824935913,0.5115849454342788
10824,2019-12-26 00:00:00,77.13458252,0.06643307047200808
10825,2019-12-26 01:00:00,77.139785767,0.6292740708531435
10826,2019-12-26 02:00:00,77.147262573,0.534775408756013
10827,2019-12-26 03:00:00,77.153289795,0.0017724568798511697
10828,2019-12-26 04:00:00,77.159675598,0.3186144719393067
10829,2019-12-26 05:00:00,77.162261963,0.5622153192934176
10830,2019-12-26 06:00:00,77.163772583,0.718620818247323
10831,2019-12-26 07:00:00,77.566955566,0.7632670107493246
10832,2019-12-26 08:00:00,77.970237732,0.9499853261500496
10833,2019-12-26 09:00:00,78.37701416,0.03785129193064041
10834,2019-12-26 10:00:00,78.783721924,0.3860577437786513
10835,2019-12-26 11:00:00,79.187904358,0.3100564009530582
10836,2019-12-26 12:00:00,79.596221924,0.28681907078482904
10837,2019-12-26 13:00:00,79.601142883,0.3561607061848111
10838,2019-12-26 14:00:00,79.608413696,0.23609733888741846
10839,2019-12-26 15:00:00,79.61328125,0.5996096491953363
10840,2019-12-26 16:00:00,79.611946106,0.42935571307199505
10841,2019-12-26 17:00:00,79.586532593,0.6174493224527123
10842,2019-12-26 18:00:00,79.511901855,0.563038646442625
10843,2019-12-26 19:00:00,79.70224762,0.4524637960787604
10844,2019-12-26 20:00:00,79.829727173,0.8196931449904122
10845,2019-12-26 21:00:00,79.947296143,0.349636896917763
10846,2019-12-26 22:00:00,80.253829956,0.07298471445427057
10847,2019-12-26 23:00:00,80.553222656,0.5982914448835293
10848,2019-12-27 00:00:00,80.851226807,0.5994714120584433
10849,2019-12-27 01:00:00,81.043991089,0.5723255599989435
10850,2019-12-27 02:00:00,81.245834351,0.3671291849726055
10851,2019-12-27 03:00:00,81.434150696,0.4333665836885874
10852,2019-12-27 04:00:00,81.621932983,0.6574502784875857
10853,2019-12-27 05:00:00,81.808311462,0.38126874342562456
10854,2019-12-27 06:00:00,81.989028931,0.41086129503028335
10855,2019-12-27 07:00:00,82.209411621,0.3549660675933731
10856,2019-12-27 08:00:00,82.432624817,0.46971128194834577
10857,2019-12-27 09:00:00,82.655075073,0.552298557877205
10858,2019-12-27 10:00:00,82.875595093,0.7281583339716593
10859,2019-12-27 11:00:00,83.102668762,0.7519326147013994
10860,2019-12-27 12:00:00,83.334281921,0.9879810419055649
10861,2019-12-27 13:00:00,84.323631287,0.6135781808476677
10862,2019-12-27 14:00:00,85.316253662,0.7355794691288773
10863,2019-12-27 15:00:00,86.298057556,0.31092559481211335
10864,2019-12-27 16:00:00,87.259902954,0.42238411590782476
10865,2019-12-27 17:00:00,88.201713562,0.08385380229182615
10866,2019-12-27 18:00:00,89.122871399,0.8614815038053041
10867,2019-12-27 19:00:00,89.875892639,0.02440948322343639
10868,2019-12-27 20:00:00,90.569885254,0.5811937261201383
10869,2019-12-27 21:00:00,91.326774597,0.9029113895617205
10870,2019-12-27 22:00:00,92.195663452,0.42525925002003573
10871,2019-12-27 23:00:00,93.06061554,0.08791367379109727
10872,2019-12-28 00:00:00,93.923782349,0.9099588609080826
10873,2019-12-28 01:00:00,93.934013367,0.6521769425911016
10874,2019-12-28 02:00:00,93.942550659,0.7213142821654409
10875,2019-12-28 03:00:00,93.948760986,0.9570935898760647
10876,2019-12-28 04:00:00,93.954528809,0.5651016090100566
10877,2019-12-28 05:00:00,93.957717896,0.0988921452855408
10878,2019-12-28 06:00:00,93.966255188,0.14429428349138407
10879,2019-12-28 07:00:00,93.976066589,0.9049394703613934
10880,2019-12-28 08:00:00,93.986450195,0.36323350476228367
10881,2019-12-28 09:00:00,93.991828918,0.4175999251752528
10882,2019-12-28 10:00:00,93.995239258,0.3660129835285819
10883,2019-12-28 11:00:00,93.999313354,0.9188232705268381
10884,2019-12-28 12:00:00,94.002586365,0.5195510370627401
10885,2019-12-28 13:00:00,94.006385803,0.07241929277857984
10886,2019-12-28 14:00:00,94.0051651,0.5066847435741969
10887,2019-12-28 15:00:00,93.99697113,0.2479896462363308
10888,2019-12-28 16:00:00,93.974960327,0.22823917990543108
10889,2019-12-28 17:00:00,93.928375244,0.9460106072111266
10890,2019-12-28 18:00:00,93.841468811,0.6616006069011382
10891,2019-12-28 19:00:00,93.80078125,0.692347854832594
10892,2019-12-28 20:00:00,93.670295715,0.007065559793840159
10893,2019-12-28 21:00:00,93.257385254,0.7661479724635656
10894,2019-12-28 22:00:00,93.076080322,0.11119373412277334
10895,2019-12-28 23:00:00,92.933761597,0.6826230947725136
10896,2019-12-29 00:00:00,92.827819824,0.7140886750128762
10897,2019-12-29 01:00:00,92.638687134,0.20859728347933193
10898,2019-12-29 02:00:00,92.474098206,0.8353114254660741
10899,2019-12-29 03:00:00,92.331970215,0.8611787023400904
10900,2019-12-29 04:00:00,92.206787109,0.05302360225799019
10901,2019-12-29 05:00:00,92.096160889,0.534612949328495
10902,2019-12-29 06:00:00,91.998916626,0.4822911992485174
10903,2019-12-29 07:00:00,92.111106873,0.726962096147468
10904,2019-12-29 08:00:00,92.231590271,0.11361414158407279
10905,2019-12-29 09:00:00,92.35987854,0.558236954384275
10906,2019-12-29 10:00:00,92.495681763,0.8826403656063959
10907,2019-12-29 11:00:00,92.640144348,0.33525339913780894
10908,2019-12-29 12:00:00,92.789634705,0.41913434071823985
10909,2019-12-29 13:00:00,92.743919373,0.555087635737575
10910,2019-12-29 14:00:00,92.703346252,0.6124012783555821
10911,2019-12-29 15:00:00,92.666969299,0.11191213325131555
10912,2019-12-29 16:00:00,92.629112244,0.315621342585368
10913,2019-12-29 17:00:00,92.573051453,0.1286652127497533
10914,2019-12-29 18:00:00,92.481491089,0.423840286544388
10915,2019-12-29 19:00:00,92.353141785,0.10995753297182964
10916,2019-12-29 20:00:00,92.138511658,0.021848250936293945
10917,2019-12-29 21:00:00,91.706192017,0.9284092557305331
10918,2019-12-29 22:00:00,91.465103149,0.020647994854443574
10919,2019-12-29 23:00:00,91.262863159,0.13464833953465305
10920,2019-12-30 00:00:00,91.091583252,0.7611415649052533
10921,2019-12-30 01:00:00,90.945480347,0.651497964191068
10922,2019-12-30 02:00:00,90.808822632,0.417143680206313
10923,2019-12-30 03:00:00,90.693183899,0.3626384477996418
10924,2019-12-30 04:00:00,90.589096069,0.3312073563568142
10925,2019-12-30 05:00:00,90.503883362,0.8017173627786558
10926,2019-12-30 06:00:00,90.432167053,0.8561949934112982
10927,2019-12-30 07:00:00,90.368667603,0.17414162810490708
10928,2019-12-30 08:00:00,90.312149048,0.37661726339728063
10929,2019-12-30 09:00:00,90.261833191,0.44575051116752895
10930,2019-12-30 10:00:00,90.216072083,0.3605435001386036
10931,2019-12-30 11:00:00,90.175239563,0.6674035901380814
10932,2019-12-30 12:00:00,90.135307312,0.4924874895760606
10933,2019-12-30 13:00:00,90.100097656,0.660121261860514
10934,2019-12-30 14:00:00,90.068130493,0.061749660437753096
10935,2019-12-30 15:00:00,90.034507751,0.9115847868376573
10936,2019-12-30 16:00:00,89.985404968,0.1063918448711253
10937,2019-12-30 17:00:00,89.908744812,0.581605629902559
10938,2019-12-30 18:00:00,89.762428284,0.06112359117909394
10939,2019-12-30 19:00:00,89.591651917,0.8604893281342536
10940,2019-12-30 20:00:00,89.106002808,0.8097010435419251
10941,2019-12-30 21:00:00,88.370292664,0.8155158771143177
10942,2019-12-30 22:00:00,87.92880249,0.9669202712375662
10943,2019-12-30 23:00:00,87.562705994,0.14130002109751671
10944,2019-12-31 00:00:00,87.259910583,0.902004468829797
10945,2019-12-31 01:00:00,87.007003784,0.7491386774336322
10946,2019-12-31 02:00:00,86.796333313,0.7074240261526579
10947,2019-12-31 03:00:00,86.622360229,0.26187796476746283
10948,2019-12-31 04:00:00,86.475845337,0.838667812455553
10949,2019-12-31 05:00:00,86.352836609,0.919077644896528
10950,2019-12-31 06:00:00,86.249946594,0.6898564717027723
10951,2019-12-31 07:00:00,86.163208008,0.193028437760562
10952,2019-12-31 08:00:00,86.088661194,0.0746499614574706
10953,2019-12-31 09:00:00,86.024475098,0.9217454082391139
10954,2019-12-31 10:00:00,85.968482971,0.7454742886366587
10955,2019-12-31 11:00:00,85.919410706,0.786895187011899
10956,2019-12-31 12:00:00,85.877426147,0.4228952227780566
10957,2019-12-31 13:00:00,85.839767456,0.41657828176859557
10958,2019-12-31 14:00:00,85.807395935,0.7234729047454426
10959,2019-12-31 15:00:00,85.777015686,0.30158785699797963
10960,2019-12-31 16:00:00,85.748809814,0.5226273321225376
10961,2019-12-31 17:00:00,85.701438904,0.744972770194513
10962,2019-12-31 18:00:00,85.597969055,0.9018006923675491
10963,2019-12-31 19:00:00,85.602005005,0.4109412194001979
10964,2019-12-31 20:00:00,85.456123352,0.5696966806273432
10965,2019-12-31 21:00:00,85.061759949,0.23313675591625393
10966,2019-12-31 22:00:00,84.685203552,0.4952064040562253
10967,2019-12-31 23:00:00,84.343826294,0.36224565583747836
10968,2020-01-01 00:00:00,84.061508179,0.4481027476184456
10969,2020-01-01 01:00:00,83.827049255,0.3721322198409569
10970,2020-01-01 02:00:00,83.631217957,0.9490546921660127
10971,2020-01-01 03:00:00,83.466789246,0.9474000523933498
10972,2020-01-01 04:00:00,83.32900238,0.12312027823516214
10973,2020-01-01 05:00:00,83.214057922,0.7377106765131192
10974,2020-01-01 06:00:00,83.116928101,0.2569480803336254
10975,2020-01-01 07:00:00,83.03528595,0.5404313831763584
10976,2020-01-01 08:00:00,82.968475342,0.9814392359982487
10977,2020-01-01 09:00:00,82.913253784,0.39537703317007544
10978,2020-01-01 10:00:00,82.862472534,0.8168399509044768
10979,2020-01-01 11:00:00,82.825286865,0.6832380891145939
10980,2020-01-01 12:00:00,82.791664124,0.20388364135181003
10981,2020-01-01 13:00:00,83.013908386,0.12332460305800952
10982,2020-01-01 14:00:00,83.251724243,0.4722591889430142
10983,2020-01-01 15:00:00,83.494522095,0.13476507820107686
10984,2020-01-01 16:00:00,83.723632812,0.3570445202078041
10985,2020-01-01 17:00:00,83.904640198,0.3823053108027
10986,2020-01-01 18:00:00,84.073989868,0.01708148480077054
10987,2020-01-01 19:00:00,84.037750244,0.14579874174697083
10988,2020-01-01 20:00:00,83.52646637,0.23245281471037404
10989,2020-01-01 21:00:00,82.848770142,0.480315372422216
10990,2020-01-01 22:00:00,82.481498718,0.33972363728659494
10991,2020-01-01 23:00:00,82.211837769,0.8909227490941187
10992,2020-01-02 00:00:00,82.038192749,0.44934907828344317
10993,2020-01-02 01:00:00,81.833892822,0.5999909351495877
10994,2020-01-02 02:00:00,81.685379028,0.17530211532944995
10995,2020-01-02 03:00:00,81.584381104,0.5683977075288908
10996,2020-01-02 04:00:00,81.521789551,0.23563280083655214
10997,2020-01-02 05:00:00,81.490982056,0.5337006345574926
10998,2020-01-02 06:00:00,81.474586487,0.5415685832558391
10999,2020-01-02 07:00:00,81.484451294,0.36160495886067057
11000,2020-01-02 08:00:00,81.511245728,0.5656904780681783
11001,2020-01-02 09:00:00,81.548179626,0.9367091528219206
11002,2020-01-02 10:00:00,81.595359802,0.5824464165938612
11003,2020-01-02 11:00:00,81.652252197,0.2609842218185353
11004,2020-01-02 12:00:00,81.717803955,0.6299251973918188
11005,2020-01-02 13:00:00,81.688392639,0.4260024942982844
11006,2020-01-02 14:00:00,81.661888123,0.37309165238669617
11007,2020-01-02 15:00:00,81.639068604,0.3044632411294578
11008,2020-01-02 16:00:00,81.607955933,0.3881061285048383
11009,2020-01-02 17:00:00,81.558830261,0.28882504541463494
11010,2020-01-02 18:00:00,81.474349976,0.5145480518092346
11011,2020-01-02 19:00:00,81.35282135,0.867497806477706
11012,2020-01-02 20:00:00,81.179962158,0.559633351138054
11013,2020-01-02 21:00:00,81.016311646,0.664156160169762
11014,2020-01-02 22:00:00,81.021194458,0.36688857361002547
11015,2020-01-02 23:00:00,81.024795532,0.9261821748849699
11016,2020-01-03 00:00:00,81.027679443,0.7551035292336077
11017,2020-01-03 01:00:00,81.027885437,0.996311914924016
11018,2020-01-03 02:00:00,81.025619507,0.13279796999174298
11019,2020-01-03 03:00:00,81.018707275,0.04559112208798333
11020,2020-01-03 04:00:00,81.007705688,0.7631690278390997
11021,2020-01-03 05:00:00,80.992218018,0.14359158067631628
11022,2020-01-03 06:00:00,80.973228455,0.9504767165087903
11023,2020-01-03 07:00:00,80.962409973,0.9642743207268953
11024,2020-01-03 08:00:00,80.952110291,0.99725552451104
11025,2020-01-03 09:00:00,80.935974121,0.06154990065823607
11026,2020-01-03 10:00:00,80.915344238,0.5606007301951962
11027,2020-01-03 11:00:00,80.893188477,0.4154064602335549
11028,2020-01-03 12:00:00,80.866836548,0.0751351196214356
11029,2020-01-03 13:00:00,80.844841003,0.7103700442534616
11030,2020-01-03 14:00:00,80.819358826,0.22425419343239816
11031,2020-01-03 15:00:00,80.78578186,0.633428287028624
11032,2020-01-03 16:00:00,80.7345047,0.1473994058974788
11033,2020-01-03 17:00:00,80.658935547,0.7726915270260095
11034,2020-01-03 18:00:00,80.539413452,0.9253367244196922
11035,2020-01-03 19:00:00,80.404350281,0.08966327421132991
11036,2020-01-03 20:00:00,80.201713562,0.6847253664320666
11037,2020-01-03 21:00:00,79.839935303,0.07836727372530017
11038,2020-01-03 22:00:00,79.704811096,0.5871886054351565
11039,2020-01-03 23:00:00,79.584465027,0.6605671053086114
11040,2020-01-04 00:00:00,79.480583191,0.8821382210238099
11041,2020-01-04 01:00:00,79.396720886,0.04789342080475312
11042,2020-01-04 02:00:00,79.330223083,0.9491502912295952
11043,2020-01-04 03:00:00,79.279174805,0.4607095513010996
11044,2020-01-04 04:00:00,79.230247498,0.49145564071042513
11045,2020-01-04 05:00:00,79.195274353,0.29017128613416165
11046,2020-01-04 06:00:00,79.16709137,0.5379028032726426
11047,2020-01-04 07:00:00,79.14528656,0.8386045116033827
11048,2020-01-04 08:00:00,79.125717163,0.7390565998306713
11049,2020-01-04 09:00:00,79.107276917,0.3570212530993323
11050,2020-01-04 10:00:00,79.098251343,0.940296333835169
11051,2020-01-04 11:00:00,79.086936951,0.5430105364735126
11052,2020-01-04 12:00:00,79.079566956,0.5484975337650597
11053,2020-01-04 13:00:00,79.069114685,0.5637975069488205
11054,2020-01-04 14:00:00,79.063667297,0.8453949617444735
11055,2020-01-04 15:00:00,79.057380676,0.5691044974257852
11056,2020-01-04 16:00:00,79.046424866,0.9136160145499385
11057,2020-01-04 17:00:00,79.009284973,0.6696701908014172
11058,2020-01-04 18:00:00,78.888084412,0.7709953584798016
11059,2020-01-04 19:00:00,78.695388794,0.9248895911198624
11060,2020-01-04 20:00:00,77.957046509,0.051166274265418754
11061,2020-01-04 21:00:00,77.055198669,0.0785977802676685
11062,2020-01-04 22:00:00,76.498245239,0.25621004311034823
11063,2020-01-04 23:00:00,76.031990051,0.06028727311875037
11064,2020-01-05 00:00:00,75.653892517,0.16820992457330308
11065,2020-01-05 01:00:00,75.339439392,0.5732460597644328
11066,2020-01-05 02:00:00,75.083320618,0.9668160654206828
11067,2020-01-05 03:00:00,74.879051208,0.31156472787601464
11068,2020-01-05 04:00:00,74.708961487,0.5171424035871629
11069,2020-01-05 05:00:00,74.570732117,0.7466511493549366
11070,2020-01-05 06:00:00,74.455589294,0.45885900723396256
11071,2020-01-05 07:00:00,74.359107971,0.3487228596606935
11072,2020-01-05 08:00:00,74.278648376,0.3448317439076284
11073,2020-01-05 09:00:00,74.212219238,0.13017053372666865
11074,2020-01-05 10:00:00,74.157150269,0.12237825996421647
11075,2020-01-05 11:00:00,74.109313965,0.6143381376633253
11076,2020-01-05 12:00:00,74.071548462,0.8955354805927754
11077,2020-01-05 13:00:00,74.040283203,0.8338763097208606
11078,2020-01-05 14:00:00,74.013908386,0.6153119140041599
11079,2020-01-05 15:00:00,73.99079895,0.9887825991757444
11080,2020-01-05 16:00:00,73.966812134,0.07810846089707635
11081,2020-01-05 17:00:00,73.911430359,0.9307551088138588
11082,2020-01-05 18:00:00,73.796913147,0.24520986416962787
11083,2020-01-05 19:00:00,73.634902954,0.8553269597674457
11084,2020-01-05 20:00:00,73.417900085,0.7172298670057147
11085,2020-01-05 21:00:00,73.024482727,0.07598938073472228
11086,2020-01-05 22:00:00,72.873817444,0.6276087576923512
11087,2020-01-05 23:00:00,72.751113892,0.8440282742146024
11088,2020-01-06 00:00:00,72.64566803,0.6301733873022446
11089,2020-01-06 01:00:00,72.558479309,0.20956401405140646
11090,2020-01-06 02:00:00,72.490036011,0.29385471934189056
11091,2020-01-06 03:00:00,72.438606262,0.8843335267868006
11092,2020-01-06 04:00:00,72.395401001,0.8995710554238626
11093,2020-01-06 05:00:00,72.363601685,0.5449214240298695
11094,2020-01-06 06:00:00,72.331733704,0.613248469140652
11095,2020-01-06 07:00:00,72.305511475,0.298014678784034
11096,2020-01-06 08:00:00,72.286254883,0.7577805090938483
11097,2020-01-06 09:00:00,72.267570496,0.7647172636672759
11098,2020-01-06 10:00:00,72.249282837,0.9432088898966081
11099,2020-01-06 11:00:00,72.232566833,0.04545867985137686
11100,2020-01-06 12:00:00,72.214698792,0.7110824285880555
11101,2020-01-06 13:00:00,72.203102112,0.6489806267853947
11102,2020-01-06 14:00:00,72.195571899,0.3611971500566231
11103,2020-01-06 15:00:00,72.178131104,0.4191882907044219
11104,2020-01-06 16:00:00,72.145256042,0.7778432060054606
11105,2020-01-06 17:00:00,72.09236145,0.27559967415190634
11106,2020-01-06 18:00:00,72.003944397,0.14255997727482117
11107,2020-01-06 19:00:00,71.874511719,0.8803027805874385
11108,2020-01-06 20:00:00,71.693611145,0.8666724343785059
11109,2020-01-06 21:00:00,71.49760437,0.2386203680335507
11110,2020-01-06 22:00:00,71.490447998,0.08969736681085838
11111,2020-01-06 23:00:00,71.486618042,0.7952629783692734
11112,2020-01-07 00:00:00,71.47870636,0.22214381099168845
11113,2020-01-07 01:00:00,71.463439941,0.34790121083734304
11114,2020-01-07 02:00:00,71.444892883,0.6514534643215091
11115,2020-01-07 03:00:00,71.430679321,0.48573606208322584
11116,2020-01-07 04:00:00,71.416488647,0.40256562314439437
11117,2020-01-07 05:00:00,71.411117554,0.0912396046787115
11118,2020-01-07 06:00:00,71.406402588,0.2758373188143274
11119,2020-01-07 07:00:00,71.401237488,0.4843420661108133
11120,2020-01-07 08:00:00,71.396736145,0.6241498649723456
11121,2020-01-07 09:00:00,71.390693665,0.19768808340130817
11122,2020-01-07 10:00:00,71.388214111,0.30282487392382973
11123,2020-01-07 11:00:00,71.394180298,0.22712362227525718
11124,2020-01-07 12:00:00,71.399963379,0.8290729597463664
11125,2020-01-07 13:00:00,71.405982971,0.38008999321019965
11126,2020-01-07 14:00:00,71.411651611,0.26445189824206816
11127,2020-01-07 15:00:00,71.416725159,0.015247483229051895
11128,2020-01-07 16:00:00,71.412094116,0.012827595709113404
11129,2020-01-07 17:00:00,71.366867065,0.9783549985904548
11130,2020-01-07 18:00:00,71.255973816,0.37945398536524677
11131,2020-01-07 19:00:00,71.090270996,0.2456384069858466
11132,2020-01-07 20:00:00,70.668769836,0.8706657012460187
11133,2020-01-07 21:00:00,70.028457642,0.9492628194203229
11134,2020-01-07 22:00:00,69.70463562,0.8580316344262605
11135,2020-01-07 23:00:00,69.439109802,0.61969347565343
11136,2020-01-08 00:00:00,69.223236084,0.23488779726508346
11137,2020-01-08 01:00:00,69.048202515,0.17336009298313404
11138,2020-01-08 02:00:00,68.907356262,0.9504642751008519
11139,2020-01-08 03:00:00,68.795349121,0.8325066500195514
11140,2020-01-08 04:00:00,68.705490112,0.8543929017951554
11141,2020-01-08 05:00:00,68.635360718,0.03704344500788004
11142,2020-01-08 06:00:00,68.581161499,0.8207713794230291
11143,2020-01-08 07:00:00,68.53956604,0.7343002370132568
11144,2020-01-08 08:00:00,68.50958252,0.36357408214124365
11145,2020-01-08 09:00:00,68.489341736,0.6919300116284748
11146,2020-01-08 10:00:00,68.475875854,0.864985984007035
11147,2020-01-08 11:00:00,68.471038818,0.023573361134706095
11148,2020-01-08 12:00:00,68.474945068,0.037157760394850525
11149,2020-01-08 13:00:00,68.481216431,0.6485770392914593
11150,2020-01-08 14:00:00,68.489532471,0.3954350169700307
11151,2020-01-08 15:00:00,68.493217468,0.8997579870512217
11152,2020-01-08 16:00:00,68.489326477,0.186766378430421
11153,2020-01-08 17:00:00,68.455429077,0.5555301731271055
11154,2020-01-08 18:00:00,68.369567871,0.6291049041776612
11155,2020-01-08 19:00:00,68.231140137,0.23557977418148268
11156,2020-01-08 20:00:00,68.030990601,0.12597600697968026
11157,2020-01-08 21:00:00,67.876502991,0.7121234898187786
11158,2020-01-08 22:00:00,67.881912231,0.42953267827619157
11159,2020-01-08 23:00:00,67.883399963,0.8359202656773835
11160,2020-01-09 00:00:00,67.890045166,0.5867553732398961
11161,2020-01-09 01:00:00,67.895019531,0.6505760284532124
11162,2020-01-09 02:00:00,67.903137207,0.01388751659517462
11163,2020-01-09 03:00:00,67.913696289,0.14845349538944563
11164,2020-01-09 04:00:00,67.925544739,0.00967860869866688
11165,2020-01-09 05:00:00,67.936836243,0.7648133342668955
11166,2020-01-09 06:00:00,67.949798584,0.5609313227128718
11167,2020-01-09 07:00:00,67.96269989,0.6604786268479893
11168,2020-01-09 08:00:00,67.97555542,0.889192465650154
11169,2020-01-09 09:00:00,67.987716675,0.28992196516611546
11170,2020-01-09 10:00:00,67.999420166,0.37850001744090145
11171,2020-01-09 11:00:00,68.008087158,0.9702233055789705
11172,2020-01-09 12:00:00,68.016769409,0.7909034199100161
11173,2020-01-09 13:00:00,68.023872375,0.713716143909027
11174,2020-01-09 14:00:00,68.031448364,0.08431530841876356
11175,2020-01-09 15:00:00,68.036582947,0.24126140631375903
11176,2020-01-09 16:00:00,68.036231995,0.09441451193759454
11177,2020-01-09 17:00:00,68.009048462,0.4417587498349176
11178,2020-01-09 18:00:00,67.938163757,0.31955261862689743
11179,2020-01-09 19:00:00,67.826293945,0.18015711137608736
11180,2020-01-09 20:00:00,67.644348145,0.4307939702828444
11181,2020-01-09 21:00:00,67.462432861,0.4680858690446652
11182,2020-01-09 22:00:00,67.470588684,0.9373062798128151
11183,2020-01-09 23:00:00,67.477668762,0.6037829289064792
11184,2020-01-10 00:00:00,67.483528137,0.08449738330378898
11185,2020-01-10 01:00:00,67.486724854,0.6574477330414491
11186,2020-01-10 02:00:00,67.490722656,0.402460876929557
11187,2020-01-10 03:00:00,67.495223999,0.4079236014194152
11188,2020-01-10 04:00:00,67.500610352,0.533445490951994
11189,2020-01-10 05:00:00,67.50592804,0.011551865775611847
11190,2020-01-10 06:00:00,67.510955811,0.9053842857580033
11191,2020-01-10 07:00:00,67.514343262,0.7500443388385072
11192,2020-01-10 08:00:00,67.516792297,0.6929912334684092
11193,2020-01-10 09:00:00,67.520706177,0.5005558801146799
11194,2020-01-10 10:00:00,67.523635864,0.014028928981157485
11195,2020-01-10 11:00:00,67.527084351,0.9269430770258713
11196,2020-01-10 12:00:00,67.532913208,0.9704457652804547
11197,2020-01-10 13:00:00,67.538665771,0.3835268028131017
11198,2020-01-10 14:00:00,67.544273376,0.9341595383832572
11199,2020-01-10 15:00:00,67.585586548,0.8583186242251504
11200,2020-01-10 16:00:00,67.61743927,0.0873805739035105
11201,2020-01-10 17:00:00,67.622535706,0.020886714599370193
11202,2020-01-10 18:00:00,67.738891602,0.5509172690780929
11203,2020-01-10 19:00:00,67.811378479,0.6822030365904828
11204,2020-01-10 20:00:00,67.816703796,0.6936640963073268
11205,2020-01-10 21:00:00,67.685951233,0.3003566936875115
11206,2020-01-10 22:00:00,67.740959167,0.4536137938594894
11207,2020-01-10 23:00:00,67.783554077,0.8570665524664867
11208,2020-01-11 00:00:00,67.822822571,0.44717515880561776
11209,2020-01-11 01:00:00,67.822692871,0.6762899868016418
11210,2020-01-11 02:00:00,67.815757751,0.4259205758110809
11211,2020-01-11 03:00:00,67.808891296,0.6459296442992806
11212,2020-01-11 04:00:00,67.806259155,0.3016952171357298
11213,2020-01-11 05:00:00,67.807411194,0.04399836555906955
11214,2020-01-11 06:00:00,67.809280396,0.6497082183143023
11215,2020-01-11 07:00:00,67.811752319,0.24893801686745987
11216,2020-01-11 08:00:00,67.815475464,0.4972171110885627
11217,2020-01-11 09:00:00,67.820831299,0.7104842078674637
11218,2020-01-11 10:00:00,67.826980591,0.07291854130126474
11219,2020-01-11 11:00:00,67.833190918,0.7380284020670566
11220,2020-01-11 12:00:00,67.832580566,0.1748517356937429
11221,2020-01-11 13:00:00,67.834037781,0.6301503689194985
11222,2020-01-11 14:00:00,67.838394165,0.7991114686410022
11223,2020-01-11 15:00:00,67.84072113,0.14678888034477933
11224,2020-01-11 16:00:00,67.829849243,0.935069529139997
11225,2020-01-11 17:00:00,67.792778015,0.7597198469202918
11226,2020-01-11 18:00:00,67.712554932,0.6496558734961774
11227,2020-01-11 19:00:00,67.579589844,0.19732635863342474
11228,2020-01-11 20:00:00,67.577987671,0.6531831079317213
11229,2020-01-11 21:00:00,67.505104065,0.8808934078850562
11230,2020-01-11 22:00:00,67.666648865,0.9729520965590223
11231,2020-01-11 23:00:00,67.83442688,0.5829430962642672
11232,2020-01-12 00:00:00,68.009811401,0.9947768392539885
11233,2020-01-12 01:00:00,67.987449646,0.9519499966420635
11234,2020-01-12 02:00:00,67.968856812,0.9786353451102544
11235,2020-01-12 03:00:00,67.953964233,0.4633571933147642
11236,2020-01-12 04:00:00,67.942947388,0.12537235756458254
11237,2020-01-12 05:00:00,67.934776306,0.3439353193534699
11238,2020-01-12 06:00:00,67.926300049,0.6917842915149836
11239,2020-01-12 07:00:00,68.122596741,0.1013448693750647
11240,2020-01-12 08:00:00,68.321792603,0.9157798082408395
11241,2020-01-12 09:00:00,68.523002625,0.5669348564436589
11242,2020-01-12 10:00:00,68.725219727,0.670269886069582
11243,2020-01-12 11:00:00,68.926460266,0.24299815278280545
11244,2020-01-12 12:00:00,69.131233215,0.6681098572754586
11245,2020-01-12 13:00:00,69.434120178,0.5270589220601257
11246,2020-01-12 14:00:00,69.736351013,0.8009683140462842
11247,2020-01-12 15:00:00,70.034973145,0.35214798315305174
11248,2020-01-12 16:00:00,70.297325134,0.14267847122697253
11249,2020-01-12 17:00:00,70.567001343,0.39421568550749386
11250,2020-01-12 18:00:00,70.787704468,0.32374619266501226
11251,2020-01-12 19:00:00,71.105606079,0.6722129220778567
11252,2020-01-12 20:00:00,71.383506775,0.5047691198779973
11253,2020-01-12 21:00:00,71.631507874,0.8793403064782025
11254,2020-01-12 22:00:00,72.038162231,0.12473619612264597
11255,2020-01-12 23:00:00,72.442153931,0.3243603193220892
11256,2020-01-13 00:00:00,72.844985962,0.995819044699707
11257,2020-01-13 01:00:00,72.846443176,0.6092791249273838
11258,2020-01-13 02:00:00,72.847991943,0.4035252949920355
11259,2020-01-13 03:00:00,72.856292725,0.10491680508059265
11260,2020-01-13 04:00:00,72.862930298,0.9362921584468562
11261,2020-01-13 05:00:00,72.87020874,0.9874845771436583
11262,2020-01-13 06:00:00,72.876205444,0.7025157756975625
11263,2020-01-13 07:00:00,72.881462097,0.5604598481915033
11264,2020-01-13 08:00:00,72.890274048,0.3487130938817896
11265,2020-01-13 09:00:00,72.895721436,0.04292213615890139
11266,2020-01-13 10:00:00,72.901039124,0.7877873707413129
11267,2020-01-13 11:00:00,72.907211304,0.5162051748856091
11268,2020-01-13 12:00:00,72.913032532,0.40490877298442196
11269,2020-01-13 13:00:00,73.01902771,0.4677714937592228
11270,2020-01-13 14:00:00,73.12562561,0.18912190183081312
11271,2020-01-13 15:00:00,73.222900391,0.1819795738149066
11272,2020-01-13 16:00:00,73.316497803,0.8841792741552157
11273,2020-01-13 17:00:00,73.404747009,0.20427060155512788
11274,2020-01-13 18:00:00,73.456184387,0.06705935077467329
11275,2020-01-13 19:00:00,73.583557129,0.5298995961445591
11276,2020-01-13 20:00:00,73.670394897,0.777144772813344
11277,2020-01-13 21:00:00,73.764785767,0.29524839347117915
11278,2020-01-13 22:00:00,73.997299194,0.8579346423417678
11279,2020-01-13 23:00:00,74.222114563,0.07599320563160739
11280,2020-01-14 00:00:00,74.446784973,0.06318166305433481
11281,2020-01-14 01:00:00,74.453094482,0.031084867727052545
11282,2020-01-14 02:00:00,74.460273743,0.7364758508537694
11283,2020-01-14 03:00:00,74.467193604,0.31035498563265085
11284,2020-01-14 04:00:00,74.475982666,0.8241273980440735
11285,2020-01-14 05:00:00,74.486724854,0.4336865857334896
11286,2020-01-14 06:00:00,74.494262695,0.4328317422852219
11287,2020-01-14 07:00:00,74.503158569,0.20194563458944348
11288,2020-01-14 08:00:00,74.512588501,0.09569798051755274
11289,2020-01-14 09:00:00,74.521942139,0.6675589930429614
11290,2020-01-14 10:00:00,74.531219482,0.42246278675660986
11291,2020-01-14 11:00:00,74.541183472,0.024531000222027144
11292,2020-01-14 12:00:00,74.552429199,0.359986885380412
11293,2020-01-14 13:00:00,74.561935425,0.6787847608972821
11294,2020-01-14 14:00:00,74.571464539,0.8407242642749287
11295,2020-01-14 15:00:00,74.578117371,0.0417592170972092
11296,2020-01-14 16:00:00,74.573448181,0.7099632860887124
11297,2020-01-14 17:00:00,74.542877197,0.5569547080997628
11298,2020-01-14 18:00:00,74.47454071,0.5455684784622347
11299,2020-01-14 19:00:00,74.36415863,0.059335287448237795
11300,2020-01-14 20:00:00,74.197021484,0.46493463455150175
11301,2020-01-14 21:00:00,74.032363892,0.6618401786516457
11302,2020-01-14 22:00:00,74.049720764,0.2058597800499682
11303,2020-01-14 23:00:00,74.066017151,0.9868463403156486
11304,2020-01-15 00:00:00,74.077224731,0.8528756293128579
11305,2020-01-15 01:00:00,74.088417053,0.5943173488390604
11306,2020-01-15 02:00:00,74.102813721,0.8107656675205724
11307,2020-01-15 03:00:00,74.117591858,0.5008789075493587
11308,2020-01-15 04:00:00,74.131256104,0.8396862707817695
11309,2020-01-15 05:00:00,74.145843506,0.4882365487654181
11310,2020-01-15 06:00:00,74.159957886,0.7529332826963251
11311,2020-01-15 07:00:00,74.171096802,0.058756998335181554
11312,2020-01-15 08:00:00,74.182052612,0.6076979616789219
11313,2020-01-15 09:00:00,74.193107605,0.1315601906851298
11314,2020-01-15 10:00:00,74.202514648,0.9967110706209988
11315,2020-01-15 11:00:00,74.211212158,0.00398138721627328
11316,2020-01-15 12:00:00,74.218887329,0.43311149391514625
11317,2020-01-15 13:00:00,74.224853516,0.7066814367086257
11318,2020-01-15 14:00:00,74.231582642,0.4803292139450047
11319,2020-01-15 15:00:00,74.235443115,0.7314212500876525
11320,2020-01-15 16:00:00,74.23097229,0.8854923227796313
11321,2020-01-15 17:00:00,74.198738098,0.7622225412672036
11322,2020-01-15 18:00:00,74.119338989,0.5361768038514001
11323,2020-01-15 19:00:00,73.997329712,0.6755389538441072
11324,2020-01-15 20:00:00,73.75302887,0.7033275927509356
11325,2020-01-15 21:00:00,73.269042969,0.9014186774647571
11326,2020-01-15 22:00:00,72.625717163,0.30134119820421523
11327,2020-01-15 23:00:00,72.229248047,0.4806325590761601
11328,2020-01-16 00:00:00,71.902610779,0.35270429292800265
11329,2020-01-16 01:00:00,71.631446838,0.8194267671618762
11330,2020-01-16 02:00:00,71.409942627,0.9538806734338391
11331,2020-01-16 03:00:00,71.230270386,0.45706645577706373
11332,2020-01-16 04:00:00,71.083763123,0.9908551731316496
11333,2020-01-16 05:00:00,70.964828491,0.3322627700139924
11334,2020-01-16 06:00:00,70.867546082,0.7665640165360726
11335,2020-01-16 07:00:00,70.788764954,0.3973720981834554
11336,2020-01-16 08:00:00,70.724441528,0.6071487965199176
11337,2020-01-16 09:00:00,70.670036316,0.8097496578856924
11338,2020-01-16 10:00:00,70.626174927,0.7694240953598376
11339,2020-01-16 11:00:00,70.589660645,0.729678143147808
11340,2020-01-16 12:00:00,70.561347961,0.7312700266016237
11341,2020-01-16 13:00:00,70.540748596,0.6738698112602635
11342,2020-01-16 14:00:00,70.524635315,0.7369756969398695
11343,2020-01-16 15:00:00,70.510093689,0.19821879402452358
11344,2020-01-16 16:00:00,70.493377686,0.734947125005329
11345,2020-01-16 17:00:00,70.445541382,0.3091697945266735
11346,2020-01-16 18:00:00,70.358184814,0.18810600835952507
11347,2020-01-16 19:00:00,70.732627869,0.9094010398512008
11348,2020-01-16 20:00:00,71.050056458,0.38861209023935117
11349,2020-01-16 21:00:00,71.306869507,0.68892400608217
11350,2020-01-16 22:00:00,71.359565735,0.07000693891221754
11351,2020-01-16 23:00:00,71.647911072,0.32406137270532986
11352,2020-01-17 00:00:00,71.972915649,0.5234308026179258
11353,2020-01-17 01:00:00,72.225189209,0.9719589050735082
11354,2020-01-17 02:00:00,72.502487183,0.7682852081527249
11355,2020-01-17 03:00:00,72.800857544,0.3535316921666124
11356,2020-01-17 04:00:00,73.11743927,0.9376590391133653
11357,2020-01-17 05:00:00,73.450721741,0.8968578910745945
11358,2020-01-17 06:00:00,73.796188354,0.3141145622271201
11359,2020-01-17 07:00:00,73.851776123,0.8776125041825277
11360,2020-01-17 08:00:00,73.916999817,0.7612875021867171
11361,2020-01-17 09:00:00,73.988510132,0.44130781048316603
11362,2020-01-17 10:00:00,74.066841125,0.7424597673445349
11363,2020-01-17 11:00:00,74.149665833,0.5947233478206235
11364,2020-01-17 12:00:00,74.240203857,0.6260371792479129
11365,2020-01-17 13:00:00,74.334060669,0.024450131688246834
11366,2020-01-17 14:00:00,74.431930542,0.35978142265155466
11367,2020-01-17 15:00:00,74.524284363,0.39972434986469896
11368,2020-01-17 16:00:00,74.607788086,0.4633995338139263
11369,2020-01-17 17:00:00,74.674186707,0.1243391839833724
11370,2020-01-17 18:00:00,74.718841553,0.9865305003968398
11371,2020-01-17 19:00:00,74.7862854,0.07408865316244806
11372,2020-01-17 20:00:00,74.821029663,0.27059161151038436
11373,2020-01-17 21:00:00,74.821754456,0.05642571309944033
11374,2020-01-17 22:00:00,74.832687378,0.8036086439110702
11375,2020-01-17 23:00:00,74.967834473,0.1367794859484096
11376,2020-01-18 00:00:00,75.112045288,0.4360189753298962
11377,2020-01-18 01:00:00,75.116195679,0.2481418198232388
11378,2020-01-18 02:00:00,75.119674683,0.987116369205612
11379,2020-01-18 03:00:00,75.116416931,0.1163915968202337
11380,2020-01-18 04:00:00,75.100982666,0.6700272772813455
11381,2020-01-18 05:00:00,75.080627441,0.1730897955450692
11382,2020-01-18 06:00:00,75.054527283,0.21433102480886868
11383,2020-01-18 07:00:00,75.038154602,0.4312306118967909
11384,2020-01-18 08:00:00,75.033721924,0.6391438705933095
11385,2020-01-18 09:00:00,75.031829834,0.7042823389409721
11386,2020-01-18 10:00:00,75.030776978,0.32752442418977845
11387,2020-01-18 11:00:00,75.019065857,0.05454480670464079
11388,2020-01-18 12:00:00,75.009048462,0.5063367515917394
11389,2020-01-18 13:00:00,75.00252533,0.8481563232012612
11390,2020-01-18 14:00:00,74.994186401,0.4651392578798559
11391,2020-01-18 15:00:00,74.974761963,0.0008110826651221981
11392,2020-01-18 16:00:00,74.937934875,0.22085312267589718
11393,2020-01-18 17:00:00,74.874183655,0.40058769991603194
11394,2020-01-18 18:00:00,74.77003479,0.8224855136238319
11395,2020-01-18 19:00:00,74.633827209,0.47953231425061604
11396,2020-01-18 20:00:00,74.399124146,0.17426495051502744
11397,2020-01-18 21:00:00,73.955780029,0.27652269318604517
11398,2020-01-18 22:00:00,73.337921143,0.819803955694647
11399,2020-01-18 23:00:00,72.964401245,0.7500770485770415
11400,2020-01-19 00:00:00,72.658859253,0.1285873467637898
11401,2020-01-19 01:00:00,72.402946472,0.45631484425434654
11402,2020-01-19 02:00:00,72.191253662,0.6725891124044395
11403,2020-01-19 03:00:00,72.018089294,0.34164383178043944
11404,2020-01-19 04:00:00,71.874275208,0.28560228143469035
11405,2020-01-19 05:00:00,71.756797791,0.931834135180183
11406,2020-01-19 06:00:00,71.660484314,0.5034704628106881
11407,2020-01-19 07:00:00,71.582389832,0.4850049098862437
11408,2020-01-19 08:00:00,71.518531799,0.6358892379480587
11409,2020-01-19 09:00:00,71.465240479,0.022194154770057817
11410,2020-01-19 10:00:00,71.419677734,0.008614164651843725
11411,2020-01-19 11:00:00,71.383125305,0.8971076038022711
11412,2020-01-19 12:00:00,71.352432251,0.25581766404913564
11413,2020-01-19 13:00:00,71.32635498,0.6994105139245763
11414,2020-01-19 14:00:00,71.305274963,0.5047627555772308
11415,2020-01-19 15:00:00,71.285812378,0.46932510848835285
11416,2020-01-19 16:00:00,71.26574707,0.07785861706734631
11417,2020-01-19 17:00:00,71.241508484,0.42154480439600217
11418,2020-01-19 18:00:00,71.155441284,0.29478672720946075
11419,2020-01-19 19:00:00,71.019241333,0.7578792798598445
11420,2020-01-19 20:00:00,70.807487488,0.061110707675168574
11421,2020-01-19 21:00:00,70.291175842,0.6521122481783568
11422,2020-01-19 22:00:00,69.486442566,0.1847773941035573
11423,2020-01-19 23:00:00,68.977989197,0.9382859021436736
11424,2020-01-20 00:00:00,68.56186676,0.1694388190800039
11425,2020-01-20 01:00:00,68.215118408,0.18173278296275341
11426,2020-01-20 02:00:00,67.928596497,0.21123341485881886
11427,2020-01-20 03:00:00,67.692489624,0.946751892512959
11428,2020-01-20 04:00:00,67.497573853,0.43617970557408536
11429,2020-01-20 05:00:00,67.336219788,0.3712199155297238
11430,2020-01-20 06:00:00,67.202865601,0.31377091467669327
11431,2020-01-20 07:00:00,67.092102051,0.9549147906984402
11432,2020-01-20 08:00:00,67.000862122,0.9746311906732008
11433,2020-01-20 09:00:00,66.92615509,0.24240164822722143
11434,2020-01-20 10:00:00,66.863014221,0.08665371801857147
11435,2020-01-20 11:00:00,66.810600281,0.0011847373632118963
11436,2020-01-20 12:00:00,66.767021179,0.19979269601942296
11437,2020-01-20 13:00:00,66.730125427,0.8320560985901951
11438,2020-01-20 14:00:00,66.699409485,0.9628451706046124
11439,2020-01-20 15:00:00,66.672561646,0.535423315291898
11440,2020-01-20 16:00:00,66.646232605,0.8819254950536081
11441,2020-01-20 17:00:00,66.595420837,0.416745540371773
11442,2020-01-20 18:00:00,66.489822388,0.3589885014123757
11443,2020-01-20 19:00:00,66.138206482,0.17699093005374988
11444,2020-01-20 20:00:00,65.594100952,0.3178378188828661
11445,2020-01-20 21:00:00,64.699981689,0.7893374441314926
11446,2020-01-20 22:00:00,63.575992584,0.24511782269509097
11447,2020-01-20 23:00:00,62.837100983,0.6311534219509507
11448,2020-01-21 00:00:00,62.23034668,0.27268515271063287
11449,2020-01-21 01:00:00,61.729610443,0.7488840064553157
11450,2020-01-21 02:00:00,61.317504883,0.5285658516046822
11451,2020-01-21 03:00:00,60.978683472,0.3570083909217652
11452,2020-01-21 04:00:00,60.700843811,0.4863561833691773
11453,2020-01-21 05:00:00,60.470912933,0.5803932484188078
11454,2020-01-21 06:00:00,60.281318665,0.9939347451417481
11455,2020-01-21 07:00:00,60.125759125,0.9788705973775601
11456,2020-01-21 08:00:00,59.998161316,0.5850067467594943
11457,2020-01-21 09:00:00,59.891559601,0.986951464869342
11458,2020-01-21 10:00:00,60.039463043,0.18832788761202257
11459,2020-01-21 11:00:00,59.971149445,0.2862075422405349
11460,2020-01-21 12:00:00,59.912700653,0.9036620823966112
11461,2020-01-21 13:00:00,60.264801025,0.5049124444563837
11462,2020-01-21 14:00:00,60.626209259,0.32510024377299007
11463,2020-01-21 15:00:00,60.982261658,0.8079844094881959
11464,2020-01-21 16:00:00,61.322231293,0.2994609023439596
11465,2020-01-21 17:00:00,61.65063858,0.4850147419434453
11466,2020-01-21 18:00:00,61.93970871,0.583296182308833
11467,2020-01-21 19:00:00,62.406562805,0.15911370983547202
11468,2020-01-21 20:00:00,62.753379822,0.24346516897125547
11469,2020-01-21 21:00:00,62.650760651,0.7143608460815909
11470,2020-01-21 22:00:00,62.288509369,0.021981584330162174
11471,2020-01-21 23:00:00,62.266025543,0.47173607115143656
11472,2020-01-22 00:00:00,62.360076904,0.42771640096035035
11473,2020-01-22 01:00:00,62.05348587,0.6719444660814157
11474,2020-01-22 02:00:00,61.821987152,0.4566666493510345
11475,2020-01-22 03:00:00,61.653671265,0.15514669809911563
11476,2020-01-22 04:00:00,61.534347534,0.8531430902990568
11477,2020-01-22 05:00:00,61.456905365,0.5022183145492041
11478,2020-01-22 06:00:00,61.41934967,0.32730166826502216
11479,2020-01-22 07:00:00,61.295467377,0.33266592192816347
11480,2020-01-22 08:00:00,61.19335556,0.2659013061053461
11481,2020-01-22 09:00:00,61.109230042,0.03091921171083878
11482,2020-01-22 10:00:00,61.047073364,0.8775223029653758
11483,2020-01-22 11:00:00,60.989486694,0.2385266902797739
11484,2020-01-22 12:00:00,60.949531555,0.4255916870062466
11485,2020-01-22 13:00:00,60.916419983,0.2630119579160902
11486,2020-01-22 14:00:00,60.885986328,0.2067069814130642
11487,2020-01-22 15:00:00,60.847202301,0.13565782212314037
11488,2020-01-22 16:00:00,60.798915863,0.9077418664356864
11489,2020-01-22 17:00:00,60.732410431,0.9160351528226651
11490,2020-01-22 18:00:00,60.636318207,0.04290077788504232
11491,2020-01-22 19:00:00,60.508232117,0.8987187742925512
11492,2020-01-22 20:00:00,60.096389771,0.5003971877791854
11493,2020-01-22 21:00:00,59.723155975,0.6760254320973299
11494,2020-01-22 22:00:00,59.237533569,0.2963259094877555
11495,2020-01-22 23:00:00,58.953033447,0.009045649729377825
11496,2020-01-23 00:00:00,58.720302582,0.17862730984496555
11497,2020-01-23 01:00:00,58.524345398,0.5343265851726186
11498,2020-01-23 02:00:00,58.358470917,0.36724683952478965
11499,2020-01-23 03:00:00,58.220180511,0.5844048785050212
11500,2020-01-23 04:00:00,58.106693268,0.9828461822171637
11501,2020-01-23 05:00:00,58.008773804,0.6611738685355549
11502,2020-01-23 06:00:00,57.923324585,0.23010402789781648
11503,2020-01-23 07:00:00,57.85597229,0.8992164647763734
11504,2020-01-23 08:00:00,57.799404144,0.8172823754254087
11505,2020-01-23 09:00:00,57.747951508,0.8464023989143179
11506,2020-01-23 10:00:00,57.702796936,0.48956798335504215
11507,2020-01-23 11:00:00,57.663600922,0.7759827358746767
11508,2020-01-23 12:00:00,57.627761841,0.602616160869752
11509,2020-01-23 13:00:00,57.598377228,0.7688051398868462
11510,2020-01-23 14:00:00,57.57043457,0.06537838250032735
11511,2020-01-23 15:00:00,57.535232544,0.9503273061723827
11512,2020-01-23 16:00:00,57.486347198,0.5849624625880181
11513,2020-01-23 17:00:00,57.415237427,0.022478316765062623
11514,2020-01-23 18:00:00,57.306400299,0.20430808120664357
11515,2020-01-23 19:00:00,57.164974213,0.00463384315198756
11516,2020-01-23 20:00:00,56.94619751,0.706843413951677
11517,2020-01-23 21:00:00,56.392551422,0.2291309798348804
11518,2020-01-23 22:00:00,55.566429138,0.3619145945428738
11519,2020-01-23 23:00:00,55.028198242,0.6132293844840948
11520,2020-01-24 00:00:00,54.597503662,0.8125555441420292
11521,2020-01-24 01:00:00,54.238494873,0.23737561403176066
11522,2020-01-24 02:00:00,53.941570282,0.3228711954404051
11523,2020-01-24 03:00:00,53.698974609,0.39467129793005173
11524,2020-01-24 04:00:00,53.499305725,0.24684021764440656
11525,2020-01-24 05:00:00,53.333694458,0.2956627181533752
11526,2020-01-24 06:00:00,53.197200775,0.1665585121103188
11527,2020-01-24 07:00:00,53.084514618,0.6082668849240589
11528,2020-01-24 08:00:00,52.990917206,0.4007534879526192
11529,2020-01-24 09:00:00,52.913547516,0.4005249355234316
11530,2020-01-24 10:00:00,52.84721756,0.16567745870885764
11531,2020-01-24 11:00:00,52.796844482,0.8178334829898893
11532,2020-01-24 12:00:00,52.756076813,0.41569542596613607
11533,2020-01-24 13:00:00,52.722114563,0.7020851842510497
11534,2020-01-24 14:00:00,52.693035126,0.2786008015013183
11535,2020-01-24 15:00:00,52.664405823,0.9780388504501895
11536,2020-01-24 16:00:00,52.636806488,0.8328472339987146
11537,2020-01-24 17:00:00,52.58322525,0.7048622489572812
11538,2020-01-24 18:00:00,52.465278625,0.7833791142465796
11539,2020-01-24 19:00:00,52.05398941,0.6092982149701304
11540,2020-01-24 20:00:00,51.469299316,0.7118077942783014
11541,2020-01-24 21:00:00,50.625377655,0.14835782823269605
11542,2020-01-24 22:00:00,49.616733551,0.06865185390441086
11543,2020-01-24 23:00:00,48.956489563,0.08635189838088053
11544,2020-01-25 00:00:00,48.411399841,0.28729023547417043
11545,2020-01-25 01:00:00,47.960334778,0.8667843388963616
11546,2020-01-25 02:00:00,47.588188171,0.4546848460806455
11547,2020-01-25 03:00:00,47.283618927,0.9360023495954009
11548,2020-01-25 04:00:00,47.033100128,0.717477407401342
11549,2020-01-25 05:00:00,46.831489563,0.9722368440708555
11550,2020-01-25 06:00:00,46.66897583,0.5377453831896872
11551,2020-01-25 07:00:00,46.536239624,0.3821836671037415
11552,2020-01-25 08:00:00,46.425796509,0.28339573474695123
11553,2020-01-25 09:00:00,46.411647797,0.4103554458485317
11554,2020-01-25 10:00:00,46.40978241,0.46394848430666025
11555,2020-01-25 11:00:00,46.420013428,0.5959872698222874
11556,2020-01-25 12:00:00,46.436904907,0.8993010001608147
11557,2020-01-25 13:00:00,46.453765869,0.9641561840254946
11558,2020-01-25 14:00:00,46.466236115,0.7379469238805936
11559,2020-01-25 15:00:00,46.47271347,0.8604261203537787
11560,2020-01-25 16:00:00,46.469982147,0.07427965654177227
11561,2020-01-25 17:00:00,46.448814392,0.013561778975334504
11562,2020-01-25 18:00:00,46.407016754,0.1298216627516362
11563,2020-01-25 19:00:00,46.34185791,0.1095129953860956
11564,2020-01-25 20:00:00,46.165649414,0.15635370083702083
11565,2020-01-25 21:00:00,45.668525696,0.6688460936605806
11566,2020-01-25 22:00:00,44.818172455,0.2923777861768202
11567,2020-01-25 23:00:00,44.274837494,0.41798135393215097
11568,2020-01-26 00:00:00,43.814186096,0.7774511115625132
11569,2020-01-26 01:00:00,43.403778076,0.795361144185962
11570,2020-01-26 02:00:00,43.075942993,0.2722203277411027
11571,2020-01-26 03:00:00,42.821273804,0.7737325194908796
11572,2020-01-26 04:00:00,42.606266022,0.49749978532057937
11573,2020-01-26 05:00:00,42.412597656,0.35222991999655373
11574,2020-01-26 06:00:00,42.232898712,0.4411081873090772
11575,2020-01-26 07:00:00,42.210029602,0.26845255549968094
11576,2020-01-26 08:00:00,42.179420471,0.6806477817092302
11577,2020-01-26 09:00:00,42.14427948,0.9092186125076862
11578,2020-01-26 10:00:00,42.106620789,0.5906174864684199
11579,2020-01-26 11:00:00,42.073184967,0.33660998680033305
11580,2020-01-26 12:00:00,42.041824341,0.0731334381920914
11581,2020-01-26 13:00:00,42.019348145,0.16185405657000973
11582,2020-01-26 14:00:00,41.995948792,0.13573661284228777
11583,2020-01-26 15:00:00,41.96031189,0.5604642634332022
11584,2020-01-26 16:00:00,41.914344788,0.48229044433932533
11585,2020-01-26 17:00:00,41.850250244,0.14250615162872138
11586,2020-01-26 18:00:00,41.754894257,0.1031117180785931
11587,2020-01-26 19:00:00,41.641349792,0.9100393323234786
11588,2020-01-26 20:00:00,41.22769928,0.79046719126972
11589,2020-01-26 21:00:00,40.410358429,0.26163955951873696
11590,2020-01-26 22:00:00,39.304222107,0.3088744946166634
11591,2020-01-26 23:00:00,38.575683594,0.25575875959858485
11592,2020-01-27 00:00:00,37.980884552,0.6565729507804986
11593,2020-01-27 01:00:00,37.571556091,0.18572839564108923
11594,2020-01-27 02:00:00,37.251342773,0.148981200640791
11595,2020-01-27 03:00:00,37.010532379,0.8055273065152911
11596,2020-01-27 04:00:00,36.832008362,0.8955071920804528
11597,2020-01-27 05:00:00,36.706771851,0.9767778047688007
11598,2020-01-27 06:00:00,36.627925873,0.8463803825792193
11599,2020-01-27 07:00:00,36.50994873,0.22874096538236777
11600,2020-01-27 08:00:00,36.416557312,0.4844194641240812
11601,2020-01-27 09:00:00,36.343017578,0.7434403808875613
11602,2020-01-27 10:00:00,36.278820038,0.41373138318332736
11603,2020-01-27 11:00:00,36.226291656,0.5145141726923464
11604,2020-01-27 12:00:00,36.187171936,0.9534918407352204
11605,2020-01-27 13:00:00,36.15927887,0.06165258191098788
11606,2020-01-27 14:00:00,36.138961792,0.7898768492470941
11607,2020-01-27 15:00:00,36.117176056,0.7861578520459198
11608,2020-01-27 16:00:00,36.084079742,0.9256371918404152
11609,2020-01-27 17:00:00,36.028362274,0.1822991977055265
11610,2020-01-27 18:00:00,35.996124268,0.06462682164097666
11611,2020-01-27 19:00:00,35.941482544,0.6083821140535278
11612,2020-01-27 20:00:00,35.8320961,0.3564500457216643
11613,2020-01-27 21:00:00,35.64276886,0.16016327077268167
11614,2020-01-27 22:00:00,35.385124207,0.4728814837580998
11615,2020-01-27 23:00:00,35.232028961,0.9508932621261007
11616,2020-01-28 00:00:00,35.091934204,0.08154275620728868
11617,2020-01-28 01:00:00,34.97177124,0.18095986179595225
11618,2020-01-28 02:00:00,34.865402222,0.8166753007656385
11619,2020-01-28 03:00:00,34.769058228,0.9468179377963097
11620,2020-01-28 04:00:00,34.680389404,0.5369603934398343
11621,2020-01-28 05:00:00,34.600318909,0.6358818849158713
11622,2020-01-28 06:00:00,34.531135559,0.1335621483011329
11623,2020-01-28 07:00:00,34.467926025,0.23715949661598656
11624,2020-01-28 08:00:00,34.407375336,0.2576439434212605
11625,2020-01-28 09:00:00,34.346252441,0.7863750876007688
11626,2020-01-28 10:00:00,34.290721893,0.6122351495447809
11627,2020-01-28 11:00:00,34.238780975,0.49905609448720845
11628,2020-01-28 12:00:00,34.189899445,0.8669463658685697
11629,2020-01-28 13:00:00,34.144592285,0.07065381873380738
11630,2020-01-28 14:00:00,34.099048615,0.2015330929790191
11631,2020-01-28 15:00:00,34.043041229,0.36681835196416024
11632,2020-01-28 16:00:00,33.979743958,0.34932020920075335
11633,2020-01-28 17:00:00,33.909999847,0.014298931717376728
11634,2020-01-28 18:00:00,33.820415497,0.06860798829550696
11635,2020-01-28 19:00:00,33.678672791,0.42849020042279695
11636,2020-01-28 20:00:00,33.27633667,0.9267716549923601
11637,2020-01-28 21:00:00,32.644794464,0.046402055349393345
11638,2020-01-28 22:00:00,31.842674255,0.6792267958575375
11639,2020-01-28 23:00:00,31.343769073,0.0513018972418271
11640,2020-01-29 00:00:00,30.935214996,0.9307874610337719
11641,2020-01-29 01:00:00,30.583148956,0.1987313681734476
11642,2020-01-29 02:00:00,30.296787262,0.9131229478803943
11643,2020-01-29 03:00:00,30.0766716,0.22200513499008845
11644,2020-01-29 04:00:00,29.904172897,0.9755014212722343
11645,2020-01-29 05:00:00,29.774711609,0.8972781700300928
11646,2020-01-29 06:00:00,29.680696487,0.6438083152406622
11647,2020-01-29 07:00:00,29.617256165,0.5847025543308259
11648,2020-01-29 08:00:00,29.58045578,0.21415427470951753
11649,2020-01-29 09:00:00,29.565610886,0.09374970076889277
11650,2020-01-29 10:00:00,29.570365906,0.06407379047671724
11651,2020-01-29 11:00:00,29.575626373,0.13021179191961496
11652,2020-01-29 12:00:00,29.579097748,0.5041123443318903
11653,2020-01-29 13:00:00,29.606987,0.4198575194354155
11654,2020-01-29 14:00:00,29.635135651,0.2367318923029721
11655,2020-01-29 15:00:00,29.658102036,0.7849759669763947
11656,2020-01-29 16:00:00,29.669258118,0.7906862939152307
11657,2020-01-29 17:00:00,29.656202316,0.7022101209701683
11658,2020-01-29 18:00:00,29.599674225,0.07405819350268683
11659,2020-01-29 19:00:00,29.597471237,0.7865555758419587
11660,2020-01-29 20:00:00,29.522327423,0.6738702311937816
11661,2020-01-29 21:00:00,29.251152039,0.6687353200034072
11662,2020-01-29 22:00:00,28.863513947,0.5913085347404852
11663,2020-01-29 23:00:00,28.714244843,0.057834206551486855
11664,2020-01-30 00:00:00,28.588781357,0.8724417079720217
11665,2020-01-30 01:00:00,28.399913788,0.7221141498715495
11666,2020-01-30 02:00:00,28.241041183,0.5085925545812409
11667,2020-01-30 03:00:00,28.122142792,0.12547227846739462
11668,2020-01-30 04:00:00,28.023298264,0.2975913452661697
11669,2020-01-30 05:00:00,27.951087952,0.528121184815151
11670,2020-01-30 06:00:00,27.893262863,0.4389109430545973
11671,2020-01-30 07:00:00,27.851314545,0.38930068517118477
11672,2020-01-30 08:00:00,27.817020416,0.7536075356853364
11673,2020-01-30 09:00:00,27.804252625,0.5249934040448281
11674,2020-01-30 10:00:00,27.799610138,0.695307963798756
11675,2020-01-30 11:00:00,27.80906105,0.34511555044648734
11676,2020-01-30 12:00:00,27.830245972,0.5093969307005122
11677,2020-01-30 13:00:00,27.858247757,0.9594528675967415
11678,2020-01-30 14:00:00,27.876018524,0.03286817158373889
11679,2020-01-30 15:00:00,27.886791229,0.6214912317147678
11680,2020-01-30 16:00:00,27.885955811,0.7730917285139592
11681,2020-01-30 17:00:00,27.876148224,0.4866458760671416
11682,2020-01-30 18:00:00,27.846406937,0.8512516900626528
11683,2020-01-30 19:00:00,27.781705856,0.3845123088228274
11684,2020-01-30 20:00:00,27.617631912,0.6109605527298276
11685,2020-01-30 21:00:00,27.253398895,0.7969976519496732
11686,2020-01-30 22:00:00,26.997730255,0.6498637845977007
11687,2020-01-30 23:00:00,26.851812363,0.9570622830885247
11688,2020-01-31 00:00:00,26.739398956,0.027382200204348672
11689,2020-01-31 01:00:00,26.625993729,0.8569013465423173
11690,2020-01-31 02:00:00,26.523935318,0.8809997900222888
11691,2020-01-31 03:00:00,26.436904907,0.6961496582851023
11692,2020-01-31 04:00:00,26.357206345,0.1161467456583215
11693,2020-01-31 05:00:00,26.291786194,0.9160054609897998
11694,2020-01-31 06:00:00,26.228401184,0.694922983026244
11695,2020-01-31 07:00:00,26.178491592,0.22166624408429314
11696,2020-01-31 08:00:00,26.128746033,0.9442465816134634
11697,2020-01-31 09:00:00,26.080553055,0.3881841699919788
11698,2020-01-31 10:00:00,26.037181854,0.8742118335572303
11699,2020-01-31 11:00:00,25.995498657,0.7408236910246601
11700,2020-01-31 12:00:00,25.954357147,0.7708958021534761
11701,2020-01-31 13:00:00,25.922044754,0.4926160823827669
11702,2020-01-31 14:00:00,25.885503769,0.30363942313975123
11703,2020-01-31 15:00:00,25.841856003,0.7078389799821059
11704,2020-01-31 16:00:00,25.792942047,0.8636403591425941
11705,2020-01-31 17:00:00,25.733537674,0.054692189157621196
11706,2020-01-31 18:00:00,25.658563614,0.5608827958319743
11707,2020-01-31 19:00:00,25.57365036,0.5309506615073406
11708,2020-01-31 20:00:00,25.455844879,0.622321753581492
11709,2020-01-31 21:00:00,25.203264236,0.9563735729155507
11710,2020-01-31 22:00:00,24.943674088,0.36948923787606214
11711,2020-01-31 23:00:00,24.773923874,0.5202974316245799
11712,2020-02-01 00:00:00,24.630632401,0.7008248690871188
11713,2020-02-01 01:00:00,24.519817352,0.8208362344093103
11714,2020-02-01 02:00:00,24.41885376,0.36556754956003956
11715,2020-02-01 03:00:00,24.328069687,0.6357882204304868
11716,2020-02-01 04:00:00,24.247959137,0.7311691934109907
11717,2020-02-01 05:00:00,24.175476074,0.5490991539482506
11718,2020-02-01 06:00:00,24.111816406,0.2935901285538388
11719,2020-02-01 07:00:00,24.067363739,0.5444823818720507
11720,2020-02-01 08:00:00,24.032310486,0.5424181510739189
11721,2020-02-01 09:00:00,24.000011444,0.5353915949340783
11722,2020-02-01 10:00:00,23.980289459,0.7640875460655331
11723,2020-02-01 11:00:00,23.990732193,0.156380720391757
11724,2020-02-01 12:00:00,24.001449585,0.8232467790845784
11725,2020-02-01 13:00:00,23.993551254,0.7477014853861631
11726,2020-02-01 14:00:00,23.981004715,0.4828691523658395
11727,2020-02-01 15:00:00,23.968454361,0.5481322789151342
11728,2020-02-01 16:00:00,23.951387405,0.3328283772413775
11729,2020-02-01 17:00:00,23.891834259,0.9789327896356116
11730,2020-02-01 18:00:00,23.778751373,0.36423965341731757
11731,2020-02-01 19:00:00,23.439113617,0.11769194700720698
11732,2020-02-01 20:00:00,22.579059601,0.945019963212336
11733,2020-02-01 21:00:00,19.091875076,0.5220103992061605
11734,2020-02-01 22:00:00,14.934867859,0.6367538401512504
11735,2020-02-01 23:00:00,14.33774662,0.7245871285660601
11736,2020-02-02 00:00:00,13.817011833,0.711744724849152
11737,2020-02-02 01:00:00,13.360414505,0.11062767078670599
11738,2020-02-02 02:00:00,12.971484184,0.602286262051034
11739,2020-02-02 03:00:00,12.705091476,0.10310428907177127
11740,2020-02-02 04:00:00,12.488807678,0.6218567595673586
11741,2020-02-02 05:00:00,12.287817001,0.8114378394692179
11742,2020-02-02 06:00:00,12.129571915,0.9117545147603116
11743,2020-02-02 07:00:00,11.989543915,0.27865742194297416
11744,2020-02-02 08:00:00,11.875450134,0.8907173010281415
11745,2020-02-02 09:00:00,11.780696869,0.14777912184741504
11746,2020-02-02 10:00:00,11.703759193,0.8314088214714187
11747,2020-02-02 11:00:00,11.639856339,0.2870304959507365
11748,2020-02-02 12:00:00,11.583424568,0.7484808957886983
11749,2020-02-02 13:00:00,11.541487694,0.539898754463897
11750,2020-02-02 14:00:00,11.50784874,0.931145235100991
11751,2020-02-02 15:00:00,11.477475166,0.12613403457476735
11752,2020-02-02 16:00:00,11.442763329,0.7763174159881291
11753,2020-02-02 17:00:00,11.375956535,0.45264810650601806
11754,2020-02-02 18:00:00,11.247514725,0.8448772554580295
11755,2020-02-02 19:00:00,10.930335999,0.5883219352509557
11756,2020-02-02 20:00:00,9.449530602,0.9265106982150672
11757,2020-02-02 21:00:00,6.757044315,0.6837659639433944
11758,2020-02-02 22:00:00,3.75524044,0.31016035418666565
11759,2020-02-02 23:00:00,3.732707739,0.19252683205287624
11760,2020-02-03 00:00:00,3.703938961,0.26087408121532096
11761,2020-02-03 01:00:00,3.666317463,0.40901274622606754
11762,2020-02-03 02:00:00,3.639591217,0.5062653109170501
11763,2020-02-03 03:00:00,3.631035805,0.9709241021593747
11764,2020-02-03 04:00:00,3.612663746,0.7044091323645636
11765,2020-02-03 05:00:00,3.592175007,0.49368604884752354
11766,2020-02-03 06:00:00,3.567625999,0.38222610618922725
11767,2020-02-03 07:00:00,3.551223755,0.8909776068412124
11768,2020-02-03 08:00:00,3.536845684,0.2750939638126193
11769,2020-02-03 09:00:00,3.523812294,0.8846157246397578
11770,2020-02-03 10:00:00,3.512927055,0.9539933199824886
11771,2020-02-03 11:00:00,3.512077808,0.6012296945926392
11772,2020-02-03 12:00:00,3.524623871,0.22265187726917424
11773,2020-02-03 13:00:00,3.764368534,0.0887057024448914
11774,2020-02-03 14:00:00,4.021072865,0.7949745041412044
11775,2020-02-03 15:00:00,4.280675411,0.06580831527494102
11776,2020-02-03 16:00:00,4.570265293,0.7595255418970137
11777,2020-02-03 17:00:00,4.888847828,0.5729930437834605
11778,2020-02-03 18:00:00,5.219736099,0.45564116168428936
11779,2020-02-03 19:00:00,5.556995869,0.3818762935157053
11780,2020-02-03 20:00:00,5.925667286,0.15576822870293283
11781,2020-02-03 21:00:00,6.260688782,0.6040665274184199
11782,2020-02-03 22:00:00,6.623811722,0.9833701242629788
11783,2020-02-03 23:00:00,7.015450478,0.20876050648319966
11784,2020-02-04 00:00:00,7.334112644,0.49538531553272236
11785,2020-02-04 01:00:00,7.453113556,0.15373562414703057
11786,2020-02-04 02:00:00,7.571604252,0.3395394464397705
11787,2020-02-04 03:00:00,7.671229362,0.7066362493919826
11788,2020-02-04 04:00:00,7.758719444,0.4932887044271308
11789,2020-02-04 05:00:00,7.849460602,0.5663427674088716
11790,2020-02-04 06:00:00,7.944369793,0.6152217291079396
11791,2020-02-04 07:00:00,8.037524223,0.5546708833377391
11792,2020-02-04 08:00:00,8.136686325,0.6515454270496923
11793,2020-02-04 09:00:00,8.22582531,0.4894524809024362
11794,2020-02-04 10:00:00,8.315404892,0.66781000202615
11795,2020-02-04 11:00:00,8.430081367,0.37662233665045175
11796,2020-02-04 12:00:00,8.536878586,0.584908495410237
11797,2020-02-04 13:00:00,8.630237579,0.5490331933482958
11798,2020-02-04 14:00:00,8.722173691,0.052665186930859975
11799,2020-02-04 15:00:00,8.813572884,0.2510235268891716
11800,2020-02-04 16:00:00,8.885036469,0.6364645527798878
11801,2020-02-04 17:00:00,8.967680931,0.0865889989609201
11802,2020-02-04 18:00:00,9.037758827,0.32776574286352966
11803,2020-02-04 19:00:00,9.057682037,0.22767086598256292
11804,2020-02-04 20:00:00,9.031651497,0.6892025663265415
11805,2020-02-04 21:00:00,9.026186943,0.8433682138867812
11806,2020-02-04 22:00:00,9.00319767,0.5540506552351012
11807,2020-02-04 23:00:00,9.070646286,0.03921870208210432
11808,2020-02-05 00:00:00,9.084084511,0.5975023787403674
11809,2020-02-05 01:00:00,9.215864182,0.22109404963747314
11810,2020-02-05 02:00:00,9.344539642,0.5741950745940231
11811,2020-02-05 03:00:00,9.476107597,0.4705553181622316
11812,2020-02-05 04:00:00,9.60067749,0.2885857460648784
11813,2020-02-05 05:00:00,9.723734856,0.016327491159852214
11814,2020-02-05 06:00:00,9.861609459,0.8340253190182081
11815,2020-02-05 07:00:00,9.910393715,0.6345816787521471
11816,2020-02-05 08:00:00,9.982883453,0.11092175351942157
11817,2020-02-05 09:00:00,10.052224159,0.9299316774643814
11818,2020-02-05 10:00:00,10.129055023,0.014846060424146712
11819,2020-02-05 11:00:00,10.227138519,0.7708660296953108
11820,2020-02-05 12:00:00,10.340875626,0.20381344286436853
11821,2020-02-05 13:00:00,10.647039413,0.5057756249412572
11822,2020-02-05 14:00:00,10.964992523,0.874407969661501
11823,2020-02-05 15:00:00,11.260123253,0.584382653712714
11824,2020-02-05 16:00:00,11.559907913,0.5125448273358024
11825,2020-02-05 17:00:00,11.897712708,0.9941651543585752
11826,2020-02-05 18:00:00,12.233063698,0.8335115608903525
11827,2020-02-05 19:00:00,12.296385765,0.5703758885976589
11828,2020-02-05 20:00:00,12.332268715,0.9202736446777264
11829,2020-02-05 21:00:00,12.384400368,0.30405059827014047
11830,2020-02-05 22:00:00,12.438154221,0.6962743662055911
11831,2020-02-05 23:00:00,12.514955521,0.0820449620123136
11832,2020-02-06 00:00:00,12.541015625,0.24350603728206777
11833,2020-02-06 01:00:00,12.565747261,0.042048886519685635
11834,2020-02-06 02:00:00,12.590341568,0.9999280958413476
11835,2020-02-06 03:00:00,12.613178253,0.9769153853331484
11836,2020-02-06 04:00:00,12.63164711,0.16331802887787839
11837,2020-02-06 05:00:00,12.647250175,0.11976964461094841
11838,2020-02-06 06:00:00,12.658090591,0.3003895775083293
11839,2020-02-06 07:00:00,12.782230377,0.6605387099760178
11840,2020-02-06 08:00:00,12.927862167,0.6363160512417034
11841,2020-02-06 09:00:00,13.038426399,0.29641590102982573
11842,2020-02-06 10:00:00,13.150458336,0.5343577368034489
11843,2020-02-06 11:00:00,13.254669189,0.26330511778392474
11844,2020-02-06 12:00:00,13.362960815,0.6705778027188682
11845,2020-02-06 13:00:00,13.637781143,0.16039923851404858
11846,2020-02-06 14:00:00,13.946889877,0.6478006003745049
11847,2020-02-06 15:00:00,14.300557137,0.5957578678267069
11848,2020-02-06 16:00:00,14.658727646,0.5109072313115371
11849,2020-02-06 17:00:00,15.021434784,0.7643759869291874
11850,2020-02-06 18:00:00,15.383933067,0.45687595711230544
11851,2020-02-06 19:00:00,15.761358261,0.7184944422428985
11852,2020-02-06 20:00:00,16.141685486,0.5510812378681457
11853,2020-02-06 21:00:00,16.499723434,0.8318855870982673
11854,2020-02-06 22:00:00,16.839679718,0.012692185403393452
11855,2020-02-06 23:00:00,17.175979614,0.09970750396457362
11856,2020-02-07 00:00:00,17.470176697,0.03742908041366977
11857,2020-02-07 01:00:00,17.684812546,0.4614913080155395
11858,2020-02-07 02:00:00,17.884969711,0.7196594419330916
11859,2020-02-07 03:00:00,18.072681427,0.7206249621684315
11860,2020-02-07 04:00:00,18.281459808,0.9817733754770063
11861,2020-02-07 05:00:00,18.507686615,0.8104914893029155
11862,2020-02-07 06:00:00,18.751028061,0.5719803885402936
11863,2020-02-07 07:00:00,19.14503479,0.4745159345455544
11864,2020-02-07 08:00:00,19.572137833,0.785383069149881
11865,2020-02-07 09:00:00,20.014596939,0.8971861250188184
11866,2020-02-07 10:00:00,20.45920372,0.7638650410911556
11867,2020-02-07 11:00:00,20.91031456,0.22153088294878887
11868,2020-02-07 12:00:00,21.381496429,0.3491175942489644
11869,2020-02-07 13:00:00,21.833087921,0.8285972631125244
11870,2020-02-07 14:00:00,22.290225983,0.19009832682589534
11871,2020-02-07 15:00:00,22.799987793,0.987343905625368
11872,2020-02-07 16:00:00,23.37789917,0.03159260903409067
11873,2020-02-07 17:00:00,23.966732025,0.8438738117154686
11874,2020-02-07 18:00:00,24.542999268,0.22170449304898565
11875,2020-02-07 19:00:00,25.32934761,0.4618286507399605
11876,2020-02-07 20:00:00,25.481380463,0.5903681036555234
11877,2020-02-07 21:00:00,25.639152527,0.11128782973775841
11878,2020-02-07 22:00:00,25.816301346,0.28187341000376054
11879,2020-02-07 23:00:00,26.126026154,0.8925421429640931
11880,2020-02-08 00:00:00,26.433662415,0.12432009023062207
11881,2020-02-08 01:00:00,26.442577362,0.2319601783274593
11882,2020-02-08 02:00:00,26.445661545,0.5447467127939232
11883,2020-02-08 03:00:00,26.434459686,0.17716199530675092
11884,2020-02-08 04:00:00,26.418867111,0.43124137442308885
11885,2020-02-08 05:00:00,26.403980255,0.004492460862696501
11886,2020-02-08 06:00:00,26.386350632,0.7516396219660602
11887,2020-02-08 07:00:00,26.372583389,0.5159426918225684
11888,2020-02-08 08:00:00,26.357822418,0.03465506329767076
11889,2020-02-08 09:00:00,26.340379715,0.27926304321259376
11890,2020-02-08 10:00:00,26.321622849,0.845906387929317
11891,2020-02-08 11:00:00,26.307136536,0.05248195810248846
11892,2020-02-08 12:00:00,26.288663864,0.4382889404701945
11893,2020-02-08 13:00:00,26.26940918,0.29565810517368996
11894,2020-02-08 14:00:00,26.254816055,0.6762637310319818
11895,2020-02-08 15:00:00,26.234661102,0.30846033592720856
11896,2020-02-08 16:00:00,26.209327698,0.5540576741417993
11897,2020-02-08 17:00:00,26.163543701,0.7920899334804774
11898,2020-02-08 18:00:00,26.097352982,0.7865566755640249
11899,2020-02-08 19:00:00,26.013439178,0.506028671974632
11900,2020-02-08 20:00:00,25.912256241,0.5666066376873974
11901,2020-02-08 21:00:00,25.625370026,0.1108535490116388
11902,2020-02-08 22:00:00,25.190353394,0.6025127132859097
11903,2020-02-08 23:00:00,24.862657547,0.41045434178414275
11904,2020-02-09 00:00:00,24.583532333,0.3288971758291567
11905,2020-02-09 01:00:00,24.351222992,0.09149469276992817
11906,2020-02-09 02:00:00,24.149419785,0.8021021274707433
11907,2020-02-09 03:00:00,23.972963333,0.4237617985832378
11908,2020-02-09 04:00:00,23.81504631,0.23899154357134345
11909,2020-02-09 05:00:00,23.673244476,0.0025271538235397406
11910,2020-02-09 06:00:00,23.545412064,0.11590704681838793
11911,2020-02-09 07:00:00,23.436126709,0.8467833415673002
11912,2020-02-09 08:00:00,23.34916687,0.8455673627248922
11913,2020-02-09 09:00:00,23.279937744,0.9650782739540119
11914,2020-02-09 10:00:00,23.228002548,0.7149312876817417
11915,2020-02-09 11:00:00,23.184404373,0.7361365346964441
11916,2020-02-09 12:00:00,23.156051636,0.9815943213588122
11917,2020-02-09 13:00:00,23.142498016,0.5719465429491548
11918,2020-02-09 14:00:00,23.140455246,0.1823399322813849
11919,2020-02-09 15:00:00,23.142158508,0.2113889574706891
11920,2020-02-09 16:00:00,23.138256073,0.475006597312551
11921,2020-02-09 17:00:00,23.113201141,0.43848123259889427
11922,2020-02-09 18:00:00,23.075973511,0.10094367132214821
11923,2020-02-09 19:00:00,23.025611877,0.5748033742606801
11924,2020-02-09 20:00:00,22.954732895,0.38475191957922816
11925,2020-02-09 21:00:00,22.810173035,0.5737425737866819
11926,2020-02-09 22:00:00,22.610052109,0.7163155712742725
11927,2020-02-09 23:00:00,22.508026123,0.35018334334359835
11928,2020-02-10 00:00:00,22.435184479,0.0699394184780534
11929,2020-02-10 01:00:00,22.380968094,0.35929965605259684
11930,2020-02-10 02:00:00,22.340435028,0.14835646538133718
11931,2020-02-10 03:00:00,22.316099167,0.8999095424395664
11932,2020-02-10 04:00:00,22.308288574,0.23138431922363267
11933,2020-02-10 05:00:00,22.315343857,0.719974736785848
11934,2020-02-10 06:00:00,22.323904037,0.22739692695096403
11935,2020-02-10 07:00:00,22.331476212,0.14710361341082656
11936,2020-02-10 08:00:00,22.341005325,0.870511553715554
11937,2020-02-10 09:00:00,22.349500656,0.16660311511663894
11938,2020-02-10 10:00:00,22.356058121,0.27519105675768596
11939,2020-02-10 11:00:00,22.362123489,0.35129527891054657
11940,2020-02-10 12:00:00,22.369699478,0.346262498399157
11941,2020-02-10 13:00:00,22.374517441,0.5329334705923141
11942,2020-02-10 14:00:00,22.379938126,0.7625479353660031
11943,2020-02-10 15:00:00,22.379541397,0.4271496771289388
11944,2020-02-10 16:00:00,22.367435455,0.04614456176588411
11945,2020-02-10 17:00:00,22.330955505,0.6937474827380992
11946,2020-02-10 18:00:00,22.280199051,0.014264991501584667
11947,2020-02-10 19:00:00,22.200452805,0.893970330100013
11948,2020-02-10 20:00:00,22.108095169,0.8394689345838127
11949,2020-02-10 21:00:00,21.929325104,0.8082391324931841
11950,2020-02-10 22:00:00,21.672531128,0.7096987614829765
11951,2020-02-10 23:00:00,21.522893906,0.20703925661335298
11952,2020-02-11 00:00:00,21.398397446,0.5041613219895746
11953,2020-02-11 01:00:00,21.300298691,0.9931837841407343
11954,2020-02-11 02:00:00,21.221670151,0.29755040694232027
11955,2020-02-11 03:00:00,21.163631439,0.9552786736054051
11956,2020-02-11 04:00:00,21.121990204,0.7294590109673031
11957,2020-02-11 05:00:00,21.097894669,0.18015508057413587
11958,2020-02-11 06:00:00,21.106502533,0.4034657601247639
11959,2020-02-11 07:00:00,21.107467651,0.11759919972424104
11960,2020-02-11 08:00:00,21.108352661,0.007537104176571274
11961,2020-02-11 09:00:00,21.108078003,0.5356325438418593
11962,2020-02-11 10:00:00,21.111125946,0.39730321346605957
11963,2020-02-11 11:00:00,21.115610123,0.714516902378289
11964,2020-02-11 12:00:00,21.121664047,0.7886293218642298
11965,2020-02-11 13:00:00,21.128730774,0.4381142718076282
11966,2020-02-11 14:00:00,21.1359272,0.5636967591347009
11967,2020-02-11 15:00:00,21.138015747,0.7123576784031355
11968,2020-02-11 16:00:00,21.133865356,0.06946149172943838
11969,2020-02-11 17:00:00,21.115377426,0.477973689597042
11970,2020-02-11 18:00:00,21.068666458,0.0768032489100483
11971,2020-02-11 19:00:00,20.998905182,0.5324364800211946
11972,2020-02-11 20:00:00,20.90599823,0.5584553120251897
11973,2020-02-11 21:00:00,20.790014267,0.2684964040499115
11974,2020-02-11 22:00:00,20.67978096,0.9706626347792993
11975,2020-02-11 23:00:00,20.688911438,0.5235138579305468
11976,2020-02-12 00:00:00,20.703426361,0.4150416032160521
11977,2020-02-12 01:00:00,20.714111328,0.3252676833254783
11978,2020-02-12 02:00:00,20.722139359,0.07668458783588716
11979,2020-02-12 03:00:00,20.730800629,0.6174873182208614
11980,2020-02-12 04:00:00,20.740581512,0.8939258962487329
11981,2020-02-12 05:00:00,20.748531342,0.5367828245086141
11982,2020-02-12 06:00:00,20.75286293,0.07142494611240646
11983,2020-02-12 07:00:00,20.755331039,0.579458807631981
11984,2020-02-12 08:00:00,20.751821518,0.26089485716742533
11985,2020-02-12 09:00:00,20.741785049,0.20081429138130802
11986,2020-02-12 10:00:00,20.727045059,0.12141495965549776
11987,2020-02-12 11:00:00,20.72069931,0.5170773142587581
11988,2020-02-12 12:00:00,20.726099014,0.15954321545171934
11989,2020-02-12 13:00:00,20.730760574,0.6162478882200226
11990,2020-02-12 14:00:00,20.73554039,0.3351644503687541
11991,2020-02-12 15:00:00,20.737220764,0.37301387703986444
11992,2020-02-12 16:00:00,20.730470657,0.6257764023681278
11993,2020-02-12 17:00:00,20.715358734,0.6900286096811369
11994,2020-02-12 18:00:00,20.687055588,0.7189425857627477
11995,2020-02-12 19:00:00,20.600580215,0.46394509072610246
11996,2020-02-12 20:00:00,20.487287521,0.39981344619949366
11997,2020-02-12 21:00:00,20.38394928,0.6109868182081286
11998,2020-02-12 22:00:00,20.305465698,0.8524601202823352
11999,2020-02-12 23:00:00,20.28934288,0.69116862378519
12000,2020-02-13 00:00:00,20.271697998,0.13536817705098936
12001,2020-02-13 01:00:00,20.252138138,0.21007390293084427
12002,2020-02-13 02:00:00,20.237428665,0.3643147819525486
12003,2020-02-13 03:00:00,20.224304199,0.14520404155321276
12004,2020-02-13 04:00:00,20.214492798,0.73540261537498
12005,2020-02-13 05:00:00,20.201366425,0.09969247680936999
12006,2020-02-13 06:00:00,20.194395065,0.5052507045012828
12007,2020-02-13 07:00:00,20.186300278,0.3037189934462412
12008,2020-02-13 08:00:00,20.177154541,0.5540227685217153
12009,2020-02-13 09:00:00,20.167482376,0.4611242969300581
12010,2020-02-13 10:00:00,20.158760071,0.3279297114636538
12011,2020-02-13 11:00:00,20.150232315,0.992117569532142
12012,2020-02-13 12:00:00,20.143005371,0.6380486208201712
12013,2020-02-13 13:00:00,20.135950089,0.9069582673265544
12014,2020-02-13 14:00:00,20.127811432,0.5655451801504163
12015,2020-02-13 15:00:00,20.114387512,0.10047332788689467
12016,2020-02-13 16:00:00,20.098474503,0.7106572661307408
12017,2020-02-13 17:00:00,20.424325943,0.8810726598381626
12018,2020-02-13 18:00:00,20.44692421,0.9007915841018562
12019,2020-02-13 19:00:00,20.441072464,0.46853120592379416
12020,2020-02-13 20:00:00,20.439674377,0.39679417913971127
12021,2020-02-13 21:00:00,20.422040939,0.16529535380793337
12022,2020-02-13 22:00:00,20.380037308,0.3627178251032058
12023,2020-02-13 23:00:00,20.378643036,0.9915207779975773
12024,2020-02-14 00:00:00,20.372154236,0.45090931567516335
12025,2020-02-14 01:00:00,20.384267807,0.5789511948803332
12026,2020-02-14 02:00:00,20.394189835,0.7109426401595803
12027,2020-02-14 03:00:00,20.402894974,0.3892392792725736
12028,2020-02-14 04:00:00,20.405065536,0.023683403685884175
12029,2020-02-14 05:00:00,20.403934479,0.38829694267812775
12030,2020-02-14 06:00:00,20.399406433,0.6896566862781875
12031,2020-02-14 07:00:00,20.396018982,0.4229660336810479
12032,2020-02-14 08:00:00,20.405866623,0.7588504712434881
12033,2020-02-14 09:00:00,20.414634705,0.44451632521042395
12034,2020-02-14 10:00:00,20.423303604,0.3898792005775906
12035,2020-02-14 11:00:00,20.430412292,0.8617016091028509
12036,2020-02-14 12:00:00,20.439620972,0.26392946142700524
12037,2020-02-14 13:00:00,20.44770813,0.2185681047000625
12038,2020-02-14 14:00:00,20.455619812,0.12210657056562679
12039,2020-02-14 15:00:00,20.459043503,0.39348909215944905
12040,2020-02-14 16:00:00,20.454936981,0.41911320353883985
12041,2020-02-14 17:00:00,20.42722702,0.03796513442843996
12042,2020-02-14 18:00:00,20.351360321,0.727595997830965
12043,2020-02-14 19:00:00,20.231216431,0.3826628224483062
12044,2020-02-14 20:00:00,20.095458984,0.43718446399717326
12045,2020-02-14 21:00:00,19.697731018,0.7848090997334511
12046,2020-02-14 22:00:00,19.011320114,0.6234970812578458
12047,2020-02-14 23:00:00,18.547914505,0.3472080148790677
12048,2020-02-15 00:00:00,18.170030594,0.009013816234534122
12049,2020-02-15 01:00:00,17.847618103,0.00322150273272237
12050,2020-02-15 02:00:00,17.581409454,0.1337995527091117
12051,2020-02-15 03:00:00,17.364181519,0.7534815770135197
12052,2020-02-15 04:00:00,17.192968369,0.22119509298142115
12053,2020-02-15 05:00:00,17.053873062,0.3156377581438031
12054,2020-02-15 06:00:00,16.941461563,0.9078964161482586
12055,2020-02-15 07:00:00,16.849285126,0.6046078003874036
12056,2020-02-15 08:00:00,16.770921707,0.5917277304855059
12057,2020-02-15 09:00:00,16.703166962,0.25336258679878265
12058,2020-02-15 10:00:00,16.643903732,0.37648490046226657
12059,2020-02-15 11:00:00,16.603443146,0.8551586791769572
12060,2020-02-15 12:00:00,16.570297241,0.6991181294223935
12061,2020-02-15 13:00:00,16.571632385,0.503849069535362
12062,2020-02-15 14:00:00,16.582050323,0.5273673784092113
12063,2020-02-15 15:00:00,16.670232773,0.3117981943291589
12064,2020-02-15 16:00:00,16.768167496,0.5656533414784529
12065,2020-02-15 17:00:00,16.874794006,0.527248865658244
12066,2020-02-15 18:00:00,16.974752426,0.9569207232046998
12067,2020-02-15 19:00:00,17.082130432,0.9420774787216473
12068,2020-02-15 20:00:00,17.204860687,0.35364500193742454
12069,2020-02-15 21:00:00,17.305534363,0.5456878101556004
12070,2020-02-15 22:00:00,17.38782692,0.9613050599045889
12071,2020-02-15 23:00:00,17.51543045,0.48400850662005135
12072,2020-02-16 00:00:00,17.612127304,0.8312520419649297
12073,2020-02-16 01:00:00,17.72628212,0.6522764653006411
12074,2020-02-16 02:00:00,17.859788895,0.2985240783760056
12075,2020-02-16 03:00:00,18.000455856,0.9782474036911791
12076,2020-02-16 04:00:00,18.138059616,0.8661689949060007
12077,2020-02-16 05:00:00,18.277112961,0.56745324940174
12078,2020-02-16 06:00:00,18.413499832,0.010542424942603712
12079,2020-02-16 07:00:00,18.551050186,0.46741536037194886
12080,2020-02-16 08:00:00,18.698310852,0.5261003363800196
12081,2020-02-16 09:00:00,18.870670319,0.18871058242367833
12082,2020-02-16 10:00:00,19.045749664,0.9302204445696814
12083,2020-02-16 11:00:00,19.211210251,0.14146245285811987
12084,2020-02-16 12:00:00,19.307275772,0.5216873453855725
12085,2020-02-16 13:00:00,19.407737732,0.4023476036275493
12086,2020-02-16 14:00:00,19.495456696,0.5058631857536425
12087,2020-02-16 15:00:00,19.538797379,0.6969091297469813
12088,2020-02-16 16:00:00,19.561309814,0.02030629022319852
12089,2020-02-16 17:00:00,19.559391022,0.22002547472843625
12090,2020-02-16 18:00:00,19.541782379,0.24626996318015693
12091,2020-02-16 19:00:00,19.545295715,0.5128123960164722
12092,2020-02-16 20:00:00,19.544578552,0.7128543953902683
12093,2020-02-16 21:00:00,19.429990768,0.9391377262676928
12094,2020-02-16 22:00:00,18.849836349,0.786293003738432
12095,2020-02-16 23:00:00,18.420387268,0.3024511354638616
12096,2020-02-17 00:00:00,18.057947159,0.28997650855969415
12097,2020-02-17 01:00:00,17.773313522,0.20738276575827075
12098,2020-02-17 02:00:00,17.546457291,0.9084690564524364
12099,2020-02-17 03:00:00,17.374282837,0.5869900224585325
12100,2020-02-17 04:00:00,17.244722366,0.742741881997182
12101,2020-02-17 05:00:00,17.149047852,0.5587466832158408
12102,2020-02-17 06:00:00,17.077701569,0.39941039544078727
12103,2020-02-17 07:00:00,17.031097412,0.3434520302241665
12104,2020-02-17 08:00:00,17.001073837,0.3630617351023694
12105,2020-02-17 09:00:00,16.988327026,0.5584866633492729
12106,2020-02-17 10:00:00,16.990716934,0.1239171795981222
12107,2020-02-17 11:00:00,17.001943588,0.7213778098359143
12108,2020-02-17 12:00:00,17.028793335,0.8906045169240752
12109,2020-02-17 13:00:00,17.020845413,0.5967936673515926
12110,2020-02-17 14:00:00,17.009428024,0.4063948845137585
12111,2020-02-17 15:00:00,16.994657516,0.525024663445846
12112,2020-02-17 16:00:00,16.96846962,0.12828324323796225
12113,2020-02-17 17:00:00,16.930500031,0.2629338276635437
12114,2020-02-17 18:00:00,16.874895096,0.829800094984366
12115,2020-02-17 19:00:00,16.804889679,0.08952576981636629
12116,2020-02-17 20:00:00,16.710983276,0.4494102940570879
12117,2020-02-17 21:00:00,16.58294487,0.48351536750971513
12118,2020-02-17 22:00:00,16.378015518,0.7887518698062804
12119,2020-02-17 23:00:00,16.341022491,0.37668715594488844
12120,2020-02-18 00:00:00,16.311355591,0.533018870468528
12121,2020-02-18 01:00:00,16.285415649,0.5427462071354979
12122,2020-02-18 02:00:00,16.267772675,0.8320472636224956
12123,2020-02-18 03:00:00,16.254295349,0.4603191806638779
12124,2020-02-18 04:00:00,16.243099213,0.04241020897090386
12125,2020-02-18 05:00:00,16.237556458,0.2713692693150602
12126,2020-02-18 06:00:00,16.239459991,0.0843643745301107
12127,2020-02-18 07:00:00,16.242881775,0.6708370373649618
12128,2020-02-18 08:00:00,16.251182556,0.9652617236544122
12129,2020-02-18 09:00:00,16.257766724,0.09642607468189413
12130,2020-02-18 10:00:00,16.262294769,0.9872715143384663
12131,2020-02-18 11:00:00,16.264764786,0.5938596528373709
12132,2020-02-18 12:00:00,16.264196396,0.45718375956787916
12133,2020-02-18 13:00:00,16.25897789,0.6072648294733842
12134,2020-02-18 14:00:00,16.248954773,0.8818188197193767
12135,2020-02-18 15:00:00,16.233371735,0.836207224672251
12136,2020-02-18 16:00:00,16.209793091,0.5665613733287642
12137,2020-02-18 17:00:00,16.173395157,0.30561383457168945
12138,2020-02-18 18:00:00,16.12254715,0.3546875521820144
12139,2020-02-18 19:00:00,16.026359558,0.36281697368469323
12140,2020-02-18 20:00:00,15.925282478,0.23900053457763093
12141,2020-02-18 21:00:00,15.823890686,0.6693369155814411
12142,2020-02-18 22:00:00,15.732670784,0.7614221021611287
12143,2020-02-18 23:00:00,15.721629143,0.2605296709372905
12144,2020-02-19 00:00:00,15.713314056,0.8869850712643744
12145,2020-02-19 01:00:00,15.700279236,0.080541690700622
12146,2020-02-19 02:00:00,15.682514191,0.903899161770175
12147,2020-02-19 03:00:00,15.661013603,0.0008043600842296827
12148,2020-02-19 04:00:00,15.637699127,0.1014962249155551
12149,2020-02-19 05:00:00,15.617865562,0.7709191449702826
12150,2020-02-19 06:00:00,15.602172852,0.5285394243623612
12151,2020-02-19 07:00:00,15.587501526,0.1386900150988506
12152,2020-02-19 08:00:00,15.576229095,0.7237568320342532
12153,2020-02-19 09:00:00,15.565567017,0.7680643155844633
12154,2020-02-19 10:00:00,15.557337761,0.14390919058963303
12155,2020-02-19 11:00:00,15.556503296,0.5756370726417244
12156,2020-02-19 12:00:00,15.554021835,0.8166661928963771
12157,2020-02-19 13:00:00,15.547721863,0.12576636644290728
12158,2020-02-19 14:00:00,15.549098969,0.22172836773983573
12159,2020-02-19 15:00:00,15.545547485,0.022964888117020466
12160,2020-02-19 16:00:00,15.534284592,0.6231340577967565
12161,2020-02-19 17:00:00,15.509356499,0.6266655620389486
12162,2020-02-19 18:00:00,15.46963501,0.9862797901169226
12163,2020-02-19 19:00:00,15.412163734,0.6384483805834469
12164,2020-02-19 20:00:00,15.340372086,0.3414325718576203
12165,2020-02-19 21:00:00,15.253610611,0.9903080667239108
12166,2020-02-19 22:00:00,15.168730736,0.27574018952152757
12167,2020-02-19 23:00:00,15.163284302,0.9389379118798586
12168,2020-02-20 00:00:00,15.156007767,0.4888274571473681
12169,2020-02-20 01:00:00,15.147633553,0.37095595353152866
12170,2020-02-20 02:00:00,15.136149406,0.4568486974151099
12171,2020-02-20 03:00:00,15.127184868,0.9445874913012338
12172,2020-02-20 04:00:00,15.125567436,0.9926500893058361
12173,2020-02-20 05:00:00,15.131875038,0.8974894065203277
12174,2020-02-20 06:00:00,15.134989738,0.1816084009255562
12175,2020-02-20 07:00:00,15.137838364,0.184454319123055
12176,2020-02-20 08:00:00,15.13478756,0.048739844356759154
12177,2020-02-20 09:00:00,15.124740601,0.5597307604689183
12178,2020-02-20 10:00:00,15.108904839,0.7541478407112409
12179,2020-02-20 11:00:00,15.096544266,0.34660954578411707
12180,2020-02-20 12:00:00,15.081581116,0.8657065330219746
12181,2020-02-20 13:00:00,15.07675457,0.11316003265933927
12182,2020-02-20 14:00:00,15.073822975,0.010936235581707865
12183,2020-02-20 15:00:00,15.063175201,0.3685082128805438
12184,2020-02-20 16:00:00,15.057012558,0.16628288118207568
12185,2020-02-20 17:00:00,15.031847954,0.38713795826344555
12186,2020-02-20 18:00:00,14.961045265,0.9701096037973028
12187,2020-02-20 19:00:00,14.844357491,0.7601690906324158
12188,2020-02-20 20:00:00,14.70211792,0.7236394087344716
12189,2020-02-20 21:00:00,14.416584969,0.43186054536733554
12190,2020-02-20 22:00:00,13.95541954,0.9786739524670559
12191,2020-02-20 23:00:00,13.68705368,0.16602324232286603
12192,2020-02-21 00:00:00,13.468672752,0.3099020992231478
12193,2020-02-21 01:00:00,13.2885952,0.8223942858678869
12194,2020-02-21 02:00:00,13.142972946,0.746311514729701
12195,2020-02-21 03:00:00,13.024690628,0.07115135070135692
12196,2020-02-21 04:00:00,12.930362701,0.02318317128141789
12197,2020-02-21 05:00:00,12.85663414,0.15037465213276213
12198,2020-02-21 06:00:00,12.80005455,0.7117936397578671
12199,2020-02-21 07:00:00,12.759197235,0.34929110445942535
12200,2020-02-21 08:00:00,12.732885361,0.38537659196344654
12201,2020-02-21 09:00:00,12.718521118,0.13881418326213935
12202,2020-02-21 10:00:00,12.714010239,0.0831780767521203
12203,2020-02-21 11:00:00,12.72040081,0.3152129162162496
12204,2020-02-21 12:00:00,12.726899147,0.42003530484509044
12205,2020-02-21 13:00:00,12.73141098,0.8120852180869355
12206,2020-02-21 14:00:00,12.73733139,0.7668201613365468
12207,2020-02-21 15:00:00,12.738804817,0.20417602255636547
12208,2020-02-21 16:00:00,12.731404305,0.5070651600259342
12209,2020-02-21 17:00:00,12.694466591,0.09460625274259626
12210,2020-02-21 18:00:00,12.617745399,0.8119189106731003
12211,2020-02-21 19:00:00,12.268681526,0.14259353712153877
12212,2020-02-21 20:00:00,11.68848896,0.9581421722163546
12213,2020-02-21 21:00:00,9.416799545,0.5370885470087154
12214,2020-02-21 22:00:00,6.581020355,0.008625534018232406
12215,2020-02-21 23:00:00,6.364397526,0.7422482851162595
12216,2020-02-22 00:00:00,6.181962967,0.6295404990712631
12217,2020-02-22 01:00:00,6.025557518,0.6562630524793533
12218,2020-02-22 02:00:00,5.892735481,0.3056338049772438
12219,2020-02-22 03:00:00,5.783065796,0.2347547840669041
12220,2020-02-22 04:00:00,5.693434715,0.3988773799403377
12221,2020-02-22 05:00:00,5.618429184,0.9951173900933025
12222,2020-02-22 06:00:00,5.55760622,0.3506236869321463
12223,2020-02-22 07:00:00,5.507340431,0.9808980231961054
12224,2020-02-22 08:00:00,5.467151165,0.7382492278478355
12225,2020-02-22 09:00:00,5.433578014,0.2902559326386739
12226,2020-02-22 10:00:00,5.406718254,0.6226459521422001
12227,2020-02-22 11:00:00,5.386940002,0.7456565143785078
12228,2020-02-22 12:00:00,5.371847153,0.8766633699566754
12229,2020-02-22 13:00:00,5.359341621,0.7186440288889158
12230,2020-02-22 14:00:00,5.351679802,0.5560318766821306
12231,2020-02-22 15:00:00,5.337230206,0.17415686469425296
12232,2020-02-22 16:00:00,5.310260296,0.9580855225811524
12233,2020-02-22 17:00:00,5.243662357,0.5842820165843073
12234,2020-02-22 18:00:00,4.967547417,0.503799754816171
12235,2020-02-22 19:00:00,3.324496508,0.9386163360915611
12236,2020-02-22 20:00:00,3.461212635,0.6055158896841238
12237,2020-02-22 21:00:00,0.608714223,0.43451874102432086
12238,2020-02-22 22:00:00,0.186020464,0.09058978105826831
12239,2020-02-22 23:00:00,0.353857279,0.22220219061714297
12240,2020-02-23 00:00:00,0.473767459,0.3844645808647784
12241,2020-02-23 01:00:00,1.435457826,0.05503572808250701
12242,2020-02-23 02:00:00,2.448112011,0.7503785899049086
12243,2020-02-23 03:00:00,3.582840681,0.6712331722003699
12244,2020-02-23 04:00:00,4.899927139,0.37931063206968596
12245,2020-02-23 05:00:00,6.280621529,0.6928941430616339
12246,2020-02-23 06:00:00,7.643331051,0.603356337001995
12247,2020-02-23 07:00:00,8.149269104,0.10760419628790563
12248,2020-02-23 08:00:00,8.631814003,0.19594461936057872
12249,2020-02-23 09:00:00,9.049794197,0.9262187315911923
12250,2020-02-23 10:00:00,9.370168686,0.25324073814991765
12251,2020-02-23 11:00:00,9.65188694,0.31087675181416374
12252,2020-02-23 12:00:00,9.886206627,0.3550224422856516
12253,2020-02-23 13:00:00,10.09357357,0.4361729543889431
12254,2020-02-23 14:00:00,10.263501167,0.5034709114119031
12255,2020-02-23 15:00:00,10.474738121,0.31490459983501573
12256,2020-02-23 16:00:00,10.621805191,0.10296148669035166
12257,2020-02-23 17:00:00,10.778745651,0.5486683496177317
12258,2020-02-23 18:00:00,10.951438904,0.8273128978089258
12259,2020-02-23 19:00:00,11.045253754,0.07852345112172676
12260,2020-02-23 20:00:00,11.139904976,0.7149922228966804
12261,2020-02-23 21:00:00,11.289570808,0.6129089120369341
12262,2020-02-23 22:00:00,11.596384048,0.7520015520106119
12263,2020-02-23 23:00:00,11.767471313,0.9483114509974255
12264,2020-02-24 00:00:00,11.824493408,0.10887190686853532
12265,2020-02-24 01:00:00,11.894133568,0.3311766238770394
12266,2020-02-24 02:00:00,11.969037056,0.570027991849406
12267,2020-02-24 03:00:00,12.015249252,0.3884058304988379
12268,2020-02-24 04:00:00,12.030742645,0.6902538327246815
12269,2020-02-24 05:00:00,12.030075073,0.7231034968912571
12270,2020-02-24 06:00:00,12.017385483,0.18421895713861114
12271,2020-02-24 07:00:00,12.008096695,0.5941544339292775
12272,2020-02-24 08:00:00,11.994132996,0.7152919756417405
12273,2020-02-24 09:00:00,11.981910706,0.7939074714323303
12274,2020-02-24 10:00:00,11.969956398,0.49411717321562276
12275,2020-02-24 11:00:00,11.965305328,0.43957680643197394
12276,2020-02-24 12:00:00,11.961694717,0.05257666809508066
12277,2020-02-24 13:00:00,11.958992004,0.5804259429455758
12278,2020-02-24 14:00:00,11.958104134,0.8882744170442984
12279,2020-02-24 15:00:00,11.960262299,0.8881496718820358
12280,2020-02-24 16:00:00,11.959131241,0.7320065418094247
12281,2020-02-24 17:00:00,11.944410324,0.2286274852054505
12282,2020-02-24 18:00:00,11.91633606,0.7703277314964583
12283,2020-02-24 19:00:00,11.876898766,0.9250991170148724
12284,2020-02-24 20:00:00,11.824645996,0.42722429313482946
12285,2020-02-24 21:00:00,11.775543213,0.19792804787075724
12286,2020-02-24 22:00:00,11.725814819,0.43320234473951924
12287,2020-02-24 23:00:00,11.705797195,0.14204861962333293
12288,2020-02-25 00:00:00,11.693397522,0.36792324461145287
12289,2020-02-25 01:00:00,11.682613373,0.5265630269883094
12290,2020-02-25 02:00:00,11.67192173,0.5332730577149704
12291,2020-02-25 03:00:00,11.662392616,0.3897965617177257
12292,2020-02-25 04:00:00,11.652312279,0.7402445420205723
12293,2020-02-25 05:00:00,11.643587112,0.23423692211130942
12294,2020-02-25 06:00:00,11.638079643,0.5720997081704884
12295,2020-02-25 07:00:00,11.632026672,0.17193583552071112
12296,2020-02-25 08:00:00,11.628042221,0.2013575368260725
12297,2020-02-25 09:00:00,11.626889229,0.9489081504187634
12298,2020-02-25 10:00:00,11.622364044,0.8993089763699976
12299,2020-02-25 11:00:00,11.614187241,0.879970791201941
12300,2020-02-25 12:00:00,11.606228828,0.8276670135601737
12301,2020-02-25 13:00:00,11.599912643,0.40361406882236706
12302,2020-02-25 14:00:00,11.595620155,0.19127060131611107
12303,2020-02-25 15:00:00,11.590021133,0.07437880502762817
12304,2020-02-25 16:00:00,11.582838058,0.6879333617950895
12305,2020-02-25 17:00:00,11.570823669,0.6567878182239181
12306,2020-02-25 18:00:00,11.554738998,0.2916184899351404
12307,2020-02-25 19:00:00,11.533231735,0.11707010161511622
12308,2020-02-25 20:00:00,11.507254601,0.5830214966723376
12309,2020-02-25 21:00:00,11.475614548,0.5026546189183903
12310,2020-02-25 22:00:00,11.440413475,0.9816940358449102
12311,2020-02-25 23:00:00,11.428191185,0.3637671745691554
12312,2020-02-26 00:00:00,11.418435097,0.6920178738981387
12313,2020-02-26 01:00:00,11.410861015,0.9397541656594578
12314,2020-02-26 02:00:00,11.402018547,0.7040447066284922
12315,2020-02-26 03:00:00,11.392253876,0.35795550760801564
12316,2020-02-26 04:00:00,11.386322021,0.06009378508842811
12317,2020-02-26 05:00:00,11.379484177,0.6363523641461635
12318,2020-02-26 06:00:00,11.37462616,0.000957907714630446
12319,2020-02-26 07:00:00,11.372587204,0.31744562543001953
12320,2020-02-26 08:00:00,11.370522499,0.9365731313890623
12321,2020-02-26 09:00:00,11.36507988,0.703073573339802
12322,2020-02-26 10:00:00,11.363042831,0.900470250007157
12323,2020-02-26 11:00:00,11.363264084,0.7927417299357787
12324,2020-02-26 12:00:00,11.362101555,0.19344055359057022
12325,2020-02-26 13:00:00,11.422668457,0.9049860754514057
12326,2020-02-26 14:00:00,11.487482071,0.6627634624007891
12327,2020-02-26 15:00:00,11.498643875,0.9050891646600325
12328,2020-02-26 16:00:00,11.558877945,0.9016609984464474
12329,2020-02-26 17:00:00,11.606629372,0.7841868113799811
12330,2020-02-26 18:00:00,11.617073059,0.6683553432061163
12331,2020-02-26 19:00:00,11.607579231,0.9455027353119554
12332,2020-02-26 20:00:00,11.626344681,0.29845798031169424
12333,2020-02-26 21:00:00,11.648237228,0.1243381774528054
12334,2020-02-26 22:00:00,11.461116791,0.6837457691488293
12335,2020-02-26 23:00:00,11.409286499,0.057015151741339865
12336,2020-02-27 00:00:00,11.357356071,0.3037161581599136
12337,2020-02-27 01:00:00,11.326622963,0.0676927625193765
12338,2020-02-27 02:00:00,11.318323135,0.27337512755023596
12339,2020-02-27 03:00:00,11.328705788,0.2770819990833331
12340,2020-02-27 04:00:00,11.354679108,0.7259550386763246
12341,2020-02-27 05:00:00,11.396813393,0.18592175659089683
12342,2020-02-27 06:00:00,11.456018448,0.8995822325037692
12343,2020-02-27 07:00:00,11.530387878,0.6988689985895576
12344,2020-02-27 08:00:00,11.61190033,0.5971832661317206
12345,2020-02-27 09:00:00,11.699516296,0.35372166355093027
12346,2020-02-27 10:00:00,11.787736893,0.7109115603774409
12347,2020-02-27 11:00:00,11.822577477,0.25801926162296485
12348,2020-02-27 12:00:00,11.902514458,0.5193929519248981
12349,2020-02-27 13:00:00,11.931859016,0.05819168449116929
12350,2020-02-27 14:00:00,11.947092056,0.9352533733357791
12351,2020-02-27 15:00:00,11.94830513,0.3113701251819183
12352,2020-02-27 16:00:00,11.935537338,0.07787603433025914
12353,2020-02-27 17:00:00,11.907726288,0.8062617190477077
12354,2020-02-27 18:00:00,11.86014843,0.9773885089607832
12355,2020-02-27 19:00:00,11.7996912,0.23528259847389954
12356,2020-02-27 20:00:00,11.719942093,0.9457566056022237
12357,2020-02-27 21:00:00,11.636732101,0.20828079423124501
12358,2020-02-27 22:00:00,11.550779343,0.4827485758387695
12359,2020-02-27 23:00:00,11.511035919,0.015870839443547835
12360,2020-02-28 00:00:00,11.471658707,0.35142593503541597
12361,2020-02-28 01:00:00,11.438212395,0.38809313371013643
12362,2020-02-28 02:00:00,11.404481888,0.09543018037730733
12363,2020-02-28 03:00:00,11.370018005,0.3995330048392408
12364,2020-02-28 04:00:00,11.337342262,0.33373135782786945
12365,2020-02-28 05:00:00,11.304972649,0.15097797403404944
12366,2020-02-28 06:00:00,11.272693634,0.8472541186550374
12367,2020-02-28 07:00:00,11.247005463,0.5981181733909365
12368,2020-02-28 08:00:00,11.220704079,0.8860145690783428
12369,2020-02-28 09:00:00,11.194989204,0.17233552504226035
12370,2020-02-28 10:00:00,11.170098305,0.22470774802534943
12371,2020-02-28 11:00:00,11.149038315,0.857844735718128
12372,2020-02-28 12:00:00,11.131919861,0.9259055911462889
12373,2020-02-28 13:00:00,11.117661476,0.2147631591895155
12374,2020-02-28 14:00:00,11.104769707,0.1132583215462909
12375,2020-02-28 15:00:00,11.102783203,0.7431241639865827
12376,2020-02-28 16:00:00,11.096591949,0.3238062631032521
12377,2020-02-28 17:00:00,11.063224792,0.17603844233187205
12378,2020-02-28 18:00:00,10.98103714,0.6604619445611866
12379,2020-02-28 19:00:00,10.641588211,0.2367387868408276
12380,2020-02-28 20:00:00,9.603438377,0.5124104931405216
12381,2020-02-28 21:00:00,7.303431988,0.49039593973815687
12382,2020-02-28 22:00:00,4.42028904,0.550215123363301
12383,2020-02-28 23:00:00,4.432832241,0.6569248121370078
12384,2020-02-29 00:00:00,4.447299004,0.9765444116828262
12385,2020-02-29 01:00:00,4.456396103,0.48261005054133255
12386,2020-02-29 02:00:00,4.460850239,0.37790445899067426
12387,2020-02-29 03:00:00,4.465288162,0.46688856509643994
12388,2020-02-29 04:00:00,4.471426487,0.6472201823097445
12389,2020-02-29 05:00:00,4.476251602,0.5377524277586136
12390,2020-02-29 06:00:00,4.48073101,0.7903879274461864
12391,2020-02-29 07:00:00,4.484502792,0.6659717781894888
12392,2020-02-29 08:00:00,4.486762047,0.037538572960487904
12393,2020-02-29 09:00:00,4.488115788,0.7283468058785144
12394,2020-02-29 10:00:00,4.490861893,0.8047857160112631
12395,2020-02-29 11:00:00,4.495924473,0.166964019866379
12396,2020-02-29 12:00:00,4.501261711,0.6504484721472
12397,2020-02-29 13:00:00,4.506644249,0.9283738293422495
12398,2020-02-29 14:00:00,4.512053967,0.6172757349944201
12399,2020-02-29 15:00:00,4.515938759,0.34284126548587246
12400,2020-02-29 16:00:00,4.508508682,0.2165416903079337
12401,2020-02-29 17:00:00,4.478792191,0.47171059784120095
12402,2020-02-29 18:00:00,4.412824631,0.8115908110461204
12403,2020-02-29 19:00:00,4.442783833,0.20504350059434084
12404,2020-02-29 20:00:00,4.191982746,0.8599450075824993
12405,2020-02-29 21:00:00,1.981808186,0.8206573620292521
12406,2020-02-29 22:00:00,1.890485644,0.311529960315981
12407,2020-02-29 23:00:00,1.892058492,0.9200144516240562
12408,2020-03-01 00:00:00,1.899410009,0.24958526300284245
12409,2020-03-01 01:00:00,1.906206369,0.14615566393988366
12410,2020-03-01 02:00:00,1.91673553,0.8249737677574129
12411,2020-03-01 03:00:00,1.927978635,0.8067379442416788
12412,2020-03-01 04:00:00,1.937876225,0.5224364357137523
12413,2020-03-01 05:00:00,1.94770205,0.8896533961070056
12414,2020-03-01 06:00:00,1.957102418,0.9195142342931849
12415,2020-03-01 07:00:00,1.967573285,0.0073568451523262635
12416,2020-03-01 08:00:00,1.978418827,0.22688462440785262
12417,2020-03-01 09:00:00,1.989593863,0.10437274772233207
12418,2020-03-01 10:00:00,2.001282215,0.7529489741768041
12419,2020-03-01 11:00:00,2.015633821,0.23620737523117408
12420,2020-03-01 12:00:00,2.027817488,0.06418668594494792
12421,2020-03-01 13:00:00,2.119559288,0.17775263737671765
12422,2020-03-01 14:00:00,2.218454599,0.21868056198225783
12423,2020-03-01 15:00:00,2.278671741,0.09019626487865517
12424,2020-03-01 16:00:00,2.332500696,0.6706297028081715
12425,2020-03-01 17:00:00,2.378872633,0.6464162983093286
12426,2020-03-01 18:00:00,2.431867123,0.21245276971000093
12427,2020-03-01 19:00:00,2.462824821,0.4069773231130255
12428,2020-03-01 20:00:00,2.517115593,0.03994679192641315
12429,2020-03-01 21:00:00,2.551780701,0.4798455126775084
12430,2020-03-01 22:00:00,2.577189922,0.0892227792960435
12431,2020-03-01 23:00:00,2.673883438,0.0982749586713636
12432,2020-03-02 00:00:00,2.739377975,0.4306544341825912
12433,2020-03-02 01:00:00,2.809310675,0.9841811205985378
12434,2020-03-02 02:00:00,2.881352186,0.7563026444206028
12435,2020-03-02 03:00:00,2.942107916,0.18697516915588086
12436,2020-03-02 04:00:00,3.012458086,0.45964466283947214
12437,2020-03-02 05:00:00,3.089516401,0.6122487365056752
12438,2020-03-02 06:00:00,3.17147541,0.22037496623780317
12439,2020-03-02 07:00:00,3.620587111,0.5397967339595461
12440,2020-03-02 08:00:00,4.069911957,0.12579911442176495
12441,2020-03-02 09:00:00,4.553542614,0.6056141912602643
12442,2020-03-02 10:00:00,5.018038273,0.909896816685626
12443,2020-03-02 11:00:00,5.567660332,0.7224018140928883
12444,2020-03-02 12:00:00,6.103588104,0.7553137739429453
12445,2020-03-02 13:00:00,6.226737022,0.5433643421633818
12446,2020-03-02 14:00:00,6.361088753,0.0007274627140937406
12447,2020-03-02 15:00:00,6.489385128,0.009067933904583936
12448,2020-03-02 16:00:00,6.619852066,0.48274793673865357
12449,2020-03-02 17:00:00,6.788230896,0.4771371687555429
12450,2020-03-02 18:00:00,6.858958244,0.8659934543245809
12451,2020-03-02 19:00:00,6.956225395,0.7305066972649741
12452,2020-03-02 20:00:00,7.228164196,0.7335605255815659
12453,2020-03-02 21:00:00,7.358359337,0.17914995899321673
12454,2020-03-02 22:00:00,7.448313236,0.8958761137119716
12455,2020-03-02 23:00:00,7.563861847,0.9074289695392419
12456,2020-03-03 00:00:00,7.592230797,0.6065061123575847
12457,2020-03-03 01:00:00,7.612299919,0.6836136599772549
12458,2020-03-03 02:00:00,7.616889954,0.34716897784076484
12459,2020-03-03 03:00:00,7.622141838,0.39389341764484664
12460,2020-03-03 04:00:00,7.622626305,0.7097630923974398
12461,2020-03-03 05:00:00,7.627830029,0.32301152539381817
12462,2020-03-03 06:00:00,7.639715672,0.05821307363169048
12463,2020-03-03 07:00:00,7.653604507,0.18249638735539664
12464,2020-03-03 08:00:00,7.66682148,0.8765082988164244
12465,2020-03-03 09:00:00,7.676195145,0.9108829680694668
12466,2020-03-03 10:00:00,7.688048363,0.06620534003501455
12467,2020-03-03 11:00:00,7.703188896,0.3004895893365971
12468,2020-03-03 12:00:00,7.716741562,0.6346638571823146
12469,2020-03-03 13:00:00,7.727881432,0.584496292179821
12470,2020-03-03 14:00:00,7.737298012,0.9619448085745537
12471,2020-03-03 15:00:00,7.745014191,0.5357021903391619
12472,2020-03-03 16:00:00,7.746975899,0.9669244189973281
12473,2020-03-03 17:00:00,7.732197762,0.6870153924821356
12474,2020-03-03 18:00:00,7.668182373,0.4125478020735829
12475,2020-03-03 19:00:00,7.570897579,0.9998663490739184
12476,2020-03-03 20:00:00,7.219051361,0.1595897628180668
12477,2020-03-03 21:00:00,4.43370533,0.7409611776692276
12478,2020-03-03 22:00:00,1.666202545,0.8446675926337134
12479,2020-03-03 23:00:00,1.682721615,0.34916566418967754
12480,2020-03-04 00:00:00,1.681076407,0.6181401110870041
12481,2020-03-04 01:00:00,1.659412622,0.6263468935267286
12482,2020-03-04 02:00:00,1.634644508,0.05060071753521467
12483,2020-03-04 03:00:00,1.61001122,0.11927785325794771
12484,2020-03-04 04:00:00,1.589292526,0.10823370519138942
12485,2020-03-04 05:00:00,1.582597971,0.7475070567424196
12486,2020-03-04 06:00:00,1.594090223,0.45367404618099905
12487,2020-03-04 07:00:00,1.605577111,0.5176100211012816
12488,2020-03-04 08:00:00,1.615466714,0.9939255574760396
12489,2020-03-04 09:00:00,1.624538898,0.6649630459243911
12490,2020-03-04 10:00:00,1.63389492,0.24369321570304991
12491,2020-03-04 11:00:00,1.64291501,0.15258012662224651
12492,2020-03-04 12:00:00,1.650560379,0.7995704333338213
12493,2020-03-04 13:00:00,1.656512976,0.0028336196323236473
12494,2020-03-04 14:00:00,1.662849903,0.8988274339148881
12495,2020-03-04 15:00:00,1.666316032,0.07846199132887388
12496,2020-03-04 16:00:00,1.6624614,0.6417282633659819
12497,2020-03-04 17:00:00,1.635651112,0.5878974380035104
12498,2020-03-04 18:00:00,1.575405598,0.556335490144333
12499,2020-03-04 19:00:00,1.392292976,0.10813433749543322
12500,2020-03-04 20:00:00,1.170954704,0.1919462188920774
12501,2020-03-04 21:00:00,0.982930422,0.8208486109240465
12502,2020-03-04 22:00:00,0.850533128,0.5277901073711274
12503,2020-03-04 23:00:00,0.84603411,0.75981580083153
12504,2020-03-05 00:00:00,0.851234019,0.07968635352052877
12505,2020-03-05 01:00:00,0.853830159,0.9851848770613326
12506,2020-03-05 02:00:00,0.852432668,0.7755252827272668
12507,2020-03-05 03:00:00,0.862882912,0.22257312592328948
12508,2020-03-05 04:00:00,0.872852504,0.9224581271371157
12509,2020-03-05 05:00:00,0.881380975,0.008281948454631705
12510,2020-03-05 06:00:00,0.889064789,0.8233105085677893
12511,2020-03-05 07:00:00,0.895395041,0.647959256950698
12512,2020-03-05 08:00:00,0.900551796,0.9770108758028238
12513,2020-03-05 09:00:00,0.90348357,0.3225595254024619
12514,2020-03-05 10:00:00,0.905824602,0.08183351797769278
12515,2020-03-05 11:00:00,0.909503341,0.43613621306515127
12516,2020-03-05 12:00:00,0.912992895,0.17515379564609612
12517,2020-03-05 13:00:00,0.917487502,0.9226109945231773
12518,2020-03-05 14:00:00,0.921184242,0.1935407166687101
12519,2020-03-05 15:00:00,0.923336208,0.562138961158277
12520,2020-03-05 16:00:00,0.918590546,0.2539234994733005
12521,2020-03-05 17:00:00,0.890359879,0.9569102490709899
12522,2020-03-05 18:00:00,0.817443967,0.4712752960220401
12523,2020-03-05 19:00:00,0.698974907,0.5685934663109391
12524,2020-03-05 20:00:00,0.578402042,0.7289047350682042
12525,2020-03-05 21:00:00,0.443224847,0.8216824657366716
12526,2020-03-05 22:00:00,0.312890708,0.7582014974240621
12527,2020-03-05 23:00:00,0.333243489,0.17616481258070804
12528,2020-03-06 00:00:00,0.351516157,0.0749981129772922
12529,2020-03-06 01:00:00,0.363123506,0.7688414966147027
12530,2020-03-06 02:00:00,0.370271802,0.4627310694106952
12531,2020-03-06 03:00:00,0.378498316,0.03744725829620421
12532,2020-03-06 04:00:00,0.385829121,0.8827634918194381
12533,2020-03-06 05:00:00,0.393130779,0.556715114656158
12534,2020-03-06 06:00:00,0.4000085,0.6625720071888191
12535,2020-03-06 07:00:00,0.388344049,0.42282216940975914
12536,2020-03-06 08:00:00,0.366777003,0.9628359212668971
12537,2020-03-06 09:00:00,0.343447804,0.07461653072091023
12538,2020-03-06 10:00:00,0.321209997,0.6695959676399669
12539,2020-03-06 11:00:00,0.29764691,0.8871292027615517
12540,2020-03-06 12:00:00,0.280407667,0.46889578112822095
12541,2020-03-06 13:00:00,0.266160339,0.09892749210470442
12542,2020-03-06 14:00:00,0.257486165,0.026543020072737455
12543,2020-03-06 15:00:00,0.250925571,0.524576881036844
12544,2020-03-06 16:00:00,0.243569598,0.21468429088104812
12545,2020-03-06 17:00:00,0.226495624,0.5202808629654482
12546,2020-03-06 18:00:00,0.192832351,0.22649784234822046
12547,2020-03-06 19:00:00,0.148949116,0.432887069833489
12548,2020-03-06 20:00:00,6.888e-06,0.6546978447344841
12549,2020-03-06 21:00:00,5.781e-06,0.19029777934830472
12550,2020-03-06 22:00:00,2.749e-06,0.8780512427652508
12551,2020-03-06 23:00:00,2.146e-06,0.8159647215485382
12552,2020-03-07 00:00:00,0.0,0.7312108529993225
12553,2020-03-07 01:00:00,0.0,0.2289284789860222
12554,2020-03-07 02:00:00,0.0,0.384388250699773
12555,2020-03-07 03:00:00,0.0,0.16601038093669407
12556,2020-03-07 04:00:00,0.0,0.8140017960200344
12557,2020-03-07 05:00:00,0.0,0.832331582643023
12558,2020-03-07 06:00:00,0.0,0.10746682359330795
12559,2020-03-07 07:00:00,0.0,0.4662074034284045
12560,2020-03-07 08:00:00,0.0,0.1396422726711264
12561,2020-03-07 09:00:00,0.0,0.14256971882748093
12562,2020-03-07 10:00:00,0.0,0.9631177516113281
12563,2020-03-07 11:00:00,0.0,0.9102991568872673
12564,2020-03-07 12:00:00,0.0,0.09785866321307324
12565,2020-03-07 13:00:00,0.0,0.8077860774555923
12566,2020-03-07 14:00:00,0.0,0.9230013940171049
12567,2020-03-07 15:00:00,0.0,0.7803565470958058
12568,2020-03-07 16:00:00,0.0,0.11933531781819484
12569,2020-03-07 17:00:00,0.0,0.9700389989719668
12570,2020-03-07 18:00:00,0.0,0.416522345569984
12571,2020-03-07 19:00:00,0.0,0.7064824097107845
12572,2020-03-07 20:00:00,0.0,0.16853602444519855
12573,2020-03-07 21:00:00,0.0,0.6550098049970825
12574,2020-03-07 22:00:00,0.0,0.93476275253548
12575,2020-03-07 23:00:00,0.0,0.7602326839827611
12576,2020-03-08 00:00:00,0.0,0.8035589964135578
12577,2020-03-08 01:00:00,0.165968195,0.8894464747982886
12578,2020-03-08 02:00:00,0.338829547,0.6178107892907458
12579,2020-03-08 03:00:00,0.52527988,0.7238339490171836
12580,2020-03-08 04:00:00,0.720108271,0.1328273343630033
12581,2020-03-08 05:00:00,0.932765067,0.1498896781840735
12582,2020-03-08 06:00:00,1.13780427,0.5054614300616441
12583,2020-03-08 07:00:00,1.176094532,0.011219194510350472
12584,2020-03-08 08:00:00,1.203065515,0.740841264741045
12585,2020-03-08 09:00:00,1.245510101,0.5514470534307941
12586,2020-03-08 10:00:00,1.289549232,0.8499339597813867
12587,2020-03-08 11:00:00,1.316357136,0.9025125622357594
12588,2020-03-08 12:00:00,1.333804369,0.6122768849040028
12589,2020-03-08 13:00:00,1.346545815,0.6831659582849959
12590,2020-03-08 14:00:00,1.356217027,0.18381901086814711
12591,2020-03-08 15:00:00,1.356876254,0.4074846399080294
12592,2020-03-08 16:00:00,1.358819842,0.38719868971766136
12593,2020-03-08 17:00:00,1.35064435,0.032460311654745166
12594,2020-03-08 18:00:00,1.34330225,0.39355975538263155
12595,2020-03-08 19:00:00,1.353339791,0.09620306252268795
12596,2020-03-08 20:00:00,1.123934388,0.25113564367527763
12597,2020-03-08 21:00:00,0.598971128,0.8781398687752766
12598,2020-03-08 22:00:00,0.583568811,0.16307196931172674
12599,2020-03-08 23:00:00,1.164127588,0.6431994313387503
12600,2020-03-09 00:00:00,1.615111351,0.04691113932498059
12601,2020-03-09 01:00:00,1.887528777,0.964934622013062
12602,2020-03-09 02:00:00,2.161606312,0.4286443254637501
12603,2020-03-09 03:00:00,2.40070343,0.485391953237155
12604,2020-03-09 04:00:00,2.706388235,0.6485183967200213
12605,2020-03-09 05:00:00,3.013217926,0.994944804877584
12606,2020-03-09 06:00:00,3.326230764,0.019209060867049543
12607,2020-03-09 07:00:00,3.433793545,0.6771292056761771
12608,2020-03-09 08:00:00,3.531820774,0.2845268152716798
12609,2020-03-09 09:00:00,3.66042757,0.7436316276965124
12610,2020-03-09 10:00:00,3.763983488,0.5653034906527736
12611,2020-03-09 11:00:00,3.885271549,0.03908663943183743
12612,2020-03-09 12:00:00,4.003967285,0.07224710024394898
12613,2020-03-09 13:00:00,4.110280037,0.3443429880501403
12614,2020-03-09 14:00:00,4.180325985,0.2401723336384366
12615,2020-03-09 15:00:00,4.25826931,0.22064419561362858
12616,2020-03-09 16:00:00,4.356086731,0.9541911013400983
12617,2020-03-09 17:00:00,4.421699047,0.7724027851864649
12618,2020-03-09 18:00:00,4.419951439,0.12987231528930854
12619,2020-03-09 19:00:00,4.450805664,0.9583147442211171
12620,2020-03-09 20:00:00,4.475879192,0.7124368253137171
12621,2020-03-09 21:00:00,4.518504143,0.5169568404543528
12622,2020-03-09 22:00:00,4.540972233,0.8231027919887984
12623,2020-03-09 23:00:00,4.594527721,0.48650251974469727
12624,2020-03-10 00:00:00,4.613016129,0.15290207572055536
12625,2020-03-10 01:00:00,4.634664536,0.23545170290903794
12626,2020-03-10 02:00:00,4.652153492,0.9258699257160055
12627,2020-03-10 03:00:00,4.669089794,0.550479215379109
12628,2020-03-10 04:00:00,4.684880257,0.6927565767861328
12629,2020-03-10 05:00:00,4.700870991,0.1474460427558577
12630,2020-03-10 06:00:00,4.711070538,0.20729507018264026
12631,2020-03-10 07:00:00,4.72252512,0.28724171240768026
12632,2020-03-10 08:00:00,4.732663155,0.1800640691894302
12633,2020-03-10 09:00:00,4.744520664,0.16619415975791707
12634,2020-03-10 10:00:00,4.75472784,0.9517021366964591
12635,2020-03-10 11:00:00,4.769237041,0.5865544192427313
12636,2020-03-10 12:00:00,4.780771732,0.29953265574574406
12637,2020-03-10 13:00:00,4.78767252,0.7792784384823181
12638,2020-03-10 14:00:00,4.798121929,0.6002085878817084
12639,2020-03-10 15:00:00,4.800697327,0.5594031261719872
12640,2020-03-10 16:00:00,4.798606396,0.6217062657547642
12641,2020-03-10 17:00:00,4.793626308,0.8131347170114107
12642,2020-03-10 18:00:00,4.782018661,0.39103476547820115
12643,2020-03-10 19:00:00,4.794826031,0.01553072839112235
12644,2020-03-10 20:00:00,4.819296837,0.47767284257602416
12645,2020-03-10 21:00:00,5.214808464,0.4645061878829382
12646,2020-03-10 22:00:00,5.490321159,0.5494712252530306
12647,2020-03-10 23:00:00,5.853660583,0.7078641659848445
12648,2020-03-11 00:00:00,6.130436897,0.06676733996030593
12649,2020-03-11 01:00:00,6.180344582,0.27944868790114985
12650,2020-03-11 02:00:00,6.233573914,0.15092239471652558
12651,2020-03-11 03:00:00,6.378356457,0.9073780450782665
12652,2020-03-11 04:00:00,6.419695854,0.10834403440193752
12653,2020-03-11 05:00:00,6.460371971,0.3547102681999388
12654,2020-03-11 06:00:00,6.520109177,0.6969485415627223
12655,2020-03-11 07:00:00,6.555569172,0.8690687624565511
12656,2020-03-11 08:00:00,6.60469532,0.20506354883793154
12657,2020-03-11 09:00:00,6.643388748,0.7783300592315245
12658,2020-03-11 10:00:00,6.678928375,0.9102168450860741
12659,2020-03-11 11:00:00,6.720286846,0.5914694784902936
12660,2020-03-11 12:00:00,6.756639481,0.8137797325819227
12661,2020-03-11 13:00:00,6.779558659,0.3260986554553038
12662,2020-03-11 14:00:00,6.809488297,0.8128518236211908
12663,2020-03-11 15:00:00,6.856264114,0.7791818488182879
12664,2020-03-11 16:00:00,6.889217377,0.2794557732179992
12665,2020-03-11 17:00:00,6.943374634,0.7126384736794332
12666,2020-03-11 18:00:00,7.149912834,0.3591298235607113
12667,2020-03-11 19:00:00,7.800049782,0.515784441549168
12668,2020-03-11 20:00:00,8.577675819,0.7122277985183038
12669,2020-03-11 21:00:00,8.963171005,0.10699452677654941
12670,2020-03-11 22:00:00,7.206393242,0.7660428666753215
12671,2020-03-11 23:00:00,7.642907143,0.36049202679324865
12672,2020-03-12 00:00:00,7.950133324,0.5355979445103839
12673,2020-03-12 01:00:00,7.984998703,0.22818798883776492
12674,2020-03-12 02:00:00,7.979186535,0.7296323340922619
12675,2020-03-12 03:00:00,7.974580765,0.9689665633311134
12676,2020-03-12 04:00:00,7.935153961,0.07837027002542563
12677,2020-03-12 05:00:00,7.953536034,0.8731770959143684
12678,2020-03-12 06:00:00,7.998413086,0.3806861831757844
12679,2020-03-12 07:00:00,8.047684669,0.08477612036989612
12680,2020-03-12 08:00:00,8.103057861,0.4306529757248222
12681,2020-03-12 09:00:00,8.155592918,0.580092889294748
12682,2020-03-12 10:00:00,8.203752518,0.2767080942825657
12683,2020-03-12 11:00:00,8.253913879,0.02888659362217927
12684,2020-03-12 12:00:00,8.30050087,0.027273841035292956
12685,2020-03-12 13:00:00,8.339323997,0.1813879245678388
12686,2020-03-12 14:00:00,8.382904053,0.2863257505005712
12687,2020-03-12 15:00:00,8.420048714,0.24194052494174467
12688,2020-03-12 16:00:00,8.443063736,0.14450259346043437
12689,2020-03-12 17:00:00,8.427181244,0.294825533785246
12690,2020-03-12 18:00:00,8.370095253,0.17589446710686973
12691,2020-03-12 19:00:00,8.160284042,0.2741462854138227
12692,2020-03-12 20:00:00,5.771843433,0.3285527286823219
12693,2020-03-12 21:00:00,1.534484148,0.7545455861958632
12694,2020-03-12 22:00:00,1.441088438,0.012414214398482226
12695,2020-03-12 23:00:00,0.470578671,0.3909152666834197
12696,2020-03-13 00:00:00,0.475915283,0.9796962743992164
12697,2020-03-13 01:00:00,0.480400622,0.05740611969747633
12698,2020-03-13 02:00:00,0.471229255,0.4148550145941704
12699,2020-03-13 03:00:00,0.451690584,0.1509963497352429
12700,2020-03-13 04:00:00,0.452486128,0.9147238936041127
12701,2020-03-13 05:00:00,0.451438546,0.18341180301416615
12702,2020-03-13 06:00:00,0.450878203,0.3796983401176257
12703,2020-03-13 07:00:00,1.314610481,0.6373229233189518
12704,2020-03-13 08:00:00,2.229691029,0.0117500903880986
12705,2020-03-13 09:00:00,3.207187653,0.13027035744989945
12706,2020-03-13 10:00:00,4.223240852,0.038468497467628704
12707,2020-03-13 11:00:00,5.349588394,0.9581395552958213
12708,2020-03-13 12:00:00,6.837180138,0.7972118080143992
12709,2020-03-13 13:00:00,9.414101601,0.12662738059590561
12710,2020-03-13 14:00:00,12.271531105,0.1789989380176693
12711,2020-03-13 15:00:00,15.479434013,0.7880087168195757
12712,2020-03-13 16:00:00,18.314533234,0.8482621042614309
12713,2020-03-13 17:00:00,21.33728981,0.677283803919998
12714,2020-03-13 18:00:00,24.805084229,0.06003721213383517
12715,2020-03-13 19:00:00,27.851675034,0.8197302009622118
12716,2020-03-13 20:00:00,29.265758514,0.7659426607351296
12717,2020-03-13 21:00:00,30.439746857,0.7243540872827234
12718,2020-03-13 22:00:00,31.658672333,0.07342132198551776
12719,2020-03-13 23:00:00,32.888328552,0.4290077397138832
12720,2020-03-14 00:00:00,34.134304047,0.561929158974713
12721,2020-03-14 01:00:00,34.63520813,0.7165421001236215
12722,2020-03-14 02:00:00,35.139163971,0.6921888770813196
12723,2020-03-14 03:00:00,35.632385254,0.49230570201669177
12724,2020-03-14 04:00:00,36.126590729,0.7933421708099979
12725,2020-03-14 05:00:00,36.621452332,0.6334139115142144
12726,2020-03-14 06:00:00,37.117599487,0.9858746406840015
12727,2020-03-14 07:00:00,37.127212524,0.7114975582041234
12728,2020-03-14 08:00:00,37.134960175,0.9455127404322463
12729,2020-03-14 09:00:00,37.14440918,0.38177807394107677
12730,2020-03-14 10:00:00,37.1536026,0.9671261733108646
12731,2020-03-14 11:00:00,37.159664154,0.9308591205340958
12732,2020-03-14 12:00:00,37.168037415,0.22401774817321107
12733,2020-03-14 13:00:00,37.65719986,0.8134698029873622
12734,2020-03-14 14:00:00,37.970352173,0.4670030247693434
12735,2020-03-14 15:00:00,38.281703949,0.7370743443399778
12736,2020-03-14 16:00:00,38.590618134,0.5062846457113046
12737,2020-03-14 17:00:00,38.883968353,0.14379814410399805
12738,2020-03-14 18:00:00,39.166275024,0.3341678227370257
12739,2020-03-14 19:00:00,39.128398895,0.47522643284643473
12740,2020-03-14 20:00:00,39.07459259,0.06450888151470802
12741,2020-03-14 21:00:00,39.008720398,0.7073179375560401
12742,2020-03-14 22:00:00,38.912261963,0.8400546379080301
12743,2020-03-14 23:00:00,38.82465744,0.7416980894040137
12744,2020-03-15 00:00:00,38.839168549,0.13891348979356577
12745,2020-03-15 01:00:00,38.851787567,0.27855532685874385
12746,2020-03-15 02:00:00,38.865661621,0.5134011846122627
12747,2020-03-15 03:00:00,38.878803253,0.3800492439146952
12748,2020-03-15 04:00:00,38.889816284,0.5488701336561768
12749,2020-03-15 05:00:00,38.894500732,0.24725479132282369
12750,2020-03-15 06:00:00,38.888805389,0.2030161886683538
12751,2020-03-15 07:00:00,38.879585266,0.3467053065406225
12752,2020-03-15 08:00:00,38.867973328,0.6831567038426649
12753,2020-03-15 09:00:00,38.850574493,0.005083197566013609
12754,2020-03-15 10:00:00,38.831062317,0.2863948442986465
12755,2020-03-15 11:00:00,38.809486389,0.7351239244012573
12756,2020-03-15 12:00:00,38.792167664,0.368797541882701
12757,2020-03-15 13:00:00,38.772956848,0.22694745592207588
12758,2020-03-15 14:00:00,38.751720428,0.9862887695419668
12759,2020-03-15 15:00:00,38.732810974,0.7000739299644756
12760,2020-03-15 16:00:00,38.707435608,0.2192865646540174
12761,2020-03-15 17:00:00,38.665039062,0.8892734723771891
12762,2020-03-15 18:00:00,38.610305786,0.5594798756012423
12763,2020-03-15 19:00:00,38.552516937,0.3141605438751216
12764,2020-03-15 20:00:00,38.457519531,0.709629799187418
12765,2020-03-15 21:00:00,38.282176971,0.04359644138691887
12766,2020-03-15 22:00:00,37.885223389,0.6454767182257884
12767,2020-03-15 23:00:00,37.390956879,0.20472864719577433
12768,2020-03-16 00:00:00,37.011585236,0.31042488791064926
12769,2020-03-16 01:00:00,36.698204041,0.4306670234642377
12770,2020-03-16 02:00:00,36.432022095,0.8893214376818037
12771,2020-03-16 03:00:00,36.213897705,0.6302726455385417
12772,2020-03-16 04:00:00,36.043151855,0.5562031042112391
12773,2020-03-16 05:00:00,35.902809143,0.5739284893872691
12774,2020-03-16 06:00:00,35.789470673,0.22809488247217602
12775,2020-03-16 07:00:00,35.698364258,0.538498832371614
12776,2020-03-16 08:00:00,35.627738953,0.9957243071209693
12777,2020-03-16 09:00:00,35.578601837,0.10317800079402162
12778,2020-03-16 10:00:00,35.547775269,0.8554687412651616
12779,2020-03-16 11:00:00,35.533725739,0.6509245130382326
12780,2020-03-16 12:00:00,35.534484863,0.22950835730524743
12781,2020-03-16 13:00:00,35.543411255,0.2611627309080694
12782,2020-03-16 14:00:00,35.552688599,0.9575359606393165
12783,2020-03-16 15:00:00,35.559547424,0.2793146549013794
12784,2020-03-16 16:00:00,35.559402466,0.6039186597376952
12785,2020-03-16 17:00:00,35.5442276,0.1255347061269132
12786,2020-03-16 18:00:00,35.506885529,0.029839188843169495
12787,2020-03-16 19:00:00,35.451019287,0.03015173549464878
12788,2020-03-16 20:00:00,35.316623688,0.20564051895905344
12789,2020-03-16 21:00:00,34.91318512,0.41825007344286314
12790,2020-03-16 22:00:00,34.347480774,0.8970271365001818
12791,2020-03-16 23:00:00,33.607494354,0.3535064536997604
12792,2020-03-17 00:00:00,33.082057953,0.9416686283374621
12793,2020-03-17 01:00:00,32.644248962,0.045249332165509526
12794,2020-03-17 02:00:00,32.27696228,0.12361909097683221
12795,2020-03-17 03:00:00,31.97756958,0.9517500293487692
12796,2020-03-17 04:00:00,31.729614258,0.2703317659421083
12797,2020-03-17 05:00:00,31.520179749,0.5915514167962284
12798,2020-03-17 06:00:00,31.347511292,0.9720237469061486
12799,2020-03-17 07:00:00,31.2078228,0.5037845541307514
12800,2020-03-17 08:00:00,31.087272644,0.10150124608165911
12801,2020-03-17 09:00:00,30.984834671,0.8983600076302748
12802,2020-03-17 10:00:00,30.896938324,0.839756172424384
12803,2020-03-17 11:00:00,30.827148438,0.8642371694475233
12804,2020-03-17 12:00:00,30.76966095,0.817848430505962
12805,2020-03-17 13:00:00,30.722345352,0.21930362210188203
12806,2020-03-17 14:00:00,30.682132721,0.8067475383005652
12807,2020-03-17 15:00:00,30.650842667,0.4967126135796186
12808,2020-03-17 16:00:00,30.615533829,0.6190844400453699
12809,2020-03-17 17:00:00,30.566764832,0.8319233098270626
12810,2020-03-17 18:00:00,30.506446838,0.10949451882060401
12811,2020-03-17 19:00:00,30.423143387,0.4250706435459667
12812,2020-03-17 20:00:00,30.165967941,0.6131739164580821
12813,2020-03-17 21:00:00,29.633934021,0.1061155004862695
12814,2020-03-17 22:00:00,28.897886276,0.6990256067209596
12815,2020-03-17 23:00:00,28.09582901,0.8223435735651508
12816,2020-03-18 00:00:00,27.478610992,0.4347316035176749
12817,2020-03-18 01:00:00,26.969875336,0.5483388988749838
12818,2020-03-18 02:00:00,26.56035614,0.9533384552732627
12819,2020-03-18 03:00:00,26.231519699,0.8763822112399419
12820,2020-03-18 04:00:00,25.961526871,0.6330050635401556
12821,2020-03-18 05:00:00,25.74107933,0.9442358833987609
12822,2020-03-18 06:00:00,25.557279587,0.28110904981227436
12823,2020-03-18 07:00:00,25.404628754,0.25130371076218705
12824,2020-03-18 08:00:00,25.283000946,0.7177592662967877
12825,2020-03-18 09:00:00,25.181674957,0.864615982010991
12826,2020-03-18 10:00:00,25.102140427,0.22163645403600452
12827,2020-03-18 11:00:00,25.041801453,0.8749002157424132
12828,2020-03-18 12:00:00,24.996009827,0.25358020163266515
12829,2020-03-18 13:00:00,24.966182709,0.41626301588130465
12830,2020-03-18 14:00:00,24.952062607,0.6576334082449133
12831,2020-03-18 15:00:00,24.945810318,0.7391102788464531
12832,2020-03-18 16:00:00,24.936868668,0.511435735330736
12833,2020-03-18 17:00:00,24.919582367,0.2840097582693202
12834,2020-03-18 18:00:00,24.888347626,0.17889684063203093
12835,2020-03-18 19:00:00,24.849451065,0.4874623999034312
12836,2020-03-18 20:00:00,24.790632248,0.3317061945404455
12837,2020-03-18 21:00:00,24.661397934,0.7557022005271116
12838,2020-03-18 22:00:00,24.331735611,0.9311346090687272
12839,2020-03-18 23:00:00,23.968364716,0.0254613876230112
12840,2020-03-19 00:00:00,23.700817108,0.4344014804319327
12841,2020-03-19 01:00:00,24.063121796,0.045755921344605266
12842,2020-03-19 02:00:00,24.507120132,0.46473482963097845
12843,2020-03-19 03:00:00,25.085535049,0.7442548406726779
12844,2020-03-19 04:00:00,25.796756744,0.19400863919706135
12845,2020-03-19 05:00:00,26.373861313,0.12874621183271917
12846,2020-03-19 06:00:00,27.098909378,0.24881967818021322
12847,2020-03-19 07:00:00,31.241933823,0.42064853956494774
12848,2020-03-19 08:00:00,36.330783844,0.21384745016966045
12849,2020-03-19 09:00:00,43.449733734,0.7151637048779694
12850,2020-03-19 10:00:00,48.255779266,0.05217562667641196
12851,2020-03-19 11:00:00,53.044281006,0.8731636176325172
12852,2020-03-19 12:00:00,57.835613251,0.19630442204648424
12853,2020-03-19 13:00:00,58.515777588,0.16573938008779387
12854,2020-03-19 14:00:00,59.196418762,0.1039923867667295
12855,2020-03-19 15:00:00,59.871253967,0.8015504591608748
12856,2020-03-19 16:00:00,60.53975296,0.6852730914693987
12857,2020-03-19 17:00:00,61.194461823,0.37672426482500077
12858,2020-03-19 18:00:00,61.829563141,0.4099499408069648
12859,2020-03-19 19:00:00,62.975482941,0.8379642019937634
12860,2020-03-19 20:00:00,64.097229004,0.966440526379347
12861,2020-03-19 21:00:00,65.192649841,0.3451358670378767
12862,2020-03-19 22:00:00,66.288833618,0.47663577281998726
12863,2020-03-19 23:00:00,67.418083191,0.7273032294747607
12864,2020-03-20 00:00:00,68.632545471,0.6927559504842868
12865,2020-03-20 01:00:00,68.940887451,0.5992349543756555
12866,2020-03-20 02:00:00,69.246040344,0.12015319532396207
12867,2020-03-20 03:00:00,69.550300598,0.04335277822526984
12868,2020-03-20 04:00:00,69.855255127,0.4612511718769857
12869,2020-03-20 05:00:00,70.160560608,0.28627733378355924
12870,2020-03-20 06:00:00,70.462623596,0.7698292169903774
12871,2020-03-20 07:00:00,70.603942871,0.43594904687919755
12872,2020-03-20 08:00:00,70.746238708,0.8274910574894092
12873,2020-03-20 09:00:00,70.888687134,0.08198656727528042
12874,2020-03-20 10:00:00,71.029937744,0.23934676830955148
12875,2020-03-20 11:00:00,71.175094604,0.15326804969080943
12876,2020-03-20 12:00:00,71.319717407,0.4500574717053043
12877,2020-03-20 13:00:00,71.744567871,0.7725482501662448
12878,2020-03-20 14:00:00,72.169624329,0.8919083260897104
12879,2020-03-20 15:00:00,72.593414307,0.3823899479874525
12880,2020-03-20 16:00:00,73.013496399,0.8630039807432676
12881,2020-03-20 17:00:00,73.423233032,0.08750801388939566
12882,2020-03-20 18:00:00,73.814796448,0.023031356155888916
12883,2020-03-20 19:00:00,74.07144928,0.7593386418695233
12884,2020-03-20 20:00:00,74.315795898,0.8229602506089191
12885,2020-03-20 21:00:00,74.521087646,0.9641408357259398
12886,2020-03-20 22:00:00,74.731338501,0.3073317514088195
12887,2020-03-20 23:00:00,74.959228516,0.1878928531886931
12888,2020-03-21 00:00:00,75.268188477,0.10015943112889736
12889,2020-03-21 01:00:00,75.275161743,0.5231990031225812
12890,2020-03-21 02:00:00,75.279846191,0.13301799974450512
12891,2020-03-21 03:00:00,75.285369873,0.1326597211956676
12892,2020-03-21 04:00:00,75.290222168,0.7619995691667734
12893,2020-03-21 05:00:00,75.293151855,0.57229881537642
12894,2020-03-21 06:00:00,75.29598999,0.3728101081419336
12895,2020-03-21 07:00:00,75.298629761,0.7200933871932766
12896,2020-03-21 08:00:00,75.301483154,0.3628666482540306
12897,2020-03-21 09:00:00,75.30480957,0.14748533753827442
12898,2020-03-21 10:00:00,75.309341431,0.38054095695017354
12899,2020-03-21 11:00:00,75.314987183,0.006034438331257386
12900,2020-03-21 12:00:00,75.323638916,0.009130764839642036
12901,2020-03-21 13:00:00,75.630966187,0.8306662191149307
12902,2020-03-21 14:00:00,75.844406128,0.020098137916011116
12903,2020-03-21 15:00:00,76.148094177,0.8380814690610743
12904,2020-03-21 16:00:00,76.346359253,0.10921690548918184
12905,2020-03-21 17:00:00,76.521514893,0.4564966392406504
12906,2020-03-21 18:00:00,76.77822876,0.8878867841737463
12907,2020-03-21 19:00:00,77.695625305,0.00576316614573591
12908,2020-03-21 20:00:00,78.587234497,0.8997001555894771
12909,2020-03-21 21:00:00,79.467926025,0.1742367508298185
12910,2020-03-21 22:00:00,80.365135193,0.9190517302680815
12911,2020-03-21 23:00:00,81.280105591,0.533757675252447
12912,2020-03-22 00:00:00,82.275184631,0.8997419065147325
12913,2020-03-22 01:00:00,82.286705017,0.25675246859720324
12914,2020-03-22 02:00:00,82.296257019,0.2942611439393056
12915,2020-03-22 03:00:00,82.308685303,0.09284469339183687
12916,2020-03-22 04:00:00,82.323471069,0.19905165092734511
12917,2020-03-22 05:00:00,82.336654663,0.9190904566110665
12918,2020-03-22 06:00:00,82.340156555,0.7503731778923779
12919,2020-03-22 07:00:00,82.331802368,0.5325650148482926
12920,2020-03-22 08:00:00,82.315895081,0.5750327162984735
12921,2020-03-22 09:00:00,82.288261414,0.717185499524088
12922,2020-03-22 10:00:00,82.2551651,0.8784844271820902
12923,2020-03-22 11:00:00,82.222106934,0.18070836066546747
12924,2020-03-22 12:00:00,82.192512512,0.8764246033680614
12925,2020-03-22 13:00:00,82.399093628,0.024759449011395707
12926,2020-03-22 14:00:00,82.607536316,0.9944321627514158
12927,2020-03-22 15:00:00,82.815711975,0.9609909345876014
12928,2020-03-22 16:00:00,83.017051697,0.06716697423163787
12929,2020-03-22 17:00:00,83.200538635,0.7427974818107781
12930,2020-03-22 18:00:00,83.365936279,0.832527271039815
12931,2020-03-22 19:00:00,83.276039124,0.05068508369453517
12932,2020-03-22 20:00:00,83.163032532,0.6911652675481221
12933,2020-03-22 21:00:00,82.772415161,0.23928093103512726
12934,2020-03-22 22:00:00,82.143096924,0.6220133711688074
12935,2020-03-22 23:00:00,81.690689087,0.6691824566507218
12936,2020-03-23 00:00:00,81.380462646,0.7863227563320456
12937,2020-03-23 01:00:00,81.118339539,0.9490463079972797
12938,2020-03-23 02:00:00,80.893356323,0.0006364679379394778
12939,2020-03-23 03:00:00,80.701812744,0.18834787779556228
12940,2020-03-23 04:00:00,80.538490295,0.5433397952072577
12941,2020-03-23 05:00:00,80.400245667,0.321859930714527
12942,2020-03-23 06:00:00,80.282142639,0.061640676268152284
12943,2020-03-23 07:00:00,80.181747437,0.5961846467971572
12944,2020-03-23 08:00:00,80.095695496,0.3994566601359999
12945,2020-03-23 09:00:00,80.019821167,0.756664663974898
12946,2020-03-23 10:00:00,79.952857971,0.889733779260453
12947,2020-03-23 11:00:00,79.894165039,0.9210243997453869
12948,2020-03-23 12:00:00,79.843688965,0.06577235071875498
12949,2020-03-23 13:00:00,79.797729492,0.760775669932793
12950,2020-03-23 14:00:00,79.758232117,0.13594168366704618
12951,2020-03-23 15:00:00,79.715942383,0.6419789927289912
12952,2020-03-23 16:00:00,79.662796021,0.20873431854971392
12953,2020-03-23 17:00:00,79.594161987,0.6213501917498162
12954,2020-03-23 18:00:00,79.521110535,0.24333225642593237
12955,2020-03-23 19:00:00,79.694602966,0.9507976764585349
12956,2020-03-23 20:00:00,79.854820251,0.6942546261433608
12957,2020-03-23 21:00:00,79.940063477,0.44011466762398455
12958,2020-03-23 22:00:00,79.78502655,0.46031581510357755
12959,2020-03-23 23:00:00,79.550575256,0.23134097672319565
12960,2020-03-24 00:00:00,79.47290802,0.505803685922488
12961,2020-03-24 01:00:00,79.456634521,0.5173316432797156
12962,2020-03-24 02:00:00,79.49697113,0.44338981560911184
12963,2020-03-24 03:00:00,79.558601379,0.6669086111985415
12964,2020-03-24 04:00:00,79.661804199,0.6415510197903445
12965,2020-03-24 05:00:00,79.78767395,0.09081722860121
12966,2020-03-24 06:00:00,79.9427948,0.5221557968377689
12967,2020-03-24 07:00:00,79.858840942,0.5118490001390558
12968,2020-03-24 08:00:00,79.78918457,0.986899476911044
12969,2020-03-24 09:00:00,79.730239868,0.4917599012242184
12970,2020-03-24 10:00:00,79.681541443,0.8883558387903691
12971,2020-03-24 11:00:00,79.641906738,0.8946617542514229
12972,2020-03-24 12:00:00,79.609146118,0.4557916749805615
12973,2020-03-24 13:00:00,79.579994202,0.6322774867975337
12974,2020-03-24 14:00:00,79.556777954,0.834593214255006
12975,2020-03-24 15:00:00,79.535232544,0.8901252320297132
12976,2020-03-24 16:00:00,79.502929688,0.6589196258362159
12977,2020-03-24 17:00:00,79.455085754,0.8883160045547173
12978,2020-03-24 18:00:00,79.385055542,0.050567526700201815
12979,2020-03-24 19:00:00,79.294219971,0.04179713243864147
12980,2020-03-24 20:00:00,79.048965454,0.1316798394820029
12981,2020-03-24 21:00:00,78.496002197,0.10117947079349432
12982,2020-03-24 22:00:00,77.694252014,0.24117656268499021
12983,2020-03-24 23:00:00,77.112724304,0.6064972901332089
12984,2020-03-25 00:00:00,76.699401855,0.8579453868260803
12985,2020-03-25 01:00:00,76.35509491,0.6229472134090862
12986,2020-03-25 02:00:00,76.066192627,0.4099886639346193
12987,2020-03-25 03:00:00,75.825820923,0.8540346422056021
12988,2020-03-25 04:00:00,75.628829956,0.5125185748265272
12989,2020-03-25 05:00:00,75.466285706,0.8824265680932173
12990,2020-03-25 06:00:00,75.332321167,0.8266967502609461
12991,2020-03-25 07:00:00,75.22416687,0.03574506416153478
12992,2020-03-25 08:00:00,75.134208679,0.6615346311582687
12993,2020-03-25 09:00:00,75.058364868,0.3824475267292671
12994,2020-03-25 10:00:00,74.994415283,0.7140096160462888
12995,2020-03-25 11:00:00,74.940811157,0.5041994757601586
12996,2020-03-25 12:00:00,74.891517639,0.32485992755082427
12997,2020-03-25 13:00:00,74.847938538,0.6181264201026041
12998,2020-03-25 14:00:00,74.812194824,0.4725904822585455
12999,2020-03-25 15:00:00,74.776916504,0.39888821380137107
13000,2020-03-25 16:00:00,74.738868713,0.1626957161801279
13001,2020-03-25 17:00:00,74.679824829,0.005481546227364076
13002,2020-03-25 18:00:00,74.599563599,0.45201292171558327
13003,2020-03-25 19:00:00,74.496101379,0.18360871953610802
13004,2020-03-25 20:00:00,74.37802124,0.8440984909720732
13005,2020-03-25 21:00:00,73.977050781,0.10245350649837293
13006,2020-03-25 22:00:00,73.343696594,0.7261222528175336
13007,2020-03-25 23:00:00,72.616569519,0.1151758716345117
13008,2020-03-26 00:00:00,72.111366272,0.08508370710836488
13009,2020-03-26 01:00:00,71.695587158,0.03393473382275758
13010,2020-03-26 02:00:00,71.35193634,0.6748467776500081
13011,2020-03-26 03:00:00,71.061149597,0.3663690263291013
13012,2020-03-26 04:00:00,70.81577301,0.7464589317059269
13013,2020-03-26 05:00:00,70.609733582,0.7065512276299314
13014,2020-03-26 06:00:00,70.433532715,0.5468101192952098
13015,2020-03-26 07:00:00,70.284339905,0.7114410316199281
13016,2020-03-26 08:00:00,70.155426025,0.29592599162659583
13017,2020-03-26 09:00:00,70.04045105,0.3360242858334448
13018,2020-03-26 10:00:00,69.944343567,0.37407636622343376
13019,2020-03-26 11:00:00,69.863616943,0.5930041709334795
13020,2020-03-26 12:00:00,69.796073914,0.5202733122934196
13021,2020-03-26 13:00:00,69.741355896,0.05491937058045537
13022,2020-03-26 14:00:00,69.699768066,0.9778590565685341
13023,2020-03-26 15:00:00,69.667602539,0.5835430465993857
13024,2020-03-26 16:00:00,69.62789917,0.47526624896831404
13025,2020-03-26 17:00:00,69.571983337,0.06954509654165197
13026,2020-03-26 18:00:00,69.494941711,0.34094423218929926
13027,2020-03-26 19:00:00,69.347503662,0.9401216935549488
13028,2020-03-26 20:00:00,68.910697937,0.32062432111795935
13029,2020-03-26 21:00:00,68.261276245,0.5784158435156544
13030,2020-03-26 22:00:00,67.445838928,0.18656600310556382
13031,2020-03-26 23:00:00,66.588150024,0.19598088229517208
13032,2020-03-27 00:00:00,65.947677612,0.3449910233726554
13033,2020-03-27 01:00:00,65.424697876,0.891456675350687
13034,2020-03-27 02:00:00,64.992362976,0.035713464577328935
13035,2020-03-27 03:00:00,64.637794495,0.8080803553864931
13036,2020-03-27 04:00:00,64.344200134,0.326234374236105
13037,2020-03-27 05:00:00,64.101112366,0.9394645211163415
13038,2020-03-27 06:00:00,63.903579712,0.3776433592755293
13039,2020-03-27 07:00:00,63.742904663,0.28073228559449404
13040,2020-03-27 08:00:00,63.614879608,0.9869021446516005
13041,2020-03-27 09:00:00,63.505516052,0.8506398141410647
13042,2020-03-27 10:00:00,63.414375305,0.13356224539702855
13043,2020-03-27 11:00:00,63.338459015,0.8284692829353304
13044,2020-03-27 12:00:00,63.278274536,0.5286277124167343
13045,2020-03-27 13:00:00,63.271282196,0.9569423820875368
13046,2020-03-27 14:00:00,63.313426971,0.10165309149930246
13047,2020-03-27 15:00:00,63.340244293,0.8541965117968504
13048,2020-03-27 16:00:00,63.343887329,0.18440175078866172
13049,2020-03-27 17:00:00,63.360313416,0.7270234469000728
13050,2020-03-27 18:00:00,63.366676331,0.41828618600398326
13051,2020-03-27 19:00:00,63.381965637,0.6627614914331048
13052,2020-03-27 20:00:00,63.363162994,0.7118298270411402
13053,2020-03-27 21:00:00,63.31937027,0.9034971314541922
13054,2020-03-27 22:00:00,63.266025543,0.16195558961495504
13055,2020-03-27 23:00:00,63.183876038,0.7495170858494323
13056,2020-03-28 00:00:00,63.167766571,0.30290870062041886
13057,2020-03-28 01:00:00,63.214641571,0.9895766720289907
13058,2020-03-28 02:00:00,63.247051239,0.3274820613934971
13059,2020-03-28 03:00:00,63.282035828,0.8668273967448064
13060,2020-03-28 04:00:00,63.337333679,0.7804826515799058
13061,2020-03-28 05:00:00,63.393295288,0.7924237895323216
13062,2020-03-28 06:00:00,63.433872223,0.9171243940199273
13063,2020-03-28 07:00:00,63.43529129,0.32507545310291164
13064,2020-03-28 08:00:00,63.435447693,0.48301600145526846
13065,2020-03-28 09:00:00,63.43693161,0.9667538891018466
13066,2020-03-28 10:00:00,63.438846588,0.8791789577293269
13067,2020-03-28 11:00:00,63.441677094,0.835080774759746
13068,2020-03-28 12:00:00,63.444339752,0.995986746698251
13069,2020-03-28 13:00:00,63.447570801,0.29209856043359805
13070,2020-03-28 14:00:00,63.453048706,0.06442069590979471
13071,2020-03-28 15:00:00,63.456905365,0.5795544618026979
13072,2020-03-28 16:00:00,63.453578949,0.324896822860837
13073,2020-03-28 17:00:00,63.433761597,0.16938166055854986
13074,2020-03-28 18:00:00,63.395118713,0.10731909420998631
13075,2020-03-28 19:00:00,63.332767487,0.4649433655217112
13076,2020-03-28 20:00:00,63.249023438,0.8760087611780273
13077,2020-03-28 21:00:00,63.138214111,0.38177030925740085
13078,2020-03-28 22:00:00,63.036739349,0.06550651843836797
13079,2020-03-28 23:00:00,62.955944061,0.6325160182424518
13080,2020-03-29 00:00:00,62.952991486,0.988209460531538
13081,2020-03-29 01:00:00,62.950336456,0.5088513894165113
13082,2020-03-29 02:00:00,62.947174072,0.17827681120181194
13083,2020-03-29 03:00:00,62.946292877,0.7021956150443994
13084,2020-03-29 04:00:00,62.947624207,0.9796654879224768
13085,2020-03-29 05:00:00,62.94960022,0.48378593979468054
13086,2020-03-29 06:00:00,62.951309204,0.4718466294279018
13087,2020-03-29 07:00:00,62.954402924,0.026792673968865865
13088,2020-03-29 08:00:00,62.958114624,0.159816575713017
13089,2020-03-29 09:00:00,62.962089539,0.3806479112438014
13090,2020-03-29 10:00:00,62.967788696,0.8830136374060615
13091,2020-03-29 11:00:00,62.973335266,0.32144601093419756
13092,2020-03-29 12:00:00,62.978321075,0.755837553347111
13093,2020-03-29 13:00:00,63.078765869,0.30553987219406686
13094,2020-03-29 14:00:00,63.248668671,0.4616281634113223
13095,2020-03-29 15:00:00,63.416145325,0.24302709451842786
13096,2020-03-29 16:00:00,63.579784393,0.5156327975855631
13097,2020-03-29 17:00:00,63.724971771,0.1250660454316911
13098,2020-03-29 18:00:00,63.865058899,0.9558173259876239
13099,2020-03-29 19:00:00,63.997486115,0.710458119139924
13100,2020-03-29 20:00:00,64.120750427,0.8034908740944997
13101,2020-03-29 21:00:00,64.226387024,0.6327466139296316
13102,2020-03-29 22:00:00,64.316741943,0.05832532672424784
13103,2020-03-29 23:00:00,64.385620117,0.7083666186247543
13104,2020-03-30 00:00:00,64.546585083,0.4524969958216952
13105,2020-03-30 01:00:00,64.7081604,0.5080608528967325
13106,2020-03-30 02:00:00,64.868927002,0.6310738405407483
13107,2020-03-30 03:00:00,65.03112793,0.9986729168461148
13108,2020-03-30 04:00:00,65.193466187,0.042196039549691644
13109,2020-03-30 05:00:00,65.357467651,0.5746179500417103
13110,2020-03-30 06:00:00,65.522285461,0.03884456144768378
13111,2020-03-30 07:00:00,66.020629883,0.21855654766792965
13112,2020-03-30 08:00:00,66.520057678,0.1314319504641528
13113,2020-03-30 09:00:00,67.020439148,0.25933020625470815
13114,2020-03-30 10:00:00,67.526870728,0.5965010993163057
13115,2020-03-30 11:00:00,68.027648926,0.3764299485992688
13116,2020-03-30 12:00:00,68.530677795,0.9707700897638574
13117,2020-03-30 13:00:00,68.73349762,0.044648928236407315
13118,2020-03-30 14:00:00,68.956764221,0.6827203518848269
13119,2020-03-30 15:00:00,69.179908752,0.29487274098788563
13120,2020-03-30 16:00:00,69.385810852,0.8748160901296538
13121,2020-03-30 17:00:00,69.58707428,0.6290712249314989
13122,2020-03-30 18:00:00,69.753807068,0.2612534141310324
13123,2020-03-30 19:00:00,69.918296814,0.01730877076245163
13124,2020-03-30 20:00:00,70.042060852,0.2617726919786132
13125,2020-03-30 21:00:00,70.162498474,0.46310649400400605
13126,2020-03-30 22:00:00,70.281349182,0.059336695616062474
13127,2020-03-30 23:00:00,70.437988281,0.5415769561619385
13128,2020-03-31 00:00:00,70.662094116,0.9611987085266247
13129,2020-03-31 01:00:00,70.675178528,0.8839179752684656
13130,2020-03-31 02:00:00,70.684341431,0.883605288629801
13131,2020-03-31 03:00:00,70.68938446,0.11731989854567793
13132,2020-03-31 04:00:00,70.688697815,0.9199888379113004
13133,2020-03-31 05:00:00,70.6900177,0.7205981221865287
13134,2020-03-31 06:00:00,70.697265625,0.31936832734974263
13135,2020-03-31 07:00:00,70.704963684,0.287003783042447
13136,2020-03-31 08:00:00,70.712791443,0.9320013283454817
13137,2020-03-31 09:00:00,70.720085144,0.6764436474132489
13138,2020-03-31 10:00:00,70.72795105,0.9769883414692443
13139,2020-03-31 11:00:00,70.736976624,0.11453184549238615
13140,2020-03-31 12:00:00,70.744812012,0.94146641375037
13141,2020-03-31 13:00:00,70.750022888,0.3855682529648923
13142,2020-03-31 14:00:00,70.757858276,0.21964861360576238
13143,2020-03-31 15:00:00,70.768211365,0.6725264878550585
13144,2020-03-31 16:00:00,70.766532898,0.2716251287601935
13145,2020-03-31 17:00:00,70.737449646,0.3955275110059858
13146,2020-03-31 18:00:00,70.692939758,0.4464264828968241
13147,2020-03-31 19:00:00,70.614532471,0.3380141923897121
13148,2020-03-31 20:00:00,70.514801025,0.4311851995040483
13149,2020-03-31 21:00:00,70.352241516,0.7327363832879444
13150,2020-03-31 22:00:00,69.968315125,0.36012886532354915
13151,2020-03-31 23:00:00,69.473320007,0.9259460710141658
13152,2020-04-01 00:00:00,69.136207581,0.8294975326713877
13153,2020-04-01 01:00:00,68.857147217,0.9205311898315849
13154,2020-04-01 02:00:00,68.623397827,0.41581243187015116
13155,2020-04-01 03:00:00,68.426986694,0.6245058676982226
13156,2020-04-01 04:00:00,68.266723633,0.275390258342774
13157,2020-04-01 05:00:00,68.136734009,0.8162782957186187
13158,2020-04-01 06:00:00,68.031448364,0.675377080666231
13159,2020-04-01 07:00:00,67.946929932,0.6441484997895679
13160,2020-04-01 08:00:00,67.878173828,0.33234120098531306
13161,2020-04-01 09:00:00,67.821678162,0.5232754681852002
13162,2020-04-01 10:00:00,67.775611877,0.8419259955319864
13163,2020-04-01 11:00:00,67.738067627,0.852398479320173
13164,2020-04-01 12:00:00,67.709281921,0.24193604265030189
13165,2020-04-01 13:00:00,67.686935425,0.4285209405980044
13166,2020-04-01 14:00:00,67.671089172,0.3222615879456362
13167,2020-04-01 15:00:00,67.661659241,0.09491810048652072
13168,2020-04-01 16:00:00,67.646492004,0.5070575406011725
13169,2020-04-01 17:00:00,67.612045288,0.6309544863066477
13170,2020-04-01 18:00:00,67.545219421,0.9642171503237431
13171,2020-04-01 19:00:00,67.452033997,0.9589264883449414
13172,2020-04-01 20:00:00,67.260803223,0.9674624545013868
13173,2020-04-01 21:00:00,66.76764679,0.1330613300694189
13174,2020-04-01 22:00:00,66.050064087,0.028708598402169994
13175,2020-04-01 23:00:00,65.137458801,0.7545047065140956
13176,2020-04-02 00:00:00,64.472320557,0.8964037809132104
13177,2020-04-02 01:00:00,63.929130554,0.7158185599033279
13178,2020-04-02 02:00:00,63.481678009,0.6359458396876223
13179,2020-04-02 03:00:00,63.114574432,0.31698678059091867
13180,2020-04-02 04:00:00,62.811374664,0.7525048060434026
13181,2020-04-02 05:00:00,62.559761047,0.31917388441993133
13182,2020-04-02 06:00:00,62.360637665,0.8473150673953325
13183,2020-04-02 07:00:00,62.189094543,0.3538541671791988
13184,2020-04-02 08:00:00,62.05273819,0.16421940652689193
13185,2020-04-02 09:00:00,61.937606812,0.7740339810909663
13186,2020-04-02 10:00:00,61.845745087,0.11291853789796191
13187,2020-04-02 11:00:00,61.773113251,0.982911544310843
13188,2020-04-02 12:00:00,61.707420349,0.1858388907752725
13189,2020-04-02 13:00:00,61.655475616,0.992244664356947
13190,2020-04-02 14:00:00,61.615867615,0.9789773302450926
13191,2020-04-02 15:00:00,61.567287445,0.35512524779509536
13192,2020-04-02 16:00:00,61.515266418,0.9968718547586878
13193,2020-04-02 17:00:00,61.452713013,0.8235605794545274
13194,2020-04-02 18:00:00,61.243755341,0.7758387487059628
13195,2020-04-02 19:00:00,61.103370667,0.1649864829556934
13196,2020-04-02 20:00:00,60.752468109,0.4929854208941161
13197,2020-04-02 21:00:00,60.357620239,0.3201078967752884
13198,2020-04-02 22:00:00,59.818740845,0.23527713835534603
13199,2020-04-02 23:00:00,59.160652161,0.8011967934303558
13200,2020-04-03 00:00:00,58.741218567,0.4375488295512818
13201,2020-04-03 01:00:00,58.250427246,0.5585831868570046
13202,2020-04-03 02:00:00,57.841320038,0.9523653337754535
13203,2020-04-03 03:00:00,57.510597229,0.060843446415271396
13204,2020-04-03 04:00:00,57.239234924,0.8792137117948545
13205,2020-04-03 05:00:00,57.015491486,0.7023571027710149
13206,2020-04-03 06:00:00,56.834430695,0.8089424278229231
13207,2020-04-03 07:00:00,56.686832428,0.4754295276645355
13208,2020-04-03 08:00:00,56.566387177,0.8949806820651426
13209,2020-04-03 09:00:00,56.467124939,0.14424122029894315
13210,2020-04-03 10:00:00,56.383506775,0.9769818322460734
13211,2020-04-03 11:00:00,56.314308167,0.15377339875195317
13212,2020-04-03 12:00:00,56.256069183,0.6999667390815121
13213,2020-04-03 13:00:00,56.207050323,0.14341271886332452
13214,2020-04-03 14:00:00,56.166412354,0.36173311409528597
13215,2020-04-03 15:00:00,56.1291008,0.6835168074869638
13216,2020-04-03 16:00:00,56.089069366,0.4266180827000139
13217,2020-04-03 17:00:00,56.024196625,0.036321109601148205
13218,2020-04-03 18:00:00,55.938308716,0.21773775620214475
13219,2020-04-03 19:00:00,55.844646454,0.9911579808780588
13220,2020-04-03 20:00:00,55.582244873,0.206008677782205
13221,2020-04-03 21:00:00,55.114685059,0.7812882256588911
13222,2020-04-03 22:00:00,54.549446106,0.1271534315662025
13223,2020-04-03 23:00:00,53.983943939,0.6430697123933808
13224,2020-04-04 00:00:00,53.584522247,0.09872957074314714
13225,2020-04-04 01:00:00,53.258735657,0.921401479309228
13226,2020-04-04 02:00:00,52.990077972,0.907991375884885
13227,2020-04-04 03:00:00,52.7721138,0.8243082049107421
13228,2020-04-04 04:00:00,52.593006134,0.5087348480008397
13229,2020-04-04 05:00:00,52.445556641,0.09837218617627363
13230,2020-04-04 06:00:00,52.324680328,0.41113112548352737
13231,2020-04-04 07:00:00,52.229244232,0.7230629726681737
13232,2020-04-04 08:00:00,52.154525757,0.7857970054470858
13233,2020-04-04 09:00:00,52.087017059,0.08980438119513212
13234,2020-04-04 10:00:00,52.03080368,0.5796148286228248
13235,2020-04-04 11:00:00,51.985599518,0.3262625774129747
13236,2020-04-04 12:00:00,51.950187683,0.8836819696218059
13237,2020-04-04 13:00:00,51.922927856,0.46904885136325714
13238,2020-04-04 14:00:00,51.90178299,0.966063568473428
13239,2020-04-04 15:00:00,51.887527466,0.8152962475251914
13240,2020-04-04 16:00:00,51.872837067,0.9750225585383072
13241,2020-04-04 17:00:00,51.834209442,0.739977007804587
13242,2020-04-04 18:00:00,51.768714905,0.24727392966201345
13243,2020-04-04 19:00:00,51.684574127,0.6189709234647753
13244,2020-04-04 20:00:00,51.522212982,0.3564322293290647
13245,2020-04-04 21:00:00,51.118232727,0.054764728346623825
13246,2020-04-04 22:00:00,50.290836334,0.6942111161151933
13247,2020-04-04 23:00:00,49.438400269,0.935860822639705
13248,2020-04-05 00:00:00,48.771713257,0.9650825385579627
13249,2020-04-05 01:00:00,48.220996857,0.9883707528402439
13250,2020-04-05 02:00:00,47.769023895,0.05014018289614608
13251,2020-04-05 03:00:00,47.3996315,0.07574865479951731
13252,2020-04-05 04:00:00,47.097290039,0.24526053181638408
13253,2020-04-05 05:00:00,46.844326019,0.2853400331952789
13254,2020-04-05 06:00:00,46.631515503,0.5951452512941154
13255,2020-04-05 07:00:00,46.445709229,0.6880446063141997
13256,2020-04-05 08:00:00,46.289272308,0.7196655102647073
13257,2020-04-05 09:00:00,46.163955688,0.2705365565059874
13258,2020-04-05 10:00:00,46.062240601,0.9328676634569066
13259,2020-04-05 11:00:00,45.983184814,0.2957577227290076
13260,2020-04-05 12:00:00,45.927249908,0.601736271658364
13261,2020-04-05 13:00:00,45.892223358,0.8186187270333163
13262,2020-04-05 14:00:00,45.879364014,0.4015140710335493
13263,2020-04-05 15:00:00,45.873699188,0.9478972765955412
13264,2020-04-05 16:00:00,45.861473083,0.649049100962113
13265,2020-04-05 17:00:00,45.838005066,0.086765977857992
13266,2020-04-05 18:00:00,45.796962738,0.6312731563325371
13267,2020-04-05 19:00:00,45.73147583,0.5881296807541057
13268,2020-04-05 20:00:00,45.601463318,0.6554475824734592
13269,2020-04-05 21:00:00,45.152915955,0.5411204274169774
13270,2020-04-05 22:00:00,44.442745209,0.3796162536273894
13271,2020-04-05 23:00:00,43.537494659,0.6709447661976576
13272,2020-04-06 00:00:00,42.817882538,0.05733715671666817
13273,2020-04-06 01:00:00,42.223617554,0.1604325524178355
13274,2020-04-06 02:00:00,41.739456177,0.3045090030234088
13275,2020-04-06 03:00:00,41.340847015,0.38778148503255805
13276,2020-04-06 04:00:00,41.021198273,0.04045122162375925
13277,2020-04-06 05:00:00,40.757865906,0.7758288473659412
13278,2020-04-06 06:00:00,40.529937744,0.5936085685282633
13279,2020-04-06 07:00:00,40.34098053,0.5669467145652426
13280,2020-04-06 08:00:00,40.183479309,0.29477333462500355
13281,2020-04-06 09:00:00,40.051914215,0.06343237786468658
13282,2020-04-06 10:00:00,39.943374634,0.3129239072786105
13283,2020-04-06 11:00:00,39.84646225,0.11233985361892129
13284,2020-04-06 12:00:00,39.760204315,0.2845854354635742
13285,2020-04-06 13:00:00,39.690067291,0.40920680229271333
13286,2020-04-06 14:00:00,39.635452271,0.6311950604799204
13287,2020-04-06 15:00:00,39.59197998,0.9862205153408331
13288,2020-04-06 16:00:00,39.544204712,0.44363775164744823
13289,2020-04-06 17:00:00,39.482131958,0.3358936944638399
13290,2020-04-06 18:00:00,39.404056549,0.5611169458988151
13291,2020-04-06 19:00:00,39.220443726,0.42714077459709054
13292,2020-04-06 20:00:00,38.842796326,0.6060413874750973
13293,2020-04-06 21:00:00,38.148262024,0.06980329239966299
13294,2020-04-06 22:00:00,37.225204468,0.5383464841111218
13295,2020-04-06 23:00:00,36.201541901,0.9450052535935168
13296,2020-04-07 00:00:00,35.379951477,0.9997921541986825
13297,2020-04-07 01:00:00,34.69858551,0.6058119738222626
13298,2020-04-07 02:00:00,34.144611359,0.7668030317428988
13299,2020-04-07 03:00:00,33.690505981,0.32347302481455564
13300,2020-04-07 04:00:00,33.310329437,0.09101766865081717
13301,2020-04-07 05:00:00,32.995891571,0.013507739061504043
13302,2020-04-07 06:00:00,32.733627319,0.7052163622889721
13303,2020-04-07 07:00:00,32.511878967,0.4052504410905037
13304,2020-04-07 08:00:00,32.345970154,0.8400915028962169
13305,2020-04-07 09:00:00,32.201461792,0.9085908073338594
13306,2020-04-07 10:00:00,32.080234528,0.9008952385118816
13307,2020-04-07 11:00:00,31.982938766,0.45364602961169886
13308,2020-04-07 12:00:00,31.899681091,0.3862097872473469
13309,2020-04-07 13:00:00,31.837696075,0.29541353553971206
13310,2020-04-07 14:00:00,31.797225952,0.7301248507742935
13311,2020-04-07 15:00:00,31.762290955,0.17766441319687887
13312,2020-04-07 16:00:00,31.712459564,0.7190387696215567
13313,2020-04-07 17:00:00,31.658432007,0.21207247384717576
13314,2020-04-07 18:00:00,31.568946838,0.49329989116519846
13315,2020-04-07 19:00:00,31.385990143,0.19384243019434555
13316,2020-04-07 20:00:00,30.881599426,0.9790607568973304
13317,2020-04-07 21:00:00,30.1085186,0.9049769032588896
13318,2020-04-07 22:00:00,29.119491577,0.11831394214743784
13319,2020-04-07 23:00:00,28.071949005,0.5570992413074785
13320,2020-04-08 00:00:00,27.266304016,0.06598805764489368
13321,2020-04-08 01:00:00,26.623264313,0.28188674605273345
13322,2020-04-08 02:00:00,26.091711044,0.21083304980443573
13323,2020-04-08 03:00:00,25.657049179,0.2146334007164873
13324,2020-04-08 04:00:00,25.301013947,0.09444231415474158
13325,2020-04-08 05:00:00,25.010169983,0.31550463543120455
13326,2020-04-08 06:00:00,24.774497986,0.1477410952461251
13327,2020-04-08 07:00:00,24.5844841,0.9697002251899176
13328,2020-04-08 08:00:00,24.435230255,0.2502328847540026
13329,2020-04-08 09:00:00,24.32321167,0.8264503588322548
13330,2020-04-08 10:00:00,24.242776871,0.9988881294281974
13331,2020-04-08 11:00:00,24.188833237,0.7729071093242467
13332,2020-04-08 12:00:00,24.156303406,0.24893334708968595
13333,2020-04-08 13:00:00,24.142156601,0.1598869131248981
13334,2020-04-08 14:00:00,24.146192551,0.680186811791031
13335,2020-04-08 15:00:00,24.157196045,0.7523245683098208
13336,2020-04-08 16:00:00,24.156412125,0.324861279498981
13337,2020-04-08 17:00:00,24.133955002,0.9719270205684293
13338,2020-04-08 18:00:00,24.077976227,0.37589241277501484
13339,2020-04-08 19:00:00,23.932266235,0.7259344897487772
13340,2020-04-08 20:00:00,23.53169632,0.20291892083326823
13341,2020-04-08 21:00:00,22.709335327,0.587027696350266
13342,2020-04-08 22:00:00,21.897985458,0.7884411770659558
13343,2020-04-08 23:00:00,21.050369263,0.26743286777362496
13344,2020-04-09 00:00:00,20.426588058,0.5452751349421462
13345,2020-04-09 01:00:00,19.903530121,0.2284190146075834
13346,2020-04-09 02:00:00,19.468015671,0.17877126023892786
13347,2020-04-09 03:00:00,19.117305756,0.828772818399737
13348,2020-04-09 04:00:00,18.829269409,0.8672798924492596
13349,2020-04-09 05:00:00,18.595947266,0.34736409679128466
13350,2020-04-09 06:00:00,18.406358719,0.007179259876666344
13351,2020-04-09 07:00:00,18.257976532,0.1345369001427028
13352,2020-04-09 08:00:00,18.147310257,0.15870097703053965
13353,2020-04-09 09:00:00,18.059524536,0.6021072371392556
13354,2020-04-09 10:00:00,17.996549606,0.026063500154903996
13355,2020-04-09 11:00:00,17.95483017,0.321040771904054
13356,2020-04-09 12:00:00,17.938135147,0.19547116711656454
13357,2020-04-09 13:00:00,17.934879303,0.793888195230631
13358,2020-04-09 14:00:00,17.948297501,0.41010413070852814
13359,2020-04-09 15:00:00,17.961019516,0.1323117205797465
13360,2020-04-09 16:00:00,17.962944031,0.25517459241028406
13361,2020-04-09 17:00:00,17.953454971,0.6500275040081656
13362,2020-04-09 18:00:00,17.919021606,0.9366707450712228
13363,2020-04-09 19:00:00,17.871990204,0.12232100905711518
13364,2020-04-09 20:00:00,17.749610901,0.5020804262934198
13365,2020-04-09 21:00:00,17.292650223,0.6335352348240529
13366,2020-04-09 22:00:00,16.48733139,0.1370905013920335
13367,2020-04-09 23:00:00,14.432880402,0.8275644267768456
13368,2020-04-10 00:00:00,14.104650497,0.33194154437264667
13369,2020-04-10 01:00:00,13.829193115,0.9153178046630569
13370,2020-04-10 02:00:00,13.597121239,0.44784431942318115
13371,2020-04-10 03:00:00,13.412406921,0.8519615707592756
13372,2020-04-10 04:00:00,13.260386467,0.5548167010387766
13373,2020-04-10 05:00:00,13.135504723,0.09590472590880728
13374,2020-04-10 06:00:00,13.036849022,0.8174217327943669
13375,2020-04-10 07:00:00,12.960782051,0.3456605404106289
13376,2020-04-10 08:00:00,12.906052589,0.8322578670851352
13377,2020-04-10 09:00:00,12.874052048,0.647694896400092
13378,2020-04-10 10:00:00,12.860487938,0.7356733999918061
13379,2020-04-10 11:00:00,12.865686417,0.5983052491359504
13380,2020-04-10 12:00:00,12.875421524,0.5428181290800536
13381,2020-04-10 13:00:00,12.883020401,0.7983606918169296
13382,2020-04-10 14:00:00,12.891359329,0.6193291432513772
13383,2020-04-10 15:00:00,12.897716522,0.6745959962722134
13384,2020-04-10 16:00:00,12.895023346,0.2560376703642432
13385,2020-04-10 17:00:00,12.870803833,0.24130500162203994
13386,2020-04-10 18:00:00,12.810235977,0.846574645446434
13387,2020-04-10 19:00:00,12.736769676,0.13834538201702318
13388,2020-04-10 20:00:00,12.522099495,0.8486811503910853
13389,2020-04-10 21:00:00,12.057250977,0.3831096604543267
13390,2020-04-10 22:00:00,11.121378899,0.11627110825482478
13391,2020-04-10 23:00:00,9.614758492,0.964765908513179
13392,2020-04-11 00:00:00,9.165812492,0.2314801583739845
13393,2020-04-11 01:00:00,8.799621582,0.4949777767665312
13394,2020-04-11 02:00:00,8.502223969,0.8166252131081749
13395,2020-04-11 03:00:00,8.260997772,0.9424444669738353
13396,2020-04-11 04:00:00,8.061315536,0.24683760174521607
13397,2020-04-11 05:00:00,7.8960042,0.8389312670886098
13398,2020-04-11 06:00:00,7.761538506,0.5110810539822029
13399,2020-04-11 07:00:00,7.651908398,0.8673766138994669
13400,2020-04-11 08:00:00,7.562333584,0.8416182484884548
13401,2020-04-11 09:00:00,7.489380836,0.0823063852108884
13402,2020-04-11 10:00:00,7.430144787,0.632256944057467
13403,2020-04-11 11:00:00,7.381732464,0.9344090165987752
13404,2020-04-11 12:00:00,7.342663765,0.47511191394877317
13405,2020-04-11 13:00:00,7.311556816,0.5931820596341411
13406,2020-04-11 14:00:00,7.289027214,0.17222374874718582
13407,2020-04-11 15:00:00,7.270405769,0.396519170974469
13408,2020-04-11 16:00:00,7.245724201,0.9163184907709868
13409,2020-04-11 17:00:00,7.206925392,0.21705911116527143
13410,2020-04-11 18:00:00,7.138699532,0.07920072500713837
13411,2020-04-11 19:00:00,7.052993774,0.60982703591763
13412,2020-04-11 20:00:00,6.738493919,0.2102299150615099
13413,2020-04-11 21:00:00,4.469115734,0.19389359835322606
13414,2020-04-11 22:00:00,2.321230888,0.43656822725799915
13415,2020-04-11 23:00:00,1.212038517,0.7030455353048034
13416,2020-04-12 00:00:00,1.193923712,0.2683806532924714
13417,2020-04-12 01:00:00,1.157963157,0.2526329996645633
13418,2020-04-12 02:00:00,1.119084597,0.5749379787004067
13419,2020-04-12 03:00:00,1.090425014,0.3986142665008312
13420,2020-04-12 04:00:00,1.063845158,0.5673547987626438
13421,2020-04-12 05:00:00,1.052811027,0.6775741203151503
13422,2020-04-12 06:00:00,1.049782872,0.0675359172210096
13423,2020-04-12 07:00:00,1.05478406,0.038553661653442206
13424,2020-04-12 08:00:00,1.067859411,0.5693744237513328
13425,2020-04-12 09:00:00,1.079730392,0.8849095621818924
13426,2020-04-12 10:00:00,1.093050361,0.8784377894521267
13427,2020-04-12 11:00:00,1.100389957,0.7196689004209191
13428,2020-04-12 12:00:00,1.108528376,0.23165492390812548
13429,2020-04-12 13:00:00,1.121083975,0.556983019776598
13430,2020-04-12 14:00:00,1.125402808,0.08042656751009503
13431,2020-04-12 15:00:00,1.120339513,0.2319338256003548
13432,2020-04-12 16:00:00,1.101124525,0.5890520814583536
13433,2020-04-12 17:00:00,1.072481394,0.48819355054472424
13434,2020-04-12 18:00:00,1.034371257,0.07501928160286953
13435,2020-04-12 19:00:00,0.990425467,0.9482202972009194
13436,2020-04-12 20:00:00,0.934898734,0.9014443939861312
13437,2020-04-12 21:00:00,0.859676838,0.14876737458219225
13438,2020-04-12 22:00:00,0.749889255,0.5711109754977531
13439,2020-04-12 23:00:00,0.601618409,0.320515304192063
13440,2020-04-13 00:00:00,0.509443939,0.7138245143375354
13441,2020-04-13 01:00:00,0.464448512,0.6842662798873796
13442,2020-04-13 02:00:00,0.434747994,0.2930097837823933
13443,2020-04-13 03:00:00,0.404268801,0.056719617426479685
13444,2020-04-13 04:00:00,0.375359118,0.5349762052266658
13445,2020-04-13 05:00:00,0.348178327,0.10802986756838306
13446,2020-04-13 06:00:00,0.337989986,0.43802561350504954
13447,2020-04-13 07:00:00,0.346857488,0.17370953296827485
13448,2020-04-13 08:00:00,0.353382289,0.8128709200775402
13449,2020-04-13 09:00:00,0.356440961,0.42111856420476157
13450,2020-04-13 10:00:00,0.361257255,0.28802285073435674
13451,2020-04-13 11:00:00,0.369399548,0.39013581411088893
13452,2020-04-13 12:00:00,0.375698596,0.8498671866520756
13453,2020-04-13 13:00:00,0.381772757,0.2286547705243639
13454,2020-04-13 14:00:00,0.391942769,0.8471692569116054
13455,2020-04-13 15:00:00,0.39820686,0.43933240245700866
13456,2020-04-13 16:00:00,0.397606552,0.7762065039806054
13457,2020-04-13 17:00:00,0.385241061,0.9042784740432646
13458,2020-04-13 18:00:00,0.363609642,0.9234573988879051
13459,2020-04-13 19:00:00,0.328472406,0.3811745089502424
13460,2020-04-13 20:00:00,0.278632909,0.9088814819844102
13461,2020-04-13 21:00:00,0.226152226,0.08625696261654692
13462,2020-04-13 22:00:00,0.156589791,0.3674432990117582
13463,2020-04-13 23:00:00,0.03958172,0.26190893459211606
13464,2020-04-14 00:00:00,0.001079779,0.2580107006169782
13465,2020-04-14 01:00:00,0.0,0.930245132786036
13466,2020-04-14 02:00:00,0.0,0.554185383405101
13467,2020-04-14 03:00:00,0.0,0.4733670472831114
13468,2020-04-14 04:00:00,0.0,0.5564474950863333
13469,2020-04-14 05:00:00,0.0,0.11794255837897938
13470,2020-04-14 06:00:00,0.0,0.5972801367404657
13471,2020-04-14 07:00:00,0.0,0.0017793884367053314
13472,2020-04-14 08:00:00,0.0,0.08080890568960153
13473,2020-04-14 09:00:00,0.0,0.5852586305811363
13474,2020-04-14 10:00:00,0.0,0.677245859616367
13475,2020-04-14 11:00:00,0.0,0.7350078341864442
13476,2020-04-14 12:00:00,0.0,0.21349426397204085
13477,2020-04-14 13:00:00,0.0,0.9746029482976927
13478,2020-04-14 14:00:00,0.0,0.24163913865511089
13479,2020-04-14 15:00:00,0.0,0.952866288197065
13480,2020-04-14 16:00:00,0.0,0.7322951463129264
13481,2020-04-14 17:00:00,0.0,0.5430814639277485
13482,2020-04-14 18:00:00,0.0,0.6171571169190656
13483,2020-04-14 19:00:00,0.0,0.31389960329757494
13484,2020-04-14 20:00:00,0.0,0.3719458587674155
13485,2020-04-14 21:00:00,0.0,0.8448378427437214
13486,2020-04-14 22:00:00,0.0,0.7897733301814956
13487,2020-04-14 23:00:00,0.0,0.7754434991281683
13488,2020-04-15 00:00:00,0.0,0.6237674115039291
13489,2020-04-15 01:00:00,0.0,0.12450394740605386
13490,2020-04-15 02:00:00,0.0,0.04917941587735597
13491,2020-04-15 03:00:00,0.0,0.09584603320771468
13492,2020-04-15 04:00:00,0.0,0.7442082428002984
13493,2020-04-15 05:00:00,0.0,0.6355850301139727
13494,2020-04-15 06:00:00,0.0,0.29748310332797023
13495,2020-04-15 07:00:00,0.0,0.5225778722887774
13496,2020-04-15 08:00:00,0.0,0.0037724461152527367
13497,2020-04-15 09:00:00,0.0,0.27870007894273063
13498,2020-04-15 10:00:00,0.0,0.09462135271728644
13499,2020-04-15 11:00:00,0.0,0.8616091394885016
13500,2020-04-15 12:00:00,0.0,0.6767365202374168
13501,2020-04-15 13:00:00,0.0,0.27390708094491767
13502,2020-04-15 14:00:00,0.0,0.9550287428556616
13503,2020-04-15 15:00:00,0.0,0.11940680240661794
13504,2020-04-15 16:00:00,0.0,0.5431600123166817
13505,2020-04-15 17:00:00,0.0,0.7267557215497257
13506,2020-04-15 18:00:00,0.0,0.8922381475293956
13507,2020-04-15 19:00:00,0.0,0.41934434578582147
13508,2020-04-15 20:00:00,0.0,0.6859946386774544
13509,2020-04-15 21:00:00,0.0,0.8682928836909518
13510,2020-04-15 22:00:00,0.0,0.5419390748271958
13511,2020-04-15 23:00:00,0.0,0.7327987508554112
13512,2020-04-16 00:00:00,0.0,0.17045308097833056
13513,2020-04-16 01:00:00,0.0,0.6491612345733478
13514,2020-04-16 02:00:00,0.0,0.92872269464312
13515,2020-04-16 03:00:00,0.0,0.23294020955657868
13516,2020-04-16 04:00:00,0.0,0.12029496871078327
13517,2020-04-16 05:00:00,0.0,0.28439297528684904
13518,2020-04-16 06:00:00,0.0,0.30041900767613183
13519,2020-04-16 07:00:00,0.0,0.4200633231181198
13520,2020-04-16 08:00:00,0.0,0.9177355533411735
13521,2020-04-16 09:00:00,0.0,0.24221657932948903
13522,2020-04-16 10:00:00,0.0,0.5832077912088788
13523,2020-04-16 11:00:00,0.0,0.5688917207782664
13524,2020-04-16 12:00:00,0.0,0.964848081630932
13525,2020-04-16 13:00:00,0.0,0.5279331537397614
13526,2020-04-16 14:00:00,0.0,0.9700418073923012
13527,2020-04-16 15:00:00,0.0,0.8064643864955137
13528,2020-04-16 16:00:00,0.0,0.19837596535497648
13529,2020-04-16 17:00:00,0.0,0.34388501200445976
13530,2020-04-16 18:00:00,0.0,0.2517562315671146
13531,2020-04-16 19:00:00,0.0,0.9192050344657711
13532,2020-04-16 20:00:00,0.0,0.6970993868793286
13533,2020-04-16 21:00:00,0.0,0.7787931441131799
13534,2020-04-16 22:00:00,0.0,0.8962255849820252
13535,2020-04-16 23:00:00,0.0,0.9674776585998524
13536,2020-04-17 00:00:00,0.0,0.4781459751196152
13537,2020-04-17 01:00:00,0.0,0.33729532429183695
13538,2020-04-17 02:00:00,0.0,0.3041665267864442
13539,2020-04-17 03:00:00,0.0,0.4383861092515604
13540,2020-04-17 04:00:00,0.0,0.7862693801299919
13541,2020-04-17 05:00:00,0.0,0.3720728035441242
13542,2020-04-17 06:00:00,0.0,0.9046789718196799
13543,2020-04-17 07:00:00,0.0,0.8049316176962094
13544,2020-04-17 08:00:00,0.0,0.1313051692632894
13545,2020-04-17 09:00:00,0.0,0.21309046965405443
13546,2020-04-17 10:00:00,0.0,0.0616798577700729
13547,2020-04-17 11:00:00,0.0,0.9412152342044156
13548,2020-04-17 12:00:00,0.0,0.38602224149975595
13549,2020-04-17 13:00:00,0.061429095,0.7086646983292542
13550,2020-04-17 14:00:00,0.117633507,0.5244969411889616
13551,2020-04-17 15:00:00,0.175871387,0.4721982541923464
13552,2020-04-17 16:00:00,0.233454183,0.544550542194812
13553,2020-04-17 17:00:00,0.2882258,0.6967660119251826
13554,2020-04-17 18:00:00,0.341751546,0.08906594888540076
13555,2020-04-17 19:00:00,0.392730772,0.12414217454658838
13556,2020-04-17 20:00:00,0.09269096,0.40911566683252776
13557,2020-04-17 21:00:00,0.09227851,0.3085793051255378
13558,2020-04-17 22:00:00,0.090607807,0.3002849481548112
13559,2020-04-17 23:00:00,0.095615514,0.17328397138759333
13560,2020-04-18 00:00:00,0.180935457,0.8674740481055636
13561,2020-04-18 01:00:00,0.246605024,0.255720184626261
13562,2020-04-18 02:00:00,0.30951038,0.18807602522986966
13563,2020-04-18 03:00:00,0.365390867,0.9311129652347779
13564,2020-04-18 04:00:00,0.424439907,0.6850381728158429
13565,2020-04-18 05:00:00,0.488375396,0.8727283766044668
13566,2020-04-18 06:00:00,0.548510551,0.8293136301525611
13567,2020-04-18 07:00:00,0.614309609,0.22256113122959886
13568,2020-04-18 08:00:00,0.681674361,0.4463574573309531
13569,2020-04-18 09:00:00,0.749629974,0.9465511624716715
13570,2020-04-18 10:00:00,0.814109027,0.60875750195533
13571,2020-04-18 11:00:00,0.882938504,0.4739665330303693
13572,2020-04-18 12:00:00,0.955458939,0.2639073707532049
13573,2020-04-18 13:00:00,0.97215873,0.23756347965613933
13574,2020-04-18 14:00:00,0.993240416,0.9652152750320245
13575,2020-04-18 15:00:00,1.010676742,0.8384200695033385
13576,2020-04-18 16:00:00,1.024544716,0.43526651996518784
13577,2020-04-18 17:00:00,1.025397658,0.23971163351283975
13578,2020-04-18 18:00:00,1.012509704,0.2637377081363026
13579,2020-04-18 19:00:00,0.999538064,0.14801527874639164
13580,2020-04-18 20:00:00,0.97337234,0.5156465007277159
13581,2020-04-18 21:00:00,0.560158789,0.048928657932180486
13582,2020-04-18 22:00:00,0.01553221,0.666093126752283
13583,2020-04-18 23:00:00,0.013441226,0.004072944730338035
13584,2020-04-19 00:00:00,0.018821934,0.6934194448145802
13585,2020-04-19 01:00:00,0.018674703,0.14045200276495218
13586,2020-04-19 02:00:00,0.018847788,0.4705853493015629
13587,2020-04-19 03:00:00,0.018457761,0.29094290399834055
13588,2020-04-19 04:00:00,0.018541178,0.6605126088889349
13589,2020-04-19 05:00:00,0.018508837,0.34834361421596405
13590,2020-04-19 06:00:00,0.018702324,0.050064855980465284
13591,2020-04-19 07:00:00,0.018934706,0.6154570245758532
13592,2020-04-19 08:00:00,0.019386677,0.6416014643114429
13593,2020-04-19 09:00:00,0.019870825,0.8603087588466068
13594,2020-04-19 10:00:00,0.019845355,0.8586987375999032
13595,2020-04-19 11:00:00,0.019819742,0.338476557355447
13596,2020-04-19 12:00:00,0.019775461,0.6691467407918439
13597,2020-04-19 13:00:00,0.020200495,0.1411706866096749
13598,2020-04-19 14:00:00,0.020967325,0.49870834266477204
13599,2020-04-19 15:00:00,0.022121904,0.17611998333191703
13600,2020-04-19 16:00:00,0.022947658,0.7544235791843663
13601,2020-04-19 17:00:00,0.022040939,0.553652256867297
13602,2020-04-19 18:00:00,0.019235576,0.4875670601506067
13603,2020-04-19 19:00:00,0.059871051,0.4370960479150807
13604,2020-04-19 20:00:00,0.070955701,0.8229091029344124
13605,2020-04-19 21:00:00,0.079115711,0.5696364619641888
13606,2020-04-19 22:00:00,0.073666468,0.2309939707889983
13607,2020-04-19 23:00:00,0.083265431,0.6648809363689987
13608,2020-04-20 00:00:00,0.168900415,0.10306471558354657
13609,2020-04-20 01:00:00,0.175942019,0.022170307800114086
13610,2020-04-20 02:00:00,0.179371163,0.48081122542870436
13611,2020-04-20 03:00:00,0.18401514,0.1391981618303899
13612,2020-04-20 04:00:00,0.181732118,0.13396226550003665
13613,2020-04-20 05:00:00,0.179332823,0.2110786327017371
13614,2020-04-20 06:00:00,0.17778334,0.9705359699275393
13615,2020-04-20 07:00:00,0.176174238,0.4650661494433411
13616,2020-04-20 08:00:00,0.179071799,0.8194556794703376
13617,2020-04-20 09:00:00,0.180647671,0.07090574699194319
13618,2020-04-20 10:00:00,0.180693492,0.7970880081417479
13619,2020-04-20 11:00:00,0.179666728,0.32448280590479717
13620,2020-04-20 12:00:00,0.177585989,0.07426001726937326
13621,2020-04-20 13:00:00,0.173234418,0.09211486344780839
13622,2020-04-20 14:00:00,0.174773037,0.1443719484510333
13623,2020-04-20 15:00:00,0.17613472,0.5639013099028078
13624,2020-04-20 16:00:00,0.176120743,0.4420105912983303
13625,2020-04-20 17:00:00,0.17156288,0.6193947752101318
13626,2020-04-20 18:00:00,0.130205289,0.42805029036543574
13627,2020-04-20 19:00:00,0.003807128,0.8686706667648992
13628,2020-04-20 20:00:00,0.003266659,0.6710536170797924
13629,2020-04-20 21:00:00,0.002967146,0.8188494315843157
13630,2020-04-20 22:00:00,0.002707234,0.8203378861057223
13631,2020-04-20 23:00:00,0.001868194,0.5367552215835232
13632,2020-04-21 00:00:00,0.001136135,0.5657954392308594
13633,2020-04-21 01:00:00,0.001063321,0.2324622661225304
13634,2020-04-21 02:00:00,7.4583e-05,0.7675996434759731
13635,2020-04-21 03:00:00,8.7164e-05,0.7222511444808613
13636,2020-04-21 04:00:00,0.000107879,0.8165688820007426
13637,2020-04-21 05:00:00,6.0556e-05,0.8689651022041207
13638,2020-04-21 06:00:00,8.8831e-05,0.251222579571315
13639,2020-04-21 07:00:00,6.5562e-05,0.7646133241809694
13640,2020-04-21 08:00:00,5.9079e-05,0.5928199636482849
13641,2020-04-21 09:00:00,0.001826984,0.35500660867621237
13642,2020-04-21 10:00:00,0.002153963,0.6168456446830994
13643,2020-04-21 11:00:00,0.002907136,0.8962596099787028
13644,2020-04-21 12:00:00,0.003582523,0.006473971018032043
13645,2020-04-21 13:00:00,0.003032519,0.21325884424489472
13646,2020-04-21 14:00:00,0.003301035,0.598898550674174
13647,2020-04-21 15:00:00,0.025577975,0.7888745008504396
13648,2020-04-21 16:00:00,0.025256172,0.8126839665979128
13649,2020-04-21 17:00:00,0.025469294,0.8723821012513073
13650,2020-04-21 18:00:00,0.002720841,0.4727211612372225
13651,2020-04-21 19:00:00,0.025754869,0.8582616343521648
13652,2020-04-21 20:00:00,0.005158085,0.5515936950389444
13653,2020-04-21 21:00:00,0.026508749,0.23196089959012978
13654,2020-04-21 22:00:00,0.030429864,0.6655440949121237
13655,2020-04-21 23:00:00,0.072291315,0.4357625183427768
13656,2020-04-22 00:00:00,0.181060195,0.8736653083805506
13657,2020-04-22 01:00:00,0.187066808,0.7068644711551485
13658,2020-04-22 02:00:00,0.186270982,0.7246431411958276
13659,2020-04-22 03:00:00,0.1833518,0.07298643257510928
13660,2020-04-22 04:00:00,0.179543227,0.6680809880698625
13661,2020-04-22 05:00:00,0.175621033,0.7342350809278552
13662,2020-04-22 06:00:00,0.174739525,0.11885817116359709
13663,2020-04-22 07:00:00,0.174339235,0.32463114924782377
13664,2020-04-22 08:00:00,0.174751699,0.3827610556026687
13665,2020-04-22 09:00:00,0.178224772,0.7618807301601184
13666,2020-04-22 10:00:00,0.181127727,0.8974851373594128
13667,2020-04-22 11:00:00,0.180380896,0.70838046081289
13668,2020-04-22 12:00:00,0.178751826,0.0763501801574723
13669,2020-04-22 13:00:00,0.176933974,0.5495090612903325
13670,2020-04-22 14:00:00,0.175816193,0.7485755608009448
13671,2020-04-22 15:00:00,0.174004361,0.40631810091835296
13672,2020-04-22 16:00:00,0.16917634,0.9203016489677049
13673,2020-04-22 17:00:00,0.160023555,0.09110695251560985
13674,2020-04-22 18:00:00,0.00157226,0.6822113787868429
13675,2020-04-22 19:00:00,0.001507264,0.2066720531977656
13676,2020-04-22 20:00:00,0.001255677,0.4926302274029146
13677,2020-04-22 21:00:00,0.001047175,0.018348017060324184
13678,2020-04-22 22:00:00,0.000662594,0.07731479208234893
13679,2020-04-22 23:00:00,0.000459896,0.276455208087249
13680,2020-04-23 00:00:00,0.000281655,0.4468402934885771
13681,2020-04-23 01:00:00,8.8909e-05,0.12722089962830385
13682,2020-04-23 02:00:00,6.7825e-05,0.30723656991081993
13683,2020-04-23 03:00:00,4.208e-05,0.7350469179380755
13684,2020-04-23 04:00:00,2.9961e-05,0.34059861525357227
13685,2020-04-23 05:00:00,2.0774e-05,0.429159532443147
13686,2020-04-23 06:00:00,1.3908e-05,0.8072397484751482
13687,2020-04-23 07:00:00,8.716e-06,0.13732864573690218
13688,2020-04-23 08:00:00,5.51e-06,0.3315982949233214
13689,2020-04-23 09:00:00,2.773e-06,0.9797214382168662
13690,2020-04-23 10:00:00,2.79e-06,0.7778462192141159
13691,2020-04-23 11:00:00,3.282e-06,0.9007362454730343
13692,2020-04-23 12:00:00,8.331e-06,0.7935976305566544
13693,2020-04-23 13:00:00,4.172e-06,0.43811516471884937
13694,2020-04-23 14:00:00,2.303e-06,0.4078469273078956
13695,2020-04-23 15:00:00,1.6293e-05,0.19828749558604442
13696,2020-04-23 16:00:00,1.2499e-05,0.21085762103601768
13697,2020-04-23 17:00:00,6.258e-06,0.2542632231680083
13698,2020-04-23 18:00:00,5.522e-06,0.0011769145232897182
13699,2020-04-23 19:00:00,4.157e-06,0.10165610301159922
13700,2020-04-23 20:00:00,2.2e-06,0.8878968024696378
13701,2020-04-23 21:00:00,1.366e-06,0.018163094932482582
13702,2020-04-23 22:00:00,0.0,0.1323310756645435
13703,2020-04-23 23:00:00,0.0,0.754366113926475
13704,2020-04-24 00:00:00,0.0,0.9934587374381249
13705,2020-04-24 01:00:00,0.0,0.5547946660836107
13706,2020-04-24 02:00:00,0.0,0.547097027149227
13707,2020-04-24 03:00:00,0.0,0.8721678831184473
13708,2020-04-24 04:00:00,0.0,0.086572261490385
13709,2020-04-24 05:00:00,0.0,0.15427110673370192
13710,2020-04-24 06:00:00,0.0,0.4873240735752846
13711,2020-04-24 07:00:00,0.0,0.7177164127978649
13712,2020-04-24 08:00:00,0.0,0.9576187808794775
13713,2020-04-24 09:00:00,0.0,0.32244434339774075
13714,2020-04-24 10:00:00,0.0,0.13435133802673405
13715,2020-04-24 11:00:00,0.0,0.7155927621484104
13716,2020-04-24 12:00:00,0.0,0.7774044469737201
13717,2020-04-24 13:00:00,0.0,0.026739004522325027
13718,2020-04-24 14:00:00,0.0,0.8434162523105465
13719,2020-04-24 15:00:00,0.0,0.9471410855535427
13720,2020-04-24 16:00:00,0.0,0.2946832834921638
13721,2020-04-24 17:00:00,0.0,0.3084308576200724
13722,2020-04-24 18:00:00,0.0,0.4956157980409456
13723,2020-04-24 19:00:00,0.0,0.3649676608105292
13724,2020-04-24 20:00:00,0.0,0.42603351234847464
13725,2020-04-24 21:00:00,0.0,0.7987691371866077
13726,2020-04-24 22:00:00,0.0,0.2791618603328353
13727,2020-04-24 23:00:00,0.0,0.45503670355035086
13728,2020-04-25 00:00:00,0.0,0.3962868314666862
13729,2020-04-25 01:00:00,0.0,0.45175775827689657
13730,2020-04-25 02:00:00,0.0,0.027186811729617344
13731,2020-04-25 03:00:00,0.0,0.46993068257289006
13732,2020-04-25 04:00:00,0.0,0.8590872881883459
13733,2020-04-25 05:00:00,0.0,0.43995145087039056
13734,2020-04-25 06:00:00,0.0,0.8673525257849951
13735,2020-04-25 07:00:00,0.0,0.014614663554131768
13736,2020-04-25 08:00:00,0.0,0.9032271914340506
13737,2020-04-25 09:00:00,0.0,0.5265811301639883
13738,2020-04-25 10:00:00,0.0,0.4312092816379117
13739,2020-04-25 11:00:00,0.0,0.680621235814495
13740,2020-04-25 12:00:00,0.0,0.46496695504511143
13741,2020-04-25 13:00:00,0.0,0.11912311360587624
13742,2020-04-25 14:00:00,0.0,0.3871781509620449
13743,2020-04-25 15:00:00,0.0,0.9676616524609281
13744,2020-04-25 16:00:00,0.0,0.03159399894999526
13745,2020-04-25 17:00:00,0.0,0.9423339221418695
13746,2020-04-25 18:00:00,0.0,0.628317594911877
13747,2020-04-25 19:00:00,0.0,0.18650783560176254
13748,2020-04-25 20:00:00,0.0,0.6574823236188725
13749,2020-04-25 21:00:00,0.0,0.8154906916440282
13750,2020-04-25 22:00:00,0.0,0.025633257103213625
13751,2020-04-25 23:00:00,0.0,0.8048646120217007
13752,2020-04-26 00:00:00,0.0,0.30044309605210284
13753,2020-04-26 01:00:00,0.0,0.1773754214825094
13754,2020-04-26 02:00:00,0.0,0.044199244799068005
13755,2020-04-26 03:00:00,0.0,0.5063170074371124
13756,2020-04-26 04:00:00,0.0,0.612268753950759
13757,2020-04-26 05:00:00,0.0,0.27824103330904426
13758,2020-04-26 06:00:00,0.0,0.9065787507928156
13759,2020-04-26 07:00:00,0.0,0.7095819343551388
13760,2020-04-26 08:00:00,0.0,0.28705297739932156
13761,2020-04-26 09:00:00,0.0,0.22859752281833
13762,2020-04-26 10:00:00,0.0,0.40346564057238665
13763,2020-04-26 11:00:00,0.0,0.6369414728308825
13764,2020-04-26 12:00:00,0.0,0.8480260400198505
13765,2020-04-26 13:00:00,0.0,0.31928252660105316
13766,2020-04-26 14:00:00,0.0,0.25014771534094427
13767,2020-04-26 15:00:00,0.0,0.9612638105491964
13768,2020-04-26 16:00:00,0.0,0.23339073544680033
13769,2020-04-26 17:00:00,0.0,0.10094303182936937
13770,2020-04-26 18:00:00,0.0,0.011113424932341354
13771,2020-04-26 19:00:00,0.0,0.770696118698431
13772,2020-04-26 20:00:00,0.0,0.602121316123702
13773,2020-04-26 21:00:00,0.0,0.5480299076141499
13774,2020-04-26 22:00:00,0.0,0.728989576860168
13775,2020-04-26 23:00:00,0.0,0.6762939551596783
13776,2020-04-27 00:00:00,0.0,0.7897513756655242
13777,2020-04-27 01:00:00,0.0,0.3610645116681436
13778,2020-04-27 02:00:00,0.0,0.7040045107401458
13779,2020-04-27 03:00:00,0.0,0.8570562906969419
13780,2020-04-27 04:00:00,0.0,0.6140080927370668
13781,2020-04-27 05:00:00,0.0,0.6691068714581797
13782,2020-04-27 06:00:00,0.0,0.47020270504336537
13783,2020-04-27 07:00:00,0.0,0.29132212304236305
13784,2020-04-27 08:00:00,0.0,0.5309827038761163
13785,2020-04-27 09:00:00,0.0,0.6806582523077783
13786,2020-04-27 10:00:00,0.0,0.7923410747351171
13787,2020-04-27 11:00:00,0.0,0.7379135811844987
13788,2020-04-27 12:00:00,0.0,0.5771736494925207
13789,2020-04-27 13:00:00,0.0,0.699352846523506
13790,2020-04-27 14:00:00,0.0,0.6038565750233931
13791,2020-04-27 15:00:00,0.0,0.3780043570913384
13792,2020-04-27 16:00:00,0.0,0.12709938498290518
13793,2020-04-27 17:00:00,0.0,0.5436253269739768
13794,2020-04-27 18:00:00,0.0,0.6991805566246728
13795,2020-04-27 19:00:00,0.0,0.6429544449696029
13796,2020-04-27 20:00:00,0.0,0.8637192303275891
13797,2020-04-27 21:00:00,0.0,0.8394896531027174
13798,2020-04-27 22:00:00,0.0,0.2855764084358776
13799,2020-04-27 23:00:00,0.0,0.19766649370691036
13800,2020-04-28 00:00:00,0.0,0.3281100510741344
13801,2020-04-28 01:00:00,0.0,0.2769729273568621
13802,2020-04-28 02:00:00,0.0,0.9818380481925704
13803,2020-04-28 03:00:00,0.0,0.0862484112605475
13804,2020-04-28 04:00:00,0.0,0.4547560573217987
13805,2020-04-28 05:00:00,0.0,0.8529261318564871
13806,2020-04-28 06:00:00,0.0,0.7902935962267449
13807,2020-04-28 07:00:00,0.0,0.6406236930221502
13808,2020-04-28 08:00:00,0.0,0.5577803344323644
13809,2020-04-28 09:00:00,0.0,0.551846736331923
13810,2020-04-28 10:00:00,0.0,0.7024809396971137
13811,2020-04-28 11:00:00,0.0,0.8827158888341025
13812,2020-04-28 12:00:00,0.0,0.37392950488324983
13813,2020-04-28 13:00:00,0.0,0.36388425360613375
13814,2020-04-28 14:00:00,0.0,0.1064015918306217
13815,2020-04-28 15:00:00,0.0,0.34872890699840264
13816,2020-04-28 16:00:00,0.0,0.80388444294508
13817,2020-04-28 17:00:00,0.0,0.7875124699515698
13818,2020-04-28 18:00:00,0.0,0.8291549099412997
13819,2020-04-28 19:00:00,0.0,0.5541096591695774
13820,2020-04-28 20:00:00,0.0,0.6750565519990256
13821,2020-04-28 21:00:00,0.0,0.5362882658176885
13822,2020-04-28 22:00:00,0.0,0.5574003236255123
13823,2020-04-28 23:00:00,0.0,0.2205021297731068
13824,2020-04-29 00:00:00,0.0,0.1756173220006001
13825,2020-04-29 01:00:00,0.0,0.8553796126573391
13826,2020-04-29 02:00:00,0.0,0.9053924571856464
13827,2020-04-29 03:00:00,0.0,0.10751429251710987
13828,2020-04-29 04:00:00,0.0,0.3022684765062583
13829,2020-04-29 05:00:00,0.0,0.22009041281313046
13830,2020-04-29 06:00:00,0.0,0.5651301658937506
13831,2020-04-29 07:00:00,0.0,0.469925448814265
13832,2020-04-29 08:00:00,0.0,0.6457482708163901
13833,2020-04-29 09:00:00,0.0,0.8564341061885509
13834,2020-04-29 10:00:00,0.0,0.2630330346608539
13835,2020-04-29 11:00:00,0.0,0.8277147204631604
13836,2020-04-29 12:00:00,0.0,0.3530738356820893
13837,2020-04-29 13:00:00,0.0,0.67908026543318
13838,2020-04-29 14:00:00,0.0,0.8067083600728976
13839,2020-04-29 15:00:00,0.0,0.8638854472237127
13840,2020-04-29 16:00:00,0.0,0.2183531267398332
13841,2020-04-29 17:00:00,0.0,0.6435034219950395
13842,2020-04-29 18:00:00,0.0,0.13662203828965636
13843,2020-04-29 19:00:00,0.0,0.45603182757146776
13844,2020-04-29 20:00:00,0.0,0.3936320205995435
13845,2020-04-29 21:00:00,0.0,0.36509705058474307
13846,2020-04-29 22:00:00,0.0,0.06747952881732433
13847,2020-04-29 23:00:00,0.0,0.177580814595105
13848,2020-04-30 00:00:00,0.0,0.20476857384814295
13849,2020-04-30 01:00:00,0.0,0.7686766489426649
13850,2020-04-30 02:00:00,0.0,0.8088105546938689
13851,2020-04-30 03:00:00,0.0,0.6068943709070048
13852,2020-04-30 04:00:00,0.0,0.4872458010596472
13853,2020-04-30 05:00:00,0.0,0.26156699772465997
13854,2020-04-30 06:00:00,0.0,0.8916365964639776
13855,2020-04-30 07:00:00,0.0,0.5318348227745904
13856,2020-04-30 08:00:00,0.0,0.20962381370910188
13857,2020-04-30 09:00:00,0.0,0.9425933992342667
13858,2020-04-30 10:00:00,0.0,0.9618550717568939
13859,2020-04-30 11:00:00,0.0,0.34847526196955536
13860,2020-04-30 12:00:00,0.0,0.16549683795838477
13861,2020-04-30 13:00:00,0.0,0.9506813572748063
13862,2020-04-30 14:00:00,0.0,0.06817310032365942
13863,2020-04-30 15:00:00,0.0,0.5291973431219719
13864,2020-04-30 16:00:00,0.0,0.9476314686470935
13865,2020-04-30 17:00:00,0.0,0.3529176156473508
13866,2020-04-30 18:00:00,0.0,0.41913099321608116
13867,2020-04-30 19:00:00,0.0,0.3441617724711139
13868,2020-04-30 20:00:00,0.0,0.7631382703515973
13869,2020-04-30 21:00:00,0.0,0.3184090035373198
13870,2020-04-30 22:00:00,0.0,0.04437660692671186
13871,2020-04-30 23:00:00,0.0,0.9157228136256156
13872,2020-05-01 00:00:00,0.0,0.0649997382737002
13873,2020-05-01 01:00:00,0.0,0.7889444063041837
13874,2020-05-01 02:00:00,0.0,0.8155093988535866
13875,2020-05-01 03:00:00,0.0,0.6784343461319107
13876,2020-05-01 04:00:00,0.0,0.2779938497999873
13877,2020-05-01 05:00:00,0.0,0.6852448856369555
13878,2020-05-01 06:00:00,0.0,0.5577540810263214
13879,2020-05-01 07:00:00,0.0,0.28637135560804405
13880,2020-05-01 08:00:00,0.0,0.14011252031351462
13881,2020-05-01 09:00:00,0.0,0.5326010880474458
13882,2020-05-01 10:00:00,0.0,0.013627428968277067
13883,2020-05-01 11:00:00,0.0,0.6263744177359457
13884,2020-05-01 12:00:00,0.0,0.5897929442204266
13885,2020-05-01 13:00:00,0.0,0.7075706672357498
13886,2020-05-01 14:00:00,0.0,0.5991824959049304
13887,2020-05-01 15:00:00,0.0,0.07137888225175593
13888,2020-05-01 16:00:00,0.0,0.241664670417861
13889,2020-05-01 17:00:00,0.0,0.7312593279153684
13890,2020-05-01 18:00:00,0.0,0.7248201513870034
13891,2020-05-01 19:00:00,0.0,0.939633149000731
13892,2020-05-01 20:00:00,0.0,0.2844292851707647
13893,2020-05-01 21:00:00,0.0,0.06717764473058652
13894,2020-05-01 22:00:00,0.0,0.8529304259952578
13895,2020-05-01 23:00:00,0.0,0.4546818024684185
13896,2020-05-02 00:00:00,0.0,0.15142981286262458
13897,2020-05-02 01:00:00,0.0,0.17686472084772453
13898,2020-05-02 02:00:00,0.0,0.7370713501814266
13899,2020-05-02 03:00:00,0.0,0.9033885775474615
13900,2020-05-02 04:00:00,0.0,0.7796750709280018
13901,2020-05-02 05:00:00,0.0,0.46627247500911817
13902,2020-05-02 06:00:00,0.0,0.7328420917224812
13903,2020-05-02 07:00:00,0.0,0.9252776482378436
13904,2020-05-02 08:00:00,0.0,0.9431915837109849
13905,2020-05-02 09:00:00,0.0,0.9133403709311877
13906,2020-05-02 10:00:00,0.0,0.4199070984912645
13907,2020-05-02 11:00:00,0.0,0.9989567399163195
13908,2020-05-02 12:00:00,0.0,0.016691681838505112
13909,2020-05-02 13:00:00,0.0,0.9919479192135195
13910,2020-05-02 14:00:00,0.0,0.1442341429781323
13911,2020-05-02 15:00:00,0.0,0.14912628285526675
13912,2020-05-02 16:00:00,0.0,0.11073506678572287
13913,2020-05-02 17:00:00,0.0,0.5028508412570467
13914,2020-05-02 18:00:00,0.0,0.8397310582861413
13915,2020-05-02 19:00:00,0.0,0.14406974073245538
13916,2020-05-02 20:00:00,0.0,0.22387344765390005
13917,2020-05-02 21:00:00,0.0,0.060467344931713574
13918,2020-05-02 22:00:00,0.0,0.0996011662452666
13919,2020-05-02 23:00:00,0.0,0.37901717624180753
13920,2020-05-03 00:00:00,0.0,0.6098578707638826
13921,2020-05-03 01:00:00,0.0,0.6259321286348997
13922,2020-05-03 02:00:00,0.0,0.372981407229692
13923,2020-05-03 03:00:00,0.0,0.10521935154169715
13924,2020-05-03 04:00:00,0.0,0.3623334465574011
13925,2020-05-03 05:00:00,0.0,0.7773222323291962
13926,2020-05-03 06:00:00,0.0,0.16041507961065526
13927,2020-05-03 07:00:00,0.0,0.019238470610966507
13928,2020-05-03 08:00:00,0.0,0.28390990196946
13929,2020-05-03 09:00:00,0.0,0.7921232220489325
13930,2020-05-03 10:00:00,0.0,0.5113554870315433
13931,2020-05-03 11:00:00,0.0,0.4152040930361034
13932,2020-05-03 12:00:00,0.0,0.5779818542554022
13933,2020-05-03 13:00:00,0.0,0.7865732244700502
13934,2020-05-03 14:00:00,0.0,0.41452514239097005
13935,2020-05-03 15:00:00,0.0,0.7246101172650767
13936,2020-05-03 16:00:00,0.0,0.21912193119627565
13937,2020-05-03 17:00:00,0.0,0.1824901680016935
13938,2020-05-03 18:00:00,0.0,0.4724633413415723
13939,2020-05-03 19:00:00,0.0,0.6267354008908449
13940,2020-05-03 20:00:00,0.0,0.2694715917506596
13941,2020-05-03 21:00:00,0.0,0.5539683229462822
13942,2020-05-03 22:00:00,0.0,0.8929407803841966
13943,2020-05-03 23:00:00,0.0,0.5477297301398791
13944,2020-05-04 00:00:00,0.0,0.6991241834181052
13945,2020-05-04 01:00:00,0.0,0.08973778284422429
13946,2020-05-04 02:00:00,0.0,0.16433148332969627
13947,2020-05-04 03:00:00,0.0,0.10133545627609142
13948,2020-05-04 04:00:00,0.0,0.4921831390202174
13949,2020-05-04 05:00:00,0.0,0.8471418917042178
13950,2020-05-04 06:00:00,0.0,0.7298190664997819
13951,2020-05-04 07:00:00,0.0,0.17704848169929766
13952,2020-05-04 08:00:00,0.0,0.4905780223389824
13953,2020-05-04 09:00:00,0.0,0.5841957528193326
13954,2020-05-04 10:00:00,0.0,0.1961532545061423
13955,2020-05-04 11:00:00,0.0,0.571387846786131
13956,2020-05-04 12:00:00,0.0,0.57840077094196
13957,2020-05-04 13:00:00,0.0,0.06251990114064387
13958,2020-05-04 14:00:00,0.0,0.10942387668963238
13959,2020-05-04 15:00:00,0.0,0.38012873775933886
13960,2020-05-04 16:00:00,0.0,0.8382767636737369
13961,2020-05-04 17:00:00,0.0,0.976994812216145
13962,2020-05-04 18:00:00,0.0,0.13240693597714925
13963,2020-05-04 19:00:00,0.0,0.6673162110064178
13964,2020-05-04 20:00:00,0.0,0.5898983973424113
13965,2020-05-04 21:00:00,0.0,0.4977756572176244
13966,2020-05-04 22:00:00,0.0,0.5724327451288473
13967,2020-05-04 23:00:00,0.0,0.7365907874830074
13968,2020-05-05 00:00:00,0.0,0.45307411126848307
13969,2020-05-05 01:00:00,0.0,0.05737939506402068
13970,2020-05-05 02:00:00,0.0,0.623729528667803
13971,2020-05-05 03:00:00,0.0,0.5304030848361917
13972,2020-05-05 04:00:00,0.0,0.06862007066900777
13973,2020-05-05 05:00:00,0.0,0.22033843378705142
13974,2020-05-05 06:00:00,0.0,0.15939679280763308
13975,2020-05-05 07:00:00,0.0,0.19231559640406126
13976,2020-05-05 08:00:00,0.0,0.10920251697889793
13977,2020-05-05 09:00:00,0.0,0.5975118798410748
13978,2020-05-05 10:00:00,0.0,0.11694064041449503
13979,2020-05-05 11:00:00,0.0,0.5807667999135248
13980,2020-05-05 12:00:00,0.0,0.6962669046158799
13981,2020-05-05 13:00:00,0.0,0.2256945659244587
13982,2020-05-05 14:00:00,0.0,0.9222064192695866
13983,2020-05-05 15:00:00,0.0,0.9635656175806396
13984,2020-05-05 16:00:00,0.0,0.6519081032406118
13985,2020-05-05 17:00:00,0.0,0.9614129079993369
13986,2020-05-05 18:00:00,0.0,0.5122132333992394
13987,2020-05-05 19:00:00,0.0,0.12331063723325963
13988,2020-05-05 20:00:00,0.0,0.5570592488659637
13989,2020-05-05 21:00:00,0.0,0.05191473105330602
13990,2020-05-05 22:00:00,0.0,0.16921113548273825
13991,2020-05-05 23:00:00,0.0,0.8054715915310452
13992,2020-05-06 00:00:00,0.0,0.9779513482652045
13993,2020-05-06 01:00:00,0.0,0.10064734352560167
13994,2020-05-06 02:00:00,0.0,0.11737466153624587
13995,2020-05-06 03:00:00,0.0,0.530888769030894
13996,2020-05-06 04:00:00,0.0,0.806629432042881
13997,2020-05-06 05:00:00,0.0,0.8634774065416272
13998,2020-05-06 06:00:00,0.0,0.353857938692995
13999,2020-05-06 07:00:00,0.0,0.0789609286915095
14000,2020-05-06 08:00:00,0.0,0.614554134306823
14001,2020-05-06 09:00:00,0.0,0.5519714937182033
14002,2020-05-06 10:00:00,0.0,0.7658829489678455
14003,2020-05-06 11:00:00,0.0,0.6675261042933582
14004,2020-05-06 12:00:00,0.0,0.21069646799049868
14005,2020-05-06 13:00:00,0.0,0.6574548063910735
14006,2020-05-06 14:00:00,0.0,0.7505077352287595
14007,2020-05-06 15:00:00,0.0,0.09883001757965248
14008,2020-05-06 16:00:00,0.0,0.657219347367815
14009,2020-05-06 17:00:00,0.0,0.1083555849163641
14010,2020-05-06 18:00:00,0.0,0.5505304079673399
14011,2020-05-06 19:00:00,0.0,0.2908631230298182
14012,2020-05-06 20:00:00,0.0,0.3913987478019809
14013,2020-05-06 21:00:00,0.0,0.8583093394549345
14014,2020-05-06 22:00:00,0.0,0.8248297368369373
14015,2020-05-06 23:00:00,0.0,0.5682553163416927
14016,2020-05-07 00:00:00,0.0,0.22176493567059719
14017,2020-05-07 01:00:00,0.0,0.08614687599479665
14018,2020-05-07 02:00:00,0.0,0.8115475501758972
14019,2020-05-07 03:00:00,0.0,0.7369997564767611
14020,2020-05-07 04:00:00,0.0,0.9379814649728968
14021,2020-05-07 05:00:00,0.0,0.31493533391749906
14022,2020-05-07 06:00:00,0.0,0.0961917091990766
14023,2020-05-07 07:00:00,0.0,0.936872790437291
14024,2020-05-07 08:00:00,0.0,0.5050714452993208
14025,2020-05-07 09:00:00,0.0,0.23010213085652154
14026,2020-05-07 10:00:00,0.0,0.7952722562148348
14027,2020-05-07 11:00:00,0.0,0.09556440029586477
14028,2020-05-07 12:00:00,0.0,0.8405325369818986
14029,2020-05-07 13:00:00,0.0,0.9011739907983153
14030,2020-05-07 14:00:00,0.0,0.4099845514999504
14031,2020-05-07 15:00:00,0.0,0.2107062266646862
14032,2020-05-07 16:00:00,0.0,0.6328097744729085
14033,2020-05-07 17:00:00,0.0,0.6920606856501912
14034,2020-05-07 18:00:00,0.0,0.10857630595163892
14035,2020-05-07 19:00:00,0.0,0.8292897943428755
14036,2020-05-07 20:00:00,0.0,0.2631977946309536
14037,2020-05-07 21:00:00,0.0,0.03513100918393519
14038,2020-05-07 22:00:00,0.0,0.7785241084364821
14039,2020-05-07 23:00:00,0.0,0.4905343737295522
14040,2020-05-08 00:00:00,0.0,0.8261345053212524
14041,2020-05-08 01:00:00,0.0,0.1461773456915456
14042,2020-05-08 02:00:00,0.0,0.20813267068525254
14043,2020-05-08 03:00:00,0.0,0.4544127227348662
14044,2020-05-08 04:00:00,0.0,0.7160748760457313
14045,2020-05-08 05:00:00,0.0,0.06603372083967429
14046,2020-05-08 06:00:00,0.0,0.7942550734892947
14047,2020-05-08 07:00:00,0.0,0.6362709960488303
14048,2020-05-08 08:00:00,0.0,0.12863661148255146
14049,2020-05-08 09:00:00,0.0,0.27375783997441105
14050,2020-05-08 10:00:00,0.0,0.11301603249977177
14051,2020-05-08 11:00:00,0.0,0.14100238585618285
14052,2020-05-08 12:00:00,0.0,0.08702592257322816
14053,2020-05-08 13:00:00,0.0,0.5526677032859916
14054,2020-05-08 14:00:00,0.0,0.782583408797668
14055,2020-05-08 15:00:00,0.0,0.659835825161607
14056,2020-05-08 16:00:00,0.0,0.1272741882563595
14057,2020-05-08 17:00:00,0.0,0.535138192755933
14058,2020-05-08 18:00:00,0.0,0.5250605037210655
14059,2020-05-08 19:00:00,0.0,0.462298274532395
14060,2020-05-08 20:00:00,0.0,0.02783010625449356
14061,2020-05-08 21:00:00,0.0,0.8383644335858941
14062,2020-05-08 22:00:00,0.0,0.3083566731300351
14063,2020-05-08 23:00:00,0.0,0.0094730244061344
14064,2020-05-09 00:00:00,0.0,0.9175369397206655
14065,2020-05-09 01:00:00,0.0,0.9840676278234802
14066,2020-05-09 02:00:00,0.0,0.5238779221555653
14067,2020-05-09 03:00:00,0.0,0.2662040197834581
14068,2020-05-09 04:00:00,0.0,0.5823149486515163
14069,2020-05-09 05:00:00,0.0,0.5196202837053532
14070,2020-05-09 06:00:00,0.0,0.11796714223191596
14071,2020-05-09 07:00:00,0.0,0.3504079892669131
14072,2020-05-09 08:00:00,0.0,0.3623706119296548
14073,2020-05-09 09:00:00,0.0,0.007929684302334872
14074,2020-05-09 10:00:00,0.0,0.882258119613288
14075,2020-05-09 11:00:00,0.0,0.0666132474430643
14076,2020-05-09 12:00:00,0.0,0.6772947168190848
14077,2020-05-09 13:00:00,0.0,0.7649447847420174
14078,2020-05-09 14:00:00,0.0,0.38034164504358103
14079,2020-05-09 15:00:00,0.0,0.028330356479772223
14080,2020-05-09 16:00:00,0.0,0.446524680859987
14081,2020-05-09 17:00:00,0.0,0.3022851857089536
14082,2020-05-09 18:00:00,0.0,0.77599996047737
14083,2020-05-09 19:00:00,0.0,0.3265935265933746
14084,2020-05-09 20:00:00,0.0,0.4004413078321427
14085,2020-05-09 21:00:00,0.0,0.07617086820585495
14086,2020-05-09 22:00:00,0.0,0.0772157961025528
14087,2020-05-09 23:00:00,0.0,0.45267005221078926
14088,2020-05-10 00:00:00,0.0,0.6101296789109661
14089,2020-05-10 01:00:00,0.0,0.9957567011501133
14090,2020-05-10 02:00:00,0.0,0.3642153451807729
14091,2020-05-10 03:00:00,0.0,0.1202738989846096
14092,2020-05-10 04:00:00,0.0,0.2681199175472917
14093,2020-05-10 05:00:00,0.0,0.03713921361100947
14094,2020-05-10 06:00:00,0.0,0.5713262785262792
14095,2020-05-10 07:00:00,0.0,0.7014423113650233
14096,2020-05-10 08:00:00,0.0,0.6900790553723164
14097,2020-05-10 09:00:00,0.0,0.43413476794722683
14098,2020-05-10 10:00:00,0.0,0.8724367599570362
14099,2020-05-10 11:00:00,0.0,0.791245115119575
14100,2020-05-10 12:00:00,0.0,0.30432992814606596
14101,2020-05-10 13:00:00,0.0,0.5563072994249729
14102,2020-05-10 14:00:00,0.0,0.8985990798020049
14103,2020-05-10 15:00:00,0.0,0.22138909601974543
14104,2020-05-10 16:00:00,0.0,0.2098543358491285
14105,2020-05-10 17:00:00,0.0,0.4894805184169342
14106,2020-05-10 18:00:00,0.0,0.4116218547941013
14107,2020-05-10 19:00:00,0.0,0.8978766883206711
14108,2020-05-10 20:00:00,0.0,0.11743403264858876
14109,2020-05-10 21:00:00,0.0,0.30728741743960075
14110,2020-05-10 22:00:00,0.0,0.6782966734870858
14111,2020-05-10 23:00:00,0.0,0.4574406454439087
14112,2020-05-11 00:00:00,0.0,0.673162098630608
14113,2020-05-11 01:00:00,0.0,0.47916281372874936
14114,2020-05-11 02:00:00,0.0,0.9890755279108506
14115,2020-05-11 03:00:00,0.0,0.6197068823015419
14116,2020-05-11 04:00:00,0.0,0.9113500573751919
14117,2020-05-11 05:00:00,0.0,0.9317927107580605
14118,2020-05-11 06:00:00,0.0,0.19349849321498158
14119,2020-05-11 07:00:00,0.016825687,0.7390632274946118
14120,2020-05-11 08:00:00,0.018815927,0.42792712889444606
14121,2020-05-11 09:00:00,0.029209569,0.2173325246209663
14122,2020-05-11 10:00:00,0.042437777,0.6790809047810689
14123,2020-05-11 11:00:00,0.077723093,0.5082705650332707
14124,2020-05-11 12:00:00,0.262169898,0.16269130559185585
14125,2020-05-11 13:00:00,0.342569053,0.19713079956349788
14126,2020-05-11 14:00:00,0.31564945,0.3209811038908822
14127,2020-05-11 15:00:00,0.331904739,0.2925881403698588
14128,2020-05-11 16:00:00,0.1790452,0.7646848815877648
14129,2020-05-11 17:00:00,0.032393478,0.2939771036018267
14130,2020-05-11 18:00:00,0.025364447,0.4853719362127704
14131,2020-05-11 19:00:00,0.021963457,0.5623824639092015
14132,2020-05-11 20:00:00,0.022289041,0.7280107671860039
14133,2020-05-11 21:00:00,0.012558906,0.3145213829531579
14134,2020-05-11 22:00:00,0.006948778,0.05433977420605918
14135,2020-05-11 23:00:00,0.003248757,0.5302269280925334
14136,2020-05-12 00:00:00,0.002275232,0.7025528153646989
14137,2020-05-12 01:00:00,0.001144913,0.799458340939633
14138,2020-05-12 02:00:00,0.000465995,0.5028681738241471
14139,2020-05-12 03:00:00,0.000386616,0.2760295232590517
14140,2020-05-12 04:00:00,0.000269694,0.7689049043384745
14141,2020-05-12 05:00:00,0.000560196,0.01594777869072339
14142,2020-05-12 06:00:00,0.000743459,0.841620561999441
14143,2020-05-12 07:00:00,0.001009982,0.2619618020011958
14144,2020-05-12 08:00:00,0.017445989,0.5417155875177522
14145,2020-05-12 09:00:00,0.034467578,0.5456974449456494
14146,2020-05-12 10:00:00,0.04631339,0.5826692597280152
14147,2020-05-12 11:00:00,0.05192294,0.2927148066395092
14148,2020-05-12 12:00:00,0.054841701,0.24662957009945186
14149,2020-05-12 13:00:00,0.058458626,0.07319643880650073
14150,2020-05-12 14:00:00,0.063638955,0.564335052585515
14151,2020-05-12 15:00:00,0.068198264,0.5831409571073595
14152,2020-05-12 16:00:00,0.063559085,0.5857187524042967
14153,2020-05-12 17:00:00,0.007256414,0.606381948014586
14154,2020-05-12 18:00:00,0.011145874,0.8235278834625651
14155,2020-05-12 19:00:00,0.011563224,0.665338798482421
14156,2020-05-12 20:00:00,0.009366024,0.2078682679624173
14157,2020-05-12 21:00:00,0.006291041,0.8438552440948417
14158,2020-05-12 22:00:00,0.005030087,0.8005642374069302
14159,2020-05-12 23:00:00,0.00276962,0.528358046145083
14160,2020-05-13 00:00:00,0.001234349,0.6751929735389602
14161,2020-05-13 01:00:00,0.000541539,0.12552635993840788
14162,2020-05-13 02:00:00,0.000221783,0.34461553270088663
14163,2020-05-13 03:00:00,0.000115179,0.8498702927799804
14164,2020-05-13 04:00:00,0.000294434,0.6663444635937007
14165,2020-05-13 05:00:00,0.000522567,0.2394916083722547
14166,2020-05-13 06:00:00,0.000813618,0.011072317956186684
14167,2020-05-13 07:00:00,0.00082956,0.7953220147892625
14168,2020-05-13 08:00:00,0.001138869,0.2427008074639171
14169,2020-05-13 09:00:00,0.001048184,0.3831972488910129
14170,2020-05-13 10:00:00,0.001326923,0.3712218257339711
14171,2020-05-13 11:00:00,0.000917002,0.20760201792024435
14172,2020-05-13 12:00:00,0.000880002,0.6948735570258496
14173,2020-05-13 13:00:00,0.000747117,0.9945299747332542
14174,2020-05-13 14:00:00,0.00110637,0.45893717496994235
14175,2020-05-13 15:00:00,0.002075583,0.4212999551177661
14176,2020-05-13 16:00:00,0.002250259,0.7065066930327957
14177,2020-05-13 17:00:00,0.001884151,0.5502309797512703
14178,2020-05-13 18:00:00,0.003053327,0.8781586699785222
14179,2020-05-13 19:00:00,0.003358589,0.8881470901726746
14180,2020-05-13 20:00:00,0.002873687,0.260347637190392
14181,2020-05-13 21:00:00,0.002024952,0.39392233983345537
14182,2020-05-13 22:00:00,0.001219884,0.578401571357492
14183,2020-05-13 23:00:00,0.000723434,0.5091474286149315
14184,2020-05-14 00:00:00,0.000306692,0.07471720937368664
14185,2020-05-14 01:00:00,0.00015818,0.1310435852685201
14186,2020-05-14 02:00:00,7.3897e-05,0.7590168459220656
14187,2020-05-14 03:00:00,2.8199e-05,0.9354282237387178
14188,2020-05-14 04:00:00,0.00011237,0.6397220621613886
14189,2020-05-14 05:00:00,0.004910565,0.4778726272481032
14190,2020-05-14 06:00:00,0.005401934,0.5430568360840907
14191,2020-05-14 07:00:00,0.000311587,0.49715327927183794
14192,2020-05-14 08:00:00,0.000360199,0.3180155376989674
14193,2020-05-14 09:00:00,0.000359939,0.09184992896348454
14194,2020-05-14 10:00:00,0.000313318,0.5843634075189719
14195,2020-05-14 11:00:00,0.00024828,0.2993953851972162
14196,2020-05-14 12:00:00,0.000332302,0.153080387243698
14197,2020-05-14 13:00:00,0.00029597,0.8031488825490134
14198,2020-05-14 14:00:00,0.000257007,0.5236605789682316
14199,2020-05-14 15:00:00,0.000436422,0.44056644803231126
14200,2020-05-14 16:00:00,0.000557841,0.35329263197644034
14201,2020-05-14 17:00:00,0.000647657,0.14383993612494383
14202,2020-05-14 18:00:00,0.001142888,0.6948344849988632
14203,2020-05-14 19:00:00,0.001412328,0.23659730372019483
14204,2020-05-14 20:00:00,0.001182695,0.5995212614152142
14205,2020-05-14 21:00:00,0.000842967,0.31229831708958733
14206,2020-05-14 22:00:00,0.000620882,0.5885971718264132
14207,2020-05-14 23:00:00,0.000374672,0.3882839155404558
14208,2020-05-15 00:00:00,0.000215292,0.8080411410809282
14209,2020-05-15 01:00:00,9.7626e-05,0.8998410231078446
14210,2020-05-15 02:00:00,4.2533e-05,0.3941349979476916
14211,2020-05-15 03:00:00,2.3425e-05,0.6542047039643535
14212,2020-05-15 04:00:00,1.4925e-05,0.5195037792415712
14213,2020-05-15 05:00:00,2.0783e-05,0.6347715035267678
14214,2020-05-15 06:00:00,1.908e-05,0.7356770690248351
14215,2020-05-15 07:00:00,1.6531e-05,0.8938103921120997
14216,2020-05-15 08:00:00,1.6067e-05,0.08439384777291781
14217,2020-05-15 09:00:00,1.826e-05,0.3729214683180896
14218,2020-05-15 10:00:00,1.8668e-05,0.44631647059028146
14219,2020-05-15 11:00:00,1.5522e-05,0.6193169467669637
14220,2020-05-15 12:00:00,1.7237e-05,0.5070043405880167
14221,2020-05-15 13:00:00,1.4963e-05,0.6863777910128495
14222,2020-05-15 14:00:00,4.24e-06,0.9336756031599592
14223,2020-05-15 15:00:00,1.223e-06,0.9948804835247478
14224,2020-05-15 16:00:00,5.6609e-05,0.35749368779202306
14225,2020-05-15 17:00:00,6.8951e-05,0.9248561449757182
14226,2020-05-15 18:00:00,8.3804e-05,0.6953318877168166
14227,2020-05-15 19:00:00,0.000104419,0.17460412571035133
14228,2020-05-15 20:00:00,8.236e-05,0.7325659362802982
14229,2020-05-15 21:00:00,5.8657e-05,0.9769159374916752
14230,2020-05-15 22:00:00,4.4885e-05,0.6948746618586433
14231,2020-05-15 23:00:00,2.2662e-05,0.2663633337992627
14232,2020-05-16 00:00:00,1.0948e-05,0.9873370009756116
14233,2020-05-16 01:00:00,4.719e-06,0.8405775346344185
14234,2020-05-16 02:00:00,2.114e-06,0.06410463677268419
14235,2020-05-16 03:00:00,1.343e-06,0.00861247537450871
14236,2020-05-16 04:00:00,1.205e-06,0.32755926758123455
14237,2020-05-16 05:00:00,1.346e-06,0.020564696657711545
14238,2020-05-16 06:00:00,1.392e-06,0.05762720921673525
14239,2020-05-16 07:00:00,0.0,0.9582663649277596
14240,2020-05-16 08:00:00,0.0,0.6596429298831051
14241,2020-05-16 09:00:00,0.0,0.154492457027799
14242,2020-05-16 10:00:00,0.0,0.43674893080168165
14243,2020-05-16 11:00:00,1.581e-06,0.3929889295530927
14244,2020-05-16 12:00:00,2.286e-06,0.27111056040394466
14245,2020-05-16 13:00:00,3.302e-06,0.5719174664299846
14246,2020-05-16 14:00:00,0.0,0.5297005417390351
14247,2020-05-16 15:00:00,3.916e-06,0.2135554122670903
14248,2020-05-16 16:00:00,4.475e-06,0.9574553206489981
14249,2020-05-16 17:00:00,1.0041e-05,0.29673281142477825
14250,2020-05-16 18:00:00,1.7996e-05,0.512217130036874
14251,2020-05-16 19:00:00,1.9319e-05,0.42112579542548234
14252,2020-05-16 20:00:00,1.6766e-05,0.6560987279500767
14253,2020-05-16 21:00:00,1.3404e-05,0.38233894653940326
14254,2020-05-16 22:00:00,9.356e-06,0.7784956996380493
14255,2020-05-16 23:00:00,5.656e-06,0.2201493308973781
14256,2020-05-17 00:00:00,2.309e-06,0.11163104013666192
14257,2020-05-17 01:00:00,0.0,0.9247900423901051
14258,2020-05-17 02:00:00,0.0,0.202863274241312
14259,2020-05-17 03:00:00,0.0,0.4067614115436441
14260,2020-05-17 04:00:00,0.0,0.10914310728769239
14261,2020-05-17 05:00:00,0.0,0.1889607772287233
14262,2020-05-17 06:00:00,0.0,0.3493973793994096
14263,2020-05-17 07:00:00,0.0,0.5442517467318103
14264,2020-05-17 08:00:00,2.501e-06,0.09203611043280369
14265,2020-05-17 09:00:00,1.95e-06,0.5393816318872148
14266,2020-05-17 10:00:00,3.151e-06,0.8138323940997603
14267,2020-05-17 11:00:00,8.572e-06,0.21188208908836625
14268,2020-05-17 12:00:00,8.139e-06,0.4799903572637353
14269,2020-05-17 13:00:00,9.366e-06,0.028491781361135282
14270,2020-05-17 14:00:00,0.001661289,0.9393293041970017
14271,2020-05-17 15:00:00,0.00096537,0.4051406719033893
14272,2020-05-17 16:00:00,1.8972e-05,0.1524864466426049
14273,2020-05-17 17:00:00,3.0729e-05,0.49874707690510456
14274,2020-05-17 18:00:00,4.2121e-05,0.6166940365056638
14275,2020-05-17 19:00:00,4.2839e-05,0.5308560635417183
14276,2020-05-17 20:00:00,3.3409e-05,0.3897100533935418
14277,2020-05-17 21:00:00,2.07e-05,0.09764521105927215
14278,2020-05-17 22:00:00,1.2551e-05,0.7038196691713091
14279,2020-05-17 23:00:00,7.393e-06,0.12798969828055495
14280,2020-05-18 00:00:00,3.057e-06,0.33674768878807737
14281,2020-05-18 01:00:00,1.335e-06,0.7699990303641198
14282,2020-05-18 02:00:00,0.0,0.8706759998536633
14283,2020-05-18 03:00:00,0.0,0.03198727711168203
14284,2020-05-18 04:00:00,0.0,0.8034307998911143
14285,2020-05-18 05:00:00,0.0,0.018591006879100314
14286,2020-05-18 06:00:00,0.0,0.8773664824439379
14287,2020-05-18 07:00:00,0.0,0.49217117214235573
14288,2020-05-18 08:00:00,0.0,0.612548371789041
14289,2020-05-18 09:00:00,0.0,0.3117006487228696
14290,2020-05-18 10:00:00,1.227e-06,0.5571813071302408
14291,2020-05-18 11:00:00,1.61e-06,0.8397416087858274
14292,2020-05-18 12:00:00,2.413e-06,0.5872066032723076
14293,2020-05-18 13:00:00,2.613e-06,0.09234330344159924
14294,2020-05-18 14:00:00,2.944e-06,0.2024907087075677
14295,2020-05-18 15:00:00,3.599e-06,0.47652835536636695
14296,2020-05-18 16:00:00,3.846e-06,0.5900173861296667
14297,2020-05-18 17:00:00,4.458e-06,0.021958601532175104
14298,2020-05-18 18:00:00,5.629e-06,0.8746513471971153
14299,2020-05-18 19:00:00,5.056e-06,0.6223855207463632
14300,2020-05-18 20:00:00,3.786e-06,0.9644241877949091
14301,2020-05-18 21:00:00,2.643e-06,0.7029811434895111
14302,2020-05-18 22:00:00,1.446e-06,0.7652401506375276
14303,2020-05-18 23:00:00,0.0,0.41596640913612404
14304,2020-05-19 00:00:00,0.0,0.27163573673844565
14305,2020-05-19 01:00:00,0.0,0.8712408466693912
14306,2020-05-19 02:00:00,0.0,0.08398293263423584
14307,2020-05-19 03:00:00,0.0,0.580753808398752
14308,2020-05-19 04:00:00,0.0,0.4896258467310861
14309,2020-05-19 05:00:00,0.0,0.26912030128972064
14310,2020-05-19 06:00:00,0.0,0.9709774487653166
14311,2020-05-19 07:00:00,0.0,0.930084696394391
14312,2020-05-19 08:00:00,0.0,0.2789326505626043
14313,2020-05-19 09:00:00,0.0,0.8194334487021979
14314,2020-05-19 10:00:00,0.0,0.22266397671850158
14315,2020-05-19 11:00:00,0.0,0.3340311263190179
14316,2020-05-19 12:00:00,0.0,0.44055679421755467
14317,2020-05-19 13:00:00,0.0,0.6345327352446798
14318,2020-05-19 14:00:00,0.0,0.5525023124358482
14319,2020-05-19 15:00:00,0.0,0.7926145841749257
14320,2020-05-19 16:00:00,0.0,0.4412608211964092
14321,2020-05-19 17:00:00,0.0,0.681418346084896
14322,2020-05-19 18:00:00,0.0,0.23799569594466252
14323,2020-05-19 19:00:00,0.0,0.07159010823791623
14324,2020-05-19 20:00:00,0.0,0.18676637998063028
14325,2020-05-19 21:00:00,0.0,0.6065299617831879
14326,2020-05-19 22:00:00,0.0,0.7882436462665746
14327,2020-05-19 23:00:00,0.0,0.36124905229715654
14328,2020-05-20 00:00:00,0.0,0.536746449853272
14329,2020-05-20 01:00:00,0.0,0.46404788435048017
14330,2020-05-20 02:00:00,0.0,0.2828590863926609
14331,2020-05-20 03:00:00,0.0,0.019499791430738878
14332,2020-05-20 04:00:00,0.0,0.256890341333303
14333,2020-05-20 05:00:00,0.0,0.5574781081623519
14334,2020-05-20 06:00:00,0.0,0.5359445756042996
14335,2020-05-20 07:00:00,0.0,0.30087706839897
14336,2020-05-20 08:00:00,0.0,0.6961091056376744
14337,2020-05-20 09:00:00,0.0,0.26683174456014347
14338,2020-05-20 10:00:00,0.0,0.63834697766673
14339,2020-05-20 11:00:00,0.0,0.4565967908807961
14340,2020-05-20 12:00:00,0.0,0.7402394311479625
14341,2020-05-20 13:00:00,0.0,0.6019152364028043
14342,2020-05-20 14:00:00,0.0,0.013382814379981456
14343,2020-05-20 15:00:00,0.0,0.05142730728180689
14344,2020-05-20 16:00:00,0.0,0.6831234324683434
14345,2020-05-20 17:00:00,0.0,0.9427650630948552
14346,2020-05-20 18:00:00,0.0,0.8249017173465523
14347,2020-05-20 19:00:00,0.0,0.6929617611389569
14348,2020-05-20 20:00:00,0.0,0.25608569704475614
14349,2020-05-20 21:00:00,0.0,0.5103474825378399
14350,2020-05-20 22:00:00,0.0,0.7893646806313984
14351,2020-05-20 23:00:00,0.0,0.2840340027305511
14352,2020-05-21 00:00:00,0.0,0.7362405499286838
14353,2020-05-21 01:00:00,0.0,0.3301490851457658
14354,2020-05-21 02:00:00,0.0,0.8154787663504932
14355,2020-05-21 03:00:00,0.0,0.8379319830815115
14356,2020-05-21 04:00:00,0.0,0.37607938250543504
14357,2020-05-21 05:00:00,0.0,0.8077256338396775
14358,2020-05-21 06:00:00,0.0,0.9162893558161387
14359,2020-05-21 07:00:00,0.0,0.6936916062025392
14360,2020-05-21 08:00:00,0.0,0.6082586959718813
14361,2020-05-21 09:00:00,0.0,0.6525873374939525
14362,2020-05-21 10:00:00,0.0,0.9921820824842821
14363,2020-05-21 11:00:00,0.0,0.13974218948740869
14364,2020-05-21 12:00:00,0.0,0.08630150360968736
14365,2020-05-21 13:00:00,0.0,0.6122091198553021
14366,2020-05-21 14:00:00,0.0,0.21663204519691726
14367,2020-05-21 15:00:00,0.0,0.2567817272916679
14368,2020-05-21 16:00:00,0.0,0.32331990891595497
14369,2020-05-21 17:00:00,0.0,0.6032851799562904
14370,2020-05-21 18:00:00,0.0,0.07807720251399863
14371,2020-05-21 19:00:00,0.0,0.672140138836413
14372,2020-05-21 20:00:00,0.0,0.0993772158429772
14373,2020-05-21 21:00:00,0.0,0.02246570534809489
14374,2020-05-21 22:00:00,0.0,0.2694879120610977
14375,2020-05-21 23:00:00,0.0,0.013628745677755183
14376,2020-05-22 00:00:00,0.0,0.15396910707004652
14377,2020-05-22 01:00:00,0.0,0.24273421904366643
14378,2020-05-22 02:00:00,0.0,0.582521139818326
14379,2020-05-22 03:00:00,0.0,0.18625940539196395
14380,2020-05-22 04:00:00,0.0,0.46956384696103903
14381,2020-05-22 05:00:00,0.0,0.6363764235431413
14382,2020-05-22 06:00:00,0.0,0.7153112283458808
14383,2020-05-22 07:00:00,0.0,0.9579794888947551
14384,2020-05-22 08:00:00,0.0,0.21019915105440978
14385,2020-05-22 09:00:00,0.0,0.2920465456147818
14386,2020-05-22 10:00:00,0.0,0.49283513727029693
14387,2020-05-22 11:00:00,0.0,0.5289833859530761
14388,2020-05-22 12:00:00,0.0,0.48093659605616623
14389,2020-05-22 13:00:00,0.0,0.22344714740032146
14390,2020-05-22 14:00:00,0.0,0.7989634585228821
14391,2020-05-22 15:00:00,0.0,0.5717562924678027
14392,2020-05-22 16:00:00,0.0,0.3057266043677286
14393,2020-05-22 17:00:00,0.0,0.056716444400706334
14394,2020-05-22 18:00:00,0.0,0.03515421029025745
14395,2020-05-22 19:00:00,0.0,0.5571773108171392
14396,2020-05-22 20:00:00,0.0,0.17244122211912072
14397,2020-05-22 21:00:00,0.0,0.572372688480929
14398,2020-05-22 22:00:00,0.0,0.11351533119230095
14399,2020-05-22 23:00:00,0.0,0.14320445208643073
14400,2020-05-23 00:00:00,0.0,0.5600074874612327
14401,2020-05-23 01:00:00,0.0,0.4005135457114559
14402,2020-05-23 02:00:00,0.0,0.32924763237729837
14403,2020-05-23 03:00:00,0.0,0.6748761165286414
14404,2020-05-23 04:00:00,0.0,0.35902690582960717
14405,2020-05-23 05:00:00,0.0,0.41944495019070904
14406,2020-05-23 06:00:00,0.0,0.6850819908106248
14407,2020-05-23 07:00:00,0.0,0.14419013673951397
14408,2020-05-23 08:00:00,0.0,0.2830718492008456
14409,2020-05-23 09:00:00,0.0,0.29414721318600767
14410,2020-05-23 10:00:00,0.0,0.7178739513673817
14411,2020-05-23 11:00:00,0.0,0.8674795560669071
14412,2020-05-23 12:00:00,0.0,0.05285215414751854
14413,2020-05-23 13:00:00,0.0,0.47842199435688426
14414,2020-05-23 14:00:00,0.0,0.6774384539653419
14415,2020-05-23 15:00:00,0.0,0.7152429649885989
14416,2020-05-23 16:00:00,0.0,0.4504203806627608
14417,2020-05-23 17:00:00,0.0,0.24487555169762842
14418,2020-05-23 18:00:00,0.0,0.22598294011400855
14419,2020-05-23 19:00:00,0.0,0.6064249601490129
14420,2020-05-23 20:00:00,0.0,0.27654320142077005
14421,2020-05-23 21:00:00,0.0,0.23062986803680574
14422,2020-05-23 22:00:00,0.0,0.4206765734830755
14423,2020-05-23 23:00:00,0.0,0.3133968003491042
14424,2020-05-24 00:00:00,0.0,0.27261319656716076
14425,2020-05-24 01:00:00,0.0,0.23017553341493668
14426,2020-05-24 02:00:00,0.0,0.4596707325013424
14427,2020-05-24 03:00:00,0.0,0.15171818089158318
14428,2020-05-24 04:00:00,0.0,0.28683351701021875
14429,2020-05-24 05:00:00,0.0,0.1843524471204384
14430,2020-05-24 06:00:00,0.0,0.547884749172352
14431,2020-05-24 07:00:00,0.0,0.23044468371206706
14432,2020-05-24 08:00:00,0.0,0.6384087724650379
14433,2020-05-24 09:00:00,0.0,0.5271704829359898
14434,2020-05-24 10:00:00,0.0,0.020369984808675246
14435,2020-05-24 11:00:00,0.0,0.9054475839620885
14436,2020-05-24 12:00:00,0.0,0.9693109784735834
14437,2020-05-24 13:00:00,0.0,0.1979498819058889
14438,2020-05-24 14:00:00,0.0,0.38854637344959153
14439,2020-05-24 15:00:00,0.0,0.46170509684568073
14440,2020-05-24 16:00:00,0.0,0.7937153567658665
14441,2020-05-24 17:00:00,0.0,0.3519354791919491
14442,2020-05-24 18:00:00,0.0,0.6561397405038585
14443,2020-05-24 19:00:00,0.0,0.09658408174909272
14444,2020-05-24 20:00:00,0.0,0.06045228114744439
14445,2020-05-24 21:00:00,0.0,0.6596079801436717
14446,2020-05-24 22:00:00,0.0,0.7865239386829598
14447,2020-05-24 23:00:00,0.0,0.1526206274022458
14448,2020-05-25 00:00:00,0.0,0.7797880917311097
14449,2020-05-25 01:00:00,0.0,0.9320217118644795
14450,2020-05-25 02:00:00,0.0,0.093315732867985
14451,2020-05-25 03:00:00,0.0,0.8004880057491408
14452,2020-05-25 04:00:00,0.0,0.7234800181798826
14453,2020-05-25 05:00:00,0.0,0.06889178365152748
14454,2020-05-25 06:00:00,0.0,0.9098149591579155
14455,2020-05-25 07:00:00,0.0,0.8700186451021933
14456,2020-05-25 08:00:00,0.0,0.5225981078199621
14457,2020-05-25 09:00:00,0.0,0.8829659142518727
14458,2020-05-25 10:00:00,0.0,0.5381813966227166
14459,2020-05-25 11:00:00,0.0,0.8304766545479303
14460,2020-05-25 12:00:00,0.0,0.9494287846717183
14461,2020-05-25 13:00:00,0.0,0.04245215007536085
14462,2020-05-25 14:00:00,0.0,0.13659440693339941
14463,2020-05-25 15:00:00,0.0,0.08617411560539523
14464,2020-05-25 16:00:00,0.0,0.2378847477317142
14465,2020-05-25 17:00:00,0.0,0.3311089293517152
14466,2020-05-25 18:00:00,0.0,0.6250395556274374
14467,2020-05-25 19:00:00,0.0,0.8230329125452696
14468,2020-05-25 20:00:00,0.0,0.9600137724955061
14469,2020-05-25 21:00:00,0.0,0.6860920391864799
14470,2020-05-25 22:00:00,0.0,0.0984542066688473
14471,2020-05-25 23:00:00,0.0,0.42885960962812875
14472,2020-05-26 00:00:00,0.0,0.875565415974279
14473,2020-05-26 01:00:00,0.0,0.6371981269652484
14474,2020-05-26 02:00:00,0.0,0.6924313239673955
14475,2020-05-26 03:00:00,0.0,0.28655107446233363
14476,2020-05-26 04:00:00,0.0,0.46749749318373135
14477,2020-05-26 05:00:00,0.0,0.2729460537601457
14478,2020-05-26 06:00:00,0.0,0.9200110285105583
14479,2020-05-26 07:00:00,0.0,0.394044046671178
14480,2020-05-26 08:00:00,0.0,0.9167098927080788
14481,2020-05-26 09:00:00,0.0,0.6201421339156264
14482,2020-05-26 10:00:00,0.0,0.2062073781417464
14483,2020-05-26 11:00:00,0.0,0.5828495721352578
14484,2020-05-26 12:00:00,0.0,0.2748161130740625
14485,2020-05-26 13:00:00,0.0,0.8795589822513249
14486,2020-05-26 14:00:00,0.0,0.7311310198376197
14487,2020-05-26 15:00:00,0.0,0.3323240015353388
14488,2020-05-26 16:00:00,0.0,0.726713394026889
14489,2020-05-26 17:00:00,0.0,0.21416942964796204
14490,2020-05-26 18:00:00,0.0,0.934955041738292
14491,2020-05-26 19:00:00,0.0,0.9895417074437801
14492,2020-05-26 20:00:00,0.0,0.510488855342853
14493,2020-05-26 21:00:00,0.0,0.8211910955055896
14494,2020-05-26 22:00:00,0.0,0.29929758790058325
14495,2020-05-26 23:00:00,0.0,0.08683838544609979
14496,2020-05-27 00:00:00,0.0,0.6387682573930709
14497,2020-05-27 01:00:00,0.0,0.21723218786366638
14498,2020-05-27 02:00:00,0.0,0.8552672005697144
14499,2020-05-27 03:00:00,0.0,0.07297835384388884
14500,2020-05-27 04:00:00,0.0,0.7893946216939094
14501,2020-05-27 05:00:00,0.0,0.028457369551112666
14502,2020-05-27 06:00:00,0.0,0.6994148862249302
14503,2020-05-27 07:00:00,0.0,0.40470293205603924
14504,2020-05-27 08:00:00,0.0,0.33417879426118113
14505,2020-05-27 09:00:00,0.0,0.9654393897288311
14506,2020-05-27 10:00:00,0.0,0.03969491563490424
14507,2020-05-27 11:00:00,0.0,0.0968576974964277
14508,2020-05-27 12:00:00,0.0,0.37295948491364617
14509,2020-05-27 13:00:00,0.0,0.4336274599213291
14510,2020-05-27 14:00:00,0.0,0.45967366664539266
14511,2020-05-27 15:00:00,0.0,0.3830522452405106
14512,2020-05-27 16:00:00,0.0,0.03863147253324273
14513,2020-05-27 17:00:00,0.0,0.9159919746268953
14514,2020-05-27 18:00:00,0.0,0.7728370347605712
14515,2020-05-27 19:00:00,0.0,0.961241123938633
14516,2020-05-27 20:00:00,0.0,0.26898804124100395
14517,2020-05-27 21:00:00,0.0,0.07112770549386305
14518,2020-05-27 22:00:00,0.0,0.8567854728274122
14519,2020-05-27 23:00:00,0.0,0.4668665243283424
14520,2020-05-28 00:00:00,0.0,0.5124954394344234
14521,2020-05-28 01:00:00,0.0,0.6229572794881361
14522,2020-05-28 02:00:00,0.0,0.12121994354733878
14523,2020-05-28 03:00:00,0.0,0.8390924288952999
14524,2020-05-28 04:00:00,0.0,0.7499437175750754
14525,2020-05-28 05:00:00,0.0,0.6062182627557368
14526,2020-05-28 06:00:00,0.0,0.4225716824703315
14527,2020-05-28 07:00:00,0.0,0.7970848281180437
14528,2020-05-28 08:00:00,0.0,0.8051745696925123
14529,2020-05-28 09:00:00,0.0,0.9956678423340504
14530,2020-05-28 10:00:00,0.0,0.7513240560200115
14531,2020-05-28 11:00:00,0.0,0.5801200474815047
14532,2020-05-28 12:00:00,0.0,0.5109392018202934
14533,2020-05-28 13:00:00,0.0,0.29078853144026784
14534,2020-05-28 14:00:00,0.0,0.2596774400382216
14535,2020-05-28 15:00:00,0.0,0.39817876032101174
14536,2020-05-28 16:00:00,0.0,0.5874687142820292
14537,2020-05-28 17:00:00,0.0,0.4547255671898476
14538,2020-05-28 18:00:00,0.0,0.45742078686492005
14539,2020-05-28 19:00:00,0.0,0.2339378559160804
14540,2020-05-28 20:00:00,0.0,0.6634605228424513
14541,2020-05-28 21:00:00,0.0,0.3078011826036722
14542,2020-05-28 22:00:00,0.0,0.015436123560837789
14543,2020-05-28 23:00:00,0.0,0.9939079299944666
14544,2020-05-29 00:00:00,0.0,0.021160207854082347
14545,2020-05-29 01:00:00,0.0,0.5202633634936586
14546,2020-05-29 02:00:00,0.0,0.2907609854603387
14547,2020-05-29 03:00:00,0.0,0.006317936492381437
14548,2020-05-29 04:00:00,0.0,0.8955543721174529
14549,2020-05-29 05:00:00,0.002464049,0.7656412714437848
14550,2020-05-29 06:00:00,0.00212674,0.5901099268467506
14551,2020-05-29 07:00:00,0.001817408,0.44471625966825135
14552,2020-05-29 08:00:00,0.001364922,0.7824236797958121
14553,2020-05-29 09:00:00,0.020978026,0.46754757019544346
14554,2020-05-29 10:00:00,0.041441511,0.12179852331352836
14555,2020-05-29 11:00:00,0.058866821,0.6832358543026357
14556,2020-05-29 12:00:00,0.073046364,0.5531504512336041
14557,2020-05-29 13:00:00,0.083925724,0.7695389543886577
14558,2020-05-29 14:00:00,0.096574195,0.8795785519419103
14559,2020-05-29 15:00:00,0.10902819,0.06437036518898365
14560,2020-05-29 16:00:00,0.004237202,0.9656951909096964
14561,2020-05-29 17:00:00,0.006029613,0.31017711987496965
14562,2020-05-29 18:00:00,0.006617597,0.43869748692423693
14563,2020-05-29 19:00:00,0.006121909,0.49029967656530016
14564,2020-05-29 20:00:00,0.006007499,0.7409865960326242
14565,2020-05-29 21:00:00,0.004578959,0.033740548156748984
14566,2020-05-29 22:00:00,0.001713814,0.02512008095923879
14567,2020-05-29 23:00:00,0.000999291,0.9711868396856406
14568,2020-05-30 00:00:00,0.000406602,0.14852516021885243
14569,2020-05-30 01:00:00,0.000221645,0.14381381037223473
14570,2020-05-30 02:00:00,9.6026e-05,0.27914189488900354
14571,2020-05-30 03:00:00,6.8394e-05,0.515160897409748
14572,2020-05-30 04:00:00,3.9464e-05,0.8512626426212652
14573,2020-05-30 05:00:00,7.784e-05,0.792497073598335
14574,2020-05-30 06:00:00,9.2128e-05,0.5935772755345465
14575,2020-05-30 07:00:00,0.000129391,0.7222412773486251
14576,2020-05-30 08:00:00,0.000262054,0.17407439710300399
14577,2020-05-30 09:00:00,0.000403448,0.6865963833530375
14578,2020-05-30 10:00:00,0.014112346,0.09418014489327708
14579,2020-05-30 11:00:00,0.030544482,0.13731297789690144
14580,2020-05-30 12:00:00,0.043730207,0.663899446586045
14581,2020-05-30 13:00:00,0.053515334,0.7420643221757639
14582,2020-05-30 14:00:00,0.069375031,0.9898031568419983
14583,2020-05-30 15:00:00,0.081452243,0.6296161945735684
14584,2020-05-30 16:00:00,0.002176357,0.42324431160735865
14585,2020-05-30 17:00:00,0.003614661,0.27532593765251534
14586,2020-05-30 18:00:00,0.004826906,0.1624741169925099
14587,2020-05-30 19:00:00,0.005451274,0.6304952576828727
14588,2020-05-30 20:00:00,0.003306391,0.7102809969294689
14589,2020-05-30 21:00:00,0.002558974,0.5762753386632785
14590,2020-05-30 22:00:00,0.001369504,0.09962675530434872
14591,2020-05-30 23:00:00,0.000717056,0.9629632763989041
14592,2020-05-31 00:00:00,0.000474736,0.8883160004078062
14593,2020-05-31 01:00:00,0.000210144,0.6517546197752715
14594,2020-05-31 02:00:00,8.8092e-05,0.9559107170215557
14595,2020-05-31 03:00:00,5.8832e-05,0.11118323171812916
14596,2020-05-31 04:00:00,3.3045e-05,0.5931313049612141
14597,2020-05-31 05:00:00,2.7139e-05,0.12241007858083053
14598,2020-05-31 06:00:00,2.2753e-05,0.5514123032328563
14599,2020-05-31 07:00:00,1.1409e-05,0.39016288792344334
14600,2020-05-31 08:00:00,0.000413131,0.8174943979380248
14601,2020-05-31 09:00:00,0.00055579,0.2732897007576177
14602,2020-05-31 10:00:00,0.000437651,0.34870799882159653
14603,2020-05-31 11:00:00,0.00025018,0.957279246347174
14604,2020-05-31 12:00:00,0.000545889,0.947936427536622
14605,2020-05-31 13:00:00,0.000567726,0.09217190906015715
14606,2020-05-31 14:00:00,0.000475639,0.0021699256685613344
14607,2020-05-31 15:00:00,0.000651975,0.8812331653005548
14608,2020-05-31 16:00:00,0.000640484,0.3935455957973766
14609,2020-05-31 17:00:00,0.001421673,0.7491409167675225
14610,2020-05-31 18:00:00,0.002676319,0.16231700863824494
14611,2020-05-31 19:00:00,0.001996724,0.08888734759634398
14612,2020-05-31 20:00:00,0.001847501,0.9918585346775822
14613,2020-05-31 21:00:00,0.000956989,0.43198705210411725
14614,2020-05-31 22:00:00,0.000705801,0.7253642776902751
14615,2020-05-31 23:00:00,0.000424671,0.910218607296176
14616,2020-06-01 00:00:00,0.000171351,0.8450047470171682
14617,2020-06-01 01:00:00,0.000125304,0.2117568814932549
14618,2020-06-01 02:00:00,5.4142e-05,0.5657432863211272
14619,2020-06-01 03:00:00,2.953e-05,0.44318818776706026
14620,2020-06-01 04:00:00,1.6859e-05,0.44471010123027344
14621,2020-06-01 05:00:00,1.3352e-05,0.4439753854099373
14622,2020-06-01 06:00:00,1.0918e-05,0.2271574057330995
14623,2020-06-01 07:00:00,0.000400224,0.4767157666333379
14624,2020-06-01 08:00:00,0.000721823,0.2312805651824711
14625,2020-06-01 09:00:00,0.000640885,0.32641899838041555
14626,2020-06-01 10:00:00,0.000274167,0.5515102046546952
14627,2020-06-01 11:00:00,0.000520603,0.8245149575051611
14628,2020-06-01 12:00:00,0.000582351,0.22674001556465018
14629,2020-06-01 13:00:00,0.013490383,0.6204558049351202
14630,2020-06-01 14:00:00,0.02772389,0.2541995519956106
14631,2020-06-01 15:00:00,0.038160205,0.9438993805204648
14632,2020-06-01 16:00:00,0.00384838,0.40605412008775377
14633,2020-06-01 17:00:00,0.006630986,0.8412658003876826
14634,2020-06-01 18:00:00,0.010692243,0.6296097843656872
14635,2020-06-01 19:00:00,0.007858242,0.48741990874399355
14636,2020-06-01 20:00:00,0.005536888,0.04999131618819208
14637,2020-06-01 21:00:00,0.003716529,0.4896239704895653
14638,2020-06-01 22:00:00,0.002259834,0.5393139087953724
14639,2020-06-01 23:00:00,0.001661712,0.0855649473903598
14640,2020-06-02 00:00:00,0.00076935,0.502557439491534
14641,2020-06-02 01:00:00,0.000350019,0.8471814572563956
14642,2020-06-02 02:00:00,0.00020336,0.7240697634909546
14643,2020-06-02 03:00:00,0.00011669,0.7285276347591034
14644,2020-06-02 04:00:00,0.000611909,0.4119815443013394
14645,2020-06-02 05:00:00,0.000687678,0.27018880503700304
14646,2020-06-02 06:00:00,0.00090661,0.47462009728141696
14647,2020-06-02 07:00:00,0.001337167,0.492154558624497
14648,2020-06-02 08:00:00,0.001915988,0.23332443869647213
14649,2020-06-02 09:00:00,0.002137509,0.342492309161199
14650,2020-06-02 10:00:00,0.002856256,0.3772532128237557
14651,2020-06-02 11:00:00,0.003880576,0.3145696206396449
14652,2020-06-02 12:00:00,0.003679664,0.23325917186579082
14653,2020-06-02 13:00:00,0.018152574,0.4186706984546752
14654,2020-06-02 14:00:00,0.039630294,0.1978248047380562
14655,2020-06-02 15:00:00,0.003130187,0.7963588957060143
14656,2020-06-02 16:00:00,0.003934955,0.6802397187651367
14657,2020-06-02 17:00:00,0.004371169,0.20599203819828626
14658,2020-06-02 18:00:00,0.005006352,0.21491949041663427
14659,2020-06-02 19:00:00,0.004853921,0.2412003104363657
14660,2020-06-02 20:00:00,0.003464846,0.78872965517118
14661,2020-06-02 21:00:00,0.002029439,0.5643244215945682
14662,2020-06-02 22:00:00,0.001472345,0.12928597642602424
14663,2020-06-02 23:00:00,0.000491588,0.42160863030076123
14664,2020-06-03 00:00:00,0.000368325,0.12257241345163661
14665,2020-06-03 01:00:00,0.000142656,0.22786478976754898
14666,2020-06-03 02:00:00,7.3198e-05,0.9364925971485334
14667,2020-06-03 03:00:00,5.0152e-05,0.9233682168555764
14668,2020-06-03 04:00:00,5.2579e-05,0.33275606883046593
14669,2020-06-03 05:00:00,0.000119098,0.869682606581862
14670,2020-06-03 06:00:00,0.000257637,0.6977420918715067
14671,2020-06-03 07:00:00,0.000244827,0.37817903161442046
14672,2020-06-03 08:00:00,0.000296315,0.08758973316653607
14673,2020-06-03 09:00:00,0.000425183,0.46388117359684555
14674,2020-06-03 10:00:00,0.004189435,0.5264199135725608
14675,2020-06-03 11:00:00,0.008821715,0.743121812168612
14676,2020-06-03 12:00:00,0.011122919,0.05363021773532939
14677,2020-06-03 13:00:00,0.012735358,0.00843821025071978
14678,2020-06-03 14:00:00,0.016096707,0.2680924490865706
14679,2020-06-03 15:00:00,0.019872291,0.9394373906215271
14680,2020-06-03 16:00:00,0.002861559,0.4295811437636551
14681,2020-06-03 17:00:00,0.008973304,0.7004455610116339
14682,2020-06-03 18:00:00,0.015548506,0.06011428910530758
14683,2020-06-03 19:00:00,0.013426413,0.4492938826950844
14684,2020-06-03 20:00:00,0.008095741,0.80060694237075
14685,2020-06-03 21:00:00,0.007163193,0.06521453978958702
14686,2020-06-03 22:00:00,0.003922946,0.324066610970279
14687,2020-06-03 23:00:00,0.002842171,0.009670888762988827
14688,2020-06-04 00:00:00,0.00077085,0.10762925485260422
14689,2020-06-04 01:00:00,0.000428248,0.6517682906334874
14690,2020-06-04 02:00:00,0.000216336,0.22357554914949007
14691,2020-06-04 03:00:00,0.000119429,0.36052667867734345
14692,2020-06-04 04:00:00,0.000222314,0.7859471714023176
14693,2020-06-04 05:00:00,0.000279915,0.280786766373853
14694,2020-06-04 06:00:00,0.000752011,0.35163473127198697
14695,2020-06-04 07:00:00,0.001423063,0.681113297391235
14696,2020-06-04 08:00:00,0.001915701,0.03535724068739021
14697,2020-06-04 09:00:00,0.00698453,0.6178067658121729
14698,2020-06-04 10:00:00,0.012645425,0.9372396233521595
14699,2020-06-04 11:00:00,0.017331526,0.945106969101188
14700,2020-06-04 12:00:00,0.020207662,0.22577304960880784
14701,2020-06-04 13:00:00,0.025686029,0.10606796481035641
14702,2020-06-04 14:00:00,0.034015898,0.12285243497279319
14703,2020-06-04 15:00:00,0.031274132,0.39485884226600054
14704,2020-06-04 16:00:00,0.014463989,0.974148531619359
14705,2020-06-04 17:00:00,0.014894665,0.07899927625933179
14706,2020-06-04 18:00:00,0.01965538,0.5192767859835251
14707,2020-06-04 19:00:00,0.015892148,0.8684216853888521
14708,2020-06-04 20:00:00,0.012591691,0.7751696105800501
14709,2020-06-04 21:00:00,0.007348448,0.4813937881201298
14710,2020-06-04 22:00:00,0.004009715,0.08940669203883189
14711,2020-06-04 23:00:00,0.002456646,0.10030075571439723
14712,2020-06-05 00:00:00,0.001120553,0.14202209698191448
14713,2020-06-05 01:00:00,0.000494275,0.027752046668876096
14714,2020-06-05 02:00:00,0.000231372,0.4873576660720986
14715,2020-06-05 03:00:00,0.000109674,0.11092576904013618
14716,2020-06-05 04:00:00,4.4992e-05,0.8447576754573259
14717,2020-06-05 05:00:00,7.7754e-05,0.32873557933433994
14718,2020-06-05 06:00:00,0.000173917,0.7929941947233713
14719,2020-06-05 07:00:00,0.000600875,0.5852391803452875
14720,2020-06-05 08:00:00,0.000780879,0.9000409761522039
14721,2020-06-05 09:00:00,0.001272882,0.3331422216395402
14722,2020-06-05 10:00:00,0.002301692,0.012555504953308927
14723,2020-06-05 11:00:00,0.001409512,0.25021029238893966
14724,2020-06-05 12:00:00,0.00247878,0.7198508709391485
14725,2020-06-05 13:00:00,0.002993791,0.47513611268128464
14726,2020-06-05 14:00:00,0.006305704,0.07951423727630902
14727,2020-06-05 15:00:00,0.008102647,0.02418107650769674
14728,2020-06-05 16:00:00,0.004222308,0.9214014369931217
14729,2020-06-05 17:00:00,0.008713311,0.9476866724541051
14730,2020-06-05 18:00:00,0.009945814,0.5202560030762557
14731,2020-06-05 19:00:00,0.007985909,0.035426785717761144
14732,2020-06-05 20:00:00,0.005824433,0.613529959198239
14733,2020-06-05 21:00:00,0.003644046,0.19537490265219482
14734,2020-06-05 22:00:00,0.002407727,0.04233215717764305
14735,2020-06-05 23:00:00,0.001215187,0.827520400736228
14736,2020-06-06 00:00:00,0.000361225,0.5378466333818747
14737,2020-06-06 01:00:00,0.000260375,0.10305298933444107
14738,2020-06-06 02:00:00,0.000118788,0.051162464943687036
14739,2020-06-06 03:00:00,6.0817e-05,0.5709212286165695
14740,2020-06-06 04:00:00,4.4762e-05,0.9342663356704857
14741,2020-06-06 05:00:00,4.446e-05,0.9901003663925555
14742,2020-06-06 06:00:00,3.0611e-05,0.7333709944077614
14743,2020-06-06 07:00:00,2.5038e-05,0.9129176028602374
14744,2020-06-06 08:00:00,2.1209e-05,0.6416447140956159
14745,2020-06-06 09:00:00,1.9367e-05,0.8299307981997524
14746,2020-06-06 10:00:00,2.4379e-05,0.42772099057746216
14747,2020-06-06 11:00:00,1.9022e-05,0.9634346349919155
14748,2020-06-06 12:00:00,1.0988e-05,0.05785532566217155
14749,2020-06-06 13:00:00,7.527e-06,0.4883075791048105
14750,2020-06-06 14:00:00,5.457e-06,0.44359107244869445
14751,2020-06-06 15:00:00,3.888e-06,0.05954691695394365
14752,2020-06-06 16:00:00,2.866e-06,0.7406896890748952
14753,2020-06-06 17:00:00,1.95e-06,0.0772917319352121
14754,2020-06-06 18:00:00,0.0,0.5523960002623354
14755,2020-06-06 19:00:00,0.0,0.8167621557838703
14756,2020-06-06 20:00:00,0.0,0.4608303027720566
14757,2020-06-06 21:00:00,0.0,0.5857778036771285
14758,2020-06-06 22:00:00,0.0,0.4526817238024452
14759,2020-06-06 23:00:00,0.0,0.467657584907171
14760,2020-06-07 00:00:00,0.0,0.5739727533368083
14761,2020-06-07 01:00:00,0.0,0.5141512426205724
14762,2020-06-07 02:00:00,0.0,0.7565237963260325
14763,2020-06-07 03:00:00,0.0,0.9970588072495197
14764,2020-06-07 04:00:00,0.0,0.9672902019935002
14765,2020-06-07 05:00:00,0.0,0.5818502650260156
14766,2020-06-07 06:00:00,0.0,0.43777441542678464
14767,2020-06-07 07:00:00,0.0,0.03156405091383019
14768,2020-06-07 08:00:00,0.0,0.2562812686103878
14769,2020-06-07 09:00:00,0.0,0.526723557105847
14770,2020-06-07 10:00:00,0.0,0.4997633513669706
14771,2020-06-07 11:00:00,0.0,0.2068903499072462
14772,2020-06-07 12:00:00,0.0,0.3533219744363477
14773,2020-06-07 13:00:00,0.0,0.31054688031027144
14774,2020-06-07 14:00:00,0.0,0.16467929003859028
14775,2020-06-07 15:00:00,0.0,0.7424374766500355
14776,2020-06-07 16:00:00,0.0,0.4373562264639631
14777,2020-06-07 17:00:00,0.0,0.6826178285538328
14778,2020-06-07 18:00:00,0.0,0.9783246236340392
14779,2020-06-07 19:00:00,0.0,0.2043408375105985
14780,2020-06-07 20:00:00,0.0,0.5347081587746749
14781,2020-06-07 21:00:00,0.0,0.9047723984904154
14782,2020-06-07 22:00:00,0.0,0.4367440411002418
14783,2020-06-07 23:00:00,0.0,0.5737052320187944
14784,2020-06-08 00:00:00,0.0,0.9958475033723867
14785,2020-06-08 01:00:00,0.0,0.17178503105827514
14786,2020-06-08 02:00:00,0.0,0.6079437788932643
14787,2020-06-08 03:00:00,0.0,0.8921503289241246
14788,2020-06-08 04:00:00,0.0,0.4916728523690739
14789,2020-06-08 05:00:00,0.0,0.9793687907174411
14790,2020-06-08 06:00:00,0.0,0.12365826223222987
14791,2020-06-08 07:00:00,0.0,0.7219116114405608
14792,2020-06-08 08:00:00,0.0,0.2958240728658722
14793,2020-06-08 09:00:00,0.0,0.005002562326556492
14794,2020-06-08 10:00:00,0.0,0.4760976772564929
14795,2020-06-08 11:00:00,0.0,0.17976955114110538
14796,2020-06-08 12:00:00,0.0,0.852804515910539
14797,2020-06-08 13:00:00,0.0,0.5622800609344927
14798,2020-06-08 14:00:00,0.0,0.5563068098055889
14799,2020-06-08 15:00:00,0.0,0.2510203943336796
14800,2020-06-08 16:00:00,0.0,0.08333772190206667
14801,2020-06-08 17:00:00,0.0,0.5408323914855917
14802,2020-06-08 18:00:00,0.0,0.04675357199975261
14803,2020-06-08 19:00:00,0.0,0.20173253856603635
14804,2020-06-08 20:00:00,0.0,0.6559187276396584
14805,2020-06-08 21:00:00,0.0,0.5680279706509802
14806,2020-06-08 22:00:00,0.0,0.3799929560135873
14807,2020-06-08 23:00:00,0.0,0.009790397603051115
14808,2020-06-09 00:00:00,0.0,0.19660374424062788
14809,2020-06-09 01:00:00,0.069995821,0.621288765805338
14810,2020-06-09 02:00:00,0.082316391,0.2350025234360814
14811,2020-06-09 03:00:00,0.08529228,0.578414734320605
14812,2020-06-09 04:00:00,0.112760194,0.8074690061049317
14813,2020-06-09 05:00:00,0.148643196,0.20671602115806542
14814,2020-06-09 06:00:00,0.194822595,0.07510431848647703
14815,2020-06-09 07:00:00,0.254396528,0.9036541371282519
14816,2020-06-09 08:00:00,0.325783104,0.6087151116935204
14817,2020-06-09 09:00:00,0.408038348,0.4991625158803026
14818,2020-06-09 10:00:00,0.490375996,0.6673095270475287
14819,2020-06-09 11:00:00,0.572209299,0.6512052087155872
14820,2020-06-09 12:00:00,0.646030307,0.6778095507268974
14821,2020-06-09 13:00:00,0.678157389,0.08289902525249915
14822,2020-06-09 14:00:00,0.676120102,0.03332899231960962
14823,2020-06-09 15:00:00,0.658688247,0.29402588651617334
14824,2020-06-09 16:00:00,0.634600163,0.9332086730906992
14825,2020-06-09 17:00:00,0.594497204,0.9664292597121573
14826,2020-06-09 18:00:00,0.384590387,0.99290670539493
14827,2020-06-09 19:00:00,0.009935329,0.1294619925433802
14828,2020-06-09 20:00:00,0.008609724,0.24905720908190687
14829,2020-06-09 21:00:00,0.006351558,0.42247742996423776
14830,2020-06-09 22:00:00,0.004324624,0.3041394725187142
14831,2020-06-09 23:00:00,0.00268612,0.2288776567262275
14832,2020-06-10 00:00:00,0.001471517,0.36662941935200344
14833,2020-06-10 01:00:00,0.000811249,0.16072426091899372
14834,2020-06-10 02:00:00,0.000393045,0.7866142717765319
14835,2020-06-10 03:00:00,0.0001392,0.481653523624225
14836,2020-06-10 04:00:00,0.000122855,0.5979712274715163
14837,2020-06-10 05:00:00,0.000116886,0.7885307526946116
14838,2020-06-10 06:00:00,0.000103253,0.1652520013690515
14839,2020-06-10 07:00:00,0.000135358,0.4101862024966496
14840,2020-06-10 08:00:00,0.000110454,0.2328047501398659
14841,2020-06-10 09:00:00,0.000119802,0.9686323458458762
14842,2020-06-10 10:00:00,0.000143804,0.713793497070674
14843,2020-06-10 11:00:00,8.7922e-05,0.41724117666543115
14844,2020-06-10 12:00:00,4.6806e-05,0.6751563666767784
14845,2020-06-10 13:00:00,5.6295e-05,0.02931081423995019
14846,2020-06-10 14:00:00,5.4251e-05,0.4084782947222091
14847,2020-06-10 15:00:00,3.0205e-05,0.8896298654142826
14848,2020-06-10 16:00:00,0.000123344,0.8255303883076828
14849,2020-06-10 17:00:00,0.000131283,0.7046594876168829
14850,2020-06-10 18:00:00,0.00026656,0.8391083804992239
14851,2020-06-10 19:00:00,0.000292848,0.5004205888262041
14852,2020-06-10 20:00:00,0.00026817,0.1476821306367354
14853,2020-06-10 21:00:00,0.000214579,0.15355267571745146
14854,2020-06-10 22:00:00,0.000137318,0.004720346800720643
14855,2020-06-10 23:00:00,7.4989e-05,0.41010118480036106
14856,2020-06-11 00:00:00,4.0336e-05,0.13781900299814653
14857,2020-06-11 01:00:00,1.7304e-05,0.7237633229356965
14858,2020-06-11 02:00:00,5.727e-06,0.9556116688087272
14859,2020-06-11 03:00:00,1.989e-06,0.970442506965845
14860,2020-06-11 04:00:00,1.4e-06,0.8964557525483422
14861,2020-06-11 05:00:00,3.323e-06,0.9620817068596484
14862,2020-06-11 06:00:00,5.346e-06,0.947765729663632
14863,2020-06-11 07:00:00,8.32e-06,0.2506854835116782
14864,2020-06-11 08:00:00,8.04e-06,0.3598747482092912
14865,2020-06-11 09:00:00,8.869e-06,0.3295194933349854
14866,2020-06-11 10:00:00,5.189e-06,0.982987485041101
14867,2020-06-11 11:00:00,4.983e-06,0.8500090422563752
14868,2020-06-11 12:00:00,1.1947e-05,0.32958626573940764
14869,2020-06-11 13:00:00,9.888e-06,0.15903272909422794
14870,2020-06-11 14:00:00,6.833e-06,0.5162266789144194
14871,2020-06-11 15:00:00,1.3943e-05,0.6467952228067237
14872,2020-06-11 16:00:00,1.9443e-05,0.18344006687082315
14873,2020-06-11 17:00:00,4.7661e-05,0.29202388292597226
14874,2020-06-11 18:00:00,0.000133479,0.9692539363530073
14875,2020-06-11 19:00:00,0.000129124,0.32897869567030735
14876,2020-06-11 20:00:00,0.000114527,0.7843361458199881
14877,2020-06-11 21:00:00,7.3457e-05,0.8236238144952058
14878,2020-06-11 22:00:00,4.3787e-05,0.21510860692187295
14879,2020-06-11 23:00:00,2.6831e-05,0.1799762561778987
14880,2020-06-12 00:00:00,1.3043e-05,0.5316143287512012
14881,2020-06-12 01:00:00,5.762e-06,0.28870010847462724
14882,2020-06-12 02:00:00,1.749e-06,0.2286601816176873
14883,2020-06-12 03:00:00,0.0,0.628777835921805
14884,2020-06-12 04:00:00,0.0,0.6086459759269978
14885,2020-06-12 05:00:00,0.0,0.8813870603861914
14886,2020-06-12 06:00:00,0.0,0.9295261215795684
14887,2020-06-12 07:00:00,0.0,0.8432205286978395
14888,2020-06-12 08:00:00,0.0,0.08670940167940366
14889,2020-06-12 09:00:00,0.0,0.9884505795525268
14890,2020-06-12 10:00:00,0.0,0.5625047260214322
14891,2020-06-12 11:00:00,3.244e-06,0.4891710589471312
14892,2020-06-12 12:00:00,4.802e-06,0.9019009719949652
14893,2020-06-12 13:00:00,1.557e-06,0.11916202978708834
14894,2020-06-12 14:00:00,0.0,0.1992492409735227
14895,2020-06-12 15:00:00,2.102e-06,0.9831491279566559
14896,2020-06-12 16:00:00,5.856e-06,0.8204912809896837
14897,2020-06-12 17:00:00,1.2565e-05,0.6080289992544633
14898,2020-06-12 18:00:00,2.1155e-05,0.9494726767528227
14899,2020-06-12 19:00:00,2.1386e-05,0.02968001829156386
14900,2020-06-12 20:00:00,1.8102e-05,0.2778689985159595
14901,2020-06-12 21:00:00,1.0717e-05,0.8598636538444645
14902,2020-06-12 22:00:00,6.77e-06,0.9239632323180015
14903,2020-06-12 23:00:00,2.898e-06,0.20617223497719916
14904,2020-06-13 00:00:00,2.012e-06,0.6950085153459631
14905,2020-06-13 01:00:00,0.0,0.4279824472825814
14906,2020-06-13 02:00:00,0.0,0.7476530382060378
14907,2020-06-13 03:00:00,0.0,0.06301412392751826
14908,2020-06-13 04:00:00,0.0,0.33046407674726885
14909,2020-06-13 05:00:00,0.0,0.3433102814029788
14910,2020-06-13 06:00:00,0.0,0.05441294701520505
14911,2020-06-13 07:00:00,0.0,0.4483152524862164
14912,2020-06-13 08:00:00,0.0,0.03023154484851298
14913,2020-06-13 09:00:00,0.0,0.9117924135734174
14914,2020-06-13 10:00:00,0.0,0.9422521752739391
14915,2020-06-13 11:00:00,0.0,0.6572948622530528
14916,2020-06-13 12:00:00,0.0,0.8453586046273016
14917,2020-06-13 13:00:00,0.0,0.9040875825925079
14918,2020-06-13 14:00:00,0.0,0.648525099457967
14919,2020-06-13 15:00:00,0.0,0.8955810310535947
14920,2020-06-13 16:00:00,0.0,0.6057930631885429
14921,2020-06-13 17:00:00,0.0,0.24424225747063577
14922,2020-06-13 18:00:00,0.0,0.04388782303522998
14923,2020-06-13 19:00:00,0.0,0.19544749300693343
14924,2020-06-13 20:00:00,0.0,0.41530336522599565
14925,2020-06-13 21:00:00,0.0,0.791084407508296
14926,2020-06-13 22:00:00,0.0,0.8510113972293487
14927,2020-06-13 23:00:00,0.0,0.6992046110860122
14928,2020-06-14 00:00:00,0.0,0.88995029673939
14929,2020-06-14 01:00:00,0.0,0.3002002603776448
14930,2020-06-14 02:00:00,0.0,0.8547111659912493
14931,2020-06-14 03:00:00,0.0,0.41773440430037734
14932,2020-06-14 04:00:00,0.0,0.23883066219029225
14933,2020-06-14 05:00:00,0.0,0.9912322975037081
14934,2020-06-14 06:00:00,0.0,0.4908414172488984
14935,2020-06-14 07:00:00,0.0,0.5721794253123373
14936,2020-06-14 08:00:00,0.0,0.8355172018748971
14937,2020-06-14 09:00:00,0.0,0.20504241739036777
14938,2020-06-14 10:00:00,0.0,0.33815441564048276
14939,2020-06-14 11:00:00,0.0,0.7464745154644533
14940,2020-06-14 12:00:00,0.0,0.20712153102620412
14941,2020-06-14 13:00:00,0.0,0.7349768674085468
14942,2020-06-14 14:00:00,0.0,0.795535184693828
14943,2020-06-14 15:00:00,0.0,0.24542532356227942
14944,2020-06-14 16:00:00,0.0,0.49633532369777755
14945,2020-06-14 17:00:00,0.0,0.3985026060774145
14946,2020-06-14 18:00:00,0.0,0.5800097884489149
14947,2020-06-14 19:00:00,0.0,0.5198277204030495
14948,2020-06-14 20:00:00,0.0,0.03043228222057992
14949,2020-06-14 21:00:00,0.0,0.06929076562242431
14950,2020-06-14 22:00:00,0.0,0.3276778344074991
14951,2020-06-14 23:00:00,0.0,0.6394828002170053
14952,2020-06-15 00:00:00,0.0,0.4100677300990264
14953,2020-06-15 01:00:00,0.0,0.7877527539676062
14954,2020-06-15 02:00:00,0.0,0.7796956583297742
14955,2020-06-15 03:00:00,0.0,0.3798084970465482
14956,2020-06-15 04:00:00,0.0,0.015431217016390608
14957,2020-06-15 05:00:00,0.0,0.5500987221398903
14958,2020-06-15 06:00:00,0.0,0.9458966775274856
14959,2020-06-15 07:00:00,0.0,0.6981827415610682
14960,2020-06-15 08:00:00,0.0,0.7633044485164671
14961,2020-06-15 09:00:00,0.0,0.6371355819751545
14962,2020-06-15 10:00:00,0.0,0.23181764107749336
14963,2020-06-15 11:00:00,0.0,0.20592050278028595
14964,2020-06-15 12:00:00,0.0,0.4184913597222958
14965,2020-06-15 13:00:00,0.0,0.548673356374282
14966,2020-06-15 14:00:00,0.0,0.9604898238338051
14967,2020-06-15 15:00:00,0.0,0.5600168254887903
14968,2020-06-15 16:00:00,0.0,0.8911124499545694
14969,2020-06-15 17:00:00,0.0,0.19630764396229905
14970,2020-06-15 18:00:00,0.0,0.7857252178547199
14971,2020-06-15 19:00:00,0.0,0.6239339575327569
14972,2020-06-15 20:00:00,0.0,0.7931872233613275
14973,2020-06-15 21:00:00,0.0,0.615102624344712
14974,2020-06-15 22:00:00,0.0,0.044906784544210376
14975,2020-06-15 23:00:00,0.0,0.17381476645077332
14976,2020-06-16 00:00:00,0.0,0.443272453275685
14977,2020-06-16 01:00:00,0.0,0.7829667770798374
14978,2020-06-16 02:00:00,0.0,0.37381508973418054
14979,2020-06-16 03:00:00,0.0,0.3234984748807289
14980,2020-06-16 04:00:00,0.0,0.0625867241953153
14981,2020-06-16 05:00:00,0.0,0.09792115838639692
14982,2020-06-16 06:00:00,0.0,0.9044606700928327
14983,2020-06-16 07:00:00,0.0,0.7659904005881377
14984,2020-06-16 08:00:00,0.0,0.9059288851517814
14985,2020-06-16 09:00:00,0.0,0.11040896029909275
14986,2020-06-16 10:00:00,0.0,0.36564997572660196
14987,2020-06-16 11:00:00,0.0,0.8139880640581686
14988,2020-06-16 12:00:00,0.0,0.1281763170228335
14989,2020-06-16 13:00:00,0.0,0.2969957615958817
14990,2020-06-16 14:00:00,0.0,0.5617932739119958
14991,2020-06-16 15:00:00,0.0,0.9373900038121901
14992,2020-06-16 16:00:00,0.0,0.13991796521461575
14993,2020-06-16 17:00:00,0.0,0.6966384172544263
14994,2020-06-16 18:00:00,0.0,0.16614305892631231
14995,2020-06-16 19:00:00,0.0,0.9108771600700439
14996,2020-06-16 20:00:00,0.0,0.6972317304056861
14997,2020-06-16 21:00:00,0.0,0.5356415063277475
14998,2020-06-16 22:00:00,0.0,0.050442549622439214
14999,2020-06-16 23:00:00,0.0,0.2503660631179131
15000,2020-06-17 00:00:00,0.0,0.7150515666747465
15001,2020-06-17 01:00:00,0.0,0.949974798369365
15002,2020-06-17 02:00:00,0.0,0.8023574070925236
15003,2020-06-17 03:00:00,0.0,0.838198516274387
15004,2020-06-17 04:00:00,0.0,0.17129936815218594
15005,2020-06-17 05:00:00,0.0,0.06287204979421357
15006,2020-06-17 06:00:00,0.0,0.6627823123981893
15007,2020-06-17 07:00:00,0.0,0.17119947859721962
15008,2020-06-17 08:00:00,0.0,0.5371903179583295
15009,2020-06-17 09:00:00,0.0,0.5466438072798023
15010,2020-06-17 10:00:00,0.0,0.2905406992247037
15011,2020-06-17 11:00:00,0.0,0.9344891773405453
15012,2020-06-17 12:00:00,0.0,0.975212850562922
15013,2020-06-17 13:00:00,0.0,0.9417771737607662
15014,2020-06-17 14:00:00,0.0,0.11949915719620041
15015,2020-06-17 15:00:00,0.0,0.309937092274273
15016,2020-06-17 16:00:00,0.0,0.5166179682343136
15017,2020-06-17 17:00:00,0.0,0.056707439819109196
15018,2020-06-17 18:00:00,0.0,0.5508756689579809
15019,2020-06-17 19:00:00,0.0,0.08869925469981244
15020,2020-06-17 20:00:00,0.0,0.9019531885953136
15021,2020-06-17 21:00:00,0.0,0.3672421817709569
15022,2020-06-17 22:00:00,0.0,0.22205227553635642
15023,2020-06-17 23:00:00,0.0,0.9105494394962067
15024,2020-06-18 00:00:00,0.0,0.3786657612180421
15025,2020-06-18 01:00:00,0.0,0.48063057447863455
15026,2020-06-18 02:00:00,0.0,0.2824579656678369
15027,2020-06-18 03:00:00,0.0,0.5784529710211779
15028,2020-06-18 04:00:00,0.0,0.21124979772088226
15029,2020-06-18 05:00:00,0.0,0.841736040938773
15030,2020-06-18 06:00:00,0.0,0.07547424666323466
15031,2020-06-18 07:00:00,0.0,0.23910738145661625
15032,2020-06-18 08:00:00,0.0,0.535035943564292
15033,2020-06-18 09:00:00,0.0,0.7197712950166741
15034,2020-06-18 10:00:00,0.0,0.20282505853348343
15035,2020-06-18 11:00:00,0.0,0.37223287254009585
15036,2020-06-18 12:00:00,0.0,0.6131091295213696
15037,2020-06-18 13:00:00,0.0,0.8080355085644696
15038,2020-06-18 14:00:00,0.0,0.273010495469427
15039,2020-06-18 15:00:00,0.0,0.4883173419617305
15040,2020-06-18 16:00:00,0.0,0.8303678551084416
15041,2020-06-18 17:00:00,0.0,0.1916059873194168
15042,2020-06-18 18:00:00,0.0,0.1967233301768272
15043,2020-06-18 19:00:00,0.0,0.7894164673171009
15044,2020-06-18 20:00:00,0.0,0.10105874218223854
15045,2020-06-18 21:00:00,0.0,0.8412982999289659
15046,2020-06-18 22:00:00,0.0,0.9718895990860676
15047,2020-06-18 23:00:00,0.0,0.7296962555386239
15048,2020-06-19 00:00:00,0.0,0.8400058084012844
15049,2020-06-19 01:00:00,0.0,0.08267976595096593
15050,2020-06-19 02:00:00,0.0,0.40944032093369576
15051,2020-06-19 03:00:00,0.0,0.6341230006573615
15052,2020-06-19 04:00:00,0.0,0.49365472563006485
15053,2020-06-19 05:00:00,0.0,0.336708312839881
15054,2020-06-19 06:00:00,0.0,0.8454108188581917
15055,2020-06-19 07:00:00,0.0,0.5020435821157531
15056,2020-06-19 08:00:00,0.0,0.19182731050279989
15057,2020-06-19 09:00:00,0.0,0.4251587458110949
15058,2020-06-19 10:00:00,0.0,0.8759129640719561
15059,2020-06-19 11:00:00,0.0,0.20739777289717032
15060,2020-06-19 12:00:00,0.0,0.1929402531190606
15061,2020-06-19 13:00:00,0.0,0.5130376994800693
15062,2020-06-19 14:00:00,0.0,0.22059059990235208
15063,2020-06-19 15:00:00,0.0,0.538536933036759
15064,2020-06-19 16:00:00,0.0,0.6750524359069394
15065,2020-06-19 17:00:00,0.0,0.5781500221968368
15066,2020-06-19 18:00:00,0.0,0.9623857518009792
15067,2020-06-19 19:00:00,0.0,0.3039845588188673
15068,2020-06-19 20:00:00,0.0,0.00011394330161518251
15069,2020-06-19 21:00:00,0.0,0.39142177855277716
15070,2020-06-19 22:00:00,0.0,0.4657831537763041
15071,2020-06-19 23:00:00,0.0,0.5221256890782241
15072,2020-06-20 00:00:00,0.0,0.25230431973879974
15073,2020-06-20 01:00:00,0.0,0.6098297665830241
15074,2020-06-20 02:00:00,0.0,0.5769422630560959
15075,2020-06-20 03:00:00,0.0,0.5284775472466663
15076,2020-06-20 04:00:00,0.0,0.05542441843133061
15077,2020-06-20 05:00:00,0.0,0.8793243414531191
15078,2020-06-20 06:00:00,0.0,0.22915696042020506
15079,2020-06-20 07:00:00,0.0,0.03499623258669948
15080,2020-06-20 08:00:00,0.0,0.5681848456273982
15081,2020-06-20 09:00:00,0.0,0.3600199047114174
15082,2020-06-20 10:00:00,0.0,0.8908388263231475
15083,2020-06-20 11:00:00,0.0,0.47778234023706156
15084,2020-06-20 12:00:00,0.0,0.22727511457463168
15085,2020-06-20 13:00:00,0.0,0.4738763705948248
15086,2020-06-20 14:00:00,0.0,0.3271435432671296
15087,2020-06-20 15:00:00,0.0,0.8931741857786044
15088,2020-06-20 16:00:00,0.0,0.6204353983429621
15089,2020-06-20 17:00:00,0.0,0.32220991265950794
15090,2020-06-20 18:00:00,0.0,0.1141077514593114
15091,2020-06-20 19:00:00,0.0,0.5483344028755148
15092,2020-06-20 20:00:00,0.0,0.4887200081459062
15093,2020-06-20 21:00:00,0.0,0.044040623770524534
15094,2020-06-20 22:00:00,0.0,0.24430800303996836
15095,2020-06-20 23:00:00,0.0,0.33653037026911325
15096,2020-06-21 00:00:00,0.0,0.23497428701332757
15097,2020-06-21 01:00:00,0.0,0.8497145011234716
15098,2020-06-21 02:00:00,0.0,0.04752643653459787
15099,2020-06-21 03:00:00,0.0,0.06433966394988178
15100,2020-06-21 04:00:00,0.0,0.15967938389964031
15101,2020-06-21 05:00:00,0.0,0.28785885133116296
15102,2020-06-21 06:00:00,0.0,0.6043904170335196
15103,2020-06-21 07:00:00,0.0,0.32773139487484115
15104,2020-06-21 08:00:00,0.0,0.7979926878957044
15105,2020-06-21 09:00:00,0.0,0.9321206933879272
15106,2020-06-21 10:00:00,0.0,0.6485881833538037
15107,2020-06-21 11:00:00,0.0,0.004139269539277235
15108,2020-06-21 12:00:00,0.0,0.8055544238454225
15109,2020-06-21 13:00:00,0.0,0.7831124241652196
15110,2020-06-21 14:00:00,0.0,0.7722520807594767
15111,2020-06-21 15:00:00,0.0,0.9412848026125414
15112,2020-06-21 16:00:00,0.0,0.535158729830822
15113,2020-06-21 17:00:00,0.0,0.3220532172846656
15114,2020-06-21 18:00:00,0.0,0.5690900289531331
15115,2020-06-21 19:00:00,0.0,0.46279953551802466
15116,2020-06-21 20:00:00,0.0,0.9135952952790957
15117,2020-06-21 21:00:00,0.0,0.9217553664672542
15118,2020-06-21 22:00:00,0.0,0.23711915912656456
15119,2020-06-21 23:00:00,0.0,0.47336320292642486
15120,2020-06-22 00:00:00,0.0,0.23479597638434713
15121,2020-06-22 01:00:00,0.0,0.8174431694940995
15122,2020-06-22 02:00:00,0.0,0.8097582993864185
15123,2020-06-22 03:00:00,0.0,0.35679927080421747
15124,2020-06-22 04:00:00,0.0,0.5838681832856097
15125,2020-06-22 05:00:00,0.0,0.8281368707112924
15126,2020-06-22 06:00:00,0.0,0.07290962846331317
15127,2020-06-22 07:00:00,0.0,0.1299215414429863
15128,2020-06-22 08:00:00,0.0,0.8428934790063756
15129,2020-06-22 09:00:00,0.0,0.48930247544595784
15130,2020-06-22 10:00:00,0.0,0.09284339890146509
15131,2020-06-22 11:00:00,0.0,0.5346308817011548
15132,2020-06-22 12:00:00,0.0,0.9505529385543487
15133,2020-06-22 13:00:00,0.0,0.6135808255599157
15134,2020-06-22 14:00:00,0.0,0.4333119456101122
15135,2020-06-22 15:00:00,0.0,0.5386888544226114
15136,2020-06-22 16:00:00,0.0,0.8683069117663839
15137,2020-06-22 17:00:00,0.0,0.12326255157302612
15138,2020-06-22 18:00:00,0.0,0.7620180882993072
15139,2020-06-22 19:00:00,0.0,0.6369893224518438
15140,2020-06-22 20:00:00,0.0,0.31827943970984707
15141,2020-06-22 21:00:00,0.0,0.4487228515000198
15142,2020-06-22 22:00:00,0.0,0.49606517832850305
15143,2020-06-22 23:00:00,0.0,0.5445030721532784
15144,2020-06-23 00:00:00,0.0,0.25423762857998744
15145,2020-06-23 01:00:00,0.0,0.6575764252799571
15146,2020-06-23 02:00:00,0.0,0.15760444370660442
15147,2020-06-23 03:00:00,0.0,0.9549803583739926
15148,2020-06-23 04:00:00,0.0,0.8589609507126962
15149,2020-06-23 05:00:00,0.0,0.9308073221521552
15150,2020-06-23 06:00:00,0.0,0.3559442777440702
15151,2020-06-23 07:00:00,0.0,0.6667722634366564
15152,2020-06-23 08:00:00,0.0,0.08456258334101452
15153,2020-06-23 09:00:00,0.0,0.18643778352277085
15154,2020-06-23 10:00:00,0.0,0.574584782344185
15155,2020-06-23 11:00:00,0.0,0.03197571001163224
15156,2020-06-23 12:00:00,0.0,0.5256319964525213
15157,2020-06-23 13:00:00,0.0,0.646832406599976
15158,2020-06-23 14:00:00,0.0,0.6946656503969275
15159,2020-06-23 15:00:00,0.0,0.1802644134888366
15160,2020-06-23 16:00:00,0.0,0.7584702471746578
15161,2020-06-23 17:00:00,0.0,0.9280832117831457
15162,2020-06-23 18:00:00,0.0,0.7032015765800576
15163,2020-06-23 19:00:00,0.0,0.810140075103619
15164,2020-06-23 20:00:00,0.0,0.19039492571791616
15165,2020-06-23 21:00:00,0.0,0.35814251992978063
15166,2020-06-23 22:00:00,0.0,0.22028729016397863
15167,2020-06-23 23:00:00,0.0,0.5359982411592451
15168,2020-06-24 00:00:00,0.0,0.6642349568131946
15169,2020-06-24 01:00:00,0.0,0.9825996427936039
15170,2020-06-24 02:00:00,0.0,0.5280734438251654
15171,2020-06-24 03:00:00,0.0,0.6683573154498165
15172,2020-06-24 04:00:00,0.0,0.45462459573445
15173,2020-06-24 05:00:00,0.0,0.5910960030299633
15174,2020-06-24 06:00:00,0.0,0.5039842936541608
15175,2020-06-24 07:00:00,0.0,0.024533287355940292
15176,2020-06-24 08:00:00,0.0,0.169190254145965
15177,2020-06-24 09:00:00,0.0,0.5515718689051842
15178,2020-06-24 10:00:00,0.0,0.7449116063450965
15179,2020-06-24 11:00:00,0.0,0.2697659337863869
15180,2020-06-24 12:00:00,0.0,0.19671180456682158
15181,2020-06-24 13:00:00,0.0,0.05806005758817612
15182,2020-06-24 14:00:00,0.0,0.34483509022969483
15183,2020-06-24 15:00:00,0.0,0.6534437065536726
15184,2020-06-24 16:00:00,0.0,0.5385001256605276
15185,2020-06-24 17:00:00,0.0,0.8458990648057884
15186,2020-06-24 18:00:00,0.0,0.8341191608734048
15187,2020-06-24 19:00:00,0.0,0.06429350640220444
15188,2020-06-24 20:00:00,0.0,0.06394870175379408
15189,2020-06-24 21:00:00,0.0,0.6431483025789052
15190,2020-06-24 22:00:00,0.0,0.275993744374602
15191,2020-06-24 23:00:00,0.0,0.8984743198260732
15192,2020-06-25 00:00:00,0.0,0.18940778371479083
15193,2020-06-25 01:00:00,0.0,0.35483469498315257
15194,2020-06-25 02:00:00,0.0,0.7121083036863727
15195,2020-06-25 03:00:00,0.0,0.23011438546503182
15196,2020-06-25 04:00:00,0.0,0.972035183932119
15197,2020-06-25 05:00:00,0.0,0.39631409237240534
15198,2020-06-25 06:00:00,0.0,0.4829973804072427
15199,2020-06-25 07:00:00,0.0,0.9818084658733668
15200,2020-06-25 08:00:00,0.0,0.2285356156149878
15201,2020-06-25 09:00:00,0.0,0.38303845271189874
15202,2020-06-25 10:00:00,0.0,0.5765929333731444
15203,2020-06-25 11:00:00,0.0,0.25168784849796044
15204,2020-06-25 12:00:00,0.0,0.16217915185315657
15205,2020-06-25 13:00:00,0.0,0.7373352596456909
15206,2020-06-25 14:00:00,0.0,0.5137761907272695
15207,2020-06-25 15:00:00,0.0,0.19476461278880697
15208,2020-06-25 16:00:00,0.0,0.8878300814633692
15209,2020-06-25 17:00:00,0.0,0.2665057638569407
15210,2020-06-25 18:00:00,0.0,0.6694052767633992
15211,2020-06-25 19:00:00,0.0,0.7978521755454595
15212,2020-06-25 20:00:00,0.0,0.03879383839124784
15213,2020-06-25 21:00:00,0.0,0.9130142047852761
15214,2020-06-25 22:00:00,0.0,0.7591924933651965
15215,2020-06-25 23:00:00,0.0,0.4721604822604093
15216,2020-06-26 00:00:00,0.0,0.9048855091173377
15217,2020-06-26 01:00:00,0.0,0.7126506895356541
15218,2020-06-26 02:00:00,0.0,0.5728333227398047
15219,2020-06-26 03:00:00,0.0,0.14142968966216263
15220,2020-06-26 04:00:00,0.0,0.850177495819852
15221,2020-06-26 05:00:00,0.0,0.09122491775556185
15222,2020-06-26 06:00:00,0.0,0.14262226135848566
15223,2020-06-26 07:00:00,0.0,0.3181253220712994
15224,2020-06-26 08:00:00,0.0,0.4659824756417291
15225,2020-06-26 09:00:00,0.0,0.9480260022858695
15226,2020-06-26 10:00:00,0.0,0.7356921731908908
15227,2020-06-26 11:00:00,0.0,0.7634798215769014
15228,2020-06-26 12:00:00,0.0,0.08679987226087726
15229,2020-06-26 13:00:00,0.0,0.3236341308083519
15230,2020-06-26 14:00:00,0.0,0.035065772323480515
15231,2020-06-26 15:00:00,0.0,0.12790692833382145
15232,2020-06-26 16:00:00,0.0,0.5098415522120183
15233,2020-06-26 17:00:00,0.0,0.7563654054159734
15234,2020-06-26 18:00:00,0.0,0.9217927636264374
15235,2020-06-26 19:00:00,0.0,0.3361154057379423
15236,2020-06-26 20:00:00,0.0,0.9322382536029457
15237,2020-06-26 21:00:00,0.0,0.2613439080304575
15238,2020-06-26 22:00:00,0.0,0.06492619847088865
15239,2020-06-26 23:00:00,0.0,0.3158287816127321
15240,2020-06-27 00:00:00,0.0,0.140739500382557
15241,2020-06-27 01:00:00,0.0,0.35387517424502335
15242,2020-06-27 02:00:00,0.0,0.6690986022574977
15243,2020-06-27 03:00:00,0.0,0.48644817294968046
15244,2020-06-27 04:00:00,0.0,0.04481804430205816
15245,2020-06-27 05:00:00,0.0,0.9250642470199052
15246,2020-06-27 06:00:00,0.0,0.7081347241027238
15247,2020-06-27 07:00:00,0.0,0.3678287342465011
15248,2020-06-27 08:00:00,0.0,0.2073724793817736
15249,2020-06-27 09:00:00,0.0,0.88933025016845
15250,2020-06-27 10:00:00,0.0,0.42019959851417843
15251,2020-06-27 11:00:00,0.0,0.035539286307072704
15252,2020-06-27 12:00:00,0.0,0.04501108461940362
15253,2020-06-27 13:00:00,0.0,0.9243447807943522
15254,2020-06-27 14:00:00,0.0,0.5156967860819746
15255,2020-06-27 15:00:00,0.0,0.7037010848030671
15256,2020-06-27 16:00:00,0.0,0.18627803267075826
15257,2020-06-27 17:00:00,0.0,0.29175365713929413
15258,2020-06-27 18:00:00,0.0,0.06731592374702133
15259,2020-06-27 19:00:00,0.0,0.21799065358587466
15260,2020-06-27 20:00:00,0.0,0.525021529188377
15261,2020-06-27 21:00:00,0.0,0.48574475041515197
15262,2020-06-27 22:00:00,0.0,0.36888283282081247
15263,2020-06-27 23:00:00,0.0,0.2071136417081485
15264,2020-06-28 00:00:00,0.0,0.4344234634398383
15265,2020-06-28 01:00:00,0.0,0.24045376652183426
15266,2020-06-28 02:00:00,0.0,0.6914330777493988
15267,2020-06-28 03:00:00,0.0,0.7468649067741054
15268,2020-06-28 04:00:00,0.0,0.661425309081201
15269,2020-06-28 05:00:00,0.001447897,0.9173353830199036
15270,2020-06-28 06:00:00,0.000929631,0.14292028202978246
15271,2020-06-28 07:00:00,0.00083691,0.25566825447015196
15272,2020-06-28 08:00:00,0.001249058,0.6798923953037068
15273,2020-06-28 09:00:00,0.002080756,0.1820578959050173
15274,2020-06-28 10:00:00,0.004631062,0.4346468653586968
15275,2020-06-28 11:00:00,0.007286031,0.44139556833608506
15276,2020-06-28 12:00:00,0.011626968,0.8142910566859489
15277,2020-06-28 13:00:00,0.014120677,0.9884010392399878
15278,2020-06-28 14:00:00,0.020021329,0.5517727045928026
15279,2020-06-28 15:00:00,0.005037518,0.6260274387900484
15280,2020-06-28 16:00:00,0.005808807,0.12942471973907632
15281,2020-06-28 17:00:00,0.00655069,0.9168115940691084
15282,2020-06-28 18:00:00,0.007918552,0.8142387822840895
15283,2020-06-28 19:00:00,0.009520916,0.36631876439987165
15284,2020-06-28 20:00:00,0.005901978,0.25462371442892195
15285,2020-06-28 21:00:00,0.00378197,0.7027545972170968
15286,2020-06-28 22:00:00,0.002262785,0.10439976837635156
15287,2020-06-28 23:00:00,0.001114512,0.693422304251566
15288,2020-06-29 00:00:00,0.000565368,0.6354932510768384
15289,2020-06-29 01:00:00,0.000249518,0.45986335558081903
15290,2020-06-29 02:00:00,0.000156049,0.006187669639420856
15291,2020-06-29 03:00:00,9.8395e-05,0.9030232254488524
15292,2020-06-29 04:00:00,6.0018e-05,0.8040402464337094
15293,2020-06-29 05:00:00,3.6462e-05,0.15011678461000866
15294,2020-06-29 06:00:00,2.4482e-05,0.35170720266346345
15295,2020-06-29 07:00:00,1.6108e-05,0.5923852602071442
15296,2020-06-29 08:00:00,1.0785e-05,0.49891048239513736
15297,2020-06-29 09:00:00,7.449e-06,0.37638219764380865
15298,2020-06-29 10:00:00,5.267e-06,0.6483583867266682
15299,2020-06-29 11:00:00,4.606e-06,0.7872248898158324
15300,2020-06-29 12:00:00,3.338e-06,0.03308392722285647
15301,2020-06-29 13:00:00,2.225e-06,0.8793314872227963
15302,2020-06-29 14:00:00,1.922e-06,0.5204719040263424
15303,2020-06-29 15:00:00,1.274e-06,0.2615068114238104
15304,2020-06-29 16:00:00,0.0,0.5590504690184509
15305,2020-06-29 17:00:00,0.0,0.8507889926665161
15306,2020-06-29 18:00:00,0.0,0.49661951691472384
15307,2020-06-29 19:00:00,0.0,0.23113648698004052
15308,2020-06-29 20:00:00,0.0,0.7723928728010466
15309,2020-06-29 21:00:00,0.0,0.25610308110443636
15310,2020-06-29 22:00:00,0.0,0.519485277464863
15311,2020-06-29 23:00:00,0.0,0.2576228844633143
15312,2020-06-30 00:00:00,0.0,0.7578139313208274
15313,2020-06-30 01:00:00,0.0,0.43919609526505154
15314,2020-06-30 02:00:00,0.0,0.6570409594895356
15315,2020-06-30 03:00:00,0.0,0.5630672160016748
15316,2020-06-30 04:00:00,0.0,0.9656261007131677
15317,2020-06-30 05:00:00,0.0,0.6819486581322625
15318,2020-06-30 06:00:00,0.0,0.8595336321407998
15319,2020-06-30 07:00:00,0.0,0.998404676645438
15320,2020-06-30 08:00:00,0.0,0.8498023263511939
15321,2020-06-30 09:00:00,0.0,0.9502441874928392
15322,2020-06-30 10:00:00,0.0,0.6365983537041836
15323,2020-06-30 11:00:00,0.0,0.6047995330526674
15324,2020-06-30 12:00:00,0.0,0.6494021003991006
15325,2020-06-30 13:00:00,0.0,0.7441841366608025
15326,2020-06-30 14:00:00,0.0,0.7686264221658142
15327,2020-06-30 15:00:00,0.0,0.5851246240972792
15328,2020-06-30 16:00:00,0.0,0.011766206007687408
15329,2020-06-30 17:00:00,0.0,0.6413503490951109
15330,2020-06-30 18:00:00,0.0,0.23677155757529333
15331,2020-06-30 19:00:00,0.0,0.24132746062607657
15332,2020-06-30 20:00:00,0.0,0.7862672829648398
15333,2020-06-30 21:00:00,0.0,0.1953974733599776
15334,2020-06-30 22:00:00,0.0,0.8621859096120352
15335,2020-06-30 23:00:00,0.0,0.7374791252262509
15336,2020-07-01 00:00:00,0.0,0.7769569722835462
15337,2020-07-01 01:00:00,0.0,0.39129179546341875
15338,2020-07-01 02:00:00,0.0,0.5267827714619543
15339,2020-07-01 03:00:00,0.0,0.7044281072731495
15340,2020-07-01 04:00:00,0.0,0.683822118538338
15341,2020-07-01 05:00:00,0.0,0.551156462791577
15342,2020-07-01 06:00:00,0.0,0.1488319649017581
15343,2020-07-01 07:00:00,0.0,0.7624273105445092
15344,2020-07-01 08:00:00,0.0,0.8986209540654588
15345,2020-07-01 09:00:00,0.0,0.7395370712448124
15346,2020-07-01 10:00:00,0.0,0.6341248761338453
15347,2020-07-01 11:00:00,0.0,0.6337425459102437
15348,2020-07-01 12:00:00,0.0,0.7717744183718788
15349,2020-07-01 13:00:00,0.0,0.463263542944494
15350,2020-07-01 14:00:00,0.0,0.8708639253986048
15351,2020-07-01 15:00:00,0.0,0.2744544981287488
15352,2020-07-01 16:00:00,0.0,0.48503545785237767
15353,2020-07-01 17:00:00,0.0,0.6581384603486913
15354,2020-07-01 18:00:00,0.0,0.24055052186666226
15355,2020-07-01 19:00:00,0.0,0.3093816160645152
15356,2020-07-01 20:00:00,0.0,0.07974120450095024
15357,2020-07-01 21:00:00,0.0,0.12095047198836895
15358,2020-07-01 22:00:00,0.0,0.46962622481716787
15359,2020-07-01 23:00:00,0.0,0.17292897371902083
15360,2020-07-02 00:00:00,0.0,0.5575684870301263
15361,2020-07-02 01:00:00,0.0,0.07410306490349106
15362,2020-07-02 02:00:00,0.0,0.5305999241960675
15363,2020-07-02 03:00:00,0.0,0.7386831938982709
15364,2020-07-02 04:00:00,0.0,0.364528556769961
15365,2020-07-02 05:00:00,0.0,0.795734556908401
15366,2020-07-02 06:00:00,0.0,0.7749907117591088
15367,2020-07-02 07:00:00,0.0,0.03834059902513465
15368,2020-07-02 08:00:00,0.0,0.030537346161194634
15369,2020-07-02 09:00:00,0.0,0.19030365803212745
15370,2020-07-02 10:00:00,0.0,0.7608638488507572
15371,2020-07-02 11:00:00,0.0,0.40369195204969643
15372,2020-07-02 12:00:00,0.0,0.6684687668909182
15373,2020-07-02 13:00:00,0.0,0.5628962999530098
15374,2020-07-02 14:00:00,0.0,0.15073308992894063
15375,2020-07-02 15:00:00,0.0,0.5427884166407018
15376,2020-07-02 16:00:00,0.0,0.7285946896897146
15377,2020-07-02 17:00:00,0.0,0.505514307499772
15378,2020-07-02 18:00:00,0.0,0.3006738437536317
15379,2020-07-02 19:00:00,0.0,0.06345465510057191
15380,2020-07-02 20:00:00,0.0,0.2215970554487442
15381,2020-07-02 21:00:00,0.0,0.1427153031317624
15382,2020-07-02 22:00:00,0.0,0.6028888478693128
15383,2020-07-02 23:00:00,0.0,0.5413190571873853
15384,2020-07-03 00:00:00,0.0,0.10417417805608209
15385,2020-07-03 01:00:00,0.0,0.6817091140073149
15386,2020-07-03 02:00:00,0.0,0.6528499156312868
15387,2020-07-03 03:00:00,0.0,0.14820747898112807
15388,2020-07-03 04:00:00,0.0,0.8750316356596206
15389,2020-07-03 05:00:00,0.0,0.13469702829728003
15390,2020-07-03 06:00:00,0.0,0.6783942840268885
15391,2020-07-03 07:00:00,0.0,0.28019777564463877
15392,2020-07-03 08:00:00,0.0,0.9341090959472319
15393,2020-07-03 09:00:00,0.0,0.8862399427435963
15394,2020-07-03 10:00:00,0.0,0.8817835693461419
15395,2020-07-03 11:00:00,0.0,0.9146892919692544
15396,2020-07-03 12:00:00,0.0,0.1292890321819753
15397,2020-07-03 13:00:00,0.0,0.6061149779792145
15398,2020-07-03 14:00:00,0.0,0.36430444812509755
15399,2020-07-03 15:00:00,0.0,0.13119795539908186
15400,2020-07-03 16:00:00,0.0,0.831238380772046
15401,2020-07-03 17:00:00,0.0,0.8773054088569705
15402,2020-07-03 18:00:00,0.0,0.4904128951033103
15403,2020-07-03 19:00:00,0.0,0.48274552539794857
15404,2020-07-03 20:00:00,0.0,0.36345952022861183
15405,2020-07-03 21:00:00,0.0,0.3354438916074296
15406,2020-07-03 22:00:00,0.0,0.727386627189626
15407,2020-07-03 23:00:00,0.0,0.7096584679622664
15408,2020-07-04 00:00:00,0.0,0.6066587387969881
15409,2020-07-04 01:00:00,0.0,0.8840740935994258
15410,2020-07-04 02:00:00,0.0,0.004232056724621569
15411,2020-07-04 03:00:00,0.0,0.5071666061880845
15412,2020-07-04 04:00:00,0.0,0.685541699597247
15413,2020-07-04 05:00:00,0.0,0.5811622152672834
15414,2020-07-04 06:00:00,0.0,0.9139135888216562
15415,2020-07-04 07:00:00,0.0,0.6152742420946197
15416,2020-07-04 08:00:00,0.0,0.09146976787634942
15417,2020-07-04 09:00:00,0.0,0.9112632053094921
15418,2020-07-04 10:00:00,0.0,0.26260129051846404
15419,2020-07-04 11:00:00,0.0,0.8653823763033026
15420,2020-07-04 12:00:00,0.0,0.33062433858388884
15421,2020-07-04 13:00:00,0.001070473,0.8834332402119877
15422,2020-07-04 14:00:00,0.00101798,0.4731852462541506
15423,2020-07-04 15:00:00,0.001174868,0.2554326076284822
15424,2020-07-04 16:00:00,0.00146415,0.2852508545826603
15425,2020-07-04 17:00:00,0.002569486,0.6169281277885947
15426,2020-07-04 18:00:00,0.004470272,0.6071697019833562
15427,2020-07-04 19:00:00,0.00497474,0.827246474843711
15428,2020-07-04 20:00:00,0.001984212,0.05209746422176087
15429,2020-07-04 21:00:00,0.00153873,0.49314035992591754
15430,2020-07-04 22:00:00,0.001399821,0.19017407190133095
15431,2020-07-04 23:00:00,0.000500393,0.3671110887988852
15432,2020-07-05 00:00:00,0.000269639,0.9365986104748736
15433,2020-07-05 01:00:00,0.000118117,0.02870056990427927
15434,2020-07-05 02:00:00,5.2935e-05,0.9948359939186867
15435,2020-07-05 03:00:00,4.9994e-05,0.7585298369850184
15436,2020-07-05 04:00:00,3.8605e-05,0.6713500761220857
15437,2020-07-05 05:00:00,2.9035e-05,0.04674314967745796
15438,2020-07-05 06:00:00,1.7605e-05,0.37999356324053635
15439,2020-07-05 07:00:00,0.000389689,0.10361949449912577
15440,2020-07-05 08:00:00,0.00130349,0.6012959134897221
15441,2020-07-05 09:00:00,0.001910389,0.1658355474167571
15442,2020-07-05 10:00:00,0.001967971,0.2659273278860831
15443,2020-07-05 11:00:00,0.003718156,0.6594229928145962
15444,2020-07-05 12:00:00,0.005231186,0.15422592607237917
15445,2020-07-05 13:00:00,0.004787415,0.616000820937825
15446,2020-07-05 14:00:00,0.002797454,0.6921822462101997
15447,2020-07-05 15:00:00,0.004925556,0.2401001368652671
15448,2020-07-05 16:00:00,0.013549061,0.16637790974028444
15449,2020-07-05 17:00:00,0.014375065,0.2636472728332028
15450,2020-07-05 18:00:00,0.014140456,0.8529323021978095
15451,2020-07-05 19:00:00,0.014212095,0.5417077578003106
15452,2020-07-05 20:00:00,0.010082385,0.7850089263735796
15453,2020-07-05 21:00:00,0.007845472,0.88674220865327
15454,2020-07-05 22:00:00,0.0028839,0.10580367988705075
15455,2020-07-05 23:00:00,0.001551583,0.47235583474905796
15456,2020-07-06 00:00:00,0.000964068,0.3533924679955319
15457,2020-07-06 01:00:00,0.000455243,0.9018603566572732
15458,2020-07-06 02:00:00,0.000180735,0.995388248555089
15459,2020-07-06 03:00:00,8.5364e-05,0.031565590243856745
15460,2020-07-06 04:00:00,0.000563313,0.5024527724357654
15461,2020-07-06 05:00:00,0.000598292,0.7810232824015804
15462,2020-07-06 06:00:00,0.000687864,0.9210120454843617
15463,2020-07-06 07:00:00,0.001505124,0.7216066061650299
15464,2020-07-06 08:00:00,0.001931176,0.6360514337960707
15465,2020-07-06 09:00:00,0.000671238,0.6824677055451491
15466,2020-07-06 10:00:00,0.000138284,0.6959076130393144
15467,2020-07-06 11:00:00,0.003482916,0.7452336038458376
15468,2020-07-06 12:00:00,0.015516814,0.8747793619338837
15469,2020-07-06 13:00:00,0.027520783,0.665471363167666
15470,2020-07-06 14:00:00,0.034315918,0.7943852024823719
15471,2020-07-06 15:00:00,0.042023983,0.7033266675457989
15472,2020-07-06 16:00:00,0.003195645,0.46665753988303915
15473,2020-07-06 17:00:00,0.010514542,0.6538694047049132
15474,2020-07-06 18:00:00,0.023784259,0.3417115183669658
15475,2020-07-06 19:00:00,0.024692409,0.6413214806170231
15476,2020-07-06 20:00:00,0.018714517,0.8943442009031162
15477,2020-07-06 21:00:00,0.012805145,0.712060697830281
15478,2020-07-06 22:00:00,0.009332652,0.4515204396367315
15479,2020-07-06 23:00:00,0.003197777,0.16394433719142643
15480,2020-07-07 00:00:00,0.001530452,0.09742762983770226
15481,2020-07-07 01:00:00,0.000672867,0.5312282622279492
15482,2020-07-07 02:00:00,0.000373672,0.95604186102213
15483,2020-07-07 03:00:00,0.000312498,0.9606146777486179
15484,2020-07-07 04:00:00,0.000214968,0.4821584105098272
15485,2020-07-07 05:00:00,0.000123856,0.625027432928149
15486,2020-07-07 06:00:00,0.000457348,0.7565376392519403
15487,2020-07-07 07:00:00,0.00090628,0.8190035509845915
15488,2020-07-07 08:00:00,0.001361272,0.705122327791116
15489,2020-07-07 09:00:00,0.002400395,0.28511890230984005
15490,2020-07-07 10:00:00,0.002085748,0.23186781060892547
15491,2020-07-07 11:00:00,0.000643243,0.8413918266986917
15492,2020-07-07 12:00:00,0.000717516,0.6300741549834631
15493,2020-07-07 13:00:00,0.00125225,0.5190737442238927
15494,2020-07-07 14:00:00,0.001111942,0.6197290835556909
15495,2020-07-07 15:00:00,0.000875491,0.03321806067216271
15496,2020-07-07 16:00:00,0.002319556,0.9449368561453341
15497,2020-07-07 17:00:00,0.003083854,0.19829929567849902
15498,2020-07-07 18:00:00,0.003661085,0.498162577200954
15499,2020-07-07 19:00:00,0.003029604,0.9073787573472519
15500,2020-07-07 20:00:00,0.001999775,0.7725933078499265
15501,2020-07-07 21:00:00,0.001256484,0.7319094099292812
15502,2020-07-07 22:00:00,0.000603506,0.115702590138835
15503,2020-07-07 23:00:00,0.000266081,0.27242563885725113
15504,2020-07-08 00:00:00,0.000128742,0.699075573915832
15505,2020-07-08 01:00:00,4.8847e-05,0.8174056778940486
15506,2020-07-08 02:00:00,1.8229e-05,0.01687420923283478
15507,2020-07-08 03:00:00,9.085e-06,0.7435467770659662
15508,2020-07-08 04:00:00,4.996e-06,0.7753646050521794
15509,2020-07-08 05:00:00,0.000143085,0.9665318904909214
15510,2020-07-08 06:00:00,0.000359571,0.259274569381611
15511,2020-07-08 07:00:00,0.00069288,0.9304248591720079
15512,2020-07-08 08:00:00,0.001082998,0.5667210870273743
15513,2020-07-08 09:00:00,0.001225386,0.9577197428179857
15514,2020-07-08 10:00:00,0.002148565,0.9316610376411203
15515,2020-07-08 11:00:00,0.002667531,0.6438986009622127
15516,2020-07-08 12:00:00,0.002771905,0.19230685764560895
15517,2020-07-08 13:00:00,0.003298594,0.4513048410548466
15518,2020-07-08 14:00:00,0.003815358,0.6479484331957984
15519,2020-07-08 15:00:00,0.008151711,0.9429570901412511
15520,2020-07-08 16:00:00,0.008223982,0.29523822183333326
15521,2020-07-08 17:00:00,0.009251229,0.9730180698292142
15522,2020-07-08 18:00:00,0.008636647,0.4910645667839342
15523,2020-07-08 19:00:00,0.007723427,0.2885149332072836
15524,2020-07-08 20:00:00,0.00459051,0.6394258025308311
15525,2020-07-08 21:00:00,0.003288761,0.6403033385199207
15526,2020-07-08 22:00:00,0.002221213,0.008922706940656777
15527,2020-07-08 23:00:00,0.001157133,0.8914836020216232
15528,2020-07-09 00:00:00,0.000596612,0.35533829164032293
15529,2020-07-09 01:00:00,0.000283553,0.28359255026910224
15530,2020-07-09 02:00:00,0.000148576,0.5820093669446444
15531,2020-07-09 03:00:00,0.000100539,0.7885005161798602
15532,2020-07-09 04:00:00,3.8242e-05,0.12310406369858717
15533,2020-07-09 05:00:00,0.00011544,0.17648285658039686
15534,2020-07-09 06:00:00,0.000258775,0.25404963993679985
15535,2020-07-09 07:00:00,0.000921637,0.7561276904927589
15536,2020-07-09 08:00:00,0.000797502,0.9672439569898847
15537,2020-07-09 09:00:00,0.000554601,0.5007230151667679
15538,2020-07-09 10:00:00,0.000501711,0.10575971465878997
15539,2020-07-09 11:00:00,0.001065839,0.9944546904725204
15540,2020-07-09 12:00:00,0.001322033,0.30091295399333506
15541,2020-07-09 13:00:00,0.001104214,0.16423444750222838
15542,2020-07-09 14:00:00,0.00088194,0.7437833086607721
15543,2020-07-09 15:00:00,0.001687923,0.33588603355772073
15544,2020-07-09 16:00:00,0.003542887,0.5343716836973847
15545,2020-07-09 17:00:00,0.004928597,0.7330992663390122
15546,2020-07-09 18:00:00,0.005851097,0.4878870047007611
15547,2020-07-09 19:00:00,0.00481311,0.8791142026164307
15548,2020-07-09 20:00:00,0.003002804,0.20318114102460705
15549,2020-07-09 21:00:00,0.00253421,0.003300443246426865
15550,2020-07-09 22:00:00,0.001249244,0.303731750941327
15551,2020-07-09 23:00:00,0.000779103,0.09900656007343644
15552,2020-07-10 00:00:00,0.000354786,0.49290221840069715
15553,2020-07-10 01:00:00,0.000174367,0.8980893246371093
15554,2020-07-10 02:00:00,8.716e-05,0.6967060481626212
15555,2020-07-10 03:00:00,4.7679e-05,0.11824873646602274
15556,2020-07-10 04:00:00,3.914e-05,0.40629543949941893
15557,2020-07-10 05:00:00,9.2196e-05,0.5348282476482578
15558,2020-07-10 06:00:00,0.000128499,0.8900081478727171
15559,2020-07-10 07:00:00,0.000188783,0.5145013541128525
15560,2020-07-10 08:00:00,0.000357419,0.2743593704866659
15561,2020-07-10 09:00:00,0.000437587,0.7539965464653559
15562,2020-07-10 10:00:00,0.000496428,0.8495598471615955
15563,2020-07-10 11:00:00,0.000511857,0.4046315347360685
15564,2020-07-10 12:00:00,0.000594353,0.48595695399965455
15565,2020-07-10 13:00:00,0.000672439,0.1690255188175943
15566,2020-07-10 14:00:00,0.000814921,0.37391708490607556
15567,2020-07-10 15:00:00,0.001048219,0.4585252904352498
15568,2020-07-10 16:00:00,0.001228165,0.03470427445784141
15569,2020-07-10 17:00:00,0.000731096,0.3059029381756436
15570,2020-07-10 18:00:00,0.001251383,0.28897124472062286
15571,2020-07-10 19:00:00,0.000945477,0.6668982191945115
15572,2020-07-10 20:00:00,0.001048087,0.5797736253997762
15573,2020-07-10 21:00:00,0.000514685,0.8047095196329435
15574,2020-07-10 22:00:00,0.000287225,0.5034619335491483
15575,2020-07-10 23:00:00,0.000175441,0.676533886784352
15576,2020-07-11 00:00:00,7.8088e-05,0.07896322421884028
15577,2020-07-11 01:00:00,3.4402e-05,0.3800698970717755
15578,2020-07-11 02:00:00,1.7445e-05,0.841762768106227
15579,2020-07-11 03:00:00,1.3165e-05,0.09484566608671097
15580,2020-07-11 04:00:00,9.509e-06,0.06448640575116271
15581,2020-07-11 05:00:00,6.554e-06,0.14495678076219953
15582,2020-07-11 06:00:00,2.0792e-05,0.6901938655305792
15583,2020-07-11 07:00:00,4.9152e-05,0.7154904699499779
15584,2020-07-11 08:00:00,5.5889e-05,0.9284170600389072
15585,2020-07-11 09:00:00,4.4713e-05,0.11236896837216703
15586,2020-07-11 10:00:00,8.0955e-05,0.43917641616888625
15587,2020-07-11 11:00:00,0.000193488,0.14538899526476345
15588,2020-07-11 12:00:00,0.000114352,0.8137504320977323
15589,2020-07-11 13:00:00,0.000301131,0.576797942092758
15590,2020-07-11 14:00:00,0.000173677,0.4861792371541933
15591,2020-07-11 15:00:00,0.000314069,0.6100722195463036
15592,2020-07-11 16:00:00,0.000300594,0.9972052999087969
15593,2020-07-11 17:00:00,0.000436018,0.30260018851568826
15594,2020-07-11 18:00:00,0.001495576,0.03499468082053081
15595,2020-07-11 19:00:00,0.00195063,0.07508099089127729
15596,2020-07-11 20:00:00,0.00159087,0.5607886680857754
15597,2020-07-11 21:00:00,0.000680673,0.04679920101999602
15598,2020-07-11 22:00:00,0.000574486,0.9145491514903646
15599,2020-07-11 23:00:00,0.000290183,0.12549075710025692
15600,2020-07-12 00:00:00,0.000161113,0.9423765774691287
15601,2020-07-12 01:00:00,6.0614e-05,0.7876294387752342
15602,2020-07-12 02:00:00,2.9212e-05,0.9778409564708178
15603,2020-07-12 03:00:00,2.0861e-05,0.48887457920169874
15604,2020-07-12 04:00:00,1.4635e-05,0.24834531052493725
15605,2020-07-12 05:00:00,1.3284e-05,0.8216704972880512
15606,2020-07-12 06:00:00,1.0322e-05,0.15164898388028625
15607,2020-07-12 07:00:00,5.355e-06,0.15067576989092146
15608,2020-07-12 08:00:00,3.116e-06,0.1353849341776331
15609,2020-07-12 09:00:00,2.188e-06,0.9721518004739359
15610,2020-07-12 10:00:00,1.705e-06,0.4984084131042765
15611,2020-07-12 11:00:00,1.229e-06,0.9333959567573616
15612,2020-07-12 12:00:00,0.0,0.26114548560781436
15613,2020-07-12 13:00:00,2.315e-06,0.028890854507549912
15614,2020-07-12 14:00:00,8.266e-05,0.49704077711162664
15615,2020-07-12 15:00:00,4.239e-06,0.5528897213614729
15616,2020-07-12 16:00:00,8.091e-06,0.5705381745909534
15617,2020-07-12 17:00:00,9.139e-06,0.2603199143451269
15618,2020-07-12 18:00:00,6.939e-06,0.5590694479317972
15619,2020-07-12 19:00:00,7.814e-06,0.26575546524516425
15620,2020-07-12 20:00:00,3.724e-06,0.09843520367918313
15621,2020-07-12 21:00:00,2.217e-06,0.9897567402899096
15622,2020-07-12 22:00:00,1.284e-06,0.45799335405281383
15623,2020-07-12 23:00:00,0.0,0.5515677371480621
15624,2020-07-13 00:00:00,0.0,0.48967060411503094
15625,2020-07-13 01:00:00,0.0,0.5829155565192514
15626,2020-07-13 02:00:00,0.0,0.149203762044827
15627,2020-07-13 03:00:00,0.0,0.8566450270115038
15628,2020-07-13 04:00:00,0.0,0.12634967074161518
15629,2020-07-13 05:00:00,0.0,0.00986069622487784
15630,2020-07-13 06:00:00,0.0,0.6302182210215137
15631,2020-07-13 07:00:00,0.0,0.17883525341913664
15632,2020-07-13 08:00:00,0.0,0.8687241675666685
15633,2020-07-13 09:00:00,0.0,0.4916203034543283
15634,2020-07-13 10:00:00,0.0,0.031875528220610794
15635,2020-07-13 11:00:00,0.0,0.41386725352217935
15636,2020-07-13 12:00:00,0.0,0.07344832819320413
15637,2020-07-13 13:00:00,0.0,0.8861909359122705
15638,2020-07-13 14:00:00,0.0,0.8654781100901768
15639,2020-07-13 15:00:00,0.0,0.9019002456178982
15640,2020-07-13 16:00:00,0.0,0.9071963110330423
15641,2020-07-13 17:00:00,0.0,0.8795274370524994
15642,2020-07-13 18:00:00,0.0,0.46026322071699843
15643,2020-07-13 19:00:00,0.0,0.8969219564523869
15644,2020-07-13 20:00:00,0.0,0.8855310550830284
15645,2020-07-13 21:00:00,0.0,0.7324128433634179
15646,2020-07-13 22:00:00,0.0,0.3476057034172353
15647,2020-07-13 23:00:00,0.0,0.5262140100465433
15648,2020-07-14 00:00:00,0.0,0.285209611096667
15649,2020-07-14 01:00:00,0.0,0.6496630206915484
15650,2020-07-14 02:00:00,0.0,0.573386359354883
15651,2020-07-14 03:00:00,0.0,0.5825779453905031
15652,2020-07-14 04:00:00,0.0,0.5677185898441629
15653,2020-07-14 05:00:00,0.0,0.8721683977308717
15654,2020-07-14 06:00:00,0.0,0.18219526997098456
15655,2020-07-14 07:00:00,0.0,0.8243283277985859
15656,2020-07-14 08:00:00,0.0,0.8018601774922751
15657,2020-07-14 09:00:00,0.0,0.4394145937042484
15658,2020-07-14 10:00:00,0.0,0.13152089600287753
15659,2020-07-14 11:00:00,0.0,0.4264204985714658
15660,2020-07-14 12:00:00,0.0,0.28432295185542467
15661,2020-07-14 13:00:00,0.0,0.22029792448286245
15662,2020-07-14 14:00:00,0.0,0.06428748168078668
15663,2020-07-14 15:00:00,0.0,0.7459165776714052
15664,2020-07-14 16:00:00,0.0,0.6745549767978006
15665,2020-07-14 17:00:00,0.0,0.1734404770987792
15666,2020-07-14 18:00:00,0.0,0.45538864507300814
15667,2020-07-14 19:00:00,0.0,0.6665684395359531
15668,2020-07-14 20:00:00,0.0,0.5100035075809567
15669,2020-07-14 21:00:00,0.0,0.0688809033647767
15670,2020-07-14 22:00:00,0.0,0.9434808120097778
15671,2020-07-14 23:00:00,0.0,0.30181113492831313
15672,2020-07-15 00:00:00,0.0,0.36503895972314204
15673,2020-07-15 01:00:00,0.0,0.26139755332647363
15674,2020-07-15 02:00:00,0.0,0.5581277871478866
15675,2020-07-15 03:00:00,0.0,0.5085767231934665
15676,2020-07-15 04:00:00,0.0,0.7242948555965101
15677,2020-07-15 05:00:00,0.0,0.6796247887156132
15678,2020-07-15 06:00:00,0.0,0.09113759121751264
15679,2020-07-15 07:00:00,0.0,0.033303797863780904
15680,2020-07-15 08:00:00,0.0,0.19622743809221477
15681,2020-07-15 09:00:00,0.0,0.23508857303627662
15682,2020-07-15 10:00:00,0.0,0.6630200136861943
15683,2020-07-15 11:00:00,0.0,0.04156266513139739
15684,2020-07-15 12:00:00,0.0,0.8766445840430787
15685,2020-07-15 13:00:00,0.0,0.32988059793207836
15686,2020-07-15 14:00:00,0.0,0.9841837797491161
15687,2020-07-15 15:00:00,0.0,0.9111553412673619
15688,2020-07-15 16:00:00,0.0,0.6183482815300737
15689,2020-07-15 17:00:00,0.0,0.3203466580638227
15690,2020-07-15 18:00:00,0.0,0.8598261224685925
15691,2020-07-15 19:00:00,0.0,0.6296439170182431
15692,2020-07-15 20:00:00,0.0,0.9849152575170996
15693,2020-07-15 21:00:00,0.0,0.1794016826969781
15694,2020-07-15 22:00:00,0.0,0.43027684696128277
15695,2020-07-15 23:00:00,0.0,0.6338061525594687
15696,2020-07-16 00:00:00,0.0,0.16344845772531136
15697,2020-07-16 01:00:00,0.0,0.10058156782411687
15698,2020-07-16 02:00:00,0.0,0.7746224213475722
15699,2020-07-16 03:00:00,0.0,0.7463133750664799
15700,2020-07-16 04:00:00,0.0,0.7219152146217863
15701,2020-07-16 05:00:00,0.0,0.11269263178215716
15702,2020-07-16 06:00:00,0.0,0.40600174929383637
15703,2020-07-16 07:00:00,0.0,0.09439687183220269
15704,2020-07-16 08:00:00,0.0,0.17419699565400715
15705,2020-07-16 09:00:00,0.0,0.4424714234094008
15706,2020-07-16 10:00:00,0.0,0.14102880559061703
15707,2020-07-16 11:00:00,0.0,0.92936472713702
15708,2020-07-16 12:00:00,0.002268718,0.2520233698496821
15709,2020-07-16 13:00:00,0.001838943,0.5489510291713415
15710,2020-07-16 14:00:00,0.001225432,0.3014131423881057
15711,2020-07-16 15:00:00,0.001329321,0.23988737528602555
15712,2020-07-16 16:00:00,0.002900665,0.7641871930678403
15713,2020-07-16 17:00:00,0.00302967,0.6689365018332476
15714,2020-07-16 18:00:00,0.003456653,0.9440515368465007
15715,2020-07-16 19:00:00,0.00264123,0.09721201165105575
15716,2020-07-16 20:00:00,0.002158007,0.7570032586318441
15717,2020-07-16 21:00:00,0.00105772,0.5927720809521058
15718,2020-07-16 22:00:00,0.000534283,0.11275679947006378
15719,2020-07-16 23:00:00,0.000332355,0.47963998575227285
15720,2020-07-17 00:00:00,0.000148481,0.06052499890756591
15721,2020-07-17 01:00:00,8.5763e-05,0.07309397699826514
15722,2020-07-17 02:00:00,3.1029e-05,0.1618591132484778
15723,2020-07-17 03:00:00,1.5364e-05,0.7954636991194421
15724,2020-07-17 04:00:00,1.542e-05,0.0379407693717283
15725,2020-07-17 05:00:00,1.0123e-05,0.5798643090121284
15726,2020-07-17 06:00:00,7.787e-06,0.05289959764020202
15727,2020-07-17 07:00:00,6.482e-06,0.4086843163118885
15728,2020-07-17 08:00:00,4.482e-06,0.3116168838093737
15729,2020-07-17 09:00:00,3.768e-06,0.6512221947963355
15730,2020-07-17 10:00:00,0.000381404,0.05865291984181231
15731,2020-07-17 11:00:00,0.000498244,0.09985128848383373
15732,2020-07-17 12:00:00,0.000445308,0.16340730960917083
15733,2020-07-17 13:00:00,0.000355024,0.9554969873135939
15734,2020-07-17 14:00:00,0.000595801,0.4723573904953633
15735,2020-07-17 15:00:00,0.000923597,0.9702701471242606
15736,2020-07-17 16:00:00,0.001003762,0.12042758264153186
15737,2020-07-17 17:00:00,0.001769531,0.5252385229065447
15738,2020-07-17 18:00:00,0.00281247,0.5238762421664444
15739,2020-07-17 19:00:00,0.002492749,0.582213897137376
15740,2020-07-17 20:00:00,0.001430823,0.31028701740311404
15741,2020-07-17 21:00:00,0.000888824,0.3498932038727983
15742,2020-07-17 22:00:00,0.000573541,0.33799218165265654
15743,2020-07-17 23:00:00,0.00023493,0.5404701535210912
15744,2020-07-18 00:00:00,0.000160996,0.46845292606614763
15745,2020-07-18 01:00:00,6.6357e-05,0.3974469290442464
15746,2020-07-18 02:00:00,2.8235e-05,0.015832285471291674
15747,2020-07-18 03:00:00,2.4893e-05,0.9057631343709592
15748,2020-07-18 04:00:00,1.6275e-05,0.4690538965404397
15749,2020-07-18 05:00:00,1.4705e-05,0.4286113115364436
15750,2020-07-18 06:00:00,9.337e-06,0.12327416049768469
15751,2020-07-18 07:00:00,7.07e-06,0.4996704372828421
15752,2020-07-18 08:00:00,6.351e-06,0.14192861044511484
15753,2020-07-18 09:00:00,4.04e-06,0.5441949721721746
15754,2020-07-18 10:00:00,0.000434718,0.05683182964608047
15755,2020-07-18 11:00:00,0.000858278,0.7233293832589834
15756,2020-07-18 12:00:00,0.000900024,0.4070772427136451
15757,2020-07-18 13:00:00,0.000724689,0.9988435652360258
15758,2020-07-18 14:00:00,0.000497824,0.5724839003937378
15759,2020-07-18 15:00:00,0.001098563,0.32935281706742514
15760,2020-07-18 16:00:00,0.001331417,0.09444679818037494
15761,2020-07-18 17:00:00,0.002087567,0.8105037534963896
15762,2020-07-18 18:00:00,0.002082292,0.2651486999424286
15763,2020-07-18 19:00:00,0.001829283,0.5834103136407658
15764,2020-07-18 20:00:00,0.001256834,0.9809623304981218
15765,2020-07-18 21:00:00,0.000612681,0.9539895655261111
15766,2020-07-18 22:00:00,0.000482336,0.5791433777882389
15767,2020-07-18 23:00:00,0.000176655,0.911185576482947
15768,2020-07-19 00:00:00,0.000133802,0.7759599097195609
15769,2020-07-19 01:00:00,6.2323e-05,0.8030193355765203
15770,2020-07-19 02:00:00,2.8604e-05,0.35247905435060933
15771,2020-07-19 03:00:00,2.3034e-05,0.816340772737476
15772,2020-07-19 04:00:00,8.76e-06,0.2530945210063241
15773,2020-07-19 05:00:00,0.000289247,0.358447552763297
15774,2020-07-19 06:00:00,0.00033099,0.7678644984336433
15775,2020-07-19 07:00:00,0.000226727,0.34040600937213894
15776,2020-07-19 08:00:00,0.000593004,0.033104877099933594
15777,2020-07-19 09:00:00,0.000597606,0.15282356630654303
15778,2020-07-19 10:00:00,0.000914528,0.8796109318865974
15779,2020-07-19 11:00:00,0.001758701,0.995712803215935
15780,2020-07-19 12:00:00,0.001604339,0.6931655837428247
15781,2020-07-19 13:00:00,0.001285223,0.5525925106960723
15782,2020-07-19 14:00:00,0.000893589,0.9508526099513489
15783,2020-07-19 15:00:00,0.000980801,0.48013267484043887
15784,2020-07-19 16:00:00,0.00532713,0.32633993663287597
15785,2020-07-19 17:00:00,0.010659611,0.09301612331354359
15786,2020-07-19 18:00:00,0.015391787,0.9536109275221641
15787,2020-07-19 19:00:00,0.020677282,0.7719748369723368
15788,2020-07-19 20:00:00,0.00635198,0.9179335215103109
15789,2020-07-19 21:00:00,0.006040322,0.5193550945192057
15790,2020-07-19 22:00:00,0.003647819,0.5262923127145717
15791,2020-07-19 23:00:00,0.001977987,0.6901217995313919
15792,2020-07-20 00:00:00,0.000905072,0.27704164213001314
15793,2020-07-20 01:00:00,0.000434207,0.15907978596899175
15794,2020-07-20 02:00:00,0.000165157,0.996323627369475
15795,2020-07-20 03:00:00,0.000120313,0.7396241570811024
15796,2020-07-20 04:00:00,6.6299e-05,0.9221001339931187
15797,2020-07-20 05:00:00,3.5887e-05,0.8878658802391977
15798,2020-07-20 06:00:00,0.000309052,0.1875959719147492
15799,2020-07-20 07:00:00,0.000611413,0.34305453750719417
15800,2020-07-20 08:00:00,0.001988377,0.9215753101620104
15801,2020-07-20 09:00:00,0.003036351,0.13463527306669387
15802,2020-07-20 10:00:00,0.001752793,0.1398579984839713
15803,2020-07-20 11:00:00,0.002162006,0.5424370010600768
15804,2020-07-20 12:00:00,0.000658215,0.5021916653454379
15805,2020-07-20 13:00:00,0.002036152,0.8967941374450463
15806,2020-07-20 14:00:00,0.000970035,0.9940442565032539
15807,2020-07-20 15:00:00,0.003792525,0.11796765281651544
15808,2020-07-20 16:00:00,0.006493161,0.030205432659622833
15809,2020-07-20 17:00:00,0.019176824,0.8517722148104461
15810,2020-07-20 18:00:00,0.020855496,0.42279319107024516
15811,2020-07-20 19:00:00,0.027935078,0.7762690725323219
15812,2020-07-20 20:00:00,0.016547019,0.7836549521099719
15813,2020-07-20 21:00:00,0.006686805,0.8074774984330415
15814,2020-07-20 22:00:00,0.005049249,0.2584790058051165
15815,2020-07-20 23:00:00,0.003230168,0.8828618857349284
15816,2020-07-21 00:00:00,0.001202337,0.15856403820264064
15817,2020-07-21 01:00:00,0.000603909,0.3511817045740282
15818,2020-07-21 02:00:00,0.0002231,0.006563874810354475
15819,2020-07-21 03:00:00,0.000181832,0.9768261525262479
15820,2020-07-21 04:00:00,0.000389797,0.08520695711421167
15821,2020-07-21 05:00:00,0.000587015,0.7045169090026935
15822,2020-07-21 06:00:00,0.000640358,0.047255404667160716
15823,2020-07-21 07:00:00,0.001734524,0.6610642302419117
15824,2020-07-21 08:00:00,0.002440383,0.8477213960532389
15825,2020-07-21 09:00:00,0.003075701,0.4782926489217416
15826,2020-07-21 10:00:00,0.00481954,0.11263304569049792
15827,2020-07-21 11:00:00,0.005651953,0.9469591597532281
15828,2020-07-21 12:00:00,0.005993935,0.3505847877559872
15829,2020-07-21 13:00:00,0.004270242,0.031605090209665954
15830,2020-07-21 14:00:00,0.004210177,0.5742496805122635
15831,2020-07-21 15:00:00,0.004428136,0.973366759617348
15832,2020-07-21 16:00:00,0.007455837,0.7119104584550375
15833,2020-07-21 17:00:00,0.013275621,0.8444942462217436
15834,2020-07-21 18:00:00,0.025147099,0.7828117067943877
15835,2020-07-21 19:00:00,0.021832384,0.8156387457316747
15836,2020-07-21 20:00:00,0.014670623,0.40472964519309296
15837,2020-07-21 21:00:00,0.012091387,0.9280817648348165
15838,2020-07-21 22:00:00,0.005569124,0.48002693422375164
15839,2020-07-21 23:00:00,0.003989571,0.3534012226112828
15840,2020-07-22 00:00:00,0.001825385,0.20848377345669922
15841,2020-07-22 01:00:00,0.000660766,0.2370845593154709
15842,2020-07-22 02:00:00,0.000240088,0.8857956551759656
15843,2020-07-22 03:00:00,0.000210172,0.7536562021881421
15844,2020-07-22 04:00:00,0.000230465,0.6406674764999947
15845,2020-07-22 05:00:00,0.0002461,0.4471884439164865
15846,2020-07-22 06:00:00,0.000201861,0.3962019394702776
15847,2020-07-22 07:00:00,0.000133623,0.09204805079202194
15848,2020-07-22 08:00:00,0.000101815,0.37713586483428096
15849,2020-07-22 09:00:00,7.8448e-05,0.14177742223734735
15850,2020-07-22 10:00:00,6.5667e-05,0.5142573688476022
15851,2020-07-22 11:00:00,4.4279e-05,0.45068631664136327
15852,2020-07-22 12:00:00,2.4167e-05,0.12124594589188686
15853,2020-07-22 13:00:00,0.000115909,0.2448299759150513
15854,2020-07-22 14:00:00,0.000219903,0.808921608432601
15855,2020-07-22 15:00:00,0.000352101,0.7949891922141349
15856,2020-07-22 16:00:00,0.000564328,0.6073050557317022
15857,2020-07-22 17:00:00,0.000698315,0.25794058271735765
15858,2020-07-22 18:00:00,0.000816626,0.528655419115819
15859,2020-07-22 19:00:00,0.00057505,0.2539114669784386
15860,2020-07-22 20:00:00,0.00035499,0.336495841660159
15861,2020-07-22 21:00:00,0.000203386,0.30039953758917803
15862,2020-07-22 22:00:00,0.000113609,0.6023067994700977
15863,2020-07-22 23:00:00,5.9529e-05,0.21512463581789276
15864,2020-07-23 00:00:00,3.2674e-05,0.01977769213120828
15865,2020-07-23 01:00:00,1.4345e-05,0.8074716636810466
15866,2020-07-23 02:00:00,7.193e-06,0.9656157235903237
15867,2020-07-23 03:00:00,4.186e-06,0.7026797079144961
15868,2020-07-23 04:00:00,2.404e-06,0.8992533592291041
15869,2020-07-23 05:00:00,1.722e-06,0.44498125484778783
15870,2020-07-23 06:00:00,1.209e-06,0.935244176778131
15871,2020-07-23 07:00:00,0.0,0.45410700004767
15872,2020-07-23 08:00:00,0.0,0.6394377316277603
15873,2020-07-23 09:00:00,0.0,0.4077325878301409
15874,2020-07-23 10:00:00,0.00017527,0.02917162188709077
15875,2020-07-23 11:00:00,0.000401927,0.08532014573739255
15876,2020-07-23 12:00:00,0.000768656,0.16011486814130516
15877,2020-07-23 13:00:00,0.001293208,0.46780723630787113
15878,2020-07-23 14:00:00,0.001225761,0.46467371602314467
15879,2020-07-23 15:00:00,0.002409712,0.5845936705942609
15880,2020-07-23 16:00:00,0.006229432,0.45192847145056025
15881,2020-07-23 17:00:00,0.009047655,0.7708453617642194
15882,2020-07-23 18:00:00,0.010868725,0.6060778423139007
15883,2020-07-23 19:00:00,0.009420875,0.31389912760765437
15884,2020-07-23 20:00:00,0.006491865,0.44789652135058877
15885,2020-07-23 21:00:00,0.004457645,0.044399756572918725
15886,2020-07-23 22:00:00,0.002239777,0.33324694333902605
15887,2020-07-23 23:00:00,0.001452404,0.9266254915830083
15888,2020-07-24 00:00:00,0.000722726,0.6441093902319434
15889,2020-07-24 01:00:00,0.00041482,0.8423099606269902
15890,2020-07-24 02:00:00,0.000189821,0.6008157332406362
15891,2020-07-24 03:00:00,0.000129709,0.028844789855748676
15892,2020-07-24 04:00:00,8.1589e-05,0.6496300490545032
15893,2020-07-24 05:00:00,5.8488e-05,0.7710933728206291
15894,2020-07-24 06:00:00,4.1473e-05,0.7842007671655649
15895,2020-07-24 07:00:00,2.9196e-05,0.5503429182273819
15896,2020-07-24 08:00:00,2.6616e-05,0.22130081594017714
15897,2020-07-24 09:00:00,2.2473e-05,0.8732639580702531
15898,2020-07-24 10:00:00,1.2371e-05,0.26288468737545656
15899,2020-07-24 11:00:00,1.1439e-05,0.5836923027514911
15900,2020-07-24 12:00:00,1.0596e-05,0.016460525481557853
15901,2020-07-24 13:00:00,1.0074e-05,0.6399577999363546
15902,2020-07-24 14:00:00,6.995e-06,0.39226001881793726
15903,2020-07-24 15:00:00,4.981e-06,0.6407067113962337
15904,2020-07-24 16:00:00,4.705e-06,0.32405606802525366
15905,2020-07-24 17:00:00,4.925e-06,0.9972546536317886
15906,2020-07-24 18:00:00,4.363e-06,0.6357332412421562
15907,2020-07-24 19:00:00,2.786e-06,0.4681659270540486
15908,2020-07-24 20:00:00,1.987e-06,0.5330288058185338
15909,2020-07-24 21:00:00,1.3e-06,0.6688402328925155
15910,2020-07-24 22:00:00,0.0,0.9168461006551526
15911,2020-07-24 23:00:00,0.0,0.13569423077980147
15912,2020-07-25 00:00:00,0.0,0.08844600190944152
15913,2020-07-25 01:00:00,0.0,0.3558908993630233
15914,2020-07-25 02:00:00,0.0,0.48036952220100637
15915,2020-07-25 03:00:00,0.0,0.7552395472924682
15916,2020-07-25 04:00:00,0.0,0.8371676345311747
15917,2020-07-25 05:00:00,0.0,0.35729128055338766
15918,2020-07-25 06:00:00,0.0,0.9287479162227589
15919,2020-07-25 07:00:00,0.0,0.6702166631495321
15920,2020-07-25 08:00:00,0.0,0.6290751692585543
15921,2020-07-25 09:00:00,0.0,0.6849572694558762
15922,2020-07-25 10:00:00,0.0,0.0694862179279716
15923,2020-07-25 11:00:00,0.0,0.4924399920980447
15924,2020-07-25 12:00:00,0.0,0.46139668524593036
15925,2020-07-25 13:00:00,0.0,0.5270348712277904
15926,2020-07-25 14:00:00,0.0,0.5243682054256784
15927,2020-07-25 15:00:00,0.0,0.30680792384021516
15928,2020-07-25 16:00:00,0.0,0.8979684976128102
15929,2020-07-25 17:00:00,0.0,0.30082186268606836
15930,2020-07-25 18:00:00,0.0,0.13694156882307318
15931,2020-07-25 19:00:00,0.0,0.4396225805184447
15932,2020-07-25 20:00:00,0.0,0.5545398829180364
15933,2020-07-25 21:00:00,0.0,0.07566143135210335
15934,2020-07-25 22:00:00,0.0,0.14393268004620108
15935,2020-07-25 23:00:00,0.0,0.9910109721498369
15936,2020-07-26 00:00:00,0.0,0.4788615099784944
15937,2020-07-26 01:00:00,0.0,0.16747051273757763
15938,2020-07-26 02:00:00,0.0,0.01112132129540322
15939,2020-07-26 03:00:00,0.0,0.8512501664232638
15940,2020-07-26 04:00:00,0.0,0.5371506087207863
15941,2020-07-26 05:00:00,0.0,0.6386875686293421
15942,2020-07-26 06:00:00,0.0,0.005530248392042525
15943,2020-07-26 07:00:00,0.0,0.1515717619526612
15944,2020-07-26 08:00:00,0.0,0.8263723353151665
15945,2020-07-26 09:00:00,0.0,0.36630551887829865
15946,2020-07-26 10:00:00,0.0,0.42045833588801274
15947,2020-07-26 11:00:00,0.0,0.712359206339827
15948,2020-07-26 12:00:00,0.0,0.35545643712010655
15949,2020-07-26 13:00:00,0.0,0.4878800096407159
15950,2020-07-26 14:00:00,0.0,0.711723088771177
15951,2020-07-26 15:00:00,0.0,0.8770219090045189
15952,2020-07-26 16:00:00,0.0,0.2981701391168379
15953,2020-07-26 17:00:00,0.0,0.8596595883453544
15954,2020-07-26 18:00:00,0.0,0.5872311073202141
15955,2020-07-26 19:00:00,0.0,0.22774394059036374
15956,2020-07-26 20:00:00,0.0,0.44454022158481654
15957,2020-07-26 21:00:00,0.0,0.7921186133158039
15958,2020-07-26 22:00:00,0.0,0.46649279502120244
15959,2020-07-26 23:00:00,0.0,0.9808049629031758
15960,2020-07-27 00:00:00,0.0,0.3703940780011177
15961,2020-07-27 01:00:00,0.0,0.9836167926741244
15962,2020-07-27 02:00:00,0.0,0.9734130510299941
15963,2020-07-27 03:00:00,0.0,0.5907678208492552
15964,2020-07-27 04:00:00,0.0,0.34030584740217185
15965,2020-07-27 05:00:00,0.0,0.8794816175400115
15966,2020-07-27 06:00:00,0.0,0.921739833591411
15967,2020-07-27 07:00:00,0.0,0.4246966744337942
15968,2020-07-27 08:00:00,0.0,0.24192450235870422
15969,2020-07-27 09:00:00,0.0,0.03013942134544556
15970,2020-07-27 10:00:00,0.0,0.14738270938244447
15971,2020-07-27 11:00:00,0.0,0.379147385352537
15972,2020-07-27 12:00:00,0.0,0.10774676819138573
15973,2020-07-27 13:00:00,0.0,0.854946472578169
15974,2020-07-27 14:00:00,0.0,0.07081023095893468
15975,2020-07-27 15:00:00,0.0,0.35652873112799854
15976,2020-07-27 16:00:00,0.0,0.17250548200143323
15977,2020-07-27 17:00:00,0.0,0.614601077531674
15978,2020-07-27 18:00:00,0.0,0.02967919692840104
15979,2020-07-27 19:00:00,0.0,0.7188554850357541
15980,2020-07-27 20:00:00,0.0,0.993164053377394
15981,2020-07-27 21:00:00,0.0,0.7544784403819677
15982,2020-07-27 22:00:00,0.0,0.9852694299246806
15983,2020-07-27 23:00:00,0.0,0.9872156742496381
15984,2020-07-28 00:00:00,0.0,0.4848188651447468
15985,2020-07-28 01:00:00,0.0,0.4497591748566806
15986,2020-07-28 02:00:00,0.0,0.9006168001941091
15987,2020-07-28 03:00:00,0.0,0.3540310845091825
15988,2020-07-28 04:00:00,0.0,0.4435855536502893
15989,2020-07-28 05:00:00,0.0,0.7426501141603415
15990,2020-07-28 06:00:00,0.0,0.43237148650896073
15991,2020-07-28 07:00:00,0.0,0.9927119285458502
15992,2020-07-28 08:00:00,0.0,0.3844180777291898
15993,2020-07-28 09:00:00,0.0,0.3339865474823889
15994,2020-07-28 10:00:00,0.0,0.0866128578456371
15995,2020-07-28 11:00:00,0.0,0.7373573171144335
15996,2020-07-28 12:00:00,0.0,0.7836201913431396
15997,2020-07-28 13:00:00,0.0,0.7267093849451942
15998,2020-07-28 14:00:00,0.0,0.9505830292000531
15999,2020-07-28 15:00:00,0.0,0.1777726050774795
16000,2020-07-28 16:00:00,0.0,0.5056769473526567
16001,2020-07-28 17:00:00,0.0,0.05283830534381462
16002,2020-07-28 18:00:00,0.0,0.7525727016349929
16003,2020-07-28 19:00:00,0.0,0.3884948355490949
16004,2020-07-28 20:00:00,0.0,0.05796613284867469
16005,2020-07-28 21:00:00,0.0,0.792846723763718
16006,2020-07-28 22:00:00,0.0,0.731589464029212
16007,2020-07-28 23:00:00,0.0,0.011206637554354026
16008,2020-07-29 00:00:00,0.0,0.2432067239487199
16009,2020-07-29 01:00:00,0.0,0.23684247925065938
16010,2020-07-29 02:00:00,0.0,0.8591917157117926
16011,2020-07-29 03:00:00,0.0,0.026807693317496106
16012,2020-07-29 04:00:00,0.0,0.11084920081318805
16013,2020-07-29 05:00:00,0.0,0.1654343620272274
16014,2020-07-29 06:00:00,0.0,0.532617886396395
16015,2020-07-29 07:00:00,0.0,0.7358412832400762
16016,2020-07-29 08:00:00,0.0,0.5675980018109343
16017,2020-07-29 09:00:00,0.0,0.5536497526662929
16018,2020-07-29 10:00:00,0.0,0.25083067488501787
16019,2020-07-29 11:00:00,0.0,0.2847546649041809
16020,2020-07-29 12:00:00,0.0,0.9979859730778735
16021,2020-07-29 13:00:00,0.0,0.44324390428311045
16022,2020-07-29 14:00:00,0.0,0.7226677244716293
16023,2020-07-29 15:00:00,0.0,0.07074725828182027
16024,2020-07-29 16:00:00,0.0,0.29996197673933866
16025,2020-07-29 17:00:00,0.0,0.4607694676829198
16026,2020-07-29 18:00:00,0.0,0.3303208781476096
16027,2020-07-29 19:00:00,0.0,0.3057875393778535
16028,2020-07-29 20:00:00,0.0,0.8730766624296995
16029,2020-07-29 21:00:00,0.0,0.7034570798211448
16030,2020-07-29 22:00:00,0.0,0.6966811597485746
16031,2020-07-29 23:00:00,0.0,0.6023150820261947
16032,2020-07-30 00:00:00,0.0,0.8155433688487127
16033,2020-07-30 01:00:00,0.0,0.24022021893376455
16034,2020-07-30 02:00:00,0.0,0.4674429229709902
16035,2020-07-30 03:00:00,0.0,0.732803801506727
16036,2020-07-30 04:00:00,0.0,0.2818493243459995
16037,2020-07-30 05:00:00,0.0,0.4403826870624594
16038,2020-07-30 06:00:00,0.0,0.3851448011635745
16039,2020-07-30 07:00:00,0.0,0.8390569739082124
16040,2020-07-30 08:00:00,0.0,0.19019045627454356
16041,2020-07-30 09:00:00,0.0,0.3908132971720196
16042,2020-07-30 10:00:00,0.0,0.3330602855142297
16043,2020-07-30 11:00:00,0.0,0.938045281163742
16044,2020-07-30 12:00:00,0.0,0.6000179115005354
16045,2020-07-30 13:00:00,0.0,0.7732387968186593
16046,2020-07-30 14:00:00,0.0,0.6534016183998049
16047,2020-07-30 15:00:00,0.0,0.05034302796366896
16048,2020-07-30 16:00:00,0.0,0.628192546440297
16049,2020-07-30 17:00:00,0.0,0.49607828305051793
16050,2020-07-30 18:00:00,0.0,0.002033180235447185
16051,2020-07-30 19:00:00,0.0,0.5190178873365525
16052,2020-07-30 20:00:00,0.0,0.2512646762623183
16053,2020-07-30 21:00:00,0.0,0.8309971195315277
16054,2020-07-30 22:00:00,0.0,0.7724886773761676
16055,2020-07-30 23:00:00,0.0,0.014149464192780181
16056,2020-07-31 00:00:00,0.0,0.29735145995555
16057,2020-07-31 01:00:00,0.0,0.1645750140320671
16058,2020-07-31 02:00:00,0.0,0.7887159078523167
16059,2020-07-31 03:00:00,0.0,0.915029569506257
16060,2020-07-31 04:00:00,0.0,0.9359557356945111
16061,2020-07-31 05:00:00,0.0,0.5235409897621504
16062,2020-07-31 06:00:00,0.0,0.04766668317550715
16063,2020-07-31 07:00:00,0.0,0.9042449253597015
16064,2020-07-31 08:00:00,0.0,0.343199846464213
16065,2020-07-31 09:00:00,0.0,0.7161638868414647
16066,2020-07-31 10:00:00,0.0,0.7658702074115553
16067,2020-07-31 11:00:00,0.0,0.5368669725574082
16068,2020-07-31 12:00:00,0.0,0.5839904638605858
16069,2020-07-31 13:00:00,0.0,0.46435286692253963
16070,2020-07-31 14:00:00,0.0,0.9456830070460769
16071,2020-07-31 15:00:00,0.0,0.14596599325941795
16072,2020-07-31 16:00:00,0.0,0.320243765823621
16073,2020-07-31 17:00:00,0.0,0.7057756798744746
16074,2020-07-31 18:00:00,0.0,0.2829116357690954
16075,2020-07-31 19:00:00,0.0,0.2990981052123949
16076,2020-07-31 20:00:00,0.0,0.40277371618254676
16077,2020-07-31 21:00:00,0.0,0.9202061545715907
16078,2020-07-31 22:00:00,0.0,0.7137165011981198
16079,2020-07-31 23:00:00,0.0,0.8482090679841892
16080,2020-08-01 00:00:00,0.0,0.6392108184568401
16081,2020-08-01 01:00:00,0.0,0.6080368414937543
16082,2020-08-01 02:00:00,0.0,0.42648169144290016
16083,2020-08-01 03:00:00,0.0,0.42751406069519826
16084,2020-08-01 04:00:00,0.0,0.06255626640070056
16085,2020-08-01 05:00:00,0.0,0.663500756672931
16086,2020-08-01 06:00:00,0.0,0.8731495363173954
16087,2020-08-01 07:00:00,0.0,0.05341728062443307
16088,2020-08-01 08:00:00,0.0,0.7835278431533934
16089,2020-08-01 09:00:00,0.0,0.10813473713888277
16090,2020-08-01 10:00:00,0.0,0.26535566202639227
16091,2020-08-01 11:00:00,0.0,0.35712486737674776
16092,2020-08-01 12:00:00,0.0,0.7910681256592454
16093,2020-08-01 13:00:00,0.0,0.3422145728618604
16094,2020-08-01 14:00:00,0.0,0.36969691831407603
16095,2020-08-01 15:00:00,0.0,0.6352554316747893
16096,2020-08-01 16:00:00,0.0,0.015124191041543389
16097,2020-08-01 17:00:00,0.0,0.6665182175640321
16098,2020-08-01 18:00:00,0.0,0.09254775251848002
16099,2020-08-01 19:00:00,0.0,0.2400506396098565
16100,2020-08-01 20:00:00,0.0,0.5044364097249557
16101,2020-08-01 21:00:00,0.0,0.5501900498086704
16102,2020-08-01 22:00:00,0.0,0.7788334132602289
16103,2020-08-01 23:00:00,0.0,0.17018165215665848
16104,2020-08-02 00:00:00,0.0,0.5786916765229838
16105,2020-08-02 01:00:00,0.0,0.22691121316868412
16106,2020-08-02 02:00:00,0.0,0.5766107475846384
16107,2020-08-02 03:00:00,0.0,0.1456132697499093
16108,2020-08-02 04:00:00,0.0,0.23968517443261983
16109,2020-08-02 05:00:00,0.0,0.582987656809857
16110,2020-08-02 06:00:00,0.0,0.8953213235971403
16111,2020-08-02 07:00:00,0.0,0.30323271768437443
16112,2020-08-02 08:00:00,0.0,0.1358451338747435
16113,2020-08-02 09:00:00,0.0,0.7122145997093983
16114,2020-08-02 10:00:00,0.0,0.1794771134516978
16115,2020-08-02 11:00:00,0.0,0.9302819407464026
16116,2020-08-02 12:00:00,0.0,0.14523331628267588
16117,2020-08-02 13:00:00,0.0,0.16510095778984846
16118,2020-08-02 14:00:00,0.0,0.08599015770348051
16119,2020-08-02 15:00:00,0.0,0.755316182221874
16120,2020-08-02 16:00:00,0.0,0.5921681842598239
16121,2020-08-02 17:00:00,0.0,0.12476623092418249
16122,2020-08-02 18:00:00,0.0,0.6275240024651448
16123,2020-08-02 19:00:00,0.0,0.5987165270719387
16124,2020-08-02 20:00:00,0.0,0.4281360505199342
16125,2020-08-02 21:00:00,0.0,0.09888232056010471
16126,2020-08-02 22:00:00,0.0,0.4536147405906765
16127,2020-08-02 23:00:00,0.0,0.6576353438617917
16128,2020-08-03 00:00:00,0.0,0.009687797264290032
16129,2020-08-03 01:00:00,0.0,0.1930972218732796
16130,2020-08-03 02:00:00,0.0,0.6948023655589678
16131,2020-08-03 03:00:00,0.0,0.10514148330371897
16132,2020-08-03 04:00:00,0.0,0.6015050739547799
16133,2020-08-03 05:00:00,0.0,0.5654194355909287
16134,2020-08-03 06:00:00,0.0,0.9822771328721027
16135,2020-08-03 07:00:00,0.0,0.734348121104769
16136,2020-08-03 08:00:00,0.0,0.20925122180274736
16137,2020-08-03 09:00:00,0.0,0.6394753891276149
16138,2020-08-03 10:00:00,0.0,0.8021284167630114
16139,2020-08-03 11:00:00,0.0,0.8957825825002323
16140,2020-08-03 12:00:00,0.0,0.8846729755560138
16141,2020-08-03 13:00:00,0.0,0.0013554308326229059
16142,2020-08-03 14:00:00,0.0,0.3036559002200211
16143,2020-08-03 15:00:00,0.0,0.7509649603202382
16144,2020-08-03 16:00:00,0.0,0.46314017387535067
16145,2020-08-03 17:00:00,0.0,0.6829446062298368
16146,2020-08-03 18:00:00,0.0,0.571781565047272
16147,2020-08-03 19:00:00,0.0,0.2568237987279609
16148,2020-08-03 20:00:00,0.0,0.7812901997016256
16149,2020-08-03 21:00:00,0.0,0.5031518173798906
16150,2020-08-03 22:00:00,0.0,0.15272574101110725
16151,2020-08-03 23:00:00,0.0,0.7736889392907114
16152,2020-08-04 00:00:00,0.0,0.9866017603135189
16153,2020-08-04 01:00:00,0.0,0.7058809075991667
16154,2020-08-04 02:00:00,0.0,0.9456524497347346
16155,2020-08-04 03:00:00,0.0,0.6810134934522232
16156,2020-08-04 04:00:00,0.0,0.8277732129356038
16157,2020-08-04 05:00:00,0.0,0.29623199994345484
16158,2020-08-04 06:00:00,0.0,0.3729626746368718
16159,2020-08-04 07:00:00,0.0,0.6631480154417122
16160,2020-08-04 08:00:00,0.0,0.6618217518955474
16161,2020-08-04 09:00:00,0.0,0.933813378362057
16162,2020-08-04 10:00:00,0.0,0.9113202526014302
16163,2020-08-04 11:00:00,0.0,0.1820185872649166
16164,2020-08-04 12:00:00,0.0,0.617407558140616
16165,2020-08-04 13:00:00,0.0,0.7599878955536489
16166,2020-08-04 14:00:00,0.001079524,0.5014028777468708
16167,2020-08-04 15:00:00,0.000860427,0.7980170260061865
16168,2020-08-04 16:00:00,0.004146155,0.9030962348334292
16169,2020-08-04 17:00:00,0.005035764,0.693325046725753
16170,2020-08-04 18:00:00,0.003893386,0.2619980416745671
16171,2020-08-04 19:00:00,0.002745854,0.3871534970013373
16172,2020-08-04 20:00:00,0.002521187,0.22373511905904842
16173,2020-08-04 21:00:00,0.001100428,0.12923739305810733
16174,2020-08-04 22:00:00,0.000537651,0.6193118949080985
16175,2020-08-04 23:00:00,0.000332278,0.7688660381060576
16176,2020-08-05 00:00:00,0.000129828,0.005976611304022494
16177,2020-08-05 01:00:00,4.22e-05,0.6240077031530473
16178,2020-08-05 02:00:00,1.647e-05,0.5797263653431227
16179,2020-08-05 03:00:00,1.1883e-05,0.8653209165283506
16180,2020-08-05 04:00:00,8.611e-06,0.6485376941536607
16181,2020-08-05 05:00:00,6.771e-06,0.25687183832333904
16182,2020-08-05 06:00:00,3.802e-06,0.37937155148314405
16183,2020-08-05 07:00:00,7.8702e-05,0.6451892171714464
16184,2020-08-05 08:00:00,0.000161729,0.860583698328336
16185,2020-08-05 09:00:00,0.000283148,0.19346114974813344
16186,2020-08-05 10:00:00,0.00045406,0.06636140245369204
16187,2020-08-05 11:00:00,0.001352282,0.8701438798159303
16188,2020-08-05 12:00:00,0.002093927,0.3044725045721667
16189,2020-08-05 13:00:00,0.000762777,0.7239165175015593
16190,2020-08-05 14:00:00,0.000681986,0.8534961329908284
16191,2020-08-05 15:00:00,0.001295516,0.595260162804534
16192,2020-08-05 16:00:00,0.003155315,0.4324170412369045
16193,2020-08-05 17:00:00,0.006025715,0.9399972389682696
16194,2020-08-05 18:00:00,0.009699685,0.9707746936035094
16195,2020-08-05 19:00:00,0.007613971,0.5577722454373193
16196,2020-08-05 20:00:00,0.004708054,0.23439276047562374
16197,2020-08-05 21:00:00,0.003022238,0.31728671536626996
16198,2020-08-05 22:00:00,0.001908865,0.5868641274651069
16199,2020-08-05 23:00:00,0.000852207,0.28506454314528595
16200,2020-08-06 00:00:00,0.000450708,0.4914195939480457
16201,2020-08-06 01:00:00,0.000179624,0.2804471290929442
16202,2020-08-06 02:00:00,8.2512e-05,0.9829173668674311
16203,2020-08-06 03:00:00,5.6135e-05,0.015064699575698448
16204,2020-08-06 04:00:00,3.2605e-05,0.25958170869355823
16205,2020-08-06 05:00:00,2.3858e-05,0.5695115376453644
16206,2020-08-06 06:00:00,1.7703e-05,0.3418204914309789
16207,2020-08-06 07:00:00,1.2812e-05,0.33934611832561157
16208,2020-08-06 08:00:00,1.5429e-05,0.6945667904240737
16209,2020-08-06 09:00:00,1.5006e-05,0.35373373390783647
16210,2020-08-06 10:00:00,1.0349e-05,0.18992997313907056
16211,2020-08-06 11:00:00,6.522e-06,0.3684343182316382
16212,2020-08-06 12:00:00,4.965e-06,0.6757484935196515
16213,2020-08-06 13:00:00,1.2563e-05,0.9908643023477571
16214,2020-08-06 14:00:00,0.00013331,0.2822440749699364
16215,2020-08-06 15:00:00,0.000223557,0.405112132950066
16216,2020-08-06 16:00:00,0.000707577,0.7725650787096572
16217,2020-08-06 17:00:00,0.001255247,0.13649688825989748
16218,2020-08-06 18:00:00,0.001262295,0.3822367096585464
16219,2020-08-06 19:00:00,0.000991124,0.8341585407501714
16220,2020-08-06 20:00:00,0.000650007,0.6053597761782751
16221,2020-08-06 21:00:00,0.000317836,0.7713517775251372
16222,2020-08-06 22:00:00,0.000265628,0.2986187648558294
16223,2020-08-06 23:00:00,0.000100284,0.7867842425905367
16224,2020-08-07 00:00:00,3.8763e-05,0.037813171677437696
16225,2020-08-07 01:00:00,1.7871e-05,0.9484757661288651
16226,2020-08-07 02:00:00,8.421e-06,0.7159654182891618
16227,2020-08-07 03:00:00,5.159e-06,0.14020229743242396
16228,2020-08-07 04:00:00,1.65e-06,0.5193257608801276
16229,2020-08-07 05:00:00,0.000111765,0.9638491921439734
16230,2020-08-07 06:00:00,0.000298937,0.17214385206262572
16231,2020-08-07 07:00:00,0.000582897,0.9190651995737353
16232,2020-08-07 08:00:00,0.001009374,0.19657970132045988
16233,2020-08-07 09:00:00,0.000976048,0.5079664325183764
16234,2020-08-07 10:00:00,0.001004879,0.24215315889848232
16235,2020-08-07 11:00:00,0.001190063,0.1546572365608362
16236,2020-08-07 12:00:00,0.001089444,0.341285430952602
16237,2020-08-07 13:00:00,0.000971338,0.12787326128175347
16238,2020-08-07 14:00:00,0.001225198,0.744161921048134
16239,2020-08-07 15:00:00,0.001243433,0.48152447342858296
16240,2020-08-07 16:00:00,0.002286976,0.09056361410747804
16241,2020-08-07 17:00:00,0.002772246,0.11118086601974442
16242,2020-08-07 18:00:00,0.004789602,0.367878455057694
16243,2020-08-07 19:00:00,0.004653666,0.9054266123387582
16244,2020-08-07 20:00:00,0.0028605,0.8018050983531513
16245,2020-08-07 21:00:00,0.001834917,0.3744575090389025
16246,2020-08-07 22:00:00,0.00090842,0.025174709387875693
16247,2020-08-07 23:00:00,0.000628634,0.4206119404868742
16248,2020-08-08 00:00:00,0.000257546,0.4220056656365222
16249,2020-08-08 01:00:00,7.956e-05,0.6726421696082266
16250,2020-08-08 02:00:00,5.2669e-05,0.5883690443401824
16251,2020-08-08 03:00:00,3.1683e-05,0.4113860035818466
16252,2020-08-08 04:00:00,1.2982e-05,0.2656122952654344
16253,2020-08-08 05:00:00,9.1024e-05,0.8003611479898862
16254,2020-08-08 06:00:00,0.000245776,0.8085086034726335
16255,2020-08-08 07:00:00,0.000447872,0.40228186059024773
16256,2020-08-08 08:00:00,0.000597605,0.31689936130457996
16257,2020-08-08 09:00:00,0.000682845,0.5478593677945519
16258,2020-08-08 10:00:00,0.000694596,0.1253735247019523
16259,2020-08-08 11:00:00,0.000191116,0.06148026433009013
16260,2020-08-08 12:00:00,0.000880895,0.7497314217516383
16261,2020-08-08 13:00:00,0.004427761,0.22692076460246058
16262,2020-08-08 14:00:00,0.010041093,0.1350448446678244
16263,2020-08-08 15:00:00,0.009213557,0.07973660752008249
16264,2020-08-08 16:00:00,0.001245823,0.980429115555277
16265,2020-08-08 17:00:00,0.003275023,0.44345724444341394
16266,2020-08-08 18:00:00,0.004515705,0.3221494805109598
16267,2020-08-08 19:00:00,0.005181188,0.1914154261591391
16268,2020-08-08 20:00:00,0.002942847,0.2867135372879863
16269,2020-08-08 21:00:00,0.00195682,0.56792013492662
16270,2020-08-08 22:00:00,0.001118598,0.5802349408295205
16271,2020-08-08 23:00:00,0.000493052,0.6436007261772031
16272,2020-08-09 00:00:00,0.000268594,0.9120083271488623
16273,2020-08-09 01:00:00,7.278e-05,0.7317852771988569
16274,2020-08-09 02:00:00,5.453e-05,0.910709612109357
16275,2020-08-09 03:00:00,3.4206e-05,0.7457688395156499
16276,2020-08-09 04:00:00,1.9595e-05,0.7502230644224095
16277,2020-08-09 05:00:00,1.2738e-05,0.801461025492581
16278,2020-08-09 06:00:00,1.5606e-05,0.3493180800952814
16279,2020-08-09 07:00:00,4.1513e-05,0.31164568308241936
16280,2020-08-09 08:00:00,2.5835e-05,0.22745287258616964
16281,2020-08-09 09:00:00,5.5801e-05,0.09815848265848148
16282,2020-08-09 10:00:00,0.000183858,0.8345468728265754
16283,2020-08-09 11:00:00,0.000306644,0.8789330171440544
16284,2020-08-09 12:00:00,0.00037553,0.208576950145143
16285,2020-08-09 13:00:00,0.000313757,0.4189935173309247
16286,2020-08-09 14:00:00,0.001219493,0.23256348209479927
16287,2020-08-09 15:00:00,0.000314891,0.6557419576332973
16288,2020-08-09 16:00:00,0.000427232,0.26750363204049676
16289,2020-08-09 17:00:00,0.001218734,0.4393713283990751
16290,2020-08-09 18:00:00,0.002274772,0.01324713152073409
16291,2020-08-09 19:00:00,0.001406805,0.29020312649717794
16292,2020-08-09 20:00:00,0.001414336,0.5178235760816491
16293,2020-08-09 21:00:00,0.000771501,0.9262191061699643
16294,2020-08-09 22:00:00,0.000353156,0.4542763645365733
16295,2020-08-09 23:00:00,0.000210708,0.42666355968336456
16296,2020-08-10 00:00:00,0.00012475,0.40988776842761465
16297,2020-08-10 01:00:00,2.3185e-05,0.7059945327466611
16298,2020-08-10 02:00:00,1.7643e-05,0.17195173804484376
16299,2020-08-10 03:00:00,1.2068e-05,0.9848599668967304
16300,2020-08-10 04:00:00,7.041e-06,0.8468135465346457
16301,2020-08-10 05:00:00,5.327e-06,0.9923687731947894
16302,2020-08-10 06:00:00,7.909e-06,0.11841218844982926
16303,2020-08-10 07:00:00,1.8637e-05,0.6682575104713682
16304,2020-08-10 08:00:00,2.6928e-05,0.6541376102807916
16305,2020-08-10 09:00:00,3.2665e-05,0.26074618969032337
16306,2020-08-10 10:00:00,3.3088e-05,0.5657544410126655
16307,2020-08-10 11:00:00,4.8428e-05,0.7731955021904091
16308,2020-08-10 12:00:00,7.1138e-05,0.4347910950989664
16309,2020-08-10 13:00:00,7.7999e-05,0.47442107667048505
16310,2020-08-10 14:00:00,0.000552559,0.36535834874816375
16311,2020-08-10 15:00:00,8.1233e-05,0.06319366708405816
16312,2020-08-10 16:00:00,0.000211693,0.6450599933227068
16313,2020-08-10 17:00:00,0.000371645,0.5126170177833518
16314,2020-08-10 18:00:00,0.000327068,0.39757257601539175
16315,2020-08-10 19:00:00,0.000328474,0.48490439352084724
16316,2020-08-10 20:00:00,0.000228482,0.6924065165219845
16317,2020-08-10 21:00:00,0.000147438,0.45067953721813747
16318,2020-08-10 22:00:00,6.9339e-05,0.13253924666794326
16319,2020-08-10 23:00:00,3.6467e-05,0.039808880945308545
16320,2020-08-11 00:00:00,1.4203e-05,0.3964531369776465
16321,2020-08-11 01:00:00,4.313e-06,0.5751835171405281
16322,2020-08-11 02:00:00,3.862e-06,0.6330583756559491
16323,2020-08-11 03:00:00,2.449e-06,0.13136227368233577
16324,2020-08-11 04:00:00,0.0,0.6660447618332535
16325,2020-08-11 05:00:00,2.241e-06,0.18442637969321796
16326,2020-08-11 06:00:00,3.729e-06,0.788457651630648
16327,2020-08-11 07:00:00,3.55e-06,0.8977272949091338
16328,2020-08-11 08:00:00,1.6634e-05,0.2533092009992578
16329,2020-08-11 09:00:00,2.0723e-05,0.8176379256484421
16330,2020-08-11 10:00:00,6.542e-06,0.004679605815984145
16331,2020-08-11 11:00:00,1.8681e-05,0.5331401359805864
16332,2020-08-11 12:00:00,2.4264e-05,0.7526042703703673
16333,2020-08-11 13:00:00,1.8142e-05,0.47760649205841377
16334,2020-08-11 14:00:00,3.0907e-05,0.6976413129546766
16335,2020-08-11 15:00:00,1.447e-06,0.6494916067931747
16336,2020-08-11 16:00:00,4.9589e-05,0.08156632849130574
16337,2020-08-11 17:00:00,8.3964e-05,0.8937037919787862
16338,2020-08-11 18:00:00,0.000179025,0.9338069149220518
16339,2020-08-11 19:00:00,0.000130627,0.32872199685441494
16340,2020-08-11 20:00:00,7.9903e-05,0.3507916300516536
16341,2020-08-11 21:00:00,6.8247e-05,0.6038741855322237
16342,2020-08-11 22:00:00,3.0346e-05,0.9487430940308222
16343,2020-08-11 23:00:00,1.9265e-05,0.5335968236668882
16344,2020-08-12 00:00:00,6.715e-06,0.12926654618397126
16345,2020-08-12 01:00:00,2.459e-06,0.8046907057508438
16346,2020-08-12 02:00:00,1.69e-06,0.23067409552028828
16347,2020-08-12 03:00:00,0.0,0.7407887564139874
16348,2020-08-12 04:00:00,0.0,0.02553675076269224
16349,2020-08-12 05:00:00,0.0,0.558972793970688
16350,2020-08-12 06:00:00,0.0,0.44347728960406174
16351,2020-08-12 07:00:00,0.0,0.7750279343121362
16352,2020-08-12 08:00:00,1.79e-06,0.9200730854145358
16353,2020-08-12 09:00:00,1.786e-06,0.16296980465326594
16354,2020-08-12 10:00:00,1.493e-06,0.7405271051176635
16355,2020-08-12 11:00:00,0.007312735,0.058383748024563475
16356,2020-08-12 12:00:00,0.01498751,0.9781446875138967
16357,2020-08-12 13:00:00,0.021836119,0.578229102591976
16358,2020-08-12 14:00:00,0.031611878,0.7539830916581273
16359,2020-08-12 15:00:00,2.5818e-05,0.12482498228250316
16360,2020-08-12 16:00:00,4.3934e-05,0.84965284347552
16361,2020-08-12 17:00:00,4.8019e-05,0.025628140410422606
16362,2020-08-12 18:00:00,6.4566e-05,0.9773270517402242
16363,2020-08-12 19:00:00,5.2083e-05,0.5986920963607245
16364,2020-08-12 20:00:00,3.2377e-05,0.6878472110580356
16365,2020-08-12 21:00:00,1.5666e-05,0.7764879682871212
16366,2020-08-12 22:00:00,1.2501e-05,0.94869297319192
16367,2020-08-12 23:00:00,5.172e-06,0.19941319742895436
16368,2020-08-13 00:00:00,2.064e-06,0.7159788120367373
16369,2020-08-13 01:00:00,0.0,0.6708941298074492
16370,2020-08-13 02:00:00,0.0,0.999430502476429
16371,2020-08-13 03:00:00,0.0,0.16100543908077136
16372,2020-08-13 04:00:00,0.0,0.14399724508835576
16373,2020-08-13 05:00:00,0.0,0.34750122933623084
16374,2020-08-13 06:00:00,0.0,0.7890262205316255
16375,2020-08-13 07:00:00,0.0,0.8423598239916491
16376,2020-08-13 08:00:00,0.0,0.05126859686598417
16377,2020-08-13 09:00:00,0.0,0.5037651226251298
16378,2020-08-13 10:00:00,0.0,0.9753872323841661
16379,2020-08-13 11:00:00,0.0,0.8210775133674011
16380,2020-08-13 12:00:00,0.0,0.7507057930834055
16381,2020-08-13 13:00:00,0.0,0.41610921897007525
16382,2020-08-13 14:00:00,0.0,0.44309716005019095
16383,2020-08-13 15:00:00,0.0,0.4779572458367113
16384,2020-08-13 16:00:00,0.0,0.7638394216164558
16385,2020-08-13 17:00:00,0.0,0.6223586699941761
16386,2020-08-13 18:00:00,0.0,0.7297189832342718
16387,2020-08-13 19:00:00,0.0,0.6731901254440262
16388,2020-08-13 20:00:00,0.0,0.6432959994914059
16389,2020-08-13 21:00:00,0.0,0.634245407646804
16390,2020-08-13 22:00:00,0.0,0.5500449238686251
16391,2020-08-13 23:00:00,0.0,0.035795037023142684
16392,2020-08-14 00:00:00,0.0,0.29287429016363864
16393,2020-08-14 01:00:00,0.0,0.054207847898110395
16394,2020-08-14 02:00:00,0.0,0.2738687536775787
16395,2020-08-14 03:00:00,0.0,0.9302696909214349
16396,2020-08-14 04:00:00,0.0,0.9112215647937748
16397,2020-08-14 05:00:00,0.0,0.2882986863037639
16398,2020-08-14 06:00:00,0.0,0.16914939342356594
16399,2020-08-14 07:00:00,0.0,0.6552236118351952
16400,2020-08-14 08:00:00,0.0,0.9404461681605513
16401,2020-08-14 09:00:00,0.0,0.29294301447809223
16402,2020-08-14 10:00:00,0.0,0.9458602531966191
16403,2020-08-14 11:00:00,0.0,0.5427182969645327
16404,2020-08-14 12:00:00,0.0,0.9213539898998218
16405,2020-08-14 13:00:00,0.0,0.6894293865392688
16406,2020-08-14 14:00:00,0.0,0.880063101082564
16407,2020-08-14 15:00:00,0.0,0.9275064856821371
16408,2020-08-14 16:00:00,0.0,0.03301485623338918
16409,2020-08-14 17:00:00,0.0,0.08837902654977248
16410,2020-08-14 18:00:00,0.0,0.990548574422502
16411,2020-08-14 19:00:00,0.0,0.07187909120109037
16412,2020-08-14 20:00:00,0.0,0.03401552878486547
16413,2020-08-14 21:00:00,0.0,0.2636007603690208
16414,2020-08-14 22:00:00,0.0,0.8390618823091718
16415,2020-08-14 23:00:00,0.0,0.21449577918351448
16416,2020-08-15 00:00:00,0.0,0.9850022179091931
16417,2020-08-15 01:00:00,0.0,0.1842820080978973
16418,2020-08-15 02:00:00,0.0,0.913363364460013
16419,2020-08-15 03:00:00,0.0,0.11966079056850776
16420,2020-08-15 04:00:00,0.0,0.686526569689661
16421,2020-08-15 05:00:00,0.0,0.5585013146479162
16422,2020-08-15 06:00:00,0.0,0.7767096988526924
16423,2020-08-15 07:00:00,0.0,0.9513373606297101
16424,2020-08-15 08:00:00,0.0,0.3341846545300803
16425,2020-08-15 09:00:00,0.0,0.22003794133547439
16426,2020-08-15 10:00:00,0.0,0.059969079045507745
16427,2020-08-15 11:00:00,0.0,0.6159123168301937
16428,2020-08-15 12:00:00,0.0,0.20738798082939836
16429,2020-08-15 13:00:00,0.0,0.9502695183019996
16430,2020-08-15 14:00:00,0.0,0.9628206961666175
16431,2020-08-15 15:00:00,0.0,0.9648234676349237
16432,2020-08-15 16:00:00,0.0,0.1252367412380565
16433,2020-08-15 17:00:00,0.0,0.6591903982719224
16434,2020-08-15 18:00:00,0.0,0.38069719745697583
16435,2020-08-15 19:00:00,0.0,0.12504469193566203
16436,2020-08-15 20:00:00,0.0,0.7020732862244052
16437,2020-08-15 21:00:00,0.0,0.8502363449544559
16438,2020-08-15 22:00:00,0.0,0.11199497026869398
16439,2020-08-15 23:00:00,0.0,0.2930125996258257
16440,2020-08-16 00:00:00,0.0,0.4718890286450751
16441,2020-08-16 01:00:00,0.0,0.4835846788947603
16442,2020-08-16 02:00:00,0.0,0.11665926161781681
16443,2020-08-16 03:00:00,0.0,0.911106698044643
16444,2020-08-16 04:00:00,0.0,0.039801464422759114
16445,2020-08-16 05:00:00,0.0,0.9996267235965522
16446,2020-08-16 06:00:00,0.0,0.9717412984840722
16447,2020-08-16 07:00:00,0.0,0.35479704650465993
16448,2020-08-16 08:00:00,0.0,0.5865032485370933
16449,2020-08-16 09:00:00,0.0,0.4028492078200233
16450,2020-08-16 10:00:00,0.0,0.24703535723529058
16451,2020-08-16 11:00:00,0.0,0.04415781632582494
16452,2020-08-16 12:00:00,0.0,0.6132589012528042
16453,2020-08-16 13:00:00,0.0,0.07720016245377048
16454,2020-08-16 14:00:00,0.0,0.33878592165597643
16455,2020-08-16 15:00:00,0.0,0.24411813561145557
16456,2020-08-16 16:00:00,0.0,0.573165364274193
16457,2020-08-16 17:00:00,0.0,0.5244326008585884
16458,2020-08-16 18:00:00,0.0,0.723669270769335
16459,2020-08-16 19:00:00,0.0,0.4508553469105696
16460,2020-08-16 20:00:00,0.0,0.332860064162558
16461,2020-08-16 21:00:00,0.0,0.08233098883041368
16462,2020-08-16 22:00:00,0.0,0.5839172194095608
16463,2020-08-16 23:00:00,0.0,0.8303077414844613
16464,2020-08-17 00:00:00,0.0,0.044223165055673364
16465,2020-08-17 01:00:00,0.0,0.4246165066913722
16466,2020-08-17 02:00:00,0.0,0.08235292152043505
16467,2020-08-17 03:00:00,0.0,0.32223305638844824
16468,2020-08-17 04:00:00,0.0,0.3487684805236595
16469,2020-08-17 05:00:00,0.0,0.22111699502140503
16470,2020-08-17 06:00:00,0.0,0.8278669454056972
16471,2020-08-17 07:00:00,0.0,0.5487854070146732
16472,2020-08-17 08:00:00,0.0,0.9991948184239007
16473,2020-08-17 09:00:00,0.0,0.05437536746638383
16474,2020-08-17 10:00:00,0.0,0.41582386069204635
16475,2020-08-17 11:00:00,0.0,0.42878928165728103
16476,2020-08-17 12:00:00,0.0,0.7315189505399045
16477,2020-08-17 13:00:00,0.0,0.03772176058166543
16478,2020-08-17 14:00:00,0.0,0.0491646580216184
16479,2020-08-17 15:00:00,0.0,0.1340479221699573
16480,2020-08-17 16:00:00,0.0,0.3614782144296095
16481,2020-08-17 17:00:00,0.0,0.0888999742690868
16482,2020-08-17 18:00:00,0.0,0.17000873089673663
16483,2020-08-17 19:00:00,0.0,0.6513863800963677
16484,2020-08-17 20:00:00,0.0,0.6177100219407329
16485,2020-08-17 21:00:00,0.0,0.16269317311994946
16486,2020-08-17 22:00:00,0.0,0.22274382912927493
16487,2020-08-17 23:00:00,0.0,0.606073882980181
16488,2020-08-18 00:00:00,0.0,0.7062395850732703
16489,2020-08-18 01:00:00,0.0,0.9067014778420365
16490,2020-08-18 02:00:00,0.0,0.592683294762767
16491,2020-08-18 03:00:00,0.0,0.601707148999143
16492,2020-08-18 04:00:00,0.0,0.2404626928487057
16493,2020-08-18 05:00:00,0.0,0.7319079054055092
16494,2020-08-18 06:00:00,0.0,0.8579633497573438
16495,2020-08-18 07:00:00,0.0,0.42370694885890425
16496,2020-08-18 08:00:00,0.0,0.6259632256614662
16497,2020-08-18 09:00:00,0.0,0.35493497429305965
16498,2020-08-18 10:00:00,0.0,0.175064697224246
16499,2020-08-18 11:00:00,0.0,0.5007468322693586
16500,2020-08-18 12:00:00,0.001892788,0.031416743142336445
16501,2020-08-18 13:00:00,0.0009133,0.6997755809046965
16502,2020-08-18 14:00:00,0.000787205,0.43568338523951766
16503,2020-08-18 15:00:00,0.002167882,0.6836927600918759
16504,2020-08-18 16:00:00,0.008011254,0.8029752716888376
16505,2020-08-18 17:00:00,0.018233355,0.4298070140623069
16506,2020-08-18 18:00:00,0.015640747,0.0605802388217318
16507,2020-08-18 19:00:00,0.012781336,0.6991106790003487
16508,2020-08-18 20:00:00,0.007941343,0.5721962971947168
16509,2020-08-18 21:00:00,0.003958286,0.7938229808004289
16510,2020-08-18 22:00:00,0.003166405,0.1784393207054471
16511,2020-08-18 23:00:00,0.001018911,0.05490608480462844
16512,2020-08-19 00:00:00,0.00041304,0.508120506585945
16513,2020-08-19 01:00:00,9.3899e-05,0.44233120308627283
16514,2020-08-19 02:00:00,5.329e-05,0.4016772888453941
16515,2020-08-19 03:00:00,3.3553e-05,0.14715229146780995
16516,2020-08-19 04:00:00,2.3978e-05,0.03006593577293637
16517,2020-08-19 05:00:00,2.3654e-05,0.4334664904313913
16518,2020-08-19 06:00:00,2.0577e-05,0.23202621759184783
16519,2020-08-19 07:00:00,0.000460691,0.13382993845643054
16520,2020-08-19 08:00:00,0.000450391,0.17769336008024506
16521,2020-08-19 09:00:00,0.000446954,0.8295977042564753
16522,2020-08-19 10:00:00,0.000765974,0.9881062669773262
16523,2020-08-19 11:00:00,0.001278851,0.09367421054059732
16524,2020-08-19 12:00:00,0.001170782,0.671376323987533
16525,2020-08-19 13:00:00,0.00171285,0.5985168035447217
16526,2020-08-19 14:00:00,0.003335363,0.20242226174684708
16527,2020-08-19 15:00:00,0.003705157,0.16164246804060423
16528,2020-08-19 16:00:00,0.006424509,0.9052906279912121
16529,2020-08-19 17:00:00,0.010915505,0.5601597745545224
16530,2020-08-19 18:00:00,0.013303913,0.7137235905433852
16531,2020-08-19 19:00:00,0.014170549,0.2035608959298414
16532,2020-08-19 20:00:00,0.007863388,0.952509027215508
16533,2020-08-19 21:00:00,0.003451188,0.7691202394594355
16534,2020-08-19 22:00:00,0.001818526,0.7026412331760102
16535,2020-08-19 23:00:00,0.001009748,0.5017785204894396
16536,2020-08-20 00:00:00,0.000358191,0.6905283726851468
16537,2020-08-20 01:00:00,8.8809e-05,0.2574997868484026
16538,2020-08-20 02:00:00,5.7352e-05,0.6279564532604135
16539,2020-08-20 03:00:00,3.9935e-05,0.05170300981443965
16540,2020-08-20 04:00:00,2.6571e-05,0.7300387915441429
16541,2020-08-20 05:00:00,1.6457e-05,0.299066252411781
16542,2020-08-20 06:00:00,9.593e-06,0.4429735430364449
16543,2020-08-20 07:00:00,6.666e-06,0.7727565703366948
16544,2020-08-20 08:00:00,3.484e-06,0.04322404409898595
16545,2020-08-20 09:00:00,0.000158775,0.888908628757538
16546,2020-08-20 10:00:00,0.000397858,0.8752958253368986
16547,2020-08-20 11:00:00,0.000699988,0.7289943384066986
16548,2020-08-20 12:00:00,0.001767005,0.7460987526155177
16549,2020-08-20 13:00:00,0.002454864,0.5212956807764165
16550,2020-08-20 14:00:00,0.002240113,0.34648558038824473
16551,2020-08-20 15:00:00,0.001651117,0.16832108583296812
16552,2020-08-20 16:00:00,0.003108501,0.34139202873224017
16553,2020-08-20 17:00:00,0.006300609,0.22433264015712617
16554,2020-08-20 18:00:00,0.007143306,0.8952435129609786
16555,2020-08-20 19:00:00,0.004787786,0.595915720964967
16556,2020-08-20 20:00:00,0.00231273,0.4007409764996215
16557,2020-08-20 21:00:00,0.001650524,0.9551156719382373
16558,2020-08-20 22:00:00,0.000946211,0.5682443383142962
16559,2020-08-20 23:00:00,0.000365056,0.7198657591641454
16560,2020-08-21 00:00:00,0.000122409,0.8109712968336675
16561,2020-08-21 01:00:00,3.637e-05,0.3988199446588566
16562,2020-08-21 02:00:00,2.7208e-05,0.00293791063621629
16563,2020-08-21 03:00:00,1.4906e-05,0.9419563748025502
16564,2020-08-21 04:00:00,8.642e-06,0.24673741164147012
16565,2020-08-21 05:00:00,5.427e-06,0.5085813562687482
16566,2020-08-21 06:00:00,3.658e-06,0.02419838919869599
16567,2020-08-21 07:00:00,2.591e-06,0.13161279060205788
16568,2020-08-21 08:00:00,1.681e-06,0.8370048187806168
16569,2020-08-21 09:00:00,0.0,0.4321811865747993
16570,2020-08-21 10:00:00,0.000189033,0.8042269052982306
16571,2020-08-21 11:00:00,0.000327936,0.559809814259195
16572,2020-08-21 12:00:00,0.000649705,0.03592197925876939
16573,2020-08-21 13:00:00,0.001923407,0.16538097950779995
16574,2020-08-21 14:00:00,0.002350601,0.8529847198969714
16575,2020-08-21 15:00:00,0.002483626,0.9242912821274082
16576,2020-08-21 16:00:00,0.00327078,0.1756829433425543
16577,2020-08-21 17:00:00,0.004465228,0.5956223667980404
16578,2020-08-21 18:00:00,0.004284329,0.9060667676887406
16579,2020-08-21 19:00:00,0.003019306,0.6270700958498033
16580,2020-08-21 20:00:00,0.001946617,0.9936153544972005
16581,2020-08-21 21:00:00,0.001010982,0.41601691626265835
16582,2020-08-21 22:00:00,0.000571621,0.32315297702652435
16583,2020-08-21 23:00:00,0.00023408,0.0004361737060908366
16584,2020-08-22 00:00:00,9.8083e-05,0.6921811816144652
16585,2020-08-22 01:00:00,3.0493e-05,0.1522307161923877
16586,2020-08-22 02:00:00,1.9325e-05,0.519722963443023
16587,2020-08-22 03:00:00,1.2211e-05,0.8536542788073324
16588,2020-08-22 04:00:00,6.651e-06,0.7680334744801627
16589,2020-08-22 05:00:00,4.322e-06,0.8260701778747718
16590,2020-08-22 06:00:00,3.096e-06,0.5315744345530784
16591,2020-08-22 07:00:00,2.15e-06,0.7680926495773545
16592,2020-08-22 08:00:00,1.308e-06,0.6801516821983176
16593,2020-08-22 09:00:00,6.0119e-05,0.044323776672892556
16594,2020-08-22 10:00:00,0.000122797,0.22174636336884124
16595,2020-08-22 11:00:00,0.000245131,0.388391364608456
16596,2020-08-22 12:00:00,0.00048811,0.6132779194224471
16597,2020-08-22 13:00:00,0.000426871,0.8156141827975061
16598,2020-08-22 14:00:00,0.000302903,0.7371642802476615
16599,2020-08-22 15:00:00,0.000946326,0.23771094398327075
16600,2020-08-22 16:00:00,0.002418124,0.8341061860659689
16601,2020-08-22 17:00:00,0.004826327,0.7599124539547584
16602,2020-08-22 18:00:00,0.006031923,0.333407686648469
16603,2020-08-22 19:00:00,0.005143019,0.0002686845933524973
16604,2020-08-22 20:00:00,0.002728636,0.9504929633108546
16605,2020-08-22 21:00:00,0.002147227,0.3688959760934003
16606,2020-08-22 22:00:00,0.000826662,0.2799265318907449
16607,2020-08-22 23:00:00,0.000494546,0.24716860754108427
16608,2020-08-23 00:00:00,0.000114195,0.07296184639679815
16609,2020-08-23 01:00:00,3.0271e-05,0.8997385130766452
16610,2020-08-23 02:00:00,2.4387e-05,0.27463627917681555
16611,2020-08-23 03:00:00,2.0263e-05,0.5532654824560226
16612,2020-08-23 04:00:00,1.1032e-05,0.23257549708032443
16613,2020-08-23 05:00:00,8.7e-06,0.25169037979179965
16614,2020-08-23 06:00:00,8.167e-06,0.4539380779703207
16615,2020-08-23 07:00:00,7.153e-06,0.7886750613631435
16616,2020-08-23 08:00:00,5.067e-06,0.3420844115832785
16617,2020-08-23 09:00:00,7.2367e-05,0.8664190302502573
16618,2020-08-23 10:00:00,0.000280235,0.09558889800294212
16619,2020-08-23 11:00:00,0.000274302,0.3523260408345201
16620,2020-08-23 12:00:00,0.000270058,0.6305097248583713
16621,2020-08-23 13:00:00,0.001551505,0.1874519730860481
16622,2020-08-23 14:00:00,0.002604581,0.6052640983719857
16623,2020-08-23 15:00:00,0.002479033,0.4118604415096756
16624,2020-08-23 16:00:00,0.004218396,0.5237565841416494
16625,2020-08-23 17:00:00,0.006546318,0.17298478247664706
16626,2020-08-23 18:00:00,0.007805928,0.24443926418327377
16627,2020-08-23 19:00:00,0.005544294,0.9784840394180774
16628,2020-08-23 20:00:00,0.004104105,0.34399487908370974
16629,2020-08-23 21:00:00,0.002005356,0.5277362351961506
16630,2020-08-23 22:00:00,0.000885415,0.36340700564071127
16631,2020-08-23 23:00:00,0.000563232,0.1507042547829337
16632,2020-08-24 00:00:00,0.000232528,0.8691295716687397
16633,2020-08-24 01:00:00,4.8439e-05,0.526591153723063
16634,2020-08-24 02:00:00,3.4105e-05,0.7558767661865535
16635,2020-08-24 03:00:00,2.2107e-05,0.43645183697043033
16636,2020-08-24 04:00:00,1.4393e-05,0.9539270111052336
16637,2020-08-24 05:00:00,9.836e-06,0.7086065111983028
16638,2020-08-24 06:00:00,6.336e-06,0.35406078449599465
16639,2020-08-24 07:00:00,3.1201e-05,0.004980735896445432
16640,2020-08-24 08:00:00,0.000154682,0.36281132604643007
16641,2020-08-24 09:00:00,0.000278222,0.020701259579438913
16642,2020-08-24 10:00:00,0.000279289,0.9794231828167113
16643,2020-08-24 11:00:00,0.000157428,0.08452928537270721
16644,2020-08-24 12:00:00,0.000240039,0.04129030181124871
16645,2020-08-24 13:00:00,0.000752162,0.8779273093819125
16646,2020-08-24 14:00:00,0.001201315,0.8332653892882724
16647,2020-08-24 15:00:00,0.001289728,0.8880104799181228
16648,2020-08-24 16:00:00,0.001915185,0.8981945259012666
16649,2020-08-24 17:00:00,0.002981036,0.6855897035222949
16650,2020-08-24 18:00:00,0.003167596,0.2836603295593326
16651,2020-08-24 19:00:00,0.002097048,0.5264037246477735
16652,2020-08-24 20:00:00,0.001529532,0.7218321000397883
16653,2020-08-24 21:00:00,0.000947443,0.18187346046511
16654,2020-08-24 22:00:00,0.000380465,0.20586016239837723
16655,2020-08-24 23:00:00,0.000163838,0.09116292713956076
16656,2020-08-25 00:00:00,0.000105346,0.6684965150955582
16657,2020-08-25 01:00:00,2.3723e-05,0.4310877885507902
16658,2020-08-25 02:00:00,1.9406e-05,0.004536847924559884
16659,2020-08-25 03:00:00,1.6451e-05,0.9931431589567948
16660,2020-08-25 04:00:00,1.072e-05,0.7200030699029877
16661,2020-08-25 05:00:00,5.794e-06,0.31094343443404493
16662,2020-08-25 06:00:00,3.35e-06,0.5590211238056283
16663,2020-08-25 07:00:00,2.813e-06,0.8262410627879379
16664,2020-08-25 08:00:00,2.461e-06,0.6266876525235824
16665,2020-08-25 09:00:00,2.293e-06,0.6865394078171329
16666,2020-08-25 10:00:00,1.647e-06,0.2356976266697014
16667,2020-08-25 11:00:00,0.000134255,0.26054543113405204
16668,2020-08-25 12:00:00,0.000330238,0.0849193354253075
16669,2020-08-25 13:00:00,0.000600643,0.37840084458902434
16670,2020-08-25 14:00:00,0.00071479,0.018123076291295726
16671,2020-08-25 15:00:00,0.000770715,0.3885558490604081
16672,2020-08-25 16:00:00,0.002154836,0.2525870216242502
16673,2020-08-25 17:00:00,0.003083294,0.5992906768554684
16674,2020-08-25 18:00:00,0.002978384,0.5161142651625321
16675,2020-08-25 19:00:00,0.002698011,0.49879235848941306
16676,2020-08-25 20:00:00,0.001527281,0.8132218128696937
16677,2020-08-25 21:00:00,0.000789799,0.9695420345879933
16678,2020-08-25 22:00:00,0.00038204,0.6129036042619753
16679,2020-08-25 23:00:00,0.000215013,0.14113565162264896
16680,2020-08-26 00:00:00,6.8008e-05,0.7983732867603589
16681,2020-08-26 01:00:00,1.6718e-05,0.6956881402209654
16682,2020-08-26 02:00:00,8.955e-06,0.26160567343445573
16683,2020-08-26 03:00:00,5.639e-06,0.45565772775183355
16684,2020-08-26 04:00:00,3.447e-06,0.7050942368758794
16685,2020-08-26 05:00:00,2.229e-06,0.5943113839639893
16686,2020-08-26 06:00:00,1.452e-06,0.8402647787355089
16687,2020-08-26 07:00:00,0.0,0.7074145405611776
16688,2020-08-26 08:00:00,0.0,0.2548878833057403
16689,2020-08-26 09:00:00,0.0,0.060580087595463405
16690,2020-08-26 10:00:00,0.0,0.461509613354372
16691,2020-08-26 11:00:00,0.0,0.3189085370097833
16692,2020-08-26 12:00:00,0.0,0.885081775041779
16693,2020-08-26 13:00:00,0.0,0.8646573176940897
16694,2020-08-26 14:00:00,0.0,0.9516979881585443
16695,2020-08-26 15:00:00,0.0,0.35217128404094944
16696,2020-08-26 16:00:00,0.0,0.08233948587053808
16697,2020-08-26 17:00:00,0.0,0.855735545288913
16698,2020-08-26 18:00:00,0.0,0.08451823523841973
16699,2020-08-26 19:00:00,0.0,0.874960945838417
16700,2020-08-26 20:00:00,0.0,0.5864313310635373
16701,2020-08-26 21:00:00,0.0,0.18792293795908543
16702,2020-08-26 22:00:00,0.0,0.5756664234086084
16703,2020-08-26 23:00:00,0.0,0.5510299233572896
16704,2020-08-27 00:00:00,0.0,0.10078336970782054
16705,2020-08-27 01:00:00,0.0,0.8891117104112395
16706,2020-08-27 02:00:00,0.0,0.5438343004958501
16707,2020-08-27 03:00:00,0.0,0.056242273482096206
16708,2020-08-27 04:00:00,0.0,0.1429542551165911
16709,2020-08-27 05:00:00,0.0,0.8673398172051097
16710,2020-08-27 06:00:00,0.0,0.2424560672115108
16711,2020-08-27 07:00:00,0.0,0.2743385402664307
16712,2020-08-27 08:00:00,0.0,0.37532730367847167
16713,2020-08-27 09:00:00,0.0,0.6985032385853782
16714,2020-08-27 10:00:00,0.0,0.21809678124926735
16715,2020-08-27 11:00:00,0.0,0.9139990371947962
16716,2020-08-27 12:00:00,0.0,0.3185271085634709
16717,2020-08-27 13:00:00,0.0,0.7767685732515376
16718,2020-08-27 14:00:00,0.0,0.4624150578810885
16719,2020-08-27 15:00:00,0.0,0.6966632545004191
16720,2020-08-27 16:00:00,0.0,0.9022201634567016
16721,2020-08-27 17:00:00,0.0,0.19803043562909006
16722,2020-08-27 18:00:00,0.0,0.3860534077294313
16723,2020-08-27 19:00:00,0.0,0.023779124389143758
16724,2020-08-27 20:00:00,0.0,0.39956761642296246
16725,2020-08-27 21:00:00,0.0,0.11609237153413077
16726,2020-08-27 22:00:00,0.0,0.5594276464900276
16727,2020-08-27 23:00:00,0.0,0.20046518170426786
16728,2020-08-28 00:00:00,0.0,0.6525930630399226
16729,2020-08-28 01:00:00,0.0,0.8132819966244972
16730,2020-08-28 02:00:00,0.0,0.851926351187462
16731,2020-08-28 03:00:00,0.0,0.25550770038036497
16732,2020-08-28 04:00:00,0.0,0.19427824416277029
16733,2020-08-28 05:00:00,0.0,0.12668386464604986
16734,2020-08-28 06:00:00,0.0,0.7344797412336392
16735,2020-08-28 07:00:00,0.0,0.6830453786007284
16736,2020-08-28 08:00:00,0.0,0.23245524995712064
16737,2020-08-28 09:00:00,0.0,0.17277128891275906
16738,2020-08-28 10:00:00,0.0,0.44779873917222357
16739,2020-08-28 11:00:00,0.0,0.7154064684208895
16740,2020-08-28 12:00:00,0.0,0.7668302509404789
16741,2020-08-28 13:00:00,0.0,0.17152580017525676
16742,2020-08-28 14:00:00,0.002168357,0.03412708131009912
16743,2020-08-28 15:00:00,0.001548817,0.18470232519945573
16744,2020-08-28 16:00:00,0.002419981,0.8965938663010687
16745,2020-08-28 17:00:00,0.002218554,0.7501130831015634
16746,2020-08-28 18:00:00,0.001456578,0.3222835061050746
16747,2020-08-28 19:00:00,0.001270301,0.6366145114698287
16748,2020-08-28 20:00:00,0.000755003,0.6398739545771999
16749,2020-08-28 21:00:00,0.000473478,0.08336939904786156
16750,2020-08-28 22:00:00,0.00020787,0.5094655857256005
16751,2020-08-28 23:00:00,0.000112456,0.3602265176950389
16752,2020-08-29 00:00:00,4.653e-05,0.7064072234835177
16753,2020-08-29 01:00:00,1.4466e-05,0.5000716840202946
16754,2020-08-29 02:00:00,9.815e-06,0.35649109149912606
16755,2020-08-29 03:00:00,6.201e-06,0.16137849027018858
16756,2020-08-29 04:00:00,5.406e-06,0.5937978931187594
16757,2020-08-29 05:00:00,4.018e-06,0.8475560293455111
16758,2020-08-29 06:00:00,3.107e-06,0.3849117793548903
16759,2020-08-29 07:00:00,2.459e-06,0.3060091783555223
16760,2020-08-29 08:00:00,1.875e-06,0.06290918863494355
16761,2020-08-29 09:00:00,1.574e-06,0.3873921689113341
16762,2020-08-29 10:00:00,0.0,0.8976224334176561
16763,2020-08-29 11:00:00,0.0,0.6347408134039974
16764,2020-08-29 12:00:00,0.0,0.0020739667349316537
16765,2020-08-29 13:00:00,0.0,0.013366263589000171
16766,2020-08-29 14:00:00,0.0,0.188570693131346
16767,2020-08-29 15:00:00,0.0,0.3761891600295799
16768,2020-08-29 16:00:00,0.0,0.5631084677443301
16769,2020-08-29 17:00:00,0.0,0.9891212212515661
16770,2020-08-29 18:00:00,0.0,0.38562232077661995
16771,2020-08-29 19:00:00,0.0,0.03159891587520758
16772,2020-08-29 20:00:00,0.0,0.024628415375077428
16773,2020-08-29 21:00:00,0.0,0.9931143628870085
16774,2020-08-29 22:00:00,0.0,0.2967398521218716
16775,2020-08-29 23:00:00,0.0,0.753104494808812
16776,2020-08-30 00:00:00,0.0,0.5230308206477982
16777,2020-08-30 01:00:00,0.0,0.4996458637263741
16778,2020-08-30 02:00:00,0.0,0.7214291553697821
16779,2020-08-30 03:00:00,0.0,0.8813743150347915
16780,2020-08-30 04:00:00,0.0,0.9633380670892251
16781,2020-08-30 05:00:00,0.0,0.6945757947201069
16782,2020-08-30 06:00:00,0.0,0.4926505497342497
16783,2020-08-30 07:00:00,0.0,0.391783630329678
16784,2020-08-30 08:00:00,0.0,0.6268101618022054
16785,2020-08-30 09:00:00,0.0,0.5442460754520829
16786,2020-08-30 10:00:00,0.0,0.8465685111004987
16787,2020-08-30 11:00:00,0.0,0.5713730220835206
16788,2020-08-30 12:00:00,0.0,0.671059219389804
16789,2020-08-30 13:00:00,0.0,0.35573112631263704
16790,2020-08-30 14:00:00,0.0,0.45569769800631743
16791,2020-08-30 15:00:00,0.0,0.560899203499624
16792,2020-08-30 16:00:00,0.0,0.8291023840920487
16793,2020-08-30 17:00:00,0.0,0.14829789158652118
16794,2020-08-30 18:00:00,0.0,0.3178849733716538
16795,2020-08-30 19:00:00,0.0,0.4962329990847658
16796,2020-08-30 20:00:00,0.0,0.4222848186201146
16797,2020-08-30 21:00:00,0.0,0.4074432756075772
16798,2020-08-30 22:00:00,0.0,0.7827600428472753
16799,2020-08-30 23:00:00,0.0,0.2681515883052633
16800,2020-08-31 00:00:00,0.0,0.32090921959136753
16801,2020-08-31 01:00:00,0.0,0.9493991504671752
16802,2020-08-31 02:00:00,0.0,0.9465213949822878
16803,2020-08-31 03:00:00,0.0,0.9957329542130912
16804,2020-08-31 04:00:00,0.0,0.9410422703653711
16805,2020-08-31 05:00:00,0.0,0.6490347072725848
16806,2020-08-31 06:00:00,0.0,0.6807586700007027
16807,2020-08-31 07:00:00,0.0,0.236159821257247
16808,2020-08-31 08:00:00,0.0,0.5544668519965331
16809,2020-08-31 09:00:00,0.0,0.6904032699501617
16810,2020-08-31 10:00:00,0.002035661,0.6065378261070342
16811,2020-08-31 11:00:00,0.001818063,0.9575064731328762
16812,2020-08-31 12:00:00,0.002290356,0.9168636256018374
16813,2020-08-31 13:00:00,0.002230925,0.20132887956825996
16814,2020-08-31 14:00:00,0.001784563,0.727137870428206
16815,2020-08-31 15:00:00,0.000899725,0.6284662984869653
16816,2020-08-31 16:00:00,0.002996927,0.6398651712327674
16817,2020-08-31 17:00:00,0.006351401,0.9791906507839638
16818,2020-08-31 18:00:00,0.005484005,0.7863873171162683
16819,2020-08-31 19:00:00,0.004473208,0.28324898189170966
16820,2020-08-31 20:00:00,0.003045831,0.41741820740874225
16821,2020-08-31 21:00:00,0.001602977,0.08931589523392036
16822,2020-08-31 22:00:00,0.000833287,0.7077158696761142
16823,2020-08-31 23:00:00,0.000357428,0.30184589684074736
16824,2020-09-01 00:00:00,0.000168401,0.7439311907084291
16825,2020-09-01 01:00:00,4.8954e-05,0.9102572726809484
16826,2020-09-01 02:00:00,2.7966e-05,0.6722168650091044
16827,2020-09-01 03:00:00,1.8093e-05,0.9474306123760977
16828,2020-09-01 04:00:00,9.605e-06,0.06260438129476142
16829,2020-09-01 05:00:00,6.474e-06,0.09689093174478247
16830,2020-09-01 06:00:00,4.3e-06,0.5978883199643856
16831,2020-09-01 07:00:00,3.428e-06,0.6589700707402719
16832,2020-09-01 08:00:00,3.584e-06,0.3693836733798608
16833,2020-09-01 09:00:00,3.653e-06,0.3628170522194869
16834,2020-09-01 10:00:00,4.943e-06,0.19409687907009665
16835,2020-09-01 11:00:00,3.722e-06,0.3501321984057766
16836,2020-09-01 12:00:00,2.797e-06,0.510445644293124
16837,2020-09-01 13:00:00,0.0,0.6416724523216738
16838,2020-09-01 14:00:00,0.000828413,0.594987599883402
16839,2020-09-01 15:00:00,0.00069427,0.6536915328975251
16840,2020-09-01 16:00:00,0.000480977,0.8644166321645113
16841,2020-09-01 17:00:00,0.000563719,0.9415007337082346
16842,2020-09-01 18:00:00,0.000646808,0.13308927761835687
16843,2020-09-01 19:00:00,0.000503395,0.3053852886686558
16844,2020-09-01 20:00:00,0.000436008,0.2581255142583828
16845,2020-09-01 21:00:00,0.000230185,0.5739004168440776
16846,2020-09-01 22:00:00,0.000130177,0.35328146319419373
16847,2020-09-01 23:00:00,6.4661e-05,0.8200433136395826
16848,2020-09-02 00:00:00,3.098e-05,0.4195494492958387
16849,2020-09-02 01:00:00,8.346e-06,0.9633329266834239
16850,2020-09-02 02:00:00,6.027e-06,0.18386044679256475
16851,2020-09-02 03:00:00,4.526e-06,0.3845513814595929
16852,2020-09-02 04:00:00,2.888e-06,0.2967644216068732
16853,2020-09-02 05:00:00,1.809e-06,0.14351642645473361
16854,2020-09-02 06:00:00,0.000129392,0.7432792117100055
16855,2020-09-02 07:00:00,0.000413789,0.8366879689983395
16856,2020-09-02 08:00:00,0.000767037,0.990409834574788
16857,2020-09-02 09:00:00,0.001194559,0.5555596790229547
16858,2020-09-02 10:00:00,0.001432557,0.42271624298071186
16859,2020-09-02 11:00:00,0.001526551,0.8277784710672846
16860,2020-09-02 12:00:00,0.001710943,0.9618060877457477
16861,2020-09-02 13:00:00,0.002645008,0.7122638563888303
16862,2020-09-02 14:00:00,0.005794301,0.2912346832941428
16863,2020-09-02 15:00:00,0.001588312,0.13663098473216528
16864,2020-09-02 16:00:00,0.002795381,0.3847705466726683
16865,2020-09-02 17:00:00,0.011153114,0.6937074469187308
16866,2020-09-02 18:00:00,0.012488492,0.27323853966010125
16867,2020-09-02 19:00:00,0.01244813,0.7363981714192176
16868,2020-09-02 20:00:00,0.007596297,0.7783901234214686
16869,2020-09-02 21:00:00,0.005346899,0.8728375818819671
16870,2020-09-02 22:00:00,0.002921661,0.22421601264243807
16871,2020-09-02 23:00:00,0.001129071,0.3290475658933527
16872,2020-09-03 00:00:00,0.000460946,0.16826467386767086
16873,2020-09-03 01:00:00,0.000132413,0.5323050804930817
16874,2020-09-03 02:00:00,8.2737e-05,0.8523488466625335
16875,2020-09-03 03:00:00,4.5981e-05,0.31911691220252747
16876,2020-09-03 04:00:00,2.6184e-05,0.9495891374134711
16877,2020-09-03 05:00:00,2.1042e-05,0.6728303222694029
16878,2020-09-03 06:00:00,1.877e-05,0.9313017929742555
16879,2020-09-03 07:00:00,1.5046e-05,0.650869747399783
16880,2020-09-03 08:00:00,1.1084e-05,0.8407974849728505
16881,2020-09-03 09:00:00,0.000145374,0.19931458111713019
16882,2020-09-03 10:00:00,0.000303507,0.9865541825945796
16883,2020-09-03 11:00:00,0.000368297,0.12242744667652539
16884,2020-09-03 12:00:00,0.000766578,0.013515572539659182
16885,2020-09-03 13:00:00,0.000988427,0.9980962886545216
16886,2020-09-03 14:00:00,0.000918444,0.6780414545837847
16887,2020-09-03 15:00:00,0.000846064,0.10560888231323362
16888,2020-09-03 16:00:00,0.00131439,0.01792365109705263
16889,2020-09-03 17:00:00,0.003532858,0.0776431955235144
16890,2020-09-03 18:00:00,0.004569745,0.577589291017931
16891,2020-09-03 19:00:00,0.004464434,0.5762564634649581
16892,2020-09-03 20:00:00,0.002743126,0.6642468501663741
16893,2020-09-03 21:00:00,0.001562713,0.9410989794395088
16894,2020-09-03 22:00:00,0.000827943,0.8898159194438371
16895,2020-09-03 23:00:00,0.000335304,0.9240825684244492
16896,2020-09-04 00:00:00,0.000144295,0.9561314125774588
16897,2020-09-04 01:00:00,3.7929e-05,0.009688483204103648
16898,2020-09-04 02:00:00,2.4606e-05,0.20313731769396126
16899,2020-09-04 03:00:00,1.4813e-05,0.5064021931036279
16900,2020-09-04 04:00:00,8.071e-06,0.3832595362100102
16901,2020-09-04 05:00:00,4.49e-06,0.9701078882597526
16902,2020-09-04 06:00:00,7.5292e-05,0.23033304746053818
16903,2020-09-04 07:00:00,0.000111322,0.07693318805678795
16904,2020-09-04 08:00:00,1.9826e-05,0.1669181965852362
16905,2020-09-04 09:00:00,0.000571684,0.8004449503216723
16906,2020-09-04 10:00:00,0.001897188,0.9860572323214479
16907,2020-09-04 11:00:00,0.00130679,0.9585523144094744
16908,2020-09-04 12:00:00,0.000902152,0.892705854899818
16909,2020-09-04 13:00:00,0.000329648,0.08745743126146577
16910,2020-09-04 14:00:00,0.00041562,0.5610411504005165
16911,2020-09-04 15:00:00,0.000494149,0.6219653928168513
16912,2020-09-04 16:00:00,0.001612097,0.48524958769733784
16913,2020-09-04 17:00:00,0.003623121,0.29062996551472575
16914,2020-09-04 18:00:00,0.00442945,0.3520857825671302
16915,2020-09-04 19:00:00,0.003412594,0.8976440210188239
16916,2020-09-04 20:00:00,0.002089039,0.1959496233494452
16917,2020-09-04 21:00:00,0.001231194,0.38212855352829
16918,2020-09-04 22:00:00,0.000560558,0.3947921346039892
16919,2020-09-04 23:00:00,0.000278086,0.970542502232786
16920,2020-09-05 00:00:00,0.000105353,0.007118590995709773
16921,2020-09-05 01:00:00,2.6503e-05,0.02616174746976574
16922,2020-09-05 02:00:00,1.445e-05,0.6377601579927767
16923,2020-09-05 03:00:00,7.984e-06,0.2837499600273563
16924,2020-09-05 04:00:00,5.094e-06,0.010050788999702465
16925,2020-09-05 05:00:00,3.501e-06,0.7825638446797644
16926,2020-09-05 06:00:00,1.8034e-05,0.47623429432762554
16927,2020-09-05 07:00:00,7.6764e-05,0.24479777012735815
16928,2020-09-05 08:00:00,8.1022e-05,0.6443080710299784
16929,2020-09-05 09:00:00,0.000259987,0.05130354842298013
16930,2020-09-05 10:00:00,0.000369824,0.5626870675189477
16931,2020-09-05 11:00:00,0.000272349,0.9066978286734384
16932,2020-09-05 12:00:00,0.000128902,0.06319553849560267
16933,2020-09-05 13:00:00,0.000229094,0.6417799276115659
16934,2020-09-05 14:00:00,0.000317419,0.4239490424805378
16935,2020-09-05 15:00:00,0.000240762,0.8586916829337443
16936,2020-09-05 16:00:00,0.000598215,0.6061341203854392
16937,2020-09-05 17:00:00,0.001143946,0.008287389767477116
16938,2020-09-05 18:00:00,0.001391866,0.6310009005172317
16939,2020-09-05 19:00:00,0.000994378,0.9267218003520109
16940,2020-09-05 20:00:00,0.00059582,0.36796218092780975
16941,2020-09-05 21:00:00,0.000357463,0.0070370929160166185
16942,2020-09-05 22:00:00,0.000155412,0.6678034626437063
16943,2020-09-05 23:00:00,6.1626e-05,0.6172399344643597
16944,2020-09-06 00:00:00,2.2084e-05,0.08668386730210498
16945,2020-09-06 01:00:00,5.915e-06,0.8590467520451919
16946,2020-09-06 02:00:00,3.619e-06,0.44145751248668297
16947,2020-09-06 03:00:00,2.384e-06,0.6785588146059257
16948,2020-09-06 04:00:00,1.505e-06,0.23526264511083494
16949,2020-09-06 05:00:00,0.0,0.20647281205702472
16950,2020-09-06 06:00:00,0.0,0.6501435393689258
16951,2020-09-06 07:00:00,2.9454e-05,0.17869447692836482
16952,2020-09-06 08:00:00,8.4155e-05,0.6969328661575642
16953,2020-09-06 09:00:00,0.000110463,0.9580656638689571
16954,2020-09-06 10:00:00,0.000125255,0.023209677193955613
16955,2020-09-06 11:00:00,0.000191267,0.7979338558137938
16956,2020-09-06 12:00:00,0.000249313,0.7521812125568547
16957,2020-09-06 13:00:00,0.000204091,0.06762867728932531
16958,2020-09-06 14:00:00,0.00015163,0.05674569410267771
16959,2020-09-06 15:00:00,0.000177734,0.694803442192398
16960,2020-09-06 16:00:00,0.0003296,0.5996791816248396
16961,2020-09-06 17:00:00,0.000959433,0.6853743512095363
16962,2020-09-06 18:00:00,0.001057454,0.326701293750316
16963,2020-09-06 19:00:00,0.000813668,0.26462027362393126
16964,2020-09-06 20:00:00,0.000515699,0.9464040723865026
16965,2020-09-06 21:00:00,0.000295996,0.6725983662450784
16966,2020-09-06 22:00:00,0.000152141,0.8476342156562959
16967,2020-09-06 23:00:00,6.4343e-05,0.5357835760962877
16968,2020-09-07 00:00:00,2.516e-05,0.2605335653170565
16969,2020-09-07 01:00:00,6.657e-06,0.7297348840193435
16970,2020-09-07 02:00:00,4.503e-06,0.8375327517999854
16971,2020-09-07 03:00:00,2.687e-06,0.9969712107711576
16972,2020-09-07 04:00:00,1.472e-06,0.2598783266409346
16973,2020-09-07 05:00:00,0.0,0.4209641346925831
16974,2020-09-07 06:00:00,0.0,0.9273175069652653
16975,2020-09-07 07:00:00,0.0,0.11232184063603023
16976,2020-09-07 08:00:00,0.0,0.6874052411079303
16977,2020-09-07 09:00:00,8.994e-06,0.2504411471588698
16978,2020-09-07 10:00:00,2.2721e-05,0.5695559654809067
16979,2020-09-07 11:00:00,5.7306e-05,0.30075945379210334
16980,2020-09-07 12:00:00,8.8315e-05,0.33598646216579386
16981,2020-09-07 13:00:00,7.7914e-05,0.6221274971499238
16982,2020-09-07 14:00:00,5.9133e-05,0.2520367098318478
16983,2020-09-07 15:00:00,8.9932e-05,0.2669522298037169
16984,2020-09-07 16:00:00,0.000216455,0.08756964790548782
16985,2020-09-07 17:00:00,0.000439141,0.48589794270503406
16986,2020-09-07 18:00:00,0.000479199,0.7220312526340632
16987,2020-09-07 19:00:00,0.000413184,0.35690519154549016
16988,2020-09-07 20:00:00,0.000268262,0.7391651736425456
16989,2020-09-07 21:00:00,0.000171436,0.9249027868033257
16990,2020-09-07 22:00:00,8.6426e-05,0.33794163488711637
16991,2020-09-07 23:00:00,3.4478e-05,0.07650622454901279
16992,2020-09-08 00:00:00,1.2241e-05,0.38080667044709005
16993,2020-09-08 01:00:00,2.692e-06,0.5735230868871127
16994,2020-09-08 02:00:00,1.32e-06,0.5478705563189197
16995,2020-09-08 03:00:00,0.0,0.3909498115842539
16996,2020-09-08 04:00:00,7.5e-06,0.458538524658467
16997,2020-09-08 05:00:00,1.6667e-05,0.3338897706157794
16998,2020-09-08 06:00:00,4.4592e-05,0.7850266949067336
16999,2020-09-08 07:00:00,8.0842e-05,0.14944046472252315
17000,2020-09-08 08:00:00,8.0077e-05,0.4399832174956627
17001,2020-09-08 09:00:00,5.6272e-05,0.7993466751559521
17002,2020-09-08 10:00:00,3.9363e-05,0.30270180864578955
17003,2020-09-08 11:00:00,3.5637e-05,0.016201013316561097
17004,2020-09-08 12:00:00,2.9894e-05,0.36016985907963883
17005,2020-09-08 13:00:00,0.057920549,0.16440677610202903
17006,2020-09-08 14:00:00,0.00973581,0.3757402569038424
17007,2020-09-08 15:00:00,0.007918932,0.5110953868369315
17008,2020-09-08 16:00:00,0.006321119,0.6747869907771012
17009,2020-09-08 17:00:00,0.005516766,0.7476212091449032
17010,2020-09-08 18:00:00,0.004428344,0.31331105937000714
17011,2020-09-08 19:00:00,0.002821771,0.6703285875475075
17012,2020-09-08 20:00:00,0.00134377,0.9417001911123115
17013,2020-09-08 21:00:00,0.000676871,0.48629702084240767
17014,2020-09-08 22:00:00,0.000366045,0.8050911560676123
17015,2020-09-08 23:00:00,0.691464663,0.5789170040572429
17016,2020-09-09 00:00:00,0.72920686,0.8213445544880502
17017,2020-09-09 01:00:00,0.127766654,0.08115534105615785
17018,2020-09-09 02:00:00,0.163416147,0.207450659472023
17019,2020-09-09 03:00:00,0.134193227,0.38699488561044215
17020,2020-09-09 04:00:00,0.103216551,0.6903579185418903
17021,2020-09-09 05:00:00,0.108901121,0.4753019712407609
17022,2020-09-09 06:00:00,0.093233019,0.05111473332788985
17023,2020-09-09 07:00:00,0.180874914,0.842138780089302
17024,2020-09-09 08:00:00,0.338139266,0.45260108064507243
17025,2020-09-09 09:00:00,0.507856667,0.2052826164316972
17026,2020-09-09 10:00:00,0.691477716,0.48966943339111424
17027,2020-09-09 11:00:00,0.861000717,0.23697546604776543
17028,2020-09-09 12:00:00,1.203994155,0.07257384991279547
17029,2020-09-09 13:00:00,1.810225129,0.8807688629541853
17030,2020-09-09 14:00:00,2.44091773,0.8262178006657711
17031,2020-09-09 15:00:00,3.112063169,0.9020937975970607
17032,2020-09-09 16:00:00,3.638993979,0.16833646133499658
17033,2020-09-09 17:00:00,4.227668762,0.21739566336360738
17034,2020-09-09 18:00:00,4.857971668,0.5998874261835354
17035,2020-09-09 19:00:00,5.394792557,0.12008563395686433
17036,2020-09-09 20:00:00,6.08672142,0.06582499856625046
17037,2020-09-09 21:00:00,6.574110985,0.8708365742573546
17038,2020-09-09 22:00:00,6.903731823,0.11111166807719164
17039,2020-09-09 23:00:00,6.038163662,0.07797147828067674
17040,2020-09-10 00:00:00,6.384784698,0.06377215593974994
17041,2020-09-10 01:00:00,6.548279762,0.1306053098741634
17042,2020-09-10 02:00:00,6.77794075,0.758837578122209
17043,2020-09-10 03:00:00,6.990861893,0.2310158185899185
17044,2020-09-10 04:00:00,7.224892616,0.25480574806144074
17045,2020-09-10 05:00:00,7.520526886,0.2474748838676697
17046,2020-09-10 06:00:00,7.811411858,0.026411495353106718
17047,2020-09-10 07:00:00,9.128475189,0.26926779485182584
17048,2020-09-10 08:00:00,9.995663643,0.9139481728247205
17049,2020-09-10 09:00:00,11.212820053,0.9773526892737388
17050,2020-09-10 10:00:00,12.352470398,0.17788707231764145
17051,2020-09-10 11:00:00,13.469402313,0.9089247899961874
17052,2020-09-10 12:00:00,14.668540001,0.2119792912486963
17053,2020-09-10 13:00:00,15.291770935,0.8052587616657519
17054,2020-09-10 14:00:00,16.033336639,0.1478019183857766
17055,2020-09-10 15:00:00,16.984672546,0.33243790691177577
17056,2020-09-10 16:00:00,17.732738495,0.6509747520618088
17057,2020-09-10 17:00:00,18.424266815,0.6426275211892065
17058,2020-09-10 18:00:00,19.156223297,0.5344077615342825
17059,2020-09-10 19:00:00,19.854404449,0.7405548282934311
17060,2020-09-10 20:00:00,20.559022903,0.4239405141535981
17061,2020-09-10 21:00:00,20.994380951,0.8950159485507605
17062,2020-09-10 22:00:00,20.822792053,0.3303854993101907
17063,2020-09-10 23:00:00,20.279518127,0.5410341607557871
17064,2020-09-11 00:00:00,20.025360107,0.4707387351212964
17065,2020-09-11 01:00:00,19.50189209,0.4503200252648287
17066,2020-09-11 02:00:00,19.060436249,0.008352492174677928
17067,2020-09-11 03:00:00,18.700870514,0.035686932673586136
17068,2020-09-11 04:00:00,18.427268982,0.6851512097145873
17069,2020-09-11 05:00:00,18.235771179,0.5960122261347957
17070,2020-09-11 06:00:00,18.08972168,0.4244135028848295
17071,2020-09-11 07:00:00,17.966653824,0.26406619847555013
17072,2020-09-11 08:00:00,17.883213043,0.08624409447569192
17073,2020-09-11 09:00:00,17.806245804,0.7202453517756784
17074,2020-09-11 10:00:00,17.732488632,0.032142650882509116
17075,2020-09-11 11:00:00,17.686264038,0.8506817713716781
17076,2020-09-11 12:00:00,17.666236877,0.6468505338632258
17077,2020-09-11 13:00:00,17.646564484,0.429574935376534
17078,2020-09-11 14:00:00,17.627723694,0.6343839805632188
17079,2020-09-11 15:00:00,17.610454559,0.5825502683167845
17080,2020-09-11 16:00:00,17.5532341,0.24273601804450906
17081,2020-09-11 17:00:00,17.471008301,0.9949816388467886
17082,2020-09-11 18:00:00,17.267498016,0.07045842839729322
17083,2020-09-11 19:00:00,16.949174881,0.942779233355948
17084,2020-09-11 20:00:00,16.318874359,0.8819010124179535
17085,2020-09-11 21:00:00,12.693163872,0.8020774549987635
17086,2020-09-11 22:00:00,9.098908424,0.7734756613442643
17087,2020-09-11 23:00:00,6.489387989,0.18970897554392185
17088,2020-09-12 00:00:00,6.509692192,0.28153519663009086
17089,2020-09-12 01:00:00,6.507890701,0.16565762724200095
17090,2020-09-12 02:00:00,6.498148918,0.7378756602755242
17091,2020-09-12 03:00:00,6.460264683,0.7883304945794749
17092,2020-09-12 04:00:00,6.417973042,0.1716762293990055
17093,2020-09-12 05:00:00,6.380645752,0.8217749099955384
17094,2020-09-12 06:00:00,6.329718113,0.9441795522851738
17095,2020-09-12 07:00:00,6.283743858,0.5323067189039434
17096,2020-09-12 08:00:00,6.245889664,0.07934198754135968
17097,2020-09-12 09:00:00,6.207826138,0.20135805849652721
17098,2020-09-12 10:00:00,6.178103924,0.9028709748954611
17099,2020-09-12 11:00:00,6.151390076,0.7335502057795626
17100,2020-09-12 12:00:00,6.12460804,0.27086362542741116
17101,2020-09-12 13:00:00,6.097569466,0.49745913070127623
17102,2020-09-12 14:00:00,6.073088646,0.7214541342511969
17103,2020-09-12 15:00:00,6.035701275,0.18781085663855845
17104,2020-09-12 16:00:00,5.979146957,0.663823258791416
17105,2020-09-12 17:00:00,5.834490299,0.5260840666407004
17106,2020-09-12 18:00:00,4.654502392,0.4504209264609106
17107,2020-09-12 19:00:00,2.458431482,0.28713815299484824
17108,2020-09-12 20:00:00,2.286295176,0.6198297592736579
17109,2020-09-12 21:00:00,0.000852624,0.9295267824994361
17110,2020-09-12 22:00:00,0.00051503,0.7273098283630165
17111,2020-09-12 23:00:00,0.00025213,0.5995253074385825
17112,2020-09-13 00:00:00,0.000120374,0.6200454481130918
17113,2020-09-13 01:00:00,2.9524e-05,0.7494400251626142
17114,2020-09-13 02:00:00,2.5577e-05,0.15458647032456974
17115,2020-09-13 03:00:00,8.721e-06,0.6623977184952585
17116,2020-09-13 04:00:00,1.4702e-05,0.18984490107687668
17117,2020-09-13 05:00:00,0.005952021,0.4874009006798842
17118,2020-09-13 06:00:00,0.0107357,0.13964807117744693
17119,2020-09-13 07:00:00,0.014689378,0.3912986100300423
17120,2020-09-13 08:00:00,0.016448332,0.34839153586436766
17121,2020-09-13 09:00:00,0.01716068,0.4717418432389656
17122,2020-09-13 10:00:00,0.017558953,0.8641245200003693
17123,2020-09-13 11:00:00,0.017349532,0.5375430632329132
17124,2020-09-13 12:00:00,0.015863353,0.4053826275021175
17125,2020-09-13 13:00:00,0.013449307,0.5488555814914874
17126,2020-09-13 14:00:00,0.012852979,0.7605795051478438
17127,2020-09-13 15:00:00,0.008087667,0.276716993469751
17128,2020-09-13 16:00:00,4.4304e-05,0.4816583533834934
17129,2020-09-13 17:00:00,0.000485541,0.6785458022621205
17130,2020-09-13 18:00:00,0.000597557,0.690950813783346
17131,2020-09-13 19:00:00,0.000577289,0.0011592008950310762
17132,2020-09-13 20:00:00,0.000438095,0.530648943656144
17133,2020-09-13 21:00:00,0.000276972,0.640228164297858
17134,2020-09-13 22:00:00,0.000168391,0.5054503321744401
17135,2020-09-13 23:00:00,8.0078e-05,0.7307787677513604
17136,2020-09-14 00:00:00,3.7207e-05,0.6374821494929591
17137,2020-09-14 01:00:00,6.431e-06,0.28047626376036716
17138,2020-09-14 02:00:00,1.4195e-05,0.11823016423468191
17139,2020-09-14 03:00:00,1.37e-05,0.2511716729173743
17140,2020-09-14 04:00:00,8.771e-06,0.8190268394087457
17141,2020-09-14 05:00:00,5.374e-06,0.5492969358042323
17142,2020-09-14 06:00:00,1.2481e-05,0.2496407630862334
17143,2020-09-14 07:00:00,2.5311e-05,0.1264077939316436
17144,2020-09-14 08:00:00,0.01232816,0.38079989332366637
17145,2020-09-14 09:00:00,0.023638312,0.2658155710030684
17146,2020-09-14 10:00:00,0.029516445,0.8735115281828492
17147,2020-09-14 11:00:00,0.032588642,0.5031034005124072
17148,2020-09-14 12:00:00,0.034262374,0.879271934381982
17149,2020-09-14 13:00:00,0.033448186,0.9526214623534537
17150,2020-09-14 14:00:00,0.034350902,0.1358427852895321
17151,2020-09-14 15:00:00,0.028480491,0.4980150121746476
17152,2020-09-14 16:00:00,4.8857e-05,0.6595337614904271
17153,2020-09-14 17:00:00,0.000222695,0.976074093305231
17154,2020-09-14 18:00:00,0.000340919,0.629124230553456
17155,2020-09-14 19:00:00,0.000402758,0.40054759197393486
17156,2020-09-14 20:00:00,0.000283474,0.4573582906501725
17157,2020-09-14 21:00:00,0.00017868,0.3057247025312836
17158,2020-09-14 22:00:00,9.6731e-05,0.3534779282745045
17159,2020-09-14 23:00:00,4.3923e-05,0.9016257974615766
17160,2020-09-15 00:00:00,2.5366e-05,0.12147839897288282
17161,2020-09-15 01:00:00,6.86e-06,0.905288438028989
17162,2020-09-15 02:00:00,6.731e-06,0.7736236203774532
17163,2020-09-15 03:00:00,2.103e-06,0.5604202918497508
17164,2020-09-15 04:00:00,0.0,0.2906399330935785
17165,2020-09-15 05:00:00,1.96e-06,0.30385350609397876
17166,2020-09-15 06:00:00,1.375e-06,0.6900021113079224
17167,2020-09-15 07:00:00,2.125e-06,0.0317217273732362
17168,2020-09-15 08:00:00,4.638e-06,0.04408401477436674
17169,2020-09-15 09:00:00,0.006199761,0.6090186904985008
17170,2020-09-15 10:00:00,0.011450294,0.23044745889645368
17171,2020-09-15 11:00:00,0.009750059,0.9045338155051212
17172,2020-09-15 12:00:00,0.005409746,0.7917296904731551
17173,2020-09-15 13:00:00,4.4406e-05,0.5001096588787316
17174,2020-09-15 14:00:00,5.9335e-05,0.5139355439740206
17175,2020-09-15 15:00:00,7.6874e-05,0.3592167474514626
17176,2020-09-15 16:00:00,6.8198e-05,0.41006521100132787
17177,2020-09-15 17:00:00,0.000101487,0.11155770700097734
17178,2020-09-15 18:00:00,0.00011875,0.7210418719905145
17179,2020-09-15 19:00:00,0.000112266,0.21615207302557182
17180,2020-09-15 20:00:00,5.3077e-05,0.3329536097381419
17181,2020-09-15 21:00:00,5.1034e-05,0.0577371374602178
17182,2020-09-15 22:00:00,2.0973e-05,0.6265219651137166
17183,2020-09-15 23:00:00,1.4186e-05,0.8941879559764716
17184,2020-09-16 00:00:00,5.7e-06,0.4090736770638025
17185,2020-09-16 01:00:00,0.0,0.993688847454335
17186,2020-09-16 02:00:00,1.926e-06,0.20862287490656906
17187,2020-09-16 03:00:00,2.459e-06,0.7348117552195854
17188,2020-09-16 04:00:00,1.922e-06,0.06648730362486333
17189,2020-09-16 05:00:00,1.376e-06,0.254632621869043
17190,2020-09-16 06:00:00,1.254e-06,0.7346930769951426
17191,2020-09-16 07:00:00,1.237e-06,0.1858567604355823
17192,2020-09-16 08:00:00,0.0,0.04134034544067944
17193,2020-09-16 09:00:00,0.0,0.8823693641511482
17194,2020-09-16 10:00:00,0.0,0.20944738417430808
17195,2020-09-16 11:00:00,0.0,0.46081181077498845
17196,2020-09-16 12:00:00,0.0,0.8015239895458328
17197,2020-09-16 13:00:00,1.704e-06,0.0454024219119864
17198,2020-09-16 14:00:00,1.73e-06,0.3832192176381609
17199,2020-09-16 15:00:00,1.83e-06,0.3706630844765476
17200,2020-09-16 16:00:00,2.493e-06,0.011572994131579306
17201,2020-09-16 17:00:00,5.034e-06,0.6435661813436803
17202,2020-09-16 18:00:00,9.777e-06,0.8160413273867488
17203,2020-09-16 19:00:00,5.926e-06,0.3653036910027906
17204,2020-09-16 20:00:00,5.087e-06,0.2731611867464184
17205,2020-09-16 21:00:00,3.428e-06,0.0786748677561504
17206,2020-09-16 22:00:00,1.923e-06,0.27845328600427743
17207,2020-09-16 23:00:00,0.0,0.7752034912578506
17208,2020-09-17 00:00:00,0.0,0.861699212877139
17209,2020-09-17 01:00:00,0.0,0.35579088195892805
17210,2020-09-17 02:00:00,0.0,0.165679003419538
17211,2020-09-17 03:00:00,0.0,0.2484518059826346
17212,2020-09-17 04:00:00,0.0,0.8028138406996208
17213,2020-09-17 05:00:00,0.0,0.1794460139098325
17214,2020-09-17 06:00:00,0.0,0.3572885442333317
17215,2020-09-17 07:00:00,0.0,0.20794086449890248
17216,2020-09-17 08:00:00,0.0,0.6478056053207049
17217,2020-09-17 09:00:00,0.0,0.17450507937238113
17218,2020-09-17 10:00:00,0.0,0.36462878738174687
17219,2020-09-17 11:00:00,0.0,0.7379398152183606
17220,2020-09-17 12:00:00,0.0,0.4204333934673872
17221,2020-09-17 13:00:00,0.0,0.06699710979406737
17222,2020-09-17 14:00:00,0.0,0.967777558696968
17223,2020-09-17 15:00:00,0.0,0.19697105559129058
17224,2020-09-17 16:00:00,0.0,0.8865702899036316
17225,2020-09-17 17:00:00,0.0,0.8316270454466864
17226,2020-09-17 18:00:00,0.0,0.5481370998956314
17227,2020-09-17 19:00:00,0.0,0.48643289428624625
17228,2020-09-17 20:00:00,0.0,0.4558317354729984
17229,2020-09-17 21:00:00,0.0,0.15717801047702062
17230,2020-09-17 22:00:00,0.0,0.8105933226833518
17231,2020-09-17 23:00:00,0.0,0.365618059350997
17232,2020-09-18 00:00:00,0.0,0.04251951553720812
17233,2020-09-18 01:00:00,0.0,0.7074102909251329
17234,2020-09-18 02:00:00,0.0,0.38375714033999164
17235,2020-09-18 03:00:00,0.0,0.45500484327057367
17236,2020-09-18 04:00:00,0.0,0.7964541047132695
17237,2020-09-18 05:00:00,0.0,0.6667951452504244
17238,2020-09-18 06:00:00,0.0,0.6973398812819399
17239,2020-09-18 07:00:00,0.0,0.8944506660099028
17240,2020-09-18 08:00:00,0.0,0.2579769713331218
17241,2020-09-18 09:00:00,0.0,0.3291968266811195
17242,2020-09-18 10:00:00,0.0,0.342655544421153
17243,2020-09-18 11:00:00,0.0,0.05833838248866552
17244,2020-09-18 12:00:00,0.0,0.32127684286437397
17245,2020-09-18 13:00:00,0.0,0.11528416462554603
17246,2020-09-18 14:00:00,0.0,0.11170823887730508
17247,2020-09-18 15:00:00,0.0,0.20694443755641134
17248,2020-09-18 16:00:00,0.0,0.5855313947076202
17249,2020-09-18 17:00:00,0.0,0.5101673597516205
17250,2020-09-18 18:00:00,0.0,0.9788864563535916
17251,2020-09-18 19:00:00,0.0,0.5129672012305314
17252,2020-09-18 20:00:00,0.0,0.840524769883193
17253,2020-09-18 21:00:00,0.0,0.6559161552214889
17254,2020-09-18 22:00:00,0.0,0.34296550297144857
17255,2020-09-18 23:00:00,0.0,0.357141786280206
17256,2020-09-19 00:00:00,0.0,0.450553991264247
17257,2020-09-19 01:00:00,0.0,0.3180687221663788
17258,2020-09-19 02:00:00,0.0,0.6272324283968068
17259,2020-09-19 03:00:00,0.0,0.6568458459080271
17260,2020-09-19 04:00:00,0.0,0.5281041476004479
17261,2020-09-19 05:00:00,0.0,0.13298411396766652
17262,2020-09-19 06:00:00,0.0,0.6264657372905154
17263,2020-09-19 07:00:00,0.0,0.5528498933729216
17264,2020-09-19 08:00:00,0.0,0.5402604122608132
17265,2020-09-19 09:00:00,0.0,0.4023291779843351
17266,2020-09-19 10:00:00,0.0,0.9722278019139787
17267,2020-09-19 11:00:00,0.0,0.5887361915616816
17268,2020-09-19 12:00:00,0.0,0.12068829616389609
17269,2020-09-19 13:00:00,0.0,0.3252130020671635
17270,2020-09-19 14:00:00,0.0,0.6786347618335445
17271,2020-09-19 15:00:00,0.0,0.06359061828976442
17272,2020-09-19 16:00:00,0.0,0.8530816486456542
17273,2020-09-19 17:00:00,0.0,0.37562248032967316
17274,2020-09-19 18:00:00,0.0,0.2874670681031102
17275,2020-09-19 19:00:00,0.0,0.12374981314798672
17276,2020-09-19 20:00:00,0.0,0.27863892032470583
17277,2020-09-19 21:00:00,0.0,0.4024712365269416
17278,2020-09-19 22:00:00,0.0,0.8585373250216454
17279,2020-09-19 23:00:00,0.0,0.5213412934720748
17280,2020-09-20 00:00:00,0.0,0.6437732501597604
17281,2020-09-20 01:00:00,0.0,0.13472002778389958
17282,2020-09-20 02:00:00,0.0,0.5449214129892258
17283,2020-09-20 03:00:00,0.0,0.19868286740952634
17284,2020-09-20 04:00:00,0.0,0.015314242221119212
17285,2020-09-20 05:00:00,0.0,0.0656780600228376
17286,2020-09-20 06:00:00,0.0,0.21605683874902548
17287,2020-09-20 07:00:00,0.0,0.7404827710531584
17288,2020-09-20 08:00:00,0.0,0.4484204185315084
17289,2020-09-20 09:00:00,0.0,0.3218729178562042
17290,2020-09-20 10:00:00,0.0,0.17931791021827093
17291,2020-09-20 11:00:00,0.0,0.8793363125440219
17292,2020-09-20 12:00:00,0.0,0.6972153393719168
17293,2020-09-20 13:00:00,0.0,0.7465077052826116
17294,2020-09-20 14:00:00,0.0,0.8510012803621688
17295,2020-09-20 15:00:00,0.0,0.8073533527267853
17296,2020-09-20 16:00:00,0.0,0.8607299005181029
17297,2020-09-20 17:00:00,0.0,0.45689085404687313
17298,2020-09-20 18:00:00,0.0,0.820455255072807
17299,2020-09-20 19:00:00,0.0,0.7349657850040084
17300,2020-09-20 20:00:00,0.0,0.6875195720160068
17301,2020-09-20 21:00:00,0.0,0.23613902110285012
17302,2020-09-20 22:00:00,0.0,0.33365585001342124
17303,2020-09-20 23:00:00,0.0,0.12368076230483116
17304,2020-09-21 00:00:00,0.0,0.37426231504397145
17305,2020-09-21 01:00:00,0.0,0.010839513185291638
17306,2020-09-21 02:00:00,0.0,0.0242282546229734
17307,2020-09-21 03:00:00,0.0,0.5388581279030268
17308,2020-09-21 04:00:00,0.0,0.5374661027264521
17309,2020-09-21 05:00:00,0.0,0.5806138163158693
17310,2020-09-21 06:00:00,0.0,0.39992202019583367
17311,2020-09-21 07:00:00,0.0,0.5388875400931706
17312,2020-09-21 08:00:00,0.0,0.6620630842503725
17313,2020-09-21 09:00:00,0.0,0.6331559997507047
17314,2020-09-21 10:00:00,0.0,0.3357528024074473
17315,2020-09-21 11:00:00,0.0,0.38173371302014625
17316,2020-09-21 12:00:00,0.0,0.8299216990673436
17317,2020-09-21 13:00:00,0.0,0.8326298865149642
17318,2020-09-21 14:00:00,0.0,0.631380838199361
17319,2020-09-21 15:00:00,0.0,0.05215691356660257
17320,2020-09-21 16:00:00,0.0,0.0563232624069796
17321,2020-09-21 17:00:00,0.0,0.6980091750022599
17322,2020-09-21 18:00:00,0.0,0.06432653677403599
17323,2020-09-21 19:00:00,0.0,0.9890363846796131
17324,2020-09-21 20:00:00,0.0,0.5857532645551212
17325,2020-09-21 21:00:00,0.0,0.55304581820321
17326,2020-09-21 22:00:00,0.0,0.07026035261492125
17327,2020-09-21 23:00:00,0.0,0.1922438970595951
17328,2020-09-22 00:00:00,0.0,0.5091272376542518
17329,2020-09-22 01:00:00,0.0,0.6140558466625451
17330,2020-09-22 02:00:00,0.0,0.606514775263766
17331,2020-09-22 03:00:00,0.0,0.4116648835906017
17332,2020-09-22 04:00:00,0.0,0.8233186888349622
17333,2020-09-22 05:00:00,0.0,0.5644379391501585
17334,2020-09-22 06:00:00,0.0,0.43774793249863
17335,2020-09-22 07:00:00,0.0,0.1877174578831119
17336,2020-09-22 08:00:00,0.0,0.30968206047024716
17337,2020-09-22 09:00:00,0.0,0.7222126817166815
17338,2020-09-22 10:00:00,0.0,0.7619860181590363
17339,2020-09-22 11:00:00,0.0,0.1916395669685661
17340,2020-09-22 12:00:00,0.0,0.17216051139822608
17341,2020-09-22 13:00:00,0.057894737,0.6649733902582818
17342,2020-09-22 14:00:00,0.06061589,0.6852272988929218
17343,2020-09-22 15:00:00,0.000993485,0.08763221206521121
17344,2020-09-22 16:00:00,0.005394715,0.7553850465246632
17345,2020-09-22 17:00:00,0.007941183,0.027881377648935057
17346,2020-09-22 18:00:00,0.009422367,0.139796612781506
17347,2020-09-22 19:00:00,0.00546077,0.5421649803954293
17348,2020-09-22 20:00:00,0.004262904,0.559214405024174
17349,2020-09-22 21:00:00,0.002981171,0.669401659382293
17350,2020-09-22 22:00:00,0.001612667,0.6816643551508272
17351,2020-09-22 23:00:00,0.000769854,0.39975296788851333
17352,2020-09-23 00:00:00,0.000253673,0.7355589412912371
17353,2020-09-23 01:00:00,7.3454e-05,0.08475627653129025
17354,2020-09-23 02:00:00,5.5502e-05,0.6573163883154209
17355,2020-09-23 03:00:00,3.5123e-05,0.25050305579730425
17356,2020-09-23 04:00:00,1.9164e-05,0.2522941451510238
17357,2020-09-23 05:00:00,8.4737e-05,0.9379313720517486
17358,2020-09-23 06:00:00,0.0002564,0.2109220324548723
17359,2020-09-23 07:00:00,0.000540115,0.547829302069532
17360,2020-09-23 08:00:00,0.001072933,0.5232398741568441
17361,2020-09-23 09:00:00,0.001706396,0.20342469519033735
17362,2020-09-23 10:00:00,0.001850105,0.576944974309112
17363,2020-09-23 11:00:00,0.001152095,0.8383393613988722
17364,2020-09-23 12:00:00,0.001564323,0.42247437684828104
17365,2020-09-23 13:00:00,0.002165633,0.8068201394904961
17366,2020-09-23 14:00:00,0.002324888,0.8845220597549077
17367,2020-09-23 15:00:00,0.003309203,0.7703726638977549
17368,2020-09-23 16:00:00,0.004206902,0.3045657074270137
17369,2020-09-23 17:00:00,0.004079325,0.8087696357857787
17370,2020-09-23 18:00:00,0.003503297,0.7051416979660181
17371,2020-09-23 19:00:00,0.002863882,0.7929094725676579
17372,2020-09-23 20:00:00,0.001867774,0.9163661065217386
17373,2020-09-23 21:00:00,0.000980575,0.5195911388396155
17374,2020-09-23 22:00:00,0.000610915,0.062438625320248464
17375,2020-09-23 23:00:00,0.0002863,0.9354321537009087
17376,2020-09-24 00:00:00,0.000107666,0.9302669299231963
17377,2020-09-24 01:00:00,2.8082e-05,0.43966092012278346
17378,2020-09-24 02:00:00,2.18e-05,0.633142040470007
17379,2020-09-24 03:00:00,1.5068e-05,0.4615265321649671
17380,2020-09-24 04:00:00,9.729e-06,0.59521010694211
17381,2020-09-24 05:00:00,5.907e-06,0.1883595415978807
17382,2020-09-24 06:00:00,3.3319e-05,0.9284952690135696
17383,2020-09-24 07:00:00,0.000179689,0.30229197761777404
17384,2020-09-24 08:00:00,0.00031429,0.6199318204367031
17385,2020-09-24 09:00:00,0.000217941,0.2043896531053816
17386,2020-09-24 10:00:00,0.000497921,0.560472674382223
17387,2020-09-24 11:00:00,0.00302209,0.21017513401322307
17388,2020-09-24 12:00:00,0.004778617,0.6054092608588492
17389,2020-09-24 13:00:00,0.003282531,0.449078994852117
17390,2020-09-24 14:00:00,0.001192435,0.7403192593624734
17391,2020-09-24 15:00:00,0.001816949,0.2712534477903611
17392,2020-09-24 16:00:00,0.00265439,0.13107312856117237
17393,2020-09-24 17:00:00,0.006178928,0.6263564374101634
17394,2020-09-24 18:00:00,0.009508501,0.26569505806592086
17395,2020-09-24 19:00:00,0.007470156,0.6031561510572294
17396,2020-09-24 20:00:00,0.005181056,0.9154297249898726
17397,2020-09-24 21:00:00,0.003044705,0.7008242075139057
17398,2020-09-24 22:00:00,0.001845524,0.008376459836766159
17399,2020-09-24 23:00:00,0.000749328,0.9646090937312719
17400,2020-09-25 00:00:00,0.000320032,0.851310805660734
17401,2020-09-25 01:00:00,7.8017e-05,0.5190689014849585
17402,2020-09-25 02:00:00,5.2954e-05,0.17645359424167695
17403,2020-09-25 03:00:00,3.1403e-05,0.7847856268890573
17404,2020-09-25 04:00:00,1.7489e-05,0.15306752769371357
17405,2020-09-25 05:00:00,1.1831e-05,0.29548332032021807
17406,2020-09-25 06:00:00,2.6312e-05,0.04224857993774156
17407,2020-09-25 07:00:00,5.8741e-05,0.9629094078538922
17408,2020-09-25 08:00:00,0.000109536,0.46931706039233967
17409,2020-09-25 09:00:00,0.000193742,0.7397095612551021
17410,2020-09-25 10:00:00,0.000285312,0.6117738637711737
17411,2020-09-25 11:00:00,0.000333298,0.7113578288555311
17412,2020-09-25 12:00:00,0.000370758,0.3731402186657642
17413,2020-09-25 13:00:00,0.000413033,0.6946004112886122
17414,2020-09-25 14:00:00,0.000301342,0.22833618798653998
17415,2020-09-25 15:00:00,0.000340676,0.7716898859951846
17416,2020-09-25 16:00:00,0.001159232,0.04303353080641281
17417,2020-09-25 17:00:00,0.001209178,0.4892166210669636
17418,2020-09-25 18:00:00,0.001094115,0.46574552408314673
17419,2020-09-25 19:00:00,0.0011247,0.33480344516973426
17420,2020-09-25 20:00:00,0.000616522,0.06428609888803793
17421,2020-09-25 21:00:00,0.000361776,0.3811784082242733
17422,2020-09-25 22:00:00,0.000184207,0.27147945496533554
17423,2020-09-25 23:00:00,8.4981e-05,0.8558258951034573
17424,2020-09-26 00:00:00,3.331e-05,0.4060229975219518
17425,2020-09-26 01:00:00,8.682e-06,0.2774761116962644
17426,2020-09-26 02:00:00,3.909e-06,0.5369860018711602
17427,2020-09-26 03:00:00,2.736e-06,0.3035193262678444
17428,2020-09-26 04:00:00,2.521e-06,0.8696830104779809
17429,2020-09-26 05:00:00,1.75e-06,0.6445251570866267
17430,2020-09-26 06:00:00,1.256e-06,0.4028653436368844
17431,2020-09-26 07:00:00,1.8888e-05,0.38734491572530805
17432,2020-09-26 08:00:00,4.5872e-05,0.6385329627256526
17433,2020-09-26 09:00:00,9.777e-05,0.022635215020797794
17434,2020-09-26 10:00:00,0.000154599,0.9788853942517749
17435,2020-09-26 11:00:00,0.00016781,0.38516001212178885
17436,2020-09-26 12:00:00,0.000189248,0.6841574875069175
17437,2020-09-26 13:00:00,0.000221377,0.17903975822897233
17438,2020-09-26 14:00:00,0.000366735,0.2345751826448388
17439,2020-09-26 15:00:00,0.000419075,0.9396805559390025
17440,2020-09-26 16:00:00,0.000815482,0.35810379763820677
17441,2020-09-26 17:00:00,0.00074629,0.04084273188032428
17442,2020-09-26 18:00:00,0.000575401,0.5263165360205228
17443,2020-09-26 19:00:00,0.000337637,0.5473057833891943
17444,2020-09-26 20:00:00,0.000246083,0.3333442240796113
17445,2020-09-26 21:00:00,0.000140135,0.45781297516564234
17446,2020-09-26 22:00:00,7.1362e-05,0.1049819210196985
17447,2020-09-26 23:00:00,2.7673e-05,0.45135274544989934
17448,2020-09-27 00:00:00,9.992e-06,0.19627542755080973
17449,2020-09-27 01:00:00,2.019e-06,0.15734795605552587
17450,2020-09-27 02:00:00,0.0,0.015072151574122117
17451,2020-09-27 03:00:00,0.0,0.5986743075464611
17452,2020-09-27 04:00:00,0.0,0.24363466728310512
17453,2020-09-27 05:00:00,0.0,0.516660935269627
17454,2020-09-27 06:00:00,1.7757e-05,0.8291385740350843
17455,2020-09-27 07:00:00,1.9271e-05,0.47023062204286903
17456,2020-09-27 08:00:00,5.0593e-05,0.1489359039232162
17457,2020-09-27 09:00:00,9.0899e-05,0.25117861138871833
17458,2020-09-27 10:00:00,0.000231535,0.15154151578467345
17459,2020-09-27 11:00:00,0.000290419,0.18474820002768844
17460,2020-09-27 12:00:00,0.00026543,0.39769002263484254
17461,2020-09-27 13:00:00,0.000530782,0.5071078100062798
17462,2020-09-27 14:00:00,0.000970427,0.9372951384686831
17463,2020-09-27 15:00:00,0.00084935,0.5522912824573267
17464,2020-09-27 16:00:00,0.000551431,0.35959611325805374
17465,2020-09-27 17:00:00,0.000310949,0.6970788997087004
17466,2020-09-27 18:00:00,0.000201044,0.6767624342393553
17467,2020-09-27 19:00:00,0.000118998,0.6658103969959887
17468,2020-09-27 20:00:00,6.0524e-05,0.5393221804290738
17469,2020-09-27 21:00:00,2.2698e-05,0.00876073633424923
17470,2020-09-27 22:00:00,7.385e-06,0.10318925108885002
17471,2020-09-27 23:00:00,2.131e-06,0.12478378697772541
17472,2020-09-28 00:00:00,0.0,0.9635477696423187
17473,2020-09-28 01:00:00,0.0,0.46825376706632515
17474,2020-09-28 02:00:00,0.0,0.5113234681766687
17475,2020-09-28 03:00:00,0.0,0.1575619873839511
17476,2020-09-28 04:00:00,0.0,0.5900692839151097
17477,2020-09-28 05:00:00,0.0,0.7878175661973502
17478,2020-09-28 06:00:00,0.0,0.6316568898588945
17479,2020-09-28 07:00:00,0.0,0.20641814137820902
17480,2020-09-28 08:00:00,0.0,0.7013627383600566
17481,2020-09-28 09:00:00,0.0,0.887995666198474
17482,2020-09-28 10:00:00,0.0,0.993886062274479
17483,2020-09-28 11:00:00,0.0,0.7429592542850214
17484,2020-09-28 12:00:00,0.0,0.5328708349774295
17485,2020-09-28 13:00:00,0.0,0.3545208043302537
17486,2020-09-28 14:00:00,0.0,0.17175124168763733
17487,2020-09-28 15:00:00,0.0,0.7934507075903213
17488,2020-09-28 16:00:00,0.0,0.5638758821954896
17489,2020-09-28 17:00:00,0.0,0.3208933236229097
17490,2020-09-28 18:00:00,0.0,0.9033544245454294
17491,2020-09-28 19:00:00,0.0,0.30784762783739716
17492,2020-09-28 20:00:00,0.0,0.933688530358353
17493,2020-09-28 21:00:00,0.0,0.621917522930363
17494,2020-09-28 22:00:00,0.0,0.9382849909352414
17495,2020-09-28 23:00:00,0.0,0.7890213408286477
17496,2020-09-29 00:00:00,0.0,0.5488017346474028
17497,2020-09-29 01:00:00,0.0,0.04909163935405758
17498,2020-09-29 02:00:00,0.0,0.09090517794046027
17499,2020-09-29 03:00:00,0.0,0.9291424482615693
17500,2020-09-29 04:00:00,0.0,0.33475751372056184
17501,2020-09-29 05:00:00,0.0,0.23731022862230078
17502,2020-09-29 06:00:00,0.0,0.360818044043983
17503,2020-09-29 07:00:00,0.0,0.9506334139461534
17504,2020-09-29 08:00:00,0.0,0.482075586324316
17505,2020-09-29 09:00:00,0.0,0.9011136905850806
17506,2020-09-29 10:00:00,0.0,0.7818725582356183
17507,2020-09-29 11:00:00,0.0,0.33563711549880215
17508,2020-09-29 12:00:00,0.0,0.732367546248255
17509,2020-09-29 13:00:00,0.0,0.4972235097708745
17510,2020-09-29 14:00:00,0.0,0.9074610283989326
17511,2020-09-29 15:00:00,0.0,0.3858699094160758
17512,2020-09-29 16:00:00,0.0,0.5769145148307633
17513,2020-09-29 17:00:00,0.0,0.16829275811745392
17514,2020-09-29 18:00:00,0.0,0.004041342973841289
17515,2020-09-29 19:00:00,0.0,0.88523583170006
17516,2020-09-29 20:00:00,0.0,0.4151943087829896
17517,2020-09-29 21:00:00,0.0,0.5753148200007744
17518,2020-09-29 22:00:00,0.0,0.5220800266863832
17519,2020-09-29 23:00:00,0.0,0.7878676288068038
17520,2020-09-30 00:00:00,0.0,0.055942515296205864
