Time Step,Time,SWE_mm,sm_profile_0_1m
0,2018-10-01 00:00:00,0.0,0.7339291487904285
1,2018-10-01 01:00:00,0.0,0.6769155631951358
2,2018-10-01 02:00:00,0.0,0.9461159563424532
3,2018-10-01 03:00:00,0.0,0.7999756062236733
4,2018-10-01 04:00:00,0.0,0.5936612230884017
5,2018-10-01 05:00:00,0.0,0.11309528698449889
6,2018-10-01 06:00:00,0.0,0.6486308548153334
7,2018-10-01 07:00:00,0.397657394,0.8539683157578972
8,2018-10-01 08:00:00,0.048556045,0.6839983730591205
9,2018-10-01 09:00:00,0.047742452,0.48449028738272293
10,2018-10-01 10:00:00,0.027693696,0.3107562793069394
11,2018-10-01 11:00:00,0.019647852,0.2574988071219366
12,2018-10-01 12:00:00,0.015234887,0.23372425657648854
13,2018-10-01 13:00:00,0.015627166,0.9644022462880661
14,2018-10-01 14:00:00,0.014786708,0.2227240785936626
15,2018-10-01 15:00:00,0.010699247,0.9681998550305889
16,2018-10-01 16:00:00,0.007867591,0.7226119481028679
17,2018-10-01 17:00:00,0.00638613,0.181453407487571
18,2018-10-01 18:00:00,0.004662148,0.6723988379234535
19,2018-10-01 19:00:00,0.00298725,0.20419821677038452
20,2018-10-01 20:00:00,0.001827007,0.3926600431147341
21,2018-10-01 21:00:00,0.001188841,0.7988011771422324
22,2018-10-01 22:00:00,0.000721312,0.6823726229934872
23,2018-10-01 23:00:00,0.00038903,0.7668878733978447
24,2018-10-02 00:00:00,0.000232838,0.6368149048268923
25,2018-10-02 01:00:00,0.000204211,0.6404446104583948
26,2018-10-02 02:00:00,0.000220787,0.4450481331054106
27,2018-10-02 03:00:00,0.000146113,0.45128354079458366
28,2018-10-02 04:00:00,9.8687e-05,0.6884060909608787
29,2018-10-02 05:00:00,6.1698e-05,0.3465447707362814
30,2018-10-02 06:00:00,3.452e-05,0.3049581035815968
31,2018-10-02 07:00:00,1.9509e-05,0.9509014437028775
32,2018-10-02 08:00:00,1.4262e-05,0.2619213340565102
33,2018-10-02 09:00:00,9.636e-06,0.22164215972017653
34,2018-10-02 10:00:00,7.15e-06,0.9748695930937534
35,2018-10-02 11:00:00,7.323e-06,0.34533830293110745
36,2018-10-02 12:00:00,6.603e-06,0.2712345640536634
37,2018-10-02 13:00:00,5.986e-06,0.8607891866243274
38,2018-10-02 14:00:00,3.851e-06,0.4451701380763571
39,2018-10-02 15:00:00,2.887e-06,0.8427946254885813
40,2018-10-02 16:00:00,2.209e-06,0.26345435614588264
41,2018-10-02 17:00:00,1.634e-06,0.5411362857424278
42,2018-10-02 18:00:00,0.0,0.9705915865442425
43,2018-10-02 19:00:00,0.0,0.40894049127019394
44,2018-10-02 20:00:00,0.0,0.8212866252543775
45,2018-10-02 21:00:00,0.0,0.8773263388250581
46,2018-10-02 22:00:00,0.0,0.9997962234080032
47,2018-10-02 23:00:00,0.0,0.5049006383609532
48,2018-10-03 00:00:00,0.0,0.32859607598314544
49,2018-10-03 01:00:00,0.0,0.4563915350567276
50,2018-10-03 02:00:00,0.0,0.09133732717176613
51,2018-10-03 03:00:00,0.0,0.12082210366746982
52,2018-10-03 04:00:00,0.0,0.471758050867745
53,2018-10-03 05:00:00,0.0,0.8648804655715288
54,2018-10-03 06:00:00,0.0,0.4559924186681933
55,2018-10-03 07:00:00,0.0,0.5398245125631524
56,2018-10-03 08:00:00,0.0,0.8251707386302997
57,2018-10-03 09:00:00,0.0,0.18242084597696007
58,2018-10-03 10:00:00,0.0,0.29304966790645903
59,2018-10-03 11:00:00,0.0,0.5099112097947048
60,2018-10-03 12:00:00,0.0,0.6221026062826077
61,2018-10-03 13:00:00,0.0,0.24444327437389268
62,2018-10-03 14:00:00,0.0,0.5294734739441492
63,2018-10-03 15:00:00,0.0,0.691153730027945
64,2018-10-03 16:00:00,0.0,0.28050754718863835
65,2018-10-03 17:00:00,0.0,0.5371041393774031
66,2018-10-03 18:00:00,0.0,0.8915627907251468
67,2018-10-03 19:00:00,0.0,0.790907984438557
68,2018-10-03 20:00:00,0.0,0.15677752719611604
69,2018-10-03 21:00:00,0.0,0.441971185404218
70,2018-10-03 22:00:00,0.0,0.663848162810528
71,2018-10-03 23:00:00,0.0,0.7057878352967936
72,2018-10-04 00:00:00,0.0,0.0990406174842855
73,2018-10-04 01:00:00,0.0,0.39053628268377405
74,2018-10-04 02:00:00,0.0,0.36002787952992554
75,2018-10-04 03:00:00,0.0,0.5667800583939328
76,2018-10-04 04:00:00,0.002108982,0.31523574627185347
77,2018-10-04 05:00:00,0.002541498,0.0949104026187283
78,2018-10-04 06:00:00,0.002380915,0.26757474998706976
79,2018-10-04 07:00:00,0.001812023,0.7860530363302505
80,2018-10-04 08:00:00,0.000964896,0.6239381716866855
81,2018-10-04 09:00:00,0.000925528,0.3851044685828646
82,2018-10-04 10:00:00,0.00053577,0.2680380348921577
83,2018-10-04 11:00:00,0.000406503,0.4560037368656513
84,2018-10-04 12:00:00,0.000327541,0.5133451184409136
85,2018-10-04 13:00:00,0.00025578,0.7809451369679661
86,2018-10-04 14:00:00,0.000124105,0.2667409368113228
87,2018-10-04 15:00:00,0.000124655,0.8580109887129879
88,2018-10-04 16:00:00,9.0621e-05,0.44933882873074826
89,2018-10-04 17:00:00,4.9729e-05,0.7874866343755114
90,2018-10-04 18:00:00,3.507e-05,0.760113478019145
91,2018-10-04 19:00:00,1.92e-05,0.916822360740407
92,2018-10-04 20:00:00,1.3792e-05,0.7850363951323783
93,2018-10-04 21:00:00,6.866e-06,0.42959404870914086
94,2018-10-04 22:00:00,3.778e-06,0.9728753250480865
95,2018-10-04 23:00:00,1.867e-06,0.2832215556729869
96,2018-10-05 00:00:00,0.0,0.7805913139082387
97,2018-10-05 01:00:00,0.0,0.0612042728994161
98,2018-10-05 02:00:00,0.0,0.7387176854764793
99,2018-10-05 03:00:00,0.0,0.2345900395942131
100,2018-10-05 04:00:00,0.0,0.27106486206355984
101,2018-10-05 05:00:00,0.0,0.6464522490011121
102,2018-10-05 06:00:00,0.000193898,0.1482026570987447
103,2018-10-05 07:00:00,0.000580649,0.2976759994637397
104,2018-10-05 08:00:00,0.001082073,0.13816062837714072
105,2018-10-05 09:00:00,0.001639737,0.1407846919959499
106,2018-10-05 10:00:00,0.002178858,0.800326381893633
107,2018-10-05 11:00:00,0.003835739,0.7013340956579626
108,2018-10-05 12:00:00,0.005355221,0.6830355216937102
109,2018-10-05 13:00:00,0.006053649,0.36953778302291784
110,2018-10-05 14:00:00,0.168679208,0.2605253939584964
111,2018-10-05 15:00:00,0.023027617,0.3680108803301412
112,2018-10-05 16:00:00,0.022736108,0.8457871106479276
113,2018-10-05 17:00:00,0.018467898,0.31874229386679387
114,2018-10-05 18:00:00,0.016677137,0.3064885063160403
115,2018-10-05 19:00:00,0.012426715,0.05245334090015419
116,2018-10-05 20:00:00,0.007644106,0.31089777721731393
117,2018-10-05 21:00:00,0.005085194,0.9653926340737831
118,2018-10-05 22:00:00,0.002696018,0.5848249376158626
119,2018-10-05 23:00:00,0.096399993,0.249935322924962
120,2018-10-06 00:00:00,0.123385586,0.3074364982057476
121,2018-10-06 01:00:00,0.019616567,0.5277002022109919
122,2018-10-06 02:00:00,0.050221648,0.5164044370174542
123,2018-10-06 03:00:00,0.000828443,0.18164936729019443
124,2018-10-06 04:00:00,0.008852997,0.357223143099312
125,2018-10-06 05:00:00,0.009911573,0.4588393470726121
126,2018-10-06 06:00:00,0.016360072,0.6808008528950574
127,2018-10-06 07:00:00,0.021798538,0.14328936633054568
128,2018-10-06 08:00:00,0.077738814,0.5499262786955441
129,2018-10-06 09:00:00,0.023742771,0.8092790867823269
130,2018-10-06 10:00:00,0.029868104,0.049267647161331696
131,2018-10-06 11:00:00,0.026811527,0.6961684191903066
132,2018-10-06 12:00:00,0.027915938,0.7854806503381682
133,2018-10-06 13:00:00,0.025393579,0.9250312356028481
134,2018-10-06 14:00:00,0.016548123,0.9004919100739999
135,2018-10-06 15:00:00,0.025572222,0.8345476388058136
136,2018-10-06 16:00:00,0.034174889,0.7764211256663739
137,2018-10-06 17:00:00,0.31262812,0.4188536940807458
138,2018-10-06 18:00:00,0.079607949,0.00412040688129478
139,2018-10-06 19:00:00,0.056604546,0.6857571977558384
140,2018-10-06 20:00:00,0.033736646,0.580202726399638
141,2018-10-06 21:00:00,0.020137804,0.18111482733437023
142,2018-10-06 22:00:00,0.010768772,0.3382398563939297
143,2018-10-06 23:00:00,0.007431942,0.7101504001164547
144,2018-10-07 00:00:00,0.003146311,0.9003770786622455
145,2018-10-07 01:00:00,0.001917811,0.13164149490469557
146,2018-10-07 02:00:00,0.001522988,0.9106160780176151
147,2018-10-07 03:00:00,0.001315468,0.987749803343672
148,2018-10-07 04:00:00,0.000858911,0.12626731506833222
149,2018-10-07 05:00:00,0.500773072,0.9430920133754237
150,2018-10-07 06:00:00,0.045705143,0.2718322806574228
151,2018-10-07 07:00:00,0.035929725,0.038951741201236456
152,2018-10-07 08:00:00,0.033431455,0.32608611042556035
153,2018-10-07 09:00:00,0.032604847,0.26563842417826755
154,2018-10-07 10:00:00,0.024685109,0.4359553650843424
155,2018-10-07 11:00:00,0.01949559,0.8474858069889571
156,2018-10-07 12:00:00,0.125271082,0.14434571449864086
157,2018-10-07 13:00:00,0.515187383,0.7985309906407934
158,2018-10-07 14:00:00,0.321398109,0.7207015272375331
159,2018-10-07 15:00:00,0.119844519,0.6297245796095409
160,2018-10-07 16:00:00,0.092855468,0.7550522308259561
161,2018-10-07 17:00:00,0.066767968,0.17207137090357993
162,2018-10-07 18:00:00,0.026198823,0.17948850083280965
163,2018-10-07 19:00:00,0.023852985,0.059816241585017194
164,2018-10-07 20:00:00,0.425576985,0.2050327983812843
165,2018-10-07 21:00:00,0.082345583,0.6741381549335103
166,2018-10-07 22:00:00,0.061648995,0.2307480591314458
167,2018-10-07 23:00:00,0.232286215,0.4591361187981341
168,2018-10-08 00:00:00,1.393636107,0.5340816780792051
169,2018-10-08 01:00:00,3.916778803,0.1340645354917358
170,2018-10-08 02:00:00,5.035787582,0.8865560599470363
171,2018-10-08 03:00:00,6.247542381,0.7454727142616356
172,2018-10-08 04:00:00,6.677288055,0.5104713530797584
173,2018-10-08 05:00:00,7.072907925,0.3774079782561971
174,2018-10-08 06:00:00,7.410799503,0.6265979346584862
175,2018-10-08 07:00:00,7.663700104,0.3906483084276433
176,2018-10-08 08:00:00,7.771079063,0.5107061227844658
177,2018-10-08 09:00:00,7.849529743,0.0216420213655516
178,2018-10-08 10:00:00,7.93384409,0.934210180565296
179,2018-10-08 11:00:00,9.861169815,0.808036850924405
180,2018-10-08 12:00:00,10.042273521,0.8938909702314215
181,2018-10-08 13:00:00,10.225812912,0.7009755186402158
182,2018-10-08 14:00:00,10.362365723,0.7017275125313369
183,2018-10-08 15:00:00,10.778754234,0.9038037829588228
184,2018-10-08 16:00:00,11.367919922,0.025266598240412996
185,2018-10-08 17:00:00,11.7221241,0.28181653024910625
186,2018-10-08 18:00:00,12.470491409,0.27920557985093675
187,2018-10-08 19:00:00,12.719704628,0.8999012042622747
188,2018-10-08 20:00:00,12.920350075,0.4563594843759843
189,2018-10-08 21:00:00,13.055485725,0.7468355815705257
190,2018-10-08 22:00:00,13.245521545,0.9363128311996447
191,2018-10-08 23:00:00,13.299767494,0.7921940055628023
192,2018-10-09 00:00:00,13.340732574,0.3868966776232914
193,2018-10-09 01:00:00,13.360519409,0.12973730644936854
194,2018-10-09 02:00:00,13.374512672,0.6536370367906029
195,2018-10-09 03:00:00,13.387000084,0.43443709611500103
196,2018-10-09 04:00:00,13.414507866,0.30226699944756863
197,2018-10-09 05:00:00,14.448719025,0.14449171498511404
198,2018-10-09 06:00:00,14.518148422,0.7779571844396245
199,2018-10-09 07:00:00,14.605430603,0.2081522374007556
200,2018-10-09 08:00:00,14.671392441,0.15496114670797934
201,2018-10-09 09:00:00,14.701216698,0.1345375973369981
202,2018-10-09 10:00:00,14.760235786,0.39050810397539415
203,2018-10-09 11:00:00,14.799098969,0.9769162469175858
204,2018-10-09 12:00:00,14.841560364,0.038422078530194415
205,2018-10-09 13:00:00,14.883460045,0.1709741602401168
206,2018-10-09 14:00:00,14.901250839,0.29759544882992484
207,2018-10-09 15:00:00,14.910167694,0.591779704678312
208,2018-10-09 16:00:00,14.921174049,0.48336180206871193
209,2018-10-09 17:00:00,14.943713188,0.2118397660684519
210,2018-10-09 18:00:00,14.983241081,0.5048294189628466
211,2018-10-09 19:00:00,15.011548042,0.5358701123553271
212,2018-10-09 20:00:00,15.055413246,0.46497890468214087
213,2018-10-09 21:00:00,15.101281166,0.9049548564348228
214,2018-10-09 22:00:00,15.136518478,0.4278133541885649
215,2018-10-09 23:00:00,15.144831657,0.6929763412041764
216,2018-10-10 00:00:00,15.735191345,0.322259359147567
217,2018-10-10 01:00:00,16.037216187,0.18378310442838997
218,2018-10-10 02:00:00,16.084386826,0.4823856418837774
219,2018-10-10 03:00:00,16.166175842,0.12836646705925892
220,2018-10-10 04:00:00,16.2473526,0.5831251646645296
221,2018-10-10 05:00:00,16.32299614,0.6498409641570552
222,2018-10-10 06:00:00,16.392240524,0.6609066576335266
223,2018-10-10 07:00:00,16.448402405,0.5037728990299144
224,2018-10-10 08:00:00,16.510429382,0.4834991855454013
225,2018-10-10 09:00:00,16.579843521,0.31376043659050157
226,2018-10-10 10:00:00,16.677936554,0.6854944141024394
227,2018-10-10 11:00:00,16.719175339,0.7887510570504903
228,2018-10-10 12:00:00,16.801143646,0.9871143793378757
229,2018-10-10 13:00:00,17.312343597,0.013643471271397978
230,2018-10-10 14:00:00,17.362297058,0.13417912114224406
231,2018-10-10 15:00:00,17.744869232,0.3159831441460986
232,2018-10-10 16:00:00,21.019378662,0.33201151640213045
233,2018-10-10 17:00:00,22.000034332,0.9035003771733553
234,2018-10-10 18:00:00,22.263309479,0.44492666065711506
235,2018-10-10 19:00:00,22.500772476,0.09188400492237869
236,2018-10-10 20:00:00,23.40143013,0.4285323427438571
237,2018-10-10 21:00:00,23.604801178,0.35842478608239836
238,2018-10-10 22:00:00,24.069013596,0.5758538092410613
239,2018-10-10 23:00:00,24.244771957,0.6352832076704698
240,2018-10-11 00:00:00,24.382284164,0.27250761398186374
241,2018-10-11 01:00:00,24.496999741,0.10067572326068941
242,2018-10-11 02:00:00,24.615903854,0.3779626777966909
243,2018-10-11 03:00:00,24.722061157,0.7012416478890124
244,2018-10-11 04:00:00,24.812110901,0.4261061876966774
245,2018-10-11 05:00:00,24.909572601,0.2498718282223903
246,2018-10-11 06:00:00,24.982183456,0.5934303987140953
247,2018-10-11 07:00:00,25.041601181,0.4061518247151238
248,2018-10-11 08:00:00,25.091157913,0.33112370820938375
249,2018-10-11 09:00:00,25.135913849,0.6407090814268233
250,2018-10-11 10:00:00,25.174722672,0.23771856118789747
251,2018-10-11 11:00:00,25.208219528,0.08428869302133513
252,2018-10-11 12:00:00,25.23210907,0.048422558304772156
253,2018-10-11 13:00:00,25.252468109,0.1838765309734084
254,2018-10-11 14:00:00,25.263259888,0.2332979066255768
255,2018-10-11 15:00:00,25.264888763,0.46027345783825613
256,2018-10-11 16:00:00,25.269569397,0.807597511484783
257,2018-10-11 17:00:00,25.27592659,0.6639853481685288
258,2018-10-11 18:00:00,25.253944397,0.5304898865435534
259,2018-10-11 19:00:00,25.726133347,0.2561574765590897
260,2018-10-11 20:00:00,26.249818802,0.6953276722934602
261,2018-10-11 21:00:00,26.328084946,0.9208246601270266
262,2018-10-11 22:00:00,27.702886581,0.42951019013969116
263,2018-10-11 23:00:00,28.25315094,0.33654233610904016
264,2018-10-12 00:00:00,28.318876266,0.1568060898534538
265,2018-10-12 01:00:00,28.425962448,0.9339607522996122
266,2018-10-12 02:00:00,28.496210098,0.28652723314932294
267,2018-10-12 03:00:00,28.591115952,0.6460923106495704
268,2018-10-12 04:00:00,28.673933029,0.6801913675148541
269,2018-10-12 05:00:00,28.763336182,0.5691897979056381
270,2018-10-12 06:00:00,28.861616135,0.6400768143814103
271,2018-10-12 07:00:00,30.620464325,0.9496873844673506
272,2018-10-12 08:00:00,30.723232269,0.6746505067740227
273,2018-10-12 09:00:00,30.910686493,0.7804476823718677
274,2018-10-12 10:00:00,31.086948395,0.8031030776348554
275,2018-10-12 11:00:00,31.157960892,0.7519417285161948
276,2018-10-12 12:00:00,31.186286926,0.4678347405487555
277,2018-10-12 13:00:00,31.212013245,0.44102736548997146
278,2018-10-12 14:00:00,31.235189438,0.21352598081339325
279,2018-10-12 15:00:00,31.25487709,0.7065428000016765
280,2018-10-12 16:00:00,31.299938202,0.9253062231580993
281,2018-10-12 17:00:00,31.41610527,0.4153772233079899
282,2018-10-12 18:00:00,31.527235031,0.719086944463045
283,2018-10-12 19:00:00,31.639446259,0.14887490406903936
284,2018-10-12 20:00:00,31.751831055,0.7197261052587027
285,2018-10-12 21:00:00,31.841960907,0.47072544045167086
286,2018-10-12 22:00:00,31.892015457,0.6882266548209106
287,2018-10-12 23:00:00,31.875825882,0.32823269593612314
288,2018-10-13 00:00:00,31.852949142,0.24605015327732915
289,2018-10-13 01:00:00,31.825037003,0.45410210713890964
290,2018-10-13 02:00:00,31.794061661,0.9612580157983406
291,2018-10-13 03:00:00,31.781116486,0.10692695780887307
292,2018-10-13 04:00:00,31.743747711,0.0642736096518659
293,2018-10-13 05:00:00,31.71113205,0.917446016330896
294,2018-10-13 06:00:00,31.682254791,0.5436571650714088
295,2018-10-13 07:00:00,31.65521431,0.6552899575566288
296,2018-10-13 08:00:00,31.630355835,0.28670346644435807
297,2018-10-13 09:00:00,31.599655151,0.5957776857336999
298,2018-10-13 10:00:00,31.564981461,0.5316664010434371
299,2018-10-13 11:00:00,31.524366379,0.225070224038591
300,2018-10-13 12:00:00,31.49077034,0.3150767500290046
301,2018-10-13 13:00:00,31.463762283,0.46929601652767694
302,2018-10-13 14:00:00,31.444740295,0.8387411672011862
303,2018-10-13 15:00:00,31.406431198,0.9686322080531282
304,2018-10-13 16:00:00,31.354785919,0.3825655443002409
305,2018-10-13 17:00:00,31.286064148,0.38636897792967606
306,2018-10-13 18:00:00,31.202198029,0.753629055640286
307,2018-10-13 19:00:00,31.099349976,0.2148419283230002
308,2018-10-13 20:00:00,30.913888931,0.9611927283595431
309,2018-10-13 21:00:00,30.694580078,0.9074619894107461
310,2018-10-13 22:00:00,30.513282776,0.656247317951778
311,2018-10-13 23:00:00,30.350757599,0.21534975832410774
312,2018-10-14 00:00:00,30.206537247,0.7492148106923414
313,2018-10-14 01:00:00,30.081130981,0.1631899515925207
314,2018-10-14 02:00:00,29.971309662,0.37460372767001604
315,2018-10-14 03:00:00,29.859285355,0.7013558881237867
316,2018-10-14 04:00:00,29.746686935,0.62520936185451
317,2018-10-14 05:00:00,29.635383606,0.38538679048221125
318,2018-10-14 06:00:00,29.527776718,0.23842214466198186
319,2018-10-14 07:00:00,29.434999466,0.4117012052794289
320,2018-10-14 08:00:00,29.346343994,0.4412962220628074
321,2018-10-14 09:00:00,29.264322281,0.9474851448520144
322,2018-10-14 10:00:00,29.178714752,0.744950518355505
323,2018-10-14 11:00:00,29.100002289,0.6170367731454081
324,2018-10-14 12:00:00,29.014875412,0.5737494436784891
325,2018-10-14 13:00:00,28.939470291,0.5532094685011493
326,2018-10-14 14:00:00,28.855983734,0.3119715667741766
327,2018-10-14 15:00:00,28.752799988,0.7173641772315578
328,2018-10-14 16:00:00,28.63845253,0.38528216582233843
329,2018-10-14 17:00:00,28.517465591,0.12703057129851492
330,2018-10-14 18:00:00,28.386289597,0.9713987771060093
331,2018-10-14 19:00:00,28.252248764,0.42632925908146435
332,2018-10-14 20:00:00,28.119562149,0.5908703005703284
333,2018-10-14 21:00:00,27.992990494,0.1325464732628001
334,2018-10-14 22:00:00,27.885732651,0.9238554202197179
335,2018-10-14 23:00:00,27.789457321,0.3682976915307019
336,2018-10-15 00:00:00,27.702323914,0.6735385531168248
337,2018-10-15 01:00:00,27.622409821,0.10701277649459351
338,2018-10-15 02:00:00,27.565021515,0.08890895770973128
339,2018-10-15 03:00:00,27.51940918,0.37474913393845055
340,2018-10-15 04:00:00,27.482364655,0.5469202966747666
341,2018-10-15 05:00:00,27.452342987,0.3918305177003719
342,2018-10-15 06:00:00,27.431850433,0.0020245727456277285
343,2018-10-15 07:00:00,27.41973877,0.680851026017309
344,2018-10-15 08:00:00,27.414569855,0.3383850248675898
345,2018-10-15 09:00:00,27.416650772,0.9161176077570466
346,2018-10-15 10:00:00,27.423006058,0.932272338866204
347,2018-10-15 11:00:00,27.432498932,0.28860802752083425
348,2018-10-15 12:00:00,27.440019608,0.8841296456464155
349,2018-10-15 13:00:00,27.443656921,0.6246090640087724
350,2018-10-15 14:00:00,27.429981232,0.39403437524912943
351,2018-10-15 15:00:00,27.404886246,0.6950740694584089
352,2018-10-15 16:00:00,27.371641159,0.7236421821488427
353,2018-10-15 17:00:00,27.308570862,0.5668976714646653
354,2018-10-15 18:00:00,27.218315125,0.9881882769751742
355,2018-10-15 19:00:00,27.107263565,0.5940129468153219
356,2018-10-15 20:00:00,27.001735687,0.6940097064143739
357,2018-10-15 21:00:00,26.921390533,0.5663296908215759
358,2018-10-15 22:00:00,26.85247612,0.3903022184566173
359,2018-10-15 23:00:00,26.781219482,0.9660110912886073
360,2018-10-16 00:00:00,26.726459503,0.26232478390948866
361,2018-10-16 01:00:00,26.673995972,0.8442625081585473
362,2018-10-16 02:00:00,26.624094009,0.5927577694204574
363,2018-10-16 03:00:00,26.573169708,0.015754456015499185
364,2018-10-16 04:00:00,26.49861908,0.8994746046770337
365,2018-10-16 05:00:00,26.412464142,0.1493493419273375
366,2018-10-16 06:00:00,26.327144623,0.9796318775718522
367,2018-10-16 07:00:00,26.25434494,0.25761567929238327
368,2018-10-16 08:00:00,26.185716629,0.6418246541466053
369,2018-10-16 09:00:00,26.130264282,0.8420940400244974
370,2018-10-16 10:00:00,26.087209702,0.7792143402342356
371,2018-10-16 11:00:00,26.035240173,0.3705273834899816
372,2018-10-16 12:00:00,25.979923248,0.23281021200813434
373,2018-10-16 13:00:00,25.933757782,0.5134329078478385
374,2018-10-16 14:00:00,25.853025436,0.7729491639356864
375,2018-10-16 15:00:00,25.731266022,0.21103144442473754
376,2018-10-16 16:00:00,25.580104828,0.8365332686717819
377,2018-10-16 17:00:00,25.43605423,0.7335859639810086
378,2018-10-16 18:00:00,25.226142883,0.0027616871057486447
379,2018-10-16 19:00:00,24.923892975,0.8501127982453548
380,2018-10-16 20:00:00,24.496845245,0.19285780139535602
381,2018-10-16 21:00:00,24.031902313,0.6102379973208419
382,2018-10-16 22:00:00,23.57926178,0.326475335510357
383,2018-10-16 23:00:00,23.180702209,0.39094225145516526
384,2018-10-17 00:00:00,22.853130341,0.42353450668450443
385,2018-10-17 01:00:00,22.578170776,0.8678661288049079
386,2018-10-17 02:00:00,22.339078903,0.012812616246274389
387,2018-10-17 03:00:00,22.09636879,0.614401307416446
388,2018-10-17 04:00:00,21.870222092,0.3955182929814497
389,2018-10-17 05:00:00,21.662841797,0.6600743058838914
390,2018-10-17 06:00:00,21.4752388,0.7648393050310293
391,2018-10-17 07:00:00,21.310319901,0.6792119070485781
392,2018-10-17 08:00:00,21.150821686,0.8068577088720139
393,2018-10-17 09:00:00,20.999698639,0.6543422667273642
394,2018-10-17 10:00:00,20.864320755,0.7105343125992268
395,2018-10-17 11:00:00,20.737026215,0.17570889355851038
396,2018-10-17 12:00:00,20.711620331,0.3417839743960569
397,2018-10-17 13:00:00,20.673116684,0.8282040631182854
398,2018-10-17 14:00:00,20.616031647,0.7205827425694448
399,2018-10-17 15:00:00,20.52910614,0.5689386805271694
400,2018-10-17 16:00:00,20.415561676,0.12367046859266506
401,2018-10-17 17:00:00,20.328472137,0.354192980913413
402,2018-10-17 18:00:00,20.238212585,0.9111511581921184
403,2018-10-17 19:00:00,20.070274353,0.8429842545730607
404,2018-10-17 20:00:00,19.826850891,0.8966693714860473
405,2018-10-17 21:00:00,19.626672745,0.40876146465271623
406,2018-10-17 22:00:00,19.472578049,0.44563396161749913
407,2018-10-17 23:00:00,19.358947754,0.228080382565094
408,2018-10-18 00:00:00,19.321718216,0.8172697478064009
409,2018-10-18 01:00:00,19.257635117,0.9022553989142764
410,2018-10-18 02:00:00,19.206943512,0.6855440408749989
411,2018-10-18 03:00:00,19.160573959,0.7561091698295453
412,2018-10-18 04:00:00,19.126911163,0.827088686734878
413,2018-10-18 05:00:00,19.037254333,0.7642990035835274
414,2018-10-18 06:00:00,18.951202393,0.11394792571396395
415,2018-10-18 07:00:00,18.859714508,0.60798691562677
416,2018-10-18 08:00:00,18.834163666,0.717059044057723
417,2018-10-18 09:00:00,18.81937027,0.7880347623190275
418,2018-10-18 10:00:00,18.791784286,0.770859402906005
419,2018-10-18 11:00:00,18.719352722,0.08900526661228758
420,2018-10-18 12:00:00,18.639297485,0.1592892254876873
421,2018-10-18 13:00:00,18.559022903,0.12060307197342057
422,2018-10-18 14:00:00,18.466522217,0.8040456804244498
423,2018-10-18 15:00:00,18.350938797,0.4479676886068613
424,2018-10-18 16:00:00,18.222345352,0.15001887192107266
425,2018-10-18 17:00:00,18.080307007,0.5448672009641411
426,2018-10-18 18:00:00,17.946252823,0.5853714306723798
427,2018-10-18 19:00:00,17.789707184,0.5259746554041117
428,2018-10-18 20:00:00,17.61507225,0.966982964693023
429,2018-10-18 21:00:00,17.432685852,0.518385067730636
430,2018-10-18 22:00:00,17.287548065,0.1831842708972815
431,2018-10-18 23:00:00,17.174684525,0.053607107788628094
432,2018-10-19 00:00:00,17.087522507,0.28850726059425835
433,2018-10-19 01:00:00,17.01071167,0.40379268117351863
434,2018-10-19 02:00:00,16.93787384,0.8691333382507446
435,2018-10-19 03:00:00,16.871559143,0.9415681231178041
436,2018-10-19 04:00:00,16.809108734,0.9540613769249269
437,2018-10-19 05:00:00,16.753816605,0.7954615312553655
438,2018-10-19 06:00:00,16.704399109,0.08300152474976052
439,2018-10-19 07:00:00,16.668157578,0.24284702667369262
440,2018-10-19 08:00:00,16.636022568,0.4453120138346336
441,2018-10-19 09:00:00,16.614742279,0.6278459268914176
442,2018-10-19 10:00:00,16.601892471,0.7531348662381959
443,2018-10-19 11:00:00,16.597082138,0.15919281456783518
444,2018-10-19 12:00:00,16.595760345,0.7732806789065563
445,2018-10-19 13:00:00,16.595256805,0.5258122478587611
446,2018-10-19 14:00:00,16.569869995,0.12562558945378077
447,2018-10-19 15:00:00,16.507858276,0.7680277487460668
448,2018-10-19 16:00:00,16.410449982,0.24638132777668642
449,2018-10-19 17:00:00,16.285058975,0.5686452408507306
450,2018-10-19 18:00:00,16.108192444,0.7267409509313968
451,2018-10-19 19:00:00,15.860793114,0.8790701127458264
452,2018-10-19 20:00:00,15.519305229,0.42337683414279925
453,2018-10-19 21:00:00,15.102284431,0.8666287188416977
454,2018-10-19 22:00:00,14.723529816,0.023350123506751364
455,2018-10-19 23:00:00,14.406538963,0.3959795270239652
456,2018-10-20 00:00:00,14.122233391,0.052201461999686116
457,2018-10-20 01:00:00,13.881101608,0.1094276739190162
458,2018-10-20 02:00:00,13.639070511,0.8721713228177113
459,2018-10-20 03:00:00,13.398940086,0.1053449909335431
460,2018-10-20 04:00:00,13.17076683,0.8186034079138805
461,2018-10-20 05:00:00,12.960113525,0.5735848481743264
462,2018-10-20 06:00:00,12.780036926,0.6311891988171238
463,2018-10-20 07:00:00,12.618321419,0.47874904781282956
464,2018-10-20 08:00:00,12.464550972,0.5356449786269196
465,2018-10-20 09:00:00,12.32065773,0.6656930003382474
466,2018-10-20 10:00:00,12.194658279,0.9600355552385772
467,2018-10-20 11:00:00,12.076022148,0.8616701593552745
468,2018-10-20 12:00:00,11.975066185,0.21220469957880872
469,2018-10-20 13:00:00,11.879573822,0.6123744730327809
470,2018-10-20 14:00:00,11.773824692,0.6033461587597145
471,2018-10-20 15:00:00,11.655030251,0.09470852572197574
472,2018-10-20 16:00:00,11.522278786,0.11971692934076972
473,2018-10-20 17:00:00,11.345277786,0.03702875895841018
474,2018-10-20 18:00:00,11.099239349,0.7239712815259232
475,2018-10-20 19:00:00,10.746212959,0.9465328078768589
476,2018-10-20 20:00:00,10.32187748,0.8394122699032389
477,2018-10-20 21:00:00,9.896773338,0.5475199405691343
478,2018-10-20 22:00:00,9.530776978,0.34026007604507025
479,2018-10-20 23:00:00,9.21576786,0.9420148303793856
480,2018-10-21 00:00:00,8.944508553,0.5241423964485754
481,2018-10-21 01:00:00,8.702386856,0.9091337091200277
482,2018-10-21 02:00:00,8.496486664,0.05616227807916885
483,2018-10-21 03:00:00,8.316902161,0.7854614411135759
484,2018-10-21 04:00:00,8.158018112,0.6907478186959038
485,2018-10-21 05:00:00,7.969562054,0.12391761210846364
486,2018-10-21 06:00:00,7.794641018,0.5142029862769631
487,2018-10-21 07:00:00,7.748971939,0.030944274394630544
488,2018-10-21 08:00:00,7.726496696,0.6181977888036967
489,2018-10-21 09:00:00,7.709245205,0.23538179656964298
490,2018-10-21 10:00:00,7.698084831,0.41967544274176083
491,2018-10-21 11:00:00,7.692733288,0.7522215568133335
492,2018-10-21 12:00:00,7.691998005,0.002852925968808595
493,2018-10-21 13:00:00,7.698300362,0.6163511902265164
494,2018-10-21 14:00:00,7.695921898,0.1687076067044484
495,2018-10-21 15:00:00,7.652976036,0.910212699227713
496,2018-10-21 16:00:00,7.574396133,0.4796619327443561
497,2018-10-21 17:00:00,7.418710709,0.6411762640974152
498,2018-10-21 18:00:00,6.953201771,0.8402328694978708
499,2018-10-21 19:00:00,5.827970982,0.8462816895159567
500,2018-10-21 20:00:00,4.879636288,0.20178484515781037
501,2018-10-21 21:00:00,4.181704044,0.15642489490880251
502,2018-10-21 22:00:00,4.096055508,0.24578586634260624
503,2018-10-21 23:00:00,4.054504395,0.5362187345395063
504,2018-10-22 00:00:00,4.019363403,0.7046869319626521
505,2018-10-22 01:00:00,4.002524376,0.44189655340194256
506,2018-10-22 02:00:00,3.995993137,0.10899424848628969
507,2018-10-22 03:00:00,4.003654957,0.3353134828767569
508,2018-10-22 04:00:00,4.014215469,0.8663939889050044
509,2018-10-22 05:00:00,4.021518707,0.17222426291628057
510,2018-10-22 06:00:00,4.030702591,0.48078802833282674
511,2018-10-22 07:00:00,4.038009644,0.7893112914974098
512,2018-10-22 08:00:00,4.047535896,0.43861143617397724
513,2018-10-22 09:00:00,4.060472488,0.05421548961080569
514,2018-10-22 10:00:00,4.074468613,0.23530327775745397
515,2018-10-22 11:00:00,4.087873459,0.32187636581037815
516,2018-10-22 12:00:00,4.096527576,0.17839949835485513
517,2018-10-22 13:00:00,4.104676247,0.3716889213855674
518,2018-10-22 14:00:00,4.10750103,0.4255526712478084
519,2018-10-22 15:00:00,4.084134579,0.859012370777539
520,2018-10-22 16:00:00,4.061244011,0.6566171324717419
521,2018-10-22 17:00:00,4.027628899,0.18646296543770324
522,2018-10-22 18:00:00,3.919826031,0.08167767255899783
523,2018-10-22 19:00:00,3.747726202,0.14963997183878763
524,2018-10-22 20:00:00,3.543412209,0.8628376563836057
525,2018-10-22 21:00:00,3.338683605,0.9950647680442135
526,2018-10-22 22:00:00,3.019712925,0.5765042745203113
527,2018-10-22 23:00:00,2.815668583,0.2873343887158103
528,2018-10-23 00:00:00,2.638422012,0.8719011717386934
529,2018-10-23 01:00:00,2.542606831,0.6035795122786562
530,2018-10-23 02:00:00,2.440412521,0.7077276039708947
531,2018-10-23 03:00:00,2.357428789,0.9934331582960051
532,2018-10-23 04:00:00,2.625764608,0.7535837072262529
533,2018-10-23 05:00:00,7.022679806,0.6238242739256338
534,2018-10-23 06:00:00,8.440987587,0.27433658203592814
535,2018-10-23 07:00:00,9.047702789,0.6068629228361154
536,2018-10-23 08:00:00,9.863366127,0.5158954832443806
537,2018-10-23 09:00:00,10.280160904,0.6916030687982643
538,2018-10-23 10:00:00,10.58707428,0.5479025944979032
539,2018-10-23 11:00:00,10.796556473,0.36169837153875906
540,2018-10-23 12:00:00,10.936218262,0.07170944536208845
541,2018-10-23 13:00:00,11.030705452,0.7488619211553597
542,2018-10-23 14:00:00,11.108705521,0.1665255874917898
543,2018-10-23 15:00:00,11.153456688,0.9584260610511027
544,2018-10-23 16:00:00,11.180656433,0.2432714601594047
545,2018-10-23 17:00:00,10.564408302,0.4059185071791984
546,2018-10-23 18:00:00,9.04064846,0.6194264245991541
547,2018-10-23 19:00:00,6.455230236,0.8920295584200214
548,2018-10-23 20:00:00,5.352733612,0.2042502287411826
549,2018-10-23 21:00:00,3.997041702,0.6521992275762313
550,2018-10-23 22:00:00,3.393451691,0.8967170796255706
551,2018-10-23 23:00:00,3.423451185,0.041237286650497196
552,2018-10-24 00:00:00,3.645842552,0.31426483577944286
553,2018-10-24 01:00:00,3.674969435,0.2933713760726636
554,2018-10-24 02:00:00,3.675189495,0.8970889449925857
555,2018-10-24 03:00:00,3.714745998,0.30231725227256845
556,2018-10-24 04:00:00,3.718126774,0.7875013152734922
557,2018-10-24 05:00:00,3.752385855,0.6687827469070453
558,2018-10-24 06:00:00,3.743100643,0.11376649134886152
559,2018-10-24 07:00:00,3.798883438,0.7050536254779819
560,2018-10-24 08:00:00,4.238818169,0.14977162573019343
561,2018-10-24 09:00:00,4.276006699,0.477365068212666
562,2018-10-24 10:00:00,4.417168617,0.20870425624326272
563,2018-10-24 11:00:00,4.454742908,0.7185978006466679
564,2018-10-24 12:00:00,4.499420643,0.18887151787322654
565,2018-10-24 13:00:00,4.54242754,0.11158243488321962
566,2018-10-24 14:00:00,4.530491829,0.7221782475460854
567,2018-10-24 15:00:00,4.54917717,0.6394435273264271
568,2018-10-24 16:00:00,4.740548134,0.1769170924947313
569,2018-10-24 17:00:00,4.829423904,0.8667295701705836
570,2018-10-24 18:00:00,4.218040943,0.16717371985406604
571,2018-10-24 19:00:00,3.938688278,0.9587122549620656
572,2018-10-24 20:00:00,3.295157433,0.8907746825717091
573,2018-10-24 21:00:00,2.856139421,0.8846369914731513
574,2018-10-24 22:00:00,2.73322773,0.9447022085891364
575,2018-10-24 23:00:00,2.74536252,0.7290693846558682
576,2018-10-25 00:00:00,2.738336325,0.5310554853245537
577,2018-10-25 01:00:00,2.734358072,0.46694774954670826
578,2018-10-25 02:00:00,2.729711056,0.7562650037309057
579,2018-10-25 03:00:00,2.724741936,0.8852593733587016
580,2018-10-25 04:00:00,2.761022806,0.5669205713947225
581,2018-10-25 05:00:00,2.797345638,0.6143994832231341
582,2018-10-25 06:00:00,2.82911706,0.12507906222470477
583,2018-10-25 07:00:00,2.858498096,0.5090128392995636
584,2018-10-25 08:00:00,2.888996124,0.3809200426081092
585,2018-10-25 09:00:00,2.921071529,0.8875748881062974
586,2018-10-25 10:00:00,2.940915585,0.9099247697340861
587,2018-10-25 11:00:00,2.970891953,0.6740850444437311
588,2018-10-25 12:00:00,2.994825363,0.473482236365253
589,2018-10-25 13:00:00,3.021908998,0.009044422062433832
590,2018-10-25 14:00:00,3.030907869,0.8150790923507876
591,2018-10-25 15:00:00,3.006313562,0.9246540722100923
592,2018-10-25 16:00:00,2.992479086,0.6703241143541815
593,2018-10-25 17:00:00,2.975651264,0.4681792405705185
594,2018-10-25 18:00:00,2.944927454,0.6977700016567326
595,2018-10-25 19:00:00,2.908501387,0.8002947732463364
596,2018-10-25 20:00:00,2.871418953,0.14203045441838003
597,2018-10-25 21:00:00,2.90690279,0.2777530720754222
598,2018-10-25 22:00:00,2.98456502,0.42210690345482194
599,2018-10-25 23:00:00,3.00323534,0.12995497067038952
600,2018-10-26 00:00:00,3.176093578,0.15630936675963125
601,2018-10-26 01:00:00,3.204181671,0.8773677605567681
602,2018-10-26 02:00:00,3.225471497,0.6933793132955027
603,2018-10-26 03:00:00,3.241398096,0.09954634291613129
604,2018-10-26 04:00:00,3.258662939,0.5400478582459085
605,2018-10-26 05:00:00,3.288409472,0.6034102745462548
606,2018-10-26 06:00:00,3.308321953,0.08764519949951721
607,2018-10-26 07:00:00,3.335180521,0.10284825644809104
608,2018-10-26 08:00:00,3.361586571,0.8585866080123019
609,2018-10-26 09:00:00,3.385599136,0.35254334182621405
610,2018-10-26 10:00:00,3.406708479,0.0157239994608247
611,2018-10-26 11:00:00,3.425997257,0.8414249421552998
612,2018-10-26 12:00:00,3.438007832,0.40156819184447223
613,2018-10-26 13:00:00,3.441267252,0.8954760815471704
614,2018-10-26 14:00:00,3.419538498,0.09492731386565412
615,2018-10-26 15:00:00,3.365895271,0.3156463736603673
616,2018-10-26 16:00:00,3.294123888,0.617735324251101
617,2018-10-26 17:00:00,3.217566729,0.5450059228889895
618,2018-10-26 18:00:00,3.138950825,0.4475712349019696
619,2018-10-26 19:00:00,3.037540674,0.5530444984887084
620,2018-10-26 20:00:00,2.924707651,0.4976213695224444
621,2018-10-26 21:00:00,2.835518837,0.9075971720057203
622,2018-10-26 22:00:00,2.747702122,0.300012090640675
623,2018-10-26 23:00:00,2.750175476,0.873458051530198
624,2018-10-27 00:00:00,2.724676847,0.07941906111278041
625,2018-10-27 01:00:00,2.711912155,0.470241917083533
626,2018-10-27 02:00:00,2.694781542,0.9650681249850813
627,2018-10-27 03:00:00,2.707143545,0.3359192239500888
628,2018-10-27 04:00:00,2.717345238,0.35952420296775545
629,2018-10-27 05:00:00,2.726705551,0.3288252812710689
630,2018-10-27 06:00:00,2.732509136,0.9043041925414892
631,2018-10-27 07:00:00,2.724607706,0.6443503561501313
632,2018-10-27 08:00:00,2.733584881,0.9119647760717222
633,2018-10-27 09:00:00,2.740836143,0.8230493165196294
634,2018-10-27 10:00:00,2.744785309,0.2586540247511788
635,2018-10-27 11:00:00,2.740769625,0.661878419559413
636,2018-10-27 12:00:00,2.72478199,0.7003352411233967
637,2018-10-27 13:00:00,0.000188026,0.6511537658647286
638,2018-10-27 14:00:00,0.000131917,0.542911459602005
639,2018-10-27 15:00:00,0.000105197,0.3350136399479696
640,2018-10-27 16:00:00,0.000182733,0.24903543885302748
641,2018-10-27 17:00:00,0.000247922,0.06272077714215796
642,2018-10-27 18:00:00,0.000214762,0.5364091386632698
643,2018-10-27 19:00:00,0.000191782,0.6839201013367225
644,2018-10-27 20:00:00,0.000147981,0.11425503034559525
645,2018-10-27 21:00:00,8.5205e-05,0.22832111680245804
646,2018-10-27 22:00:00,4.3497e-05,0.4034877455560034
647,2018-10-27 23:00:00,2.0693e-05,0.6357895700833022
648,2018-10-28 00:00:00,4.358e-06,0.906153106163198
649,2018-10-28 01:00:00,3.64e-06,0.7084519176014923
650,2018-10-28 02:00:00,4.862e-06,0.22189081321870952
651,2018-10-28 03:00:00,3.909e-06,0.6913998647392827
652,2018-10-28 04:00:00,4.372e-06,0.057031551323331264
653,2018-10-28 05:00:00,5.007e-06,0.9383748618348814
654,2018-10-28 06:00:00,1.3403e-05,0.40942287253788934
655,2018-10-28 07:00:00,1.272e-05,0.5261073614425641
656,2018-10-28 08:00:00,2.4218e-05,0.550096066216493
657,2018-10-28 09:00:00,2.7355e-05,0.7731220453121942
658,2018-10-28 10:00:00,1.5035e-05,0.7607691087471118
659,2018-10-28 11:00:00,5.642e-06,0.7628100648145637
660,2018-10-28 12:00:00,8.869e-06,0.6484253781820615
661,2018-10-28 13:00:00,5.864e-06,0.29053646764840135
662,2018-10-28 14:00:00,2.163e-06,0.18435617921691727
663,2018-10-28 15:00:00,7.613e-06,0.12738556828338643
664,2018-10-28 16:00:00,0.000167142,0.6262768756849378
665,2018-10-28 17:00:00,0.000197832,0.6558502256130864
666,2018-10-28 18:00:00,0.000222141,0.12183336386527521
667,2018-10-28 19:00:00,0.000153508,0.16802981219369173
668,2018-10-28 20:00:00,0.00011726,0.7658388877758044
669,2018-10-28 21:00:00,7.7702e-05,0.969860149810987
670,2018-10-28 22:00:00,3.832e-05,0.18316000248119158
671,2018-10-28 23:00:00,2.1066e-05,0.3904057656800981
672,2018-10-29 00:00:00,3.51e-06,0.8567958951404546
673,2018-10-29 01:00:00,0.0,0.02021873273109298
674,2018-10-29 02:00:00,5.648e-06,0.29411089220453424
675,2018-10-29 03:00:00,9.783e-06,0.5459546876366458
676,2018-10-29 04:00:00,8.246e-06,0.055181784494774955
677,2018-10-29 05:00:00,1.337e-06,0.144202297479183
678,2018-10-29 06:00:00,0.0,0.26235129788990075
679,2018-10-29 07:00:00,2.118e-06,0.1856601066708048
680,2018-10-29 08:00:00,0.0,0.25180561537763435
681,2018-10-29 09:00:00,3.5429e-05,0.3483668902316778
682,2018-10-29 10:00:00,3.5687e-05,0.12083922839174832
683,2018-10-29 11:00:00,2.1893e-05,0.09710767912851337
684,2018-10-29 12:00:00,1.158e-05,0.18800859518831736
685,2018-10-29 13:00:00,5.451e-06,0.07890450232856183
686,2018-10-29 14:00:00,0.0,0.12980580526583352
687,2018-10-29 15:00:00,0.0,0.2356045800765395
688,2018-10-29 16:00:00,0.0,0.05765775998369116
689,2018-10-29 17:00:00,0.0,0.9465066563719036
690,2018-10-29 18:00:00,0.0,0.2562354540856725
691,2018-10-29 19:00:00,0.0,0.6960361829513031
692,2018-10-29 20:00:00,0.0,0.28398762966772795
693,2018-10-29 21:00:00,0.709724963,0.06009902145845214
694,2018-10-29 22:00:00,0.148406506,0.7827738786613045
695,2018-10-29 23:00:00,0.074503079,0.20106318740541507
696,2018-10-30 00:00:00,0.037520539,0.5617881379470846
697,2018-10-30 01:00:00,0.025340062,0.1814751710612672
698,2018-10-30 02:00:00,0.016652819,0.9340129070941776
699,2018-10-30 03:00:00,0.010932829,0.14980803852196123
700,2018-10-30 04:00:00,0.007040393,0.5304192617410327
701,2018-10-30 05:00:00,0.006451514,0.07542672274726914
702,2018-10-30 06:00:00,0.004426729,0.8322641155380825
703,2018-10-30 07:00:00,0.00305289,0.5443189274620193
704,2018-10-30 08:00:00,0.002089837,0.9043898311798042
705,2018-10-30 09:00:00,0.001459199,0.1473276582220726
706,2018-10-30 10:00:00,0.000844824,0.5676689744137103
707,2018-10-30 11:00:00,0.000692127,0.6806305364377141
708,2018-10-30 12:00:00,0.000649053,0.44727709660196535
709,2018-10-30 13:00:00,0.000290991,0.6345598282114367
710,2018-10-30 14:00:00,0.000146037,0.9304804935086076
711,2018-10-30 15:00:00,2.1695e-05,0.7641660146064337
712,2018-10-30 16:00:00,0.000350061,0.982258459549975
713,2018-10-30 17:00:00,0.000541433,0.26226878903981754
714,2018-10-30 18:00:00,0.00063255,0.8702999661418906
715,2018-10-30 19:00:00,0.000501595,0.8448594757987217
716,2018-10-30 20:00:00,0.130202547,0.6111173590938984
717,2018-10-30 21:00:00,0.186895519,0.13200876110051496
718,2018-10-30 22:00:00,0.470478952,0.4111477537895679
719,2018-10-30 23:00:00,0.878947735,0.8255304034779644
720,2018-10-31 00:00:00,1.0574193,0.236458394855796
721,2018-10-31 01:00:00,1.09956789,0.9893744882403915
722,2018-10-31 02:00:00,1.104535699,0.19345214070660333
723,2018-10-31 03:00:00,1.120789886,0.14286769328098214
724,2018-10-31 04:00:00,1.16990149,0.5334367644550502
725,2018-10-31 05:00:00,1.190720439,0.38926497224228573
726,2018-10-31 06:00:00,1.2320925,0.8106556141684469
727,2018-10-31 07:00:00,1.271749735,0.4336765348453925
728,2018-10-31 08:00:00,1.307407737,0.8703806058829017
729,2018-10-31 09:00:00,1.334096313,0.32399172968544
730,2018-10-31 10:00:00,1.347888708,0.5467309861088193
731,2018-10-31 11:00:00,1.366538048,0.3594926395180643
732,2018-10-31 12:00:00,1.377266884,0.274168293685339
733,2018-10-31 13:00:00,1.389940739,0.34175096969962604
734,2018-10-31 14:00:00,1.408833504,0.46216954351499995
735,2018-10-31 15:00:00,1.415348053,0.3943201756115212
736,2018-10-31 16:00:00,1.470162153,0.7095151202506801
737,2018-10-31 17:00:00,1.577830553,0.8459675951161332
738,2018-10-31 18:00:00,1.666693926,0.9575445885208494
739,2018-10-31 19:00:00,1.551234961,0.6570373144491136
740,2018-10-31 20:00:00,1.556608558,0.5452050386328673
741,2018-10-31 21:00:00,1.568892002,0.6270242489555212
742,2018-10-31 22:00:00,1.565558195,0.38659440752914676
743,2018-10-31 23:00:00,1.565833807,0.4703224539735432
744,2018-11-01 00:00:00,1.559797406,0.255647344435909
745,2018-11-01 01:00:00,1.558968902,0.8016999597383219
746,2018-11-01 02:00:00,1.555822015,0.10770255024389741
747,2018-11-01 03:00:00,1.548581481,0.0827460827515093
748,2018-11-01 04:00:00,1.533695817,0.36980058836808083
749,2018-11-01 05:00:00,1.512393117,0.5764467997464254
750,2018-11-01 06:00:00,1.493204594,0.41163952564358475
751,2018-11-01 07:00:00,1.483086705,0.2481304167473114
752,2018-11-01 08:00:00,1.473124504,0.9768782601459196
753,2018-11-01 09:00:00,1.457735777,0.49438247517304024
754,2018-11-01 10:00:00,1.442580342,0.45167531836514374
755,2018-11-01 11:00:00,1.437426686,0.5290523539916243
756,2018-11-01 12:00:00,1.434237003,0.45463123045809506
757,2018-11-01 13:00:00,1.438426495,0.5224582935755876
758,2018-11-01 14:00:00,1.440493107,0.5148631410012254
759,2018-11-01 15:00:00,1.444618106,0.33892823610903744
760,2018-11-01 16:00:00,1.440240979,0.7984934419072924
761,2018-11-01 17:00:00,1.427719235,0.9179705796781306
762,2018-11-01 18:00:00,1.759699583,0.6262502980017814
763,2018-11-01 19:00:00,1.763138652,0.6187545729137276
764,2018-11-01 20:00:00,1.772482634,0.5435489664331725
765,2018-11-01 21:00:00,1.777239442,0.4136128731022597
766,2018-11-01 22:00:00,1.780170918,0.31384387519183843
767,2018-11-01 23:00:00,1.776635408,0.6854423512622473
768,2018-11-02 00:00:00,1.776822329,0.116852346738201
769,2018-11-02 01:00:00,1.778875947,0.021536453921382037
770,2018-11-02 02:00:00,1.778378725,0.5309103792459607
771,2018-11-02 03:00:00,1.779137492,0.7376432421782301
772,2018-11-02 04:00:00,1.779147863,0.4064156243733197
773,2018-11-02 05:00:00,1.779048562,0.18692336023994482
774,2018-11-02 06:00:00,1.776050925,0.0785426650652219
775,2018-11-02 07:00:00,1.774121642,0.8249336212264009
776,2018-11-02 08:00:00,1.769715428,0.2644387500958687
777,2018-11-02 09:00:00,1.76954031,0.416736667630199
778,2018-11-02 10:00:00,1.769217849,0.8235369768336237
779,2018-11-02 11:00:00,1.768069148,0.21201495911048018
780,2018-11-02 12:00:00,1.768157363,0.5246458819077856
781,2018-11-02 13:00:00,1.768913388,0.6064566912712758
782,2018-11-02 14:00:00,1.768321037,0.4910747331856561
783,2018-11-02 15:00:00,1.765291572,0.460183377225828
784,2018-11-02 16:00:00,1.759964585,0.660254436667672
785,2018-11-02 17:00:00,1.789674878,0.8605133821054081
786,2018-11-02 18:00:00,1.823100686,0.4772471601184787
787,2018-11-02 19:00:00,2.002386332,0.4289573587475791
788,2018-11-02 20:00:00,2.210776329,0.6149398163407915
789,2018-11-02 21:00:00,2.354681492,0.6645510779675985
790,2018-11-02 22:00:00,2.43764472,0.13640743281762502
791,2018-11-02 23:00:00,2.467698336,0.6981008011960314
792,2018-11-03 00:00:00,2.494461536,0.6690729736304641
793,2018-11-03 01:00:00,2.510926962,0.9778288919244977
794,2018-11-03 02:00:00,2.535511017,0.09662488433611105
795,2018-11-03 03:00:00,2.563095331,0.9550493369143109
796,2018-11-03 04:00:00,2.591018677,0.3002354444543973
797,2018-11-03 05:00:00,2.618088245,0.929466243086956
798,2018-11-03 06:00:00,2.649535418,0.5280970464562728
799,2018-11-03 07:00:00,2.675150633,0.9047959406684466
800,2018-11-03 08:00:00,2.821197033,0.9418228821629486
801,2018-11-03 09:00:00,5.233653069,0.7893576813389838
802,2018-11-03 10:00:00,5.555987358,0.5862454953324888
803,2018-11-03 11:00:00,5.786919594,0.966394311665666
804,2018-11-03 12:00:00,5.977334499,0.4942620407337015
805,2018-11-03 13:00:00,6.116573334,0.6697241149591876
806,2018-11-03 14:00:00,6.19258213,0.5911859949142201
807,2018-11-03 15:00:00,6.280106544,0.9872334957069773
808,2018-11-03 16:00:00,6.335407257,0.7387747825511831
809,2018-11-03 17:00:00,6.350412846,0.7263732690005147
810,2018-11-03 18:00:00,6.558037758,0.5644341355119847
811,2018-11-03 19:00:00,6.761543751,0.8778904164506586
812,2018-11-03 20:00:00,6.816101074,0.5225659129307139
813,2018-11-03 21:00:00,6.852668762,0.578880978938035
814,2018-11-03 22:00:00,6.886203766,0.3001957072254269
815,2018-11-03 23:00:00,6.913519859,0.19710970296184116
816,2018-11-04 00:00:00,6.939788818,0.27063657937050134
817,2018-11-04 01:00:00,6.96261692,0.22580774040028984
818,2018-11-04 02:00:00,6.982197762,0.6215895612185373
819,2018-11-04 03:00:00,7.005992889,0.8268641657855601
820,2018-11-04 04:00:00,7.027602196,0.8657141387652116
821,2018-11-04 05:00:00,7.047470093,0.6504946544658397
822,2018-11-04 06:00:00,7.064558029,0.16255531421012281
823,2018-11-04 07:00:00,7.139246941,0.346076917339993
824,2018-11-04 08:00:00,7.15880394,0.09296484756241874
825,2018-11-04 09:00:00,7.177109718,0.05698968722330988
826,2018-11-04 10:00:00,7.18970871,0.4844695971956262
827,2018-11-04 11:00:00,7.205226898,0.7170652057903093
828,2018-11-04 12:00:00,7.220163345,0.20559997223597526
829,2018-11-04 13:00:00,7.23502636,0.9920083786143604
830,2018-11-04 14:00:00,7.242495537,0.09463822100545716
831,2018-11-04 15:00:00,7.236332893,0.8296919177095493
832,2018-11-04 16:00:00,7.221240044,0.9200455887674792
833,2018-11-04 17:00:00,7.20291853,0.13143614434977335
834,2018-11-04 18:00:00,7.17702961,0.35593794947400803
835,2018-11-04 19:00:00,7.154964447,0.32717540266123135
836,2018-11-04 20:00:00,7.11974144,0.12957168346383008
837,2018-11-04 21:00:00,7.105031013,0.6709954453290642
838,2018-11-04 22:00:00,7.093445301,0.25029193322145915
839,2018-11-04 23:00:00,7.086693764,0.4484218043325172
840,2018-11-05 00:00:00,7.444101334,0.7440183998218061
841,2018-11-05 01:00:00,8.848085403,0.4305238281252938
842,2018-11-05 02:00:00,9.171681404,0.29068046343143084
843,2018-11-05 03:00:00,9.354766846,0.005831723628711094
844,2018-11-05 04:00:00,11.43208313,0.3554161893020542
845,2018-11-05 05:00:00,11.741855621,0.9743906840145503
846,2018-11-05 06:00:00,12.308964729,0.9823083187184859
847,2018-11-05 07:00:00,13.089387894,0.6175319583856318
848,2018-11-05 08:00:00,13.394552231,0.9585248592940894
849,2018-11-05 09:00:00,13.637487411,0.5133782001392777
850,2018-11-05 10:00:00,13.77785778,0.05224507521594102
851,2018-11-05 11:00:00,13.895383835,0.17324713532144176
852,2018-11-05 12:00:00,13.978055,0.3182607952209592
853,2018-11-05 13:00:00,14.051991463,0.5897195530435018
854,2018-11-05 14:00:00,14.106568336,0.5712432663021969
855,2018-11-05 15:00:00,14.127662659,0.87168635903167
856,2018-11-05 16:00:00,14.136585236,0.9924124329168399
857,2018-11-05 17:00:00,14.128034592,0.3813207309513288
858,2018-11-05 18:00:00,14.102108955,0.7275543951452279
859,2018-11-05 19:00:00,14.074742317,0.7133531979210129
860,2018-11-05 20:00:00,14.049407959,0.6478796099716542
861,2018-11-05 21:00:00,14.031139374,0.8797965712197222
862,2018-11-05 22:00:00,14.01832962,0.3083245464433131
863,2018-11-05 23:00:00,14.02011776,0.6309471093039385
864,2018-11-06 00:00:00,14.019937515,0.20001652455842533
865,2018-11-06 01:00:00,14.027606964,0.2285580332656476
866,2018-11-06 02:00:00,14.032726288,0.8448736196351398
867,2018-11-06 03:00:00,14.040756226,0.29001624387293923
868,2018-11-06 04:00:00,14.05065155,0.9452741182230534
869,2018-11-06 05:00:00,14.060430527,0.31361237992383983
870,2018-11-06 06:00:00,14.069459915,0.07463649207768153
871,2018-11-06 07:00:00,14.075925827,0.09347112628642429
872,2018-11-06 08:00:00,14.079330444,0.002199796223911976
873,2018-11-06 09:00:00,14.078771591,0.6017762689571589
874,2018-11-06 10:00:00,14.083749771,0.46300915998228087
875,2018-11-06 11:00:00,14.084350586,0.9922017658029837
876,2018-11-06 12:00:00,14.079637527,0.8130513627976963
877,2018-11-06 13:00:00,14.070293427,0.971991005874058
878,2018-11-06 14:00:00,14.057297707,0.32198232663757875
879,2018-11-06 15:00:00,14.0337677,0.7544608446522012
880,2018-11-06 16:00:00,13.998618126,0.5502188562527169
881,2018-11-06 17:00:00,13.951848984,0.6340571260727247
882,2018-11-06 18:00:00,13.886285782,0.6039704078293479
883,2018-11-06 19:00:00,13.815588951,0.059158529128989334
884,2018-11-06 20:00:00,13.777441025,0.48346260374257943
885,2018-11-06 21:00:00,13.755924225,0.8879707816643378
886,2018-11-06 22:00:00,13.750723839,0.5684005967219907
887,2018-11-06 23:00:00,13.727487564,0.8242601736457479
888,2018-11-07 00:00:00,13.707587242,0.9799558751805993
889,2018-11-07 01:00:00,13.687207222,0.1978913449889408
890,2018-11-07 02:00:00,13.667398453,0.33449671157529925
891,2018-11-07 03:00:00,13.665147781,0.7646620798921776
892,2018-11-07 04:00:00,13.667149544,0.08498301176181511
893,2018-11-07 05:00:00,13.663244247,0.8391238483531485
894,2018-11-07 06:00:00,13.663566589,0.3015997161109102
895,2018-11-07 07:00:00,13.666557312,0.8235038027314292
896,2018-11-07 08:00:00,13.668397903,0.23438487295331467
897,2018-11-07 09:00:00,13.669795036,0.719755572457415
898,2018-11-07 10:00:00,13.671988487,0.5657731983995133
899,2018-11-07 11:00:00,13.674313545,0.010143873980787865
900,2018-11-07 12:00:00,13.677325249,0.44429051955337384
901,2018-11-07 13:00:00,13.680603027,0.8509979637919569
902,2018-11-07 14:00:00,13.681663513,0.21254303390390383
903,2018-11-07 15:00:00,13.670928955,0.8035800604728347
904,2018-11-07 16:00:00,13.656347275,0.41224179507950354
905,2018-11-07 17:00:00,13.633110046,0.6526047034634788
906,2018-11-07 18:00:00,13.600372314,0.19987214033328327
907,2018-11-07 19:00:00,13.547729492,0.2603824490035558
908,2018-11-07 20:00:00,13.475816727,0.08645400348649912
909,2018-11-07 21:00:00,13.422519684,0.657028551930835
910,2018-11-07 22:00:00,13.392835617,0.1915207522704524
911,2018-11-07 23:00:00,13.38938427,0.18282031668406462
912,2018-11-08 00:00:00,13.385110855,0.12045842146878727
913,2018-11-08 01:00:00,13.381320953,0.7178705042874934
914,2018-11-08 02:00:00,13.380788803,0.625039017033683
915,2018-11-08 03:00:00,13.375795364,0.8692097023899984
916,2018-11-08 04:00:00,13.373117447,0.5504708633409241
917,2018-11-08 05:00:00,13.376893997,0.03274866941993271
918,2018-11-08 06:00:00,13.381015778,0.41945011461877724
919,2018-11-08 07:00:00,13.384921074,0.6820500179371738
920,2018-11-08 08:00:00,13.38969326,0.12360954278370095
921,2018-11-08 09:00:00,13.395010948,0.4234116439121214
922,2018-11-08 10:00:00,13.399433136,0.19944704501085764
923,2018-11-08 11:00:00,13.404634476,0.9494579827411458
924,2018-11-08 12:00:00,13.409543991,0.3378266237775065
925,2018-11-08 13:00:00,13.414326668,0.48631134208434745
926,2018-11-08 14:00:00,13.416512489,0.5050543754995256
927,2018-11-08 15:00:00,13.414803505,0.02196170971635747
928,2018-11-08 16:00:00,13.404629707,0.2403019992117299
929,2018-11-08 17:00:00,13.384442329,0.015367230304354496
930,2018-11-08 18:00:00,13.345309258,0.8925020837079494
931,2018-11-08 19:00:00,13.30313015,0.18024542433437551
932,2018-11-08 20:00:00,13.264158249,0.9400475663898109
933,2018-11-08 21:00:00,13.23866272,0.14267389083144355
934,2018-11-08 22:00:00,13.220863342,0.08344263142859842
935,2018-11-08 23:00:00,13.219248772,0.7556703190749725
936,2018-11-09 00:00:00,13.220199585,0.9596807647050456
937,2018-11-09 01:00:00,13.219057083,0.12497031235708322
938,2018-11-09 02:00:00,13.214136124,0.2758265145912987
939,2018-11-09 03:00:00,13.194776535,0.6832791492482555
940,2018-11-09 04:00:00,13.170771599,0.024790579324201922
941,2018-11-09 05:00:00,13.143138885,0.2382400666023493
942,2018-11-09 06:00:00,13.114726067,0.2918628938060017
943,2018-11-09 07:00:00,13.093332291,0.8314760439585209
944,2018-11-09 08:00:00,13.088838577,0.9651067850014865
945,2018-11-09 09:00:00,13.078281403,0.041853004002819105
946,2018-11-09 10:00:00,13.057855606,0.9564971034547807
947,2018-11-09 11:00:00,13.044809341,0.9675323535671785
948,2018-11-09 12:00:00,13.040237427,0.07934610111762008
949,2018-11-09 13:00:00,13.038843155,0.6471195891316184
950,2018-11-09 14:00:00,13.029762268,0.7583282038722681
951,2018-11-09 15:00:00,13.013835907,0.3883825636793772
952,2018-11-09 16:00:00,12.987977028,0.8318897586955393
953,2018-11-09 17:00:00,12.957417488,0.018705560425326007
954,2018-11-09 18:00:00,12.911282539,0.4386496243712863
955,2018-11-09 19:00:00,12.85203743,0.7195366440292688
956,2018-11-09 20:00:00,12.790173531,0.8755012180427625
957,2018-11-09 21:00:00,12.743150711,0.3840793203669496
958,2018-11-09 22:00:00,12.716211319,0.3037691211224983
959,2018-11-09 23:00:00,12.71028614,0.28330895618309204
960,2018-11-10 00:00:00,12.709197998,0.07987180109937497
961,2018-11-10 01:00:00,12.712567329,0.5610575457670608
962,2018-11-10 02:00:00,12.711889267,0.07221719535651938
963,2018-11-10 03:00:00,12.712191582,0.544329172608572
964,2018-11-10 04:00:00,12.708593369,0.28371364422969947
965,2018-11-10 05:00:00,12.701478958,0.5298213935195452
966,2018-11-10 06:00:00,12.691096306,0.4937199006605003
967,2018-11-10 07:00:00,12.685323715,0.23284896643497255
968,2018-11-10 08:00:00,12.671070099,0.8564649496759401
969,2018-11-10 09:00:00,12.660308838,0.31563574478807366
970,2018-11-10 10:00:00,12.654463768,0.11042884642430084
971,2018-11-10 11:00:00,12.63461113,0.8809264620961014
972,2018-11-10 12:00:00,12.607384682,0.6082102448454457
973,2018-11-10 13:00:00,12.594675064,0.3168054183848402
974,2018-11-10 14:00:00,12.579024315,0.7537139749176993
975,2018-11-10 15:00:00,12.553840637,0.4053948354037983
976,2018-11-10 16:00:00,12.521715164,0.020842582840717494
977,2018-11-10 17:00:00,12.492961884,0.2879420645597124
978,2018-11-10 18:00:00,12.445922852,0.25954790598188227
979,2018-11-10 19:00:00,12.403014183,0.3806522850799041
980,2018-11-10 20:00:00,12.324602127,0.7175953136002721
981,2018-11-10 21:00:00,12.25599575,0.13763449417136508
982,2018-11-10 22:00:00,12.211112976,0.6612669240882502
983,2018-11-10 23:00:00,12.206000328,0.8749372484963497
984,2018-11-11 00:00:00,12.185462952,0.2810222490192633
985,2018-11-11 01:00:00,12.16469574,0.7855861448481544
986,2018-11-11 02:00:00,12.142587662,0.5040968761038207
987,2018-11-11 03:00:00,12.124567032,0.21094195501159685
988,2018-11-11 04:00:00,12.104395866,0.46458474648351544
989,2018-11-11 05:00:00,12.087230682,0.28891533237193834
990,2018-11-11 06:00:00,12.07749939,0.9068596978904808
991,2018-11-11 07:00:00,12.065567017,0.6345171970859926
992,2018-11-11 08:00:00,12.052360535,0.03969593504578073
993,2018-11-11 09:00:00,12.051399231,0.45255965881897364
994,2018-11-11 10:00:00,12.039200783,0.09294461584394709
995,2018-11-11 11:00:00,12.037237167,0.10982251212799887
996,2018-11-11 12:00:00,12.040046692,0.2914259907799446
997,2018-11-11 13:00:00,12.044977188,0.262392751966397
998,2018-11-11 14:00:00,12.043357849,0.07506221027838278
999,2018-11-11 15:00:00,12.029148102,0.1691861960429466
1000,2018-11-11 16:00:00,12.006164551,0.43785670494931894
1001,2018-11-11 17:00:00,11.973816872,0.23546590968433678
1002,2018-11-11 18:00:00,11.932138443,0.22835340922162628
1003,2018-11-11 19:00:00,11.888309479,0.28648821769736477
1004,2018-11-11 20:00:00,11.852437973,0.7223825740554902
1005,2018-11-11 21:00:00,11.824827194,0.2790698629991818
1006,2018-11-11 22:00:00,11.810260773,0.4839199871600489
1007,2018-11-11 23:00:00,11.805449486,0.3220518427196334
1008,2018-11-12 00:00:00,11.806269646,0.33820786451040974
1009,2018-11-12 01:00:00,11.843431473,0.29734710280065624
1010,2018-11-12 02:00:00,11.848308563,0.6049557823960311
1011,2018-11-12 03:00:00,11.85453701,0.002104376379859496
1012,2018-11-12 04:00:00,11.860926628,0.8228601886466542
1013,2018-11-12 05:00:00,11.864261627,0.3168439618466191
1014,2018-11-12 06:00:00,11.865801811,0.6778831405622208
1015,2018-11-12 07:00:00,11.8673172,0.7252950219839056
1016,2018-11-12 08:00:00,11.869409561,0.724547903264943
1017,2018-11-12 09:00:00,11.870843887,0.08329713696768482
1018,2018-11-12 10:00:00,11.872076035,0.4668517683812655
1019,2018-11-12 11:00:00,11.87333107,0.03928695261511461
1020,2018-11-12 12:00:00,11.872938156,0.2692771773538729
1021,2018-11-12 13:00:00,11.873176575,0.36194164697841813
1022,2018-11-12 14:00:00,11.870723724,0.6267951153444202
1023,2018-11-12 15:00:00,11.8632164,0.4679681832091108
1024,2018-11-12 16:00:00,11.845981598,0.7770301966643692
1025,2018-11-12 17:00:00,11.817598343,0.46751720404554864
1026,2018-11-12 18:00:00,11.781587601,0.41841392009364375
1027,2018-11-12 19:00:00,11.744847298,0.19296589398782904
1028,2018-11-12 20:00:00,11.710544586,0.7339807604864375
1029,2018-11-12 21:00:00,11.690974236,0.1880358097849696
1030,2018-11-12 22:00:00,11.680721283,0.8757937681116957
1031,2018-11-12 23:00:00,11.682455063,0.03617638079247243
1032,2018-11-13 00:00:00,11.685494423,0.17245389159758395
1033,2018-11-13 01:00:00,11.689735413,0.018794616880518533
1034,2018-11-13 02:00:00,11.691126823,0.8219202329592591
1035,2018-11-13 03:00:00,11.682935715,0.8048528607154288
1036,2018-11-13 04:00:00,11.672374725,0.893783987584594
1037,2018-11-13 05:00:00,11.671028137,0.6457965654359651
1038,2018-11-13 06:00:00,11.669329643,0.13948914260752154
1039,2018-11-13 07:00:00,11.668915749,0.26342882779241883
1040,2018-11-13 08:00:00,11.668743134,0.33249314916617334
1041,2018-11-13 09:00:00,11.669614792,0.683911742448176
1042,2018-11-13 10:00:00,11.668920517,0.9985371198747638
1043,2018-11-13 11:00:00,11.660547256,0.334871815578756
1044,2018-11-13 12:00:00,11.654298782,0.21085958580588204
1045,2018-11-13 13:00:00,11.647080421,0.7016071430007013
1046,2018-11-13 14:00:00,11.638879776,0.14598756506902444
1047,2018-11-13 15:00:00,11.615032196,0.2301058243679629
1048,2018-11-13 16:00:00,11.578577995,0.5815622403005651
1049,2018-11-13 17:00:00,11.528344154,0.3739251631429851
1050,2018-11-13 18:00:00,11.466155052,0.4536622810884511
1051,2018-11-13 19:00:00,11.405168533,0.7800849935856661
1052,2018-11-13 20:00:00,11.348534584,0.5153197224358633
1053,2018-11-13 21:00:00,11.302200317,0.8041245089849414
1054,2018-11-13 22:00:00,11.279773712,0.8392272050871948
1055,2018-11-13 23:00:00,11.270772934,0.48176275838049
1056,2018-11-14 00:00:00,11.271989822,0.1719436722855031
1057,2018-11-14 01:00:00,11.275219917,0.9557376943785173
1058,2018-11-14 02:00:00,11.273467064,0.5228165469931229
1059,2018-11-14 03:00:00,11.267033577,0.3854630958289861
1060,2018-11-14 04:00:00,11.252667427,0.9140497419454277
1061,2018-11-14 05:00:00,11.232574463,0.19259283379311998
1062,2018-11-14 06:00:00,11.210925102,0.06213817811577338
1063,2018-11-14 07:00:00,11.193220139,0.45639258518689385
1064,2018-11-14 08:00:00,11.176599503,0.5709290519909043
1065,2018-11-14 09:00:00,11.160531998,0.8018922924744811
1066,2018-11-14 10:00:00,11.138174057,0.9558306537310004
1067,2018-11-14 11:00:00,11.107501984,0.15478836577160104
1068,2018-11-14 12:00:00,11.078384399,0.5482071078577427
1069,2018-11-14 13:00:00,11.051202774,0.7894376059044886
1070,2018-11-14 14:00:00,11.021583557,0.9731603716954316
1071,2018-11-14 15:00:00,10.973945618,0.788231520215346
1072,2018-11-14 16:00:00,10.921470642,0.39327080008070947
1073,2018-11-14 17:00:00,10.874955177,0.665743484562809
1074,2018-11-14 18:00:00,10.812189102,0.6110252458530289
1075,2018-11-14 19:00:00,10.751180649,0.3585944079033063
1076,2018-11-14 20:00:00,10.687098503,0.5845532234815978
1077,2018-11-14 21:00:00,10.632091522,0.8999536039576306
1078,2018-11-14 22:00:00,10.592262268,0.732569537604439
1079,2018-11-14 23:00:00,10.586797714,0.4752444536589632
1080,2018-11-15 00:00:00,10.586629868,0.6542397570809386
1081,2018-11-15 01:00:00,10.588459015,0.17437944520450122
1082,2018-11-15 02:00:00,10.587982178,0.09636410161773157
1083,2018-11-15 03:00:00,10.585437775,0.17058376828421506
1084,2018-11-15 04:00:00,10.586610794,0.8782962942029441
1085,2018-11-15 05:00:00,10.588489532,0.19638084842017722
1086,2018-11-15 06:00:00,10.589223862,0.7065828122979256
1087,2018-11-15 07:00:00,10.586543083,0.01687810250913513
1088,2018-11-15 08:00:00,10.58459568,0.8159545979270648
1089,2018-11-15 09:00:00,10.580461502,0.663854138903372
1090,2018-11-15 10:00:00,10.575940132,0.8330721042188185
1091,2018-11-15 11:00:00,10.565662384,0.6596216693850615
1092,2018-11-15 12:00:00,10.540663719,0.5872015042176549
1093,2018-11-15 13:00:00,10.521514893,0.9977620113743864
1094,2018-11-15 14:00:00,10.517814636,0.6834118988510173
1095,2018-11-15 15:00:00,10.479902267,0.25827980930904415
1096,2018-11-15 16:00:00,10.43568325,0.38576960502019586
1097,2018-11-15 17:00:00,10.387515068,0.498534834516439
1098,2018-11-15 18:00:00,10.336831093,0.2078946104068523
1099,2018-11-15 19:00:00,10.284333229,0.7856633269629206
1100,2018-11-15 20:00:00,10.213236809,0.7113742335357592
1101,2018-11-15 21:00:00,10.112969398,0.33027793858868815
1102,2018-11-15 22:00:00,10.042593002,0.2844425325756994
1103,2018-11-15 23:00:00,10.02116394,0.5751974030444794
1104,2018-11-16 00:00:00,10.017496109,0.29891409441631456
1105,2018-11-16 01:00:00,10.016828537,0.7746384220764184
1106,2018-11-16 02:00:00,10.016475677,0.8066369040886885
1107,2018-11-16 03:00:00,10.018841743,0.006258782684008257
1108,2018-11-16 04:00:00,10.01512146,0.7408031931778176
1109,2018-11-16 05:00:00,10.013374329,0.47849741328231143
1110,2018-11-16 06:00:00,10.013923645,0.7813164063634119
1111,2018-11-16 07:00:00,10.01064682,0.7054406927495277
1112,2018-11-16 08:00:00,9.998767853,0.5458906755487474
1113,2018-11-16 09:00:00,9.991612434,0.2805323552057265
1114,2018-11-16 10:00:00,9.975805283,0.27405430264242037
1115,2018-11-16 11:00:00,9.973884583,0.5260785859925005
1116,2018-11-16 12:00:00,9.973058701,0.9470044978178249
1117,2018-11-16 13:00:00,9.970300674,0.19810274752009804
1118,2018-11-16 14:00:00,9.96355629,0.9707609579140357
1119,2018-11-16 15:00:00,9.941179276,0.4733808798670961
1120,2018-11-16 16:00:00,9.920892715,0.2602572141178702
1121,2018-11-16 17:00:00,9.876022339,0.9643840903158895
1122,2018-11-16 18:00:00,9.825365067,0.5529408308603979
1123,2018-11-16 19:00:00,9.77380085,0.5650385983852699
1124,2018-11-16 20:00:00,9.69908905,0.9095059185167257
1125,2018-11-16 21:00:00,9.622718811,0.4759828227319617
1126,2018-11-16 22:00:00,9.577967644,0.8778882184754454
1127,2018-11-16 23:00:00,9.5703125,0.4271487174530817
1128,2018-11-17 00:00:00,9.568638802,0.9060070544133075
1129,2018-11-17 01:00:00,9.567500114,0.4804304563878711
1130,2018-11-17 02:00:00,9.569519043,0.14167409256477836
1131,2018-11-17 03:00:00,9.567429543,0.15738455194786405
1132,2018-11-17 04:00:00,9.563437462,0.8035728975899962
1133,2018-11-17 05:00:00,9.562561035,0.007621194361215555
1134,2018-11-17 06:00:00,9.560916901,0.7696512829260578
1135,2018-11-17 07:00:00,9.558856964,0.6059652971981501
1136,2018-11-17 08:00:00,9.556533813,0.8336727495225074
1137,2018-11-17 09:00:00,9.557788849,0.8925377872431325
1138,2018-11-17 10:00:00,9.559658051,0.9157278900633083
1139,2018-11-17 11:00:00,9.56161499,0.659692056473343
1140,2018-11-17 12:00:00,9.563898087,0.8276381061859016
1141,2018-11-17 13:00:00,9.566440582,0.3526555186210384
1142,2018-11-17 14:00:00,9.568758011,0.4013518803130752
1143,2018-11-17 15:00:00,9.565210342,0.818987687671024
1144,2018-11-17 16:00:00,9.54888916,0.7607624498718916
1145,2018-11-17 17:00:00,9.518877029,0.04206049381377319
1146,2018-11-17 18:00:00,9.475847244,0.15470308632730934
1147,2018-11-17 19:00:00,9.42328167,0.9657343499809065
1148,2018-11-17 20:00:00,9.345417023,0.022095026532300333
1149,2018-11-17 21:00:00,9.27881813,0.9168541975268529
1150,2018-11-17 22:00:00,9.235030174,0.3064483415114915
1151,2018-11-17 23:00:00,9.2076931,0.7092755966151164
1152,2018-11-18 00:00:00,9.194469452,0.9964503087246241
1153,2018-11-18 01:00:00,9.187666893,0.7548421876760304
1154,2018-11-18 02:00:00,9.183549881,0.6648641470660389
1155,2018-11-18 03:00:00,9.182952881,0.3221145414303932
1156,2018-11-18 04:00:00,9.178785324,0.7859427283066488
1157,2018-11-18 05:00:00,9.178892136,0.5004189634777845
1158,2018-11-18 06:00:00,9.180868149,0.915663221039266
1159,2018-11-18 07:00:00,9.184459686,0.3185643656457695
1160,2018-11-18 08:00:00,9.187840462,0.7390065636571266
1161,2018-11-18 09:00:00,9.193748474,0.31210980803999055
1162,2018-11-18 10:00:00,9.199544907,0.9647221729919709
1163,2018-11-18 11:00:00,9.206310272,0.9368786213598501
1164,2018-11-18 12:00:00,9.215583801,0.771770328140296
1165,2018-11-18 13:00:00,9.22359848,0.3389512205575276
1166,2018-11-18 14:00:00,9.232449532,0.7775380551861295
1167,2018-11-18 15:00:00,9.23197937,0.5162057137853325
1168,2018-11-18 16:00:00,9.219548225,0.23006129652900753
1169,2018-11-18 17:00:00,9.191039085,0.3718398128707351
1170,2018-11-18 18:00:00,9.143159866,0.26586884213310946
1171,2018-11-18 19:00:00,9.097344398,0.5355201829927924
1172,2018-11-18 20:00:00,9.05213356,0.3575903412099428
1173,2018-11-18 21:00:00,9.016469002,0.5771897245974561
1174,2018-11-18 22:00:00,8.990535736,0.2901217596086878
1175,2018-11-18 23:00:00,8.980552673,0.953384737018775
1176,2018-11-19 00:00:00,8.983569145,0.9202367085335735
1177,2018-11-19 01:00:00,8.987535477,0.7524401952102852
1178,2018-11-19 02:00:00,8.988232613,0.022474751816858318
1179,2018-11-19 03:00:00,8.983874321,0.7417810464541139
1180,2018-11-19 04:00:00,8.970212936,0.9632158068128066
1181,2018-11-19 05:00:00,8.959255219,0.40237355551063725
1182,2018-11-19 06:00:00,8.943447113,0.7199064328720239
1183,2018-11-19 07:00:00,8.909844398,0.175470685447092
1184,2018-11-19 08:00:00,8.873527527,0.20320730715851765
1185,2018-11-19 09:00:00,8.854646683,0.5749208505587908
1186,2018-11-19 10:00:00,8.844465256,0.2968405083878852
1187,2018-11-19 11:00:00,8.824067116,0.5118965005077596
1188,2018-11-19 12:00:00,8.80888176,0.9685135408203034
1189,2018-11-19 13:00:00,8.800197601,0.9595804771283203
1190,2018-11-19 14:00:00,8.792705536,0.42875139988238187
1191,2018-11-19 15:00:00,8.776491165,0.12993841688392382
1192,2018-11-19 16:00:00,8.75487709,0.8611218057206002
1193,2018-11-19 17:00:00,8.720991135,0.34187379549540764
1194,2018-11-19 18:00:00,8.673376083,0.9073067289883056
1195,2018-11-19 19:00:00,8.625606537,0.16146516384540766
1196,2018-11-19 20:00:00,8.562911034,0.39977496179494143
1197,2018-11-19 21:00:00,8.511065483,0.2097107885298386
1198,2018-11-19 22:00:00,8.477615356,0.6032352716186318
1199,2018-11-19 23:00:00,8.473104477,0.6815062888912172
1200,2018-11-20 00:00:00,8.465744019,0.8911229833703268
1201,2018-11-20 01:00:00,8.461317062,0.9865349486706895
1202,2018-11-20 02:00:00,8.463094711,0.25514898413450227
1203,2018-11-20 03:00:00,8.464927673,0.3846070242477623
1204,2018-11-20 04:00:00,8.465888977,0.6460631845459389
1205,2018-11-20 05:00:00,8.466674805,0.8122832412051607
1206,2018-11-20 06:00:00,8.46818924,0.9336414389391241
1207,2018-11-20 07:00:00,8.470017433,0.42902428343593024
1208,2018-11-20 08:00:00,8.471455574,0.5335790864382381
1209,2018-11-20 09:00:00,8.472049713,0.7735885246238587
1210,2018-11-20 10:00:00,8.472895622,0.5266811718389469
1211,2018-11-20 11:00:00,8.47422123,0.4045270120398955
1212,2018-11-20 12:00:00,8.475705147,0.4931404841408116
1213,2018-11-20 13:00:00,8.477693558,0.2377247675794547
1214,2018-11-20 14:00:00,8.479309082,0.6327436347374754
1215,2018-11-20 15:00:00,8.470828056,0.13421333362475607
1216,2018-11-20 16:00:00,8.453777313,0.23557159080177026
1217,2018-11-20 17:00:00,8.423603058,0.2766053480690953
1218,2018-11-20 18:00:00,8.380674362,0.009854668615570938
1219,2018-11-20 19:00:00,8.321137428,0.48172892038369886
1220,2018-11-20 20:00:00,8.231927872,0.09534076132639957
1221,2018-11-20 21:00:00,8.134012222,0.9587459512642662
1222,2018-11-20 22:00:00,8.073295593,0.37928616904031487
1223,2018-11-20 23:00:00,8.06477356,0.9431830991804018
1224,2018-11-21 00:00:00,8.058264732,0.07154019024853986
1225,2018-11-21 01:00:00,8.054970741,0.6096984223175983
1226,2018-11-21 02:00:00,8.051330566,0.5867129635062308
1227,2018-11-21 03:00:00,8.050806046,0.6041482883920082
1228,2018-11-21 04:00:00,8.051467896,0.05769257875755862
1229,2018-11-21 05:00:00,8.052062035,0.3748357754954035
1230,2018-11-21 06:00:00,8.052383423,0.11555237873051316
1231,2018-11-21 07:00:00,8.053857803,0.5916724772242139
1232,2018-11-21 08:00:00,8.055231094,0.07070977882832685
1233,2018-11-21 09:00:00,8.055665016,0.5237359544679144
1234,2018-11-21 10:00:00,8.055807114,0.029282358526688257
1235,2018-11-21 11:00:00,8.056297302,0.45658259714880456
1236,2018-11-21 12:00:00,8.056363106,0.33148650783284384
1237,2018-11-21 13:00:00,8.056580544,0.6673419343410224
1238,2018-11-21 14:00:00,8.056664467,0.11258169306061316
1239,2018-11-21 15:00:00,8.043690681,0.5394343685191028
1240,2018-11-21 16:00:00,8.026433945,0.37786128788199946
1241,2018-11-21 17:00:00,7.996212006,0.004507036188778568
1242,2018-11-21 18:00:00,7.950229645,0.5766286843417687
1243,2018-11-21 19:00:00,7.885890007,0.38514466537139846
1244,2018-11-21 20:00:00,7.825106621,0.8671814117963238
1245,2018-11-21 21:00:00,7.773804188,0.3676628432164081
1246,2018-11-21 22:00:00,7.733075619,0.09589898802759689
1247,2018-11-21 23:00:00,7.724933624,0.23573130015311394
1248,2018-11-22 00:00:00,7.719357967,0.5016818345858015
1249,2018-11-22 01:00:00,7.720168591,0.9374938673982821
1250,2018-11-22 02:00:00,7.7208004,0.4474216440607972
1251,2018-11-22 03:00:00,7.720097542,0.356795628392228
1252,2018-11-22 04:00:00,7.712607861,0.5603897799188385
1253,2018-11-22 05:00:00,7.689219952,0.0727483070613647
1254,2018-11-22 06:00:00,7.667834282,0.14006345035972756
1255,2018-11-22 07:00:00,7.648932457,0.8538516370668885
1256,2018-11-22 08:00:00,7.628944397,0.7439559604832354
1257,2018-11-22 09:00:00,7.59747839,0.7513784130024428
1258,2018-11-22 10:00:00,7.57167244,0.5389293532617458
1259,2018-11-22 11:00:00,7.552633286,0.8666013736515294
1260,2018-11-22 12:00:00,7.519319057,0.283446221331629
1261,2018-11-22 13:00:00,7.495936871,0.6895956216159287
1262,2018-11-22 14:00:00,7.482963085,0.7999153168555687
1263,2018-11-22 15:00:00,7.437969685,0.7040665603615767
1264,2018-11-22 16:00:00,7.385859966,0.395295776422679
1265,2018-11-22 17:00:00,7.325079441,0.7161543996158468
1266,2018-11-22 18:00:00,7.260844231,0.5236425538363665
1267,2018-11-22 19:00:00,7.204072475,0.38069533653033627
1268,2018-11-22 20:00:00,7.1622262,0.4559843645581765
1269,2018-11-22 21:00:00,7.129132271,0.4135734903085043
1270,2018-11-22 22:00:00,7.109500408,0.9807549896751974
1271,2018-11-22 23:00:00,7.108290195,0.9973938243873298
1272,2018-11-23 00:00:00,7.110778332,0.8223194736218805
1273,2018-11-23 01:00:00,10.161136627,0.1103100327185843
1274,2018-11-23 02:00:00,10.482069016,0.46014887674810656
1275,2018-11-23 03:00:00,10.747909546,0.9950170616350726
1276,2018-11-23 04:00:00,11.016868591,0.5252983815169617
1277,2018-11-23 05:00:00,11.220775604,0.746709966531003
1278,2018-11-23 06:00:00,11.408845901,0.8422631498359361
1279,2018-11-23 07:00:00,11.520557404,0.13480143862014815
1280,2018-11-23 08:00:00,11.599225044,0.08797649584384948
1281,2018-11-23 09:00:00,11.664108276,0.771803775138362
1282,2018-11-23 10:00:00,12.844567299,0.5817502011957109
1283,2018-11-23 11:00:00,12.964351654,0.1110895386855133
1284,2018-11-23 12:00:00,14.201605797,0.9886865226701559
1285,2018-11-23 13:00:00,14.385139465,0.3180660122012863
1286,2018-11-23 14:00:00,14.530454636,0.9519205336931865
1287,2018-11-23 15:00:00,14.655706406,0.4836032874791193
1288,2018-11-23 16:00:00,14.761320114,0.007788947729676865
1289,2018-11-23 17:00:00,16.725105286,0.6306983506341569
1290,2018-11-23 18:00:00,16.895486832,0.450418813016348
1291,2018-11-23 19:00:00,17.090961456,0.8429406374518879
1292,2018-11-23 20:00:00,17.24505043,0.3730399236129708
1293,2018-11-23 21:00:00,17.404411316,0.8596598758904479
1294,2018-11-23 22:00:00,17.499982834,0.6198155494698776
1295,2018-11-23 23:00:00,17.565258026,0.29243486499433946
1296,2018-11-24 00:00:00,17.605661392,0.8592497393974244
1297,2018-11-24 01:00:00,17.67137146,0.8860816912943367
1298,2018-11-24 02:00:00,17.738178253,0.5367229786930406
1299,2018-11-24 03:00:00,17.801231384,0.29863699145909683
1300,2018-11-24 04:00:00,17.857351303,0.6289579100861784
1301,2018-11-24 05:00:00,17.926055908,0.1459895852390376
1302,2018-11-24 06:00:00,18.003120422,0.8971974018716097
1303,2018-11-24 07:00:00,18.080701828,0.8576968474687692
1304,2018-11-24 08:00:00,18.141136169,0.32287248459708917
1305,2018-11-24 09:00:00,18.18696022,0.22803623202403578
1306,2018-11-24 10:00:00,18.215497971,0.17688038267408812
1307,2018-11-24 11:00:00,18.243150711,0.736664184331871
1308,2018-11-24 12:00:00,18.270153046,0.5997140735444902
1309,2018-11-24 13:00:00,18.289587021,0.5940133797439682
1310,2018-11-24 14:00:00,18.306051254,0.36460951397125374
1311,2018-11-24 15:00:00,18.31180954,0.7486669695790872
1312,2018-11-24 16:00:00,18.309650421,0.11338811421783801
1313,2018-11-24 17:00:00,18.401721954,0.27203912589153434
1314,2018-11-24 18:00:00,18.386159897,0.43497862482368166
1315,2018-11-24 19:00:00,18.451217651,0.7839913166790746
1316,2018-11-24 20:00:00,18.450351715,0.20762023710018762
1317,2018-11-24 21:00:00,18.445949554,0.6248492067865821
1318,2018-11-24 22:00:00,18.443439484,0.7538544381487313
1319,2018-11-24 23:00:00,18.551204681,0.8973236145909333
1320,2018-11-25 00:00:00,18.831203461,0.6111689592733773
1321,2018-11-25 01:00:00,18.874477386,0.683686997056583
1322,2018-11-25 02:00:00,19.280170441,0.8124066045360683
1323,2018-11-25 03:00:00,19.351940155,0.39272208290199884
1324,2018-11-25 04:00:00,19.410667419,0.7540561669330759
1325,2018-11-25 05:00:00,19.438512802,0.3492403048439472
1326,2018-11-25 06:00:00,19.463699341,0.08915451984577516
1327,2018-11-25 07:00:00,19.487527847,0.48282231319339475
1328,2018-11-25 08:00:00,19.509048462,0.8876495253665465
1329,2018-11-25 09:00:00,19.528999329,0.7746121779688551
1330,2018-11-25 10:00:00,19.53836441,0.9155582089489029
1331,2018-11-25 11:00:00,19.541845322,0.27693955291519323
1332,2018-11-25 12:00:00,19.544334412,0.7847841576158023
1333,2018-11-25 13:00:00,19.546380997,0.10712462852042459
1334,2018-11-25 14:00:00,19.547359467,0.3024661160387492
1335,2018-11-25 15:00:00,19.539176941,0.24935816901536612
1336,2018-11-25 16:00:00,19.521535873,0.9861448731122601
1337,2018-11-25 17:00:00,19.487848282,0.3901039611187207
1338,2018-11-25 18:00:00,19.44493866,0.7763022530325365
1339,2018-11-25 19:00:00,19.400035858,0.7091178783914869
1340,2018-11-25 20:00:00,19.36781311,0.758943231141591
1341,2018-11-25 21:00:00,19.346500397,0.6607769622215348
1342,2018-11-25 22:00:00,19.33741188,0.015252141653316897
1343,2018-11-25 23:00:00,19.34113884,0.454477373268258
1344,2018-11-26 00:00:00,19.345863342,0.05801983729155491
1345,2018-11-26 01:00:00,19.350204468,0.5161487016105104
1346,2018-11-26 02:00:00,19.35344696,0.9049437755533812
1347,2018-11-26 03:00:00,19.354665756,0.8232743902656883
1348,2018-11-26 04:00:00,19.354427338,0.3202471136587828
1349,2018-11-26 05:00:00,19.355632782,0.6772478486965444
1350,2018-11-26 06:00:00,19.356637955,0.39303879773297545
1351,2018-11-26 07:00:00,19.356615067,0.4527677513762275
1352,2018-11-26 08:00:00,19.355575562,0.31303574216385543
1353,2018-11-26 09:00:00,19.355348587,0.5987762641664399
1354,2018-11-26 10:00:00,19.355752945,0.2405956083539308
1355,2018-11-26 11:00:00,19.354492188,0.30095364922363155
1356,2018-11-26 12:00:00,19.347230911,0.4399455821960284
1357,2018-11-26 13:00:00,19.344329834,0.8974387697725716
1358,2018-11-26 14:00:00,19.343757629,0.6737514068812018
1359,2018-11-26 15:00:00,19.327255249,0.5643250469937022
1360,2018-11-26 16:00:00,19.298776627,0.8314720320507932
1361,2018-11-26 17:00:00,19.25368309,0.1503304769760152
1362,2018-11-26 18:00:00,19.19052124,0.1677751877402862
1363,2018-11-26 19:00:00,19.13520813,0.2036377442243681
1364,2018-11-26 20:00:00,19.084516525,0.24117362603633652
1365,2018-11-26 21:00:00,19.045248032,0.45283109359583995
1366,2018-11-26 22:00:00,19.026741028,0.8095556530413729
1367,2018-11-26 23:00:00,19.027641296,0.10866417113378801
1368,2018-11-27 00:00:00,19.028747559,0.5572137631143417
1369,2018-11-27 01:00:00,19.031652451,0.17194946583969617
1370,2018-11-27 02:00:00,19.030963898,0.11605756815605062
1371,2018-11-27 03:00:00,19.023452759,0.5954753484898698
1372,2018-11-27 04:00:00,19.024419785,0.20896888361026378
1373,2018-11-27 05:00:00,19.027118683,0.729940758804584
1374,2018-11-27 06:00:00,19.029249191,0.3204368098758892
1375,2018-11-27 07:00:00,19.031780243,0.5080653036552201
1376,2018-11-27 08:00:00,19.034887314,0.6680465114174766
1377,2018-11-27 09:00:00,19.037908554,0.24584361872783456
1378,2018-11-27 10:00:00,19.040327072,0.7822783770342189
1379,2018-11-27 11:00:00,19.041368484,0.2900810406785147
1380,2018-11-27 12:00:00,19.041419983,0.5591275355387951
1381,2018-11-27 13:00:00,19.043182373,0.8679199251353944
1382,2018-11-27 14:00:00,19.044563293,0.6361615484300861
1383,2018-11-27 15:00:00,19.037652969,0.31756128495187685
1384,2018-11-27 16:00:00,19.02180481,0.1209870805130131
1385,2018-11-27 17:00:00,18.994119644,0.9594734014329054
1386,2018-11-27 18:00:00,18.95306778,0.73621349904678
1387,2018-11-27 19:00:00,18.908546448,0.7132926358649275
1388,2018-11-27 20:00:00,18.86419487,0.6650389994873979
1389,2018-11-27 21:00:00,18.830663681,0.19948136868921185
1390,2018-11-27 22:00:00,18.808429718,0.15644646008734286
1391,2018-11-27 23:00:00,18.805522919,0.8762242217561055
1392,2018-11-28 00:00:00,18.805141449,0.32961784433136754
1393,2018-11-28 01:00:00,18.805130005,0.03690295741428462
1394,2018-11-28 02:00:00,18.802534103,0.23256936471597145
1395,2018-11-28 03:00:00,18.803571701,0.38500068031549883
1396,2018-11-28 04:00:00,18.806180954,0.04549250934633653
1397,2018-11-28 05:00:00,18.808927536,0.22634353744337377
1398,2018-11-28 06:00:00,18.810571671,0.023633000888368505
1399,2018-11-28 07:00:00,18.812473297,0.6662356932102037
1400,2018-11-28 08:00:00,18.813602448,0.14680999603246714
1401,2018-11-28 09:00:00,18.813110352,0.7941415813153567
1402,2018-11-28 10:00:00,18.812753677,0.9310175036118198
1403,2018-11-28 11:00:00,18.812210083,0.9382241141038826
1404,2018-11-28 12:00:00,18.815258026,0.606941253045785
1405,2018-11-28 13:00:00,18.819206238,0.8342368230846158
1406,2018-11-28 14:00:00,18.823429108,0.8760781986876304
1407,2018-11-28 15:00:00,18.820302963,0.6963426675835882
1408,2018-11-28 16:00:00,18.80758667,0.7942654991093597
1409,2018-11-28 17:00:00,18.847492218,0.950892552448512
1410,2018-11-28 18:00:00,18.871295929,0.7760967023372203
1411,2018-11-28 19:00:00,18.944583893,0.3544555415258174
1412,2018-11-28 20:00:00,19.057085037,0.6493617850547355
1413,2018-11-28 21:00:00,19.112564087,0.9447972467100103
1414,2018-11-28 22:00:00,19.135608673,0.6507623699079486
1415,2018-11-28 23:00:00,19.139316559,0.14282100718309476
1416,2018-11-29 00:00:00,19.13766861,0.5446383478309543
1417,2018-11-29 01:00:00,19.137590408,0.9402480274281059
1418,2018-11-29 02:00:00,19.136810303,0.5862427383576333
1419,2018-11-29 03:00:00,19.133504868,0.16095814374720918
1420,2018-11-29 04:00:00,19.130710602,0.6429359455702626
1421,2018-11-29 05:00:00,19.205205917,0.907368199101245
1422,2018-11-29 06:00:00,19.291517258,0.9800814345537652
1423,2018-11-29 07:00:00,19.408014297,0.49460469802671636
1424,2018-11-29 08:00:00,19.42915535,0.4468784288891571
1425,2018-11-29 09:00:00,19.447463989,0.4296961625134985
1426,2018-11-29 10:00:00,19.45857048,0.9475148991132769
1427,2018-11-29 11:00:00,19.540912628,0.20213208243344627
1428,2018-11-29 12:00:00,19.629533768,0.6669390818312743
1429,2018-11-29 13:00:00,19.647848129,0.21461253526930835
1430,2018-11-29 14:00:00,19.661878586,0.9704619338359609
1431,2018-11-29 15:00:00,19.663150787,0.6070048821578767
1432,2018-11-29 16:00:00,19.655130386,0.6055709528319014
1433,2018-11-29 17:00:00,19.63874054,0.1017291323805023
1434,2018-11-29 18:00:00,19.62036705,0.2858085711543278
1435,2018-11-29 19:00:00,19.596431732,0.23172687274323367
1436,2018-11-29 20:00:00,19.569799423,0.4359956148122528
1437,2018-11-29 21:00:00,19.545919418,0.42041423814242773
1438,2018-11-29 22:00:00,19.539068222,0.6100516794313706
1439,2018-11-29 23:00:00,19.530017853,0.29773229558629066
1440,2018-11-30 00:00:00,19.534725189,0.045638092419613696
1441,2018-11-30 01:00:00,19.534803391,0.37725161427133724
1442,2018-11-30 02:00:00,19.530460358,0.6336162370436056
1443,2018-11-30 03:00:00,19.524532318,0.7252542578863952
1444,2018-11-30 04:00:00,19.515972137,0.34920061780180367
1445,2018-11-30 05:00:00,19.506328583,0.11691335664790525
1446,2018-11-30 06:00:00,19.496103287,0.9339814974682424
1447,2018-11-30 07:00:00,19.490615845,0.513108285624348
1448,2018-11-30 08:00:00,19.487442017,0.19813934355378804
1449,2018-11-30 09:00:00,19.484231949,0.2668259023785854
1450,2018-11-30 10:00:00,19.478580475,0.4827178600114689
1451,2018-11-30 11:00:00,19.47426796,0.8122909646830041
1452,2018-11-30 12:00:00,19.47026825,0.37307791535058643
1453,2018-11-30 13:00:00,19.471092224,0.8082475791030064
1454,2018-11-30 14:00:00,19.674409866,0.18028836047999797
1455,2018-11-30 15:00:00,19.674341202,0.18482820324600702
1456,2018-11-30 16:00:00,19.803771973,0.39334996556522606
1457,2018-11-30 17:00:00,19.888017654,0.9526569545435238
1458,2018-11-30 18:00:00,20.083641052,0.1390051962204757
1459,2018-11-30 19:00:00,20.220489502,0.5660682792059388
1460,2018-11-30 20:00:00,20.256950378,0.3709168955971953
1461,2018-11-30 21:00:00,20.351230621,0.04886770766195703
1462,2018-11-30 22:00:00,20.394220352,0.6516770881457319
1463,2018-11-30 23:00:00,21.063474655,0.5724529679470044
1464,2018-12-01 00:00:00,21.563980103,0.055224190980180166
1465,2018-12-01 01:00:00,21.714042664,0.6368377243407068
1466,2018-12-01 02:00:00,21.814424515,0.502087679956255
1467,2018-12-01 03:00:00,22.015266418,0.08569561856980479
1468,2018-12-01 04:00:00,22.064334869,0.4264483712637903
1469,2018-12-01 05:00:00,22.143644333,0.6721474182027807
1470,2018-12-01 06:00:00,22.190795898,0.7670825590896124
1471,2018-12-01 07:00:00,22.22917366,0.8944149184879562
1472,2018-12-01 08:00:00,22.248849869,0.8471209503359732
1473,2018-12-01 09:00:00,22.649051666,0.39060199960178577
1474,2018-12-01 10:00:00,25.146682739,0.07843131380716828
1475,2018-12-01 11:00:00,26.702964783,0.08076039738082808
1476,2018-12-01 12:00:00,27.549808502,0.7618366589592322
1477,2018-12-01 13:00:00,29.728387833,0.2908070710551548
1478,2018-12-01 14:00:00,30.24131012,0.5157300272563704
1479,2018-12-01 15:00:00,31.32803154,0.10271055419972386
1480,2018-12-01 16:00:00,31.758594513,0.6558542284390951
1481,2018-12-01 17:00:00,32.096408844,0.11163269568818035
1482,2018-12-01 18:00:00,32.274227142,0.4441399706203423
1483,2018-12-01 19:00:00,32.374469757,0.4041829321368611
1484,2018-12-01 20:00:00,32.464572906,0.30942037367417696
1485,2018-12-01 21:00:00,32.551990509,0.903828875072337
1486,2018-12-01 22:00:00,32.623455048,0.9131798397764793
1487,2018-12-01 23:00:00,32.683437347,0.6674465499701632
1488,2018-12-02 00:00:00,32.745704651,0.7752781303520094
1489,2018-12-02 01:00:00,32.762298584,0.2849050726620983
1490,2018-12-02 02:00:00,32.776512146,0.7877934414569208
1491,2018-12-02 03:00:00,32.788303375,0.5244928436548189
1492,2018-12-02 04:00:00,32.80178833,0.909759568975037
1493,2018-12-02 05:00:00,32.806232452,0.8946673409752212
1494,2018-12-02 06:00:00,32.845722198,0.8540903516268123
1495,2018-12-02 07:00:00,32.895008087,0.8871007217444964
1496,2018-12-02 08:00:00,32.96408844,0.9887168210333439
1497,2018-12-02 09:00:00,33.021461487,0.053840995476733045
1498,2018-12-02 10:00:00,33.077613831,0.8654449595103281
1499,2018-12-02 11:00:00,33.138141632,0.5142601410023457
1500,2018-12-02 12:00:00,33.192043304,0.6768783855500776
1501,2018-12-02 13:00:00,33.253505707,0.3124970071825308
1502,2018-12-02 14:00:00,33.288234711,0.15599622328497798
1503,2018-12-02 15:00:00,33.320037842,0.5306504296678982
1504,2018-12-02 16:00:00,33.353393555,0.3200068186999926
1505,2018-12-02 17:00:00,33.354530334,0.903270249938521
1506,2018-12-02 18:00:00,33.347522736,0.5327058838965729
1507,2018-12-02 19:00:00,33.342071533,0.19233905162570475
1508,2018-12-02 20:00:00,33.335220337,0.15354553823843553
1509,2018-12-02 21:00:00,33.327812195,0.21643917039276117
1510,2018-12-02 22:00:00,34.197742462,0.8660936209535557
1511,2018-12-02 23:00:00,35.086551666,0.5158961598867926
1512,2018-12-03 00:00:00,35.182849884,0.09685642833309749
1513,2018-12-03 01:00:00,35.279651642,0.310243478469868
1514,2018-12-03 02:00:00,35.513031006,0.24042922151869206
1515,2018-12-03 03:00:00,35.717170715,0.7843415394476351
1516,2018-12-03 04:00:00,35.750293732,0.6399736997557837
1517,2018-12-03 05:00:00,35.778598785,0.12484846211345724
1518,2018-12-03 06:00:00,35.809425354,0.5026154259249004
1519,2018-12-03 07:00:00,35.969234467,0.4269212850122499
1520,2018-12-03 08:00:00,36.010005951,0.009055566493253231
1521,2018-12-03 09:00:00,36.029956818,0.727696838759895
1522,2018-12-03 10:00:00,36.180587769,0.013720840952397562
1523,2018-12-03 11:00:00,36.198608398,0.5647510166766297
1524,2018-12-03 12:00:00,36.228733063,0.3835913355090319
1525,2018-12-03 13:00:00,36.270145416,0.4415782050105287
1526,2018-12-03 14:00:00,36.283699036,0.34696820413150964
1527,2018-12-03 15:00:00,36.286781311,0.6149529162342398
1528,2018-12-03 16:00:00,36.287757874,0.21394890428372104
1529,2018-12-03 17:00:00,36.29063797,0.7050416073798115
1530,2018-12-03 18:00:00,36.303554535,0.8552680742535926
1531,2018-12-03 19:00:00,36.29467392,0.2966793101386349
1532,2018-12-03 20:00:00,36.290294647,0.432103338182121
1533,2018-12-03 21:00:00,36.306278229,0.12712355878071324
1534,2018-12-03 22:00:00,36.335830688,0.19322549711884385
1535,2018-12-03 23:00:00,36.379238129,0.1650840617409337
1536,2018-12-04 00:00:00,36.430809021,0.529633348176778
1537,2018-12-04 01:00:00,36.459247589,0.5538644928000793
1538,2018-12-04 02:00:00,36.475914001,0.9707454523504345
1539,2018-12-04 03:00:00,36.491786957,0.04253618671174053
1540,2018-12-04 04:00:00,36.504528046,0.6988630470743679
1541,2018-12-04 05:00:00,36.513664246,0.522784901856095
1542,2018-12-04 06:00:00,36.525512695,0.7413195228423755
1543,2018-12-04 07:00:00,36.537231445,0.04785045792240605
1544,2018-12-04 08:00:00,36.550830841,0.8982572871679555
1545,2018-12-04 09:00:00,36.56438446,0.08019696571370294
1546,2018-12-04 10:00:00,36.57358551,0.902926487452537
1547,2018-12-04 11:00:00,36.582519531,0.7958098954476024
1548,2018-12-04 12:00:00,36.597251892,0.47686854949477675
1549,2018-12-04 13:00:00,36.621932983,0.09813346943470935
1550,2018-12-04 14:00:00,36.654788971,0.3670601414890283
1551,2018-12-04 15:00:00,36.683105469,0.39871422836645953
1552,2018-12-04 16:00:00,36.687835693,0.7383527037899287
1553,2018-12-04 17:00:00,36.686576843,0.9310332875334814
1554,2018-12-04 18:00:00,36.681510925,0.8457513362916783
1555,2018-12-04 19:00:00,36.667022705,0.06236979942484944
1556,2018-12-04 20:00:00,36.655311584,0.3662583564328892
1557,2018-12-04 21:00:00,36.645217896,0.6262942589116469
1558,2018-12-04 22:00:00,36.650245667,0.423633324312932
1559,2018-12-04 23:00:00,36.659141541,0.05988738452441067
1560,2018-12-05 00:00:00,36.67300415,0.23851545382049533
1561,2018-12-05 01:00:00,36.683319092,0.5508792464014303
1562,2018-12-05 02:00:00,36.685539246,0.6626740699118404
1563,2018-12-05 03:00:00,36.68737793,0.08900347081248838
1564,2018-12-05 04:00:00,36.697818756,0.5477865720967385
1565,2018-12-05 05:00:00,36.714309692,0.0916203216237792
1566,2018-12-05 06:00:00,36.731178284,0.8190767367356085
1567,2018-12-05 07:00:00,36.74753952,0.46569794768362305
1568,2018-12-05 08:00:00,36.76467514,0.33975059907581007
1569,2018-12-05 09:00:00,36.782066345,0.03723870863982448
1570,2018-12-05 10:00:00,36.801300049,0.9453216763212179
1571,2018-12-05 11:00:00,36.824371338,0.8996214313807791
1572,2018-12-05 12:00:00,36.843379974,0.4467088280664103
1573,2018-12-05 13:00:00,36.857223511,0.6949808015070076
1574,2018-12-05 14:00:00,36.86032486,0.08436057953176457
1575,2018-12-05 15:00:00,36.851829529,0.6216491194405961
1576,2018-12-05 16:00:00,36.829380035,0.3745697836125724
1577,2018-12-05 17:00:00,36.796855927,0.23375532150575407
1578,2018-12-05 18:00:00,36.758136749,0.2824019735289759
1579,2018-12-05 19:00:00,36.717964172,0.3256103171321325
1580,2018-12-05 20:00:00,37.511486053,0.5074297365941379
1581,2018-12-05 21:00:00,38.374671936,0.03150352537123502
1582,2018-12-05 22:00:00,39.313251495,0.7389146403132345
1583,2018-12-05 23:00:00,39.401786804,0.2032565854564432
1584,2018-12-06 00:00:00,39.488174438,0.19869542659522021
1585,2018-12-06 01:00:00,39.584247589,0.43153222598378416
1586,2018-12-06 02:00:00,39.660182953,0.1937057880872296
1587,2018-12-06 03:00:00,39.741767883,0.6103953434545183
1588,2018-12-06 04:00:00,39.818359375,0.9118107562130776
1589,2018-12-06 05:00:00,39.906673431,0.044507033910629046
1590,2018-12-06 06:00:00,39.985565186,0.2329355926967137
1591,2018-12-06 07:00:00,40.049964905,0.3805896481899741
1592,2018-12-06 08:00:00,40.115020752,0.8730265857165111
1593,2018-12-06 09:00:00,40.17559433,0.6010666214498932
1594,2018-12-06 10:00:00,40.235427856,0.8158775350222895
1595,2018-12-06 11:00:00,40.280818939,0.5638145655135121
1596,2018-12-06 12:00:00,40.313522339,0.33871698935867056
1597,2018-12-06 13:00:00,40.34942627,0.047152380890630785
1598,2018-12-06 14:00:00,40.376564026,0.2787787491852115
1599,2018-12-06 15:00:00,40.391326904,0.03378834418479115
1600,2018-12-06 16:00:00,40.400215149,0.8095567020996303
1601,2018-12-06 17:00:00,40.400596619,0.8801098239768361
1602,2018-12-06 18:00:00,40.398040771,0.15659328571339814
1603,2018-12-06 19:00:00,40.391082764,0.32916451533188107
1604,2018-12-06 20:00:00,40.381896973,0.24450759671771427
1605,2018-12-06 21:00:00,40.370098114,0.745369067226663
1606,2018-12-06 22:00:00,40.3828125,0.38033931788213826
1607,2018-12-06 23:00:00,40.399650574,0.2921160875789265
1608,2018-12-07 00:00:00,40.414527893,0.8064310389565356
1609,2018-12-07 01:00:00,40.673351288,0.2631048825280209
1610,2018-12-07 02:00:00,40.709537506,0.03426624339553541
1611,2018-12-07 03:00:00,40.746768951,0.41848373436077957
1612,2018-12-07 04:00:00,40.766685486,0.0693421088815035
1613,2018-12-07 05:00:00,40.785980225,0.616909990868657
1614,2018-12-07 06:00:00,40.806411743,0.8312402172919523
1615,2018-12-07 07:00:00,40.826675415,0.35491842134443774
1616,2018-12-07 08:00:00,40.846588135,0.8632267639368828
1617,2018-12-07 09:00:00,40.864631653,0.5847793850807179
1618,2018-12-07 10:00:00,40.882484436,0.042489762866705916
1619,2018-12-07 11:00:00,40.891777039,0.7289700284625334
1620,2018-12-07 12:00:00,40.900341034,0.42909140318221317
1621,2018-12-07 13:00:00,40.914569855,0.7213302338064839
1622,2018-12-07 14:00:00,40.92798996,0.08732402700493236
1623,2018-12-07 15:00:00,40.929866791,0.8449791362676868
1624,2018-12-07 16:00:00,40.92457962,0.6843164376922626
1625,2018-12-07 17:00:00,40.913398743,0.6942348714062835
1626,2018-12-07 18:00:00,40.895183563,0.3706402283771225
1627,2018-12-07 19:00:00,40.871337891,0.15808562730202802
1628,2018-12-07 20:00:00,40.848461151,0.7791258703681343
1629,2018-12-07 21:00:00,40.998207092,0.4835366667226825
1630,2018-12-07 22:00:00,41.012718201,0.510781028982824
1631,2018-12-07 23:00:00,41.030456543,0.9427752046629502
1632,2018-12-08 00:00:00,41.046737671,0.3271372579381311
1633,2018-12-08 01:00:00,41.066082001,0.5860700644593008
1634,2018-12-08 02:00:00,41.081424713,0.9429054087255618
1635,2018-12-08 03:00:00,41.090572357,0.3446446241502441
1636,2018-12-08 04:00:00,41.099014282,0.7026751000609489
1637,2018-12-08 05:00:00,41.109039307,0.7446925226305398
1638,2018-12-08 06:00:00,41.119678497,0.7713249687557705
1639,2018-12-08 07:00:00,41.128684998,0.752165540266454
1640,2018-12-08 08:00:00,41.142417908,0.39256618404661137
1641,2018-12-08 09:00:00,41.152194977,0.316498633160224
1642,2018-12-08 10:00:00,41.166858673,0.3844007581714105
1643,2018-12-08 11:00:00,41.181163788,0.4708562682257319
1644,2018-12-08 12:00:00,41.197731018,0.4269010157831943
1645,2018-12-08 13:00:00,41.215732574,0.431428065602546
1646,2018-12-08 14:00:00,41.230567932,0.683293726033854
1647,2018-12-08 15:00:00,41.23651123,0.875845520751541
1648,2018-12-08 16:00:00,41.235877991,0.28159197632125665
1649,2018-12-08 17:00:00,41.227336884,0.5945285147967552
1650,2018-12-08 18:00:00,41.210166931,0.5036748239151992
1651,2018-12-08 19:00:00,41.190361023,0.8047216887547632
1652,2018-12-08 20:00:00,41.169052124,0.5345417248301376
1653,2018-12-08 21:00:00,41.155735016,0.9891868628338429
1654,2018-12-08 22:00:00,41.169506073,0.37782748333431293
1655,2018-12-08 23:00:00,41.182125092,0.35600774482169073
1656,2018-12-09 00:00:00,41.194717407,0.8938950171715748
1657,2018-12-09 01:00:00,41.208263397,0.36605074172267316
1658,2018-12-09 02:00:00,41.221530914,0.8822752198903864
1659,2018-12-09 03:00:00,41.23475647,0.0010804962016817132
1660,2018-12-09 04:00:00,41.238166809,0.008851250694422719
1661,2018-12-09 05:00:00,41.243736267,0.000652147395308722
1662,2018-12-09 06:00:00,41.254734039,0.16300094785051533
1663,2018-12-09 07:00:00,41.265476227,0.3635551480829514
1664,2018-12-09 08:00:00,41.274635315,0.645177763226622
1665,2018-12-09 09:00:00,41.28383255,0.2385327801287246
1666,2018-12-09 10:00:00,41.292667389,0.07149005848109158
1667,2018-12-09 11:00:00,41.299858093,0.9164733703168836
1668,2018-12-09 12:00:00,41.306728363,0.4364646498292677
1669,2018-12-09 13:00:00,41.314949036,0.972559424400742
1670,2018-12-09 14:00:00,41.321624756,0.21597238753049286
1671,2018-12-09 15:00:00,41.32233429,0.14195877365051612
1672,2018-12-09 16:00:00,41.313373566,0.14832517618818863
1673,2018-12-09 17:00:00,41.298305511,0.0286690978865618
1674,2018-12-09 18:00:00,41.272239685,0.3362243512220894
1675,2018-12-09 19:00:00,41.247406006,0.6965683073821736
1676,2018-12-09 20:00:00,41.218067169,0.41629389700799135
1677,2018-12-09 21:00:00,41.193283081,0.6141885060744985
1678,2018-12-09 22:00:00,41.194957733,0.4997032171054595
1679,2018-12-09 23:00:00,41.196357727,0.689575686236941
1680,2018-12-10 00:00:00,41.175697327,0.3175198010523299
1681,2018-12-10 01:00:00,41.143692017,0.7527557838166925
1682,2018-12-10 02:00:00,41.106506348,0.6550359672553258
1683,2018-12-10 03:00:00,41.065181732,0.027448537157821806
1684,2018-12-10 04:00:00,41.022655487,0.48167196912814614
1685,2018-12-10 05:00:00,40.984020233,0.14881553103246614
1686,2018-12-10 06:00:00,40.943782806,0.6651728133781192
1687,2018-12-10 07:00:00,40.903266907,0.05018448075371407
1688,2018-12-10 08:00:00,40.867031097,0.9253853965785008
1689,2018-12-10 09:00:00,40.838935852,0.8239063614894102
1690,2018-12-10 10:00:00,40.810775757,0.30910869519573225
1691,2018-12-10 11:00:00,40.789794922,0.9869197325200315
1692,2018-12-10 12:00:00,40.765922546,0.35242608375500684
1693,2018-12-10 13:00:00,40.753314972,0.263979818352041
1694,2018-12-10 14:00:00,40.743495941,0.057858878908011335
1695,2018-12-10 15:00:00,40.721424103,0.7483881403510859
1696,2018-12-10 16:00:00,40.684474945,0.38951029794280245
1697,2018-12-10 17:00:00,40.647026062,0.9239159231299153
1698,2018-12-10 18:00:00,40.605773926,0.4583928487890393
1699,2018-12-10 19:00:00,40.558040619,0.22797944389338476
1700,2018-12-10 20:00:00,40.508781433,0.33520343399052877
1701,2018-12-10 21:00:00,40.465015411,0.3664654616223013
1702,2018-12-10 22:00:00,40.457317352,0.7620769512904526
1703,2018-12-10 23:00:00,40.443805695,0.9991374764019209
1704,2018-12-11 00:00:00,40.423866272,0.011136697835650633
1705,2018-12-11 01:00:00,40.380508423,0.8470447295325451
1706,2018-12-11 02:00:00,40.33045578,0.232194981191157
1707,2018-12-11 03:00:00,40.275287628,0.5887315433668062
1708,2018-12-11 04:00:00,40.22284317,0.5337039300072902
1709,2018-12-11 05:00:00,40.171524048,0.8729319961008293
1710,2018-12-11 06:00:00,40.119327545,0.270963466577681
1711,2018-12-11 07:00:00,40.075508118,0.5463223994035439
1712,2018-12-11 08:00:00,40.029865265,0.6725133460414311
1713,2018-12-11 09:00:00,39.993469238,0.21477150992898264
1714,2018-12-11 10:00:00,39.962921143,0.003220527344459656
1715,2018-12-11 11:00:00,39.947704315,0.9936693222063938
1716,2018-12-11 12:00:00,39.94537735,0.9421296750069061
1717,2018-12-11 13:00:00,39.951942444,0.4359344208075939
1718,2018-12-11 14:00:00,39.96062851,0.3409370610312349
1719,2018-12-11 15:00:00,39.960186005,0.7992246236468495
1720,2018-12-11 16:00:00,39.95124054,0.2812558340684267
1721,2018-12-11 17:00:00,39.934173584,0.6339305210017269
1722,2018-12-11 18:00:00,39.909030914,0.10420578421636317
1723,2018-12-11 19:00:00,39.877983093,0.06532775228340404
1724,2018-12-11 20:00:00,39.843540192,0.9728299722952938
1725,2018-12-11 21:00:00,39.818752289,0.2872731110936557
1726,2018-12-11 22:00:00,39.825164795,0.8012206206832049
1727,2018-12-11 23:00:00,39.830787659,0.5823180216401771
1728,2018-12-12 00:00:00,39.839450836,0.6286179988036595
1729,2018-12-12 01:00:00,39.848911285,0.9369671292546818
1730,2018-12-12 02:00:00,39.85401535,0.26153331061903207
1731,2018-12-12 03:00:00,39.855926514,0.31489755988605905
1732,2018-12-12 04:00:00,39.85634613,0.04083564550652041
1733,2018-12-12 05:00:00,39.855171204,0.7288016163676201
1734,2018-12-12 06:00:00,39.855075836,0.721049131351824
1735,2018-12-12 07:00:00,39.852363586,0.01483188074257269
1736,2018-12-12 08:00:00,39.848194122,0.05254193172139476
1737,2018-12-12 09:00:00,39.851593018,0.45677007633734246
1738,2018-12-12 10:00:00,39.856010437,0.46717035105614346
1739,2018-12-12 11:00:00,39.861598969,0.39654776048365215
1740,2018-12-12 12:00:00,39.868125916,0.14182186386236406
1741,2018-12-12 13:00:00,39.874740601,0.1511023585934147
1742,2018-12-12 14:00:00,39.882518768,0.6544777415247555
1743,2018-12-12 15:00:00,39.87821579,0.8913769330358894
1744,2018-12-12 16:00:00,39.858085632,0.7171411419255141
1745,2018-12-12 17:00:00,39.8294487,0.9411433203739745
1746,2018-12-12 18:00:00,39.792919159,0.18182315024718
1747,2018-12-12 19:00:00,39.755741119,0.9086317883330728
1748,2018-12-12 20:00:00,39.723072052,0.6766321392729711
1749,2018-12-12 21:00:00,39.70331955,0.7817841589157727
1750,2018-12-12 22:00:00,39.710079193,0.35636298409761424
1751,2018-12-12 23:00:00,39.717315674,0.8999933992308516
1752,2018-12-13 00:00:00,39.723655701,0.9990874607466713
1753,2018-12-13 01:00:00,41.568191528,0.21091851830483177
1754,2018-12-13 02:00:00,41.803928375,0.7165195547295776
1755,2018-12-13 03:00:00,43.429740906,0.7021872057535221
1756,2018-12-13 04:00:00,45.987503052,0.8072944497574153
1757,2018-12-13 05:00:00,49.100608826,0.3403869654064422
1758,2018-12-13 06:00:00,49.794319153,0.7245633190704821
1759,2018-12-13 07:00:00,50.159378052,0.06080217399663246
1760,2018-12-13 08:00:00,50.184146881,0.5366981623596984
1761,2018-12-13 09:00:00,50.539142609,0.6122948251538378
1762,2018-12-13 10:00:00,50.573329926,0.0704616985554325
1763,2018-12-13 11:00:00,50.671791077,0.07453351327906466
1764,2018-12-13 12:00:00,50.702766418,0.5353303351542776
1765,2018-12-13 13:00:00,50.794837952,0.9595666942928505
1766,2018-12-13 14:00:00,50.90599823,0.9991779305036703
1767,2018-12-13 15:00:00,50.948699951,0.790355119093051
1768,2018-12-13 16:00:00,51.011657715,0.693327264657834
1769,2018-12-13 17:00:00,51.095497131,0.5201702265851181
1770,2018-12-13 18:00:00,51.191413879,0.5745855840103915
1771,2018-12-13 19:00:00,51.293380737,0.3110440107408884
1772,2018-12-13 20:00:00,51.338035583,0.46811939313021955
1773,2018-12-13 21:00:00,51.411083221,0.4857678170530745
1774,2018-12-13 22:00:00,51.532966614,0.09443338318235261
1775,2018-12-13 23:00:00,51.627830505,0.5208585492324127
1776,2018-12-14 00:00:00,51.750785828,0.45530760804932147
1777,2018-12-14 01:00:00,51.850570679,0.5998115273789261
1778,2018-12-14 02:00:00,51.934719086,0.2562591897686036
1779,2018-12-14 03:00:00,52.017799377,0.8332788474725032
1780,2018-12-14 04:00:00,52.072208405,0.27690896044592583
1781,2018-12-14 05:00:00,52.104068756,0.7914011388282787
1782,2018-12-14 06:00:00,52.114402771,0.6093724808197104
1783,2018-12-14 07:00:00,52.115283966,0.8681494278961375
1784,2018-12-14 08:00:00,52.124526978,0.06589783183988862
1785,2018-12-14 09:00:00,52.133846283,0.46816120161206487
1786,2018-12-14 10:00:00,52.14289856,0.35307387224815745
1787,2018-12-14 11:00:00,52.135101318,0.8288586432183953
1788,2018-12-14 12:00:00,52.123214722,0.19220715092635965
1789,2018-12-14 13:00:00,52.128074646,0.7155981872976087
1790,2018-12-14 14:00:00,52.132865906,0.43739293527999645
1791,2018-12-14 15:00:00,52.125709534,0.6583582010778294
1792,2018-12-14 16:00:00,52.104549408,0.9042620622442519
1793,2018-12-14 17:00:00,52.078903198,0.15707819856656546
1794,2018-12-14 18:00:00,52.044296265,0.0009392747984491301
1795,2018-12-14 19:00:00,52.006721497,0.721881941116834
1796,2018-12-14 20:00:00,51.963848114,0.7665546273059081
1797,2018-12-14 21:00:00,51.936481476,0.5796703676208641
1798,2018-12-14 22:00:00,51.933830261,0.5610936902683976
1799,2018-12-14 23:00:00,51.934013367,0.7769666539841434
1800,2018-12-15 00:00:00,51.934593201,0.1198810281824223
1801,2018-12-15 01:00:00,51.932621002,0.6837729313156468
1802,2018-12-15 02:00:00,51.909446716,0.5395417494235107
1803,2018-12-15 03:00:00,51.880496979,0.8166262375873031
1804,2018-12-15 04:00:00,51.868537903,0.5824416322014584
1805,2018-12-15 05:00:00,51.863250732,0.27398093720663386
1806,2018-12-15 06:00:00,51.842739105,0.6485662504490503
1807,2018-12-15 07:00:00,51.811157227,0.3186969747625099
1808,2018-12-15 08:00:00,51.80361557,0.9310933163070162
1809,2018-12-15 09:00:00,51.804008484,0.40556786318811877
1810,2018-12-15 10:00:00,51.804576874,0.8365452238873383
1811,2018-12-15 11:00:00,51.805767059,0.5394956576022182
1812,2018-12-15 12:00:00,51.806804657,0.39148540324369374
1813,2018-12-15 13:00:00,51.808521271,0.482369719395928
1814,2018-12-15 14:00:00,51.810028076,0.39526043949451983
1815,2018-12-15 15:00:00,51.805797577,0.5927188664618245
1816,2018-12-15 16:00:00,51.791282654,0.7276798863772053
1817,2018-12-15 17:00:00,51.768108368,0.26663831764031354
1818,2018-12-15 18:00:00,51.734661102,0.15788183375728404
1819,2018-12-15 19:00:00,51.68447113,0.0745807737453189
1820,2018-12-15 20:00:00,51.63225174,0.808299857875579
1821,2018-12-15 21:00:00,51.603378296,0.4687824069642613
1822,2018-12-15 22:00:00,51.607452393,0.7875818333414768
1823,2018-12-15 23:00:00,51.612678528,0.27992364395353275
1824,2018-12-16 00:00:00,51.619785309,0.8575776702540414
1825,2018-12-16 01:00:00,51.625778198,0.001843999552202491
1826,2018-12-16 02:00:00,51.632423401,0.17572634778403606
1827,2018-12-16 03:00:00,51.639633179,0.2261182228299169
1828,2018-12-16 04:00:00,51.645404816,0.08353002979968494
1829,2018-12-16 05:00:00,51.651569366,0.31539012058934945
1830,2018-12-16 06:00:00,51.655925751,0.23058812527467565
1831,2018-12-16 07:00:00,51.659397125,0.34659913299440537
1832,2018-12-16 08:00:00,51.653640747,0.7534368045091088
1833,2018-12-16 09:00:00,51.64156723,0.9588234467886868
1834,2018-12-16 10:00:00,51.633224487,0.3332222819669567
1835,2018-12-16 11:00:00,51.610237122,0.3097453148289623
1836,2018-12-16 12:00:00,51.581581116,0.4162939799307255
1837,2018-12-16 13:00:00,51.564098358,0.16237491403412307
1838,2018-12-16 14:00:00,51.561912537,0.044874501996407634
1839,2018-12-16 15:00:00,51.541339874,0.700471224130883
1840,2018-12-16 16:00:00,51.490459442,0.8590462457609731
1841,2018-12-16 17:00:00,51.436553955,0.9939195548152059
1842,2018-12-16 18:00:00,51.376789093,0.32744290611042737
1843,2018-12-16 19:00:00,51.330844879,0.7696450150924798
1844,2018-12-16 20:00:00,51.289493561,0.5623821124061021
1845,2018-12-16 21:00:00,51.25851059,0.6545310935176925
1846,2018-12-16 22:00:00,51.262020111,0.3827510574994982
1847,2018-12-16 23:00:00,51.265506744,0.5215381303544941
1848,2018-12-17 00:00:00,51.262180328,0.21127231950836967
1849,2018-12-17 01:00:00,51.258911133,0.22528315586121683
1850,2018-12-17 02:00:00,51.255996704,0.7351921192147503
1851,2018-12-17 03:00:00,51.249275208,0.16857659915492917
1852,2018-12-17 04:00:00,51.237319946,0.4501203021466468
1853,2018-12-17 05:00:00,51.231704712,0.7487346359728118
1854,2018-12-17 06:00:00,51.220352173,0.985131360899411
1855,2018-12-17 07:00:00,51.212799072,0.8472263963076748
1856,2018-12-17 08:00:00,51.208976746,0.9787144892397152
1857,2018-12-17 09:00:00,51.203186035,0.9536866297962595
1858,2018-12-17 10:00:00,51.203300476,0.0976365144374669
1859,2018-12-17 11:00:00,51.202041626,0.8915786028671928
1860,2018-12-17 12:00:00,51.188606262,0.8623317781327215
1861,2018-12-17 13:00:00,51.172622681,0.28686537108206267
1862,2018-12-17 14:00:00,51.169296265,0.7798051735515625
1863,2018-12-17 15:00:00,51.147209167,0.4456001598503575
1864,2018-12-17 16:00:00,51.120140076,0.48838822639840196
1865,2018-12-17 17:00:00,51.087223053,0.7138362102108058
1866,2018-12-17 18:00:00,51.044857025,0.7222563528572878
1867,2018-12-17 19:00:00,50.994552612,0.20491851372019632
1868,2018-12-17 20:00:00,50.954017639,0.9203182061563617
1869,2018-12-17 21:00:00,50.922279358,0.3962016420022414
1870,2018-12-17 22:00:00,50.921867371,0.309943401077572
1871,2018-12-17 23:00:00,50.921463013,0.9267733466530533
1872,2018-12-18 00:00:00,50.922912598,0.5901813436379496
1873,2018-12-18 01:00:00,50.925788879,0.1586219176072553
1874,2018-12-18 02:00:00,50.927856445,0.3066472064606095
1875,2018-12-18 03:00:00,50.930164337,0.5708954668662967
1876,2018-12-18 04:00:00,50.933319092,0.9076726648186964
1877,2018-12-18 05:00:00,50.936347961,0.5344975742661521
1878,2018-12-18 06:00:00,50.941116333,0.6774048249913938
1879,2018-12-18 07:00:00,50.945678711,0.9051173854007851
1880,2018-12-18 08:00:00,50.952606201,0.6299593194980876
1881,2018-12-18 09:00:00,50.958694458,0.1380277915335535
1882,2018-12-18 10:00:00,50.96799469,0.714788023434241
1883,2018-12-18 11:00:00,50.977371216,0.5912082839052836
1884,2018-12-18 12:00:00,50.987091064,0.19751040048184665
1885,2018-12-18 13:00:00,50.997623444,0.13031266394180552
1886,2018-12-18 14:00:00,51.00567627,0.15028354959573786
1887,2018-12-18 15:00:00,51.003585815,0.521254678861247
1888,2018-12-18 16:00:00,50.996528625,0.5208317732883442
1889,2018-12-18 17:00:00,50.980430603,0.9196947030684807
1890,2018-12-18 18:00:00,50.959667206,0.6794020227959577
1891,2018-12-18 19:00:00,50.934051514,0.5184443129286931
1892,2018-12-18 20:00:00,50.90228653,0.3120656183060808
1893,2018-12-18 21:00:00,50.877243042,0.9525857823137082
1894,2018-12-18 22:00:00,50.881896973,0.37936137966185657
1895,2018-12-18 23:00:00,50.891441345,0.7736263924476814
1896,2018-12-19 00:00:00,50.899803162,0.09521178365306615
1897,2018-12-19 01:00:00,50.9090271,0.08772541047227367
1898,2018-12-19 02:00:00,50.902542114,0.2951991895145526
1899,2018-12-19 03:00:00,50.897720337,0.3491534955338965
1900,2018-12-19 04:00:00,50.899108887,0.6702792938173948
1901,2018-12-19 05:00:00,50.904148102,0.4384680491650994
1902,2018-12-19 06:00:00,50.897457123,0.2075680743492343
1903,2018-12-19 07:00:00,50.902263641,0.6200015535632091
1904,2018-12-19 08:00:00,50.90814209,0.4120164823162773
1905,2018-12-19 09:00:00,50.91651535,0.07856649578464847
1906,2018-12-19 10:00:00,50.92697525,0.11556184007800963
1907,2018-12-19 11:00:00,50.935882568,0.3628700947467852
1908,2018-12-19 12:00:00,50.943130493,0.6778782818569865
1909,2018-12-19 13:00:00,50.950740814,0.8574209019771822
1910,2018-12-19 14:00:00,50.958404541,0.12419228976020225
1911,2018-12-19 15:00:00,50.959243774,0.6787134944355945
1912,2018-12-19 16:00:00,50.956809998,0.10436693708721168
1913,2018-12-19 17:00:00,50.951538086,0.9837666787971321
1914,2018-12-19 18:00:00,50.941215515,0.25889299999051096
1915,2018-12-19 19:00:00,50.92773819,0.5735035835562233
1916,2018-12-19 20:00:00,50.915126801,0.20224763565919668
1917,2018-12-19 21:00:00,50.902854919,0.28906896353814415
1918,2018-12-19 22:00:00,50.909221649,0.06347242516501839
1919,2018-12-19 23:00:00,50.915283203,0.7080547135905724
1920,2018-12-20 00:00:00,50.921867371,0.18638182079293364
1921,2018-12-20 01:00:00,50.928394318,0.49778735674979413
1922,2018-12-20 02:00:00,50.934623718,0.7229390602959088
1923,2018-12-20 03:00:00,50.941123962,0.13678657772510405
1924,2018-12-20 04:00:00,50.949584961,0.8465255060082472
1925,2018-12-20 05:00:00,50.958095551,0.05661441700717251
1926,2018-12-20 06:00:00,50.962966919,0.7363241624783772
1927,2018-12-20 07:00:00,50.969959259,0.09451301717865879
1928,2018-12-20 08:00:00,50.976970673,0.452615481066002
1929,2018-12-20 09:00:00,50.982826233,0.7066977975807998
1930,2018-12-20 10:00:00,50.984542847,0.553640377770395
1931,2018-12-20 11:00:00,50.98607254,0.32212669305392005
1932,2018-12-20 12:00:00,50.991470337,0.3054278816721898
1933,2018-12-20 13:00:00,50.998104095,0.9770363602763981
1934,2018-12-20 14:00:00,51.002372742,0.4401185598194428
1935,2018-12-20 15:00:00,50.994838715,0.20207959851074586
1936,2018-12-20 16:00:00,50.975875854,0.504466182034287
1937,2018-12-20 17:00:00,50.944747925,0.38403222446131036
1938,2018-12-20 18:00:00,50.895774841,0.7351221496621786
1939,2018-12-20 19:00:00,50.842094421,0.6014364257880669
1940,2018-12-20 20:00:00,50.791095734,0.44618376467304766
1941,2018-12-20 21:00:00,50.753761292,0.3279945396607298
1942,2018-12-20 22:00:00,50.755813599,0.9773194896398582
1943,2018-12-20 23:00:00,50.757476807,0.23436310940910965
1944,2018-12-21 00:00:00,50.760063171,0.22336957337978802
1945,2018-12-21 01:00:00,50.761837006,0.40496480022995984
1946,2018-12-21 02:00:00,50.757480621,0.7319746519361191
1947,2018-12-21 03:00:00,50.752216339,0.4003734089959511
1948,2018-12-21 04:00:00,50.745681763,0.717436244390076
1949,2018-12-21 05:00:00,50.745121002,0.9990269723617771
1950,2018-12-21 06:00:00,50.745742798,0.19064431575144147
1951,2018-12-21 07:00:00,50.747371674,0.3986767712232667
1952,2018-12-21 08:00:00,50.748409271,0.2486778801432662
1953,2018-12-21 09:00:00,50.749843597,0.3192324507928458
1954,2018-12-21 10:00:00,50.751281738,0.3896029119997316
1955,2018-12-21 11:00:00,50.752861023,0.8302226947867555
1956,2018-12-21 12:00:00,50.754104614,0.07396477777925903
1957,2018-12-21 13:00:00,50.755729675,0.8846851376566764
1958,2018-12-21 14:00:00,50.758003235,0.6643438754416972
1959,2018-12-21 15:00:00,50.758426666,0.7777209023971025
1960,2018-12-21 16:00:00,50.750274658,0.5160713915269417
1961,2018-12-21 17:00:00,50.733329773,0.5225914244523583
1962,2018-12-21 18:00:00,50.688907623,0.6494031726889407
1963,2018-12-21 19:00:00,50.638702393,0.9163837251791302
1964,2018-12-21 20:00:00,50.587741852,0.9676356906058731
1965,2018-12-21 21:00:00,50.544036865,0.03670978343095832
1966,2018-12-21 22:00:00,50.535900116,0.008179701840995035
1967,2018-12-21 23:00:00,50.533466339,0.4382017933516713
1968,2018-12-22 00:00:00,50.534809113,0.8366679412960829
1969,2018-12-22 01:00:00,50.537414551,0.23553694567533834
1970,2018-12-22 02:00:00,50.540122986,0.747238920953138
1971,2018-12-22 03:00:00,50.544528961,0.019448308694112848
1972,2018-12-22 04:00:00,50.548221588,0.7127282510506735
1973,2018-12-22 05:00:00,50.552177429,0.3896748524218535
1974,2018-12-22 06:00:00,50.555381775,0.954917097196579
1975,2018-12-22 07:00:00,50.557964325,0.7355961784572687
1976,2018-12-22 08:00:00,50.561191559,0.20987131727860375
1977,2018-12-22 09:00:00,50.563728333,0.8900889865256684
1978,2018-12-22 10:00:00,50.567802429,0.495045734947974
1979,2018-12-22 11:00:00,50.568397522,0.4503192561867462
1980,2018-12-22 12:00:00,50.569423676,0.12521583910837497
1981,2018-12-22 13:00:00,50.572780609,0.7517313950863866
1982,2018-12-22 14:00:00,50.576774597,0.7206686473741594
1983,2018-12-22 15:00:00,50.577384949,0.09159669021504924
1984,2018-12-22 16:00:00,50.574882507,0.8711422096554626
1985,2018-12-22 17:00:00,50.568969727,0.281834754785776
1986,2018-12-22 18:00:00,50.557117462,0.23989658216242893
1987,2018-12-22 19:00:00,50.542282104,0.3184104874745102
1988,2018-12-22 20:00:00,50.527191162,0.6943012905297298
1989,2018-12-22 21:00:00,50.515888214,0.7658221486800446
1990,2018-12-22 22:00:00,50.518684387,0.4042166516476028
1991,2018-12-22 23:00:00,50.523117065,0.7099534996741458
1992,2018-12-23 00:00:00,50.529975891,0.7949833480694971
1993,2018-12-23 01:00:00,50.537086487,0.8447594503973055
1994,2018-12-23 02:00:00,50.543609619,0.45774472667371036
1995,2018-12-23 03:00:00,50.550415039,0.05397995196677374
1996,2018-12-23 04:00:00,50.55581665,0.8947894512119015
1997,2018-12-23 05:00:00,50.558372498,0.7185182048789192
1998,2018-12-23 06:00:00,50.559082031,0.8924566503621164
1999,2018-12-23 07:00:00,50.558925629,0.5254527571000295
2000,2018-12-23 08:00:00,50.558433533,0.07694819755035831
2001,2018-12-23 09:00:00,50.557510376,0.8362879119180163
2002,2018-12-23 10:00:00,50.55708313,0.15171636364944618
2003,2018-12-23 11:00:00,50.556793213,0.79386580345555
2004,2018-12-23 12:00:00,50.555900574,0.16621124913965957
2005,2018-12-23 13:00:00,50.554836273,0.34846051674444
2006,2018-12-23 14:00:00,50.551815033,0.8860307904732867
2007,2018-12-23 15:00:00,50.548286438,0.8509246472110203
2008,2018-12-23 16:00:00,50.537944794,0.12029222350619495
2009,2018-12-23 17:00:00,50.51883316,0.11438701913786231
2010,2018-12-23 18:00:00,50.501255035,0.05960368669418836
2011,2018-12-23 19:00:00,50.470954895,0.8268545087364054
2012,2018-12-23 20:00:00,50.443130493,0.5438316072445395
2013,2018-12-23 21:00:00,50.444900513,0.5036049853254855
2014,2018-12-23 22:00:00,50.474075317,0.0507077063883935
2015,2018-12-23 23:00:00,50.508113861,0.7931044156559879
2016,2018-12-24 00:00:00,50.51889801,0.034207265682842714
2017,2018-12-24 01:00:00,50.52891922,0.09359130546110905
2018,2018-12-24 02:00:00,50.538471222,0.8169313750477138
2019,2018-12-24 03:00:00,50.545089722,0.7670196294260203
2020,2018-12-24 04:00:00,50.581233978,0.5343988082250547
2021,2018-12-24 05:00:00,50.657615662,0.5629045388403788
2022,2018-12-24 06:00:00,50.799430847,0.314964269684761
2023,2018-12-24 07:00:00,50.889411926,0.7465283980220839
2024,2018-12-24 08:00:00,50.91418457,0.869559651058946
2025,2018-12-24 09:00:00,50.930145264,0.24293369707733636
2026,2018-12-24 10:00:00,50.945262909,0.21610094202161179
2027,2018-12-24 11:00:00,51.143993378,0.8966565354938818
2028,2018-12-24 12:00:00,52.4871521,0.010741217253936508
2029,2018-12-24 13:00:00,53.608657837,0.12208095810898512
2030,2018-12-24 14:00:00,54.10483551,0.34436759840583886
2031,2018-12-24 15:00:00,54.409004211,0.20204035256891406
2032,2018-12-24 16:00:00,54.706130981,0.05246326749533814
2033,2018-12-24 17:00:00,54.944030762,0.5171840071764129
2034,2018-12-24 18:00:00,55.166526794,0.2360671433208148
2035,2018-12-24 19:00:00,55.35395813,0.7704394201424637
2036,2018-12-24 20:00:00,55.460372925,0.5827206458623493
2037,2018-12-24 21:00:00,55.569519043,0.9746339645310375
2038,2018-12-24 22:00:00,55.648986816,0.6322077220353323
2039,2018-12-24 23:00:00,55.680137634,0.5920804959823384
2040,2018-12-25 00:00:00,55.691665649,0.1831058316627996
2041,2018-12-25 01:00:00,55.707984924,0.9430534010189476
2042,2018-12-25 02:00:00,55.743812561,0.8360423341116128
2043,2018-12-25 03:00:00,55.787796021,0.6086531415559562
2044,2018-12-25 04:00:00,55.837646484,0.2828466455745515
2045,2018-12-25 05:00:00,55.879981995,0.07813422778705248
2046,2018-12-25 06:00:00,55.911064148,0.25509633696872813
2047,2018-12-25 07:00:00,55.962394714,0.3696055819990586
2048,2018-12-25 08:00:00,55.991775513,0.37253891199278244
2049,2018-12-25 09:00:00,56.010749817,0.3319490095801253
2050,2018-12-25 10:00:00,56.032707214,0.9858746425265873
2051,2018-12-25 11:00:00,56.057113647,0.3282878155312666
2052,2018-12-25 12:00:00,56.079566956,0.7144587015245152
2053,2018-12-25 13:00:00,56.113861084,0.46217195906145514
2054,2018-12-25 14:00:00,56.148262024,0.9352181817647791
2055,2018-12-25 15:00:00,56.169761658,0.6000053273692455
2056,2018-12-25 16:00:00,56.18245697,0.4068384697124363
2057,2018-12-25 17:00:00,56.18711853,0.899795968512656
2058,2018-12-25 18:00:00,56.184417725,0.20197603368755324
2059,2018-12-25 19:00:00,56.181564331,0.6351308277651759
2060,2018-12-25 20:00:00,56.173244476,0.33807428368174275
2061,2018-12-25 21:00:00,56.157989502,0.2037409422933104
2062,2018-12-25 22:00:00,56.161705017,0.37838230058812494
2063,2018-12-25 23:00:00,56.164203644,0.6073594532808156
2064,2018-12-26 00:00:00,56.168586731,0.6884300700962673
2065,2018-12-26 01:00:00,56.170791626,0.3624502457170925
2066,2018-12-26 02:00:00,56.168258667,0.9886378049639695
2067,2018-12-26 03:00:00,56.173671722,0.7446543276712781
2068,2018-12-26 04:00:00,56.178333282,0.02416089336915439
2069,2018-12-26 05:00:00,56.184005737,0.36261126642633457
2070,2018-12-26 06:00:00,56.248138428,0.9595547296232498
2071,2018-12-26 07:00:00,56.25756073,0.6931969009238176
2072,2018-12-26 08:00:00,56.646377563,0.8990055071737387
2073,2018-12-26 09:00:00,58.223564148,0.3645387230796784
2074,2018-12-26 10:00:00,59.095191956,0.7617892007365447
2075,2018-12-26 11:00:00,60.292198181,0.7335511179208999
2076,2018-12-26 12:00:00,60.79888916,0.7950601165185647
2077,2018-12-26 13:00:00,61.018920898,0.23948257172164256
2078,2018-12-26 14:00:00,61.288017273,0.21063836836988736
2079,2018-12-26 15:00:00,61.347724915,0.07193204030298517
2080,2018-12-26 16:00:00,61.586624146,0.08362855426963556
2081,2018-12-26 17:00:00,61.724113464,0.14544324553834453
2082,2018-12-26 18:00:00,61.821624756,0.8255232996877023
2083,2018-12-26 19:00:00,62.058151245,0.6399918189184515
2084,2018-12-26 20:00:00,62.12399292,0.48530746927656454
2085,2018-12-26 21:00:00,62.285270691,0.2213237155230492
2086,2018-12-26 22:00:00,62.389144897,0.3281115142557711
2087,2018-12-26 23:00:00,62.531433105,0.9697619744677821
2088,2018-12-27 00:00:00,62.550918579,0.5311778470255526
2089,2018-12-27 01:00:00,62.58682251,0.5733030462598191
2090,2018-12-27 02:00:00,62.727455139,0.8569362197766607
2091,2018-12-27 03:00:00,62.876777649,0.01429649954132195
2092,2018-12-27 04:00:00,63.014728546,0.6294911326220024
2093,2018-12-27 05:00:00,63.08290863,0.8546598799100247
2094,2018-12-27 06:00:00,63.170269012,0.3882223173375543
2095,2018-12-27 07:00:00,63.372951508,0.9890484356649254
2096,2018-12-27 08:00:00,63.429237366,0.2930514602297092
2097,2018-12-27 09:00:00,63.490356445,0.7831925684358105
2098,2018-12-27 10:00:00,63.565452576,0.918159460561337
2099,2018-12-27 11:00:00,63.619041443,0.14641598174921178
2100,2018-12-27 12:00:00,63.672515869,0.048339082282944146
2101,2018-12-27 13:00:00,63.710586548,0.0858667031681063
2102,2018-12-27 14:00:00,63.724983215,0.005905476598934589
2103,2018-12-27 15:00:00,63.726898193,0.5067931246202703
2104,2018-12-27 16:00:00,63.724815369,0.7712079552161892
2105,2018-12-27 17:00:00,63.715446472,0.7643652407040243
2106,2018-12-27 18:00:00,63.946231842,0.012833534527683654
2107,2018-12-27 19:00:00,64.18762207,0.46195156339549737
2108,2018-12-27 20:00:00,65.303833008,0.05956652798449724
2109,2018-12-27 21:00:00,65.485557556,0.35644450212152556
2110,2018-12-27 22:00:00,65.555801392,0.5389039664868869
2111,2018-12-27 23:00:00,65.588745117,0.3402210574871024
2112,2018-12-28 00:00:00,65.664955139,0.8998131421765765
2113,2018-12-28 01:00:00,65.719482422,0.9007019633883738
2114,2018-12-28 02:00:00,65.765365601,0.07645438042422659
2115,2018-12-28 03:00:00,65.828308105,0.5699294728378446
2116,2018-12-28 04:00:00,65.916145325,0.15134204965579245
2117,2018-12-28 05:00:00,65.988090515,0.5887890187922864
2118,2018-12-28 06:00:00,66.045295715,0.804673487416133
2119,2018-12-28 07:00:00,66.123016357,0.4299615563486646
2120,2018-12-28 08:00:00,66.22265625,0.7119001104431961
2121,2018-12-28 09:00:00,66.283027649,0.786671216451788
2122,2018-12-28 10:00:00,66.33140564,0.36958195619070355
2123,2018-12-28 11:00:00,66.359725952,0.9116753481245047
2124,2018-12-28 12:00:00,66.383163452,0.1842396837813587
2125,2018-12-28 13:00:00,66.503189087,0.8634807618793391
2126,2018-12-28 14:00:00,66.629570007,0.8894056237134935
2127,2018-12-28 15:00:00,66.738792419,0.18907005884242523
2128,2018-12-28 16:00:00,66.841743469,0.9764861216854648
2129,2018-12-28 17:00:00,66.926071167,0.8524103899221983
2130,2018-12-28 18:00:00,66.971069336,0.4112744160452235
2131,2018-12-28 19:00:00,67.051513672,0.19860612978218728
2132,2018-12-28 20:00:00,67.125076294,0.16591400865468586
2133,2018-12-28 21:00:00,67.200798035,0.3193380247053069
2134,2018-12-28 22:00:00,67.334442139,0.44285075626666537
2135,2018-12-28 23:00:00,67.436561584,0.7881373251778846
2136,2018-12-29 00:00:00,67.516731262,0.8728138461248846
2137,2018-12-29 01:00:00,67.604347229,0.17753531423215363
2138,2018-12-29 02:00:00,67.644973755,0.5090375126296237
2139,2018-12-29 03:00:00,67.675697327,0.5764918558610937
2140,2018-12-29 04:00:00,67.709091187,0.09604763675802053
2141,2018-12-29 05:00:00,67.740661621,0.7962936607456079
2142,2018-12-29 06:00:00,67.766838074,0.5385564113902249
2143,2018-12-29 07:00:00,67.782051086,0.8548498538248092
2144,2018-12-29 08:00:00,67.799163818,0.31847280363810115
2145,2018-12-29 09:00:00,67.817962646,0.8052490271963535
2146,2018-12-29 10:00:00,67.837852478,0.29093976566775637
2147,2018-12-29 11:00:00,67.857284546,0.6946274053780211
2148,2018-12-29 12:00:00,67.876075745,0.2953627120584158
2149,2018-12-29 13:00:00,67.897781372,0.2997518282605698
2150,2018-12-29 14:00:00,67.925392151,0.18014655456545337
2151,2018-12-29 15:00:00,67.94834137,0.5268545419832369
2152,2018-12-29 16:00:00,67.963447571,0.11430938239740818
2153,2018-12-29 17:00:00,67.964454651,0.012264183278443364
2154,2018-12-29 18:00:00,67.949264526,0.6848591323464602
2155,2018-12-29 19:00:00,67.931991577,0.4648487225526531
2156,2018-12-29 20:00:00,67.915420532,0.28070877595164423
2157,2018-12-29 21:00:00,67.908332825,0.20158166368491626
2158,2018-12-29 22:00:00,67.918899536,0.2686123528563503
2159,2018-12-29 23:00:00,67.926231384,0.8154436976123864
2160,2018-12-30 00:00:00,67.930427551,0.4145384280858069
2161,2018-12-30 01:00:00,67.936813354,0.5809682940394182
2162,2018-12-30 02:00:00,67.943733215,0.779228048767238
2163,2018-12-30 03:00:00,67.947120667,0.5901530875898229
2164,2018-12-30 04:00:00,67.944534302,0.8833202452667922
2165,2018-12-30 05:00:00,67.939872742,0.22519776904344646
2166,2018-12-30 06:00:00,67.939292908,0.1608954397829766
2167,2018-12-30 07:00:00,67.936134338,0.9648661612811856
2168,2018-12-30 08:00:00,67.930717468,0.6086298092882407
2169,2018-12-30 09:00:00,67.924575806,0.5313542846714803
2170,2018-12-30 10:00:00,67.918785095,0.0007320640941600454
2171,2018-12-30 11:00:00,67.906570435,0.10295092036870113
2172,2018-12-30 12:00:00,67.897171021,0.00850429066347369
2173,2018-12-30 13:00:00,67.888336182,0.265508762890443
2174,2018-12-30 14:00:00,67.878334045,0.9246430791086109
2175,2018-12-30 15:00:00,67.866195679,0.8318562260512231
2176,2018-12-30 16:00:00,67.845954895,0.10931414677866114
2177,2018-12-30 17:00:00,67.816246033,0.24941007256767922
2178,2018-12-30 18:00:00,67.781951904,0.9965107548489605
2179,2018-12-30 19:00:00,67.749176025,0.48788888882833703
2180,2018-12-30 20:00:00,68.027626038,0.362176673689265
2181,2018-12-30 21:00:00,68.025306702,0.8549481780042375
2182,2018-12-30 22:00:00,68.035591125,0.3428305291918249
2183,2018-12-30 23:00:00,68.044212341,0.4016421924019077
2184,2018-12-31 00:00:00,68.060508728,0.07023706845117805
2185,2018-12-31 01:00:00,68.072845459,0.6921791797807879
2186,2018-12-31 02:00:00,68.079650879,0.15686762831349743
2187,2018-12-31 03:00:00,68.092910767,0.8998175568400408
2188,2018-12-31 04:00:00,68.101593018,0.4145305631980992
2189,2018-12-31 05:00:00,68.106933594,0.05004855296681876
2190,2018-12-31 06:00:00,68.110229492,0.4530423390152142
2191,2018-12-31 07:00:00,68.114295959,0.2703958993193665
2192,2018-12-31 08:00:00,68.124420166,0.527632434976814
2193,2018-12-31 09:00:00,68.133506775,0.10591729224627933
2194,2018-12-31 10:00:00,68.144981384,0.6001542860141529
2195,2018-12-31 11:00:00,68.416618347,0.6527930662221824
2196,2018-12-31 12:00:00,69.166221619,0.7259959926161751
2197,2018-12-31 13:00:00,70.068084717,0.4332011575789154
2198,2018-12-31 14:00:00,70.816574097,0.008081114741071538
2199,2018-12-31 15:00:00,71.694389343,0.3328102532640994
2200,2018-12-31 16:00:00,72.099449158,0.7257820620549374
2201,2018-12-31 17:00:00,72.79624939,0.5983313138066699
2202,2018-12-31 18:00:00,73.296615601,0.47538241046016827
2203,2018-12-31 19:00:00,73.373031616,0.1389467220599876
2204,2018-12-31 20:00:00,73.497314453,0.9717589385273911
2205,2018-12-31 21:00:00,74.282714844,0.6493699062534564
2206,2018-12-31 22:00:00,75.032180786,0.11380290973395901
2207,2018-12-31 23:00:00,75.54574585,0.2966123836484317
2208,2019-01-01 00:00:00,76.125045776,0.9455152983037308
2209,2019-01-01 01:00:00,76.508712769,0.3138412206849973
2210,2019-01-01 02:00:00,76.982040405,0.8068654596028321
2211,2019-01-01 03:00:00,78.185256958,0.19651539259077888
2212,2019-01-01 04:00:00,79.0909729,0.37310362527653296
2213,2019-01-01 05:00:00,79.795227051,0.08595119786459715
2214,2019-01-01 06:00:00,80.646858215,0.9633095635629748
2215,2019-01-01 07:00:00,81.605903625,0.5081117672948792
2216,2019-01-01 08:00:00,82.247436523,0.7337690920711188
2217,2019-01-01 09:00:00,82.606941223,0.289682485137022
2218,2019-01-01 10:00:00,83.056015015,0.4112544143342993
2219,2019-01-01 11:00:00,83.481460571,0.07031085973984952
2220,2019-01-01 12:00:00,83.831848145,0.08472489051942278
2221,2019-01-01 13:00:00,84.120147705,0.5956598915947507
2222,2019-01-01 14:00:00,84.378448486,0.37616554405197833
2223,2019-01-01 15:00:00,84.549583435,0.6871360050220786
2224,2019-01-01 16:00:00,84.698165894,0.3708840205896914
2225,2019-01-01 17:00:00,84.764907837,0.1111633417539436
2226,2019-01-01 18:00:00,84.805679321,0.8184742534152134
2227,2019-01-01 19:00:00,84.820358276,0.23045987114015343
2228,2019-01-01 20:00:00,84.830230713,0.28254631019922316
2229,2019-01-01 21:00:00,84.836578369,0.30315587334058347
2230,2019-01-01 22:00:00,84.852912903,0.9936038861556077
2231,2019-01-01 23:00:00,84.874412537,0.927413122084677
2232,2019-01-02 00:00:00,84.90007019,0.9531512678633174
2233,2019-01-02 01:00:00,84.917938232,0.0779181554376761
2234,2019-01-02 02:00:00,84.945144653,0.7297138057303806
2235,2019-01-02 03:00:00,84.967956543,0.14479028024523477
2236,2019-01-02 04:00:00,84.996307373,0.3831947005505475
2237,2019-01-02 05:00:00,85.020454407,0.48048351000787226
2238,2019-01-02 06:00:00,85.036697388,0.03646278757863153
2239,2019-01-02 07:00:00,85.050964355,0.9149872873800696
2240,2019-01-02 08:00:00,85.059928894,0.7607806449802628
2241,2019-01-02 09:00:00,85.067817688,0.16291942798009973
2242,2019-01-02 10:00:00,85.072166443,0.4498854537672903
2243,2019-01-02 11:00:00,85.069869995,0.9754915091963406
2244,2019-01-02 12:00:00,85.064292908,0.5084991243482705
2245,2019-01-02 13:00:00,85.056007385,0.162471088821742
2246,2019-01-02 14:00:00,85.043312073,0.3668393077939299
2247,2019-01-02 15:00:00,85.024032593,0.5496911053016954
2248,2019-01-02 16:00:00,84.995407104,0.29443198016248406
2249,2019-01-02 17:00:00,84.972198486,0.714001725887234
2250,2019-01-02 18:00:00,84.944519043,0.3231704335713478
2251,2019-01-02 19:00:00,84.919166565,0.23582757823539013
2252,2019-01-02 20:00:00,86.261207581,0.7522943488078268
2253,2019-01-02 21:00:00,87.684707642,0.19478768677942604
2254,2019-01-02 22:00:00,89.237045288,0.32615851794896
2255,2019-01-02 23:00:00,89.344436646,0.2993646402399275
2256,2019-01-03 00:00:00,89.595993042,0.09081023177460723
2257,2019-01-03 01:00:00,89.937286377,0.20956378168545242
2258,2019-01-03 02:00:00,90.068344116,0.11625437304842978
2259,2019-01-03 03:00:00,90.147186279,0.8828528553072491
2260,2019-01-03 04:00:00,90.218551636,0.0887387802218832
2261,2019-01-03 05:00:00,90.327377319,0.876906572763896
2262,2019-01-03 06:00:00,90.393508911,0.6749331425223599
2263,2019-01-03 07:00:00,90.464195251,0.29206200459489173
2264,2019-01-03 08:00:00,90.529907227,0.29497885275269475
2265,2019-01-03 09:00:00,90.652526855,0.0783377583692183
2266,2019-01-03 10:00:00,90.738311768,0.5482687041994629
2267,2019-01-03 11:00:00,90.78276062,0.4823355911455396
2268,2019-01-03 12:00:00,90.820297241,0.12460505544839784
2269,2019-01-03 13:00:00,90.852607727,0.21986729630047497
2270,2019-01-03 14:00:00,90.881103516,0.9588149812542008
2271,2019-01-03 15:00:00,90.893630981,0.7117738511396502
2272,2019-01-03 16:00:00,90.891662598,0.24252395497073898
2273,2019-01-03 17:00:00,90.879440308,0.10350884112910752
2274,2019-01-03 18:00:00,90.855911255,0.9227454919079943
2275,2019-01-03 19:00:00,90.835609436,0.18914976754790913
2276,2019-01-03 20:00:00,90.808334351,0.10622184074563545
2277,2019-01-03 21:00:00,90.786155701,0.4895155774336931
2278,2019-01-03 22:00:00,90.781295776,0.970170797031474
2279,2019-01-03 23:00:00,90.771377563,0.27863263494577384
2280,2019-01-04 00:00:00,90.766929626,0.7171122866326572
2281,2019-01-04 01:00:00,90.755874634,0.7450338749616493
2282,2019-01-04 02:00:00,90.735534668,0.2231246117025696
2283,2019-01-04 03:00:00,90.717018127,0.026172769359923742
2284,2019-01-04 04:00:00,90.701660156,0.7253327701516465
2285,2019-01-04 05:00:00,90.688537598,0.4444912852129913
2286,2019-01-04 06:00:00,90.67767334,0.8463382042388834
2287,2019-01-04 07:00:00,90.679840088,0.8594279688476503
2288,2019-01-04 08:00:00,90.670776367,0.8329577775386214
2289,2019-01-04 09:00:00,90.650344849,0.26831314056567557
2290,2019-01-04 10:00:00,90.628112793,0.9685799490621569
2291,2019-01-04 11:00:00,90.606002808,0.1333288158644781
2292,2019-01-04 12:00:00,90.593589783,0.2909734687635488
2293,2019-01-04 13:00:00,90.588027954,0.37587769222123824
2294,2019-01-04 14:00:00,90.586074829,0.09404898209133128
2295,2019-01-04 15:00:00,90.568283081,0.3232322755412991
2296,2019-01-04 16:00:00,90.532478333,0.3598169980973521
2297,2019-01-04 17:00:00,90.487075806,0.38924275730145463
2298,2019-01-04 18:00:00,90.442085266,0.9497501605166543
2299,2019-01-04 19:00:00,90.400009155,0.43790822047591216
2300,2019-01-04 20:00:00,90.358589172,0.7370761055598313
2301,2019-01-04 21:00:00,90.329566956,0.9771840441161003
2302,2019-01-04 22:00:00,90.336326599,0.7391832130784836
2303,2019-01-04 23:00:00,90.341323853,0.7781362061598359
2304,2019-01-05 00:00:00,90.346611023,0.046506693358321693
2305,2019-01-05 01:00:00,90.345420837,0.8295608013980708
2306,2019-01-05 02:00:00,90.339118958,0.3952563925788939
2307,2019-01-05 03:00:00,90.324249268,0.7020563377506194
2308,2019-01-05 04:00:00,90.305465698,0.6338705788043805
2309,2019-01-05 05:00:00,90.288017273,0.4542117085023808
2310,2019-01-05 06:00:00,90.258377075,0.4011579499279141
2311,2019-01-05 07:00:00,90.226585388,0.5993116096416136
2312,2019-01-05 08:00:00,90.212722778,0.897460175474861
2313,2019-01-05 09:00:00,90.187164307,0.8488248728884924
2314,2019-01-05 10:00:00,90.154579163,0.061874955972215595
2315,2019-01-05 11:00:00,90.11076355,0.15271897380430843
2316,2019-01-05 12:00:00,90.059356689,0.09760005140925343
2317,2019-01-05 13:00:00,90.010185242,0.23108577072160663
2318,2019-01-05 14:00:00,89.955322266,0.3227256946390934
2319,2019-01-05 15:00:00,89.898208618,0.9505536260278596
2320,2019-01-05 16:00:00,89.831840515,0.8704541088777575
2321,2019-01-05 17:00:00,89.762115479,0.028077515537524134
2322,2019-01-05 18:00:00,89.685035706,0.49522954009440523
2323,2019-01-05 19:00:00,89.615615845,0.13361439725858915
2324,2019-01-05 20:00:00,89.541549683,0.7705227282675977
2325,2019-01-05 21:00:00,89.48033905,0.9613875105706473
2326,2019-01-05 22:00:00,90.350105286,0.03951300143199621
2327,2019-01-05 23:00:00,91.256668091,0.8510154812440436
2328,2019-01-06 00:00:00,91.333335876,0.4480155253347269
2329,2019-01-06 01:00:00,91.409255981,0.27924457522165114
2330,2019-01-06 02:00:00,91.461105347,0.2924894005462749
2331,2019-01-06 03:00:00,91.499420166,0.22162911769464022
2332,2019-01-06 04:00:00,91.532913208,0.2037708166699309
2333,2019-01-06 05:00:00,91.580062866,0.953721620776192
2334,2019-01-06 06:00:00,91.651802063,0.22834041105846237
2335,2019-01-06 07:00:00,91.722229004,0.029063381785294995
2336,2019-01-06 08:00:00,91.76865387,0.6872340793765324
2337,2019-01-06 09:00:00,91.811843872,0.1338495032370266
2338,2019-01-06 10:00:00,92.726409912,0.03935913880368691
2339,2019-01-06 11:00:00,93.231956482,0.5614081962764832
2340,2019-01-06 12:00:00,94.556587219,0.07967829697469386
2341,2019-01-06 13:00:00,94.821151733,0.1656451805941418
2342,2019-01-06 14:00:00,95.151130676,0.3297843636018951
2343,2019-01-06 15:00:00,95.457015991,0.9653304648175131
2344,2019-01-06 16:00:00,95.670791626,0.30938051356316
2345,2019-01-06 17:00:00,95.940170288,0.5073336107324438
2346,2019-01-06 18:00:00,96.038497925,0.2521812803212313
2347,2019-01-06 19:00:00,96.196044922,0.6406673350738107
2348,2019-01-06 20:00:00,97.798301697,0.8290245286225257
2349,2019-01-06 21:00:00,99.585044861,0.7333747742340613
2350,2019-01-06 22:00:00,101.54019165,0.3943407315325649
2351,2019-01-06 23:00:00,102.775260925,0.6333179845026782
2352,2019-01-07 00:00:00,103.71118927,0.11266190721251879
2353,2019-01-07 01:00:00,104.199226379,0.8463159531798239
2354,2019-01-07 02:00:00,104.839683533,0.08853724625090864
2355,2019-01-07 03:00:00,105.144256592,0.7265416488343828
2356,2019-01-07 04:00:00,105.359558105,0.5174969568009817
2357,2019-01-07 05:00:00,105.690704346,0.44193986862806756
2358,2019-01-07 06:00:00,105.892959595,0.2265755367943889
2359,2019-01-07 07:00:00,106.088294983,0.4709556667132344
2360,2019-01-07 08:00:00,106.28188324,0.5673173809387194
2361,2019-01-07 09:00:00,106.463653564,0.35444219340080163
2362,2019-01-07 10:00:00,106.602416992,0.7312752270763252
2363,2019-01-07 11:00:00,106.766098022,0.31633444662167
2364,2019-01-07 12:00:00,106.849617004,0.33385480266757694
2365,2019-01-07 13:00:00,106.932983398,0.3006602163838247
2366,2019-01-07 14:00:00,107.014083862,0.04728084639097219
2367,2019-01-07 15:00:00,107.064590454,0.2873365672421042
2368,2019-01-07 16:00:00,107.101913452,0.9529966526359195
2369,2019-01-07 17:00:00,109.682052612,0.895353748123933
2370,2019-01-07 18:00:00,109.95866394,0.579042729207515
2371,2019-01-07 19:00:00,110.149047852,0.3983971023685443
2372,2019-01-07 20:00:00,110.292297363,0.25634724795641806
2373,2019-01-07 21:00:00,110.394371033,0.31358614405326923
2374,2019-01-07 22:00:00,110.450881958,0.18861867412465905
2375,2019-01-07 23:00:00,110.477210999,0.5805216757974827
2376,2019-01-08 00:00:00,110.558410645,0.35080213150729644
2377,2019-01-08 01:00:00,110.61756134,0.2146023569065203
2378,2019-01-08 02:00:00,110.658348083,0.6692090921992839
2379,2019-01-08 03:00:00,110.67527771,0.5261648543252321
2380,2019-01-08 04:00:00,110.696884155,0.1387076271172769
2381,2019-01-08 05:00:00,110.706428528,0.6866188088414401
2382,2019-01-08 06:00:00,110.724075317,0.993142967060226
2383,2019-01-08 07:00:00,110.731781006,0.6211733220154161
2384,2019-01-08 08:00:00,110.751953125,0.6246670157978836
2385,2019-01-08 09:00:00,110.772865295,0.6790894861532026
2386,2019-01-08 10:00:00,110.806114197,0.9715922235589013
2387,2019-01-08 11:00:00,110.8331604,0.125712424844573
2388,2019-01-08 12:00:00,110.869232178,0.54490047680348
2389,2019-01-08 13:00:00,110.919937134,0.6247776005936223
2390,2019-01-08 14:00:00,110.956451416,0.11925152190321087
2391,2019-01-08 15:00:00,110.976234436,0.6263349982919926
2392,2019-01-08 16:00:00,110.977142334,0.028318829885510377
2393,2019-01-08 17:00:00,110.974662781,0.7745720824791809
2394,2019-01-08 18:00:00,110.970375061,0.7052578240246931
2395,2019-01-08 19:00:00,110.970703125,0.9410672031309906
2396,2019-01-08 20:00:00,110.962638855,0.040892914618409715
2397,2019-01-08 21:00:00,110.954452515,0.023522114886454837
2398,2019-01-08 22:00:00,110.982124329,0.9590440785233435
2399,2019-01-08 23:00:00,110.986167908,0.2727827558542093
2400,2019-01-09 00:00:00,110.989624023,0.16214354248050167
2401,2019-01-09 01:00:00,110.99306488,0.913481630797422
2402,2019-01-09 02:00:00,110.996055603,0.7311702413696788
2403,2019-01-09 03:00:00,110.992393494,0.45417316542545805
2404,2019-01-09 04:00:00,110.976394653,0.5444258511517067
2405,2019-01-09 05:00:00,110.96962738,0.11221352033876075
2406,2019-01-09 06:00:00,110.962097168,0.7074116230472401
2407,2019-01-09 07:00:00,110.955169678,0.7972760010476008
2408,2019-01-09 08:00:00,110.954811096,0.3458955873417334
2409,2019-01-09 09:00:00,110.95867157,0.17510600456473524
2410,2019-01-09 10:00:00,110.960372925,0.8791764165016642
2411,2019-01-09 11:00:00,110.943641663,0.19981549701785817
2412,2019-01-09 12:00:00,110.923728943,0.6586896493089232
2413,2019-01-09 13:00:00,110.895080566,0.22304579537673475
2414,2019-01-09 14:00:00,110.866691589,0.26679002293855225
2415,2019-01-09 15:00:00,110.829391479,0.4284409694418384
2416,2019-01-09 16:00:00,110.779716492,0.19581481087466368
2417,2019-01-09 17:00:00,110.726676941,0.8934331286162152
2418,2019-01-09 18:00:00,110.663467407,0.26521544873107494
2419,2019-01-09 19:00:00,110.601524353,0.7236981642500072
2420,2019-01-09 20:00:00,110.541473389,0.9306350438633738
2421,2019-01-09 21:00:00,110.491928101,0.13359430290739305
2422,2019-01-09 22:00:00,110.492263794,0.031217558865449857
2423,2019-01-09 23:00:00,110.491638184,0.11063860258462221
2424,2019-01-10 00:00:00,110.491271973,0.1953883497919089
2425,2019-01-10 01:00:00,110.489990234,0.6867595089735316
2426,2019-01-10 02:00:00,110.487258911,0.6734794612634286
2427,2019-01-10 03:00:00,110.477882385,0.5420288260779282
2428,2019-01-10 04:00:00,110.470230103,0.7945597499622575
2429,2019-01-10 05:00:00,110.468391418,0.4289012602371802
2430,2019-01-10 06:00:00,110.470077515,0.9718659530190438
2431,2019-01-10 07:00:00,110.470794678,0.8239585779410282
2432,2019-01-10 08:00:00,110.471382141,0.11899893520230531
2433,2019-01-10 09:00:00,110.469589233,0.4693007406914217
2434,2019-01-10 10:00:00,110.470787048,0.9259934267666721
2435,2019-01-10 11:00:00,110.475128174,0.4524098567668521
2436,2019-01-10 12:00:00,110.48034668,0.8159674742999182
2437,2019-01-10 13:00:00,110.485427856,0.2032923778289164
2438,2019-01-10 14:00:00,110.491340637,0.4735344257739258
2439,2019-01-10 15:00:00,110.483406067,0.4916447071202622
2440,2019-01-10 16:00:00,110.458831787,0.5743066720538467
2441,2019-01-10 17:00:00,110.428085327,0.9858064743874316
2442,2019-01-10 18:00:00,111.041397095,0.7522184257169254
2443,2019-01-10 19:00:00,111.058242798,0.6614145333846149
2444,2019-01-10 20:00:00,111.066635132,0.5521251028418396
2445,2019-01-10 21:00:00,111.074111938,0.4166773929849722
2446,2019-01-10 22:00:00,111.108215332,0.5957125699167534
2447,2019-01-10 23:00:00,111.114891052,0.2344476540900584
2448,2019-01-11 00:00:00,111.121414185,0.17261484059311583
2449,2019-01-11 01:00:00,111.123474121,0.4089031926405965
2450,2019-01-11 02:00:00,111.12537384,0.03856990914259528
2451,2019-01-11 03:00:00,111.131790161,0.1790065205596495
2452,2019-01-11 04:00:00,111.140258789,0.6023796694051227
2453,2019-01-11 05:00:00,111.145278931,0.5785817227124601
2454,2019-01-11 06:00:00,111.153800964,0.22211578104950802
2455,2019-01-11 07:00:00,111.170249939,0.5041088595877866
2456,2019-01-11 08:00:00,111.184387207,0.5597685864308821
2457,2019-01-11 09:00:00,111.197235107,0.032572260350928084
2458,2019-01-11 10:00:00,111.207984924,0.289680496166977
2459,2019-01-11 11:00:00,111.219573975,0.6836305845598944
2460,2019-01-11 12:00:00,111.229011536,0.517728408839811
2461,2019-01-11 13:00:00,111.240913391,0.37209114256743625
2462,2019-01-11 14:00:00,111.252288818,0.6481516303863654
2463,2019-01-11 15:00:00,111.259979248,0.4810494178922421
2464,2019-01-11 16:00:00,111.261062622,0.45138176040337474
2465,2019-01-11 17:00:00,111.254814148,0.9375209229571919
2466,2019-01-11 18:00:00,111.244293213,0.27394694720815516
2467,2019-01-11 19:00:00,111.229187012,0.35100840691180213
2468,2019-01-11 20:00:00,111.373069763,0.680796030505158
2469,2019-01-11 21:00:00,111.381149292,0.7077809176116127
2470,2019-01-11 22:00:00,111.394577026,0.06739081261025759
2471,2019-01-11 23:00:00,111.561386108,0.33088582011458
2472,2019-01-12 00:00:00,111.579284668,0.6612444903510217
2473,2019-01-12 01:00:00,111.598266602,0.22068971284169825
2474,2019-01-12 02:00:00,111.625862122,0.24910870226944948
2475,2019-01-12 03:00:00,111.646224976,0.6246737348530499
2476,2019-01-12 04:00:00,111.666160583,0.47530630931356643
2477,2019-01-12 05:00:00,111.68598938,0.6968959224472228
2478,2019-01-12 06:00:00,111.704406738,0.15536972215948996
2479,2019-01-12 07:00:00,111.71723938,0.6549083157795337
2480,2019-01-12 08:00:00,112.049942017,0.8578273516056657
2481,2019-01-12 09:00:00,112.227592468,0.6961145916113648
2482,2019-01-12 10:00:00,112.568321228,0.41921902419974566
2483,2019-01-12 11:00:00,112.628707886,0.8056798364229143
2484,2019-01-12 12:00:00,112.662498474,0.08743496926822125
2485,2019-01-12 13:00:00,112.683265686,0.6538085876741204
2486,2019-01-12 14:00:00,112.702331543,0.006266502376593541
2487,2019-01-12 15:00:00,112.707717896,0.8317814054682671
2488,2019-01-12 16:00:00,112.87374115,0.451345640275557
2489,2019-01-12 17:00:00,113.016723633,0.9724966697664097
2490,2019-01-12 18:00:00,113.100639343,0.4493509305394806
2491,2019-01-12 19:00:00,113.18699646,0.7105160945495635
2492,2019-01-12 20:00:00,113.192947388,0.15505846926150102
2493,2019-01-12 21:00:00,113.419921875,0.5250550689242374
2494,2019-01-12 22:00:00,113.425521851,0.6936988754212845
2495,2019-01-12 23:00:00,113.438102722,0.8662982593888476
2496,2019-01-13 00:00:00,113.480010986,0.5226294620673707
2497,2019-01-13 01:00:00,113.522460938,0.18519287980257915
2498,2019-01-13 02:00:00,113.539482117,0.46125622946194933
2499,2019-01-13 03:00:00,113.564231873,0.4182016790391341
2500,2019-01-13 04:00:00,113.604743958,0.24150780661746618
2501,2019-01-13 05:00:00,113.643936157,0.16768538105789033
2502,2019-01-13 06:00:00,113.683380127,0.9398020556129302
2503,2019-01-13 07:00:00,113.71333313,0.7399242993128682
2504,2019-01-13 08:00:00,113.747779846,0.7207247482555622
2505,2019-01-13 09:00:00,113.776687622,0.47239627139869667
2506,2019-01-13 10:00:00,113.799705505,0.7466857828090118
2507,2019-01-13 11:00:00,113.825721741,0.2178272444766488
2508,2019-01-13 12:00:00,113.844772339,0.5019315265277298
2509,2019-01-13 13:00:00,113.86277771,0.1888100204464337
2510,2019-01-13 14:00:00,113.880271912,0.4278857777865205
2511,2019-01-13 15:00:00,113.891021729,0.19675147076595445
2512,2019-01-13 16:00:00,113.890571594,0.6419454388596454
2513,2019-01-13 17:00:00,113.995986938,0.10935495772697446
2514,2019-01-13 18:00:00,113.985961914,0.9382594470998477
2515,2019-01-13 19:00:00,113.974029541,0.33914177027101367
2516,2019-01-13 20:00:00,114.805709839,0.45898891602645764
2517,2019-01-13 21:00:00,114.821624756,0.021043083774620053
2518,2019-01-13 22:00:00,114.842819214,0.1441167415783453
2519,2019-01-13 23:00:00,114.858642578,0.5011544752682536
2520,2019-01-14 00:00:00,114.870422363,0.6778174410353845
2521,2019-01-14 01:00:00,114.893997192,0.5942258502288397
2522,2019-01-14 02:00:00,114.913024902,0.6927661914490407
2523,2019-01-14 03:00:00,114.947174072,0.0722385606498206
2524,2019-01-14 04:00:00,114.985488892,0.8269583521853829
2525,2019-01-14 05:00:00,115.03289032,0.7088678190517655
2526,2019-01-14 06:00:00,115.070266724,0.12032364663713069
2527,2019-01-14 07:00:00,115.101226807,0.015877670758020712
2528,2019-01-14 08:00:00,115.129608154,0.6985415098335652
2529,2019-01-14 09:00:00,115.149642944,0.7493523860655333
2530,2019-01-14 10:00:00,115.171829224,0.6283631667365848
2531,2019-01-14 11:00:00,115.191513062,0.39133922120385567
2532,2019-01-14 12:00:00,115.209991455,0.7030711767463133
2533,2019-01-14 13:00:00,115.234916687,0.2929316759235805
2534,2019-01-14 14:00:00,115.243995667,0.026120169297301876
2535,2019-01-14 15:00:00,115.24609375,0.7235744591499678
2536,2019-01-14 16:00:00,115.244880676,0.9874960815276955
2537,2019-01-14 17:00:00,115.235855103,0.9836365005658658
2538,2019-01-14 18:00:00,115.211929321,0.25191533343187633
2539,2019-01-14 19:00:00,115.193145752,0.3272462428328423
2540,2019-01-14 20:00:00,115.173278809,0.9878129589581365
2541,2019-01-14 21:00:00,115.166343689,0.07922709111392645
2542,2019-01-14 22:00:00,115.163421631,0.24746495478069308
2543,2019-01-14 23:00:00,115.174621582,0.5887532976282434
2544,2019-01-15 00:00:00,115.183891296,0.6093092039542953
2545,2019-01-15 01:00:00,115.191802979,0.5084783914518353
2546,2019-01-15 02:00:00,115.201515198,0.8089324318705763
2547,2019-01-15 03:00:00,115.211135864,0.01870127218493578
2548,2019-01-15 04:00:00,115.220451355,0.28533557257387854
2549,2019-01-15 05:00:00,115.226623535,0.8839305432541185
2550,2019-01-15 06:00:00,115.234474182,0.03287955153255773
2551,2019-01-15 07:00:00,115.248123169,0.4732737730749341
2552,2019-01-15 08:00:00,115.263183594,0.06414891644386778
2553,2019-01-15 09:00:00,115.279495239,0.4182638791689294
2554,2019-01-15 10:00:00,115.28918457,0.3155969525065957
2555,2019-01-15 11:00:00,115.298538208,0.21568785830216897
2556,2019-01-15 12:00:00,115.308837891,0.32089239478985854
2557,2019-01-15 13:00:00,115.316864014,0.6595459497584855
2558,2019-01-15 14:00:00,115.326721191,0.01790866845173189
2559,2019-01-15 15:00:00,115.325256348,0.2551184329353702
2560,2019-01-15 16:00:00,115.319999695,0.7670278866926681
2561,2019-01-15 17:00:00,115.30821991,0.012010921019608989
2562,2019-01-15 18:00:00,115.536346436,0.5977553226112201
2563,2019-01-15 19:00:00,115.532035828,0.6969911387346098
2564,2019-01-15 20:00:00,115.913284302,0.443015588862844
2565,2019-01-15 21:00:00,116.372138977,0.03918460584967831
2566,2019-01-15 22:00:00,117.458015442,0.36921034585449164
2567,2019-01-15 23:00:00,118.317070007,0.1783012913180685
2568,2019-01-16 00:00:00,118.831176758,0.4267165284121486
2569,2019-01-16 01:00:00,119.194587708,0.511035233510011
2570,2019-01-16 02:00:00,119.522407532,0.22353728645331739
2571,2019-01-16 03:00:00,119.619033813,0.07079190408267977
2572,2019-01-16 04:00:00,119.767990112,0.1951292882632618
2573,2019-01-16 05:00:00,119.893753052,0.5087786433543684
2574,2019-01-16 06:00:00,120.408905029,0.31427075471511456
2575,2019-01-16 07:00:00,121.085830688,0.493150145349453
2576,2019-01-16 08:00:00,121.951461792,0.01626295317201576
2577,2019-01-16 09:00:00,122.415916443,0.8456726062396647
2578,2019-01-16 10:00:00,122.921142578,0.24068980032036313
2579,2019-01-16 11:00:00,123.048675537,0.23464483477771014
2580,2019-01-16 12:00:00,123.173522949,0.8099755085898259
2581,2019-01-16 13:00:00,123.375793457,0.12123391575103337
2582,2019-01-16 14:00:00,123.838943481,0.4949028140792494
2583,2019-01-16 15:00:00,123.961860657,0.6386665227408905
2584,2019-01-16 16:00:00,124.217880249,0.6363284504785699
2585,2019-01-16 17:00:00,125.227157593,0.7808519320996874
2586,2019-01-16 18:00:00,126.075439453,0.8769260841213598
2587,2019-01-16 19:00:00,127.57119751,0.2662644059992967
2588,2019-01-16 20:00:00,128.809997559,0.3863535052981102
2589,2019-01-16 21:00:00,130.477554321,0.4738992544538748
2590,2019-01-16 22:00:00,131.110488892,0.7653022137675266
2591,2019-01-16 23:00:00,131.407653809,0.8541841168889788
2592,2019-01-17 00:00:00,131.6121521,0.3741474113184927
2593,2019-01-17 01:00:00,131.857391357,0.6293934620569556
2594,2019-01-17 02:00:00,132.031311035,0.46620628168870926
2595,2019-01-17 03:00:00,132.184738159,0.19204905618192025
2596,2019-01-17 04:00:00,132.331466675,0.19599464957626356
2597,2019-01-17 05:00:00,132.383575439,0.7180122757543111
2598,2019-01-17 06:00:00,132.45463562,0.7854291121471002
2599,2019-01-17 07:00:00,132.551177979,0.8175850591828286
2600,2019-01-17 08:00:00,132.721130371,0.12067973299547718
2601,2019-01-17 09:00:00,132.862335205,0.21072931145179874
2602,2019-01-17 10:00:00,132.934524536,0.84468855431297
2603,2019-01-17 11:00:00,133.006103516,0.35585286627597756
2604,2019-01-17 12:00:00,133.066879272,0.18124274082354375
2605,2019-01-17 13:00:00,133.117324829,0.09442226705982881
2606,2019-01-17 14:00:00,133.190704346,0.8176961232019063
2607,2019-01-17 15:00:00,133.242507935,0.11110106516939011
2608,2019-01-17 16:00:00,133.290115356,0.543645244681824
2609,2019-01-17 17:00:00,133.331115723,0.4574290453877914
2610,2019-01-17 18:00:00,133.382537842,0.7408023150965468
2611,2019-01-17 19:00:00,133.425811768,0.26533768810161495
2612,2019-01-17 20:00:00,134.73664856,0.3674861191969351
2613,2019-01-17 21:00:00,136.268432617,0.22170318637022168
2614,2019-01-17 22:00:00,137.123016357,0.08040765281354789
2615,2019-01-17 23:00:00,137.970336914,0.1717783123986879
2616,2019-01-18 00:00:00,140.292861938,0.7584601215613861
2617,2019-01-18 01:00:00,142.37361145,0.2749389607641263
2618,2019-01-18 02:00:00,143.336547852,0.697099574284932
2619,2019-01-18 03:00:00,143.770858765,0.35885679923729263
2620,2019-01-18 04:00:00,144.324478149,0.6792140830447124
2621,2019-01-18 05:00:00,144.694732666,0.9318217273892757
2622,2019-01-18 06:00:00,146.095901489,0.7263732050622733
2623,2019-01-18 07:00:00,148.854187012,0.9483589027292056
2624,2019-01-18 08:00:00,150.650726318,0.8108523335622384
2625,2019-01-18 09:00:00,152.263839722,0.8337948823235677
2626,2019-01-18 10:00:00,153.593841553,0.17245726044882326
2627,2019-01-18 11:00:00,155.641540527,0.811419700468881
2628,2019-01-18 12:00:00,156.681442261,0.3893804993446891
2629,2019-01-18 13:00:00,164.360351562,0.4905379483403193
2630,2019-01-18 14:00:00,165.753265381,0.9566965873543538
2631,2019-01-18 15:00:00,166.839584351,0.0050560007910686044
2632,2019-01-18 16:00:00,167.703918457,0.7312308947166704
2633,2019-01-18 17:00:00,168.457565308,0.2508062926258724
2634,2019-01-18 18:00:00,169.100463867,0.028831486827258668
2635,2019-01-18 19:00:00,169.515167236,0.6264005601277678
2636,2019-01-18 20:00:00,169.873474121,0.5924495723132096
2637,2019-01-18 21:00:00,170.125076294,0.17940234388512755
2638,2019-01-18 22:00:00,170.309631348,0.2803038910826311
2639,2019-01-18 23:00:00,170.4427948,0.4300480586805878
2640,2019-01-19 00:00:00,170.54347229,0.5913477642129327
2641,2019-01-19 01:00:00,170.568847656,0.5613547595160713
2642,2019-01-19 02:00:00,170.622970581,0.3934147552581182
2643,2019-01-19 03:00:00,170.646377563,0.053039078325310185
2644,2019-01-19 04:00:00,170.679840088,0.5253849772305454
2645,2019-01-19 05:00:00,170.706100464,0.7530329646256014
2646,2019-01-19 06:00:00,170.738174438,0.7155575993670804
2647,2019-01-19 07:00:00,170.767532349,0.07779978512449393
2648,2019-01-19 08:00:00,170.7762146,0.09142744756685728
2649,2019-01-19 09:00:00,170.806640625,0.7220370298915909
2650,2019-01-19 10:00:00,170.859985352,0.8692234622586928
2651,2019-01-19 11:00:00,170.893493652,0.021680194211342818
2652,2019-01-19 12:00:00,170.929870605,0.39793382073657446
2653,2019-01-19 13:00:00,170.964050293,0.024693912704730314
2654,2019-01-19 14:00:00,170.99798584,0.7681435174641564
2655,2019-01-19 15:00:00,171.021621704,0.9218803947877794
2656,2019-01-19 16:00:00,171.04069519,0.30029547815518143
2657,2019-01-19 17:00:00,171.04864502,0.06050745846523531
2658,2019-01-19 18:00:00,171.037490845,0.9116101536356698
2659,2019-01-19 19:00:00,171.022750854,0.9410338912882289
2660,2019-01-19 20:00:00,171.010101318,0.6682825335257699
2661,2019-01-19 21:00:00,171.011581421,0.34944691140785955
2662,2019-01-19 22:00:00,171.011016846,0.42887554718664145
2663,2019-01-19 23:00:00,171.027313232,0.8677823770739762
2664,2019-01-20 00:00:00,171.043899536,0.3663756281101881
2665,2019-01-20 01:00:00,171.058273315,0.676618127913077
2666,2019-01-20 02:00:00,171.071777344,0.28364603473903305
2667,2019-01-20 03:00:00,171.087524414,0.2173778442986466
2668,2019-01-20 04:00:00,171.101654053,0.8094586894941143
2669,2019-01-20 05:00:00,171.114562988,0.4229457014328609
2670,2019-01-20 06:00:00,171.125671387,0.2604080999913475
2671,2019-01-20 07:00:00,171.138031006,0.6452089791102262
2672,2019-01-20 08:00:00,171.147628784,0.39673464505955647
2673,2019-01-20 09:00:00,171.158660889,0.9758575197877557
2674,2019-01-20 10:00:00,171.169998169,0.17100512425403847
2675,2019-01-20 11:00:00,171.179489136,0.572161136633195
2676,2019-01-20 12:00:00,171.191711426,0.9998647549301447
2677,2019-01-20 13:00:00,171.206192017,0.4132640030869039
2678,2019-01-20 14:00:00,171.218139648,0.5004937466682162
2679,2019-01-20 15:00:00,171.22354126,0.2763107440063828
2680,2019-01-20 16:00:00,171.215332031,0.6848978456725713
2681,2019-01-20 17:00:00,171.199142456,0.7398160350293332
2682,2019-01-20 18:00:00,171.170074463,0.2866984448600137
2683,2019-01-20 19:00:00,171.141540527,0.5280947847078578
2684,2019-01-20 20:00:00,171.112670898,0.9612213424105398
2685,2019-01-20 21:00:00,171.077789307,0.7453730267161925
2686,2019-01-20 22:00:00,171.043777466,0.9646767382534889
2687,2019-01-20 23:00:00,171.017730713,0.5140068955914285
2688,2019-01-21 00:00:00,170.996398926,0.06721375486774939
2689,2019-01-21 01:00:00,170.993408203,0.4371093766203614
2690,2019-01-21 02:00:00,170.990646362,0.618457835086286
2691,2019-01-21 03:00:00,170.988601685,0.5945041339543202
2692,2019-01-21 04:00:00,170.98614502,0.056617199495465065
2693,2019-01-21 05:00:00,170.96762085,0.09305006781544956
2694,2019-01-21 06:00:00,170.941696167,0.9785271551023975
2695,2019-01-21 07:00:00,170.927642822,0.3359720003615201
2696,2019-01-21 08:00:00,170.921951294,0.1646473889142548
2697,2019-01-21 09:00:00,170.905731201,0.5055432480762275
2698,2019-01-21 10:00:00,170.911437988,0.9124224777823916
2699,2019-01-21 11:00:00,170.918701172,0.5361839683588001
2700,2019-01-21 12:00:00,170.927978516,0.7020727205024309
2701,2019-01-21 13:00:00,170.917449951,0.4148955875198094
2702,2019-01-21 14:00:00,170.907318115,0.4446025538888415
2703,2019-01-21 15:00:00,170.890228271,0.5396989695987183
2704,2019-01-21 16:00:00,170.870910645,0.6867331200914139
2705,2019-01-21 17:00:00,170.852203369,0.4029327340190828
2706,2019-01-21 18:00:00,173.678741455,0.7567439703912443
2707,2019-01-21 19:00:00,174.15713501,0.28223631532953986
2708,2019-01-21 20:00:00,174.350372314,0.5166042947115436
2709,2019-01-21 21:00:00,174.526306152,0.6810081937069739
2710,2019-01-21 22:00:00,174.70223999,0.3461565379244834
2711,2019-01-21 23:00:00,174.834533691,0.002172708644982757
2712,2019-01-22 00:00:00,174.916091919,0.7876705138021882
2713,2019-01-22 01:00:00,174.959335327,0.8260730275778058
2714,2019-01-22 02:00:00,174.987701416,0.5734790963396119
2715,2019-01-22 03:00:00,175.006561279,0.8391279654279111
2716,2019-01-22 04:00:00,175.025527954,0.12997445653349604
2717,2019-01-22 05:00:00,175.042663574,0.7595807722229366
2718,2019-01-22 06:00:00,177.472290039,0.07414259542748447
2719,2019-01-22 07:00:00,177.607131958,0.3772924012456478
2720,2019-01-22 08:00:00,177.833709717,0.03902722426220462
2721,2019-01-22 09:00:00,177.979034424,0.8961172075716329
2722,2019-01-22 10:00:00,178.105667114,0.5505487662241979
2723,2019-01-22 11:00:00,178.242828369,0.2366409892617748
2724,2019-01-22 12:00:00,178.385437012,0.3935022668837992
2725,2019-01-22 13:00:00,178.46105957,0.08618760014501903
2726,2019-01-22 14:00:00,178.576293945,0.25719200151479904
2727,2019-01-22 15:00:00,178.670532227,0.01625197688118274
2728,2019-01-22 16:00:00,178.727661133,0.9593432295524591
2729,2019-01-22 17:00:00,178.767929077,0.27958291014055414
2730,2019-01-22 18:00:00,178.786254883,0.12556562325502207
2731,2019-01-22 19:00:00,178.818313599,0.6547398872943584
2732,2019-01-22 20:00:00,178.840179443,0.4569447365696018
2733,2019-01-22 21:00:00,178.850326538,0.5862189952581521
2734,2019-01-22 22:00:00,178.854797363,0.9231301821484569
2735,2019-01-22 23:00:00,178.872772217,0.9832962024594009
2736,2019-01-23 00:00:00,178.889755249,0.0865521024948549
2737,2019-01-23 01:00:00,178.903503418,0.9802047468583763
2738,2019-01-23 02:00:00,178.917938232,0.4894595169992857
2739,2019-01-23 03:00:00,178.930725098,0.8881962619086884
2740,2019-01-23 04:00:00,178.943069458,0.054039103775169184
2741,2019-01-23 05:00:00,178.953582764,0.8944980769676865
2742,2019-01-23 06:00:00,178.965606689,0.48172900904080596
2743,2019-01-23 07:00:00,178.973480225,0.2497188807289149
2744,2019-01-23 08:00:00,178.979370117,0.4653634781390086
2745,2019-01-23 09:00:00,178.981948853,0.09297436480677057
2746,2019-01-23 10:00:00,178.981781006,0.2607224247000164
2747,2019-01-23 11:00:00,178.983001709,0.09346461231896352
2748,2019-01-23 12:00:00,178.984893799,0.04092793933930827
2749,2019-01-23 13:00:00,178.985870361,0.07731406984684819
2750,2019-01-23 14:00:00,178.98638916,0.03263196071981167
2751,2019-01-23 15:00:00,178.980148315,0.05954486931588221
2752,2019-01-23 16:00:00,178.965454102,0.21625669659421398
2753,2019-01-23 17:00:00,178.951080322,0.8312703426918846
2754,2019-01-23 18:00:00,178.933898926,0.8399784854056214
2755,2019-01-23 19:00:00,183.164459229,0.44142033031853134
2756,2019-01-23 20:00:00,183.316894531,0.11374276082852153
2757,2019-01-23 21:00:00,183.518615723,0.691967953383688
2758,2019-01-23 22:00:00,183.707946777,0.3049816447536343
2759,2019-01-23 23:00:00,183.856903076,0.7345817150603257
2760,2019-01-24 00:00:00,183.95664978,0.4554817684654824
2761,2019-01-24 01:00:00,184.012634277,0.897063159859093
2762,2019-01-24 02:00:00,184.24609375,0.6590929133596084
2763,2019-01-24 03:00:00,184.5103302,0.26589974350348355
2764,2019-01-24 04:00:00,184.694839478,0.8482271438486613
2765,2019-01-24 05:00:00,184.828231812,0.38623024422321306
2766,2019-01-24 06:00:00,184.933807373,0.501518376522119
2767,2019-01-24 07:00:00,185.036254883,0.946564161861269
2768,2019-01-24 08:00:00,185.131744385,0.3611374308003046
2769,2019-01-24 09:00:00,185.210693359,0.9963403118008898
2770,2019-01-24 10:00:00,185.264648438,0.7498183552866364
2771,2019-01-24 11:00:00,185.305084229,0.7750588114269704
2772,2019-01-24 12:00:00,185.350234985,0.07234015102435698
2773,2019-01-24 13:00:00,185.801742554,0.27957282658722593
2774,2019-01-24 14:00:00,186.255203247,0.21208144733487166
2775,2019-01-24 15:00:00,186.496795654,0.7380133293196097
2776,2019-01-24 16:00:00,186.697494507,0.21784238029649294
2777,2019-01-24 17:00:00,186.886199951,0.638738484636111
2778,2019-01-24 18:00:00,187.060546875,0.4638923177936207
2779,2019-01-24 19:00:00,187.105133057,0.08313570167935713
2780,2019-01-24 20:00:00,187.132476807,0.5302593719795481
2781,2019-01-24 21:00:00,187.172821045,0.8361466758631082
2782,2019-01-24 22:00:00,187.216430664,0.10550622716491442
2783,2019-01-24 23:00:00,187.259979248,0.4190906872737692
2784,2019-01-25 00:00:00,187.305664062,0.5151719455071774
2785,2019-01-25 01:00:00,187.343811035,0.17676147275301413
2786,2019-01-25 02:00:00,187.365936279,0.778404925678712
2787,2019-01-25 03:00:00,187.389205933,0.511866595467707
2788,2019-01-25 04:00:00,187.409255981,0.1644340474544277
2789,2019-01-25 05:00:00,187.443481445,0.40758176350198005
2790,2019-01-25 06:00:00,187.487182617,0.45484061926684904
2791,2019-01-25 07:00:00,187.852813721,0.9984297947962695
2792,2019-01-25 08:00:00,187.956787109,0.2675771032769507
2793,2019-01-25 09:00:00,188.029190063,0.946286931347056
2794,2019-01-25 10:00:00,188.078994751,0.0019307834300602567
2795,2019-01-25 11:00:00,188.109954834,0.3532885071081271
2796,2019-01-25 12:00:00,188.129653931,0.6546167196206532
2797,2019-01-25 13:00:00,188.148162842,0.07713590005439441
2798,2019-01-25 14:00:00,188.166305542,0.1226206248128906
2799,2019-01-25 15:00:00,188.170059204,0.41625064693199365
2800,2019-01-25 16:00:00,188.167358398,0.34715125367631283
2801,2019-01-25 17:00:00,188.176300049,0.43802438272109967
2802,2019-01-25 18:00:00,188.164108276,0.8896127260639313
2803,2019-01-25 19:00:00,188.148925781,0.13089975717180002
2804,2019-01-25 20:00:00,188.130889893,0.285910464640902
2805,2019-01-25 21:00:00,188.120880127,0.7721151141111958
2806,2019-01-25 22:00:00,188.118591309,0.24618053714506383
2807,2019-01-25 23:00:00,188.127761841,0.9368106082524146
2808,2019-01-26 00:00:00,188.138427734,0.5113828935751225
2809,2019-01-26 01:00:00,188.147613525,0.20983885176040384
2810,2019-01-26 02:00:00,188.156158447,0.16533440183123005
2811,2019-01-26 03:00:00,188.158004761,0.06282278316276446
2812,2019-01-26 04:00:00,188.155380249,0.9133839494666833
2813,2019-01-26 05:00:00,188.151535034,0.7047476922821673
2814,2019-01-26 06:00:00,188.148513794,0.04861569634073293
2815,2019-01-26 07:00:00,188.149505615,0.9900172583709461
2816,2019-01-26 08:00:00,188.15045166,0.0181910000944564
2817,2019-01-26 09:00:00,188.151672363,0.2312788945762988
2818,2019-01-26 10:00:00,188.153366089,0.09296264481677707
2819,2019-01-26 11:00:00,188.154190063,0.9866731806123614
2820,2019-01-26 12:00:00,188.152130127,0.6854587264684466
2821,2019-01-26 13:00:00,188.147460938,0.6282350978933948
2822,2019-01-26 14:00:00,188.141174316,0.4572315820179227
2823,2019-01-26 15:00:00,188.132064819,0.5440283856742153
2824,2019-01-26 16:00:00,188.120559692,0.962913406833456
2825,2019-01-26 17:00:00,188.103027344,0.6438725272328912
2826,2019-01-26 18:00:00,188.079483032,0.5881700603251828
2827,2019-01-26 19:00:00,188.050521851,0.6407958032323144
2828,2019-01-26 20:00:00,188.028305054,0.9454597429787693
2829,2019-01-26 21:00:00,188.014221191,0.32332897642171365
2830,2019-01-26 22:00:00,188.000854492,0.09286146277931484
2831,2019-01-26 23:00:00,188.002716064,0.7308516070358358
2832,2019-01-27 00:00:00,188.005157471,0.4355843996673019
2833,2019-01-27 01:00:00,188.00881958,0.1293564329415643
2834,2019-01-27 02:00:00,188.010986328,0.29509612638836447
2835,2019-01-27 03:00:00,188.010498047,0.1409123266673753
2836,2019-01-27 04:00:00,188.004150391,0.48167783825974486
2837,2019-01-27 05:00:00,187.995819092,0.011749727947142463
2838,2019-01-27 06:00:00,187.998001099,0.8292867771286871
2839,2019-01-27 07:00:00,187.989013672,0.08053350017951211
2840,2019-01-27 08:00:00,187.974639893,0.564857511837953
2841,2019-01-27 09:00:00,187.955047607,0.451177724035719
2842,2019-01-27 10:00:00,187.938171387,0.10397447580479191
2843,2019-01-27 11:00:00,187.924560547,0.9625331927184052
2844,2019-01-27 12:00:00,187.910934448,0.7774166482032815
2845,2019-01-27 13:00:00,187.898590088,0.3094443035807243
2846,2019-01-27 14:00:00,187.885375977,0.8702109038462932
2847,2019-01-27 15:00:00,187.865997314,0.5921929518305158
2848,2019-01-27 16:00:00,187.837142944,0.8861701210419771
2849,2019-01-27 17:00:00,187.8046875,0.096443616837523
2850,2019-01-27 18:00:00,187.769744873,0.6201780150396764
2851,2019-01-27 19:00:00,187.729812622,0.6121200507258497
2852,2019-01-27 20:00:00,187.689865112,0.16035194381488427
2853,2019-01-27 21:00:00,187.658462524,0.6324606449224764
2854,2019-01-27 22:00:00,187.638076782,0.3439887275379213
2855,2019-01-27 23:00:00,187.636764526,0.5877979752837855
2856,2019-01-28 00:00:00,187.642791748,0.09247172877395671
2857,2019-01-28 01:00:00,187.647521973,0.617812641512017
2858,2019-01-28 02:00:00,187.649597168,0.04748411820868215
2859,2019-01-28 03:00:00,187.650039673,0.28226139722145027
2860,2019-01-28 04:00:00,187.653945923,0.9951073698348049
2861,2019-01-28 05:00:00,187.657348633,0.4841489412057506
2862,2019-01-28 06:00:00,187.659851074,0.9450525812500293
2863,2019-01-28 07:00:00,187.665359497,0.45031809375352083
2864,2019-01-28 08:00:00,187.6668396,0.0570611797333338
2865,2019-01-28 09:00:00,187.670532227,0.19566029063834178
2866,2019-01-28 10:00:00,187.674804688,0.5683167530825651
2867,2019-01-28 11:00:00,187.682373047,0.15718886958989076
2868,2019-01-28 12:00:00,187.690261841,0.3121441386983931
2869,2019-01-28 13:00:00,187.698287964,0.1051005294146794
2870,2019-01-28 14:00:00,187.706604004,0.13479691345165112
2871,2019-01-28 15:00:00,187.708572388,0.5615556771878315
2872,2019-01-28 16:00:00,187.702941895,0.17693477927383072
2873,2019-01-28 17:00:00,187.692687988,0.09449711890530199
2874,2019-01-28 18:00:00,187.677444458,0.9712914235094741
2875,2019-01-28 19:00:00,187.661407471,0.3874474590339996
2876,2019-01-28 20:00:00,187.645309448,0.07909683501406828
2877,2019-01-28 21:00:00,187.637145996,0.06689256215113326
2878,2019-01-28 22:00:00,187.634613037,0.598605293644854
2879,2019-01-28 23:00:00,187.642181396,0.42730550547810153
2880,2019-01-29 00:00:00,187.649139404,0.1581301409395952
2881,2019-01-29 01:00:00,187.651931763,0.422653619869478
2882,2019-01-29 02:00:00,187.643081665,0.7356367828307254
2883,2019-01-29 03:00:00,187.643096924,0.7946042988515754
2884,2019-01-29 04:00:00,187.643615723,0.8764567481922108
2885,2019-01-29 05:00:00,187.641967773,0.4821395177770951
2886,2019-01-29 06:00:00,187.639480591,0.8213640369536002
2887,2019-01-29 07:00:00,187.637954712,0.5501694820186525
2888,2019-01-29 08:00:00,187.636734009,0.6771254749624103
2889,2019-01-29 09:00:00,187.633148193,0.08131090140816244
2890,2019-01-29 10:00:00,187.630599976,0.4887015542598506
2891,2019-01-29 11:00:00,187.62991333,0.15527057878731665
2892,2019-01-29 12:00:00,187.630142212,0.26953081680618973
2893,2019-01-29 13:00:00,187.630493164,0.005626153322638494
2894,2019-01-29 14:00:00,187.631835938,0.7112354284677495
2895,2019-01-29 15:00:00,187.626602173,0.17596818591799313
2896,2019-01-29 16:00:00,187.610397339,0.850776659188179
2897,2019-01-29 17:00:00,187.585494995,0.1667184321560533
2898,2019-01-29 18:00:00,187.54901123,0.322159133114166
2899,2019-01-29 19:00:00,187.511779785,0.5004512856999569
2900,2019-01-29 20:00:00,187.471420288,0.5179894117972053
2901,2019-01-29 21:00:00,187.447692871,0.9349482771456354
2902,2019-01-29 22:00:00,187.436431885,0.6578017950174397
2903,2019-01-29 23:00:00,187.436935425,0.4436247296347777
2904,2019-01-30 00:00:00,187.436462402,0.6354177244117197
2905,2019-01-30 01:00:00,187.432617188,0.22776118165911585
2906,2019-01-30 02:00:00,187.416519165,0.45293212404032446
2907,2019-01-30 03:00:00,187.40864563,0.4844675263612068
2908,2019-01-30 04:00:00,187.400390625,0.38727019948655306
2909,2019-01-30 05:00:00,187.395950317,0.7180955957960103
2910,2019-01-30 06:00:00,187.391052246,0.28478392104055383
2911,2019-01-30 07:00:00,187.385223389,0.963831788631108
2912,2019-01-30 08:00:00,187.37739563,0.19067303110075395
2913,2019-01-30 09:00:00,187.366897583,0.46534504530928567
2914,2019-01-30 10:00:00,187.355361938,0.07099756205879237
2915,2019-01-30 11:00:00,187.347457886,0.2856702145410277
2916,2019-01-30 12:00:00,187.343566895,0.7958257405954746
2917,2019-01-30 13:00:00,187.339996338,0.18061513097154247
2918,2019-01-30 14:00:00,187.339675903,0.5570599206461758
2919,2019-01-30 15:00:00,187.339385986,0.20858123184823996
2920,2019-01-30 16:00:00,187.326583862,0.7086373364041755
2921,2019-01-30 17:00:00,187.311172485,0.009954236257519566
2922,2019-01-30 18:00:00,187.286117554,0.7955720489848125
2923,2019-01-30 19:00:00,187.255050659,0.593272216252476
2924,2019-01-30 20:00:00,187.222229004,0.9961046920295643
2925,2019-01-30 21:00:00,187.193984985,0.8111962185369003
2926,2019-01-30 22:00:00,187.174819946,0.8595841031609385
2927,2019-01-30 23:00:00,187.174453735,0.9874910859235425
2928,2019-01-31 00:00:00,187.178405762,0.40905056958288843
2929,2019-01-31 01:00:00,187.182495117,0.19057986948287386
2930,2019-01-31 02:00:00,187.18347168,0.10771056908381771
2931,2019-01-31 03:00:00,187.183288574,0.8789924235407153
2932,2019-01-31 04:00:00,187.173873901,0.27192765218321346
2933,2019-01-31 05:00:00,187.165863037,0.07823635000965445
2934,2019-01-31 06:00:00,187.153533936,0.7782371741551465
2935,2019-01-31 07:00:00,187.15007019,0.6232200001763237
2936,2019-01-31 08:00:00,187.150726318,0.13057123085800026
2937,2019-01-31 09:00:00,187.143798828,0.8945786327894005
2938,2019-01-31 10:00:00,187.137130737,0.08672510615812579
2939,2019-01-31 11:00:00,187.132919312,0.144030759439441
2940,2019-01-31 12:00:00,187.131134033,0.4493770939054682
2941,2019-01-31 13:00:00,187.127838135,0.06364365181065235
2942,2019-01-31 14:00:00,187.127059937,0.4415043083303458
2943,2019-01-31 15:00:00,187.11529541,0.8627504178726738
2944,2019-01-31 16:00:00,187.089614868,0.45880236933463103
2945,2019-01-31 17:00:00,187.058456421,0.506468694872522
2946,2019-01-31 18:00:00,187.029663086,0.08076221062582767
2947,2019-01-31 19:00:00,186.994018555,0.4360054234276347
2948,2019-01-31 20:00:00,186.960113525,0.24383270449590289
2949,2019-01-31 21:00:00,186.93711853,0.9178194735379233
2950,2019-01-31 22:00:00,186.926483154,0.24067874763919261
2951,2019-01-31 23:00:00,186.928527832,0.21395942462234696
2952,2019-02-01 00:00:00,186.935394287,0.9245300086657751
2953,2019-02-01 01:00:00,186.938201904,0.8324435528241653
2954,2019-02-01 02:00:00,186.941192627,0.5828567127502018
2955,2019-02-01 03:00:00,186.945617676,0.6343046640746257
2956,2019-02-01 04:00:00,186.949081421,0.697354513803486
2957,2019-02-01 05:00:00,186.952758789,0.5130933110858487
2958,2019-02-01 06:00:00,186.956008911,0.9482176599682968
2959,2019-02-01 07:00:00,186.959564209,0.5093196262720668
2960,2019-02-01 08:00:00,186.963043213,0.05800931210909588
2961,2019-02-01 09:00:00,186.966110229,0.15901087906461397
2962,2019-02-01 10:00:00,186.969573975,0.6416284426821693
2963,2019-02-01 11:00:00,186.972518921,0.031004456960813664
2964,2019-02-01 12:00:00,186.975738525,0.7875376730435404
2965,2019-02-01 13:00:00,186.979125977,0.10077337481010851
2966,2019-02-01 14:00:00,186.98248291,0.9613830277986066
2967,2019-02-01 15:00:00,186.983276367,0.67667464716058
2968,2019-02-01 16:00:00,186.977752686,0.6907415971603408
2969,2019-02-01 17:00:00,186.961959839,0.03833618821231022
2970,2019-02-01 18:00:00,186.932983398,0.9084860057998753
2971,2019-02-01 19:00:00,186.895477295,0.9054768513734955
2972,2019-02-01 20:00:00,186.857452393,0.190317316937895
2973,2019-02-01 21:00:00,186.831878662,0.637857799653136
2974,2019-02-01 22:00:00,186.817840576,0.8935162778408322
2975,2019-02-01 23:00:00,186.821762085,0.7840459688433835
2976,2019-02-02 00:00:00,186.82749939,0.8030001324771309
2977,2019-02-02 01:00:00,186.834838867,0.6786265731061422
2978,2019-02-02 02:00:00,186.839782715,0.055399757343497114
2979,2019-02-02 03:00:00,186.846282959,0.4052234843823497
2980,2019-02-02 04:00:00,186.85345459,0.3202954284875481
2981,2019-02-02 05:00:00,186.859375,0.6738737571702859
2982,2019-02-02 06:00:00,186.863067627,0.5008653961670433
2983,2019-02-02 07:00:00,186.870910645,0.07000042481154334
2984,2019-02-02 08:00:00,186.879302979,0.8470481337427699
2985,2019-02-02 09:00:00,186.886566162,0.6433113112007813
2986,2019-02-02 10:00:00,186.894927979,0.3845546427941856
2987,2019-02-02 11:00:00,186.902557373,0.06880360682006759
2988,2019-02-02 12:00:00,186.908843994,0.6978944868678233
2989,2019-02-02 13:00:00,186.916656494,0.118534812719986
2990,2019-02-02 14:00:00,186.923980713,0.9533885386090395
2991,2019-02-02 15:00:00,186.927734375,0.43200246497550854
2992,2019-02-02 16:00:00,186.921173096,0.6767421638272147
2993,2019-02-02 17:00:00,186.905487061,0.6185994103636704
2994,2019-02-02 18:00:00,186.880828857,0.6464897811185707
2995,2019-02-02 19:00:00,186.846008301,0.019553832552753336
2996,2019-02-02 20:00:00,186.812225342,0.9764320207792905
2997,2019-02-02 21:00:00,186.78918457,0.8754014451650688
2998,2019-02-02 22:00:00,186.772949219,0.5974440994490029
2999,2019-02-02 23:00:00,186.762756348,0.466388397125474
3000,2019-02-03 00:00:00,186.757873535,0.785002132705066
3001,2019-02-03 01:00:00,186.761154175,0.7065251073866202
3002,2019-02-03 02:00:00,186.769439697,0.3034424129082989
3003,2019-02-03 03:00:00,186.782348633,0.0204936500275813
3004,2019-02-03 04:00:00,186.79397583,0.5504009933611317
3005,2019-02-03 05:00:00,186.805175781,0.025837602848918673
3006,2019-02-03 06:00:00,186.817352295,0.49111463992201354
3007,2019-02-03 07:00:00,186.827819824,0.6892739979597927
3008,2019-02-03 08:00:00,186.840148926,0.08587935104684263
3009,2019-02-03 09:00:00,186.851013184,0.4837786315724705
3010,2019-02-03 10:00:00,186.987701416,0.6264852032872374
3011,2019-02-03 11:00:00,187.987487793,0.5156393037657483
3012,2019-02-03 12:00:00,190.240829468,0.12474377808074943
3013,2019-02-03 13:00:00,191.115509033,0.2333213191448127
3014,2019-02-03 14:00:00,191.402099609,0.40129202220272575
3015,2019-02-03 15:00:00,191.7862854,0.18749935227839476
3016,2019-02-03 16:00:00,192.000915527,0.9020835147142764
3017,2019-02-03 17:00:00,192.166641235,0.9979817252410789
3018,2019-02-03 18:00:00,192.248855591,0.8242025297140063
3019,2019-02-03 19:00:00,192.302337646,0.35513691964891914
3020,2019-02-03 20:00:00,192.463439941,0.529600378477388
3021,2019-02-03 21:00:00,194.263549805,0.5613295145099435
3022,2019-02-03 22:00:00,196.511016846,0.7096733333318164
3023,2019-02-03 23:00:00,197.358932495,0.6969518750857946
3024,2019-02-04 00:00:00,198.108673096,0.1819732201458003
3025,2019-02-04 01:00:00,198.499557495,0.972593224429124
3026,2019-02-04 02:00:00,198.762237549,0.8293221560734676
3027,2019-02-04 03:00:00,199.073486328,0.9861160354820917
3028,2019-02-04 04:00:00,199.316650391,0.5645675124396504
3029,2019-02-04 05:00:00,199.509414673,0.5660326483624318
3030,2019-02-04 06:00:00,199.634033203,0.6486671077215297
3031,2019-02-04 07:00:00,199.800796509,0.537367478858948
3032,2019-02-04 08:00:00,199.977203369,0.39437219444716665
3033,2019-02-04 09:00:00,200.138626099,0.5941220025587004
3034,2019-02-04 10:00:00,200.280456543,0.5362487889678519
3035,2019-02-04 11:00:00,200.387481689,0.22615384350950773
3036,2019-02-04 12:00:00,200.443969727,0.8612921668960251
3037,2019-02-04 13:00:00,200.513763428,0.14700362767501773
3038,2019-02-04 14:00:00,200.569335938,0.7411359452475239
3039,2019-02-04 15:00:00,200.608032227,0.1733978683951054
3040,2019-02-04 16:00:00,200.646575928,0.26061503376537576
3041,2019-02-04 17:00:00,200.665496826,0.3805161934320379
3042,2019-02-04 18:00:00,200.687591553,0.7660844940625028
3043,2019-02-04 19:00:00,200.687164307,0.06334149151695323
3044,2019-02-04 20:00:00,200.68258667,0.15072321043701287
3045,2019-02-04 21:00:00,205.128509521,0.2579126911552513
3046,2019-02-04 22:00:00,205.74810791,0.5919056874200999
3047,2019-02-04 23:00:00,206.228134155,0.6628276053837227
3048,2019-02-05 00:00:00,206.538772583,0.8475703188980739
3049,2019-02-05 01:00:00,206.829345703,0.22131333568131895
3050,2019-02-05 02:00:00,207.007324219,0.3172125244605387
3051,2019-02-05 03:00:00,207.127731323,0.5909718059353304
3052,2019-02-05 04:00:00,207.265533447,0.39908977657931377
3053,2019-02-05 05:00:00,207.378341675,0.6423267475693479
3054,2019-02-05 06:00:00,207.441314697,0.0063545021279275415
3055,2019-02-05 07:00:00,207.523162842,0.9940954560618478
3056,2019-02-05 08:00:00,207.593185425,0.7891974945340865
3057,2019-02-05 09:00:00,207.646453857,0.8192367850621762
3058,2019-02-05 10:00:00,207.684417725,0.42880561796611716
3059,2019-02-05 11:00:00,207.711791992,0.5696275710610198
3060,2019-02-05 12:00:00,207.726455688,0.5380375805195131
3061,2019-02-05 13:00:00,207.738464355,0.8369204905173857
3062,2019-02-05 14:00:00,207.754364014,0.8926412379619264
3063,2019-02-05 15:00:00,207.763275146,0.7175663774733876
3064,2019-02-05 16:00:00,207.766738892,0.17685137440097431
3065,2019-02-05 17:00:00,207.763320923,0.4015695913178623
3066,2019-02-05 18:00:00,207.752731323,0.4596864844031098
3067,2019-02-05 19:00:00,209.979187012,0.15875816438430113
3068,2019-02-05 20:00:00,210.330444336,0.8624207948202016
3069,2019-02-05 21:00:00,210.525665283,0.3990930585677973
3070,2019-02-05 22:00:00,210.665786743,0.20835214511935884
3071,2019-02-05 23:00:00,210.775161743,0.23215340236459414
3072,2019-02-06 00:00:00,210.882537842,0.6448932645377544
3073,2019-02-06 01:00:00,210.944702148,0.04647817666497489
3074,2019-02-06 02:00:00,211.009994507,0.027002200360497053
3075,2019-02-06 03:00:00,211.060043335,0.7610650354789334
3076,2019-02-06 04:00:00,211.100463867,0.7834786182083678
3077,2019-02-06 05:00:00,211.128143311,0.8518993848067661
3078,2019-02-06 06:00:00,211.146392822,0.053104404485358025
3079,2019-02-06 07:00:00,211.157516479,0.8191955109722697
3080,2019-02-06 08:00:00,212.26802063,0.755384044597118
3081,2019-02-06 09:00:00,212.400741577,0.05284133838652261
3082,2019-02-06 10:00:00,214.595718384,0.4902042657134562
3083,2019-02-06 11:00:00,216.067016602,0.1979873990424177
3084,2019-02-06 12:00:00,218.645339966,0.5888008546407607
3085,2019-02-06 13:00:00,219.411254883,0.9542171966043433
3086,2019-02-06 14:00:00,220.645095825,0.5309713689618331
3087,2019-02-06 15:00:00,221.463302612,0.01944912399627119
3088,2019-02-06 16:00:00,222.075546265,0.46380560155132744
3089,2019-02-06 17:00:00,222.662796021,0.2836459041959982
3090,2019-02-06 18:00:00,223.53288269,0.7154400755955844
3091,2019-02-06 19:00:00,226.144622803,0.6051882914421712
3092,2019-02-06 20:00:00,228.018295288,0.13929134290064482
3093,2019-02-06 21:00:00,228.51423645,0.15774107341453092
3094,2019-02-06 22:00:00,228.857635498,0.9025814164489349
3095,2019-02-06 23:00:00,229.104858398,0.6944630839203818
3096,2019-02-07 00:00:00,229.30921936,0.15915843547777664
3097,2019-02-07 01:00:00,229.544570923,0.5653918510099576
3098,2019-02-07 02:00:00,229.678405762,0.27467849897108043
3099,2019-02-07 03:00:00,229.817840576,0.24302545733149972
3100,2019-02-07 04:00:00,229.919281006,0.1660813071038355
3101,2019-02-07 05:00:00,230.017654419,0.996915088620758
3102,2019-02-07 06:00:00,230.611022949,0.4021691185767543
3103,2019-02-07 07:00:00,230.698806763,0.3546923615491473
3104,2019-02-07 08:00:00,230.80569458,0.4212217024355154
3105,2019-02-07 09:00:00,230.90776062,0.6942078572073793
3106,2019-02-07 10:00:00,230.987167358,0.616246800961479
3107,2019-02-07 11:00:00,231.040557861,0.4459571811460973
3108,2019-02-07 12:00:00,231.085174561,0.12630790222621113
3109,2019-02-07 13:00:00,231.121017456,0.5021682527976677
3110,2019-02-07 14:00:00,231.155090332,0.2582536247846742
3111,2019-02-07 15:00:00,231.175064087,0.0422716683921448
3112,2019-02-07 16:00:00,231.180923462,0.2191513006551299
3113,2019-02-07 17:00:00,231.188339233,0.3129792568730426
3114,2019-02-07 18:00:00,231.19543457,0.067365486743023
3115,2019-02-07 19:00:00,231.208343506,0.6641445491576794
3116,2019-02-07 20:00:00,231.227355957,0.9829395388434403
3117,2019-02-07 21:00:00,231.246810913,0.6226032980394417
3118,2019-02-07 22:00:00,231.259017944,0.8850640861285206
3119,2019-02-07 23:00:00,231.274520874,0.7223557943532597
3120,2019-02-08 00:00:00,231.282546997,0.9872810928640698
3121,2019-02-08 01:00:00,231.289169312,0.06802802301791322
3122,2019-02-08 02:00:00,231.292953491,0.2795188787162073
3123,2019-02-08 03:00:00,231.297271729,0.4310341141554026
3124,2019-02-08 04:00:00,231.304214478,0.4640515150224974
3125,2019-02-08 05:00:00,231.308502197,0.16053587518561685
3126,2019-02-08 06:00:00,231.310455322,0.3588045707792966
3127,2019-02-08 07:00:00,231.314468384,0.8258539477747332
3128,2019-02-08 08:00:00,231.320205688,0.6012213000492255
3129,2019-02-08 09:00:00,231.327560425,0.8489610576985461
3130,2019-02-08 10:00:00,231.33253479,0.6028856210051353
3131,2019-02-08 11:00:00,231.336029053,0.27103341901206823
3132,2019-02-08 12:00:00,231.333053589,0.054091219533094925
3133,2019-02-08 13:00:00,231.32661438,0.508343765615056
3134,2019-02-08 14:00:00,231.317474365,0.9400896608155616
3135,2019-02-08 15:00:00,231.300750732,0.5616492231439191
3136,2019-02-08 16:00:00,231.286468506,0.7890841848490707
3137,2019-02-08 17:00:00,231.258285522,0.7158433270427004
3138,2019-02-08 18:00:00,232.076385498,0.7800762709966368
3139,2019-02-08 19:00:00,232.119842529,0.05294666654235358
3140,2019-02-08 20:00:00,233.978759766,0.5571208901617264
3141,2019-02-08 21:00:00,234.257888794,0.3972360529521677
3142,2019-02-08 22:00:00,234.47467041,0.3438498157069807
3143,2019-02-08 23:00:00,234.604278564,0.9757307583059918
3144,2019-02-09 00:00:00,234.693222046,0.6019400175791867
3145,2019-02-09 01:00:00,234.758392334,0.7009564463764364
3146,2019-02-09 02:00:00,234.806884766,0.08159427850061829
3147,2019-02-09 03:00:00,234.859588623,0.8607708723898649
3148,2019-02-09 04:00:00,234.906295776,0.13466830677220953
3149,2019-02-09 05:00:00,234.950286865,0.26804394970606826
3150,2019-02-09 06:00:00,234.983856201,0.7701113249779706
3151,2019-02-09 07:00:00,235.011047363,0.6795091252741109
3152,2019-02-09 08:00:00,235.029663086,0.0012055585032002547
3153,2019-02-09 09:00:00,235.041427612,0.9760420314731267
3154,2019-02-09 10:00:00,235.045394897,0.1596286401492294
3155,2019-02-09 11:00:00,235.044342041,0.8923369804192257
3156,2019-02-09 12:00:00,235.037582397,0.3941952211342683
3157,2019-02-09 13:00:00,235.029098511,0.6064283356029909
3158,2019-02-09 14:00:00,235.017944336,0.7527384738228501
3159,2019-02-09 15:00:00,234.997879028,0.3218367778451313
3160,2019-02-09 16:00:00,234.971664429,0.6937004418024144
3161,2019-02-09 17:00:00,234.939910889,0.7940010338392153
3162,2019-02-09 18:00:00,234.908813477,0.9613574821350181
3163,2019-02-09 19:00:00,234.879516602,0.8623191414396757
3164,2019-02-09 20:00:00,234.852371216,0.1111247217392548
3165,2019-02-09 21:00:00,234.827362061,0.9230972034650713
3166,2019-02-09 22:00:00,234.811630249,0.18823310615500144
3167,2019-02-09 23:00:00,234.799911499,0.3268826509594439
3168,2019-02-10 00:00:00,234.786529541,0.08220397616037034
3169,2019-02-10 01:00:00,234.77494812,0.5960320745634926
3170,2019-02-10 02:00:00,234.768890381,0.6718216410313734
3171,2019-02-10 03:00:00,234.762573242,0.998127300763104
3172,2019-02-10 04:00:00,234.754333496,0.3759543599257753
3173,2019-02-10 05:00:00,234.751602173,0.5068905565418527
3174,2019-02-10 06:00:00,234.752166748,0.9165684235628272
3175,2019-02-10 07:00:00,234.749542236,0.9475936397270619
3176,2019-02-10 08:00:00,234.747406006,0.9602726478128482
3177,2019-02-10 09:00:00,234.74609375,0.9954734266215571
3178,2019-02-10 10:00:00,234.744537354,0.26106737734585583
3179,2019-02-10 11:00:00,234.73739624,0.25280435014308933
3180,2019-02-10 12:00:00,234.728363037,0.9454160687685497
3181,2019-02-10 13:00:00,234.713439941,0.7683670463302709
3182,2019-02-10 14:00:00,234.714691162,0.9547855842471914
3183,2019-02-10 15:00:00,234.695480347,0.631404766886649
3184,2019-02-10 16:00:00,234.670639038,0.6710816865639729
3185,2019-02-10 17:00:00,234.642684937,0.42014095504852866
3186,2019-02-10 18:00:00,234.603378296,0.4747123437508176
3187,2019-02-10 19:00:00,234.568695068,0.7709440903115606
3188,2019-02-10 20:00:00,234.536407471,0.9192507550062525
3189,2019-02-10 21:00:00,234.512283325,0.8045414313387472
3190,2019-02-10 22:00:00,234.492492676,0.5271544053245804
3191,2019-02-10 23:00:00,234.474014282,0.18775767248775765
3192,2019-02-11 00:00:00,234.454299927,0.5785289248073677
3193,2019-02-11 01:00:00,234.439224243,0.8564385757676535
3194,2019-02-11 02:00:00,234.420852661,0.320860600999474
3195,2019-02-11 03:00:00,234.403366089,0.6994180507057651
3196,2019-02-11 04:00:00,234.385223389,0.7846468592937363
3197,2019-02-11 05:00:00,234.371765137,0.913522355954994
3198,2019-02-11 06:00:00,234.361572266,0.5582592685261518
3199,2019-02-11 07:00:00,234.35206604,0.10374914531203017
3200,2019-02-11 08:00:00,234.346694946,0.5893785880843174
3201,2019-02-11 09:00:00,234.344085693,0.8326393938098063
3202,2019-02-11 10:00:00,234.342178345,0.33593618911418843
3203,2019-02-11 11:00:00,234.342987061,0.5303589073379682
3204,2019-02-11 12:00:00,234.344741821,0.20997261952796054
3205,2019-02-11 13:00:00,234.54196167,0.14465813930133375
3206,2019-02-11 14:00:00,234.712371826,0.6485746126097898
3207,2019-02-11 15:00:00,234.839904785,0.04339088704184069
3208,2019-02-11 16:00:00,234.918029785,0.30718979287339965
3209,2019-02-11 17:00:00,235.02142334,0.28904077272371476
3210,2019-02-11 18:00:00,235.105834961,0.08550902614912559
3211,2019-02-11 19:00:00,235.184448242,0.06667412478188017
3212,2019-02-11 20:00:00,235.219299316,0.9192286961416035
3213,2019-02-11 21:00:00,235.249542236,0.10356572226710925
3214,2019-02-11 22:00:00,235.272796631,0.11881848664254735
3215,2019-02-11 23:00:00,235.300628662,0.09597569832530595
3216,2019-02-12 00:00:00,235.32333374,0.7442107839187073
3217,2019-02-12 01:00:00,235.338226318,0.5619368549677554
3218,2019-02-12 02:00:00,235.348678589,0.7619794541070855
3219,2019-02-12 03:00:00,235.356445312,0.060736801533850304
3220,2019-02-12 04:00:00,235.365631104,0.4505786434925674
3221,2019-02-12 05:00:00,235.375076294,0.36207270422938254
3222,2019-02-12 06:00:00,235.385131836,0.17315959402511472
3223,2019-02-12 07:00:00,235.394866943,0.46605144610429916
3224,2019-02-12 08:00:00,235.403274536,0.7854326577238755
3225,2019-02-12 09:00:00,235.413406372,0.2259731232074479
3226,2019-02-12 10:00:00,235.421890259,0.0797635330196158
3227,2019-02-12 11:00:00,235.428146362,0.4161289922223331
3228,2019-02-12 12:00:00,235.438323975,0.24681748841987616
3229,2019-02-12 13:00:00,235.445251465,0.40379497436277556
3230,2019-02-12 14:00:00,235.452285767,0.06323727439276627
3231,2019-02-12 15:00:00,235.45401001,0.23259588262091413
3232,2019-02-12 16:00:00,235.44909668,0.6944602674429422
3233,2019-02-12 17:00:00,235.43548584,0.5764815923084854
3234,2019-02-12 18:00:00,235.414932251,0.17401762829141787
3235,2019-02-12 19:00:00,235.391494751,0.5808702348874581
3236,2019-02-12 20:00:00,235.372283936,0.015110133327845277
3237,2019-02-12 21:00:00,235.360671997,0.25742376400508893
3238,2019-02-12 22:00:00,235.358062744,0.8317997007678889
3239,2019-02-12 23:00:00,235.359985352,0.9077429412217147
3240,2019-02-13 00:00:00,235.363510132,0.7343037725611632
3241,2019-02-13 01:00:00,235.362884521,0.40960483433202766
3242,2019-02-13 02:00:00,235.358520508,0.561773012240002
3243,2019-02-13 03:00:00,235.353942871,0.9943287990370673
3244,2019-02-13 04:00:00,235.346374512,0.5267835631288521
3245,2019-02-13 05:00:00,235.324951172,0.32276358473887856
3246,2019-02-13 06:00:00,235.304275513,0.6402451397638929
3247,2019-02-13 07:00:00,235.294906616,0.5382305926290694
3248,2019-02-13 08:00:00,235.283203125,0.8878626415076809
3249,2019-02-13 09:00:00,235.253616333,0.777789216180884
3250,2019-02-13 10:00:00,235.220977783,0.17509985155996044
3251,2019-02-13 11:00:00,235.18888855,0.9055327591554463
3252,2019-02-13 12:00:00,235.156555176,0.381813433910702
3253,2019-02-13 13:00:00,235.127822876,0.9607271289586183
3254,2019-02-13 14:00:00,235.099136353,0.8366366157063794
3255,2019-02-13 15:00:00,235.054351807,0.4631574867220194
3256,2019-02-13 16:00:00,235.004165649,0.24118906300638887
3257,2019-02-13 17:00:00,234.946563721,0.7589792162239057
3258,2019-02-13 18:00:00,234.892181396,0.9401895973015877
3259,2019-02-13 19:00:00,234.850097656,0.8466815019310778
3260,2019-02-13 20:00:00,234.811187744,0.775321741599995
3261,2019-02-13 21:00:00,234.796417236,0.8560696691631493
3262,2019-02-13 22:00:00,234.787033081,0.7415539838997826
3263,2019-02-13 23:00:00,234.786071777,0.16305476381625283
3264,2019-02-14 00:00:00,234.789978027,0.13344039802836904
3265,2019-02-14 01:00:00,241.636428833,0.9462349624270369
3266,2019-02-14 02:00:00,241.854919434,0.4761847370653868
3267,2019-02-14 03:00:00,242.256225586,0.17984437314124857
3268,2019-02-14 04:00:00,242.605651855,0.9373369425343596
3269,2019-02-14 05:00:00,242.948791504,0.47739199499064755
3270,2019-02-14 06:00:00,243.307952881,0.4686699272429041
3271,2019-02-14 07:00:00,243.615966797,0.15315447525458759
3272,2019-02-14 08:00:00,243.939422607,0.8595149267473472
3273,2019-02-14 09:00:00,244.207092285,0.1872916003237457
3274,2019-02-14 10:00:00,244.413711548,0.7978704327003984
3275,2019-02-14 11:00:00,244.589080811,0.11281358740881198
3276,2019-02-14 12:00:00,244.746658325,0.12221480503855076
3277,2019-02-14 13:00:00,244.897216797,0.15163858589592827
3278,2019-02-14 14:00:00,244.992736816,0.8318006996492122
3279,2019-02-14 15:00:00,245.057434082,0.9857337720354566
3280,2019-02-14 16:00:00,245.109237671,0.024455711453305717
3281,2019-02-14 17:00:00,245.142608643,0.9195037042822315
3282,2019-02-14 18:00:00,245.228973389,0.11540731645498825
3283,2019-02-14 19:00:00,245.539611816,0.9979840455620023
3284,2019-02-14 20:00:00,246.183319092,0.303740764834039
3285,2019-02-14 21:00:00,247.004837036,0.07048463513832726
3286,2019-02-14 22:00:00,249.117614746,0.5818935711842994
3287,2019-02-14 23:00:00,250.954162598,0.19540859839766778
3288,2019-02-15 00:00:00,253.182785034,0.8797539840807057
3289,2019-02-15 01:00:00,255.103393555,0.03213526135993083
3290,2019-02-15 02:00:00,257.511016846,0.02981373493503403
3291,2019-02-15 03:00:00,259.041381836,0.1027239569137205
3292,2019-02-15 04:00:00,261.93536377,0.9577896507225387
3293,2019-02-15 05:00:00,267.003723145,0.5666080055041967
3294,2019-02-15 06:00:00,272.016662598,0.2957671607987621
3295,2019-02-15 07:00:00,274.736419678,0.4396091326544467
3296,2019-02-15 08:00:00,276.26272583,0.28344046860184025
3297,2019-02-15 09:00:00,278.312652588,0.24151202592610566
3298,2019-02-15 10:00:00,280.320617676,0.3308853670663301
3299,2019-02-15 11:00:00,281.629394531,0.43309031313478663
3300,2019-02-15 12:00:00,282.296813965,0.174192059982614
3301,2019-02-15 13:00:00,282.742218018,0.10529503769252846
3302,2019-02-15 14:00:00,283.1144104,0.8422311885527488
3303,2019-02-15 15:00:00,283.324371338,0.0008340625535192547
3304,2019-02-15 16:00:00,283.425689697,0.3422438714119673
3305,2019-02-15 17:00:00,283.486877441,0.21016852445256362
3306,2019-02-15 18:00:00,284.437530518,0.08194628009683813
3307,2019-02-15 19:00:00,284.563446045,0.9466245993802892
3308,2019-02-15 20:00:00,284.916931152,0.05903140632578563
3309,2019-02-15 21:00:00,285.188873291,0.6347411352404267
3310,2019-02-15 22:00:00,285.409637451,0.9440276393786904
3311,2019-02-15 23:00:00,285.595336914,0.8512509400312536
3312,2019-02-16 00:00:00,285.713043213,0.05724609726412544
3313,2019-02-16 01:00:00,285.829223633,0.3547751408059179
3314,2019-02-16 02:00:00,285.937133789,0.37062213355114015
3315,2019-02-16 03:00:00,286.015808105,0.4204399671016369
3316,2019-02-16 04:00:00,286.157409668,0.5019865744006983
3317,2019-02-16 05:00:00,286.42276001,0.8134070382480653
3318,2019-02-16 06:00:00,286.587341309,0.6463170658177448
3319,2019-02-16 07:00:00,287.329772949,0.3014309953408366
3320,2019-02-16 08:00:00,287.51449585,0.3811294683065456
3321,2019-02-16 09:00:00,287.657531738,0.961294374534779
3322,2019-02-16 10:00:00,287.793457031,0.5050666051460149
3323,2019-02-16 11:00:00,288.055664062,0.8444654674434212
3324,2019-02-16 12:00:00,288.186035156,0.22542649096444367
3325,2019-02-16 13:00:00,288.269866943,0.5437608339290653
3326,2019-02-16 14:00:00,288.33215332,0.4935232856341435
3327,2019-02-16 15:00:00,288.379486084,0.6747867512134165
3328,2019-02-16 16:00:00,290.032958984,0.5739846663082353
3329,2019-02-16 17:00:00,290.194091797,0.8672184458992679
3330,2019-02-16 18:00:00,290.297485352,0.7818121625507682
3331,2019-02-16 19:00:00,290.41595459,0.04333444552104937
3332,2019-02-16 20:00:00,290.540344238,0.6067347360458908
3333,2019-02-16 21:00:00,290.653594971,0.735357482763084
3334,2019-02-16 22:00:00,290.770965576,0.9025460271132623
3335,2019-02-16 23:00:00,290.830749512,0.03872053401602804
3336,2019-02-17 00:00:00,290.86895752,0.22978751478480286
3337,2019-02-17 01:00:00,290.91015625,0.5829197867523844
3338,2019-02-17 02:00:00,290.947570801,0.9658310062400787
3339,2019-02-17 03:00:00,290.980041504,0.7504678455570318
3340,2019-02-17 04:00:00,291.003814697,0.621283842105259
3341,2019-02-17 05:00:00,291.018432617,0.5096661555298095
3342,2019-02-17 06:00:00,291.022827148,0.2686087474642742
3343,2019-02-17 07:00:00,291.030456543,0.7818887159417564
3344,2019-02-17 08:00:00,291.045623779,0.7860566209444488
3345,2019-02-17 09:00:00,291.061401367,0.34492250439215577
3346,2019-02-17 10:00:00,291.074798584,0.6623640852126994
3347,2019-02-17 11:00:00,291.086364746,0.02138503912012213
3348,2019-02-17 12:00:00,291.099884033,0.9276424061489548
3349,2019-02-17 13:00:00,291.109741211,0.0807997660218619
3350,2019-02-17 14:00:00,291.118133545,0.3204427146555747
3351,2019-02-17 15:00:00,291.122467041,0.0686108431282284
3352,2019-02-17 16:00:00,291.120788574,0.06191642809405895
3353,2019-02-17 17:00:00,291.113830566,0.5673163899010107
3354,2019-02-17 18:00:00,291.105377197,0.25972047583899827
3355,2019-02-17 19:00:00,291.097137451,0.845568949470654
3356,2019-02-17 20:00:00,291.148834229,0.9586226078364304
3357,2019-02-17 21:00:00,291.210357666,0.5189572053442305
3358,2019-02-17 22:00:00,291.276702881,0.6621101090062913
3359,2019-02-17 23:00:00,291.35144043,0.39570073194123556
3360,2019-02-18 00:00:00,291.368103027,0.559192652080128
3361,2019-02-18 01:00:00,291.439697266,0.4631350583853321
3362,2019-02-18 02:00:00,291.507781982,0.6810883955845373
3363,2019-02-18 03:00:00,291.592437744,0.8138520533987327
3364,2019-02-18 04:00:00,291.675842285,0.7295598210961939
3365,2019-02-18 05:00:00,291.766113281,0.9135690101933921
3366,2019-02-18 06:00:00,291.849700928,0.7070879217411745
3367,2019-02-18 07:00:00,291.946899414,0.7979390593539544
3368,2019-02-18 08:00:00,292.037780762,0.19285621559228527
3369,2019-02-18 09:00:00,292.112731934,0.2649459016059773
3370,2019-02-18 10:00:00,292.193939209,0.1254782842749106
3371,2019-02-18 11:00:00,292.287780762,0.4081400108538188
3372,2019-02-18 12:00:00,292.395629883,0.2689665312930424
3373,2019-02-18 13:00:00,292.481231689,0.3985968681529619
3374,2019-02-18 14:00:00,292.530029297,0.06461134504366817
3375,2019-02-18 15:00:00,292.571380615,0.9896405613647479
3376,2019-02-18 16:00:00,292.609771729,0.8890304125248231
3377,2019-02-18 17:00:00,292.703155518,0.9856445219243245
3378,2019-02-18 18:00:00,292.853759766,0.015976184925577064
3379,2019-02-18 19:00:00,293.20526123,0.8476063398557129
3380,2019-02-18 20:00:00,293.5128479,0.38513484412027443
3381,2019-02-18 21:00:00,293.894561768,0.20268173457937455
3382,2019-02-18 22:00:00,294.337585449,0.4581558290476383
3383,2019-02-18 23:00:00,294.876922607,0.8778166454268519
3384,2019-02-19 00:00:00,295.483062744,0.9514474720439393
3385,2019-02-19 01:00:00,296.13861084,0.21910610085920212
3386,2019-02-19 02:00:00,296.672332764,0.10786436873455363
3387,2019-02-19 03:00:00,297.101959229,0.86133347561772
3388,2019-02-19 04:00:00,297.464660645,0.6910836020521011
3389,2019-02-19 05:00:00,297.816894531,0.316853093997577
3390,2019-02-19 06:00:00,298.141998291,0.9237540278378118
3391,2019-02-19 07:00:00,298.343475342,0.5366011866276368
3392,2019-02-19 08:00:00,298.889038086,0.12679558423952597
3393,2019-02-19 09:00:00,299.374267578,0.31463274058112567
3394,2019-02-19 10:00:00,299.741485596,0.013817203239059994
3395,2019-02-19 11:00:00,300.069488525,0.5273971779271637
3396,2019-02-19 12:00:00,300.287689209,0.2705605717485774
3397,2019-02-19 13:00:00,300.335235596,0.2241872850714952
3398,2019-02-19 14:00:00,300.433197021,0.837098373917745
3399,2019-02-19 15:00:00,300.836547852,0.17126790525166258
3400,2019-02-19 16:00:00,301.012115479,0.19712700704050978
3401,2019-02-19 17:00:00,301.509399414,0.6047794066162876
3402,2019-02-19 18:00:00,302.105285645,0.17295115926117743
3403,2019-02-19 19:00:00,302.301452637,0.9830990129438943
3404,2019-02-19 20:00:00,302.603942871,0.32374671982076053
3405,2019-02-19 21:00:00,303.269439697,0.1326418730941733
3406,2019-02-19 22:00:00,303.493743896,0.4044707404534268
3407,2019-02-19 23:00:00,303.773040771,0.7860804848692483
3408,2019-02-20 00:00:00,304.055877686,0.11702133964543471
3409,2019-02-20 01:00:00,304.292236328,0.5991081674273309
3410,2019-02-20 02:00:00,304.416534424,0.7263873211912023
3411,2019-02-20 03:00:00,304.522216797,0.7003179360881854
3412,2019-02-20 04:00:00,304.621948242,0.7938420907342989
3413,2019-02-20 05:00:00,304.778045654,0.6699112279153239
3414,2019-02-20 06:00:00,304.855499268,0.3306995759467283
3415,2019-02-20 07:00:00,305.010742188,0.8829716273335625
3416,2019-02-20 08:00:00,305.130157471,0.6714794637964391
3417,2019-02-20 09:00:00,305.233428955,0.9259060011117145
3418,2019-02-20 10:00:00,305.402404785,0.7197877665778328
3419,2019-02-20 11:00:00,305.495178223,0.8902327677448375
3420,2019-02-20 12:00:00,305.568237305,0.7416017752412551
3421,2019-02-20 13:00:00,305.605865479,0.16392381684215707
3422,2019-02-20 14:00:00,305.640777588,0.5180248585917866
3423,2019-02-20 15:00:00,305.687316895,0.8381339565988527
3424,2019-02-20 16:00:00,305.713287354,0.7157866542783199
3425,2019-02-20 17:00:00,306.476593018,0.5442084517220126
3426,2019-02-20 18:00:00,309.281829834,0.4531731820335171
3427,2019-02-20 19:00:00,309.489135742,0.8760040499548775
3428,2019-02-20 20:00:00,309.632720947,0.6210382778168678
3429,2019-02-20 21:00:00,309.82723999,0.3272456338383434
3430,2019-02-20 22:00:00,310.179718018,0.7015374123807053
3431,2019-02-20 23:00:00,310.329589844,0.6064078409882889
3432,2019-02-21 00:00:00,310.492736816,0.7227037580359245
3433,2019-02-21 01:00:00,310.637786865,0.023828067362888894
3434,2019-02-21 02:00:00,310.711364746,0.15348421423630032
3435,2019-02-21 03:00:00,310.822265625,0.7627250399072729
3436,2019-02-21 04:00:00,310.966369629,0.9761463308756195
3437,2019-02-21 05:00:00,311.124969482,0.4630109138951981
3438,2019-02-21 06:00:00,311.499481201,0.06612693452568885
3439,2019-02-21 07:00:00,312.032623291,0.059038377271362075
3440,2019-02-21 08:00:00,313.07925415,0.15201340662118024
3441,2019-02-21 09:00:00,313.514953613,0.2529217253703442
3442,2019-02-21 10:00:00,313.995056152,0.14641165461769423
3443,2019-02-21 11:00:00,314.10949707,0.5340861468206133
3444,2019-02-21 12:00:00,314.274230957,0.6217664210952152
3445,2019-02-21 13:00:00,314.661743164,0.24948496533756537
3446,2019-02-21 14:00:00,314.967468262,0.9152456344893563
3447,2019-02-21 15:00:00,315.097198486,0.1530586408854696
3448,2019-02-21 16:00:00,315.243835449,0.9160234328972102
3449,2019-02-21 17:00:00,315.374572754,0.22153044237878594
3450,2019-02-21 18:00:00,315.454498291,0.4248910868109087
3451,2019-02-21 19:00:00,315.510498047,0.6622844998568987
3452,2019-02-21 20:00:00,316.60736084,0.08615370889356089
3453,2019-02-21 21:00:00,317.45324707,0.9140122411289238
3454,2019-02-21 22:00:00,317.833068848,0.24411675136699762
3455,2019-02-21 23:00:00,318.123565674,0.31190106521380223
3456,2019-02-22 00:00:00,318.54586792,0.8073809499523434
3457,2019-02-22 01:00:00,319.704193115,0.29219589388892653
3458,2019-02-22 02:00:00,320.507324219,0.47254567819836013
3459,2019-02-22 03:00:00,321.636810303,0.01704920138503574
3460,2019-02-22 04:00:00,322.943725586,0.012972832492409214
3461,2019-02-22 05:00:00,324.493591309,0.05581957170732843
3462,2019-02-22 06:00:00,326.522857666,0.8928574550391573
3463,2019-02-22 07:00:00,329.211547852,0.8817262890104779
3464,2019-02-22 08:00:00,330.102752686,0.482574608996966
3465,2019-02-22 09:00:00,330.549682617,0.03569379504123338
3466,2019-02-22 10:00:00,331.956695557,0.2511871000253777
3467,2019-02-22 11:00:00,332.520751953,0.6635343140921547
3468,2019-02-22 12:00:00,333.123382568,0.5914857836613469
3469,2019-02-22 13:00:00,333.730072021,0.8480153365252654
3470,2019-02-22 14:00:00,334.992004395,0.18334362040697727
3471,2019-02-22 15:00:00,335.800567627,0.9581010054350831
3472,2019-02-22 16:00:00,336.229125977,0.15542630233797727
3473,2019-02-22 17:00:00,337.054931641,0.39904887381173004
3474,2019-02-22 18:00:00,337.398010254,0.025279760662668238
3475,2019-02-22 19:00:00,338.711883545,0.46475142394202007
3476,2019-02-22 20:00:00,339.449157715,0.309852387869598
3477,2019-02-22 21:00:00,339.789978027,0.023081845016483027
3478,2019-02-22 22:00:00,339.974304199,0.9882975684135028
3479,2019-02-22 23:00:00,340.028167725,0.1607070995665867
3480,2019-02-23 00:00:00,340.124267578,0.14833044511993188
3481,2019-02-23 01:00:00,340.41003418,0.12338329484981769
3482,2019-02-23 02:00:00,341.050323486,0.054304994954242014
3483,2019-02-23 03:00:00,341.376617432,0.601263166566391
3484,2019-02-23 04:00:00,341.953430176,0.6433558347682903
3485,2019-02-23 05:00:00,342.297180176,0.6698255867715835
3486,2019-02-23 06:00:00,343.097137451,0.6520586779510508
3487,2019-02-23 07:00:00,344.481872559,0.5301598910817471
3488,2019-02-23 08:00:00,346.686798096,0.12248502993894406
3489,2019-02-23 09:00:00,348.191101074,0.8587912997864181
3490,2019-02-23 10:00:00,348.941162109,0.3237270613503448
3491,2019-02-23 11:00:00,349.485321045,0.13283340087686757
3492,2019-02-23 12:00:00,349.850738525,0.9573837117039309
3493,2019-02-23 13:00:00,350.116455078,0.26632568587907346
3494,2019-02-23 14:00:00,350.357574463,0.7423169263740591
3495,2019-02-23 15:00:00,350.554107666,0.899394634603212
3496,2019-02-23 16:00:00,350.718658447,0.2599061993283853
3497,2019-02-23 17:00:00,350.805206299,0.2154684195366009
3498,2019-02-23 18:00:00,350.828887939,0.22878333639995507
3499,2019-02-23 19:00:00,350.898162842,0.6789102526701939
3500,2019-02-23 20:00:00,350.977508545,0.5434549710080704
3501,2019-02-23 21:00:00,351.04196167,0.538756501185703
3502,2019-02-23 22:00:00,351.107666016,0.24206889579207458
3503,2019-02-23 23:00:00,351.217071533,0.4691234174342359
3504,2019-02-24 00:00:00,351.313781738,0.7268287843540497
3505,2019-02-24 01:00:00,351.392120361,0.10833573562670895
3506,2019-02-24 02:00:00,351.445678711,0.5870333153156762
3507,2019-02-24 03:00:00,351.523925781,0.8048375528214069
3508,2019-02-24 04:00:00,351.562347412,0.5299276588919466
3509,2019-02-24 05:00:00,351.588378906,0.6207936844660062
3510,2019-02-24 06:00:00,351.627655029,0.9900987281472126
3511,2019-02-24 07:00:00,351.6534729,0.023470338733306284
3512,2019-02-24 08:00:00,351.662597656,0.9959298099073818
3513,2019-02-24 09:00:00,351.667663574,0.828759541930652
3514,2019-02-24 10:00:00,351.675842285,0.47664110183121666
3515,2019-02-24 11:00:00,351.678985596,0.2232826511019428
3516,2019-02-24 12:00:00,351.730377197,0.3597474436699264
3517,2019-02-24 13:00:00,351.807342529,0.37589528731008903
3518,2019-02-24 14:00:00,351.883117676,0.6456143221561434
3519,2019-02-24 15:00:00,351.928375244,0.011978495159756797
3520,2019-02-24 16:00:00,351.952301025,0.909400078517754
3521,2019-02-24 17:00:00,351.97277832,0.42626103870726206
3522,2019-02-24 18:00:00,351.984863281,0.21601530630540844
3523,2019-02-24 19:00:00,351.982543945,0.14157754190352612
3524,2019-02-24 20:00:00,351.97277832,0.4297793132116725
3525,2019-02-24 21:00:00,351.9715271,0.29227106889464494
3526,2019-02-24 22:00:00,351.978790283,0.0977683930575245
3527,2019-02-24 23:00:00,351.98928833,0.9126671875895807
3528,2019-02-25 00:00:00,352.000671387,0.7187195866280055
3529,2019-02-25 01:00:00,352.003204346,0.028882921605722034
3530,2019-02-25 02:00:00,352.001464844,0.7057958468997663
3531,2019-02-25 03:00:00,352.007446289,0.6314724360656775
3532,2019-02-25 04:00:00,352.00579834,0.7157738432852239
3533,2019-02-25 05:00:00,352.009124756,0.2679756270090782
3534,2019-02-25 06:00:00,352.004882812,0.5410013698074904
3535,2019-02-25 07:00:00,352.000244141,0.015461614044034344
3536,2019-02-25 08:00:00,351.994812012,0.34287890802181586
3537,2019-02-25 09:00:00,351.985900879,0.901912249073459
3538,2019-02-25 10:00:00,351.97756958,0.17690775881784504
3539,2019-02-25 11:00:00,351.966766357,0.48493799201718024
3540,2019-02-25 12:00:00,351.95916748,0.1705360242622891
3541,2019-02-25 13:00:00,351.951873779,0.10266225543377339
3542,2019-02-25 14:00:00,351.944549561,0.08407225731746826
3543,2019-02-25 15:00:00,351.925262451,0.6763706377624386
3544,2019-02-25 16:00:00,351.899658203,0.20092874515358383
3545,2019-02-25 17:00:00,351.87600708,0.8968948629212574
3546,2019-02-25 18:00:00,351.853240967,0.21929060604878747
3547,2019-02-25 19:00:00,351.827911377,0.5783496164200224
3548,2019-02-25 20:00:00,351.80682373,0.5085964051630236
3549,2019-02-25 21:00:00,351.790771484,0.19727746664884305
3550,2019-02-25 22:00:00,351.791168213,0.3571830160073465
3551,2019-02-25 23:00:00,351.798583984,0.86191622363193
3552,2019-02-26 00:00:00,351.808166504,0.038600088263247456
3553,2019-02-26 01:00:00,351.811859131,0.8449982064918683
3554,2019-02-26 02:00:00,351.81427002,0.4702987824076128
3555,2019-02-26 03:00:00,351.820404053,0.0706954436695133
3556,2019-02-26 04:00:00,351.822357178,0.6948106248651907
3557,2019-02-26 05:00:00,351.818359375,0.3604442564877518
3558,2019-02-26 06:00:00,351.810028076,0.1781956455381204
3559,2019-02-26 07:00:00,351.804046631,0.010171395995228871
3560,2019-02-26 08:00:00,351.799835205,0.486772099085523
3561,2019-02-26 09:00:00,351.800170898,0.18395776005995135
3562,2019-02-26 10:00:00,351.800750732,0.5045917771993931
3563,2019-02-26 11:00:00,351.802764893,0.40326364990813557
3564,2019-02-26 12:00:00,351.801513672,0.1512396709102828
3565,2019-02-26 13:00:00,351.792724609,0.35664927629193344
3566,2019-02-26 14:00:00,351.780914307,0.1522030616182246
3567,2019-02-26 15:00:00,351.760467529,0.9058837598965851
3568,2019-02-26 16:00:00,351.734008789,0.1680217456182077
3569,2019-02-26 17:00:00,351.706115723,0.125662134415508
3570,2019-02-26 18:00:00,351.674835205,0.9487361494665635
3571,2019-02-26 19:00:00,351.643707275,0.24718526834349974
3572,2019-02-26 20:00:00,351.61541748,0.716356356761978
3573,2019-02-26 21:00:00,351.599090576,0.9433094069536165
3574,2019-02-26 22:00:00,351.601287842,0.2642232725520408
3575,2019-02-26 23:00:00,351.610473633,0.8777712665459133
3576,2019-02-27 00:00:00,351.62197876,0.22308880397145825
3577,2019-02-27 01:00:00,351.625732422,0.7178870546461367
3578,2019-02-27 02:00:00,351.62512207,0.07534882076788907
3579,2019-02-27 03:00:00,351.619628906,0.2572995204468653
3580,2019-02-27 04:00:00,351.619049072,0.8507870769482803
3581,2019-02-27 05:00:00,351.61630249,0.8980588074811895
3582,2019-02-27 06:00:00,351.613861084,0.8999451718585781
3583,2019-02-27 07:00:00,351.618438721,0.3400130985702513
3584,2019-02-27 08:00:00,351.624847412,0.19242036391096062
3585,2019-02-27 09:00:00,351.631561279,0.12620293458186982
3586,2019-02-27 10:00:00,351.638031006,0.32982371518831133
3587,2019-02-27 11:00:00,351.64440918,0.17433599373582354
3588,2019-02-27 12:00:00,351.650787354,0.747191166435768
3589,2019-02-27 13:00:00,351.65625,0.6050309240688019
3590,2019-02-27 14:00:00,351.659881592,0.19208587365045116
3591,2019-02-27 15:00:00,351.654144287,0.6271805126454875
3592,2019-02-27 16:00:00,351.636535645,0.7594096667539117
3593,2019-02-27 17:00:00,351.611999512,0.4574228563041678
3594,2019-02-27 18:00:00,351.584564209,0.5239585314295447
3595,2019-02-27 19:00:00,351.55166626,0.5756877268914474
3596,2019-02-27 20:00:00,351.522979736,0.496029407992036
3597,2019-02-27 21:00:00,351.500793457,0.7647658086337836
3598,2019-02-27 22:00:00,351.491668701,0.6436913795627905
3599,2019-02-27 23:00:00,351.485626221,0.6144412344794257
3600,2019-02-28 00:00:00,351.481994629,0.13473796095597834
3601,2019-02-28 01:00:00,351.484771729,0.46952631969325465
3602,2019-02-28 02:00:00,351.487243652,0.7243535057878837
3603,2019-02-28 03:00:00,351.487579346,0.5024238211221862
3604,2019-02-28 04:00:00,351.493591309,0.7733286451532257
3605,2019-02-28 05:00:00,351.496063232,0.38129665630026277
3606,2019-02-28 06:00:00,351.508056641,0.4177494320082845
3607,2019-02-28 07:00:00,351.521972656,0.8382928101883592
3608,2019-02-28 08:00:00,351.535095215,0.9297409980902555
3609,2019-02-28 09:00:00,351.541473389,0.4539595061911058
3610,2019-02-28 10:00:00,351.547180176,0.39431977320844636
3611,2019-02-28 11:00:00,351.555084229,0.18813646506922654
3612,2019-02-28 12:00:00,351.562713623,0.4660241560004347
3613,2019-02-28 13:00:00,351.562316895,0.12931761418457965
3614,2019-02-28 14:00:00,351.558074951,0.5788327798810807
3615,2019-02-28 15:00:00,351.552124023,0.8009134487540861
3616,2019-02-28 16:00:00,351.544769287,0.8211639315242274
3617,2019-02-28 17:00:00,351.532348633,0.6758604968411146
3618,2019-02-28 18:00:00,351.51776123,0.0846987433132822
3619,2019-02-28 19:00:00,351.564331055,0.9460353400995586
3620,2019-02-28 20:00:00,351.61630249,0.10212392220401922
3621,2019-02-28 21:00:00,351.67755127,0.5379714638366933
3622,2019-02-28 22:00:00,351.74899292,0.6104637477559877
3623,2019-02-28 23:00:00,351.833770752,0.3627475184329845
3624,2019-03-01 00:00:00,351.86239624,0.31197260162038054
3625,2019-03-01 01:00:00,351.885223389,0.45139630347941617
3626,2019-03-01 02:00:00,351.905853271,0.40238512203195853
3627,2019-03-01 03:00:00,351.927490234,0.7207683410455896
3628,2019-03-01 04:00:00,351.946868896,0.7539381350597065
3629,2019-03-01 05:00:00,351.963043213,0.755932728860923
3630,2019-03-01 06:00:00,351.975311279,0.4548012635461133
3631,2019-03-01 07:00:00,351.98626709,0.5241393874371495
3632,2019-03-01 08:00:00,351.996856689,0.8287436251109183
3633,2019-03-01 09:00:00,352.009674072,0.7442941595230703
3634,2019-03-01 10:00:00,352.021911621,0.04624364243131507
3635,2019-03-01 11:00:00,352.035217285,0.8100127949027415
3636,2019-03-01 12:00:00,352.047485352,0.39874132209107427
3637,2019-03-01 13:00:00,352.345092773,0.3891021920886357
3638,2019-03-01 14:00:00,352.726409912,0.4767039772749728
3639,2019-03-01 15:00:00,352.976776123,0.4825038947488135
3640,2019-03-01 16:00:00,353.138397217,0.10909283428926686
3641,2019-03-01 17:00:00,353.266296387,0.7525861692115379
3642,2019-03-01 18:00:00,353.391937256,0.9507052327954304
3643,2019-03-01 19:00:00,353.443389893,0.9531158122374588
3644,2019-03-01 20:00:00,353.477752686,0.41113741843790264
3645,2019-03-01 21:00:00,353.497039795,0.6344004224511404
3646,2019-03-01 22:00:00,353.509399414,0.06442159619472632
3647,2019-03-01 23:00:00,353.521636963,0.2866909381067101
3648,2019-03-02 00:00:00,353.534729004,0.8058990277922184
3649,2019-03-02 01:00:00,353.547943115,0.25527568092747377
3650,2019-03-02 02:00:00,353.56137085,0.2901935549336334
3651,2019-03-02 03:00:00,353.578613281,0.5332682754215097
3652,2019-03-02 04:00:00,353.596954346,0.11174226578976865
3653,2019-03-02 05:00:00,353.60723877,0.11973119631950813
3654,2019-03-02 06:00:00,353.675506592,0.23185004388783348
3655,2019-03-02 07:00:00,353.760559082,0.5892478397273735
3656,2019-03-02 08:00:00,353.783782959,0.5989027837473078
3657,2019-03-02 09:00:00,353.808166504,0.8163429163188127
3658,2019-03-02 10:00:00,353.82635498,0.6690843874733373
3659,2019-03-02 11:00:00,353.841247559,0.9087746908698636
3660,2019-03-02 12:00:00,353.906066895,0.6752204425094731
3661,2019-03-02 13:00:00,353.924987793,0.7871722909403647
3662,2019-03-02 14:00:00,353.93963623,0.16657520114417235
3663,2019-03-02 15:00:00,353.987243652,0.9352237436643805
3664,2019-03-02 16:00:00,353.984100342,0.5474538479745672
3665,2019-03-02 17:00:00,353.97354126,0.09421862827323324
3666,2019-03-02 18:00:00,353.962738037,0.08261802960968023
3667,2019-03-02 19:00:00,354.156738281,0.09360792257188999
3668,2019-03-02 20:00:00,355.301422119,0.35553855331774686
3669,2019-03-02 21:00:00,355.924041748,0.792573292472863
3670,2019-03-02 22:00:00,357.328186035,0.8091141875230284
3671,2019-03-02 23:00:00,358.997589111,0.42547976837128376
3672,2019-03-03 00:00:00,360.655792236,0.07646211740282105
3673,2019-03-03 01:00:00,361.289886475,0.7610435352610031
3674,2019-03-03 02:00:00,362.28994751,0.6049731144810195
3675,2019-03-03 03:00:00,363.261871338,0.056065577163295854
3676,2019-03-03 04:00:00,364.06463623,0.3057404096403342
3677,2019-03-03 05:00:00,367.215545654,0.8102537807317451
3678,2019-03-03 06:00:00,372.522979736,0.749778537514241
3679,2019-03-03 07:00:00,374.364593506,0.4386068178375345
3680,2019-03-03 08:00:00,375.515869141,0.7341926881523803
3681,2019-03-03 09:00:00,376.476196289,0.5338941857360299
3682,2019-03-03 10:00:00,377.00177002,0.4763969075717386
3683,2019-03-03 11:00:00,377.541656494,0.7773776280335049
3684,2019-03-03 12:00:00,378.089324951,0.663297875653564
3685,2019-03-03 13:00:00,378.512634277,0.30328817744599545
3686,2019-03-03 14:00:00,378.76776123,0.3509715652497897
3687,2019-03-03 15:00:00,378.946350098,0.7150384045629435
3688,2019-03-03 16:00:00,379.058654785,0.30517509921830677
3689,2019-03-03 17:00:00,379.218414307,0.8424731055120258
3690,2019-03-03 18:00:00,379.386505127,0.37603366288986206
3691,2019-03-03 19:00:00,380.240844727,0.304210616740751
3692,2019-03-03 20:00:00,385.994903564,0.3613212673576025
3693,2019-03-03 21:00:00,390.260070801,0.9447447973375063
3694,2019-03-03 22:00:00,391.702453613,0.7553319580042424
3695,2019-03-03 23:00:00,392.831970215,0.10270022070975016
3696,2019-03-04 00:00:00,394.052337646,0.8940653528483778
3697,2019-03-04 01:00:00,395.124847412,0.8992317134887241
3698,2019-03-04 02:00:00,395.973632812,0.30217974035385486
3699,2019-03-04 03:00:00,396.753051758,0.4058739904384323
3700,2019-03-04 04:00:00,397.205871582,0.47654819503222856
3701,2019-03-04 05:00:00,397.432647705,0.2606200509503568
3702,2019-03-04 06:00:00,397.862548828,0.5228187981764377
3703,2019-03-04 07:00:00,398.172271729,0.16188501833830105
3704,2019-03-04 08:00:00,398.336853027,0.9335185453587068
3705,2019-03-04 09:00:00,398.493041992,0.9536985017740902
3706,2019-03-04 10:00:00,398.635162354,0.19696436221680336
3707,2019-03-04 11:00:00,398.746337891,0.8097988395400734
3708,2019-03-04 12:00:00,399.055969238,0.829483137710173
3709,2019-03-04 13:00:00,399.791503906,0.9068098515902369
3710,2019-03-04 14:00:00,400.003234863,0.860456004700069
3711,2019-03-04 15:00:00,401.193267822,0.9202060675150645
3712,2019-03-04 16:00:00,402.373657227,0.8834288873055692
3713,2019-03-04 17:00:00,403.071807861,0.7277185813252478
3714,2019-03-04 18:00:00,403.326568604,0.04691458690045869
3715,2019-03-04 19:00:00,403.545227051,0.949621796790177
3716,2019-03-04 20:00:00,403.778198242,0.0735958979157445
3717,2019-03-04 21:00:00,404.000946045,0.7850740975828694
3718,2019-03-04 22:00:00,404.133056641,0.01345940884253638
3719,2019-03-04 23:00:00,404.295440674,0.7139813130937278
3720,2019-03-05 00:00:00,404.447418213,0.9282149626134858
3721,2019-03-05 01:00:00,404.589477539,0.5824147352888351
3722,2019-03-05 02:00:00,404.703033447,0.29096141853142354
3723,2019-03-05 03:00:00,404.79309082,0.8249633491380375
3724,2019-03-05 04:00:00,404.851043701,0.6291767238796524
3725,2019-03-05 05:00:00,404.901824951,0.4209890089010273
3726,2019-03-05 06:00:00,404.938293457,0.569680669425746
3727,2019-03-05 07:00:00,404.949157715,0.7882393113897785
3728,2019-03-05 08:00:00,404.98135376,0.5545475170272219
3729,2019-03-05 09:00:00,405.022766113,0.08016941844073355
3730,2019-03-05 10:00:00,405.047485352,0.7897268525001073
3731,2019-03-05 11:00:00,405.053527832,0.4972707488693965
3732,2019-03-05 12:00:00,405.060668945,0.3960056606002226
3733,2019-03-05 13:00:00,405.06829834,0.1823967247939967
3734,2019-03-05 14:00:00,405.08303833,0.7123760585495701
3735,2019-03-05 15:00:00,405.087890625,0.8472485427421798
3736,2019-03-05 16:00:00,405.08581543,0.12015907817720028
3737,2019-03-05 17:00:00,405.079406738,0.6318421500129178
3738,2019-03-05 18:00:00,405.069763184,0.6738628843161054
3739,2019-03-05 19:00:00,405.330566406,0.8939044063458331
3740,2019-03-05 20:00:00,405.791870117,0.9081023979082951
3741,2019-03-05 21:00:00,406.489501953,0.7588831128564384
3742,2019-03-05 22:00:00,406.955047607,0.8926342039056356
3743,2019-03-05 23:00:00,407.198516846,0.2562177252442295
3744,2019-03-06 00:00:00,407.292510986,0.11936451591730712
3745,2019-03-06 01:00:00,407.393768311,0.3543424579536477
3746,2019-03-06 02:00:00,407.475738525,0.08499295887392999
3747,2019-03-06 03:00:00,407.587158203,0.26048420984267573
3748,2019-03-06 04:00:00,407.678833008,0.6423680306052654
3749,2019-03-06 05:00:00,407.755371094,0.3927788140859225
3750,2019-03-06 06:00:00,407.841918945,0.3354065987912833
3751,2019-03-06 07:00:00,407.909210205,0.531242852119408
3752,2019-03-06 08:00:00,407.960296631,0.8208058684345816
3753,2019-03-06 09:00:00,407.981140137,0.21333127632349314
3754,2019-03-06 10:00:00,407.997344971,0.7301644791284047
3755,2019-03-06 11:00:00,408.015625,0.9302738363533603
3756,2019-03-06 12:00:00,408.035888672,0.18579729777155574
3757,2019-03-06 13:00:00,408.058227539,0.9722691391607609
3758,2019-03-06 14:00:00,408.072937012,0.14032039874299096
3759,2019-03-06 15:00:00,408.082855225,0.5785665523442913
3760,2019-03-06 16:00:00,408.08114624,0.08798437857939012
3761,2019-03-06 17:00:00,409.107330322,0.9330000260217222
3762,2019-03-06 18:00:00,409.781890869,0.9253470726992843
3763,2019-03-06 19:00:00,410.489227295,0.6142083474103295
3764,2019-03-06 20:00:00,411.222717285,0.21421561400971545
3765,2019-03-06 21:00:00,411.976226807,0.6385773910743686
3766,2019-03-06 22:00:00,412.805236816,0.7361493153411143
3767,2019-03-06 23:00:00,413.890197754,0.931365248125678
3768,2019-03-07 00:00:00,415.010070801,0.2347169550247199
3769,2019-03-07 01:00:00,416.921386719,0.20412091143849032
3770,2019-03-07 02:00:00,417.519592285,0.32419739500880107
3771,2019-03-07 03:00:00,417.981994629,0.5240640069787328
3772,2019-03-07 04:00:00,418.420928955,0.08737798858732093
3773,2019-03-07 05:00:00,419.343933105,0.7359978140456604
3774,2019-03-07 06:00:00,419.863983154,0.6196396752565527
3775,2019-03-07 07:00:00,420.117828369,0.5730492455072318
3776,2019-03-07 08:00:00,420.928344727,0.47823541402617764
3777,2019-03-07 09:00:00,422.912780762,0.055200003690499266
3778,2019-03-07 10:00:00,423.854217529,0.37353376347187284
3779,2019-03-07 11:00:00,424.72354126,0.5541330566541285
3780,2019-03-07 12:00:00,425.435241699,0.2963385150805279
3781,2019-03-07 13:00:00,425.784912109,0.48891635700536695
3782,2019-03-07 14:00:00,427.06930542,0.8599641234390861
3783,2019-03-07 15:00:00,427.448791504,0.6669007976828124
3784,2019-03-07 16:00:00,427.889678955,0.5726373421656548
3785,2019-03-07 17:00:00,428.105163574,0.24675055403079216
3786,2019-03-07 18:00:00,428.954711914,0.6991389591695865
3787,2019-03-07 19:00:00,429.747161865,0.22886207686031768
3788,2019-03-07 20:00:00,431.079650879,0.2310760889110859
3789,2019-03-07 21:00:00,431.720916748,0.7296353007978119
3790,2019-03-07 22:00:00,432.179138184,0.718647281722007
3791,2019-03-07 23:00:00,432.583557129,0.20783959853783396
3792,2019-03-08 00:00:00,432.846954346,0.8029179070215327
3793,2019-03-08 01:00:00,433.01751709,0.7234195065349391
3794,2019-03-08 02:00:00,433.145111084,0.022709101143020938
3795,2019-03-08 03:00:00,433.255615234,0.7235484895832706
3796,2019-03-08 04:00:00,433.330322266,0.5728826574949194
3797,2019-03-08 05:00:00,433.417816162,0.16417677381181617
3798,2019-03-08 06:00:00,433.495483398,0.8263081766533797
3799,2019-03-08 07:00:00,433.547393799,0.7800545577615788
3800,2019-03-08 08:00:00,433.598846436,0.2656257174217691
3801,2019-03-08 09:00:00,433.649841309,0.27693908966650416
3802,2019-03-08 10:00:00,433.715942383,0.34375495965583625
3803,2019-03-08 11:00:00,433.779296875,0.3933287387348996
3804,2019-03-08 12:00:00,433.836608887,0.9469079551111659
3805,2019-03-08 13:00:00,433.885803223,0.8817600493354408
3806,2019-03-08 14:00:00,433.911743164,0.5388288482153261
3807,2019-03-08 15:00:00,433.929412842,0.35144148795349894
3808,2019-03-08 16:00:00,433.940246582,0.6478444535043352
3809,2019-03-08 17:00:00,435.545227051,0.8679120912692144
3810,2019-03-08 18:00:00,436.616271973,0.7041669079386937
3811,2019-03-08 19:00:00,437.504333496,0.15743999648349916
3812,2019-03-08 20:00:00,438.126525879,0.4266787270450412
3813,2019-03-08 21:00:00,438.675231934,0.17319765997951442
3814,2019-03-08 22:00:00,440.655548096,0.28037903665246455
3815,2019-03-08 23:00:00,443.280883789,0.3940097552795776
3816,2019-03-09 00:00:00,445.390350342,0.2331248979458711
3817,2019-03-09 01:00:00,447.125091553,0.2657576988628545
3818,2019-03-09 02:00:00,447.779998779,0.6404781626840131
3819,2019-03-09 03:00:00,448.015411377,0.4856284748791033
3820,2019-03-09 04:00:00,448.443237305,0.904932664974781
3821,2019-03-09 05:00:00,448.861328125,0.11903535285045796
3822,2019-03-09 06:00:00,449.22958374,0.06193380467958487
3823,2019-03-09 07:00:00,449.409210205,0.19886691172378756
3824,2019-03-09 08:00:00,449.677124023,0.39815788093319715
3825,2019-03-09 09:00:00,449.83416748,0.443423405907755
3826,2019-03-09 10:00:00,449.928436279,0.4170572141622373
3827,2019-03-09 11:00:00,450.061096191,0.9310558658583036
3828,2019-03-09 12:00:00,450.14654541,0.2841945439033534
3829,2019-03-09 13:00:00,450.195098877,0.5088628515730885
3830,2019-03-09 14:00:00,450.204589844,0.21925526726371092
3831,2019-03-09 15:00:00,450.20892334,0.32359093432415664
3832,2019-03-09 16:00:00,450.222839355,0.15871058021414497
3833,2019-03-09 17:00:00,450.21585083,0.9916794084603985
3834,2019-03-09 18:00:00,450.210327148,0.12423353736424003
3835,2019-03-09 19:00:00,450.214477539,0.5246267636398507
3836,2019-03-09 20:00:00,450.212890625,0.29550069405674595
3837,2019-03-09 21:00:00,450.223571777,0.07399389965772984
3838,2019-03-09 22:00:00,450.245544434,0.015816569062448882
3839,2019-03-09 23:00:00,450.261383057,0.3319739449180391
3840,2019-03-10 00:00:00,450.292358398,0.34478616407140883
3841,2019-03-10 01:00:00,450.321777344,0.4474570577640037
3842,2019-03-10 02:00:00,450.344329834,0.38816244800904054
3843,2019-03-10 03:00:00,450.361694336,0.8466042805295368
3844,2019-03-10 04:00:00,450.378234863,0.934246090218672
3845,2019-03-10 05:00:00,450.391815186,0.14988090499636875
3846,2019-03-10 06:00:00,450.403533936,0.5311139592687439
3847,2019-03-10 07:00:00,450.413970947,0.2665345065325653
3848,2019-03-10 08:00:00,450.424407959,0.49669421949988823
3849,2019-03-10 09:00:00,450.435180664,0.0027884362918286776
3850,2019-03-10 10:00:00,450.446929932,0.7207210757752697
3851,2019-03-10 11:00:00,450.45916748,0.5977821510343635
3852,2019-03-10 12:00:00,450.466918945,0.1074925348553033
3853,2019-03-10 13:00:00,450.4765625,0.6677784571020237
3854,2019-03-10 14:00:00,450.478271484,0.5195482209579715
3855,2019-03-10 15:00:00,450.472076416,0.787244294529871
3856,2019-03-10 16:00:00,450.455993652,0.2696337817716665
3857,2019-03-10 17:00:00,450.429168701,0.056190864333333757
3858,2019-03-10 18:00:00,450.39642334,0.26578759021584564
3859,2019-03-10 19:00:00,450.361785889,0.0016514591068506057
3860,2019-03-10 20:00:00,450.327301025,0.280057318079746
3861,2019-03-10 21:00:00,450.301971436,0.9566475135961902
3862,2019-03-10 22:00:00,450.28817749,0.34475154093613825
3863,2019-03-10 23:00:00,450.286621094,0.31274358018174087
3864,2019-03-11 00:00:00,450.291229248,0.6259978734865534
3865,2019-03-11 01:00:00,450.296508789,0.5789713471594354
3866,2019-03-11 02:00:00,450.289276123,0.6358986161006136
3867,2019-03-11 03:00:00,450.279296875,0.7551720965919753
3868,2019-03-11 04:00:00,450.268737793,0.7803654452100647
3869,2019-03-11 05:00:00,450.253479004,0.7658995017912068
3870,2019-03-11 06:00:00,450.401306152,0.005795384977031137
3871,2019-03-11 07:00:00,450.407440186,0.08267787411885452
3872,2019-03-11 08:00:00,450.408782959,0.6874255011950798
3873,2019-03-11 09:00:00,450.409515381,0.6887141441459429
3874,2019-03-11 10:00:00,450.406707764,0.06414611336346454
3875,2019-03-11 11:00:00,450.405578613,0.16439755021722768
3876,2019-03-11 12:00:00,450.573181152,0.48230223231908387
3877,2019-03-11 13:00:00,450.586486816,0.898816534327888
3878,2019-03-11 14:00:00,450.79510498,0.6667985514253705
3879,2019-03-11 15:00:00,450.806762695,0.054691892525361
3880,2019-03-11 16:00:00,450.807495117,0.9608883930739529
3881,2019-03-11 17:00:00,450.802459717,0.42939119754033594
3882,2019-03-11 18:00:00,451.410675049,0.8471972835940077
3883,2019-03-11 19:00:00,451.473815918,0.6284199931378495
3884,2019-03-11 20:00:00,456.712463379,0.4525641625310537
3885,2019-03-11 21:00:00,457.886047363,0.6300662384618984
3886,2019-03-11 22:00:00,458.259552002,0.5477992799014244
3887,2019-03-11 23:00:00,458.65411377,0.21315565727810493
3888,2019-03-12 00:00:00,458.825866699,0.6023599211585459
3889,2019-03-12 01:00:00,458.950592041,0.8001368262900137
3890,2019-03-12 02:00:00,459.089416504,0.37749302464179135
3891,2019-03-12 03:00:00,459.168640137,0.7071263174982797
3892,2019-03-12 04:00:00,460.623657227,0.12179813408377915
3893,2019-03-12 05:00:00,461.590942383,0.5761433455061159
3894,2019-03-12 06:00:00,461.824188232,0.40443713448885
3895,2019-03-12 07:00:00,462.273193359,0.26832311226728844
3896,2019-03-12 08:00:00,463.302307129,0.007358316288554434
3897,2019-03-12 09:00:00,464.844421387,0.5503965201217995
3898,2019-03-12 10:00:00,466.745117188,0.24580746856419688
3899,2019-03-12 11:00:00,468.225860596,0.6231259693289519
3900,2019-03-12 12:00:00,469.685211182,0.9075893954671754
3901,2019-03-12 13:00:00,470.31854248,0.3075529611253045
3902,2019-03-12 14:00:00,470.81060791,0.4534352079282391
3903,2019-03-12 15:00:00,471.369445801,0.7392825135250646
3904,2019-03-12 16:00:00,473.691680908,0.9939685487506288
3905,2019-03-12 17:00:00,476.691040039,0.9464487475411311
3906,2019-03-12 18:00:00,481.470062256,0.3202394635055186
3907,2019-03-12 19:00:00,483.209991455,0.1864718319568377
3908,2019-03-12 20:00:00,484.29586792,0.34625529096285834
3909,2019-03-12 21:00:00,484.915588379,0.7225641015013641
3910,2019-03-12 22:00:00,485.431152344,0.7382910083102187
3911,2019-03-12 23:00:00,485.677032471,0.9394850672146832
3912,2019-03-13 00:00:00,485.873718262,0.28809846137379846
3913,2019-03-13 01:00:00,486.701080322,0.19239296481603396
3914,2019-03-13 02:00:00,488.276000977,0.9153714047761082
3915,2019-03-13 03:00:00,490.971557617,0.1750119545583969
3916,2019-03-13 04:00:00,493.420684814,0.8780335142107063
3917,2019-03-13 05:00:00,494.445404053,0.30937556195186533
3918,2019-03-13 06:00:00,494.661529541,0.6653023424511372
3919,2019-03-13 07:00:00,495.384307861,0.8020492229559764
3920,2019-03-13 08:00:00,496.276489258,0.8185871085002014
3921,2019-03-13 09:00:00,496.938812256,0.9653094826463232
3922,2019-03-13 10:00:00,498.520507812,0.48288065972982475
3923,2019-03-13 11:00:00,500.622528076,0.12175230461846409
3924,2019-03-13 12:00:00,502.621398926,0.24420199261747422
3925,2019-03-13 13:00:00,507.009857178,0.6408248560941643
3926,2019-03-13 14:00:00,510.016815186,0.7554970149519649
3927,2019-03-13 15:00:00,512.770996094,0.2012071558189975
3928,2019-03-13 16:00:00,514.823425293,0.4794358524644293
3929,2019-03-13 17:00:00,516.048706055,0.9592954783587091
3930,2019-03-13 18:00:00,517.403930664,0.17299963786118655
3931,2019-03-13 19:00:00,518.538208008,0.7071835729695581
3932,2019-03-13 20:00:00,521.803771973,0.9578290157807471
3933,2019-03-13 21:00:00,525.058959961,0.3274826462910303
3934,2019-03-13 22:00:00,525.968505859,0.6167773468495935
3935,2019-03-13 23:00:00,526.716186523,0.08378313424048534
3936,2019-03-14 00:00:00,527.426940918,0.5483712892885356
3937,2019-03-14 01:00:00,527.958618164,0.41124534870203433
3938,2019-03-14 02:00:00,528.716491699,0.6385686381850052
3939,2019-03-14 03:00:00,528.880126953,0.654318494123187
3940,2019-03-14 04:00:00,528.999572754,0.9175764436832855
3941,2019-03-14 05:00:00,529.078857422,0.5463052499930193
3942,2019-03-14 06:00:00,529.226013184,0.5371370123088863
3943,2019-03-14 07:00:00,529.389953613,0.4716509663236127
3944,2019-03-14 08:00:00,529.514343262,0.49333034125026276
3945,2019-03-14 09:00:00,529.636108398,0.2005704485748755
3946,2019-03-14 10:00:00,529.763305664,0.8409972811950771
3947,2019-03-14 11:00:00,529.892700195,0.2016066112731545
3948,2019-03-14 12:00:00,529.994506836,0.2718352446425396
3949,2019-03-14 13:00:00,530.081176758,0.8747474273448173
3950,2019-03-14 14:00:00,530.14239502,0.8780772548741206
3951,2019-03-14 15:00:00,530.184814453,0.812198724376753
3952,2019-03-14 16:00:00,530.211120605,0.8176812674071908
3953,2019-03-14 17:00:00,530.2265625,0.04109311031253171
3954,2019-03-14 18:00:00,530.248291016,0.9927626892220632
3955,2019-03-14 19:00:00,530.246643066,0.37801166597580127
3956,2019-03-14 20:00:00,530.253601074,0.4258901783252039
3957,2019-03-14 21:00:00,530.266723633,0.30400290860877544
3958,2019-03-14 22:00:00,530.295593262,0.15570476727478733
3959,2019-03-14 23:00:00,530.324584961,0.3309705169583379
3960,2019-03-15 00:00:00,530.346923828,0.658167375803851
3961,2019-03-15 01:00:00,530.362243652,0.7530088097049431
3962,2019-03-15 02:00:00,530.370605469,0.4432757681035888
3963,2019-03-15 03:00:00,530.379455566,0.5562363814688924
3964,2019-03-15 04:00:00,530.400024414,0.17235254260132393
3965,2019-03-15 05:00:00,530.428100586,0.9089233262251158
3966,2019-03-15 06:00:00,530.45123291,0.9840362770583313
3967,2019-03-15 07:00:00,530.476074219,0.5026580075455881
3968,2019-03-15 08:00:00,530.499816895,0.4919770584472485
3969,2019-03-15 09:00:00,530.522644043,0.9878324268460604
3970,2019-03-15 10:00:00,530.54309082,0.6927729676231708
3971,2019-03-15 11:00:00,530.55645752,0.8573253489287217
3972,2019-03-15 12:00:00,530.573059082,0.6869636052526029
3973,2019-03-15 13:00:00,530.585021973,0.9144453794121351
3974,2019-03-15 14:00:00,530.595581055,0.63534914950767
3975,2019-03-15 15:00:00,530.596252441,0.2300755081518725
3976,2019-03-15 16:00:00,530.588745117,0.686969256781664
3977,2019-03-15 17:00:00,530.574401855,0.4441861040802435
3978,2019-03-15 18:00:00,530.556640625,0.17190486725636445
3979,2019-03-15 19:00:00,530.541137695,0.8782016842686442
3980,2019-03-15 20:00:00,530.531494141,0.80247969182138
3981,2019-03-15 21:00:00,530.531005859,0.3942704777265509
3982,2019-03-15 22:00:00,530.539306641,0.5545629351799889
3983,2019-03-15 23:00:00,530.548278809,0.46097121407603736
3984,2019-03-16 00:00:00,530.559265137,0.36273197606114405
3985,2019-03-16 01:00:00,530.571411133,0.5169494876282554
3986,2019-03-16 02:00:00,530.583312988,0.2645061720178362
3987,2019-03-16 03:00:00,530.593322754,0.6292306747442582
3988,2019-03-16 04:00:00,530.601928711,0.5769075633103021
3989,2019-03-16 05:00:00,530.608337402,0.5349458648962415
3990,2019-03-16 06:00:00,530.61529541,0.49404913448349963
3991,2019-03-16 07:00:00,530.622070312,0.5812095657374746
3992,2019-03-16 08:00:00,530.629699707,0.7856988186568719
3993,2019-03-16 09:00:00,530.637084961,0.6981930368033121
3994,2019-03-16 10:00:00,530.643798828,0.50293095222364
3995,2019-03-16 11:00:00,530.651062012,0.5670459925190339
3996,2019-03-16 12:00:00,530.658630371,0.5756513024665283
3997,2019-03-16 13:00:00,530.664794922,0.6098775999444266
3998,2019-03-16 14:00:00,530.664794922,0.46134922023855607
3999,2019-03-16 15:00:00,530.65625,0.8563358024851159
4000,2019-03-16 16:00:00,530.643432617,0.46264483474650275
4001,2019-03-16 17:00:00,530.626281738,0.9145874693147334
4002,2019-03-16 18:00:00,530.606567383,0.22430595949178034
4003,2019-03-16 19:00:00,530.588623047,0.7807965586866753
4004,2019-03-16 20:00:00,530.575256348,0.3400443327170495
4005,2019-03-16 21:00:00,530.572998047,0.3943191554377802
4006,2019-03-16 22:00:00,530.580871582,0.36679813733476574
4007,2019-03-16 23:00:00,530.591247559,0.5809282363200653
4008,2019-03-17 00:00:00,530.602722168,0.4202629057666085
4009,2019-03-17 01:00:00,530.612670898,0.2984238102966046
4010,2019-03-17 02:00:00,530.621337891,0.11902204944846317
4011,2019-03-17 03:00:00,530.630004883,0.606222192722354
4012,2019-03-17 04:00:00,530.637329102,0.9804912314935824
4013,2019-03-17 05:00:00,530.645263672,0.7317938880244698
4014,2019-03-17 06:00:00,530.651367188,0.6120865507517825
4015,2019-03-17 07:00:00,530.657287598,0.6093712404694556
4016,2019-03-17 08:00:00,530.663146973,0.9948351544388361
4017,2019-03-17 09:00:00,530.669311523,0.6049908045555511
4018,2019-03-17 10:00:00,530.675354004,0.6153927115367065
4019,2019-03-17 11:00:00,530.682434082,0.08381909886935246
4020,2019-03-17 12:00:00,530.689575195,0.574470527455467
4021,2019-03-17 13:00:00,530.695739746,0.5063314932038876
4022,2019-03-17 14:00:00,530.699157715,0.09156521144471785
4023,2019-03-17 15:00:00,530.698242188,0.46763084369693053
4024,2019-03-17 16:00:00,530.691711426,0.8865653384599887
4025,2019-03-17 17:00:00,530.676147461,0.7349791185841903
4026,2019-03-17 18:00:00,530.656921387,0.8547382650712421
4027,2019-03-17 19:00:00,530.639038086,0.16355254032846145
4028,2019-03-17 20:00:00,530.626586914,0.4392776516538579
4029,2019-03-17 21:00:00,530.625061035,0.2277962157908967
4030,2019-03-17 22:00:00,530.635192871,0.6188651829759393
4031,2019-03-17 23:00:00,530.64642334,0.14819245988854035
4032,2019-03-18 00:00:00,530.66027832,0.7350742102854925
4033,2019-03-18 01:00:00,530.672546387,0.4987557790515015
4034,2019-03-18 02:00:00,530.686279297,0.5053547980353227
4035,2019-03-18 03:00:00,530.698120117,0.38503448402722973
4036,2019-03-18 04:00:00,530.707519531,0.6515561655741441
4037,2019-03-18 05:00:00,530.71496582,0.30746958273028635
4038,2019-03-18 06:00:00,530.718566895,0.5036547001764887
4039,2019-03-18 07:00:00,530.718505859,0.03191432313097886
4040,2019-03-18 08:00:00,530.720275879,0.5701876577162042
4041,2019-03-18 09:00:00,530.723144531,0.5779471510281983
4042,2019-03-18 10:00:00,530.731628418,0.7220339901460502
4043,2019-03-18 11:00:00,530.738952637,0.13049218635529403
4044,2019-03-18 12:00:00,530.749328613,0.433648478519872
4045,2019-03-18 13:00:00,530.75994873,0.5873814527638744
4046,2019-03-18 14:00:00,530.765197754,0.8308065064198823
4047,2019-03-18 15:00:00,530.762084961,0.6822784848311365
4048,2019-03-18 16:00:00,530.752319336,0.5865652576053587
4049,2019-03-18 17:00:00,530.734069824,0.88805876121207
4050,2019-03-18 18:00:00,530.706420898,0.7777583568763539
4051,2019-03-18 19:00:00,530.680908203,0.7071078077589534
4052,2019-03-18 20:00:00,530.660644531,0.11162765524658769
4053,2019-03-18 21:00:00,530.65045166,0.3950832478048887
4054,2019-03-18 22:00:00,530.66027832,0.40284339915044143
4055,2019-03-18 23:00:00,530.669067383,0.46650891589729615
4056,2019-03-19 00:00:00,530.681213379,0.0010461829862769
4057,2019-03-19 01:00:00,530.694091797,0.5929541375996807
4058,2019-03-19 02:00:00,530.703918457,0.5057492907448489
4059,2019-03-19 03:00:00,530.713928223,0.1169888531993083
4060,2019-03-19 04:00:00,530.724060059,0.10116519377460964
4061,2019-03-19 05:00:00,530.732971191,0.5436905456009737
4062,2019-03-19 06:00:00,530.741455078,0.5945344174650574
4063,2019-03-19 07:00:00,530.752563477,0.6233604413248456
4064,2019-03-19 08:00:00,530.762023926,0.045639579235779104
4065,2019-03-19 09:00:00,530.768615723,0.30579423979670806
4066,2019-03-19 10:00:00,530.773498535,0.8842602148404264
4067,2019-03-19 11:00:00,530.779846191,0.495122957125389
4068,2019-03-19 12:00:00,530.785766602,0.31816262835748754
4069,2019-03-19 13:00:00,530.793273926,0.3317856753603122
4070,2019-03-19 14:00:00,530.796447754,0.8782223607960463
4071,2019-03-19 15:00:00,530.798034668,0.5675688252556415
4072,2019-03-19 16:00:00,530.791381836,0.8908372385592798
4073,2019-03-19 17:00:00,530.768310547,0.8671291893515021
4074,2019-03-19 18:00:00,530.735656738,0.24850527962346203
4075,2019-03-19 19:00:00,530.698608398,0.3237268465273012
4076,2019-03-19 20:00:00,530.668579102,0.7264504531263327
4077,2019-03-19 21:00:00,530.653198242,0.6643166493204262
4078,2019-03-19 22:00:00,530.65637207,0.37306340915313796
4079,2019-03-19 23:00:00,530.658691406,0.630747649657662
4080,2019-03-20 00:00:00,530.664733887,0.5410013248616533
4081,2019-03-20 01:00:00,530.674194336,0.03124039133863432
4082,2019-03-20 02:00:00,530.681091309,0.657784850112866
4083,2019-03-20 03:00:00,530.687866211,0.7613304990027768
4084,2019-03-20 04:00:00,530.68347168,0.07557685395442704
4085,2019-03-20 05:00:00,530.666381836,0.5179651639016448
4086,2019-03-20 06:00:00,530.641296387,0.9971006547137599
4087,2019-03-20 07:00:00,530.621765137,0.3713762336114753
4088,2019-03-20 08:00:00,530.599731445,0.7500924879204293
4089,2019-03-20 09:00:00,530.582275391,0.18462027938136982
4090,2019-03-20 10:00:00,530.55871582,0.2142396268202209
4091,2019-03-20 11:00:00,530.533874512,0.3425137810386256
4092,2019-03-20 12:00:00,530.527526855,0.3048893334826006
4093,2019-03-20 13:00:00,530.525878906,0.8978340994479084
4094,2019-03-20 14:00:00,530.521057129,0.49213082698882493
4095,2019-03-20 15:00:00,530.503295898,0.863980162658105
4096,2019-03-20 16:00:00,530.484924316,0.3155227003503073
4097,2019-03-20 17:00:00,530.460632324,0.1371637996554581
4098,2019-03-20 18:00:00,530.428344727,0.9441483258938758
4099,2019-03-20 19:00:00,530.398376465,0.19005862247934824
4100,2019-03-20 20:00:00,530.370727539,0.36651793080196604
4101,2019-03-20 21:00:00,530.360717773,0.9702548408122409
4102,2019-03-20 22:00:00,530.360656738,0.2605551827864131
4103,2019-03-20 23:00:00,530.362121582,0.9299109606064379
4104,2019-03-21 00:00:00,530.365966797,0.03923307807493148
4105,2019-03-21 01:00:00,530.371765137,0.5104241579187555
4106,2019-03-21 02:00:00,530.36340332,0.6798589889651465
4107,2019-03-21 03:00:00,530.346618652,0.8209294418529898
4108,2019-03-21 04:00:00,530.317443848,0.6170057418664757
4109,2019-03-21 05:00:00,530.290527344,0.11755060824274755
4110,2019-03-21 06:00:00,530.26361084,0.5800867153912083
4111,2019-03-21 07:00:00,530.24597168,0.39200188932735425
4112,2019-03-21 08:00:00,530.22277832,0.9769744545948417
4113,2019-03-21 09:00:00,530.198791504,0.2829705557078779
4114,2019-03-21 10:00:00,530.176879883,0.7483856410812004
4115,2019-03-21 11:00:00,530.159851074,0.2733176173213576
4116,2019-03-21 12:00:00,530.146484375,0.11853413706729776
4117,2019-03-21 13:00:00,530.132324219,0.39873012299929633
4118,2019-03-21 14:00:00,530.117126465,0.5091027735239485
4119,2019-03-21 15:00:00,530.100280762,0.7142115644529378
4120,2019-03-21 16:00:00,530.084106445,0.4503005263157369
4121,2019-03-21 17:00:00,530.06048584,0.4457864083950418
4122,2019-03-21 18:00:00,530.032470703,0.39066870912387175
4123,2019-03-21 19:00:00,530.002380371,0.30201394076804766
4124,2019-03-21 20:00:00,529.970275879,0.8889883392045624
4125,2019-03-21 21:00:00,530.225769043,0.39566683681447334
4126,2019-03-21 22:00:00,532.213989258,0.19296361531197814
4127,2019-03-21 23:00:00,537.258605957,0.3187635130446288
4128,2019-03-22 00:00:00,537.821899414,0.6122524224868898
4129,2019-03-22 01:00:00,538.142456055,0.2209391687178458
4130,2019-03-22 02:00:00,538.450317383,0.1637776223048374
4131,2019-03-22 03:00:00,538.74609375,0.5029705262639742
4132,2019-03-22 04:00:00,539.062866211,0.7889273930722589
4133,2019-03-22 05:00:00,539.293701172,0.20381773801870684
4134,2019-03-22 06:00:00,539.448608398,0.3907519142587603
4135,2019-03-22 07:00:00,539.541992188,0.5108227937555869
4136,2019-03-22 08:00:00,540.836547852,0.05940243244261223
4137,2019-03-22 09:00:00,542.122375488,0.2604799504932841
4138,2019-03-22 10:00:00,542.698303223,0.9588256330487499
4139,2019-03-22 11:00:00,544.526428223,0.7571404104320406
4140,2019-03-22 12:00:00,545.61126709,0.0029223936613353985
4141,2019-03-22 13:00:00,545.951416016,0.5987950801286394
4142,2019-03-22 14:00:00,546.238342285,0.2468192121197902
4143,2019-03-22 15:00:00,546.40612793,0.7553558399689846
4144,2019-03-22 16:00:00,546.489990234,0.8953401452907519
4145,2019-03-22 17:00:00,546.543884277,0.7175510605938468
4146,2019-03-22 18:00:00,546.534912109,0.6521149994853462
4147,2019-03-22 19:00:00,546.604492188,0.9088011011088137
4148,2019-03-22 20:00:00,546.726196289,0.8732683357500892
4149,2019-03-22 21:00:00,550.120178223,0.340905703811444
4150,2019-03-22 22:00:00,551.215209961,0.7008764238386097
4151,2019-03-22 23:00:00,551.63659668,0.715833748822296
4152,2019-03-23 00:00:00,551.951721191,0.7903844328835367
4153,2019-03-23 01:00:00,553.073181152,0.36349423275678205
4154,2019-03-23 02:00:00,553.621826172,0.39248405643925155
4155,2019-03-23 03:00:00,553.880371094,0.5953385709887151
4156,2019-03-23 04:00:00,554.085144043,0.17064334719461705
4157,2019-03-23 05:00:00,554.268127441,0.23158953883512623
4158,2019-03-23 06:00:00,554.473266602,0.8193533716065464
4159,2019-03-23 07:00:00,554.628662109,0.6637952139515862
4160,2019-03-23 08:00:00,554.797302246,0.537395440966909
4161,2019-03-23 09:00:00,554.965698242,0.6397803600314252
4162,2019-03-23 10:00:00,555.121887207,0.49313997323908043
4163,2019-03-23 11:00:00,555.262390137,0.11467600211791129
4164,2019-03-23 12:00:00,555.401245117,0.5952582340969024
4165,2019-03-23 13:00:00,555.547485352,0.17782585457829225
4166,2019-03-23 14:00:00,555.639953613,0.32170067450172346
4167,2019-03-23 15:00:00,555.736328125,0.46684103753302597
4168,2019-03-23 16:00:00,555.840393066,0.6583494012161532
4169,2019-03-23 17:00:00,555.96661377,0.6270339120327632
4170,2019-03-23 18:00:00,556.092834473,0.23577376893397706
4171,2019-03-23 19:00:00,556.202880859,0.413664128178851
4172,2019-03-23 20:00:00,556.30657959,0.12060115714886777
4173,2019-03-23 21:00:00,556.391418457,0.7090457934021558
4174,2019-03-23 22:00:00,556.454223633,0.7761937403186582
4175,2019-03-23 23:00:00,556.511108398,0.4317070523725888
4176,2019-03-24 00:00:00,556.567260742,0.6157880179117449
4177,2019-03-24 01:00:00,556.618774414,0.6154763999643548
4178,2019-03-24 02:00:00,556.658508301,0.3255303599596031
4179,2019-03-24 03:00:00,556.704528809,0.8776107963834706
4180,2019-03-24 04:00:00,556.730163574,0.07845058489098033
4181,2019-03-24 05:00:00,556.75793457,0.3766183561088946
4182,2019-03-24 06:00:00,556.776062012,0.5767038223868115
4183,2019-03-24 07:00:00,556.811950684,0.36324973158038687
4184,2019-03-24 08:00:00,556.851867676,0.23732870133771777
4185,2019-03-24 09:00:00,556.890991211,0.15309850885674847
4186,2019-03-24 10:00:00,556.92376709,0.9754077091418318
4187,2019-03-24 11:00:00,556.954467773,0.4471883219724774
4188,2019-03-24 12:00:00,556.981872559,0.5812720047563628
4189,2019-03-24 13:00:00,557.010559082,0.7120898964673661
4190,2019-03-24 14:00:00,557.032653809,0.358257599192763
4191,2019-03-24 15:00:00,557.04498291,0.877245925434864
4192,2019-03-24 16:00:00,557.047668457,0.6771237631053821
4193,2019-03-24 17:00:00,557.97265625,0.1501102828280556
4194,2019-03-24 18:00:00,558.051086426,0.13366285733081662
4195,2019-03-24 19:00:00,558.129638672,0.16754813312049655
4196,2019-03-24 20:00:00,558.199951172,0.7749959784281352
4197,2019-03-24 21:00:00,558.25402832,0.5459688950011405
4198,2019-03-24 22:00:00,558.286437988,0.7524276475309616
4199,2019-03-24 23:00:00,558.314331055,0.162218153994673
4200,2019-03-25 00:00:00,558.342346191,0.029722382477621823
4201,2019-03-25 01:00:00,558.366577148,0.2889182227042617
4202,2019-03-25 02:00:00,558.384643555,0.9480819890501567
4203,2019-03-25 03:00:00,558.400817871,0.8233561830952909
4204,2019-03-25 04:00:00,558.414428711,0.5742533338902037
4205,2019-03-25 05:00:00,558.428283691,0.8882588378392569
4206,2019-03-25 06:00:00,558.442810059,0.09828079359052755
4207,2019-03-25 07:00:00,558.456542969,0.6791659159588742
4208,2019-03-25 08:00:00,558.467285156,0.9274887507826142
4209,2019-03-25 09:00:00,558.475341797,0.5147448984828475
4210,2019-03-25 10:00:00,558.481872559,0.07950819435134537
4211,2019-03-25 11:00:00,558.490600586,0.441768132874794
4212,2019-03-25 12:00:00,558.499328613,0.7187118585349117
4213,2019-03-25 13:00:00,558.506530762,0.005554757010644007
4214,2019-03-25 14:00:00,558.509216309,0.00244678091871553
4215,2019-03-25 15:00:00,558.508850098,0.6734776757618688
4216,2019-03-25 16:00:00,558.501953125,0.2843992719160767
4217,2019-03-25 17:00:00,558.479553223,0.8026691386493814
4218,2019-03-25 18:00:00,558.451721191,0.5157225126228199
4219,2019-03-25 19:00:00,558.422180176,0.41140843713621666
4220,2019-03-25 20:00:00,558.399658203,0.03621099544109374
4221,2019-03-25 21:00:00,558.387878418,0.5036792893997101
4222,2019-03-25 22:00:00,558.388305664,0.14518159009268417
4223,2019-03-25 23:00:00,558.390197754,0.7293543776120216
4224,2019-03-26 00:00:00,558.395568848,0.4606661172379657
4225,2019-03-26 01:00:00,558.40423584,0.8554435527696123
4226,2019-03-26 02:00:00,558.41015625,0.6669501326600684
4227,2019-03-26 03:00:00,558.413085938,0.6233396809394934
4228,2019-03-26 04:00:00,558.412841797,0.042831368793811
4229,2019-03-26 05:00:00,558.409118652,0.6441205986063014
4230,2019-03-26 06:00:00,558.404907227,0.22780943231184314
4231,2019-03-26 07:00:00,558.399963379,0.4752847059373745
4232,2019-03-26 08:00:00,558.39465332,0.5733383469613278
4233,2019-03-26 09:00:00,558.389465332,0.8069997929701048
4234,2019-03-26 10:00:00,558.385620117,0.9252666374916552
4235,2019-03-26 11:00:00,558.383422852,0.8740272502567193
4236,2019-03-26 12:00:00,558.383544922,0.18400413116804404
4237,2019-03-26 13:00:00,558.378234863,0.75832413006091
4238,2019-03-26 14:00:00,558.355041504,0.29588540992221823
4239,2019-03-26 15:00:00,558.319519043,0.49130245809407913
4240,2019-03-26 16:00:00,558.269592285,0.7414439862133723
4241,2019-03-26 17:00:00,558.202209473,0.015204139016875562
4242,2019-03-26 18:00:00,558.128051758,0.24280472168453293
4243,2019-03-26 19:00:00,558.06060791,0.45896995196087376
4244,2019-03-26 20:00:00,558.000183105,0.25568554852166914
4245,2019-03-26 21:00:00,557.948181152,0.9062038915916274
4246,2019-03-26 22:00:00,557.907775879,0.22027807420934464
4247,2019-03-26 23:00:00,557.866760254,0.6037004844282876
4248,2019-03-27 00:00:00,557.832275391,0.8710787256633081
4249,2019-03-27 01:00:00,557.797851562,0.5103381933980525
4250,2019-03-27 02:00:00,557.763427734,0.44689860888889343
4251,2019-03-27 03:00:00,557.733398438,0.37313170259263684
4252,2019-03-27 04:00:00,557.698059082,0.25225966857965454
4253,2019-03-27 05:00:00,557.657165527,0.8520633512233596
4254,2019-03-27 06:00:00,557.623535156,0.6097425977529325
4255,2019-03-27 07:00:00,557.600280762,0.4282903873603545
4256,2019-03-27 08:00:00,557.570922852,0.8964789257551005
4257,2019-03-27 09:00:00,557.54510498,0.09692345027212124
4258,2019-03-27 10:00:00,557.522460938,0.20277125663133677
4259,2019-03-27 11:00:00,557.501586914,0.6442207981734674
4260,2019-03-27 12:00:00,557.484619141,0.2676036121655516
4261,2019-03-27 13:00:00,557.479370117,0.8070856108525719
4262,2019-03-27 14:00:00,557.459533691,0.25687472572649106
4263,2019-03-27 15:00:00,557.426025391,0.49303770500783384
4264,2019-03-27 16:00:00,557.372436523,0.9910580057775353
4265,2019-03-27 17:00:00,557.304016113,0.534363541936054
4266,2019-03-27 18:00:00,557.233764648,0.85740573511906
4267,2019-03-27 19:00:00,557.168029785,0.961160566477197
4268,2019-03-27 20:00:00,557.110290527,0.7850737367723263
4269,2019-03-27 21:00:00,557.06652832,0.3026228551856569
4270,2019-03-27 22:00:00,557.055053711,0.30367042551953594
4271,2019-03-27 23:00:00,557.047424316,0.3422600745329699
4272,2019-03-28 00:00:00,557.036315918,0.8403213226346945
4273,2019-03-28 01:00:00,557.030700684,0.7440564689396346
4274,2019-03-28 02:00:00,557.019592285,0.7187273655436676
4275,2019-03-28 03:00:00,557.003723145,0.4250834666106831
4276,2019-03-28 04:00:00,556.986328125,0.13899010934198364
4277,2019-03-28 05:00:00,556.975952148,0.12433623218695933
4278,2019-03-28 06:00:00,556.974731445,0.5309738491760602
4279,2019-03-28 07:00:00,556.971862793,0.17997153504019991
4280,2019-03-28 08:00:00,556.961242676,0.170257867887616
4281,2019-03-28 09:00:00,556.943847656,0.014568223877285735
4282,2019-03-28 10:00:00,556.923950195,0.9648226363516722
4283,2019-03-28 11:00:00,556.899169922,0.18221759809565685
4284,2019-03-28 12:00:00,556.874694824,0.7845922116014151
4285,2019-03-28 13:00:00,556.854614258,0.02697531395268149
4286,2019-03-28 14:00:00,556.829162598,0.1647618512958946
4287,2019-03-28 15:00:00,556.795654297,0.30625583931746414
4288,2019-03-28 16:00:00,556.744018555,0.12260083355321971
4289,2019-03-28 17:00:00,556.676025391,0.605311998464493
4290,2019-03-28 18:00:00,556.611816406,0.5869631490450337
4291,2019-03-28 19:00:00,556.549316406,0.7050225998668315
4292,2019-03-28 20:00:00,556.509277344,0.4046572323671618
4293,2019-03-28 21:00:00,556.487609863,0.8860128388636002
4294,2019-03-28 22:00:00,556.483703613,0.2946921146928121
4295,2019-03-28 23:00:00,556.483032227,0.8532201918855328
4296,2019-03-29 00:00:00,556.482421875,0.7507160076315003
4297,2019-03-29 01:00:00,556.485717773,0.1996824828035798
4298,2019-03-29 02:00:00,556.484558105,0.10483618441025655
4299,2019-03-29 03:00:00,556.477294922,0.6895780175304551
4300,2019-03-29 04:00:00,556.480102539,0.012770076568691557
4301,2019-03-29 05:00:00,556.480407715,0.4627692915987788
4302,2019-03-29 06:00:00,556.480895996,0.28048281913618467
4303,2019-03-29 07:00:00,556.480041504,0.30667612424304225
4304,2019-03-29 08:00:00,556.483215332,0.386903396772849
4305,2019-03-29 09:00:00,556.487548828,0.6506308422223432
4306,2019-03-29 10:00:00,556.491943359,0.07455564607719634
4307,2019-03-29 11:00:00,556.500671387,0.1704218820180664
4308,2019-03-29 12:00:00,556.510070801,0.6178723585707916
4309,2019-03-29 13:00:00,556.51940918,0.5154994774154941
4310,2019-03-29 14:00:00,556.523864746,0.0018398709625205845
4311,2019-03-29 15:00:00,556.521728516,0.3449363406394129
4312,2019-03-29 16:00:00,556.513366699,0.5710501378811823
4313,2019-03-29 17:00:00,556.498474121,0.7651750796086045
4314,2019-03-29 18:00:00,556.484375,0.7511571798779616
4315,2019-03-29 19:00:00,556.473083496,0.03943715779506385
4316,2019-03-29 20:00:00,556.459289551,0.39408800299934876
4317,2019-03-29 21:00:00,556.445983887,0.7791603425584346
4318,2019-03-29 22:00:00,556.433410645,0.3664604678112644
4319,2019-03-29 23:00:00,556.419616699,0.850907865350279
4320,2019-03-30 00:00:00,556.407348633,0.18347609737968218
4321,2019-03-30 01:00:00,556.97845459,0.8266693082137635
4322,2019-03-30 02:00:00,556.991638184,0.6378028676862173
4323,2019-03-30 03:00:00,557.007263184,0.415180206317741
4324,2019-03-30 04:00:00,557.032470703,0.9602301548071385
4325,2019-03-30 05:00:00,557.049621582,0.902763345723856
4326,2019-03-30 06:00:00,557.065856934,0.46667816096262327
4327,2019-03-30 07:00:00,557.091674805,0.2683231462040099
4328,2019-03-30 08:00:00,557.122009277,0.8990896490168983
4329,2019-03-30 09:00:00,557.151916504,0.08957100133897622
4330,2019-03-30 10:00:00,557.178710938,0.84386063303882
4331,2019-03-30 11:00:00,557.203308105,0.35081367474116554
4332,2019-03-30 12:00:00,557.22869873,0.6420113774379889
4333,2019-03-30 13:00:00,557.248413086,0.08248053732600935
4334,2019-03-30 14:00:00,557.25793457,0.7693914266002803
4335,2019-03-30 15:00:00,557.254943848,0.09574721368762751
4336,2019-03-30 16:00:00,557.248474121,0.8627983211871586
4337,2019-03-30 17:00:00,557.235595703,0.9070509982258192
4338,2019-03-30 18:00:00,557.221435547,0.9624570336516435
4339,2019-03-30 19:00:00,557.210266113,0.8267240542667911
4340,2019-03-30 20:00:00,557.205322266,0.71495972087659
4341,2019-03-30 21:00:00,557.211914062,0.3384262578875319
4342,2019-03-30 22:00:00,557.221557617,0.3739352985301688
4343,2019-03-30 23:00:00,557.230163574,0.2910174372021589
4344,2019-03-31 00:00:00,557.238464355,0.5891246064588482
4345,2019-03-31 01:00:00,557.246337891,0.8584825672580524
4346,2019-03-31 02:00:00,557.261047363,0.6400869803531404
4347,2019-03-31 03:00:00,557.275024414,0.19508415947823143
4348,2019-03-31 04:00:00,557.288330078,0.45814756369518705
4349,2019-03-31 05:00:00,557.299926758,0.7168888038794072
4350,2019-03-31 06:00:00,557.311340332,0.7027035777213252
4351,2019-03-31 07:00:00,557.32421875,0.8058864431701196
4352,2019-03-31 08:00:00,557.335449219,0.6575378840799373
4353,2019-03-31 09:00:00,557.341796875,0.470167302059872
4354,2019-03-31 10:00:00,557.347412109,0.21200817716682951
4355,2019-03-31 11:00:00,557.350402832,0.7527647990778183
4356,2019-03-31 12:00:00,557.350402832,0.13541899376791366
4357,2019-03-31 13:00:00,557.35168457,0.49168143002620557
4358,2019-03-31 14:00:00,557.350830078,0.6722521116634863
4359,2019-03-31 15:00:00,557.34197998,0.4502600693477682
4360,2019-03-31 16:00:00,557.687927246,0.6484075025247907
4361,2019-03-31 17:00:00,558.810241699,0.5204452555236392
4362,2019-03-31 18:00:00,558.976806641,0.08297109948719872
4363,2019-03-31 19:00:00,560.16973877,0.016435934020029852
4364,2019-03-31 20:00:00,560.511962891,0.9419892621372051
4365,2019-03-31 21:00:00,561.523498535,0.4376428643199436
4366,2019-03-31 22:00:00,561.561401367,0.34528398213616474
4367,2019-03-31 23:00:00,561.728881836,0.14208852528865434
4368,2019-04-01 00:00:00,561.854919434,0.9481311728130067
4369,2019-04-01 01:00:00,561.953979492,0.7640867288923117
4370,2019-04-01 02:00:00,561.99822998,0.455943026763457
4371,2019-04-01 03:00:00,562.099304199,0.15405208649383417
4372,2019-04-01 04:00:00,562.157836914,0.6416041231561419
4373,2019-04-01 05:00:00,562.276977539,0.9347732891649414
4374,2019-04-01 06:00:00,562.346740723,0.6173366090133444
4375,2019-04-01 07:00:00,562.430725098,0.5357109774319644
4376,2019-04-01 08:00:00,562.481323242,0.8432515689657425
4377,2019-04-01 09:00:00,562.527038574,0.3604856899584922
4378,2019-04-01 10:00:00,562.598083496,0.3692299618558561
4379,2019-04-01 11:00:00,562.654052734,0.2684640366142188
4380,2019-04-01 12:00:00,562.690734863,0.10913633881722529
4381,2019-04-01 13:00:00,562.737487793,0.7273745233918827
4382,2019-04-01 14:00:00,562.783752441,0.12027050541385742
4383,2019-04-01 15:00:00,562.799133301,0.3137256794193759
4384,2019-04-01 16:00:00,562.838134766,0.9386829580770856
4385,2019-04-01 17:00:00,562.871887207,0.9332789399883323
4386,2019-04-01 18:00:00,562.91418457,0.03764636337601035
4387,2019-04-01 19:00:00,563.92364502,0.4142556391147951
4388,2019-04-01 20:00:00,564.335388184,0.16556792589578073
4389,2019-04-01 21:00:00,564.421325684,0.204516825294211
4390,2019-04-01 22:00:00,564.493286133,0.9816356499064116
4391,2019-04-01 23:00:00,564.56854248,0.829801529352689
4392,2019-04-02 00:00:00,564.61932373,0.18758647915756943
4393,2019-04-02 01:00:00,564.634216309,0.7243649291969688
4394,2019-04-02 02:00:00,564.650756836,0.1260332589749612
4395,2019-04-02 03:00:00,564.675964355,0.4176505165202917
4396,2019-04-02 04:00:00,564.712646484,0.17936903440303342
4397,2019-04-02 05:00:00,564.754150391,0.8335338527175317
4398,2019-04-02 06:00:00,564.805053711,0.39354991158719077
4399,2019-04-02 07:00:00,564.847351074,0.3618474698471692
4400,2019-04-02 08:00:00,564.899902344,0.8705707180693008
4401,2019-04-02 09:00:00,564.955871582,0.5276497326749905
4402,2019-04-02 10:00:00,565.006408691,0.7931337681959844
4403,2019-04-02 11:00:00,565.042114258,0.25954581832774315
4404,2019-04-02 12:00:00,565.069335938,0.9640807845691903
4405,2019-04-02 13:00:00,565.107666016,0.8613355731257859
4406,2019-04-02 14:00:00,565.143981934,0.7610977923557939
4407,2019-04-02 15:00:00,565.166992188,0.5785506235790743
4408,2019-04-02 16:00:00,565.168151855,0.15165502729779468
4409,2019-04-02 17:00:00,565.188720703,0.8009019325918497
4410,2019-04-02 18:00:00,565.217163086,0.36101677484866024
4411,2019-04-02 19:00:00,565.243774414,0.37998789756907847
4412,2019-04-02 20:00:00,565.267028809,0.07688747019880082
4413,2019-04-02 21:00:00,565.285766602,0.6225782590306621
4414,2019-04-02 22:00:00,565.298400879,0.7667753868932343
4415,2019-04-02 23:00:00,565.298461914,0.2829904883796346
4416,2019-04-03 00:00:00,565.295532227,0.0843988997554389
4417,2019-04-03 01:00:00,565.300720215,0.6204290717919989
4418,2019-04-03 02:00:00,565.307006836,0.5259576077545924
4419,2019-04-03 03:00:00,565.306152344,0.04274088693971034
4420,2019-04-03 04:00:00,565.301635742,0.5698020068757427
4421,2019-04-03 05:00:00,565.29309082,0.9636288250188741
4422,2019-04-03 06:00:00,565.285827637,0.72333421206834
4423,2019-04-03 07:00:00,565.283569336,0.7745232297283238
4424,2019-04-03 08:00:00,565.28125,0.29937173431597996
4425,2019-04-03 09:00:00,565.283508301,0.73932418953729
4426,2019-04-03 10:00:00,565.283325195,0.2750840261470643
4427,2019-04-03 11:00:00,565.281677246,0.9789569163090465
4428,2019-04-03 12:00:00,565.28527832,0.44278755471030373
4429,2019-04-03 13:00:00,565.286804199,0.8659171178596847
4430,2019-04-03 14:00:00,565.282409668,0.008336400481055217
4431,2019-04-03 15:00:00,565.746948242,0.5426114699638124
4432,2019-04-03 16:00:00,565.746520996,0.9814404131706934
4433,2019-04-03 17:00:00,566.268005371,0.4616604576238963
4434,2019-04-03 18:00:00,566.315490723,0.9627071023493436
4435,2019-04-03 19:00:00,566.895080566,0.35328556138986733
4436,2019-04-03 20:00:00,567.133483887,0.08341313146348739
4437,2019-04-03 21:00:00,567.927978516,0.3216213976683606
4438,2019-04-03 22:00:00,568.217285156,0.4936389731477345
4439,2019-04-03 23:00:00,568.256286621,0.05072708101313983
4440,2019-04-04 00:00:00,568.3359375,0.9319657776558657
4441,2019-04-04 01:00:00,568.46295166,0.7321546742135805
4442,2019-04-04 02:00:00,568.58013916,0.953316404605189
4443,2019-04-04 03:00:00,568.618652344,0.2469259143958228
4444,2019-04-04 04:00:00,568.645141602,0.9818633123312696
4445,2019-04-04 05:00:00,568.663574219,0.8646744084354343
4446,2019-04-04 06:00:00,568.683044434,0.5668154006722015
4447,2019-04-04 07:00:00,568.699279785,0.8563623461711086
4448,2019-04-04 08:00:00,568.742919922,0.1954433007788703
4449,2019-04-04 09:00:00,568.776733398,0.47525133525780205
4450,2019-04-04 10:00:00,568.813415527,0.0478960068638129
4451,2019-04-04 11:00:00,568.823852539,0.4838117619655997
4452,2019-04-04 12:00:00,568.837280273,0.3370861471045542
4453,2019-04-04 13:00:00,568.854675293,0.17187656694642728
4454,2019-04-04 14:00:00,568.861328125,0.8878636852048705
4455,2019-04-04 15:00:00,568.881286621,0.9267706362441627
4456,2019-04-04 16:00:00,568.879760742,0.026661616673733013
4457,2019-04-04 17:00:00,568.916320801,0.7450942725638702
4458,2019-04-04 18:00:00,568.976501465,0.9160555645594141
4459,2019-04-04 19:00:00,569.03503418,0.8750027925956351
4460,2019-04-04 20:00:00,569.082641602,0.9975564360267422
4461,2019-04-04 21:00:00,569.131530762,0.04101289419347165
4462,2019-04-04 22:00:00,569.159423828,0.8044153696018435
4463,2019-04-04 23:00:00,569.182739258,0.4038776744586162
4464,2019-04-05 00:00:00,569.201782227,0.18316801472094157
4465,2019-04-05 01:00:00,569.214782715,0.8284398263043232
4466,2019-04-05 02:00:00,569.229370117,0.813282066389693
4467,2019-04-05 03:00:00,569.24230957,0.3115122625003426
4468,2019-04-05 04:00:00,569.247741699,0.40627798644073065
4469,2019-04-05 05:00:00,569.248535156,0.25280211944828457
4470,2019-04-05 06:00:00,569.249389648,0.6926700143246419
4471,2019-04-05 07:00:00,569.254882812,0.760791052545251
4472,2019-04-05 08:00:00,569.254333496,0.11876518821031268
4473,2019-04-05 09:00:00,569.254455566,0.07099481146645958
4474,2019-04-05 10:00:00,569.250915527,0.38949901730815883
4475,2019-04-05 11:00:00,569.24420166,0.2554407002614346
4476,2019-04-05 12:00:00,569.241760254,0.35360112031545166
4477,2019-04-05 13:00:00,569.244262695,0.06230756307137375
4478,2019-04-05 14:00:00,569.230041504,0.9426363020003943
4479,2019-04-05 15:00:00,569.208007812,0.6912881435732063
4480,2019-04-05 16:00:00,569.170410156,0.36627688432826977
4481,2019-04-05 17:00:00,569.124633789,0.4391876515555492
4482,2019-04-05 18:00:00,569.076599121,0.44810386015445325
4483,2019-04-05 19:00:00,569.042785645,0.9412210982011017
4484,2019-04-05 20:00:00,569.022155762,0.8790153408331507
4485,2019-04-05 21:00:00,569.012145996,0.6741333171405651
4486,2019-04-05 22:00:00,569.005859375,0.5729770626927382
4487,2019-04-05 23:00:00,568.996765137,0.7630280493974221
4488,2019-04-06 00:00:00,568.992980957,0.04919566308421486
4489,2019-04-06 01:00:00,568.984375,0.6493224748248846
4490,2019-04-06 02:00:00,568.972167969,0.621550048555496
4491,2019-04-06 03:00:00,568.961242676,0.30936555440313995
4492,2019-04-06 04:00:00,568.946472168,0.9206490188219429
4493,2019-04-06 05:00:00,568.930969238,0.23377512600689376
4494,2019-04-06 06:00:00,568.915771484,0.46013518141146226
4495,2019-04-06 07:00:00,568.906921387,0.2683698559466685
4496,2019-04-06 08:00:00,568.909545898,0.1026918944273062
4497,2019-04-06 09:00:00,568.916931152,0.9970489061080168
4498,2019-04-06 10:00:00,568.924072266,0.6767096506624423
4499,2019-04-06 11:00:00,568.931274414,0.2638838790772938
4500,2019-04-06 12:00:00,568.939697266,0.02974536158286334
4501,2019-04-06 13:00:00,568.946838379,0.28168801720047354
4502,2019-04-06 14:00:00,568.950622559,0.8083861958735561
4503,2019-04-06 15:00:00,568.951660156,0.6426243611257099
4504,2019-04-06 16:00:00,568.94708252,0.9382552614680898
4505,2019-04-06 17:00:00,568.937255859,0.9953666714926029
4506,2019-04-06 18:00:00,568.919555664,0.14941053782232572
4507,2019-04-06 19:00:00,568.903564453,0.5901254900421832
4508,2019-04-06 20:00:00,568.891540527,0.679020562654324
4509,2019-04-06 21:00:00,568.889526367,0.10556483179094422
4510,2019-04-06 22:00:00,568.888305664,0.629482208874676
4511,2019-04-06 23:00:00,568.895751953,0.465369249701881
4512,2019-04-07 00:00:00,568.909484863,0.04673372238154172
4513,2019-04-07 01:00:00,568.922485352,0.9882151766236897
4514,2019-04-07 02:00:00,568.936218262,0.6195828137404464
4515,2019-04-07 03:00:00,568.9453125,0.344327915677233
4516,2019-04-07 04:00:00,568.952270508,0.9624127102157624
4517,2019-04-07 05:00:00,568.963623047,0.41185086524485703
4518,2019-04-07 06:00:00,568.975708008,0.14403570261089915
4519,2019-04-07 07:00:00,568.989013672,0.10806356383107407
4520,2019-04-07 08:00:00,569.001281738,0.42889382474300575
4521,2019-04-07 09:00:00,569.008789062,0.9078453562118428
4522,2019-04-07 10:00:00,569.013427734,0.23988724231432446
4523,2019-04-07 11:00:00,569.010742188,0.8324974375384695
4524,2019-04-07 12:00:00,569.016540527,0.37170853027013395
4525,2019-04-07 13:00:00,569.026611328,0.3093200383288899
4526,2019-04-07 14:00:00,569.030578613,0.4086949022099059
4527,2019-04-07 15:00:00,569.024536133,0.3197825556094037
4528,2019-04-07 16:00:00,569.005737305,0.8593357904179363
4529,2019-04-07 17:00:00,568.986877441,0.5060998172962411
4530,2019-04-07 18:00:00,568.965942383,0.2318026810161513
4531,2019-04-07 19:00:00,568.94519043,0.9729643601147139
4532,2019-04-07 20:00:00,568.920288086,0.7189194476907778
4533,2019-04-07 21:00:00,568.922546387,0.7675898003008539
4534,2019-04-07 22:00:00,568.930725098,0.2715354164474344
4535,2019-04-07 23:00:00,568.934265137,0.2699608201283109
4536,2019-04-08 00:00:00,568.931030273,0.42215125911062734
4537,2019-04-08 01:00:00,568.93927002,0.5626116057710282
4538,2019-04-08 02:00:00,568.949157715,0.3698732611783875
4539,2019-04-08 03:00:00,568.933837891,0.6304197555379161
4540,2019-04-08 04:00:00,568.91583252,0.09665178775003913
4541,2019-04-08 05:00:00,568.921142578,0.028193698393627398
4542,2019-04-08 06:00:00,568.928527832,0.08909004164862311
4543,2019-04-08 07:00:00,568.939208984,0.3994989618070156
4544,2019-04-08 08:00:00,568.936706543,0.038075611594950765
4545,2019-04-08 09:00:00,568.927062988,0.4660687119831243
4546,2019-04-08 10:00:00,568.932739258,0.6678747501143056
4547,2019-04-08 11:00:00,568.941772461,0.9583472188895027
4548,2019-04-08 12:00:00,568.951293945,0.12970588856247767
4549,2019-04-08 13:00:00,568.945251465,0.2875518647464934
4550,2019-04-08 14:00:00,568.933837891,0.03100302527546228
4551,2019-04-08 15:00:00,568.908752441,0.2415138744845987
4552,2019-04-08 16:00:00,568.874084473,0.5723034089887723
4553,2019-04-08 17:00:00,568.847351074,0.06507584047021753
4554,2019-04-08 18:00:00,568.821166992,0.5688520932679346
4555,2019-04-08 19:00:00,568.805419922,0.7172032185551962
4556,2019-04-08 20:00:00,568.797851562,0.42081530193543837
4557,2019-04-08 21:00:00,568.801452637,0.7311376679071424
4558,2019-04-08 22:00:00,568.809082031,0.31966841860148953
4559,2019-04-08 23:00:00,568.816162109,0.3831388397723636
4560,2019-04-09 00:00:00,568.814086914,0.5258908661680295
4561,2019-04-09 01:00:00,568.806091309,0.1566527124794621
4562,2019-04-09 02:00:00,568.798522949,0.45675536466977584
4563,2019-04-09 03:00:00,568.804504395,0.2884364076202369
4564,2019-04-09 04:00:00,568.811950684,0.2793459967346491
4565,2019-04-09 05:00:00,568.818481445,0.19893761441954572
4566,2019-04-09 06:00:00,568.825256348,0.38025343347879226
4567,2019-04-09 07:00:00,568.822998047,0.7915986663269573
4568,2019-04-09 08:00:00,568.813903809,0.06920952811758962
4569,2019-04-09 09:00:00,568.792419434,0.35183448995652455
4570,2019-04-09 10:00:00,568.760986328,0.8530265300918554
4571,2019-04-09 11:00:00,568.741271973,0.3866362379085041
4572,2019-04-09 12:00:00,568.713928223,0.1311639715959988
4573,2019-04-09 13:00:00,568.690124512,0.4601460389598545
4574,2019-04-09 14:00:00,568.648254395,0.5740035589747523
4575,2019-04-09 15:00:00,568.594604492,0.565154170975076
4576,2019-04-09 16:00:00,568.52734375,0.5407921816050397
4577,2019-04-09 17:00:00,568.451477051,0.747571447925214
4578,2019-04-09 18:00:00,568.375793457,0.8724954435477466
4579,2019-04-09 19:00:00,568.315246582,0.12118704520508383
4580,2019-04-09 20:00:00,568.262573242,0.4784999361647627
4581,2019-04-09 21:00:00,568.237854004,0.5588037183216666
4582,2019-04-09 22:00:00,568.237182617,0.9377737910941124
4583,2019-04-09 23:00:00,568.226135254,0.03531149920924992
4584,2019-04-10 00:00:00,568.202209473,0.6451590905082493
4585,2019-04-10 01:00:00,568.17364502,0.5057533824978314
4586,2019-04-10 02:00:00,568.156921387,0.19641936500086565
4587,2019-04-10 03:00:00,568.14263916,0.6462136681985908
4588,2019-04-10 04:00:00,568.12097168,0.7205503770042634
4589,2019-04-10 05:00:00,568.102294922,0.6250705084929767
4590,2019-04-10 06:00:00,568.118164062,0.7980467509397492
4591,2019-04-10 07:00:00,568.083190918,0.955912019013999
4592,2019-04-10 08:00:00,568.070983887,0.20541250416099965
4593,2019-04-10 09:00:00,568.050964355,0.16355480284367718
4594,2019-04-10 10:00:00,568.034423828,0.7971142323788136
4595,2019-04-10 11:00:00,568.043395996,0.15306383059441375
4596,2019-04-10 12:00:00,568.022399902,0.934542274632632
4597,2019-04-10 13:00:00,568.006774902,0.7755782598280035
4598,2019-04-10 14:00:00,568.124267578,0.5982827708499033
4599,2019-04-10 15:00:00,568.190612793,0.5554186035656486
4600,2019-04-10 16:00:00,568.248413086,0.8719574061078662
4601,2019-04-10 17:00:00,569.756286621,0.6019051385996224
4602,2019-04-10 18:00:00,570.576538086,0.5655279840730616
4603,2019-04-10 19:00:00,572.377807617,0.7112864455333626
4604,2019-04-10 20:00:00,573.992431641,0.3287839844236249
4605,2019-04-10 21:00:00,575.155456543,0.008685324686254159
4606,2019-04-10 22:00:00,576.273681641,0.02498268721652319
4607,2019-04-10 23:00:00,577.491455078,0.31090645627600433
4608,2019-04-11 00:00:00,578.169189453,0.5176406566933772
4609,2019-04-11 01:00:00,579.376464844,0.19174830246377017
4610,2019-04-11 02:00:00,580.091064453,0.34039748435955086
4611,2019-04-11 03:00:00,580.489929199,0.6166013996660893
4612,2019-04-11 04:00:00,580.910888672,0.2005643254238465
4613,2019-04-11 05:00:00,581.134155273,0.7077042804482803
4614,2019-04-11 06:00:00,581.390441895,0.36377197141000084
4615,2019-04-11 07:00:00,581.545959473,0.11923787257501317
4616,2019-04-11 08:00:00,581.657592773,0.8985095992556374
4617,2019-04-11 09:00:00,581.761230469,0.6599110559491823
4618,2019-04-11 10:00:00,581.833984375,0.054993994109058475
4619,2019-04-11 11:00:00,581.85559082,0.9867995937451052
4620,2019-04-11 12:00:00,581.872253418,0.4927849266286316
4621,2019-04-11 13:00:00,581.902709961,0.8058275112551359
4622,2019-04-11 14:00:00,581.931762695,0.9367164670708287
4623,2019-04-11 15:00:00,581.955444336,0.6934911353865585
4624,2019-04-11 16:00:00,581.981506348,0.5018418885490229
4625,2019-04-11 17:00:00,582.014648438,0.4964780123760578
4626,2019-04-11 18:00:00,582.050292969,0.10410032885574727
4627,2019-04-11 19:00:00,582.079162598,0.26273025715496023
4628,2019-04-11 20:00:00,582.115356445,0.19693688338107074
4629,2019-04-11 21:00:00,582.165649414,0.5770499090672098
4630,2019-04-11 22:00:00,582.231689453,0.02811624827971837
4631,2019-04-11 23:00:00,582.297119141,0.32024431789067787
4632,2019-04-12 00:00:00,582.356018066,0.5450028100685715
4633,2019-04-12 01:00:00,582.396728516,0.9927757025754224
4634,2019-04-12 02:00:00,582.413269043,0.06619002888897396
4635,2019-04-12 03:00:00,582.445800781,0.9964015980602866
4636,2019-04-12 04:00:00,582.468444824,0.8166362661012309
4637,2019-04-12 05:00:00,583.42175293,0.2995015565578313
4638,2019-04-12 06:00:00,584.416137695,0.04968035376168278
4639,2019-04-12 07:00:00,584.480773926,0.18273647343363442
4640,2019-04-12 08:00:00,585.46875,0.09032092839662731
4641,2019-04-12 09:00:00,585.582946777,0.6344599581112891
4642,2019-04-12 10:00:00,585.731445312,0.7749425989458899
4643,2019-04-12 11:00:00,585.774169922,0.6942809835226408
4644,2019-04-12 12:00:00,586.741699219,0.2898085711612517
4645,2019-04-12 13:00:00,586.899475098,0.3085780204013294
4646,2019-04-12 14:00:00,587.023376465,0.3342615060416835
4647,2019-04-12 15:00:00,587.178710938,0.4147966465612275
4648,2019-04-12 16:00:00,587.231872559,0.2158725202751951
4649,2019-04-12 17:00:00,587.27557373,0.47125627323268426
4650,2019-04-12 18:00:00,587.307373047,0.49085961023107305
4651,2019-04-12 19:00:00,587.337768555,0.2954080887902759
4652,2019-04-12 20:00:00,587.388671875,0.380899161544461
4653,2019-04-12 21:00:00,587.461242676,0.6776680169013797
4654,2019-04-12 22:00:00,587.511413574,0.3832307513012756
4655,2019-04-12 23:00:00,587.551208496,0.1610508337199127
4656,2019-04-13 00:00:00,587.584655762,0.3755611657392347
4657,2019-04-13 01:00:00,587.609191895,0.05496457688199263
4658,2019-04-13 02:00:00,587.621398926,0.7075573014516644
4659,2019-04-13 03:00:00,587.639892578,0.8940080072178263
4660,2019-04-13 04:00:00,587.654418945,0.30175325218962235
4661,2019-04-13 05:00:00,587.704833984,0.26162553089216467
4662,2019-04-13 06:00:00,587.812683105,0.2632045045614728
4663,2019-04-13 07:00:00,587.909667969,0.8120781669887698
4664,2019-04-13 08:00:00,587.963134766,0.3982100040169273
4665,2019-04-13 09:00:00,588.012023926,0.4156498164520325
4666,2019-04-13 10:00:00,588.05480957,0.8930268885703817
4667,2019-04-13 11:00:00,588.095214844,0.3628708184644034
4668,2019-04-13 12:00:00,588.122070312,0.27245912643186676
4669,2019-04-13 13:00:00,588.161437988,0.9203664194031352
4670,2019-04-13 14:00:00,588.189819336,0.6866890977831758
4671,2019-04-13 15:00:00,588.209899902,0.5969834449227379
4672,2019-04-13 16:00:00,588.217102051,0.1652609030119384
4673,2019-04-13 17:00:00,588.219238281,0.4692798752523095
4674,2019-04-13 18:00:00,588.226623535,0.9870571409631113
4675,2019-04-13 19:00:00,588.235839844,0.9242417228708308
4676,2019-04-13 20:00:00,588.243041992,0.09709211437932719
4677,2019-04-13 21:00:00,588.281982422,0.6849959027795374
4678,2019-04-13 22:00:00,588.29510498,0.14089360984637045
4679,2019-04-13 23:00:00,588.310058594,0.31265968000724087
4680,2019-04-14 00:00:00,588.330200195,0.6208003632282824
4681,2019-04-14 01:00:00,588.352355957,0.9669758819923568
4682,2019-04-14 02:00:00,588.373535156,0.6201625027889724
4683,2019-04-14 03:00:00,588.392333984,0.9481281705101896
4684,2019-04-14 04:00:00,588.406677246,0.07541660189461141
4685,2019-04-14 05:00:00,588.424255371,0.6833360601137999
4686,2019-04-14 06:00:00,588.439819336,0.7948266565064275
4687,2019-04-14 07:00:00,588.45690918,0.9192018917705532
4688,2019-04-14 08:00:00,588.470825195,0.6010522892888969
4689,2019-04-14 09:00:00,588.483764648,0.16977535832459467
4690,2019-04-14 10:00:00,588.495239258,0.4313668095167976
4691,2019-04-14 11:00:00,588.506469727,0.2702676910249232
4692,2019-04-14 12:00:00,588.517333984,0.8806348943947758
4693,2019-04-14 13:00:00,588.524902344,0.2986940159229725
4694,2019-04-14 14:00:00,588.530761719,0.7924229611498209
4695,2019-04-14 15:00:00,588.529296875,0.13447551811136926
4696,2019-04-14 16:00:00,588.519836426,0.24426153451669286
4697,2019-04-14 17:00:00,588.510437012,0.8887225276764843
4698,2019-04-14 18:00:00,588.499389648,0.5215118611376311
4699,2019-04-14 19:00:00,588.485778809,0.85293516746731
4700,2019-04-14 20:00:00,588.467895508,0.4777574046501355
4701,2019-04-14 21:00:00,588.46496582,0.29991761822662366
4702,2019-04-14 22:00:00,588.473693848,0.20555714100370304
4703,2019-04-14 23:00:00,588.476501465,0.12425788690713424
4704,2019-04-15 00:00:00,588.469360352,0.24836635226569526
4705,2019-04-15 01:00:00,588.941894531,0.7898582713848629
4706,2019-04-15 02:00:00,588.966674805,0.22859733223289103
4707,2019-04-15 03:00:00,588.983276367,0.5663060436633265
4708,2019-04-15 04:00:00,588.99017334,0.84810846892664
4709,2019-04-15 05:00:00,588.99041748,0.5236046627449199
4710,2019-04-15 06:00:00,588.982849121,0.8846079272127955
4711,2019-04-15 07:00:00,588.978027344,0.407677666951062
4712,2019-04-15 08:00:00,588.967712402,0.7994426232685096
4713,2019-04-15 09:00:00,588.955078125,0.5081184649318338
4714,2019-04-15 10:00:00,588.94317627,0.07365944935483482
4715,2019-04-15 11:00:00,588.937438965,0.4887478365490767
4716,2019-04-15 12:00:00,588.930664062,0.13687902459657175
4717,2019-04-15 13:00:00,588.921264648,0.872298781475861
4718,2019-04-15 14:00:00,588.907592773,0.016328876012797644
4719,2019-04-15 15:00:00,588.887145996,0.7630338259259786
4720,2019-04-15 16:00:00,588.85760498,0.7892620972522728
4721,2019-04-15 17:00:00,588.816040039,0.31491985608812545
4722,2019-04-15 18:00:00,588.770629883,0.3733522211197776
4723,2019-04-15 19:00:00,588.722717285,0.10941800795437484
4724,2019-04-15 20:00:00,588.681152344,0.46379639310054577
4725,2019-04-15 21:00:00,588.650146484,0.6295839585275057
4726,2019-04-15 22:00:00,588.625366211,0.7523938815548975
4727,2019-04-15 23:00:00,588.588867188,0.1699515515960982
4728,2019-04-16 00:00:00,588.556152344,0.6800285730108642
4729,2019-04-16 01:00:00,588.519958496,0.9643550541705281
4730,2019-04-16 02:00:00,588.490722656,0.8286450501228639
4731,2019-04-16 03:00:00,588.455932617,0.5672709418595567
4732,2019-04-16 04:00:00,588.411132812,0.6896853168440634
4733,2019-04-16 05:00:00,588.367797852,0.5716151766650889
4734,2019-04-16 06:00:00,588.333740234,0.4178937395977086
4735,2019-04-16 07:00:00,588.301879883,0.5276259077062135
4736,2019-04-16 08:00:00,588.269958496,0.8034328799194197
4737,2019-04-16 09:00:00,588.24822998,0.7615878981844424
4738,2019-04-16 10:00:00,588.235412598,0.27151366662053644
4739,2019-04-16 11:00:00,588.221679688,0.9634597111403358
4740,2019-04-16 12:00:00,588.20703125,0.4341294369443993
4741,2019-04-16 13:00:00,588.196960449,0.5942197499079099
4742,2019-04-16 14:00:00,588.187927246,0.8582731418208001
4743,2019-04-16 15:00:00,588.172119141,0.17057412942235495
4744,2019-04-16 16:00:00,588.147094727,0.5384620492346586
4745,2019-04-16 17:00:00,588.118347168,0.9489029098605788
4746,2019-04-16 18:00:00,588.08807373,0.45165983543154875
4747,2019-04-16 19:00:00,588.053466797,0.42125115247190936
4748,2019-04-16 20:00:00,588.026062012,0.8135378842151294
4749,2019-04-16 21:00:00,588.00970459,0.8617614284302679
4750,2019-04-16 22:00:00,588.001098633,0.5863244812383033
4751,2019-04-16 23:00:00,587.989562988,0.23112711832803712
4752,2019-04-17 00:00:00,587.978820801,0.7948752543924631
4753,2019-04-17 01:00:00,587.969238281,0.8017436928781969
4754,2019-04-17 02:00:00,587.956848145,0.5479594557101136
4755,2019-04-17 03:00:00,587.943603516,0.6101334540027232
4756,2019-04-17 04:00:00,587.93572998,0.34869659929335084
4757,2019-04-17 05:00:00,587.941040039,0.4037845481519009
4758,2019-04-17 06:00:00,587.948547363,0.32527666690096224
4759,2019-04-17 07:00:00,587.957824707,0.5068313102028132
4760,2019-04-17 08:00:00,587.971374512,0.9023926606733951
4761,2019-04-17 09:00:00,587.975280762,0.6269152635427409
4762,2019-04-17 10:00:00,587.985168457,0.39627947089015036
4763,2019-04-17 11:00:00,587.996398926,0.07039629280728898
4764,2019-04-17 12:00:00,588.009399414,0.8089278113210033
4765,2019-04-17 13:00:00,588.008422852,0.07112873500566097
4766,2019-04-17 14:00:00,587.997375488,0.10733861376875597
4767,2019-04-17 15:00:00,587.983276367,0.02476703643721967
4768,2019-04-17 16:00:00,587.963867188,0.30652074597941115
4769,2019-04-17 17:00:00,587.945800781,0.40607220161116087
4770,2019-04-17 18:00:00,587.920410156,0.2985764527760719
4771,2019-04-17 19:00:00,587.899902344,0.15748428934974046
4772,2019-04-17 20:00:00,587.883178711,0.9398318252248907
4773,2019-04-17 21:00:00,587.884887695,0.5300734481065918
4774,2019-04-17 22:00:00,587.883972168,0.9256831947612946
4775,2019-04-17 23:00:00,587.886474609,0.2537513961778244
4776,2019-04-18 00:00:00,587.883056641,0.4154447950756909
4777,2019-04-18 01:00:00,587.891845703,0.17487583709061705
4778,2019-04-18 02:00:00,587.905456543,0.4359488733721325
4779,2019-04-18 03:00:00,587.917114258,0.1452884241552801
4780,2019-04-18 04:00:00,587.92956543,0.8438405707917627
4781,2019-04-18 05:00:00,587.941223145,0.15208374080685771
4782,2019-04-18 06:00:00,587.951477051,0.40063233269552156
4783,2019-04-18 07:00:00,587.960388184,0.4968289397829425
4784,2019-04-18 08:00:00,587.965209961,0.8888927784139232
4785,2019-04-18 09:00:00,587.965820312,0.8380682201585606
4786,2019-04-18 10:00:00,587.963745117,0.7492531927659517
4787,2019-04-18 11:00:00,587.970092773,0.477041164048953
4788,2019-04-18 12:00:00,587.979919434,0.37695106335028494
4789,2019-04-18 13:00:00,587.981872559,0.9335621887419515
4790,2019-04-18 14:00:00,587.967773438,0.8777615496397622
4791,2019-04-18 15:00:00,587.951965332,0.7025526917550619
4792,2019-04-18 16:00:00,587.924133301,0.12273944525954006
4793,2019-04-18 17:00:00,587.86505127,0.3071160109793958
4794,2019-04-18 18:00:00,587.809814453,0.8627370666785249
4795,2019-04-18 19:00:00,587.755554199,0.8506042815675537
4796,2019-04-18 20:00:00,587.714477539,0.46571417895507894
4797,2019-04-18 21:00:00,587.684020996,0.7101829925275649
4798,2019-04-18 22:00:00,587.690002441,0.19157473798608982
4799,2019-04-18 23:00:00,587.695739746,0.8116390787176119
4800,2019-04-19 00:00:00,587.703857422,0.29088696418523374
4801,2019-04-19 01:00:00,587.709655762,0.5046479211249206
4802,2019-04-19 02:00:00,587.71496582,0.6173123840425622
4803,2019-04-19 03:00:00,587.723022461,0.9025588755157042
4804,2019-04-19 04:00:00,587.732116699,0.9076548691418284
4805,2019-04-19 05:00:00,587.741333008,0.5231418827850303
4806,2019-04-19 06:00:00,587.75012207,0.47281914348648846
4807,2019-04-19 07:00:00,587.758850098,0.141587482643311
4808,2019-04-19 08:00:00,587.768005371,0.8149768937892173
4809,2019-04-19 09:00:00,587.774597168,0.13104808032464943
4810,2019-04-19 10:00:00,587.782653809,0.28851783196197656
4811,2019-04-19 11:00:00,587.785888672,0.9430531046146937
4812,2019-04-19 12:00:00,587.786682129,0.9684245949570561
4813,2019-04-19 13:00:00,587.783447266,0.47899895582570495
4814,2019-04-19 14:00:00,587.781677246,0.5634667538822543
4815,2019-04-19 15:00:00,587.774108887,0.6056836826410595
4816,2019-04-19 16:00:00,587.753112793,0.14498644390297621
4817,2019-04-19 17:00:00,587.722900391,0.19777450207406977
4818,2019-04-19 18:00:00,587.694030762,0.35204776414076877
4819,2019-04-19 19:00:00,587.668701172,0.2621839875140598
4820,2019-04-19 20:00:00,587.660888672,0.7937420600420917
4821,2019-04-19 21:00:00,587.659729004,0.9976106334652904
4822,2019-04-19 22:00:00,587.659790039,0.07155805873362009
4823,2019-04-19 23:00:00,587.66027832,0.36604155326260135
4824,2019-04-20 00:00:00,587.663269043,0.6944412083569834
4825,2019-04-20 01:00:00,587.668518066,0.04130740490786122
4826,2019-04-20 02:00:00,587.669250488,0.09378552043237087
4827,2019-04-20 03:00:00,587.671691895,0.9458166344877476
4828,2019-04-20 04:00:00,587.672058105,0.20308593069328418
4829,2019-04-20 05:00:00,587.667663574,0.6494221501791497
4830,2019-04-20 06:00:00,587.660705566,0.42703260879528204
4831,2019-04-20 07:00:00,587.632202148,0.5781012651613828
4832,2019-04-20 08:00:00,587.625610352,0.698007273261536
4833,2019-04-20 09:00:00,587.620239258,0.44825180998759606
4834,2019-04-20 10:00:00,587.616455078,0.3121867027848314
4835,2019-04-20 11:00:00,587.612854004,0.8678383225598699
4836,2019-04-20 12:00:00,587.60760498,0.07160852573065779
4837,2019-04-20 13:00:00,587.604553223,0.8877554956707784
4838,2019-04-20 14:00:00,587.600585938,0.7891279935078664
4839,2019-04-20 15:00:00,587.580200195,0.14977601020969722
4840,2019-04-20 16:00:00,587.538879395,0.29224513286663756
4841,2019-04-20 17:00:00,587.466003418,0.7087669620006716
4842,2019-04-20 18:00:00,587.392944336,0.4299392837716013
4843,2019-04-20 19:00:00,587.327880859,0.2898345206571775
4844,2019-04-20 20:00:00,587.278320312,0.5488573866934966
4845,2019-04-20 21:00:00,587.2421875,0.05972923801198471
4846,2019-04-20 22:00:00,587.222717285,0.5057081659018844
4847,2019-04-20 23:00:00,587.210205078,0.49198867858859363
4848,2019-04-21 00:00:00,587.211975098,0.60277902995622
4849,2019-04-21 01:00:00,587.216125488,0.23238465654129936
4850,2019-04-21 02:00:00,587.205688477,0.35140790767798924
4851,2019-04-21 03:00:00,587.184692383,0.2940592093256842
4852,2019-04-21 04:00:00,587.162109375,0.64138433709928
4853,2019-04-21 05:00:00,587.131408691,0.49050441853350957
4854,2019-04-21 06:00:00,587.104431152,0.5877455750289329
4855,2019-04-21 07:00:00,587.075317383,0.7988245626790361
4856,2019-04-21 08:00:00,587.053222656,0.7581430619817997
4857,2019-04-21 09:00:00,587.03527832,0.948354401665435
4858,2019-04-21 10:00:00,587.026000977,0.9924107771762256
4859,2019-04-21 11:00:00,587.016174316,0.22942750913883403
4860,2019-04-21 12:00:00,587.023071289,0.04026820935016906
4861,2019-04-21 13:00:00,587.022033691,0.9666280626914433
4862,2019-04-21 14:00:00,587.018920898,0.40888844881863395
4863,2019-04-21 15:00:00,587.007324219,0.305266830214149
4864,2019-04-21 16:00:00,586.986328125,0.33618471912902326
4865,2019-04-21 17:00:00,586.952026367,0.33572043403968455
4866,2019-04-21 18:00:00,586.908996582,0.33859277873609983
4867,2019-04-21 19:00:00,586.85760498,0.2473087851574567
4868,2019-04-21 20:00:00,586.820007324,0.3033559799884761
4869,2019-04-21 21:00:00,586.81048584,0.5386653690908292
4870,2019-04-21 22:00:00,586.814147949,0.24326424854308626
4871,2019-04-21 23:00:00,586.813476562,0.883035249432332
4872,2019-04-22 00:00:00,586.803588867,0.6387701106998892
4873,2019-04-22 01:00:00,586.779174805,0.1329460486400511
4874,2019-04-22 02:00:00,586.776855469,0.1845320929311779
4875,2019-04-22 03:00:00,586.775878906,0.36553430964099065
4876,2019-04-22 04:00:00,586.772033691,0.6414886816694395
4877,2019-04-22 05:00:00,586.77154541,0.2399772763185004
4878,2019-04-22 06:00:00,586.771240234,0.5606937940581074
4879,2019-04-22 07:00:00,586.772216797,0.35859205049278975
4880,2019-04-22 08:00:00,586.772705078,0.2657464410297824
4881,2019-04-22 09:00:00,586.776245117,0.2449770384438571
4882,2019-04-22 10:00:00,586.780822754,0.1729943482535381
4883,2019-04-22 11:00:00,586.78338623,0.026500660802717624
4884,2019-04-22 12:00:00,586.781311035,0.07833862073154985
4885,2019-04-22 13:00:00,586.774169922,0.8766642652417013
4886,2019-04-22 14:00:00,586.772155762,0.5820923303902638
4887,2019-04-22 15:00:00,586.758422852,0.8731070614298169
4888,2019-04-22 16:00:00,586.723510742,0.04025894329940838
4889,2019-04-22 17:00:00,586.69519043,0.1997249061243045
4890,2019-04-22 18:00:00,586.67565918,0.2298630626900603
4891,2019-04-22 19:00:00,586.660583496,0.63176818058232
4892,2019-04-22 20:00:00,586.655334473,0.22273202188875518
4893,2019-04-22 21:00:00,586.647460938,0.8319009512822934
4894,2019-04-22 22:00:00,586.63458252,0.5720463901923362
4895,2019-04-22 23:00:00,586.624328613,0.8317880029800747
4896,2019-04-23 00:00:00,586.626098633,0.9670779155183988
4897,2019-04-23 01:00:00,586.63079834,0.9376625379294687
4898,2019-04-23 02:00:00,586.63079834,0.7261500334611587
4899,2019-04-23 03:00:00,586.619262695,0.028547353645471674
4900,2019-04-23 04:00:00,586.620605469,0.022929711125150187
4901,2019-04-23 05:00:00,586.61315918,0.5033556912909584
4902,2019-04-23 06:00:00,586.619628906,0.3905383200278827
4903,2019-04-23 07:00:00,586.62902832,0.7648947948589402
4904,2019-04-23 08:00:00,586.637573242,0.12896256319904287
4905,2019-04-23 09:00:00,586.636901855,0.927117132296736
4906,2019-04-23 10:00:00,586.639160156,0.8998102697474009
4907,2019-04-23 11:00:00,586.629577637,0.9693125587373995
4908,2019-04-23 12:00:00,586.634399414,0.20870846817809774
4909,2019-04-23 13:00:00,586.639099121,0.7362155201391319
4910,2019-04-23 14:00:00,586.641540527,0.35559558737369634
4911,2019-04-23 15:00:00,586.638122559,0.15060714148165544
4912,2019-04-23 16:00:00,586.625366211,0.6651174636814098
4913,2019-04-23 17:00:00,586.610656738,0.885361996452401
4914,2019-04-23 18:00:00,586.587280273,0.36336484933932245
4915,2019-04-23 19:00:00,586.569946289,0.5996765112980216
4916,2019-04-23 20:00:00,586.555664062,0.7260761424145136
4917,2019-04-23 21:00:00,586.559326172,0.6268468992099533
4918,2019-04-23 22:00:00,586.564697266,0.46862718289858374
4919,2019-04-23 23:00:00,586.571533203,0.9632638398271016
4920,2019-04-24 00:00:00,586.57989502,0.5652093458343465
4921,2019-04-24 01:00:00,586.590454102,0.35430745473037173
4922,2019-04-24 02:00:00,586.597229004,0.20444035915554315
4923,2019-04-24 03:00:00,586.603881836,0.0658156811852223
4924,2019-04-24 04:00:00,586.611328125,0.9136440885797716
4925,2019-04-24 05:00:00,586.625,0.8027300417385255
4926,2019-04-24 06:00:00,586.63848877,0.8858511530739015
4927,2019-04-24 07:00:00,586.652160645,0.7114332549853983
4928,2019-04-24 08:00:00,586.659851074,0.5147359464859829
4929,2019-04-24 09:00:00,586.656799316,0.8757987102203051
4930,2019-04-24 10:00:00,586.649658203,0.9401410875557557
4931,2019-04-24 11:00:00,586.645263672,0.33017901518139303
4932,2019-04-24 12:00:00,586.632751465,0.9123809487771561
4933,2019-04-24 13:00:00,586.618225098,0.8652551314826683
4934,2019-04-24 14:00:00,586.597351074,0.2094327398002619
4935,2019-04-24 15:00:00,586.563049316,0.9546948765553784
4936,2019-04-24 16:00:00,586.536682129,0.059530315650016985
4937,2019-04-24 17:00:00,586.509887695,0.044642590423522144
4938,2019-04-24 18:00:00,586.479797363,0.3276392836064852
4939,2019-04-24 19:00:00,586.453063965,0.04050218540686057
4940,2019-04-24 20:00:00,586.437988281,0.4172167495652054
4941,2019-04-24 21:00:00,586.444152832,0.9602722343662765
4942,2019-04-24 22:00:00,586.446594238,0.7731581306031372
4943,2019-04-24 23:00:00,586.456054688,0.6937619739143241
4944,2019-04-25 00:00:00,586.464355469,0.6187492001669607
4945,2019-04-25 01:00:00,586.471008301,0.7978531864614913
4946,2019-04-25 02:00:00,586.478881836,0.2362063569539874
4947,2019-04-25 03:00:00,586.486938477,0.8755604306756464
4948,2019-04-25 04:00:00,586.491027832,0.6880937525258817
4949,2019-04-25 05:00:00,586.49597168,0.8353493204828444
4950,2019-04-25 06:00:00,586.499572754,0.20973957398266485
4951,2019-04-25 07:00:00,586.506774902,0.5709384948231541
4952,2019-04-25 08:00:00,586.51385498,0.356877530717283
4953,2019-04-25 09:00:00,586.506347656,0.2812510496715682
4954,2019-04-25 10:00:00,586.498168945,0.9001795851115576
4955,2019-04-25 11:00:00,586.479797363,0.45355716051493244
4956,2019-04-25 12:00:00,586.458740234,0.34529570916704266
4957,2019-04-25 13:00:00,586.442504883,0.1088031628188526
4958,2019-04-25 14:00:00,586.433105469,0.44125350903259863
4959,2019-04-25 15:00:00,586.419372559,0.2125786920973579
4960,2019-04-25 16:00:00,586.406188965,0.23477849478297785
4961,2019-04-25 17:00:00,586.389831543,0.6641357959679414
4962,2019-04-25 18:00:00,586.362182617,0.8120946250052249
4963,2019-04-25 19:00:00,586.339416504,0.9415001129961901
4964,2019-04-25 20:00:00,586.333068848,0.7487741033903351
4965,2019-04-25 21:00:00,586.337402344,0.9104356858444016
4966,2019-04-25 22:00:00,586.34173584,0.38973203500258613
4967,2019-04-25 23:00:00,586.345581055,0.6942186473063242
4968,2019-04-26 00:00:00,586.344360352,0.3728422325042835
4969,2019-04-26 01:00:00,586.332275391,0.07320842401369765
4970,2019-04-26 02:00:00,586.319885254,0.5340927533193833
4971,2019-04-26 03:00:00,586.321105957,0.37688123305138843
4972,2019-04-26 04:00:00,586.326782227,0.16124323390274986
4973,2019-04-26 05:00:00,586.332397461,0.07337871697024656
4974,2019-04-26 06:00:00,586.337768555,0.9566547385357704
4975,2019-04-26 07:00:00,586.343444824,0.9835445828024852
4976,2019-04-26 08:00:00,586.348510742,0.028617563747034835
4977,2019-04-26 09:00:00,586.351867676,0.13575574354838493
4978,2019-04-26 10:00:00,586.349609375,0.39296634097433514
4979,2019-04-26 11:00:00,586.354187012,0.19565028847602972
4980,2019-04-26 12:00:00,586.354614258,0.7048858436229438
4981,2019-04-26 13:00:00,586.349609375,0.3232658190177985
4982,2019-04-26 14:00:00,586.3359375,0.506778323811632
4983,2019-04-26 15:00:00,586.317016602,0.4483440904322513
4984,2019-04-26 16:00:00,586.299987793,0.6258920008868084
4985,2019-04-26 17:00:00,586.274047852,0.7101255153485496
4986,2019-04-26 18:00:00,586.247070312,0.34622577316026204
4987,2019-04-26 19:00:00,586.454284668,0.41573093378421866
4988,2019-04-26 20:00:00,586.903625488,0.6664545066783116
4989,2019-04-26 21:00:00,586.895324707,0.42792709187611166
4990,2019-04-26 22:00:00,587.022644043,0.9127422577838616
4991,2019-04-26 23:00:00,587.014709473,0.07748262033736297
4992,2019-04-27 00:00:00,587.028320312,0.011168932667679599
4993,2019-04-27 01:00:00,587.284790039,0.2404396966223974
4994,2019-04-27 02:00:00,587.299682617,0.12549973838692552
4995,2019-04-27 03:00:00,587.304870605,0.5382309277076476
4996,2019-04-27 04:00:00,587.304199219,0.7244554044498694
4997,2019-04-27 05:00:00,587.307434082,0.9825337442298313
4998,2019-04-27 06:00:00,587.506408691,0.9915752349254183
4999,2019-04-27 07:00:00,587.519775391,0.5189516511185727
5000,2019-04-27 08:00:00,587.536071777,0.974187291333184
5001,2019-04-27 09:00:00,587.557739258,0.2904325805298007
5002,2019-04-27 10:00:00,587.581298828,0.024777227850789174
5003,2019-04-27 11:00:00,587.597839355,0.2589766592663375
5004,2019-04-27 12:00:00,587.616516113,0.7785036230296215
5005,2019-04-27 13:00:00,587.646789551,0.5737634563923192
5006,2019-04-27 14:00:00,587.662780762,0.43619565688050643
5007,2019-04-27 15:00:00,587.679870605,0.08073348711368344
5008,2019-04-27 16:00:00,587.702026367,0.5991608246986029
5009,2019-04-27 17:00:00,587.724243164,0.10590804274299026
5010,2019-04-27 18:00:00,587.743103027,0.8896437587333041
5011,2019-04-27 19:00:00,587.748168945,0.2108154218698981
5012,2019-04-27 20:00:00,587.975280762,0.44722812716051674
5013,2019-04-27 21:00:00,587.978820801,0.6850294448803764
5014,2019-04-27 22:00:00,587.961853027,0.8390630400695821
5015,2019-04-27 23:00:00,587.958618164,0.18500050601266294
5016,2019-04-28 00:00:00,587.962219238,0.06426216424894482
5017,2019-04-28 01:00:00,587.959960938,0.8926055496940765
5018,2019-04-28 02:00:00,587.95501709,0.8282152505516959
5019,2019-04-28 03:00:00,587.930969238,0.16292751304954822
5020,2019-04-28 04:00:00,587.918701172,0.6731202215192965
5021,2019-04-28 05:00:00,587.895141602,0.0819019111951278
5022,2019-04-28 06:00:00,587.894897461,0.7338895176283958
5023,2019-04-28 07:00:00,587.883056641,0.5076805747793899
5024,2019-04-28 08:00:00,588.108276367,0.9649136636355259
5025,2019-04-28 09:00:00,588.121887207,0.3361649831668202
5026,2019-04-28 10:00:00,588.133300781,0.7817414872139348
5027,2019-04-28 11:00:00,588.147094727,0.007635557674459004
5028,2019-04-28 12:00:00,588.157775879,0.7527778683858308
5029,2019-04-28 13:00:00,588.164672852,0.6541929501544256
5030,2019-04-28 14:00:00,588.16418457,0.8371306329790672
5031,2019-04-28 15:00:00,588.155578613,0.5962285147898373
5032,2019-04-28 16:00:00,588.147949219,0.8771096696867857
5033,2019-04-28 17:00:00,588.136230469,0.02670394175038382
5034,2019-04-28 18:00:00,588.115722656,0.207575948382828
5035,2019-04-28 19:00:00,588.085571289,0.9969667501919974
5036,2019-04-28 20:00:00,588.055297852,0.4183015236869222
5037,2019-04-28 21:00:00,588.064697266,0.10579463808153822
5038,2019-04-28 22:00:00,588.064086914,0.3699770988413106
5039,2019-04-28 23:00:00,588.040527344,0.4759067830440862
5040,2019-04-29 00:00:00,588.021118164,0.6591073899255049
5041,2019-04-29 01:00:00,587.982055664,0.13328378352047732
5042,2019-04-29 02:00:00,587.942260742,0.2514558657814632
5043,2019-04-29 03:00:00,587.925415039,0.8564720534883234
5044,2019-04-29 04:00:00,587.933166504,0.9641600524735515
5045,2019-04-29 05:00:00,587.93737793,0.5663713826545761
5046,2019-04-29 06:00:00,587.942749023,0.7690327593306553
5047,2019-04-29 07:00:00,587.950500488,0.4227705708275141
5048,2019-04-29 08:00:00,587.958007812,0.2085993413944227
5049,2019-04-29 09:00:00,587.963989258,0.259087102847087
5050,2019-04-29 10:00:00,587.969604492,0.9146905455241735
5051,2019-04-29 11:00:00,587.973754883,0.17402945239343526
5052,2019-04-29 12:00:00,587.962585449,0.22942344267212988
5053,2019-04-29 13:00:00,587.951721191,0.9137416406810022
5054,2019-04-29 14:00:00,587.944152832,0.40954372033758357
5055,2019-04-29 15:00:00,587.932861328,0.19493112428481807
5056,2019-04-29 16:00:00,587.922241211,0.30274867477424705
5057,2019-04-29 17:00:00,587.909545898,0.9761772188673543
5058,2019-04-29 18:00:00,587.953613281,0.08826761680303541
5059,2019-04-29 19:00:00,587.979492188,0.6147716374221996
5060,2019-04-29 20:00:00,588.568054199,0.6963416284515614
5061,2019-04-29 21:00:00,589.199829102,0.6481287244911523
5062,2019-04-29 22:00:00,589.461425781,0.5134766312071867
5063,2019-04-29 23:00:00,589.56640625,0.7992488905563844
5064,2019-04-30 00:00:00,589.925964355,0.7188363891172711
5065,2019-04-30 01:00:00,592.63092041,0.4692362257956435
5066,2019-04-30 02:00:00,593.155517578,0.4114932712716072
5067,2019-04-30 03:00:00,594.624450684,0.7496068132999198
5068,2019-04-30 04:00:00,597.321777344,0.0754490580359346
5069,2019-04-30 05:00:00,600.899108887,0.01524977421014928
5070,2019-04-30 06:00:00,602.420288086,0.6558003826110802
5071,2019-04-30 07:00:00,603.185180664,0.6132670348213065
5072,2019-04-30 08:00:00,603.481445312,0.226984717762288
5073,2019-04-30 09:00:00,604.172424316,0.5480291544523938
5074,2019-04-30 10:00:00,604.849365234,0.3314577812930386
5075,2019-04-30 11:00:00,605.367919922,0.0687486020565432
5076,2019-04-30 12:00:00,605.596923828,0.25041705788241275
5077,2019-04-30 13:00:00,605.835998535,0.4117626892506543
5078,2019-04-30 14:00:00,605.969665527,0.21207086762822358
5079,2019-04-30 15:00:00,606.858764648,0.39787178513915744
5080,2019-04-30 16:00:00,607.406555176,0.10457919995352094
5081,2019-04-30 17:00:00,607.666625977,0.3976160063413494
5082,2019-04-30 18:00:00,608.076538086,0.8857211673024251
5083,2019-04-30 19:00:00,608.307373047,0.1520488233578977
5084,2019-04-30 20:00:00,609.794677734,0.2648787507309175
5085,2019-04-30 21:00:00,611.143859863,0.8758618814747987
5086,2019-04-30 22:00:00,612.401733398,0.06443978075953483
5087,2019-04-30 23:00:00,613.208007812,0.8064521858044171
5088,2019-05-01 00:00:00,613.409118652,0.7187691191714785
5089,2019-05-01 01:00:00,613.653869629,0.21327038434321133
5090,2019-05-01 02:00:00,613.86706543,0.3728026614250164
5091,2019-05-01 03:00:00,614.05291748,0.00013862784078544355
5092,2019-05-01 04:00:00,614.340209961,0.2556631181607325
5093,2019-05-01 05:00:00,614.55090332,0.4786604122990128
5094,2019-05-01 06:00:00,615.469360352,0.1541885776157309
5095,2019-05-01 07:00:00,616.257629395,0.08591824031473716
5096,2019-05-01 08:00:00,616.759399414,0.36829318393945476
5097,2019-05-01 09:00:00,618.009033203,0.924178067836422
5098,2019-05-01 10:00:00,618.609741211,0.1591163361689164
5099,2019-05-01 11:00:00,618.881896973,0.7790264804845999
5100,2019-05-01 12:00:00,619.127990723,0.5933330067079106
5101,2019-05-01 13:00:00,619.489929199,0.8935341262682807
5102,2019-05-01 14:00:00,619.67376709,0.6542823452703587
5103,2019-05-01 15:00:00,619.901306152,0.38120977127392985
5104,2019-05-01 16:00:00,620.085205078,0.8504332954287658
5105,2019-05-01 17:00:00,620.262145996,0.2821496780232384
5106,2019-05-01 18:00:00,625.576843262,0.2105800916356828
5107,2019-05-01 19:00:00,626.330749512,0.405673306801122
5108,2019-05-01 20:00:00,626.600585938,0.4258881921659783
5109,2019-05-01 21:00:00,627.004699707,0.2629505362013552
5110,2019-05-01 22:00:00,627.264099121,0.4802786446735835
5111,2019-05-01 23:00:00,627.301635742,0.7056966018561232
5112,2019-05-02 00:00:00,627.344787598,0.296968012058045
5113,2019-05-02 01:00:00,627.410095215,0.16140777350294755
5114,2019-05-02 02:00:00,627.478759766,0.8134121714971364
5115,2019-05-02 03:00:00,627.587158203,0.17769654151465275
5116,2019-05-02 04:00:00,627.674255371,0.47478274598079573
5117,2019-05-02 05:00:00,627.766479492,0.38257269274739747
5118,2019-05-02 06:00:00,627.813781738,0.17839091560760634
5119,2019-05-02 07:00:00,627.94744873,0.643468821855222
5120,2019-05-02 08:00:00,628.098083496,0.4654384432237174
5121,2019-05-02 09:00:00,628.230773926,0.971100496381809
5122,2019-05-02 10:00:00,628.302001953,0.24415242015451977
5123,2019-05-02 11:00:00,628.412536621,0.6371369913608341
5124,2019-05-02 12:00:00,628.499328613,0.9725087616128397
5125,2019-05-02 13:00:00,628.669128418,0.28910511198412925
5126,2019-05-02 14:00:00,628.727050781,0.19870989254792215
5127,2019-05-02 15:00:00,628.792602539,0.9168401032674988
5128,2019-05-02 16:00:00,628.874084473,0.604831373409742
5129,2019-05-02 17:00:00,629.008422852,0.5875022127143081
5130,2019-05-02 18:00:00,629.231506348,0.6918405636137642
5131,2019-05-02 19:00:00,629.43536377,0.17676792542430642
5132,2019-05-02 20:00:00,629.597473145,0.522080504959371
5133,2019-05-02 21:00:00,629.639343262,0.9134158923822274
5134,2019-05-02 22:00:00,629.670166016,0.9866527602744798
5135,2019-05-02 23:00:00,629.736938477,0.2973404103899576
5136,2019-05-03 00:00:00,629.788085938,0.9516585209802724
5137,2019-05-03 01:00:00,629.828125,0.7944911872610706
5138,2019-05-03 02:00:00,629.947265625,0.7652924168170148
5139,2019-05-03 03:00:00,629.981811523,0.5604299897470846
5140,2019-05-03 04:00:00,629.997680664,0.09838416954765916
5141,2019-05-03 05:00:00,630.01159668,0.8113135656780746
5142,2019-05-03 06:00:00,630.034729004,0.39337285758036145
5143,2019-05-03 07:00:00,630.051513672,0.73186647922549
5144,2019-05-03 08:00:00,630.065979004,0.6203982009031429
5145,2019-05-03 09:00:00,630.08215332,0.2686227356598363
5146,2019-05-03 10:00:00,630.097961426,0.7911378739196148
5147,2019-05-03 11:00:00,630.111572266,0.4967075655210126
5148,2019-05-03 12:00:00,630.122680664,0.8175299696414707
5149,2019-05-03 13:00:00,630.137634277,0.04730984843181374
5150,2019-05-03 14:00:00,630.153076172,0.5406489489652326
5151,2019-05-03 15:00:00,630.163208008,0.2862007484997211
5152,2019-05-03 16:00:00,630.175048828,0.04625963633210495
5153,2019-05-03 17:00:00,630.242126465,0.5755445485302065
5154,2019-05-03 18:00:00,630.34777832,0.24480464960159487
5155,2019-05-03 19:00:00,630.465148926,0.016515008555055277
5156,2019-05-03 20:00:00,630.584655762,0.8880033614426202
5157,2019-05-03 21:00:00,630.593139648,0.7460112795439973
5158,2019-05-03 22:00:00,630.602172852,0.7575550323419532
5159,2019-05-03 23:00:00,630.612792969,0.96268645702685
5160,2019-05-04 00:00:00,630.624816895,0.5287339095367667
5161,2019-05-04 01:00:00,630.64263916,0.8285068841340731
5162,2019-05-04 02:00:00,630.67388916,0.1706293435703179
5163,2019-05-04 03:00:00,630.688415527,0.6122260182304207
5164,2019-05-04 04:00:00,630.702453613,0.09932331458017873
5165,2019-05-04 05:00:00,630.714477539,0.7933455242668076
5166,2019-05-04 06:00:00,630.749145508,0.5475972099150908
5167,2019-05-04 07:00:00,630.783508301,0.5902500108252767
5168,2019-05-04 08:00:00,630.806518555,0.3100564831845819
5169,2019-05-04 09:00:00,630.826293945,0.13118637723352622
5170,2019-05-04 10:00:00,630.837036133,0.4463202151342942
5171,2019-05-04 11:00:00,630.846313477,0.5871289532443557
5172,2019-05-04 12:00:00,630.852966309,0.14348237131969155
5173,2019-05-04 13:00:00,630.85748291,0.4472954580574492
5174,2019-05-04 14:00:00,630.882263184,0.4165632267987788
5175,2019-05-04 15:00:00,630.896606445,0.06999710659122926
5176,2019-05-04 16:00:00,630.967956543,0.8807271088679864
5177,2019-05-04 17:00:00,631.055297852,0.3735725014921428
5178,2019-05-04 18:00:00,631.15826416,0.3349121481681411
5179,2019-05-04 19:00:00,631.268676758,0.12836444519379053
5180,2019-05-04 20:00:00,631.367919922,0.17528886040719627
5181,2019-05-04 21:00:00,631.418579102,0.3442718595937859
5182,2019-05-04 22:00:00,631.453308105,0.5512031070215524
5183,2019-05-04 23:00:00,631.46697998,0.03670332028654322
5184,2019-05-05 00:00:00,631.479064941,0.16280916785948807
5185,2019-05-05 01:00:00,631.506164551,0.0065324630005881845
5186,2019-05-05 02:00:00,631.522460938,0.7973063477093125
5187,2019-05-05 03:00:00,631.535461426,0.39560255094485564
5188,2019-05-05 04:00:00,631.54888916,0.7841209483318934
5189,2019-05-05 05:00:00,631.556762695,0.49849717804271587
5190,2019-05-05 06:00:00,631.563354492,0.15283645735634444
5191,2019-05-05 07:00:00,631.57220459,0.21285109990203943
5192,2019-05-05 08:00:00,631.579406738,0.18298380302200123
5193,2019-05-05 09:00:00,631.60168457,0.25800848096756046
5194,2019-05-05 10:00:00,631.611572266,0.46550382761444287
5195,2019-05-05 11:00:00,631.620361328,0.040278664476845694
5196,2019-05-05 12:00:00,631.627990723,0.8375042339599069
5197,2019-05-05 13:00:00,631.63470459,0.03886913287504601
5198,2019-05-05 14:00:00,631.641479492,0.7262468438140949
5199,2019-05-05 15:00:00,631.645690918,0.39008546923388265
5200,2019-05-05 16:00:00,631.685119629,0.006600411402616357
5201,2019-05-05 17:00:00,631.728637695,0.6736296324100632
5202,2019-05-05 18:00:00,631.77557373,0.18321112182096422
5203,2019-05-05 19:00:00,631.817443848,0.8986164298635511
5204,2019-05-05 20:00:00,631.848815918,0.020107926563870948
5205,2019-05-05 21:00:00,631.86541748,0.228024773677299
5206,2019-05-05 22:00:00,631.869018555,0.8512006230478177
5207,2019-05-05 23:00:00,631.87878418,0.2618530192999967
5208,2019-05-06 00:00:00,631.88848877,0.3927122767171458
5209,2019-05-06 01:00:00,631.900756836,0.09946816822544202
5210,2019-05-06 02:00:00,631.912475586,0.7213795035783829
5211,2019-05-06 03:00:00,631.92199707,0.6215478121395279
5212,2019-05-06 04:00:00,631.931396484,0.13231669251241318
5213,2019-05-06 05:00:00,631.937255859,0.03978256689256676
5214,2019-05-06 06:00:00,631.94140625,0.8557901724393778
5215,2019-05-06 07:00:00,631.947387695,0.6792775527836865
5216,2019-05-06 08:00:00,631.958251953,0.15907467649963636
5217,2019-05-06 09:00:00,631.969055176,0.011653825278588714
5218,2019-05-06 10:00:00,631.979675293,0.5681080806192931
5219,2019-05-06 11:00:00,631.99041748,0.8970531442171711
5220,2019-05-06 12:00:00,632.000610352,0.13754247988901735
5221,2019-05-06 13:00:00,632.010070801,0.5364255621835028
5222,2019-05-06 14:00:00,632.016296387,0.35358227224171923
5223,2019-05-06 15:00:00,632.01373291,0.5122887322565478
5224,2019-05-06 16:00:00,632.015808105,0.12411071876072499
5225,2019-05-06 17:00:00,632.008544922,0.20483220540759206
5226,2019-05-06 18:00:00,631.993652344,0.9006155360337761
5227,2019-05-06 19:00:00,631.993347168,0.7553265232651042
5228,2019-05-06 20:00:00,631.977416992,0.14021796101446748
5229,2019-05-06 21:00:00,631.981384277,0.33232903739368014
5230,2019-05-06 22:00:00,631.982666016,0.7263336875475156
5231,2019-05-06 23:00:00,631.985595703,0.44844775831135997
5232,2019-05-07 00:00:00,631.99029541,0.7927123731020985
5233,2019-05-07 01:00:00,631.992736816,0.8487573165986533
5234,2019-05-07 02:00:00,631.996459961,0.8946744337015319
5235,2019-05-07 03:00:00,631.996948242,0.38965110557473304
5236,2019-05-07 04:00:00,631.998168945,0.8817896669746109
5237,2019-05-07 05:00:00,631.997192383,0.9506099823770322
5238,2019-05-07 06:00:00,631.99395752,0.7368893130884566
5239,2019-05-07 07:00:00,631.994506836,0.5207383428624511
5240,2019-05-07 08:00:00,631.995788574,0.9093049281787181
5241,2019-05-07 09:00:00,631.996520996,0.8084844058709358
5242,2019-05-07 10:00:00,631.996887207,0.7446576771238451
5243,2019-05-07 11:00:00,631.996704102,0.7391370415982994
5244,2019-05-07 12:00:00,631.99810791,0.29774958226499837
5245,2019-05-07 13:00:00,631.999694824,0.870721108240123
5246,2019-05-07 14:00:00,632.000305176,0.9618151668784779
5247,2019-05-07 15:00:00,631.99230957,0.9300722777148043
5248,2019-05-07 16:00:00,631.980651855,0.7617408166173324
5249,2019-05-07 17:00:00,631.966918945,0.40509184653029506
5250,2019-05-07 18:00:00,631.952087402,0.9412166744100818
5251,2019-05-07 19:00:00,631.932800293,0.4093625157299997
5252,2019-05-07 20:00:00,631.930236816,0.7913809024733875
5253,2019-05-07 21:00:00,631.931091309,0.5948733584814578
5254,2019-05-07 22:00:00,631.935180664,0.6085204594115982
5255,2019-05-07 23:00:00,631.934265137,0.24086611487606435
5256,2019-05-08 00:00:00,631.940917969,0.6895881479356675
5257,2019-05-08 01:00:00,631.939453125,0.47397497548506173
5258,2019-05-08 02:00:00,631.94744873,0.917735595465948
5259,2019-05-08 03:00:00,631.956481934,0.5230603923048486
5260,2019-05-08 04:00:00,631.964111328,0.5804440379408378
5261,2019-05-08 05:00:00,631.972290039,0.5029664395055672
5262,2019-05-08 06:00:00,631.981994629,0.43360773157165033
5263,2019-05-08 07:00:00,631.993286133,0.2879956767763472
5264,2019-05-08 08:00:00,632.001342773,0.4941744720309852
5265,2019-05-08 09:00:00,632.010925293,0.12955085703603397
5266,2019-05-08 10:00:00,632.020935059,0.012455698724322173
5267,2019-05-08 11:00:00,632.03137207,0.3005794638426048
5268,2019-05-08 12:00:00,632.037353516,0.7582075056350361
5269,2019-05-08 13:00:00,632.042663574,0.26215358990197213
5270,2019-05-08 14:00:00,632.048034668,0.9739435264270976
5271,2019-05-08 15:00:00,632.115966797,0.3239518882992205
5272,2019-05-08 16:00:00,632.176818848,0.7314215013190737
5273,2019-05-08 17:00:00,632.27331543,0.9133822900976019
5274,2019-05-08 18:00:00,632.271850586,0.999300984859004
5275,2019-05-08 19:00:00,632.273254395,0.8173350063400413
5276,2019-05-08 20:00:00,632.338256836,0.8164727408141049
5277,2019-05-08 21:00:00,632.349487305,0.3016680660301556
5278,2019-05-08 22:00:00,632.360046387,0.22444562059656603
5279,2019-05-08 23:00:00,632.735107422,0.7553172957895354
5280,2019-05-09 00:00:00,632.75,0.22420679162078494
5281,2019-05-09 01:00:00,632.810424805,0.9632491860614216
5282,2019-05-09 02:00:00,632.819274902,0.7403115077038854
5283,2019-05-09 03:00:00,632.833740234,0.17925822628950439
5284,2019-05-09 04:00:00,632.846618652,0.5573637480489053
5285,2019-05-09 05:00:00,632.918395996,0.3091957116445423
5286,2019-05-09 06:00:00,632.929504395,0.7232423187088809
5287,2019-05-09 07:00:00,632.933837891,0.2064142691579437
5288,2019-05-09 08:00:00,632.950805664,0.7866828437128431
5289,2019-05-09 09:00:00,632.965698242,0.4624410453827843
5290,2019-05-09 10:00:00,632.981567383,0.034632600649631695
5291,2019-05-09 11:00:00,632.994995117,0.3879797172587812
5292,2019-05-09 12:00:00,633.013671875,0.5105882062112407
5293,2019-05-09 13:00:00,633.026000977,0.9850170217860071
5294,2019-05-09 14:00:00,633.036010742,0.46621907046073374
5295,2019-05-09 15:00:00,633.045898438,0.057003566116443305
5296,2019-05-09 16:00:00,633.206237793,0.06636226803369427
5297,2019-05-09 17:00:00,633.217956543,0.22916960725807956
5298,2019-05-09 18:00:00,633.231628418,0.8128748176470751
5299,2019-05-09 19:00:00,633.26763916,0.21505661452424862
5300,2019-05-09 20:00:00,633.413635254,0.27267663655919905
5301,2019-05-09 21:00:00,633.430053711,0.41251117478401567
5302,2019-05-09 22:00:00,633.642028809,0.4632771737550955
5303,2019-05-09 23:00:00,633.657592773,0.5553758829317048
5304,2019-05-10 00:00:00,633.746582031,0.3898837086704313
5305,2019-05-10 01:00:00,634.076599121,0.5180934897335537
5306,2019-05-10 02:00:00,634.280700684,0.140270907242529
5307,2019-05-10 03:00:00,634.315551758,0.028145691250949234
5308,2019-05-10 04:00:00,634.359741211,0.7378620760876176
5309,2019-05-10 05:00:00,634.376831055,0.5156193956652875
5310,2019-05-10 06:00:00,634.401977539,0.8635158597719824
5311,2019-05-10 07:00:00,634.414367676,0.1717672154955715
5312,2019-05-10 08:00:00,634.452270508,0.3080844779956948
5313,2019-05-10 09:00:00,634.465576172,0.7297714860665012
5314,2019-05-10 10:00:00,634.486755371,0.2190182428871108
5315,2019-05-10 11:00:00,634.521362305,0.5380610395144636
5316,2019-05-10 12:00:00,634.570495605,0.5173420941603378
5317,2019-05-10 13:00:00,634.599914551,0.4602582237352991
5318,2019-05-10 14:00:00,634.606689453,0.06787012014641003
5319,2019-05-10 15:00:00,634.607788086,0.8548048367549893
5320,2019-05-10 16:00:00,634.916870117,0.762215327581735
5321,2019-05-10 17:00:00,634.978271484,0.4756587205741505
5322,2019-05-10 18:00:00,635.027954102,0.20243889388922542
5323,2019-05-10 19:00:00,635.084106445,0.8055431496954495
5324,2019-05-10 20:00:00,635.127746582,0.99362826694331
5325,2019-05-10 21:00:00,635.206542969,0.9151640464425285
5326,2019-05-10 22:00:00,635.323547363,0.9329885816384799
5327,2019-05-10 23:00:00,635.850280762,0.7427639782763106
5328,2019-05-11 00:00:00,636.952941895,0.06925370434583866
5329,2019-05-11 01:00:00,637.47869873,0.7622884154134929
5330,2019-05-11 02:00:00,637.610961914,0.41323771436947976
5331,2019-05-11 03:00:00,637.618225098,0.6864134123522448
5332,2019-05-11 04:00:00,637.62512207,0.9086404730378349
5333,2019-05-11 05:00:00,637.675292969,0.627729227288679
5334,2019-05-11 06:00:00,637.709106445,0.7745879061282521
5335,2019-05-11 07:00:00,637.724304199,0.6361229757731419
5336,2019-05-11 08:00:00,637.772521973,0.5238617279691957
5337,2019-05-11 09:00:00,637.84375,0.44532502462208434
5338,2019-05-11 10:00:00,637.907592773,0.7818784313384858
5339,2019-05-11 11:00:00,637.984313965,0.2957031870002301
5340,2019-05-11 12:00:00,638.068359375,0.1924614796953622
5341,2019-05-11 13:00:00,638.145507812,0.9452709442618404
5342,2019-05-11 14:00:00,638.198364258,0.8131439264595379
5343,2019-05-11 15:00:00,638.218322754,0.5602212298178957
5344,2019-05-11 16:00:00,638.262512207,0.04906303877140983
5345,2019-05-11 17:00:00,638.346008301,0.7600319973690345
5346,2019-05-11 18:00:00,638.44342041,0.016983767593182986
5347,2019-05-11 19:00:00,638.533447266,0.8943226450379832
5348,2019-05-11 20:00:00,638.637695312,0.18507201633176817
5349,2019-05-11 21:00:00,638.667358398,0.2423437752182045
5350,2019-05-11 22:00:00,638.680053711,0.6368881803891473
5351,2019-05-11 23:00:00,639.899658203,0.07204800341414086
5352,2019-05-12 00:00:00,639.954406738,0.2927811443551821
5353,2019-05-12 01:00:00,639.987915039,0.6069606530070535
5354,2019-05-12 02:00:00,640.041320801,0.08848721050069064
5355,2019-05-12 03:00:00,640.055847168,0.3716362718894697
5356,2019-05-12 04:00:00,640.069274902,0.2441316898607816
5357,2019-05-12 05:00:00,640.103942871,0.6442252521948499
5358,2019-05-12 06:00:00,640.126342773,0.9185880283854226
5359,2019-05-12 07:00:00,640.161499023,0.9395201915023839
5360,2019-05-12 08:00:00,640.191833496,0.35138178823305777
5361,2019-05-12 09:00:00,640.207702637,0.8238981275315049
5362,2019-05-12 10:00:00,640.222229004,0.1462421032205694
5363,2019-05-12 11:00:00,640.272521973,0.8553502275680219
5364,2019-05-12 12:00:00,640.337768555,0.4357312652415739
5365,2019-05-12 13:00:00,640.35333252,0.36656910603977055
5366,2019-05-12 14:00:00,640.368713379,0.8987989115292581
5367,2019-05-12 15:00:00,640.377441406,0.5803902879931992
5368,2019-05-12 16:00:00,640.488098145,0.8387984092750946
5369,2019-05-12 17:00:00,640.62512207,0.2488208496048342
5370,2019-05-12 18:00:00,640.762817383,0.6700519353378303
5371,2019-05-12 19:00:00,640.892456055,0.1853952419416547
5372,2019-05-12 20:00:00,640.995910645,0.5320864337643905
5373,2019-05-12 21:00:00,641.018920898,0.5638661527866281
5374,2019-05-12 22:00:00,641.030029297,0.521543000647435
5375,2019-05-12 23:00:00,641.037597656,0.30272210313395176
5376,2019-05-13 00:00:00,641.043457031,0.14032990609557217
5377,2019-05-13 01:00:00,641.050842285,0.18279003932073878
5378,2019-05-13 02:00:00,641.05847168,0.7461622226815151
5379,2019-05-13 03:00:00,641.065185547,0.4424816581394716
5380,2019-05-13 04:00:00,641.07623291,0.8151807038035069
5381,2019-05-13 05:00:00,641.094177246,0.348213327185121
5382,2019-05-13 06:00:00,641.122619629,0.6516155714583629
5383,2019-05-13 07:00:00,641.15447998,0.3151790037141846
5384,2019-05-13 08:00:00,641.190002441,0.4811637751319834
5385,2019-05-13 09:00:00,641.220703125,0.661362635740587
5386,2019-05-13 10:00:00,641.247070312,0.48607200432723485
5387,2019-05-13 11:00:00,641.260803223,0.03488544491198131
5388,2019-05-13 12:00:00,641.279174805,0.7551929717223095
5389,2019-05-13 13:00:00,641.295471191,0.44510865508277786
5390,2019-05-13 14:00:00,641.305725098,0.8384185025677444
5391,2019-05-13 15:00:00,641.317810059,0.18131328014428427
5392,2019-05-13 16:00:00,641.372375488,0.8677473698045849
5393,2019-05-13 17:00:00,641.422180176,0.1652047336521506
5394,2019-05-13 18:00:00,641.465209961,0.47844487097096844
5395,2019-05-13 19:00:00,641.504455566,0.1759376165368023
5396,2019-05-13 20:00:00,641.536865234,0.5322857687720541
5397,2019-05-13 21:00:00,641.546264648,0.2463060849784071
5398,2019-05-13 22:00:00,641.551147461,0.06266589938287226
5399,2019-05-13 23:00:00,641.554443359,0.8999383924167585
5400,2019-05-14 00:00:00,641.558105469,0.3904807710965683
5401,2019-05-14 01:00:00,641.682189941,0.7715237573190423
5402,2019-05-14 02:00:00,641.68762207,0.21028794564510533
5403,2019-05-14 03:00:00,641.692687988,0.495153406059634
5404,2019-05-14 04:00:00,641.698364258,0.72840387718808
5405,2019-05-14 05:00:00,641.702697754,0.12087591566155453
5406,2019-05-14 06:00:00,641.712158203,0.2682404714465648
5407,2019-05-14 07:00:00,641.72277832,0.4062635587998491
5408,2019-05-14 08:00:00,641.733886719,0.6995220551086243
5409,2019-05-14 09:00:00,641.74621582,0.0415084415022422
5410,2019-05-14 10:00:00,641.757324219,0.710510575280994
5411,2019-05-14 11:00:00,641.765991211,0.9802567507396728
5412,2019-05-14 12:00:00,641.778320312,0.4264398274442188
5413,2019-05-14 13:00:00,641.78692627,0.3866963066332072
5414,2019-05-14 14:00:00,641.796691895,0.480491549558683
5415,2019-05-14 15:00:00,641.801025391,0.2091733265007164
5416,2019-05-14 16:00:00,641.821899414,0.27069992911143737
5417,2019-05-14 17:00:00,641.838256836,0.1260241564156196
5418,2019-05-14 18:00:00,641.850585938,0.14384342346014656
5419,2019-05-14 19:00:00,641.867980957,0.525211283906656
5420,2019-05-14 20:00:00,641.883911133,0.8886046660117608
5421,2019-05-14 21:00:00,641.890136719,0.07709516150267093
5422,2019-05-14 22:00:00,641.89440918,0.33970423413934026
5423,2019-05-14 23:00:00,641.899230957,0.23472187358482388
5424,2019-05-15 00:00:00,641.907775879,0.5595591256736239
5425,2019-05-15 01:00:00,641.916687012,0.9676744084389504
5426,2019-05-15 02:00:00,641.924682617,0.19582567188779154
5427,2019-05-15 03:00:00,641.931884766,0.32235865339739145
5428,2019-05-15 04:00:00,641.937255859,0.29577929039550444
5429,2019-05-15 05:00:00,641.942138672,0.047143011538929414
5430,2019-05-15 06:00:00,641.94708252,0.3545932102302626
5431,2019-05-15 07:00:00,641.952392578,0.5463064863094474
5432,2019-05-15 08:00:00,641.958862305,0.755717330057761
5433,2019-05-15 09:00:00,641.965698242,0.45200930361941905
5434,2019-05-15 10:00:00,641.971313477,0.22970424030398495
5435,2019-05-15 11:00:00,641.979309082,0.24707677358167723
5436,2019-05-15 12:00:00,641.98840332,0.9826302134564855
5437,2019-05-15 13:00:00,641.996826172,0.558330642381519
5438,2019-05-15 14:00:00,642.003967285,0.9099857134121736
5439,2019-05-15 15:00:00,642.006164551,0.11518427201958026
5440,2019-05-15 16:00:00,642.006774902,0.7744536332159334
5441,2019-05-15 17:00:00,642.002075195,0.15391169467662758
5442,2019-05-15 18:00:00,641.988952637,0.8618914852008588
5443,2019-05-15 19:00:00,641.979187012,0.8459742579535389
5444,2019-05-15 20:00:00,641.956054688,0.6549424434787638
5445,2019-05-15 21:00:00,641.960205078,0.298798474675239
5446,2019-05-15 22:00:00,641.959106445,0.8564359496107325
5447,2019-05-15 23:00:00,641.962341309,0.13928708720454896
5448,2019-05-16 00:00:00,641.970825195,0.3723994466243833
5449,2019-05-16 01:00:00,642.176208496,0.0068073099573614515
5450,2019-05-16 02:00:00,642.183959961,0.4535620649396245
5451,2019-05-16 03:00:00,642.190368652,0.7840047102819218
5452,2019-05-16 04:00:00,642.196044922,0.35752676943168493
5453,2019-05-16 05:00:00,642.200073242,0.6114145632324433
5454,2019-05-16 06:00:00,642.20501709,0.7070019035468957
5455,2019-05-16 07:00:00,642.211669922,0.7872431874306584
5456,2019-05-16 08:00:00,642.218505859,0.27806301644687803
5457,2019-05-16 09:00:00,642.225952148,0.533096327701438
5458,2019-05-16 10:00:00,642.234924316,0.12611888869831256
5459,2019-05-16 11:00:00,642.24597168,0.9820220223010395
5460,2019-05-16 12:00:00,642.257263184,0.05351963588683317
5461,2019-05-16 13:00:00,642.267333984,0.5734503213975511
5462,2019-05-16 14:00:00,642.274169922,0.4666982936256897
5463,2019-05-16 15:00:00,642.264160156,0.4287326402705296
5464,2019-05-16 16:00:00,642.247314453,0.06545542083272005
5465,2019-05-16 17:00:00,642.23626709,0.8429364146850332
5466,2019-05-16 18:00:00,642.220031738,0.41154498351613755
5467,2019-05-16 19:00:00,642.193603516,0.07317708682022539
5468,2019-05-16 20:00:00,642.196289062,0.7201128275483346
5469,2019-05-16 21:00:00,642.174377441,0.7708732265852852
5470,2019-05-16 22:00:00,642.135498047,0.15624796497015125
5471,2019-05-16 23:00:00,642.128723145,0.7783898612295883
5472,2019-05-17 00:00:00,642.135375977,0.10936011125667289
5473,2019-05-17 01:00:00,642.093994141,0.9539471913839691
5474,2019-05-17 02:00:00,642.063415527,0.3070418790185606
5475,2019-05-17 03:00:00,642.034118652,0.29074851213620634
5476,2019-05-17 04:00:00,641.99786377,0.1403384694196106
5477,2019-05-17 05:00:00,641.959289551,0.22571389184806234
5478,2019-05-17 06:00:00,641.923339844,0.30628976309254896
5479,2019-05-17 07:00:00,641.89453125,0.22395949495716572
5480,2019-05-17 08:00:00,641.873718262,0.7351278481091683
5481,2019-05-17 09:00:00,641.860290527,0.5850043315152109
5482,2019-05-17 10:00:00,641.852478027,0.081750670816233
5483,2019-05-17 11:00:00,641.846862793,0.5374159894476429
5484,2019-05-17 12:00:00,641.841125488,0.6477237527609742
5485,2019-05-17 13:00:00,642.552612305,0.17251898113769393
5486,2019-05-17 14:00:00,642.765625,0.5949842389609197
5487,2019-05-17 15:00:00,642.837646484,0.15122632806051828
5488,2019-05-17 16:00:00,643.425598145,0.20369947024884083
5489,2019-05-17 17:00:00,643.533630371,0.21715897231060133
5490,2019-05-17 18:00:00,643.87890625,0.9560129905921256
5491,2019-05-17 19:00:00,644.168395996,0.42990584884197136
5492,2019-05-17 20:00:00,647.14465332,0.8705933465860315
5493,2019-05-17 21:00:00,647.678649902,0.7691462074632943
5494,2019-05-17 22:00:00,647.949584961,0.23599118869587676
5495,2019-05-17 23:00:00,648.246459961,0.40953171254891774
5496,2019-05-18 00:00:00,648.357727051,0.7726664918885375
5497,2019-05-18 01:00:00,648.557128906,0.00424556259136355
5498,2019-05-18 02:00:00,649.090820312,0.8041056802291939
5499,2019-05-18 03:00:00,649.135375977,0.6656239930043925
5500,2019-05-18 04:00:00,649.344177246,0.9063523137691566
5501,2019-05-18 05:00:00,649.572937012,0.5747812853655956
5502,2019-05-18 06:00:00,649.897888184,0.9697938769105884
5503,2019-05-18 07:00:00,650.01361084,0.9177928698275328
5504,2019-05-18 08:00:00,650.20123291,0.3132505401266551
5505,2019-05-18 09:00:00,650.514343262,0.0382201599231049
5506,2019-05-18 10:00:00,650.887878418,0.7729079731468
5507,2019-05-18 11:00:00,651.013671875,0.23410304360115886
5508,2019-05-18 12:00:00,651.14239502,0.357866088883397
5509,2019-05-18 13:00:00,651.283203125,0.7538466496676263
5510,2019-05-18 14:00:00,651.333190918,0.1423908692202518
5511,2019-05-18 15:00:00,651.595336914,0.745303746737554
5512,2019-05-18 16:00:00,651.649414062,0.44977885176489485
5513,2019-05-18 17:00:00,654.190979004,0.6286147282264292
5514,2019-05-18 18:00:00,654.218505859,0.43437081412113643
5515,2019-05-18 19:00:00,654.583740234,0.780909475628321
5516,2019-05-18 20:00:00,654.746154785,0.6874462577925965
5517,2019-05-18 21:00:00,654.918029785,0.8863628897666248
5518,2019-05-18 22:00:00,655.160583496,0.8303223692085829
5519,2019-05-18 23:00:00,655.344299316,0.620486096725663
5520,2019-05-19 00:00:00,655.457092285,0.9054640284227288
5521,2019-05-19 01:00:00,655.500427246,0.9295908287571807
5522,2019-05-19 02:00:00,655.592102051,0.14266472219213533
5523,2019-05-19 03:00:00,655.637756348,0.8830884829668042
5524,2019-05-19 04:00:00,655.686279297,0.3914319088035737
5525,2019-05-19 05:00:00,655.750793457,0.5102738922695785
5526,2019-05-19 06:00:00,655.828491211,0.5231859259163624
5527,2019-05-19 07:00:00,655.900146484,0.0822792084169287
5528,2019-05-19 08:00:00,655.973144531,0.4055774906183085
5529,2019-05-19 09:00:00,656.040771484,0.09455103333016124
5530,2019-05-19 10:00:00,656.111083984,0.3705042352325927
5531,2019-05-19 11:00:00,656.206420898,0.44612645506273063
5532,2019-05-19 12:00:00,656.313964844,0.08870321579118312
5533,2019-05-19 13:00:00,656.396850586,0.8724054305374213
5534,2019-05-19 14:00:00,656.455627441,0.5854942072520645
5535,2019-05-19 15:00:00,656.508239746,0.4738843306643409
5536,2019-05-19 16:00:00,656.601806641,0.21593521125236126
5537,2019-05-19 17:00:00,656.662353516,0.8211613568329439
5538,2019-05-19 18:00:00,656.704284668,0.9695521352775978
5539,2019-05-19 19:00:00,656.747192383,0.6011225889722756
5540,2019-05-19 20:00:00,656.794677734,0.1444775989492164
5541,2019-05-19 21:00:00,656.819824219,0.5947885840450876
5542,2019-05-19 22:00:00,656.821899414,0.8623092457051849
5543,2019-05-19 23:00:00,656.808227539,0.4471401398805037
5544,2019-05-20 00:00:00,656.789550781,0.47919144934340674
5545,2019-05-20 01:00:00,656.780151367,0.8869480338833694
5546,2019-05-20 02:00:00,656.765380859,0.151081436387837
5547,2019-05-20 03:00:00,656.748046875,0.92010496820491
5548,2019-05-20 04:00:00,656.825439453,0.4583204859185891
5549,2019-05-20 05:00:00,656.852783203,0.3751380888495476
5550,2019-05-20 06:00:00,656.883605957,0.6651537849868793
5551,2019-05-20 07:00:00,656.891052246,0.6081892052698428
5552,2019-05-20 08:00:00,656.922973633,0.3311466143469374
5553,2019-05-20 09:00:00,656.930419922,0.8876918540548664
5554,2019-05-20 10:00:00,656.934448242,0.0730980606897289
5555,2019-05-20 11:00:00,658.15045166,0.5483072088430533
5556,2019-05-20 12:00:00,659.38885498,0.18488519534576953
5557,2019-05-20 13:00:00,659.531616211,0.985755942915401
5558,2019-05-20 14:00:00,659.619812012,0.7717314410048788
5559,2019-05-20 15:00:00,659.710571289,0.2602666444662137
5560,2019-05-20 16:00:00,659.74786377,0.17538639517780386
5561,2019-05-20 17:00:00,660.300842285,0.9138555047919843
5562,2019-05-20 18:00:00,661.666748047,0.2442530164827713
5563,2019-05-20 19:00:00,662.270019531,0.6018746113696297
5564,2019-05-20 20:00:00,662.747192383,0.20295858772741915
5565,2019-05-20 21:00:00,664.870910645,0.3362197254607928
5566,2019-05-20 22:00:00,668.755493164,0.1838252539231936
5567,2019-05-20 23:00:00,668.831726074,0.5821590151902047
5568,2019-05-21 00:00:00,669.013549805,0.5843216357244612
5569,2019-05-21 01:00:00,669.270324707,0.7945463264854173
5570,2019-05-21 02:00:00,669.380187988,0.5979538023923059
5571,2019-05-21 03:00:00,669.487548828,0.1570298875637619
5572,2019-05-21 04:00:00,669.76739502,0.6193754715046736
5573,2019-05-21 05:00:00,669.995910645,0.0822387538066216
5574,2019-05-21 06:00:00,670.331237793,0.20263279369682585
5575,2019-05-21 07:00:00,670.358520508,0.9175926990477207
5576,2019-05-21 08:00:00,670.479919434,0.19312648798091192
5577,2019-05-21 09:00:00,670.640686035,0.22275136153209707
5578,2019-05-21 10:00:00,670.798095703,0.3635442742438181
5579,2019-05-21 11:00:00,671.128662109,0.11419950932891221
5580,2019-05-21 12:00:00,671.34197998,0.3811234972631795
5581,2019-05-21 13:00:00,671.621582031,0.6710562958342684
5582,2019-05-21 14:00:00,671.875610352,0.2504918869996724
5583,2019-05-21 15:00:00,672.512512207,0.7432869923474255
5584,2019-05-21 16:00:00,672.763305664,0.20943789935079737
5585,2019-05-21 17:00:00,673.482055664,0.18655621469785322
5586,2019-05-21 18:00:00,673.737365723,0.12687775144639402
5587,2019-05-21 19:00:00,674.033081055,0.34496103962701796
5588,2019-05-21 20:00:00,675.033996582,0.6813388035784517
5589,2019-05-21 21:00:00,675.225585938,0.24983340982506064
5590,2019-05-21 22:00:00,675.526733398,0.9826351833098392
5591,2019-05-21 23:00:00,676.256652832,0.714832464619729
5592,2019-05-22 00:00:00,677.993225098,0.06503382084441667
5593,2019-05-22 01:00:00,678.736816406,0.777117039818264
5594,2019-05-22 02:00:00,679.488342285,0.6324484055792499
5595,2019-05-22 03:00:00,679.922241211,0.6558933522359263
5596,2019-05-22 04:00:00,680.339111328,0.28401707417635136
5597,2019-05-22 05:00:00,680.596191406,0.6940358035415152
5598,2019-05-22 06:00:00,680.806213379,0.5349088583025654
5599,2019-05-22 07:00:00,681.079833984,0.6934140721220388
5600,2019-05-22 08:00:00,681.315124512,0.2825587975702899
5601,2019-05-22 09:00:00,681.729614258,0.07989342893502338
5602,2019-05-22 10:00:00,681.871765137,0.02183911914034009
5603,2019-05-22 11:00:00,682.03137207,0.9214038655279266
5604,2019-05-22 12:00:00,682.15246582,0.12871903115032401
5605,2019-05-22 13:00:00,682.27520752,0.6001880036304439
5606,2019-05-22 14:00:00,682.375549316,0.8091195354615969
5607,2019-05-22 15:00:00,682.59753418,0.5803258744589954
5608,2019-05-22 16:00:00,683.304443359,0.8898164588629764
5609,2019-05-22 17:00:00,683.342224121,0.2157193167193805
5610,2019-05-22 18:00:00,683.427429199,0.3225494107349395
5611,2019-05-22 19:00:00,684.747436523,0.30758247165974084
5612,2019-05-22 20:00:00,685.088806152,0.8430006513056968
5613,2019-05-22 21:00:00,685.427246094,0.8423508995224158
5614,2019-05-22 22:00:00,685.781738281,0.2761599182854836
5615,2019-05-22 23:00:00,686.025634766,0.6301533505466563
5616,2019-05-23 00:00:00,686.232055664,0.9659629082624589
5617,2019-05-23 01:00:00,686.355224609,0.8048851829384938
5618,2019-05-23 02:00:00,686.458862305,0.9672105499716108
5619,2019-05-23 03:00:00,686.553405762,0.7608722806777497
5620,2019-05-23 04:00:00,686.695861816,0.8801184282325162
5621,2019-05-23 05:00:00,686.85534668,0.027620455505229846
5622,2019-05-23 06:00:00,686.968688965,0.7495699173796087
5623,2019-05-23 07:00:00,687.07421875,0.3220112368493129
5624,2019-05-23 08:00:00,687.281311035,0.3515911064431171
5625,2019-05-23 09:00:00,687.351135254,0.25548868166723515
5626,2019-05-23 10:00:00,687.422851562,0.029372239520653487
5627,2019-05-23 11:00:00,687.480957031,0.7122409425033863
5628,2019-05-23 12:00:00,687.52154541,0.2729863667305078
5629,2019-05-23 13:00:00,687.552734375,0.24258872060479642
5630,2019-05-23 14:00:00,687.574951172,0.25047511208515405
5631,2019-05-23 15:00:00,687.657470703,0.4227900335629109
5632,2019-05-23 16:00:00,687.675476074,0.24010591238780254
5633,2019-05-23 17:00:00,687.724975586,0.17150945459635303
5634,2019-05-23 18:00:00,688.136779785,0.2594575017068853
5635,2019-05-23 19:00:00,688.414916992,0.3336981355038503
5636,2019-05-23 20:00:00,688.984008789,0.503909467180281
5637,2019-05-23 21:00:00,691.7265625,0.5317069400637723
5638,2019-05-23 22:00:00,692.911560059,0.8382418415384727
5639,2019-05-23 23:00:00,693.311645508,0.13711765639991813
5640,2019-05-24 00:00:00,693.764465332,0.9206887307574787
5641,2019-05-24 01:00:00,694.178161621,0.8157724596472944
5642,2019-05-24 02:00:00,694.228210449,0.09446088833630795
5643,2019-05-24 03:00:00,694.248840332,0.9170739946776617
5644,2019-05-24 04:00:00,694.395996094,0.9822430768248127
5645,2019-05-24 05:00:00,694.529724121,0.9634376497660218
5646,2019-05-24 06:00:00,694.659179688,0.5430134232594152
5647,2019-05-24 07:00:00,694.730224609,0.64466028598359
5648,2019-05-24 08:00:00,694.816467285,0.22315171190247374
5649,2019-05-24 09:00:00,694.890075684,0.6095491143133223
5650,2019-05-24 10:00:00,694.97064209,0.5720148189955188
5651,2019-05-24 11:00:00,694.993652344,0.24585590182509387
5652,2019-05-24 12:00:00,695.043457031,0.6721541860728816
5653,2019-05-24 13:00:00,695.088378906,0.34595427394879763
5654,2019-05-24 14:00:00,695.12890625,0.07483755146246995
5655,2019-05-24 15:00:00,695.161560059,0.22527686515545642
5656,2019-05-24 16:00:00,695.206176758,0.32248832258263094
5657,2019-05-24 17:00:00,695.250305176,0.727997433257022
5658,2019-05-24 18:00:00,695.311401367,0.7241475991506062
5659,2019-05-24 19:00:00,695.369567871,0.2894960631831376
5660,2019-05-24 20:00:00,695.421630859,0.08105041502223065
5661,2019-05-24 21:00:00,695.45300293,0.08340944994622357
5662,2019-05-24 22:00:00,695.480651855,0.9241300746543765
5663,2019-05-24 23:00:00,695.505615234,0.8239510913091002
5664,2019-05-25 00:00:00,695.531860352,0.8126290497572429
5665,2019-05-25 01:00:00,695.55645752,0.48770738357933097
5666,2019-05-25 02:00:00,695.578369141,0.5718872401630162
5667,2019-05-25 03:00:00,695.600341797,0.2990334198516763
5668,2019-05-25 04:00:00,695.62298584,0.13823567526841285
5669,2019-05-25 05:00:00,695.64251709,0.4403585434759607
5670,2019-05-25 06:00:00,695.657043457,0.9152520630777781
5671,2019-05-25 07:00:00,695.671691895,0.3623479625351743
5672,2019-05-25 08:00:00,695.685302734,0.6711895158419449
5673,2019-05-25 09:00:00,695.699462891,0.4976198610464966
5674,2019-05-25 10:00:00,695.709411621,0.688810531437273
5675,2019-05-25 11:00:00,695.721984863,0.7786967102469465
5676,2019-05-25 12:00:00,695.73046875,0.8730354572666292
5677,2019-05-25 13:00:00,695.74041748,0.6920113275693015
5678,2019-05-25 14:00:00,695.747192383,0.6474005917850028
5679,2019-05-25 15:00:00,695.732116699,0.5159349321244172
5680,2019-05-25 16:00:00,695.70904541,0.9425659393623407
5681,2019-05-25 17:00:00,695.673217773,0.390396787355757
5682,2019-05-25 18:00:00,695.637573242,0.8299930191344538
5683,2019-05-25 19:00:00,695.603942871,0.20261674673207886
5684,2019-05-25 20:00:00,695.585876465,0.12638541700279093
5685,2019-05-25 21:00:00,695.544677734,0.3636288147490311
5686,2019-05-25 22:00:00,695.493164062,0.3096860202321603
5687,2019-05-25 23:00:00,695.440917969,0.09399201181037409
5688,2019-05-26 00:00:00,695.40246582,0.384578215215157
5689,2019-05-26 01:00:00,695.393127441,0.7756022111260544
5690,2019-05-26 02:00:00,695.356018066,0.5903333141659293
5691,2019-05-26 03:00:00,695.352905273,0.32714920047349705
5692,2019-05-26 04:00:00,695.341247559,0.41686641242412403
5693,2019-05-26 05:00:00,695.310546875,0.11432966459786331
5694,2019-05-26 06:00:00,695.276062012,0.8658152761547956
5695,2019-05-26 07:00:00,695.23828125,0.1689535823992172
5696,2019-05-26 08:00:00,695.201965332,0.5179528278263096
5697,2019-05-26 09:00:00,695.166992188,0.4172113458524712
5698,2019-05-26 10:00:00,695.13104248,0.016308091525511492
5699,2019-05-26 11:00:00,695.085998535,0.36505173867641305
5700,2019-05-26 12:00:00,695.035949707,0.12007611760283665
5701,2019-05-26 13:00:00,694.990966797,0.1216629356241562
5702,2019-05-26 14:00:00,694.933959961,0.7702350750942104
5703,2019-05-26 15:00:00,694.874694824,0.8868170846497593
5704,2019-05-26 16:00:00,694.805725098,0.30841297649711485
5705,2019-05-26 17:00:00,694.734069824,0.7139069985661831
5706,2019-05-26 18:00:00,694.668701172,0.6351382181074023
5707,2019-05-26 19:00:00,694.589904785,0.6496409565992739
5708,2019-05-26 20:00:00,694.583129883,0.842254734341851
5709,2019-05-26 21:00:00,694.558227539,0.022617790741978228
5710,2019-05-26 22:00:00,694.535949707,0.7046916455691333
5711,2019-05-26 23:00:00,694.534362793,0.14946513226602154
5712,2019-05-27 00:00:00,694.666320801,0.8080094540946121
5713,2019-05-27 01:00:00,694.796508789,0.026431858415231768
5714,2019-05-27 02:00:00,694.806884766,0.10513773991501552
5715,2019-05-27 03:00:00,694.809509277,0.49933831772770687
5716,2019-05-27 04:00:00,694.805786133,0.10529698163279644
5717,2019-05-27 05:00:00,694.807128906,0.18348755713481313
5718,2019-05-27 06:00:00,694.797607422,0.27918474856563336
5719,2019-05-27 07:00:00,694.79095459,0.09695862091128149
5720,2019-05-27 08:00:00,694.784240723,0.3643583325299702
5721,2019-05-27 09:00:00,694.776062012,0.7326761084981432
5722,2019-05-27 10:00:00,694.767089844,0.03995660619513641
5723,2019-05-27 11:00:00,694.755065918,0.30592991496143307
5724,2019-05-27 12:00:00,694.739990234,0.4988255345240852
5725,2019-05-27 13:00:00,694.73260498,0.6965947283558412
5726,2019-05-27 14:00:00,694.722473145,0.27847690679995174
5727,2019-05-27 15:00:00,694.70300293,0.9067997319405952
5728,2019-05-27 16:00:00,694.679992676,0.32474641741734456
5729,2019-05-27 17:00:00,694.645935059,0.6668823487137466
5730,2019-05-27 18:00:00,694.608581543,0.1162504835907553
5731,2019-05-27 19:00:00,694.573242188,0.017180131376010266
5732,2019-05-27 20:00:00,694.543151855,0.07791365553053231
5733,2019-05-27 21:00:00,694.509765625,0.6881093693787985
5734,2019-05-27 22:00:00,694.841796875,0.22454571527016887
5735,2019-05-27 23:00:00,695.808166504,0.9716066469349954
5736,2019-05-28 00:00:00,695.865722656,0.3126258239727614
5737,2019-05-28 01:00:00,695.921325684,0.7702927931651028
5738,2019-05-28 02:00:00,696.268005371,0.9582102307241949
5739,2019-05-28 03:00:00,697.322570801,0.5444344426135159
5740,2019-05-28 04:00:00,697.706970215,0.18719918376861644
5741,2019-05-28 05:00:00,697.862426758,0.21511744564178625
5742,2019-05-28 06:00:00,697.966186523,0.8992762327940762
5743,2019-05-28 07:00:00,698.065490723,0.41662901937402974
5744,2019-05-28 08:00:00,698.186645508,0.11291996495309953
5745,2019-05-28 09:00:00,698.532531738,0.13060535159127684
5746,2019-05-28 10:00:00,698.921447754,0.046585994078362836
5747,2019-05-28 11:00:00,698.993530273,0.005211570946870414
5748,2019-05-28 12:00:00,699.058166504,0.444029708749184
5749,2019-05-28 13:00:00,699.125671387,0.8437989344423322
5750,2019-05-28 14:00:00,699.162780762,0.5305113821037027
5751,2019-05-28 15:00:00,700.131835938,0.9879775857929648
5752,2019-05-28 16:00:00,701.675842285,0.24540430843881988
5753,2019-05-28 17:00:00,701.939208984,0.6143893784443256
5754,2019-05-28 18:00:00,702.136352539,0.6716517118693902
5755,2019-05-28 19:00:00,702.295227051,0.6991013135534379
5756,2019-05-28 20:00:00,702.44744873,0.044983255287637136
5757,2019-05-28 21:00:00,702.551635742,0.6512756308276524
5758,2019-05-28 22:00:00,702.651794434,0.09533919117511835
5759,2019-05-28 23:00:00,702.826843262,0.6638848759130308
5760,2019-05-29 00:00:00,702.843200684,0.47109563750232997
5761,2019-05-29 01:00:00,703.211669922,0.2071626076644394
5762,2019-05-29 02:00:00,703.587158203,0.5211426450011835
5763,2019-05-29 03:00:00,703.62109375,0.8539027492666326
5764,2019-05-29 04:00:00,703.675964355,0.6371368511109831
5765,2019-05-29 05:00:00,703.749267578,0.0529705658126719
5766,2019-05-29 06:00:00,703.857299805,0.37794470190144014
5767,2019-05-29 07:00:00,703.939086914,0.44954590748488477
5768,2019-05-29 08:00:00,704.045959473,0.5248032650140646
5769,2019-05-29 09:00:00,704.132446289,0.48006301559764575
5770,2019-05-29 10:00:00,704.221313477,0.9187987569244488
5771,2019-05-29 11:00:00,704.257507324,0.3555587047340265
5772,2019-05-29 12:00:00,704.289306641,0.7903416043280711
5773,2019-05-29 13:00:00,704.31048584,0.8066294695559987
5774,2019-05-29 14:00:00,704.329040527,0.2837532425677076
5775,2019-05-29 15:00:00,704.336853027,0.7999707606567973
5776,2019-05-29 16:00:00,704.377624512,0.6525510763687463
5777,2019-05-29 17:00:00,704.427612305,0.9008924485864039
5778,2019-05-29 18:00:00,704.493286133,0.3301119295931737
5779,2019-05-29 19:00:00,704.545776367,0.7926899806942953
5780,2019-05-29 20:00:00,704.604064941,0.007013271865738302
5781,2019-05-29 21:00:00,704.924438477,0.7733675412013403
5782,2019-05-29 22:00:00,705.115112305,0.12922020574425308
5783,2019-05-29 23:00:00,706.794494629,0.8239712385848935
5784,2019-05-30 00:00:00,707.331542969,0.03462832352585321
5785,2019-05-30 01:00:00,707.692443848,0.7346675968605014
5786,2019-05-30 02:00:00,707.711120605,0.4070467776127724
5787,2019-05-30 03:00:00,707.767211914,0.9594716335921398
5788,2019-05-30 04:00:00,707.826660156,0.6654363438797477
5789,2019-05-30 05:00:00,707.907043457,0.22713565401770175
5790,2019-05-30 06:00:00,708.047546387,0.7168162934376574
5791,2019-05-30 07:00:00,708.129394531,0.9533972559373547
5792,2019-05-30 08:00:00,708.210510254,0.2992954751247686
5793,2019-05-30 09:00:00,708.294372559,0.24938836620213722
5794,2019-05-30 10:00:00,708.381896973,0.6909410405037394
5795,2019-05-30 11:00:00,708.42980957,0.3025575770751452
5796,2019-05-30 12:00:00,708.488586426,0.42407983570794705
5797,2019-05-30 13:00:00,708.535461426,0.10839885512038616
5798,2019-05-30 14:00:00,708.562683105,0.3859647664180831
5799,2019-05-30 15:00:00,708.595458984,0.6054636442611482
5800,2019-05-30 16:00:00,708.694030762,0.5283951529536918
5801,2019-05-30 17:00:00,708.80682373,0.12840396486484273
5802,2019-05-30 18:00:00,708.921875,0.3611670861778259
5803,2019-05-30 19:00:00,709.043518066,0.1702094546802535
5804,2019-05-30 20:00:00,709.332641602,0.10611691796939615
5805,2019-05-30 21:00:00,709.393005371,0.9994961862508821
5806,2019-05-30 22:00:00,709.572875977,0.07004760949860234
5807,2019-05-30 23:00:00,709.782531738,0.030856786483912435
5808,2019-05-31 00:00:00,710.041137695,0.21670111280256366
5809,2019-05-31 01:00:00,710.06262207,0.42265614257950845
5810,2019-05-31 02:00:00,710.097961426,0.1688572124950084
5811,2019-05-31 03:00:00,710.137695312,0.5135119585536048
5812,2019-05-31 04:00:00,710.538513184,0.9890842666882207
5813,2019-05-31 05:00:00,710.705200195,0.5453129444900916
5814,2019-05-31 06:00:00,710.730651855,0.5626698666440046
5815,2019-05-31 07:00:00,710.884155273,0.4173480246043001
5816,2019-05-31 08:00:00,710.901123047,0.5893563269418766
5817,2019-05-31 09:00:00,710.958557129,0.019661227678824722
5818,2019-05-31 10:00:00,711.048828125,0.9714315122767112
5819,2019-05-31 11:00:00,711.13494873,0.41841096058645244
5820,2019-05-31 12:00:00,711.217773438,0.4849635448400791
5821,2019-05-31 13:00:00,711.280944824,0.09174446715253937
5822,2019-05-31 14:00:00,711.321228027,0.025282414615334203
5823,2019-05-31 15:00:00,711.359985352,0.40441477464628417
5824,2019-05-31 16:00:00,711.478637695,0.8236725602921106
5825,2019-05-31 17:00:00,711.578186035,0.3913096132307955
5826,2019-05-31 18:00:00,711.671630859,0.5266259269433657
5827,2019-05-31 19:00:00,711.762756348,0.6009576319547935
5828,2019-05-31 20:00:00,711.831420898,0.23426960402385655
5829,2019-05-31 21:00:00,711.842285156,0.8880463478441993
5830,2019-05-31 22:00:00,711.851867676,0.3299265591115357
5831,2019-05-31 23:00:00,711.862487793,0.39173160694512
5832,2019-06-01 00:00:00,711.867004395,0.4089276524778226
5833,2019-06-01 01:00:00,711.874816895,0.963496409554409
5834,2019-06-01 02:00:00,711.883117676,0.8713280255811311
5835,2019-06-01 03:00:00,711.894958496,0.47332805987901305
5836,2019-06-01 04:00:00,711.912841797,0.9535693390466501
5837,2019-06-01 05:00:00,711.929504395,0.8880295223708418
5838,2019-06-01 06:00:00,711.94720459,0.700471041855667
5839,2019-06-01 07:00:00,711.957519531,0.18370617289276436
5840,2019-06-01 08:00:00,711.964050293,0.24054355440574293
5841,2019-06-01 09:00:00,711.962097168,0.6546879952547674
5842,2019-06-01 10:00:00,711.952941895,0.15091429027690872
5843,2019-06-01 11:00:00,711.936950684,0.7202747805751094
5844,2019-06-01 12:00:00,711.916259766,0.9937993353598419
5845,2019-06-01 13:00:00,711.894836426,0.636505869531681
5846,2019-06-01 14:00:00,711.887878418,0.8903705754676963
5847,2019-06-01 15:00:00,711.878601074,0.5537044013975879
5848,2019-06-01 16:00:00,711.858398438,0.7225529500468033
5849,2019-06-01 17:00:00,711.841491699,0.5579488420497486
5850,2019-06-01 18:00:00,711.8046875,0.6733228370257058
5851,2019-06-01 19:00:00,711.790649414,0.5763454738940395
5852,2019-06-01 20:00:00,711.727905273,0.42284104373458387
5853,2019-06-01 21:00:00,711.507324219,0.9848758012410841
5854,2019-06-01 22:00:00,711.227844238,0.5340036895395097
5855,2019-06-01 23:00:00,710.883056641,0.695045910275695
5856,2019-06-02 00:00:00,710.407958984,0.5885683548322747
5857,2019-06-02 01:00:00,710.032043457,0.0875348977197925
5858,2019-06-02 02:00:00,709.717773438,0.21480379343450318
5859,2019-06-02 03:00:00,709.456542969,0.39187234333539933
5860,2019-06-02 04:00:00,709.239379883,0.22790936675165563
5861,2019-06-02 05:00:00,709.026123047,0.5538753493799603
5862,2019-06-02 06:00:00,708.729125977,0.0570173587714905
5863,2019-06-02 07:00:00,708.422729492,0.9676849408058614
5864,2019-06-02 08:00:00,708.074035645,0.5595454577450344
5865,2019-06-02 09:00:00,707.749938965,0.44929241663294206
5866,2019-06-02 10:00:00,707.437744141,0.6486136594709467
5867,2019-06-02 11:00:00,707.190124512,0.37561030871433976
5868,2019-06-02 12:00:00,706.969482422,0.2001022566383328
5869,2019-06-02 13:00:00,706.776611328,0.011759209541654658
5870,2019-06-02 14:00:00,706.473999023,0.004611130559272647
5871,2019-06-02 15:00:00,705.914367676,0.7785581810828598
5872,2019-06-02 16:00:00,705.139160156,0.7897735328233624
5873,2019-06-02 17:00:00,704.238708496,0.07666718189321142
5874,2019-06-02 18:00:00,703.037658691,0.03054790718153
5875,2019-06-02 19:00:00,701.846435547,0.39296366323492826
5876,2019-06-02 20:00:00,700.848205566,0.9146439247799688
5877,2019-06-02 21:00:00,699.723571777,0.477024627619013
5878,2019-06-02 22:00:00,698.602783203,0.11340678089341272
5879,2019-06-02 23:00:00,697.657287598,0.31287060291873303
5880,2019-06-03 00:00:00,696.88659668,0.10414434695980346
5881,2019-06-03 01:00:00,696.245727539,0.03915263674419811
5882,2019-06-03 02:00:00,695.716308594,0.14434265603609286
5883,2019-06-03 03:00:00,695.275024414,0.664474899051656
5884,2019-06-03 04:00:00,694.903808594,0.6673586857779381
5885,2019-06-03 05:00:00,694.591491699,0.6122591527205146
5886,2019-06-03 06:00:00,694.327087402,0.9081543181176894
5887,2019-06-03 07:00:00,694.088439941,0.10669240431938976
5888,2019-06-03 08:00:00,693.87689209,0.4444203365828021
5889,2019-06-03 09:00:00,693.687194824,0.6052479543205521
5890,2019-06-03 10:00:00,693.524536133,0.9655728567671642
5891,2019-06-03 11:00:00,693.389282227,0.7953227281203661
5892,2019-06-03 12:00:00,693.278686523,0.0734823138963544
5893,2019-06-03 13:00:00,693.188476562,0.5793785741713637
5894,2019-06-03 14:00:00,693.104492188,0.18412204266897114
5895,2019-06-03 15:00:00,693.022033691,0.556839874031335
5896,2019-06-03 16:00:00,692.936706543,0.9669412121236021
5897,2019-06-03 17:00:00,692.817382812,0.9221973784285227
5898,2019-06-03 18:00:00,692.597351074,0.39886057619288184
5899,2019-06-03 19:00:00,692.142272949,0.7735601173696668
5900,2019-06-03 20:00:00,691.622009277,0.11889273580282866
5901,2019-06-03 21:00:00,691.052856445,0.7205078345046954
5902,2019-06-03 22:00:00,690.593994141,0.7881033312819816
5903,2019-06-03 23:00:00,690.210510254,0.7931354079055671
5904,2019-06-04 00:00:00,689.880126953,0.5219491498086059
5905,2019-06-04 01:00:00,689.607666016,0.6648994073783748
5906,2019-06-04 02:00:00,689.380310059,0.7041454412793599
5907,2019-06-04 03:00:00,689.19342041,0.9701656884434791
5908,2019-06-04 04:00:00,689.032531738,0.5082549464430602
5909,2019-06-04 05:00:00,688.893676758,0.03709963925539572
5910,2019-06-04 06:00:00,688.775756836,0.7825919113038603
5911,2019-06-04 07:00:00,688.657104492,0.10119414891719891
5912,2019-06-04 08:00:00,688.553527832,0.04203246110871972
5913,2019-06-04 09:00:00,688.469909668,0.5562986011564639
5914,2019-06-04 10:00:00,688.375854492,0.08357468706482929
5915,2019-06-04 11:00:00,688.289123535,0.8769057054627627
5916,2019-06-04 12:00:00,688.204589844,0.4849530794679673
5917,2019-06-04 13:00:00,688.136047363,0.40135834959091
5918,2019-06-04 14:00:00,688.07611084,0.627671130166803
5919,2019-06-04 15:00:00,688.018066406,0.9533190839955451
5920,2019-06-04 16:00:00,687.968811035,0.7564183830251681
5921,2019-06-04 17:00:00,687.858703613,0.118249108423097
5922,2019-06-04 18:00:00,687.646911621,0.39310376144806436
5923,2019-06-04 19:00:00,687.071228027,0.5439503322149944
5924,2019-06-04 20:00:00,686.635131836,0.7819964296033931
5925,2019-06-04 21:00:00,686.273132324,0.6143949412835603
5926,2019-06-04 22:00:00,685.971801758,0.8272730011862827
5927,2019-06-04 23:00:00,685.721862793,0.4021809616039168
5928,2019-06-05 00:00:00,685.513000488,0.20694273334464308
5929,2019-06-05 01:00:00,685.338195801,0.3998407472698955
5930,2019-06-05 02:00:00,685.18951416,0.924171930160565
5931,2019-06-05 03:00:00,685.067871094,0.7006210825418167
5932,2019-06-05 04:00:00,684.961242676,0.8249123499471526
5933,2019-06-05 05:00:00,684.869445801,0.12211257148874177
5934,2019-06-05 06:00:00,684.78314209,0.4137055718349737
5935,2019-06-05 07:00:00,684.69317627,0.5601915542966576
5936,2019-06-05 08:00:00,684.614868164,0.6226647082711155
5937,2019-06-05 09:00:00,684.547119141,0.7025201319273751
5938,2019-06-05 10:00:00,684.491699219,0.4648938461957921
5939,2019-06-05 11:00:00,684.452697754,0.8765196662856107
5940,2019-06-05 12:00:00,684.417358398,0.15740477450705137
5941,2019-06-05 13:00:00,684.380493164,0.48442775913915737
5942,2019-06-05 14:00:00,684.34375,0.7081007295871468
5943,2019-06-05 15:00:00,684.303710938,0.8631390214812397
5944,2019-06-05 16:00:00,684.262878418,0.32212011608566116
5945,2019-06-05 17:00:00,684.222717285,0.6983421205782998
5946,2019-06-05 18:00:00,684.173950195,0.01918139791744755
5947,2019-06-05 19:00:00,684.0546875,0.3193642155069021
5948,2019-06-05 20:00:00,683.946472168,0.40921187828202765
5949,2019-06-05 21:00:00,683.844299316,0.38176425680283943
5950,2019-06-05 22:00:00,683.757385254,0.04026090766287449
5951,2019-06-05 23:00:00,683.675231934,0.6387063752199139
5952,2019-06-06 00:00:00,683.609436035,0.6288619201022476
5953,2019-06-06 01:00:00,683.552856445,0.20929173110325117
5954,2019-06-06 02:00:00,683.504333496,0.40137592151792234
5955,2019-06-06 03:00:00,683.462646484,0.10449938286087679
5956,2019-06-06 04:00:00,683.426391602,0.8042327285155697
5957,2019-06-06 05:00:00,683.394165039,0.32021783755586597
5958,2019-06-06 06:00:00,683.363220215,0.02520022408331868
5959,2019-06-06 07:00:00,683.336669922,0.28679373782260786
5960,2019-06-06 08:00:00,683.311645508,0.8102658191402464
5961,2019-06-06 09:00:00,683.290405273,0.3562362250178397
5962,2019-06-06 10:00:00,683.27331543,0.18250083092144676
5963,2019-06-06 11:00:00,683.258544922,0.5517884194249375
5964,2019-06-06 12:00:00,683.24420166,0.4334850261423254
5965,2019-06-06 13:00:00,683.225158691,0.4390472545373689
5966,2019-06-06 14:00:00,683.205078125,0.22657525507976295
5967,2019-06-06 15:00:00,683.181762695,0.13853101655420585
5968,2019-06-06 16:00:00,683.151733398,0.07026950531001908
5969,2019-06-06 17:00:00,683.113525391,0.8880000169890967
5970,2019-06-06 18:00:00,683.011474609,0.1333111039610918
5971,2019-06-06 19:00:00,682.867370605,0.007895725578787927
5972,2019-06-06 20:00:00,682.709106445,0.5843994621969769
5973,2019-06-06 21:00:00,682.58203125,0.9755089193292422
5974,2019-06-06 22:00:00,682.472961426,0.6032066635547688
5975,2019-06-06 23:00:00,682.383666992,0.3528405775231286
5976,2019-06-07 00:00:00,682.305969238,0.2021434985949251
5977,2019-06-07 01:00:00,682.239990234,0.6411415489082474
5978,2019-06-07 02:00:00,682.181518555,0.38901139326091827
5979,2019-06-07 03:00:00,682.130187988,0.2610295109908215
5980,2019-06-07 04:00:00,682.082092285,0.46117584583402405
5981,2019-06-07 05:00:00,682.039428711,0.920134750162404
5982,2019-06-07 06:00:00,682.002685547,0.4576338172774198
5983,2019-06-07 07:00:00,681.969848633,0.8644096533872448
5984,2019-06-07 08:00:00,681.934448242,0.602063837839379
5985,2019-06-07 09:00:00,681.90246582,0.8825269133151346
5986,2019-06-07 10:00:00,681.875427246,0.6848729012470209
5987,2019-06-07 11:00:00,681.854064941,0.05247806144436873
5988,2019-06-07 12:00:00,681.834655762,0.5983953793718219
5989,2019-06-07 13:00:00,681.814331055,0.23982809422478701
5990,2019-06-07 14:00:00,681.794616699,0.9470114521449533
5991,2019-06-07 15:00:00,681.772460938,0.989774759848072
5992,2019-06-07 16:00:00,681.740783691,0.09151506011713628
5993,2019-06-07 17:00:00,681.641357422,0.274259173683465
5994,2019-06-07 18:00:00,681.369140625,0.41931407853718206
5995,2019-06-07 19:00:00,681.119689941,0.758581902038413
5996,2019-06-07 20:00:00,680.778808594,0.8767927634743846
5997,2019-06-07 21:00:00,680.216308594,0.48621995331372225
5998,2019-06-07 22:00:00,679.533447266,0.20242240436641779
5999,2019-06-07 23:00:00,678.72467041,0.9132826984901734
6000,2019-06-08 00:00:00,678.08404541,0.7237410464283313
6001,2019-06-08 01:00:00,677.518615723,0.9619362370681996
6002,2019-06-08 02:00:00,677.010131836,0.2614377448444045
6003,2019-06-08 03:00:00,676.588684082,0.7675818985625821
6004,2019-06-08 04:00:00,676.239807129,0.25313892503071656
6005,2019-06-08 05:00:00,675.94732666,0.046003564121225415
6006,2019-06-08 06:00:00,675.707397461,0.874031308092802
6007,2019-06-08 07:00:00,675.503845215,0.8133293133378832
6008,2019-06-08 08:00:00,675.328735352,0.9959516483402446
6009,2019-06-08 09:00:00,675.17565918,0.677230227343624
6010,2019-06-08 10:00:00,675.040405273,0.49642824579065636
6011,2019-06-08 11:00:00,674.917602539,0.9374202420884155
6012,2019-06-08 12:00:00,674.806945801,0.45589289410353495
6013,2019-06-08 13:00:00,674.714111328,0.14265562103372653
6014,2019-06-08 14:00:00,674.632263184,0.9784095750714344
6015,2019-06-08 15:00:00,674.562438965,0.8734341849637846
6016,2019-06-08 16:00:00,674.471435547,0.8494621290615778
6017,2019-06-08 17:00:00,674.282958984,0.6144305621024602
6018,2019-06-08 18:00:00,673.937927246,0.8906789352392799
6019,2019-06-08 19:00:00,673.520935059,0.6500770010768271
6020,2019-06-08 20:00:00,673.093200684,0.8889686736617717
6021,2019-06-08 21:00:00,672.623535156,0.558020482354858
6022,2019-06-08 22:00:00,672.117004395,0.08782451632765065
6023,2019-06-08 23:00:00,671.700744629,0.4069375575752757
6024,2019-06-09 00:00:00,671.360656738,0.050929828285953604
6025,2019-06-09 01:00:00,671.075134277,0.36878340498177986
6026,2019-06-09 02:00:00,670.837341309,0.2360463176853823
6027,2019-06-09 03:00:00,670.63269043,0.5656746098429388
6028,2019-06-09 04:00:00,670.467773438,0.891968348296225
6029,2019-06-09 05:00:00,670.331542969,0.4120822408057402
6030,2019-06-09 06:00:00,670.217285156,0.20928531789809557
6031,2019-06-09 07:00:00,670.124084473,0.3819479904978018
6032,2019-06-09 08:00:00,670.049316406,0.5036423234129866
6033,2019-06-09 09:00:00,669.984619141,0.6253588573907769
6034,2019-06-09 10:00:00,669.931945801,0.23099879219438146
6035,2019-06-09 11:00:00,669.887084961,0.5320055478116625
6036,2019-06-09 12:00:00,669.849853516,0.9757611909616694
6037,2019-06-09 13:00:00,669.812683105,0.18615992517069957
6038,2019-06-09 14:00:00,669.777954102,0.9197849594314873
6039,2019-06-09 15:00:00,669.746887207,0.06556143807969617
6040,2019-06-09 16:00:00,669.708740234,0.3284968053040168
6041,2019-06-09 17:00:00,669.660095215,0.601258660918836
6042,2019-06-09 18:00:00,669.614501953,0.9521621099396852
6043,2019-06-09 19:00:00,669.576904297,0.5943677509012988
6044,2019-06-09 20:00:00,669.544189453,0.931592755443536
6045,2019-06-09 21:00:00,669.513793945,0.6870118864108249
6046,2019-06-09 22:00:00,669.483886719,0.8796879663387246
6047,2019-06-09 23:00:00,669.45904541,0.3763822397621266
6048,2019-06-10 00:00:00,669.439941406,0.8996061274581476
6049,2019-06-10 01:00:00,669.419494629,0.9532921313167364
6050,2019-06-10 02:00:00,669.403625488,0.61157664321225
6051,2019-06-10 03:00:00,669.387390137,0.9540248234732924
6052,2019-06-10 04:00:00,669.364562988,0.3819179861624521
6053,2019-06-10 05:00:00,669.331787109,0.991391355571973
6054,2019-06-10 06:00:00,669.303100586,0.9818029853248499
6055,2019-06-10 07:00:00,669.285095215,0.13935314533174792
6056,2019-06-10 08:00:00,669.266845703,0.8222906720043559
6057,2019-06-10 09:00:00,669.247741699,0.4014305661596037
6058,2019-06-10 10:00:00,669.227966309,0.642455724094918
6059,2019-06-10 11:00:00,669.209289551,0.5845401405834069
6060,2019-06-10 12:00:00,669.186218262,0.15111072830455707
6061,2019-06-10 13:00:00,669.169067383,0.886737266131319
6062,2019-06-10 14:00:00,669.153381348,0.6292347270094288
6063,2019-06-10 15:00:00,669.133666992,0.9709047229840648
6064,2019-06-10 16:00:00,669.102783203,0.09188331442557063
6065,2019-06-10 17:00:00,669.06628418,0.4131056506387061
6066,2019-06-10 18:00:00,669.031921387,0.17260634170514677
6067,2019-06-10 19:00:00,669.004333496,0.5549069865602467
6068,2019-06-10 20:00:00,668.984619141,0.027688284110539807
6069,2019-06-10 21:00:00,668.965393066,0.21151502693864632
6070,2019-06-10 22:00:00,668.921630859,0.058084236265989686
6071,2019-06-10 23:00:00,668.895690918,0.5901427820164017
6072,2019-06-11 00:00:00,668.875,0.4278013428745564
6073,2019-06-11 01:00:00,668.856628418,0.6684590403627962
6074,2019-06-11 02:00:00,668.837402344,0.4009290757372801
6075,2019-06-11 03:00:00,668.820007324,0.6028419688430942
6076,2019-06-11 04:00:00,668.802612305,0.40390303681975226
6077,2019-06-11 05:00:00,668.778625488,0.3033714355359526
6078,2019-06-11 06:00:00,668.758178711,0.04582922410713475
6079,2019-06-11 07:00:00,668.740356445,0.9576986777565323
6080,2019-06-11 08:00:00,668.72265625,0.6650826605272891
6081,2019-06-11 09:00:00,668.707824707,0.3086680486175627
6082,2019-06-11 10:00:00,668.694396973,0.6374816030890428
6083,2019-06-11 11:00:00,668.682861328,0.4105432955306878
6084,2019-06-11 12:00:00,668.670349121,0.8332277276420663
6085,2019-06-11 13:00:00,668.656188965,0.40952736235585363
6086,2019-06-11 14:00:00,668.640197754,0.590478884113637
6087,2019-06-11 15:00:00,668.622253418,0.3098626710924981
6088,2019-06-11 16:00:00,668.572753906,0.5873404877719789
6089,2019-06-11 17:00:00,668.52142334,0.061763080308952056
6090,2019-06-11 18:00:00,668.447937012,0.5029008173982615
6091,2019-06-11 19:00:00,668.348266602,0.9165346108372627
6092,2019-06-11 20:00:00,668.187561035,0.8803994859758835
6093,2019-06-11 21:00:00,667.861816406,0.12079047768034656
6094,2019-06-11 22:00:00,667.601135254,0.8665428120138299
6095,2019-06-11 23:00:00,667.309448242,0.5121356334826601
6096,2019-06-12 00:00:00,667.075805664,0.5242041328939645
6097,2019-06-12 01:00:00,666.881103516,0.7499241759433664
6098,2019-06-12 02:00:00,666.725280762,0.7759629599666813
6099,2019-06-12 03:00:00,666.598999023,0.5221224214839575
6100,2019-06-12 04:00:00,666.493835449,0.8435336501736812
6101,2019-06-12 05:00:00,666.404663086,0.9742396986836215
6102,2019-06-12 06:00:00,666.328857422,0.42329448789466584
6103,2019-06-12 07:00:00,666.26550293,0.48143581190784923
6104,2019-06-12 08:00:00,666.2109375,0.85984859880436
6105,2019-06-12 09:00:00,666.166503906,0.03125004803428255
6106,2019-06-12 10:00:00,666.129638672,0.85808102218948
6107,2019-06-12 11:00:00,666.098815918,0.5737536120736826
6108,2019-06-12 12:00:00,666.071289062,0.45871305953722097
6109,2019-06-12 13:00:00,666.046325684,0.21315778905760718
6110,2019-06-12 14:00:00,666.022521973,0.19416872771491878
6111,2019-06-12 15:00:00,665.998779297,0.02773691719191418
6112,2019-06-12 16:00:00,665.976806641,0.7208780977424498
6113,2019-06-12 17:00:00,665.954772949,0.04988844114153923
6114,2019-06-12 18:00:00,665.928405762,0.6966950610277701
6115,2019-06-12 19:00:00,665.848815918,0.5390011145882863
6116,2019-06-12 20:00:00,665.777954102,0.8271590092820645
6117,2019-06-12 21:00:00,665.706115723,0.7497395214130126
6118,2019-06-12 22:00:00,665.651977539,0.6710299982642574
6119,2019-06-12 23:00:00,665.601745605,0.27403216460156754
6120,2019-06-13 00:00:00,665.558776855,0.37683253267313566
6121,2019-06-13 01:00:00,665.521179199,0.1694907436512827
6122,2019-06-13 02:00:00,665.4921875,0.40439831050020625
6123,2019-06-13 03:00:00,665.464416504,0.21035234364512456
6124,2019-06-13 04:00:00,665.445129395,0.08600502589122427
6125,2019-06-13 05:00:00,665.424682617,0.7685756441159662
6126,2019-06-13 06:00:00,665.406433105,0.35857753438833995
6127,2019-06-13 07:00:00,665.389892578,0.6828221834202238
6128,2019-06-13 08:00:00,665.373901367,0.41929142658277574
6129,2019-06-13 09:00:00,665.360046387,0.9471847670149233
6130,2019-06-13 10:00:00,665.348632812,0.35539717186732056
6131,2019-06-13 11:00:00,665.337768555,0.25630992841269007
6132,2019-06-13 12:00:00,665.326416016,0.4939676777992771
6133,2019-06-13 13:00:00,665.310852051,0.4642295468613009
6134,2019-06-13 14:00:00,665.294067383,0.044020114004423405
6135,2019-06-13 15:00:00,665.272155762,0.9605450224097805
6136,2019-06-13 16:00:00,665.24420166,0.0967436644545332
6137,2019-06-13 17:00:00,665.06829834,0.8137255042458645
6138,2019-06-13 18:00:00,664.766479492,0.8328334775865116
6139,2019-06-13 19:00:00,664.444091797,0.6330509139325722
6140,2019-06-13 20:00:00,664.147583008,0.4343612123285536
6141,2019-06-13 21:00:00,663.877258301,0.22704889541612805
6142,2019-06-13 22:00:00,663.605285645,0.937780496950681
6143,2019-06-13 23:00:00,663.326416016,0.28098206658507874
6144,2019-06-14 00:00:00,663.077636719,0.01340189200042674
6145,2019-06-14 01:00:00,662.870849609,0.3081066272067837
6146,2019-06-14 02:00:00,662.528137207,0.5281518402062076
6147,2019-06-14 03:00:00,662.257263184,0.4738462011973328
6148,2019-06-14 04:00:00,662.041259766,0.07219762558134346
6149,2019-06-14 05:00:00,661.870605469,0.19786225560244175
6150,2019-06-14 06:00:00,661.729858398,0.36085037394136266
6151,2019-06-14 07:00:00,661.612548828,0.07217238409648463
6152,2019-06-14 08:00:00,661.511657715,0.5749657751656808
6153,2019-06-14 09:00:00,661.42755127,0.8542576910769737
6154,2019-06-14 10:00:00,661.357299805,0.7145485565004549
6155,2019-06-14 11:00:00,661.299987793,0.5592888003809139
6156,2019-06-14 12:00:00,661.244812012,0.32313251724979597
6157,2019-06-14 13:00:00,661.198730469,0.026524611572642076
6158,2019-06-14 14:00:00,661.153442383,0.6423328983757141
6159,2019-06-14 15:00:00,661.097839355,0.7748118914663068
6160,2019-06-14 16:00:00,660.955200195,0.2547978740912191
6161,2019-06-14 17:00:00,660.703430176,0.6131986883625258
6162,2019-06-14 18:00:00,660.0703125,0.33623253849048385
6163,2019-06-14 19:00:00,659.274841309,0.8563226697586752
6164,2019-06-14 20:00:00,658.62512207,0.5703014765545948
6165,2019-06-14 21:00:00,658.059143066,0.07041714477292182
6166,2019-06-14 22:00:00,657.210510254,0.22630838947586374
6167,2019-06-14 23:00:00,656.497741699,0.815491399928057
6168,2019-06-15 00:00:00,655.716125488,0.14818090002504392
6169,2019-06-15 01:00:00,655.051147461,0.5910888930639201
6170,2019-06-15 02:00:00,654.505981445,0.8014845527050896
6171,2019-06-15 03:00:00,654.054382324,0.9252450205110443
6172,2019-06-15 04:00:00,653.694641113,0.848354587546362
6173,2019-06-15 05:00:00,653.396911621,0.28520946421511184
6174,2019-06-15 06:00:00,653.14465332,0.8124949040977927
6175,2019-06-15 07:00:00,652.942626953,0.18617657666398746
6176,2019-06-15 08:00:00,652.780944824,0.37501894843217587
6177,2019-06-15 09:00:00,652.652038574,0.21892011229697383
6178,2019-06-15 10:00:00,652.545288086,0.5635893766352463
6179,2019-06-15 11:00:00,652.45916748,0.35443890600039507
6180,2019-06-15 12:00:00,652.387939453,0.2560623606081013
6181,2019-06-15 13:00:00,652.323852539,0.27207340863640417
6182,2019-06-15 14:00:00,652.269287109,0.6430580101425193
6183,2019-06-15 15:00:00,652.220703125,0.35827311080634405
6184,2019-06-15 16:00:00,652.174499512,0.8775282474992869
6185,2019-06-15 17:00:00,652.129455566,0.14032055047120373
6186,2019-06-15 18:00:00,652.084411621,0.6306953419090314
6187,2019-06-15 19:00:00,652.02545166,0.9586962472152085
6188,2019-06-15 20:00:00,652.00994873,0.13597659778049476
6189,2019-06-15 21:00:00,651.992797852,0.12132739800956671
6190,2019-06-15 22:00:00,651.943908691,0.5222782641073254
6191,2019-06-15 23:00:00,651.901489258,0.05414301414691569
6192,2019-06-16 00:00:00,651.866394043,0.9498491975363477
6193,2019-06-16 01:00:00,651.835998535,0.3129107598356119
6194,2019-06-16 02:00:00,651.809326172,0.7077470635653444
6195,2019-06-16 03:00:00,651.789489746,0.12223052124649281
6196,2019-06-16 04:00:00,651.770019531,0.33866425003377554
6197,2019-06-16 05:00:00,651.751708984,0.42691853674663227
6198,2019-06-16 06:00:00,651.736633301,0.6235468691282602
6199,2019-06-16 07:00:00,651.724609375,0.42128227498381043
6200,2019-06-16 08:00:00,651.716369629,0.1666422837906375
6201,2019-06-16 09:00:00,651.709533691,0.7141320371034984
6202,2019-06-16 10:00:00,651.704467773,0.6969476867807147
6203,2019-06-16 11:00:00,651.701538086,0.33704321781137403
6204,2019-06-16 12:00:00,651.698364258,0.13074357797065972
6205,2019-06-16 13:00:00,651.690673828,0.8383085942620683
6206,2019-06-16 14:00:00,651.682617188,0.47243985915601316
6207,2019-06-16 15:00:00,651.675842285,0.0017840936591444478
6208,2019-06-16 16:00:00,651.670166016,0.5975020675956932
6209,2019-06-16 17:00:00,651.660339355,0.2743712871447008
6210,2019-06-16 18:00:00,651.644104004,0.13160431407017237
6211,2019-06-16 19:00:00,651.493835449,0.9802518049505747
6212,2019-06-16 20:00:00,651.343078613,0.9742971713187749
6213,2019-06-16 21:00:00,651.219787598,0.8106447446372382
6214,2019-06-16 22:00:00,651.115722656,0.670341714719986
6215,2019-06-16 23:00:00,651.023620605,0.5384172808087636
6216,2019-06-17 00:00:00,651.011352539,0.43236684627798416
6217,2019-06-17 01:00:00,651.165344238,0.27281892787871576
6218,2019-06-17 02:00:00,651.176513672,0.11898703736700389
6219,2019-06-17 03:00:00,651.100341797,0.3135691361204632
6220,2019-06-17 04:00:00,651.036621094,0.20070659335565944
6221,2019-06-17 05:00:00,650.98223877,0.19308892521250787
6222,2019-06-17 06:00:00,650.937805176,0.675641366879682
6223,2019-06-17 07:00:00,650.899475098,0.4191420820397954
6224,2019-06-17 08:00:00,650.865539551,0.025929778249393798
6225,2019-06-17 09:00:00,650.842651367,0.4514997962189171
6226,2019-06-17 10:00:00,650.826477051,0.6456748698632259
6227,2019-06-17 11:00:00,650.810119629,0.7851091371715027
6228,2019-06-17 12:00:00,650.796875,0.09245159011987714
6229,2019-06-17 13:00:00,650.782531738,0.6397848616792531
6230,2019-06-17 14:00:00,650.778259277,0.5442645447776476
6231,2019-06-17 15:00:00,650.777770996,0.5067073372796075
6232,2019-06-17 16:00:00,650.784301758,0.021049090071600163
6233,2019-06-17 17:00:00,650.788513184,0.5666688008499727
6234,2019-06-17 18:00:00,650.737426758,0.23067888266546155
6235,2019-06-17 19:00:00,650.677429199,0.14119312022324515
6236,2019-06-17 20:00:00,650.469909668,0.6136419865621723
6237,2019-06-17 21:00:00,650.144042969,0.05157013271379607
6238,2019-06-17 22:00:00,649.794311523,0.9360416449321008
6239,2019-06-17 23:00:00,649.508789062,0.4034684606542773
6240,2019-06-18 00:00:00,649.277526855,0.17861479107738598
6241,2019-06-18 01:00:00,649.174316406,0.661751306011341
6242,2019-06-18 02:00:00,649.010925293,0.22438250423237727
6243,2019-06-18 03:00:00,648.944885254,0.1414822967332131
6244,2019-06-18 04:00:00,648.834289551,0.8842600291935034
6245,2019-06-18 05:00:00,648.807067871,0.853613100060299
6246,2019-06-18 06:00:00,648.737487793,0.2981499243416563
6247,2019-06-18 07:00:00,648.682312012,0.4578321840881734
6248,2019-06-18 08:00:00,648.642028809,0.7041018735919884
6249,2019-06-18 09:00:00,648.611999512,0.4196363034782489
6250,2019-06-18 10:00:00,648.591308594,0.7016969806400142
6251,2019-06-18 11:00:00,648.578857422,0.7301232562244708
6252,2019-06-18 12:00:00,648.574951172,0.6289933046073483
6253,2019-06-18 13:00:00,648.57043457,0.2695169236313849
6254,2019-06-18 14:00:00,648.565368652,0.6814717528668184
6255,2019-06-18 15:00:00,648.566467285,0.6782147911995147
6256,2019-06-18 16:00:00,648.579833984,0.09935294855598731
6257,2019-06-18 17:00:00,648.524475098,0.36096329042079667
6258,2019-06-18 18:00:00,648.524963379,0.9143173443144621
6259,2019-06-18 19:00:00,648.969787598,0.36354858510617705
6260,2019-06-18 20:00:00,648.345214844,0.206440767076987
6261,2019-06-18 21:00:00,647.831726074,0.8692530250546482
6262,2019-06-18 22:00:00,647.383544922,0.23749401606346676
6263,2019-06-18 23:00:00,647.017028809,0.25163025296242303
6264,2019-06-19 00:00:00,646.723022461,0.0769920048920415
6265,2019-06-19 01:00:00,646.483459473,0.793861308513003
6266,2019-06-19 02:00:00,647.67956543,0.22858335553024234
6267,2019-06-19 03:00:00,649.661804199,0.7860220639284057
6268,2019-06-19 04:00:00,648.943115234,0.872908147657098
6269,2019-06-19 05:00:00,648.357910156,0.14897475763323165
6270,2019-06-19 06:00:00,647.878723145,0.5491131199727041
6271,2019-06-19 07:00:00,647.487548828,0.3589741752548874
6272,2019-06-19 08:00:00,647.17010498,0.6967546556461441
6273,2019-06-19 09:00:00,646.912414551,0.557319776729026
6274,2019-06-19 10:00:00,646.704467773,0.44440568407360925
6275,2019-06-19 11:00:00,646.531799316,0.8486951466127229
6276,2019-06-19 12:00:00,646.392272949,0.5501930734236109
6277,2019-06-19 13:00:00,646.278259277,0.3645782866328281
6278,2019-06-19 14:00:00,646.19519043,0.6580214406946423
6279,2019-06-19 15:00:00,646.141906738,0.6505506600569789
6280,2019-06-19 16:00:00,646.121276855,0.18440073160000803
6281,2019-06-19 17:00:00,646.037780762,0.7306181159140247
6282,2019-06-19 18:00:00,645.790466309,0.48999983687544324
6283,2019-06-19 19:00:00,645.521362305,0.6266530144389669
6284,2019-06-19 20:00:00,645.268005371,0.2243940983694408
6285,2019-06-19 21:00:00,645.031921387,0.9399462213578044
6286,2019-06-19 22:00:00,644.747070312,0.6186438325547143
6287,2019-06-19 23:00:00,644.496398926,0.4704967840413038
6288,2019-06-20 00:00:00,644.250244141,0.46865222259074857
6289,2019-06-20 01:00:00,643.621643066,0.36491994819291096
6290,2019-06-20 02:00:00,643.117553711,0.5813061633646562
6291,2019-06-20 03:00:00,642.7109375,0.11395248403652458
6292,2019-06-20 04:00:00,642.375915527,0.5112987220995993
6293,2019-06-20 05:00:00,642.066040039,0.0070435282628992235
6294,2019-06-20 06:00:00,641.79888916,0.3737742205315068
6295,2019-06-20 07:00:00,641.584838867,0.9335881715387944
6296,2019-06-20 08:00:00,641.409484863,0.2567293421202129
6297,2019-06-20 09:00:00,641.263366699,0.46623809146538076
6298,2019-06-20 10:00:00,641.142822266,0.7148152658464265
6299,2019-06-20 11:00:00,641.017944336,0.163642271402627
6300,2019-06-20 12:00:00,640.816711426,0.6835823764266349
6301,2019-06-20 13:00:00,640.662841797,0.5793646893548965
6302,2019-06-20 14:00:00,640.505310059,0.06464218976655844
6303,2019-06-20 15:00:00,640.305236816,0.2847769158248721
6304,2019-06-20 16:00:00,639.983581543,0.590384215816752
6305,2019-06-20 17:00:00,639.509887695,0.6219717998929359
6306,2019-06-20 18:00:00,639.040039062,0.08882818569441442
6307,2019-06-20 19:00:00,638.220581055,0.3002249583659894
6308,2019-06-20 20:00:00,637.226074219,0.6871762548787509
6309,2019-06-20 21:00:00,635.573791504,0.6434330413993146
6310,2019-06-20 22:00:00,634.218688965,0.3820556157405163
6311,2019-06-20 23:00:00,632.489807129,0.7417844472694475
6312,2019-06-21 00:00:00,631.112548828,0.027538153315189495
6313,2019-06-21 01:00:00,629.368041992,0.15699251198035769
6314,2019-06-21 02:00:00,627.548400879,0.26025674030252566
6315,2019-06-21 03:00:00,626.004699707,0.8764693773326866
6316,2019-06-21 04:00:00,624.51361084,0.5681365284196526
6317,2019-06-21 05:00:00,623.189941406,0.16553320502230473
6318,2019-06-21 06:00:00,621.955932617,0.11126892026059565
6319,2019-06-21 07:00:00,620.826904297,0.0777821547947829
6320,2019-06-21 08:00:00,619.816162109,0.13879527877887587
6321,2019-06-21 09:00:00,618.992126465,0.40136992383632053
6322,2019-06-21 10:00:00,618.324829102,0.19968748115907786
6323,2019-06-21 11:00:00,617.776000977,0.7394325775546163
6324,2019-06-21 12:00:00,617.31048584,0.9305046011618241
6325,2019-06-21 13:00:00,616.923400879,0.9895189857128476
6326,2019-06-21 14:00:00,616.599975586,0.6788412186894021
6327,2019-06-21 15:00:00,616.256347656,0.09362350253878005
6328,2019-06-21 16:00:00,615.870056152,0.47440449400024454
6329,2019-06-21 17:00:00,615.388305664,0.9587554359074958
6330,2019-06-21 18:00:00,614.776489258,0.38032988768378584
6331,2019-06-21 19:00:00,614.137390137,0.6450700550513867
6332,2019-06-21 20:00:00,613.588500977,0.3856370793391407
6333,2019-06-21 21:00:00,613.139892578,0.8642238362515615
6334,2019-06-21 22:00:00,612.768493652,0.23637325992429703
6335,2019-06-21 23:00:00,612.3125,0.8795165800302548
6336,2019-06-22 00:00:00,611.932922363,0.9781058952447923
6337,2019-06-22 01:00:00,611.622131348,0.9403976493597143
6338,2019-06-22 02:00:00,611.227600098,0.014212722045517823
6339,2019-06-22 03:00:00,610.676818848,0.1351768739073277
6340,2019-06-22 04:00:00,610.049987793,0.8779962402604973
6341,2019-06-22 05:00:00,609.241821289,0.5863562819047627
6342,2019-06-22 06:00:00,608.547119141,0.7018690526046985
6343,2019-06-22 07:00:00,607.989440918,0.4139593644086129
6344,2019-06-22 08:00:00,607.535644531,0.41986805786046677
6345,2019-06-22 09:00:00,607.162963867,0.6263645413452981
6346,2019-06-22 10:00:00,606.855834961,0.11607585188248948
6347,2019-06-22 11:00:00,606.605102539,0.30302884054022716
6348,2019-06-22 12:00:00,606.384277344,0.25253957820145845
6349,2019-06-22 13:00:00,606.205200195,0.9290965028748388
6350,2019-06-22 14:00:00,606.054443359,0.2391190020112115
6351,2019-06-22 15:00:00,605.914245605,0.533075805433517
6352,2019-06-22 16:00:00,605.78704834,0.42982630094414365
6353,2019-06-22 17:00:00,605.54119873,0.33096094720696523
6354,2019-06-22 18:00:00,605.184387207,0.5698174309566887
6355,2019-06-22 19:00:00,604.666015625,0.6096459286467543
6356,2019-06-22 20:00:00,604.127258301,0.08653609038465115
6357,2019-06-22 21:00:00,603.393371582,0.549957290366111
6358,2019-06-22 22:00:00,602.889648438,0.6018889283373033
6359,2019-06-22 23:00:00,602.810913086,0.1344904798016009
6360,2019-06-23 00:00:00,602.717407227,0.3381971939871783
6361,2019-06-23 01:00:00,602.327941895,0.830612409315812
6362,2019-06-23 02:00:00,602.010131836,0.44942022836509044
6363,2019-06-23 03:00:00,601.778503418,0.9739544453403612
6364,2019-06-23 04:00:00,601.562683105,0.08457262420004619
6365,2019-06-23 05:00:00,601.40032959,0.004535845458239596
6366,2019-06-23 06:00:00,601.260559082,0.5424929968757206
6367,2019-06-23 07:00:00,601.150695801,0.300652946096319
6368,2019-06-23 08:00:00,601.05859375,0.005804806134803608
6369,2019-06-23 09:00:00,600.980957031,0.19767068400543986
6370,2019-06-23 10:00:00,600.919189453,0.37333449843440025
6371,2019-06-23 11:00:00,600.938293457,0.24529500433574758
6372,2019-06-23 12:00:00,600.901550293,0.5686744552597013
6373,2019-06-23 13:00:00,600.870483398,0.9461573527965704
6374,2019-06-23 14:00:00,600.847595215,0.9984597446913082
6375,2019-06-23 15:00:00,600.821350098,0.12255471218176761
6376,2019-06-23 16:00:00,600.828979492,0.07589595903599844
6377,2019-06-23 17:00:00,600.859680176,0.38867884132859165
6378,2019-06-23 18:00:00,600.895446777,0.5613982014491278
6379,2019-06-23 19:00:00,600.934692383,0.9201340363223698
6380,2019-06-23 20:00:00,601.412902832,0.9372489609085577
6381,2019-06-23 21:00:00,601.893066406,0.09856079169499754
6382,2019-06-23 22:00:00,602.38861084,0.4020028149711148
6383,2019-06-23 23:00:00,602.430480957,0.7712032011244881
6384,2019-06-24 00:00:00,602.469238281,0.3256817322520489
6385,2019-06-24 01:00:00,602.511962891,0.8913393647622939
6386,2019-06-24 02:00:00,602.547546387,0.13413144740365435
6387,2019-06-24 03:00:00,602.575866699,0.6829684176517744
6388,2019-06-24 04:00:00,602.599243164,0.072428295619548
6389,2019-06-24 05:00:00,602.60925293,0.3730118623670079
6390,2019-06-24 06:00:00,602.618408203,0.02288216188185399
6391,2019-06-24 07:00:00,602.634521484,0.7102499861901853
6392,2019-06-24 08:00:00,602.649536133,0.08180799502352987
6393,2019-06-24 09:00:00,602.664611816,0.2798593259596128
6394,2019-06-24 10:00:00,602.680175781,0.6860072192648601
6395,2019-06-24 11:00:00,602.69934082,0.8500166744384724
6396,2019-06-24 12:00:00,602.720336914,0.9826373349397576
6397,2019-06-24 13:00:00,602.730163574,0.500317351901793
6398,2019-06-24 14:00:00,602.739562988,0.6491570236113933
6399,2019-06-24 15:00:00,602.755249023,0.5114007862049461
6400,2019-06-24 16:00:00,602.827575684,0.97307567156917
6401,2019-06-24 17:00:00,602.898925781,0.6653248318286725
6402,2019-06-24 18:00:00,602.958618164,0.9069107057374456
6403,2019-06-24 19:00:00,603.00769043,0.9911459864529855
6404,2019-06-24 20:00:00,603.182189941,0.6508759040246872
6405,2019-06-24 21:00:00,603.332458496,0.2324592141315296
6406,2019-06-24 22:00:00,603.476928711,0.38104483466303696
6407,2019-06-24 23:00:00,603.475219727,0.3135349632338349
6408,2019-06-25 00:00:00,603.397949219,0.555286243048637
6409,2019-06-25 01:00:00,603.336242676,0.6044866807389171
6410,2019-06-25 02:00:00,603.290649414,0.47289217704598685
6411,2019-06-25 03:00:00,603.250732422,0.7252953379724584
6412,2019-06-25 04:00:00,603.219482422,0.03146346599600869
6413,2019-06-25 05:00:00,603.191650391,0.26286434159149386
6414,2019-06-25 06:00:00,603.169067383,0.5328477918603404
6415,2019-06-25 07:00:00,603.151367188,0.3180523208994722
6416,2019-06-25 08:00:00,603.136962891,0.010356067403570868
6417,2019-06-25 09:00:00,603.125427246,0.45626561192251613
6418,2019-06-25 10:00:00,603.115783691,0.5998559302640012
6419,2019-06-25 11:00:00,603.108764648,0.253786583615898
6420,2019-06-25 12:00:00,603.104125977,0.8264471268789786
6421,2019-06-25 13:00:00,603.09954834,0.07413748780032825
6422,2019-06-25 14:00:00,603.098144531,0.9953064171320716
6423,2019-06-25 15:00:00,603.098876953,0.3333940253980494
6424,2019-06-25 16:00:00,603.113037109,0.18866104608790024
6425,2019-06-25 17:00:00,603.118103027,0.40883567654483055
6426,2019-06-25 18:00:00,603.057006836,0.9751416995552852
6427,2019-06-25 19:00:00,602.931030273,0.1192178275846173
6428,2019-06-25 20:00:00,602.760009766,0.5418266227853585
6429,2019-06-25 21:00:00,602.520507812,0.15394445206945184
6430,2019-06-25 22:00:00,602.313232422,0.25073164884331667
6431,2019-06-25 23:00:00,602.141723633,0.6290885962288094
6432,2019-06-26 00:00:00,602.000549316,0.43114626518758326
6433,2019-06-26 01:00:00,601.889953613,0.6459527097677475
6434,2019-06-26 02:00:00,601.790588379,0.9873652373043484
6435,2019-06-26 03:00:00,601.714050293,0.7480983358282391
6436,2019-06-26 04:00:00,601.644958496,0.8923753798101067
6437,2019-06-26 05:00:00,601.587097168,0.23642825098757791
6438,2019-06-26 06:00:00,601.534301758,0.44277085223046475
6439,2019-06-26 07:00:00,601.490600586,0.24183583080899929
6440,2019-06-26 08:00:00,601.452087402,0.9692583122528663
6441,2019-06-26 09:00:00,601.417541504,0.9347824611536005
6442,2019-06-26 10:00:00,601.38684082,0.1399827784223714
6443,2019-06-26 11:00:00,601.358947754,0.5846187806309228
6444,2019-06-26 12:00:00,601.32989502,0.805677912354246
6445,2019-06-26 13:00:00,601.304870605,0.6886290305763374
6446,2019-06-26 14:00:00,601.281677246,0.20439112979809293
6447,2019-06-26 15:00:00,601.261230469,0.9430528693761447
6448,2019-06-26 16:00:00,601.212402344,0.45500795596715693
6449,2019-06-26 17:00:00,601.033508301,0.9119590216819924
6450,2019-06-26 18:00:00,600.774780273,0.4307742826676403
6451,2019-06-26 19:00:00,600.49005127,0.469303191534965
6452,2019-06-26 20:00:00,600.186889648,0.9035569821672707
6453,2019-06-26 21:00:00,599.88092041,0.2545436263660854
6454,2019-06-26 22:00:00,599.570068359,0.14385499505853716
6455,2019-06-26 23:00:00,599.239379883,0.7576806760518526
6456,2019-06-27 00:00:00,598.956359863,0.7828066404099218
6457,2019-06-27 01:00:00,598.709411621,0.3573232979868044
6458,2019-06-27 02:00:00,598.553283691,0.06900009981670174
6459,2019-06-27 03:00:00,598.428039551,0.48649806202757606
6460,2019-06-27 04:00:00,598.319519043,0.07821971744286738
6461,2019-06-27 05:00:00,598.225646973,0.9067251814274708
6462,2019-06-27 06:00:00,598.142028809,0.2847425494838811
6463,2019-06-27 07:00:00,598.046691895,0.007638168593534167
6464,2019-06-27 08:00:00,597.818481445,0.09629442400951449
6465,2019-06-27 09:00:00,597.562744141,0.5486058947203188
6466,2019-06-27 10:00:00,597.252380371,0.9530399311320049
6467,2019-06-27 11:00:00,597.00769043,0.4485680253886596
6468,2019-06-27 12:00:00,596.704040527,0.6584601138050659
6469,2019-06-27 13:00:00,596.32244873,0.5204780482987339
6470,2019-06-27 14:00:00,595.879821777,0.7040059916786946
6471,2019-06-27 15:00:00,595.344787598,0.021663075629996364
6472,2019-06-27 16:00:00,594.733825684,0.5425960733927183
6473,2019-06-27 17:00:00,593.808898926,0.10307670484481812
6474,2019-06-27 18:00:00,592.527282715,0.3974099346498925
6475,2019-06-27 19:00:00,591.113098145,0.5214402928746783
6476,2019-06-27 20:00:00,589.616699219,0.7082256079875334
6477,2019-06-27 21:00:00,587.735046387,0.9523003878261954
6478,2019-06-27 22:00:00,586.020874023,0.9306090745239827
6479,2019-06-27 23:00:00,584.466552734,0.7820838630048067
6480,2019-06-28 00:00:00,583.128234863,0.72034216594559
6481,2019-06-28 01:00:00,582.004577637,0.8992872549910645
6482,2019-06-28 02:00:00,581.059570312,0.9670906952004644
6483,2019-06-28 03:00:00,580.280334473,0.8455400568771874
6484,2019-06-28 04:00:00,579.635742188,0.2641173160496061
6485,2019-06-28 05:00:00,579.102416992,0.8819090125416404
6486,2019-06-28 06:00:00,578.660949707,0.6316022808139544
6487,2019-06-28 07:00:00,578.028686523,0.4698450157725559
6488,2019-06-28 08:00:00,577.203674316,0.6333304050937203
6489,2019-06-28 09:00:00,576.44317627,0.21357853301487473
6490,2019-06-28 10:00:00,575.825805664,0.7204523560024241
6491,2019-06-28 11:00:00,575.317810059,0.42513424170047565
6492,2019-06-28 12:00:00,574.900390625,0.8775985012154939
6493,2019-06-28 13:00:00,574.556213379,0.010065785991514753
6494,2019-06-28 14:00:00,574.244384766,0.9309740881039983
6495,2019-06-28 15:00:00,573.784118652,0.8805478329491491
6496,2019-06-28 16:00:00,573.259643555,0.7196671505193598
6497,2019-06-28 17:00:00,572.671447754,0.42320856895318826
6498,2019-06-28 18:00:00,571.88067627,0.9968802672814111
6499,2019-06-28 19:00:00,570.989013672,0.2976138647703881
6500,2019-06-28 20:00:00,570.225891113,0.8174375430203774
6501,2019-06-28 21:00:00,569.543701172,0.9711791605681436
6502,2019-06-28 22:00:00,568.864440918,0.8431144847371085
6503,2019-06-28 23:00:00,568.323852539,0.30316731620902415
6504,2019-06-29 00:00:00,567.975524902,0.2613105743647628
6505,2019-06-29 01:00:00,567.620239258,0.865328588729513
6506,2019-06-29 02:00:00,567.271728516,0.4177020655789717
6507,2019-06-29 03:00:00,566.781433105,0.49874714324706104
6508,2019-06-29 04:00:00,566.285949707,0.73050850607711
6509,2019-06-29 05:00:00,565.883544922,0.6787553933508229
6510,2019-06-29 06:00:00,565.554870605,0.48660553416150953
6511,2019-06-29 07:00:00,565.483154297,0.4379550678971855
6512,2019-06-29 08:00:00,565.234741211,0.5510581587116692
6513,2019-06-29 09:00:00,565.127990723,0.6836739303539164
6514,2019-06-29 10:00:00,564.945922852,0.6295978266845249
6515,2019-06-29 11:00:00,564.797729492,0.8516698600609648
6516,2019-06-29 12:00:00,564.675842285,0.3261016571060108
6517,2019-06-29 13:00:00,564.573181152,0.3461300307307834
6518,2019-06-29 14:00:00,564.453735352,0.7475588486571523
6519,2019-06-29 15:00:00,564.248657227,0.8358485478341572
6520,2019-06-29 16:00:00,563.949890137,0.5077805517862313
6521,2019-06-29 17:00:00,563.570983887,0.03703437377696828
6522,2019-06-29 18:00:00,563.120605469,0.28892998424279215
6523,2019-06-29 19:00:00,562.543579102,0.32809331031755384
6524,2019-06-29 20:00:00,562.038208008,0.1702528189905428
6525,2019-06-29 21:00:00,561.605895996,0.6429807489031113
6526,2019-06-29 22:00:00,561.231628418,0.398850092675085
6527,2019-06-29 23:00:00,560.90802002,0.4310180715201003
6528,2019-06-30 00:00:00,560.646789551,0.20264652303876052
6529,2019-06-30 01:00:00,560.433654785,0.5406819177372231
6530,2019-06-30 02:00:00,560.259277344,0.3597847067425849
6531,2019-06-30 03:00:00,560.11920166,0.22262074193025916
6532,2019-06-30 04:00:00,560.003234863,0.6294802872130024
6533,2019-06-30 05:00:00,559.836730957,0.862342734299475
6534,2019-06-30 06:00:00,559.674438477,0.5295074419418287
6535,2019-06-30 07:00:00,559.407409668,0.3117230259421151
6536,2019-06-30 08:00:00,559.194274902,0.8589733659991413
6537,2019-06-30 09:00:00,559.018737793,0.4395662086670914
6538,2019-06-30 10:00:00,558.875061035,0.1290403158363611
6539,2019-06-30 11:00:00,558.755737305,0.6894296940066906
6540,2019-06-30 12:00:00,558.655578613,0.7585876158871637
6541,2019-06-30 13:00:00,558.571777344,0.38274339087772147
6542,2019-06-30 14:00:00,558.505981445,0.887015930699708
6543,2019-06-30 15:00:00,558.339904785,0.8422816487372664
6544,2019-06-30 16:00:00,558.062255859,0.2472008988384744
6545,2019-06-30 17:00:00,557.677307129,0.4126105433412961
6546,2019-06-30 18:00:00,557.210571289,0.6713671203121206
6547,2019-06-30 19:00:00,556.718139648,0.9095972449551329
6548,2019-06-30 20:00:00,556.281066895,0.021653781040218978
6549,2019-06-30 21:00:00,555.899353027,0.8158770750802726
6550,2019-06-30 22:00:00,555.528198242,0.31554518533146836
6551,2019-06-30 23:00:00,555.192138672,0.8547020435531923
6552,2019-07-01 00:00:00,554.842224121,0.9318639592166293
6553,2019-07-01 01:00:00,554.535522461,0.24702162315175258
6554,2019-07-01 02:00:00,554.260131836,0.764797146994377
6555,2019-07-01 03:00:00,554.039123535,0.9523613675954475
6556,2019-07-01 04:00:00,553.858337402,0.49388825576441997
6557,2019-07-01 05:00:00,553.70916748,0.31199112283902797
6558,2019-07-01 06:00:00,553.589172363,0.6835509488163293
6559,2019-07-01 07:00:00,553.488342285,0.3943702724411472
6560,2019-07-01 08:00:00,553.40838623,0.5078026895240859
6561,2019-07-01 09:00:00,553.342590332,0.6344952797064877
6562,2019-07-01 10:00:00,553.289123535,0.9884459182732311
6563,2019-07-01 11:00:00,553.245178223,0.937650163763003
6564,2019-07-01 12:00:00,553.205810547,0.06359217577093668
6565,2019-07-01 13:00:00,553.174133301,0.7280584323988751
6566,2019-07-01 14:00:00,553.151977539,0.8251939113028012
6567,2019-07-01 15:00:00,553.140869141,0.7569062261704425
6568,2019-07-01 16:00:00,553.069580078,0.5389409362859926
6569,2019-07-01 17:00:00,552.870056152,0.24950154223539744
6570,2019-07-01 18:00:00,552.575500488,0.04532785511632953
6571,2019-07-01 19:00:00,552.226867676,0.3279110266092493
6572,2019-07-01 20:00:00,551.916564941,0.9931249546142118
6573,2019-07-01 21:00:00,551.636474609,0.035008236137889726
6574,2019-07-01 22:00:00,550.908081055,0.4559876708020838
6575,2019-07-01 23:00:00,550.66027832,0.45294082142577974
6576,2019-07-02 00:00:00,550.060302734,0.5833477786766905
6577,2019-07-02 01:00:00,549.559936523,0.3498501254654275
6578,2019-07-02 02:00:00,549.139343262,0.9275731828076482
6579,2019-07-02 03:00:00,548.801330566,0.9353020857882168
6580,2019-07-02 04:00:00,548.522583008,0.8235901066603681
6581,2019-07-02 05:00:00,548.289489746,0.333359814100879
6582,2019-07-02 06:00:00,548.094909668,0.6539857984975829
6583,2019-07-02 07:00:00,547.936645508,0.7154721193028883
6584,2019-07-02 08:00:00,547.807983398,0.06014212998232993
6585,2019-07-02 09:00:00,547.70715332,0.09385487503153356
6586,2019-07-02 10:00:00,547.62689209,0.19646769286888988
6587,2019-07-02 11:00:00,547.565979004,0.5137221755016471
6588,2019-07-02 12:00:00,547.516906738,0.5544367340884241
6589,2019-07-02 13:00:00,547.47442627,0.9845464117855728
6590,2019-07-02 14:00:00,547.445617676,0.43704005623639564
6591,2019-07-02 15:00:00,547.428039551,0.2794195992329902
6592,2019-07-02 16:00:00,547.320068359,0.19469705528299708
6593,2019-07-02 17:00:00,547.099975586,0.06657098472194056
6594,2019-07-02 18:00:00,546.810302734,0.8587833020486105
6595,2019-07-02 19:00:00,546.502990723,0.6552292863507887
6596,2019-07-02 20:00:00,546.215942383,0.2888704530571806
6597,2019-07-02 21:00:00,545.971862793,0.6796778265220946
6598,2019-07-02 22:00:00,545.745544434,0.6764164441907491
6599,2019-07-02 23:00:00,545.539123535,0.4018660037160753
6600,2019-07-03 00:00:00,545.37286377,0.2535453704655116
6601,2019-07-03 01:00:00,545.19921875,0.2606258945042871
6602,2019-07-03 02:00:00,545.004516602,0.4673119587056571
6603,2019-07-03 03:00:00,544.846740723,0.8308210090296092
6604,2019-07-03 04:00:00,544.713439941,0.6207264984468166
6605,2019-07-03 05:00:00,544.600524902,0.0503921313943293
6606,2019-07-03 06:00:00,544.506958008,0.4956574003127564
6607,2019-07-03 07:00:00,544.425842285,0.8774330582930788
6608,2019-07-03 08:00:00,544.358398438,0.4447532560804077
6609,2019-07-03 09:00:00,544.301879883,0.486065337569634
6610,2019-07-03 10:00:00,544.255126953,0.5990085485483372
6611,2019-07-03 11:00:00,544.218994141,0.4840721882703639
6612,2019-07-03 12:00:00,544.188354492,0.8087663641549109
6613,2019-07-03 13:00:00,544.16217041,0.850377794411779
6614,2019-07-03 14:00:00,544.141174316,0.6878847943754521
6615,2019-07-03 15:00:00,544.123840332,0.6895589566341946
6616,2019-07-03 16:00:00,543.974243164,0.5575828148684546
6617,2019-07-03 17:00:00,543.740844727,0.7923385122026451
6618,2019-07-03 18:00:00,543.448181152,0.943256073264992
6619,2019-07-03 19:00:00,543.110534668,0.8926772251243451
6620,2019-07-03 20:00:00,542.713867188,0.8994069407907305
6621,2019-07-03 21:00:00,542.287902832,0.6206793545226322
6622,2019-07-03 22:00:00,541.786437988,0.6478584913412383
6623,2019-07-03 23:00:00,541.180541992,0.8965582291099916
6624,2019-07-04 00:00:00,540.695983887,0.33950639534052607
6625,2019-07-04 01:00:00,540.206604004,0.295839686160017
6626,2019-07-04 02:00:00,539.819580078,0.00944615404266591
6627,2019-07-04 03:00:00,539.499145508,0.6294571612916952
6628,2019-07-04 04:00:00,539.234741211,0.33547056934307573
6629,2019-07-04 05:00:00,539.013305664,0.44509614052755275
6630,2019-07-04 06:00:00,538.82434082,0.5874694054195988
6631,2019-07-04 07:00:00,538.665100098,0.6795004607149591
6632,2019-07-04 08:00:00,538.531311035,0.9900509607187932
6633,2019-07-04 09:00:00,538.420288086,0.5725427981510263
6634,2019-07-04 10:00:00,538.330627441,0.36730011538075225
6635,2019-07-04 11:00:00,538.257446289,0.6580453223666416
6636,2019-07-04 12:00:00,538.198791504,0.840647657435099
6637,2019-07-04 13:00:00,538.149536133,0.088496638088704
6638,2019-07-04 14:00:00,538.108703613,0.36349892425977637
6639,2019-07-04 15:00:00,538.072753906,0.21711206305707098
6640,2019-07-04 16:00:00,538.035522461,0.38532318819651545
6641,2019-07-04 17:00:00,538.007751465,0.975919640605984
6642,2019-07-04 18:00:00,537.869750977,0.15685140612262405
6643,2019-07-04 19:00:00,537.605712891,0.2936972914338082
6644,2019-07-04 20:00:00,537.29876709,0.6824337214491653
6645,2019-07-04 21:00:00,536.96270752,0.8233728714703944
6646,2019-07-04 22:00:00,536.594909668,0.07963069530580558
6647,2019-07-04 23:00:00,536.234130859,0.21985041370467406
6648,2019-07-05 00:00:00,535.900268555,0.799364181801507
6649,2019-07-05 01:00:00,535.592895508,0.47200613384215717
6650,2019-07-05 02:00:00,535.345581055,0.39391511404116253
6651,2019-07-05 03:00:00,535.139648438,0.7107805474812648
6652,2019-07-05 04:00:00,534.976501465,0.4329977489870904
6653,2019-07-05 05:00:00,534.842773438,0.41924906026123054
6654,2019-07-05 06:00:00,534.730285645,0.36370865104223127
6655,2019-07-05 07:00:00,534.633911133,0.008472059708176882
6656,2019-07-05 08:00:00,534.55291748,0.6818843662257623
6657,2019-07-05 09:00:00,534.486999512,0.12423060179536893
6658,2019-07-05 10:00:00,534.432250977,0.19680692805265898
6659,2019-07-05 11:00:00,534.385986328,0.71381283150627
6660,2019-07-05 12:00:00,534.346740723,0.034173879081389136
6661,2019-07-05 13:00:00,534.312011719,0.2115649130774503
6662,2019-07-05 14:00:00,534.28314209,0.9661366977006816
6663,2019-07-05 15:00:00,534.258178711,0.1273934281276352
6664,2019-07-05 16:00:00,534.236572266,0.5998519162965047
6665,2019-07-05 17:00:00,534.217041016,0.46999509607876533
6666,2019-07-05 18:00:00,534.180053711,0.5038964923823869
6667,2019-07-05 19:00:00,534.091003418,0.6584815859974233
6668,2019-07-05 20:00:00,534.008483887,0.07192413691408939
6669,2019-07-05 21:00:00,533.933410645,0.3276972800518737
6670,2019-07-05 22:00:00,533.840576172,0.08690762129458574
6671,2019-07-05 23:00:00,533.731628418,0.19732901370625644
6672,2019-07-06 00:00:00,533.608215332,0.7109007824417253
6673,2019-07-06 01:00:00,533.495056152,0.6424183615689468
6674,2019-07-06 02:00:00,533.405273438,0.22177885876667214
6675,2019-07-06 03:00:00,533.332397461,0.35046676713404235
6676,2019-07-06 04:00:00,533.274169922,0.3890113546995351
6677,2019-07-06 05:00:00,533.221191406,0.356207189840128
6678,2019-07-06 06:00:00,533.177001953,0.37288981656219056
6679,2019-07-06 07:00:00,533.135253906,0.8759794319950177
6680,2019-07-06 08:00:00,533.097290039,0.46760611763336457
6681,2019-07-06 09:00:00,533.065856934,0.1519852837908996
6682,2019-07-06 10:00:00,533.039855957,0.8736515015979501
6683,2019-07-06 11:00:00,533.018920898,0.6384242620255259
6684,2019-07-06 12:00:00,533.001708984,0.8501608775730248
6685,2019-07-06 13:00:00,532.983337402,0.5081206478704124
6686,2019-07-06 14:00:00,532.963134766,0.4232244642468215
6687,2019-07-06 15:00:00,532.936645508,0.09345688640294958
6688,2019-07-06 16:00:00,532.920043945,0.5266787232377231
6689,2019-07-06 17:00:00,532.84161377,0.0215395590398485
6690,2019-07-06 18:00:00,532.630249023,0.8688915536187816
6691,2019-07-06 19:00:00,532.329711914,0.4514846090563627
6692,2019-07-06 20:00:00,532.019042969,0.8438995185508936
6693,2019-07-06 21:00:00,531.709960938,0.8691673628415586
6694,2019-07-06 22:00:00,531.41192627,0.9422004769064343
6695,2019-07-06 23:00:00,531.161376953,0.4341617430586331
6696,2019-07-07 00:00:00,530.933349609,0.49450222496883145
6697,2019-07-07 01:00:00,530.743286133,0.7405998226592434
6698,2019-07-07 02:00:00,530.579650879,0.1619011905462704
6699,2019-07-07 03:00:00,530.448913574,0.5152017624006413
6700,2019-07-07 04:00:00,530.31640625,0.8860493630217136
6701,2019-07-07 05:00:00,530.212646484,0.08544835516054194
6702,2019-07-07 06:00:00,530.121704102,0.023079312366310556
6703,2019-07-07 07:00:00,530.054199219,0.23167808136405454
6704,2019-07-07 08:00:00,529.997558594,0.7671058068246122
6705,2019-07-07 09:00:00,529.952087402,0.5823600978097437
6706,2019-07-07 10:00:00,529.915161133,0.7141594318942648
6707,2019-07-07 11:00:00,529.883850098,0.053362094393138326
6708,2019-07-07 12:00:00,529.856262207,0.0979950506979923
6709,2019-07-07 13:00:00,529.83215332,0.027721894110529832
6710,2019-07-07 14:00:00,529.810913086,0.4445293769134
6711,2019-07-07 15:00:00,529.748046875,0.4927028631519762
6712,2019-07-07 16:00:00,529.586608887,0.38048663718119535
6713,2019-07-07 17:00:00,529.350402832,0.1861650120705315
6714,2019-07-07 18:00:00,529.059814453,0.31710492909143995
6715,2019-07-07 19:00:00,528.745239258,0.9738355109323058
6716,2019-07-07 20:00:00,528.476928711,0.28252879366695005
6717,2019-07-07 21:00:00,528.207092285,0.8207917122120448
6718,2019-07-07 22:00:00,528.016662598,0.4750718056690203
6719,2019-07-07 23:00:00,527.751098633,0.5295151311379548
6720,2019-07-08 00:00:00,527.485717773,0.9124077747148801
6721,2019-07-08 01:00:00,527.235351562,0.47591912632458355
6722,2019-07-08 02:00:00,526.998840332,0.5304398269712002
6723,2019-07-08 03:00:00,526.827270508,0.3518958860357567
6724,2019-07-08 04:00:00,526.657531738,0.21236883727011624
6725,2019-07-08 05:00:00,526.517456055,0.5600783409470177
6726,2019-07-08 06:00:00,526.400512695,0.8115351814756984
6727,2019-07-08 07:00:00,526.363708496,0.08751273411087701
6728,2019-07-08 08:00:00,526.296813965,0.3021588400361658
6729,2019-07-08 09:00:00,526.227966309,0.07889103611574644
6730,2019-07-08 10:00:00,526.171630859,0.5316164975713046
6731,2019-07-08 11:00:00,526.125549316,0.34817486603087633
6732,2019-07-08 12:00:00,526.086303711,0.07000988764353688
6733,2019-07-08 13:00:00,526.137451172,0.13730248425460556
6734,2019-07-08 14:00:00,526.016540527,0.329525407926735
6735,2019-07-08 15:00:00,525.807312012,0.3650124690238361
6736,2019-07-08 16:00:00,525.524475098,0.9103689325160468
6737,2019-07-08 17:00:00,525.149719238,0.8590989771616362
6738,2019-07-08 18:00:00,524.757324219,0.5286569172605489
6739,2019-07-08 19:00:00,524.376342773,0.5904435317808762
6740,2019-07-08 20:00:00,524.024169922,0.4289566850000507
6741,2019-07-08 21:00:00,523.670593262,0.5228268780483751
6742,2019-07-08 22:00:00,523.09185791,0.9413366163303788
6743,2019-07-08 23:00:00,522.494018555,0.0502648893189096
6744,2019-07-09 00:00:00,522.003662109,0.8334576802888675
6745,2019-07-09 01:00:00,521.595825195,0.00789291872992015
6746,2019-07-09 02:00:00,521.250732422,0.43863280470035504
6747,2019-07-09 03:00:00,520.960693359,0.31029138854484606
6748,2019-07-09 04:00:00,520.720336914,0.8239735135793895
6749,2019-07-09 05:00:00,520.52166748,0.9231622604080577
6750,2019-07-09 06:00:00,520.356628418,0.21206913086769275
6751,2019-07-09 07:00:00,520.225341797,0.6866453568828669
6752,2019-07-09 08:00:00,520.120239258,0.6460470600624576
6753,2019-07-09 09:00:00,520.034851074,0.426838885578707
6754,2019-07-09 10:00:00,519.965332031,0.297670247863126
6755,2019-07-09 11:00:00,519.907775879,0.5657112918437093
6756,2019-07-09 12:00:00,519.861022949,0.3126967926957358
6757,2019-07-09 13:00:00,519.821655273,0.0999436165072023
6758,2019-07-09 14:00:00,519.788146973,0.7597162122101497
6759,2019-07-09 15:00:00,519.763427734,0.541806861014214
6760,2019-07-09 16:00:00,519.756347656,0.5696813148954992
6761,2019-07-09 17:00:00,519.755187988,0.5006597093434412
6762,2019-07-09 18:00:00,519.750549316,0.8470389728540979
6763,2019-07-09 19:00:00,519.741699219,0.7764343109108792
6764,2019-07-09 20:00:00,519.728027344,0.5219491151969883
6765,2019-07-09 21:00:00,519.70690918,0.15322301755183176
6766,2019-07-09 22:00:00,519.687011719,0.161846745766005
6767,2019-07-09 23:00:00,519.668457031,0.1129796645534602
6768,2019-07-10 00:00:00,519.650512695,0.7635047297769576
6769,2019-07-10 01:00:00,519.635314941,0.31580162979192605
6770,2019-07-10 02:00:00,519.624572754,0.18853179984192625
6771,2019-07-10 03:00:00,519.617736816,0.8442734588652439
6772,2019-07-10 04:00:00,519.612854004,0.6422647106198844
6773,2019-07-10 05:00:00,519.607543945,0.36123479383758883
6774,2019-07-10 06:00:00,519.603210449,0.22507140739263665
6775,2019-07-10 07:00:00,519.597961426,0.04621059905880154
6776,2019-07-10 08:00:00,519.593261719,0.1709726897413798
6777,2019-07-10 09:00:00,519.589111328,0.5091748265840428
6778,2019-07-10 10:00:00,519.585205078,0.7678331250561004
6779,2019-07-10 11:00:00,519.581604004,0.5642440488586045
6780,2019-07-10 12:00:00,519.580627441,0.9206994726910797
6781,2019-07-10 13:00:00,519.578918457,0.895379138912658
6782,2019-07-10 14:00:00,519.576843262,0.8145206349737006
6783,2019-07-10 15:00:00,519.576782227,0.6301692934493857
6784,2019-07-10 16:00:00,519.58001709,0.4998568200488277
6785,2019-07-10 17:00:00,519.584899902,0.35008032189974636
6786,2019-07-10 18:00:00,519.584289551,0.6989933337908405
6787,2019-07-10 19:00:00,519.579345703,0.9539118109739624
6788,2019-07-10 20:00:00,519.570251465,0.1000103386688117
6789,2019-07-10 21:00:00,519.556884766,0.8660409293117909
6790,2019-07-10 22:00:00,519.544921875,0.7880065516778111
6791,2019-07-10 23:00:00,519.527282715,0.11587286970469268
6792,2019-07-11 00:00:00,519.510375977,0.4741339389704954
6793,2019-07-11 01:00:00,519.494384766,0.25285748041900025
6794,2019-07-11 02:00:00,519.483154297,0.3439348732821389
6795,2019-07-11 03:00:00,519.472290039,0.9365151301323583
6796,2019-07-11 04:00:00,519.459411621,0.2536136596328312
6797,2019-07-11 05:00:00,519.446411133,0.35006567458731774
6798,2019-07-11 06:00:00,519.435424805,0.7809983721677634
6799,2019-07-11 07:00:00,519.42956543,0.7335918608958804
6800,2019-07-11 08:00:00,519.424560547,0.8662970987363063
6801,2019-07-11 09:00:00,519.420043945,0.20981980044363147
6802,2019-07-11 10:00:00,519.416442871,0.06390418197628489
6803,2019-07-11 11:00:00,519.410583496,0.9499948675017081
6804,2019-07-11 12:00:00,519.410888672,0.15362817744335244
6805,2019-07-11 13:00:00,519.404602051,0.9626655448772944
6806,2019-07-11 14:00:00,519.39831543,0.9003311628138702
6807,2019-07-11 15:00:00,519.38885498,0.9887649789345317
6808,2019-07-11 16:00:00,519.380981445,0.30359021557516375
6809,2019-07-11 17:00:00,519.372741699,0.9708531984331646
6810,2019-07-11 18:00:00,519.356689453,0.4467514890800732
6811,2019-07-11 19:00:00,519.346435547,0.730893694370789
6812,2019-07-11 20:00:00,519.320983887,0.4942064196974404
6813,2019-07-11 21:00:00,519.310546875,0.23170010732143365
6814,2019-07-11 22:00:00,519.229431152,0.981258535683864
6815,2019-07-11 23:00:00,519.065673828,0.672128203079901
6816,2019-07-12 00:00:00,518.939147949,0.29011061466654653
6817,2019-07-12 01:00:00,518.834472656,0.20039603441395826
6818,2019-07-12 02:00:00,518.748718262,0.1746954277086561
6819,2019-07-12 03:00:00,518.677612305,0.5843642120368716
6820,2019-07-12 04:00:00,518.618896484,0.8095781471502382
6821,2019-07-12 05:00:00,518.567138672,0.9619960241359101
6822,2019-07-12 06:00:00,518.524719238,0.9069829262184838
6823,2019-07-12 07:00:00,518.488220215,0.3511948332641618
6824,2019-07-12 08:00:00,518.458007812,0.797474631413976
6825,2019-07-12 09:00:00,518.434936523,0.5103986278662688
6826,2019-07-12 10:00:00,518.416992188,0.5573926305256006
6827,2019-07-12 11:00:00,518.403747559,0.9652013753907155
6828,2019-07-12 12:00:00,518.393005371,0.4702893419126283
6829,2019-07-12 13:00:00,518.381530762,0.7566577457777554
6830,2019-07-12 14:00:00,518.371032715,0.6657301322127914
6831,2019-07-12 15:00:00,518.357543945,0.015090653227067041
6832,2019-07-12 16:00:00,518.345703125,0.09675580124182437
6833,2019-07-12 17:00:00,518.259460449,0.06835986037353337
6834,2019-07-12 18:00:00,518.045837402,0.49214099931089494
6835,2019-07-12 19:00:00,517.765563965,0.7817204385242795
6836,2019-07-12 20:00:00,517.492248535,0.6242090118823268
6837,2019-07-12 21:00:00,517.182678223,0.6066432972278273
6838,2019-07-12 22:00:00,516.879455566,0.009685898073019561
6839,2019-07-12 23:00:00,516.557983398,0.2928314349766672
6840,2019-07-13 00:00:00,516.227539062,0.4882148951924973
6841,2019-07-13 01:00:00,515.943664551,0.39351623951583614
6842,2019-07-13 02:00:00,515.68951416,0.11405221302210033
6843,2019-07-13 03:00:00,515.450561523,0.8133983571101513
6844,2019-07-13 04:00:00,515.212341309,0.6167751860145264
6845,2019-07-13 05:00:00,514.998901367,0.2893867443938587
6846,2019-07-13 06:00:00,514.826965332,0.6021251065343955
6847,2019-07-13 07:00:00,514.690551758,0.020979515975968366
6848,2019-07-13 08:00:00,514.57635498,0.3809921189867661
6849,2019-07-13 09:00:00,514.479675293,0.5758382060229452
6850,2019-07-13 10:00:00,514.363708496,0.6313920665392285
6851,2019-07-13 11:00:00,514.281921387,0.8134909522795541
6852,2019-07-13 12:00:00,514.215515137,0.04114932520950032
6853,2019-07-13 13:00:00,514.157287598,0.6707966222391171
6854,2019-07-13 14:00:00,514.054931641,0.4010088859739528
6855,2019-07-13 15:00:00,513.855712891,0.8465577803704835
6856,2019-07-13 16:00:00,513.552001953,0.14255987936447567
6857,2019-07-13 17:00:00,513.145690918,0.8325060555356123
6858,2019-07-13 18:00:00,512.645446777,0.9957301481461485
6859,2019-07-13 19:00:00,512.147583008,0.6122057074413593
6860,2019-07-13 20:00:00,511.692108154,0.4027960063360344
6861,2019-07-13 21:00:00,511.193084717,0.4775154058679939
6862,2019-07-13 22:00:00,510.760131836,0.8392759858061728
6863,2019-07-13 23:00:00,510.326019287,0.25942597606557594
6864,2019-07-14 00:00:00,509.779602051,0.8042590228654299
6865,2019-07-14 01:00:00,509.391326904,0.0070246489824898894
6866,2019-07-14 02:00:00,508.951446533,0.3616173640167121
6867,2019-07-14 03:00:00,508.593536377,0.41906589804700023
6868,2019-07-14 04:00:00,508.305145264,0.7219436663848129
6869,2019-07-14 05:00:00,508.067138672,0.9111784780235911
6870,2019-07-14 06:00:00,507.876342773,0.3347073990067304
6871,2019-07-14 07:00:00,507.721221924,0.9370748822216372
6872,2019-07-14 08:00:00,507.593811035,0.6176950499615264
6873,2019-07-14 09:00:00,507.487457275,0.11085886533085754
6874,2019-07-14 10:00:00,507.400238037,0.35186390974578774
6875,2019-07-14 11:00:00,507.332519531,0.2240977737137574
6876,2019-07-14 12:00:00,507.274475098,0.12703150960884957
6877,2019-07-14 13:00:00,507.224395752,0.5068939967896171
6878,2019-07-14 14:00:00,507.147338867,0.029512033280682082
6879,2019-07-14 15:00:00,506.955413818,0.10055513076314004
6880,2019-07-14 16:00:00,506.601287842,0.3098940546476926
6881,2019-07-14 17:00:00,506.282989502,0.6056917888027761
6882,2019-07-14 18:00:00,505.873596191,0.5942257555713419
6883,2019-07-14 19:00:00,505.42880249,0.7631987675341648
6884,2019-07-14 20:00:00,504.950714111,0.5977350898430709
6885,2019-07-14 21:00:00,504.374359131,0.19124854204649888
6886,2019-07-14 22:00:00,503.824523926,0.7892970961951995
6887,2019-07-14 23:00:00,503.282348633,0.7022493919161564
6888,2019-07-15 00:00:00,502.773468018,0.11319851227474875
6889,2019-07-15 01:00:00,502.30178833,0.24457730524065302
6890,2019-07-15 02:00:00,501.818878174,0.6381239058681959
6891,2019-07-15 03:00:00,501.42779541,0.9800128613914498
6892,2019-07-15 04:00:00,501.103546143,0.4383444212633364
6893,2019-07-15 05:00:00,500.837158203,0.022259205429931872
6894,2019-07-15 06:00:00,500.619140625,0.4439309558887863
6895,2019-07-15 07:00:00,500.441436768,0.6132863636349716
6896,2019-07-15 08:00:00,500.296875,0.32050500093099465
6897,2019-07-15 09:00:00,500.177246094,0.13645396167571922
6898,2019-07-15 10:00:00,500.079589844,0.19290807204709948
6899,2019-07-15 11:00:00,499.998687744,0.8620453841605715
6900,2019-07-15 12:00:00,499.934906006,0.4801274879607833
6901,2019-07-15 13:00:00,499.879974365,0.49878639182559215
6902,2019-07-15 14:00:00,499.836853027,0.06582542785720158
6903,2019-07-15 15:00:00,499.804779053,0.2957122916131827
6904,2019-07-15 16:00:00,499.75579834,0.567164343153882
6905,2019-07-15 17:00:00,499.555603027,0.8933887983441288
6906,2019-07-15 18:00:00,499.225585938,0.408322101728796
6907,2019-07-15 19:00:00,498.850830078,0.02949418518435798
6908,2019-07-15 20:00:00,498.597381592,0.2227560529253363
6909,2019-07-15 21:00:00,498.199676514,0.8747453995361617
6910,2019-07-15 22:00:00,497.763763428,0.8436355969032409
6911,2019-07-15 23:00:00,497.366546631,0.4143936091067095
6912,2019-07-16 00:00:00,496.969604492,0.2508968371046493
6913,2019-07-16 01:00:00,496.616516113,0.9470063654586683
6914,2019-07-16 02:00:00,496.311004639,0.8795292095599433
6915,2019-07-16 03:00:00,496.065856934,0.025329891529246584
6916,2019-07-16 04:00:00,495.867248535,0.8766913942072471
6917,2019-07-16 05:00:00,495.702301025,0.15175880820941345
6918,2019-07-16 06:00:00,495.564910889,0.49735643968076737
6919,2019-07-16 07:00:00,495.452209473,0.735463904379913
6920,2019-07-16 08:00:00,495.358428955,0.49989524864483925
6921,2019-07-16 09:00:00,495.282867432,0.4822987740366458
6922,2019-07-16 10:00:00,495.2215271,0.10185553466655495
6923,2019-07-16 11:00:00,495.172485352,0.8442581912991983
6924,2019-07-16 12:00:00,495.130737305,0.6830473617282369
6925,2019-07-16 13:00:00,495.092651367,0.25005361326380127
6926,2019-07-16 14:00:00,495.065979004,0.3069063537568232
6927,2019-07-16 15:00:00,495.050201416,0.4698655072699902
6928,2019-07-16 16:00:00,494.932098389,0.5367507675164157
6929,2019-07-16 17:00:00,494.669708252,0.03542466058718985
6930,2019-07-16 18:00:00,494.300262451,0.641545590725579
6931,2019-07-16 19:00:00,493.663482666,0.857596225747156
6932,2019-07-16 20:00:00,493.037414551,0.6873023031957578
6933,2019-07-16 21:00:00,492.452545166,0.710467758132452
6934,2019-07-16 22:00:00,491.88079834,0.02451084605595244
6935,2019-07-16 23:00:00,491.177215576,0.19775941614528603
6936,2019-07-17 00:00:00,490.604400635,0.9556471883586249
6937,2019-07-17 01:00:00,490.107696533,0.0011594776339297619
6938,2019-07-17 02:00:00,489.66809082,0.7900384940400745
6939,2019-07-17 03:00:00,489.28918457,0.11909674670523462
6940,2019-07-17 04:00:00,488.978485107,0.6437702515059451
6941,2019-07-17 05:00:00,488.71762085,0.7550836605647757
6942,2019-07-17 06:00:00,488.496704102,0.34878174910294557
6943,2019-07-17 07:00:00,487.843841553,0.09867904610598555
6944,2019-07-17 08:00:00,487.203430176,0.7012507476436961
6945,2019-07-17 09:00:00,486.666717529,0.9427159507091161
6946,2019-07-17 10:00:00,486.226409912,0.1818412171463618
6947,2019-07-17 11:00:00,485.863769531,0.5392522364484525
6948,2019-07-17 12:00:00,485.563079834,0.22825390019078906
6949,2019-07-17 13:00:00,485.314025879,0.7167904585428366
6950,2019-07-17 14:00:00,485.10824585,0.4301137454589763
6951,2019-07-17 15:00:00,484.862304688,0.39659771076193673
6952,2019-07-17 16:00:00,484.526855469,0.21257030885645745
6953,2019-07-17 17:00:00,484.082702637,0.18812065040006898
6954,2019-07-17 18:00:00,483.517150879,0.9632319619158191
6955,2019-07-17 19:00:00,482.933990479,0.8644099483171211
6956,2019-07-17 20:00:00,482.395324707,0.09580703735794749
6957,2019-07-17 21:00:00,481.909790039,0.8842427245396601
6958,2019-07-17 22:00:00,481.28894043,0.9101201482638489
6959,2019-07-17 23:00:00,480.679199219,0.7165530020315901
6960,2019-07-18 00:00:00,480.191345215,0.11540416693614297
6961,2019-07-18 01:00:00,479.760040283,0.8359256277018154
6962,2019-07-18 02:00:00,479.409301758,0.651797224479687
6963,2019-07-18 03:00:00,479.113647461,0.253011330721826
6964,2019-07-18 04:00:00,478.870330811,0.11203509718780047
6965,2019-07-18 05:00:00,478.670349121,0.8135897452490762
6966,2019-07-18 06:00:00,478.508880615,0.9370728546999363
6967,2019-07-18 07:00:00,478.375915527,0.7688132823311218
6968,2019-07-18 08:00:00,478.261352539,0.321420489123167
6969,2019-07-18 09:00:00,478.164642334,0.82273293599021
6970,2019-07-18 10:00:00,478.08215332,0.737202708912179
6971,2019-07-18 11:00:00,478.017913818,0.12212387710020389
6972,2019-07-18 12:00:00,477.963500977,0.24565642105247876
6973,2019-07-18 13:00:00,477.916748047,0.30434899747794086
6974,2019-07-18 14:00:00,477.876525879,0.4142295337377965
6975,2019-07-18 15:00:00,477.845550537,0.9008588074263271
6976,2019-07-18 16:00:00,477.805480957,0.6208825945499237
6977,2019-07-18 17:00:00,477.645935059,0.5235096977127693
6978,2019-07-18 18:00:00,477.391662598,0.3910938849490039
6979,2019-07-18 19:00:00,477.063049316,0.33265542267477477
6980,2019-07-18 20:00:00,476.718444824,0.9033185007624696
6981,2019-07-18 21:00:00,476.412872314,0.8002614194016792
6982,2019-07-18 22:00:00,476.095611572,0.7101021465932241
6983,2019-07-18 23:00:00,475.782409668,0.7494358478100598
6984,2019-07-19 00:00:00,475.514892578,0.5646596182303067
6985,2019-07-19 01:00:00,475.296936035,0.9272091559660994
6986,2019-07-19 02:00:00,475.120666504,0.4953602057743012
6987,2019-07-19 03:00:00,474.96963501,0.044676879830779614
6988,2019-07-19 04:00:00,474.856994629,0.6781447508356697
6989,2019-07-19 05:00:00,474.760955811,0.12614466280597247
6990,2019-07-19 06:00:00,474.682373047,0.48121552059855544
6991,2019-07-19 07:00:00,474.616485596,0.6694830349764621
6992,2019-07-19 08:00:00,474.561340332,0.13927335225541682
6993,2019-07-19 09:00:00,474.515960693,0.28054759227789094
6994,2019-07-19 10:00:00,474.480133057,0.5481222594028103
6995,2019-07-19 11:00:00,474.453155518,0.6482836131655444
6996,2019-07-19 12:00:00,474.426940918,0.5985277047188601
6997,2019-07-19 13:00:00,474.40423584,0.32418227598092375
6998,2019-07-19 14:00:00,474.384552002,0.33054879709660145
6999,2019-07-19 15:00:00,474.367797852,0.22216280685040923
7000,2019-07-19 16:00:00,474.355834961,0.5638586927254299
7001,2019-07-19 17:00:00,474.308105469,0.6629883628557479
7002,2019-07-19 18:00:00,474.099700928,0.8401904693387652
7003,2019-07-19 19:00:00,473.825286865,0.9939204081929234
7004,2019-07-19 20:00:00,473.560821533,0.22968622722922405
7005,2019-07-19 21:00:00,473.274261475,0.9621368335729602
7006,2019-07-19 22:00:00,472.97277832,0.35416420419671535
7007,2019-07-19 23:00:00,472.660675049,0.017298280228498664
7008,2019-07-20 00:00:00,472.382019043,0.16154883872976267
7009,2019-07-20 01:00:00,472.160095215,0.5002586159379361
7010,2019-07-20 02:00:00,471.97744751,0.8740008110679642
7011,2019-07-20 03:00:00,471.824371338,0.48822218950338536
7012,2019-07-20 04:00:00,471.704040527,0.5172364339389285
7013,2019-07-20 05:00:00,471.607116699,0.9821626010318271
7014,2019-07-20 06:00:00,471.526428223,0.6958378039099195
7015,2019-07-20 07:00:00,471.459320068,0.5364415287848979
7016,2019-07-20 08:00:00,471.403900146,0.8150507544857927
7017,2019-07-20 09:00:00,471.358337402,0.09979982336405202
7018,2019-07-20 10:00:00,471.320831299,0.11531639979199648
7019,2019-07-20 11:00:00,471.290588379,0.0515450302061784
7020,2019-07-20 12:00:00,471.26473999,0.07065128107341367
7021,2019-07-20 13:00:00,471.241210938,0.06750229016577758
7022,2019-07-20 14:00:00,471.220672607,0.4429643605164967
7023,2019-07-20 15:00:00,471.200134277,0.5431121627960561
7024,2019-07-20 16:00:00,471.041381836,0.3555807875655428
7025,2019-07-20 17:00:00,470.759857178,0.5853850528044842
7026,2019-07-20 18:00:00,470.397399902,0.7859691764792008
7027,2019-07-20 19:00:00,470.004364014,0.4649727480026751
7028,2019-07-20 20:00:00,470.08001709,0.2648393889157876
7029,2019-07-20 21:00:00,469.649230957,0.0734765748782179
7030,2019-07-20 22:00:00,469.265899658,0.15562445153401305
7031,2019-07-20 23:00:00,468.918945312,0.2015400005535385
7032,2019-07-21 00:00:00,468.598205566,0.38611195828537603
7033,2019-07-21 01:00:00,468.30480957,0.2589452883830201
7034,2019-07-21 02:00:00,468.037719727,0.38272424578307174
7035,2019-07-21 03:00:00,467.813018799,0.20721028895310634
7036,2019-07-21 04:00:00,467.633270264,0.294543642323009
7037,2019-07-21 05:00:00,467.483612061,0.324156739638667
7038,2019-07-21 06:00:00,467.362304688,0.5390356621900818
7039,2019-07-21 07:00:00,467.258056641,0.07852062021697159
7040,2019-07-21 08:00:00,467.170349121,0.8217603555805508
7041,2019-07-21 09:00:00,467.095245361,0.38733280358560196
7042,2019-07-21 10:00:00,467.032348633,0.23629226210375687
7043,2019-07-21 11:00:00,466.979187012,0.3997326688927295
7044,2019-07-21 12:00:00,466.936157227,0.5148456240711035
7045,2019-07-21 13:00:00,466.901763916,0.27041712420308006
7046,2019-07-21 14:00:00,466.873260498,0.6342262745040146
7047,2019-07-21 15:00:00,466.804107666,0.00456061272921926
7048,2019-07-21 16:00:00,466.637023926,0.7208799134833629
7049,2019-07-21 17:00:00,466.313323975,0.6088901387827903
7050,2019-07-21 18:00:00,466.006134033,0.8895306680158489
7051,2019-07-21 19:00:00,465.642852783,0.18831176944326822
7052,2019-07-21 20:00:00,465.302307129,0.25372125843350257
7053,2019-07-21 21:00:00,464.972106934,0.3799937484677761
7054,2019-07-21 22:00:00,464.69833374,0.38136960303489276
7055,2019-07-21 23:00:00,464.417755127,0.749351372347667
7056,2019-07-22 00:00:00,464.112091064,0.9630359465223535
7057,2019-07-22 01:00:00,463.83682251,0.9389713203411845
7058,2019-07-22 02:00:00,463.615325928,0.9306384202545154
7059,2019-07-22 03:00:00,463.434417725,0.5293179294692113
7060,2019-07-22 04:00:00,463.281707764,0.32120477208875253
7061,2019-07-22 05:00:00,462.869262695,0.7064025085305495
7062,2019-07-22 06:00:00,462.120391846,0.15374050822963103
7063,2019-07-22 07:00:00,461.028656006,0.5191530062358415
7064,2019-07-22 08:00:00,459.89932251,0.7928246575024235
7065,2019-07-22 09:00:00,458.580383301,0.2224908709807094
7066,2019-07-22 10:00:00,457.17791748,0.38881672239021015
7067,2019-07-22 11:00:00,455.819610596,0.7056529840997072
7068,2019-07-22 12:00:00,454.522674561,0.28165229566575223
7069,2019-07-22 13:00:00,453.246459961,0.35806179419414086
7070,2019-07-22 14:00:00,452.157989502,0.28162129424592286
7071,2019-07-22 15:00:00,451.091247559,0.9222252801810368
7072,2019-07-22 16:00:00,450.0027771,0.18268548352185898
7073,2019-07-22 17:00:00,449.127807617,0.27251253602711434
7074,2019-07-22 18:00:00,448.2605896,0.29376874135735687
7075,2019-07-22 19:00:00,447.450408936,0.7931347637062396
7076,2019-07-22 20:00:00,446.365081787,0.0980679811469507
7077,2019-07-22 21:00:00,445.456695557,0.9249653796675227
7078,2019-07-22 22:00:00,444.662841797,0.10381852738484765
7079,2019-07-22 23:00:00,443.96206665,0.3149390337015565
7080,2019-07-23 00:00:00,443.390869141,0.08314223141323585
7081,2019-07-23 01:00:00,442.901275635,0.6472094987460104
7082,2019-07-23 02:00:00,442.474884033,0.32074677667704665
7083,2019-07-23 03:00:00,442.112487793,0.876826459803073
7084,2019-07-23 04:00:00,441.804199219,0.7973484891651662
7085,2019-07-23 05:00:00,441.361755371,0.6811956656035988
7086,2019-07-23 06:00:00,440.760528564,0.35976572326475154
7087,2019-07-23 07:00:00,440.29083252,0.3959662511349308
7088,2019-07-23 08:00:00,439.906982422,0.8557591587976777
7089,2019-07-23 09:00:00,439.593109131,0.6862997610103113
7090,2019-07-23 10:00:00,439.335754395,0.6236046064997641
7091,2019-07-23 11:00:00,439.123901367,0.9719926535817022
7092,2019-07-23 12:00:00,438.947235107,0.6446792397332327
7093,2019-07-23 13:00:00,438.800720215,0.5070907998036573
7094,2019-07-23 14:00:00,438.674255371,0.020902560391883984
7095,2019-07-23 15:00:00,438.448638916,0.34519702287878207
7096,2019-07-23 16:00:00,438.1171875,0.08386772371759954
7097,2019-07-23 17:00:00,437.691131592,0.1259044487901545
7098,2019-07-23 18:00:00,437.187133789,0.2950254972381846
7099,2019-07-23 19:00:00,436.617156982,0.9557808418634902
7100,2019-07-23 20:00:00,436.081787109,0.2106149688258242
7101,2019-07-23 21:00:00,436.431365967,0.193157267943589
7102,2019-07-23 22:00:00,435.73916626,0.38144744499714645
7103,2019-07-23 23:00:00,435.158874512,0.15169901585827938
7104,2019-07-24 00:00:00,434.65322876,0.8687688301655017
7105,2019-07-24 01:00:00,434.307525635,0.8691734021797327
7106,2019-07-24 02:00:00,433.871948242,0.3818700670904053
7107,2019-07-24 03:00:00,433.522644043,0.9399768631484837
7108,2019-07-24 04:00:00,433.235565186,0.7971440575652888
7109,2019-07-24 05:00:00,433.000244141,0.170965432505487
7110,2019-07-24 06:00:00,432.800292969,0.19525077479314168
7111,2019-07-24 07:00:00,432.638824463,0.5941371652334216
7112,2019-07-24 08:00:00,432.506103516,0.8971572210616094
7113,2019-07-24 09:00:00,432.4012146,0.9329293911989724
7114,2019-07-24 10:00:00,432.312805176,0.7204315349584164
7115,2019-07-24 11:00:00,432.245697021,0.42699871201493556
7116,2019-07-24 12:00:00,432.188568115,0.6606070168735215
7117,2019-07-24 13:00:00,432.139251709,0.12303506260741603
7118,2019-07-24 14:00:00,432.105712891,0.5650936928604375
7119,2019-07-24 15:00:00,432.009368896,0.03309426288194228
7120,2019-07-24 16:00:00,431.801208496,0.5965103199961195
7121,2019-07-24 17:00:00,431.469909668,0.35949062744752636
7122,2019-07-24 18:00:00,431.054901123,0.23740735993641093
7123,2019-07-24 19:00:00,430.60647583,0.14818189480665622
7124,2019-07-24 20:00:00,429.970153809,0.22289936276417355
7125,2019-07-24 21:00:00,433.021484375,0.3681252296800419
7126,2019-07-24 22:00:00,431.742126465,0.05472095496977436
7127,2019-07-24 23:00:00,430.794616699,0.14011740749494528
7128,2019-07-25 00:00:00,429.973724365,0.2696822649661381
7129,2019-07-25 01:00:00,429.436218262,0.2155357929797339
7130,2019-07-25 02:00:00,428.811737061,0.2577921336447131
7131,2019-07-25 03:00:00,428.306762695,0.306132238612435
7132,2019-07-25 04:00:00,427.888214111,0.7091837176989739
7133,2019-07-25 05:00:00,427.543914795,0.1948404228318218
7134,2019-07-25 06:00:00,427.261138916,0.1318180799703056
7135,2019-07-25 07:00:00,427.030548096,0.06622083801491774
7136,2019-07-25 08:00:00,426.841064453,0.2746501002971151
7137,2019-07-25 09:00:00,426.685058594,0.08608516572331648
7138,2019-07-25 10:00:00,426.558380127,0.7483692040627472
7139,2019-07-25 11:00:00,426.454223633,0.7063357083423604
7140,2019-07-25 12:00:00,426.370849609,0.6330368950893251
7141,2019-07-25 13:00:00,426.302429199,0.751863332715301
7142,2019-07-25 14:00:00,426.25769043,0.8767643467869732
7143,2019-07-25 15:00:00,426.234619141,0.07773298780029658
7144,2019-07-25 16:00:00,426.132629395,0.03278592443598327
7145,2019-07-25 17:00:00,425.887481689,0.519117396389501
7146,2019-07-25 18:00:00,425.502319336,0.685777916910914
7147,2019-07-25 19:00:00,425.028045654,0.11923686665122701
7148,2019-07-25 20:00:00,424.528442383,0.9717028394908807
7149,2019-07-25 21:00:00,423.998474121,0.9741335237289849
7150,2019-07-25 22:00:00,423.52355957,0.8695919461304928
7151,2019-07-25 23:00:00,423.101135254,0.27662241393435494
7152,2019-07-26 00:00:00,422.777099609,0.03639026524579536
7153,2019-07-26 01:00:00,423.158111572,0.8852868833797847
7154,2019-07-26 02:00:00,422.808776855,0.36614418450267094
7155,2019-07-26 03:00:00,422.618286133,0.6120918817281651
7156,2019-07-26 04:00:00,422.795349121,0.32489825526877547
7157,2019-07-26 05:00:00,422.661499023,0.1713944625135585
7158,2019-07-26 06:00:00,422.2862854,0.3929421892623438
7159,2019-07-26 07:00:00,421.956176758,0.7662265818410811
7160,2019-07-26 08:00:00,421.686737061,0.08739984024756675
7161,2019-07-26 09:00:00,421.485717773,0.4201530297476097
7162,2019-07-26 10:00:00,421.522003174,0.38514444123361635
7163,2019-07-26 11:00:00,421.376220703,0.3917902575966138
7164,2019-07-26 12:00:00,421.25567627,0.4416989675134064
7165,2019-07-26 13:00:00,421.155609131,0.25531948858611053
7166,2019-07-26 14:00:00,421.086151123,0.7667779685429481
7167,2019-07-26 15:00:00,420.974761963,0.9756676690847105
7168,2019-07-26 16:00:00,420.728881836,0.48248573249814475
7169,2019-07-26 17:00:00,420.373352051,0.23228370830948475
7170,2019-07-26 18:00:00,419.956329346,0.07226670891674669
7171,2019-07-26 19:00:00,419.489562988,0.9237012313037248
7172,2019-07-26 20:00:00,422.113586426,0.849309088014584
7173,2019-07-26 21:00:00,421.776275635,0.5858800761652244
7174,2019-07-26 22:00:00,420.710510254,0.5415324656279891
7175,2019-07-26 23:00:00,419.726623535,0.05705238705108229
7176,2019-07-27 00:00:00,418.94442749,0.14958339024702705
7177,2019-07-27 01:00:00,418.18170166,0.09056521925689043
7178,2019-07-27 02:00:00,417.61920166,0.27960221297715826
7179,2019-07-27 03:00:00,417.205230713,0.022756073036128144
7180,2019-07-27 04:00:00,416.907196045,0.9154125249963043
7181,2019-07-27 05:00:00,417.185760498,0.7627347290576062
7182,2019-07-27 06:00:00,416.90612793,0.867571006058153
7183,2019-07-27 07:00:00,416.285583496,0.9529519881470205
7184,2019-07-27 08:00:00,415.75189209,0.8123276066888374
7185,2019-07-27 09:00:00,415.32611084,0.12119888810393387
7186,2019-07-27 10:00:00,414.977386475,0.2047696167228088
7187,2019-07-27 11:00:00,414.689331055,0.78016652496133
7188,2019-07-27 12:00:00,414.452545166,0.367074948047175
7189,2019-07-27 13:00:00,414.25491333,0.9611892914849777
7190,2019-07-27 14:00:00,414.050018311,0.924640757372109
7191,2019-07-27 15:00:00,413.767730713,0.37214423558346377
7192,2019-07-27 16:00:00,413.382568359,0.33883013420304786
7193,2019-07-27 17:00:00,412.897888184,0.05392574423512675
7194,2019-07-27 18:00:00,412.360534668,0.8278859907189835
7195,2019-07-27 19:00:00,412.029449463,0.30622559585413256
7196,2019-07-27 20:00:00,411.473876953,0.7748898463460545
7197,2019-07-27 21:00:00,410.798828125,0.4155391555349158
7198,2019-07-27 22:00:00,410.207122803,0.5293439273796995
7199,2019-07-27 23:00:00,409.831756592,0.009110438651316888
7200,2019-07-28 00:00:00,409.531555176,0.4205735196407082
7201,2019-07-28 01:00:00,409.287536621,0.42217883200486583
7202,2019-07-28 02:00:00,409.086242676,0.4659798569478202
7203,2019-07-28 03:00:00,408.920074463,0.22303611365981812
7204,2019-07-28 04:00:00,408.782043457,0.06547195417691609
7205,2019-07-28 05:00:00,408.669311523,0.6131694037611278
7206,2019-07-28 06:00:00,408.573455811,0.8768279196496376
7207,2019-07-28 07:00:00,408.496276855,0.7161290828642134
7208,2019-07-28 08:00:00,408.433837891,0.48923706967023917
7209,2019-07-28 09:00:00,408.387237549,0.8787456340727046
7210,2019-07-28 10:00:00,408.351531982,0.5211834373637786
7211,2019-07-28 11:00:00,408.325866699,0.3469596535969778
7212,2019-07-28 12:00:00,408.304656982,0.10416279697119069
7213,2019-07-28 13:00:00,408.288818359,0.8533932986465147
7214,2019-07-28 14:00:00,408.283447266,0.9947286956018102
7215,2019-07-28 15:00:00,408.303924561,0.008579043304650757
7216,2019-07-28 16:00:00,408.325958252,0.8205341516657638
7217,2019-07-28 17:00:00,408.187255859,0.8224069196391465
7218,2019-07-28 18:00:00,407.917358398,0.15098231242316074
7219,2019-07-28 19:00:00,407.574157715,0.537506763012826
7220,2019-07-28 20:00:00,407.204559326,0.3813502883748773
7221,2019-07-28 21:00:00,406.873718262,0.4404172220483181
7222,2019-07-28 22:00:00,406.569671631,0.6201150351074814
7223,2019-07-28 23:00:00,406.277618408,0.6270348109784805
7224,2019-07-29 00:00:00,406.035095215,0.9607383635600477
7225,2019-07-29 01:00:00,405.839569092,0.7888307667078339
7226,2019-07-29 02:00:00,405.679046631,0.5303760623239211
7227,2019-07-29 03:00:00,405.546264648,0.17059085810202923
7228,2019-07-29 04:00:00,405.435974121,0.516300325456274
7229,2019-07-29 05:00:00,405.338897705,0.7362998099089663
7230,2019-07-29 06:00:00,405.164215088,0.2177543302457161
7231,2019-07-29 07:00:00,404.999084473,0.44545320891731444
7232,2019-07-29 08:00:00,404.847595215,0.2901624550403339
7233,2019-07-29 09:00:00,404.728820801,0.8710983658117367
7234,2019-07-29 10:00:00,404.629058838,0.9126174183348927
7235,2019-07-29 11:00:00,404.25213623,0.6451058820826427
7236,2019-07-29 12:00:00,403.65447998,0.015442363343778465
7237,2019-07-29 13:00:00,402.87322998,0.5348714157048783
7238,2019-07-29 14:00:00,401.950134277,0.9657309209370076
7239,2019-07-29 15:00:00,400.697265625,0.050133091914221106
7240,2019-07-29 16:00:00,398.873687744,0.32851211699618477
7241,2019-07-29 17:00:00,397.101531982,0.1621328234965338
7242,2019-07-29 18:00:00,395.293640137,0.40416900652158505
7243,2019-07-29 19:00:00,393.60925293,0.5435495518678218
7244,2019-07-29 20:00:00,392.113952637,0.21679012067429004
7245,2019-07-29 21:00:00,390.834381104,0.8631561472769944
7246,2019-07-29 22:00:00,389.77520752,0.06963262416046612
7247,2019-07-29 23:00:00,388.852355957,0.1769569457828214
7248,2019-07-30 00:00:00,388.045928955,0.15087904023721088
7249,2019-07-30 01:00:00,387.365905762,0.41585639916631867
7250,2019-07-30 02:00:00,386.810974121,0.8140671105498091
7251,2019-07-30 03:00:00,386.355621338,0.23989132206299013
7252,2019-07-30 04:00:00,385.978912354,0.38577313159835447
7253,2019-07-30 05:00:00,385.669342041,0.5888984787056275
7254,2019-07-30 06:00:00,385.413360596,0.6100234863962667
7255,2019-07-30 07:00:00,385.188964844,0.8973401081331577
7256,2019-07-30 08:00:00,385.011077881,0.28299387503524986
7257,2019-07-30 09:00:00,384.840362549,0.26104410713284887
7258,2019-07-30 10:00:00,384.590911865,0.043763137582654155
7259,2019-07-30 11:00:00,384.384613037,0.6961502230213598
7260,2019-07-30 12:00:00,384.216705322,0.4345208430151152
7261,2019-07-30 13:00:00,384.063842773,0.12223667849643227
7262,2019-07-30 14:00:00,383.845275879,0.006280171370491638
7263,2019-07-30 15:00:00,383.522033691,0.522593810090147
7264,2019-07-30 16:00:00,383.080535889,0.43335488951006595
7265,2019-07-30 17:00:00,382.483825684,0.8551552076400735
7266,2019-07-30 18:00:00,381.820617676,0.4662859621231099
7267,2019-07-30 19:00:00,380.94543457,0.6037944727756086
7268,2019-07-30 20:00:00,379.913085938,0.24835205238315194
7269,2019-07-30 21:00:00,379.829193115,0.5060956459052913
7270,2019-07-30 22:00:00,379.290374756,0.13491774241207155
7271,2019-07-30 23:00:00,378.332305908,0.42524072052607254
7272,2019-07-31 00:00:00,377.514312744,0.6565008501778146
7273,2019-07-31 01:00:00,376.809448242,0.7003068400118286
7274,2019-07-31 02:00:00,376.160125732,0.7576214130986177
7275,2019-07-31 03:00:00,375.618865967,0.09890775193614121
7276,2019-07-31 04:00:00,375.173431396,0.5531247327774327
7277,2019-07-31 05:00:00,374.806640625,0.940353645503256
7278,2019-07-31 06:00:00,374.506774902,0.39448407159872123
7279,2019-07-31 07:00:00,374.259216309,0.723066759791983
7280,2019-07-31 08:00:00,374.055969238,0.17029098784505015
7281,2019-07-31 09:00:00,373.891296387,0.652784988432054
7282,2019-07-31 10:00:00,373.757202148,0.36433887878631477
7283,2019-07-31 11:00:00,373.650177002,0.8699333043373585
7284,2019-07-31 12:00:00,373.562866211,0.8777569737655821
7285,2019-07-31 13:00:00,373.47354126,0.9447549798909567
7286,2019-07-31 14:00:00,373.304473877,0.36086617935698506
7287,2019-07-31 15:00:00,373.173553467,0.3752711747069962
7288,2019-07-31 16:00:00,372.91796875,0.9775346307725918
7289,2019-07-31 17:00:00,372.538085938,0.22420936397351388
7290,2019-07-31 18:00:00,372.052703857,0.14236989269340017
7291,2019-07-31 19:00:00,371.513916016,0.44730037944474266
7292,2019-07-31 20:00:00,370.965393066,0.9081863363209266
7293,2019-07-31 21:00:00,370.457122803,0.45518914823743006
7294,2019-07-31 22:00:00,370.945007324,0.31026928428068123
7295,2019-07-31 23:00:00,370.351776123,0.5139694225698618
7296,2019-08-01 00:00:00,369.861999512,0.2292984908413126
7297,2019-08-01 01:00:00,369.43371582,0.5953283750017575
7298,2019-08-01 02:00:00,369.079376221,0.2463497163941425
7299,2019-08-01 03:00:00,368.75302124,0.4571745971601445
7300,2019-08-01 04:00:00,368.487213135,0.03997238006813342
7301,2019-08-01 05:00:00,368.267059326,0.9281484760958775
7302,2019-08-01 06:00:00,368.516204834,0.7488502784579598
7303,2019-08-01 07:00:00,368.309661865,0.512146157360838
7304,2019-08-01 08:00:00,368.140411377,0.7002448811996632
7305,2019-08-01 09:00:00,368.007965088,0.04713751681545708
7306,2019-08-01 10:00:00,367.827697754,0.205663838921343
7307,2019-08-01 11:00:00,367.681213379,0.0006614126932465991
7308,2019-08-01 12:00:00,367.561157227,0.5365390023101588
7309,2019-08-01 13:00:00,367.464080811,0.7996654421983919
7310,2019-08-01 14:00:00,367.317260742,0.5620392879345026
7311,2019-08-01 15:00:00,367.060974121,0.2736275516343769
7312,2019-08-01 16:00:00,366.701293945,0.8629604592359994
7313,2019-08-01 17:00:00,366.252563477,0.2446250235399563
7314,2019-08-01 18:00:00,365.716766357,0.5665723265160341
7315,2019-08-01 19:00:00,365.164886475,0.5639785654981009
7316,2019-08-01 20:00:00,365.93762207,0.4111176079575861
7317,2019-08-01 21:00:00,369.033294678,0.5709317363457826
7318,2019-08-01 22:00:00,369.709350586,0.5668200106101657
7319,2019-08-01 23:00:00,368.66027832,0.573667155700151
7320,2019-08-02 00:00:00,367.316741943,0.6722344570965487
7321,2019-08-02 01:00:00,366.009399414,0.9369962538384321
7322,2019-08-02 02:00:00,365.115020752,0.34761167128573356
7323,2019-08-02 03:00:00,364.165283203,0.1367460483448244
7324,2019-08-02 04:00:00,363.368377686,0.14058655203656079
7325,2019-08-02 05:00:00,362.704986572,0.9835284658417959
7326,2019-08-02 06:00:00,362.162506104,0.7108703503059159
7327,2019-08-02 07:00:00,361.710144043,0.49928417816523574
7328,2019-08-02 08:00:00,361.335479736,0.3657416478155858
7329,2019-08-02 09:00:00,361.03012085,0.3571016830418916
7330,2019-08-02 10:00:00,360.777008057,0.7900826484626532
7331,2019-08-02 11:00:00,360.571929932,0.7532027943941229
7332,2019-08-02 12:00:00,360.404602051,0.08288416152899569
7333,2019-08-02 13:00:00,362.258148193,0.617685410206035
7334,2019-08-02 14:00:00,361.782928467,0.2213250382265246
7335,2019-08-02 15:00:00,361.288543701,0.0776134670422799
7336,2019-08-02 16:00:00,360.764221191,0.57961986495725
7337,2019-08-02 17:00:00,360.19152832,0.4127438733957701
7338,2019-08-02 18:00:00,359.578674316,0.011157772157686985
7339,2019-08-02 19:00:00,358.964538574,0.12040757492131315
7340,2019-08-02 20:00:00,358.320343018,0.7012959270345303
7341,2019-08-02 21:00:00,357.656005859,0.18635249395139297
7342,2019-08-02 22:00:00,357.023498535,0.25808846418701414
7343,2019-08-02 23:00:00,356.557006836,0.08195222709797756
7344,2019-08-03 00:00:00,356.170135498,0.8367520908141904
7345,2019-08-03 01:00:00,355.838348389,0.6014491225924424
7346,2019-08-03 02:00:00,355.552978516,0.6938782993244776
7347,2019-08-03 03:00:00,355.30670166,0.8358274439797134
7348,2019-08-03 04:00:00,355.087463379,0.8782716590396927
7349,2019-08-03 05:00:00,354.849975586,0.8182511360684268
7350,2019-08-03 06:00:00,354.60848999,0.4217065056876371
7351,2019-08-03 07:00:00,354.388702393,0.8313233660150721
7352,2019-08-03 08:00:00,354.208862305,0.8326012591323195
7353,2019-08-03 09:00:00,354.059539795,0.654217325064217
7354,2019-08-03 10:00:00,353.936035156,0.8236993219458993
7355,2019-08-03 11:00:00,353.832824707,0.28802810416560454
7356,2019-08-03 12:00:00,353.747253418,0.5938446759117485
7357,2019-08-03 13:00:00,353.67477417,0.9495759511151326
7358,2019-08-03 14:00:00,353.619415283,0.5358936524449304
7359,2019-08-03 15:00:00,353.587615967,0.14382225442790053
7360,2019-08-03 16:00:00,353.453979492,0.4067378174255042
7361,2019-08-03 17:00:00,353.190765381,0.6350617403162373
7362,2019-08-03 18:00:00,352.796691895,0.8768843160493535
7363,2019-08-03 19:00:00,352.409942627,0.8947985696201737
7364,2019-08-03 20:00:00,352.042755127,0.8636956951337712
7365,2019-08-03 21:00:00,351.701660156,0.6036041900911893
7366,2019-08-03 22:00:00,351.40322876,0.6691848509413771
7367,2019-08-03 23:00:00,351.140197754,0.7929293112099224
7368,2019-08-04 00:00:00,350.834350586,0.7252741247475376
7369,2019-08-04 01:00:00,350.570495605,0.22747157262875362
7370,2019-08-04 02:00:00,350.340393066,0.2012446396159342
7371,2019-08-04 03:00:00,350.153106689,0.24911912972850325
7372,2019-08-04 04:00:00,349.998138428,0.21755743148111262
7373,2019-08-04 05:00:00,349.873321533,0.06558749157373134
7374,2019-08-04 06:00:00,349.770050049,0.18699467791552438
7375,2019-08-04 07:00:00,349.685577393,0.2779103127472814
7376,2019-08-04 08:00:00,349.615509033,0.5220800718348676
7377,2019-08-04 09:00:00,349.560974121,0.7498364906503069
7378,2019-08-04 10:00:00,349.520446777,0.9427429994094404
7379,2019-08-04 11:00:00,349.484191895,0.7952975737518803
7380,2019-08-04 12:00:00,349.453582764,0.002097949722777992
7381,2019-08-04 13:00:00,349.425872803,0.04712338846155084
7382,2019-08-04 14:00:00,349.407714844,0.7755533184112287
7383,2019-08-04 15:00:00,349.400421143,0.7585107252206136
7384,2019-08-04 16:00:00,349.259063721,0.18217636738961285
7385,2019-08-04 17:00:00,348.994689941,0.983453567918903
7386,2019-08-04 18:00:00,348.625610352,0.5604743194299513
7387,2019-08-04 19:00:00,348.178710938,0.10906355316497818
7388,2019-08-04 20:00:00,348.134490967,0.5689543591203502
7389,2019-08-04 21:00:00,348.012481689,0.8016974554030661
7390,2019-08-04 22:00:00,347.961273193,0.812337944519176
7391,2019-08-04 23:00:00,347.795440674,0.6413628988339587
7392,2019-08-05 00:00:00,347.285247803,0.05625264916556094
7393,2019-08-05 01:00:00,346.759307861,0.346841147526059
7394,2019-08-05 02:00:00,346.306488037,0.9172060369864956
7395,2019-08-05 03:00:00,345.951049805,0.0511576817999676
7396,2019-08-05 04:00:00,345.653259277,0.6358939515040383
7397,2019-08-05 05:00:00,345.408294678,0.6583019797620274
7398,2019-08-05 06:00:00,345.209289551,0.07589497555165914
7399,2019-08-05 07:00:00,345.046783447,0.1659674762005091
7400,2019-08-05 08:00:00,344.913330078,0.9646628218669379
7401,2019-08-05 09:00:00,344.804595947,0.5480063866334496
7402,2019-08-05 10:00:00,344.720703125,0.39802784688214876
7403,2019-08-05 11:00:00,344.65423584,0.6657038310116996
7404,2019-08-05 12:00:00,344.59954834,0.6100745802244161
7405,2019-08-05 13:00:00,344.557220459,0.19137758502661995
7406,2019-08-05 14:00:00,344.534667969,0.532222866809704
7407,2019-08-05 15:00:00,344.50692749,0.4946516861071627
7408,2019-08-05 16:00:00,344.358093262,0.7633704171536445
7409,2019-08-05 17:00:00,344.101989746,0.2689781868958738
7410,2019-08-05 18:00:00,343.7472229,0.6591084544218893
7411,2019-08-05 19:00:00,343.300231934,0.709505626347686
7412,2019-08-05 20:00:00,342.81149292,0.7611040698259643
7413,2019-08-05 21:00:00,342.780639648,0.4824016023939123
7414,2019-08-05 22:00:00,343.380462646,0.9539850705088846
7415,2019-08-05 23:00:00,342.925018311,0.3498454483732576
7416,2019-08-06 00:00:00,342.243927002,0.9756673358532223
7417,2019-08-06 01:00:00,341.677246094,0.8833060375070344
7418,2019-08-06 02:00:00,341.204925537,0.613108599941924
7419,2019-08-06 03:00:00,340.818969727,0.8711792302351424
7420,2019-08-06 04:00:00,340.49899292,0.7999536991502355
7421,2019-08-06 05:00:00,340.238433838,0.5877944443591846
7422,2019-08-06 06:00:00,340.023712158,0.431498604545574
7423,2019-08-06 07:00:00,339.847839355,0.4398977930316821
7424,2019-08-06 08:00:00,339.70111084,0.04198421360292648
7425,2019-08-06 09:00:00,339.584716797,0.6752107778981201
7426,2019-08-06 10:00:00,339.489318848,0.20614456694505967
7427,2019-08-06 11:00:00,339.414031982,0.12609808588014626
7428,2019-08-06 12:00:00,339.350830078,0.5032900199686706
7429,2019-08-06 13:00:00,339.29788208,0.6496661057792528
7430,2019-08-06 14:00:00,339.24029541,0.1395850041458757
7431,2019-08-06 15:00:00,339.089752197,0.5336437412035381
7432,2019-08-06 16:00:00,338.803619385,0.2664630329341101
7433,2019-08-06 17:00:00,338.330810547,0.48137248205337546
7434,2019-08-06 18:00:00,337.90222168,0.038337375868700896
7435,2019-08-06 19:00:00,337.442565918,0.44818007158440054
7436,2019-08-06 20:00:00,336.953979492,0.6839109739999983
7437,2019-08-06 21:00:00,336.461181641,0.7524325415743587
7438,2019-08-06 22:00:00,336.001403809,0.18225467717217791
7439,2019-08-06 23:00:00,335.606964111,0.23899906439029373
7440,2019-08-07 00:00:00,335.245147705,0.6674984291993077
7441,2019-08-07 01:00:00,334.932342529,0.4364562642292018
7442,2019-08-07 02:00:00,334.663665771,0.027280468571705296
7443,2019-08-07 03:00:00,334.794586182,0.16787881966841256
7444,2019-08-07 04:00:00,334.545043945,0.9346435406950958
7445,2019-08-07 05:00:00,334.340332031,0.12451589787194695
7446,2019-08-07 06:00:00,334.172210693,0.16731669943383543
7447,2019-08-07 07:00:00,334.038299561,0.7632994883092338
7448,2019-08-07 08:00:00,333.929870605,0.9230465351584642
7449,2019-08-07 09:00:00,333.842926025,0.8805324675165274
7450,2019-08-07 10:00:00,333.774902344,0.3821364716387503
7451,2019-08-07 11:00:00,333.716400146,0.08258011242007479
7452,2019-08-07 12:00:00,333.665527344,0.2922884455188438
7453,2019-08-07 13:00:00,333.620635986,0.6743798363819705
7454,2019-08-07 14:00:00,333.590209961,0.8842633076121373
7455,2019-08-07 15:00:00,333.50189209,0.38924215388118055
7456,2019-08-07 16:00:00,333.276092529,0.912012656409615
7457,2019-08-07 17:00:00,332.92199707,0.06177571028828699
7458,2019-08-07 18:00:00,332.448822021,0.7268707258319959
7459,2019-08-07 19:00:00,332.006500244,0.27761616666693056
7460,2019-08-07 20:00:00,332.323272705,0.6826577989510693
7461,2019-08-07 21:00:00,332.151977539,0.25663027139652883
7462,2019-08-07 22:00:00,331.607269287,0.7686834178807235
7463,2019-08-07 23:00:00,330.988311768,0.9547210264176754
7464,2019-08-08 00:00:00,330.750579834,0.8951584353252516
7465,2019-08-08 01:00:00,330.536193848,0.6278856631137253
7466,2019-08-08 02:00:00,330.250579834,0.8400127566957245
7467,2019-08-08 03:00:00,329.877868652,0.025377671114066414
7468,2019-08-08 04:00:00,329.447601318,0.15742495223494646
7469,2019-08-08 05:00:00,329.093536377,0.6676524664396672
7470,2019-08-08 06:00:00,328.804901123,0.35944784601127866
7471,2019-08-08 07:00:00,328.566711426,0.004459238050864345
7472,2019-08-08 08:00:00,328.372711182,0.10480741992433962
7473,2019-08-08 09:00:00,328.213439941,0.5501082300574135
7474,2019-08-08 10:00:00,328.084686279,0.789597635655186
7475,2019-08-08 11:00:00,327.980712891,0.3829144722713216
7476,2019-08-08 12:00:00,327.897735596,0.5144757897315636
7477,2019-08-08 13:00:00,327.825286865,0.5939348020457269
7478,2019-08-08 14:00:00,327.778320312,0.7959347648482094
7479,2019-08-08 15:00:00,327.758728027,0.6542479922772186
7480,2019-08-08 16:00:00,327.620635986,0.9478574765882206
7481,2019-08-08 17:00:00,327.360015869,0.49266442398989185
7482,2019-08-08 18:00:00,326.96673584,0.8736975797424354
7483,2019-08-08 19:00:00,326.662536621,0.15555930428640208
7484,2019-08-08 20:00:00,326.398925781,0.27351443576809387
7485,2019-08-08 21:00:00,326.045684814,0.9484140676121738
7486,2019-08-08 22:00:00,326.060272217,0.8082782532230117
7487,2019-08-08 23:00:00,325.673248291,0.8131272662328587
7488,2019-08-09 00:00:00,325.193878174,0.09534688200326125
7489,2019-08-09 01:00:00,324.781616211,0.03584217677102053
7490,2019-08-09 02:00:00,324.416107178,0.24562444990285126
7491,2019-08-09 03:00:00,324.115112305,0.8435733609211213
7492,2019-08-09 04:00:00,323.863830566,0.15499756482703553
7493,2019-08-09 05:00:00,323.660247803,0.7631139317429343
7494,2019-08-09 06:00:00,323.494415283,0.5297095508781847
7495,2019-08-09 07:00:00,323.358612061,0.19445420985140194
7496,2019-08-09 08:00:00,323.246368408,0.30710410643409924
7497,2019-08-09 09:00:00,323.155975342,0.7346367643609137
7498,2019-08-09 10:00:00,323.081268311,0.26649261991651363
7499,2019-08-09 11:00:00,323.019042969,0.5164557329047426
7500,2019-08-09 12:00:00,322.968566895,0.231824314918474
7501,2019-08-09 13:00:00,322.924530029,0.9166676052943368
7502,2019-08-09 14:00:00,322.890838623,0.782666460546921
7503,2019-08-09 15:00:00,322.848693848,0.888786862398191
7504,2019-08-09 16:00:00,322.69418335,0.050454692162403836
7505,2019-08-09 17:00:00,322.423370361,0.2758321517029242
7506,2019-08-09 18:00:00,322.064971924,0.9333962674071064
7507,2019-08-09 19:00:00,321.657348633,0.25293270236747867
7508,2019-08-09 20:00:00,321.326202393,0.727841519364602
7509,2019-08-09 21:00:00,321.884277344,0.36928615539130805
7510,2019-08-09 22:00:00,321.731079102,0.312068571602636
7511,2019-08-09 23:00:00,321.458862305,0.12061663836444514
7512,2019-08-10 00:00:00,321.677124023,0.9828076266367057
7513,2019-08-10 01:00:00,321.212402344,0.1215017041180737
7514,2019-08-10 02:00:00,320.741973877,0.7319102429214839
7515,2019-08-10 03:00:00,320.193572998,0.055810438793417405
7516,2019-08-10 04:00:00,319.764648438,0.12018117947743767
7517,2019-08-10 05:00:00,319.313354492,0.19297210086935046
7518,2019-08-10 06:00:00,318.949188232,0.49115762517253236
7519,2019-08-10 07:00:00,318.759552002,0.02595055359386833
7520,2019-08-10 08:00:00,318.493438721,0.6264014755830071
7521,2019-08-10 09:00:00,318.278045654,0.8089589571930118
7522,2019-08-10 10:00:00,318.100646973,0.15840001927829073
7523,2019-08-10 11:00:00,317.954620361,0.07312000277078812
7524,2019-08-10 12:00:00,317.8331604,0.9725786075193094
7525,2019-08-10 13:00:00,317.734222412,0.1319944709903893
7526,2019-08-10 14:00:00,317.663848877,0.2501505049177186
7527,2019-08-10 15:00:00,317.635498047,0.18965604086702093
7528,2019-08-10 16:00:00,317.591339111,0.37628239073274405
7529,2019-08-10 17:00:00,317.411102295,0.5202768440353484
7530,2019-08-10 18:00:00,317.106781006,0.9795593733286039
7531,2019-08-10 19:00:00,316.732696533,0.821056920457592
7532,2019-08-10 20:00:00,316.350860596,0.8011332381062009
7533,2019-08-10 21:00:00,316.010894775,0.7475312283841298
7534,2019-08-10 22:00:00,315.721130371,0.4584458632426466
7535,2019-08-10 23:00:00,315.453948975,0.6910579121233804
7536,2019-08-11 00:00:00,315.224029541,0.0799903652238626
7537,2019-08-11 01:00:00,315.094909668,0.8534734107368227
7538,2019-08-11 02:00:00,314.965698242,0.021041732510644673
7539,2019-08-11 03:00:00,314.939025879,0.18956189949738733
7540,2019-08-11 04:00:00,315.575653076,0.36935428782677693
7541,2019-08-11 05:00:00,315.933898926,0.7161609267440169
7542,2019-08-11 06:00:00,316.02444458,0.3338222405762875
7543,2019-08-11 07:00:00,316.124786377,0.47223007686806795
7544,2019-08-11 08:00:00,316.031158447,0.715246404279719
7545,2019-08-11 09:00:00,316.480987549,0.031240506609627294
7546,2019-08-11 10:00:00,316.662414551,0.4995791285160307
7547,2019-08-11 11:00:00,316.545013428,0.05484665367045094
7548,2019-08-11 12:00:00,316.31930542,0.5214933516546137
7549,2019-08-11 13:00:00,316.051574707,0.8809149946972077
7550,2019-08-11 14:00:00,316.006988525,0.39774084852635283
7551,2019-08-11 15:00:00,315.8515625,0.8047104821386236
7552,2019-08-11 16:00:00,315.929718018,0.37974995148401436
7553,2019-08-11 17:00:00,316.2237854,0.11169004702700835
7554,2019-08-11 18:00:00,315.960784912,0.5197472031220128
7555,2019-08-11 19:00:00,315.393035889,0.3819944458288427
7556,2019-08-11 20:00:00,314.796173096,0.4358113647240426
7557,2019-08-11 21:00:00,314.043762207,0.6104133228373197
7558,2019-08-11 22:00:00,313.333282471,0.43492636325951195
7559,2019-08-11 23:00:00,312.730621338,0.09500708582946116
7560,2019-08-12 00:00:00,312.209075928,0.04545409891515462
7561,2019-08-12 01:00:00,313.617126465,0.5397845389864891
7562,2019-08-12 02:00:00,312.909790039,0.99474750221485
7563,2019-08-12 03:00:00,312.611206055,0.859485400523772
7564,2019-08-12 04:00:00,311.926147461,0.8013035921693941
7565,2019-08-12 05:00:00,311.805999756,0.2674652259705308
7566,2019-08-12 06:00:00,311.270446777,0.9489050552521879
7567,2019-08-12 07:00:00,310.832366943,0.05421222685179483
7568,2019-08-12 08:00:00,310.473358154,0.2797375789255139
7569,2019-08-12 09:00:00,310.184570312,0.2046447435847938
7570,2019-08-12 10:00:00,309.948516846,0.08131528274417466
7571,2019-08-12 11:00:00,309.757781982,0.270598004406439
7572,2019-08-12 12:00:00,309.605560303,0.4485033515799959
7573,2019-08-12 13:00:00,309.477630615,0.8058808252110262
7574,2019-08-12 14:00:00,309.370422363,0.9696482949484457
7575,2019-08-12 15:00:00,309.298950195,0.5034247196731583
7576,2019-08-12 16:00:00,309.153747559,0.7717188542919219
7577,2019-08-12 17:00:00,308.91998291,0.8309328108812298
7578,2019-08-12 18:00:00,308.590698242,0.18180208908051698
7579,2019-08-12 19:00:00,308.233032227,0.3461687953297693
7580,2019-08-12 20:00:00,307.850372314,0.64951178334197
7581,2019-08-12 21:00:00,307.539916992,0.7250919288660628
7582,2019-08-12 22:00:00,308.420806885,0.7143250202905356
7583,2019-08-12 23:00:00,308.036804199,0.053273055976658545
7584,2019-08-13 00:00:00,307.690460205,0.24463353727016512
7585,2019-08-13 01:00:00,307.375762939,0.3144255508142233
7586,2019-08-13 02:00:00,307.116760254,0.5688389462376559
7587,2019-08-13 03:00:00,306.907470703,0.747865282341977
7588,2019-08-13 04:00:00,306.732879639,0.4516200969751597
7589,2019-08-13 05:00:00,306.590301514,0.2793137418605848
7590,2019-08-13 06:00:00,306.474884033,0.3900770322559107
7591,2019-08-13 07:00:00,306.381835938,0.06762654801646473
7592,2019-08-13 08:00:00,306.302947998,0.2668460926146077
7593,2019-08-13 09:00:00,306.240234375,0.17855467606672415
7594,2019-08-13 10:00:00,306.191802979,0.5172363829833448
7595,2019-08-13 11:00:00,306.153503418,0.6238683306030424
7596,2019-08-13 12:00:00,306.120361328,0.4018895003955273
7597,2019-08-13 13:00:00,306.092559814,0.46030321461875723
7598,2019-08-13 14:00:00,306.069641113,0.05851557743314939
7599,2019-08-13 15:00:00,306.074737549,0.6541502748659779
7600,2019-08-13 16:00:00,306.134460449,0.05355350570867312
7601,2019-08-13 17:00:00,306.150299072,0.40417574261229927
7602,2019-08-13 18:00:00,306.032867432,0.058987862155222115
7603,2019-08-13 19:00:00,305.837097168,0.7043745648163028
7604,2019-08-13 20:00:00,305.864074707,0.523097906671491
7605,2019-08-13 21:00:00,305.599945068,0.8775575951925252
7606,2019-08-13 22:00:00,305.376251221,0.2866398127186438
7607,2019-08-13 23:00:00,305.185821533,0.10427271894075951
7608,2019-08-14 00:00:00,305.03137207,0.27666720495715147
7609,2019-08-14 01:00:00,304.904876709,0.24142711649207216
7610,2019-08-14 02:00:00,304.800415039,0.17653313039681562
7611,2019-08-14 03:00:00,304.720245361,0.4798947251957083
7612,2019-08-14 04:00:00,304.653869629,0.9822634964550896
7613,2019-08-14 05:00:00,304.598510742,0.8609813768696175
7614,2019-08-14 06:00:00,304.552093506,2.3725148185604894e-05
7615,2019-08-14 07:00:00,304.516540527,0.4321417635184377
7616,2019-08-14 08:00:00,304.487213135,0.07104134750391378
7617,2019-08-14 09:00:00,304.465606689,0.3564143980432716
7618,2019-08-14 10:00:00,304.449371338,0.3232778124924327
7619,2019-08-14 11:00:00,304.435821533,0.7768315833706619
7620,2019-08-14 12:00:00,304.425445557,0.689273919046791
7621,2019-08-14 13:00:00,304.411529541,0.141014099981966
7622,2019-08-14 14:00:00,304.400238037,0.7810805702050383
7623,2019-08-14 15:00:00,304.411590576,0.27698215457740305
7624,2019-08-14 16:00:00,304.417114258,0.9138849386524494
7625,2019-08-14 17:00:00,304.277313232,0.4939717511562196
7626,2019-08-14 18:00:00,304.021148682,0.2811842609809404
7627,2019-08-14 19:00:00,303.70803833,0.03266028608608207
7628,2019-08-14 20:00:00,303.278289795,0.5226334836501431
7629,2019-08-14 21:00:00,302.701446533,0.7943640114232313
7630,2019-08-14 22:00:00,302.163208008,0.957422309715046
7631,2019-08-14 23:00:00,301.814544678,0.7721117815075349
7632,2019-08-15 00:00:00,301.526580811,0.30961886905110203
7633,2019-08-15 01:00:00,301.287597656,0.6194252417910182
7634,2019-08-15 02:00:00,301.08984375,0.8805290913484788
7635,2019-08-15 03:00:00,300.929870605,0.39817379825315724
7636,2019-08-15 04:00:00,300.798950195,0.2568741973661888
7637,2019-08-15 05:00:00,300.688110352,0.9917990640152362
7638,2019-08-15 06:00:00,300.596618652,0.20166417305537654
7639,2019-08-15 07:00:00,300.524047852,0.9347682416462293
7640,2019-08-15 08:00:00,300.464935303,0.13586309119433404
7641,2019-08-15 09:00:00,300.415893555,0.5907862953365353
7642,2019-08-15 10:00:00,300.375579834,0.21618169072785953
7643,2019-08-15 11:00:00,300.343414307,0.5673269045855329
7644,2019-08-15 12:00:00,300.316223145,0.965841968771018
7645,2019-08-15 13:00:00,300.292419434,0.6253772190845188
7646,2019-08-15 14:00:00,300.272491455,0.7073102791001407
7647,2019-08-15 15:00:00,300.25390625,0.9147112504765186
7648,2019-08-15 16:00:00,300.237518311,0.5281387442015968
7649,2019-08-15 17:00:00,300.221343994,0.6619197161187846
7650,2019-08-15 18:00:00,300.048583984,0.6647967606487036
7651,2019-08-15 19:00:00,299.753570557,0.860727724665782
7652,2019-08-15 20:00:00,299.377746582,0.7785076942981115
7653,2019-08-15 21:00:00,299.040771484,0.18565214853918277
7654,2019-08-15 22:00:00,298.686981201,0.4485845891043011
7655,2019-08-15 23:00:00,298.312469482,0.9483761803045766
7656,2019-08-16 00:00:00,297.977355957,0.738319848439018
7657,2019-08-16 01:00:00,297.710144043,0.18307977115470675
7658,2019-08-16 02:00:00,297.49520874,0.030192991496412414
7659,2019-08-16 03:00:00,297.320556641,0.4112281157870513
7660,2019-08-16 04:00:00,297.17678833,0.8331860503754138
7661,2019-08-16 05:00:00,297.052032471,0.7179912589462536
7662,2019-08-16 06:00:00,296.947265625,0.7727428766497388
7663,2019-08-16 07:00:00,296.860321045,0.2514704827993879
7664,2019-08-16 08:00:00,296.785552979,0.3336084186369317
7665,2019-08-16 09:00:00,296.722473145,0.69483040504862
7666,2019-08-16 10:00:00,296.674530029,0.19992378137694067
7667,2019-08-16 11:00:00,296.637908936,0.4170369709330315
7668,2019-08-16 12:00:00,296.604614258,0.1072243039473324
7669,2019-08-16 13:00:00,296.5753479,0.9653898722669043
7670,2019-08-16 14:00:00,296.544525146,0.6299333489680587
7671,2019-08-16 15:00:00,296.487182617,0.0016099644604434804
7672,2019-08-16 16:00:00,296.288543701,0.35074666849295055
7673,2019-08-16 17:00:00,295.963592529,0.7171164542958037
7674,2019-08-16 18:00:00,295.535186768,0.8904463611383088
7675,2019-08-16 19:00:00,295.026550293,0.07301880516748604
7676,2019-08-16 20:00:00,294.499603271,0.11783490966266796
7677,2019-08-16 21:00:00,293.832702637,0.2992688010603939
7678,2019-08-16 22:00:00,293.267944336,0.7321634312092858
7679,2019-08-16 23:00:00,292.813232422,0.8112433439798383
7680,2019-08-17 00:00:00,292.411682129,0.20812229657323522
7681,2019-08-17 01:00:00,292.083282471,0.8957344670040746
7682,2019-08-17 02:00:00,291.810241699,0.3931595792663154
7683,2019-08-17 03:00:00,291.586669922,0.16632085020234388
7684,2019-08-17 04:00:00,291.394714355,0.28481483471924784
7685,2019-08-17 05:00:00,291.242431641,0.7813046791252303
7686,2019-08-17 06:00:00,291.111358643,0.4298217312007848
7687,2019-08-17 07:00:00,291.001434326,0.0900948017504275
7688,2019-08-17 08:00:00,290.908660889,0.6431568901421498
7689,2019-08-17 09:00:00,290.833465576,0.7528562524444996
7690,2019-08-17 10:00:00,290.768554688,0.27000552214722184
7691,2019-08-17 11:00:00,290.710174561,0.7548942924086568
7692,2019-08-17 12:00:00,290.658477783,0.24427197851041615
7693,2019-08-17 13:00:00,290.61416626,0.40810365423933836
7694,2019-08-17 14:00:00,290.567169189,0.7120854470577382
7695,2019-08-17 15:00:00,290.486999512,0.26807127239362505
7696,2019-08-17 16:00:00,290.339477539,0.183778777100031
7697,2019-08-17 17:00:00,290.049316406,0.4888202251707484
7698,2019-08-17 18:00:00,289.555297852,0.3795374553501498
7699,2019-08-17 19:00:00,289.000640869,0.5375287870018844
7700,2019-08-17 20:00:00,288.519317627,0.2176879258400044
7701,2019-08-17 21:00:00,288.114532471,0.7537256985469762
7702,2019-08-17 22:00:00,287.762420654,0.06656665595496958
7703,2019-08-17 23:00:00,287.427307129,0.35470119036074255
7704,2019-08-18 00:00:00,287.125061035,0.5122449400789114
7705,2019-08-18 01:00:00,286.891174316,0.407242417450712
7706,2019-08-18 02:00:00,286.691680908,0.3424354652538274
7707,2019-08-18 03:00:00,286.524169922,0.6939293035341566
7708,2019-08-18 04:00:00,286.399536133,0.281099564971228
7709,2019-08-18 05:00:00,286.294799805,0.478758782070142
7710,2019-08-18 06:00:00,286.201843262,0.4566529825791513
7711,2019-08-18 07:00:00,286.124084473,0.6194292623046481
7712,2019-08-18 08:00:00,286.063293457,0.00818077770764436
7713,2019-08-18 09:00:00,286.010955811,0.006317778221715309
7714,2019-08-18 10:00:00,285.968139648,0.29990881210428466
7715,2019-08-18 11:00:00,285.935424805,0.8451410597681107
7716,2019-08-18 12:00:00,285.903656006,0.6306825476187279
7717,2019-08-18 13:00:00,285.873016357,0.09884027100382542
7718,2019-08-18 14:00:00,285.8409729,0.32846708453923723
7719,2019-08-18 15:00:00,285.778961182,0.29539019309538217
7720,2019-08-18 16:00:00,285.617675781,0.0546730907226034
7721,2019-08-18 17:00:00,285.313690186,0.4046331136458775
7722,2019-08-18 18:00:00,284.867889404,0.6798386113970272
7723,2019-08-18 19:00:00,284.526672363,0.28873680821651404
7724,2019-08-18 20:00:00,284.134216309,0.35227473845892787
7725,2019-08-18 21:00:00,283.802185059,0.3650153388610403
7726,2019-08-18 22:00:00,283.52947998,0.9575589769091356
7727,2019-08-18 23:00:00,283.289611816,0.3361357447891623
7728,2019-08-19 00:00:00,283.09173584,0.16262572576069012
7729,2019-08-19 01:00:00,282.927978516,0.4961280340342782
7730,2019-08-19 02:00:00,282.798095703,0.899765560575059
7731,2019-08-19 03:00:00,282.691436768,0.09622538564190553
7732,2019-08-19 04:00:00,282.602874756,0.8681429856066062
7733,2019-08-19 05:00:00,282.527984619,0.07519298399742658
7734,2019-08-19 06:00:00,282.466064453,0.22540148424163486
7735,2019-08-19 07:00:00,282.416870117,0.9018410484138066
7736,2019-08-19 08:00:00,282.37713623,0.3528328523748444
7737,2019-08-19 09:00:00,282.344116211,0.49098848066232503
7738,2019-08-19 10:00:00,282.31829834,0.44017884327467727
7739,2019-08-19 11:00:00,282.297363281,0.1694809754037805
7740,2019-08-19 12:00:00,282.280273438,0.5359459529884656
7741,2019-08-19 13:00:00,282.264160156,0.7864613113477003
7742,2019-08-19 14:00:00,282.250305176,0.5815321312892154
7743,2019-08-19 15:00:00,282.234954834,0.6287228087097789
7744,2019-08-19 16:00:00,282.213439941,0.6289909933787347
7745,2019-08-19 17:00:00,282.192474365,0.5292673929492152
7746,2019-08-19 18:00:00,282.051361084,0.10903888811152063
7747,2019-08-19 19:00:00,281.785980225,0.7863877447228593
7748,2019-08-19 20:00:00,281.47744751,0.9726061579401344
7749,2019-08-19 21:00:00,281.227386475,0.00903531861558704
7750,2019-08-19 22:00:00,281.017364502,0.11454122278105916
7751,2019-08-19 23:00:00,280.83972168,0.9343431633585139
7752,2019-08-20 00:00:00,280.69519043,0.5968414154296131
7753,2019-08-20 01:00:00,280.575897217,0.5034803682474759
7754,2019-08-20 02:00:00,280.477294922,0.8026712172567702
7755,2019-08-20 03:00:00,280.395721436,0.9678218897262976
7756,2019-08-20 04:00:00,280.32635498,0.29859480332093646
7757,2019-08-20 05:00:00,280.26940918,0.9376417675918894
7758,2019-08-20 06:00:00,280.222564697,0.30344410027959934
7759,2019-08-20 07:00:00,280.18536377,0.30468278037906493
7760,2019-08-20 08:00:00,280.155426025,0.2612820669657757
7761,2019-08-20 09:00:00,280.131988525,0.07686516192778481
7762,2019-08-20 10:00:00,280.113555908,0.7310329538163204
7763,2019-08-20 11:00:00,280.098693848,0.8220174510258027
7764,2019-08-20 12:00:00,280.086456299,0.6116886255845204
7765,2019-08-20 13:00:00,280.073364258,0.1665388706067149
7766,2019-08-20 14:00:00,280.062133789,0.06837424173954876
7767,2019-08-20 15:00:00,280.044006348,0.16121988324708403
7768,2019-08-20 16:00:00,280.019134521,0.010109815161299829
7769,2019-08-20 17:00:00,279.931854248,0.2824715457245254
7770,2019-08-20 18:00:00,279.673248291,0.7335381800981996
7771,2019-08-20 19:00:00,279.320007324,0.605408196389831
7772,2019-08-20 20:00:00,278.906646729,0.46408515676714535
7773,2019-08-20 21:00:00,278.56741333,0.8334907785645543
7774,2019-08-20 22:00:00,278.287841797,0.562155724937646
7775,2019-08-20 23:00:00,278.008880615,0.9616495639291661
7776,2019-08-21 00:00:00,277.781036377,0.9146640333774031
7777,2019-08-21 01:00:00,277.596588135,0.7660106003463386
7778,2019-08-21 02:00:00,277.447143555,0.5769289299425147
7779,2019-08-21 03:00:00,277.325561523,0.4477104374981943
7780,2019-08-21 04:00:00,277.225830078,0.3087165443761236
7781,2019-08-21 05:00:00,277.14251709,0.6965881791916354
7782,2019-08-21 06:00:00,277.073577881,0.3254041580820146
7783,2019-08-21 07:00:00,277.016571045,0.06597516461796371
7784,2019-08-21 08:00:00,276.938995361,0.48374896826863756
7785,2019-08-21 09:00:00,276.892486572,0.9686668414567675
7786,2019-08-21 10:00:00,276.861419678,0.6176927889960422
7787,2019-08-21 11:00:00,276.839080811,0.9734350326470744
7788,2019-08-21 12:00:00,276.81652832,0.37984911275074273
7789,2019-08-21 13:00:00,276.79574585,0.9933076516879115
7790,2019-08-21 14:00:00,276.776763916,0.2038008602336585
7791,2019-08-21 15:00:00,276.620758057,0.10887689889238705
7792,2019-08-21 16:00:00,276.33203125,0.5060819072764106
7793,2019-08-21 17:00:00,275.932800293,0.1886568329823849
7794,2019-08-21 18:00:00,275.451263428,0.7013515712962067
7795,2019-08-21 19:00:00,274.9402771,0.11183869418754044
7796,2019-08-21 20:00:00,274.439910889,0.6954939962865873
7797,2019-08-21 21:00:00,273.985900879,0.9351248457272175
7798,2019-08-21 22:00:00,273.161193848,0.2230078460974806
7799,2019-08-21 23:00:00,272.517730713,0.8991646238008746
7800,2019-08-22 00:00:00,271.975982666,0.5739848130062426
7801,2019-08-22 01:00:00,271.543304443,0.06896519939996715
7802,2019-08-22 02:00:00,271.185089111,0.2845512320120943
7803,2019-08-22 03:00:00,270.893585205,0.25367637548173005
7804,2019-08-22 04:00:00,270.653137207,0.6423978614577595
7805,2019-08-22 05:00:00,270.457092285,0.8614689352069962
7806,2019-08-22 06:00:00,270.294616699,0.9665805040972975
7807,2019-08-22 07:00:00,270.161346436,0.11810936180120124
7808,2019-08-22 08:00:00,270.050292969,0.08264937033722952
7809,2019-08-22 09:00:00,269.959869385,0.9130007085328633
7810,2019-08-22 10:00:00,269.883331299,0.8846133679004855
7811,2019-08-22 11:00:00,269.827484131,0.7040102188248977
7812,2019-08-22 12:00:00,269.778930664,0.2793252402191211
7813,2019-08-22 13:00:00,269.737304688,0.5408054000278281
7814,2019-08-22 14:00:00,269.699890137,0.21393373631765034
7815,2019-08-22 15:00:00,269.530090332,0.737877659923564
7816,2019-08-22 16:00:00,269.263916016,0.31710198057839256
7817,2019-08-22 17:00:00,268.79586792,0.24855878196108716
7818,2019-08-22 18:00:00,268.353546143,0.8335328491770998
7819,2019-08-22 19:00:00,267.833251953,0.3624964496371945
7820,2019-08-22 20:00:00,267.164703369,0.8459056976957576
7821,2019-08-22 21:00:00,266.611419678,0.13678281402533443
7822,2019-08-22 22:00:00,266.066070557,0.6465530530038553
7823,2019-08-22 23:00:00,265.568084717,0.23829684925770078
7824,2019-08-23 00:00:00,265.1612854,0.39851919141175696
7825,2019-08-23 01:00:00,264.830322266,0.6690570915986803
7826,2019-08-23 02:00:00,264.549865723,0.18385675645686772
7827,2019-08-23 03:00:00,264.32144165,0.04388488186646555
7828,2019-08-23 04:00:00,264.128204346,0.8637894184424334
7829,2019-08-23 05:00:00,263.965515137,0.9850282651237893
7830,2019-08-23 06:00:00,263.830566406,0.16682087738655738
7831,2019-08-23 07:00:00,263.720092773,0.021814967061190793
7832,2019-08-23 08:00:00,263.622711182,0.5780989033033364
7833,2019-08-23 09:00:00,263.543609619,0.6022417091548077
7834,2019-08-23 10:00:00,263.477416992,0.8460113527112386
7835,2019-08-23 11:00:00,263.423339844,0.273375066058999
7836,2019-08-23 12:00:00,263.376983643,0.3521776116606311
7837,2019-08-23 13:00:00,263.339141846,0.0444623060692374
7838,2019-08-23 14:00:00,263.301055908,0.6711853340136913
7839,2019-08-23 15:00:00,263.241973877,0.6271807640941205
7840,2019-08-23 16:00:00,263.178466797,0.025712976075278338
7841,2019-08-23 17:00:00,262.966461182,0.39938610334418856
7842,2019-08-23 18:00:00,262.615600586,0.8144287593346495
7843,2019-08-23 19:00:00,262.187927246,0.74712945553218
7844,2019-08-23 20:00:00,261.742370605,0.9016697502235738
7845,2019-08-23 21:00:00,261.341888428,0.19550613683485263
7846,2019-08-23 22:00:00,261.011901855,0.8699634140492786
7847,2019-08-23 23:00:00,260.706512451,0.6102289257156368
7848,2019-08-24 00:00:00,260.438598633,0.9879274141544396
7849,2019-08-24 01:00:00,260.225128174,0.9387604460920103
7850,2019-08-24 02:00:00,260.050872803,0.7248272202930344
7851,2019-08-24 03:00:00,259.90032959,0.7244307473501042
7852,2019-08-24 04:00:00,259.783203125,0.2630750718473772
7853,2019-08-24 05:00:00,259.682800293,0.63156120506627
7854,2019-08-24 06:00:00,259.596740723,0.16703227835893275
7855,2019-08-24 07:00:00,259.527954102,0.413461784278805
7856,2019-08-24 08:00:00,259.470581055,0.9148814080198077
7857,2019-08-24 09:00:00,259.422088623,0.7235715373673458
7858,2019-08-24 10:00:00,259.381195068,0.24869290975988623
7859,2019-08-24 11:00:00,259.350250244,0.6291707674797363
7860,2019-08-24 12:00:00,259.32635498,0.0437665465179663
7861,2019-08-24 13:00:00,259.304931641,0.5121464235225225
7862,2019-08-24 14:00:00,259.286468506,0.13234742966586832
7863,2019-08-24 15:00:00,259.250335693,0.7919182845577144
7864,2019-08-24 16:00:00,259.217498779,0.11132604023480597
7865,2019-08-24 17:00:00,259.030303955,0.37736025696457776
7866,2019-08-24 18:00:00,258.680297852,0.24415719590106955
7867,2019-08-24 19:00:00,258.216491699,0.8575653804242988
7868,2019-08-24 20:00:00,257.685668945,0.5547163693026361
7869,2019-08-24 21:00:00,257.19543457,0.0789447609067846
7870,2019-08-24 22:00:00,256.735809326,0.5822311287678998
7871,2019-08-24 23:00:00,256.366210938,0.049413369346865355
7872,2019-08-25 00:00:00,256.055053711,0.35741732650053804
7873,2019-08-25 01:00:00,255.799453735,0.6278142247353382
7874,2019-08-25 02:00:00,255.59387207,0.39365956855843853
7875,2019-08-25 03:00:00,255.427581787,0.8923045143645666
7876,2019-08-25 04:00:00,255.287811279,0.9974252803460654
7877,2019-08-25 05:00:00,255.173126221,0.3917828003205255
7878,2019-08-25 06:00:00,255.077911377,0.5702964327031818
7879,2019-08-25 07:00:00,254.998153687,0.8084154134468786
7880,2019-08-25 08:00:00,254.930877686,0.6632447921159212
7881,2019-08-25 09:00:00,254.874038696,0.7389921099648521
7882,2019-08-25 10:00:00,254.826690674,0.3393101052935076
7883,2019-08-25 11:00:00,254.788314819,0.5541518942616112
7884,2019-08-25 12:00:00,254.756317139,0.34990240422628327
7885,2019-08-25 13:00:00,254.729400635,0.6356921359775644
7886,2019-08-25 14:00:00,254.706787109,0.8925624212397626
7887,2019-08-25 15:00:00,254.668014526,0.5072618491468539
7888,2019-08-25 16:00:00,254.532958984,0.08987728754375413
7889,2019-08-25 17:00:00,254.237762451,0.8920898635501199
7890,2019-08-25 18:00:00,253.769241333,0.1113172322544419
7891,2019-08-25 19:00:00,253.144699097,0.6912521653112551
7892,2019-08-25 20:00:00,252.451980591,0.7401987786829195
7893,2019-08-25 21:00:00,251.741378784,0.9643384713349212
7894,2019-08-25 22:00:00,251.211593628,0.7332187367469575
7895,2019-08-25 23:00:00,250.696487427,0.7428999365958732
7896,2019-08-26 00:00:00,250.2862854,0.17106607033255827
7897,2019-08-26 01:00:00,249.948150635,0.5649661838173256
7898,2019-08-26 02:00:00,249.663879395,0.1428043816482254
7899,2019-08-26 03:00:00,249.428665161,0.40067282445592656
7900,2019-08-26 04:00:00,249.232208252,0.8460067713932619
7901,2019-08-26 05:00:00,249.06854248,0.49399594263670377
7902,2019-08-26 06:00:00,248.934402466,0.1313541768421419
7903,2019-08-26 07:00:00,248.822662354,0.6142319017012361
7904,2019-08-26 08:00:00,248.73046875,0.7243266532135497
7905,2019-08-26 09:00:00,248.657287598,0.5446488694432112
7906,2019-08-26 10:00:00,248.597244263,0.7054194261987852
7907,2019-08-26 11:00:00,248.547866821,0.4362060132454495
7908,2019-08-26 12:00:00,248.505477905,0.28110076529346495
7909,2019-08-26 13:00:00,248.470703125,0.13675119550213954
7910,2019-08-26 14:00:00,248.442260742,0.3491965306364826
7911,2019-08-26 15:00:00,248.407913208,0.9182990525764928
7912,2019-08-26 16:00:00,248.248031616,0.09245777651920473
7913,2019-08-26 17:00:00,247.873458862,0.26519434521210083
7914,2019-08-26 18:00:00,247.32144165,0.0960951248266595
7915,2019-08-26 19:00:00,246.685424805,0.3816477218316757
7916,2019-08-26 20:00:00,246.032272339,0.045404409364969145
7917,2019-08-26 21:00:00,245.451034546,0.7507332847979699
7918,2019-08-26 22:00:00,244.93119812,0.9305072762122557
7919,2019-08-26 23:00:00,244.477600098,0.9306472719278884
7920,2019-08-27 00:00:00,244.105484009,0.43294037196459756
7921,2019-08-27 01:00:00,243.795822144,0.0479951627492462
7922,2019-08-27 02:00:00,243.534439087,0.9976952365650513
7923,2019-08-27 03:00:00,243.316696167,0.775824578376411
7924,2019-08-27 04:00:00,243.142654419,0.9541348955652671
7925,2019-08-27 05:00:00,242.998779297,0.740746175708631
7926,2019-08-27 06:00:00,242.88092041,0.8161571541291308
7927,2019-08-27 07:00:00,242.785751343,0.38549756840216787
7928,2019-08-27 08:00:00,242.706253052,0.9567894954080008
7929,2019-08-27 09:00:00,242.641357422,0.4297535018274532
7930,2019-08-27 10:00:00,242.589248657,0.29745034694457395
7931,2019-08-27 11:00:00,242.547027588,0.4119871768491481
7932,2019-08-27 12:00:00,242.512527466,0.05716704072128309
7933,2019-08-27 13:00:00,242.482162476,0.33988505542072467
7934,2019-08-27 14:00:00,242.455856323,0.546254713992215
7935,2019-08-27 15:00:00,242.41343689,0.4653028245443075
7936,2019-08-27 16:00:00,242.353439331,0.5989183364820415
7937,2019-08-27 17:00:00,242.220169067,0.9833060336870412
7938,2019-08-27 18:00:00,241.935638428,0.02685773043237738
7939,2019-08-27 19:00:00,241.563430786,0.6741487519193456
7940,2019-08-27 20:00:00,241.167617798,0.15625711257924935
7941,2019-08-27 21:00:00,240.796325684,0.2886287185814266
7942,2019-08-27 22:00:00,240.470397949,0.8878670522590005
7943,2019-08-27 23:00:00,240.194854736,0.4969998505064025
7944,2019-08-28 00:00:00,239.972045898,0.598569133401966
7945,2019-08-28 01:00:00,239.789016724,0.5278249440053453
7946,2019-08-28 02:00:00,239.638671875,0.6149669559048537
7947,2019-08-28 03:00:00,239.520736694,0.504283686041622
7948,2019-08-28 04:00:00,239.423248291,0.852310602130646
7949,2019-08-28 05:00:00,239.341690063,0.5894819899651821
7950,2019-08-28 06:00:00,239.274017334,0.737672439394804
7951,2019-08-28 07:00:00,239.218536377,0.4941860070598314
7952,2019-08-28 08:00:00,239.175247192,0.19100507996517346
7953,2019-08-28 09:00:00,239.140487671,0.09562076701791011
7954,2019-08-28 10:00:00,239.111663818,0.04588751318031625
7955,2019-08-28 11:00:00,239.090026855,0.35173339220456357
7956,2019-08-28 12:00:00,239.072311401,0.4108430110433544
7957,2019-08-28 13:00:00,239.0546875,0.18500702570678962
7958,2019-08-28 14:00:00,239.039123535,0.5323608450347365
7959,2019-08-28 15:00:00,239.021896362,0.040832758488010046
7960,2019-08-28 16:00:00,238.988555908,0.9057814265741964
7961,2019-08-28 17:00:00,238.905639648,0.8165026815607058
7962,2019-08-28 18:00:00,238.692977905,0.49227774854519657
7963,2019-08-28 19:00:00,238.419494629,0.9836221923583647
7964,2019-08-28 20:00:00,238.104568481,0.2132151310715421
7965,2019-08-28 21:00:00,237.812332153,0.16334246447295675
7966,2019-08-28 22:00:00,237.566894531,0.41761649779910426
7967,2019-08-28 23:00:00,237.358139038,0.7893312435731742
7968,2019-08-29 00:00:00,237.190261841,0.6506065198316289
7969,2019-08-29 01:00:00,237.05708313,0.5331044034172217
7970,2019-08-29 02:00:00,236.941696167,0.6977350636127688
7971,2019-08-29 03:00:00,236.848114014,0.33634796286569324
7972,2019-08-29 04:00:00,236.770599365,0.03762846812013387
7973,2019-08-29 05:00:00,236.703155518,0.3002448342677818
7974,2019-08-29 06:00:00,236.643341064,0.3533613416982587
7975,2019-08-29 07:00:00,236.595336914,0.21686242012259738
7976,2019-08-29 08:00:00,236.554321289,0.13638478067064586
7977,2019-08-29 09:00:00,236.521026611,0.9807779741926169
7978,2019-08-29 10:00:00,236.4947052,0.08888533431188561
7979,2019-08-29 11:00:00,236.470932007,0.6462724295579563
7980,2019-08-29 12:00:00,236.450637817,0.9772227141736541
7981,2019-08-29 13:00:00,236.434280396,0.5802434300065717
7982,2019-08-29 14:00:00,236.419021606,0.8358020516411381
7983,2019-08-29 15:00:00,236.393371582,0.13119634567277072
7984,2019-08-29 16:00:00,236.315567017,0.005633509173914031
7985,2019-08-29 17:00:00,236.10546875,0.47399639625753354
7986,2019-08-29 18:00:00,235.765060425,0.7561408979027203
7987,2019-08-29 19:00:00,235.253570557,0.9614764398610577
7988,2019-08-29 20:00:00,234.691238403,0.7517086664476398
7989,2019-08-29 21:00:00,234.285095215,0.7109649079229562
7990,2019-08-29 22:00:00,233.932632446,0.29715736286692995
7991,2019-08-29 23:00:00,233.629058838,0.14186411830080248
7992,2019-08-30 00:00:00,233.375976562,0.5088175605070154
7993,2019-08-30 01:00:00,233.169448853,0.6002679047834742
7994,2019-08-30 02:00:00,233.000686646,0.9664050853534422
7995,2019-08-30 03:00:00,232.862228394,0.459703867668941
7996,2019-08-30 04:00:00,232.748413086,0.927557486683632
7997,2019-08-30 05:00:00,232.655578613,0.23716732638522664
7998,2019-08-30 06:00:00,232.579559326,0.846046674688949
7999,2019-08-30 07:00:00,232.516143799,0.08850240719271119
8000,2019-08-30 08:00:00,232.466567993,0.0451664340130028
8001,2019-08-30 09:00:00,232.427856445,0.2318898310806966
8002,2019-08-30 10:00:00,232.396713257,0.37803895447772407
8003,2019-08-30 11:00:00,232.372924805,0.22272979853256947
8004,2019-08-30 12:00:00,232.354949951,0.5027789915563037
8005,2019-08-30 13:00:00,232.335861206,0.22084075088514443
8006,2019-08-30 14:00:00,232.319244385,0.642551172013676
8007,2019-08-30 15:00:00,232.292266846,0.32570419927692873
8008,2019-08-30 16:00:00,232.266601562,0.5059506898927248
8009,2019-08-30 17:00:00,232.084579468,0.9182971476012446
8010,2019-08-30 18:00:00,231.733551025,0.7425829070935998
8011,2019-08-30 19:00:00,231.297058105,0.006561548972718767
8012,2019-08-30 20:00:00,230.811813354,0.9733480255394302
8013,2019-08-30 21:00:00,230.309417725,0.4839201308409221
8014,2019-08-30 22:00:00,229.747665405,0.8737239768961996
8015,2019-08-30 23:00:00,229.240783691,0.2896726721322983
8016,2019-08-31 00:00:00,228.787597656,0.40930490206724235
8017,2019-08-31 01:00:00,228.390792847,0.9702932275559376
8018,2019-08-31 02:00:00,228.070297241,0.20315073635153647
8019,2019-08-31 03:00:00,227.807510376,0.9466501042430893
8020,2019-08-31 04:00:00,227.585861206,0.8997635919643544
8021,2019-08-31 05:00:00,227.400497437,0.9028494641790392
8022,2019-08-31 06:00:00,227.24887085,0.6194103557841113
8023,2019-08-31 07:00:00,227.124145508,0.7693084026666601
8024,2019-08-31 08:00:00,227.023010254,0.46874471538893747
8025,2019-08-31 09:00:00,226.941955566,0.031013751759171537
8026,2019-08-31 10:00:00,226.872146606,0.07010553582329615
8027,2019-08-31 11:00:00,226.816375732,0.005766432162537138
8028,2019-08-31 12:00:00,226.768005371,0.8206154582326853
8029,2019-08-31 13:00:00,226.725311279,0.2321884522627179
8030,2019-08-31 14:00:00,226.691818237,0.5359922027839624
8031,2019-08-31 15:00:00,226.648880005,0.6690846357822203
8032,2019-08-31 16:00:00,226.51133728,0.3657781817635052
8033,2019-08-31 17:00:00,226.231552124,0.13881133112225585
8034,2019-08-31 18:00:00,225.828079224,0.7753032781164071
8035,2019-08-31 19:00:00,225.34777832,0.28167937030617796
8036,2019-08-31 20:00:00,224.85105896,0.027110228448606333
8037,2019-08-31 21:00:00,224.397232056,0.0685688066154797
8038,2019-08-31 22:00:00,224.006942749,0.24531759866001857
8039,2019-08-31 23:00:00,223.680709839,0.9708779530039151
8040,2019-09-01 00:00:00,223.416427612,0.7265885990142538
8041,2019-09-01 01:00:00,223.199829102,0.8755700852543112
8042,2019-09-01 02:00:00,223.021759033,0.155040758938796
8043,2019-09-01 03:00:00,222.875305176,0.6276257862824131
8044,2019-09-01 04:00:00,222.757781982,0.8879671751866326
8045,2019-09-01 05:00:00,222.660736084,0.7649960561611927
8046,2019-09-01 06:00:00,222.581192017,0.6576723713754665
8047,2019-09-01 07:00:00,222.516616821,0.647804557614545
8048,2019-09-01 08:00:00,222.4634552,0.3443120661596879
8049,2019-09-01 09:00:00,222.416397095,0.7176542686079295
8050,2019-09-01 10:00:00,222.374053955,0.4779532234120172
8051,2019-09-01 11:00:00,222.347671509,0.7768597978368305
8052,2019-09-01 12:00:00,222.325714111,0.17944882276895602
8053,2019-09-01 13:00:00,222.304473877,0.9593946973532935
8054,2019-09-01 14:00:00,222.286407471,0.21066627155178952
8055,2019-09-01 15:00:00,222.259307861,0.17202394238190666
8056,2019-09-01 16:00:00,222.15562439,0.5516243220618331
8057,2019-09-01 17:00:00,221.87008667,0.336522818360669
8058,2019-09-01 18:00:00,221.428009033,0.6657943624304923
8059,2019-09-01 19:00:00,220.874664307,0.6746664735207631
8060,2019-09-01 20:00:00,220.234405518,0.41371845546405095
8061,2019-09-01 21:00:00,219.625091553,0.47952019581238015
8062,2019-09-01 22:00:00,219.063766479,0.4640272115028783
8063,2019-09-01 23:00:00,218.500488281,0.4349262826834851
8064,2019-09-02 00:00:00,218.025878906,0.5192216950683545
8065,2019-09-02 01:00:00,217.639816284,0.38535479269684814
8066,2019-09-02 02:00:00,217.325393677,0.3033723137283081
8067,2019-09-02 03:00:00,217.073471069,0.689032696925643
8068,2019-09-02 04:00:00,216.866043091,0.12406405651759678
8069,2019-09-02 05:00:00,216.691452026,0.7870093547483505
8070,2019-09-02 06:00:00,216.554321289,0.2551685188297973
8071,2019-09-02 07:00:00,216.434020996,0.4963507653356166
8072,2019-09-02 08:00:00,216.34262085,0.012685074871218172
8073,2019-09-02 09:00:00,216.267028809,0.9675385117897618
8074,2019-09-02 10:00:00,216.202636719,0.5303537526264801
8075,2019-09-02 11:00:00,216.154968262,0.22286195554333843
8076,2019-09-02 12:00:00,216.11730957,0.48041739322073806
8077,2019-09-02 13:00:00,216.082122803,0.05705611779384745
8078,2019-09-02 14:00:00,216.024108887,0.39287469390443064
8079,2019-09-02 15:00:00,215.956344604,0.5491506462224623
8080,2019-09-02 16:00:00,215.724990845,0.06754946356437241
8081,2019-09-02 17:00:00,215.319290161,0.3738018087192012
8082,2019-09-02 18:00:00,214.770202637,0.04726209527560954
8083,2019-09-02 19:00:00,214.117599487,0.35226683423954164
8084,2019-09-02 20:00:00,213.429656982,0.7560241267539677
8085,2019-09-02 21:00:00,212.780807495,0.39240046449959465
8086,2019-09-02 22:00:00,212.246765137,0.9910645804792251
8087,2019-09-02 23:00:00,211.790130615,0.02730193110975654
8088,2019-09-03 00:00:00,211.410720825,0.42757713063678293
8089,2019-09-03 01:00:00,211.103591919,0.22102044218360362
8090,2019-09-03 02:00:00,210.853088379,0.5560645625380659
8091,2019-09-03 03:00:00,210.647476196,0.13132904073400875
8092,2019-09-03 04:00:00,210.478942871,0.9887293409195694
8093,2019-09-03 05:00:00,210.340179443,0.3240994880010075
8094,2019-09-03 06:00:00,210.225646973,0.6512101705883078
8095,2019-09-03 07:00:00,210.131332397,0.3501193756076807
8096,2019-09-03 08:00:00,210.053344727,0.49721945159693115
8097,2019-09-03 09:00:00,209.99156189,0.1881856593205682
8098,2019-09-03 10:00:00,209.942428589,0.7677629945880922
8099,2019-09-03 11:00:00,209.903839111,0.7726353518908601
8100,2019-09-03 12:00:00,209.872177124,0.5266523462904552
8101,2019-09-03 13:00:00,209.844009399,0.8259046881627079
8102,2019-09-03 14:00:00,209.816040039,0.7999141548810841
8103,2019-09-03 15:00:00,209.758666992,0.21381519459699017
8104,2019-09-03 16:00:00,209.616210938,0.20832798218985327
8105,2019-09-03 17:00:00,209.271057129,0.046621957790860646
8106,2019-09-03 18:00:00,208.7709198,0.9327008656335527
8107,2019-09-03 19:00:00,208.187271118,0.4103182513620175
8108,2019-09-03 20:00:00,207.511047363,0.1727404000138354
8109,2019-09-03 21:00:00,206.415161133,0.6563069215000125
8110,2019-09-03 22:00:00,205.208053589,0.12108270169688928
8111,2019-09-03 23:00:00,204.192092896,0.5363829692034491
8112,2019-09-04 00:00:00,203.368469238,0.30133278570746325
8113,2019-09-04 01:00:00,202.694976807,0.4542431664780531
8114,2019-09-04 02:00:00,202.14074707,0.9641134199516479
8115,2019-09-04 03:00:00,201.651550293,0.7670428580828698
8116,2019-09-04 04:00:00,201.192199707,0.7415932658576753
8117,2019-09-04 05:00:00,200.73324585,0.18536079886588763
8118,2019-09-04 06:00:00,200.298202515,0.4354699415052564
8119,2019-09-04 07:00:00,199.872817993,0.5084339805841623
8120,2019-09-04 08:00:00,199.038482666,0.46484519719222694
8121,2019-09-04 09:00:00,198.080856323,0.8015487812582005
8122,2019-09-04 10:00:00,196.86227417,0.8836539969920845
8123,2019-09-04 11:00:00,195.847259521,0.7302315809484835
8124,2019-09-04 12:00:00,194.992675781,0.6001350537250474
8125,2019-09-04 13:00:00,194.143218994,0.821388406498153
8126,2019-09-04 14:00:00,193.114379883,0.6519834902944386
8127,2019-09-04 15:00:00,191.86946106,0.8229179546188494
8128,2019-09-04 16:00:00,190.227050781,0.7138690641426545
8129,2019-09-04 17:00:00,188.659088135,0.2916864305822938
8130,2019-09-04 18:00:00,187.174957275,0.600545650565242
8131,2019-09-04 19:00:00,185.725631714,0.6431099777531781
8132,2019-09-04 20:00:00,184.365310669,0.6522199654944612
8133,2019-09-04 21:00:00,182.93270874,0.6932330397511144
8134,2019-09-04 22:00:00,181.679779053,0.7848155860066756
8135,2019-09-04 23:00:00,180.590438843,0.005899603566550615
8136,2019-09-05 00:00:00,179.693481445,0.0447392245809356
8137,2019-09-05 01:00:00,178.899673462,0.06191611485694237
8138,2019-09-05 02:00:00,178.245147705,0.44347749754152255
8139,2019-09-05 03:00:00,177.715194702,0.04776397913555974
8140,2019-09-05 04:00:00,177.277374268,0.8803638442764983
8141,2019-09-05 05:00:00,176.919158936,0.838866405018482
8142,2019-09-05 06:00:00,176.624710083,0.5311265171929902
8143,2019-09-05 07:00:00,176.38269043,0.5591483010861011
8144,2019-09-05 08:00:00,176.183837891,0.17738883826167906
8145,2019-09-05 09:00:00,176.019638062,0.8151939076531148
8146,2019-09-05 10:00:00,175.887466431,0.7268830224966543
8147,2019-09-05 11:00:00,175.776626587,0.44121657376356127
8148,2019-09-05 12:00:00,175.682403564,0.12244233062775134
8149,2019-09-05 13:00:00,175.601852417,0.18889208205272845
8150,2019-09-05 14:00:00,175.534835815,0.6029199804900859
8151,2019-09-05 15:00:00,175.44442749,0.9441244864701572
8152,2019-09-05 16:00:00,175.201019287,0.05286500657120774
8153,2019-09-05 17:00:00,174.809799194,0.5553196161261937
8154,2019-09-05 18:00:00,174.296737671,0.2258776012918342
8155,2019-09-05 19:00:00,173.680465698,0.13213478265977352
8156,2019-09-05 20:00:00,173.026382446,0.9984574445066283
8157,2019-09-05 21:00:00,172.37953186,0.08460412036977938
8158,2019-09-05 22:00:00,171.741668701,0.3682122058303773
8159,2019-09-05 23:00:00,171.241439819,0.3043461743332375
8160,2019-09-06 00:00:00,170.819915771,0.1467017709706112
8161,2019-09-06 01:00:00,170.417327881,0.2691092530815229
8162,2019-09-06 02:00:00,170.084487915,0.09612765866877482
8163,2019-09-06 03:00:00,169.811309814,0.5856818640816279
8164,2019-09-06 04:00:00,169.557922363,0.9490414108114839
8165,2019-09-06 05:00:00,169.324798584,0.8141417513905939
8166,2019-09-06 06:00:00,169.146697998,0.4392110303654164
8167,2019-09-06 07:00:00,168.995864868,0.0625074948573181
8168,2019-09-06 08:00:00,168.87461853,0.6503319753549679
8169,2019-09-06 09:00:00,168.777267456,0.31918593362013303
8170,2019-09-06 10:00:00,168.697860718,0.9960379214033225
8171,2019-09-06 11:00:00,168.632522583,0.7498531657599138
8172,2019-09-06 12:00:00,168.578125,0.41926269156310203
8173,2019-09-06 13:00:00,168.528656006,0.542292844831512
8174,2019-09-06 14:00:00,168.447753906,0.639953835174238
8175,2019-09-06 15:00:00,168.17010498,0.9672441296512898
8176,2019-09-06 16:00:00,167.930435181,0.6559515448641489
8177,2019-09-06 17:00:00,167.537033081,0.11171259234374387
8178,2019-09-06 18:00:00,166.958007812,0.18766601791101423
8179,2019-09-06 19:00:00,166.295440674,0.33098965026041227
8180,2019-09-06 20:00:00,165.738693237,0.09700059512495818
8181,2019-09-06 21:00:00,165.100036621,0.6046484998611064
8182,2019-09-06 22:00:00,164.427963257,0.44818453975327077
8183,2019-09-06 23:00:00,163.848190308,0.5475477679245746
8184,2019-09-07 00:00:00,163.494232178,0.5975296601670711
8185,2019-09-07 01:00:00,163.122680664,0.42556792387402376
8186,2019-09-07 02:00:00,162.749343872,0.695406401235606
8187,2019-09-07 03:00:00,162.442581177,0.43045042341999784
8188,2019-09-07 04:00:00,162.192077637,0.3223925926210033
8189,2019-09-07 05:00:00,161.984741211,0.27691980788630655
8190,2019-09-07 06:00:00,161.814224243,0.25080737529065067
8191,2019-09-07 07:00:00,161.673019409,0.47874676158164464
8192,2019-09-07 08:00:00,161.721847534,0.014079090061401955
8193,2019-09-07 09:00:00,161.630767822,0.8706672674156823
8194,2019-09-07 10:00:00,161.554229736,0.7244135361760625
8195,2019-09-07 11:00:00,161.493682861,0.19235620380833984
8196,2019-09-07 12:00:00,161.443786621,0.5114573959930006
8197,2019-09-07 13:00:00,161.40335083,0.19585819372114177
8198,2019-09-07 14:00:00,161.733963013,0.48212257326077534
8199,2019-09-07 15:00:00,161.633682251,0.12988036180457418
8200,2019-09-07 16:00:00,161.390441895,0.8356079981766764
8201,2019-09-07 17:00:00,161.343200684,0.14595815400614875
8202,2019-09-07 18:00:00,160.955612183,0.9212304317465959
8203,2019-09-07 19:00:00,160.339645386,0.7935937100480227
8204,2019-09-07 20:00:00,159.627716064,0.9452319326822928
8205,2019-09-07 21:00:00,158.956588745,0.9219645308664794
8206,2019-09-07 22:00:00,158.538284302,0.7320486356431042
8207,2019-09-07 23:00:00,158.017211914,0.1038815056051483
8208,2019-09-08 00:00:00,157.5887146,0.9939923018955427
8209,2019-09-08 01:00:00,157.235809326,0.0072200717188869445
8210,2019-09-08 02:00:00,156.943954468,0.8429976718603702
8211,2019-09-08 03:00:00,156.710922241,0.5162895653763548
8212,2019-09-08 04:00:00,156.516525269,0.6988672990723156
8213,2019-09-08 05:00:00,156.359344482,0.7400967987947681
8214,2019-09-08 06:00:00,156.231735229,0.9934266433255455
8215,2019-09-08 07:00:00,156.130874634,0.36219542617885203
8216,2019-09-08 08:00:00,156.057662964,0.30531726774803236
8217,2019-09-08 09:00:00,155.997573853,0.28407218805084145
8218,2019-09-08 10:00:00,156.071807861,0.9786821352658269
8219,2019-09-08 11:00:00,156.03968811,0.32790728004601033
8220,2019-09-08 12:00:00,156.014923096,0.810350538420351
8221,2019-09-08 13:00:00,155.991531372,0.13344755056610702
8222,2019-09-08 14:00:00,155.965606689,0.5407268083935184
8223,2019-09-08 15:00:00,155.89074707,0.6890953611605786
8224,2019-09-08 16:00:00,155.705108643,0.9209265591932311
8225,2019-09-08 17:00:00,155.387130737,0.30503117397700685
8226,2019-09-08 18:00:00,155.027496338,0.18983793962096118
8227,2019-09-08 19:00:00,154.448318481,0.48281330143592505
8228,2019-09-08 20:00:00,154.009216309,0.45065709088762873
8229,2019-09-08 21:00:00,153.555679321,0.10428605819138581
8230,2019-09-08 22:00:00,153.188217163,0.9641654134293094
8231,2019-09-08 23:00:00,152.871566772,0.711294637655114
8232,2019-09-09 00:00:00,152.612167358,0.44601094199961255
8233,2019-09-09 01:00:00,152.401351929,0.26032295060373245
8234,2019-09-09 02:00:00,152.226242065,0.7048593152845943
8235,2019-09-09 03:00:00,152.082839966,0.10260374880525047
8236,2019-09-09 04:00:00,151.965026855,0.21116989360243354
8237,2019-09-09 05:00:00,151.867431641,0.41628501168766063
8238,2019-09-09 06:00:00,151.786468506,0.7698946458537889
8239,2019-09-09 07:00:00,151.715911865,0.10217000854802483
8240,2019-09-09 08:00:00,151.656356812,0.8668703877710724
8241,2019-09-09 09:00:00,151.604522705,0.9732486265669078
8242,2019-09-09 10:00:00,151.561386108,0.20060541668731124
8243,2019-09-09 11:00:00,151.534164429,0.6019217953779964
8244,2019-09-09 12:00:00,151.514251709,0.9462905033081995
8245,2019-09-09 13:00:00,151.496414185,0.15011008940720982
8246,2019-09-09 14:00:00,151.482833862,0.656856512233887
8247,2019-09-09 15:00:00,151.469406128,0.07736680783114558
8248,2019-09-09 16:00:00,151.458984375,0.7824253196008533
8249,2019-09-09 17:00:00,151.436065674,0.5772449608665361
8250,2019-09-09 18:00:00,151.257858276,0.0022825268324799808
8251,2019-09-09 19:00:00,150.966094971,0.3208001223831398
8252,2019-09-09 20:00:00,150.612213135,0.14305181993362326
8253,2019-09-09 21:00:00,150.280853271,0.9039148341261848
8254,2019-09-09 22:00:00,150.002593994,0.6913351942547122
8255,2019-09-09 23:00:00,149.767089844,0.030161705522542492
8256,2019-09-10 00:00:00,149.574691772,0.037941991372390516
8257,2019-09-10 01:00:00,149.417266846,0.4426378952709199
8258,2019-09-10 02:00:00,149.287872314,0.15946046138650283
8259,2019-09-10 03:00:00,149.18157959,0.09925602614829088
8260,2019-09-10 04:00:00,149.093292236,0.6907074184963528
8261,2019-09-10 05:00:00,149.023864746,0.3833349571511082
8262,2019-09-10 06:00:00,148.96875,0.8531868907611311
8263,2019-09-10 07:00:00,148.924743652,0.29125981187204564
8264,2019-09-10 08:00:00,148.889175415,0.9415696868566904
8265,2019-09-10 09:00:00,148.860122681,0.861281028682717
8266,2019-09-10 10:00:00,148.838485718,0.9928541696007566
8267,2019-09-10 11:00:00,148.823104858,0.024487830922797604
8268,2019-09-10 12:00:00,148.815216064,0.046963630310134064
8269,2019-09-10 13:00:00,148.807525635,0.9674794140573211
8270,2019-09-10 14:00:00,148.800491333,0.8462058050472028
8271,2019-09-10 15:00:00,148.780258179,0.7660956359901694
8272,2019-09-10 16:00:00,148.752929688,0.8252026434735215
8273,2019-09-10 17:00:00,148.713134766,0.12081303233863316
8274,2019-09-10 18:00:00,148.503463745,0.306263874852055
8275,2019-09-10 19:00:00,148.171737671,0.9957804479764636
8276,2019-09-10 20:00:00,147.714416504,0.4788696806504916
8277,2019-09-10 21:00:00,147.290756226,0.8493397675342521
8278,2019-09-10 22:00:00,146.999267578,0.36826060190863485
8279,2019-09-10 23:00:00,146.712020874,0.3561734644548191
8280,2019-09-11 00:00:00,146.654449463,0.18805852157423142
8281,2019-09-11 01:00:00,146.53024292,0.710451135669825
8282,2019-09-11 02:00:00,146.339660645,0.9089654896577231
8283,2019-09-11 03:00:00,146.241592407,0.4548049519083345
8284,2019-09-11 04:00:00,146.158355713,0.26705627184600556
8285,2019-09-11 05:00:00,146.056427002,0.6664106653777639
8286,2019-09-11 06:00:00,145.97668457,0.9715533066921906
8287,2019-09-11 07:00:00,145.915420532,0.6035433367493466
8288,2019-09-11 08:00:00,145.867370605,0.7140877380406778
8289,2019-09-11 09:00:00,145.831359863,0.5891997791830401
8290,2019-09-11 10:00:00,145.808578491,0.766549669139457
8291,2019-09-11 11:00:00,145.789840698,0.20622638176651198
8292,2019-09-11 12:00:00,145.777496338,0.9220360186312669
8293,2019-09-11 13:00:00,145.768432617,0.43209555342100026
8294,2019-09-11 14:00:00,145.760314941,0.3710921942145514
8295,2019-09-11 15:00:00,145.641784668,0.6587467880290793
8296,2019-09-11 16:00:00,145.325653076,0.026851007652382575
8297,2019-09-11 17:00:00,144.759506226,0.23812752013705207
8298,2019-09-11 18:00:00,144.026641846,0.2565589139528247
8299,2019-09-11 19:00:00,143.337509155,0.8585543146510909
8300,2019-09-11 20:00:00,142.443786621,0.09682902780377167
8301,2019-09-11 21:00:00,141.698852539,0.9087231307172647
8302,2019-09-11 22:00:00,141.084136963,0.5073089156400183
8303,2019-09-11 23:00:00,140.5806427,0.5542703113098689
8304,2019-09-12 00:00:00,140.167617798,0.3431137592634286
8305,2019-09-12 01:00:00,139.828460693,0.09326789402938696
8306,2019-09-12 02:00:00,139.549407959,0.308292652673291
8307,2019-09-12 03:00:00,139.32019043,0.16648928212228642
8308,2019-09-12 04:00:00,139.136108398,0.08797536430483388
8309,2019-09-12 05:00:00,138.986618042,0.7688192138996331
8310,2019-09-12 06:00:00,138.86505127,0.2782806942714794
8311,2019-09-12 07:00:00,138.76739502,0.3857270067108839
8312,2019-09-12 08:00:00,138.689712524,0.4977303558209948
8313,2019-09-12 09:00:00,138.629211426,0.8268070434661025
8314,2019-09-12 10:00:00,138.585174561,0.09818547855158488
8315,2019-09-12 11:00:00,138.546081543,0.9903205962900109
8316,2019-09-12 12:00:00,138.514556885,0.3497091292254312
8317,2019-09-12 13:00:00,138.49055481,0.4016739776553293
8318,2019-09-12 14:00:00,138.467056274,0.9526164974066805
8319,2019-09-12 15:00:00,138.440460205,0.8305559542358744
8320,2019-09-12 16:00:00,138.449188232,0.5412830062313391
8321,2019-09-12 17:00:00,138.459518433,0.4760034529620847
8322,2019-09-12 18:00:00,138.462677002,0.6272067010037146
8323,2019-09-12 19:00:00,138.456207275,0.4120995177461536
8324,2019-09-12 20:00:00,138.448928833,0.5871010057119675
8325,2019-09-12 21:00:00,138.441116333,0.5229824798209628
8326,2019-09-12 22:00:00,138.424301147,0.03857238928343876
8327,2019-09-12 23:00:00,138.404098511,0.9327428375497572
8328,2019-09-13 00:00:00,138.388977051,0.10605281350749629
8329,2019-09-13 01:00:00,138.376785278,0.4041781910173897
8330,2019-09-13 02:00:00,138.367294312,0.3219077037442143
8331,2019-09-13 03:00:00,138.360824585,0.8841592221399318
8332,2019-09-13 04:00:00,138.35710144,0.9071191469439002
8333,2019-09-13 05:00:00,138.353515625,0.11010764652417993
8334,2019-09-13 06:00:00,138.350280762,0.02721744030942519
8335,2019-09-13 07:00:00,138.350570679,0.04532895797798708
8336,2019-09-13 08:00:00,138.350341797,0.07792029965783454
8337,2019-09-13 09:00:00,138.348266602,0.117099168413756
8338,2019-09-13 10:00:00,138.347351074,0.3161367504865862
8339,2019-09-13 11:00:00,138.346694946,0.4994540788161622
8340,2019-09-13 12:00:00,138.344787598,0.40144326277419207
8341,2019-09-13 13:00:00,138.341369629,0.392383743026823
8342,2019-09-13 14:00:00,138.337524414,0.5367781458032529
8343,2019-09-13 15:00:00,138.316070557,0.43494362165809686
8344,2019-09-13 16:00:00,138.287460327,0.19664908928989355
8345,2019-09-13 17:00:00,138.246200562,0.7806316668239416
8346,2019-09-13 18:00:00,138.213180542,0.12521973900038075
8347,2019-09-13 19:00:00,138.080535889,0.033454097105099945
8348,2019-09-13 20:00:00,137.862091064,0.24298196767867009
8349,2019-09-13 21:00:00,137.638763428,0.9044164702944284
8350,2019-09-13 22:00:00,137.453186035,0.8557862927728744
8351,2019-09-13 23:00:00,137.298309326,0.0035088244591464646
8352,2019-09-14 00:00:00,137.172164917,0.6236317324847348
8353,2019-09-14 01:00:00,137.067718506,0.15082315859673934
8354,2019-09-14 02:00:00,136.980819702,0.5069175737783667
8355,2019-09-14 03:00:00,136.910125732,0.5398364182745606
8356,2019-09-14 04:00:00,136.852127075,0.14940785562464054
8357,2019-09-14 05:00:00,136.802093506,0.9995680961344273
8358,2019-09-14 06:00:00,136.759963989,0.7683105738335173
8359,2019-09-14 07:00:00,136.726455688,0.8958044158767633
8360,2019-09-14 08:00:00,136.696655273,0.7961839039140955
8361,2019-09-14 09:00:00,136.670150757,0.7175078462908634
8362,2019-09-14 10:00:00,136.647888184,0.14917643070397812
8363,2019-09-14 11:00:00,136.629730225,0.7951826792642189
8364,2019-09-14 12:00:00,136.615142822,0.46344882120237696
8365,2019-09-14 13:00:00,136.601852417,0.01614654974584706
8366,2019-09-14 14:00:00,136.588485718,0.2897057373520995
8367,2019-09-14 15:00:00,136.554702759,0.3764698845322576
8368,2019-09-14 16:00:00,136.519180298,0.954047461616732
8369,2019-09-14 17:00:00,136.478713989,0.4685362935712807
8370,2019-09-14 18:00:00,136.334472656,0.5712076832911627
8371,2019-09-14 19:00:00,136.078277588,0.74250911262998
8372,2019-09-14 20:00:00,135.778030396,0.1337071529182441
8373,2019-09-14 21:00:00,135.462371826,0.2573938177436388
8374,2019-09-14 22:00:00,135.211807251,0.12095339728589694
8375,2019-09-14 23:00:00,134.974136353,0.8713595233510885
8376,2019-09-15 00:00:00,134.775192261,0.9948015268427585
8377,2019-09-15 01:00:00,134.611450195,0.027369154292174125
8378,2019-09-15 02:00:00,134.476013184,0.997996100736382
8379,2019-09-15 03:00:00,134.371124268,0.04848472396551695
8380,2019-09-15 04:00:00,134.284378052,0.7174093754468875
8381,2019-09-15 05:00:00,134.212127686,0.05845192128024845
8382,2019-09-15 06:00:00,134.152099609,0.8959554907050145
8383,2019-09-15 07:00:00,134.099884033,0.9755115850360121
8384,2019-09-15 08:00:00,134.057128906,0.8897313874022049
8385,2019-09-15 09:00:00,134.021514893,0.29566200237742923
8386,2019-09-15 10:00:00,133.992706299,0.1602684654931864
8387,2019-09-15 11:00:00,133.973175049,0.41774517329325556
8388,2019-09-15 12:00:00,133.955963135,0.6307792039800052
8389,2019-09-15 13:00:00,133.941635132,0.7174764460542579
8390,2019-09-15 14:00:00,133.928268433,0.30527475769929524
8391,2019-09-15 15:00:00,133.904098511,0.5800478136934905
8392,2019-09-15 16:00:00,133.877471924,0.5316477317748619
8393,2019-09-15 17:00:00,133.714935303,0.5584542903856413
8394,2019-09-15 18:00:00,133.418563843,0.7460638183005126
8395,2019-09-15 19:00:00,133.018692017,0.717311448564974
8396,2019-09-15 20:00:00,132.547332764,0.030114662196549125
8397,2019-09-15 21:00:00,131.996047974,0.7196050758783179
8398,2019-09-15 22:00:00,131.523483276,0.9365588644010161
8399,2019-09-15 23:00:00,131.122192383,0.3904618789981974
8400,2019-09-16 00:00:00,130.796966553,0.989047394297796
8401,2019-09-16 01:00:00,130.530731201,0.512568574480448
8402,2019-09-16 02:00:00,130.367782593,0.7215275789520885
8403,2019-09-16 03:00:00,130.241027832,0.08838796248992586
8404,2019-09-16 04:00:00,130.08706665,0.47138331619739915
8405,2019-09-16 05:00:00,129.963180542,0.5920248107842846
8406,2019-09-16 06:00:00,129.918884277,0.4986929510867387
8407,2019-09-16 07:00:00,129.923599243,0.7160698261216957
8408,2019-09-16 08:00:00,129.895004272,0.6539011561109787
8409,2019-09-16 09:00:00,129.721832275,0.1100076454357013
8410,2019-09-16 10:00:00,129.587753296,0.048128317628427064
8411,2019-09-16 11:00:00,129.478683472,0.393435607564928
8412,2019-09-16 12:00:00,129.392593384,0.9653162804977079
8413,2019-09-16 13:00:00,129.321472168,0.26686651347700474
8414,2019-09-16 14:00:00,129.206832886,0.31148501275395524
8415,2019-09-16 15:00:00,129.113143921,0.2201986614227931
8416,2019-09-16 16:00:00,128.904907227,0.4613464627696158
8417,2019-09-16 17:00:00,128.570449829,0.2844510550047714
8418,2019-09-16 18:00:00,128.112609863,0.626263434704182
8419,2019-09-16 19:00:00,127.573112488,0.6530445446709533
8420,2019-09-16 20:00:00,127.139427185,0.911073337341327
8421,2019-09-16 21:00:00,126.607559204,0.5115267762520702
8422,2019-09-16 22:00:00,126.102416992,0.8049591010374909
8423,2019-09-16 23:00:00,125.685928345,0.8326022096411275
8424,2019-09-17 00:00:00,125.410194397,0.3229860088874448
8425,2019-09-17 01:00:00,125.137756348,0.7192854154965617
8426,2019-09-17 02:00:00,124.916946411,0.08246098184029804
8427,2019-09-17 03:00:00,124.739212036,0.3944682052270695
8428,2019-09-17 04:00:00,124.592689514,0.09063807823847592
8429,2019-09-17 05:00:00,124.478363037,0.15934866261170055
8430,2019-09-17 06:00:00,124.390289307,0.5868474235013112
8431,2019-09-17 07:00:00,124.321502686,0.2088538688749495
8432,2019-09-17 08:00:00,124.267105103,0.8709156504710721
8433,2019-09-17 09:00:00,124.228439331,0.09402743410663061
8434,2019-09-17 10:00:00,124.199485779,0.9703876798659317
8435,2019-09-17 11:00:00,124.292480469,0.4213224416915935
8436,2019-09-17 12:00:00,124.286254883,0.186053552509428
8437,2019-09-17 13:00:00,124.367668152,0.6607660237023883
8438,2019-09-17 14:00:00,124.533668518,0.12828988340723546
8439,2019-09-17 15:00:00,124.599945068,0.906545126171319
8440,2019-09-17 16:00:00,124.521492004,0.69366541466367
8441,2019-09-17 17:00:00,124.895614624,0.36851227264481157
8442,2019-09-17 18:00:00,124.928138733,0.7763874431427091
8443,2019-09-17 19:00:00,124.006332397,0.9985944380549253
8444,2019-09-17 20:00:00,123.125015259,0.47724355439473787
8445,2019-09-17 21:00:00,122.330993652,0.9915174539712275
8446,2019-09-17 22:00:00,121.913047791,0.307498168264538
8447,2019-09-17 23:00:00,121.339683533,0.7805239705868382
8448,2019-09-18 00:00:00,120.872131348,0.026687893469012902
8449,2019-09-18 01:00:00,120.492195129,0.7879921863559245
8450,2019-09-18 02:00:00,120.181419373,0.6495327072068866
8451,2019-09-18 03:00:00,119.931030273,0.56392379673029
8452,2019-09-18 04:00:00,119.723945618,0.41113568410111323
8453,2019-09-18 05:00:00,119.559028625,0.6955527687861541
8454,2019-09-18 06:00:00,119.427101135,0.07728722334226079
8455,2019-09-18 07:00:00,119.319503784,0.3815973078515684
8456,2019-09-18 08:00:00,119.239326477,0.5433296448010083
8457,2019-09-18 09:00:00,119.177268982,0.9032147257723397
8458,2019-09-18 10:00:00,119.134887695,0.5784727824044403
8459,2019-09-18 11:00:00,119.105514526,0.9301625380764603
8460,2019-09-18 12:00:00,119.092575073,0.5516404706700884
8461,2019-09-18 13:00:00,119.079460144,0.6604125813607129
8462,2019-09-18 14:00:00,119.066238403,0.02367845270944502
8463,2019-09-18 15:00:00,119.06477356,0.27991834449545183
8464,2019-09-18 16:00:00,119.050735474,0.26803553307029604
8465,2019-09-18 17:00:00,118.881492615,0.8339665173793495
8466,2019-09-18 18:00:00,118.570922852,0.6935739914401635
8467,2019-09-18 19:00:00,118.16293335,0.8239035593757588
8468,2019-09-18 20:00:00,117.71421814,0.6198760802057083
8469,2019-09-18 21:00:00,117.21346283,0.7267978234675685
8470,2019-09-18 22:00:00,116.819694519,0.6215628955034956
8471,2019-09-18 23:00:00,116.499168396,0.299343629753584
8472,2019-09-19 00:00:00,116.239784241,0.04800269486384512
8473,2019-09-19 01:00:00,116.029174805,0.11766101133018403
8474,2019-09-19 02:00:00,115.859458923,0.26492089490977766
8475,2019-09-19 03:00:00,115.725868225,0.7577122645629486
8476,2019-09-19 04:00:00,115.617958069,0.9097475855099659
8477,2019-09-19 05:00:00,115.530593872,0.14034218813507693
8478,2019-09-19 06:00:00,115.46219635,0.6325555045047327
8479,2019-09-19 07:00:00,115.408920288,0.7110713964766215
8480,2019-09-19 08:00:00,115.367485046,0.13419209339554217
8481,2019-09-19 09:00:00,115.335968018,0.604943382698199
8482,2019-09-19 10:00:00,115.311660767,0.1692575009978312
8483,2019-09-19 11:00:00,115.296203613,0.923598834691555
8484,2019-09-19 12:00:00,115.285507202,0.3324353566111099
8485,2019-09-19 13:00:00,115.277191162,0.8637730869628613
8486,2019-09-19 14:00:00,115.260559082,0.16962102858744443
8487,2019-09-19 15:00:00,115.2215271,0.16021702876792954
8488,2019-09-19 16:00:00,115.047790527,0.06172351946114507
8489,2019-09-19 17:00:00,114.65447998,0.4881783028111726
8490,2019-09-19 18:00:00,114.307014465,0.7785487461813084
8491,2019-09-19 19:00:00,113.832382202,0.7711756386315066
8492,2019-09-19 20:00:00,113.279266357,0.4309182405828107
8493,2019-09-19 21:00:00,112.726165771,0.39629105883047144
8494,2019-09-19 22:00:00,112.286895752,0.7884169353247419
8495,2019-09-19 23:00:00,111.978309631,0.5581404360075961
8496,2019-09-20 00:00:00,111.943359375,0.3802651269995022
8497,2019-09-20 01:00:00,111.889526367,0.6452412346607231
8498,2019-09-20 02:00:00,111.855781555,0.9882665343713277
8499,2019-09-20 03:00:00,111.336303711,0.9418318270100755
8500,2019-09-20 04:00:00,110.87159729,0.5089393812288051
8501,2019-09-20 05:00:00,110.265220642,0.3703219821510967
8502,2019-09-20 06:00:00,109.669219971,0.06735235329637335
8503,2019-09-20 07:00:00,109.166748047,0.7801096524158688
8504,2019-09-20 08:00:00,108.75869751,0.30012577372105576
8505,2019-09-20 09:00:00,108.427932739,0.3691878877720782
8506,2019-09-20 10:00:00,108.159736633,0.7616916431003826
8507,2019-09-20 11:00:00,107.939079285,0.682493217284996
8508,2019-09-20 12:00:00,107.762413025,0.9118289125606026
8509,2019-09-20 13:00:00,107.615318298,0.8246389534859242
8510,2019-09-20 14:00:00,107.434509277,0.27803788469156143
8511,2019-09-20 15:00:00,107.026008606,0.1851014222433427
8512,2019-09-20 16:00:00,106.349937439,0.08296342836392334
8513,2019-09-20 17:00:00,105.445114136,0.5438606917358204
8514,2019-09-20 18:00:00,104.213256836,0.3356215045191182
8515,2019-09-20 19:00:00,102.984848022,0.3584889241385014
8516,2019-09-20 20:00:00,101.773796082,0.8118323804471873
8517,2019-09-20 21:00:00,100.557975769,0.516793506976745
8518,2019-09-20 22:00:00,99.598327637,0.018317951922749542
8519,2019-09-20 23:00:00,98.800819397,0.6558323002840779
8520,2019-09-21 00:00:00,98.145362854,0.4267450053985187
8521,2019-09-21 01:00:00,97.602432251,0.6178051039493223
8522,2019-09-21 02:00:00,97.169502258,0.2879384719903595
8523,2019-09-21 03:00:00,96.815658569,0.6720084451394686
8524,2019-09-21 04:00:00,96.525093079,0.03634306167889856
8525,2019-09-21 05:00:00,96.285598755,0.9455663786316495
8526,2019-09-21 06:00:00,96.091514587,0.6065673028162347
8527,2019-09-21 07:00:00,95.937034607,0.8244278466433818
8528,2019-09-21 08:00:00,95.811729431,0.2029909172252078
8529,2019-09-21 09:00:00,95.710136414,0.07874360512883116
8530,2019-09-21 10:00:00,95.629371643,0.9633925460403356
8531,2019-09-21 11:00:00,95.56741333,0.9771519316157182
8532,2019-09-21 12:00:00,95.518310547,0.048419775927294184
8533,2019-09-21 13:00:00,95.478881836,0.6561475011100415
8534,2019-09-21 14:00:00,95.446624756,0.4269091470661931
8535,2019-09-21 15:00:00,95.40222168,0.7519972256207293
8536,2019-09-21 16:00:00,95.368423462,0.3900163899101191
8537,2019-09-21 17:00:00,95.326850891,0.07942304182237325
8538,2019-09-21 18:00:00,95.277931213,0.1116931156645441
8539,2019-09-21 19:00:00,95.20652771,0.8178458279148281
8540,2019-09-21 20:00:00,95.05178833,0.7569648441983339
8541,2019-09-21 21:00:00,94.876327515,0.9386971710495338
8542,2019-09-21 22:00:00,94.747825623,0.532070909925511
8543,2019-09-21 23:00:00,94.639648438,0.13151323656508618
8544,2019-09-22 00:00:00,94.548225403,0.3014036662099475
8545,2019-09-22 01:00:00,94.473442078,0.6977555429496007
8546,2019-09-22 02:00:00,94.413406372,0.11623238929626178
8547,2019-09-22 03:00:00,94.364448547,0.10860282187567039
8548,2019-09-22 04:00:00,94.323471069,0.7896132485149574
8549,2019-09-22 05:00:00,94.292152405,0.0676474116906659
8550,2019-09-22 06:00:00,94.268501282,0.3779254431845809
8551,2019-09-22 07:00:00,94.249275208,0.8701401052550098
8552,2019-09-22 08:00:00,94.236412048,0.8014254789419492
8553,2019-09-22 09:00:00,94.227645874,0.8234404526863793
8554,2019-09-22 10:00:00,94.222167969,0.16347327674539913
8555,2019-09-22 11:00:00,94.220100403,0.783251598151923
8556,2019-09-22 12:00:00,94.218490601,0.5314596899555526
8557,2019-09-22 13:00:00,94.221733093,0.8385112967068621
8558,2019-09-22 14:00:00,94.218925476,0.024985765198325294
8559,2019-09-22 15:00:00,94.204414368,0.07834191144155167
8560,2019-09-22 16:00:00,94.179466248,0.6862079654335913
8561,2019-09-22 17:00:00,94.148704529,0.60711380793476
8562,2019-09-22 18:00:00,94.113861084,0.6965795125516752
8563,2019-09-22 19:00:00,94.080680847,0.17313422241673915
8564,2019-09-22 20:00:00,93.99130249,0.4690171343389402
8565,2019-09-22 21:00:00,93.864120483,0.7246117813639389
8566,2019-09-22 22:00:00,93.761520386,0.6536833432197585
8567,2019-09-22 23:00:00,93.675727844,0.9216991384049912
8568,2019-09-23 00:00:00,93.605575562,0.8943638374858695
8569,2019-09-23 01:00:00,93.547645569,0.024177469364727977
8570,2019-09-23 02:00:00,93.499313354,0.34890161193652447
8571,2019-09-23 03:00:00,93.458999634,0.3687224170751462
8572,2019-09-23 04:00:00,93.425086975,0.16749967755894812
8573,2019-09-23 05:00:00,93.39617157,0.5311751118503408
8574,2019-09-23 06:00:00,93.370513916,0.3933949025255229
8575,2019-09-23 07:00:00,93.349205017,0.4543528795245171
8576,2019-09-23 08:00:00,93.331893921,0.7449491566530032
8577,2019-09-23 09:00:00,93.31678009,0.08315247978141382
8578,2019-09-23 10:00:00,93.302650452,0.30808581902812093
8579,2019-09-23 11:00:00,93.289993286,0.7648739935397659
8580,2019-09-23 12:00:00,93.278121948,0.9049766414533547
8581,2019-09-23 13:00:00,93.26889801,0.16099956691871642
8582,2019-09-23 14:00:00,93.258125305,0.4448824648087516
8583,2019-09-23 15:00:00,93.213447571,0.03511137298899103
8584,2019-09-23 16:00:00,93.158164978,0.8367571911112146
8585,2019-09-23 17:00:00,93.089027405,0.9488632494183765
8586,2019-09-23 18:00:00,92.85358429,0.6101649413463582
8587,2019-09-23 19:00:00,92.549446106,0.28137767395475255
8588,2019-09-23 20:00:00,92.164497375,0.8087949528398225
8589,2019-09-23 21:00:00,91.756027222,0.6501348930693178
8590,2019-09-23 22:00:00,91.446861267,0.7081669626650036
8591,2019-09-23 23:00:00,91.190811157,0.6582211295934147
8592,2019-09-24 00:00:00,90.986854553,0.5229742613878744
8593,2019-09-24 01:00:00,90.819999695,0.06808147168150513
8594,2019-09-24 02:00:00,90.683013916,0.5167163680844177
8595,2019-09-24 03:00:00,90.572731018,0.17161708918570495
8596,2019-09-24 04:00:00,90.47844696,0.25025637291758585
8597,2019-09-24 05:00:00,90.402412415,0.6904150965084535
8598,2019-09-24 06:00:00,90.345237732,0.027800850471768723
8599,2019-09-24 07:00:00,90.298599243,0.9116173666179889
8600,2019-09-24 08:00:00,90.260536194,0.7156696867202701
8601,2019-09-24 09:00:00,90.232131958,0.357311761593193
8602,2019-09-24 10:00:00,90.208114624,0.21676324923277157
8603,2019-09-24 11:00:00,90.187522888,0.38253329094533395
8604,2019-09-24 12:00:00,90.171516418,0.40388561113370547
8605,2019-09-24 13:00:00,90.160797119,0.8621205874808734
8606,2019-09-24 14:00:00,90.146980286,0.1141345402891395
8607,2019-09-24 15:00:00,90.111854553,0.9543034622451327
8608,2019-09-24 16:00:00,90.047302246,0.201459131366035
8609,2019-09-24 17:00:00,89.860710144,0.5318881744067091
8610,2019-09-24 18:00:00,89.527572632,0.9970729508995824
8611,2019-09-24 19:00:00,89.05316925,0.6368497497245995
8612,2019-09-24 20:00:00,88.676116943,0.3230270328953134
8613,2019-09-24 21:00:00,88.292388916,0.05193645959866977
8614,2019-09-24 22:00:00,87.985031128,0.7949592821883325
8615,2019-09-24 23:00:00,87.732711792,0.8052494671139819
8616,2019-09-25 00:00:00,87.526496887,0.3794592827985417
8617,2019-09-25 01:00:00,87.35710907,0.061015558670603154
8618,2019-09-25 02:00:00,87.217910767,0.7809951551322014
8619,2019-09-25 03:00:00,87.106941223,0.04760213156272852
8620,2019-09-25 04:00:00,87.016845703,0.49084192957806894
8621,2019-09-25 05:00:00,86.943962097,0.8252585640008139
8622,2019-09-25 06:00:00,86.884437561,0.14818654682137355
8623,2019-09-25 07:00:00,86.83505249,0.29606358178821457
8624,2019-09-25 08:00:00,86.793251038,0.1724838062072125
8625,2019-09-25 09:00:00,86.75919342,0.8592121080291047
8626,2019-09-25 10:00:00,86.73235321,0.1252162044162377
8627,2019-09-25 11:00:00,86.710891724,0.05321565632590686
8628,2019-09-25 12:00:00,86.693717957,0.9439953950298864
8629,2019-09-25 13:00:00,86.679489136,0.9244966474377228
8630,2019-09-25 14:00:00,86.666938782,0.6265447904800502
8631,2019-09-25 15:00:00,86.641242981,0.025378137007210477
8632,2019-09-25 16:00:00,86.606681824,0.8096433861251366
8633,2019-09-25 17:00:00,86.565734863,0.46903535706534216
8634,2019-09-25 18:00:00,86.426994324,0.6947988342275228
8635,2019-09-25 19:00:00,86.127502441,0.9687861841293688
8636,2019-09-25 20:00:00,85.724357605,0.0005067599691084279
8637,2019-09-25 21:00:00,85.297569275,0.05516644303161877
8638,2019-09-25 22:00:00,84.958557129,0.09927519864256185
8639,2019-09-25 23:00:00,84.680023193,0.6135863957695441
8640,2019-09-26 00:00:00,84.453872681,0.15382918635239506
8641,2019-09-26 01:00:00,84.268432617,0.7533476521575508
8642,2019-09-26 02:00:00,84.115966797,0.48638633094303374
8643,2019-09-26 03:00:00,83.992385864,0.4138716950029808
8644,2019-09-26 04:00:00,83.891204834,0.5760338759451396
8645,2019-09-26 05:00:00,83.80796051,0.6792862974461275
8646,2019-09-26 06:00:00,83.740325928,0.46848459524353003
8647,2019-09-26 07:00:00,83.687690735,0.46717505825825145
8648,2019-09-26 08:00:00,83.646331787,0.9323505163821753
8649,2019-09-26 09:00:00,83.614097595,0.5898565303657626
8650,2019-09-26 10:00:00,83.589660645,0.26534154956251266
8651,2019-09-26 11:00:00,83.573509216,0.960479661072232
8652,2019-09-26 12:00:00,83.561408997,0.7622285996508996
8653,2019-09-26 13:00:00,83.552268982,0.46220192427443996
8654,2019-09-26 14:00:00,83.541236877,0.017102296795144745
8655,2019-09-26 15:00:00,83.517410278,0.656258913449405
8656,2019-09-26 16:00:00,83.482810974,0.9973203206678783
8657,2019-09-26 17:00:00,83.44254303,0.8881332888066944
8658,2019-09-26 18:00:00,83.233467102,0.14868811524820125
8659,2019-09-26 19:00:00,82.872093201,0.8361579614291761
8660,2019-09-26 20:00:00,82.427490234,0.7324027661459123
8661,2019-09-26 21:00:00,81.947174072,0.6974148903073257
8662,2019-09-26 22:00:00,81.564857483,0.58053966747007
8663,2019-09-26 23:00:00,81.239097595,0.7313978167105881
8664,2019-09-27 00:00:00,80.973739624,0.6654163486923342
8665,2019-09-27 01:00:00,80.760765076,0.7884449064139133
8666,2019-09-27 02:00:00,80.591766357,0.26610488257636444
8667,2019-09-27 03:00:00,80.455978394,0.1834417063436593
8668,2019-09-27 04:00:00,80.346679688,0.0759227264601453
8669,2019-09-27 05:00:00,80.258209229,0.9476905814834745
8670,2019-09-27 06:00:00,80.190628052,0.4823989703316244
8671,2019-09-27 07:00:00,80.137619019,0.477566163779522
8672,2019-09-27 08:00:00,80.096008301,0.07568220627853828
8673,2019-09-27 09:00:00,80.063903809,0.7823681996021935
8674,2019-09-27 10:00:00,80.037765503,0.006139024252426739
8675,2019-09-27 11:00:00,80.020469666,0.23025307890769742
8676,2019-09-27 12:00:00,80.007972717,0.5263442192043652
8677,2019-09-27 13:00:00,80.001091003,0.27128071666195763
8678,2019-09-27 14:00:00,79.989189148,0.34288107491773767
8679,2019-09-27 15:00:00,79.96320343,0.7226771645810292
8680,2019-09-27 16:00:00,79.931243896,0.1407817859472773
8681,2019-09-27 17:00:00,79.776519775,0.24078429249715116
8682,2019-09-27 18:00:00,79.485496521,0.6780450240296387
8683,2019-09-27 19:00:00,79.095947266,0.8157911724119369
8684,2019-09-27 20:00:00,78.609970093,0.005094456075032672
8685,2019-09-27 21:00:00,78.083190918,0.9807946758386114
8686,2019-09-27 22:00:00,77.653144836,0.7199202059039291
8687,2019-09-27 23:00:00,77.250305176,0.15054065392275517
8688,2019-09-28 00:00:00,76.919113159,0.5818691795729889
8689,2019-09-28 01:00:00,76.65927887,0.30158133490035854
8690,2019-09-28 02:00:00,76.446960449,0.7639249426227381
8691,2019-09-28 03:00:00,76.211982727,0.34634029000859456
8692,2019-09-28 04:00:00,75.978546143,0.5668723767173369
8693,2019-09-28 05:00:00,75.776557922,0.2907757188643989
8694,2019-09-28 06:00:00,75.638221741,0.9762630702418865
8695,2019-09-28 07:00:00,75.500465393,0.4213684784925634
8696,2019-09-28 08:00:00,75.400062561,0.7953957274915952
8697,2019-09-28 09:00:00,75.31892395,0.04481277277990392
8698,2019-09-28 10:00:00,75.250396729,0.32635557616475785
8699,2019-09-28 11:00:00,75.196235657,0.9406384523554479
8700,2019-09-28 12:00:00,75.135047913,0.018742529954935416
8701,2019-09-28 13:00:00,75.09803009,0.3562134610281904
8702,2019-09-28 14:00:00,75.030471802,0.953426120795948
8703,2019-09-28 15:00:00,74.640380859,0.5489514756814688
8704,2019-09-28 16:00:00,73.951538086,0.5290303036061692
8705,2019-09-28 17:00:00,72.840011597,0.9168468506191316
8706,2019-09-28 18:00:00,71.430496216,0.12396884953944265
8707,2019-09-28 19:00:00,69.60610199,0.5362770466309565
8708,2019-09-28 20:00:00,68.051498413,0.5920843148959939
8709,2019-09-28 21:00:00,66.391372681,0.8938335643194188
8710,2019-09-28 22:00:00,65.020523071,0.2957054342231473
8711,2019-09-28 23:00:00,63.737236023,0.6335216028528355
8712,2019-09-29 00:00:00,62.511440277,0.9478887507325783
8713,2019-09-29 01:00:00,61.396595001,0.3096664186632667
8714,2019-09-29 02:00:00,60.202056885,0.12666735710152977
8715,2019-09-29 03:00:00,58.974838257,0.11951218751323911
8716,2019-09-29 04:00:00,57.75302887,0.0428935624215111
8717,2019-09-29 05:00:00,56.548694611,0.4480438037668317
8718,2019-09-29 06:00:00,55.50353241,0.263309210283711
8719,2019-09-29 07:00:00,54.482177734,0.9588985588711127
8720,2019-09-29 08:00:00,53.522491455,0.03450322697007402
8721,2019-09-29 09:00:00,52.615779877,0.14511502594224257
8722,2019-09-29 10:00:00,51.762550354,0.0736995010274345
8723,2019-09-29 11:00:00,50.964351654,0.2994564018644642
8724,2019-09-29 12:00:00,50.222373962,0.3794171867256355
8725,2019-09-29 13:00:00,49.479091644,0.44153552510517846
8726,2019-09-29 14:00:00,48.624721527,0.8553972072028365
8727,2019-09-29 15:00:00,47.688354492,0.008153082725381955
8728,2019-09-29 16:00:00,46.472618103,0.6469161637753852
8729,2019-09-29 17:00:00,44.477088928,0.7824732109441751
8730,2019-09-29 18:00:00,41.132598877,0.5801345826573069
8731,2019-09-29 19:00:00,35.683742523,0.5687991737504151
8732,2019-09-29 20:00:00,27.649391174,0.8015763236305128
8733,2019-09-29 21:00:00,23.666454315,0.8314969307626117
8734,2019-09-29 22:00:00,18.553642273,0.1934486601268911
8735,2019-09-29 23:00:00,14.227434158,0.8953861152426855
8736,2019-09-30 00:00:00,10.177816391,0.06905321581640456
8737,2019-09-30 01:00:00,7.765030861,0.4064512788562288
8738,2019-09-30 02:00:00,6.267214775,0.9118430354616128
8739,2019-09-30 03:00:00,4.70173645,0.44288814045382985
8740,2019-09-30 04:00:00,3.212822437,0.13804947717607474
8741,2019-09-30 05:00:00,1.31124866,0.6119577079471412
8742,2019-09-30 06:00:00,1.285443664,0.08589313824702338
8743,2019-09-30 07:00:00,1.081940889,0.7093152045800858
8744,2019-09-30 08:00:00,0.91643995,0.20624380503555007
8745,2019-09-30 09:00:00,0.731911242,0.6806079144896328
8746,2019-09-30 10:00:00,0.545803726,0.20068094578356677
8747,2019-09-30 11:00:00,0.361572236,0.45508125428359325
8748,2019-09-30 12:00:00,0.232602611,0.28774593192049913
8749,2019-09-30 13:00:00,0.166937128,0.1119124227686138
8750,2019-09-30 14:00:00,0.000133716,0.4204428440885676
8751,2019-09-30 15:00:00,8.027e-05,0.18597113484099126
8752,2019-09-30 16:00:00,5.297e-05,0.7994506378911846
8753,2019-09-30 17:00:00,2.7871e-05,0.18707787803703302
8754,2019-09-30 18:00:00,1.4039e-05,0.14638729957891494
8755,2019-09-30 19:00:00,7.287e-06,0.1377534447835066
8756,2019-09-30 20:00:00,3.671e-06,0.34641939161043867
8757,2019-09-30 21:00:00,1.555e-06,0.8798883228315689
8758,2019-09-30 22:00:00,0.0,0.5901537413082811
8759,2019-09-30 23:00:00,0.0,0.5676550941016569
8760,2019-10-01 00:00:00,0.0,0.03722544465353572
8761,2019-10-01 01:00:00,0.0,0.04828269660927498
8762,2019-10-01 02:00:00,0.0,0.7410381379078349
8763,2019-10-01 03:00:00,0.0,0.10195746192201649
8764,2019-10-01 04:00:00,0.0,0.33969801209260053
8765,2019-10-01 05:00:00,0.0,0.6882002796384227
8766,2019-10-01 06:00:00,0.0,0.9078068652911697
8767,2019-10-01 07:00:00,0.0,0.6409289222882709
8768,2019-10-01 08:00:00,0.0,0.8451211824083659
8769,2019-10-01 09:00:00,0.0,0.3634744256148088
8770,2019-10-01 10:00:00,0.0,0.5460367323835169
8771,2019-10-01 11:00:00,0.0,0.7871423494371714
8772,2019-10-01 12:00:00,0.0,0.8696685934944505
8773,2019-10-01 13:00:00,0.0,0.8517983187869149
8774,2019-10-01 14:00:00,0.0,0.4580631437838556
8775,2019-10-01 15:00:00,0.0,0.6425397026104633
8776,2019-10-01 16:00:00,0.0,0.3726093806517401
8777,2019-10-01 17:00:00,0.0,0.7539076403390278
8778,2019-10-01 18:00:00,0.0,0.8591413573639607
8779,2019-10-01 19:00:00,0.0,0.5914886211613721
8780,2019-10-01 20:00:00,0.0,0.9798780508286361
8781,2019-10-01 21:00:00,0.0,0.6580750047323467
8782,2019-10-01 22:00:00,0.0,0.1268418565459437
8783,2019-10-01 23:00:00,0.0,0.45718509036137966
8784,2019-10-02 00:00:00,0.0,0.9343824407170745
8785,2019-10-02 01:00:00,0.0,0.6160346962829251
8786,2019-10-02 02:00:00,0.0,0.46638327141785973
8787,2019-10-02 03:00:00,0.0,0.5527013030957068
8788,2019-10-02 04:00:00,0.0,0.5883657959476732
8789,2019-10-02 05:00:00,0.0,0.8749667722984086
8790,2019-10-02 06:00:00,0.0,0.4345034824284184
8791,2019-10-02 07:00:00,0.0,0.22366126746491144
8792,2019-10-02 08:00:00,0.0,0.17108173299720475
8793,2019-10-02 09:00:00,0.0,0.3175413427733288
8794,2019-10-02 10:00:00,0.0,0.3049027252923575
8795,2019-10-02 11:00:00,0.0,0.6249615777544928
8796,2019-10-02 12:00:00,0.0,0.9874329687648252
8797,2019-10-02 13:00:00,0.0,0.6444954600518521
8798,2019-10-02 14:00:00,0.0,0.9425082285089015
8799,2019-10-02 15:00:00,0.0,0.33411832368179706
8800,2019-10-02 16:00:00,0.0,0.9868627534099197
8801,2019-10-02 17:00:00,0.0,0.04863732299493617
8802,2019-10-02 18:00:00,0.0,0.35798031071114744
8803,2019-10-02 19:00:00,0.0,0.743537765626755
8804,2019-10-02 20:00:00,0.0,0.5273667139818853
8805,2019-10-02 21:00:00,0.0,0.003825054002063788
8806,2019-10-02 22:00:00,0.0,0.3705324018107857
8807,2019-10-02 23:00:00,0.0,0.5661604230939716
8808,2019-10-03 00:00:00,0.0,0.4578603698196705
8809,2019-10-03 01:00:00,0.0,0.35159012425636427
8810,2019-10-03 02:00:00,0.0,0.394892537375385
8811,2019-10-03 03:00:00,0.0,0.26937106961469304
8812,2019-10-03 04:00:00,0.0,0.07776800451301147
8813,2019-10-03 05:00:00,0.0,0.8844831726801828
8814,2019-10-03 06:00:00,0.0,0.073465318356988
8815,2019-10-03 07:00:00,0.0,0.9698645285482446
8816,2019-10-03 08:00:00,0.0,0.26276818145786596
8817,2019-10-03 09:00:00,0.0,0.29658924612884174
8818,2019-10-03 10:00:00,0.0,0.6310911616064885
8819,2019-10-03 11:00:00,0.0,0.04429947449810967
8820,2019-10-03 12:00:00,0.0,0.2043749040529964
8821,2019-10-03 13:00:00,0.0,0.9272888797939149
8822,2019-10-03 14:00:00,0.0,0.7773819704832899
8823,2019-10-03 15:00:00,0.0,0.11971816057949847
8824,2019-10-03 16:00:00,0.0,0.11420144212815309
8825,2019-10-03 17:00:00,0.0,0.40188314769386047
8826,2019-10-03 18:00:00,0.0,0.9497789874495182
8827,2019-10-03 19:00:00,0.0,0.5201237559340854
8828,2019-10-03 20:00:00,0.0,0.7733548557091984
8829,2019-10-03 21:00:00,0.0,0.7135666015500104
8830,2019-10-03 22:00:00,0.0,0.17312265779114056
8831,2019-10-03 23:00:00,0.0,0.5493390899202371
8832,2019-10-04 00:00:00,0.0,0.9425221463584046
8833,2019-10-04 01:00:00,0.0,0.38932441507412685
8834,2019-10-04 02:00:00,0.0,0.5487678276958078
8835,2019-10-04 03:00:00,0.0,0.74054451811655
8836,2019-10-04 04:00:00,0.0,0.9556500802848598
8837,2019-10-04 05:00:00,0.0,0.8863397621519656
8838,2019-10-04 06:00:00,0.0,0.5821913669286215
8839,2019-10-04 07:00:00,0.0,0.11741964479417355
8840,2019-10-04 08:00:00,0.0,0.7786171240870153
8841,2019-10-04 09:00:00,0.0,0.621049738660452
8842,2019-10-04 10:00:00,0.0,0.1744898892388672
8843,2019-10-04 11:00:00,0.0,0.2460475883557488
8844,2019-10-04 12:00:00,0.000870555,0.7709187025035388
8845,2019-10-04 13:00:00,0.009225199,0.8913356958967674
8846,2019-10-04 14:00:00,0.001228538,0.881545000813169
8847,2019-10-04 15:00:00,0.003819678,0.5040665368104867
8848,2019-10-04 16:00:00,0.003562127,0.45028946618326593
8849,2019-10-04 17:00:00,0.003180723,0.7324447023026535
8850,2019-10-04 18:00:00,0.003236413,0.7077536082124554
8851,2019-10-04 19:00:00,0.002870615,0.8466416293268156
8852,2019-10-04 20:00:00,0.001597134,0.47846077252537256
8853,2019-10-04 21:00:00,0.000821353,0.6187126480813083
8854,2019-10-04 22:00:00,0.00033894,0.7761676250929964
8855,2019-10-04 23:00:00,0.000137492,0.17929356368473914
8856,2019-10-05 00:00:00,0.00045962,0.3087513901960858
8857,2019-10-05 01:00:00,0.000827835,0.06540532682289546
8858,2019-10-05 02:00:00,0.003062024,0.562752022115946
8859,2019-10-05 03:00:00,0.003050565,0.5859729874135735
8860,2019-10-05 04:00:00,0.004320662,0.1665819245006438
8861,2019-10-05 05:00:00,0.003959371,0.5459844371505682
8862,2019-10-05 06:00:00,0.005134724,0.344883805661064
8863,2019-10-05 07:00:00,0.005774669,0.904458466274294
8864,2019-10-05 08:00:00,0.006367979,0.9987246141153734
8865,2019-10-05 09:00:00,0.009535707,0.4009017688838905
8866,2019-10-05 10:00:00,0.008747597,0.3611830776418691
8867,2019-10-05 11:00:00,0.008020085,0.5233409786463552
8868,2019-10-05 12:00:00,0.007517781,0.6349081627928026
8869,2019-10-05 13:00:00,0.007753748,0.8533518717770874
8870,2019-10-05 14:00:00,0.009134535,0.8587348490709047
8871,2019-10-05 15:00:00,0.008645636,0.8698561225578528
8872,2019-10-05 16:00:00,0.016158573,0.33929212483709503
8873,2019-10-05 17:00:00,0.016690411,0.5444038567218299
8874,2019-10-05 18:00:00,0.016275438,0.9151854640461332
8875,2019-10-05 19:00:00,0.014272318,0.9362956639417886
8876,2019-10-05 20:00:00,0.010241319,0.3303313758471943
8877,2019-10-05 21:00:00,0.006428399,0.9225389706462878
8878,2019-10-05 22:00:00,0.003454387,0.6068122486855663
8879,2019-10-05 23:00:00,0.000885268,0.4213165320640433
8880,2019-10-06 00:00:00,0.000430179,0.6973273110934894
8881,2019-10-06 01:00:00,0.000258825,0.22177921698259007
8882,2019-10-06 02:00:00,0.000264624,0.7900524578957308
8883,2019-10-06 03:00:00,0.000310831,0.21081637046195534
8884,2019-10-06 04:00:00,0.000252277,0.029876976060968508
8885,2019-10-06 05:00:00,0.000196064,0.14980180652635988
8886,2019-10-06 06:00:00,0.000194027,0.7016628607712818
8887,2019-10-06 07:00:00,0.000132781,0.4461010457941602
8888,2019-10-06 08:00:00,0.000146206,0.7027763291121074
8889,2019-10-06 09:00:00,4.047e-05,0.08554365374179407
8890,2019-10-06 10:00:00,4.4849e-05,0.5139086213816438
8891,2019-10-06 11:00:00,7.0206e-05,0.5175935044987312
8892,2019-10-06 12:00:00,3.9606e-05,0.6337304902001921
8893,2019-10-06 13:00:00,4.2701e-05,0.6798281825423612
8894,2019-10-06 14:00:00,4.7822e-05,0.2444378871089482
8895,2019-10-06 15:00:00,4.9965e-05,0.08256796761939833
8896,2019-10-06 16:00:00,0.000126429,0.004300828916721122
8897,2019-10-06 17:00:00,0.000179513,0.9267249089991455
8898,2019-10-06 18:00:00,0.000176919,0.02549539630699038
8899,2019-10-06 19:00:00,0.000141665,0.6727411310274343
8900,2019-10-06 20:00:00,0.000106978,0.8773736690437425
8901,2019-10-06 21:00:00,6.856e-05,0.9937384508730988
8902,2019-10-06 22:00:00,4.5137e-05,0.04380895155175435
8903,2019-10-06 23:00:00,3.571e-06,0.3547929512782285
8904,2019-10-07 00:00:00,0.0,0.2485077545682789
8905,2019-10-07 01:00:00,2.937e-06,0.20393613223355567
8906,2019-10-07 02:00:00,2.363e-06,0.9309430005349905
8907,2019-10-07 03:00:00,0.0,0.17271021860914848
8908,2019-10-07 04:00:00,0.0,0.23371009087390804
8909,2019-10-07 05:00:00,0.0,0.45242331720467077
8910,2019-10-07 06:00:00,0.0,0.7186707350461106
8911,2019-10-07 07:00:00,0.0,0.946691576654335
8912,2019-10-07 08:00:00,0.0,0.059399850980339064
8913,2019-10-07 09:00:00,0.0,0.22717486041655643
8914,2019-10-07 10:00:00,0.0,0.5456073946056895
8915,2019-10-07 11:00:00,0.0,0.9959920571534996
8916,2019-10-07 12:00:00,0.0,0.2969262951278744
8917,2019-10-07 13:00:00,0.0,0.48258616949528377
8918,2019-10-07 14:00:00,0.0,0.9900782603008561
8919,2019-10-07 15:00:00,0.0,0.9084078881531802
8920,2019-10-07 16:00:00,0.0,0.1749678296522511
8921,2019-10-07 17:00:00,0.0,0.1784081061457563
8922,2019-10-07 18:00:00,0.0,0.10043011721335604
8923,2019-10-07 19:00:00,0.0,0.011863744304194457
8924,2019-10-07 20:00:00,0.0,0.4819834032569359
8925,2019-10-07 21:00:00,0.0,0.5708504184866706
8926,2019-10-07 22:00:00,0.0,0.01269824863636071
8927,2019-10-07 23:00:00,0.0,0.9538413943917362
8928,2019-10-08 00:00:00,0.0,0.27548706026716463
8929,2019-10-08 01:00:00,0.0,0.9723302508508406
8930,2019-10-08 02:00:00,0.0,0.3312207701547376
8931,2019-10-08 03:00:00,0.0,0.1137627138882672
8932,2019-10-08 04:00:00,0.0,0.20470888760035666
8933,2019-10-08 05:00:00,0.0,0.4814018632451924
8934,2019-10-08 06:00:00,0.0,0.5176883524887086
8935,2019-10-08 07:00:00,0.0,0.22976911863052296
8936,2019-10-08 08:00:00,0.0,0.5968321447937754
8937,2019-10-08 09:00:00,0.0,0.9450090700539622
8938,2019-10-08 10:00:00,0.0,0.12771063214253509
8939,2019-10-08 11:00:00,0.0,0.3459512529511426
8940,2019-10-08 12:00:00,0.0,0.35626402719719585
8941,2019-10-08 13:00:00,0.0,0.16182597980727342
8942,2019-10-08 14:00:00,0.0,0.25443020406901207
8943,2019-10-08 15:00:00,0.0,0.49648882083438384
8944,2019-10-08 16:00:00,0.0,0.898137844504246
8945,2019-10-08 17:00:00,0.0,0.6592931163450215
8946,2019-10-08 18:00:00,0.0,0.570339179814661
8947,2019-10-08 19:00:00,0.0,0.14850481209241106
8948,2019-10-08 20:00:00,0.0,0.9134240166789396
8949,2019-10-08 21:00:00,0.0,0.4313563533161031
8950,2019-10-08 22:00:00,0.0,0.07229805542078582
8951,2019-10-08 23:00:00,0.0,0.02945974231545334
8952,2019-10-09 00:00:00,0.0,0.412204336103824
8953,2019-10-09 01:00:00,0.0,0.46068651520535364
8954,2019-10-09 02:00:00,0.0,0.49002895359835785
8955,2019-10-09 03:00:00,0.0,0.06557520182693566
8956,2019-10-09 04:00:00,0.0,0.1074000779416997
8957,2019-10-09 05:00:00,0.0,0.6703001543062809
8958,2019-10-09 06:00:00,0.0,0.8552001242517955
8959,2019-10-09 07:00:00,0.0,0.7825308248977737
8960,2019-10-09 08:00:00,0.0,0.23591751308609654
8961,2019-10-09 09:00:00,0.0,0.9439235511604671
8962,2019-10-09 10:00:00,0.0,0.9144897998904534
8963,2019-10-09 11:00:00,0.0,0.9035980673059358
8964,2019-10-09 12:00:00,0.0,0.8500003246507583
8965,2019-10-09 13:00:00,0.0,0.5557453407827385
8966,2019-10-09 14:00:00,0.0,0.7163006014292292
8967,2019-10-09 15:00:00,0.0,0.9010348249114194
8968,2019-10-09 16:00:00,0.0,0.7068265029236485
8969,2019-10-09 17:00:00,0.0,0.5821335884137472
8970,2019-10-09 18:00:00,0.0,0.05194119320182733
8971,2019-10-09 19:00:00,0.0,0.9477136260015511
8972,2019-10-09 20:00:00,0.0,0.19274667490693265
8973,2019-10-09 21:00:00,0.0,0.039747278597268676
8974,2019-10-09 22:00:00,0.0,0.09959078188291204
8975,2019-10-09 23:00:00,0.0,0.2778045586344776
8976,2019-10-10 00:00:00,0.0,0.08644664588413431
8977,2019-10-10 01:00:00,0.0,0.5637447590334242
8978,2019-10-10 02:00:00,0.0,0.8046512172261702
8979,2019-10-10 03:00:00,0.0,0.16295041943931543
8980,2019-10-10 04:00:00,0.0,0.7755203637874272
8981,2019-10-10 05:00:00,0.0,0.7998062371318666
8982,2019-10-10 06:00:00,0.0,0.0041937557290862015
8983,2019-10-10 07:00:00,0.0,0.026783592418280766
8984,2019-10-10 08:00:00,0.0,0.1714980604105627
8985,2019-10-10 09:00:00,0.0,0.44259186451787047
8986,2019-10-10 10:00:00,0.0,0.14285133998785715
8987,2019-10-10 11:00:00,0.0,0.24293859774788762
8988,2019-10-10 12:00:00,0.0,0.25798170355770933
8989,2019-10-10 13:00:00,0.0,0.8694759880800274
8990,2019-10-10 14:00:00,0.0,0.52675005786514
8991,2019-10-10 15:00:00,0.0,0.5142531578274442
8992,2019-10-10 16:00:00,0.0,0.15744287263214563
8993,2019-10-10 17:00:00,0.0,0.8943778878303765
8994,2019-10-10 18:00:00,0.0,0.03896037622320969
8995,2019-10-10 19:00:00,0.0,0.15967360623379778
8996,2019-10-10 20:00:00,0.0,0.849780024540146
8997,2019-10-10 21:00:00,0.0,0.5647645549986128
8998,2019-10-10 22:00:00,0.0,0.7138088398522244
8999,2019-10-10 23:00:00,0.0,0.21639572662296624
9000,2019-10-11 00:00:00,0.0,0.4064544047620785
9001,2019-10-11 01:00:00,0.0,0.3373947738224575
9002,2019-10-11 02:00:00,0.0,0.9108297335453044
9003,2019-10-11 03:00:00,0.0,0.6466507466674126
9004,2019-10-11 04:00:00,0.0,0.47004449044076024
9005,2019-10-11 05:00:00,0.0,0.04101671172442134
9006,2019-10-11 06:00:00,0.0,0.2161899953292884
9007,2019-10-11 07:00:00,0.0,0.4365522745874374
9008,2019-10-11 08:00:00,0.0,0.7494462057622041
9009,2019-10-11 09:00:00,0.0,0.8636670209172779
9010,2019-10-11 10:00:00,0.0,0.9098339413727659
9011,2019-10-11 11:00:00,0.0,0.43785343923660136
9012,2019-10-11 12:00:00,0.0,0.7776696008565358
9013,2019-10-11 13:00:00,0.0,0.5631312151985511
9014,2019-10-11 14:00:00,0.0,0.10037129765058417
9015,2019-10-11 15:00:00,0.0,0.502771414116831
9016,2019-10-11 16:00:00,0.0,0.8090125760608156
9017,2019-10-11 17:00:00,0.0,0.12063710707816033
9018,2019-10-11 18:00:00,0.0,0.10975171065264089
9019,2019-10-11 19:00:00,0.0,0.44467026397744636
9020,2019-10-11 20:00:00,0.0,0.8767397547759306
9021,2019-10-11 21:00:00,0.0,0.30751127123263133
9022,2019-10-11 22:00:00,0.0,0.8579704239414353
9023,2019-10-11 23:00:00,0.0,0.5899451508855255
9024,2019-10-12 00:00:00,0.0,0.2752148741868947
9025,2019-10-12 01:00:00,0.0,0.08964342306613615
9026,2019-10-12 02:00:00,0.0,0.4414816622487583
9027,2019-10-12 03:00:00,0.0,0.004949278388225453
9028,2019-10-12 04:00:00,0.0,0.8089251407898878
9029,2019-10-12 05:00:00,0.0,0.8484412247149978
9030,2019-10-12 06:00:00,0.0,0.9811995227547086
9031,2019-10-12 07:00:00,0.0,0.5781216742044083
9032,2019-10-12 08:00:00,0.0,0.968179082420627
9033,2019-10-12 09:00:00,0.0,0.44896213869587487
9034,2019-10-12 10:00:00,0.0,0.31822660523981994
9035,2019-10-12 11:00:00,0.0,0.1270787788231842
9036,2019-10-12 12:00:00,0.0,0.7302200220722581
9037,2019-10-12 13:00:00,0.0,0.8407376630581916
9038,2019-10-12 14:00:00,0.0,0.3996312120463408
9039,2019-10-12 15:00:00,0.0,0.08193864398555173
9040,2019-10-12 16:00:00,0.0,0.05459064412698622
9041,2019-10-12 17:00:00,0.0,0.7886130621169969
9042,2019-10-12 18:00:00,0.0,0.03301266804033909
9043,2019-10-12 19:00:00,0.0,0.6021062754889713
9044,2019-10-12 20:00:00,0.0,0.9131659595703889
9045,2019-10-12 21:00:00,0.0,0.9562966232174869
9046,2019-10-12 22:00:00,0.0,0.9979837768319962
9047,2019-10-12 23:00:00,0.0,0.363456262543269
9048,2019-10-13 00:00:00,0.0,0.5614053970313403
9049,2019-10-13 01:00:00,0.0,0.9105875265210268
9050,2019-10-13 02:00:00,0.0,0.13398271295399955
9051,2019-10-13 03:00:00,0.0,0.9585223314302724
9052,2019-10-13 04:00:00,0.0,0.09681034845463488
9053,2019-10-13 05:00:00,0.0,0.754933935378584
9054,2019-10-13 06:00:00,0.0,0.20198666985517955
9055,2019-10-13 07:00:00,0.0,0.32700964003641586
9056,2019-10-13 08:00:00,0.0,0.3725380673215307
9057,2019-10-13 09:00:00,0.0,0.4032339149405385
9058,2019-10-13 10:00:00,0.0,0.17757390504843762
9059,2019-10-13 11:00:00,0.0,0.980147162425497
9060,2019-10-13 12:00:00,0.0,0.2611109576091448
9061,2019-10-13 13:00:00,0.0,0.6482684890564729
9062,2019-10-13 14:00:00,0.0,0.3196975694465597
9063,2019-10-13 15:00:00,0.0,0.04260761079773734
9064,2019-10-13 16:00:00,0.0,0.41834471682937246
9065,2019-10-13 17:00:00,0.0,0.987062773786625
9066,2019-10-13 18:00:00,0.0,0.8084547309556374
9067,2019-10-13 19:00:00,0.0,0.2324056092098492
9068,2019-10-13 20:00:00,0.0,0.1893336301843328
9069,2019-10-13 21:00:00,0.0,0.017574756120571244
9070,2019-10-13 22:00:00,0.0,0.9748935558173955
9071,2019-10-13 23:00:00,0.0,0.33571425440822056
9072,2019-10-14 00:00:00,0.0,0.12747579215536164
9073,2019-10-14 01:00:00,0.0,0.3736180034677796
9074,2019-10-14 02:00:00,0.0,0.3779557198713318
9075,2019-10-14 03:00:00,0.0,0.12424369785421074
9076,2019-10-14 04:00:00,0.0,0.9794207011801898
9077,2019-10-14 05:00:00,0.0,0.12612055100189878
9078,2019-10-14 06:00:00,0.0,0.09178121420953078
9079,2019-10-14 07:00:00,0.0,0.5463214386960209
9080,2019-10-14 08:00:00,0.0,0.694041440552709
9081,2019-10-14 09:00:00,0.0,0.5498047232287991
9082,2019-10-14 10:00:00,0.0,0.30560666590758945
9083,2019-10-14 11:00:00,0.0,0.31826447811572434
9084,2019-10-14 12:00:00,0.0,0.3927398982744904
9085,2019-10-14 13:00:00,0.0,0.4355486280354235
9086,2019-10-14 14:00:00,0.0,0.9271384501224005
9087,2019-10-14 15:00:00,0.0,0.4248650991120314
9088,2019-10-14 16:00:00,0.0,0.5411123908507605
9089,2019-10-14 17:00:00,0.0,0.19832367115475247
9090,2019-10-14 18:00:00,0.0,0.10246197041831606
9091,2019-10-14 19:00:00,0.0,0.8722074114371541
9092,2019-10-14 20:00:00,0.0,0.355697043814305
9093,2019-10-14 21:00:00,0.0,0.3440415220059919
9094,2019-10-14 22:00:00,0.0,0.8200989233117826
9095,2019-10-14 23:00:00,0.0,0.6944534371741902
9096,2019-10-15 00:00:00,0.0,0.7225004243249038
9097,2019-10-15 01:00:00,0.0,0.22445335241133246
9098,2019-10-15 02:00:00,0.0,0.8333537406755627
9099,2019-10-15 03:00:00,0.0,0.6779975323280257
9100,2019-10-15 04:00:00,0.0,0.2606832213617263
9101,2019-10-15 05:00:00,0.0,0.6087536501130112
9102,2019-10-15 06:00:00,0.0,0.44269332562847497
9103,2019-10-15 07:00:00,0.0,0.09949907835350891
9104,2019-10-15 08:00:00,0.0,0.8344517956189209
9105,2019-10-15 09:00:00,0.0,0.1913518465905395
9106,2019-10-15 10:00:00,0.0,0.20641835204064796
9107,2019-10-15 11:00:00,0.0,0.42721793854661994
9108,2019-10-15 12:00:00,0.0,0.8609152642919016
9109,2019-10-15 13:00:00,0.0,0.9271008239728846
9110,2019-10-15 14:00:00,0.0,0.32395793741759427
9111,2019-10-15 15:00:00,0.0,0.9221340021048583
9112,2019-10-15 16:00:00,0.0,0.8936119489921398
9113,2019-10-15 17:00:00,0.0,0.03002791648518288
9114,2019-10-15 18:00:00,0.0,0.8058760281196228
9115,2019-10-15 19:00:00,0.0,0.4534825698038677
9116,2019-10-15 20:00:00,0.0,0.49526405514168836
9117,2019-10-15 21:00:00,0.0,0.05737699574181199
9118,2019-10-15 22:00:00,0.0,0.8159944913989793
9119,2019-10-15 23:00:00,0.0,0.1805459520269791
9120,2019-10-16 00:00:00,0.0,0.3691017733593145
9121,2019-10-16 01:00:00,0.0,0.9992183949578443
9122,2019-10-16 02:00:00,0.0,0.34590188683055234
9123,2019-10-16 03:00:00,0.0,0.7832730879803663
9124,2019-10-16 04:00:00,0.0,0.9044772147174438
9125,2019-10-16 05:00:00,0.0,0.196779101958365
9126,2019-10-16 06:00:00,0.0,0.9231315467616292
9127,2019-10-16 07:00:00,0.0,0.17150779109093328
9128,2019-10-16 08:00:00,0.0,0.42785666327908256
9129,2019-10-16 09:00:00,0.0,0.9706829579272414
9130,2019-10-16 10:00:00,0.0,0.6686589371563574
9131,2019-10-16 11:00:00,0.0,0.934614524862067
9132,2019-10-16 12:00:00,0.0,0.2212229136391216
9133,2019-10-16 13:00:00,0.0,0.4814334338218088
9134,2019-10-16 14:00:00,0.0,0.20445421667399932
9135,2019-10-16 15:00:00,0.0,0.865151557350896
9136,2019-10-16 16:00:00,0.0,0.8944624316400391
9137,2019-10-16 17:00:00,0.0,0.5396546331972333
9138,2019-10-16 18:00:00,0.0,0.8798409125737506
9139,2019-10-16 19:00:00,0.0,0.8088858224302324
9140,2019-10-16 20:00:00,0.0,0.5489038345738506
9141,2019-10-16 21:00:00,0.0,0.577510593285071
9142,2019-10-16 22:00:00,0.0,0.6337186434764508
9143,2019-10-16 23:00:00,0.0,0.9300608045127746
9144,2019-10-17 00:00:00,0.0,0.656141897110751
9145,2019-10-17 01:00:00,0.0,0.62044545658634
9146,2019-10-17 02:00:00,0.0,0.19093980500223184
9147,2019-10-17 03:00:00,0.0,0.15272149726262996
9148,2019-10-17 04:00:00,0.0,0.8588369012177334
9149,2019-10-17 05:00:00,0.0,0.8642503860512745
9150,2019-10-17 06:00:00,0.0,0.5835123245470196
9151,2019-10-17 07:00:00,0.0,0.0031666776962624432
9152,2019-10-17 08:00:00,0.0,0.03656111270658857
9153,2019-10-17 09:00:00,0.0,0.5449814238485916
9154,2019-10-17 10:00:00,0.0,0.5114794101380071
9155,2019-10-17 11:00:00,0.0,0.2860315216027819
9156,2019-10-17 12:00:00,0.0,0.823382573705663
9157,2019-10-17 13:00:00,0.0,0.5591726424691741
9158,2019-10-17 14:00:00,0.0,0.8336955668319059
9159,2019-10-17 15:00:00,0.0,0.7094328249883938
9160,2019-10-17 16:00:00,0.0,0.13934294077228426
9161,2019-10-17 17:00:00,0.0,0.45123171069711754
9162,2019-10-17 18:00:00,0.0,0.876061112718957
9163,2019-10-17 19:00:00,0.0,0.9844806543888893
9164,2019-10-17 20:00:00,0.0,0.29168976855711404
9165,2019-10-17 21:00:00,0.0,0.027591810386325077
9166,2019-10-17 22:00:00,0.0,0.20148051552859025
9167,2019-10-17 23:00:00,0.0,0.4650147993637347
9168,2019-10-18 00:00:00,0.0,0.8267981032679054
9169,2019-10-18 01:00:00,0.0,0.9502635645532346
9170,2019-10-18 02:00:00,0.0,0.6509531070488037
9171,2019-10-18 03:00:00,0.0,0.5065170753492908
9172,2019-10-18 04:00:00,0.0,0.09063808669302575
9173,2019-10-18 05:00:00,0.0,0.8940016751998
9174,2019-10-18 06:00:00,0.0,0.9980072790247682
9175,2019-10-18 07:00:00,0.0,0.1843581417013075
9176,2019-10-18 08:00:00,0.0,0.37632721013288517
9177,2019-10-18 09:00:00,0.0,0.38416142206121706
9178,2019-10-18 10:00:00,0.0,0.18857555038326557
9179,2019-10-18 11:00:00,0.0,0.8938323742059994
9180,2019-10-18 12:00:00,0.0,0.19741341569937887
9181,2019-10-18 13:00:00,0.088412233,0.08353930427119871
9182,2019-10-18 14:00:00,0.152315602,0.7952370238487851
9183,2019-10-18 15:00:00,0.148671523,0.052792669825025396
9184,2019-10-18 16:00:00,0.200691506,0.3006984719536525
9185,2019-10-18 17:00:00,0.233030468,0.9866583654606645
9186,2019-10-18 18:00:00,0.278859049,0.4097247585782975
9187,2019-10-18 19:00:00,0.496050894,0.9493759103233662
9188,2019-10-18 20:00:00,0.570854902,0.17105950640717094
9189,2019-10-18 21:00:00,0.615927637,0.19872429568812267
9190,2019-10-18 22:00:00,0.620298326,0.7016782727763476
9191,2019-10-18 23:00:00,0.613642693,0.0175006038767751
9192,2019-10-19 00:00:00,0.603269219,0.5282456539772895
9193,2019-10-19 01:00:00,0.595793843,0.6390590102062339
9194,2019-10-19 02:00:00,0.585051894,0.909028490475388
9195,2019-10-19 03:00:00,0.57221657,0.4391958489158386
9196,2019-10-19 04:00:00,0.559866846,0.8079366529995707
9197,2019-10-19 05:00:00,0.542986214,0.09140768310213865
9198,2019-10-19 06:00:00,0.524317026,0.6711596549638917
9199,2019-10-19 07:00:00,0.510105968,0.45040008569938905
9200,2019-10-19 08:00:00,0.499542803,0.6380895048475563
9201,2019-10-19 09:00:00,0.489976585,0.898934119152054
9202,2019-10-19 10:00:00,0.480874389,0.9631497084775025
9203,2019-10-19 11:00:00,0.473380506,0.8811647423800143
9204,2019-10-19 12:00:00,0.466960043,0.7928278313302266
9205,2019-10-19 13:00:00,0.461821586,0.05147963539610867
9206,2019-10-19 14:00:00,0.458964825,0.6475790879986616
9207,2019-10-19 15:00:00,0.44567734,0.8893035683269837
9208,2019-10-19 16:00:00,0.428600252,0.6789608879506049
9209,2019-10-19 17:00:00,0.415345371,0.8284113153808204
9210,2019-10-19 18:00:00,0.400922,0.8156803081586342
9211,2019-10-19 19:00:00,0.368841052,0.3639114693163684
9212,2019-10-19 20:00:00,0.117627643,0.5627607676370554
9213,2019-10-19 21:00:00,0.00891746,0.5821878639266843
9214,2019-10-19 22:00:00,0.004831975,0.0034017077056415213
9215,2019-10-19 23:00:00,0.005268395,0.6460815811773247
9216,2019-10-20 00:00:00,0.004624781,0.49689076084975625
9217,2019-10-20 01:00:00,0.004425046,0.9397042605749554
9218,2019-10-20 02:00:00,0.003857034,0.7092710517294389
9219,2019-10-20 03:00:00,0.002844831,0.7561406226069238
9220,2019-10-20 04:00:00,0.001773224,0.4541823708638447
9221,2019-10-20 05:00:00,0.00061086,0.9162800308861255
9222,2019-10-20 06:00:00,0.000195333,0.903976735434636
9223,2019-10-20 07:00:00,0.000196966,0.4862604886855304
9224,2019-10-20 08:00:00,0.000190752,0.1560170791513491
9225,2019-10-20 09:00:00,0.000128703,0.8708882458323893
9226,2019-10-20 10:00:00,0.491542399,0.6245449706919686
9227,2019-10-20 11:00:00,1.101760983,0.5206467140136612
9228,2019-10-20 12:00:00,1.656096697,0.15225125441416387
9229,2019-10-20 13:00:00,1.746682882,0.32012062714464773
9230,2019-10-20 14:00:00,1.825958014,0.0692716836180689
9231,2019-10-20 15:00:00,1.880083442,0.7945911894463075
9232,2019-10-20 16:00:00,1.912934065,0.5789990764527178
9233,2019-10-20 17:00:00,1.932374001,0.010324953448067165
9234,2019-10-20 18:00:00,1.939131379,0.5299372472698912
9235,2019-10-20 19:00:00,1.944777846,0.24558253913403916
9236,2019-10-20 20:00:00,1.944019198,0.8602477045733316
9237,2019-10-20 21:00:00,1.949641705,0.0051997448845627625
9238,2019-10-20 22:00:00,1.950738192,0.706301615642551
9239,2019-10-20 23:00:00,1.958767056,0.14615859526446107
9240,2019-10-21 00:00:00,1.967348337,0.6393806016598593
9241,2019-10-21 01:00:00,1.983991861,0.7888583794489298
9242,2019-10-21 02:00:00,2.00012207,0.538738627683041
9243,2019-10-21 03:00:00,2.016664028,0.8310031440041591
9244,2019-10-21 04:00:00,2.030442715,0.7266120661423774
9245,2019-10-21 05:00:00,2.043686867,0.041547430365370897
9246,2019-10-21 06:00:00,2.057328224,0.5587768151444722
9247,2019-10-21 07:00:00,2.072771549,0.17119344690392058
9248,2019-10-21 08:00:00,2.0864079,0.499862724110147
9249,2019-10-21 09:00:00,2.099942446,0.6003784416822912
9250,2019-10-21 10:00:00,2.112925053,0.5433976402077829
9251,2019-10-21 11:00:00,2.125030994,0.032562373379333986
9252,2019-10-21 12:00:00,2.13305521,0.49358312442724617
9253,2019-10-21 13:00:00,2.142889738,0.8579722883151769
9254,2019-10-21 14:00:00,2.15002656,0.7831982426463104
9255,2019-10-21 15:00:00,2.148964167,0.8549666674060561
9256,2019-10-21 16:00:00,2.144243479,0.10709236655367449
9257,2019-10-21 17:00:00,2.133683681,0.9222295933293153
9258,2019-10-21 18:00:00,2.112621069,0.8500253524074012
9259,2019-10-21 19:00:00,2.090746641,0.44859138792760656
9260,2019-10-21 20:00:00,2.070003748,0.3744695500765881
9261,2019-10-21 21:00:00,2.053457499,0.9433316107088917
9262,2019-10-21 22:00:00,2.0437572,0.20868005510229182
9263,2019-10-21 23:00:00,2.03848362,0.5934212617554094
9264,2019-10-22 00:00:00,2.034801245,0.4703126949334058
9265,2019-10-22 01:00:00,2.042481184,0.878390534081822
9266,2019-10-22 02:00:00,2.053136349,0.47388403861309536
9267,2019-10-22 03:00:00,2.063962698,0.7012884893725613
9268,2019-10-22 04:00:00,2.074011087,0.3007011793065688
9269,2019-10-22 05:00:00,2.082605124,0.920624758665967
9270,2019-10-22 06:00:00,2.089900732,0.060522455810747666
9271,2019-10-22 07:00:00,2.095413446,0.18017006550117187
9272,2019-10-22 08:00:00,2.104341269,0.9759252293513732
9273,2019-10-22 09:00:00,2.112443209,0.24453603350319586
9274,2019-10-22 10:00:00,2.120036602,0.06498114515615372
9275,2019-10-22 11:00:00,2.129833221,0.16845161231312822
9276,2019-10-22 12:00:00,2.139713764,0.45591123614288576
9277,2019-10-22 13:00:00,2.148312092,0.9730682273008568
9278,2019-10-22 14:00:00,2.139779568,0.05231310781828391
9279,2019-10-22 15:00:00,2.118954659,0.5678923730281692
9280,2019-10-22 16:00:00,2.103684187,0.31293545128678846
9281,2019-10-22 17:00:00,2.084652185,0.9289631956413145
9282,2019-10-22 18:00:00,2.066504955,0.5935114229206606
9283,2019-10-22 19:00:00,1.927440643,0.4253822144033602
9284,2019-10-22 20:00:00,1.642337203,0.9852275187817834
9285,2019-10-22 21:00:00,1.540458679,0.604802222280742
9286,2019-10-22 22:00:00,1.503643513,0.9837816120400791
9287,2019-10-22 23:00:00,1.481184483,0.23630559210918245
9288,2019-10-23 00:00:00,1.468891859,0.3987197377436751
9289,2019-10-23 01:00:00,1.464938521,0.8624614132217138
9290,2019-10-23 02:00:00,1.463258624,0.41063457945041093
9291,2019-10-23 03:00:00,1.465018392,0.47060025653393067
9292,2019-10-23 04:00:00,1.468386889,0.7866267541634006
9293,2019-10-23 05:00:00,1.472036958,0.8197428762599023
9294,2019-10-23 06:00:00,1.47712326,0.23794192903685718
9295,2019-10-23 07:00:00,1.484222174,0.9599103218144923
9296,2019-10-23 08:00:00,1.491234541,0.7527716311454078
9297,2019-10-23 09:00:00,1.497939706,0.786549716167482
9298,2019-10-23 10:00:00,1.503474593,0.5171664876371737
9299,2019-10-23 11:00:00,1.50768888,0.2734387760332476
9300,2019-10-23 12:00:00,1.511266232,0.29056647379353184
9301,2019-10-23 13:00:00,1.514658928,0.1606083331591881
9302,2019-10-23 14:00:00,1.516555309,0.614243682952456
9303,2019-10-23 15:00:00,1.512335658,0.5277002575345089
9304,2019-10-23 16:00:00,1.503987551,0.559175309106401
9305,2019-10-23 17:00:00,1.488093615,0.8903237998589101
9306,2019-10-23 18:00:00,1.456330061,0.8642437764228275
9307,2019-10-23 19:00:00,1.420807838,0.5200968557741406
9308,2019-10-23 20:00:00,1.366988301,0.6377465951023683
9309,2019-10-23 21:00:00,1.31378746,0.5439474805072111
9310,2019-10-23 22:00:00,1.273466229,0.5398799976742892
9311,2019-10-23 23:00:00,1.251258373,0.8611899682019573
9312,2019-10-24 00:00:00,1.226063371,0.14832492813320908
9313,2019-10-24 01:00:00,1.198389649,0.5549583787680645
9314,2019-10-24 02:00:00,1.178210735,0.7756568833880431
9315,2019-10-24 03:00:00,1.153501391,0.8891020580670065
9316,2019-10-24 04:00:00,1.130870223,0.5369831805496892
9317,2019-10-24 05:00:00,1.124133587,0.5080656609623848
9318,2019-10-24 06:00:00,1.120287776,0.0021538980209736547
9319,2019-10-24 07:00:00,1.636535883,0.8356980231481949
9320,2019-10-24 08:00:00,1.640522361,0.42173329009272287
9321,2019-10-24 09:00:00,1.65449357,0.10215586751857897
9322,2019-10-24 10:00:00,1.669528127,0.6021702053832393
9323,2019-10-24 11:00:00,1.690467715,0.8957298009215412
9324,2019-10-24 12:00:00,1.70017612,0.30793203183430984
9325,2019-10-24 13:00:00,1.710909486,0.9081125953979343
9326,2019-10-24 14:00:00,1.718072653,0.8567956611902525
9327,2019-10-24 15:00:00,1.720258355,0.37532497286282074
9328,2019-10-24 16:00:00,1.711205721,0.27515000158891434
9329,2019-10-24 17:00:00,1.696329117,0.09932730978789794
9330,2019-10-24 18:00:00,1.679501295,0.30497550715152677
9331,2019-10-24 19:00:00,1.660176277,0.0567842191570922
9332,2019-10-24 20:00:00,1.638204217,0.2947454132869135
9333,2019-10-24 21:00:00,1.619843841,0.23209488735368944
9334,2019-10-24 22:00:00,1.603427768,0.005285838461900894
9335,2019-10-24 23:00:00,1.590473652,0.32047636195579055
9336,2019-10-25 00:00:00,1.584190011,0.18145161051800462
9337,2019-10-25 01:00:00,1.579295516,0.9427660393005788
9338,2019-10-25 02:00:00,1.575603962,0.4862104582645307
9339,2019-10-25 03:00:00,1.572404861,0.3874155822270241
9340,2019-10-25 04:00:00,1.570240259,0.2978721356305202
9341,2019-10-25 05:00:00,1.568412781,0.705908062798716
9342,2019-10-25 06:00:00,1.566074729,0.5507479455368779
9343,2019-10-25 07:00:00,1.564685941,0.2781253514830557
9344,2019-10-25 08:00:00,1.554346442,0.7186607859846382
9345,2019-10-25 09:00:00,1.546742797,0.5934819001952474
9346,2019-10-25 10:00:00,1.542384505,0.5394546307550706
9347,2019-10-25 11:00:00,1.538062572,0.3439937198658659
9348,2019-10-25 12:00:00,1.530358076,0.5816122662587201
9349,2019-10-25 13:00:00,1.522603154,0.6434501996087614
9350,2019-10-25 14:00:00,1.494404912,0.8439532028667673
9351,2019-10-25 15:00:00,1.472276449,0.67681654803369
9352,2019-10-25 16:00:00,1.44700551,0.4201750650717535
9353,2019-10-25 17:00:00,1.419888616,0.20183227493619804
9354,2019-10-25 18:00:00,1.393606782,0.2685367350758511
9355,2019-10-25 19:00:00,1.26126945,0.23791909745949202
9356,2019-10-25 20:00:00,0.890437841,0.7893686730528429
9357,2019-10-25 21:00:00,0.702080131,0.6058122059907876
9358,2019-10-25 22:00:00,0.675844431,0.005081800261312441
9359,2019-10-25 23:00:00,0.660104811,0.8540708655506304
9360,2019-10-26 00:00:00,0.645298421,0.28467775697036346
9361,2019-10-26 01:00:00,0.636775374,0.06448300737877588
9362,2019-10-26 02:00:00,0.630941987,0.8115784385726071
9363,2019-10-26 03:00:00,0.627839684,0.20088993266930177
9364,2019-10-26 04:00:00,0.625829935,0.023272288229147065
9365,2019-10-26 05:00:00,0.62341702,0.1745512215507362
9366,2019-10-26 06:00:00,0.620932341,0.5392508628762928
9367,2019-10-26 07:00:00,0.62122792,0.10680942653222647
9368,2019-10-26 08:00:00,0.621079087,0.02058546207713985
9369,2019-10-26 09:00:00,0.619813561,0.3588202403400458
9370,2019-10-26 10:00:00,0.616801023,0.1443177020568437
9371,2019-10-26 11:00:00,0.613300979,0.15870637023742806
9372,2019-10-26 12:00:00,0.608749688,0.795708229860882
9373,2019-10-26 13:00:00,0.605651319,0.4128413907679265
9374,2019-10-26 14:00:00,0.604553163,0.8136191668276432
9375,2019-10-26 15:00:00,0.600977242,0.7769971557093093
9376,2019-10-26 16:00:00,0.592741609,0.6931801691427478
9377,2019-10-26 17:00:00,0.581898332,0.5247649001606628
9378,2019-10-26 18:00:00,0.567773223,0.07506480959761619
9379,2019-10-26 19:00:00,0.548306048,0.42751916569216963
9380,2019-10-26 20:00:00,0.381007612,0.3780070954124457
9381,2019-10-26 21:00:00,0.146058366,0.08392249821085873
9382,2019-10-26 22:00:00,0.114242293,0.4119056483226815
9383,2019-10-26 23:00:00,0.093307398,0.4960199842103513
9384,2019-10-27 00:00:00,0.065342247,0.096798538319262
9385,2019-10-27 01:00:00,0.04492487,0.2733701146565958
9386,2019-10-27 02:00:00,0.030950297,0.42306083932066285
9387,2019-10-27 03:00:00,0.021054525,0.7210634626241182
9388,2019-10-27 04:00:00,0.014067942,0.5268134625605914
9389,2019-10-27 05:00:00,0.009009274,0.08088574664986503
9390,2019-10-27 06:00:00,0.005330067,0.14819184816088427
9391,2019-10-27 07:00:00,0.003055752,0.9366149643113357
9392,2019-10-27 08:00:00,0.001497479,0.030756033853438947
9393,2019-10-27 09:00:00,0.000420784,0.22705813933720176
9394,2019-10-27 10:00:00,0.0,0.8751042209232559
9395,2019-10-27 11:00:00,0.0,0.4829080478031593
9396,2019-10-27 12:00:00,0.0,0.786085488595498
9397,2019-10-27 13:00:00,0.0,0.4259117701783628
9398,2019-10-27 14:00:00,0.0,0.279758289773381
9399,2019-10-27 15:00:00,0.0,0.31343930853284774
9400,2019-10-27 16:00:00,0.0,0.8575059561964697
9401,2019-10-27 17:00:00,0.0,0.5661212451578852
9402,2019-10-27 18:00:00,0.0,0.041838376243671815
9403,2019-10-27 19:00:00,0.0,0.1708204539475937
9404,2019-10-27 20:00:00,0.0,0.42915000923677804
9405,2019-10-27 21:00:00,0.0,0.9509793030488539
9406,2019-10-27 22:00:00,0.0,0.09894648548857143
9407,2019-10-27 23:00:00,0.0,0.8643514391108376
9408,2019-10-28 00:00:00,0.0,0.2460102769315876
9409,2019-10-28 01:00:00,0.0,0.5002864830420554
9410,2019-10-28 02:00:00,0.0,0.6675120672698485
9411,2019-10-28 03:00:00,0.0,0.6354400000338709
9412,2019-10-28 04:00:00,0.061742611,0.18240345412867331
9413,2019-10-28 05:00:00,0.051243342,0.9566420040766576
9414,2019-10-28 06:00:00,0.043917321,0.05723629249806239
9415,2019-10-28 07:00:00,0.227292433,0.8965720284785426
9416,2019-10-28 08:00:00,0.600306809,0.7016600387037494
9417,2019-10-28 09:00:00,1.030473113,0.21061460937879106
9418,2019-10-28 10:00:00,1.308786154,0.18702142379713116
9419,2019-10-28 11:00:00,1.564884305,0.4157925600716651
9420,2019-10-28 12:00:00,1.802989483,0.8384387714797563
9421,2019-10-28 13:00:00,1.934381843,0.09544630624918748
9422,2019-10-28 14:00:00,2.071223259,0.2515221137210083
9423,2019-10-28 15:00:00,2.207962275,0.09263383799430991
9424,2019-10-28 16:00:00,2.329537392,0.9058588788540829
9425,2019-10-28 17:00:00,2.443640709,0.6359282698851717
9426,2019-10-28 18:00:00,2.519491434,0.7979243831725423
9427,2019-10-28 19:00:00,2.517397881,0.64533112889161
9428,2019-10-28 20:00:00,2.517865896,0.416294993373701
9429,2019-10-28 21:00:00,2.51312995,0.47179602108297924
9430,2019-10-28 22:00:00,2.519601107,0.8071851300027103
9431,2019-10-28 23:00:00,2.535019159,0.6272703234959845
9432,2019-10-29 00:00:00,2.555843592,0.5524220374101648
9433,2019-10-29 01:00:00,2.591614246,0.9209000704976071
9434,2019-10-29 02:00:00,2.623728991,0.7726865947446518
9435,2019-10-29 03:00:00,2.657017231,0.3761242831024094
9436,2019-10-29 04:00:00,2.811865568,0.5249144428672755
9437,2019-10-29 05:00:00,2.840773582,0.5902451148129233
9438,2019-10-29 06:00:00,2.910199642,0.5251110492548029
9439,2019-10-29 07:00:00,3.006120205,0.5156083216395362
9440,2019-10-29 08:00:00,3.081790686,0.16501967429766295
9441,2019-10-29 09:00:00,3.172591686,0.7105159468780035
9442,2019-10-29 10:00:00,3.238718748,0.3597671562957936
9443,2019-10-29 11:00:00,3.299314737,0.4775442853785916
9444,2019-10-29 12:00:00,3.338969946,0.9994246460356666
9445,2019-10-29 13:00:00,3.354820013,0.846239460905204
9446,2019-10-29 14:00:00,3.363524914,0.6705184816678086
9447,2019-10-29 15:00:00,3.365402222,0.49994363831969213
9448,2019-10-29 16:00:00,3.366754055,0.9712211179889723
9449,2019-10-29 17:00:00,3.363399267,0.1758805433899373
9450,2019-10-29 18:00:00,3.353575945,0.9314045323764021
9451,2019-10-29 19:00:00,3.337373972,0.26099920419864275
9452,2019-10-29 20:00:00,3.315341711,0.5401234076248447
9453,2019-10-29 21:00:00,3.287673473,0.9949611688957598
9454,2019-10-29 22:00:00,3.265020847,0.33216035927313203
9455,2019-10-29 23:00:00,3.25014019,0.18758000568163202
9456,2019-10-30 00:00:00,3.240971327,0.5127889591392203
9457,2019-10-30 01:00:00,3.55223012,0.4287929025235293
9458,2019-10-30 02:00:00,3.881787777,0.178649664719171
9459,2019-10-30 03:00:00,4.235528946,0.8198781883967196
9460,2019-10-30 04:00:00,4.58912611,0.2975653205270262
9461,2019-10-30 05:00:00,4.948571205,0.7114480666512736
9462,2019-10-30 06:00:00,5.320627213,0.5483301706401466
9463,2019-10-30 07:00:00,5.423469543,0.6505392551214094
9464,2019-10-30 08:00:00,5.469921112,0.23879041874404638
9465,2019-10-30 09:00:00,5.539203644,0.5890565394844892
9466,2019-10-30 10:00:00,5.619929314,0.12542889905602472
9467,2019-10-30 11:00:00,5.73443222,0.6032847351208195
9468,2019-10-30 12:00:00,5.81054306,0.24227551492879484
9469,2019-10-30 13:00:00,5.860306263,0.24217266044693464
9470,2019-10-30 14:00:00,5.918125153,0.9448087360417496
9471,2019-10-30 15:00:00,5.952112198,0.007549928679620566
9472,2019-10-30 16:00:00,5.978924274,0.9192539351159003
9473,2019-10-30 17:00:00,5.97984314,0.36034401839723673
9474,2019-10-30 18:00:00,5.975581646,0.5659561236197839
9475,2019-10-30 19:00:00,5.96889019,0.2314614987374829
9476,2019-10-30 20:00:00,5.965789795,0.9059118469366959
9477,2019-10-30 21:00:00,5.970942497,0.7377887439166577
9478,2019-10-30 22:00:00,5.98020792,0.4713264803786861
9479,2019-10-30 23:00:00,5.992180824,0.5284131595884545
9480,2019-10-31 00:00:00,6.001366138,0.28123819752616475
9481,2019-10-31 01:00:00,6.007848263,0.8966181230400563
9482,2019-10-31 02:00:00,6.013503075,0.28695181447530793
9483,2019-10-31 03:00:00,6.01660347,0.6299450430375961
9484,2019-10-31 04:00:00,6.011329174,0.0094794328112624
9485,2019-10-31 05:00:00,6.0016222,0.6126415655473895
9486,2019-10-31 06:00:00,5.986879349,0.40089125397556946
9487,2019-10-31 07:00:00,5.970967293,0.8964326789039456
9488,2019-10-31 08:00:00,5.950263977,0.9059584311537598
9489,2019-10-31 09:00:00,5.924654961,0.8161195345744906
9490,2019-10-31 10:00:00,5.89852953,0.8710827967536615
9491,2019-10-31 11:00:00,5.877622604,0.5235650904755671
9492,2019-10-31 12:00:00,5.856872559,0.2776380410434718
9493,2019-10-31 13:00:00,5.845598698,0.5259486433649504
9494,2019-10-31 14:00:00,5.837835312,0.027411211857789053
9495,2019-10-31 15:00:00,5.820406914,0.005930689098020303
9496,2019-10-31 16:00:00,5.796817303,0.5198681544029887
9497,2019-10-31 17:00:00,5.763913155,0.2523288162027758
9498,2019-10-31 18:00:00,5.725335598,0.28733432532820324
9499,2019-10-31 19:00:00,5.687420845,0.42719920158490177
9500,2019-10-31 20:00:00,5.648174763,0.012134790904694936
9501,2019-10-31 21:00:00,5.622082233,0.3064739592097967
9502,2019-10-31 22:00:00,5.611721039,0.6331383797364298
9503,2019-10-31 23:00:00,5.60986042,0.15867274066902615
9504,2019-11-01 00:00:00,5.609717369,0.9032060701197218
9505,2019-11-01 01:00:00,5.61070919,0.5286471048114973
9506,2019-11-01 02:00:00,5.611757755,0.4185066768685949
9507,2019-11-01 03:00:00,5.613572121,0.40459926432453464
9508,2019-11-01 04:00:00,5.614614487,0.6143533974627998
9509,2019-11-01 05:00:00,5.615929127,0.6978964399464
9510,2019-11-01 06:00:00,5.616955757,0.17801927072021784
9511,2019-11-01 07:00:00,5.617357254,0.8788277705441154
9512,2019-11-01 08:00:00,5.617809296,0.42225587482298876
9513,2019-11-01 09:00:00,5.618517876,0.17021325482898308
9514,2019-11-01 10:00:00,5.617181778,0.7598518019279867
9515,2019-11-01 11:00:00,5.597617149,0.9576774075221527
9516,2019-11-01 12:00:00,5.585894585,0.5423178203926252
9517,2019-11-01 13:00:00,5.583302498,0.9003016537255405
9518,2019-11-01 14:00:00,5.580615044,0.8981274463154529
9519,2019-11-01 15:00:00,5.558552265,0.22038662461667058
9520,2019-11-01 16:00:00,5.514068127,0.08357443288943434
9521,2019-11-01 17:00:00,5.452932358,0.6130184400370093
9522,2019-11-01 18:00:00,5.392235756,0.8007713948108561
9523,2019-11-01 19:00:00,5.323736191,0.23776071113475505
9524,2019-11-01 20:00:00,5.254665375,0.11722567624713343
9525,2019-11-01 21:00:00,5.194865704,0.6614309025943673
9526,2019-11-01 22:00:00,5.167222977,0.9299478108130137
9527,2019-11-01 23:00:00,5.164931297,0.4415758174286799
9528,2019-11-02 00:00:00,5.164868355,0.631303584901741
9529,2019-11-02 01:00:00,5.168850899,0.9238286191249835
9530,2019-11-02 02:00:00,5.172467709,0.3514299459423018
9531,2019-11-02 03:00:00,5.173897266,0.5000353324983069
9532,2019-11-02 04:00:00,5.174517155,0.18507970001490937
9533,2019-11-02 05:00:00,5.173890114,0.6512137977356467
9534,2019-11-02 06:00:00,5.172440529,0.45788518335641026
9535,2019-11-02 07:00:00,5.168422699,0.9319822196272358
9536,2019-11-02 08:00:00,5.164239407,0.8119499136972876
9537,2019-11-02 09:00:00,5.164660931,0.06951317573426796
9538,2019-11-02 10:00:00,5.165120125,0.3832479483066893
9539,2019-11-02 11:00:00,5.162216187,0.7964471102133772
9540,2019-11-02 12:00:00,5.158823967,0.02761238685921008
9541,2019-11-02 13:00:00,5.156934738,0.00747594250490502
9542,2019-11-02 14:00:00,5.153838158,0.5146665931636895
9543,2019-11-02 15:00:00,5.13208437,0.4599288688648995
9544,2019-11-02 16:00:00,5.112140179,0.11279112275737035
9545,2019-11-02 17:00:00,5.081151009,0.47603404642093505
9546,2019-11-02 18:00:00,5.029446602,0.26642332144673586
9547,2019-11-02 19:00:00,4.972261429,0.19960370659092141
9548,2019-11-02 20:00:00,4.929705143,0.1206418830916226
9549,2019-11-02 21:00:00,4.890315533,0.4321514997420264
9550,2019-11-02 22:00:00,4.854176998,0.46177427117978387
9551,2019-11-02 23:00:00,4.845479488,0.07876508550006167
9552,2019-11-03 00:00:00,4.847609043,0.6577441513620654
9553,2019-11-03 01:00:00,4.850304604,0.5336576523667165
9554,2019-11-03 02:00:00,4.852313042,0.4017735557804619
9555,2019-11-03 03:00:00,4.851970673,0.5908698709131076
9556,2019-11-03 04:00:00,4.851903439,0.890379384096631
9557,2019-11-03 05:00:00,4.853141308,0.8549385015525524
9558,2019-11-03 06:00:00,4.85406971,0.08612805599088602
9559,2019-11-03 07:00:00,4.855324268,0.09759661642829576
9560,2019-11-03 08:00:00,4.856665611,0.8175953294002819
9561,2019-11-03 09:00:00,4.857751369,0.2376839341875976
9562,2019-11-03 10:00:00,4.858316422,0.24993040407107825
9563,2019-11-03 11:00:00,4.858241081,0.8784442599502904
9564,2019-11-03 12:00:00,4.85907793,0.4744631651742768
9565,2019-11-03 13:00:00,4.856754303,0.8404944520325749
9566,2019-11-03 14:00:00,4.854439259,0.03321477460774003
9567,2019-11-03 15:00:00,4.839775085,0.9605402346996976
9568,2019-11-03 16:00:00,4.814851761,0.2854708025351519
9569,2019-11-03 17:00:00,4.784727097,0.05102994755650714
9570,2019-11-03 18:00:00,4.738374233,0.4058978063795995
9571,2019-11-03 19:00:00,4.682423115,0.03508400126372757
9572,2019-11-03 20:00:00,4.616074562,0.18723715622145887
9573,2019-11-03 21:00:00,4.562215805,0.3423737668788064
9574,2019-11-03 22:00:00,4.525445938,0.37060723776402593
9575,2019-11-03 23:00:00,4.517591953,0.06169505649464013
9576,2019-11-04 00:00:00,4.510550976,0.8079314097422923
9577,2019-11-04 01:00:00,4.505502224,0.4566043287912036
9578,2019-11-04 02:00:00,4.500035763,0.2099512228338296
9579,2019-11-04 03:00:00,4.491698265,0.6072019974644487
9580,2019-11-04 04:00:00,4.47518158,0.800893087190971
9581,2019-11-04 05:00:00,4.450798035,0.9063930866867251
9582,2019-11-04 06:00:00,4.436854362,0.2398899837325661
9583,2019-11-04 07:00:00,4.425922394,0.4655865216967735
9584,2019-11-04 08:00:00,4.415048599,0.34216697725403455
9585,2019-11-04 09:00:00,4.399954319,0.11644386535279161
9586,2019-11-04 10:00:00,4.374258041,0.3272828573727652
9587,2019-11-04 11:00:00,4.349517345,0.09211825501845172
9588,2019-11-04 12:00:00,4.327726364,0.6447149283808464
9589,2019-11-04 13:00:00,4.303234577,0.9291246927486629
9590,2019-11-04 14:00:00,4.278577328,0.8958647635264159
9591,2019-11-04 15:00:00,4.236824512,0.5171770609507654
9592,2019-11-04 16:00:00,4.188943863,0.007233413158138746
9593,2019-11-04 17:00:00,4.12860775,0.2383984222089155
9594,2019-11-04 18:00:00,4.05476284,0.15513268004247827
9595,2019-11-04 19:00:00,3.981147289,0.3948472787520585
9596,2019-11-04 20:00:00,3.908675194,0.07378011926364758
9597,2019-11-04 21:00:00,3.850153923,0.6103746989704685
9598,2019-11-04 22:00:00,3.817535877,0.575181806762371
9599,2019-11-04 23:00:00,3.815987587,0.5481378056159816
9600,2019-11-05 00:00:00,3.819271564,0.808216039465667
9601,2019-11-05 01:00:00,3.823899984,0.32724035771364
9602,2019-11-05 02:00:00,3.82732892,0.858593977479656
9603,2019-11-05 03:00:00,3.834060669,0.8288834943802323
9604,2019-11-05 04:00:00,3.841283321,0.9990257313999903
9605,2019-11-05 05:00:00,3.847646475,0.6139219430361519
9606,2019-11-05 06:00:00,3.853613853,0.20773215181377058
9607,2019-11-05 07:00:00,3.859579325,0.6326178205986732
9608,2019-11-05 08:00:00,3.866462231,0.9959253998722692
9609,2019-11-05 09:00:00,3.872688532,0.1893214991026172
9610,2019-11-05 10:00:00,3.878769875,0.3682736067338873
9611,2019-11-05 11:00:00,3.885613918,0.9666350997985007
9612,2019-11-05 12:00:00,3.89212203,0.7182320270012335
9613,2019-11-05 13:00:00,3.898231983,0.2665556815452038
9614,2019-11-05 14:00:00,3.900908709,0.749303583348663
9615,2019-11-05 15:00:00,3.896336317,0.9396163805824019
9616,2019-11-05 16:00:00,3.880161524,0.7221486355976026
9617,2019-11-05 17:00:00,3.852468252,0.6717301884871549
9618,2019-11-05 18:00:00,3.817209244,0.30597378536308184
9619,2019-11-05 19:00:00,3.781900883,0.41900547302522195
9620,2019-11-05 20:00:00,3.733048916,0.60311972091708
9621,2019-11-05 21:00:00,3.701061964,0.6787344453942852
9622,2019-11-05 22:00:00,3.676539183,0.5793917664546685
9623,2019-11-05 23:00:00,3.671986341,0.11085289284117827
9624,2019-11-06 00:00:00,3.673549891,0.3024128760449326
9625,2019-11-06 01:00:00,3.676351786,0.30057119915541974
9626,2019-11-06 02:00:00,3.683671474,0.5985731383965821
9627,2019-11-06 03:00:00,3.688901663,0.1538399664493011
9628,2019-11-06 04:00:00,3.689900398,0.18850195787334834
9629,2019-11-06 05:00:00,3.682154894,0.16521411793086915
9630,2019-11-06 06:00:00,3.667752981,0.722734616395137
9631,2019-11-06 07:00:00,3.65177536,0.7807429210136946
9632,2019-11-06 08:00:00,3.643101215,0.21727116111064348
9633,2019-11-06 09:00:00,3.635055065,0.025636979212028344
9634,2019-11-06 10:00:00,3.63028717,0.35595405787024326
9635,2019-11-06 11:00:00,3.634301901,0.7380599359765437
9636,2019-11-06 12:00:00,3.638009787,0.8525621793636002
9637,2019-11-06 13:00:00,3.633934736,0.1541219013678733
9638,2019-11-06 14:00:00,3.634540796,0.28693651197759773
9639,2019-11-06 15:00:00,3.614306688,0.832699106824506
9640,2019-11-06 16:00:00,3.578362942,0.4969307246685214
9641,2019-11-06 17:00:00,3.548425674,0.5785001284018153
9642,2019-11-06 18:00:00,3.511651754,0.6492776897612544
9643,2019-11-06 19:00:00,3.46028924,0.4979523811182155
9644,2019-11-06 20:00:00,3.40072298,0.11116955109810756
9645,2019-11-06 21:00:00,3.34995532,0.7304746464276293
9646,2019-11-06 22:00:00,3.312095165,0.035977129238768724
9647,2019-11-06 23:00:00,3.302726269,0.0157447892996061
9648,2019-11-07 00:00:00,3.297597885,0.35661387563319336
9649,2019-11-07 01:00:00,3.294757605,0.46926381690141294
9650,2019-11-07 02:00:00,3.296760559,0.8329460087624685
9651,2019-11-07 03:00:00,3.298810005,0.47192463824898023
9652,2019-11-07 04:00:00,3.300703049,0.2914787669639378
9653,2019-11-07 05:00:00,3.301333666,0.31229126115958683
9654,2019-11-07 06:00:00,3.302250147,0.09785766305257637
9655,2019-11-07 07:00:00,3.305223465,0.2650854506669943
9656,2019-11-07 08:00:00,3.308213949,0.35968174207556525
9657,2019-11-07 09:00:00,3.31095624,0.9539517904474842
9658,2019-11-07 10:00:00,3.314308167,0.3887708155477506
9659,2019-11-07 11:00:00,3.318538189,0.8006171856032378
9660,2019-11-07 12:00:00,3.322489023,0.12371450400509154
9661,2019-11-07 13:00:00,3.325590134,0.01050925670241909
9662,2019-11-07 14:00:00,3.318128586,0.48034007439556015
9663,2019-11-07 15:00:00,3.281275749,0.5644708267807191
9664,2019-11-07 16:00:00,3.263716936,0.5809742048938773
9665,2019-11-07 17:00:00,3.229914427,0.5501725179019681
9666,2019-11-07 18:00:00,3.035090923,0.9618340919393304
9667,2019-11-07 19:00:00,2.480108261,0.2467332244446636
9668,2019-11-07 20:00:00,1.909582853,0.9982525803502857
9669,2019-11-07 21:00:00,1.478788733,0.9200389145932582
9670,2019-11-07 22:00:00,1.370593071,0.4712270601367684
9671,2019-11-07 23:00:00,1.332052708,0.6821155337094128
9672,2019-11-08 00:00:00,1.300317407,0.35048698560439684
9673,2019-11-08 01:00:00,1.272992134,0.3775150119779166
9674,2019-11-08 02:00:00,1.258769751,0.08482193079685096
9675,2019-11-08 03:00:00,1.253458142,0.9631588667702476
9676,2019-11-08 04:00:00,1.248360872,0.09263382303731649
9677,2019-11-08 05:00:00,1.244490504,0.2576053940595444
9678,2019-11-08 06:00:00,1.240859747,0.034857663491559276
9679,2019-11-08 07:00:00,1.238613844,0.1541953504730479
9680,2019-11-08 08:00:00,1.234835029,0.48606389360700086
9681,2019-11-08 09:00:00,1.230587959,0.026682993234463437
9682,2019-11-08 10:00:00,1.226164818,0.23693642092922995
9683,2019-11-08 11:00:00,1.22379446,0.5895957104308841
9684,2019-11-08 12:00:00,1.221018314,0.769616317341929
9685,2019-11-08 13:00:00,1.216859579,0.27806232025435507
9686,2019-11-08 14:00:00,1.210314035,0.03601067818618031
9687,2019-11-08 15:00:00,1.193854928,0.7923110821443022
9688,2019-11-08 16:00:00,1.175379992,0.1459658031889186
9689,2019-11-08 17:00:00,1.154902816,0.18305294149704032
9690,2019-11-08 18:00:00,1.124059916,0.18267436289581118
9691,2019-11-08 19:00:00,0.824201167,0.8119036054121995
9692,2019-11-08 20:00:00,0.0,0.658684564398612
9693,2019-11-08 21:00:00,0.0,0.6067282832041211
9694,2019-11-08 22:00:00,0.0,0.9624571851674771
9695,2019-11-08 23:00:00,0.0,0.18055072650358517
9696,2019-11-09 00:00:00,0.0,0.2444497179367775
9697,2019-11-09 01:00:00,0.0,0.8209353295408481
9698,2019-11-09 02:00:00,0.0,0.6974447434814626
9699,2019-11-09 03:00:00,0.0,0.9884711922133455
9700,2019-11-09 04:00:00,0.0,0.22805150356890835
9701,2019-11-09 05:00:00,0.0,0.7195760758295964
9702,2019-11-09 06:00:00,0.0,0.5764505404328933
9703,2019-11-09 07:00:00,0.0,0.38127311179468615
9704,2019-11-09 08:00:00,0.0,0.4973259008271401
9705,2019-11-09 09:00:00,0.0,0.25730937733370296
9706,2019-11-09 10:00:00,0.0,0.18552057888125972
9707,2019-11-09 11:00:00,0.0,0.18445968920779587
9708,2019-11-09 12:00:00,0.0,0.9879046326634527
9709,2019-11-09 13:00:00,0.0,0.6010923502927502
9710,2019-11-09 14:00:00,0.0,0.9781971343629048
9711,2019-11-09 15:00:00,0.0,0.4138867742968739
9712,2019-11-09 16:00:00,0.0,0.5843752471755176
9713,2019-11-09 17:00:00,0.0,0.3400100232457004
9714,2019-11-09 18:00:00,0.0,0.7005954314445126
9715,2019-11-09 19:00:00,0.0,0.7883309743220768
9716,2019-11-09 20:00:00,0.0,0.8209454243685355
9717,2019-11-09 21:00:00,0.0,0.5137903691470155
9718,2019-11-09 22:00:00,0.0,0.65978847311618
9719,2019-11-09 23:00:00,0.0,0.25752856775037636
9720,2019-11-10 00:00:00,0.0,0.04702496861266203
9721,2019-11-10 01:00:00,0.0,0.628497925430682
9722,2019-11-10 02:00:00,0.0,0.48944028048053834
9723,2019-11-10 03:00:00,0.0,0.863475938327915
9724,2019-11-10 04:00:00,0.0,0.3972519141287052
9725,2019-11-10 05:00:00,0.0,0.3485831044632056
9726,2019-11-10 06:00:00,0.0,0.9494051780044085
9727,2019-11-10 07:00:00,0.0,0.13165210130747773
9728,2019-11-10 08:00:00,0.0,0.2876516496444993
9729,2019-11-10 09:00:00,0.0,0.0031513520521699867
9730,2019-11-10 10:00:00,0.0,0.33247898306052437
9731,2019-11-10 11:00:00,0.0,0.697264906353999
9732,2019-11-10 12:00:00,0.0,0.558935349325333
9733,2019-11-10 13:00:00,0.0,0.3701772999443159
9734,2019-11-10 14:00:00,0.0,0.45325377063841743
9735,2019-11-10 15:00:00,0.0,0.9420111769736224
9736,2019-11-10 16:00:00,0.0,0.9891845748067626
9737,2019-11-10 17:00:00,0.0,0.2731444057297353
9738,2019-11-10 18:00:00,0.0,0.14818162417530578
9739,2019-11-10 19:00:00,0.0,0.984412391051644
9740,2019-11-10 20:00:00,0.0,0.48915976063626565
9741,2019-11-10 21:00:00,0.0,0.2878473182148946
9742,2019-11-10 22:00:00,0.0,0.3693497472148185
9743,2019-11-10 23:00:00,0.0,0.6659867871023706
9744,2019-11-11 00:00:00,0.0,0.019270879376716787
9745,2019-11-11 01:00:00,0.0,0.0579306617694717
9746,2019-11-11 02:00:00,0.0,0.7015316457329971
9747,2019-11-11 03:00:00,0.0,0.048490477808537436
9748,2019-11-11 04:00:00,0.0,0.8563631097193246
9749,2019-11-11 05:00:00,0.0,0.8879512225384691
9750,2019-11-11 06:00:00,0.0,0.775813931397577
9751,2019-11-11 07:00:00,0.0,0.77416456181695
9752,2019-11-11 08:00:00,0.0,0.17010127275544873
9753,2019-11-11 09:00:00,0.0,0.2586849047099775
9754,2019-11-11 10:00:00,0.0,0.17939305154685758
9755,2019-11-11 11:00:00,0.0,0.19702129216566333
9756,2019-11-11 12:00:00,0.0,0.16940305688736967
9757,2019-11-11 13:00:00,0.0,0.23841880476546062
9758,2019-11-11 14:00:00,0.0,0.8132161911155236
9759,2019-11-11 15:00:00,0.0,0.46495310712762294
9760,2019-11-11 16:00:00,0.0,0.23586172225956514
9761,2019-11-11 17:00:00,0.0,0.7314355064225455
9762,2019-11-11 18:00:00,0.0,0.8888533465966509
9763,2019-11-11 19:00:00,0.0,0.11618668583984249
9764,2019-11-11 20:00:00,0.0,0.9605535278325975
9765,2019-11-11 21:00:00,0.0,0.7173342728640637
9766,2019-11-11 22:00:00,0.0,0.2535868591213335
9767,2019-11-11 23:00:00,0.0,0.47004632884144104
9768,2019-11-12 00:00:00,0.0,0.6325027755950977
9769,2019-11-12 01:00:00,0.0,0.41218608606693163
9770,2019-11-12 02:00:00,0.0,0.16587449526260867
9771,2019-11-12 03:00:00,0.0,0.4507683654927558
9772,2019-11-12 04:00:00,0.0,0.2744322098197082
9773,2019-11-12 05:00:00,0.0,0.6006385871800523
9774,2019-11-12 06:00:00,0.0,0.8672962908189707
9775,2019-11-12 07:00:00,0.0,0.42058375918649193
9776,2019-11-12 08:00:00,0.0,0.9185049978247334
9777,2019-11-12 09:00:00,0.0,0.3037113234775142
9778,2019-11-12 10:00:00,0.0,0.7160358422608648
9779,2019-11-12 11:00:00,0.0,0.15030320642446737
9780,2019-11-12 12:00:00,0.0,0.5240843949321435
9781,2019-11-12 13:00:00,0.0,0.2737218975968204
9782,2019-11-12 14:00:00,0.0,0.8552009611925949
9783,2019-11-12 15:00:00,0.0,0.8201066481078517
9784,2019-11-12 16:00:00,0.0,0.44578849000821963
9785,2019-11-12 17:00:00,0.0,0.7291637936058633
9786,2019-11-12 18:00:00,0.0,0.4388874844400159
9787,2019-11-12 19:00:00,0.0,0.7448918649747176
9788,2019-11-12 20:00:00,0.0,0.6220204604986126
9789,2019-11-12 21:00:00,0.0,0.8043457046040339
9790,2019-11-12 22:00:00,0.0,0.40360299061407023
9791,2019-11-12 23:00:00,0.0,0.31702325531967335
9792,2019-11-13 00:00:00,0.0,0.8954614114256793
9793,2019-11-13 01:00:00,0.0,0.20575976099151483
9794,2019-11-13 02:00:00,0.0,0.12669838221219576
9795,2019-11-13 03:00:00,0.0,0.4827008749119249
9796,2019-11-13 04:00:00,0.0,0.0799424082432949
9797,2019-11-13 05:00:00,0.0,0.4127683783969994
9798,2019-11-13 06:00:00,0.0,0.4736573348564229
9799,2019-11-13 07:00:00,0.0,0.02199102147461529
9800,2019-11-13 08:00:00,0.0,0.8604803998190557
9801,2019-11-13 09:00:00,0.0,0.9643771420414624
9802,2019-11-13 10:00:00,0.0,0.06226647038012523
9803,2019-11-13 11:00:00,0.0,0.6577522143103386
9804,2019-11-13 12:00:00,0.0,0.05907790145071057
9805,2019-11-13 13:00:00,0.0,0.10015406310599884
9806,2019-11-13 14:00:00,0.0,0.7849759744976744
9807,2019-11-13 15:00:00,0.0,0.058198082235538906
9808,2019-11-13 16:00:00,0.0,0.4484280508845273
9809,2019-11-13 17:00:00,0.0,0.9900800576042555
9810,2019-11-13 18:00:00,0.0,0.8183682871352502
9811,2019-11-13 19:00:00,0.0,0.6403164975047526
9812,2019-11-13 20:00:00,0.0,0.09240702347246421
9813,2019-11-13 21:00:00,0.0,0.10609232489142306
9814,2019-11-13 22:00:00,0.0,0.2824384991244522
9815,2019-11-13 23:00:00,0.0,0.3335368895377304
9816,2019-11-14 00:00:00,0.0,0.5843898621214833
9817,2019-11-14 01:00:00,0.0,0.36167542540379427
9818,2019-11-14 02:00:00,0.0,0.7990180491720869
9819,2019-11-14 03:00:00,0.0,0.6532595421875362
9820,2019-11-14 04:00:00,0.0,0.07659859715986761
9821,2019-11-14 05:00:00,0.0,0.07578316295019483
9822,2019-11-14 06:00:00,0.0,0.6286583725003482
9823,2019-11-14 07:00:00,0.0,0.10131826847678072
9824,2019-11-14 08:00:00,0.0,0.5590663641553384
9825,2019-11-14 09:00:00,0.0,0.6383433315047526
9826,2019-11-14 10:00:00,0.0,0.45299014969808293
9827,2019-11-14 11:00:00,0.0,0.527150179916947
9828,2019-11-14 12:00:00,0.0,0.9696391713109537
9829,2019-11-14 13:00:00,0.0,0.33514174740210334
9830,2019-11-14 14:00:00,0.0,0.18238116544473804
9831,2019-11-14 15:00:00,0.0,0.45967866406305735
9832,2019-11-14 16:00:00,0.0,0.8373305572406776
9833,2019-11-14 17:00:00,0.0,0.6959917066210471
9834,2019-11-14 18:00:00,0.0,0.6579192612002022
9835,2019-11-14 19:00:00,0.0,0.5840170305177964
9836,2019-11-14 20:00:00,0.0,0.025167342110911206
9837,2019-11-14 21:00:00,0.0,0.14253719686814803
9838,2019-11-14 22:00:00,0.0,0.3007117822735548
9839,2019-11-14 23:00:00,0.0,0.3312402521083293
9840,2019-11-15 00:00:00,0.0,0.6447655878566076
9841,2019-11-15 01:00:00,0.0,0.5277656143759009
9842,2019-11-15 02:00:00,0.0,0.37603843047686736
9843,2019-11-15 03:00:00,0.0,0.3672919966138867
9844,2019-11-15 04:00:00,0.0,0.050514182752796954
9845,2019-11-15 05:00:00,0.0,0.5441085858198269
9846,2019-11-15 06:00:00,0.0,0.19299805842863904
9847,2019-11-15 07:00:00,0.0,0.6427987128886943
9848,2019-11-15 08:00:00,0.0,0.46365165273242426
9849,2019-11-15 09:00:00,0.0,0.20645725600829246
9850,2019-11-15 10:00:00,0.0,0.5022073898755341
9851,2019-11-15 11:00:00,0.0,0.6591475365964526
9852,2019-11-15 12:00:00,0.0,0.19209181377561857
9853,2019-11-15 13:00:00,0.0,0.09791671967117055
9854,2019-11-15 14:00:00,0.0,0.8200212923297086
9855,2019-11-15 15:00:00,0.0,0.05936285220429016
9856,2019-11-15 16:00:00,0.0,0.49279194796991554
9857,2019-11-15 17:00:00,0.0,0.24083981775820318
9858,2019-11-15 18:00:00,0.0,0.379541838992287
9859,2019-11-15 19:00:00,0.0,0.5837428170172104
9860,2019-11-15 20:00:00,0.0,0.3383377711958655
9861,2019-11-15 21:00:00,0.0,0.20454914806776126
9862,2019-11-15 22:00:00,0.0,0.6561907786693544
9863,2019-11-15 23:00:00,0.0,0.45672097892804253
9864,2019-11-16 00:00:00,0.0,0.08004723165161509
9865,2019-11-16 01:00:00,0.0,0.6348864474286638
9866,2019-11-16 02:00:00,0.0,0.2774587240564439
9867,2019-11-16 03:00:00,0.0,0.3556420663161314
9868,2019-11-16 04:00:00,0.0,0.2527620057883465
9869,2019-11-16 05:00:00,0.0,0.5086574952020608
9870,2019-11-16 06:00:00,0.0,0.7988645932578848
9871,2019-11-16 07:00:00,0.0,0.8279057841490864
9872,2019-11-16 08:00:00,0.0,0.48834699120628566
9873,2019-11-16 09:00:00,0.0,0.8660496801505225
9874,2019-11-16 10:00:00,0.0,0.16538425530551437
9875,2019-11-16 11:00:00,0.0,0.9983671587317916
9876,2019-11-16 12:00:00,0.0,0.09161212974147981
9877,2019-11-16 13:00:00,0.0,0.6163029171839054
9878,2019-11-16 14:00:00,0.0,0.885890355109452
9879,2019-11-16 15:00:00,0.0,0.062282821159668655
9880,2019-11-16 16:00:00,0.0,0.4249542339783364
9881,2019-11-16 17:00:00,0.0,0.3172858914655574
9882,2019-11-16 18:00:00,0.0,0.3161561252874142
9883,2019-11-16 19:00:00,0.0,0.9940480795371285
9884,2019-11-16 20:00:00,0.0,0.4763316910569896
9885,2019-11-16 21:00:00,0.0,0.968189584256921
9886,2019-11-16 22:00:00,0.0,0.2501690344436357
9887,2019-11-16 23:00:00,0.0,0.05516136678745609
9888,2019-11-17 00:00:00,0.0,0.7634216532049226
9889,2019-11-17 01:00:00,0.0,0.7242992290527565
9890,2019-11-17 02:00:00,0.0,0.05590779779395649
9891,2019-11-17 03:00:00,0.0,0.45636263988330195
9892,2019-11-17 04:00:00,0.0,0.6808853684226782
9893,2019-11-17 05:00:00,0.0,0.48635386659847535
9894,2019-11-17 06:00:00,0.0,0.998866096143617
9895,2019-11-17 07:00:00,0.0,0.0001074619232800389
9896,2019-11-17 08:00:00,0.0,0.15249080912962754
9897,2019-11-17 09:00:00,0.0,0.6667447454139118
9898,2019-11-17 10:00:00,0.0,0.41670021999621487
9899,2019-11-17 11:00:00,0.0,0.11056368822005447
9900,2019-11-17 12:00:00,0.0,0.8148545403357379
9901,2019-11-17 13:00:00,0.0,0.17104671645025604
9902,2019-11-17 14:00:00,0.0,0.5456428949665385
9903,2019-11-17 15:00:00,0.0,0.7828266571340684
9904,2019-11-17 16:00:00,0.0,0.8533202423323375
9905,2019-11-17 17:00:00,0.0,0.22861474986460228
9906,2019-11-17 18:00:00,0.0,0.42174795170493107
9907,2019-11-17 19:00:00,0.0,0.5511047383506698
9908,2019-11-17 20:00:00,0.267533183,0.2108219822121109
9909,2019-11-17 21:00:00,0.315354913,0.39858329368463463
9910,2019-11-17 22:00:00,0.338568389,0.44233231102158466
9911,2019-11-17 23:00:00,0.391535908,0.6990212507245186
9912,2019-11-18 00:00:00,0.400010109,0.5744004517461998
9913,2019-11-18 01:00:00,0.404513478,0.6430530271397776
9914,2019-11-18 02:00:00,0.410807848,0.25289201610823353
9915,2019-11-18 03:00:00,0.420649946,0.8008417195592273
9916,2019-11-18 04:00:00,0.423349798,0.6210599486980048
9917,2019-11-18 05:00:00,0.426845431,0.78172627627584
9918,2019-11-18 06:00:00,0.432992041,0.572156251091728
9919,2019-11-18 07:00:00,0.436895669,0.0026292636830135274
9920,2019-11-18 08:00:00,0.442324638,0.4754256390431397
9921,2019-11-18 09:00:00,0.446876585,0.9079948164987482
9922,2019-11-18 10:00:00,0.450047255,0.571306602922909
9923,2019-11-18 11:00:00,0.453851134,0.9690905020525479
9924,2019-11-18 12:00:00,0.458344817,0.5302040763522408
9925,2019-11-18 13:00:00,0.460610837,0.4368976950686694
9926,2019-11-18 14:00:00,0.457223535,0.9284133910826528
9927,2019-11-18 15:00:00,0.443870664,0.9457473733918902
9928,2019-11-18 16:00:00,0.423573017,0.2761850341729374
9929,2019-11-18 17:00:00,0.007713287,0.4951353468513695
9930,2019-11-18 18:00:00,0.006398541,0.6473180209847434
9931,2019-11-18 19:00:00,0.004521698,0.3431443456629626
9932,2019-11-18 20:00:00,0.003698724,0.36446129485356293
9933,2019-11-18 21:00:00,0.002700247,0.5956544894514876
9934,2019-11-18 22:00:00,0.001302642,0.0525201811398871
9935,2019-11-18 23:00:00,0.000656771,0.1416028521611249
9936,2019-11-19 00:00:00,5.8406e-05,0.8899016975547941
9937,2019-11-19 01:00:00,9.7029e-05,0.8067847927055646
9938,2019-11-19 02:00:00,7.598e-05,0.5163662763859324
9939,2019-11-19 03:00:00,0.00012421,0.8589093979867355
9940,2019-11-19 04:00:00,0.000178925,0.15300375914605768
9941,2019-11-19 05:00:00,0.000152793,0.8841307475453068
9942,2019-11-19 06:00:00,7.1907e-05,0.46589264021282517
9943,2019-11-19 07:00:00,2.8347e-05,0.6506927316458808
9944,2019-11-19 08:00:00,3.6304e-05,0.2831467217120722
9945,2019-11-19 09:00:00,8.6752e-05,0.45647260325796946
9946,2019-11-19 10:00:00,7.2985e-05,0.058202226223368125
9947,2019-11-19 11:00:00,0.00019598,0.05229764767829814
9948,2019-11-19 12:00:00,0.000159067,0.7680196006522153
9949,2019-11-19 13:00:00,0.000136996,0.12839180267579453
9950,2019-11-19 14:00:00,0.000173607,0.847119850040849
9951,2019-11-19 15:00:00,0.000266667,0.945731851344559
9952,2019-11-19 16:00:00,0.000434425,0.8690183592422404
9953,2019-11-19 17:00:00,0.000465134,0.21145898439606337
9954,2019-11-19 18:00:00,0.000489383,0.6449322502529647
9955,2019-11-19 19:00:00,0.018182499,0.42548781768639776
9956,2019-11-19 20:00:00,0.02212145,0.5219435666302964
9957,2019-11-19 21:00:00,0.02418082,0.2630663955306315
9958,2019-11-19 22:00:00,0.023744343,0.9166578349837227
9959,2019-11-19 23:00:00,0.038789868,0.06395271369911504
9960,2019-11-20 00:00:00,0.035703745,0.614567461612005
9961,2019-11-20 01:00:00,0.032441452,0.9520497729566678
9962,2019-11-20 02:00:00,0.029839462,0.48989794825341104
9963,2019-11-20 03:00:00,0.027806997,0.027000901288301127
9964,2019-11-20 04:00:00,0.026181519,0.6866603832037218
9965,2019-11-20 05:00:00,0.024948036,0.8210019515729549
9966,2019-11-20 06:00:00,2.108166456,0.40508458754742693
9967,2019-11-20 07:00:00,2.311710596,0.4012765486681322
9968,2019-11-20 08:00:00,2.464558601,0.051189694856441426
9969,2019-11-20 09:00:00,2.581298113,0.6699633576051691
9970,2019-11-20 10:00:00,2.675611496,0.9994453003474599
9971,2019-11-20 11:00:00,2.752134323,0.41585210035613107
9972,2019-11-20 12:00:00,2.812401533,0.5872516890510227
9973,2019-11-20 13:00:00,2.866504431,0.170051121819499
9974,2019-11-20 14:00:00,2.914596796,0.6250209090831106
9975,2019-11-20 15:00:00,4.39618206,0.46754959595890133
9976,2019-11-20 16:00:00,4.801057339,0.5433171608465933
9977,2019-11-20 17:00:00,4.99193573,0.2128295622137416
9978,2019-11-20 18:00:00,5.124366283,0.14106128037147558
9979,2019-11-20 19:00:00,5.215412617,0.3516630663215121
9980,2019-11-20 20:00:00,5.263636112,0.9966684504742139
9981,2019-11-20 21:00:00,5.281630993,0.016538724970120988
9982,2019-11-20 22:00:00,5.293930054,0.8011367684145975
9983,2019-11-20 23:00:00,5.307277203,0.8056600752279225
9984,2019-11-21 00:00:00,5.568322659,0.5741617163414745
9985,2019-11-21 01:00:00,5.594114304,0.3729361836028362
9986,2019-11-21 02:00:00,5.614521027,0.8256283377245587
9987,2019-11-21 03:00:00,5.631619453,0.3401068801231184
9988,2019-11-21 04:00:00,5.644567013,0.07354972659854009
9989,2019-11-21 05:00:00,5.654654503,0.07632943471239773
9990,2019-11-21 06:00:00,5.663468361,0.2710008872739884
9991,2019-11-21 07:00:00,5.987456322,0.7288406900896344
9992,2019-11-21 08:00:00,6.018229485,0.18286372653572724
9993,2019-11-21 09:00:00,7.688695908,0.03387534841815676
9994,2019-11-21 10:00:00,9.079678535,0.862845252555892
9995,2019-11-21 11:00:00,11.334431648,0.9143409968238883
9996,2019-11-21 12:00:00,11.573911667,0.2642624782934785
9997,2019-11-21 13:00:00,15.285840988,0.10474527039072024
9998,2019-11-21 14:00:00,15.726072311,0.17850982020068462
9999,2019-11-21 15:00:00,16.142837524,0.7064599555903885
10000,2019-11-21 16:00:00,16.397380829,0.7732623133273273
10001,2019-11-21 17:00:00,16.605482101,0.5967438734175632
10002,2019-11-21 18:00:00,16.881614685,0.3065041723267059
10003,2019-11-21 19:00:00,17.166563034,0.6160420629133351
10004,2019-11-21 20:00:00,17.406267166,0.3783033819405289
10005,2019-11-21 21:00:00,17.616498947,0.8274026384799512
10006,2019-11-21 22:00:00,17.788845062,0.752970209626672
10007,2019-11-21 23:00:00,17.876577377,0.18103269153645618
10008,2019-11-22 00:00:00,18.213861465,0.009220423411448242
10009,2019-11-22 01:00:00,18.258808136,0.634483845621938
10010,2019-11-22 02:00:00,18.318454742,0.46101093873727117
10011,2019-11-22 03:00:00,18.401578903,0.503414689718349
10012,2019-11-22 04:00:00,18.478477478,0.6870122278135645
10013,2019-11-22 05:00:00,18.504796982,0.6610815321666873
10014,2019-11-22 06:00:00,18.53074646,0.8240284213402036
10015,2019-11-22 07:00:00,18.568557739,0.9827516436159198
10016,2019-11-22 08:00:00,18.656986237,0.3577938242764739
10017,2019-11-22 09:00:00,18.774112701,0.10048953125416515
10018,2019-11-22 10:00:00,18.854730606,0.5327784082505269
10019,2019-11-22 11:00:00,18.918495178,0.6428572056201126
10020,2019-11-22 12:00:00,18.991909027,0.1999673014936888
10021,2019-11-22 13:00:00,19.304876328,0.33165500580878104
10022,2019-11-22 14:00:00,19.628992081,0.3074448959550655
10023,2019-11-22 15:00:00,19.91321373,0.5136042093909855
10024,2019-11-22 16:00:00,20.200277328,0.9365273469312086
10025,2019-11-22 17:00:00,20.477720261,0.7441653860208804
10026,2019-11-22 18:00:00,20.753967285,0.02580262566274505
10027,2019-11-22 19:00:00,21.071907043,0.4044149743096922
10028,2019-11-22 20:00:00,21.503602982,0.7383760197877898
10029,2019-11-22 21:00:00,21.917476654,0.8820632733862352
10030,2019-11-22 22:00:00,22.328609467,0.6907371829778947
10031,2019-11-22 23:00:00,22.704385757,0.6828370735397058
10032,2019-11-23 00:00:00,23.072219849,0.8192051375232623
10033,2019-11-23 01:00:00,23.156677246,0.05131718848650568
10034,2019-11-23 02:00:00,23.210914612,0.49462190080674473
10035,2019-11-23 03:00:00,23.298297882,0.3442735598295926
10036,2019-11-23 04:00:00,23.365629196,0.9553748170718679
10037,2019-11-23 05:00:00,23.40725708,0.8445792651663372
10038,2019-11-23 06:00:00,23.490142822,0.5086932934575643
10039,2019-11-23 07:00:00,23.547634125,0.18418230865575724
10040,2019-11-23 08:00:00,23.590763092,0.5308351033133809
10041,2019-11-23 09:00:00,23.674213409,0.5039243073785494
10042,2019-11-23 10:00:00,23.736125946,0.32889473041125716
10043,2019-11-23 11:00:00,23.787635803,0.8659165861917579
10044,2019-11-23 12:00:00,23.827674866,0.7780717524390117
10045,2019-11-23 13:00:00,23.852024078,0.2187260896907034
10046,2019-11-23 14:00:00,23.875724792,0.018535757728379565
10047,2019-11-23 15:00:00,23.874053955,0.18337591511902696
10048,2019-11-23 16:00:00,23.848655701,0.5532333741266419
10049,2019-11-23 17:00:00,23.815032959,0.8857569537933887
10050,2019-11-23 18:00:00,23.78263855,0.6435973761477417
10051,2019-11-23 19:00:00,23.756500244,0.7443333923501039
10052,2019-11-23 20:00:00,23.735746384,0.8362634513868291
10053,2019-11-23 21:00:00,23.726470947,0.0504007635283813
10054,2019-11-23 22:00:00,23.726148605,0.9183844233803321
10055,2019-11-23 23:00:00,23.738033295,0.06945060814610893
10056,2019-11-24 00:00:00,23.7479496,0.9569506526376853
10057,2019-11-24 01:00:00,23.755130768,0.3577296416408211
10058,2019-11-24 02:00:00,23.755161285,0.18226938467224763
10059,2019-11-24 03:00:00,23.742238998,0.7491523599760581
10060,2019-11-24 04:00:00,23.736896515,0.31711011371437603
10061,2019-11-24 05:00:00,23.737514496,0.09912789106258546
10062,2019-11-24 06:00:00,23.738983154,0.6611067450942483
10063,2019-11-24 07:00:00,23.739011765,0.10925606637367147
10064,2019-11-24 08:00:00,23.740596771,0.012726812400819187
10065,2019-11-24 09:00:00,23.742343903,0.447957728030416
10066,2019-11-24 10:00:00,23.744392395,0.8406044212308897
10067,2019-11-24 11:00:00,23.746269226,0.6601657506865962
10068,2019-11-24 12:00:00,23.748744965,0.6316671826008995
10069,2019-11-24 13:00:00,23.751012802,0.8487874209679162
10070,2019-11-24 14:00:00,23.753887177,0.6334290830153082
10071,2019-11-24 15:00:00,23.747341156,0.927595334035197
10072,2019-11-24 16:00:00,23.726671219,0.9852117290136
10073,2019-11-24 17:00:00,23.690483093,0.1390260555473728
10074,2019-11-24 18:00:00,23.638536453,0.5919504637835595
10075,2019-11-24 19:00:00,23.595527649,0.707924154461361
10076,2019-11-24 20:00:00,23.54454422,0.4595612744994184
10077,2019-11-24 21:00:00,23.505800247,0.37257502666204
10078,2019-11-24 22:00:00,23.482240677,0.3673859219813175
10079,2019-11-24 23:00:00,23.481779099,0.8796120856148673
10080,2019-11-25 00:00:00,23.482343674,0.4805084632681972
10081,2019-11-25 01:00:00,23.477298737,0.19564021419406297
10082,2019-11-25 02:00:00,23.469640732,0.5117442112291988
10083,2019-11-25 03:00:00,23.466495514,0.7523305395596195
10084,2019-11-25 04:00:00,23.468564987,0.7085610905664106
10085,2019-11-25 05:00:00,23.470861435,0.8947427222000652
10086,2019-11-25 06:00:00,23.473167419,0.2775147150553966
10087,2019-11-25 07:00:00,23.475219727,0.9629082576516229
10088,2019-11-25 08:00:00,23.477333069,0.14000844132682688
10089,2019-11-25 09:00:00,23.47964859,0.7106785740813713
10090,2019-11-25 10:00:00,23.481878281,0.8518516271634552
10091,2019-11-25 11:00:00,23.484075546,0.14084684012613224
10092,2019-11-25 12:00:00,23.486551285,0.5769574982987328
10093,2019-11-25 13:00:00,23.485389709,0.8067257545476337
10094,2019-11-25 14:00:00,23.478208542,0.8807613567112834
10095,2019-11-25 15:00:00,23.451339722,0.871828693344976
10096,2019-11-25 16:00:00,23.411354065,0.8851183718019807
10097,2019-11-25 17:00:00,23.362049103,0.7325835647775542
10098,2019-11-25 18:00:00,23.307947159,0.25363192502663534
10099,2019-11-25 19:00:00,23.443065643,0.5078739219887771
10100,2019-11-25 20:00:00,23.619680405,0.2771640851110697
10101,2019-11-25 21:00:00,23.831474304,0.583900664921101
10102,2019-11-25 22:00:00,24.059612274,0.8218671649948638
10103,2019-11-25 23:00:00,24.292123795,0.6518487706193987
10104,2019-11-26 00:00:00,24.518526077,0.8398879575996968
10105,2019-11-26 01:00:00,25.145420074,0.13304059190415873
10106,2019-11-26 02:00:00,25.809179306,0.8183122715187314
10107,2019-11-26 03:00:00,26.459135056,0.5731950832226734
10108,2019-11-26 04:00:00,27.173322678,0.742864521950399
10109,2019-11-26 05:00:00,27.94486618,0.38015570837000023
10110,2019-11-26 06:00:00,28.793577194,0.9971743916543909
10111,2019-11-26 07:00:00,29.583496094,0.8057942756922887
10112,2019-11-26 08:00:00,30.374729156,0.012481305491042316
10113,2019-11-26 09:00:00,31.300125122,0.6659909475955966
10114,2019-11-26 10:00:00,32.18561554,0.1250546152890839
10115,2019-11-26 11:00:00,33.06734848,0.6525155031850279
10116,2019-11-26 12:00:00,34.066635132,0.014478785045387133
10117,2019-11-26 13:00:00,34.768089294,0.4176197908133338
10118,2019-11-26 14:00:00,35.340175629,0.45898096680315814
10119,2019-11-26 15:00:00,35.907234192,0.6394364571484239
10120,2019-11-26 16:00:00,36.448783875,0.5209639734453873
10121,2019-11-26 17:00:00,36.883041382,0.8253481992747186
10122,2019-11-26 18:00:00,37.382865906,0.24338809142094564
10123,2019-11-26 19:00:00,37.755432129,0.6979904805479723
10124,2019-11-26 20:00:00,38.062984467,0.4489920397793392
10125,2019-11-26 21:00:00,38.416015625,0.5143764221150608
10126,2019-11-26 22:00:00,38.753173828,0.5984415149263815
10127,2019-11-26 23:00:00,39.064437866,0.3248840094157097
10128,2019-11-27 00:00:00,39.329139709,0.5430809876935923
10129,2019-11-27 01:00:00,39.37600708,0.4368587936994398
10130,2019-11-27 02:00:00,39.417758942,0.7730478585392432
10131,2019-11-27 03:00:00,39.439125061,0.47290195424868675
10132,2019-11-27 04:00:00,39.509082794,0.62505786806846
10133,2019-11-27 05:00:00,39.578620911,0.5431975906975884
10134,2019-11-27 06:00:00,39.659721375,0.7089734240268232
10135,2019-11-27 07:00:00,39.718727112,0.05355473432254698
10136,2019-11-27 08:00:00,39.764518738,0.5198500794307398
10137,2019-11-27 09:00:00,39.823436737,0.7915261156429825
10138,2019-11-27 10:00:00,39.85760498,0.4634588382929714
10139,2019-11-27 11:00:00,39.890808105,0.5733365239325872
10140,2019-11-27 12:00:00,39.917243958,0.7692612245038439
10141,2019-11-27 13:00:00,39.959083557,0.39520953329631303
10142,2019-11-27 14:00:00,39.996406555,0.0405015707344375
10143,2019-11-27 15:00:00,40.001716614,0.09899404406001167
10144,2019-11-27 16:00:00,40.004615784,0.6067901945652256
10145,2019-11-27 17:00:00,40.008430481,0.5140844679610111
10146,2019-11-27 18:00:00,40.011146545,0.9888507886722557
10147,2019-11-27 19:00:00,40.1626091,0.3258332085383838
10148,2019-11-27 20:00:00,40.315925598,0.28872458087595976
10149,2019-11-27 21:00:00,40.458244324,0.2776912902700578
10150,2019-11-27 22:00:00,40.652637482,0.15790394994456358
10151,2019-11-27 23:00:00,40.83493042,0.6905889077971563
10152,2019-11-28 00:00:00,41.019332886,0.5582655733755341
10153,2019-11-28 01:00:00,41.483322144,0.9802244763177874
10154,2019-11-28 02:00:00,41.981903076,0.14184583397713835
10155,2019-11-28 03:00:00,42.528152466,0.009827268726509186
10156,2019-11-28 04:00:00,43.061695099,0.7449360528657375
10157,2019-11-28 05:00:00,43.602027893,0.8380487964617849
10158,2019-11-28 06:00:00,44.171779633,0.5350948847359318
10159,2019-11-28 07:00:00,44.6199646,0.5726853786503836
10160,2019-11-28 08:00:00,45.133781433,0.7028609653622565
10161,2019-11-28 09:00:00,45.648193359,0.035760862424299655
10162,2019-11-28 10:00:00,46.209121704,0.2809256703058095
10163,2019-11-28 11:00:00,46.735122681,0.6191780590818062
10164,2019-11-28 12:00:00,47.293365479,0.8531195520162674
10165,2019-11-28 13:00:00,47.519577026,0.5273134876074359
10166,2019-11-28 14:00:00,47.655349731,0.6635058578915637
10167,2019-11-28 15:00:00,47.730117798,0.4349470995331902
10168,2019-11-28 16:00:00,47.76361084,0.8622545963770056
10169,2019-11-28 17:00:00,47.766098022,0.9251791550005005
10170,2019-11-28 18:00:00,47.762172699,0.14605545420338018
10171,2019-11-28 19:00:00,47.806758881,0.8471183452169795
10172,2019-11-28 20:00:00,47.855205536,0.1731259253923677
10173,2019-11-28 21:00:00,47.912063599,0.29570343665231036
10174,2019-11-28 22:00:00,47.99143219,0.8801459039319628
10175,2019-11-28 23:00:00,48.068107605,0.9429300522484084
10176,2019-11-29 00:00:00,48.142066956,0.9697435522299976
10177,2019-11-29 01:00:00,48.29070282,0.5662910919559669
10178,2019-11-29 02:00:00,48.463546753,0.657897762486612
10179,2019-11-29 03:00:00,48.638313293,0.6608595935766118
10180,2019-11-29 04:00:00,48.821735382,0.4405886344918356
10181,2019-11-29 05:00:00,48.978797913,0.4569195327145269
10182,2019-11-29 06:00:00,49.14408493,0.96125288700935
10183,2019-11-29 07:00:00,49.369277954,0.023824097627056617
10184,2019-11-29 08:00:00,49.536193848,0.0075375376267184935
10185,2019-11-29 09:00:00,49.706874847,0.23811261350944246
10186,2019-11-29 10:00:00,49.938556671,0.8103898514386298
10187,2019-11-29 11:00:00,50.103309631,0.4055235563713161
10188,2019-11-29 12:00:00,50.321350098,0.36298058676773437
10189,2019-11-29 13:00:00,52.486381531,0.9442590215308652
10190,2019-11-29 14:00:00,54.519962311,0.9337853385107283
10191,2019-11-29 15:00:00,57.116569519,0.4785607395140743
10192,2019-11-29 16:00:00,60.132484436,0.653417691208555
10193,2019-11-29 17:00:00,62.511478424,0.7515453879885954
10194,2019-11-29 18:00:00,65.321006775,0.3466799831261891
10195,2019-11-29 19:00:00,67.279380798,0.1957622207467532
10196,2019-11-29 20:00:00,69.61806488,0.16806381414526705
10197,2019-11-29 21:00:00,71.484588623,0.18753511225220276
10198,2019-11-29 22:00:00,73.110267639,0.15158242973758373
10199,2019-11-29 23:00:00,74.633262634,0.31883938329333683
10200,2019-11-30 00:00:00,76.246917725,0.6948594294565102
10201,2019-11-30 01:00:00,76.930740356,0.6477298102730011
10202,2019-11-30 02:00:00,77.474761963,0.9229060140049494
10203,2019-11-30 03:00:00,78.068595886,0.8400810846757275
10204,2019-11-30 04:00:00,78.551635742,0.247900301919608
10205,2019-11-30 05:00:00,78.961639404,0.9134088652414412
10206,2019-11-30 06:00:00,79.289726257,0.16873049612299607
10207,2019-11-30 07:00:00,79.430686951,0.06332586968774478
10208,2019-11-30 08:00:00,79.537712097,0.8245904980376627
10209,2019-11-30 09:00:00,79.603942871,0.9134246993707861
10210,2019-11-30 10:00:00,79.663520813,0.7735740636309365
10211,2019-11-30 11:00:00,79.705253601,0.21702931148354276
10212,2019-11-30 12:00:00,79.74307251,0.17642579147816206
10213,2019-11-30 13:00:00,80.088424683,0.6343711870282958
10214,2019-11-30 14:00:00,80.371765137,0.680827896938299
10215,2019-11-30 15:00:00,80.612174988,0.24516500337374136
10216,2019-11-30 16:00:00,80.767570496,0.37032539822905
10217,2019-11-30 17:00:00,80.86530304,0.45292164150078185
10218,2019-11-30 18:00:00,80.957168579,0.3526087370791797
10219,2019-11-30 19:00:00,81.012367249,0.5923393672748929
10220,2019-11-30 20:00:00,81.062911987,0.0996198194039224
10221,2019-11-30 21:00:00,81.128555298,0.7630004578718206
10222,2019-11-30 22:00:00,81.187545776,0.655821466024043
10223,2019-11-30 23:00:00,81.264198303,0.7506193727248156
10224,2019-12-01 00:00:00,81.580505371,0.6467010919489257
10225,2019-12-01 01:00:00,81.601448059,0.6998761956109922
10226,2019-12-01 02:00:00,81.647232056,0.03285355595697115
10227,2019-12-01 03:00:00,81.685173035,0.5016712923028576
10228,2019-12-01 04:00:00,81.710617065,0.5639085092459624
10229,2019-12-01 05:00:00,81.730735779,0.5936827991551901
10230,2019-12-01 06:00:00,81.746307373,0.3407174270345994
10231,2019-12-01 07:00:00,81.761611938,0.42024241903966975
10232,2019-12-01 08:00:00,81.775482178,0.038903441113625314
10233,2019-12-01 09:00:00,81.787582397,0.004559364133867705
10234,2019-12-01 10:00:00,81.798072815,0.09770462380197287
10235,2019-12-01 11:00:00,81.806411743,0.3070918031483264
10236,2019-12-01 12:00:00,81.813224792,0.4594782762952617
10237,2019-12-01 13:00:00,81.82233429,0.12160196884608798
10238,2019-12-01 14:00:00,81.832267761,0.7948788927447412
10239,2019-12-01 15:00:00,81.829437256,0.4645896960999454
10240,2019-12-01 16:00:00,81.816360474,0.7514620381279777
10241,2019-12-01 17:00:00,81.79246521,0.4613529518802154
10242,2019-12-01 18:00:00,81.755142212,0.14674477762715443
10243,2019-12-01 19:00:00,81.72694397,0.7505845128149513
10244,2019-12-01 20:00:00,81.699356079,0.07992989391648342
10245,2019-12-01 21:00:00,81.679847717,0.2280586103613973
10246,2019-12-01 22:00:00,81.688598633,0.8847150702062012
10247,2019-12-01 23:00:00,81.69190979,0.28280966284750875
10248,2019-12-02 00:00:00,81.696296692,0.8070400609629819
10249,2019-12-02 01:00:00,81.699935913,0.09955572322472728
10250,2019-12-02 02:00:00,81.703140259,0.38256681675998805
10251,2019-12-02 03:00:00,81.708702087,0.6284893578221729
10252,2019-12-02 04:00:00,81.715026855,0.9720198223360333
10253,2019-12-02 05:00:00,81.718093872,0.10328015472909713
10254,2019-12-02 06:00:00,81.726753235,0.19986883773762665
10255,2019-12-02 07:00:00,81.728424072,0.815130543840273
10256,2019-12-02 08:00:00,81.738807678,0.020061516098276444
10257,2019-12-02 09:00:00,81.747146606,0.8668179848392067
10258,2019-12-02 10:00:00,81.75604248,0.5975479316272426
10259,2019-12-02 11:00:00,81.764450073,0.044524568953132726
10260,2019-12-02 12:00:00,81.773887634,0.012323778857563972
10261,2019-12-02 13:00:00,81.782585144,0.8141838833359433
10262,2019-12-02 14:00:00,81.791183472,0.7658815052872199
10263,2019-12-02 15:00:00,81.791748047,0.022512701314788885
10264,2019-12-02 16:00:00,81.781303406,0.13434650529228265
10265,2019-12-02 17:00:00,81.755172729,0.3146033500531069
10266,2019-12-02 18:00:00,81.720230103,0.6034819059031747
10267,2019-12-02 19:00:00,81.678161621,0.676265109133401
10268,2019-12-02 20:00:00,81.632698059,0.45984348060070324
10269,2019-12-02 21:00:00,81.607513428,0.49963034018164554
10270,2019-12-02 22:00:00,81.613502502,0.270507773653319
10271,2019-12-02 23:00:00,81.61743927,0.05663010851354289
10272,2019-12-03 00:00:00,81.616256714,0.8601361761657869
10273,2019-12-03 01:00:00,81.613418579,0.34638854211636205
10274,2019-12-03 02:00:00,81.602966309,0.7814717653507578
10275,2019-12-03 03:00:00,81.598236084,0.00774158265768965
10276,2019-12-03 04:00:00,81.59803772,0.5467717833649108
10277,2019-12-03 05:00:00,81.597709656,0.549245786862547
10278,2019-12-03 06:00:00,81.605438232,0.19526242969164898
10279,2019-12-03 07:00:00,81.615097046,0.07353139112269147
10280,2019-12-03 08:00:00,81.624893188,0.7109623319308053
10281,2019-12-03 09:00:00,81.633392334,0.5754886920548712
10282,2019-12-03 10:00:00,81.64025116,0.1549608008548512
10283,2019-12-03 11:00:00,81.645805359,0.4747800882467227
10284,2019-12-03 12:00:00,81.653244019,0.18098966572545505
10285,2019-12-03 13:00:00,81.66394043,0.48710340833800037
10286,2019-12-03 14:00:00,81.672485352,0.6512401324765996
10287,2019-12-03 15:00:00,81.670249939,0.10779323398468976
10288,2019-12-03 16:00:00,81.654426575,0.6293268229703538
10289,2019-12-03 17:00:00,81.628540039,0.8909408601357129
10290,2019-12-03 18:00:00,81.591583252,0.45407239570230173
10291,2019-12-03 19:00:00,81.554946899,0.8983137062559488
10292,2019-12-03 20:00:00,81.522125244,0.6542475963254795
10293,2019-12-03 21:00:00,81.499954224,0.6102105879306882
10294,2019-12-03 22:00:00,81.504714966,0.7952478231232295
10295,2019-12-03 23:00:00,81.5105896,0.03720853462483098
10296,2019-12-04 00:00:00,81.51663208,0.8418138318244819
10297,2019-12-04 01:00:00,81.524871826,0.7878849010386504
10298,2019-12-04 02:00:00,81.5338974,0.4147367565941601
10299,2019-12-04 03:00:00,81.541091919,0.9963590522758148
10300,2019-12-04 04:00:00,81.546707153,0.4756240792885368
10301,2019-12-04 05:00:00,81.551452637,0.24982008814047107
10302,2019-12-04 06:00:00,81.554290771,0.7613648132367894
10303,2019-12-04 07:00:00,81.558166504,0.07943246264984583
10304,2019-12-04 08:00:00,81.561294556,0.2146407010668322
10305,2019-12-04 09:00:00,81.56174469,0.6509058992717396
10306,2019-12-04 10:00:00,81.561691284,0.8451829182756122
10307,2019-12-04 11:00:00,81.560958862,0.49955278086289456
10308,2019-12-04 12:00:00,81.557762146,0.2621421313059452
10309,2019-12-04 13:00:00,81.555557251,0.4969698823425045
10310,2019-12-04 14:00:00,81.555953979,0.3116895893506323
10311,2019-12-04 15:00:00,81.547019958,0.6429715187165619
10312,2019-12-04 16:00:00,81.526679993,0.7907370222251825
10313,2019-12-04 17:00:00,81.499427795,0.17439808615274577
10314,2019-12-04 18:00:00,81.468887329,0.08598206219184257
10315,2019-12-04 19:00:00,81.745498657,0.6058545679702717
10316,2019-12-04 20:00:00,82.052452087,0.08264334560977404
10317,2019-12-04 21:00:00,82.38898468,0.3630174326546787
10318,2019-12-04 22:00:00,82.74747467,0.17237369693278637
10319,2019-12-04 23:00:00,83.0887146,0.20569672890889257
10320,2019-12-05 00:00:00,83.464614868,0.035877869609872715
10321,2019-12-05 01:00:00,83.655929565,0.2919284480259906
10322,2019-12-05 02:00:00,83.845069885,0.5982467790936387
10323,2019-12-05 03:00:00,84.067214966,0.2977339428742064
10324,2019-12-05 04:00:00,84.288658142,0.276374778681456
10325,2019-12-05 05:00:00,84.535354614,0.9329785716655782
10326,2019-12-05 06:00:00,84.75567627,0.4913846319922248
10327,2019-12-05 07:00:00,85.17325592,0.6464941468437394
10328,2019-12-05 08:00:00,85.603500366,0.4204807887742601
10329,2019-12-05 09:00:00,86.075775146,0.7389549611391879
10330,2019-12-05 10:00:00,86.518554688,0.5128239270751263
10331,2019-12-05 11:00:00,86.963745117,0.04121947875957277
10332,2019-12-05 12:00:00,87.401977539,0.9030233516750711
10333,2019-12-05 13:00:00,87.890220642,0.40332810338711245
10334,2019-12-05 14:00:00,88.382324219,0.5623467275030642
10335,2019-12-05 15:00:00,88.902267456,0.6866259729238096
10336,2019-12-05 16:00:00,89.403137207,0.60903831429884
10337,2019-12-05 17:00:00,89.897750854,0.3627699562688135
10338,2019-12-05 18:00:00,90.407318115,0.4293347384925804
10339,2019-12-05 19:00:00,91.028106689,0.9108789061166509
10340,2019-12-05 20:00:00,91.602592468,0.4735219161804024
10341,2019-12-05 21:00:00,92.165855408,0.3821216521863211
10342,2019-12-05 22:00:00,92.690658569,0.16971435903433696
10343,2019-12-05 23:00:00,93.109817505,0.9835303998191144
10344,2019-12-06 00:00:00,93.5519104,0.33056867462286565
10345,2019-12-06 01:00:00,93.641578674,0.03607444814246097
10346,2019-12-06 02:00:00,93.659484863,0.20359433645541403
10347,2019-12-06 03:00:00,93.671966553,0.4164859792048704
10348,2019-12-06 04:00:00,93.692840576,0.5326566502377105
10349,2019-12-06 05:00:00,93.721786499,0.5729794070977082
10350,2019-12-06 06:00:00,93.748260498,0.2533075457298024
10351,2019-12-06 07:00:00,93.810806274,0.775316429530409
10352,2019-12-06 08:00:00,93.950820923,0.7614063255484906
10353,2019-12-06 09:00:00,94.074645996,0.36619720735913797
10354,2019-12-06 10:00:00,94.185028076,0.16609949070714436
10355,2019-12-06 11:00:00,94.213806152,0.10994543329204642
10356,2019-12-06 12:00:00,94.223312378,0.5220409745988879
10357,2019-12-06 13:00:00,94.232849121,0.9662279119969
10358,2019-12-06 14:00:00,94.242729187,0.1545929418657549
10359,2019-12-06 15:00:00,94.259490967,0.6110652035685241
10360,2019-12-06 16:00:00,94.275665283,0.4403989285475661
10361,2019-12-06 17:00:00,94.289962769,0.8972027175360532
10362,2019-12-06 18:00:00,94.344543457,0.7181723829616566
10363,2019-12-06 19:00:00,94.424880981,0.3126441969695757
10364,2019-12-06 20:00:00,94.482208252,0.8901090279552555
10365,2019-12-06 21:00:00,94.545837402,0.4865887376745891
10366,2019-12-06 22:00:00,94.603881836,0.25333802541845074
10367,2019-12-06 23:00:00,94.620239258,0.48035944828984345
10368,2019-12-07 00:00:00,94.633987427,0.2717034575494066
10369,2019-12-07 01:00:00,94.642822266,0.08573755833444541
10370,2019-12-07 02:00:00,94.660369873,0.39997510522763124
10371,2019-12-07 03:00:00,94.691619873,0.8908152641175912
10372,2019-12-07 04:00:00,94.721694946,0.6368475426521554
10373,2019-12-07 05:00:00,94.748504639,0.6826628024370642
10374,2019-12-07 06:00:00,94.770050049,0.08108852101603348
10375,2019-12-07 07:00:00,94.788803101,0.29829022107945957
10376,2019-12-07 08:00:00,94.805229187,0.31539237716078716
10377,2019-12-07 09:00:00,94.813224792,0.7224903148848509
10378,2019-12-07 10:00:00,94.812835693,0.4971303349850774
10379,2019-12-07 11:00:00,94.812042236,0.18686973896337833
10380,2019-12-07 12:00:00,94.810333252,0.7653654317997641
10381,2019-12-07 13:00:00,94.807266235,0.10941523913683127
10382,2019-12-07 14:00:00,94.807434082,0.30589811541400447
10383,2019-12-07 15:00:00,94.79511261,0.513174239551114
10384,2019-12-07 16:00:00,94.773635864,0.887692830002701
10385,2019-12-07 17:00:00,94.751953125,0.5577926857074228
10386,2019-12-07 18:00:00,94.720245361,0.2198828316541278
10387,2019-12-07 19:00:00,94.683372498,0.7162334365644083
10388,2019-12-07 20:00:00,94.649871826,0.09091628497343762
10389,2019-12-07 21:00:00,94.628372192,0.46836728184827514
10390,2019-12-07 22:00:00,94.642944336,0.1742700530347805
10391,2019-12-07 23:00:00,94.653793335,0.4882207520337253
10392,2019-12-08 00:00:00,94.657943726,0.5029427540331934
10393,2019-12-08 01:00:00,94.891494751,0.3147322439200393
10394,2019-12-08 02:00:00,95.137649536,0.6513007695626852
10395,2019-12-08 03:00:00,95.409851074,0.900068706433075
10396,2019-12-08 04:00:00,95.694290161,0.3479802645632868
10397,2019-12-08 05:00:00,95.9740448,0.5161401446305678
10398,2019-12-08 06:00:00,96.247024536,0.842115465120463
10399,2019-12-08 07:00:00,96.646316528,0.28391181124539866
10400,2019-12-08 08:00:00,97.062591553,0.6853153372796768
10401,2019-12-08 09:00:00,97.494346619,0.006848062458655879
10402,2019-12-08 10:00:00,97.930236816,0.6316001577310794
10403,2019-12-08 11:00:00,98.370643616,0.33237685746743206
10404,2019-12-08 12:00:00,98.830497742,0.2513564118189149
10405,2019-12-08 13:00:00,100.031112671,0.11873633937719386
10406,2019-12-08 14:00:00,101.280685425,0.17187515479062587
10407,2019-12-08 15:00:00,102.529266357,0.2311845392902273
10408,2019-12-08 16:00:00,103.680496216,0.25886470690272856
10409,2019-12-08 17:00:00,104.850769043,0.19159914230186081
10410,2019-12-08 18:00:00,106.111869812,0.8766844317598043
10411,2019-12-08 19:00:00,107.503540039,0.08208484694010765
10412,2019-12-08 20:00:00,108.836662292,0.08316986856414033
10413,2019-12-08 21:00:00,110.139633179,0.7609942806978273
10414,2019-12-08 22:00:00,111.299423218,0.6833159293434039
10415,2019-12-08 23:00:00,112.418228149,0.6083112529702722
10416,2019-12-09 00:00:00,113.647483826,0.20922369438576593
10417,2019-12-09 01:00:00,114.560760498,0.8112921036179955
10418,2019-12-09 02:00:00,115.578353882,0.9479219010056391
10419,2019-12-09 03:00:00,116.518890381,0.2116407265457082
10420,2019-12-09 04:00:00,117.481246948,0.41563269303782147
10421,2019-12-09 05:00:00,118.333129883,0.3179193366790415
10422,2019-12-09 06:00:00,119.04447937,0.5352682520018863
10423,2019-12-09 07:00:00,119.523696899,0.028273567760098928
10424,2019-12-09 08:00:00,120.138130188,0.06823398074455822
10425,2019-12-09 09:00:00,120.569854736,0.3276931562669174
10426,2019-12-09 10:00:00,121.014900208,0.766648358414964
10427,2019-12-09 11:00:00,121.508628845,0.5422841635717276
10428,2019-12-09 12:00:00,121.906257629,0.3609125077289904
10429,2019-12-09 13:00:00,122.034362793,0.6836176116066124
10430,2019-12-09 14:00:00,122.161651611,0.216486342730274
10431,2019-12-09 15:00:00,122.280082703,0.9112363188959803
10432,2019-12-09 16:00:00,122.410064697,0.5686532558610359
10433,2019-12-09 17:00:00,122.44644165,0.8650690572595052
10434,2019-12-09 18:00:00,122.505516052,0.4028499995836603
10435,2019-12-09 19:00:00,122.568870544,0.4883579975413729
10436,2019-12-09 20:00:00,122.668037415,0.33454512511085954
10437,2019-12-09 21:00:00,122.760047913,0.816551718844293
10438,2019-12-09 22:00:00,122.829345703,0.04384766912926108
10439,2019-12-09 23:00:00,122.911369324,0.3027843786526734
10440,2019-12-10 00:00:00,122.994377136,0.055956120243188856
10441,2019-12-10 01:00:00,123.093505859,0.7800747209902104
10442,2019-12-10 02:00:00,123.161453247,0.3366072890318258
10443,2019-12-10 03:00:00,123.259269714,0.7532409825896292
10444,2019-12-10 04:00:00,123.3646698,0.34929766756291725
10445,2019-12-10 05:00:00,123.448776245,0.8061040907445294
10446,2019-12-10 06:00:00,123.500793457,0.11275926395074887
10447,2019-12-10 07:00:00,123.544219971,0.5013236967213859
10448,2019-12-10 08:00:00,123.575843811,0.5859932425374713
10449,2019-12-10 09:00:00,123.590675354,0.4142762551448975
10450,2019-12-10 10:00:00,123.602035522,0.007960837303644275
10451,2019-12-10 11:00:00,123.616638184,0.7732537394165039
10452,2019-12-10 12:00:00,123.635391235,0.5565821145673164
10453,2019-12-10 13:00:00,123.650512695,0.10984660212134478
10454,2019-12-10 14:00:00,123.666091919,0.5720469805847369
10455,2019-12-10 15:00:00,123.685012817,0.04222752051531553
10456,2019-12-10 16:00:00,123.695861816,0.799300366429883
10457,2019-12-10 17:00:00,123.692344666,0.1605694503517041
10458,2019-12-10 18:00:00,123.675132751,0.17821301873798345
10459,2019-12-10 19:00:00,123.659225464,0.34606584763799186
10460,2019-12-10 20:00:00,123.649536133,0.510127697319058
10461,2019-12-10 21:00:00,123.646682739,0.1631568111068702
10462,2019-12-10 22:00:00,123.663299561,0.7216103867258911
10463,2019-12-10 23:00:00,123.672668457,0.43605493157823894
10464,2019-12-11 00:00:00,123.680160522,0.8383680148221468
10465,2019-12-11 01:00:00,123.687889099,0.23603211603109386
10466,2019-12-11 02:00:00,123.69695282,0.47601610834124497
10467,2019-12-11 03:00:00,123.701751709,0.8701602563126625
10468,2019-12-11 04:00:00,123.705612183,0.08050341655773163
10469,2019-12-11 05:00:00,123.708816528,0.7710137166254416
10470,2019-12-11 06:00:00,123.712928772,0.35169506495919534
10471,2019-12-11 07:00:00,123.718391418,0.6824429727391613
10472,2019-12-11 08:00:00,123.723991394,0.8747998729570879
10473,2019-12-11 09:00:00,123.729255676,0.2397723450239927
10474,2019-12-11 10:00:00,123.732063293,0.5524934607991875
10475,2019-12-11 11:00:00,123.73815918,0.20795039049343844
10476,2019-12-11 12:00:00,123.744491577,0.8743135440898943
10477,2019-12-11 13:00:00,123.750450134,0.4049547648194751
10478,2019-12-11 14:00:00,123.755317688,0.6969436613202774
10479,2019-12-11 15:00:00,123.751876831,0.6007523144882825
10480,2019-12-11 16:00:00,123.728805542,0.616275836873891
10481,2019-12-11 17:00:00,123.696350098,0.08191561103493616
10482,2019-12-11 18:00:00,123.646057129,0.7539433428027943
10483,2019-12-11 19:00:00,123.593185425,0.779464555931071
10484,2019-12-11 20:00:00,123.542861938,0.8720400881260167
10485,2019-12-11 21:00:00,123.50302887,0.04944378661066451
10486,2019-12-11 22:00:00,123.507598877,0.22005100524511378
10487,2019-12-11 23:00:00,123.505737305,0.3114054246602682
10488,2019-12-12 00:00:00,123.507705688,0.772273344999826
10489,2019-12-12 01:00:00,123.512428284,0.3063548271908817
10490,2019-12-12 02:00:00,123.517677307,0.026545812751365805
10491,2019-12-12 03:00:00,123.523574829,0.7155418293924881
10492,2019-12-12 04:00:00,123.528686523,0.5771695572322079
10493,2019-12-12 05:00:00,123.534553528,0.5461778333884313
10494,2019-12-12 06:00:00,123.53968811,0.7710880617736845
10495,2019-12-12 07:00:00,123.543998718,0.29979103196561274
10496,2019-12-12 08:00:00,123.548568726,0.10064122553630217
10497,2019-12-12 09:00:00,123.554222107,0.6609188255236951
10498,2019-12-12 10:00:00,123.560127258,0.26847280363552484
10499,2019-12-12 11:00:00,123.566390991,0.13049602860086928
10500,2019-12-12 12:00:00,123.571914673,0.3900402553569057
10501,2019-12-12 13:00:00,123.5782547,0.03656395241040011
10502,2019-12-12 14:00:00,123.584487915,0.43923845227273983
10503,2019-12-12 15:00:00,123.585189819,0.6453643294634278
10504,2019-12-12 16:00:00,123.578155518,0.5869172122620623
10505,2019-12-12 17:00:00,123.564605713,0.6700271918264046
10506,2019-12-12 18:00:00,123.539550781,0.12444852024436104
10507,2019-12-12 19:00:00,123.739181519,0.47912950051211867
10508,2019-12-12 20:00:00,123.956451416,0.3093508187739329
10509,2019-12-12 21:00:00,124.182731628,0.18252196119440123
10510,2019-12-12 22:00:00,124.459259033,0.8702402084740157
10511,2019-12-12 23:00:00,124.715560913,0.7993097368895274
10512,2019-12-13 00:00:00,124.981506348,0.6556183952520489
10513,2019-12-13 01:00:00,125.181594849,0.796125223339567
10514,2019-12-13 02:00:00,125.371765137,0.14431075681796535
10515,2019-12-13 03:00:00,125.559555054,0.13381974448030398
10516,2019-12-13 04:00:00,125.752700806,0.42624147808389623
10517,2019-12-13 05:00:00,125.953414917,0.9179170965127552
10518,2019-12-13 06:00:00,126.160446167,0.4268266322981423
10519,2019-12-13 07:00:00,126.375709534,0.07296152151693425
10520,2019-12-13 08:00:00,126.627708435,0.3029633572749323
10521,2019-12-13 09:00:00,126.851547241,0.8540291534837527
10522,2019-12-13 10:00:00,127.135421753,0.061733509793866714
10523,2019-12-13 11:00:00,127.43119812,0.9905444151694877
10524,2019-12-13 12:00:00,127.725234985,0.9932510625826937
10525,2019-12-13 13:00:00,128.078903198,0.3890250489601731
10526,2019-12-13 14:00:00,128.44329834,0.6343099870084077
10527,2019-12-13 15:00:00,128.929168701,0.6597486496573515
10528,2019-12-13 16:00:00,129.358642578,0.7232899917755864
10529,2019-12-13 17:00:00,129.794555664,0.006626593148869375
10530,2019-12-13 18:00:00,130.195953369,0.1927563603705762
10531,2019-12-13 19:00:00,130.471176147,0.07731177187270633
10532,2019-12-13 20:00:00,130.717300415,0.047563432566160024
10533,2019-12-13 21:00:00,130.928359985,0.10310996284814666
10534,2019-12-13 22:00:00,131.11895752,0.6728219210371104
10535,2019-12-13 23:00:00,131.315750122,0.22956524635667608
10536,2019-12-14 00:00:00,131.493347168,0.09271120879775985
10537,2019-12-14 01:00:00,131.691345215,0.0058415524866964885
10538,2019-12-14 02:00:00,131.869125366,0.9924038014000882
10539,2019-12-14 03:00:00,132.065063477,0.9466025277610188
10540,2019-12-14 04:00:00,132.288574219,0.9312920251329236
10541,2019-12-14 05:00:00,132.540039062,0.06988645415351002
10542,2019-12-14 06:00:00,132.78616333,0.4635693246403384
10543,2019-12-14 07:00:00,133.153167725,0.43570085805925773
10544,2019-12-14 08:00:00,133.537521362,0.9043668276193791
10545,2019-12-14 09:00:00,133.91229248,0.07702913369341746
10546,2019-12-14 10:00:00,134.284057617,0.108563754848092
10547,2019-12-14 11:00:00,134.695922852,0.4018137692084265
10548,2019-12-14 12:00:00,135.120285034,0.4259476710709642
10549,2019-12-14 13:00:00,135.406906128,0.3689848416714624
10550,2019-12-14 14:00:00,135.696853638,0.8496995748999037
10551,2019-12-14 15:00:00,135.941436768,0.6412469298904461
10552,2019-12-14 16:00:00,136.166091919,0.862395439738825
10553,2019-12-14 17:00:00,136.376586914,0.26334891154443363
10554,2019-12-14 18:00:00,136.584396362,0.4955865725606893
10555,2019-12-14 19:00:00,136.969146729,0.09882629004310017
10556,2019-12-14 20:00:00,137.407272339,0.24233937967707475
10557,2019-12-14 21:00:00,137.845932007,0.8350993567189186
10558,2019-12-14 22:00:00,138.273712158,0.613162107259994
10559,2019-12-14 23:00:00,138.675979614,0.41560436331746275
10560,2019-12-15 00:00:00,139.062713623,0.2090509871578884
10561,2019-12-15 01:00:00,139.347351074,0.5215011413826582
10562,2019-12-15 02:00:00,139.633407593,0.9074321512579091
10563,2019-12-15 03:00:00,139.921081543,0.6291221130745169
10564,2019-12-15 04:00:00,140.19329834,0.5612109238448957
10565,2019-12-15 05:00:00,140.473617554,0.382385821060478
10566,2019-12-15 06:00:00,140.750610352,0.572349284051329
10567,2019-12-15 07:00:00,140.985824585,0.34406894172861435
10568,2019-12-15 08:00:00,141.205764771,0.012213028476370513
10569,2019-12-15 09:00:00,141.400665283,0.3665340531054774
10570,2019-12-15 10:00:00,141.635681152,0.9676886552079974
10571,2019-12-15 11:00:00,141.864227295,0.7275300802622837
10572,2019-12-15 12:00:00,142.091033936,0.31567598976459643
10573,2019-12-15 13:00:00,142.42036438,0.7527698013215917
10574,2019-12-15 14:00:00,142.729370117,0.35860597547860174
10575,2019-12-15 15:00:00,142.930633545,0.814164259416412
10576,2019-12-15 16:00:00,143.127792358,0.824056404629868
10577,2019-12-15 17:00:00,143.342437744,0.7646670362949564
10578,2019-12-15 18:00:00,143.580154419,0.5423059947344653
10579,2019-12-15 19:00:00,143.791107178,0.6127375592864188
10580,2019-12-15 20:00:00,144.034912109,0.28602990228449643
10581,2019-12-15 21:00:00,144.314300537,0.5719613054428916
10582,2019-12-15 22:00:00,144.651885986,0.4457162598268293
10583,2019-12-15 23:00:00,144.942886353,0.9285083547997758
10584,2019-12-16 00:00:00,145.188446045,0.5895774733155069
10585,2019-12-16 01:00:00,145.373443604,0.4075827028320066
10586,2019-12-16 02:00:00,145.594100952,0.541579641658015
10587,2019-12-16 03:00:00,145.893539429,0.9528040509663207
10588,2019-12-16 04:00:00,146.199645996,0.9123887357995552
10589,2019-12-16 05:00:00,146.491241455,0.7149745716499147
10590,2019-12-16 06:00:00,146.756546021,0.08882743265830229
10591,2019-12-16 07:00:00,146.859176636,0.9402283545732996
10592,2019-12-16 08:00:00,146.953765869,0.6531504459856691
10593,2019-12-16 09:00:00,147.030227661,0.417461011025674
10594,2019-12-16 10:00:00,147.083877563,0.03911010495083411
10595,2019-12-16 11:00:00,147.144378662,0.16333481322958843
10596,2019-12-16 12:00:00,147.219451904,0.115004936870865
10597,2019-12-16 13:00:00,147.280639648,0.6147828348152083
10598,2019-12-16 14:00:00,147.323608398,0.25531862306802056
10599,2019-12-16 15:00:00,147.348052979,0.18109444028019106
10600,2019-12-16 16:00:00,147.372375488,0.7609112556612129
10601,2019-12-16 17:00:00,147.385070801,0.9741501804334285
10602,2019-12-16 18:00:00,147.386062622,0.09335016055931045
10603,2019-12-16 19:00:00,147.383880615,0.7284056508332221
10604,2019-12-16 20:00:00,147.374633789,0.8896950995224999
10605,2019-12-16 21:00:00,147.374679565,0.17780226768955254
10606,2019-12-16 22:00:00,147.39666748,0.9706146667373097
10607,2019-12-16 23:00:00,147.41746521,0.618427048141805
10608,2019-12-17 00:00:00,147.435821533,0.8585389357716882
10609,2019-12-17 01:00:00,147.460189819,0.29160781544927894
10610,2019-12-17 02:00:00,147.490036011,0.25721140876220294
10611,2019-12-17 03:00:00,147.52331543,0.048843297888203074
10612,2019-12-17 04:00:00,147.547622681,0.27955083688189175
10613,2019-12-17 05:00:00,147.567565918,0.20450910282210966
10614,2019-12-17 06:00:00,147.582839966,0.3820297714254772
10615,2019-12-17 07:00:00,147.596801758,0.4809800987433488
10616,2019-12-17 08:00:00,147.609191895,0.14470276779353475
10617,2019-12-17 09:00:00,147.618164062,0.985200551806633
10618,2019-12-17 10:00:00,147.626617432,0.2824289394009222
10619,2019-12-17 11:00:00,147.636703491,0.7953518855367127
10620,2019-12-17 12:00:00,147.641311646,0.3138880153129101
10621,2019-12-17 13:00:00,147.641357422,0.2609353133655028
10622,2019-12-17 14:00:00,147.638702393,0.522389387662164
10623,2019-12-17 15:00:00,147.63269043,0.3518191426153834
10624,2019-12-17 16:00:00,147.621490479,0.7140700604314103
10625,2019-12-17 17:00:00,147.604873657,0.8712600763020452
10626,2019-12-17 18:00:00,147.577011108,0.7097280611419885
10627,2019-12-17 19:00:00,147.543334961,0.44368585517664916
10628,2019-12-17 20:00:00,147.514144897,0.39181104635446484
10629,2019-12-17 21:00:00,147.492660522,0.7451916859726178
10630,2019-12-17 22:00:00,147.499404907,0.4954019647277963
10631,2019-12-17 23:00:00,147.505218506,0.6961979946562367
10632,2019-12-18 00:00:00,147.509902954,0.6843471237455712
10633,2019-12-18 01:00:00,147.513824463,0.4763319837499267
10634,2019-12-18 02:00:00,147.515213013,0.7771298150792249
10635,2019-12-18 03:00:00,147.515274048,0.1277007236161376
10636,2019-12-18 04:00:00,147.514221191,0.9422067604805668
10637,2019-12-18 05:00:00,147.506408691,0.8696078572462124
10638,2019-12-18 06:00:00,147.500289917,0.4282252985372498
10639,2019-12-18 07:00:00,147.486999512,0.7411638151503209
10640,2019-12-18 08:00:00,147.482925415,0.5566709246054203
10641,2019-12-18 09:00:00,147.481430054,0.00427971863459331
10642,2019-12-18 10:00:00,147.475296021,0.0848455501942521
10643,2019-12-18 11:00:00,147.477233887,0.36880060810301096
10644,2019-12-18 12:00:00,147.479232788,0.207156558434748
10645,2019-12-18 13:00:00,147.477630615,0.8135750955546756
10646,2019-12-18 14:00:00,147.47618103,0.661394045952679
10647,2019-12-18 15:00:00,147.466766357,0.29712983648160596
10648,2019-12-18 16:00:00,147.441574097,0.46776669121229164
10649,2019-12-18 17:00:00,147.398590088,0.7213678057401856
10650,2019-12-18 18:00:00,147.353881836,0.09184796459720312
10651,2019-12-18 19:00:00,147.295135498,0.047807549466953425
10652,2019-12-18 20:00:00,147.233810425,0.9037538432969913
10653,2019-12-18 21:00:00,147.188766479,0.8783696974098991
10654,2019-12-18 22:00:00,147.165512085,0.793158517135806
10655,2019-12-18 23:00:00,147.135147095,0.09722190315199664
10656,2019-12-19 00:00:00,147.102966309,0.10814935183291774
10657,2019-12-19 01:00:00,147.07409668,0.30047703501389056
10658,2019-12-19 02:00:00,147.042709351,0.4062307048006706
10659,2019-12-19 03:00:00,147.008789062,0.32297090996311184
10660,2019-12-19 04:00:00,146.97177124,0.1451692454609641
10661,2019-12-19 05:00:00,146.942520142,0.8214898567824668
10662,2019-12-19 06:00:00,146.908721924,0.8751531933433639
10663,2019-12-19 07:00:00,146.878616333,0.318033136629169
10664,2019-12-19 08:00:00,146.849349976,0.27754040008671754
10665,2019-12-19 09:00:00,146.817825317,0.16893187628578443
10666,2019-12-19 10:00:00,146.785858154,0.453005548731535
10667,2019-12-19 11:00:00,146.76159668,0.055648917420349275
10668,2019-12-19 12:00:00,146.742980957,0.9808904100554732
10669,2019-12-19 13:00:00,146.735610962,0.4985248476845533
10670,2019-12-19 14:00:00,146.718185425,0.32437865181361836
10671,2019-12-19 15:00:00,146.700012207,0.7984294145555278
10672,2019-12-19 16:00:00,146.676605225,0.31678135140165786
10673,2019-12-19 17:00:00,146.646453857,0.9292882970410657
10674,2019-12-19 18:00:00,146.606689453,0.6978766856285848
10675,2019-12-19 19:00:00,146.56652832,0.9206762146670726
10676,2019-12-19 20:00:00,146.527755737,0.12821666684895383
10677,2019-12-19 21:00:00,146.505172729,0.04068968661977845
10678,2019-12-19 22:00:00,146.510925293,0.8116227515643768
10679,2019-12-19 23:00:00,146.517913818,0.5844239740305821
10680,2019-12-20 00:00:00,146.520782471,0.018690197012068865
10681,2019-12-20 01:00:00,146.524795532,0.6171110936524582
10682,2019-12-20 02:00:00,146.525665283,0.7815595724900232
10683,2019-12-20 03:00:00,146.521209717,0.9382042955095898
10684,2019-12-20 04:00:00,146.522460938,0.1155710819385698
10685,2019-12-20 05:00:00,146.526092529,0.15730310281015225
10686,2019-12-20 06:00:00,146.528915405,0.25360958441091996
10687,2019-12-20 07:00:00,146.523330688,0.02966480864113108
10688,2019-12-20 08:00:00,146.513442993,0.7909752402213671
10689,2019-12-20 09:00:00,146.514678955,0.14265812575677705
10690,2019-12-20 10:00:00,146.511611938,0.10838640062226401
10691,2019-12-20 11:00:00,146.515487671,0.0428102114803508
10692,2019-12-20 12:00:00,146.520202637,0.8715972425194476
10693,2019-12-20 13:00:00,146.515335083,0.5601282791416813
10694,2019-12-20 14:00:00,146.504943848,0.3926446612354205
10695,2019-12-20 15:00:00,146.501953125,0.5700281303729298
10696,2019-12-20 16:00:00,146.489486694,0.07203095071725418
10697,2019-12-20 17:00:00,146.448547363,0.7471278334261502
10698,2019-12-20 18:00:00,146.391693115,0.646433198455476
10699,2019-12-20 19:00:00,146.327301025,0.11723183667282155
10700,2019-12-20 20:00:00,146.270950317,0.898724473047506
10701,2019-12-20 21:00:00,146.237823486,0.18593600536366406
10702,2019-12-20 22:00:00,146.241958618,0.4348240000879904
10703,2019-12-20 23:00:00,146.243728638,0.7621107920393101
10704,2019-12-21 00:00:00,146.248565674,0.483597896312311
10705,2019-12-21 01:00:00,146.249084473,0.5167621202656658
10706,2019-12-21 02:00:00,146.244277954,0.966134969391752
10707,2019-12-21 03:00:00,146.239440918,0.2133925866173405
10708,2019-12-21 04:00:00,146.237976074,0.4595500825197649
10709,2019-12-21 05:00:00,146.236907959,0.44584699340778067
10710,2019-12-21 06:00:00,146.236907959,0.6951699602731187
10711,2019-12-21 07:00:00,146.235977173,0.04902016211359139
10712,2019-12-21 08:00:00,146.227386475,0.4537018931225756
10713,2019-12-21 09:00:00,146.212173462,0.9010815627538556
10714,2019-12-21 10:00:00,146.209289551,0.7538616378965507
10715,2019-12-21 11:00:00,146.204925537,0.587718275536379
10716,2019-12-21 12:00:00,146.204833984,0.48393131648763266
10717,2019-12-21 13:00:00,146.203277588,0.5140443480407538
10718,2019-12-21 14:00:00,146.203125,0.874460251526904
10719,2019-12-21 15:00:00,146.201156616,0.7087781271275339
10720,2019-12-21 16:00:00,146.180145264,0.2576228081943237
10721,2019-12-21 17:00:00,146.157058716,0.559437116029586
10722,2019-12-21 18:00:00,146.122680664,0.24314282045825286
10723,2019-12-21 19:00:00,146.067687988,0.4466528134495614
10724,2019-12-21 20:00:00,146.021331787,0.11942133081754969
10725,2019-12-21 21:00:00,145.992370605,0.0886239778922171
10726,2019-12-21 22:00:00,145.995529175,0.27972196480297673
10727,2019-12-21 23:00:00,145.998596191,0.49072745994354683
10728,2019-12-22 00:00:00,146.000061035,0.06202625206112089
10729,2019-12-22 01:00:00,145.999313354,0.9863309447081823
10730,2019-12-22 02:00:00,145.999938965,0.5731604253985841
10731,2019-12-22 03:00:00,146.000778198,0.447216441539088
10732,2019-12-22 04:00:00,146.001556396,0.4611607521192298
10733,2019-12-22 05:00:00,146.001953125,0.4791629902902279
10734,2019-12-22 06:00:00,146.002212524,0.10370794042524856
10735,2019-12-22 07:00:00,146.001663208,0.195368899170563
10736,2019-12-22 08:00:00,146.001037598,0.2335523864636656
10737,2019-12-22 09:00:00,146.000259399,0.02950318196836088
10738,2019-12-22 10:00:00,146.0,0.5169489287502123
10739,2019-12-22 11:00:00,145.996459961,0.7925867430204877
10740,2019-12-22 12:00:00,145.992294312,0.06141604558829139
10741,2019-12-22 13:00:00,145.985366821,0.6457304127963995
10742,2019-12-22 14:00:00,145.979400635,0.42545344788749107
10743,2019-12-22 15:00:00,145.973709106,0.21350953400233186
10744,2019-12-22 16:00:00,145.944015503,0.4334321492360713
10745,2019-12-22 17:00:00,145.905105591,0.2038103302768417
10746,2019-12-22 18:00:00,145.858886719,0.8840530168759334
10747,2019-12-22 19:00:00,145.802688599,0.7590130756715755
10748,2019-12-22 20:00:00,145.725997925,0.5996229175844712
10749,2019-12-22 21:00:00,145.671966553,0.9007827017950646
10750,2019-12-22 22:00:00,145.664398193,0.12498133707939207
10751,2019-12-22 23:00:00,145.656295776,0.8745714465292501
10752,2019-12-23 00:00:00,145.647079468,0.95820564365235
10753,2019-12-23 01:00:00,145.630737305,0.1629146313061941
10754,2019-12-23 02:00:00,145.621612549,0.0661567788507279
10755,2019-12-23 03:00:00,145.611419678,0.6575807754621454
10756,2019-12-23 04:00:00,145.608535767,0.19521619335278073
10757,2019-12-23 05:00:00,145.603530884,0.26078412274267404
10758,2019-12-23 06:00:00,145.602462769,0.5336794145529808
10759,2019-12-23 07:00:00,145.604507446,0.004794830896470148
10760,2019-12-23 08:00:00,145.607040405,0.27879156423834717
10761,2019-12-23 09:00:00,145.609924316,0.4687407034075959
10762,2019-12-23 10:00:00,145.613372803,0.22469362547243388
10763,2019-12-23 11:00:00,145.59866333,0.04989090188133649
10764,2019-12-23 12:00:00,145.573745728,0.9440566002987506
10765,2019-12-23 13:00:00,145.547851562,0.7252917322199638
10766,2019-12-23 14:00:00,145.527236938,0.937872685296996
10767,2019-12-23 15:00:00,145.50567627,0.1477235033267622
10768,2019-12-23 16:00:00,145.468109131,0.6805030942908665
10769,2019-12-23 17:00:00,145.417541504,0.1637029404734437
10770,2019-12-23 18:00:00,145.372390747,0.6942750914782123
10771,2019-12-23 19:00:00,145.324966431,0.29537730004832397
10772,2019-12-23 20:00:00,145.284591675,0.742820577321614
10773,2019-12-23 21:00:00,145.261474609,0.6835659053027483
10774,2019-12-23 22:00:00,145.269683838,0.8455653020574321
10775,2019-12-23 23:00:00,145.291824341,0.9336946516094177
10776,2019-12-24 00:00:00,145.301879883,0.02919210679181783
10777,2019-12-24 01:00:00,145.340164185,0.9600057020269634
10778,2019-12-24 02:00:00,145.380661011,0.9690183953411028
10779,2019-12-24 03:00:00,145.429626465,0.5335730842725797
10780,2019-12-24 04:00:00,145.486694336,0.389824247969902
10781,2019-12-24 05:00:00,145.556060791,0.586029995592062
10782,2019-12-24 06:00:00,145.625396729,0.19919721267408652
10783,2019-12-24 07:00:00,145.696029663,0.6596600837571868
10784,2019-12-24 08:00:00,145.772323608,0.6020225187722236
10785,2019-12-24 09:00:00,145.86428833,0.82881229794272
10786,2019-12-24 10:00:00,145.959533691,0.7339473236307136
10787,2019-12-24 11:00:00,146.033996582,0.8170570276909382
10788,2019-12-24 12:00:00,146.107910156,0.6329399247232551
10789,2019-12-24 13:00:00,146.493942261,0.48677725061752386
10790,2019-12-24 14:00:00,146.889343262,0.950661472035498
10791,2019-12-24 15:00:00,147.258514404,0.1768128296469107
10792,2019-12-24 16:00:00,147.632202148,0.676358571591661
10793,2019-12-24 17:00:00,148.021240234,0.07946290043205861
10794,2019-12-24 18:00:00,148.532150269,0.05610307901114342
10795,2019-12-24 19:00:00,149.174819946,0.703089609975241
10796,2019-12-24 20:00:00,149.859176636,0.6820305447673831
10797,2019-12-24 21:00:00,150.416381836,0.8834401826288677
10798,2019-12-24 22:00:00,150.976196289,0.9371685598865418
10799,2019-12-24 23:00:00,151.46987915,0.8360869895614041
10800,2019-12-25 00:00:00,151.979003906,0.5998121327956748
10801,2019-12-25 01:00:00,152.457138062,0.9783947149673957
10802,2019-12-25 02:00:00,153.008666992,0.37355409769135317
10803,2019-12-25 03:00:00,153.429779053,0.24795724452175483
10804,2019-12-25 04:00:00,153.899108887,0.4864140838803763
10805,2019-12-25 05:00:00,154.373535156,0.40737628632355183
10806,2019-12-25 06:00:00,154.82043457,0.2736014792247433
10807,2019-12-25 07:00:00,155.028411865,0.8020176368266712
10808,2019-12-25 08:00:00,155.23991394,0.6862182254086314
10809,2019-12-25 09:00:00,155.445571899,0.8673232561936073
10810,2019-12-25 10:00:00,155.664154053,0.21621388935385122
10811,2019-12-25 11:00:00,155.88293457,0.07881366910111975
10812,2019-12-25 12:00:00,156.149154663,0.32844532455518116
10813,2019-12-25 13:00:00,156.655319214,0.5078401331863938
10814,2019-12-25 14:00:00,157.201370239,0.6563888228271794
10815,2019-12-25 15:00:00,157.816802979,0.5732316214754243
10816,2019-12-25 16:00:00,158.442718506,0.10432425718249394
10817,2019-12-25 17:00:00,159.027954102,0.7063565925146819
10818,2019-12-25 18:00:00,159.542144775,0.3651074376606165
10819,2019-12-25 19:00:00,159.738983154,0.44796282879489546
10820,2019-12-25 20:00:00,159.975280762,0.6763276722629532
10821,2019-12-25 21:00:00,160.18031311,0.5703949243692464
10822,2019-12-25 22:00:00,160.327636719,0.6023631582286659
10823,2019-12-25 23:00:00,160.454589844,0.5218778376445065
10824,2019-12-26 00:00:00,160.606674194,0.5284805958907741
10825,2019-12-26 01:00:00,160.674804688,0.046183423948441105
10826,2019-12-26 02:00:00,160.743469238,0.3190127020804502
10827,2019-12-26 03:00:00,160.791305542,0.9127627163542232
10828,2019-12-26 04:00:00,160.840057373,0.6088857052919238
10829,2019-12-26 05:00:00,160.867095947,0.3825795270176764
10830,2019-12-26 06:00:00,160.908050537,0.8720490223661257
10831,2019-12-26 07:00:00,161.020111084,0.5554580696764305
10832,2019-12-26 08:00:00,161.131164551,0.028502386114386047
10833,2019-12-26 09:00:00,161.25944519,0.06244914763558029
10834,2019-12-26 10:00:00,161.396591187,0.3438353180494438
10835,2019-12-26 11:00:00,161.501800537,0.735609071801977
10836,2019-12-26 12:00:00,161.61328125,0.5148222668833603
10837,2019-12-26 13:00:00,161.657745361,0.7381794881633745
10838,2019-12-26 14:00:00,161.696548462,0.7783412337212112
10839,2019-12-26 15:00:00,161.728805542,0.5617168625883641
10840,2019-12-26 16:00:00,161.748077393,0.5807822431979559
10841,2019-12-26 17:00:00,161.744110107,0.9369345179733681
10842,2019-12-26 18:00:00,161.723846436,0.8672347513994912
10843,2019-12-26 19:00:00,161.70111084,0.5762936674320753
10844,2019-12-26 20:00:00,161.687301636,0.918380181158516
10845,2019-12-26 21:00:00,161.677566528,0.18000249281576153
10846,2019-12-26 22:00:00,161.693023682,0.10837481902623758
10847,2019-12-26 23:00:00,161.705352783,0.6239790323013833
10848,2019-12-27 00:00:00,161.716720581,0.34447027817782794
10849,2019-12-27 01:00:00,161.908782959,0.48305066731788215
10850,2019-12-27 02:00:00,162.115890503,0.8761560091289129
10851,2019-12-27 03:00:00,162.349075317,0.944351373255211
10852,2019-12-27 04:00:00,162.593338013,0.605026961327783
10853,2019-12-27 05:00:00,162.842971802,0.7260954662337659
10854,2019-12-27 06:00:00,163.114654541,0.16236765684079701
10855,2019-12-27 07:00:00,163.405853271,0.1333634341308465
10856,2019-12-27 08:00:00,163.692169189,0.9952561434126111
10857,2019-12-27 09:00:00,163.96736145,0.37001271018339743
10858,2019-12-27 10:00:00,164.247528076,0.7611951437347526
10859,2019-12-27 11:00:00,164.531921387,0.1991296493118493
10860,2019-12-27 12:00:00,164.811401367,0.007933723403679704
10861,2019-12-27 13:00:00,165.24659729,0.006744535426461695
10862,2019-12-27 14:00:00,165.755523682,0.8728296773152193
10863,2019-12-27 15:00:00,166.214233398,0.4225143585883151
10864,2019-12-27 16:00:00,166.715209961,0.85069416962336
10865,2019-12-27 17:00:00,167.352981567,0.20382981490830177
10866,2019-12-27 18:00:00,167.842407227,0.5521451368903516
10867,2019-12-27 19:00:00,168.892837524,0.6242026843577584
10868,2019-12-27 20:00:00,170.184616089,0.3671591171050992
10869,2019-12-27 21:00:00,171.680419922,0.6137068034476393
10870,2019-12-27 22:00:00,172.997253418,0.9617729226610957
10871,2019-12-27 23:00:00,174.38494873,0.850388099610879
10872,2019-12-28 00:00:00,175.573516846,0.3685305338407554
10873,2019-12-28 01:00:00,175.97416687,0.8876036616112584
10874,2019-12-28 02:00:00,176.379699707,0.8052863544450881
10875,2019-12-28 03:00:00,176.844497681,0.8964864711080108
10876,2019-12-28 04:00:00,177.321990967,0.5949575104832268
10877,2019-12-28 05:00:00,177.710830688,0.9142380843592727
10878,2019-12-28 06:00:00,177.988143921,0.974471480882248
10879,2019-12-28 07:00:00,178.442779541,0.774262516565921
10880,2019-12-28 08:00:00,178.880981445,0.46888740621523417
10881,2019-12-28 09:00:00,179.385375977,0.5456437323121317
10882,2019-12-28 10:00:00,179.81930542,0.32939067781404596
10883,2019-12-28 11:00:00,180.17137146,0.07952982965810318
10884,2019-12-28 12:00:00,180.486755371,0.15524334213267943
10885,2019-12-28 13:00:00,180.614532471,0.3769342350981304
10886,2019-12-28 14:00:00,180.731765747,0.2465817729669325
10887,2019-12-28 15:00:00,180.791625977,0.525822197101121
10888,2019-12-28 16:00:00,180.837219238,0.6096551511586961
10889,2019-12-28 17:00:00,180.887542725,0.5659282834941066
10890,2019-12-28 18:00:00,180.951431274,0.99532745328012
10891,2019-12-28 19:00:00,180.990188599,0.3280814451823355
10892,2019-12-28 20:00:00,181.072601318,0.5023461711172299
10893,2019-12-28 21:00:00,181.177368164,0.33235710363103277
10894,2019-12-28 22:00:00,181.432006836,0.024021759031969347
10895,2019-12-28 23:00:00,181.582382202,0.9358645213181616
10896,2019-12-29 00:00:00,181.673477173,0.26276338664734633
10897,2019-12-29 01:00:00,181.735198975,0.026963232470319953
10898,2019-12-29 02:00:00,181.763244629,0.07253881261637973
10899,2019-12-29 03:00:00,181.826751709,0.2556580530826874
10900,2019-12-29 04:00:00,181.942733765,0.719316315919573
10901,2019-12-29 05:00:00,182.085250854,0.6612430278233952
10902,2019-12-29 06:00:00,182.198532104,0.5364653570791111
10903,2019-12-29 07:00:00,182.328689575,0.8252147136397905
10904,2019-12-29 08:00:00,182.434158325,0.8231715903784217
10905,2019-12-29 09:00:00,182.512359619,0.8035005995188143
10906,2019-12-29 10:00:00,182.588790894,0.8734945085361732
10907,2019-12-29 11:00:00,182.662628174,0.2906519234064735
10908,2019-12-29 12:00:00,182.738525391,0.5165875395778279
10909,2019-12-29 13:00:00,182.824523926,0.6027359282004983
10910,2019-12-29 14:00:00,182.902328491,0.16336109645712016
10911,2019-12-29 15:00:00,182.944534302,0.5090371392570662
10912,2019-12-29 16:00:00,182.969589233,0.8500108560962837
10913,2019-12-29 17:00:00,182.980133057,0.015514684216597074
10914,2019-12-29 18:00:00,182.976654053,0.8136805657894265
10915,2019-12-29 19:00:00,182.970184326,0.7964394842087381
10916,2019-12-29 20:00:00,182.960876465,0.3006991984727997
10917,2019-12-29 21:00:00,182.960632324,0.9950995402281215
10918,2019-12-29 22:00:00,182.975112915,0.9826879820041086
10919,2019-12-29 23:00:00,182.986099243,0.9893862344504781
10920,2019-12-30 00:00:00,183.001190186,0.43224823638625587
10921,2019-12-30 01:00:00,183.016357422,0.4250336679734604
10922,2019-12-30 02:00:00,183.039810181,0.35808885879034913
10923,2019-12-30 03:00:00,183.059356689,0.07053060286070911
10924,2019-12-30 04:00:00,183.075622559,0.165808663861025
10925,2019-12-30 05:00:00,183.092132568,0.3023777720220391
10926,2019-12-30 06:00:00,183.105041504,0.8431656138784906
10927,2019-12-30 07:00:00,183.118469238,0.07437230775141357
10928,2019-12-30 08:00:00,183.130233765,0.8027847965404133
10929,2019-12-30 09:00:00,183.141845703,0.865992442401663
10930,2019-12-30 10:00:00,183.152893066,0.48038061873787796
10931,2019-12-30 11:00:00,183.163330078,0.8692250036974276
10932,2019-12-30 12:00:00,183.171127319,0.9145977730884188
10933,2019-12-30 13:00:00,183.179260254,0.7837360421354251
10934,2019-12-30 14:00:00,183.188537598,0.2828231272125443
10935,2019-12-30 15:00:00,183.190383911,0.45705775020439643
10936,2019-12-30 16:00:00,183.183685303,0.7218877502316541
10937,2019-12-30 17:00:00,183.172439575,0.007671130263421477
10938,2019-12-30 18:00:00,183.151473999,0.8280095387925093
10939,2019-12-30 19:00:00,183.128097534,0.41774132257961993
10940,2019-12-30 20:00:00,183.104827881,0.9345387387074412
10941,2019-12-30 21:00:00,183.089569092,0.2619454360829313
10942,2019-12-30 22:00:00,183.092941284,0.19435792341409042
10943,2019-12-30 23:00:00,183.097335815,0.44034808986157215
10944,2019-12-31 00:00:00,183.104934692,0.09171902653396635
10945,2019-12-31 01:00:00,183.111114502,0.6142094392715455
10946,2019-12-31 02:00:00,183.116973877,0.7232049132491954
10947,2019-12-31 03:00:00,183.121902466,0.3554817508225738
10948,2019-12-31 04:00:00,183.127029419,0.40627796737383115
10949,2019-12-31 05:00:00,183.132659912,0.07119371467988544
10950,2019-12-31 06:00:00,183.137481689,0.16402767572732568
10951,2019-12-31 07:00:00,183.13885498,0.5993109743444727
10952,2019-12-31 08:00:00,183.14012146,0.7710782186372861
10953,2019-12-31 09:00:00,183.143234253,0.7508696993064161
10954,2019-12-31 10:00:00,183.141738892,0.5305767935350412
10955,2019-12-31 11:00:00,183.136978149,0.011955690885029902
10956,2019-12-31 12:00:00,183.132705688,0.30257260515437834
10957,2019-12-31 13:00:00,183.128723145,0.18183122427600507
10958,2019-12-31 14:00:00,183.127120972,0.8024910022273722
10959,2019-12-31 15:00:00,183.114898682,0.7313685307022766
10960,2019-12-31 16:00:00,183.080459595,0.10659307722489686
10961,2019-12-31 17:00:00,183.042572021,0.6314856271727951
10962,2019-12-31 18:00:00,183.009979248,0.2994874188090909
10963,2019-12-31 19:00:00,182.970245361,0.6539894173113373
10964,2019-12-31 20:00:00,182.937713623,0.5019315552015676
10965,2019-12-31 21:00:00,183.041397095,0.3232990033836497
10966,2019-12-31 22:00:00,183.176544189,0.21448864988149619
10967,2019-12-31 23:00:00,183.182495117,0.37285504997573515
10968,2020-01-01 00:00:00,183.18939209,0.591409455555822
10969,2020-01-01 01:00:00,183.19543457,0.7234772734126579
10970,2020-01-01 02:00:00,183.199523926,0.7998895590121592
10971,2020-01-01 03:00:00,183.202850342,0.2279128867176362
10972,2020-01-01 04:00:00,183.210708618,0.9684748387981373
10973,2020-01-01 05:00:00,183.216217041,0.6769891584634468
10974,2020-01-01 06:00:00,183.221084595,0.19142621083468137
10975,2020-01-01 07:00:00,183.226806641,0.9626595303818022
10976,2020-01-01 08:00:00,183.231384277,0.5672704686148201
10977,2020-01-01 09:00:00,183.232757568,0.2773134399657702
10978,2020-01-01 10:00:00,183.232467651,0.07173232187770473
10979,2020-01-01 11:00:00,183.235595703,0.4301197184834904
10980,2020-01-01 12:00:00,183.24180603,0.037185215766618485
10981,2020-01-01 13:00:00,183.851791382,0.11580152355465412
10982,2020-01-01 14:00:00,184.47694397,0.5408938396355446
10983,2020-01-01 15:00:00,185.186935425,0.5866276514452936
10984,2020-01-01 16:00:00,185.897735596,0.010084576940192824
10985,2020-01-01 17:00:00,186.580154419,0.9078480407552322
10986,2020-01-01 18:00:00,187.259475708,0.8929024685850309
10987,2020-01-01 19:00:00,188.011627197,0.866204787381142
10988,2020-01-01 20:00:00,189.007949829,0.4444075308856701
10989,2020-01-01 21:00:00,189.878173828,0.0794518116380184
10990,2020-01-01 22:00:00,190.633911133,0.5442234310515806
10991,2020-01-01 23:00:00,191.339752197,0.6554164903204228
10992,2020-01-02 00:00:00,192.074752808,0.4804870812932961
10993,2020-01-02 01:00:00,192.452209473,0.3723638413615131
10994,2020-01-02 02:00:00,192.932281494,0.714551316981613
10995,2020-01-02 03:00:00,193.512893677,0.7800710914039922
10996,2020-01-02 04:00:00,193.975418091,0.5278765144161591
10997,2020-01-02 05:00:00,194.369049072,0.0004140718822802647
10998,2020-01-02 06:00:00,194.697677612,0.8986335842755008
10999,2020-01-02 07:00:00,195.072235107,0.3426317463481032
11000,2020-01-02 08:00:00,195.480178833,0.37929261839083916
11001,2020-01-02 09:00:00,195.828598022,0.8003006671825614
11002,2020-01-02 10:00:00,196.133071899,0.31945910545815925
11003,2020-01-02 11:00:00,196.452285767,0.8649360399746643
11004,2020-01-02 12:00:00,196.744049072,0.34601933086568615
11005,2020-01-02 13:00:00,196.888778687,0.2130845929869264
11006,2020-01-02 14:00:00,196.990356445,0.007366350020949652
11007,2020-01-02 15:00:00,197.09487915,0.6443794302023308
11008,2020-01-02 16:00:00,197.205810547,0.5172977828816544
11009,2020-01-02 17:00:00,197.2943573,0.5865783671928244
11010,2020-01-02 18:00:00,197.34564209,0.48890429839418315
11011,2020-01-02 19:00:00,197.361999512,0.4173327676442208
11012,2020-01-02 20:00:00,197.365325928,0.03245563997273948
11013,2020-01-02 21:00:00,197.380218506,0.23778414409899706
11014,2020-01-02 22:00:00,197.414260864,0.5648338140981195
11015,2020-01-02 23:00:00,197.441192627,0.6280547955208596
11016,2020-01-03 00:00:00,197.466873169,0.6575165401295591
11017,2020-01-03 01:00:00,197.49118042,0.8859176554624575
11018,2020-01-03 02:00:00,197.512115479,0.3675177707703644
11019,2020-01-03 03:00:00,197.5284729,0.14979815349769465
11020,2020-01-03 04:00:00,197.542480469,0.5262601856385526
11021,2020-01-03 05:00:00,197.559936523,0.8056044082147032
11022,2020-01-03 06:00:00,197.577713013,0.3274843169062188
11023,2020-01-03 07:00:00,197.591888428,0.964350152493437
11024,2020-01-03 08:00:00,197.602416992,0.5211276738546639
11025,2020-01-03 09:00:00,197.61857605,0.7464551416446168
11026,2020-01-03 10:00:00,197.6300354,0.6194417707835129
11027,2020-01-03 11:00:00,197.641143799,0.8536285348078809
11028,2020-01-03 12:00:00,197.651473999,0.34340787775012016
11029,2020-01-03 13:00:00,197.658935547,0.5895119001617732
11030,2020-01-03 14:00:00,197.665527344,0.3521551992070987
11031,2020-01-03 15:00:00,197.661727905,0.4087161620729799
11032,2020-01-03 16:00:00,197.645294189,0.416845913523502
11033,2020-01-03 17:00:00,197.619491577,0.452593236814294
11034,2020-01-03 18:00:00,197.585220337,0.613726227227264
11035,2020-01-03 19:00:00,197.552444458,0.7040035588962017
11036,2020-01-03 20:00:00,197.515869141,0.4878307291439088
11037,2020-01-03 21:00:00,197.49105835,0.3729170698807829
11038,2020-01-03 22:00:00,197.489486694,0.4910108104328408
11039,2020-01-03 23:00:00,197.485748291,0.8461679583636081
11040,2020-01-04 00:00:00,197.486495972,0.2191590694794867
11041,2020-01-04 01:00:00,197.485992432,0.461546763045694
11042,2020-01-04 02:00:00,197.485061646,0.6117647061470132
11043,2020-01-04 03:00:00,197.485351562,0.8686979651620989
11044,2020-01-04 04:00:00,197.486282349,0.8895623779835086
11045,2020-01-04 05:00:00,197.484008789,0.3171141361187394
11046,2020-01-04 06:00:00,197.479949951,0.1319965444701242
11047,2020-01-04 07:00:00,197.483352661,0.9062802456397967
11048,2020-01-04 08:00:00,197.48588562,0.443407169587128
11049,2020-01-04 09:00:00,197.492523193,0.5147967084682363
11050,2020-01-04 10:00:00,197.500213623,0.5155108007130522
11051,2020-01-04 11:00:00,197.507522583,0.5496853607821078
11052,2020-01-04 12:00:00,197.515167236,0.6632447343609013
11053,2020-01-04 13:00:00,197.522369385,0.3861729866088066
11054,2020-01-04 14:00:00,197.528274536,0.7405350851691276
11055,2020-01-04 15:00:00,197.530380249,0.12762084302055843
11056,2020-01-04 16:00:00,197.517822266,0.531335754850043
11057,2020-01-04 17:00:00,197.498535156,0.9539423954328587
11058,2020-01-04 18:00:00,197.462097168,0.6361252232693035
11059,2020-01-04 19:00:00,197.416656494,0.6214595924428531
11060,2020-01-04 20:00:00,197.360321045,0.5240896500383534
11061,2020-01-04 21:00:00,197.317016602,0.7744118273284141
11062,2020-01-04 22:00:00,197.307434082,0.35041959376584064
11063,2020-01-04 23:00:00,197.292404175,0.9425963973159216
11064,2020-01-05 00:00:00,197.286056519,0.32289688898795077
11065,2020-01-05 01:00:00,197.292434692,0.059518093105489944
11066,2020-01-05 02:00:00,197.296463013,0.4072358397664517
11067,2020-01-05 03:00:00,197.302505493,0.7685663864699527
11068,2020-01-05 04:00:00,197.295684814,0.8907703671662466
11069,2020-01-05 05:00:00,197.302200317,0.3116888577532062
11070,2020-01-05 06:00:00,197.308349609,0.5832256034592441
11071,2020-01-05 07:00:00,197.31578064,0.4261050955423217
11072,2020-01-05 08:00:00,197.322387695,0.22238915556797612
11073,2020-01-05 09:00:00,197.326522827,0.5404050303463827
11074,2020-01-05 10:00:00,197.328765869,0.12522226895742028
11075,2020-01-05 11:00:00,197.329986572,0.7025618988281745
11076,2020-01-05 12:00:00,197.327301025,0.641035808631202
11077,2020-01-05 13:00:00,197.308441162,0.580760114092006
11078,2020-01-05 14:00:00,197.280578613,0.8994349582754985
11079,2020-01-05 15:00:00,197.247039795,0.46426561911709396
11080,2020-01-05 16:00:00,197.201644897,0.8159581610068333
11081,2020-01-05 17:00:00,197.143615723,0.49759262676265104
11082,2020-01-05 18:00:00,197.076385498,0.14903588005470614
11083,2020-01-05 19:00:00,197.007675171,0.23895017886900705
11084,2020-01-05 20:00:00,196.951522827,0.6607772137424606
11085,2020-01-05 21:00:00,196.907211304,0.5783329369984387
11086,2020-01-05 22:00:00,196.896408081,0.7362153862900468
11087,2020-01-05 23:00:00,196.890289307,0.8418435946734424
11088,2020-01-06 00:00:00,196.895202637,0.4954815601074226
11089,2020-01-06 01:00:00,196.897567749,0.6827093063377941
11090,2020-01-06 02:00:00,196.905685425,0.6335553740441494
11091,2020-01-06 03:00:00,196.911453247,0.2340089224622176
11092,2020-01-06 04:00:00,196.915969849,0.3820057518323219
11093,2020-01-06 05:00:00,196.921035767,0.9740107020065067
11094,2020-01-06 06:00:00,196.925216675,0.22780802089651564
11095,2020-01-06 07:00:00,196.931060791,0.5148496448011487
11096,2020-01-06 08:00:00,196.937072754,0.4961121675012452
11097,2020-01-06 09:00:00,196.942489624,0.4549318820869539
11098,2020-01-06 10:00:00,196.946502686,0.18825449954137774
11099,2020-01-06 11:00:00,196.951889038,0.6063137649051508
11100,2020-01-06 12:00:00,196.9581604,0.6811020877334923
11101,2020-01-06 13:00:00,196.963027954,0.5860178054460028
11102,2020-01-06 14:00:00,196.968109131,0.8739740878664741
11103,2020-01-06 15:00:00,196.969177246,0.2704888314852
11104,2020-01-06 16:00:00,196.961959839,0.13662715126086833
11105,2020-01-06 17:00:00,196.946502686,0.4459394003037547
11106,2020-01-06 18:00:00,196.9190979,0.3964656628520712
11107,2020-01-06 19:00:00,196.890686035,0.388578302300182
11108,2020-01-06 20:00:00,196.855270386,0.737500531590413
11109,2020-01-06 21:00:00,196.831481934,0.10196912799220181
11110,2020-01-06 22:00:00,196.831588745,0.16380037367534106
11111,2020-01-06 23:00:00,196.83392334,0.698063761246902
11112,2020-01-07 00:00:00,196.838088989,0.9653045196371315
11113,2020-01-07 01:00:00,196.841583252,0.09654303989647084
11114,2020-01-07 02:00:00,196.844787598,0.7541380169482109
11115,2020-01-07 03:00:00,196.84727478,0.5715272017033154
11116,2020-01-07 04:00:00,196.846801758,0.9420764582175574
11117,2020-01-07 05:00:00,196.849487305,0.22807648126158908
11118,2020-01-07 06:00:00,196.852890015,0.2906261404638186
11119,2020-01-07 07:00:00,196.855102539,0.5937330549984323
11120,2020-01-07 08:00:00,196.858566284,0.18388968233357117
11121,2020-01-07 09:00:00,196.862548828,0.24559249336047495
11122,2020-01-07 10:00:00,196.867614746,0.29020627561301293
11123,2020-01-07 11:00:00,196.872467041,0.9981800236357596
11124,2020-01-07 12:00:00,196.877990723,0.4828225554804477
11125,2020-01-07 13:00:00,196.883666992,0.6920614245906542
11126,2020-01-07 14:00:00,196.889678955,0.7235271775648234
11127,2020-01-07 15:00:00,196.891891479,0.35554437688943175
11128,2020-01-07 16:00:00,196.887710571,0.014272724839644702
11129,2020-01-07 17:00:00,196.877502441,0.5161385333572436
11130,2020-01-07 18:00:00,196.854660034,0.620262685000408
11131,2020-01-07 19:00:00,196.824020386,0.46137374965367595
11132,2020-01-07 20:00:00,196.792007446,0.3987691274538129
11133,2020-01-07 21:00:00,196.770797729,0.328803711306791
11134,2020-01-07 22:00:00,196.775802612,0.7916102493505961
11135,2020-01-07 23:00:00,196.780502319,0.4203607986750495
11136,2020-01-08 00:00:00,196.786911011,0.4990947032782156
11137,2020-01-08 01:00:00,196.792770386,0.04701500503944056
11138,2020-01-08 02:00:00,196.792373657,0.09568659049355732
11139,2020-01-08 03:00:00,196.781860352,0.49717317572679764
11140,2020-01-08 04:00:00,196.775115967,0.059935937171586184
11141,2020-01-08 05:00:00,196.760772705,0.43123753488217564
11142,2020-01-08 06:00:00,196.744003296,0.21139048659753057
11143,2020-01-08 07:00:00,196.731079102,0.528479680562966
11144,2020-01-08 08:00:00,196.715164185,0.8612386477895756
11145,2020-01-08 09:00:00,196.696350098,0.8036127076883508
11146,2020-01-08 10:00:00,196.677322388,0.3641373627991883
11147,2020-01-08 11:00:00,196.657714844,0.7874542329537382
11148,2020-01-08 12:00:00,196.637374878,0.4997678449942208
11149,2020-01-08 13:00:00,196.618515015,0.9187126809071849
11150,2020-01-08 14:00:00,196.610961914,0.22435921676869686
11151,2020-01-08 15:00:00,196.590133667,0.07944546872501046
11152,2020-01-08 16:00:00,196.558990479,0.7355768230922451
11153,2020-01-08 17:00:00,196.51802063,0.1417584679670817
11154,2020-01-08 18:00:00,196.467254639,0.8229149607704336
11155,2020-01-08 19:00:00,196.786117554,0.2412296405656239
11156,2020-01-08 20:00:00,197.191070557,0.6315063749962286
11157,2020-01-08 21:00:00,197.660415649,0.9307302302971449
11158,2020-01-08 22:00:00,198.150909424,0.6989079587753964
11159,2020-01-08 23:00:00,198.626449585,0.32210675292494173
11160,2020-01-09 00:00:00,199.109924316,0.8930644628384503
11161,2020-01-09 01:00:00,199.22164917,0.8503793209310013
11162,2020-01-09 02:00:00,199.333984375,0.20652095194352638
11163,2020-01-09 03:00:00,199.41217041,0.014703018443229854
11164,2020-01-09 04:00:00,199.463562012,0.3668398161481089
11165,2020-01-09 05:00:00,199.509033203,0.16872853782043828
11166,2020-01-09 06:00:00,199.533584595,0.6631418818847958
11167,2020-01-09 07:00:00,199.554382324,0.6735282687966441
11168,2020-01-09 08:00:00,199.582000732,0.4887088989146747
11169,2020-01-09 09:00:00,199.617492676,0.3078704401891834
11170,2020-01-09 10:00:00,199.649963379,0.06400537300157827
11171,2020-01-09 11:00:00,199.676452637,0.5525572536827639
11172,2020-01-09 12:00:00,199.708770752,0.5894578454940489
11173,2020-01-09 13:00:00,199.735443115,0.12261502342416342
11174,2020-01-09 14:00:00,199.757385254,0.7884947535755407
11175,2020-01-09 15:00:00,199.770874023,0.1831278159853703
11176,2020-01-09 16:00:00,199.77722168,0.5464141731477661
11177,2020-01-09 17:00:00,199.773986816,0.6754894682968303
11178,2020-01-09 18:00:00,199.761566162,0.23747613271059653
11179,2020-01-09 19:00:00,199.743164062,0.2601456080957807
11180,2020-01-09 20:00:00,199.72315979,0.09827192859163492
11181,2020-01-09 21:00:00,199.709976196,0.3682371605339453
11182,2020-01-09 22:00:00,199.715301514,0.4698032512060648
11183,2020-01-09 23:00:00,199.722702026,0.6159533901103753
11184,2020-01-10 00:00:00,199.730407715,0.983118004176282
11185,2020-01-10 01:00:00,199.738555908,0.5610474166260199
11186,2020-01-10 02:00:00,199.745910645,0.4569860588252611
11187,2020-01-10 03:00:00,199.753311157,0.08876144199482205
11188,2020-01-10 04:00:00,199.760986328,0.14054837364318473
11189,2020-01-10 05:00:00,199.768081665,0.21333177223260924
11190,2020-01-10 06:00:00,199.774307251,0.1877222014473423
11191,2020-01-10 07:00:00,199.779205322,0.25048683798667004
11192,2020-01-10 08:00:00,199.783279419,0.027541775788142098
11193,2020-01-10 09:00:00,199.787872314,0.7394568735994246
11194,2020-01-10 10:00:00,199.794784546,0.5834886068506696
11195,2020-01-10 11:00:00,199.80078125,0.7191825988128498
11196,2020-01-10 12:00:00,199.808914185,0.09046658454143597
11197,2020-01-10 13:00:00,199.816970825,0.6532853106145294
11198,2020-01-10 14:00:00,199.824462891,0.8960808843928337
11199,2020-01-10 15:00:00,199.826889038,0.7898514684637519
11200,2020-01-10 16:00:00,199.823394775,0.09214124881313857
11201,2020-01-10 17:00:00,199.813598633,0.6396834511843886
11202,2020-01-10 18:00:00,199.795700073,0.11919238289000045
11203,2020-01-10 19:00:00,199.772827148,0.9441441780365298
11204,2020-01-10 20:00:00,199.75151062,0.8501811861076238
11205,2020-01-10 21:00:00,199.738967896,0.613646499782333
11206,2020-01-10 22:00:00,199.745269775,0.6577847138571019
11207,2020-01-10 23:00:00,199.751159668,0.564906442933503
11208,2020-01-11 00:00:00,199.755645752,0.9914794983914426
11209,2020-01-11 01:00:00,199.756988525,0.8389579498283734
11210,2020-01-11 02:00:00,199.746856689,0.35607864403393585
11211,2020-01-11 03:00:00,199.72996521,0.8903274760577538
11212,2020-01-11 04:00:00,199.705993652,0.3577145315732182
11213,2020-01-11 05:00:00,199.687744141,0.9819416834948247
11214,2020-01-11 06:00:00,199.674804688,0.5087724625203106
11215,2020-01-11 07:00:00,199.67086792,0.8363607429471318
11216,2020-01-11 08:00:00,199.669815063,0.9333715407970111
11217,2020-01-11 09:00:00,199.664657593,0.4663824675742586
11218,2020-01-11 10:00:00,199.661697388,0.09539890738951717
11219,2020-01-11 11:00:00,199.661895752,0.4941495814347311
11220,2020-01-11 12:00:00,199.662948608,0.772515489681761
11221,2020-01-11 13:00:00,199.664916992,0.2284220287389137
11222,2020-01-11 14:00:00,199.668701172,0.19884249402304022
11223,2020-01-11 15:00:00,199.66986084,0.2651988443688479
11224,2020-01-11 16:00:00,199.664245605,0.3804132599261264
11225,2020-01-11 17:00:00,199.651306152,0.5565440041835426
11226,2020-01-11 18:00:00,199.624862671,0.2230239991369194
11227,2020-01-11 19:00:00,199.804534912,0.007345106389184619
11228,2020-01-11 20:00:00,200.002456665,0.08617655200089991
11229,2020-01-11 21:00:00,200.208648682,0.38951551291878594
11230,2020-01-11 22:00:00,200.435531616,0.7973738517506807
11231,2020-01-11 23:00:00,200.660308838,0.9547161225039905
11232,2020-01-12 00:00:00,200.901367188,0.09755432708326217
11233,2020-01-12 01:00:00,200.965240479,0.5565834610324084
11234,2020-01-12 02:00:00,201.034637451,0.3741963258863438
11235,2020-01-12 03:00:00,201.10836792,0.8637403992970148
11236,2020-01-12 04:00:00,201.185470581,0.14697109381244844
11237,2020-01-12 05:00:00,201.252334595,0.3326181057355231
11238,2020-01-12 06:00:00,201.323455811,0.6497050472759381
11239,2020-01-12 07:00:00,201.809509277,0.0884226957882347
11240,2020-01-12 08:00:00,202.3019104,0.7102103972321785
11241,2020-01-12 09:00:00,202.82208252,0.37310167292687213
11242,2020-01-12 10:00:00,203.371276855,0.04810375797452182
11243,2020-01-12 11:00:00,203.963562012,0.9295196457368577
11244,2020-01-12 12:00:00,204.57019043,0.45121665400951616
11245,2020-01-12 13:00:00,204.925628662,0.002184511890824581
11246,2020-01-12 14:00:00,205.233581543,0.4274081969745199
11247,2020-01-12 15:00:00,205.518539429,0.3208285770176441
11248,2020-01-12 16:00:00,205.756362915,0.8345792481862034
11249,2020-01-12 17:00:00,206.007766724,0.7696992153255834
11250,2020-01-12 18:00:00,206.338043213,0.07489148120754519
11251,2020-01-12 19:00:00,206.879730225,0.9017354885869939
11252,2020-01-12 20:00:00,207.470153809,0.8511509333925045
11253,2020-01-12 21:00:00,208.031036377,0.8076190410876573
11254,2020-01-12 22:00:00,208.596282959,0.4054884483063427
11255,2020-01-12 23:00:00,209.177215576,0.3924184009462063
11256,2020-01-13 00:00:00,209.695022583,0.5661842185619971
11257,2020-01-13 01:00:00,209.870193481,0.45690091703812497
11258,2020-01-13 02:00:00,210.045455933,0.708080465606151
11259,2020-01-13 03:00:00,210.200790405,0.055255362060220636
11260,2020-01-13 04:00:00,210.33770752,0.5333008539774458
11261,2020-01-13 05:00:00,210.452453613,0.5262600534704825
11262,2020-01-13 06:00:00,210.563583374,0.8850079002560798
11263,2020-01-13 07:00:00,210.707977295,0.6100956111613602
11264,2020-01-13 08:00:00,210.802185059,0.25049187621842206
11265,2020-01-13 09:00:00,210.869293213,0.7278074050819668
11266,2020-01-13 10:00:00,210.917297363,0.005557806064740434
11267,2020-01-13 11:00:00,210.95475769,0.6031417356348601
11268,2020-01-13 12:00:00,211.003814697,0.85184614949194
11269,2020-01-13 13:00:00,211.255523682,0.2910867710805758
11270,2020-01-13 14:00:00,211.515625,0.8807687143850816
11271,2020-01-13 15:00:00,211.806259155,0.8429700536145336
11272,2020-01-13 16:00:00,212.097198486,0.6837837443017902
11273,2020-01-13 17:00:00,212.363220215,0.2585299501750292
11274,2020-01-13 18:00:00,212.628295898,0.018352801436160804
11275,2020-01-13 19:00:00,213.094589233,0.5673257293853913
11276,2020-01-13 20:00:00,213.570480347,0.9355713445597735
11277,2020-01-13 21:00:00,214.061737061,0.9987640910048851
11278,2020-01-13 22:00:00,214.547393799,0.6682757531332799
11279,2020-01-13 23:00:00,215.055648804,0.6975306736778157
11280,2020-01-14 00:00:00,215.592773438,0.7631610849574247
11281,2020-01-14 01:00:00,215.732681274,0.9230363543744888
11282,2020-01-14 02:00:00,215.879394531,0.00451439442828383
11283,2020-01-14 03:00:00,216.018737793,0.8485638729873332
11284,2020-01-14 04:00:00,216.171615601,0.21755087153135788
11285,2020-01-14 05:00:00,216.297821045,0.894562745105958
11286,2020-01-14 06:00:00,216.381332397,0.6073381656529357
11287,2020-01-14 07:00:00,216.434158325,0.4561988668114044
11288,2020-01-14 08:00:00,216.480621338,0.9310276823426584
11289,2020-01-14 09:00:00,216.523101807,0.3142319309859358
11290,2020-01-14 10:00:00,216.566390991,0.1914532812386618
11291,2020-01-14 11:00:00,216.596679688,0.9515315693253719
11292,2020-01-14 12:00:00,216.619598389,0.7040364298187954
11293,2020-01-14 13:00:00,216.635406494,0.5276553989184896
11294,2020-01-14 14:00:00,216.649414062,0.9080082567611678
11295,2020-01-14 15:00:00,216.657104492,0.4095159308369737
11296,2020-01-14 16:00:00,216.64994812,0.8249414251856209
11297,2020-01-14 17:00:00,216.63053894,0.26106163869555876
11298,2020-01-14 18:00:00,216.600997925,0.5701801393562831
11299,2020-01-14 19:00:00,216.561981201,0.9455526451698959
11300,2020-01-14 20:00:00,216.525543213,0.523095274684907
11301,2020-01-14 21:00:00,216.49609375,0.13727411305288018
11302,2020-01-14 22:00:00,216.477966309,0.2107468554539883
11303,2020-01-14 23:00:00,216.467834473,0.6773084618868517
11304,2020-01-15 00:00:00,216.458099365,0.05166821836564839
11305,2020-01-15 01:00:00,216.447113037,0.16636154340260967
11306,2020-01-15 02:00:00,216.440505981,0.08360003686701956
11307,2020-01-15 03:00:00,216.436019897,0.10184110486586173
11308,2020-01-15 04:00:00,216.43057251,0.3446452276173063
11309,2020-01-15 05:00:00,216.425598145,0.211079874834883
11310,2020-01-15 06:00:00,216.421554565,0.8967690477233574
11311,2020-01-15 07:00:00,216.420837402,0.0258191615913389
11312,2020-01-15 08:00:00,216.428512573,0.39938780826866505
11313,2020-01-15 09:00:00,216.436309814,0.881554001256033
11314,2020-01-15 10:00:00,216.440811157,0.5521113091558573
11315,2020-01-15 11:00:00,216.446868896,0.18448322360753133
11316,2020-01-15 12:00:00,216.44871521,0.027252274897082485
11317,2020-01-15 13:00:00,216.451126099,0.9837370325216096
11318,2020-01-15 14:00:00,216.450485229,0.41369661005175584
11319,2020-01-15 15:00:00,216.433609009,0.4789964169906564
11320,2020-01-15 16:00:00,216.405517578,0.738405641215922
11321,2020-01-15 17:00:00,216.370727539,0.19999769615016072
11322,2020-01-15 18:00:00,216.321411133,0.18446654240680171
11323,2020-01-15 19:00:00,216.266387939,0.872412665670123
11324,2020-01-15 20:00:00,216.213150024,0.679502912524277
11325,2020-01-15 21:00:00,216.180786133,0.3405653190714386
11326,2020-01-15 22:00:00,216.158050537,0.4959401852436953
11327,2020-01-15 23:00:00,216.152481079,0.8712347024516005
11328,2020-01-16 00:00:00,216.155548096,0.5103524658316848
11329,2020-01-16 01:00:00,216.159088135,0.9147294489298022
11330,2020-01-16 02:00:00,216.161682129,0.07286666559451804
11331,2020-01-16 03:00:00,216.152587891,0.3002005228875114
11332,2020-01-16 04:00:00,216.133758545,0.08721653005337604
11333,2020-01-16 05:00:00,216.116989136,0.9201739728988306
11334,2020-01-16 06:00:00,216.103546143,0.5357682015148183
11335,2020-01-16 07:00:00,216.083267212,0.07541083016519134
11336,2020-01-16 08:00:00,216.055145264,0.6816947850576448
11337,2020-01-16 09:00:00,216.025787354,0.10217741198691843
11338,2020-01-16 10:00:00,216.004669189,0.8300767285482978
11339,2020-01-16 11:00:00,215.980758667,0.8415500836560632
11340,2020-01-16 12:00:00,215.960800171,0.8045651316924621
11341,2020-01-16 13:00:00,215.94078064,0.9493607468737583
11342,2020-01-16 14:00:00,215.925537109,0.6007431168700557
11343,2020-01-16 15:00:00,215.906524658,0.02246309295685378
11344,2020-01-16 16:00:00,215.879638672,0.5715566277325678
11345,2020-01-16 17:00:00,215.849121094,0.9110127134529028
11346,2020-01-16 18:00:00,215.799804688,0.8291399367798999
11347,2020-01-16 19:00:00,215.956085205,0.6984826790606279
11348,2020-01-16 20:00:00,216.1484375,0.6747972648537475
11349,2020-01-16 21:00:00,216.370056152,0.970911578221831
11350,2020-01-16 22:00:00,216.610977173,0.5769004076388966
11351,2020-01-16 23:00:00,216.841705322,0.9143690768658085
11352,2020-01-17 00:00:00,217.066421509,0.14086944383007105
11353,2020-01-17 01:00:00,217.230773926,0.8007374573294025
11354,2020-01-17 02:00:00,217.412155151,0.11464421698270932
11355,2020-01-17 03:00:00,217.574371338,0.8107360863645512
11356,2020-01-17 04:00:00,217.775802612,0.05924625055024757
11357,2020-01-17 05:00:00,217.977752686,0.36240806871301967
11358,2020-01-17 06:00:00,218.165985107,0.23809804242768007
11359,2020-01-17 07:00:00,218.218444824,0.7105834031272344
11360,2020-01-17 08:00:00,218.252990723,0.523990168670968
11361,2020-01-17 09:00:00,218.276138306,0.3633841095809799
11362,2020-01-17 10:00:00,218.318527222,0.44004387119031774
11363,2020-01-17 11:00:00,218.356750488,0.6400968399335787
11364,2020-01-17 12:00:00,218.427642822,0.6199980291250584
11365,2020-01-17 13:00:00,218.651794434,0.9810670387038313
11366,2020-01-17 14:00:00,218.960540771,0.21584448953901958
11367,2020-01-17 15:00:00,219.19569397,0.49909479539472856
11368,2020-01-17 16:00:00,219.432861328,0.49751196982044965
11369,2020-01-17 17:00:00,219.652618408,0.0934131647566322
11370,2020-01-17 18:00:00,219.876251221,0.4045208977873225
11371,2020-01-17 19:00:00,220.156402588,0.5679029549439126
11372,2020-01-17 20:00:00,220.440689087,0.41332306462794344
11373,2020-01-17 21:00:00,220.730743408,0.1024846934239384
11374,2020-01-17 22:00:00,221.023651123,0.20315339504979268
11375,2020-01-17 23:00:00,221.33190918,0.10701570900906965
11376,2020-01-18 00:00:00,221.621887207,0.6076234586904959
11377,2020-01-18 01:00:00,221.730987549,0.7345014330955049
11378,2020-01-18 02:00:00,221.792541504,0.3471644631747093
11379,2020-01-18 03:00:00,221.829498291,0.2564409824330568
11380,2020-01-18 04:00:00,221.857421875,0.3203494182308645
11381,2020-01-18 05:00:00,221.873474121,0.4586900283128823
11382,2020-01-18 06:00:00,221.886749268,0.4884898421457765
11383,2020-01-18 07:00:00,221.895111084,0.6605729018383263
11384,2020-01-18 08:00:00,221.904785156,0.16691107483580125
11385,2020-01-18 09:00:00,221.9112854,0.6725900333030425
11386,2020-01-18 10:00:00,221.917755127,0.4273172576755925
11387,2020-01-18 11:00:00,221.922286987,0.5894082068702967
11388,2020-01-18 12:00:00,221.926116943,0.9519273789885848
11389,2020-01-18 13:00:00,221.934783936,0.7623480357695576
11390,2020-01-18 14:00:00,221.93888855,0.939924262750724
11391,2020-01-18 15:00:00,221.942321777,0.09959662062723773
11392,2020-01-18 16:00:00,221.938446045,0.24718254760195957
11393,2020-01-18 17:00:00,221.926422119,0.2633706968251929
11394,2020-01-18 18:00:00,221.899108887,0.6135137683331396
11395,2020-01-18 19:00:00,221.872177124,0.5222927454831824
11396,2020-01-18 20:00:00,221.844940186,0.3293653717624879
11397,2020-01-18 21:00:00,221.832046509,0.11894760104955893
11398,2020-01-18 22:00:00,221.826629639,0.40738497494313297
11399,2020-01-18 23:00:00,221.833618164,0.39318102393081533
11400,2020-01-19 00:00:00,221.841491699,0.18695504516226058
11401,2020-01-19 01:00:00,221.847808838,0.3279315308985782
11402,2020-01-19 02:00:00,221.856414795,0.7862186097680293
11403,2020-01-19 03:00:00,221.865402222,0.5816594713593235
11404,2020-01-19 04:00:00,221.874298096,0.342156902266587
11405,2020-01-19 05:00:00,221.882125854,0.24454513870585037
11406,2020-01-19 06:00:00,221.890289307,0.6678624993509734
11407,2020-01-19 07:00:00,221.900299072,0.3397067728476425
11408,2020-01-19 08:00:00,221.910354614,0.4480793734298121
11409,2020-01-19 09:00:00,221.920715332,0.8761940270252125
11410,2020-01-19 10:00:00,221.928253174,0.38908824602757186
11411,2020-01-19 11:00:00,221.932922363,0.9706695209532953
11412,2020-01-19 12:00:00,221.933410645,0.5235411543615963
11413,2020-01-19 13:00:00,221.930282593,0.2885305997454799
11414,2020-01-19 14:00:00,221.92578125,0.9784927596090341
11415,2020-01-19 15:00:00,221.915039062,0.207635563798795
11416,2020-01-19 16:00:00,221.895614624,0.8496508707592945
11417,2020-01-19 17:00:00,221.87071228,0.8906979759909494
11418,2020-01-19 18:00:00,221.839431763,0.2900293582683071
11419,2020-01-19 19:00:00,221.807723999,0.04321025921302912
11420,2020-01-19 20:00:00,221.776580811,0.4969964526336301
11421,2020-01-19 21:00:00,221.757659912,0.0006588376692211462
11422,2020-01-19 22:00:00,221.750091553,0.01861253706857613
11423,2020-01-19 23:00:00,221.75642395,0.65529178880809
11424,2020-01-20 00:00:00,221.763717651,0.07875238998873835
11425,2020-01-20 01:00:00,221.765853882,0.8857743777696153
11426,2020-01-20 02:00:00,221.766265869,0.33623286489487425
11427,2020-01-20 03:00:00,221.766662598,0.526032378291782
11428,2020-01-20 04:00:00,221.75982666,0.3496208529524196
11429,2020-01-20 05:00:00,221.747894287,0.4652760974959914
11430,2020-01-20 06:00:00,221.744110107,0.9064772463108582
11431,2020-01-20 07:00:00,221.743103027,0.12511060190185208
11432,2020-01-20 08:00:00,221.740432739,0.10769229766668109
11433,2020-01-20 09:00:00,221.74017334,0.075852605889973
11434,2020-01-20 10:00:00,221.741271973,0.3841790131290679
11435,2020-01-20 11:00:00,221.740707397,0.3149697998484222
11436,2020-01-20 12:00:00,221.742462158,0.218439805340372
11437,2020-01-20 13:00:00,221.742355347,0.1251479145101887
11438,2020-01-20 14:00:00,221.742828369,0.8179143898909014
11439,2020-01-20 15:00:00,221.735870361,0.021675636409266397
11440,2020-01-20 16:00:00,221.709960938,0.7214574511983813
11441,2020-01-20 17:00:00,221.673309326,0.5179066713333573
11442,2020-01-20 18:00:00,221.626617432,0.2825735042202052
11443,2020-01-20 19:00:00,221.56942749,0.3101836490911366
11444,2020-01-20 20:00:00,221.500793457,0.07089641676241043
11445,2020-01-20 21:00:00,221.444595337,0.8638566729727791
11446,2020-01-20 22:00:00,221.417282104,0.010738187891174533
11447,2020-01-20 23:00:00,221.41293335,0.4329645939348702
11448,2020-01-21 00:00:00,221.406097412,0.06362440732413277
11449,2020-01-21 01:00:00,221.400939941,0.3223786335269071
11450,2020-01-21 02:00:00,221.382995605,0.4220043178418187
11451,2020-01-21 03:00:00,221.382324219,0.3035427490558875
11452,2020-01-21 04:00:00,221.381484985,0.048509752954708274
11453,2020-01-21 05:00:00,221.381072998,0.34087989900128546
11454,2020-01-21 06:00:00,221.361206055,0.797757865602926
11455,2020-01-21 07:00:00,221.340393066,0.2323533881880343
11456,2020-01-21 08:00:00,221.320983887,0.1269173082996654
11457,2020-01-21 09:00:00,221.304840088,0.22952964387075758
11458,2020-01-21 10:00:00,221.297027588,0.05587563432118947
11459,2020-01-21 11:00:00,221.297607422,0.21263675806224147
11460,2020-01-21 12:00:00,221.297805786,0.8511166134507064
11461,2020-01-21 13:00:00,221.500930786,0.9681343003307954
11462,2020-01-21 14:00:00,221.718353271,0.5055802391124402
11463,2020-01-21 15:00:00,222.029022217,0.5686466134999428
11464,2020-01-21 16:00:00,222.347229004,0.28906323695113567
11465,2020-01-21 17:00:00,222.672195435,0.24331160127205886
11466,2020-01-21 18:00:00,223.019714355,0.45613697648223817
11467,2020-01-21 19:00:00,223.496398926,0.63829625619545
11468,2020-01-21 20:00:00,223.998794556,0.7110843064684961
11469,2020-01-21 21:00:00,224.513793945,0.0903369276480056
11470,2020-01-21 22:00:00,225.028366089,0.4198534571414454
11471,2020-01-21 23:00:00,225.571548462,0.4959975956525089
11472,2020-01-22 00:00:00,226.121124268,0.8417677341501925
11473,2020-01-22 01:00:00,226.361221313,0.6480491050193559
11474,2020-01-22 02:00:00,226.602264404,0.0028970344095635703
11475,2020-01-22 03:00:00,226.839935303,0.3838348950632168
11476,2020-01-22 04:00:00,227.094985962,0.4529937552818132
11477,2020-01-22 05:00:00,227.363327026,0.9337583521129104
11478,2020-01-22 06:00:00,227.68548584,0.9639317423079783
11479,2020-01-22 07:00:00,227.834609985,0.7845882716562733
11480,2020-01-22 08:00:00,227.948242188,0.8851258222130579
11481,2020-01-22 09:00:00,228.038818359,0.11798433902629879
11482,2020-01-22 10:00:00,228.111343384,0.06366447769294836
11483,2020-01-22 11:00:00,228.178085327,0.2920220271484072
11484,2020-01-22 12:00:00,228.237686157,0.45540820002255156
11485,2020-01-22 13:00:00,228.387390137,0.7338702672120879
11486,2020-01-22 14:00:00,228.536804199,0.09467028136219258
11487,2020-01-22 15:00:00,228.680343628,0.27076447355047295
11488,2020-01-22 16:00:00,228.809082031,0.5734016298666217
11489,2020-01-22 17:00:00,228.923446655,0.7309326906381568
11490,2020-01-22 18:00:00,229.027740479,0.39199348398308176
11491,2020-01-22 19:00:00,229.210754395,0.7273407273257395
11492,2020-01-22 20:00:00,229.416061401,0.36277486140373827
11493,2020-01-22 21:00:00,229.659576416,0.21185057933404572
11494,2020-01-22 22:00:00,229.907745361,0.07322810206461239
11495,2020-01-22 23:00:00,230.149658203,0.3823380820648572
11496,2020-01-23 00:00:00,230.390518188,0.3029939625012249
11497,2020-01-23 01:00:00,230.535049438,0.7285592045591257
11498,2020-01-23 02:00:00,230.664108276,0.7679012590871858
11499,2020-01-23 03:00:00,230.792327881,0.4112831922935557
11500,2020-01-23 04:00:00,230.911865234,0.9850962573165162
11501,2020-01-23 05:00:00,231.030029297,0.7027328883324883
11502,2020-01-23 06:00:00,231.146286011,0.060569178093067166
11503,2020-01-23 07:00:00,231.210998535,0.9793715302240683
11504,2020-01-23 08:00:00,231.269042969,0.03527448876859196
11505,2020-01-23 09:00:00,231.32170105,0.2594915184109736
11506,2020-01-23 10:00:00,231.365341187,0.5091438609555566
11507,2020-01-23 11:00:00,231.406326294,0.7958727820591054
11508,2020-01-23 12:00:00,231.450119019,0.8981628247739019
11509,2020-01-23 13:00:00,231.499862671,0.6507393309725372
11510,2020-01-23 14:00:00,231.54234314,0.7720289509825684
11511,2020-01-23 15:00:00,231.57244873,0.3476827093885241
11512,2020-01-23 16:00:00,231.588317871,0.009357718290299522
11513,2020-01-23 17:00:00,231.586898804,0.8225194476234795
11514,2020-01-23 18:00:00,231.576690674,0.8509423334861351
11515,2020-01-23 19:00:00,231.557952881,0.5374483415682195
11516,2020-01-23 20:00:00,231.539413452,0.6425128180469083
11517,2020-01-23 21:00:00,231.533477783,0.5762577513828702
11518,2020-01-23 22:00:00,231.533157349,0.3464483945416519
11519,2020-01-23 23:00:00,231.544281006,0.1089801402418904
11520,2020-01-24 00:00:00,231.5574646,0.37597049884009603
11521,2020-01-24 01:00:00,231.563964844,0.3237527082499504
11522,2020-01-24 02:00:00,231.568695068,0.029314485559322256
11523,2020-01-24 03:00:00,231.568222046,0.588677794535939
11524,2020-01-24 04:00:00,231.568344116,0.18590393638928682
11525,2020-01-24 05:00:00,231.565093994,0.5302119715078072
11526,2020-01-24 06:00:00,231.56022644,0.46539849084166707
11527,2020-01-24 07:00:00,231.559204102,0.5710195732260762
11528,2020-01-24 08:00:00,231.562042236,0.3612779482578016
11529,2020-01-24 09:00:00,231.570007324,0.7998527641302056
11530,2020-01-24 10:00:00,231.577880859,0.8745883058750415
11531,2020-01-24 11:00:00,231.587509155,0.050632041054140986
11532,2020-01-24 12:00:00,231.596420288,0.4420751652752073
11533,2020-01-24 13:00:00,231.605834961,0.25431599198021704
11534,2020-01-24 14:00:00,231.615066528,0.11166544170978565
11535,2020-01-24 15:00:00,231.615997314,0.7531516546516906
11536,2020-01-24 16:00:00,231.609222412,0.3720427202456874
11537,2020-01-24 17:00:00,231.593795776,0.3289736474111493
11538,2020-01-24 18:00:00,231.56262207,0.29601821591911526
11539,2020-01-24 19:00:00,231.530303955,0.3950185829274738
11540,2020-01-24 20:00:00,231.499359131,0.34816802501573263
11541,2020-01-24 21:00:00,231.480926514,0.14832371073687256
11542,2020-01-24 22:00:00,231.46975708,0.8722947721055512
11543,2020-01-24 23:00:00,231.468841553,0.3781610530846534
11544,2020-01-25 00:00:00,231.471923828,0.5686749628792519
11545,2020-01-25 01:00:00,231.473709106,0.09270024213716
11546,2020-01-25 02:00:00,231.475692749,0.026521114527462086
11547,2020-01-25 03:00:00,231.479232788,0.9100137297244439
11548,2020-01-25 04:00:00,231.48526001,0.21932428855584674
11549,2020-01-25 05:00:00,231.491333008,0.935038339682246
11550,2020-01-25 06:00:00,231.498504639,0.8045103318942745
11551,2020-01-25 07:00:00,231.508071899,0.9870982471851358
11552,2020-01-25 08:00:00,231.517654419,0.6997154521974728
11553,2020-01-25 09:00:00,231.529693604,0.8874666106977579
11554,2020-01-25 10:00:00,231.541381836,0.8014077309826605
11555,2020-01-25 11:00:00,231.552841187,0.2931801129161913
11556,2020-01-25 12:00:00,231.564559937,0.5406622663341067
11557,2020-01-25 13:00:00,231.57649231,0.39308768574139885
11558,2020-01-25 14:00:00,231.587921143,0.5106375998698733
11559,2020-01-25 15:00:00,231.593048096,0.34849891544586487
11560,2020-01-25 16:00:00,231.588989258,0.1259996139112336
11561,2020-01-25 17:00:00,231.57800293,0.34529057462671964
11562,2020-01-25 18:00:00,231.551696777,0.02172938257792556
11563,2020-01-25 19:00:00,231.519241333,0.8675560837117027
11564,2020-01-25 20:00:00,231.490753174,0.8458000786413108
11565,2020-01-25 21:00:00,231.469024658,0.9267079753747202
11566,2020-01-25 22:00:00,231.45401001,0.39978591807589603
11567,2020-01-25 23:00:00,231.456573486,0.09145304834616896
11568,2020-01-26 00:00:00,231.467956543,0.42660542016140235
11569,2020-01-26 01:00:00,231.475311279,0.5720007289651795
11570,2020-01-26 02:00:00,231.482940674,0.3181047242089854
11571,2020-01-26 03:00:00,231.487930298,0.4070146264260378
11572,2020-01-26 04:00:00,231.491699219,0.30360345173783554
11573,2020-01-26 05:00:00,231.493927002,0.5883398447418656
11574,2020-01-26 06:00:00,231.496520996,0.7336556286883196
11575,2020-01-26 07:00:00,231.501281738,0.7735878631192088
11576,2020-01-26 08:00:00,231.505187988,0.7097186857414569
11577,2020-01-26 09:00:00,231.50769043,0.6711739342095141
11578,2020-01-26 10:00:00,231.511123657,0.38969935111542553
11579,2020-01-26 11:00:00,231.517532349,0.3299411937449367
11580,2020-01-26 12:00:00,231.522994995,0.7001492369400598
11581,2020-01-26 13:00:00,231.527648926,0.22490399859252208
11582,2020-01-26 14:00:00,231.533859253,0.859700885896197
11583,2020-01-26 15:00:00,231.532119751,0.32214984013095527
11584,2020-01-26 16:00:00,231.519561768,0.15957760371132335
11585,2020-01-26 17:00:00,231.497650146,0.7449544278926888
11586,2020-01-26 18:00:00,231.462219238,0.006131714586370185
11587,2020-01-26 19:00:00,231.423736572,0.349607484977272
11588,2020-01-26 20:00:00,231.385604858,0.27974115343489125
11589,2020-01-26 21:00:00,231.3490448,0.5902775870691054
11590,2020-01-26 22:00:00,231.321472168,0.7577698034252408
11591,2020-01-26 23:00:00,231.312454224,0.02319269351444575
11592,2020-01-27 00:00:00,231.315490723,0.24163302745539061
11593,2020-01-27 01:00:00,231.380981445,0.25204697174960433
11594,2020-01-27 02:00:00,231.447967529,0.43289088103970463
11595,2020-01-27 03:00:00,231.519073486,0.17142186439083507
11596,2020-01-27 04:00:00,231.589630127,0.5849127317001528
11597,2020-01-27 05:00:00,231.661712646,0.35952750376125997
11598,2020-01-27 06:00:00,231.73374939,0.2626305313179028
11599,2020-01-27 07:00:00,231.810394287,0.04165561661398243
11600,2020-01-27 08:00:00,231.883148193,0.026933898005484513
11601,2020-01-27 09:00:00,231.953430176,0.478276070995716
11602,2020-01-27 10:00:00,232.026641846,0.3350515198597601
11603,2020-01-27 11:00:00,232.1065979,0.11447440495746075
11604,2020-01-27 12:00:00,232.192230225,0.9297306872682126
11605,2020-01-27 13:00:00,232.522094727,0.7893636511236859
11606,2020-01-27 14:00:00,232.863739014,0.8346135749100585
11607,2020-01-27 15:00:00,233.151641846,0.04813791211364715
11608,2020-01-27 16:00:00,233.442382812,0.8940009728749901
11609,2020-01-27 17:00:00,233.774139404,0.4974245534070689
11610,2020-01-27 18:00:00,234.155456543,0.8564328826878345
11611,2020-01-27 19:00:00,234.572494507,0.04076465204907531
11612,2020-01-27 20:00:00,235.014648438,0.38557107870149065
11613,2020-01-27 21:00:00,235.44543457,0.9672434809428673
11614,2020-01-27 22:00:00,235.857879639,0.0013135364817965511
11615,2020-01-27 23:00:00,236.242080688,0.7233902566940802
11616,2020-01-28 00:00:00,236.569793701,0.4444096295072788
11617,2020-01-28 01:00:00,236.70098877,0.4542601430852933
11618,2020-01-28 02:00:00,236.877365112,0.258905349039414
11619,2020-01-28 03:00:00,236.988098145,0.925297303465918
11620,2020-01-28 04:00:00,237.091400146,0.9474058532635257
11621,2020-01-28 05:00:00,237.169265747,0.5619215910062635
11622,2020-01-28 06:00:00,237.203262329,0.2398554429048757
11623,2020-01-28 07:00:00,237.262817383,0.5812859525014232
11624,2020-01-28 08:00:00,237.303985596,0.6465584500195892
11625,2020-01-28 09:00:00,237.339889526,0.85318141367823
11626,2020-01-28 10:00:00,237.370742798,0.9872585595034281
11627,2020-01-28 11:00:00,237.390655518,0.9345022583894002
11628,2020-01-28 12:00:00,237.411437988,0.3838411222225071
11629,2020-01-28 13:00:00,237.432479858,0.8392776689298543
11630,2020-01-28 14:00:00,237.4503479,0.9951273598083579
11631,2020-01-28 15:00:00,237.454208374,0.7969519835539242
11632,2020-01-28 16:00:00,237.445663452,0.6873827871595787
11633,2020-01-28 17:00:00,237.422927856,0.37220825156190496
11634,2020-01-28 18:00:00,237.389038086,0.09699297911978433
11635,2020-01-28 19:00:00,237.420074463,0.8372374597612445
11636,2020-01-28 20:00:00,237.463912964,0.9761967608184061
11637,2020-01-28 21:00:00,237.520828247,0.08970970380342091
11638,2020-01-28 22:00:00,237.584686279,0.018885884678650933
11639,2020-01-28 23:00:00,237.65864563,0.9118016680270317
11640,2020-01-29 00:00:00,237.729736328,0.9864312615392116
11641,2020-01-29 01:00:00,237.737091064,0.3272937899225271
11642,2020-01-29 02:00:00,237.742645264,0.048413324337481356
11643,2020-01-29 03:00:00,237.752731323,0.439734477809388
11644,2020-01-29 04:00:00,237.759033203,0.22406334160811592
11645,2020-01-29 05:00:00,237.764663696,0.3834423753362345
11646,2020-01-29 06:00:00,237.768920898,0.21533855034735283
11647,2020-01-29 07:00:00,237.835861206,0.19358983338876967
11648,2020-01-29 08:00:00,237.904525757,0.4540335321463229
11649,2020-01-29 09:00:00,237.972549438,0.6122938095386729
11650,2020-01-29 10:00:00,238.046234131,0.32486482317123444
11651,2020-01-29 11:00:00,238.120300293,0.7071927160733243
11652,2020-01-29 12:00:00,238.210845947,0.2652772659836983
11653,2020-01-29 13:00:00,238.235015869,0.10262231124487764
11654,2020-01-29 14:00:00,238.275253296,0.8417542850600336
11655,2020-01-29 15:00:00,238.284179688,0.7289154416884722
11656,2020-01-29 16:00:00,238.288909912,0.23528785077389225
11657,2020-01-29 17:00:00,238.280426025,0.5327299328179071
11658,2020-01-29 18:00:00,238.262710571,0.44912383477367335
11659,2020-01-29 19:00:00,238.246398926,0.3163978767297577
11660,2020-01-29 20:00:00,238.237640381,0.7179524397455311
11661,2020-01-29 21:00:00,238.242538452,0.32969207869763095
11662,2020-01-29 22:00:00,238.247970581,0.850989107495047
11663,2020-01-29 23:00:00,238.264068604,0.02000060004894011
11664,2020-01-30 00:00:00,238.275299072,0.033729888640432804
11665,2020-01-30 01:00:00,238.286193848,0.8031485903448387
11666,2020-01-30 02:00:00,238.311065674,0.8514826155738605
11667,2020-01-30 03:00:00,238.333404541,0.5067514626401315
11668,2020-01-30 04:00:00,238.356262207,0.30716961655796526
11669,2020-01-30 05:00:00,238.374526978,0.6191428940940855
11670,2020-01-30 06:00:00,238.387924194,0.4606827459424643
11671,2020-01-30 07:00:00,238.400741577,0.3998311797725702
11672,2020-01-30 08:00:00,238.414459229,0.5158732693638861
11673,2020-01-30 09:00:00,238.426010132,0.37645801757417463
11674,2020-01-30 10:00:00,238.433227539,0.580684124989438
11675,2020-01-30 11:00:00,238.441177368,0.849235824085509
11676,2020-01-30 12:00:00,238.452331543,0.24974792294527126
11677,2020-01-30 13:00:00,238.463531494,0.12491698638776771
11678,2020-01-30 14:00:00,238.473342896,0.7719108569217523
11679,2020-01-30 15:00:00,238.474334717,0.5470806318061087
11680,2020-01-30 16:00:00,238.465057373,0.6855924257156293
11681,2020-01-30 17:00:00,238.449920654,0.841069023313151
11682,2020-01-30 18:00:00,238.426239014,0.8085528601480537
11683,2020-01-30 19:00:00,238.40184021,0.8496155444590046
11684,2020-01-30 20:00:00,238.379074097,0.6773749968969327
11685,2020-01-30 21:00:00,238.366821289,0.6419025356446387
11686,2020-01-30 22:00:00,238.364273071,0.8906189354502674
11687,2020-01-30 23:00:00,238.368835449,0.7241791388150097
11688,2020-01-31 00:00:00,238.378952026,0.8653163646985425
11689,2020-01-31 01:00:00,238.386810303,0.35170556979442336
11690,2020-01-31 02:00:00,238.393936157,0.26007169113854656
11691,2020-01-31 03:00:00,238.402587891,0.8799913625302822
11692,2020-01-31 04:00:00,238.409423828,0.6631683311282427
11693,2020-01-31 05:00:00,238.414840698,0.5605363147680885
11694,2020-01-31 06:00:00,238.421844482,0.9956954125163997
11695,2020-01-31 07:00:00,238.428100586,0.19657419222589712
11696,2020-01-31 08:00:00,238.433502197,0.6237834863815913
11697,2020-01-31 09:00:00,238.438247681,0.8600387642427051
11698,2020-01-31 10:00:00,238.44241333,0.19966334758810067
11699,2020-01-31 11:00:00,238.445983887,0.4729089608617282
11700,2020-01-31 12:00:00,238.448974609,0.15763167899242936
11701,2020-01-31 13:00:00,238.451660156,0.7279303605455828
11702,2020-01-31 14:00:00,238.45475769,0.6952999627802535
11703,2020-01-31 15:00:00,238.448181152,0.3357815575533325
11704,2020-01-31 16:00:00,238.433029175,0.16204371379588844
11705,2020-01-31 17:00:00,238.420715332,0.4136279895903877
11706,2020-01-31 18:00:00,238.378753662,0.8137646911922118
11707,2020-01-31 19:00:00,238.333862305,0.6392652364019545
11708,2020-01-31 20:00:00,238.28678894,0.5525117749426608
11709,2020-01-31 21:00:00,238.25579834,0.9693415378900103
11710,2020-01-31 22:00:00,238.239395142,0.17091961629198948
11711,2020-01-31 23:00:00,238.236755371,0.1585813850167871
11712,2020-02-01 00:00:00,238.24041748,0.5008419566578013
11713,2020-02-01 01:00:00,238.234939575,0.25726593918506535
11714,2020-02-01 02:00:00,238.226257324,0.8981007007422303
11715,2020-02-01 03:00:00,238.215942383,0.4879047549428075
11716,2020-02-01 04:00:00,238.208129883,0.5112006841441167
11717,2020-02-01 05:00:00,238.201828003,0.7204849020057711
11718,2020-02-01 06:00:00,238.199081421,0.1765199265202183
11719,2020-02-01 07:00:00,238.200439453,0.074490142275487
11720,2020-02-01 08:00:00,238.188446045,0.33310054981528137
11721,2020-02-01 09:00:00,238.176635742,0.24164997664072418
11722,2020-02-01 10:00:00,238.167984009,0.8927704857140953
11723,2020-02-01 11:00:00,238.17338562,0.3407242304237209
11724,2020-02-01 12:00:00,238.177444458,0.5518419014283821
11725,2020-02-01 13:00:00,238.172821045,0.21128055195814488
11726,2020-02-01 14:00:00,238.163970947,0.23834882358764742
11727,2020-02-01 15:00:00,238.138931274,0.4001278326812443
11728,2020-02-01 16:00:00,238.09866333,0.6188510896844367
11729,2020-02-01 17:00:00,238.040740967,0.6107824944539475
11730,2020-02-01 18:00:00,237.984268188,0.4535335096210439
11731,2020-02-01 19:00:00,237.905151367,0.8515454748877138
11732,2020-02-01 20:00:00,237.83001709,0.7493594869856316
11733,2020-02-01 21:00:00,237.770690918,0.6456244363713971
11734,2020-02-01 22:00:00,237.727859497,0.3116186432740372
11735,2020-02-01 23:00:00,237.70866394,0.5953320662824225
11736,2020-02-02 00:00:00,237.709762573,0.5937706244392527
11737,2020-02-02 01:00:00,237.703399658,0.5551103258299804
11738,2020-02-02 02:00:00,237.696777344,0.9060624876418122
11739,2020-02-02 03:00:00,237.6900177,0.08039287206104495
11740,2020-02-02 04:00:00,237.685852051,0.9856031969232588
11741,2020-02-02 05:00:00,237.685134888,0.07530468023540271
11742,2020-02-02 06:00:00,237.684555054,0.13333021102757814
11743,2020-02-02 07:00:00,237.684631348,0.028496259662390444
11744,2020-02-02 08:00:00,237.685043335,0.3698211198253448
11745,2020-02-02 09:00:00,237.684844971,0.5598159793158521
11746,2020-02-02 10:00:00,237.684463501,0.7426226069493631
11747,2020-02-02 11:00:00,237.680023193,0.4775318791973018
11748,2020-02-02 12:00:00,237.664703369,0.3342979251555691
11749,2020-02-02 13:00:00,237.644882202,0.7019479729635122
11750,2020-02-02 14:00:00,237.602050781,0.8107256210762616
11751,2020-02-02 15:00:00,237.546112061,0.000986327529108988
11752,2020-02-02 16:00:00,237.471557617,0.12681175377937703
11753,2020-02-02 17:00:00,237.389602661,0.3321248752368263
11754,2020-02-02 18:00:00,237.313980103,0.5441207153646754
11755,2020-02-02 19:00:00,237.229507446,0.7862309623743623
11756,2020-02-02 20:00:00,237.149337769,0.6321907009998458
11757,2020-02-02 21:00:00,237.07901001,0.8978305925400258
11758,2020-02-02 22:00:00,237.026107788,0.11984056831565015
11759,2020-02-02 23:00:00,236.994522095,0.7801254863369879
11760,2020-02-03 00:00:00,236.965209961,0.4795855464573012
11761,2020-02-03 01:00:00,236.939056396,0.4678409505733391
11762,2020-02-03 02:00:00,236.918273926,0.025643458495969496
11763,2020-02-03 03:00:00,236.899185181,0.7313989696753579
11764,2020-02-03 04:00:00,236.878814697,0.7662060828383089
11765,2020-02-03 05:00:00,236.863006592,0.5400212545823143
11766,2020-02-03 06:00:00,236.862686157,0.8431300403787331
11767,2020-02-03 07:00:00,236.993377686,0.02671515199238028
11768,2020-02-03 08:00:00,237.119400024,0.3987194079903428
11769,2020-02-03 09:00:00,237.261123657,0.08281016143633846
11770,2020-02-03 10:00:00,237.422027588,0.2013817893628168
11771,2020-02-03 11:00:00,237.592895508,0.7139796190066565
11772,2020-02-03 12:00:00,237.77053833,0.5955944922415881
11773,2020-02-03 13:00:00,237.924926758,0.6277963672163799
11774,2020-02-03 14:00:00,238.080932617,0.9993681893934365
11775,2020-02-03 15:00:00,238.134979248,0.9321092691438375
11776,2020-02-03 16:00:00,238.159881592,0.10257868756671107
11777,2020-02-03 17:00:00,238.164764404,0.8145223535891171
11778,2020-02-03 18:00:00,238.162918091,0.7384821083940806
11779,2020-02-03 19:00:00,238.153884888,0.8871046891574543
11780,2020-02-03 20:00:00,238.136535645,0.4115444337531796
11781,2020-02-03 21:00:00,238.123199463,0.529402445757167
11782,2020-02-03 22:00:00,238.114120483,0.8584377238326246
11783,2020-02-03 23:00:00,238.11390686,0.1684234134267769
11784,2020-02-04 00:00:00,238.1118927,0.8509674875225491
11785,2020-02-04 01:00:00,238.112335205,0.3829605045372796
11786,2020-02-04 02:00:00,238.111358643,0.1019951697448711
11787,2020-02-04 03:00:00,238.111083984,0.4523357711131164
11788,2020-02-04 04:00:00,238.108734131,0.49148681023065866
11789,2020-02-04 05:00:00,238.108398438,0.8193483351563576
11790,2020-02-04 06:00:00,238.106781006,0.6400214029072315
11791,2020-02-04 07:00:00,238.105484009,0.6401456852290381
11792,2020-02-04 08:00:00,238.102081299,0.9963428391797783
11793,2020-02-04 09:00:00,238.099243164,0.23652913956288912
11794,2020-02-04 10:00:00,238.097167969,0.81693413845148
11795,2020-02-04 11:00:00,238.096923828,0.9979561237394461
11796,2020-02-04 12:00:00,238.097320557,0.40479132643069626
11797,2020-02-04 13:00:00,238.097518921,0.48036896091982373
11798,2020-02-04 14:00:00,238.097732544,0.6685206356434339
11799,2020-02-04 15:00:00,238.095336914,0.24200478112783252
11800,2020-02-04 16:00:00,238.089630127,0.9271067146162904
11801,2020-02-04 17:00:00,238.081771851,0.14877307063879097
11802,2020-02-04 18:00:00,238.070983887,0.5477131152042706
11803,2020-02-04 19:00:00,238.056045532,0.7766622606235526
11804,2020-02-04 20:00:00,238.042160034,0.7775028906534492
11805,2020-02-04 21:00:00,238.031051636,0.011564148622223214
11806,2020-02-04 22:00:00,238.026809692,0.8638304831767897
11807,2020-02-04 23:00:00,238.027893066,0.9309741637958128
11808,2020-02-05 00:00:00,238.028961182,0.22936943378755936
11809,2020-02-05 01:00:00,238.030090332,0.5386547859865254
11810,2020-02-05 02:00:00,238.032623291,0.7562952824821048
11811,2020-02-05 03:00:00,238.035003662,0.7409036970317148
11812,2020-02-05 04:00:00,238.037521362,0.525813403518421
11813,2020-02-05 05:00:00,238.040145874,0.11757568685871878
11814,2020-02-05 06:00:00,238.041687012,0.2765160022418268
11815,2020-02-05 07:00:00,238.044616699,0.3286005444644279
11816,2020-02-05 08:00:00,238.046401978,0.15528136941221404
11817,2020-02-05 09:00:00,238.045822144,0.1656743074372713
11818,2020-02-05 10:00:00,238.043914795,0.3086194341347074
11819,2020-02-05 11:00:00,238.04284668,0.10203944878972371
11820,2020-02-05 12:00:00,238.040008545,0.5615761137001909
11821,2020-02-05 13:00:00,238.222488403,0.951643310779307
11822,2020-02-05 14:00:00,238.42250061,0.6840909017254907
11823,2020-02-05 15:00:00,238.629821777,0.5346714225411398
11824,2020-02-05 16:00:00,238.855682373,0.20662913187990606
11825,2020-02-05 17:00:00,239.086685181,0.19903230675935746
11826,2020-02-05 18:00:00,239.286621094,0.5361064778764848
11827,2020-02-05 19:00:00,239.449890137,0.19156258030494466
11828,2020-02-05 20:00:00,239.60786438,0.5143599756051324
11829,2020-02-05 21:00:00,239.749633789,0.09818837267301594
11830,2020-02-05 22:00:00,239.894866943,0.6691151758607262
11831,2020-02-05 23:00:00,240.048461914,0.674255059545008
11832,2020-02-06 00:00:00,240.187942505,0.7209796106340041
11833,2020-02-06 01:00:00,240.328277588,0.7487910859247802
11834,2020-02-06 02:00:00,240.461212158,0.18474843652617157
11835,2020-02-06 03:00:00,240.606948853,0.9446705643968327
11836,2020-02-06 04:00:00,240.755142212,0.21469291205061014
11837,2020-02-06 05:00:00,240.907501221,0.7032512332266063
11838,2020-02-06 06:00:00,241.069824219,0.7193489493975486
11839,2020-02-06 07:00:00,241.288665771,0.3874299550821809
11840,2020-02-06 08:00:00,241.514907837,0.12569130869701683
11841,2020-02-06 09:00:00,241.743148804,0.828936115331073
11842,2020-02-06 10:00:00,241.999664307,0.2502523774827047
11843,2020-02-06 11:00:00,242.256515503,0.32571380578199016
11844,2020-02-06 12:00:00,242.496643066,0.43022313207932916
11845,2020-02-06 13:00:00,243.015167236,0.5677558467079693
11846,2020-02-06 14:00:00,243.614120483,0.16211284795673842
11847,2020-02-06 15:00:00,244.222839355,0.39889118797066925
11848,2020-02-06 16:00:00,244.817642212,0.36030655230271
11849,2020-02-06 17:00:00,245.470275879,0.6979791043882956
11850,2020-02-06 18:00:00,246.194015503,0.1780717500866792
11851,2020-02-06 19:00:00,246.897735596,0.3744750601786452
11852,2020-02-06 20:00:00,247.612426758,0.01974823039783158
11853,2020-02-06 21:00:00,248.313323975,0.871911251816171
11854,2020-02-06 22:00:00,249.023025513,0.2187531872728954
11855,2020-02-06 23:00:00,249.70664978,0.2341681106616239
11856,2020-02-07 00:00:00,250.395553589,0.16607830486654784
11857,2020-02-07 01:00:00,250.847732544,0.5180014388021147
11858,2020-02-07 02:00:00,251.285980225,0.3889692523368514
11859,2020-02-07 03:00:00,251.687194824,0.5892663911818425
11860,2020-02-07 04:00:00,252.095077515,0.6555737861716974
11861,2020-02-07 05:00:00,252.475158691,0.24522146071926876
11862,2020-02-07 06:00:00,252.825210571,0.6129547631453197
11863,2020-02-07 07:00:00,253.347198486,0.7052134168793905
11864,2020-02-07 08:00:00,253.880523682,0.45115817874973096
11865,2020-02-07 09:00:00,254.445114136,0.6143600248211044
11866,2020-02-07 10:00:00,255.016662598,0.45865395664564645
11867,2020-02-07 11:00:00,255.596282959,0.14024780988555918
11868,2020-02-07 12:00:00,256.185241699,0.39957823512144897
11869,2020-02-07 13:00:00,256.522735596,0.22607326952537732
11870,2020-02-07 14:00:00,256.828552246,0.7616801297327778
11871,2020-02-07 15:00:00,257.090148926,0.49203196505709124
11872,2020-02-07 16:00:00,257.327484131,0.25065687637848033
11873,2020-02-07 17:00:00,257.533233643,0.17624496116211863
11874,2020-02-07 18:00:00,257.724395752,0.749082906775625
11875,2020-02-07 19:00:00,257.862304688,0.9345837842626579
11876,2020-02-07 20:00:00,257.977294922,0.2568874649632922
11877,2020-02-07 21:00:00,258.0859375,0.8949497949949508
11878,2020-02-07 22:00:00,258.194946289,0.40367162430020875
11879,2020-02-07 23:00:00,258.298248291,0.04469151681604644
11880,2020-02-08 00:00:00,258.386627197,0.988129486886219
11881,2020-02-08 01:00:00,258.420837402,0.25118250732550096
11882,2020-02-08 02:00:00,258.453033447,0.4201778215758375
11883,2020-02-08 03:00:00,258.477294922,0.07571861185057238
11884,2020-02-08 04:00:00,258.501678467,0.5037746210178539
11885,2020-02-08 05:00:00,258.523803711,0.29242941325303917
11886,2020-02-08 06:00:00,258.54284668,0.6216830631336822
11887,2020-02-08 07:00:00,258.56036377,0.012750395069511589
11888,2020-02-08 08:00:00,258.578063965,0.17587282868814103
11889,2020-02-08 09:00:00,258.597564697,0.49057448441010554
11890,2020-02-08 10:00:00,258.614013672,0.4653287931157255
11891,2020-02-08 11:00:00,258.630096436,0.2122297048451438
11892,2020-02-08 12:00:00,258.647186279,0.0659820045445908
11893,2020-02-08 13:00:00,258.660369873,0.8486863889721294
11894,2020-02-08 14:00:00,258.676025391,0.46713926351419044
11895,2020-02-08 15:00:00,258.678161621,0.36856404019034084
11896,2020-02-08 16:00:00,258.670257568,0.9199583844202036
11897,2020-02-08 17:00:00,258.652587891,0.9203720622672716
11898,2020-02-08 18:00:00,258.622161865,0.24768580869787604
11899,2020-02-08 19:00:00,258.586791992,0.4382176025407928
11900,2020-02-08 20:00:00,258.557922363,0.8752200676115955
11901,2020-02-08 21:00:00,258.532714844,0.15317543177126092
11902,2020-02-08 22:00:00,258.51763916,0.38380315099485907
11903,2020-02-08 23:00:00,258.512908936,0.13506881416131844
11904,2020-02-09 00:00:00,258.505126953,0.6118392737958296
11905,2020-02-09 01:00:00,258.498931885,0.13652670732327288
11906,2020-02-09 02:00:00,258.489501953,0.571696836645551
11907,2020-02-09 03:00:00,258.477844238,0.9410387373502344
11908,2020-02-09 04:00:00,258.465179443,0.6300557179843729
11909,2020-02-09 05:00:00,258.450469971,0.3494159565927998
11910,2020-02-09 06:00:00,258.435241699,0.37552375825078743
11911,2020-02-09 07:00:00,258.422698975,0.012781882455173421
11912,2020-02-09 08:00:00,258.418792725,0.5092704299764937
11913,2020-02-09 09:00:00,258.427490234,0.867611502650654
11914,2020-02-09 10:00:00,258.431182861,0.27996217380904975
11915,2020-02-09 11:00:00,258.429382324,0.3498776311782893
11916,2020-02-09 12:00:00,258.432128906,0.7969787362172371
11917,2020-02-09 13:00:00,258.434387207,0.8743392436241035
11918,2020-02-09 14:00:00,258.443817139,0.9579547112806581
11919,2020-02-09 15:00:00,258.441619873,0.43938493872218076
11920,2020-02-09 16:00:00,258.427001953,0.3980567237978102
11921,2020-02-09 17:00:00,258.402404785,0.08142485576014369
11922,2020-02-09 18:00:00,258.374359131,0.7677306859146633
11923,2020-02-09 19:00:00,258.339263916,0.8994363424670299
11924,2020-02-09 20:00:00,258.307250977,0.8239606209577874
11925,2020-02-09 21:00:00,258.287017822,0.34900048564111497
11926,2020-02-09 22:00:00,258.278656006,0.5823204559539306
11927,2020-02-09 23:00:00,258.280181885,0.06418278238171693
11928,2020-02-10 00:00:00,258.291046143,0.9046646212752032
11929,2020-02-10 01:00:00,258.302612305,0.2568226540256906
11930,2020-02-10 02:00:00,258.312927246,0.5082386033311813
11931,2020-02-10 03:00:00,258.323272705,0.6098357620684317
11932,2020-02-10 04:00:00,258.33026123,0.9330976678444036
11933,2020-02-10 05:00:00,258.338012695,0.3730201500005995
11934,2020-02-10 06:00:00,258.345855713,0.5399990116495084
11935,2020-02-10 07:00:00,258.349060059,0.6788020979065118
11936,2020-02-10 08:00:00,258.353637695,0.4733896631680544
11937,2020-02-10 09:00:00,258.357971191,0.8545473405689951
11938,2020-02-10 10:00:00,258.361450195,0.05673011720163701
11939,2020-02-10 11:00:00,258.363769531,0.41365208697910727
11940,2020-02-10 12:00:00,258.365478516,0.018793471187769972
11941,2020-02-10 13:00:00,258.366577148,0.6754864840835263
11942,2020-02-10 14:00:00,258.369018555,0.29733095805196263
11943,2020-02-10 15:00:00,258.364562988,0.33513845023979105
11944,2020-02-10 16:00:00,258.352722168,0.05127054758714955
11945,2020-02-10 17:00:00,258.331665039,0.4234074551676892
11946,2020-02-10 18:00:00,258.305999756,0.3111431523298669
11947,2020-02-10 19:00:00,258.271484375,0.9540301171676046
11948,2020-02-10 20:00:00,258.243530273,0.05415750521496221
11949,2020-02-10 21:00:00,258.227325439,0.04107735570161042
11950,2020-02-10 22:00:00,258.223083496,0.5672800767033802
11951,2020-02-10 23:00:00,258.2315979,0.9073456399284572
11952,2020-02-11 00:00:00,258.243225098,0.4455392875966857
11953,2020-02-11 01:00:00,258.256134033,0.36645063830921454
11954,2020-02-11 02:00:00,258.267211914,0.7663384377663276
11955,2020-02-11 03:00:00,258.275817871,0.8078599075450031
11956,2020-02-11 04:00:00,258.288024902,0.4194966206627201
11957,2020-02-11 05:00:00,258.298065186,0.9834735076527868
11958,2020-02-11 06:00:00,258.306732178,0.7289301811579133
11959,2020-02-11 07:00:00,258.313293457,0.2461244789182423
11960,2020-02-11 08:00:00,258.317718506,0.13984438795282939
11961,2020-02-11 09:00:00,258.322692871,0.759546635143993
11962,2020-02-11 10:00:00,258.328308105,0.5668614103543627
11963,2020-02-11 11:00:00,258.334075928,0.8540986911304066
11964,2020-02-11 12:00:00,258.340698242,0.24720572400738372
11965,2020-02-11 13:00:00,258.346618652,0.16088285905588195
11966,2020-02-11 14:00:00,258.352478027,0.8630180456721307
11967,2020-02-11 15:00:00,258.352966309,0.2600040897364114
11968,2020-02-11 16:00:00,258.346130371,0.14593768387400197
11969,2020-02-11 17:00:00,258.333282471,0.9050131082926463
11970,2020-02-11 18:00:00,258.309661865,0.6355790397081617
11971,2020-02-11 19:00:00,258.275604248,0.2110892548993879
11972,2020-02-11 20:00:00,258.249206543,0.6302403257459039
11973,2020-02-11 21:00:00,258.23638916,0.27252280164619314
11974,2020-02-11 22:00:00,258.235931396,0.15686154950455544
11975,2020-02-11 23:00:00,258.246002197,0.9984078289488285
11976,2020-02-12 00:00:00,258.258026123,0.37878376176510187
11977,2020-02-12 01:00:00,258.268554688,0.1479348793807319
11978,2020-02-12 02:00:00,258.276824951,0.8805962981328156
11979,2020-02-12 03:00:00,258.2840271,0.2513367331390731
11980,2020-02-12 04:00:00,258.290344238,0.35376479193827515
11981,2020-02-12 05:00:00,258.295684814,0.22789330176950462
11982,2020-02-12 06:00:00,258.300842285,0.03506317338917875
11983,2020-02-12 07:00:00,258.305084229,0.38507495877745634
11984,2020-02-12 08:00:00,258.308959961,0.8087937127458745
11985,2020-02-12 09:00:00,258.311828613,0.4252570219463684
11986,2020-02-12 10:00:00,258.313873291,0.45616396298138195
11987,2020-02-12 11:00:00,258.314666748,0.3797922715886194
11988,2020-02-12 12:00:00,258.317047119,0.10079889111450491
11989,2020-02-12 13:00:00,258.319091797,0.5351259129237812
11990,2020-02-12 14:00:00,258.323242188,0.4997427736657212
11991,2020-02-12 15:00:00,258.322998047,0.6303281160518246
11992,2020-02-12 16:00:00,258.31362915,0.15965757315329443
11993,2020-02-12 17:00:00,258.297729492,0.6721912465017673
11994,2020-02-12 18:00:00,258.274841309,0.6152983791976062
11995,2020-02-12 19:00:00,258.248077393,0.044704994152819144
11996,2020-02-12 20:00:00,258.225006104,0.5051415887713415
11997,2020-02-12 21:00:00,258.212310791,0.8938534332147267
11998,2020-02-12 22:00:00,258.210388184,0.0778370176241241
11999,2020-02-12 23:00:00,258.216278076,0.3611527230393714
12000,2020-02-13 00:00:00,258.220794678,0.5433087933039303
12001,2020-02-13 01:00:00,258.22744751,0.053975231852972816
12002,2020-02-13 02:00:00,258.234924316,0.0478440391213657
12003,2020-02-13 03:00:00,258.242126465,0.6573509676643866
12004,2020-02-13 04:00:00,258.249694824,0.09779835385977365
12005,2020-02-13 05:00:00,258.257293701,0.8675655032208156
12006,2020-02-13 06:00:00,258.262939453,0.41439690648547045
12007,2020-02-13 07:00:00,258.269866943,0.23836162754640433
12008,2020-02-13 08:00:00,258.277374268,0.3254803018767676
12009,2020-02-13 09:00:00,258.283416748,0.20862381723310774
12010,2020-02-13 10:00:00,258.289733887,0.22001026672941715
12011,2020-02-13 11:00:00,258.296813965,0.3778357306832535
12012,2020-02-13 12:00:00,258.303039551,0.22117534979429132
12013,2020-02-13 13:00:00,258.310272217,0.1287519012637952
12014,2020-02-13 14:00:00,258.3152771,0.25647862129805865
12015,2020-02-13 15:00:00,258.314025879,0.0553476917005179
12016,2020-02-13 16:00:00,258.303771973,0.16579745669966495
12017,2020-02-13 17:00:00,258.283813477,0.3556141427626869
12018,2020-02-13 18:00:00,258.255432129,0.5604856583685257
12019,2020-02-13 19:00:00,258.226989746,0.449858746846871
12020,2020-02-13 20:00:00,258.198852539,0.03971290673082373
12021,2020-02-13 21:00:00,258.749023438,0.2700114197165918
12022,2020-02-13 22:00:00,258.781738281,0.016025607387976648
12023,2020-02-13 23:00:00,258.81237793,0.6414991834904437
12024,2020-02-14 00:00:00,258.839447021,0.11062073867386579
12025,2020-02-14 01:00:00,258.85546875,0.08574574485255293
12026,2020-02-14 02:00:00,258.872039795,0.4659825800908125
12027,2020-02-14 03:00:00,258.885955811,0.4876493885213109
12028,2020-02-14 04:00:00,258.89553833,0.7676458614929186
12029,2020-02-14 05:00:00,258.902862549,0.8564743570874943
12030,2020-02-14 06:00:00,258.913391113,0.9132895713803463
12031,2020-02-14 07:00:00,258.925262451,0.7670590923348438
12032,2020-02-14 08:00:00,258.933959961,0.6998357361157886
12033,2020-02-14 09:00:00,258.940368652,0.9734906727254963
12034,2020-02-14 10:00:00,258.94732666,0.06974598425596001
12035,2020-02-14 11:00:00,258.956573486,0.7410923627670012
12036,2020-02-14 12:00:00,258.963745117,0.2693287899733766
12037,2020-02-14 13:00:00,258.968902588,0.6970051344570929
12038,2020-02-14 14:00:00,258.975952148,0.9754092414576124
12039,2020-02-14 15:00:00,258.978942871,0.5658995506838675
12040,2020-02-14 16:00:00,258.97555542,0.347218160144104
12041,2020-02-14 17:00:00,258.961669922,0.9375559531495894
12042,2020-02-14 18:00:00,258.939697266,0.7176626450356424
12043,2020-02-14 19:00:00,258.914611816,0.042562203414622024
12044,2020-02-14 20:00:00,258.893432617,0.7292070360255494
12045,2020-02-14 21:00:00,258.880065918,0.12924624608734647
12046,2020-02-14 22:00:00,258.870513916,0.9544932612131083
12047,2020-02-14 23:00:00,258.864929199,0.860499234113052
12048,2020-02-15 00:00:00,258.859283447,0.25553254113481005
12049,2020-02-15 01:00:00,258.852783203,0.30518267968132673
12050,2020-02-15 02:00:00,258.848236084,0.32561548920213523
12051,2020-02-15 03:00:00,258.848999023,0.4450310982220935
12052,2020-02-15 04:00:00,258.855255127,0.46449067617567896
12053,2020-02-15 05:00:00,258.861907959,0.9450909471172737
12054,2020-02-15 06:00:00,258.867004395,0.0013387983414593352
12055,2020-02-15 07:00:00,258.870880127,0.846484560256059
12056,2020-02-15 08:00:00,258.876373291,0.6297524831805178
12057,2020-02-15 09:00:00,258.883361816,0.3960909216349776
12058,2020-02-15 10:00:00,258.890869141,0.5945108594144148
12059,2020-02-15 11:00:00,258.899475098,0.47281690879290605
12060,2020-02-15 12:00:00,258.905609131,0.7291207857958827
12061,2020-02-15 13:00:00,258.912445068,0.8644368708406749
12062,2020-02-15 14:00:00,258.919494629,0.6592575417521624
12063,2020-02-15 15:00:00,258.920471191,0.3809556112016924
12064,2020-02-15 16:00:00,258.912750244,0.4738818073436153
12065,2020-02-15 17:00:00,258.895507812,0.11132972344054459
12066,2020-02-15 18:00:00,258.869476318,0.12391309914025028
12067,2020-02-15 19:00:00,258.94442749,0.2022450774665968
12068,2020-02-15 20:00:00,259.035461426,0.7718673924787095
12069,2020-02-15 21:00:00,259.143829346,0.012572229838387683
12070,2020-02-15 22:00:00,259.26260376,0.6955631675320747
12071,2020-02-15 23:00:00,259.390869141,0.28476253128052953
12072,2020-02-16 00:00:00,259.524780273,0.2428904893713959
12073,2020-02-16 01:00:00,259.552215576,0.8795146005183577
12074,2020-02-16 02:00:00,259.578491211,0.39048530254958247
12075,2020-02-16 03:00:00,259.596984863,0.18913328103095228
12076,2020-02-16 04:00:00,259.616271973,0.8809470574977801
12077,2020-02-16 05:00:00,259.631469727,0.10008483358206899
12078,2020-02-16 06:00:00,259.649536133,0.705338458727053
12079,2020-02-16 07:00:00,259.77911377,0.2782646887349275
12080,2020-02-16 08:00:00,259.904876709,0.23291357315397587
12081,2020-02-16 09:00:00,260.041870117,0.610919752658713
12082,2020-02-16 10:00:00,260.168670654,0.9413530244981938
12083,2020-02-16 11:00:00,260.292755127,0.731961071518239
12084,2020-02-16 12:00:00,260.49911499,0.8336959456236085
12085,2020-02-16 13:00:00,260.789672852,0.7861899267769334
12086,2020-02-16 14:00:00,261.086151123,0.2507854229684099
12087,2020-02-16 15:00:00,261.240966797,0.514521427630904
12088,2020-02-16 16:00:00,261.387756348,0.7531715068298203
12089,2020-02-16 17:00:00,261.521514893,0.39131741463853875
12090,2020-02-16 18:00:00,261.717407227,0.10030216567378392
12091,2020-02-16 19:00:00,262.033935547,0.13740112943968863
12092,2020-02-16 20:00:00,262.373596191,0.765986055546689
12093,2020-02-16 21:00:00,262.659667969,0.48440925355481845
12094,2020-02-16 22:00:00,262.976226807,0.7202229472285696
12095,2020-02-16 23:00:00,263.241882324,0.04373724651090127
12096,2020-02-17 00:00:00,263.533843994,0.8313671455412022
12097,2020-02-17 01:00:00,263.941741943,0.4947388440865681
12098,2020-02-17 02:00:00,264.355224609,0.03287590362521886
12099,2020-02-17 03:00:00,264.822906494,0.314399920400809
12100,2020-02-17 04:00:00,265.37109375,0.2751940063620669
12101,2020-02-17 05:00:00,265.87197876,0.678007960482817
12102,2020-02-17 06:00:00,266.355377197,0.12036094503223149
12103,2020-02-17 07:00:00,266.60723877,0.511221088586039
12104,2020-02-17 08:00:00,266.852203369,0.2905292183677256
12105,2020-02-17 09:00:00,267.085693359,0.48437522200368743
12106,2020-02-17 10:00:00,267.322479248,0.05853329124701179
12107,2020-02-17 11:00:00,267.579528809,0.9181823635697409
12108,2020-02-17 12:00:00,267.828704834,0.44459153279931385
12109,2020-02-17 13:00:00,267.95223999,0.5321538360773577
12110,2020-02-17 14:00:00,268.034088135,0.03398736169492855
12111,2020-02-17 15:00:00,268.082885742,0.6498045849162489
12112,2020-02-17 16:00:00,268.113739014,0.44905436304616
12113,2020-02-17 17:00:00,268.127716064,0.2594723933050471
12114,2020-02-17 18:00:00,268.155181885,0.6506713181063642
12115,2020-02-17 19:00:00,268.182800293,0.6420566922808579
12116,2020-02-17 20:00:00,268.218566895,0.05147834694504949
12117,2020-02-17 21:00:00,268.245727539,0.18416304623907787
12118,2020-02-17 22:00:00,268.262756348,0.693378254899988
12119,2020-02-17 23:00:00,268.291809082,0.18726240149167495
12120,2020-02-18 00:00:00,268.319946289,0.44056723797545083
12121,2020-02-18 01:00:00,268.344207764,0.1832340182795047
12122,2020-02-18 02:00:00,268.370147705,0.19171182590861902
12123,2020-02-18 03:00:00,268.396331787,0.16349464418766002
12124,2020-02-18 04:00:00,268.418426514,0.13315063282468842
12125,2020-02-18 05:00:00,268.430175781,0.5833417529532144
12126,2020-02-18 06:00:00,268.443817139,0.46608366886027175
12127,2020-02-18 07:00:00,268.459991455,0.6717078304146834
12128,2020-02-18 08:00:00,268.475616455,0.8850243381877937
12129,2020-02-18 09:00:00,268.488983154,0.9090742365525384
12130,2020-02-18 10:00:00,268.503875732,0.5711433614516761
12131,2020-02-18 11:00:00,268.519958496,0.7275286281968066
12132,2020-02-18 12:00:00,268.537017822,0.710562826407219
12133,2020-02-18 13:00:00,268.546325684,0.827991988750829
12134,2020-02-18 14:00:00,268.553771973,0.33115994133595517
12135,2020-02-18 15:00:00,268.556060791,0.015803724058664925
12136,2020-02-18 16:00:00,268.551971436,0.9749609841324683
12137,2020-02-18 17:00:00,268.538879395,0.847006278558481
12138,2020-02-18 18:00:00,268.516052246,0.878107012012543
12139,2020-02-18 19:00:00,268.490905762,0.7519605071393883
12140,2020-02-18 20:00:00,268.468841553,0.35741919750754503
12141,2020-02-18 21:00:00,268.460876465,0.04080927076317076
12142,2020-02-18 22:00:00,268.463531494,0.38150884286990183
12143,2020-02-18 23:00:00,268.474914551,0.5079025426433194
12144,2020-02-19 00:00:00,268.476776123,0.28985675235529595
12145,2020-02-19 01:00:00,268.468231201,0.7167555872828285
12146,2020-02-19 02:00:00,268.458618164,0.4032970570108996
12147,2020-02-19 03:00:00,268.447753906,0.4807091503714822
12148,2020-02-19 04:00:00,268.436218262,0.6545715377538697
12149,2020-02-19 05:00:00,268.42767334,0.5557314710974711
12150,2020-02-19 06:00:00,268.421600342,0.9015260589791867
12151,2020-02-19 07:00:00,268.416534424,0.8160811776025616
12152,2020-02-19 08:00:00,268.411590576,0.8140704580753229
12153,2020-02-19 09:00:00,268.408630371,0.8144262377133142
12154,2020-02-19 10:00:00,268.403076172,0.6850417186952192
12155,2020-02-19 11:00:00,268.400695801,0.22111625615839337
12156,2020-02-19 12:00:00,268.400817871,0.13717007462508013
12157,2020-02-19 13:00:00,268.403625488,0.9643275783145844
12158,2020-02-19 14:00:00,268.40524292,0.4701980100208758
12159,2020-02-19 15:00:00,268.398834229,0.3253266800893104
12160,2020-02-19 16:00:00,268.386810303,0.5797189806505828
12161,2020-02-19 17:00:00,268.370025635,0.8810697922355004
12162,2020-02-19 18:00:00,268.350128174,0.07281047165826049
12163,2020-02-19 19:00:00,268.32321167,0.37514350015510645
12164,2020-02-19 20:00:00,268.296936035,0.7729704214492003
12165,2020-02-19 21:00:00,268.280029297,0.3984336757413839
12166,2020-02-19 22:00:00,268.278137207,0.3126809288316673
12167,2020-02-19 23:00:00,268.288146973,0.4193767157368903
12168,2020-02-20 00:00:00,268.297729492,0.3681986518366176
12169,2020-02-20 01:00:00,268.299682617,0.07043675286780715
12170,2020-02-20 02:00:00,268.306396484,0.2834183014856818
12171,2020-02-20 03:00:00,268.314544678,0.6426929886956546
12172,2020-02-20 04:00:00,268.321929932,0.43058429493113703
12173,2020-02-20 05:00:00,268.327484131,0.1952300033007518
12174,2020-02-20 06:00:00,268.33380127,0.7673272230699477
12175,2020-02-20 07:00:00,268.3387146,0.03240911734639573
12176,2020-02-20 08:00:00,268.343139648,0.5914257601453177
12177,2020-02-20 09:00:00,268.347198486,0.3806286629373863
12178,2020-02-20 10:00:00,268.34979248,0.846426461362982
12179,2020-02-20 11:00:00,268.35067749,0.26327482844589145
12180,2020-02-20 12:00:00,268.341461182,0.9591066049133165
12181,2020-02-20 13:00:00,268.318908691,0.8069230630882824
12182,2020-02-20 14:00:00,268.296051025,0.010247277177020342
12183,2020-02-20 15:00:00,268.271270752,0.7164829502140938
12184,2020-02-20 16:00:00,268.253662109,0.0959344846427328
12185,2020-02-20 17:00:00,268.230621338,0.5609503977608286
12186,2020-02-20 18:00:00,268.20123291,0.3284573617304547
12187,2020-02-20 19:00:00,268.159088135,0.8208565465490116
12188,2020-02-20 20:00:00,268.127258301,0.11371228857570326
12189,2020-02-20 21:00:00,268.106048584,0.7864511700909498
12190,2020-02-20 22:00:00,268.10559082,0.6788617415851327
12191,2020-02-20 23:00:00,268.113555908,0.7392305673521369
12192,2020-02-21 00:00:00,268.122833252,0.5013937275451196
12193,2020-02-21 01:00:00,268.129364014,0.8501370978891981
12194,2020-02-21 02:00:00,268.136352539,0.852155664979881
12195,2020-02-21 03:00:00,268.13873291,0.5936160053676515
12196,2020-02-21 04:00:00,268.140136719,0.23374208235677252
12197,2020-02-21 05:00:00,268.130462646,0.14916676321232236
12198,2020-02-21 06:00:00,268.112182617,0.3602502903639435
12199,2020-02-21 07:00:00,268.103637695,0.40952089196459374
12200,2020-02-21 08:00:00,268.1015625,0.861032528967008
12201,2020-02-21 09:00:00,268.085296631,0.01815108856679304
12202,2020-02-21 10:00:00,268.070800781,0.8631354674651064
12203,2020-02-21 11:00:00,268.057678223,0.4965639876610025
12204,2020-02-21 12:00:00,268.047454834,0.4550939297570691
12205,2020-02-21 13:00:00,268.044219971,0.05655188232006336
12206,2020-02-21 14:00:00,268.041503906,0.7655434019236083
12207,2020-02-21 15:00:00,268.028167725,0.038715918269942806
12208,2020-02-21 16:00:00,268.00769043,0.18173114795358647
12209,2020-02-21 17:00:00,267.982177734,0.3784603831761504
12210,2020-02-21 18:00:00,267.938934326,0.29458910663152327
12211,2020-02-21 19:00:00,267.885986328,0.21515564112533625
12212,2020-02-21 20:00:00,267.839355469,0.142737067056803
12213,2020-02-21 21:00:00,267.810424805,0.01425495097911278
12214,2020-02-21 22:00:00,267.803344727,0.056856344727314934
12215,2020-02-21 23:00:00,267.807434082,0.7780478181152392
12216,2020-02-22 00:00:00,267.808258057,0.28696276087508865
12217,2020-02-22 01:00:00,267.808105469,0.5434264937435913
12218,2020-02-22 02:00:00,267.811096191,0.028455231421840144
12219,2020-02-22 03:00:00,267.814331055,0.08157660272668688
12220,2020-02-22 04:00:00,267.817810059,0.4513390760140934
12221,2020-02-22 05:00:00,267.81829834,0.6522418021851678
12222,2020-02-22 06:00:00,267.817321777,0.5856254027629307
12223,2020-02-22 07:00:00,267.810516357,0.5285975914398966
12224,2020-02-22 08:00:00,267.815979004,0.041335012195820475
12225,2020-02-22 09:00:00,267.821807861,0.4847494070594175
12226,2020-02-22 10:00:00,267.822998047,0.5063847747780102
12227,2020-02-22 11:00:00,267.825469971,0.5822781514932117
12228,2020-02-22 12:00:00,267.834869385,0.9970107866503214
12229,2020-02-22 13:00:00,267.843963623,0.60092019130548
12230,2020-02-22 14:00:00,267.85333252,0.23348609897032702
12231,2020-02-22 15:00:00,267.851745605,0.8908192295869715
12232,2020-02-22 16:00:00,267.84085083,0.9858865798119071
12233,2020-02-22 17:00:00,267.820251465,0.3461602298348173
12234,2020-02-22 18:00:00,267.779205322,0.7275508357875174
12235,2020-02-22 19:00:00,267.732116699,0.5850167685803395
12236,2020-02-22 20:00:00,267.692993164,0.808268040654391
12237,2020-02-22 21:00:00,267.675018311,0.366489727665251
12238,2020-02-22 22:00:00,267.664978027,0.6442248611264209
12239,2020-02-22 23:00:00,267.666625977,0.9511283117413162
12240,2020-02-23 00:00:00,267.667480469,0.07143258244148265
12241,2020-02-23 01:00:00,267.940185547,0.4454066792019138
12242,2020-02-23 02:00:00,268.231964111,0.4194228689737347
12243,2020-02-23 03:00:00,268.553253174,0.1502677541936963
12244,2020-02-23 04:00:00,268.882598877,0.34784725289509133
12245,2020-02-23 05:00:00,269.210174561,0.7891298138352836
12246,2020-02-23 06:00:00,269.590545654,0.7360929491981448
12247,2020-02-23 07:00:00,269.82925415,0.26617199773114075
12248,2020-02-23 08:00:00,270.086547852,0.4782701381373229
12249,2020-02-23 09:00:00,270.3175354,0.7997451254218233
12250,2020-02-23 10:00:00,270.486633301,0.07880455811981102
12251,2020-02-23 11:00:00,270.686828613,0.833473755812537
12252,2020-02-23 12:00:00,270.893615723,0.25631722964753767
12253,2020-02-23 13:00:00,271.101623535,0.17048452754261667
12254,2020-02-23 14:00:00,271.295074463,0.7760346936967436
12255,2020-02-23 15:00:00,271.493438721,0.8469001748881577
12256,2020-02-23 16:00:00,271.670562744,0.8860584578796462
12257,2020-02-23 17:00:00,271.860290527,0.3777444207856503
12258,2020-02-23 18:00:00,272.035644531,0.9777512784754789
12259,2020-02-23 19:00:00,272.123413086,0.9063708853885252
12260,2020-02-23 20:00:00,272.210205078,0.8184112485713142
12261,2020-02-23 21:00:00,272.301025391,0.49077983355841726
12262,2020-02-23 22:00:00,272.358123779,0.5949520203903569
12263,2020-02-23 23:00:00,272.423187256,0.6885904988007712
12264,2020-02-24 00:00:00,272.482452393,0.7932671047344048
12265,2020-02-24 01:00:00,272.519622803,0.11943285085050181
12266,2020-02-24 02:00:00,272.568847656,0.6179859304556317
12267,2020-02-24 03:00:00,272.616546631,0.4459344431312898
12268,2020-02-24 04:00:00,272.659881592,0.654701168174592
12269,2020-02-24 05:00:00,272.693939209,0.177617419829454
12270,2020-02-24 06:00:00,272.70916748,0.3374906155377222
12271,2020-02-24 07:00:00,272.741912842,0.4270405212532662
12272,2020-02-24 08:00:00,272.770599365,0.44136995969196924
12273,2020-02-24 09:00:00,272.795654297,0.3890848884794246
12274,2020-02-24 10:00:00,272.823455811,0.7778941030839019
12275,2020-02-24 11:00:00,272.850952148,0.8514462798666501
12276,2020-02-24 12:00:00,272.875030518,0.5023401189094608
12277,2020-02-24 13:00:00,273.189971924,0.894863016697913
12278,2020-02-24 14:00:00,273.53024292,0.9727546182204312
12279,2020-02-24 15:00:00,273.603393555,0.9318093822713133
12280,2020-02-24 16:00:00,273.648071289,0.6311348323297065
12281,2020-02-24 17:00:00,273.721069336,0.4851609363688424
12282,2020-02-24 18:00:00,273.764587402,0.5639830259904846
12283,2020-02-24 19:00:00,273.778564453,0.9507266946946302
12284,2020-02-24 20:00:00,273.776947021,0.7148649841637535
12285,2020-02-24 21:00:00,273.780151367,0.568558392856273
12286,2020-02-24 22:00:00,273.783843994,0.7291606874144125
12287,2020-02-24 23:00:00,273.789367676,0.27033554646547164
12288,2020-02-25 00:00:00,273.796569824,0.15416768797074176
12289,2020-02-25 01:00:00,273.801391602,0.41329318895227574
12290,2020-02-25 02:00:00,273.808685303,0.14378009933172342
12291,2020-02-25 03:00:00,273.814331055,0.3873135354331537
12292,2020-02-25 04:00:00,273.819580078,0.07449492768148847
12293,2020-02-25 05:00:00,273.824768066,0.9229488673174777
12294,2020-02-25 06:00:00,273.828277588,0.5966823900544369
12295,2020-02-25 07:00:00,273.831542969,0.34970007313023044
12296,2020-02-25 08:00:00,273.834716797,0.9359053235461668
12297,2020-02-25 09:00:00,273.837738037,0.3168599610142444
12298,2020-02-25 10:00:00,273.838500977,0.3358930417362278
12299,2020-02-25 11:00:00,273.839172363,0.024548895604398102
12300,2020-02-25 12:00:00,273.840576172,0.1088002056568439
12301,2020-02-25 13:00:00,273.842468262,0.08094340778211129
12302,2020-02-25 14:00:00,273.843933105,0.7668144747298571
12303,2020-02-25 15:00:00,273.842315674,0.9657147343492695
12304,2020-02-25 16:00:00,273.836303711,0.1634476242978279
12305,2020-02-25 17:00:00,273.826171875,0.4704093906978729
12306,2020-02-25 18:00:00,273.812164307,0.11038229106758113
12307,2020-02-25 19:00:00,273.795043945,0.35427062481313454
12308,2020-02-25 20:00:00,273.780273438,0.7963264238630482
12309,2020-02-25 21:00:00,273.773742676,0.18147445461557132
12310,2020-02-25 22:00:00,273.77532959,0.2927951132121036
12311,2020-02-25 23:00:00,273.78036499,0.0006964114274301547
12312,2020-02-26 00:00:00,273.784667969,0.46524172458844193
12313,2020-02-26 01:00:00,273.789916992,0.36678257200965847
12314,2020-02-26 02:00:00,273.794250488,0.6393497186304468
12315,2020-02-26 03:00:00,273.793670654,0.46222535736602666
12316,2020-02-26 04:00:00,273.791931152,0.13733667695243978
12317,2020-02-26 05:00:00,273.790374756,0.38344284335777234
12318,2020-02-26 06:00:00,273.788879395,0.37171954082020486
12319,2020-02-26 07:00:00,273.783813477,0.7171588837258318
12320,2020-02-26 08:00:00,273.77746582,0.9578397654909102
12321,2020-02-26 09:00:00,273.766357422,0.30559829152161
12322,2020-02-26 10:00:00,273.754089355,0.6017245758190793
12323,2020-02-26 11:00:00,273.740112305,0.5535100762474799
12324,2020-02-26 12:00:00,273.725616455,0.055145908869609905
12325,2020-02-26 13:00:00,273.885345459,0.4734667255324304
12326,2020-02-26 14:00:00,274.094390869,0.650166059830127
12327,2020-02-26 15:00:00,274.109222412,0.551221362390214
12328,2020-02-26 16:00:00,274.28717041,0.5174454422057976
12329,2020-02-26 17:00:00,274.465698242,0.5329384995847026
12330,2020-02-26 18:00:00,274.646728516,0.45763753273075847
12331,2020-02-26 19:00:00,274.835723877,0.7370413999405506
12332,2020-02-26 20:00:00,275.030883789,0.9522379616851873
12333,2020-02-26 21:00:00,275.244659424,0.8948580668899376
12334,2020-02-26 22:00:00,275.454956055,0.5975153725869038
12335,2020-02-26 23:00:00,275.678710938,0.20694527115084926
12336,2020-02-27 00:00:00,275.909423828,0.48463994868850746
12337,2020-02-27 01:00:00,276.123291016,0.5968236725810705
12338,2020-02-27 02:00:00,276.351867676,0.6029261195830107
12339,2020-02-27 03:00:00,276.580627441,0.8560345702482235
12340,2020-02-27 04:00:00,276.803527832,0.48303579513450456
12341,2020-02-27 05:00:00,277.022338867,0.449364678980106
12342,2020-02-27 06:00:00,277.270782471,0.7089220535578372
12343,2020-02-27 07:00:00,277.527099609,0.15320886277666468
12344,2020-02-27 08:00:00,277.836334229,0.7804873289630312
12345,2020-02-27 09:00:00,278.170471191,0.7838178935409355
12346,2020-02-27 10:00:00,278.518066406,0.5613400247502209
12347,2020-02-27 11:00:00,278.913269043,0.5520516580908962
12348,2020-02-27 12:00:00,279.226013184,0.1954532577466973
12349,2020-02-27 13:00:00,279.320800781,0.965964178664087
12350,2020-02-27 14:00:00,279.396789551,0.10315692617395444
12351,2020-02-27 15:00:00,279.451843262,0.7043536935456736
12352,2020-02-27 16:00:00,279.476928711,0.08050950722681038
12353,2020-02-27 17:00:00,279.479431152,0.9179324922898909
12354,2020-02-27 18:00:00,279.490386963,0.7875472720564729
12355,2020-02-27 19:00:00,279.516021729,0.5520387032613132
12356,2020-02-27 20:00:00,279.558868408,0.10156677350984045
12357,2020-02-27 21:00:00,279.585205078,0.9388944814910973
12358,2020-02-27 22:00:00,279.610198975,0.4255504357405163
12359,2020-02-27 23:00:00,279.633911133,0.28885839255579204
12360,2020-02-28 00:00:00,279.661560059,0.4032837768791141
12361,2020-02-28 01:00:00,279.681182861,0.021294009312741058
12362,2020-02-28 02:00:00,279.697631836,0.25215681499230824
12363,2020-02-28 03:00:00,279.712493896,0.48145176517773514
12364,2020-02-28 04:00:00,279.731536865,0.7900083195424932
12365,2020-02-28 05:00:00,279.74710083,0.7873258035274715
12366,2020-02-28 06:00:00,279.763549805,0.8623026867492906
12367,2020-02-28 07:00:00,279.777191162,0.4876690369486356
12368,2020-02-28 08:00:00,279.790527344,0.7200368290311918
12369,2020-02-28 09:00:00,279.804931641,0.8667807230357356
12370,2020-02-28 10:00:00,279.819824219,0.7138607633535382
12371,2020-02-28 11:00:00,279.830596924,0.30455278359922655
12372,2020-02-28 12:00:00,279.838867188,0.14911828000974892
12373,2020-02-28 13:00:00,279.850708008,0.9826418094727306
12374,2020-02-28 14:00:00,279.868774414,0.2703467647040404
12375,2020-02-28 15:00:00,279.874176025,0.20607828738066825
12376,2020-02-28 16:00:00,279.867675781,0.7805622536020378
12377,2020-02-28 17:00:00,279.851104736,0.2178652710861948
12378,2020-02-28 18:00:00,279.836669922,0.7623578810175118
12379,2020-02-28 19:00:00,280.201843262,0.4957292907944516
12380,2020-02-28 20:00:00,280.727722168,0.7559498542022528
12381,2020-02-28 21:00:00,281.113739014,0.8525354281315238
12382,2020-02-28 22:00:00,281.173370361,0.368005256076959
12383,2020-02-28 23:00:00,281.201385498,0.9620308912278266
12384,2020-02-29 00:00:00,281.218933105,0.3635834958034506
12385,2020-02-29 01:00:00,281.245269775,0.2701699504770001
12386,2020-02-29 02:00:00,281.283355713,0.13963175627156355
12387,2020-02-29 03:00:00,281.334564209,0.9053491623435109
12388,2020-02-29 04:00:00,281.37677002,0.531688114992658
12389,2020-02-29 05:00:00,281.41506958,0.9233371244614447
12390,2020-02-29 06:00:00,281.44418335,0.18629499666733462
12391,2020-02-29 07:00:00,281.465057373,0.245336397761187
12392,2020-02-29 08:00:00,281.483062744,0.29103039010273957
12393,2020-02-29 09:00:00,281.493103027,0.5342373818868822
12394,2020-02-29 10:00:00,281.50958252,0.5246655246312192
12395,2020-02-29 11:00:00,281.520935059,0.7886928928636726
12396,2020-02-29 12:00:00,281.528564453,0.013034207481713023
12397,2020-02-29 13:00:00,281.534942627,0.36357001265700783
12398,2020-02-29 14:00:00,281.540130615,0.5367960215881483
12399,2020-02-29 15:00:00,281.530822754,0.20319630984762949
12400,2020-02-29 16:00:00,281.516937256,0.31223221255715883
12401,2020-02-29 17:00:00,281.497650146,0.4899127958705687
12402,2020-02-29 18:00:00,281.476470947,0.822843371828311
12403,2020-02-29 19:00:00,281.574371338,0.41896690928319835
12404,2020-02-29 20:00:00,281.685028076,0.07365199099189423
12405,2020-02-29 21:00:00,281.69152832,0.020900137239230454
12406,2020-02-29 22:00:00,281.705169678,0.4379430209065841
12407,2020-02-29 23:00:00,281.71673584,0.9277196223624342
12408,2020-03-01 00:00:00,281.728363037,0.8938402956027686
12409,2020-03-01 01:00:00,281.738098145,0.11336268854951037
12410,2020-03-01 02:00:00,281.74786377,0.08913909088943328
12411,2020-03-01 03:00:00,281.757965088,0.07435970776502887
12412,2020-03-01 04:00:00,281.767364502,0.5835955744987149
12413,2020-03-01 05:00:00,281.775909424,0.522196153906715
12414,2020-03-01 06:00:00,281.78427124,0.9972496231736063
12415,2020-03-01 07:00:00,281.79107666,0.8237268424734945
12416,2020-03-01 08:00:00,281.794555664,0.34929130510976225
12417,2020-03-01 09:00:00,281.796020508,0.8244821894234868
12418,2020-03-01 10:00:00,281.803588867,0.5192902164509346
12419,2020-03-01 11:00:00,281.80557251,0.09248308887976509
12420,2020-03-01 12:00:00,281.80480957,0.4294773720204591
12421,2020-03-01 13:00:00,281.807037354,0.4674641506386312
12422,2020-03-01 14:00:00,281.806030273,0.048284521994000684
12423,2020-03-01 15:00:00,281.797668457,0.5722359697023321
12424,2020-03-01 16:00:00,281.787139893,0.7228327280987288
12425,2020-03-01 17:00:00,281.768829346,0.4674788069745447
12426,2020-03-01 18:00:00,281.748382568,0.4493500374912335
12427,2020-03-01 19:00:00,281.72442627,0.5377179973381262
12428,2020-03-01 20:00:00,281.701568604,0.740571731227509
12429,2020-03-01 21:00:00,281.679321289,0.7200636819912813
12430,2020-03-01 22:00:00,281.668487549,0.8816563451940295
12431,2020-03-01 23:00:00,281.670501709,0.47611892770294406
12432,2020-03-02 00:00:00,281.670013428,0.965389705879381
12433,2020-03-02 01:00:00,281.673370361,0.7512830126810333
12434,2020-03-02 02:00:00,281.682128906,0.6500682343490845
12435,2020-03-02 03:00:00,281.688262939,0.8938633318104593
12436,2020-03-02 04:00:00,281.689025879,0.1809734331494144
12437,2020-03-02 05:00:00,281.690673828,0.02470917454195376
12438,2020-03-02 06:00:00,281.692565918,0.06440253731671008
12439,2020-03-02 07:00:00,282.137908936,0.9670744995447427
12440,2020-03-02 08:00:00,282.606079102,0.4772312951743436
12441,2020-03-02 09:00:00,283.081237793,0.030151521909347667
12442,2020-03-02 10:00:00,283.61605835,0.5880009029641654
12443,2020-03-02 11:00:00,284.161132812,0.15810377134921716
12444,2020-03-02 12:00:00,284.735229492,0.07271921605989629
12445,2020-03-02 13:00:00,284.852905273,0.5519409313910244
12446,2020-03-02 14:00:00,284.895507812,0.4226452091663826
12447,2020-03-02 15:00:00,284.953521729,0.27132964136991744
12448,2020-03-02 16:00:00,285.010986328,0.17671968577879582
12449,2020-03-02 17:00:00,285.067626953,0.7909518644020118
12450,2020-03-02 18:00:00,285.115112305,0.23675339365345205
12451,2020-03-02 19:00:00,285.164337158,0.3276966135569117
12452,2020-03-02 20:00:00,285.238616943,0.5704248937189826
12453,2020-03-02 21:00:00,285.307098389,0.41032956577809154
12454,2020-03-02 22:00:00,285.359741211,0.10475858788394088
12455,2020-03-02 23:00:00,285.390533447,0.07986641436895947
12456,2020-03-03 00:00:00,285.430419922,0.2959580074649226
12457,2020-03-03 01:00:00,285.467712402,0.19110567915219623
12458,2020-03-03 02:00:00,285.491912842,0.4511709277263487
12459,2020-03-03 03:00:00,285.520874023,0.8474551743428571
12460,2020-03-03 04:00:00,285.54095459,0.8483823787139466
12461,2020-03-03 05:00:00,285.560211182,0.6135871548191407
12462,2020-03-03 06:00:00,285.57723999,0.6888124201069793
12463,2020-03-03 07:00:00,285.590148926,0.6103047247975621
12464,2020-03-03 08:00:00,285.598266602,0.01678091540107407
12465,2020-03-03 09:00:00,285.612426758,0.8901461858623945
12466,2020-03-03 10:00:00,285.632507324,0.37222222552755135
12467,2020-03-03 11:00:00,285.650878906,0.18611368522864546
12468,2020-03-03 12:00:00,285.661956787,0.010798504024926214
12469,2020-03-03 13:00:00,285.669525146,0.19169707708334927
12470,2020-03-03 14:00:00,285.669036865,0.20042479285879222
12471,2020-03-03 15:00:00,285.651489258,0.5415531949004604
12472,2020-03-03 16:00:00,285.622070312,0.9329644504336603
12473,2020-03-03 17:00:00,285.581237793,0.1842863107567435
12474,2020-03-03 18:00:00,285.538787842,0.9484406198492533
12475,2020-03-03 19:00:00,285.489807129,0.4539057650783914
12476,2020-03-03 20:00:00,285.448699951,0.1407094897699096
12477,2020-03-03 21:00:00,285.425140381,0.9332333513847659
12478,2020-03-03 22:00:00,285.418548584,0.7696043545716571
12479,2020-03-03 23:00:00,285.412902832,0.0802426241553359
12480,2020-03-04 00:00:00,285.397277832,0.4722779542817216
12481,2020-03-04 01:00:00,285.385650635,0.18282721458004658
12482,2020-03-04 02:00:00,285.367797852,0.8667738549078715
12483,2020-03-04 03:00:00,285.340637207,0.6727383074614882
12484,2020-03-04 04:00:00,285.307312012,0.9305356298072822
12485,2020-03-04 05:00:00,285.27444458,0.1425006023528086
12486,2020-03-04 06:00:00,285.2472229,0.5478484085005786
12487,2020-03-04 07:00:00,285.22845459,0.8192321484001912
12488,2020-03-04 08:00:00,285.209106445,0.6241894202772161
12489,2020-03-04 09:00:00,285.190612793,0.39964151349692434
12490,2020-03-04 10:00:00,285.172912598,0.18469697857731449
12491,2020-03-04 11:00:00,285.158752441,0.42530101125445674
12492,2020-03-04 12:00:00,285.161987305,0.3731619991604297
12493,2020-03-04 13:00:00,285.164154053,0.47543684240034134
12494,2020-03-04 14:00:00,285.164398193,0.36822122445682703
12495,2020-03-04 15:00:00,285.147705078,0.27087485364022257
12496,2020-03-04 16:00:00,285.124084473,0.7829431676611068
12497,2020-03-04 17:00:00,285.090667725,0.05913504946484105
12498,2020-03-04 18:00:00,285.052612305,0.676892272702337
12499,2020-03-04 19:00:00,285.01071167,0.651641555022251
12500,2020-03-04 20:00:00,284.983428955,0.03608349074294337
12501,2020-03-04 21:00:00,284.971252441,0.7857908107773471
12502,2020-03-04 22:00:00,284.970703125,0.7381263263228446
12503,2020-03-04 23:00:00,284.976989746,0.17715285529876157
12504,2020-03-05 00:00:00,284.977478027,0.7837364964029155
12505,2020-03-05 01:00:00,284.977905273,0.5729871868674153
12506,2020-03-05 02:00:00,284.981109619,0.29891160454822463
12507,2020-03-05 03:00:00,284.98840332,0.40419972500074475
12508,2020-03-05 04:00:00,284.995147705,0.597508763070298
12509,2020-03-05 05:00:00,285.000793457,0.5438590628657317
12510,2020-03-05 06:00:00,285.004852295,0.8630934013556201
12511,2020-03-05 07:00:00,285.008789062,0.4224786999929542
12512,2020-03-05 08:00:00,285.011047363,0.83823169199013
12513,2020-03-05 09:00:00,285.012298584,0.8160125650051427
12514,2020-03-05 10:00:00,285.011169434,0.08943233086422786
12515,2020-03-05 11:00:00,284.999328613,0.26836510132596103
12516,2020-03-05 12:00:00,284.983184814,0.5426217906527117
12517,2020-03-05 13:00:00,284.971801758,0.42925646262257033
12518,2020-03-05 14:00:00,284.953552246,0.4604640350795022
12519,2020-03-05 15:00:00,284.945556641,0.097428210878164
12520,2020-03-05 16:00:00,284.93347168,0.20965788093793003
12521,2020-03-05 17:00:00,284.906829834,0.6357831535674492
12522,2020-03-05 18:00:00,284.864257812,0.5817127094352508
12523,2020-03-05 19:00:00,284.822143555,0.8261069760244156
12524,2020-03-05 20:00:00,284.788238525,0.15157722273554441
12525,2020-03-05 21:00:00,284.77444458,0.472597323665095
12526,2020-03-05 22:00:00,284.778442383,0.30092539030229193
12527,2020-03-05 23:00:00,284.785430908,0.8572499760032293
12528,2020-03-06 00:00:00,284.793304443,0.7908035529097143
12529,2020-03-06 01:00:00,284.797851562,0.11076603953251407
12530,2020-03-06 02:00:00,284.804229736,0.2642715661782056
12531,2020-03-06 03:00:00,284.805175781,0.5057869039576497
12532,2020-03-06 04:00:00,284.787109375,0.20152922951858254
12533,2020-03-06 05:00:00,284.768890381,0.04141761868377891
12534,2020-03-06 06:00:00,284.74786377,0.08226134743115754
12535,2020-03-06 07:00:00,284.734100342,0.11571563624160919
12536,2020-03-06 08:00:00,284.71484375,0.43441648227423046
12537,2020-03-06 09:00:00,284.691101074,0.7323799434733893
12538,2020-03-06 10:00:00,284.670196533,0.40488516625087057
12539,2020-03-06 11:00:00,284.668334961,0.5072868136912447
12540,2020-03-06 12:00:00,284.656219482,0.15459865667211647
12541,2020-03-06 13:00:00,284.643249512,0.5920410711347301
12542,2020-03-06 14:00:00,284.627990723,0.8195066897415083
12543,2020-03-06 15:00:00,284.603302002,0.2916088580471736
12544,2020-03-06 16:00:00,284.569671631,0.3403591843156156
12545,2020-03-06 17:00:00,284.522491455,0.27626370270410394
12546,2020-03-06 18:00:00,284.462585449,0.38684872249557156
12547,2020-03-06 19:00:00,284.408508301,0.5046492281743014
12548,2020-03-06 20:00:00,284.35559082,0.39718525068687915
12549,2020-03-06 21:00:00,284.311981201,0.09623770548620436
12550,2020-03-06 22:00:00,284.27520752,0.3926527860898773
12551,2020-03-06 23:00:00,284.241363525,0.9829738082864191
12552,2020-03-07 00:00:00,284.212921143,0.5675506324254225
12553,2020-03-07 01:00:00,284.186523438,0.29249274290165694
12554,2020-03-07 02:00:00,284.157745361,0.2612717261783505
12555,2020-03-07 03:00:00,284.128631592,0.7846119795470655
12556,2020-03-07 04:00:00,284.104705811,0.44273786538863236
12557,2020-03-07 05:00:00,284.080505371,0.47202172123872144
12558,2020-03-07 06:00:00,284.058380127,0.6018386540877319
12559,2020-03-07 07:00:00,284.037536621,0.28025690386969715
12560,2020-03-07 08:00:00,284.017425537,0.6541719612238998
12561,2020-03-07 09:00:00,284.000610352,0.660051856972046
12562,2020-03-07 10:00:00,283.984436035,0.4109934330904701
12563,2020-03-07 11:00:00,283.976501465,0.9939271349351502
12564,2020-03-07 12:00:00,283.983062744,0.40543276429682973
12565,2020-03-07 13:00:00,283.991668701,0.6629863117594125
12566,2020-03-07 14:00:00,283.985778809,0.6627833351863162
12567,2020-03-07 15:00:00,283.964874268,0.884244302911264
12568,2020-03-07 16:00:00,283.936584473,0.04152333921098206
12569,2020-03-07 17:00:00,283.898223877,0.6764714201035328
12570,2020-03-07 18:00:00,283.850402832,0.6549382047181331
12571,2020-03-07 19:00:00,283.804595947,0.33019615558924664
12572,2020-03-07 20:00:00,283.769897461,0.16572098747737252
12573,2020-03-07 21:00:00,283.742126465,0.9242167544520311
12574,2020-03-07 22:00:00,283.725158691,0.6970582061845694
12575,2020-03-07 23:00:00,283.711303711,0.617361283217437
12576,2020-03-08 00:00:00,283.697509766,0.018767889580434516
12577,2020-03-08 01:00:00,284.121063232,0.9782290461050585
12578,2020-03-08 02:00:00,284.587677002,0.03182652730823299
12579,2020-03-08 03:00:00,285.102600098,0.7426257637219237
12580,2020-03-08 04:00:00,285.647888184,0.4942171169943581
12581,2020-03-08 05:00:00,286.231903076,0.4530568252094832
12582,2020-03-08 06:00:00,286.858154297,0.49035273980092675
12583,2020-03-08 07:00:00,287.040588379,0.3145784438765219
12584,2020-03-08 08:00:00,287.161407471,0.7068726010433038
12585,2020-03-08 09:00:00,287.253173828,0.5064253383726446
12586,2020-03-08 10:00:00,287.317779541,0.27698556930013996
12587,2020-03-08 11:00:00,287.378936768,0.5685888119660883
12588,2020-03-08 12:00:00,287.421173096,0.6280763769202906
12589,2020-03-08 13:00:00,287.451904297,0.066043803083914
12590,2020-03-08 14:00:00,287.479766846,0.8096072893979525
12591,2020-03-08 15:00:00,287.501281738,0.6507564262881655
12592,2020-03-08 16:00:00,287.504882812,0.035933886001081716
12593,2020-03-08 17:00:00,287.503845215,0.9002691118457663
12594,2020-03-08 18:00:00,287.496307373,0.4912699732488772
12595,2020-03-08 19:00:00,287.680877686,0.00042196263641869347
12596,2020-03-08 20:00:00,287.895111084,0.09587676459430783
12597,2020-03-08 21:00:00,288.110198975,0.975536482133257
12598,2020-03-08 22:00:00,288.330169678,0.5809666355681348
12599,2020-03-08 23:00:00,288.548400879,0.8595849806369733
12600,2020-03-09 00:00:00,288.794189453,0.05406331186376645
12601,2020-03-09 01:00:00,288.968963623,0.6186212166130962
12602,2020-03-09 02:00:00,289.155853271,0.4489741850813438
12603,2020-03-09 03:00:00,289.339904785,0.4342703348072514
12604,2020-03-09 04:00:00,289.527008057,0.206540906226221
12605,2020-03-09 05:00:00,289.718963623,0.8302317014282515
12606,2020-03-09 06:00:00,289.879119873,0.26875855616325106
12607,2020-03-09 07:00:00,289.92755127,0.23876279023136648
12608,2020-03-09 08:00:00,289.981781006,0.1975225160829398
12609,2020-03-09 09:00:00,290.057830811,0.3802314296708694
12610,2020-03-09 10:00:00,290.146148682,0.8711274954052306
12611,2020-03-09 11:00:00,290.226135254,0.6471481800591524
12612,2020-03-09 12:00:00,290.301696777,0.9624124439980825
12613,2020-03-09 13:00:00,290.337738037,0.23477751238389555
12614,2020-03-09 14:00:00,290.362304688,0.05421526977208346
12615,2020-03-09 15:00:00,290.378234863,0.9928613472713128
12616,2020-03-09 16:00:00,290.376434326,0.015579317222555678
12617,2020-03-09 17:00:00,290.365264893,0.20576273851371962
12618,2020-03-09 18:00:00,290.351654053,0.8541573672465491
12619,2020-03-09 19:00:00,290.352355957,0.9486142015376006
12620,2020-03-09 20:00:00,290.364990234,0.29488929110045337
12621,2020-03-09 21:00:00,290.383911133,0.15741045693381062
12622,2020-03-09 22:00:00,290.403961182,0.49367297060756477
12623,2020-03-09 23:00:00,290.421203613,0.7621630430487507
12624,2020-03-10 00:00:00,290.438934326,0.8060923549225268
12625,2020-03-10 01:00:00,290.450897217,0.2040501105938971
12626,2020-03-10 02:00:00,290.465942383,0.8462258168105271
12627,2020-03-10 03:00:00,290.474578857,0.17389655185429365
12628,2020-03-10 04:00:00,290.485839844,0.5972085716091828
12629,2020-03-10 05:00:00,290.497009277,0.5499821993613472
12630,2020-03-10 06:00:00,290.499847412,0.9006127446456318
12631,2020-03-10 07:00:00,290.510681152,0.25329931710815623
12632,2020-03-10 08:00:00,290.512573242,0.7229551163839463
12633,2020-03-10 09:00:00,290.514282227,0.5123675110428273
12634,2020-03-10 10:00:00,290.521850586,0.9200741748480491
12635,2020-03-10 11:00:00,290.526977539,0.5075504703334491
12636,2020-03-10 12:00:00,290.53112793,0.6190161598075837
12637,2020-03-10 13:00:00,290.560394287,0.5343896934229124
12638,2020-03-10 14:00:00,290.592285156,0.340346497007042
12639,2020-03-10 15:00:00,290.61730957,0.04443511657997856
12640,2020-03-10 16:00:00,290.63571167,0.8755921589662587
12641,2020-03-10 17:00:00,290.648773193,0.4511574701076836
12642,2020-03-10 18:00:00,290.673919678,0.14906100909911402
12643,2020-03-10 19:00:00,290.792114258,0.8496610268018581
12644,2020-03-10 20:00:00,290.922363281,0.7984026422757263
12645,2020-03-10 21:00:00,291.064453125,0.9046462306660088
12646,2020-03-10 22:00:00,291.223266602,0.7001818661245005
12647,2020-03-10 23:00:00,291.372436523,0.8577642646519554
12648,2020-03-11 00:00:00,291.528900146,0.4354768630511643
12649,2020-03-11 01:00:00,291.556945801,0.05724566961883515
12650,2020-03-11 02:00:00,291.591003418,0.7799359419423056
12651,2020-03-11 03:00:00,291.60345459,0.9466022293987741
12652,2020-03-11 04:00:00,291.630371094,0.3734360940153172
12653,2020-03-11 05:00:00,291.664855957,0.9437010075576765
12654,2020-03-11 06:00:00,291.692321777,0.20196134739876848
12655,2020-03-11 07:00:00,291.726531982,0.2153036632149995
12656,2020-03-11 08:00:00,291.760955811,0.4952096059197306
12657,2020-03-11 09:00:00,291.796936035,0.5037499807180474
12658,2020-03-11 10:00:00,291.82321167,0.7249222108145816
12659,2020-03-11 11:00:00,291.849975586,0.9270349466606076
12660,2020-03-11 12:00:00,291.879943848,0.39818277729786566
12661,2020-03-11 13:00:00,291.939910889,0.9632953707296363
12662,2020-03-11 14:00:00,291.993133545,0.7369997428945585
12663,2020-03-11 15:00:00,292.03515625,0.8710156600450248
12664,2020-03-11 16:00:00,292.10736084,0.6010529867823211
12665,2020-03-11 17:00:00,292.215179443,0.32048945815184804
12666,2020-03-11 18:00:00,292.260650635,0.565208273370477
12667,2020-03-11 19:00:00,292.547058105,0.31452217319699927
12668,2020-03-11 20:00:00,292.873962402,0.9649068264640464
12669,2020-03-11 21:00:00,293.248321533,0.7636127309573492
12670,2020-03-11 22:00:00,293.648956299,0.4173474401433641
12671,2020-03-11 23:00:00,294.026672363,0.5328742840654012
12672,2020-03-12 00:00:00,294.430480957,0.24285389462448626
12673,2020-03-12 01:00:00,294.52130127,0.10188078146811996
12674,2020-03-12 02:00:00,294.592376709,0.23856731720218682
12675,2020-03-12 03:00:00,294.646087646,0.5174920200553237
12676,2020-03-12 04:00:00,294.709228516,0.7514548734085942
12677,2020-03-12 05:00:00,294.75958252,0.29973412133326316
12678,2020-03-12 06:00:00,294.809692383,0.8390439905205114
12679,2020-03-12 07:00:00,294.855987549,0.4623665543367175
12680,2020-03-12 08:00:00,294.894714355,0.8921119756533461
12681,2020-03-12 09:00:00,294.928375244,0.619486487714967
12682,2020-03-12 10:00:00,294.95413208,0.7947985212653483
12683,2020-03-12 11:00:00,294.989898682,0.6068176381700466
12684,2020-03-12 12:00:00,295.037445068,0.9381528429678122
12685,2020-03-12 13:00:00,295.084259033,0.1452089343334516
12686,2020-03-12 14:00:00,295.11630249,0.26414820555320007
12687,2020-03-12 15:00:00,295.132354736,0.8849771068903538
12688,2020-03-12 16:00:00,295.134521484,0.16109715950486225
12689,2020-03-12 17:00:00,295.133178711,0.4990285462737615
12690,2020-03-12 18:00:00,295.129730225,0.30826333564301245
12691,2020-03-12 19:00:00,295.127868652,0.07972340137092149
12692,2020-03-12 20:00:00,295.129516602,0.7845376245335499
12693,2020-03-12 21:00:00,295.139434814,0.7511383226950361
12694,2020-03-12 22:00:00,295.15411377,0.8967952585821637
12695,2020-03-12 23:00:00,295.166473389,0.4412675012651228
12696,2020-03-13 00:00:00,295.176086426,0.15342705304998505
12697,2020-03-13 01:00:00,295.18170166,0.2989844110035381
12698,2020-03-13 02:00:00,295.187133789,0.30252248994929876
12699,2020-03-13 03:00:00,295.193359375,0.9722281747090257
12700,2020-03-13 04:00:00,295.200012207,0.07697908017422517
12701,2020-03-13 05:00:00,295.205505371,0.10359418314774094
12702,2020-03-13 06:00:00,295.208862305,0.9681602124491285
12703,2020-03-13 07:00:00,295.3984375,0.2654956834141472
12704,2020-03-13 08:00:00,295.598876953,0.9755894714466264
12705,2020-03-13 09:00:00,295.831085205,0.5253323752479344
12706,2020-03-13 10:00:00,296.070404053,0.8552181970990583
12707,2020-03-13 11:00:00,296.317657471,0.7619760262516168
12708,2020-03-13 12:00:00,296.596405029,0.0051489828725355125
12709,2020-03-13 13:00:00,297.610809326,0.37315792363656397
12710,2020-03-13 14:00:00,298.748046875,0.341892981919943
12711,2020-03-13 15:00:00,300.205810547,0.8630513647629963
12712,2020-03-13 16:00:00,301.767700195,0.2280004631527467
12713,2020-03-13 17:00:00,303.449279785,0.18537713614706908
12714,2020-03-13 18:00:00,305.044250488,0.7278220545366132
12715,2020-03-13 19:00:00,305.979187012,0.06870262490192236
12716,2020-03-13 20:00:00,306.819610596,0.11774682514646184
12717,2020-03-13 21:00:00,307.561950684,0.8680923795399872
12718,2020-03-13 22:00:00,308.31048584,0.686534319914807
12719,2020-03-13 23:00:00,309.056396484,0.6032202991665354
12720,2020-03-14 00:00:00,309.744781494,0.28970559303155885
12721,2020-03-14 01:00:00,310.22567749,0.628294147816061
12722,2020-03-14 02:00:00,310.639862061,0.8953144764969103
12723,2020-03-14 03:00:00,310.984405518,0.1482126285270008
12724,2020-03-14 04:00:00,311.33883667,0.3016561994069016
12725,2020-03-14 05:00:00,311.671691895,0.4758045203450392
12726,2020-03-14 06:00:00,311.996276855,0.7359459908469953
12727,2020-03-14 07:00:00,312.201721191,0.3175166025219064
12728,2020-03-14 08:00:00,312.365783691,0.10188269848720577
12729,2020-03-14 09:00:00,312.474273682,0.37142508873100044
12730,2020-03-14 10:00:00,312.556915283,0.8250726295843772
12731,2020-03-14 11:00:00,312.60925293,0.7469217997900802
12732,2020-03-14 12:00:00,312.660491943,0.6935849737434978
12733,2020-03-14 13:00:00,312.700012207,0.40689334149303347
12734,2020-03-14 14:00:00,312.730438232,0.1667606502627298
12735,2020-03-14 15:00:00,312.747039795,0.45212781221148013
12736,2020-03-14 16:00:00,312.755584717,0.2046102576787051
12737,2020-03-14 17:00:00,312.749145508,0.835898257674703
12738,2020-03-14 18:00:00,312.746917725,0.787541557393254
12739,2020-03-14 19:00:00,312.739074707,0.2290055927806499
12740,2020-03-14 20:00:00,312.737213135,0.7170483351736544
12741,2020-03-14 21:00:00,312.741088867,0.4052631779082624
12742,2020-03-14 22:00:00,312.74520874,0.04375580476697749
12743,2020-03-14 23:00:00,312.750701904,0.5894792010063234
12744,2020-03-15 00:00:00,312.765777588,0.18493383627166227
12745,2020-03-15 01:00:00,312.780548096,0.3392358536490543
12746,2020-03-15 02:00:00,312.792938232,0.16468421924470455
12747,2020-03-15 03:00:00,312.80871582,0.9841094652035285
12748,2020-03-15 04:00:00,312.818328857,0.2545622953517447
12749,2020-03-15 05:00:00,312.824401855,0.897365636341851
12750,2020-03-15 06:00:00,312.838409424,0.8554448431919102
12751,2020-03-15 07:00:00,312.848083496,0.5647166817686992
12752,2020-03-15 08:00:00,312.858642578,0.01540570263675467
12753,2020-03-15 09:00:00,312.866333008,0.7423249212332687
12754,2020-03-15 10:00:00,312.872955322,0.5726349276015982
12755,2020-03-15 11:00:00,312.878051758,0.8092358910825685
12756,2020-03-15 12:00:00,312.883453369,0.11995599671341206
12757,2020-03-15 13:00:00,312.890838623,0.28358313609499397
12758,2020-03-15 14:00:00,312.892181396,0.9922408877343677
12759,2020-03-15 15:00:00,312.881134033,0.9605181177635683
12760,2020-03-15 16:00:00,312.86126709,0.0370805015390554
12761,2020-03-15 17:00:00,312.829559326,0.3144177711847145
12762,2020-03-15 18:00:00,312.792999268,0.3559434531243273
12763,2020-03-15 19:00:00,312.750854492,0.48380319375895553
12764,2020-03-15 20:00:00,312.717681885,0.2628384390892873
12765,2020-03-15 21:00:00,312.69732666,0.22952237798957287
12766,2020-03-15 22:00:00,312.684082031,0.9383604286266642
12767,2020-03-15 23:00:00,312.677154541,0.7098150930566881
12768,2020-03-16 00:00:00,312.669372559,0.3488989601000486
12769,2020-03-16 01:00:00,312.658843994,0.9599294191331381
12770,2020-03-16 02:00:00,312.648620605,0.09558889295423245
12771,2020-03-16 03:00:00,312.63873291,0.2960513392501477
12772,2020-03-16 04:00:00,312.62890625,0.22519508396434884
12773,2020-03-16 05:00:00,312.616912842,0.07908774728066059
12774,2020-03-16 06:00:00,312.604034424,0.7601828031002283
12775,2020-03-16 07:00:00,312.590118408,0.054993916249937325
12776,2020-03-16 08:00:00,312.582183838,0.33377545553063437
12777,2020-03-16 09:00:00,312.571838379,0.2548235798842592
12778,2020-03-16 10:00:00,312.561645508,0.9287054847638682
12779,2020-03-16 11:00:00,312.555236816,0.8821230588487821
12780,2020-03-16 12:00:00,312.559051514,0.6840513641297328
12781,2020-03-16 13:00:00,312.5519104,0.35314679782691605
12782,2020-03-16 14:00:00,312.539001465,0.5793109874056988
12783,2020-03-16 15:00:00,312.510681152,0.5052103969032138
12784,2020-03-16 16:00:00,312.474395752,0.357026141859478
12785,2020-03-16 17:00:00,312.431854248,0.8617654716474958
12786,2020-03-16 18:00:00,312.382171631,0.010887139223052511
12787,2020-03-16 19:00:00,312.330413818,0.2257794066487454
12788,2020-03-16 20:00:00,312.299224854,0.29848380905803673
12789,2020-03-16 21:00:00,312.285247803,0.6353499767704345
12790,2020-03-16 22:00:00,312.289031982,0.3954771574979259
12791,2020-03-16 23:00:00,312.286315918,0.6311005773588609
12792,2020-03-17 00:00:00,312.269073486,0.17712071276781272
12793,2020-03-17 01:00:00,312.255645752,0.5557196132426059
12794,2020-03-17 02:00:00,312.238372803,0.16586064463105354
12795,2020-03-17 03:00:00,312.221588135,0.1146885077454276
12796,2020-03-17 04:00:00,312.222106934,0.6576015431434188
12797,2020-03-17 05:00:00,312.196350098,0.6790488628640722
12798,2020-03-17 06:00:00,312.164459229,0.14015762935296616
12799,2020-03-17 07:00:00,312.144592285,0.9521330233436879
12800,2020-03-17 08:00:00,312.133758545,0.7698213248470974
12801,2020-03-17 09:00:00,312.135131836,0.7127676503212551
12802,2020-03-17 10:00:00,312.122833252,0.9253474464920154
12803,2020-03-17 11:00:00,312.122406006,0.4383535976812273
12804,2020-03-17 12:00:00,312.119934082,0.9976856762176443
12805,2020-03-17 13:00:00,312.110656738,0.9394192578467427
12806,2020-03-17 14:00:00,312.094390869,0.03823903868824263
12807,2020-03-17 15:00:00,312.0675354,0.0838404470830757
12808,2020-03-17 16:00:00,312.029327393,0.2607236040069719
12809,2020-03-17 17:00:00,311.980895996,0.1842494488718931
12810,2020-03-17 18:00:00,311.929962158,0.7700222063472135
12811,2020-03-17 19:00:00,311.881408691,0.011530859263830129
12812,2020-03-17 20:00:00,311.835174561,0.616507265006694
12813,2020-03-17 21:00:00,311.79776001,0.5858970862546635
12814,2020-03-17 22:00:00,311.773620605,0.7698174036263492
12815,2020-03-17 23:00:00,311.748077393,0.34567521725659867
12816,2020-03-18 00:00:00,311.724639893,0.14801102337170524
12817,2020-03-18 01:00:00,311.701507568,0.6153657061482682
12818,2020-03-18 02:00:00,311.683258057,0.09537946502115491
12819,2020-03-18 03:00:00,311.663635254,0.309292824334645
12820,2020-03-18 04:00:00,311.642028809,0.9459975986042154
12821,2020-03-18 05:00:00,311.619537354,0.6660297557129867
12822,2020-03-18 06:00:00,311.610961914,0.3786535171719676
12823,2020-03-18 07:00:00,311.605377197,0.9201108111709764
12824,2020-03-18 08:00:00,311.597747803,0.2711651789386792
12825,2020-03-18 09:00:00,311.590454102,0.9486578565100336
12826,2020-03-18 10:00:00,311.586608887,0.8838830943072833
12827,2020-03-18 11:00:00,311.584747314,0.8721419123511511
12828,2020-03-18 12:00:00,311.585479736,0.11960393017465099
12829,2020-03-18 13:00:00,311.588867188,0.9375250587711126
12830,2020-03-18 14:00:00,311.58694458,0.379850370846474
12831,2020-03-18 15:00:00,311.576171875,0.546868019771492
12832,2020-03-18 16:00:00,311.558563232,0.6390369394964281
12833,2020-03-18 17:00:00,311.531616211,0.025544939642430875
12834,2020-03-18 18:00:00,311.50189209,0.11674975704651747
12835,2020-03-18 19:00:00,311.605773926,0.41050806839273724
12836,2020-03-18 20:00:00,311.725646973,0.8595982088017784
12837,2020-03-18 21:00:00,311.868041992,0.3580556722191114
12838,2020-03-18 22:00:00,312.021942139,0.8365567315843423
12839,2020-03-18 23:00:00,312.170532227,0.5573832945726901
12840,2020-03-19 00:00:00,312.328430176,0.2793597440765643
12841,2020-03-19 01:00:00,312.639984131,0.3148836759611434
12842,2020-03-19 02:00:00,312.962646484,0.32224346611961685
12843,2020-03-19 03:00:00,313.279174805,0.8602692086148073
12844,2020-03-19 04:00:00,313.592285156,0.6167104780493523
12845,2020-03-19 05:00:00,313.917297363,0.48199917856288554
12846,2020-03-19 06:00:00,314.255065918,0.28064512049802803
12847,2020-03-19 07:00:00,315.907409668,0.02365435028216012
12848,2020-03-19 08:00:00,317.541656494,0.09338258341063788
12849,2020-03-19 09:00:00,319.189056396,0.6002501714349291
12850,2020-03-19 10:00:00,321.243560791,0.5661817195998023
12851,2020-03-19 11:00:00,323.434509277,0.5209407540780049
12852,2020-03-19 12:00:00,325.851318359,0.3515910740792063
12853,2020-03-19 13:00:00,327.441131592,0.7440979990571839
12854,2020-03-19 14:00:00,328.94631958,0.7390781478053559
12855,2020-03-19 15:00:00,330.437469482,0.10543444187696838
12856,2020-03-19 16:00:00,331.785583496,0.20898330613845129
12857,2020-03-19 17:00:00,333.149627686,0.7556342924483975
12858,2020-03-19 18:00:00,334.303863525,0.940729962462702
12859,2020-03-19 19:00:00,335.021362305,0.09451377938628502
12860,2020-03-19 20:00:00,335.717987061,0.060438635373768035
12861,2020-03-19 21:00:00,336.217193604,0.6155891632191481
12862,2020-03-19 22:00:00,336.745269775,0.9147117976649886
12863,2020-03-19 23:00:00,337.231170654,0.9853326617377923
12864,2020-03-20 00:00:00,337.687194824,0.7206246042647579
12865,2020-03-20 01:00:00,337.840270996,0.3062588912969215
12866,2020-03-20 02:00:00,338.069824219,0.461447553913235
12867,2020-03-20 03:00:00,338.20602417,0.7348623741794833
12868,2020-03-20 04:00:00,338.400512695,0.5939732470011508
12869,2020-03-20 05:00:00,338.574401855,0.6380779562324254
12870,2020-03-20 06:00:00,338.720123291,0.609483306446027
12871,2020-03-20 07:00:00,338.857543945,0.7174947590939487
12872,2020-03-20 08:00:00,338.944335938,0.8791728701227297
12873,2020-03-20 09:00:00,339.035919189,0.38719669034585213
12874,2020-03-20 10:00:00,339.143249512,0.6649675199992314
12875,2020-03-20 11:00:00,339.336303711,0.8155455625456199
12876,2020-03-20 12:00:00,339.494781494,0.9218367179991066
12877,2020-03-20 13:00:00,340.01373291,0.6534039376658827
12878,2020-03-20 14:00:00,340.548492432,0.5863319774615032
12879,2020-03-20 15:00:00,341.058990479,0.12014367468134557
12880,2020-03-20 16:00:00,341.547119141,0.7129569941440589
12881,2020-03-20 17:00:00,342.019073486,0.4735224194691139
12882,2020-03-20 18:00:00,342.491363525,0.8854477233336764
12883,2020-03-20 19:00:00,342.766296387,0.3978010758343009
12884,2020-03-20 20:00:00,342.998931885,0.644225441315824
12885,2020-03-20 21:00:00,343.174621582,0.30954920269133
12886,2020-03-20 22:00:00,343.330505371,0.2961351682367128
12887,2020-03-20 23:00:00,343.462677002,0.1820334061529566
12888,2020-03-21 00:00:00,343.579406738,0.5377390538292574
12889,2020-03-21 01:00:00,343.627624512,0.2915184577694411
12890,2020-03-21 02:00:00,343.667785645,0.004362947834483433
12891,2020-03-21 03:00:00,343.723754883,0.052473347976847884
12892,2020-03-21 04:00:00,343.767364502,0.5212473297141321
12893,2020-03-21 05:00:00,343.809112549,0.34311623932775115
12894,2020-03-21 06:00:00,343.845184326,0.44124905272488424
12895,2020-03-21 07:00:00,343.871948242,0.8129473198939506
12896,2020-03-21 08:00:00,343.892150879,0.6806416579787233
12897,2020-03-21 09:00:00,343.910827637,0.5316266309945428
12898,2020-03-21 10:00:00,343.926452637,0.3812464921949609
12899,2020-03-21 11:00:00,343.939758301,0.8545154710689326
12900,2020-03-21 12:00:00,343.951568604,0.2546609179116538
12901,2020-03-21 13:00:00,344.025360107,0.3855801494344392
12902,2020-03-21 14:00:00,344.098114014,0.6359560561674826
12903,2020-03-21 15:00:00,344.161407471,0.5398461009736494
12904,2020-03-21 16:00:00,344.221862793,0.5514134776969064
12905,2020-03-21 17:00:00,344.278869629,0.556102993361679
12906,2020-03-21 18:00:00,344.353820801,0.7087056538409977
12907,2020-03-21 19:00:00,344.741821289,0.8295855473807272
12908,2020-03-21 20:00:00,345.186676025,0.4853489996211934
12909,2020-03-21 21:00:00,345.632537842,0.3879594219743191
12910,2020-03-21 22:00:00,346.060241699,0.5551699742513257
12911,2020-03-21 23:00:00,346.484466553,0.5931954801623252
12912,2020-03-22 00:00:00,346.885162354,0.8993969823118044
12913,2020-03-22 01:00:00,347.078613281,0.08422652087780069
12914,2020-03-22 02:00:00,347.18927002,0.9200919770534144
12915,2020-03-22 03:00:00,347.308044434,0.19785234334023305
12916,2020-03-22 04:00:00,347.413696289,0.43154253153809996
12917,2020-03-22 05:00:00,347.517028809,0.869799256632449
12918,2020-03-22 06:00:00,347.593933105,0.2525997638786751
12919,2020-03-22 07:00:00,347.666381836,0.8536677018752284
12920,2020-03-22 08:00:00,347.731201172,0.47099789572857653
12921,2020-03-22 09:00:00,347.784912109,0.24365859166057646
12922,2020-03-22 10:00:00,347.826263428,0.6807630191301066
12923,2020-03-22 11:00:00,347.869262695,0.3911923153953766
12924,2020-03-22 12:00:00,347.897705078,0.8052855579871296
12925,2020-03-22 13:00:00,348.267364502,0.4167852963561124
12926,2020-03-22 14:00:00,348.648376465,0.04776495857395491
12927,2020-03-22 15:00:00,349.054840088,0.08745642561383848
12928,2020-03-22 16:00:00,349.456268311,0.8819985758659108
12929,2020-03-22 17:00:00,349.875244141,0.8177806511426922
12930,2020-03-22 18:00:00,350.319030762,0.8599994768036353
12931,2020-03-22 19:00:00,350.440887451,0.7654942929952278
12932,2020-03-22 20:00:00,350.514038086,0.7270011039616647
12933,2020-03-22 21:00:00,350.573822021,0.15567845857002705
12934,2020-03-22 22:00:00,350.623565674,0.186676892371618
12935,2020-03-22 23:00:00,350.651000977,0.5613109052381636
12936,2020-03-23 00:00:00,350.67276001,0.993681088257798
12937,2020-03-23 01:00:00,350.703430176,0.2364202226495541
12938,2020-03-23 02:00:00,350.734863281,0.2522812886763425
12939,2020-03-23 03:00:00,350.787261963,0.7075165259329657
12940,2020-03-23 04:00:00,350.837280273,0.1922897906150529
12941,2020-03-23 05:00:00,350.879211426,0.007356656786381532
12942,2020-03-23 06:00:00,350.923126221,0.5483346514415799
12943,2020-03-23 07:00:00,350.95916748,0.1784975231496262
12944,2020-03-23 08:00:00,350.999053955,0.9330398137218732
12945,2020-03-23 09:00:00,351.033111572,0.6312601363694702
12946,2020-03-23 10:00:00,351.061004639,0.940202109587855
12947,2020-03-23 11:00:00,351.088623047,0.9990927154859246
12948,2020-03-23 12:00:00,351.111450195,0.14667899498720727
12949,2020-03-23 13:00:00,351.129516602,0.7564365417824461
12950,2020-03-23 14:00:00,351.137664795,0.4006788201550078
12951,2020-03-23 15:00:00,351.130706787,0.8066399797283818
12952,2020-03-23 16:00:00,351.125305176,0.6336649430085244
12953,2020-03-23 17:00:00,351.114929199,0.013366644354507295
12954,2020-03-23 18:00:00,351.097290039,0.6487329655393209
12955,2020-03-23 19:00:00,351.405029297,0.2280968075189589
12956,2020-03-23 20:00:00,351.747253418,0.10500182487124476
12957,2020-03-23 21:00:00,352.107635498,0.2670744984662745
12958,2020-03-23 22:00:00,352.489074707,0.8908695424572344
12959,2020-03-23 23:00:00,352.83682251,0.03427791350315368
12960,2020-03-24 00:00:00,353.248382568,0.16608301253966173
12961,2020-03-24 01:00:00,353.674041748,0.03757166396109224
12962,2020-03-24 02:00:00,354.037506104,0.48168152804366793
12963,2020-03-24 03:00:00,354.438018799,0.06971894208220364
12964,2020-03-24 04:00:00,354.833068848,0.96056547324256
12965,2020-03-24 05:00:00,355.217376709,0.6802617370225912
12966,2020-03-24 06:00:00,355.575439453,0.8859035919678512
12967,2020-03-24 07:00:00,355.63684082,0.4308930509519747
12968,2020-03-24 08:00:00,355.67855835,0.019978780907219384
12969,2020-03-24 09:00:00,355.702453613,0.49346534705996814
12970,2020-03-24 10:00:00,355.721252441,0.03155062922860019
12971,2020-03-24 11:00:00,355.774108887,0.2842912681644152
12972,2020-03-24 12:00:00,355.830963135,0.3999130276218874
12973,2020-03-24 13:00:00,355.854980469,0.08917058255133359
12974,2020-03-24 14:00:00,355.913421631,0.8456823808885421
12975,2020-03-24 15:00:00,355.992401123,0.9463044606615637
12976,2020-03-24 16:00:00,356.031585693,0.2691819007463835
12977,2020-03-24 17:00:00,356.043243408,0.3830014332970507
12978,2020-03-24 18:00:00,356.088043213,0.27283071777563583
12979,2020-03-24 19:00:00,356.179168701,0.6918237353839034
12980,2020-03-24 20:00:00,356.261352539,0.4217098795611113
12981,2020-03-24 21:00:00,356.316040039,0.03981255726980504
12982,2020-03-24 22:00:00,356.349456787,0.3152813130077442
12983,2020-03-24 23:00:00,356.381164551,0.09972476231829885
12984,2020-03-25 00:00:00,356.409790039,0.47214294399719736
12985,2020-03-25 01:00:00,356.438293457,0.4388010368416071
12986,2020-03-25 02:00:00,356.464630127,0.9361548879955532
12987,2020-03-25 03:00:00,356.489837646,0.27116989854096285
12988,2020-03-25 04:00:00,356.51071167,0.7216891680291939
12989,2020-03-25 05:00:00,356.528747559,0.6068047032029238
12990,2020-03-25 06:00:00,356.547119141,0.9505845028779115
12991,2020-03-25 07:00:00,356.564697266,0.467112212687816
12992,2020-03-25 08:00:00,356.5809021,0.6813626889692619
12993,2020-03-25 09:00:00,356.593475342,0.8500759525099231
12994,2020-03-25 10:00:00,356.601989746,0.3333300276591403
12995,2020-03-25 11:00:00,356.608917236,0.24533996639765165
12996,2020-03-25 12:00:00,356.614746094,0.5623458303804597
12997,2020-03-25 13:00:00,356.619598389,0.12142582308011718
12998,2020-03-25 14:00:00,356.616394043,0.4901070460151101
12999,2020-03-25 15:00:00,356.606933594,0.5130191567977997
13000,2020-03-25 16:00:00,356.593688965,0.5826222440054709
13001,2020-03-25 17:00:00,356.568115234,0.3865706031000441
13002,2020-03-25 18:00:00,356.53805542,0.8531411994365452
13003,2020-03-25 19:00:00,356.502227783,0.775784147932326
13004,2020-03-25 20:00:00,356.470703125,0.013643661827357767
13005,2020-03-25 21:00:00,356.444885254,0.9291844070554135
13006,2020-03-25 22:00:00,356.424987793,0.22060559762119347
13007,2020-03-25 23:00:00,356.402282715,0.6574725250755582
13008,2020-03-26 00:00:00,356.382659912,0.5529025819781798
13009,2020-03-26 01:00:00,356.358612061,0.33642064268595684
13010,2020-03-26 02:00:00,356.33392334,0.5928511528861286
13011,2020-03-26 03:00:00,356.306365967,0.8139586987452019
13012,2020-03-26 04:00:00,356.278656006,0.46679623839016116
13013,2020-03-26 05:00:00,356.254455566,0.19761966411068033
13014,2020-03-26 06:00:00,356.230407715,0.03987822317443612
13015,2020-03-26 07:00:00,356.212249756,0.43166777431127623
13016,2020-03-26 08:00:00,356.192840576,0.44154770689110345
13017,2020-03-26 09:00:00,356.173034668,0.7271693024534333
13018,2020-03-26 10:00:00,356.152954102,0.7944289229732597
13019,2020-03-26 11:00:00,356.137390137,0.46550861732061577
13020,2020-03-26 12:00:00,356.124816895,0.8396802025576758
13021,2020-03-26 13:00:00,356.116271973,0.8035679947308059
13022,2020-03-26 14:00:00,356.107116699,0.6882931500838425
13023,2020-03-26 15:00:00,356.091522217,0.08225112227978759
13024,2020-03-26 16:00:00,356.070983887,0.8018693475240201
13025,2020-03-26 17:00:00,356.043243408,0.4123913631382019
13026,2020-03-26 18:00:00,356.006622314,0.051636171261967956
13027,2020-03-26 19:00:00,355.963165283,0.715720246595685
13028,2020-03-26 20:00:00,355.921508789,0.23991774874901306
13029,2020-03-26 21:00:00,355.887573242,0.8592302184827852
13030,2020-03-26 22:00:00,355.859771729,0.06984934024591516
13031,2020-03-26 23:00:00,355.830291748,0.8814532092099224
13032,2020-03-27 00:00:00,355.800140381,0.5140356805262475
13033,2020-03-27 01:00:00,355.769378662,0.9704101287586232
13034,2020-03-27 02:00:00,355.741394043,0.41412496055320014
13035,2020-03-27 03:00:00,355.714538574,0.8678629534124254
13036,2020-03-27 04:00:00,355.691955566,0.6332623079756893
13037,2020-03-27 05:00:00,355.674224854,0.7282150915126302
13038,2020-03-27 06:00:00,355.663330078,0.2566123204050065
13039,2020-03-27 07:00:00,355.654846191,0.7710302644176321
13040,2020-03-27 08:00:00,355.650024414,0.6632084673346739
13041,2020-03-27 09:00:00,355.647155762,0.5434960073733701
13042,2020-03-27 10:00:00,355.6456604,0.19697722718175226
13043,2020-03-27 11:00:00,355.641204834,0.09782513261582892
13044,2020-03-27 12:00:00,355.639770508,0.8380730965552424
13045,2020-03-27 13:00:00,355.969818115,0.9061463029727921
13046,2020-03-27 14:00:00,356.388641357,0.7015290705019775
13047,2020-03-27 15:00:00,356.826934814,0.747273248435913
13048,2020-03-27 16:00:00,357.292266846,0.39991274862317283
13049,2020-03-27 17:00:00,357.814331055,0.9636992526670971
13050,2020-03-27 18:00:00,358.344268799,0.8953978235141175
13051,2020-03-27 19:00:00,358.695220947,0.45546464189168423
13052,2020-03-27 20:00:00,358.981811523,0.5792373860172839
13053,2020-03-27 21:00:00,359.221191406,0.8580122104405273
13054,2020-03-27 22:00:00,359.503112793,0.1589958656947027
13055,2020-03-27 23:00:00,359.781036377,0.7185064015730989
13056,2020-03-28 00:00:00,360.064727783,0.3823794270924591
13057,2020-03-28 01:00:00,360.274108887,0.7192161403413847
13058,2020-03-28 02:00:00,360.521026611,0.22378137133469966
13059,2020-03-28 03:00:00,360.777709961,0.12959345552799073
13060,2020-03-28 04:00:00,361.019134521,0.1466537278017257
13061,2020-03-28 05:00:00,361.301727295,0.8254408592449827
13062,2020-03-28 06:00:00,361.588470459,0.5237721588014332
13063,2020-03-28 07:00:00,361.727233887,0.32278357453810347
13064,2020-03-28 08:00:00,361.834228516,0.2251292496196804
13065,2020-03-28 09:00:00,361.910888672,0.4993625581179718
13066,2020-03-28 10:00:00,361.974121094,0.004167281261413303
13067,2020-03-28 11:00:00,362.029632568,0.5600289110080982
13068,2020-03-28 12:00:00,362.074432373,0.44377483660256756
13069,2020-03-28 13:00:00,362.111236572,0.23917551299222828
13070,2020-03-28 14:00:00,362.14730835,0.7618784323471713
13071,2020-03-28 15:00:00,362.178863525,0.19439976452244212
13072,2020-03-28 16:00:00,362.195617676,0.6429189342006284
13073,2020-03-28 17:00:00,362.205749512,0.6604477549975791
13074,2020-03-28 18:00:00,362.204803467,0.5172827332231807
13075,2020-03-28 19:00:00,362.198028564,0.615188793076903
13076,2020-03-28 20:00:00,362.195098877,0.4833844935159425
13077,2020-03-28 21:00:00,362.196228027,0.20409995382477908
13078,2020-03-28 22:00:00,362.207000732,0.6041536392874973
13079,2020-03-28 23:00:00,362.216094971,0.01303832840149477
13080,2020-03-29 00:00:00,362.228942871,0.3555683005955709
13081,2020-03-29 01:00:00,362.239196777,0.0750075565301489
13082,2020-03-29 02:00:00,362.246765137,0.16975306913822752
13083,2020-03-29 03:00:00,362.257080078,0.20305439516683055
13084,2020-03-29 04:00:00,362.268005371,0.8186713744304829
13085,2020-03-29 05:00:00,362.277587891,0.2460296197481856
13086,2020-03-29 06:00:00,362.284667969,0.971456440292894
13087,2020-03-29 07:00:00,362.290374756,0.4649660679195966
13088,2020-03-29 08:00:00,362.298614502,0.21526043583558718
13089,2020-03-29 09:00:00,362.305969238,0.43574293928812546
13090,2020-03-29 10:00:00,362.314056396,0.4190628681845555
13091,2020-03-29 11:00:00,362.321655273,0.9363854608098788
13092,2020-03-29 12:00:00,362.32611084,0.6910289503410252
13093,2020-03-29 13:00:00,362.330566406,0.4838936484986852
13094,2020-03-29 14:00:00,362.332244873,0.45628074015803843
13095,2020-03-29 15:00:00,362.329162598,0.9164746913915758
13096,2020-03-29 16:00:00,362.321350098,0.9999585730680793
13097,2020-03-29 17:00:00,362.30847168,0.37499147544868006
13098,2020-03-29 18:00:00,362.293395996,0.19703083855501446
13099,2020-03-29 19:00:00,362.278076172,0.8103640671477612
13100,2020-03-29 20:00:00,362.270935059,0.3981747430055962
13101,2020-03-29 21:00:00,362.260955811,0.500231600993354
13102,2020-03-29 22:00:00,362.260772705,0.8872175940062541
13103,2020-03-29 23:00:00,362.260284424,0.3885589728410058
13104,2020-03-30 00:00:00,362.262390137,0.7513742564340875
13105,2020-03-30 01:00:00,362.265777588,0.9914506220283771
13106,2020-03-30 02:00:00,362.267730713,0.06982589433999475
13107,2020-03-30 03:00:00,362.271759033,0.46372996479044437
13108,2020-03-30 04:00:00,362.274749756,0.9392517415799753
13109,2020-03-30 05:00:00,362.274291992,0.7977760275550105
13110,2020-03-30 06:00:00,362.271636963,0.7093913181980912
13111,2020-03-30 07:00:00,362.923431396,0.625565763042617
13112,2020-03-30 08:00:00,363.58404541,0.04017900524506579
13113,2020-03-30 09:00:00,364.253875732,0.23226176094870077
13114,2020-03-30 10:00:00,364.928894043,0.3773276218893922
13115,2020-03-30 11:00:00,365.629089355,0.16087895947291475
13116,2020-03-30 12:00:00,366.358947754,0.08519725361081754
13117,2020-03-30 13:00:00,366.610443115,0.40313521252257667
13118,2020-03-30 14:00:00,366.729431152,0.7300424187581671
13119,2020-03-30 15:00:00,366.936401367,0.15031700665495773
13120,2020-03-30 16:00:00,367.162902832,0.11530123073986986
13121,2020-03-30 17:00:00,367.423675537,0.8140671801562933
13122,2020-03-30 18:00:00,367.646911621,0.23385039471077174
13123,2020-03-30 19:00:00,367.782714844,0.2844589201586444
13124,2020-03-30 20:00:00,367.929626465,0.444419337656897
13125,2020-03-30 21:00:00,368.00378418,0.2638685890024156
13126,2020-03-30 22:00:00,368.080047607,0.7589626498745067
13127,2020-03-30 23:00:00,368.160339355,0.9082752187815615
13128,2020-03-31 00:00:00,368.240966797,0.02612661077595324
13129,2020-03-31 01:00:00,368.333007812,0.3474446796443861
13130,2020-03-31 02:00:00,368.402526855,0.7049785210053051
13131,2020-03-31 03:00:00,368.455444336,0.3023149925302093
13132,2020-03-31 04:00:00,368.501953125,0.30761262019773483
13133,2020-03-31 05:00:00,368.548400879,0.4857468889802653
13134,2020-03-31 06:00:00,368.593200684,0.6857916642460203
13135,2020-03-31 07:00:00,368.635498047,0.8882775414157505
13136,2020-03-31 08:00:00,368.681060791,0.6327811969889233
13137,2020-03-31 09:00:00,368.721832275,0.42808826230507824
13138,2020-03-31 10:00:00,368.753723145,0.8972673102217819
13139,2020-03-31 11:00:00,368.787719727,0.277138062038791
13140,2020-03-31 12:00:00,368.812835693,0.07318744807087152
13141,2020-03-31 13:00:00,368.826690674,0.098025756914077
13142,2020-03-31 14:00:00,368.837219238,0.8171213960125033
13143,2020-03-31 15:00:00,368.841064453,0.10561780310927371
13144,2020-03-31 16:00:00,368.839752197,0.11119360315076465
13145,2020-03-31 17:00:00,368.833526611,0.958690770838567
13146,2020-03-31 18:00:00,368.837036133,0.20241502909021536
13147,2020-03-31 19:00:00,368.842010498,0.6551032477960644
13148,2020-03-31 20:00:00,368.852752686,0.6810318396939204
13149,2020-03-31 21:00:00,368.866149902,0.9467185221055466
13150,2020-03-31 22:00:00,368.882354736,0.9841574898970248
13151,2020-03-31 23:00:00,368.898681641,0.35179176538529233
13152,2020-04-01 00:00:00,368.91607666,0.17171782222914267
13153,2020-04-01 01:00:00,368.919494629,0.4359785803091316
13154,2020-04-01 02:00:00,368.913696289,0.11113024894503465
13155,2020-04-01 03:00:00,368.902282715,0.23890794741110022
13156,2020-04-01 04:00:00,368.885955811,0.5484323746458102
13157,2020-04-01 05:00:00,368.863769531,0.1768120020931151
13158,2020-04-01 06:00:00,368.840667725,0.8260928756164475
13159,2020-04-01 07:00:00,368.820861816,0.3672238162940119
13160,2020-04-01 08:00:00,368.802215576,0.14896504725250737
13161,2020-04-01 09:00:00,368.781402588,0.8205116467228534
13162,2020-04-01 10:00:00,368.762573242,0.6092934654715512
13163,2020-04-01 11:00:00,368.748016357,0.6515317141673275
13164,2020-04-01 12:00:00,368.733093262,0.7556258787862257
13165,2020-04-01 13:00:00,368.722412109,0.3555079238644677
13166,2020-04-01 14:00:00,368.709411621,0.8993210106514637
13167,2020-04-01 15:00:00,368.685577393,0.9573384379875134
13168,2020-04-01 16:00:00,368.652008057,0.3510695247791512
13169,2020-04-01 17:00:00,368.608062744,0.769439946425697
13170,2020-04-01 18:00:00,368.56048584,0.9445612788943267
13171,2020-04-01 19:00:00,368.509460449,0.203909776759855
13172,2020-04-01 20:00:00,368.469696045,0.9772079070170312
13173,2020-04-01 21:00:00,368.439117432,0.19201826583901682
13174,2020-04-01 22:00:00,368.417388916,0.26904648700370304
13175,2020-04-01 23:00:00,368.386932373,0.645020887311331
13176,2020-04-02 00:00:00,368.360900879,0.18851992095375847
13177,2020-04-02 01:00:00,368.331359863,0.8039540313928416
13178,2020-04-02 02:00:00,368.302581787,0.5598563461201752
13179,2020-04-02 03:00:00,368.272827148,0.4010423523273974
13180,2020-04-02 04:00:00,368.242462158,0.6487470497434188
13181,2020-04-02 05:00:00,368.222290039,0.39782986764562667
13182,2020-04-02 06:00:00,368.211303711,0.3477775756260856
13183,2020-04-02 07:00:00,368.197143555,0.7072016135155705
13184,2020-04-02 08:00:00,368.18737793,0.23471261467062776
13185,2020-04-02 09:00:00,368.18359375,0.8149563879149685
13186,2020-04-02 10:00:00,368.182159424,0.14658660556063818
13187,2020-04-02 11:00:00,368.180603027,0.1393577932423964
13188,2020-04-02 12:00:00,368.176055908,0.34774079117265233
13189,2020-04-02 13:00:00,368.173980713,0.932941998362304
13190,2020-04-02 14:00:00,368.169494629,0.4910615115543958
13191,2020-04-02 15:00:00,368.1590271,0.18010534354321672
13192,2020-04-02 16:00:00,368.142486572,0.9799063458057808
13193,2020-04-02 17:00:00,368.123962402,0.23304266074926117
13194,2020-04-02 18:00:00,368.104125977,0.9332890856515222
13195,2020-04-02 19:00:00,368.494018555,0.19928302021333788
13196,2020-04-02 20:00:00,368.924072266,0.10108010591122762
13197,2020-04-02 21:00:00,369.378723145,0.9853636533525546
13198,2020-04-02 22:00:00,369.867980957,0.9564342820406043
13199,2020-04-02 23:00:00,370.343597412,0.7012515693265593
13200,2020-04-03 00:00:00,370.81652832,0.16154048515541608
13201,2020-04-03 01:00:00,370.939788818,0.5304797693605235
13202,2020-04-03 02:00:00,371.01550293,0.24660621850487785
13203,2020-04-03 03:00:00,371.092987061,0.11498451126561227
13204,2020-04-03 04:00:00,371.151672363,0.2601065963451956
13205,2020-04-03 05:00:00,371.229705811,0.08795693705447782
13206,2020-04-03 06:00:00,371.293731689,0.09982909883899416
13207,2020-04-03 07:00:00,371.354187012,0.7595771969741911
13208,2020-04-03 08:00:00,371.404022217,0.6683159026441314
13209,2020-04-03 09:00:00,371.453918457,0.9858519101768338
13210,2020-04-03 10:00:00,371.487762451,0.3481801594293331
13211,2020-04-03 11:00:00,371.528289795,0.7832720644860592
13212,2020-04-03 12:00:00,371.554901123,0.8653548594099912
13213,2020-04-03 13:00:00,371.575469971,0.6758135349994986
13214,2020-04-03 14:00:00,371.584411621,0.149315723257061
13215,2020-04-03 15:00:00,371.585449219,0.7709540407730846
13216,2020-04-03 16:00:00,371.580230713,0.4801819501909099
13217,2020-04-03 17:00:00,371.571075439,0.3089152209496191
13218,2020-04-03 18:00:00,371.565490723,0.6710339177863337
13219,2020-04-03 19:00:00,371.671936035,0.0707041992302383
13220,2020-04-03 20:00:00,371.793670654,0.6272912918124104
13221,2020-04-03 21:00:00,371.925109863,0.38265380734862764
13222,2020-04-03 22:00:00,372.067626953,0.4966235308736022
13223,2020-04-03 23:00:00,372.213867188,0.01973417004049094
13224,2020-04-04 00:00:00,372.359436035,0.8838091140024456
13225,2020-04-04 01:00:00,372.3878479,0.08814689605285353
13226,2020-04-04 02:00:00,372.411224365,0.16870966834303625
13227,2020-04-04 03:00:00,372.429351807,0.2883142605467086
13228,2020-04-04 04:00:00,372.446746826,0.37127044213476956
13229,2020-04-04 05:00:00,372.464691162,0.6503506715503771
13230,2020-04-04 06:00:00,372.479400635,0.7797920676065785
13231,2020-04-04 07:00:00,372.494232178,0.39898865292876806
13232,2020-04-04 08:00:00,372.513549805,0.3653039867214849
13233,2020-04-04 09:00:00,372.525543213,0.7110745311516473
13234,2020-04-04 10:00:00,372.538421631,0.4855896361433639
13235,2020-04-04 11:00:00,372.554046631,0.23143774924413163
13236,2020-04-04 12:00:00,372.570648193,0.004549630591518583
13237,2020-04-04 13:00:00,372.586639404,0.20036567479979028
13238,2020-04-04 14:00:00,372.593322754,0.47299018141973304
13239,2020-04-04 15:00:00,372.594299316,0.4698709176073895
13240,2020-04-04 16:00:00,372.582580566,0.42902169194958106
13241,2020-04-04 17:00:00,372.565887451,0.4674784728539473
13242,2020-04-04 18:00:00,372.542114258,0.18196233384501026
13243,2020-04-04 19:00:00,372.515686035,0.26778756875477383
13244,2020-04-04 20:00:00,372.490081787,0.09092286651329773
13245,2020-04-04 21:00:00,372.483001709,0.4790268642251725
13246,2020-04-04 22:00:00,372.475646973,0.3030600305323191
13247,2020-04-04 23:00:00,372.464172363,0.03907278118124902
13248,2020-04-05 00:00:00,372.448028564,0.16996295182299426
13249,2020-04-05 01:00:00,372.435333252,0.8487502806661597
13250,2020-04-05 02:00:00,372.427398682,0.7724389876758508
13251,2020-04-05 03:00:00,372.423675537,0.1626144202387979
13252,2020-04-05 04:00:00,372.411071777,0.3262643733498285
13253,2020-04-05 05:00:00,372.394866943,0.7538429219523626
13254,2020-04-05 06:00:00,372.376831055,0.8254728285086412
13255,2020-04-05 07:00:00,372.359954834,0.6432102560432342
13256,2020-04-05 08:00:00,372.343933105,0.27947355677682484
13257,2020-04-05 09:00:00,372.336120605,0.29935150906602903
13258,2020-04-05 10:00:00,372.331939697,0.3059761215140546
13259,2020-04-05 11:00:00,372.3309021,0.5195311942937856
13260,2020-04-05 12:00:00,372.331573486,0.40423251491556644
13261,2020-04-05 13:00:00,372.33114624,0.10419750721095311
13262,2020-04-05 14:00:00,372.322387695,0.8958138916465441
13263,2020-04-05 15:00:00,372.307617188,0.8440636279943684
13264,2020-04-05 16:00:00,372.282470703,0.6028759540834566
13265,2020-04-05 17:00:00,372.249938965,0.03271099770231012
13266,2020-04-05 18:00:00,372.215393066,0.5555453625856321
13267,2020-04-05 19:00:00,372.18637085,0.5027778094352671
13268,2020-04-05 20:00:00,372.163391113,0.3503774188101102
13269,2020-04-05 21:00:00,372.134857178,0.3348402901560299
13270,2020-04-05 22:00:00,372.111785889,0.4554825042382432
13271,2020-04-05 23:00:00,372.074310303,0.1871427718696178
13272,2020-04-06 00:00:00,372.039764404,0.45989437567712244
13273,2020-04-06 01:00:00,372.004577637,0.11203741588318061
13274,2020-04-06 02:00:00,371.984130859,0.5584660654580922
13275,2020-04-06 03:00:00,371.961547852,0.04617408952615565
13276,2020-04-06 04:00:00,371.935058594,0.74936608773096
13277,2020-04-06 05:00:00,371.907531738,0.5759222301263058
13278,2020-04-06 06:00:00,371.885101318,0.10151391328473047
13279,2020-04-06 07:00:00,371.869110107,0.991931273271576
13280,2020-04-06 08:00:00,371.857879639,0.5799613236609572
13281,2020-04-06 09:00:00,371.850769043,0.5322371356471386
13282,2020-04-06 10:00:00,371.84942627,0.8145233382481928
13283,2020-04-06 11:00:00,371.839782715,0.6803200658097819
13284,2020-04-06 12:00:00,371.824707031,0.5732414184493341
13285,2020-04-06 13:00:00,371.812683105,0.8061496765665982
13286,2020-04-06 14:00:00,371.791870117,0.34661075241970773
13287,2020-04-06 15:00:00,371.764465332,0.1708254828827227
13288,2020-04-06 16:00:00,371.728881836,0.550971011671711
13289,2020-04-06 17:00:00,371.681030273,0.12417317643961756
13290,2020-04-06 18:00:00,371.622955322,0.48724480709980955
13291,2020-04-06 19:00:00,371.562713623,0.2735651950782456
13292,2020-04-06 20:00:00,371.511810303,0.7937705422588937
13293,2020-04-06 21:00:00,371.476318359,0.45233578642210315
13294,2020-04-06 22:00:00,371.437225342,0.08753895684814816
13295,2020-04-06 23:00:00,371.410919189,0.2840700344934476
13296,2020-04-07 00:00:00,371.361053467,0.3456601999958838
13297,2020-04-07 01:00:00,371.334655762,0.7719582267372355
13298,2020-04-07 02:00:00,371.300170898,0.12108435349303148
13299,2020-04-07 03:00:00,371.282897949,0.07260487047002828
13300,2020-04-07 04:00:00,371.252197266,0.6339574557102203
13301,2020-04-07 05:00:00,371.222106934,0.7663463415967897
13302,2020-04-07 06:00:00,371.195800781,0.25580718311031647
13303,2020-04-07 07:00:00,371.175842285,0.5803973099685997
13304,2020-04-07 08:00:00,371.161712646,0.5062553210324606
13305,2020-04-07 09:00:00,371.145263672,0.020348453220367158
13306,2020-04-07 10:00:00,371.121582031,0.5566756498433258
13307,2020-04-07 11:00:00,371.100372314,0.6304097285924308
13308,2020-04-07 12:00:00,371.07824707,0.3405224607872882
13309,2020-04-07 13:00:00,371.062744141,0.36505338130025955
13310,2020-04-07 14:00:00,371.041015625,0.7592787766125421
13311,2020-04-07 15:00:00,371.0050354,0.7953076607721287
13312,2020-04-07 16:00:00,370.975769043,0.5080933550480958
13313,2020-04-07 17:00:00,370.941619873,0.6162033279618901
13314,2020-04-07 18:00:00,370.906066895,0.07769676997224373
13315,2020-04-07 19:00:00,370.875671387,0.7934894686930652
13316,2020-04-07 20:00:00,370.851074219,0.2447455799387176
13317,2020-04-07 21:00:00,370.846496582,0.6992237719601941
13318,2020-04-07 22:00:00,370.845275879,0.11493184752493524
13319,2020-04-07 23:00:00,370.842803955,0.30978892736477104
13320,2020-04-08 00:00:00,370.839294434,0.1971278252969707
13321,2020-04-08 01:00:00,370.832946777,0.5316609887997148
13322,2020-04-08 02:00:00,370.822387695,0.6541821447980004
13323,2020-04-08 03:00:00,370.82220459,0.3451974113928983
13324,2020-04-08 04:00:00,370.824829102,0.4754625226367477
13325,2020-04-08 05:00:00,370.826293945,0.9906721086304037
13326,2020-04-08 06:00:00,370.816894531,0.6131853846471919
13327,2020-04-08 07:00:00,370.799194336,0.8004910262589583
13328,2020-04-08 08:00:00,370.790039062,0.35673143254907347
13329,2020-04-08 09:00:00,370.793365479,0.5660557401266075
13330,2020-04-08 10:00:00,370.798065186,0.7881327636997053
13331,2020-04-08 11:00:00,370.804107666,0.6980137956651267
13332,2020-04-08 12:00:00,370.809906006,0.4520545276762685
13333,2020-04-08 13:00:00,370.81439209,0.05299518956914662
13334,2020-04-08 14:00:00,370.816680908,0.19073773009107398
13335,2020-04-08 15:00:00,370.813964844,0.3384040325934078
13336,2020-04-08 16:00:00,370.800872803,0.6272229701780304
13337,2020-04-08 17:00:00,370.78012085,0.918823349713583
13338,2020-04-08 18:00:00,370.759246826,0.3790461588337909
13339,2020-04-08 19:00:00,370.741882324,0.13427535437052274
13340,2020-04-08 20:00:00,370.718048096,0.9715367795871072
13341,2020-04-08 21:00:00,370.714691162,0.16245527873424814
13342,2020-04-08 22:00:00,370.714202881,0.6695788898857936
13343,2020-04-08 23:00:00,370.713104248,0.9999129115853858
13344,2020-04-09 00:00:00,370.711700439,0.5909708485191245
13345,2020-04-09 01:00:00,370.720947266,0.43998936769878194
13346,2020-04-09 02:00:00,370.719177246,0.4377203065564953
13347,2020-04-09 03:00:00,370.71875,0.8033870831298902
13348,2020-04-09 04:00:00,370.709136963,0.8885827921701418
13349,2020-04-09 05:00:00,370.701782227,0.8107277655419171
13350,2020-04-09 06:00:00,370.666656494,0.21399613304550713
13351,2020-04-09 07:00:00,370.628112793,0.7013576249625482
13352,2020-04-09 08:00:00,370.594207764,0.5913984166220845
13353,2020-04-09 09:00:00,370.566986084,0.5457276096453266
13354,2020-04-09 10:00:00,370.563842773,0.4049619391193585
13355,2020-04-09 11:00:00,370.558135986,0.23775625252175037
13356,2020-04-09 12:00:00,370.565979004,0.5779766825318814
13357,2020-04-09 13:00:00,370.563293457,0.12098219367486984
13358,2020-04-09 14:00:00,370.549224854,0.01229853164177186
13359,2020-04-09 15:00:00,370.522216797,0.10698616337598366
13360,2020-04-09 16:00:00,370.485046387,0.01816074904279774
13361,2020-04-09 17:00:00,370.437561035,0.11553120244949566
13362,2020-04-09 18:00:00,370.385406494,0.6676474437098867
13363,2020-04-09 19:00:00,370.324401855,0.28981959242443456
13364,2020-04-09 20:00:00,370.268890381,0.6552245531564092
13365,2020-04-09 21:00:00,370.232177734,0.8353295277873303
13366,2020-04-09 22:00:00,370.201171875,0.5198048419257545
13367,2020-04-09 23:00:00,370.195678711,0.9474485516725638
13368,2020-04-10 00:00:00,370.192840576,0.8588192008363852
13369,2020-04-10 01:00:00,370.203948975,0.4210245758403577
13370,2020-04-10 02:00:00,370.213867188,0.2032950820778734
13371,2020-04-10 03:00:00,370.223724365,0.30706099346788973
13372,2020-04-10 04:00:00,370.227996826,0.06980583892479231
13373,2020-04-10 05:00:00,370.211151123,0.38230458972449355
13374,2020-04-10 06:00:00,370.212463379,0.16127600328897795
13375,2020-04-10 07:00:00,370.217651367,0.3823372316430599
13376,2020-04-10 08:00:00,370.220977783,0.2774705444682548
13377,2020-04-10 09:00:00,370.220825195,0.9876194019833762
13378,2020-04-10 10:00:00,370.224822998,0.9937844513369737
13379,2020-04-10 11:00:00,370.23046875,0.4934942962200404
13380,2020-04-10 12:00:00,370.235839844,0.9018677535281423
13381,2020-04-10 13:00:00,370.238952637,0.4912693561276459
13382,2020-04-10 14:00:00,370.240631104,0.005992028866685151
13383,2020-04-10 15:00:00,370.237304688,0.3481479110631326
13384,2020-04-10 16:00:00,370.22479248,0.06541035019515484
13385,2020-04-10 17:00:00,370.204223633,0.08570742988350799
13386,2020-04-10 18:00:00,370.163116455,0.04574299648149738
13387,2020-04-10 19:00:00,370.115234375,0.38867592935494133
13388,2020-04-10 20:00:00,370.08291626,0.7916257230068647
13389,2020-04-10 21:00:00,370.05847168,0.8865879867841276
13390,2020-04-10 22:00:00,370.052001953,0.8881188976106824
13391,2020-04-10 23:00:00,370.040618896,0.538133711808717
13392,2020-04-11 00:00:00,370.034759521,0.39227221611096563
13393,2020-04-11 01:00:00,370.035858154,0.47338008747927196
13394,2020-04-11 02:00:00,370.035797119,0.40210503640449546
13395,2020-04-11 03:00:00,370.036621094,0.4165633213876113
13396,2020-04-11 04:00:00,370.038909912,0.7123301720587005
13397,2020-04-11 05:00:00,370.03918457,0.5782286907086017
13398,2020-04-11 06:00:00,370.040344238,0.6197594799347729
13399,2020-04-11 07:00:00,370.043792725,0.028276931826594298
13400,2020-04-11 08:00:00,370.047821045,0.2598246626407239
13401,2020-04-11 09:00:00,370.052062988,0.14592776289445575
13402,2020-04-11 10:00:00,370.055328369,0.596907459930147
13403,2020-04-11 11:00:00,370.058654785,0.3716762301830946
13404,2020-04-11 12:00:00,370.062011719,0.42987334089451423
13405,2020-04-11 13:00:00,370.064147949,0.8519032747586349
13406,2020-04-11 14:00:00,370.066040039,0.8145613438706545
13407,2020-04-11 15:00:00,370.065124512,0.615812176885611
13408,2020-04-11 16:00:00,370.057159424,0.061719848185379456
13409,2020-04-11 17:00:00,370.043365479,0.9156470216025266
13410,2020-04-11 18:00:00,370.025054932,0.5582441659857494
13411,2020-04-11 19:00:00,370.000732422,0.02644224866865008
13412,2020-04-11 20:00:00,369.982971191,0.02662053807305642
13413,2020-04-11 21:00:00,369.981079102,0.11541054702695741
13414,2020-04-11 22:00:00,369.97869873,0.27970949009378254
13415,2020-04-11 23:00:00,369.948699951,0.47198413669737593
13416,2020-04-12 00:00:00,369.949279785,0.6925530082403356
13417,2020-04-12 01:00:00,369.924926758,0.865435753575173
13418,2020-04-12 02:00:00,369.898620605,0.5650985784077253
13419,2020-04-12 03:00:00,369.875244141,0.7669606855370976
13420,2020-04-12 04:00:00,369.856079102,0.19482622126856453
13421,2020-04-12 05:00:00,369.850860596,0.5005313644724114
13422,2020-04-12 06:00:00,369.84072876,0.06203870268995981
13423,2020-04-12 07:00:00,369.821289062,0.08668786138209494
13424,2020-04-12 08:00:00,369.808349609,0.9784797888788639
13425,2020-04-12 09:00:00,369.798675537,0.9430851873764529
13426,2020-04-12 10:00:00,369.794677734,0.3143459469791431
13427,2020-04-12 11:00:00,369.799499512,0.7777488274874511
13428,2020-04-12 12:00:00,369.803894043,0.9738257994544812
13429,2020-04-12 13:00:00,370.031585693,0.5498614700098006
13430,2020-04-12 14:00:00,370.495025635,0.7393282230370362
13431,2020-04-12 15:00:00,370.981140137,0.6345216506400788
13432,2020-04-12 16:00:00,371.469299316,0.3623530907539029
13433,2020-04-12 17:00:00,371.96862793,0.04459683813637294
13434,2020-04-12 18:00:00,372.475646973,0.8851442950118469
13435,2020-04-12 19:00:00,372.700164795,0.39710512030561385
13436,2020-04-12 20:00:00,372.916290283,0.062216313286705516
13437,2020-04-12 21:00:00,373.097869873,0.8895815330320809
13438,2020-04-12 22:00:00,373.242492676,0.6758961939795313
13439,2020-04-12 23:00:00,373.372039795,0.9208778188324882
13440,2020-04-13 00:00:00,373.483428955,0.18973311755756506
13441,2020-04-13 01:00:00,373.536651611,0.4922256263170136
13442,2020-04-13 02:00:00,373.576690674,0.07654148936279803
13443,2020-04-13 03:00:00,373.606933594,0.8729158359962975
13444,2020-04-13 04:00:00,373.63671875,0.6561445624963357
13445,2020-04-13 05:00:00,373.660949707,0.924800545398804
13446,2020-04-13 06:00:00,373.679656982,0.30016963769161353
13447,2020-04-13 07:00:00,373.692352295,0.6084434162028034
13448,2020-04-13 08:00:00,373.704986572,0.07534059067213073
13449,2020-04-13 09:00:00,373.717132568,0.7478077724040024
13450,2020-04-13 10:00:00,373.724700928,0.7599313385465561
13451,2020-04-13 11:00:00,373.733642578,0.7643713479295339
13452,2020-04-13 12:00:00,373.744598389,0.7656568044363135
13453,2020-04-13 13:00:00,373.891601562,0.6137897262172992
13454,2020-04-13 14:00:00,374.045227051,0.89681951693392
13455,2020-04-13 15:00:00,374.194213867,0.9144534694304192
13456,2020-04-13 16:00:00,374.34564209,0.4723019143697724
13457,2020-04-13 17:00:00,374.501953125,0.43260764373331484
13458,2020-04-13 18:00:00,374.667175293,0.6631316835341586
13459,2020-04-13 19:00:00,374.826324463,0.1547231375176138
13460,2020-04-13 20:00:00,375.035644531,0.6098374561665313
13461,2020-04-13 21:00:00,375.263580322,0.8393416028190118
13462,2020-04-13 22:00:00,375.494445801,0.12568911887914047
13463,2020-04-13 23:00:00,375.711090088,0.5461543166191474
13464,2020-04-14 00:00:00,375.930999756,0.5036480876693289
13465,2020-04-14 01:00:00,376.173217773,0.9777893846796988
13466,2020-04-14 02:00:00,376.444885254,0.5771055966173612
13467,2020-04-14 03:00:00,376.732849121,0.6034335126253049
13468,2020-04-14 04:00:00,376.963897705,0.4612379078537978
13469,2020-04-14 05:00:00,377.159606934,0.3592462503125897
13470,2020-04-14 06:00:00,377.440490723,0.11160236568066828
13471,2020-04-14 07:00:00,377.704589844,0.6285802983344497
13472,2020-04-14 08:00:00,377.969482422,0.9166988919414087
13473,2020-04-14 09:00:00,378.242584229,0.5309905002028851
13474,2020-04-14 10:00:00,378.512054443,0.07105603092310875
13475,2020-04-14 11:00:00,378.804351807,0.7034897005373443
13476,2020-04-14 12:00:00,379.099365234,0.6988699072237035
13477,2020-04-14 13:00:00,379.178741455,0.1024918916237676
13478,2020-04-14 14:00:00,379.22064209,0.21177633477465774
13479,2020-04-14 15:00:00,379.238525391,0.3178475212045627
13480,2020-04-14 16:00:00,379.259857178,0.40228580179625106
13481,2020-04-14 17:00:00,379.30871582,0.724579874074476
13482,2020-04-14 18:00:00,379.353881836,0.12895709074739403
13483,2020-04-14 19:00:00,379.371154785,0.7376001254281294
13484,2020-04-14 20:00:00,379.396911621,0.6778248185708927
13485,2020-04-14 21:00:00,379.434753418,0.26354281479678865
13486,2020-04-14 22:00:00,379.476745605,0.31997567271092753
13487,2020-04-14 23:00:00,379.528747559,0.8962289012652697
13488,2020-04-15 00:00:00,379.56539917,0.06829887338184837
13489,2020-04-15 01:00:00,379.597412109,0.04491805507913238
13490,2020-04-15 02:00:00,379.622436523,0.09975881920642826
13491,2020-04-15 03:00:00,379.63671875,0.8616140303735655
13492,2020-04-15 04:00:00,379.657348633,0.016406905183174447
13493,2020-04-15 05:00:00,379.678192139,0.04730735399624608
13494,2020-04-15 06:00:00,379.696228027,0.7249241436878966
13495,2020-04-15 07:00:00,379.712402344,0.17736515936359176
13496,2020-04-15 08:00:00,379.724853516,0.9369417990417438
13497,2020-04-15 09:00:00,379.734924316,0.6781871521972146
13498,2020-04-15 10:00:00,379.74331665,0.41321001737479013
13499,2020-04-15 11:00:00,379.751708984,0.25451888432236613
13500,2020-04-15 12:00:00,379.760070801,0.9247522391905186
13501,2020-04-15 13:00:00,379.764099121,0.6416444391180827
13502,2020-04-15 14:00:00,379.763977051,0.5293629138705817
13503,2020-04-15 15:00:00,379.757354736,0.03969602775972858
13504,2020-04-15 16:00:00,379.74432373,0.7222567023301111
13505,2020-04-15 17:00:00,379.722930908,0.9162559793848428
13506,2020-04-15 18:00:00,379.700378418,0.2588438334007921
13507,2020-04-15 19:00:00,379.676879883,0.5651043240260684
13508,2020-04-15 20:00:00,379.65725708,0.961837992894746
13509,2020-04-15 21:00:00,379.644866943,0.8740003928301622
13510,2020-04-15 22:00:00,379.63381958,0.1329975708625828
13511,2020-04-15 23:00:00,379.63269043,0.11883717337454092
13512,2020-04-16 00:00:00,379.631011963,0.834125040707361
13513,2020-04-16 01:00:00,379.620056152,0.9143169790455664
13514,2020-04-16 02:00:00,379.61126709,0.5356127185044987
13515,2020-04-16 03:00:00,379.598815918,0.3867088040429051
13516,2020-04-16 04:00:00,379.586456299,0.609599213018169
13517,2020-04-16 05:00:00,379.573120117,0.9011858904881508
13518,2020-04-16 06:00:00,379.556030273,0.39895409395392567
13519,2020-04-16 07:00:00,379.542053223,0.5668699017714285
13520,2020-04-16 08:00:00,379.530151367,0.4390703737506343
13521,2020-04-16 09:00:00,379.522735596,0.69317684363121
13522,2020-04-16 10:00:00,379.520111084,0.4129545328877686
13523,2020-04-16 11:00:00,379.521057129,0.006450155309588701
13524,2020-04-16 12:00:00,379.522094727,0.7856424545063863
13525,2020-04-16 13:00:00,379.667694092,0.7747668858433031
13526,2020-04-16 14:00:00,379.833404541,0.4456694291335166
13527,2020-04-16 15:00:00,379.995239258,0.6461274494436642
13528,2020-04-16 16:00:00,380.163604736,0.12000315300079822
13529,2020-04-16 17:00:00,380.330200195,0.09813916236788223
13530,2020-04-16 18:00:00,380.512329102,0.07502241629030382
13531,2020-04-16 19:00:00,380.568572998,0.7007844193120618
13532,2020-04-16 20:00:00,380.605957031,0.5419537118423005
13533,2020-04-16 21:00:00,380.754150391,0.5434911402188414
13534,2020-04-16 22:00:00,380.782440186,0.3750351905448731
13535,2020-04-16 23:00:00,380.807922363,0.43376996052276495
13536,2020-04-17 00:00:00,380.833831787,0.766764864771562
13537,2020-04-17 01:00:00,380.984436035,0.887184201683232
13538,2020-04-17 02:00:00,381.137634277,0.885528981889419
13539,2020-04-17 03:00:00,381.307128906,0.3573710438345502
13540,2020-04-17 04:00:00,381.470916748,0.3654995248788443
13541,2020-04-17 05:00:00,381.620056152,0.8930931764344605
13542,2020-04-17 06:00:00,381.780853271,0.3967358985195244
13543,2020-04-17 07:00:00,381.823150635,0.22113247757374876
13544,2020-04-17 08:00:00,381.868133545,0.9924251103555621
13545,2020-04-17 09:00:00,381.910125732,0.026998917968113822
13546,2020-04-17 10:00:00,381.947418213,0.12956353766448692
13547,2020-04-17 11:00:00,381.983581543,0.22803044434383546
13548,2020-04-17 12:00:00,382.018615723,0.9952643906134412
13549,2020-04-17 13:00:00,382.100585938,0.780150654398581
13550,2020-04-17 14:00:00,382.174377441,0.2860487322229175
13551,2020-04-17 15:00:00,382.243041992,0.7684818412820258
13552,2020-04-17 16:00:00,382.307220459,0.5551372577009664
13553,2020-04-17 17:00:00,382.357666016,0.7637037373987076
13554,2020-04-17 18:00:00,382.404449463,0.49619316466311014
13555,2020-04-17 19:00:00,382.46206665,0.7261553691382651
13556,2020-04-17 20:00:00,382.532012939,0.5042414659032199
13557,2020-04-17 21:00:00,382.617004395,0.8190741821393565
13558,2020-04-17 22:00:00,382.684417725,0.48146342295942246
13559,2020-04-17 23:00:00,382.756103516,0.7996140667312608
13560,2020-04-18 00:00:00,382.828613281,0.19799959497230923
13561,2020-04-18 01:00:00,382.894561768,0.7504294450128425
13562,2020-04-18 02:00:00,383.07421875,0.7481796495092548
13563,2020-04-18 03:00:00,383.172058105,0.29141898427966084
13564,2020-04-18 04:00:00,383.279144287,0.7154049419188566
13565,2020-04-18 05:00:00,383.367462158,0.5181298337529825
13566,2020-04-18 06:00:00,383.449859619,0.9527193201980579
13567,2020-04-18 07:00:00,383.530212402,0.5591898169320151
13568,2020-04-18 08:00:00,383.719604492,0.9321763337398081
13569,2020-04-18 09:00:00,383.82232666,0.6344643853558142
13570,2020-04-18 10:00:00,383.916259766,0.3067135406592415
13571,2020-04-18 11:00:00,383.997436523,0.27086762998663694
13572,2020-04-18 12:00:00,384.081787109,0.66546627914241
13573,2020-04-18 13:00:00,384.110748291,0.7374144905601973
13574,2020-04-18 14:00:00,384.126983643,0.7867611605689605
13575,2020-04-18 15:00:00,384.148803711,0.8223471502408394
13576,2020-04-18 16:00:00,384.157775879,0.8328389020485286
13577,2020-04-18 17:00:00,384.15411377,0.5843485754050235
13578,2020-04-18 18:00:00,384.150634766,0.28119497901841095
13579,2020-04-18 19:00:00,384.13885498,0.9929613931779637
13580,2020-04-18 20:00:00,384.126922607,0.5093036171457834
13581,2020-04-18 21:00:00,384.118652344,0.7732606743865477
13582,2020-04-18 22:00:00,384.123626709,0.5029788032736112
13583,2020-04-18 23:00:00,384.126800537,0.7977268411120818
13584,2020-04-19 00:00:00,384.123504639,0.17456405359913396
13585,2020-04-19 01:00:00,384.125610352,0.46856969824567596
13586,2020-04-19 02:00:00,384.129333496,0.6527527563468047
13587,2020-04-19 03:00:00,384.133453369,0.2685211889053105
13588,2020-04-19 04:00:00,384.142211914,0.49382881612424223
13589,2020-04-19 05:00:00,384.148895264,0.5579916394151182
13590,2020-04-19 06:00:00,384.158691406,0.3501819579036838
13591,2020-04-19 07:00:00,384.446685791,0.06323923985719004
13592,2020-04-19 08:00:00,384.739624023,0.7667548612533092
13593,2020-04-19 09:00:00,385.051330566,0.4636907668583521
13594,2020-04-19 10:00:00,385.375427246,0.7410110056272138
13595,2020-04-19 11:00:00,385.710235596,0.9496794681623287
13596,2020-04-19 12:00:00,386.05480957,0.4887844384493878
13597,2020-04-19 13:00:00,386.139526367,0.6040024642460473
13598,2020-04-19 14:00:00,386.224243164,0.5912198239838345
13599,2020-04-19 15:00:00,386.280212402,0.2729420449407034
13600,2020-04-19 16:00:00,386.312286377,0.7008099643658301
13601,2020-04-19 17:00:00,386.343688965,0.6714751414688247
13602,2020-04-19 18:00:00,386.396697998,0.055382220193322174
13603,2020-04-19 19:00:00,386.500213623,0.4132349858668055
13604,2020-04-19 20:00:00,386.701171875,0.9266123128476118
13605,2020-04-19 21:00:00,386.805908203,0.9426534899658511
13606,2020-04-19 22:00:00,386.880584717,0.6299921295415973
13607,2020-04-19 23:00:00,386.958435059,0.901295153810964
13608,2020-04-20 00:00:00,387.031616211,0.6954071061153725
13609,2020-04-20 01:00:00,387.053985596,0.455453429837433
13610,2020-04-20 02:00:00,387.065948486,0.8043382108605842
13611,2020-04-20 03:00:00,387.088867188,0.7362924559948725
13612,2020-04-20 04:00:00,387.09362793,0.14043605787207236
13613,2020-04-20 05:00:00,387.101287842,0.7408649855122792
13614,2020-04-20 06:00:00,387.114044189,0.5208903847505519
13615,2020-04-20 07:00:00,387.181213379,0.9218068027569533
13616,2020-04-20 08:00:00,387.267791748,0.6804059338764972
13617,2020-04-20 09:00:00,387.352600098,0.5557531314387676
13618,2020-04-20 10:00:00,387.433044434,0.4577053352189314
13619,2020-04-20 11:00:00,387.520507812,0.35526823300732113
13620,2020-04-20 12:00:00,387.603210449,0.3706146823835266
13621,2020-04-20 13:00:00,387.625976562,0.06274032336420365
13622,2020-04-20 14:00:00,387.69720459,0.7597253884836181
13623,2020-04-20 15:00:00,387.761383057,0.40518272767288643
13624,2020-04-20 16:00:00,387.829467773,0.9662531038872427
13625,2020-04-20 17:00:00,387.90802002,0.9225442345468456
13626,2020-04-20 18:00:00,388.000793457,0.32207197259213105
13627,2020-04-20 19:00:00,388.088897705,0.8205094149843444
13628,2020-04-20 20:00:00,388.180847168,0.5317021494074958
13629,2020-04-20 21:00:00,388.282714844,0.16882195829281177
13630,2020-04-20 22:00:00,388.396484375,0.8370757609831173
13631,2020-04-20 23:00:00,388.479064941,0.6733716845724634
13632,2020-04-21 00:00:00,388.556365967,0.7367587117249361
13633,2020-04-21 01:00:00,388.578887939,0.6565060076882391
13634,2020-04-21 02:00:00,388.607971191,0.6215924383809329
13635,2020-04-21 03:00:00,388.648529053,0.26866812693641273
13636,2020-04-21 04:00:00,388.680969238,0.7515074287482337
13637,2020-04-21 05:00:00,388.713195801,0.8958529422074151
13638,2020-04-21 06:00:00,388.735687256,0.6903101943605489
13639,2020-04-21 07:00:00,388.788085938,0.9430045825277013
13640,2020-04-21 08:00:00,388.845489502,0.20726720917612096
13641,2020-04-21 09:00:00,388.89855957,0.7509462861970089
13642,2020-04-21 10:00:00,388.957855225,0.24760128662112513
13643,2020-04-21 11:00:00,388.99987793,0.49154308743076625
13644,2020-04-21 12:00:00,389.058502197,0.6473203903957306
13645,2020-04-21 13:00:00,389.149108887,0.2806214506800202
13646,2020-04-21 14:00:00,389.230255127,0.27430943534622587
13647,2020-04-21 15:00:00,389.297241211,0.5678916096843433
13648,2020-04-21 16:00:00,389.368804932,0.8530284076486119
13649,2020-04-21 17:00:00,389.453826904,0.5612778450087775
13650,2020-04-21 18:00:00,389.532684326,0.8335430495525973
13651,2020-04-21 19:00:00,389.822845459,0.16721401123704727
13652,2020-04-21 20:00:00,390.129241943,0.9084996383917628
13653,2020-04-21 21:00:00,390.432891846,0.28519570084029433
13654,2020-04-21 22:00:00,390.735046387,0.5904147976213557
13655,2020-04-21 23:00:00,391.036987305,0.5857824976354448
13656,2020-04-22 00:00:00,391.315460205,0.3300918516827681
13657,2020-04-22 01:00:00,391.754669189,0.2869485888586969
13658,2020-04-22 02:00:00,392.206878662,0.3042485861637404
13659,2020-04-22 03:00:00,392.67980957,0.5472450987415101
13660,2020-04-22 04:00:00,393.255157471,0.2745083652486431
13661,2020-04-22 05:00:00,393.991882324,0.4942274332455221
13662,2020-04-22 06:00:00,394.72442627,0.5151521361283193
13663,2020-04-22 07:00:00,394.970062256,0.2656428747047911
13664,2020-04-22 08:00:00,395.163269043,0.019780144110078668
13665,2020-04-22 09:00:00,395.322631836,0.8195201307020749
13666,2020-04-22 10:00:00,395.443359375,0.8479838216114493
13667,2020-04-22 11:00:00,395.562103271,0.8411906273460001
13668,2020-04-22 12:00:00,395.65335083,0.7337875416937506
13669,2020-04-22 13:00:00,395.756622314,0.821923728211488
13670,2020-04-22 14:00:00,395.84588623,0.07064525248618614
13671,2020-04-22 15:00:00,395.940216064,0.7150533679863083
13672,2020-04-22 16:00:00,396.00302124,0.9873276207007461
13673,2020-04-22 17:00:00,396.045898438,0.8681969930291972
13674,2020-04-22 18:00:00,396.089111328,0.7885732431163522
13675,2020-04-22 19:00:00,396.133575439,0.6998157329921695
13676,2020-04-22 20:00:00,396.170196533,0.8761998295392801
13677,2020-04-22 21:00:00,396.205078125,0.4631589951903262
13678,2020-04-22 22:00:00,396.219604492,0.8491441856732209
13679,2020-04-22 23:00:00,396.249267578,0.6931792890570786
13680,2020-04-23 00:00:00,396.267089844,0.17857881955388366
13681,2020-04-23 01:00:00,396.286437988,0.30464388922902486
13682,2020-04-23 02:00:00,396.302520752,0.41174986304590977
13683,2020-04-23 03:00:00,396.320220947,0.630118224586339
13684,2020-04-23 04:00:00,396.337402344,0.7725867482645531
13685,2020-04-23 05:00:00,396.351226807,0.9568991247406835
13686,2020-04-23 06:00:00,396.362640381,0.22169300769376188
13687,2020-04-23 07:00:00,396.377807617,0.6527955861749953
13688,2020-04-23 08:00:00,396.39666748,0.12057055082727319
13689,2020-04-23 09:00:00,396.414520264,0.5879761520802702
13690,2020-04-23 10:00:00,396.428588867,0.7488022851886837
13691,2020-04-23 11:00:00,396.441162109,0.1922401466658521
13692,2020-04-23 12:00:00,396.453308105,0.9737562028864464
13693,2020-04-23 13:00:00,396.461425781,0.24227580655525494
13694,2020-04-23 14:00:00,396.46194458,0.35066136353607946
13695,2020-04-23 15:00:00,396.450683594,0.3524657781247348
13696,2020-04-23 16:00:00,396.436340332,0.14834320475278495
13697,2020-04-23 17:00:00,396.419769287,0.7938724263003487
13698,2020-04-23 18:00:00,396.396820068,0.7119288857896899
13699,2020-04-23 19:00:00,396.533905029,0.8083771097413537
13700,2020-04-23 20:00:00,396.698883057,0.27628670341488315
13701,2020-04-23 21:00:00,396.849121094,0.4737706142689764
13702,2020-04-23 22:00:00,397.058776855,0.14145760164824672
13703,2020-04-23 23:00:00,397.263549805,0.27493942198643073
13704,2020-04-24 00:00:00,397.446533203,0.3671087118150892
13705,2020-04-24 01:00:00,397.58102417,0.16002333648420097
13706,2020-04-24 02:00:00,397.710723877,0.49493655620729726
13707,2020-04-24 03:00:00,397.816131592,0.22806131655439665
13708,2020-04-24 04:00:00,397.921356201,0.257268777564328
13709,2020-04-24 05:00:00,398.014984131,0.9814938446291858
13710,2020-04-24 06:00:00,398.104705811,0.4869905623473768
13711,2020-04-24 07:00:00,398.13458252,0.9275380412384547
13712,2020-04-24 08:00:00,398.158447266,0.08269818944157514
13713,2020-04-24 09:00:00,398.184967041,0.2723092376094973
13714,2020-04-24 10:00:00,398.215545654,0.690418170642445
13715,2020-04-24 11:00:00,398.239440918,0.36321038739455624
13716,2020-04-24 12:00:00,398.265625,0.35662675928900345
13717,2020-04-24 13:00:00,398.290252686,0.31841517224855465
13718,2020-04-24 14:00:00,398.302734375,0.6086379200355195
13719,2020-04-24 15:00:00,398.300476074,0.42133977649037446
13720,2020-04-24 16:00:00,398.293395996,0.4536257551365943
13721,2020-04-24 17:00:00,398.28225708,0.18237279735044687
13722,2020-04-24 18:00:00,398.26852417,0.13172677827706336
13723,2020-04-24 19:00:00,398.259887695,0.802976276730643
13724,2020-04-24 20:00:00,398.258789062,0.4542900497883213
13725,2020-04-24 21:00:00,398.269104004,0.614185270429027
13726,2020-04-24 22:00:00,398.278533936,0.6787858813650091
13727,2020-04-24 23:00:00,398.277587891,0.678590663977838
13728,2020-04-25 00:00:00,398.284637451,0.5542590114948124
13729,2020-04-25 01:00:00,398.291290283,0.36899378971688557
13730,2020-04-25 02:00:00,398.297485352,0.24845904634423932
13731,2020-04-25 03:00:00,398.304290771,0.9547760118729781
13732,2020-04-25 04:00:00,398.311248779,0.6129892793104224
13733,2020-04-25 05:00:00,398.317504883,0.1627605311647604
13734,2020-04-25 06:00:00,398.322875977,0.3943232707470431
13735,2020-04-25 07:00:00,398.329223633,0.5323762176462128
13736,2020-04-25 08:00:00,398.335113525,0.2722690890202063
13737,2020-04-25 09:00:00,398.34161377,0.5877707419487679
13738,2020-04-25 10:00:00,398.34777832,0.49939154269631625
13739,2020-04-25 11:00:00,398.354187012,0.1799676329708736
13740,2020-04-25 12:00:00,398.360534668,0.8322917469015153
13741,2020-04-25 13:00:00,398.364624023,0.6167093854032669
13742,2020-04-25 14:00:00,398.368591309,0.31507299895179863
13743,2020-04-25 15:00:00,398.369384766,0.8993103877853044
13744,2020-04-25 16:00:00,398.359802246,0.22366375057553645
13745,2020-04-25 17:00:00,398.345031738,0.09977622409007547
13746,2020-04-25 18:00:00,398.325897217,0.43425932668208045
13747,2020-04-25 19:00:00,398.307189941,0.8925521653163339
13748,2020-04-25 20:00:00,398.307159424,0.7873407942737248
13749,2020-04-25 21:00:00,398.311523438,0.6364447509706097
13750,2020-04-25 22:00:00,398.313293457,0.7188791945474323
13751,2020-04-25 23:00:00,398.313140869,0.6189465119220315
13752,2020-04-26 00:00:00,398.317626953,0.5572586890841934
13753,2020-04-26 01:00:00,398.321655273,0.3254268854352512
13754,2020-04-26 02:00:00,398.326385498,0.24060197832599362
13755,2020-04-26 03:00:00,398.332214355,0.7799163819649405
13756,2020-04-26 04:00:00,398.337738037,0.0313966458569761
13757,2020-04-26 05:00:00,398.344360352,0.8738757486722285
13758,2020-04-26 06:00:00,398.35067749,0.334372257926559
13759,2020-04-26 07:00:00,398.357391357,0.6473620640404714
13760,2020-04-26 08:00:00,398.364013672,0.5984251616178827
13761,2020-04-26 09:00:00,398.370513916,0.8357497486558063
13762,2020-04-26 10:00:00,398.377471924,0.7188799609180456
13763,2020-04-26 11:00:00,398.386413574,0.5279103958907903
13764,2020-04-26 12:00:00,398.392547607,0.07271064039840525
13765,2020-04-26 13:00:00,398.397155762,0.7596924606947602
13766,2020-04-26 14:00:00,398.400939941,0.20132958119231403
13767,2020-04-26 15:00:00,398.39364624,0.18678626072952098
13768,2020-04-26 16:00:00,398.355316162,0.05675615012223312
13769,2020-04-26 17:00:00,398.330871582,0.8204465518867826
13770,2020-04-26 18:00:00,398.282440186,0.8886633036714461
13771,2020-04-26 19:00:00,398.239685059,0.6098332417899983
13772,2020-04-26 20:00:00,398.200378418,0.1758065271574084
13773,2020-04-26 21:00:00,398.183654785,0.666032680902048
13774,2020-04-26 22:00:00,398.134521484,0.36934265282761924
13775,2020-04-26 23:00:00,398.13180542,0.7545668929932965
13776,2020-04-27 00:00:00,398.138427734,0.12994899671893456
13777,2020-04-27 01:00:00,398.219360352,0.5624404235692669
13778,2020-04-27 02:00:00,398.228302002,0.8739123613981145
13779,2020-04-27 03:00:00,398.233978271,0.6919018356429781
13780,2020-04-27 04:00:00,398.238220215,0.6936483639522137
13781,2020-04-27 05:00:00,398.243164062,0.8081680361680119
13782,2020-04-27 06:00:00,398.253967285,0.15134681031443953
13783,2020-04-27 07:00:00,398.26461792,0.46114160290826633
13784,2020-04-27 08:00:00,398.275665283,0.6530513706873423
13785,2020-04-27 09:00:00,398.285675049,0.12077088541367631
13786,2020-04-27 10:00:00,398.295196533,0.06767792705798803
13787,2020-04-27 11:00:00,398.30569458,0.41660279200868977
13788,2020-04-27 12:00:00,398.315612793,0.5018577807300734
13789,2020-04-27 13:00:00,398.322113037,0.11815080620888252
13790,2020-04-27 14:00:00,398.327667236,0.3996842165753818
13791,2020-04-27 15:00:00,398.325897217,0.9784835782141375
13792,2020-04-27 16:00:00,398.317260742,0.9924793960676127
13793,2020-04-27 17:00:00,398.307952881,0.932767065062402
13794,2020-04-27 18:00:00,398.297668457,0.33315884193714074
13795,2020-04-27 19:00:00,398.291809082,0.6557618496113207
13796,2020-04-27 20:00:00,398.299743652,0.5736662735601658
13797,2020-04-27 21:00:00,398.30947876,0.8644546099647946
13798,2020-04-27 22:00:00,398.317382812,0.44212081197396447
13799,2020-04-27 23:00:00,398.301757812,0.9298439978627033
13800,2020-04-28 00:00:00,398.277374268,0.9476516946673189
13801,2020-04-28 01:00:00,398.281066895,0.12176428068696421
13802,2020-04-28 02:00:00,398.236572266,0.8220963399964293
13803,2020-04-28 03:00:00,398.20715332,0.3429764112425471
13804,2020-04-28 04:00:00,398.197875977,0.5075225944972739
13805,2020-04-28 05:00:00,398.183532715,0.2630929999174215
13806,2020-04-28 06:00:00,398.184570312,0.2595955732968931
13807,2020-04-28 07:00:00,398.178894043,0.6283939353276335
13808,2020-04-28 08:00:00,398.142242432,0.7518935711522565
13809,2020-04-28 09:00:00,398.108093262,0.9228910986639143
13810,2020-04-28 10:00:00,398.081787109,0.9453067843329381
13811,2020-04-28 11:00:00,398.061340332,0.5820830327408983
13812,2020-04-28 12:00:00,398.061767578,0.9821940986218677
13813,2020-04-28 13:00:00,398.048309326,0.8193562265563981
13814,2020-04-28 14:00:00,398.033081055,0.8124065401711089
13815,2020-04-28 15:00:00,398.006103516,0.5354560251602623
13816,2020-04-28 16:00:00,397.967437744,0.49174523693041816
13817,2020-04-28 17:00:00,397.919769287,0.6644086584535566
13818,2020-04-28 18:00:00,397.870147705,0.9419827179189632
13819,2020-04-28 19:00:00,397.823760986,0.44691463559107913
13820,2020-04-28 20:00:00,397.790222168,0.9081716636746006
13821,2020-04-28 21:00:00,397.770935059,0.7147989397938916
13822,2020-04-28 22:00:00,397.746002197,0.15960393130709216
13823,2020-04-28 23:00:00,397.713256836,0.2042773382723948
13824,2020-04-29 00:00:00,397.687530518,0.15668797958526826
13825,2020-04-29 01:00:00,397.692382812,0.30173096068841165
13826,2020-04-29 02:00:00,397.687744141,0.21580112170770382
13827,2020-04-29 03:00:00,397.688537598,0.6717005812452521
13828,2020-04-29 04:00:00,397.676971436,0.4171250173463952
13829,2020-04-29 05:00:00,397.680969238,0.773788043654588
13830,2020-04-29 06:00:00,397.677459717,0.09396283816014117
13831,2020-04-29 07:00:00,397.677429199,0.24185898452808485
13832,2020-04-29 08:00:00,397.67401123,0.9004534160945104
13833,2020-04-29 09:00:00,397.652862549,0.18446500797232857
13834,2020-04-29 10:00:00,397.624938965,0.26050653383538114
13835,2020-04-29 11:00:00,397.610137939,0.22682880652014958
13836,2020-04-29 12:00:00,397.606964111,0.7992046691960426
13837,2020-04-29 13:00:00,397.600830078,0.16597007811389952
13838,2020-04-29 14:00:00,397.595062256,0.5365587843427495
13839,2020-04-29 15:00:00,397.578308105,0.09199267838139313
13840,2020-04-29 16:00:00,397.561096191,0.6201409669514026
13841,2020-04-29 17:00:00,397.543884277,0.47553322084091654
13842,2020-04-29 18:00:00,397.514190674,0.07432363153854993
13843,2020-04-29 19:00:00,397.496734619,0.24638359290524736
13844,2020-04-29 20:00:00,397.496765137,0.2444624070122795
13845,2020-04-29 21:00:00,397.50402832,0.14056842805282987
13846,2020-04-29 22:00:00,397.511688232,0.20566209100502086
13847,2020-04-29 23:00:00,397.517883301,0.030953175993770787
13848,2020-04-30 00:00:00,397.527923584,0.7154829859135081
13849,2020-04-30 01:00:00,397.532531738,0.853838091390894
13850,2020-04-30 02:00:00,397.537719727,0.06170233242394296
13851,2020-04-30 03:00:00,397.534973145,0.5469533228541765
13852,2020-04-30 04:00:00,397.533630371,0.5618181825667022
13853,2020-04-30 05:00:00,397.530456543,0.17210145356181294
13854,2020-04-30 06:00:00,397.536499023,0.35554295143685033
13855,2020-04-30 07:00:00,397.543823242,0.9096384801510037
13856,2020-04-30 08:00:00,397.551086426,0.6429625467733484
13857,2020-04-30 09:00:00,397.557373047,0.0028089753187693356
13858,2020-04-30 10:00:00,397.56036377,0.7850444852691739
13859,2020-04-30 11:00:00,397.564147949,0.023468572861182535
13860,2020-04-30 12:00:00,397.567138672,0.604706737626863
13861,2020-04-30 13:00:00,397.564849854,0.9247667689740603
13862,2020-04-30 14:00:00,397.550750732,0.9307154631029195
13863,2020-04-30 15:00:00,397.516448975,0.298570814900447
13864,2020-04-30 16:00:00,397.486358643,0.4443863146500153
13865,2020-04-30 17:00:00,397.446868896,0.8700542632384283
13866,2020-04-30 18:00:00,397.379150391,0.30213364699419787
13867,2020-04-30 19:00:00,397.291900635,0.9004421599607285
13868,2020-04-30 20:00:00,397.229827881,0.4048358112740106
13869,2020-04-30 21:00:00,397.176147461,0.3004544355644324
13870,2020-04-30 22:00:00,397.123657227,0.11647620172557649
13871,2020-04-30 23:00:00,397.059661865,0.17214256789927251
13872,2020-05-01 00:00:00,397.043457031,0.39203630087497643
13873,2020-05-01 01:00:00,397.00869751,0.0082557409928119
13874,2020-05-01 02:00:00,396.958221436,0.49472414434001377
13875,2020-05-01 03:00:00,396.908660889,0.08151871056521498
13876,2020-05-01 04:00:00,396.857574463,0.07509555395259815
13877,2020-05-01 05:00:00,396.812103271,0.7484445363421699
13878,2020-05-01 06:00:00,396.805389404,0.5900453868673396
13879,2020-05-01 07:00:00,396.790039062,0.14420318260442055
13880,2020-05-01 08:00:00,396.768280029,0.9293349823225581
13881,2020-05-01 09:00:00,396.746154785,0.3863302367277345
13882,2020-05-01 10:00:00,396.73727417,0.9775831598955868
13883,2020-05-01 11:00:00,396.735656738,0.4141254187779795
13884,2020-05-01 12:00:00,396.734375,0.6151982821388386
13885,2020-05-01 13:00:00,396.734191895,0.10871886027217637
13886,2020-05-01 14:00:00,396.731933594,0.17131475580586586
13887,2020-05-01 15:00:00,396.705780029,0.6523872498359924
13888,2020-05-01 16:00:00,396.668823242,0.08831054937855343
13889,2020-05-01 17:00:00,396.55670166,0.5344784124747617
13890,2020-05-01 18:00:00,396.389038086,0.5448537469161175
13891,2020-05-01 19:00:00,395.961303711,0.740751855298906
13892,2020-05-01 20:00:00,395.345947266,0.5206456793320683
13893,2020-05-01 21:00:00,394.496704102,0.9617654539674371
13894,2020-05-01 22:00:00,393.568695068,0.6019080607916039
13895,2020-05-01 23:00:00,392.252563477,0.5189533495508586
13896,2020-05-02 00:00:00,390.959075928,0.801163616088421
13897,2020-05-02 01:00:00,389.921356201,0.8973406781608411
13898,2020-05-02 02:00:00,388.992584229,0.8282307531619851
13899,2020-05-02 03:00:00,388.062957764,0.3440817121597799
13900,2020-05-02 04:00:00,387.2394104,0.4087816257612553
13901,2020-05-02 05:00:00,386.454803467,0.5762024584125677
13902,2020-05-02 06:00:00,385.708862305,0.9554569795434178
13903,2020-05-02 07:00:00,385.093383789,0.6256976612965597
13904,2020-05-02 08:00:00,384.575592041,0.3619075374522913
13905,2020-05-02 09:00:00,384.143463135,0.9322005944422405
13906,2020-05-02 10:00:00,383.785919189,0.8083988857201067
13907,2020-05-02 11:00:00,383.493011475,0.6791853859438381
13908,2020-05-02 12:00:00,383.258544922,0.42800661867856427
13909,2020-05-02 13:00:00,383.064453125,0.7592100864854439
13910,2020-05-02 14:00:00,382.876647949,0.914076121094482
13911,2020-05-02 15:00:00,382.574890137,0.294793399056304
13912,2020-05-02 16:00:00,382.016265869,0.7223243247557551
13913,2020-05-02 17:00:00,381.430419922,0.6814145235051278
13914,2020-05-02 18:00:00,380.558441162,0.04445120349872045
13915,2020-05-02 19:00:00,379.453704834,0.6663044429599797
13916,2020-05-02 20:00:00,378.160369873,0.9367495426365569
13917,2020-05-02 21:00:00,376.761657715,0.6377163457471595
13918,2020-05-02 22:00:00,375.660125732,0.37170797553400203
13919,2020-05-02 23:00:00,374.484161377,0.6168991091266693
13920,2020-05-03 00:00:00,373.21270752,0.8076809538867588
13921,2020-05-03 01:00:00,371.866546631,0.3845702795851703
13922,2020-05-03 02:00:00,370.714141846,0.22019563776487716
13923,2020-05-03 03:00:00,369.705841064,0.22064000237352077
13924,2020-05-03 04:00:00,368.885070801,0.8327439558921617
13925,2020-05-03 05:00:00,368.18359375,0.11567595036628275
13926,2020-05-03 06:00:00,367.645690918,0.8360395274741254
13927,2020-05-03 07:00:00,367.178527832,0.07170227583553168
13928,2020-05-03 08:00:00,366.782836914,0.6453798150305455
13929,2020-05-03 09:00:00,366.450592041,0.05376939262974634
13930,2020-05-03 10:00:00,366.178222656,0.20306159676894586
13931,2020-05-03 11:00:00,365.955718994,0.13281670152944058
13932,2020-05-03 12:00:00,365.76663208,0.583551962240719
13933,2020-05-03 13:00:00,365.602844238,0.4309958445756369
13934,2020-05-03 14:00:00,365.450378418,0.15920152529845277
13935,2020-05-03 15:00:00,365.156555176,0.17498551690663233
13936,2020-05-03 16:00:00,364.6746521,0.06968997982157032
13937,2020-05-03 17:00:00,364.057434082,0.3017595694132714
13938,2020-05-03 18:00:00,363.322509766,0.1953170062925247
13939,2020-05-03 19:00:00,362.520996094,0.4477481819335478
13940,2020-05-03 20:00:00,361.683349609,0.852312170216088
13941,2020-05-03 21:00:00,360.796295166,0.04010544499163926
13942,2020-05-03 22:00:00,359.628417969,0.23999065211483195
13943,2020-05-03 23:00:00,358.291809082,0.3699469554932696
13944,2020-05-04 00:00:00,357.068237305,0.9145428552091768
13945,2020-05-04 01:00:00,355.891082764,0.18995043464919126
13946,2020-05-04 02:00:00,354.854064941,0.3576971830705523
13947,2020-05-04 03:00:00,353.908050537,0.3649595445158159
13948,2020-05-04 04:00:00,353.069580078,0.6175108548204055
13949,2020-05-04 05:00:00,352.260314941,0.25094066601175
13950,2020-05-04 06:00:00,351.445129395,0.694144768424859
13951,2020-05-04 07:00:00,350.778625488,0.9599693729903728
13952,2020-05-04 08:00:00,350.229064941,0.41881597776579593
13953,2020-05-04 09:00:00,349.797546387,0.3928544779111808
13954,2020-05-04 10:00:00,349.44229126,0.9767776151860257
13955,2020-05-04 11:00:00,349.166442871,0.4969123940362722
13956,2020-05-04 12:00:00,348.942749023,0.011908233501371934
13957,2020-05-04 13:00:00,348.763519287,0.9647088085632546
13958,2020-05-04 14:00:00,348.609375,0.6032955429869916
13959,2020-05-04 15:00:00,348.46472168,0.02653281626462689
13960,2020-05-04 16:00:00,348.261138916,0.7575455095007456
13961,2020-05-04 17:00:00,347.987487793,0.20230151018512277
13962,2020-05-04 18:00:00,347.785064697,0.9809454326325363
13963,2020-05-04 19:00:00,347.569549561,0.22646407208118302
13964,2020-05-04 20:00:00,347.385284424,0.17029150493257939
13965,2020-05-04 21:00:00,347.142181396,0.5301288703572535
13966,2020-05-04 22:00:00,346.83392334,0.7572160369407969
13967,2020-05-04 23:00:00,346.564147949,0.034856504010562395
13968,2020-05-05 00:00:00,346.356750488,0.884497411488551
13969,2020-05-05 01:00:00,346.203186035,0.8393350222012216
13970,2020-05-05 02:00:00,346.079345703,0.8236814933888994
13971,2020-05-05 03:00:00,345.976898193,0.3012058118677131
13972,2020-05-05 04:00:00,345.888031006,0.39283030628079607
13973,2020-05-05 05:00:00,345.803771973,0.6770309691387862
13974,2020-05-05 06:00:00,345.744354248,0.5590592557507658
13975,2020-05-05 07:00:00,345.700866699,0.9997191664553393
13976,2020-05-05 08:00:00,345.670959473,0.33695722152574825
13977,2020-05-05 09:00:00,345.650512695,0.8976328227349037
13978,2020-05-05 10:00:00,345.637298584,0.058723862177384456
13979,2020-05-05 11:00:00,345.629516602,0.7496377534692426
13980,2020-05-05 12:00:00,345.62677002,0.6131285840542803
13981,2020-05-05 13:00:00,345.624725342,0.18384124732407514
13982,2020-05-05 14:00:00,345.625610352,0.7617574226099856
13983,2020-05-05 15:00:00,345.622802734,0.39822507088503134
13984,2020-05-05 16:00:00,345.611938477,0.5153557197286411
13985,2020-05-05 17:00:00,345.594055176,0.6683713721476109
13986,2020-05-05 18:00:00,345.562805176,0.4313127064898594
13987,2020-05-05 19:00:00,345.52545166,0.8422516016596704
13988,2020-05-05 20:00:00,345.513549805,0.2834018277989315
13989,2020-05-05 21:00:00,345.487945557,0.1302379088081388
13990,2020-05-05 22:00:00,345.459106445,0.7248502442975057
13991,2020-05-05 23:00:00,345.422851562,0.6760160333757994
13992,2020-05-06 00:00:00,345.37689209,0.8370887824142208
13993,2020-05-06 01:00:00,345.3543396,0.5357154631437837
13994,2020-05-06 02:00:00,345.331176758,0.3049754626529898
13995,2020-05-06 03:00:00,345.331329346,0.025691492266303295
13996,2020-05-06 04:00:00,345.332336426,0.21715673190673657
13997,2020-05-06 05:00:00,345.333312988,0.11840839546350324
13998,2020-05-06 06:00:00,345.331848145,0.9490312549739542
13999,2020-05-06 07:00:00,345.332794189,0.810681424726592
14000,2020-05-06 08:00:00,345.335235596,0.20774570442082407
14001,2020-05-06 09:00:00,345.337646484,0.9997619145063631
14002,2020-05-06 10:00:00,345.340209961,0.6547233583465943
14003,2020-05-06 11:00:00,345.343139648,0.5376984168068907
14004,2020-05-06 12:00:00,345.34552002,0.21628307154176396
14005,2020-05-06 13:00:00,345.346313477,0.2209912818436851
14006,2020-05-06 14:00:00,345.348205566,0.7953295282149939
14007,2020-05-06 15:00:00,345.348999023,0.9171454522793682
14008,2020-05-06 16:00:00,345.341918945,0.4302194462204463
14009,2020-05-06 17:00:00,345.331420898,0.4579713396120825
14010,2020-05-06 18:00:00,345.313903809,0.95006687686874
14011,2020-05-06 19:00:00,345.281616211,0.7431624738437012
14012,2020-05-06 20:00:00,345.263824463,0.6663038135038074
14013,2020-05-06 21:00:00,345.235473633,0.03452112114419259
14014,2020-05-06 22:00:00,345.206268311,0.7881174790827227
14015,2020-05-06 23:00:00,345.143768311,0.8035460334664061
14016,2020-05-07 00:00:00,345.102111816,0.4698561190850632
14017,2020-05-07 01:00:00,345.050231934,0.2134384339077363
14018,2020-05-07 02:00:00,345.001831055,0.7732937409457609
14019,2020-05-07 03:00:00,344.942810059,0.315804205105074
14020,2020-05-07 04:00:00,344.926971436,0.4127429415765087
14021,2020-05-07 05:00:00,344.916625977,0.014783384932399501
14022,2020-05-07 06:00:00,344.906036377,0.4720749429589446
14023,2020-05-07 07:00:00,344.898742676,0.6892125836739047
14024,2020-05-07 08:00:00,344.894592285,0.3475486346031783
14025,2020-05-07 09:00:00,344.891723633,0.5580332093470969
14026,2020-05-07 10:00:00,344.891601562,0.8708279766386278
14027,2020-05-07 11:00:00,344.893371582,0.45032051230442527
14028,2020-05-07 12:00:00,344.896514893,0.20054837519048863
14029,2020-05-07 13:00:00,344.899230957,0.4408008394916234
14030,2020-05-07 14:00:00,344.901123047,0.21969895782034066
14031,2020-05-07 15:00:00,344.893188477,0.9892220199869776
14032,2020-05-07 16:00:00,344.868164062,0.9435238773736657
14033,2020-05-07 17:00:00,344.810241699,0.9641178262981576
14034,2020-05-07 18:00:00,344.739379883,0.9841283468068106
14035,2020-05-07 19:00:00,344.662475586,0.5003071197785253
14036,2020-05-07 20:00:00,344.536468506,0.8483765515511301
14037,2020-05-07 21:00:00,344.40524292,0.3896422793967703
14038,2020-05-07 22:00:00,344.129119873,0.7806858797784229
14039,2020-05-07 23:00:00,343.679748535,0.7088980405764586
14040,2020-05-08 00:00:00,343.165985107,0.8346673479501652
14041,2020-05-08 01:00:00,342.657348633,0.6727893568182953
14042,2020-05-08 02:00:00,342.242980957,0.6509476633208152
14043,2020-05-08 03:00:00,341.916534424,0.5622887322121342
14044,2020-05-08 04:00:00,341.677581787,0.051092899581390294
14045,2020-05-08 05:00:00,341.488586426,0.9571666823313925
14046,2020-05-08 06:00:00,341.312683105,0.3699288555919308
14047,2020-05-08 07:00:00,341.191619873,0.3397705605922464
14048,2020-05-08 08:00:00,341.09954834,0.0015334958637442941
14049,2020-05-08 09:00:00,341.027282715,0.015742380277721235
14050,2020-05-08 10:00:00,340.97088623,0.7967847326308499
14051,2020-05-08 11:00:00,340.929473877,0.7974090293798303
14052,2020-05-08 12:00:00,340.899353027,0.9841754542038034
14053,2020-05-08 13:00:00,340.876708984,0.48425428599127374
14054,2020-05-08 14:00:00,340.862121582,0.9259235422578399
14055,2020-05-08 15:00:00,340.847991943,0.3053114554747439
14056,2020-05-08 16:00:00,340.831207275,0.11040702518495904
14057,2020-05-08 17:00:00,340.815093994,0.8795390366911825
14058,2020-05-08 18:00:00,340.79888916,0.5689123116702487
14059,2020-05-08 19:00:00,340.773132324,0.699254951241236
14060,2020-05-08 20:00:00,340.760009766,0.980622313040347
14061,2020-05-08 21:00:00,340.753265381,0.32478282303026595
14062,2020-05-08 22:00:00,340.729431152,0.4397780849593419
14063,2020-05-08 23:00:00,340.681427002,0.49143613056118773
14064,2020-05-09 00:00:00,340.631347656,0.0459879748818397
14065,2020-05-09 01:00:00,340.571014404,0.22150075583086903
14066,2020-05-09 02:00:00,340.52822876,0.9585330749237396
14067,2020-05-09 03:00:00,340.490539551,0.14406140123104372
14068,2020-05-09 04:00:00,340.483703613,0.6134425398303053
14069,2020-05-09 05:00:00,340.470458984,0.2109785893302203
14070,2020-05-09 06:00:00,340.453674316,0.9419475430216854
14071,2020-05-09 07:00:00,340.443847656,0.8519220262021157
14072,2020-05-09 08:00:00,340.440032959,0.21651523307227183
14073,2020-05-09 09:00:00,340.439880371,0.6732459284051039
14074,2020-05-09 10:00:00,340.440643311,0.9406528036009995
14075,2020-05-09 11:00:00,340.442352295,0.3178941210844157
14076,2020-05-09 12:00:00,340.444213867,0.14215244308012487
14077,2020-05-09 13:00:00,340.444702148,0.28744131309494325
14078,2020-05-09 14:00:00,340.444580078,0.028871956300571044
14079,2020-05-09 15:00:00,340.424072266,0.9643354003599469
14080,2020-05-09 16:00:00,340.376831055,0.2470444475225898
14081,2020-05-09 17:00:00,340.32824707,0.8398532156097668
14082,2020-05-09 18:00:00,340.263366699,0.18285526369437533
14083,2020-05-09 19:00:00,340.189849854,0.7606451649251909
14084,2020-05-09 20:00:00,339.921081543,0.8472365885882692
14085,2020-05-09 21:00:00,339.32800293,0.95884566303537
14086,2020-05-09 22:00:00,338.746368408,0.5786324265467602
14087,2020-05-09 23:00:00,338.149261475,0.9171313431339158
14088,2020-05-10 00:00:00,337.696166992,0.9228566666563432
14089,2020-05-10 01:00:00,337.290008545,0.626458186227189
14090,2020-05-10 02:00:00,336.992431641,0.5262820705439152
14091,2020-05-10 03:00:00,336.759490967,0.13949442095113085
14092,2020-05-10 04:00:00,336.565704346,0.5486964714020005
14093,2020-05-10 05:00:00,336.415802002,0.8183614839705621
14094,2020-05-10 06:00:00,336.299682617,0.050387695686147205
14095,2020-05-10 07:00:00,336.208221436,0.14097818894600345
14096,2020-05-10 08:00:00,336.138824463,0.7354434000230085
14097,2020-05-10 09:00:00,336.084777832,0.6170597865712433
14098,2020-05-10 10:00:00,336.041992188,0.5435721834064878
14099,2020-05-10 11:00:00,336.010162354,0.7018335976826411
14100,2020-05-10 12:00:00,335.985809326,0.09371813327761935
14101,2020-05-10 13:00:00,335.96673584,0.535478885384857
14102,2020-05-10 14:00:00,335.95513916,0.8874868192423929
14103,2020-05-10 15:00:00,335.940490723,0.8335966778321027
14104,2020-05-10 16:00:00,335.925964355,0.3105872660846638
14105,2020-05-10 17:00:00,335.883361816,0.9263636518412226
14106,2020-05-10 18:00:00,335.821685791,0.1981263792180079
14107,2020-05-10 19:00:00,335.671600342,0.8655600363132453
14108,2020-05-10 20:00:00,335.136230469,0.07720782393025682
14109,2020-05-10 21:00:00,334.633972168,0.9377638743870874
14110,2020-05-10 22:00:00,334.245819092,0.5771698433475119
14111,2020-05-10 23:00:00,333.910919189,0.7715184566056428
14112,2020-05-11 00:00:00,333.65222168,0.036996462146478115
14113,2020-05-11 01:00:00,333.445007324,0.9033396472149441
14114,2020-05-11 02:00:00,333.282806396,0.8114125654000406
14115,2020-05-11 03:00:00,333.149749756,0.38072681206419245
14116,2020-05-11 04:00:00,333.020294189,0.6265806359943362
14117,2020-05-11 05:00:00,332.917694092,0.5659024148043708
14118,2020-05-11 06:00:00,332.831787109,0.2780645020339846
14119,2020-05-11 07:00:00,332.761505127,0.8339048861457242
14120,2020-05-11 08:00:00,332.711303711,0.04678372689628907
14121,2020-05-11 09:00:00,332.675842285,0.4794925558660439
14122,2020-05-11 10:00:00,332.735565186,0.3142662094042248
14123,2020-05-11 11:00:00,332.798522949,0.2689289217675075
14124,2020-05-11 12:00:00,332.802734375,0.061413467980929504
14125,2020-05-11 13:00:00,333.258666992,0.6289705767014339
14126,2020-05-11 14:00:00,333.854553223,0.29340760286051615
14127,2020-05-11 15:00:00,334.509460449,0.8651568941202397
14128,2020-05-11 16:00:00,335.131958008,0.893823711008643
14129,2020-05-11 17:00:00,335.7684021,0.47363358831590674
14130,2020-05-11 18:00:00,336.24420166,0.1859354897423865
14131,2020-05-11 19:00:00,336.35748291,0.6500560191560046
14132,2020-05-11 20:00:00,336.430389404,0.6370918442348185
14133,2020-05-11 21:00:00,336.444854736,0.8468128185560578
14134,2020-05-11 22:00:00,336.34161377,0.19679968283913252
14135,2020-05-11 23:00:00,336.16583252,0.6189636952369401
14136,2020-05-12 00:00:00,335.948028564,0.8273571674103722
14137,2020-05-12 01:00:00,335.584564209,0.7518353719683495
14138,2020-05-12 02:00:00,335.169189453,0.0649156639999916
14139,2020-05-12 03:00:00,334.840606689,0.4052418167899272
14140,2020-05-12 04:00:00,334.562042236,0.22229390456917975
14141,2020-05-12 05:00:00,334.347106934,0.6819762308384869
14142,2020-05-12 06:00:00,334.216125488,0.7536277396542198
14143,2020-05-12 07:00:00,334.021240234,0.3118861177163408
14144,2020-05-12 08:00:00,333.851287842,0.8633146193763892
14145,2020-05-12 09:00:00,333.712127686,0.15402372585238588
14146,2020-05-12 10:00:00,333.599487305,0.648421901434344
14147,2020-05-12 11:00:00,333.509155273,0.49967776112642615
14148,2020-05-12 12:00:00,333.437744141,0.3097328643673557
14149,2020-05-12 13:00:00,333.383117676,0.19507549889714093
14150,2020-05-12 14:00:00,333.336853027,0.14289746697364658
14151,2020-05-12 15:00:00,333.205322266,0.38135875779235884
14152,2020-05-12 16:00:00,332.902526855,0.07926331602088521
14153,2020-05-12 17:00:00,332.319610596,0.02589250615824712
14154,2020-05-12 18:00:00,331.524902344,0.7870040476196921
14155,2020-05-12 19:00:00,330.355194092,0.1401008694800393
14156,2020-05-12 20:00:00,328.972717285,0.7586476325601705
14157,2020-05-12 21:00:00,327.47769165,0.6654158461242847
14158,2020-05-12 22:00:00,325.86895752,0.4186323517921857
14159,2020-05-12 23:00:00,324.300140381,0.5393640772534644
14160,2020-05-13 00:00:00,322.601989746,0.0037127856881564725
14161,2020-05-13 01:00:00,320.975494385,0.7681134954261009
14162,2020-05-13 02:00:00,319.462158203,0.38746948259434344
14163,2020-05-13 03:00:00,318.308349609,0.9816337962110513
14164,2020-05-13 04:00:00,317.32421875,0.31365037152164976
14165,2020-05-13 05:00:00,316.416412354,0.5688421223993081
14166,2020-05-13 06:00:00,315.632049561,0.7444405292945214
14167,2020-05-13 07:00:00,314.984100342,0.45017940302067083
14168,2020-05-13 08:00:00,314.452056885,0.9028303498073409
14169,2020-05-13 09:00:00,314.021942139,0.018437184086653624
14170,2020-05-13 10:00:00,313.691192627,0.08532818588940694
14171,2020-05-13 11:00:00,313.426086426,0.4864574752794737
14172,2020-05-13 12:00:00,313.211639404,0.25199398090793423
14173,2020-05-13 13:00:00,313.028381348,0.3751879576958628
14174,2020-05-13 14:00:00,312.871337891,0.16359265771525355
14175,2020-05-13 15:00:00,312.736755371,0.3814362261246783
14176,2020-05-13 16:00:00,312.612762451,0.9956826197390687
14177,2020-05-13 17:00:00,312.495819092,0.8952501375858567
14178,2020-05-13 18:00:00,312.159454346,0.19613079376681086
14179,2020-05-13 19:00:00,311.522460938,0.12040902369312634
14180,2020-05-13 20:00:00,310.61920166,0.7035186135400625
14181,2020-05-13 21:00:00,309.484649658,0.9745950400146477
14182,2020-05-13 22:00:00,308.309936523,0.40388572855292093
14183,2020-05-13 23:00:00,306.97052002,0.45004265643097185
14184,2020-05-14 00:00:00,305.535125732,0.44996805480079183
14185,2020-05-14 01:00:00,304.125610352,0.44182678166404477
14186,2020-05-14 02:00:00,303.132537842,0.13041709481805797
14187,2020-05-14 03:00:00,302.306182861,0.7094076781911401
14188,2020-05-14 04:00:00,301.63180542,0.9660220384796993
14189,2020-05-14 05:00:00,301.066040039,0.4365552026553394
14190,2020-05-14 06:00:00,300.601898193,0.237199096424083
14191,2020-05-14 07:00:00,300.219299316,0.754303569499566
14192,2020-05-14 08:00:00,299.902526855,0.5438975839953853
14193,2020-05-14 09:00:00,299.640899658,0.2291281105326991
14194,2020-05-14 10:00:00,299.428375244,0.7490815187132721
14195,2020-05-14 11:00:00,299.275238037,0.23992502082714628
14196,2020-05-14 12:00:00,299.158111572,0.33066256082753753
14197,2020-05-14 13:00:00,299.064819336,0.8056774138539224
14198,2020-05-14 14:00:00,298.98638916,0.40433198386047586
14199,2020-05-14 15:00:00,298.920288086,0.1749332915476779
14200,2020-05-14 16:00:00,298.860229492,0.6260351478907148
14201,2020-05-14 17:00:00,298.787078857,0.8312307878063465
14202,2020-05-14 18:00:00,298.727111816,0.6751004494030042
14203,2020-05-14 19:00:00,298.619934082,0.33356318122444784
14204,2020-05-14 20:00:00,298.545532227,0.7963527204886338
14205,2020-05-14 21:00:00,298.480316162,0.929244331159709
14206,2020-05-14 22:00:00,298.381591797,0.44950167224140036
14207,2020-05-14 23:00:00,298.315185547,0.7349582766473088
14208,2020-05-15 00:00:00,298.259552002,0.8716487717176448
14209,2020-05-15 01:00:00,298.214904785,0.6099166136022108
14210,2020-05-15 02:00:00,298.178985596,0.6308520594255059
14211,2020-05-15 03:00:00,298.133880615,0.6898602179180744
14212,2020-05-15 04:00:00,298.093658447,0.5051015276481877
14213,2020-05-15 05:00:00,298.064575195,0.6134873323990442
14214,2020-05-15 06:00:00,298.045410156,0.06727564152287535
14215,2020-05-15 07:00:00,298.035552979,0.8880799127631329
14216,2020-05-15 08:00:00,298.022338867,0.4085288513020344
14217,2020-05-15 09:00:00,298.02633667,0.26468340610149665
14218,2020-05-15 10:00:00,298.032775879,0.7764187645486058
14219,2020-05-15 11:00:00,298.040130615,0.40744008439938695
14220,2020-05-15 12:00:00,298.050079346,0.7203674836422476
14221,2020-05-15 13:00:00,298.056610107,0.06698675226385942
14222,2020-05-15 14:00:00,298.062561035,0.9388721365865552
14223,2020-05-15 15:00:00,298.056335449,0.7499841750730932
14224,2020-05-15 16:00:00,298.048156738,0.24332045681226888
14225,2020-05-15 17:00:00,298.025634766,0.1584035651964426
14226,2020-05-15 18:00:00,297.99597168,0.6890356504288149
14227,2020-05-15 19:00:00,297.967010498,0.8183424015300311
14228,2020-05-15 20:00:00,297.750854492,0.17837818871395994
14229,2020-05-15 21:00:00,297.476104736,0.014196075489951387
14230,2020-05-15 22:00:00,297.188842773,0.9335039268058429
14231,2020-05-15 23:00:00,296.799835205,0.7367282675485518
14232,2020-05-16 00:00:00,296.506744385,0.6287028027667974
14233,2020-05-16 01:00:00,296.271118164,0.716948752903707
14234,2020-05-16 02:00:00,296.086273193,0.19890015738892242
14235,2020-05-16 03:00:00,295.939117432,0.39759636268781406
14236,2020-05-16 04:00:00,295.823150635,0.1508955250870363
14237,2020-05-16 05:00:00,295.709136963,0.44755490009292953
14238,2020-05-16 06:00:00,295.636230469,0.8727345802534943
14239,2020-05-16 07:00:00,295.581512451,0.5474953105443155
14240,2020-05-16 08:00:00,295.541107178,0.6914543576812652
14241,2020-05-16 09:00:00,295.515869141,0.3296300501652091
14242,2020-05-16 10:00:00,295.501831055,0.9940238419052488
14243,2020-05-16 11:00:00,295.497283936,0.5322679022876187
14244,2020-05-16 12:00:00,295.49597168,0.23436409381447587
14245,2020-05-16 13:00:00,295.495758057,0.6311304138344926
14246,2020-05-16 14:00:00,295.497253418,0.4059006882202568
14247,2020-05-16 15:00:00,295.492736816,0.5527106659278316
14248,2020-05-16 16:00:00,295.472412109,0.12987016085610792
14249,2020-05-16 17:00:00,295.447723389,0.39418375843079945
14250,2020-05-16 18:00:00,295.419067383,0.243297486917203
14251,2020-05-16 19:00:00,295.389099121,0.9301254394923133
14252,2020-05-16 20:00:00,295.282196045,0.9923132808040197
14253,2020-05-16 21:00:00,295.166412354,0.15084858619429087
14254,2020-05-16 22:00:00,295.022033691,0.86840612363408
14255,2020-05-16 23:00:00,294.89743042,0.019285667188514766
14256,2020-05-17 00:00:00,294.805877686,0.115660257578023
14257,2020-05-17 01:00:00,294.734710693,0.3713804729882023
14258,2020-05-17 02:00:00,294.684906006,0.1693040191789551
14259,2020-05-17 03:00:00,294.650665283,0.6515499875746407
14260,2020-05-17 04:00:00,294.624755859,0.24299058368291293
14261,2020-05-17 05:00:00,294.608001709,0.692579179125548
14262,2020-05-17 06:00:00,294.598419189,0.09458389481767004
14263,2020-05-17 07:00:00,294.587921143,0.1571286931015139
14264,2020-05-17 08:00:00,294.573242188,0.9558860305886672
14265,2020-05-17 09:00:00,294.56942749,0.17283712074766622
14266,2020-05-17 10:00:00,294.56552124,0.10048011966971138
14267,2020-05-17 11:00:00,294.570861816,0.6641005048759687
14268,2020-05-17 12:00:00,294.578369141,0.8490339722214234
14269,2020-05-17 13:00:00,294.58190918,0.4989194772849811
14270,2020-05-17 14:00:00,294.584197998,0.9060055763264571
14271,2020-05-17 15:00:00,294.569396973,0.7617997009671232
14272,2020-05-17 16:00:00,294.541778564,0.9277092058332387
14273,2020-05-17 17:00:00,294.493621826,0.19256873463298396
14274,2020-05-17 18:00:00,294.330993652,0.9934799254552019
14275,2020-05-17 19:00:00,293.858795166,0.9811746072547708
14276,2020-05-17 20:00:00,293.147613525,0.8674507038229292
14277,2020-05-17 21:00:00,292.259918213,0.24935723733102022
14278,2020-05-17 22:00:00,291.418548584,0.3643099624526934
14279,2020-05-17 23:00:00,290.337402344,0.006572258434247469
14280,2020-05-18 00:00:00,289.387268066,0.7594754258665255
14281,2020-05-18 01:00:00,288.542175293,0.340743309619432
14282,2020-05-18 02:00:00,287.863342285,0.46044915159054445
14283,2020-05-18 03:00:00,287.295898438,0.51312292270519
14284,2020-05-18 04:00:00,286.605773926,0.23896658891273137
14285,2020-05-18 05:00:00,285.784851074,0.7863843370262077
14286,2020-05-18 06:00:00,284.978057861,0.9566701261902864
14287,2020-05-18 07:00:00,284.200714111,0.9408302359007702
14288,2020-05-18 08:00:00,283.541320801,0.8547458254748475
14289,2020-05-18 09:00:00,283.017181396,0.3628278625624447
14290,2020-05-18 10:00:00,282.572418213,0.7973655620597484
14291,2020-05-18 11:00:00,282.218780518,0.7211464733873061
14292,2020-05-18 12:00:00,281.874206543,0.9797832346656987
14293,2020-05-18 13:00:00,281.545440674,0.111174230323142
14294,2020-05-18 14:00:00,281.077758789,0.461193699012422
14295,2020-05-18 15:00:00,280.474700928,0.9250630591312532
14296,2020-05-18 16:00:00,279.685058594,0.5579199283528057
14297,2020-05-18 17:00:00,278.477416992,0.3288267073305361
14298,2020-05-18 18:00:00,276.989959717,0.9742320338587753
14299,2020-05-18 19:00:00,275.393066406,0.057783243720896715
14300,2020-05-18 20:00:00,273.733520508,0.2621971152779431
14301,2020-05-18 21:00:00,271.572418213,0.5466379628043426
14302,2020-05-18 22:00:00,269.061889648,0.4839486170396128
14303,2020-05-18 23:00:00,266.460540771,0.6139852574985535
14304,2020-05-19 00:00:00,263.753692627,0.309925211851958
14305,2020-05-19 01:00:00,260.743804932,0.41954725185479846
14306,2020-05-19 02:00:00,257.639312744,0.4305534843089073
14307,2020-05-19 03:00:00,254.605895996,0.9536311201256842
14308,2020-05-19 04:00:00,251.88722229,0.45789665703235216
14309,2020-05-19 05:00:00,249.349517822,0.8670011246969734
14310,2020-05-19 06:00:00,247.068557739,0.7110078197320713
14311,2020-05-19 07:00:00,245.012817383,0.8261659243902792
14312,2020-05-19 08:00:00,243.203826904,0.5163767123855996
14313,2020-05-19 09:00:00,241.576889038,0.139130294294331
14314,2020-05-19 10:00:00,240.134857178,0.5613347746519545
14315,2020-05-19 11:00:00,238.787033081,0.3699366949926237
14316,2020-05-19 12:00:00,237.583877563,0.8739394070959104
14317,2020-05-19 13:00:00,236.378814697,0.3386413054939936
14318,2020-05-19 14:00:00,234.941757202,0.24327304954926643
14319,2020-05-19 15:00:00,233.204116821,0.6158137343727891
14320,2020-05-19 16:00:00,230.988571167,0.9885508225949704
14321,2020-05-19 17:00:00,228.283874512,0.5715171011813643
14322,2020-05-19 18:00:00,225.165725708,0.31125721005658624
14323,2020-05-19 19:00:00,221.468521118,0.5805232120238208
14324,2020-05-19 20:00:00,217.099227905,0.531939812462438
14325,2020-05-19 21:00:00,212.182891846,0.15915857187665938
14326,2020-05-19 22:00:00,207.35256958,0.038896681670636535
14327,2020-05-19 23:00:00,202.352264404,0.5008607854460329
14328,2020-05-20 00:00:00,197.514602661,0.13948934706120175
14329,2020-05-20 01:00:00,192.779510498,0.8079195544724609
14330,2020-05-20 02:00:00,188.443328857,0.7772334410920422
14331,2020-05-20 03:00:00,184.802215576,0.5302244102897625
14332,2020-05-20 04:00:00,181.731002808,0.07427702699184546
14333,2020-05-20 05:00:00,179.06539917,0.4179413772930588
14334,2020-05-20 06:00:00,176.723815918,0.6506402125599205
14335,2020-05-20 07:00:00,174.631820679,0.6494826020397632
14336,2020-05-20 08:00:00,172.881851196,0.5686074387592294
14337,2020-05-20 09:00:00,171.429977417,0.7457069985663692
14338,2020-05-20 10:00:00,170.220458984,0.4640054852464094
14339,2020-05-20 11:00:00,169.210998535,0.18541648037791691
14340,2020-05-20 12:00:00,168.368881226,0.6954724829023692
14341,2020-05-20 13:00:00,167.649520874,0.06900700823607908
14342,2020-05-20 14:00:00,167.168304443,0.991001884362533
14343,2020-05-20 15:00:00,166.724731445,0.33622500871513206
14344,2020-05-20 16:00:00,166.090789795,0.24401422650022275
14345,2020-05-20 17:00:00,165.361846924,0.5164129271636256
14346,2020-05-20 18:00:00,164.519012451,0.5780560605380948
14347,2020-05-20 19:00:00,163.439224243,0.7959503737966707
14348,2020-05-20 20:00:00,162.276535034,0.014454354537628444
14349,2020-05-20 21:00:00,161.120178223,0.8414922176621723
14350,2020-05-20 22:00:00,160.048202515,0.9257541967624522
14351,2020-05-20 23:00:00,159.161346436,0.2696295618088097
14352,2020-05-21 00:00:00,158.456741333,0.6571374897621285
14353,2020-05-21 01:00:00,157.871124268,0.3957537008587507
14354,2020-05-21 02:00:00,157.386627197,0.8366809546214123
14355,2020-05-21 03:00:00,156.98324585,0.2806958508404245
14356,2020-05-21 04:00:00,156.647598267,0.8970312436115829
14357,2020-05-21 05:00:00,156.370346069,0.3134174954086488
14358,2020-05-21 06:00:00,156.135101318,0.667768870541776
14359,2020-05-21 07:00:00,155.936813354,0.753786825994959
14360,2020-05-21 08:00:00,155.769348145,0.4692463592540862
14361,2020-05-21 09:00:00,155.624862671,0.05143676546374054
14362,2020-05-21 10:00:00,155.500335693,0.411649413288804
14363,2020-05-21 11:00:00,155.394897461,0.937007754312406
14364,2020-05-21 12:00:00,155.307739258,0.2881473191573183
14365,2020-05-21 13:00:00,155.227874756,0.9854550877717375
14366,2020-05-21 14:00:00,155.156723022,0.8361520760698822
14367,2020-05-21 15:00:00,155.087799072,0.5447800588222658
14368,2020-05-21 16:00:00,155.011962891,0.4706712710943065
14369,2020-05-21 17:00:00,154.891159058,0.26938869659294085
14370,2020-05-21 18:00:00,154.70753479,0.5542399404708317
14371,2020-05-21 19:00:00,154.497512817,0.6764903325510359
14372,2020-05-21 20:00:00,154.337432861,0.6714965459512106
14373,2020-05-21 21:00:00,154.171112061,0.5350251744027552
14374,2020-05-21 22:00:00,154.151397705,0.516548809605629
14375,2020-05-21 23:00:00,154.123046875,0.1316846627538133
14376,2020-05-22 00:00:00,154.084060669,0.9171601433309572
14377,2020-05-22 01:00:00,154.029815674,0.36718689138199756
14378,2020-05-22 02:00:00,153.992248535,0.06549913522922368
14379,2020-05-22 03:00:00,153.961532593,0.72162628501231
14380,2020-05-22 04:00:00,153.94329834,0.6082207663163383
14381,2020-05-22 05:00:00,153.93031311,0.5239575221149179
14382,2020-05-22 06:00:00,153.921112061,0.28409664108923005
14383,2020-05-22 07:00:00,153.910324097,0.4042740429401054
14384,2020-05-22 08:00:00,153.90032959,0.8751922712550593
14385,2020-05-22 09:00:00,153.890045166,0.08206662636499451
14386,2020-05-22 10:00:00,153.880386353,0.6451952553336324
14387,2020-05-22 11:00:00,153.868682861,0.6307930752433347
14388,2020-05-22 12:00:00,153.856262207,0.9841691375468958
14389,2020-05-22 13:00:00,153.843338013,0.9329241448097239
14390,2020-05-22 14:00:00,153.831115723,0.4029719417058515
14391,2020-05-22 15:00:00,153.813262939,0.9178836892436859
14392,2020-05-22 16:00:00,153.776168823,0.1583543306586972
14393,2020-05-22 17:00:00,153.730697632,0.7532188201111374
14394,2020-05-22 18:00:00,153.676467896,0.5241791260974423
14395,2020-05-22 19:00:00,153.599807739,0.948795491654839
14396,2020-05-22 20:00:00,153.5209198,0.9465125777039635
14397,2020-05-22 21:00:00,153.384460449,0.8913637505953909
14398,2020-05-22 22:00:00,152.817779541,0.9426577489551956
14399,2020-05-22 23:00:00,152.135757446,0.8551074199488444
14400,2020-05-23 00:00:00,151.30015564,0.895587916008633
14401,2020-05-23 01:00:00,150.395019531,0.01989783359053021
14402,2020-05-23 02:00:00,149.326217651,0.6230761089794234
14403,2020-05-23 03:00:00,148.396392822,0.46064378484952007
14404,2020-05-23 04:00:00,147.501037598,0.8080385051684458
14405,2020-05-23 05:00:00,146.649810791,0.352037244243547
14406,2020-05-23 06:00:00,145.880844116,0.38064463132531
14407,2020-05-23 07:00:00,145.222976685,0.7392471269583492
14408,2020-05-23 08:00:00,144.682357788,0.14665759685364488
14409,2020-05-23 09:00:00,144.236755371,0.5254046983821403
14410,2020-05-23 10:00:00,143.863037109,0.8719077592077177
14411,2020-05-23 11:00:00,143.560562134,0.05196741903088553
14412,2020-05-23 12:00:00,143.307617188,0.2035760481356539
14413,2020-05-23 13:00:00,143.08782959,0.2491181471601055
14414,2020-05-23 14:00:00,142.890945435,0.4852597538508796
14415,2020-05-23 15:00:00,142.727310181,0.7188587513965431
14416,2020-05-23 16:00:00,142.504928589,0.9080705223747165
14417,2020-05-23 17:00:00,142.100204468,0.1494251322216008
14418,2020-05-23 18:00:00,141.421600342,0.7002339903005125
14419,2020-05-23 19:00:00,140.597503662,0.521093738972942
14420,2020-05-23 20:00:00,139.254776001,0.4889912329075584
14421,2020-05-23 21:00:00,137.962020874,0.7845110800317676
14422,2020-05-23 22:00:00,136.858291626,0.5292979583756261
14423,2020-05-23 23:00:00,135.630157471,0.776175332328023
14424,2020-05-24 00:00:00,134.464782715,0.8905752476326014
14425,2020-05-24 01:00:00,133.237091064,0.27855660659733816
14426,2020-05-24 02:00:00,132.00642395,0.5523458802798826
14427,2020-05-24 03:00:00,130.950515747,0.9690633298161788
14428,2020-05-24 04:00:00,130.0677948,0.987095639514781
14429,2020-05-24 05:00:00,129.340667725,0.6276249031532776
14430,2020-05-24 06:00:00,128.768920898,0.9307112923409101
14431,2020-05-24 07:00:00,128.305358887,0.38291851722567594
14432,2020-05-24 08:00:00,127.923400879,0.45565305751095553
14433,2020-05-24 09:00:00,127.594512939,0.8814250142536859
14434,2020-05-24 10:00:00,127.319709778,0.7446784053742204
14435,2020-05-24 11:00:00,127.09564209,0.8119669277220076
14436,2020-05-24 12:00:00,126.911773682,0.5430820392004313
14437,2020-05-24 13:00:00,126.74597168,0.5233633104243719
14438,2020-05-24 14:00:00,126.594390869,0.9352620417032891
14439,2020-05-24 15:00:00,126.453804016,0.7871484172051102
14440,2020-05-24 16:00:00,126.277885437,0.3188602348829054
14441,2020-05-24 17:00:00,125.991691589,0.0015374000342845973
14442,2020-05-24 18:00:00,125.691757202,0.982273781352176
14443,2020-05-24 19:00:00,125.424987793,0.28586395047972635
14444,2020-05-24 20:00:00,125.205963135,0.5765304232654389
14445,2020-05-24 21:00:00,125.037498474,0.9976519200186543
14446,2020-05-24 22:00:00,124.850387573,0.9881893628134826
14447,2020-05-24 23:00:00,124.728904724,0.7574073096286732
14448,2020-05-25 00:00:00,124.593360901,0.8220045586398758
14449,2020-05-25 01:00:00,124.492141724,0.42361356104875103
14450,2020-05-25 02:00:00,124.410636902,0.20687376514737
14451,2020-05-25 03:00:00,124.366470337,0.30452410281648623
14452,2020-05-25 04:00:00,124.311882019,0.9846145824348159
14453,2020-05-25 05:00:00,124.269577026,0.6864359278792875
14454,2020-05-25 06:00:00,124.252105713,0.6780919680801275
14455,2020-05-25 07:00:00,124.242736816,0.07433900412475225
14456,2020-05-25 08:00:00,124.237510681,0.5242141858354822
14457,2020-05-25 09:00:00,124.233879089,0.6906192448116667
14458,2020-05-25 10:00:00,124.238357544,0.5056449493492945
14459,2020-05-25 11:00:00,124.232513428,0.2891979760398564
14460,2020-05-25 12:00:00,124.230583191,0.030071411880264964
14461,2020-05-25 13:00:00,124.232772827,0.6553160985250782
14462,2020-05-25 14:00:00,124.234375,0.1982506135191615
14463,2020-05-25 15:00:00,124.225265503,0.15103066036893675
14464,2020-05-25 16:00:00,124.200302124,0.20226682406945773
14465,2020-05-25 17:00:00,124.169815063,0.8541853914103661
14466,2020-05-25 18:00:00,124.131546021,0.8784882845818497
14467,2020-05-25 19:00:00,124.105056763,0.1488156412884456
14468,2020-05-25 20:00:00,124.092178345,0.5247807335749066
14469,2020-05-25 21:00:00,124.074790955,0.5268111026163004
14470,2020-05-25 22:00:00,124.032104492,0.8899626998548187
14471,2020-05-25 23:00:00,123.967178345,0.46222983804937434
14472,2020-05-26 00:00:00,123.907035828,0.1574462760152281
14473,2020-05-26 01:00:00,123.879653931,0.9994371885202747
14474,2020-05-26 02:00:00,123.866065979,0.22885938626532687
14475,2020-05-26 03:00:00,123.856452942,0.8348622449064482
14476,2020-05-26 04:00:00,123.848327637,0.6269022976035871
14477,2020-05-26 05:00:00,123.829559326,0.902758468473036
14478,2020-05-26 06:00:00,123.819015503,0.7561858324369191
14479,2020-05-26 07:00:00,123.818862915,0.4629905878870424
14480,2020-05-26 08:00:00,123.822891235,0.7262975623095789
14481,2020-05-26 09:00:00,123.825210571,0.45692857464892045
14482,2020-05-26 10:00:00,123.802185059,0.28887508270143736
14483,2020-05-26 11:00:00,123.76234436,0.7155733217898946
14484,2020-05-26 12:00:00,123.740142822,0.9378411648187819
14485,2020-05-26 13:00:00,123.72416687,0.10212490708656718
14486,2020-05-26 14:00:00,123.708267212,0.23476092221116918
14487,2020-05-26 15:00:00,123.686752319,0.29494354611115436
14488,2020-05-26 16:00:00,123.66053772,0.6164700588138791
14489,2020-05-26 17:00:00,123.621902466,0.31419151276168067
14490,2020-05-26 18:00:00,123.576667786,0.8347305563776025
14491,2020-05-26 19:00:00,123.531455994,0.8445611873492748
14492,2020-05-26 20:00:00,123.517921448,0.9399535748765765
14493,2020-05-26 21:00:00,123.491287231,0.18396491929040726
14494,2020-05-26 22:00:00,123.45275116,0.6751567266912828
14495,2020-05-26 23:00:00,123.419998169,0.38892738851480824
14496,2020-05-27 00:00:00,123.397964478,0.45775172136482956
14497,2020-05-27 01:00:00,123.286079407,0.7024107897913657
14498,2020-05-27 02:00:00,123.121063232,0.9734359819571695
14499,2020-05-27 03:00:00,123.008850098,0.8863657190433385
14500,2020-05-27 04:00:00,122.923568726,0.950486737459509
14501,2020-05-27 05:00:00,122.860343933,0.5408353995876934
14502,2020-05-27 06:00:00,122.813316345,0.9005027764849819
14503,2020-05-27 07:00:00,122.781356812,0.11719082860372754
14504,2020-05-27 08:00:00,122.760414124,0.2286266113143436
14505,2020-05-27 09:00:00,122.749015808,0.29081889577749054
14506,2020-05-27 10:00:00,122.743759155,0.9336473259521657
14507,2020-05-27 11:00:00,122.74646759,0.1828954108394082
14508,2020-05-27 12:00:00,122.752166748,0.709791581531362
14509,2020-05-27 13:00:00,122.75668335,0.019259029707124897
14510,2020-05-27 14:00:00,122.759918213,0.881022750814446
14511,2020-05-27 15:00:00,122.752044678,0.8217073142994985
14512,2020-05-27 16:00:00,122.71673584,0.5275579450949255
14513,2020-05-27 17:00:00,122.596191406,0.671848238037334
14514,2020-05-27 18:00:00,122.322410583,0.29929404534161774
14515,2020-05-27 19:00:00,121.970397949,0.08746560763401023
14516,2020-05-27 20:00:00,121.344078064,0.672670670239882
14517,2020-05-27 21:00:00,120.804504395,0.038207406192224624
14518,2020-05-27 22:00:00,119.973831177,0.6752222206746444
14519,2020-05-27 23:00:00,118.838897705,0.29243338183471146
14520,2020-05-28 00:00:00,117.694335938,0.012206899832182927
14521,2020-05-28 01:00:00,116.763549805,0.7772686254776378
14522,2020-05-28 02:00:00,115.965240479,0.46922493447402225
14523,2020-05-28 03:00:00,115.326461792,0.5533166635244839
14524,2020-05-28 04:00:00,114.806015015,0.974930129491176
14525,2020-05-28 05:00:00,114.37978363,0.7990912707695802
14526,2020-05-28 06:00:00,114.027046204,0.47843323715422603
14527,2020-05-28 07:00:00,113.746902466,0.7837258391749042
14528,2020-05-28 08:00:00,113.517601013,0.6026437660390471
14529,2020-05-28 09:00:00,113.318443298,0.8639742198196051
14530,2020-05-28 10:00:00,113.077140808,0.6214963954923332
14531,2020-05-28 11:00:00,112.908294678,0.4096901710028772
14532,2020-05-28 12:00:00,112.776344299,0.5459546194085684
14533,2020-05-28 13:00:00,112.663574219,0.35315985927463456
14534,2020-05-28 14:00:00,112.569122314,0.24070326231782868
14535,2020-05-28 15:00:00,112.409706116,0.7021690629826538
14536,2020-05-28 16:00:00,112.13507843,0.3044232877017453
14537,2020-05-28 17:00:00,111.742500305,0.980771462732543
14538,2020-05-28 18:00:00,111.25125885,0.41790017650356537
14539,2020-05-28 19:00:00,110.878593445,0.2526097023343844
14540,2020-05-28 20:00:00,110.545654297,0.848502280940496
14541,2020-05-28 21:00:00,110.066513062,0.5365593860906952
14542,2020-05-28 22:00:00,109.718635559,0.15749187730091563
14543,2020-05-28 23:00:00,108.959594727,0.9300061167278612
14544,2020-05-29 00:00:00,108.418647766,0.8921936550988697
14545,2020-05-29 01:00:00,107.810165405,0.9266687653588334
14546,2020-05-29 02:00:00,107.319351196,0.3734345700356537
14547,2020-05-29 03:00:00,106.926086426,0.11263965276668242
14548,2020-05-29 04:00:00,106.61517334,0.4911534424338464
14549,2020-05-29 05:00:00,106.365745544,0.31274615109190806
14550,2020-05-29 06:00:00,106.171142578,0.12412401659203975
14551,2020-05-29 07:00:00,106.018409729,0.2908961113408166
14552,2020-05-29 08:00:00,105.904647827,0.35391562275432165
14553,2020-05-29 09:00:00,105.820053101,0.5096125472501323
14554,2020-05-29 10:00:00,105.758682251,0.8533359757230804
14555,2020-05-29 11:00:00,105.703193665,0.3531183795171895
14556,2020-05-29 12:00:00,105.668983459,0.1994671178697488
14557,2020-05-29 13:00:00,105.640769958,0.4158231054966547
14558,2020-05-29 14:00:00,105.590255737,0.036453528951399194
14559,2020-05-29 15:00:00,105.441566467,0.5448674010697027
14560,2020-05-29 16:00:00,105.140625,0.43355369722192616
14561,2020-05-29 17:00:00,104.689331055,0.7479676485844415
14562,2020-05-29 18:00:00,104.320518494,0.9516491741565672
14563,2020-05-29 19:00:00,103.936203003,0.026213605287824793
14564,2020-05-29 20:00:00,102.894210815,0.22657423096976081
14565,2020-05-29 21:00:00,101.986602783,0.42729712492876104
14566,2020-05-29 22:00:00,101.31401825,0.7505676224547635
14567,2020-05-29 23:00:00,100.4272995,0.07116869680456672
14568,2020-05-30 00:00:00,99.645423889,0.03675560549218382
14569,2020-05-30 01:00:00,98.87902832,0.7798200592332244
14570,2020-05-30 02:00:00,98.255485535,0.2645872361830496
14571,2020-05-30 03:00:00,97.749740601,0.6844992613945913
14572,2020-05-30 04:00:00,97.334014893,0.3565732494180688
14573,2020-05-30 05:00:00,96.991859436,0.6445958052807316
14574,2020-05-30 06:00:00,96.7135849,0.28359831472744956
14575,2020-05-30 07:00:00,96.494369507,0.6363841560448983
14576,2020-05-30 08:00:00,96.321594238,0.2852624495228272
14577,2020-05-30 09:00:00,96.18473053,0.20972127173371458
14578,2020-05-30 10:00:00,95.925811768,0.6114641128874075
14579,2020-05-30 11:00:00,95.65335083,0.19146097651020577
14580,2020-05-30 12:00:00,95.432006836,0.2333343934746699
14581,2020-05-30 13:00:00,95.234329224,0.5028394170403899
14582,2020-05-30 14:00:00,95.035728455,0.368295567837131
14583,2020-05-30 15:00:00,94.779830933,0.5600198057955367
14584,2020-05-30 16:00:00,94.442314148,0.0364602462332434
14585,2020-05-30 17:00:00,93.968269348,0.8120191105170119
14586,2020-05-30 18:00:00,93.379653931,0.21799460379870994
14587,2020-05-30 19:00:00,92.900810242,0.013290575794024151
14588,2020-05-30 20:00:00,92.57698822,0.493846992140218
14589,2020-05-30 21:00:00,92.296363831,0.9897592119054214
14590,2020-05-30 22:00:00,91.961090088,0.6235296419030499
14591,2020-05-30 23:00:00,91.495323181,0.7041538704200686
14592,2020-05-31 00:00:00,91.169128418,0.4504936544481596
14593,2020-05-31 01:00:00,90.702598572,0.39125621297764424
14594,2020-05-31 02:00:00,89.880897522,0.7179117870230428
14595,2020-05-31 03:00:00,88.935913086,0.24366176044915533
14596,2020-05-31 04:00:00,88.175643921,0.15668647840273153
14597,2020-05-31 05:00:00,87.552780151,0.6148875694630561
14598,2020-05-31 06:00:00,87.055084229,0.3622913627800961
14599,2020-05-31 07:00:00,86.658912659,0.6439297455715763
14600,2020-05-31 08:00:00,86.381278992,0.0013970476763452977
14601,2020-05-31 09:00:00,86.039749146,0.8988561773238969
14602,2020-05-31 10:00:00,85.792984009,0.11563568543892688
14603,2020-05-31 11:00:00,85.48223114,0.27294646748015283
14604,2020-05-31 12:00:00,85.104942322,0.9123320000505436
14605,2020-05-31 13:00:00,84.44732666,0.931057508183339
14606,2020-05-31 14:00:00,83.599319458,0.69139236849043
14607,2020-05-31 15:00:00,82.685050964,0.9555826778878176
14608,2020-05-31 16:00:00,81.77028656,0.4340934727166621
14609,2020-05-31 17:00:00,80.842651367,0.6743831327847755
14610,2020-05-31 18:00:00,79.794944763,0.2592732350415806
14611,2020-05-31 19:00:00,79.072212219,0.3524428915184179
14612,2020-05-31 20:00:00,78.455207825,0.6846072870824175
14613,2020-05-31 21:00:00,77.88155365,0.5232158511808221
14614,2020-05-31 22:00:00,77.255615234,0.6873500905832082
14615,2020-05-31 23:00:00,76.763130188,0.4562247451775008
14616,2020-06-01 00:00:00,76.242668152,0.6495091683219403
14617,2020-06-01 01:00:00,75.644416809,0.06507216724824971
14618,2020-06-01 02:00:00,75.164733887,0.3045831732282007
14619,2020-06-01 03:00:00,74.489898682,0.08545382076897712
14620,2020-06-01 04:00:00,73.905944824,0.017868155528860896
14621,2020-06-01 05:00:00,73.411941528,0.6149938783584549
14622,2020-06-01 06:00:00,72.631004333,0.1567086489544799
14623,2020-06-01 07:00:00,71.839286804,0.08962107754304971
14624,2020-06-01 08:00:00,70.960716248,0.3700769914319805
14625,2020-06-01 09:00:00,69.980232239,0.6963293466525767
14626,2020-06-01 10:00:00,68.976242065,0.7649259454699252
14627,2020-06-01 11:00:00,68.173851013,0.386994060526482
14628,2020-06-01 12:00:00,67.483650208,0.9513366430794422
14629,2020-06-01 13:00:00,66.904121399,0.1754175083326771
14630,2020-06-01 14:00:00,66.370201111,0.06911470930123442
14631,2020-06-01 15:00:00,65.829795837,0.4347081606209481
14632,2020-06-01 16:00:00,65.266448975,0.5159688678789863
14633,2020-06-01 17:00:00,64.686447144,0.3046546090071779
14634,2020-06-01 18:00:00,64.072982788,0.7862377224567653
14635,2020-06-01 19:00:00,63.414161682,0.3076957361483724
14636,2020-06-01 20:00:00,62.493976593,0.24362577990463796
14637,2020-06-01 21:00:00,61.74042511,0.12437323171448722
14638,2020-06-01 22:00:00,61.124961853,0.6965412819163995
14639,2020-06-01 23:00:00,60.266216278,0.9935834941519922
14640,2020-06-02 00:00:00,59.589435577,0.24155807909526394
14641,2020-06-02 01:00:00,59.023551941,0.4241309439087867
14642,2020-06-02 02:00:00,58.561466217,0.552881085705388
14643,2020-06-02 03:00:00,58.18787384,0.989900733727144
14644,2020-06-02 04:00:00,57.882965088,0.38297691713873294
14645,2020-06-02 05:00:00,57.637519836,0.3206074954067083
14646,2020-06-02 06:00:00,57.44209671,0.4880301487950883
14647,2020-06-02 07:00:00,57.285930634,0.19995312132733567
14648,2020-06-02 08:00:00,57.158138275,0.18253856252672296
14649,2020-06-02 09:00:00,57.064407349,0.5409420514443352
14650,2020-06-02 10:00:00,56.996959686,0.549734171956426
14651,2020-06-02 11:00:00,56.941085815,0.029499236917829297
14652,2020-06-02 12:00:00,56.894622803,0.1623180325957203
14653,2020-06-02 13:00:00,56.860206604,0.4114821719882481
14654,2020-06-02 14:00:00,56.849185944,0.1400654672302658
14655,2020-06-02 15:00:00,56.856643677,0.725726645079782
14656,2020-06-02 16:00:00,56.859992981,0.9160615908005012
14657,2020-06-02 17:00:00,56.740478516,0.6771989305093663
14658,2020-06-02 18:00:00,56.494728088,0.6969840044021128
14659,2020-06-02 19:00:00,56.19475174,0.6703811014985439
14660,2020-06-02 20:00:00,55.916690826,0.9776676276781502
14661,2020-06-02 21:00:00,55.608398438,0.6861020791209599
14662,2020-06-02 22:00:00,55.289131165,0.37837062913036024
14663,2020-06-02 23:00:00,54.982955933,0.30815844252266844
14664,2020-06-03 00:00:00,54.713504791,0.03169114757643621
14665,2020-06-03 01:00:00,54.495372772,0.27999583535978656
14666,2020-06-03 02:00:00,54.32585144,0.6684685248384955
14667,2020-06-03 03:00:00,54.194301605,0.07721413665209897
14668,2020-06-03 04:00:00,54.089492798,0.4694473676052803
14669,2020-06-03 05:00:00,54.006278992,0.7158844815382926
14670,2020-06-03 06:00:00,53.942653656,0.8703391930612726
14671,2020-06-03 07:00:00,53.895385742,0.09485321476914765
14672,2020-06-03 08:00:00,53.860866547,0.3327839873595567
14673,2020-06-03 09:00:00,53.839111328,0.895682227154138
14674,2020-06-03 10:00:00,53.826194763,0.31553131309224136
14675,2020-06-03 11:00:00,53.821205139,0.1705735349041766
14676,2020-06-03 12:00:00,53.822406769,0.3431536297539166
14677,2020-06-03 13:00:00,53.826694489,0.9305665208402252
14678,2020-06-03 14:00:00,53.830024719,0.537446091355812
14679,2020-06-03 15:00:00,53.835494995,0.5232052839375531
14680,2020-06-03 16:00:00,53.843101501,0.5765817629706934
14681,2020-06-03 17:00:00,53.728317261,0.5614541533427316
14682,2020-06-03 18:00:00,53.516460419,0.3604183222746521
14683,2020-06-03 19:00:00,53.239463806,0.7941961807457241
14684,2020-06-03 20:00:00,52.929084778,0.25493927714536624
14685,2020-06-03 21:00:00,52.397270203,0.6998664164724145
14686,2020-06-03 22:00:00,52.008239746,0.9493511710541913
14687,2020-06-03 23:00:00,51.656143188,0.24722612673056288
14688,2020-06-04 00:00:00,51.401943207,0.8580936559976834
14689,2020-06-04 01:00:00,51.168190002,0.19658302097457148
14690,2020-06-04 02:00:00,50.979831696,0.413282590753153
14691,2020-06-04 03:00:00,50.826793671,0.4099331346352231
14692,2020-06-04 04:00:00,50.707931519,0.3316916927612025
14693,2020-06-04 05:00:00,50.616523743,0.07263540638795274
14694,2020-06-04 06:00:00,50.54732132,0.7152367269774065
14695,2020-06-04 07:00:00,50.496021271,0.4866303643727008
14696,2020-06-04 08:00:00,50.459434509,0.8830405103910175
14697,2020-06-04 09:00:00,50.431072235,0.8596291654968162
14698,2020-06-04 10:00:00,50.411262512,0.8726270277211539
14699,2020-06-04 11:00:00,50.405521393,0.26192412500631157
14700,2020-06-04 12:00:00,50.409381866,0.13286002994934443
14701,2020-06-04 13:00:00,50.411495209,0.6310575878995447
14702,2020-06-04 14:00:00,50.412204742,0.04092423081077967
14703,2020-06-04 15:00:00,50.399650574,0.5408744275490962
14704,2020-06-04 16:00:00,50.3555336,0.906448866827866
14705,2020-06-04 17:00:00,50.065132141,0.7730612252594974
14706,2020-06-04 18:00:00,49.67358017,0.9247983888786036
14707,2020-06-04 19:00:00,48.975658417,0.7398894536974233
14708,2020-06-04 20:00:00,48.357070923,0.06807553745350081
14709,2020-06-04 21:00:00,47.730674744,0.6953547659608883
14710,2020-06-04 22:00:00,47.220806122,0.579376879609162
14711,2020-06-04 23:00:00,46.76115036,0.33421304772874005
14712,2020-06-05 00:00:00,46.375068665,0.4684086011500316
14713,2020-06-05 01:00:00,46.058204651,0.057378217013616895
14714,2020-06-05 02:00:00,45.788146973,0.4277079086116681
14715,2020-06-05 03:00:00,45.560028076,0.06762109141899997
14716,2020-06-05 04:00:00,45.377433777,0.005978682006632319
14717,2020-06-05 05:00:00,45.246765137,0.5849221348283986
14718,2020-06-05 06:00:00,45.14421463,0.7699576230142138
14719,2020-06-05 07:00:00,45.063877106,0.9563723643846007
14720,2020-06-05 08:00:00,45.000682831,0.899642991386169
14721,2020-06-05 09:00:00,44.948417664,0.2062079329696861
14722,2020-06-05 10:00:00,44.909427643,0.934421642015627
14723,2020-06-05 11:00:00,44.885719299,0.7008742144019643
14724,2020-06-05 12:00:00,44.86063385,0.36739073685268553
14725,2020-06-05 13:00:00,44.840759277,0.6862616379521049
14726,2020-06-05 14:00:00,44.815177917,0.8853144463515542
14727,2020-06-05 15:00:00,44.686141968,0.39535631243941616
14728,2020-06-05 16:00:00,44.241001129,0.20885632015660494
14729,2020-06-05 17:00:00,43.491176605,0.2576439259609561
14730,2020-06-05 18:00:00,42.566730499,0.44725316763211165
14731,2020-06-05 19:00:00,41.048469543,0.22956080311875682
14732,2020-06-05 20:00:00,39.69985199,0.37817888409595224
14733,2020-06-05 21:00:00,38.218128204,0.20874702518521138
14734,2020-06-05 22:00:00,36.939750671,0.2808515543079295
14735,2020-06-05 23:00:00,35.855957031,0.915681425365188
14736,2020-06-06 00:00:00,34.171955109,0.6773012750397283
14737,2020-06-06 01:00:00,32.450252533,0.5414543462590361
14738,2020-06-06 02:00:00,27.232814789,0.4863061095168444
14739,2020-06-06 03:00:00,26.487422943,0.7718197208663937
14740,2020-06-06 04:00:00,25.831932068,0.3088911449074234
14741,2020-06-06 05:00:00,25.133630753,0.5227003630163914
14742,2020-06-06 06:00:00,24.557561874,0.5345000047095142
14743,2020-06-06 07:00:00,24.362098694,0.41736992992473687
14744,2020-06-06 08:00:00,21.469861984,0.7401434528770504
14745,2020-06-06 09:00:00,17.031131744,0.6529947416676848
14746,2020-06-06 10:00:00,16.235113144,0.7976868457633521
14747,2020-06-06 11:00:00,13.364977837,0.7093304309326499
14748,2020-06-06 12:00:00,8.43873024,0.6057777412913322
14749,2020-06-06 13:00:00,3.850547791,0.8491096117392325
14750,2020-06-06 14:00:00,3.836354971,0.19133624164329366
14751,2020-06-06 15:00:00,1.781097889,0.5842694110671867
14752,2020-06-06 16:00:00,0.747474074,0.16655753493382697
14753,2020-06-06 17:00:00,0.0,0.014000020856387407
14754,2020-06-06 18:00:00,0.0,0.18955149517061454
14755,2020-06-06 19:00:00,0.0,0.45278396717635183
14756,2020-06-06 20:00:00,0.0,0.868755996955336
14757,2020-06-06 21:00:00,0.0,0.3944295306013521
14758,2020-06-06 22:00:00,0.0,0.1211884150667345
14759,2020-06-06 23:00:00,0.0,0.3832651060458745
14760,2020-06-07 00:00:00,0.0,0.7428834731249107
14761,2020-06-07 01:00:00,0.0,0.9193155165081643
14762,2020-06-07 02:00:00,0.0,0.3541804465266706
14763,2020-06-07 03:00:00,0.0,0.20128079224907114
14764,2020-06-07 04:00:00,0.0,0.1489227112708218
14765,2020-06-07 05:00:00,0.0,0.09812414329892549
14766,2020-06-07 06:00:00,0.0,0.08707723072215534
14767,2020-06-07 07:00:00,0.0,0.8440319267463496
14768,2020-06-07 08:00:00,0.0,0.3566219425387277
14769,2020-06-07 09:00:00,0.0,0.7556171449899683
14770,2020-06-07 10:00:00,0.0,0.7384082125981304
14771,2020-06-07 11:00:00,0.0,0.48568392334144217
14772,2020-06-07 12:00:00,0.0,0.8605951666864382
14773,2020-06-07 13:00:00,0.0,0.9694438933644693
14774,2020-06-07 14:00:00,0.0,0.37174015993480325
14775,2020-06-07 15:00:00,0.0,0.17212014015604193
14776,2020-06-07 16:00:00,0.0,0.5543931889486184
14777,2020-06-07 17:00:00,0.0,0.06523564212614263
14778,2020-06-07 18:00:00,0.0,0.4078031148382173
14779,2020-06-07 19:00:00,0.0,0.2544260542882637
14780,2020-06-07 20:00:00,0.0,0.8335424843967416
14781,2020-06-07 21:00:00,0.0,0.7413769960875084
14782,2020-06-07 22:00:00,0.0,0.8740495226826791
14783,2020-06-07 23:00:00,0.0,0.840286198848891
14784,2020-06-08 00:00:00,0.0,0.0016745829258081324
14785,2020-06-08 01:00:00,0.0,0.43792386386241566
14786,2020-06-08 02:00:00,0.0,0.5794512114488326
14787,2020-06-08 03:00:00,0.0,0.32278316672573326
14788,2020-06-08 04:00:00,0.0,0.9610812134458212
14789,2020-06-08 05:00:00,0.0,0.4985240681933454
14790,2020-06-08 06:00:00,0.0,0.9443461877802766
14791,2020-06-08 07:00:00,0.0,0.3145477182484755
14792,2020-06-08 08:00:00,0.0,0.5282699947087284
14793,2020-06-08 09:00:00,0.0,0.37501576101893874
14794,2020-06-08 10:00:00,0.0,0.4080940089665973
14795,2020-06-08 11:00:00,0.0,0.4525784199062173
14796,2020-06-08 12:00:00,0.0,0.5601778697273936
14797,2020-06-08 13:00:00,0.0,0.6028911973175335
14798,2020-06-08 14:00:00,0.0,0.9574909479532928
14799,2020-06-08 15:00:00,0.0,0.1019355541674174
14800,2020-06-08 16:00:00,0.0,0.5053592532911452
14801,2020-06-08 17:00:00,0.0,0.9127570451651248
14802,2020-06-08 18:00:00,0.0,0.7604041866975841
14803,2020-06-08 19:00:00,0.0,0.2560921054366252
14804,2020-06-08 20:00:00,0.0,0.9576829892488766
14805,2020-06-08 21:00:00,0.0,0.04378538598570114
14806,2020-06-08 22:00:00,0.0,0.6235697927185864
14807,2020-06-08 23:00:00,0.0,0.649862565805085
14808,2020-06-09 00:00:00,0.0,0.24357641584219847
14809,2020-06-09 01:00:00,0.556313396,0.11077644357849559
14810,2020-06-09 02:00:00,1.149894714,0.41327927197270475
14811,2020-06-09 03:00:00,1.714652538,0.6448838715211568
14812,2020-06-09 04:00:00,2.255417585,0.655951656015711
14813,2020-06-09 05:00:00,2.940360546,0.49381131529999134
14814,2020-06-09 06:00:00,3.62153554,0.5472172169264735
14815,2020-06-09 07:00:00,4.14106369,0.8373883875850334
14816,2020-06-09 08:00:00,4.742694855,0.17262199518649368
14817,2020-06-09 09:00:00,5.321075916,0.3672775586368956
14818,2020-06-09 10:00:00,5.877755642,0.9548496286102585
14819,2020-06-09 11:00:00,6.397488594,0.8412424165412109
14820,2020-06-09 12:00:00,6.882693291,0.954331182699665
14821,2020-06-09 13:00:00,7.044115543,0.15745821002815952
14822,2020-06-09 14:00:00,7.196172237,0.1234107849187508
14823,2020-06-09 15:00:00,7.22280407,0.16915381758895542
14824,2020-06-09 16:00:00,7.236909866,0.45744051462034974
14825,2020-06-09 17:00:00,7.269777775,0.973661083123895
14826,2020-06-09 18:00:00,7.336604595,0.46074138965131683
14827,2020-06-09 19:00:00,7.433794022,0.3039281237346917
14828,2020-06-09 20:00:00,7.500370979,0.32676899667818393
14829,2020-06-09 21:00:00,7.552140236,0.7837382862536204
14830,2020-06-09 22:00:00,7.599394798,0.8616775483914003
14831,2020-06-09 23:00:00,7.660996914,0.0004064476886761481
14832,2020-06-10 00:00:00,7.719310284,0.5664978812407582
14833,2020-06-10 01:00:00,7.76705265,0.2148785287313657
14834,2020-06-10 02:00:00,7.815929413,0.26054937935386036
14835,2020-06-10 03:00:00,7.854570389,0.8274352995479954
14836,2020-06-10 04:00:00,7.879079342,0.24374440922399876
14837,2020-06-10 05:00:00,7.905166626,0.6724967928615432
14838,2020-06-10 06:00:00,7.934174538,0.4504878865853552
14839,2020-06-10 07:00:00,7.965253353,0.3108600350088212
14840,2020-06-10 08:00:00,8.003852844,0.7172502300578796
14841,2020-06-10 09:00:00,8.036176682,0.8347044624105913
14842,2020-06-10 10:00:00,8.06653595,0.15829507408708432
14843,2020-06-10 11:00:00,8.088487625,0.07466191494975594
14844,2020-06-10 12:00:00,8.107030869,0.891162382350037
14845,2020-06-10 13:00:00,8.126139641,0.9050893090921558
14846,2020-06-10 14:00:00,8.144392014,0.5174388290095117
14847,2020-06-10 15:00:00,8.153112411,0.47104677931923133
14848,2020-06-10 16:00:00,8.186073303,0.7098298315260072
14849,2020-06-10 17:00:00,8.215976715,0.982511012507865
14850,2020-06-10 18:00:00,8.244761467,0.21472312965227336
14851,2020-06-10 19:00:00,8.272631645,0.9942081826957074
14852,2020-06-10 20:00:00,8.286202431,0.635008367832592
14853,2020-06-10 21:00:00,8.285926819,0.8350780851514463
14854,2020-06-10 22:00:00,8.268098831,0.9843126733297751
14855,2020-06-10 23:00:00,8.261880875,0.01308609641665881
14856,2020-06-11 00:00:00,8.256889343,0.349052576735545
14857,2020-06-11 01:00:00,8.241918564,0.6279670202812682
14858,2020-06-11 02:00:00,8.242652893,0.9439639949707076
14859,2020-06-11 03:00:00,8.249015808,0.42574255931388927
14860,2020-06-11 04:00:00,8.254965782,0.6908733595623736
14861,2020-06-11 05:00:00,8.260393143,0.4515630869831496
14862,2020-06-11 06:00:00,8.26717186,0.011651533420707572
14863,2020-06-11 07:00:00,8.272612572,0.3885734165365403
14864,2020-06-11 08:00:00,8.281389236,0.6687497664624923
14865,2020-06-11 09:00:00,8.289138794,0.07395865398757795
14866,2020-06-11 10:00:00,8.298143387,0.6014139644505347
14867,2020-06-11 11:00:00,8.305194855,0.16659947503734585
14868,2020-06-11 12:00:00,8.309684753,0.1729658925667107
14869,2020-06-11 13:00:00,8.312139511,0.7140850002756818
14870,2020-06-11 14:00:00,8.313056946,0.23055373699011528
14871,2020-06-11 15:00:00,8.312330246,0.5682664947897781
14872,2020-06-11 16:00:00,8.309951782,0.15156329934728563
14873,2020-06-11 17:00:00,8.305170059,0.19640677964847542
14874,2020-06-11 18:00:00,8.259399414,0.7126142302004783
14875,2020-06-11 19:00:00,8.221253395,0.6589300565106915
14876,2020-06-11 20:00:00,8.140762329,0.21984866326113328
14877,2020-06-11 21:00:00,8.06686306,0.709026423341604
14878,2020-06-11 22:00:00,7.944386005,0.2415181633800182
14879,2020-06-11 23:00:00,7.831254959,0.40688131216199597
14880,2020-06-12 00:00:00,7.740377426,0.079624917905178
14881,2020-06-12 01:00:00,7.662630558,0.019201760197444906
14882,2020-06-12 02:00:00,7.609964371,0.947297222589019
14883,2020-06-12 03:00:00,7.585397243,0.09237760347666923
14884,2020-06-12 04:00:00,7.562755108,0.649278239174377
14885,2020-06-12 05:00:00,7.555078983,0.405480180859389
14886,2020-06-12 06:00:00,7.54845047,0.07504752589640384
14887,2020-06-12 07:00:00,7.544541359,0.1677497412010338
14888,2020-06-12 08:00:00,7.544604301,0.9439961468183165
14889,2020-06-12 09:00:00,7.541548729,0.3618272886528634
14890,2020-06-12 10:00:00,7.536574364,0.0655591208717008
14891,2020-06-12 11:00:00,7.529878616,0.6906219127422912
14892,2020-06-12 12:00:00,7.523862839,0.8187089897710995
14893,2020-06-12 13:00:00,7.420865059,0.5384096720602987
14894,2020-06-12 14:00:00,7.087273598,0.3312539372930827
14895,2020-06-12 15:00:00,4.366476536,0.1067236676803266
14896,2020-06-12 16:00:00,4.051578522,0.2640701293301536
14897,2020-06-12 17:00:00,3.712610722,0.17909659064058314
14898,2020-06-12 18:00:00,3.380958557,0.7105173476950939
14899,2020-06-12 19:00:00,3.047114372,0.35610365564531044
14900,2020-06-12 20:00:00,2.748915672,0.024660214373647737
14901,2020-06-12 21:00:00,2.529474258,0.9251031237452662
14902,2020-06-12 22:00:00,2.414871454,0.29018785775711986
14903,2020-06-12 23:00:00,2.187826395,0.347730069173392
14904,2020-06-13 00:00:00,2.105265141,0.6716537014695365
14905,2020-06-13 01:00:00,2.003424883,0.9062109150980957
14906,2020-06-13 02:00:00,1.872089148,0.2614814929631102
14907,2020-06-13 03:00:00,1.734724522,0.40583889456871003
14908,2020-06-13 04:00:00,1.582875967,0.930171772313945
14909,2020-06-13 05:00:00,1.423053741,0.22250939177970674
14910,2020-06-13 06:00:00,1.29567337,0.589213740242817
14911,2020-06-13 07:00:00,1.204206705,0.265798288884612
14912,2020-06-13 08:00:00,1.149281621,0.11599855907021861
14913,2020-06-13 09:00:00,1.074674606,0.5443569054476303
14914,2020-06-13 10:00:00,1.011907935,0.5102965541165657
14915,2020-06-13 11:00:00,0.946227074,0.6180285743573408
14916,2020-06-13 12:00:00,0.878753781,0.3721792609662653
14917,2020-06-13 13:00:00,0.809292197,0.7489223523464821
14918,2020-06-13 14:00:00,0.732823431,0.47773551399796543
14919,2020-06-13 15:00:00,0.631137073,0.3180467755834022
14920,2020-06-13 16:00:00,0.494699121,0.7083662237891339
14921,2020-06-13 17:00:00,0.331456363,0.66823652794725
14922,2020-06-13 18:00:00,0.126430169,0.9250581579229933
14923,2020-06-13 19:00:00,0.0,0.38203060099532204
14924,2020-06-13 20:00:00,0.0,0.5094779905987765
14925,2020-06-13 21:00:00,0.0,0.45810816083509387
14926,2020-06-13 22:00:00,0.0,0.269095280114116
14927,2020-06-13 23:00:00,0.0,0.8485943877071513
14928,2020-06-14 00:00:00,0.0,0.4510624267502127
14929,2020-06-14 01:00:00,0.0,0.21525157214338642
14930,2020-06-14 02:00:00,0.0,0.6603797683460215
14931,2020-06-14 03:00:00,0.0,0.6111898632188304
14932,2020-06-14 04:00:00,0.0,0.7647766285992542
14933,2020-06-14 05:00:00,0.0,0.5576428026592818
14934,2020-06-14 06:00:00,0.0,0.5165529223379576
14935,2020-06-14 07:00:00,0.0,0.3907692703223232
14936,2020-06-14 08:00:00,0.0,0.5489704567373073
14937,2020-06-14 09:00:00,0.0,0.1262758140787027
14938,2020-06-14 10:00:00,0.0,0.31363558735781205
14939,2020-06-14 11:00:00,0.0,0.07867804522909794
14940,2020-06-14 12:00:00,0.0,0.040501120032572446
14941,2020-06-14 13:00:00,0.0,0.3412989070876872
14942,2020-06-14 14:00:00,0.0,0.40339923283533563
14943,2020-06-14 15:00:00,0.0,0.545036323992424
14944,2020-06-14 16:00:00,0.0,0.09784142527031958
14945,2020-06-14 17:00:00,0.0,0.2713948299653338
14946,2020-06-14 18:00:00,0.0,0.6350406130505883
14947,2020-06-14 19:00:00,0.0,0.042296136858016586
14948,2020-06-14 20:00:00,0.0,0.26597523337852835
14949,2020-06-14 21:00:00,0.0,0.5869643735830768
14950,2020-06-14 22:00:00,0.0,0.7839493954535787
14951,2020-06-14 23:00:00,0.0,0.7893719300202241
14952,2020-06-15 00:00:00,0.0,0.6517245804687699
14953,2020-06-15 01:00:00,0.0,0.19337459645366295
14954,2020-06-15 02:00:00,0.0,0.5581099586664325
14955,2020-06-15 03:00:00,0.0,0.41765877557322306
14956,2020-06-15 04:00:00,0.0,0.2564297084074759
14957,2020-06-15 05:00:00,0.0,0.8519944459818407
14958,2020-06-15 06:00:00,0.0,0.35573878706773476
14959,2020-06-15 07:00:00,0.0,0.07888580421045466
14960,2020-06-15 08:00:00,0.0,0.37435980360672405
14961,2020-06-15 09:00:00,0.0,0.7433565881545577
14962,2020-06-15 10:00:00,0.0,0.9227533374859476
14963,2020-06-15 11:00:00,0.0,0.3408887253167302
14964,2020-06-15 12:00:00,0.0,0.3065483673654441
14965,2020-06-15 13:00:00,0.0,0.8275140001698315
14966,2020-06-15 14:00:00,0.0,0.48977154850920057
14967,2020-06-15 15:00:00,0.0,0.5483469307656766
14968,2020-06-15 16:00:00,0.0,0.9673318236437278
14969,2020-06-15 17:00:00,0.0,0.29575502932855813
14970,2020-06-15 18:00:00,0.0,0.7598792615770729
14971,2020-06-15 19:00:00,0.0,0.9774637426094622
14972,2020-06-15 20:00:00,0.0,0.5399964455910042
14973,2020-06-15 21:00:00,0.0,0.4011464767281957
14974,2020-06-15 22:00:00,0.0,0.6065698412270912
14975,2020-06-15 23:00:00,0.0,0.04312497380504332
14976,2020-06-16 00:00:00,0.0,0.944133447513639
14977,2020-06-16 01:00:00,0.0,0.3929911768864728
14978,2020-06-16 02:00:00,0.0,0.8702781088789925
14979,2020-06-16 03:00:00,0.0,0.9594804117947459
14980,2020-06-16 04:00:00,0.0,0.2519435878726709
14981,2020-06-16 05:00:00,0.0,0.5597134271026487
14982,2020-06-16 06:00:00,0.0,0.48673061924939676
14983,2020-06-16 07:00:00,0.0,0.19585585177780862
14984,2020-06-16 08:00:00,0.0,0.3742675740172634
14985,2020-06-16 09:00:00,0.0,0.031995432122059464
14986,2020-06-16 10:00:00,0.0,0.14232396029600947
14987,2020-06-16 11:00:00,0.0,0.9487193951713123
14988,2020-06-16 12:00:00,0.0,0.29055041563975814
14989,2020-06-16 13:00:00,0.0,0.06962211158061371
14990,2020-06-16 14:00:00,0.0,0.5679418953669663
14991,2020-06-16 15:00:00,0.0,0.8524565280448999
14992,2020-06-16 16:00:00,0.0,0.7879560594341232
14993,2020-06-16 17:00:00,0.0,0.9900384737411758
14994,2020-06-16 18:00:00,0.0,0.09376637193229898
14995,2020-06-16 19:00:00,0.0,0.67871005773789
14996,2020-06-16 20:00:00,0.0,0.08331479335402092
14997,2020-06-16 21:00:00,0.0,0.8403087665391497
14998,2020-06-16 22:00:00,0.0,0.7738299937559493
14999,2020-06-16 23:00:00,0.0,0.9576666802208419
15000,2020-06-17 00:00:00,0.0,0.28429363966389354
15001,2020-06-17 01:00:00,0.0,0.03008136849502241
15002,2020-06-17 02:00:00,0.0,0.23353862803570968
15003,2020-06-17 03:00:00,0.0,0.6217723962713877
15004,2020-06-17 04:00:00,0.0,0.24269873190010205
15005,2020-06-17 05:00:00,0.0,0.45392137918905795
15006,2020-06-17 06:00:00,0.0,0.5935378626907485
15007,2020-06-17 07:00:00,0.0,0.1316761966085993
15008,2020-06-17 08:00:00,0.0,0.167988179925053
15009,2020-06-17 09:00:00,0.0,0.5478367048292804
15010,2020-06-17 10:00:00,0.0,0.27698076880229827
15011,2020-06-17 11:00:00,0.0,0.2399485285865942
15012,2020-06-17 12:00:00,0.0,0.19346280769439672
15013,2020-06-17 13:00:00,0.0,0.5002094196084091
15014,2020-06-17 14:00:00,0.0,0.9680493544334976
15015,2020-06-17 15:00:00,0.0,0.7930533046094831
15016,2020-06-17 16:00:00,0.0,0.5888824815408977
15017,2020-06-17 17:00:00,0.0,0.2546081171489115
15018,2020-06-17 18:00:00,0.0,0.5464676075311957
15019,2020-06-17 19:00:00,0.0,0.15660340110157123
15020,2020-06-17 20:00:00,0.0,0.8100847894349731
15021,2020-06-17 21:00:00,0.0,0.6635847370699517
15022,2020-06-17 22:00:00,0.0,0.5356876502365389
15023,2020-06-17 23:00:00,0.0,0.5531162788507877
15024,2020-06-18 00:00:00,0.0,0.1623557951545661
15025,2020-06-18 01:00:00,0.0,0.17061845769002404
15026,2020-06-18 02:00:00,0.0,0.10366098087134412
15027,2020-06-18 03:00:00,0.0,0.5916061593014215
15028,2020-06-18 04:00:00,0.0,0.5310272986929492
15029,2020-06-18 05:00:00,0.0,0.4423568150444903
15030,2020-06-18 06:00:00,0.0,0.9151902151580977
15031,2020-06-18 07:00:00,0.0,0.9016296380471959
15032,2020-06-18 08:00:00,0.0,0.214515268026098
15033,2020-06-18 09:00:00,0.0,0.4834783809290436
15034,2020-06-18 10:00:00,0.0,0.253337017661864
15035,2020-06-18 11:00:00,0.0,0.25625047523524
15036,2020-06-18 12:00:00,0.0,0.8536360999054652
15037,2020-06-18 13:00:00,0.0,0.1569979188517765
15038,2020-06-18 14:00:00,0.0,0.47069541458801023
15039,2020-06-18 15:00:00,0.0,0.5149421201788781
15040,2020-06-18 16:00:00,0.0,0.18092405626650598
15041,2020-06-18 17:00:00,0.0,0.7189603048534676
15042,2020-06-18 18:00:00,0.0,0.819691262524217
15043,2020-06-18 19:00:00,0.0,0.5465962125187511
15044,2020-06-18 20:00:00,0.0,0.8735602433291789
15045,2020-06-18 21:00:00,0.0,0.9022116861733268
15046,2020-06-18 22:00:00,0.0,0.7262419988708163
15047,2020-06-18 23:00:00,0.0,0.13120735882935153
15048,2020-06-19 00:00:00,0.0,0.41015842012586223
15049,2020-06-19 01:00:00,0.0,0.32959942576170687
15050,2020-06-19 02:00:00,0.0,0.8123725802131456
15051,2020-06-19 03:00:00,0.0,0.018601652429334647
15052,2020-06-19 04:00:00,0.0,0.5777949136274004
15053,2020-06-19 05:00:00,0.0,0.35335390299669434
15054,2020-06-19 06:00:00,0.0,0.3719830688533404
15055,2020-06-19 07:00:00,0.0,0.8610454024175671
15056,2020-06-19 08:00:00,0.0,0.3869078950300213
15057,2020-06-19 09:00:00,0.0,0.10472544252754457
15058,2020-06-19 10:00:00,0.0,0.010738199247913083
15059,2020-06-19 11:00:00,0.0,0.6639790846712706
15060,2020-06-19 12:00:00,0.0,0.950422323075385
15061,2020-06-19 13:00:00,0.0,0.2372248133378012
15062,2020-06-19 14:00:00,0.0,0.04351957928141004
15063,2020-06-19 15:00:00,0.0,0.14452234672632558
15064,2020-06-19 16:00:00,0.0,0.11790744211200244
15065,2020-06-19 17:00:00,0.0,0.3961392126386416
15066,2020-06-19 18:00:00,0.0,0.08909612729463656
15067,2020-06-19 19:00:00,0.0,0.8603764678773836
15068,2020-06-19 20:00:00,0.0,0.36694031514467995
15069,2020-06-19 21:00:00,0.0,0.9624838362364138
15070,2020-06-19 22:00:00,0.0,0.9786054390675811
15071,2020-06-19 23:00:00,0.0,0.24500471496982923
15072,2020-06-20 00:00:00,0.0,0.15808025986234875
15073,2020-06-20 01:00:00,0.0,0.5417856920372918
15074,2020-06-20 02:00:00,0.0,0.9487938294034053
15075,2020-06-20 03:00:00,0.0,0.44832960075029815
15076,2020-06-20 04:00:00,0.0,0.5970931695658839
15077,2020-06-20 05:00:00,0.0,0.06099502817023694
15078,2020-06-20 06:00:00,0.0,0.5032748555748039
15079,2020-06-20 07:00:00,0.0,0.7439847081647151
15080,2020-06-20 08:00:00,0.0,0.3768245686889533
15081,2020-06-20 09:00:00,0.0,0.5753603886009278
15082,2020-06-20 10:00:00,0.0,0.7684523419079508
15083,2020-06-20 11:00:00,0.0,0.9315800474729047
15084,2020-06-20 12:00:00,0.0,0.35554466096415405
15085,2020-06-20 13:00:00,0.0,0.7848884431990085
15086,2020-06-20 14:00:00,0.0,0.2193111718598929
15087,2020-06-20 15:00:00,0.0,0.8888647325960699
15088,2020-06-20 16:00:00,0.0,0.6458608125281677
15089,2020-06-20 17:00:00,0.0,0.3088603641882912
15090,2020-06-20 18:00:00,0.0,0.5230692656589194
15091,2020-06-20 19:00:00,0.0,0.8795237172731045
15092,2020-06-20 20:00:00,0.0,0.04824289684558103
15093,2020-06-20 21:00:00,0.0,0.515116475134108
15094,2020-06-20 22:00:00,0.0,0.7183434026520709
15095,2020-06-20 23:00:00,0.0,0.9546145630425191
15096,2020-06-21 00:00:00,0.0,0.44955823155863495
15097,2020-06-21 01:00:00,0.0,0.3123697840819569
15098,2020-06-21 02:00:00,0.0,0.0318935554980464
15099,2020-06-21 03:00:00,0.0,0.25335660870281307
15100,2020-06-21 04:00:00,0.0,0.7181071705809066
15101,2020-06-21 05:00:00,0.0,0.12134239582012252
15102,2020-06-21 06:00:00,0.0,0.014800571497928794
15103,2020-06-21 07:00:00,0.0,0.29588543947740453
15104,2020-06-21 08:00:00,0.0,0.2881430509280677
15105,2020-06-21 09:00:00,0.0,0.7735859999936912
15106,2020-06-21 10:00:00,0.0,0.9489679429245138
15107,2020-06-21 11:00:00,0.0,0.800956111669165
15108,2020-06-21 12:00:00,0.0,0.7201025535623464
15109,2020-06-21 13:00:00,0.0,0.22074363163967847
15110,2020-06-21 14:00:00,0.0,0.11796740220605972
15111,2020-06-21 15:00:00,0.0,0.6670712471955408
15112,2020-06-21 16:00:00,0.0,0.5285419330448811
15113,2020-06-21 17:00:00,0.0,0.9702471834204751
15114,2020-06-21 18:00:00,0.0,0.0432463219125524
15115,2020-06-21 19:00:00,0.0,0.07372533451077157
15116,2020-06-21 20:00:00,0.0,0.9020133845801397
15117,2020-06-21 21:00:00,0.0,0.6827214829543493
15118,2020-06-21 22:00:00,0.0,0.45835199594215525
15119,2020-06-21 23:00:00,0.0,0.6296308065850631
15120,2020-06-22 00:00:00,0.0,0.5825039575836304
15121,2020-06-22 01:00:00,0.0,0.9214348385058581
15122,2020-06-22 02:00:00,0.0,0.5917890501362048
15123,2020-06-22 03:00:00,0.0,0.9280392173465498
15124,2020-06-22 04:00:00,0.0,0.9487874370301665
15125,2020-06-22 05:00:00,0.0,0.4899501292388616
15126,2020-06-22 06:00:00,0.0,0.9853844010932459
15127,2020-06-22 07:00:00,0.0,0.6654938322943528
15128,2020-06-22 08:00:00,0.0,0.2859228900552777
15129,2020-06-22 09:00:00,0.0,0.6875889125568873
15130,2020-06-22 10:00:00,0.0,0.32140851058395525
15131,2020-06-22 11:00:00,0.0,0.6158906371673014
15132,2020-06-22 12:00:00,0.0,0.5943632567252394
15133,2020-06-22 13:00:00,0.0,0.8429865295156063
15134,2020-06-22 14:00:00,0.0,0.8932491725529882
15135,2020-06-22 15:00:00,0.0,0.5598287451373416
15136,2020-06-22 16:00:00,0.0,0.41896809089292586
15137,2020-06-22 17:00:00,0.0,0.12403408154246132
15138,2020-06-22 18:00:00,0.0,0.9985147622838334
15139,2020-06-22 19:00:00,0.0,0.45891656797061153
15140,2020-06-22 20:00:00,0.0,0.0970188765366169
15141,2020-06-22 21:00:00,0.0,0.3020006039457398
15142,2020-06-22 22:00:00,0.0,0.29471680450223625
15143,2020-06-22 23:00:00,0.0,0.8664548412063422
15144,2020-06-23 00:00:00,0.0,0.5622589567708673
15145,2020-06-23 01:00:00,0.0,0.9886626046172058
15146,2020-06-23 02:00:00,0.0,0.8626208291852298
15147,2020-06-23 03:00:00,0.0,0.7841253088100586
15148,2020-06-23 04:00:00,0.0,0.9502602924274082
15149,2020-06-23 05:00:00,0.0,0.484405550778252
15150,2020-06-23 06:00:00,0.0,0.7338092137672088
15151,2020-06-23 07:00:00,0.0,0.8441862176814741
15152,2020-06-23 08:00:00,0.0,0.16196611248741166
15153,2020-06-23 09:00:00,0.0,0.21151675331734965
15154,2020-06-23 10:00:00,0.0,0.25368224976351983
15155,2020-06-23 11:00:00,0.0,0.13407385744245692
15156,2020-06-23 12:00:00,0.0,0.4977199439454393
15157,2020-06-23 13:00:00,0.0,0.777074588991223
15158,2020-06-23 14:00:00,0.0,0.14479979629452555
15159,2020-06-23 15:00:00,0.0,0.902581100029815
15160,2020-06-23 16:00:00,0.0,0.65099507166807
15161,2020-06-23 17:00:00,0.0,0.5054961842843538
15162,2020-06-23 18:00:00,0.0,0.8457011401651873
15163,2020-06-23 19:00:00,0.0,0.11146540528847759
15164,2020-06-23 20:00:00,0.0,0.04505046453492667
15165,2020-06-23 21:00:00,0.0,0.9975827897160824
15166,2020-06-23 22:00:00,0.0,0.6365120272490984
15167,2020-06-23 23:00:00,0.0,0.6125302230621513
15168,2020-06-24 00:00:00,0.0,0.1436811239285012
15169,2020-06-24 01:00:00,0.0,0.6313602971240243
15170,2020-06-24 02:00:00,0.0,0.6828339315908779
15171,2020-06-24 03:00:00,0.0,0.0463047974257369
15172,2020-06-24 04:00:00,0.0,0.41407615997525504
15173,2020-06-24 05:00:00,0.0,0.3914119021710608
15174,2020-06-24 06:00:00,0.0,0.6736183913342582
15175,2020-06-24 07:00:00,0.0,0.25338954225503196
15176,2020-06-24 08:00:00,0.0,0.223507462150779
15177,2020-06-24 09:00:00,0.0,0.9784075463304895
15178,2020-06-24 10:00:00,0.0,0.2641841631592362
15179,2020-06-24 11:00:00,0.0,0.6756842670193748
15180,2020-06-24 12:00:00,0.0,0.798478855120973
15181,2020-06-24 13:00:00,0.0,0.3128151922245962
15182,2020-06-24 14:00:00,0.0,0.3058040442342457
15183,2020-06-24 15:00:00,0.0,0.8634240301735246
15184,2020-06-24 16:00:00,0.0,0.6477759336034518
15185,2020-06-24 17:00:00,0.0,0.6257944863156936
15186,2020-06-24 18:00:00,0.0,0.23112376496922027
15187,2020-06-24 19:00:00,0.0,0.12526917765831358
15188,2020-06-24 20:00:00,0.0,0.2642439022578139
15189,2020-06-24 21:00:00,0.0,0.08756602541533731
15190,2020-06-24 22:00:00,0.0,0.8094801577243992
15191,2020-06-24 23:00:00,0.0,0.40106773118724637
15192,2020-06-25 00:00:00,0.0,0.714342755654031
15193,2020-06-25 01:00:00,0.0,0.16164839261983655
15194,2020-06-25 02:00:00,0.0,0.10621265303564187
15195,2020-06-25 03:00:00,0.0,0.020049059793096236
15196,2020-06-25 04:00:00,0.0,0.23926244603020652
15197,2020-06-25 05:00:00,0.0,0.17765014772296162
15198,2020-06-25 06:00:00,0.0,0.6390997574119177
15199,2020-06-25 07:00:00,0.0,0.06893449951399977
15200,2020-06-25 08:00:00,0.0,0.2255758405106295
15201,2020-06-25 09:00:00,0.0,0.135625942355578
15202,2020-06-25 10:00:00,0.0,0.28707309944074055
15203,2020-06-25 11:00:00,0.0,0.09188692453347769
15204,2020-06-25 12:00:00,0.0,0.9205191484385808
15205,2020-06-25 13:00:00,0.0,0.9219855626465238
15206,2020-06-25 14:00:00,0.0,0.5467228085133782
15207,2020-06-25 15:00:00,0.0,0.0963032972777903
15208,2020-06-25 16:00:00,0.0,0.2344226264343955
15209,2020-06-25 17:00:00,0.0,0.24036675804224006
15210,2020-06-25 18:00:00,0.0,0.7525126022907207
15211,2020-06-25 19:00:00,0.0,0.5288268240208427
15212,2020-06-25 20:00:00,0.0,0.14739831283550398
15213,2020-06-25 21:00:00,0.0,0.5934189795952792
15214,2020-06-25 22:00:00,0.0,0.9773649692399373
15215,2020-06-25 23:00:00,0.0,0.18104475119811936
15216,2020-06-26 00:00:00,0.0,0.7336762636241645
15217,2020-06-26 01:00:00,0.0,0.8281237009524837
15218,2020-06-26 02:00:00,0.0,0.07696663387897618
15219,2020-06-26 03:00:00,0.0,0.1487109950177362
15220,2020-06-26 04:00:00,0.0,0.7511469714055148
15221,2020-06-26 05:00:00,2.5341e-05,0.5378032966672789
15222,2020-06-26 06:00:00,2.2763e-05,0.6182753013507365
15223,2020-06-26 07:00:00,7.9046e-05,0.5252282031739952
15224,2020-06-26 08:00:00,0.000157261,0.31554473450469367
15225,2020-06-26 09:00:00,0.000225662,0.5652151850724199
15226,2020-06-26 10:00:00,0.000259208,0.9735184753122946
15227,2020-06-26 11:00:00,0.000367091,0.21906792353248616
15228,2020-06-26 12:00:00,0.000435888,0.46162849934303085
15229,2020-06-26 13:00:00,0.000849737,0.40197371346354027
15230,2020-06-26 14:00:00,0.001261865,0.9600867817945936
15231,2020-06-26 15:00:00,0.001164857,0.5403144088553383
15232,2020-06-26 16:00:00,0.001109377,0.42038219942375543
15233,2020-06-26 17:00:00,0.000985914,0.233579019321833
15234,2020-06-26 18:00:00,0.000568326,0.6254547001328709
15235,2020-06-26 19:00:00,0.000301561,0.04093224101211834
15236,2020-06-26 20:00:00,0.000147836,0.6584944139828411
15237,2020-06-26 21:00:00,7.0193e-05,0.7761548047396709
15238,2020-06-26 22:00:00,4.279e-05,0.9763407996494754
15239,2020-06-26 23:00:00,2.8918e-05,0.08585072596237697
15240,2020-06-27 00:00:00,1.9828e-05,0.9755378083957648
15241,2020-06-27 01:00:00,1.5261e-05,0.0741536089486281
15242,2020-06-27 02:00:00,1.0659e-05,0.538717233898877
15243,2020-06-27 03:00:00,3.839e-06,0.5875328870579115
15244,2020-06-27 04:00:00,0.0,0.19878294109857308
15245,2020-06-27 05:00:00,2.4021e-05,0.8119853020169432
15246,2020-06-27 06:00:00,9.2542e-05,0.055936876102567146
15247,2020-06-27 07:00:00,0.000179536,0.3181203034783422
15248,2020-06-27 08:00:00,0.002814488,0.05064202756101732
15249,2020-06-27 09:00:00,0.004187182,0.5528197328705834
15250,2020-06-27 10:00:00,0.003695241,0.20197609126333016
15251,2020-06-27 11:00:00,0.000592189,0.26017846974722014
15252,2020-06-27 12:00:00,0.000670225,0.3500662188206558
15253,2020-06-27 13:00:00,0.000767824,0.11675629803412813
15254,2020-06-27 14:00:00,0.000904786,0.8124011019479853
15255,2020-06-27 15:00:00,0.001011829,0.9382754215873215
15256,2020-06-27 16:00:00,0.001530698,0.36147615108481757
15257,2020-06-27 17:00:00,0.001264214,0.10845901853845319
15258,2020-06-27 18:00:00,0.000883564,0.09313723585007605
15259,2020-06-27 19:00:00,0.00041869,0.04222343686799057
15260,2020-06-27 20:00:00,0.000176386,0.36285797887620364
15261,2020-06-27 21:00:00,8.076e-05,0.6127376870424361
15262,2020-06-27 22:00:00,7.9329e-05,0.8799912540329966
15263,2020-06-27 23:00:00,5.0103e-05,0.31234231298278237
15264,2020-06-28 00:00:00,3.0092e-05,0.3736402019749977
15265,2020-06-28 01:00:00,1.3746e-05,0.6460028944127865
15266,2020-06-28 02:00:00,2.754e-06,0.8703939143670676
15267,2020-06-28 03:00:00,2.0876e-05,0.6666645212412703
15268,2020-06-28 04:00:00,2.8533e-05,0.2171932394436843
15269,2020-06-28 05:00:00,3.59e-05,0.02361443779689887
15270,2020-06-28 06:00:00,3.6087e-05,0.9944325851054031
15271,2020-06-28 07:00:00,3.895e-05,0.6004690511714017
15272,2020-06-28 08:00:00,4.2512e-05,0.7712825058398118
15273,2020-06-28 09:00:00,4.4814e-05,0.2931140512317776
15274,2020-06-28 10:00:00,3.9272e-05,0.13816882938678876
15275,2020-06-28 11:00:00,6.3334e-05,0.6818999685284115
15276,2020-06-28 12:00:00,0.000105927,0.24619028018553157
15277,2020-06-28 13:00:00,0.000121983,0.8658097264650908
15278,2020-06-28 14:00:00,9.9557e-05,0.23299040282255024
15279,2020-06-28 15:00:00,6.4881e-05,0.4816244843933013
15280,2020-06-28 16:00:00,5.5468e-05,0.9253152038727989
15281,2020-06-28 17:00:00,4.024e-05,0.8421493980080031
15282,2020-06-28 18:00:00,2.5876e-05,0.7526575797027456
15283,2020-06-28 19:00:00,1.5686e-05,0.07998221462175492
15284,2020-06-28 20:00:00,7.058e-06,0.6809902346883037
15285,2020-06-28 21:00:00,3.729e-06,0.9237743017153461
15286,2020-06-28 22:00:00,2.284e-06,0.5482644713422624
15287,2020-06-28 23:00:00,1.307e-06,0.33711105570204547
15288,2020-06-29 00:00:00,0.0,0.38625222759271394
15289,2020-06-29 01:00:00,0.0,0.04582927392601743
15290,2020-06-29 02:00:00,0.0,0.33429190403162523
15291,2020-06-29 03:00:00,0.0,0.2021789598420175
15292,2020-06-29 04:00:00,0.0,0.5809175274476048
15293,2020-06-29 05:00:00,0.0,0.8864534877811212
15294,2020-06-29 06:00:00,0.0,0.8550363882000299
15295,2020-06-29 07:00:00,0.0,0.211830574329819
15296,2020-06-29 08:00:00,0.0,0.570697790112149
15297,2020-06-29 09:00:00,0.0,0.8313262346000735
15298,2020-06-29 10:00:00,0.0,0.7156330815028655
15299,2020-06-29 11:00:00,0.0,0.27991619728774664
15300,2020-06-29 12:00:00,0.0,0.36681215858943705
15301,2020-06-29 13:00:00,0.0,0.8234821562883494
15302,2020-06-29 14:00:00,0.0,0.8012646569985177
15303,2020-06-29 15:00:00,0.0,0.5230936551203296
15304,2020-06-29 16:00:00,0.0,0.25542589873030663
15305,2020-06-29 17:00:00,0.0,0.33574116534732723
15306,2020-06-29 18:00:00,0.0,0.7808726420288225
15307,2020-06-29 19:00:00,0.0,0.2743705537671335
15308,2020-06-29 20:00:00,0.0,0.9476602278992744
15309,2020-06-29 21:00:00,0.0,0.02855730099657272
15310,2020-06-29 22:00:00,0.0,0.8105710663364671
15311,2020-06-29 23:00:00,0.0,0.7777804150849625
15312,2020-06-30 00:00:00,0.0,0.5011862833632856
15313,2020-06-30 01:00:00,0.0,0.5192415014310009
15314,2020-06-30 02:00:00,0.0,0.43615387574874476
15315,2020-06-30 03:00:00,0.0,0.027216712018741318
15316,2020-06-30 04:00:00,0.0,0.08948415810355093
15317,2020-06-30 05:00:00,0.0,0.15972536688257744
15318,2020-06-30 06:00:00,0.0,0.2537834387274529
15319,2020-06-30 07:00:00,0.0,0.024755113401068285
15320,2020-06-30 08:00:00,0.0,0.5916870579489306
15321,2020-06-30 09:00:00,0.0,0.666272797119925
15322,2020-06-30 10:00:00,0.009831834,0.5846689696158605
15323,2020-06-30 11:00:00,0.000836451,0.014692718746512234
15324,2020-06-30 12:00:00,0.000417935,0.195694430995629
15325,2020-06-30 13:00:00,0.000342909,0.2291368127187131
15326,2020-06-30 14:00:00,0.000187981,0.647872823963396
15327,2020-06-30 15:00:00,0.000485626,0.047809505530002516
15328,2020-06-30 16:00:00,0.000671324,0.9639306865833862
15329,2020-06-30 17:00:00,0.000602942,0.6846105434183496
15330,2020-06-30 18:00:00,0.000523755,0.6985605624790728
15331,2020-06-30 19:00:00,0.000384977,0.8623657862730367
15332,2020-06-30 20:00:00,0.0002419,0.9047023458556042
15333,2020-06-30 21:00:00,6.6434e-05,0.7196852026870522
15334,2020-06-30 22:00:00,3.8524e-05,0.6991365382243769
15335,2020-06-30 23:00:00,1.5232e-05,0.290693314995379
15336,2020-07-01 00:00:00,3.448e-06,0.6162315910874685
15337,2020-07-01 01:00:00,0.0,0.7194436406033932
15338,2020-07-01 02:00:00,0.0,0.6911813763391998
15339,2020-07-01 03:00:00,0.0,0.7426133140410153
15340,2020-07-01 04:00:00,0.0,0.20199781576076636
15341,2020-07-01 05:00:00,0.0,0.08645748656181085
15342,2020-07-01 06:00:00,0.0,0.5756897914012695
15343,2020-07-01 07:00:00,0.0,0.6536578277655777
15344,2020-07-01 08:00:00,0.0,0.7278678169613029
15345,2020-07-01 09:00:00,0.0,0.9232096380334163
15346,2020-07-01 10:00:00,0.0,0.2993289125384485
15347,2020-07-01 11:00:00,0.0,0.725207705632853
15348,2020-07-01 12:00:00,0.0,0.8534713694917283
15349,2020-07-01 13:00:00,0.0,0.7535184121303152
15350,2020-07-01 14:00:00,0.0,0.7263066625586204
15351,2020-07-01 15:00:00,0.0,0.9511653486418993
15352,2020-07-01 16:00:00,0.0,0.14146279095523007
15353,2020-07-01 17:00:00,0.0,0.9231679028830576
15354,2020-07-01 18:00:00,0.0,0.5077591312189815
15355,2020-07-01 19:00:00,0.0,0.7238620108067951
15356,2020-07-01 20:00:00,0.0,0.2674635734934566
15357,2020-07-01 21:00:00,0.0,0.3451841736419846
15358,2020-07-01 22:00:00,0.0,0.07429748974028194
15359,2020-07-01 23:00:00,0.0,0.4044134581942004
15360,2020-07-02 00:00:00,0.0,0.16044603006824698
15361,2020-07-02 01:00:00,0.0,0.22177762681107205
15362,2020-07-02 02:00:00,0.0,0.9105624799081024
15363,2020-07-02 03:00:00,0.0,0.053870424103780845
15364,2020-07-02 04:00:00,0.0,0.6887656157316983
15365,2020-07-02 05:00:00,0.0,0.32773529122429657
15366,2020-07-02 06:00:00,0.0,0.5278597716001818
15367,2020-07-02 07:00:00,0.0,0.5047810500208469
15368,2020-07-02 08:00:00,0.0,0.8175419158476405
15369,2020-07-02 09:00:00,0.0,0.26284547970179595
15370,2020-07-02 10:00:00,0.0,0.002973962258863372
15371,2020-07-02 11:00:00,0.0,0.5152688278412474
15372,2020-07-02 12:00:00,0.0,0.6643524087812407
15373,2020-07-02 13:00:00,0.0,0.8798784433619058
15374,2020-07-02 14:00:00,0.0,0.7521210186388836
15375,2020-07-02 15:00:00,0.0,0.0912908184988257
15376,2020-07-02 16:00:00,0.0,0.2645824699241227
15377,2020-07-02 17:00:00,0.0,0.3605539432209034
15378,2020-07-02 18:00:00,0.0,0.7571981194726473
15379,2020-07-02 19:00:00,0.0,0.9566955750989701
15380,2020-07-02 20:00:00,0.0,0.8314976174413105
15381,2020-07-02 21:00:00,0.0,0.015878335935652133
15382,2020-07-02 22:00:00,0.0,0.5437108611457725
15383,2020-07-02 23:00:00,0.0,0.8505146768503927
15384,2020-07-03 00:00:00,0.0,0.42308265031032355
15385,2020-07-03 01:00:00,0.0,0.6105437510753646
15386,2020-07-03 02:00:00,0.0,0.7605446936086835
15387,2020-07-03 03:00:00,0.00032209,0.3938145575655382
15388,2020-07-03 04:00:00,0.000179926,0.9284874603572437
15389,2020-07-03 05:00:00,0.00048422,0.2575620357931674
15390,2020-07-03 06:00:00,0.000551563,0.07938326506996585
15391,2020-07-03 07:00:00,0.001158259,0.1556026004029557
15392,2020-07-03 08:00:00,0.001325036,0.6245210605059817
15393,2020-07-03 09:00:00,0.001799681,0.6335278798610121
15394,2020-07-03 10:00:00,0.000321931,0.4478381966001559
15395,2020-07-03 11:00:00,0.001255739,0.18043093828762624
15396,2020-07-03 12:00:00,0.000341611,0.22382637420875395
15397,2020-07-03 13:00:00,0.004290598,0.9530051200209956
15398,2020-07-03 14:00:00,0.007979152,0.10470169738406532
15399,2020-07-03 15:00:00,0.009665019,0.9534476895787265
15400,2020-07-03 16:00:00,0.012081353,0.45008128355784993
15401,2020-07-03 17:00:00,0.008354819,0.35939584108998135
15402,2020-07-03 18:00:00,0.004751585,0.7350314188634268
15403,2020-07-03 19:00:00,0.003201389,0.06803221522270886
15404,2020-07-03 20:00:00,0.001526457,0.9244784894583925
15405,2020-07-03 21:00:00,0.000758577,0.7750744431085925
15406,2020-07-03 22:00:00,0.000478462,0.3602788594291888
15407,2020-07-03 23:00:00,0.000405958,0.02526168327745215
15408,2020-07-04 00:00:00,0.000333813,0.16839231391044784
15409,2020-07-04 01:00:00,0.000197291,0.12464705093886586
15410,2020-07-04 02:00:00,0.000133019,0.5523667379422735
15411,2020-07-04 03:00:00,0.000211778,0.458173671863246
15412,2020-07-04 04:00:00,0.00016554,0.0356133853762578
15413,2020-07-04 05:00:00,0.000203803,0.05406245949034194
15414,2020-07-04 06:00:00,0.000171078,0.31763383848313864
15415,2020-07-04 07:00:00,0.000198188,0.581076896016682
15416,2020-07-04 08:00:00,0.002852635,0.5813758356740003
15417,2020-07-04 09:00:00,0.001048409,0.8547307199939607
15418,2020-07-04 10:00:00,0.001166647,0.6695818098540381
15419,2020-07-04 11:00:00,0.000912613,0.10611970393496128
15420,2020-07-04 12:00:00,0.006554197,0.6690888751657154
15421,2020-07-04 13:00:00,0.000777711,0.5563382611028257
15422,2020-07-04 14:00:00,0.001223643,0.6214957509031255
15423,2020-07-04 15:00:00,0.0014268,0.22563740924608444
15424,2020-07-04 16:00:00,0.001210036,0.5972640052021191
15425,2020-07-04 17:00:00,0.001025796,0.20594038655107638
15426,2020-07-04 18:00:00,0.000491561,0.9858058318320206
15427,2020-07-04 19:00:00,0.000334861,0.8712975156291896
15428,2020-07-04 20:00:00,0.000227058,0.0508326036332315
15429,2020-07-04 21:00:00,0.000143997,0.07765260450704747
15430,2020-07-04 22:00:00,8.6036e-05,0.2708036404918158
15431,2020-07-04 23:00:00,3.6035e-05,0.19934529915087396
15432,2020-07-05 00:00:00,3.8021e-05,0.8777628424448327
15433,2020-07-05 01:00:00,3.3823e-05,0.39194559349095137
15434,2020-07-05 02:00:00,2.046e-05,0.595950602899897
15435,2020-07-05 03:00:00,0.000193309,0.13693781318985876
15436,2020-07-05 04:00:00,0.000547741,0.23723584385075747
15437,2020-07-05 05:00:00,0.000914533,0.3709492694346571
15438,2020-07-05 06:00:00,0.006039525,0.0965962265302378
15439,2020-07-05 07:00:00,0.010176266,0.07487640341778001
15440,2020-07-05 08:00:00,0.016882703,0.005867808984201361
15441,2020-07-05 09:00:00,0.023082636,0.6547547594427866
15442,2020-07-05 10:00:00,0.029930845,0.39660065094565955
15443,2020-07-05 11:00:00,0.035619095,0.7543363975683988
15444,2020-07-05 12:00:00,0.040945131,0.43683006299138794
15445,2020-07-05 13:00:00,0.047047447,0.7471324515207808
15446,2020-07-05 14:00:00,0.012759495,0.6403267049288185
15447,2020-07-05 15:00:00,0.031136783,0.1312817274581184
15448,2020-07-05 16:00:00,0.041397754,0.8316895921301241
15449,2020-07-05 17:00:00,0.031091481,0.333171282869662
15450,2020-07-05 18:00:00,0.022599695,0.8566752724911838
15451,2020-07-05 19:00:00,0.013410321,0.6529916398212197
15452,2020-07-05 20:00:00,0.006278907,0.6069369831759532
15453,2020-07-05 21:00:00,0.003097046,0.5119231291258527
15454,2020-07-05 22:00:00,0.001911486,0.8917317122891576
15455,2020-07-05 23:00:00,0.001413161,0.5956224407422849
15456,2020-07-06 00:00:00,0.000881563,0.9022721304767307
15457,2020-07-06 01:00:00,0.000967307,0.18192292493415962
15458,2020-07-06 02:00:00,0.000970717,0.18996210155116344
15459,2020-07-06 03:00:00,0.000911693,0.5105707671816649
15460,2020-07-06 04:00:00,0.004719302,0.7820484940202188
15461,2020-07-06 05:00:00,0.005070115,0.4257378478424798
15462,2020-07-06 06:00:00,0.005004391,0.8738021928710409
15463,2020-07-06 07:00:00,0.006931303,0.6076148711119256
15464,2020-07-06 08:00:00,0.005189946,0.27812127435504663
15465,2020-07-06 09:00:00,0.010036446,0.3308314980214154
15466,2020-07-06 10:00:00,0.017642818,0.9446891767331388
15467,2020-07-06 11:00:00,0.016385134,0.42549369705387596
15468,2020-07-06 12:00:00,0.01630304,0.9699892038991417
15469,2020-07-06 13:00:00,0.015758436,0.29945790160335617
15470,2020-07-06 14:00:00,0.028213641,0.538657692343886
15471,2020-07-06 15:00:00,0.036464695,0.7747695102588914
15472,2020-07-06 16:00:00,0.029578315,0.5543813216299416
15473,2020-07-06 17:00:00,0.022797897,0.9933785936006828
15474,2020-07-06 18:00:00,0.013764642,0.42371382123794243
15475,2020-07-06 19:00:00,0.008798872,0.6419622788012993
15476,2020-07-06 20:00:00,0.003615421,0.5586343942288354
15477,2020-07-06 21:00:00,0.001433342,0.5561059151794154
15478,2020-07-06 22:00:00,0.0009927,0.9447803147782279
15479,2020-07-06 23:00:00,0.000751521,0.6904556834571071
15480,2020-07-07 00:00:00,0.000560073,0.4630532098383364
15481,2020-07-07 01:00:00,0.000235999,0.2941749238177871
15482,2020-07-07 02:00:00,0.000150912,0.8036783650564852
15483,2020-07-07 03:00:00,0.000277203,0.532110027125695
15484,2020-07-07 04:00:00,0.001237191,0.7653496761860152
15485,2020-07-07 05:00:00,0.002211496,0.919160539079939
15486,2020-07-07 06:00:00,0.002150714,0.26819324660811616
15487,2020-07-07 07:00:00,0.001828212,0.4508112827696946
15488,2020-07-07 08:00:00,0.002094416,0.6496219368421564
15489,2020-07-07 09:00:00,0.002551213,0.6196219037895487
15490,2020-07-07 10:00:00,0.008755572,0.08814435356055161
15491,2020-07-07 11:00:00,0.010481217,0.802613769473787
15492,2020-07-07 12:00:00,0.007270672,0.19560251081150037
15493,2020-07-07 13:00:00,0.002729506,0.7034931168236486
15494,2020-07-07 14:00:00,0.003568109,0.7849110007108531
15495,2020-07-07 15:00:00,0.006639522,0.3065802249362286
15496,2020-07-07 16:00:00,0.006646368,0.534387121631075
15497,2020-07-07 17:00:00,0.004193734,0.8580360458307924
15498,2020-07-07 18:00:00,0.002635533,0.5653529929687354
15499,2020-07-07 19:00:00,0.001213211,0.18551231911274602
15500,2020-07-07 20:00:00,0.000527265,0.4048952327841536
15501,2020-07-07 21:00:00,0.000251829,0.8859092288552919
15502,2020-07-07 22:00:00,0.000129506,0.17651107283492562
15503,2020-07-07 23:00:00,6.8237e-05,0.27812372889203163
15504,2020-07-08 00:00:00,3.9209e-05,0.291050359792404
15505,2020-07-08 01:00:00,2.6925e-05,0.8805572294743439
15506,2020-07-08 02:00:00,1.0946e-05,0.11439393106772655
15507,2020-07-08 03:00:00,7.273e-06,0.4423910477170667
15508,2020-07-08 04:00:00,0.000264672,0.6599687132304667
15509,2020-07-08 05:00:00,0.00034005,0.48777558338047744
15510,2020-07-08 06:00:00,0.000473352,0.5197063974092087
15511,2020-07-08 07:00:00,0.000913117,0.8639761865774882
15512,2020-07-08 08:00:00,0.001839041,0.36660673393049603
15513,2020-07-08 09:00:00,0.002018008,0.3359748412093291
15514,2020-07-08 10:00:00,0.001779564,0.7600422916645058
15515,2020-07-08 11:00:00,0.003256145,0.5375287232938405
15516,2020-07-08 12:00:00,0.003943339,0.5258871532362946
15517,2020-07-08 13:00:00,0.005108939,0.2462113799428436
15518,2020-07-08 14:00:00,0.005116924,0.8405331930530929
15519,2020-07-08 15:00:00,0.008995698,0.09578222801697533
15520,2020-07-08 16:00:00,0.011817627,0.10949934180450349
15521,2020-07-08 17:00:00,0.010290007,0.03937980890502457
15522,2020-07-08 18:00:00,0.00642107,0.02241771643488577
15523,2020-07-08 19:00:00,0.003686705,0.9707231836687147
15524,2020-07-08 20:00:00,0.002008314,0.6553568783796552
15525,2020-07-08 21:00:00,0.001075242,0.5809000316901519
15526,2020-07-08 22:00:00,0.000630287,0.3965945114403888
15527,2020-07-08 23:00:00,0.000349601,0.17039462476113154
15528,2020-07-09 00:00:00,0.000178946,0.3039297677943945
15529,2020-07-09 01:00:00,7.7906e-05,0.1450233682483405
15530,2020-07-09 02:00:00,4.0207e-05,0.8172948460292957
15531,2020-07-09 03:00:00,0.000153366,0.6110191905735474
15532,2020-07-09 04:00:00,0.000122302,0.37943532863413065
15533,2020-07-09 05:00:00,0.000188021,0.19199559962980328
15534,2020-07-09 06:00:00,0.000358114,0.5769515684705108
15535,2020-07-09 07:00:00,0.000812521,0.769460351091797
15536,2020-07-09 08:00:00,0.000658424,0.11406594714650675
15537,2020-07-09 09:00:00,0.001001715,0.13019566915130787
15538,2020-07-09 10:00:00,0.001295607,0.4117120189759629
15539,2020-07-09 11:00:00,0.001108489,0.24591625311579657
15540,2020-07-09 12:00:00,0.001676852,0.7724205052368691
15541,2020-07-09 13:00:00,0.001480626,0.011469033523625494
15542,2020-07-09 14:00:00,0.002072342,0.2512600694407706
15543,2020-07-09 15:00:00,0.003283739,0.6883855015292516
15544,2020-07-09 16:00:00,0.003137653,0.9201973042105553
15545,2020-07-09 17:00:00,0.002147926,0.8025622425234495
15546,2020-07-09 18:00:00,0.001234094,0.2957938982042789
15547,2020-07-09 19:00:00,0.000713695,0.5338061016026268
15548,2020-07-09 20:00:00,0.000360776,0.9721738223342059
15549,2020-07-09 21:00:00,0.000185986,0.18754119972586125
15550,2020-07-09 22:00:00,9.8183e-05,0.7346389980743647
15551,2020-07-09 23:00:00,7.0645e-05,0.10237760541238405
15552,2020-07-10 00:00:00,5.57e-05,0.6140771026582961
15553,2020-07-10 01:00:00,4.283e-05,0.14512931125311868
15554,2020-07-10 02:00:00,1.5599e-05,0.9930224755859255
15555,2020-07-10 03:00:00,1.1316e-05,0.006371880555863241
15556,2020-07-10 04:00:00,3.374e-06,0.5193759366213366
15557,2020-07-10 05:00:00,2.516e-06,0.3260966655345806
15558,2020-07-10 06:00:00,7.9697e-05,0.81793223706185
15559,2020-07-10 07:00:00,0.000338861,0.10126369592009188
15560,2020-07-10 08:00:00,0.000335837,0.7616411019738579
15561,2020-07-10 09:00:00,0.00060721,0.4294011143372255
15562,2020-07-10 10:00:00,0.000810552,0.2848682613248279
15563,2020-07-10 11:00:00,0.000926278,0.03114140367981999
15564,2020-07-10 12:00:00,0.000872498,0.6867276851577053
15565,2020-07-10 13:00:00,0.000816256,0.975511375645426
15566,2020-07-10 14:00:00,0.001063063,0.7898845053346791
15567,2020-07-10 15:00:00,0.001387938,0.387575660224838
15568,2020-07-10 16:00:00,0.001616233,0.7341862884059427
15569,2020-07-10 17:00:00,0.001123295,0.36534922643424117
15570,2020-07-10 18:00:00,0.000652284,0.9681916921011325
15571,2020-07-10 19:00:00,0.00031743,0.9411313167212157
15572,2020-07-10 20:00:00,0.000182759,0.15490834049586277
15573,2020-07-10 21:00:00,9.7526e-05,0.02722122694119955
15574,2020-07-10 22:00:00,6.281e-05,0.9352180481818625
15575,2020-07-10 23:00:00,4.4711e-05,0.44473469536007837
15576,2020-07-11 00:00:00,2.1098e-05,0.5300625852013097
15577,2020-07-11 01:00:00,1.4161e-05,0.5562204115059641
15578,2020-07-11 02:00:00,9.308e-06,0.5294450822802044
15579,2020-07-11 03:00:00,4.214e-06,0.07404155439677529
15580,2020-07-11 04:00:00,5.9515e-05,0.6491086124911372
15581,2020-07-11 05:00:00,0.000332494,0.9282785859365085
15582,2020-07-11 06:00:00,0.000320157,0.26599646569382973
15583,2020-07-11 07:00:00,0.001489062,0.6025558666948441
15584,2020-07-11 08:00:00,0.001736337,0.16264111944426696
15585,2020-07-11 09:00:00,0.001755534,0.960807132576918
15586,2020-07-11 10:00:00,0.002933337,0.14525838877607633
15587,2020-07-11 11:00:00,0.000595471,0.51136226826148
15588,2020-07-11 12:00:00,0.00100429,0.001819677688098098
15589,2020-07-11 13:00:00,0.001213309,0.5668432631119694
15590,2020-07-11 14:00:00,0.003543249,0.8735437601189847
15591,2020-07-11 15:00:00,0.01205802,0.8420129529906041
15592,2020-07-11 16:00:00,0.019326778,0.20374307320804497
15593,2020-07-11 17:00:00,0.018649129,0.11421884251281833
15594,2020-07-11 18:00:00,0.0119558,0.6848908559737114
15595,2020-07-11 19:00:00,0.006805891,0.46348660900262095
15596,2020-07-11 20:00:00,0.003539799,0.6941998042277662
15597,2020-07-11 21:00:00,0.00204527,0.1574994728582204
15598,2020-07-11 22:00:00,0.001558142,0.5955692909940289
15599,2020-07-11 23:00:00,0.001171781,0.9865314473120741
15600,2020-07-12 00:00:00,0.000801601,0.5298718361790863
15601,2020-07-12 01:00:00,0.000415888,0.7468938937318249
15602,2020-07-12 02:00:00,0.000273448,0.8922392991318685
15603,2020-07-12 03:00:00,0.000261053,0.8576253328981528
15604,2020-07-12 04:00:00,0.000161714,0.8570358214126553
15605,2020-07-12 05:00:00,9.9236e-05,0.7904274585423676
15606,2020-07-12 06:00:00,4.944e-05,0.26168234986361716
15607,2020-07-12 07:00:00,4.2166e-05,0.5577531238034721
15608,2020-07-12 08:00:00,6.9974e-05,0.0805459827111279
15609,2020-07-12 09:00:00,6.981e-05,0.3615582992129217
15610,2020-07-12 10:00:00,9.3027e-05,0.4462453169203724
15611,2020-07-12 11:00:00,3.781e-05,0.8580927440466624
15612,2020-07-12 12:00:00,0.000132045,0.13915669357396898
15613,2020-07-12 13:00:00,0.000172503,0.3502506152760073
15614,2020-07-12 14:00:00,0.000556232,0.011667459038286476
15615,2020-07-12 15:00:00,0.00096393,0.3444938063375149
15616,2020-07-12 16:00:00,0.001406539,0.33434816333690887
15617,2020-07-12 17:00:00,0.001078382,0.5078087486906119
15618,2020-07-12 18:00:00,0.000546649,0.16780843406923696
15619,2020-07-12 19:00:00,0.000265262,0.5007861450597871
15620,2020-07-12 20:00:00,0.000136467,0.6899485354492987
15621,2020-07-12 21:00:00,6.8316e-05,0.7706957105434348
15622,2020-07-12 22:00:00,3.2384e-05,0.24853681339379585
15623,2020-07-12 23:00:00,1.5774e-05,0.056361785280232723
15624,2020-07-13 00:00:00,1.0445e-05,0.751891277959731
15625,2020-07-13 01:00:00,3.566e-06,0.5171210226593395
15626,2020-07-13 02:00:00,2.713e-06,0.28272747573179613
15627,2020-07-13 03:00:00,2.429e-06,0.9984331237018043
15628,2020-07-13 04:00:00,0.0,0.7646589520721047
15629,2020-07-13 05:00:00,0.0,0.9097371594723499
15630,2020-07-13 06:00:00,0.0,0.6537819656787712
15631,2020-07-13 07:00:00,0.0,0.7169495068484042
15632,2020-07-13 08:00:00,0.0,0.7474676079569161
15633,2020-07-13 09:00:00,0.0,0.5860105647476821
15634,2020-07-13 10:00:00,0.0,0.6811215803055147
15635,2020-07-13 11:00:00,0.0,0.1569480634915249
15636,2020-07-13 12:00:00,0.0,0.2497358342410927
15637,2020-07-13 13:00:00,0.0,0.8671413504133142
15638,2020-07-13 14:00:00,0.0,0.5864798634564579
15639,2020-07-13 15:00:00,0.0,0.48376364759664936
15640,2020-07-13 16:00:00,0.0,0.4886197636543388
15641,2020-07-13 17:00:00,0.0,0.5314302752637187
15642,2020-07-13 18:00:00,0.0,0.6616731820928994
15643,2020-07-13 19:00:00,0.0,0.29983629295840697
15644,2020-07-13 20:00:00,0.0,0.38541014193202283
15645,2020-07-13 21:00:00,0.0,0.4480658815700872
15646,2020-07-13 22:00:00,0.0,0.06884265237580833
15647,2020-07-13 23:00:00,0.0,0.6726791965308813
15648,2020-07-14 00:00:00,0.0,0.64807968888302
15649,2020-07-14 01:00:00,0.0,0.8986502536739033
15650,2020-07-14 02:00:00,0.0,0.9922985460495637
15651,2020-07-14 03:00:00,0.0,0.8653835804697295
15652,2020-07-14 04:00:00,0.0,0.659658717184658
15653,2020-07-14 05:00:00,0.0,0.8333043506500032
15654,2020-07-14 06:00:00,0.0,0.04148442769211391
15655,2020-07-14 07:00:00,0.0,0.2149482451939967
15656,2020-07-14 08:00:00,0.0,0.5485037727749466
15657,2020-07-14 09:00:00,0.0,0.470452042074351
15658,2020-07-14 10:00:00,0.0,0.8637469527957429
15659,2020-07-14 11:00:00,0.0,0.708957607757606
15660,2020-07-14 12:00:00,0.0,0.45624999634746577
15661,2020-07-14 13:00:00,0.0,0.8769064508928297
15662,2020-07-14 14:00:00,0.0,0.37909822251395775
15663,2020-07-14 15:00:00,0.0,0.2626942520878447
15664,2020-07-14 16:00:00,0.0,0.8758549089586868
15665,2020-07-14 17:00:00,0.0,0.39952886939493015
15666,2020-07-14 18:00:00,0.0,0.012832105284350304
15667,2020-07-14 19:00:00,0.0,0.972123829308865
15668,2020-07-14 20:00:00,0.0,0.5999497860175073
15669,2020-07-14 21:00:00,0.0,0.5667206850430188
15670,2020-07-14 22:00:00,0.0,0.05644517715823871
15671,2020-07-14 23:00:00,0.0,0.08104055447607594
15672,2020-07-15 00:00:00,0.0,0.5602446744016868
15673,2020-07-15 01:00:00,0.0,0.2254790132819784
15674,2020-07-15 02:00:00,0.0,0.20637774843441836
15675,2020-07-15 03:00:00,0.0,0.6038400914801607
15676,2020-07-15 04:00:00,0.0,0.9493188688662004
15677,2020-07-15 05:00:00,0.0,0.20160508814302813
15678,2020-07-15 06:00:00,0.0,0.14373577552982453
15679,2020-07-15 07:00:00,0.0,0.7544516136563763
15680,2020-07-15 08:00:00,0.0,0.6298927909258925
15681,2020-07-15 09:00:00,0.0,0.5225562459619584
15682,2020-07-15 10:00:00,0.0,0.559235854982249
15683,2020-07-15 11:00:00,0.000468192,0.348445941916645
15684,2020-07-15 12:00:00,0.003972979,0.3305264776468043
15685,2020-07-15 13:00:00,0.000530602,0.8298288242884203
15686,2020-07-15 14:00:00,0.001250128,0.20285017639179292
15687,2020-07-15 15:00:00,0.003051048,0.6408049760249087
15688,2020-07-15 16:00:00,0.003396366,0.8644955543931404
15689,2020-07-15 17:00:00,0.002322045,0.09052900384935691
15690,2020-07-15 18:00:00,0.001348634,0.23461827622143905
15691,2020-07-15 19:00:00,0.000722427,0.6317921285354767
15692,2020-07-15 20:00:00,0.000418932,0.424198630980101
15693,2020-07-15 21:00:00,0.000203109,0.6679094680909412
15694,2020-07-15 22:00:00,0.000163092,0.5757903149690183
15695,2020-07-15 23:00:00,0.000155622,0.3682811497708217
15696,2020-07-16 00:00:00,5.9424e-05,0.7843118578169785
15697,2020-07-16 01:00:00,2.168e-05,0.8198877366051653
15698,2020-07-16 02:00:00,1.8806e-05,0.08651435420981868
15699,2020-07-16 03:00:00,1.4958e-05,0.1277170444960365
15700,2020-07-16 04:00:00,0.000346418,0.022799206790068083
15701,2020-07-16 05:00:00,0.00201825,0.06700116652995713
15702,2020-07-16 06:00:00,0.00256592,0.922352504777774
15703,2020-07-16 07:00:00,0.001681778,0.7347835275640506
15704,2020-07-16 08:00:00,0.001490442,0.5152326280251066
15705,2020-07-16 09:00:00,0.001278416,0.93510467663641
15706,2020-07-16 10:00:00,0.000929786,0.7724341550427423
15707,2020-07-16 11:00:00,0.001536569,0.10542405179214653
15708,2020-07-16 12:00:00,0.001622865,0.9491217830818758
15709,2020-07-16 13:00:00,0.001896375,0.5183589286170729
15710,2020-07-16 14:00:00,0.001435532,0.9829435705942614
15711,2020-07-16 15:00:00,0.001071283,0.9204317547801399
15712,2020-07-16 16:00:00,0.000926961,0.5518545718700602
15713,2020-07-16 17:00:00,0.000581192,0.5945969956739704
15714,2020-07-16 18:00:00,0.000327579,0.7688021097826175
15715,2020-07-16 19:00:00,0.000179953,0.9460049369838157
15716,2020-07-16 20:00:00,7.4244e-05,0.34939350993432916
15717,2020-07-16 21:00:00,3.8084e-05,0.12449500799783464
15718,2020-07-16 22:00:00,1.8065e-05,0.810285970554328
15719,2020-07-16 23:00:00,1.6402e-05,0.7638928096774024
15720,2020-07-17 00:00:00,1.7429e-05,0.1817506667554435
15721,2020-07-17 01:00:00,9.597e-06,0.14686272116044252
15722,2020-07-17 02:00:00,4.921e-06,0.47404707306567373
15723,2020-07-17 03:00:00,4.775e-06,0.5123443412667685
15724,2020-07-17 04:00:00,3.382e-06,0.6232123957278677
15725,2020-07-17 05:00:00,0.000200272,0.5431488900821583
15726,2020-07-17 06:00:00,0.000124647,0.9841974444261636
15727,2020-07-17 07:00:00,0.000972761,0.9847661222656835
15728,2020-07-17 08:00:00,0.001643542,0.1914316215518309
15729,2020-07-17 09:00:00,0.002432249,0.8165984554443606
15730,2020-07-17 10:00:00,0.002868827,0.3458639794906848
15731,2020-07-17 11:00:00,0.003974585,0.6078349423207606
15732,2020-07-17 12:00:00,0.004391308,0.0712532083177233
15733,2020-07-17 13:00:00,0.004593877,0.9627091293376716
15734,2020-07-17 14:00:00,0.006026126,0.6903946987368441
15735,2020-07-17 15:00:00,0.005926966,0.7980999602736507
15736,2020-07-17 16:00:00,0.006076682,0.5097648521128096
15737,2020-07-17 17:00:00,0.004814946,0.5216020812768868
15738,2020-07-17 18:00:00,0.003253944,0.27587155341870273
15739,2020-07-17 19:00:00,0.001728288,0.5616160911743497
15740,2020-07-17 20:00:00,0.000984123,0.1951687403829725
15741,2020-07-17 21:00:00,0.000443247,0.8310753749154659
15742,2020-07-17 22:00:00,0.000256115,0.3811462942060261
15743,2020-07-17 23:00:00,0.000212506,0.7815769334911045
15744,2020-07-18 00:00:00,0.000189001,0.856827216673684
15745,2020-07-18 01:00:00,0.000134555,0.6733168788483284
15746,2020-07-18 02:00:00,0.000112504,0.06405820583919175
15747,2020-07-18 03:00:00,7.2479e-05,0.9758437486231096
15748,2020-07-18 04:00:00,0.000343971,0.3600967051625752
15749,2020-07-18 05:00:00,0.00097134,0.3283031976964942
15750,2020-07-18 06:00:00,0.001418692,0.8635312320900278
15751,2020-07-18 07:00:00,0.002304294,0.048726601965687455
15752,2020-07-18 08:00:00,0.012671426,0.5786268480057191
15753,2020-07-18 09:00:00,0.023964752,0.8750074672008957
15754,2020-07-18 10:00:00,0.034281835,0.3414188831865388
15755,2020-07-18 11:00:00,0.042697195,0.26301672505994755
15756,2020-07-18 12:00:00,0.050818872,0.680025019898296
15757,2020-07-18 13:00:00,0.024597712,0.1339171158441882
15758,2020-07-18 14:00:00,0.015724411,0.25620444416461696
15759,2020-07-18 15:00:00,0.030850548,0.11772825392650588
15760,2020-07-18 16:00:00,0.034128446,0.8316097250281619
15761,2020-07-18 17:00:00,0.026138797,0.5623684727894278
15762,2020-07-18 18:00:00,0.018468743,0.9130841129185917
15763,2020-07-18 19:00:00,0.009468066,0.2115730859506233
15764,2020-07-18 20:00:00,0.004769909,0.9436228819634263
15765,2020-07-18 21:00:00,0.002648453,0.026245491003456967
15766,2020-07-18 22:00:00,0.001753214,0.1708777023402407
15767,2020-07-18 23:00:00,0.001277935,0.5243073073005851
15768,2020-07-19 00:00:00,0.000814013,0.6303510398455624
15769,2020-07-19 01:00:00,0.000561088,0.1651478567405913
15770,2020-07-19 02:00:00,0.000403115,0.32220768696797375
15771,2020-07-19 03:00:00,0.000302874,0.6753509190591263
15772,2020-07-19 04:00:00,0.000617086,0.4413468892709367
15773,2020-07-19 05:00:00,0.001030089,0.8727332534058694
15774,2020-07-19 06:00:00,0.001014987,0.24715895345755057
15775,2020-07-19 07:00:00,0.003881642,0.7861066457746373
15776,2020-07-19 08:00:00,0.008663729,0.07939575747212402
15777,2020-07-19 09:00:00,0.013111426,0.3184914984546676
15778,2020-07-19 10:00:00,0.01637071,0.606940538421671
15779,2020-07-19 11:00:00,0.019652758,0.9476895957239397
15780,2020-07-19 12:00:00,0.023719857,0.7928355453678628
15781,2020-07-19 13:00:00,0.027408466,0.733905877190088
15782,2020-07-19 14:00:00,0.004327468,0.1641653059205086
15783,2020-07-19 15:00:00,0.014869643,0.905474815487442
15784,2020-07-19 16:00:00,0.022720097,0.04938639066360384
15785,2020-07-19 17:00:00,0.017139673,0.8114538716180322
15786,2020-07-19 18:00:00,0.010197104,0.4971665412772326
15787,2020-07-19 19:00:00,0.006402474,0.5318546298113606
15788,2020-07-19 20:00:00,0.002719063,0.415509241108593
15789,2020-07-19 21:00:00,0.001044978,0.9211924376790753
15790,2020-07-19 22:00:00,0.000499743,0.8802280725013034
15791,2020-07-19 23:00:00,0.000383342,0.6063039743079793
15792,2020-07-20 00:00:00,0.000316082,0.7092734096783955
15793,2020-07-20 01:00:00,0.000296064,0.9811401458312874
15794,2020-07-20 02:00:00,0.000272105,0.981047119755544
15795,2020-07-20 03:00:00,0.00015684,0.19805447896828443
15796,2020-07-20 04:00:00,0.00099744,0.7761017740353008
15797,2020-07-20 05:00:00,0.001592621,0.15857411367654162
15798,2020-07-20 06:00:00,0.001674092,0.5845179911046577
15799,2020-07-20 07:00:00,0.001864294,0.42535391078773244
15800,2020-07-20 08:00:00,0.002028734,0.3631905687572714
15801,2020-07-20 09:00:00,0.002436674,0.6226433958053786
15802,2020-07-20 10:00:00,0.003385501,0.054188076923257666
15803,2020-07-20 11:00:00,0.002054201,0.3279880843001548
15804,2020-07-20 12:00:00,0.006469871,0.29943343674265854
15805,2020-07-20 13:00:00,0.007359274,0.0742842041908156
15806,2020-07-20 14:00:00,0.00604265,0.6241311503332875
15807,2020-07-20 15:00:00,0.024934942,0.47027478391544264
15808,2020-07-20 16:00:00,0.032309361,0.5777761008467098
15809,2020-07-20 17:00:00,0.028452504,0.6402642187592054
15810,2020-07-20 18:00:00,0.016228808,0.9817641422719615
15811,2020-07-20 19:00:00,0.008879313,0.20893649726838137
15812,2020-07-20 20:00:00,0.005263571,0.4351645835125407
15813,2020-07-20 21:00:00,0.001995343,0.1379147329545679
15814,2020-07-20 22:00:00,0.000749912,0.6947657612442281
15815,2020-07-20 23:00:00,0.000456978,0.509931710927685
15816,2020-07-21 00:00:00,0.000241815,0.9955069890934248
15817,2020-07-21 01:00:00,0.000126676,0.8176641416316763
15818,2020-07-21 02:00:00,8.5554e-05,0.21921383990302445
15819,2020-07-21 03:00:00,7.8166e-05,0.6321025412846352
15820,2020-07-21 04:00:00,0.000345721,0.13069883394816406
15821,2020-07-21 05:00:00,0.000726044,0.6701167765186999
15822,2020-07-21 06:00:00,0.000979401,0.6220032324803005
15823,2020-07-21 07:00:00,0.001783421,0.5024993681842342
15824,2020-07-21 08:00:00,0.002714568,0.48882502608786904
15825,2020-07-21 09:00:00,0.001908826,0.7288340222306838
15826,2020-07-21 10:00:00,0.003822094,0.33726208028933613
15827,2020-07-21 11:00:00,0.006602905,0.09117509262636159
15828,2020-07-21 12:00:00,0.008848612,0.2581445979032744
15829,2020-07-21 13:00:00,0.006491823,0.14033485255597178
15830,2020-07-21 14:00:00,0.005652904,0.23593111890832308
15831,2020-07-21 15:00:00,0.007321736,0.8330492129442367
15832,2020-07-21 16:00:00,0.010204531,0.10310739137430003
15833,2020-07-21 17:00:00,0.0074647,0.911840414036774
15834,2020-07-21 18:00:00,0.004069155,0.3496259315140423
15835,2020-07-21 19:00:00,0.002412616,0.7729670784371366
15836,2020-07-21 20:00:00,0.001398492,0.1099627325126108
15837,2020-07-21 21:00:00,0.000678343,0.9001267995831181
15838,2020-07-21 22:00:00,0.000378367,0.3592445716301256
15839,2020-07-21 23:00:00,0.000271176,0.6916344027359362
15840,2020-07-22 00:00:00,0.000117771,0.6657151757763359
15841,2020-07-22 01:00:00,4.3765e-05,0.23395908856850256
15842,2020-07-22 02:00:00,3.9252e-05,0.9816202907523093
15843,2020-07-22 03:00:00,4.2898e-05,0.004783987125275169
15844,2020-07-22 04:00:00,9.3187e-05,0.44662768200362946
15845,2020-07-22 05:00:00,0.000385328,0.5254516913300115
15846,2020-07-22 06:00:00,0.00055191,0.2262568579967308
15847,2020-07-22 07:00:00,0.000653401,0.6741685173091372
15848,2020-07-22 08:00:00,0.00037964,0.422639438132114
15849,2020-07-22 09:00:00,0.000241108,0.45370723938576196
15850,2020-07-22 10:00:00,0.000153939,0.5802152647031594
15851,2020-07-22 11:00:00,8.5202e-05,0.6673342913394474
15852,2020-07-22 12:00:00,6.3273e-05,0.4437526497911478
15853,2020-07-22 13:00:00,5.3442e-05,0.05452125856903167
15854,2020-07-22 14:00:00,4.3961e-05,0.9694946895865891
15855,2020-07-22 15:00:00,5.2965e-05,0.4191484182479298
15856,2020-07-22 16:00:00,4.7342e-05,0.7515216867187012
15857,2020-07-22 17:00:00,3.009e-05,0.6800759757873409
15858,2020-07-22 18:00:00,1.807e-05,0.5492650358906509
15859,2020-07-22 19:00:00,1.4171e-05,0.0740994538227614
15860,2020-07-22 20:00:00,7.518e-06,0.02055962918225407
15861,2020-07-22 21:00:00,4.542e-06,0.8093210337242387
15862,2020-07-22 22:00:00,2.766e-06,0.512649545794547
15863,2020-07-22 23:00:00,1.913e-06,0.7958935108654184
15864,2020-07-23 00:00:00,1.365e-06,0.6863109021462787
15865,2020-07-23 01:00:00,0.0,0.8442082122002402
15866,2020-07-23 02:00:00,0.0,0.498798844519303
15867,2020-07-23 03:00:00,0.0,0.2724518623577493
15868,2020-07-23 04:00:00,0.000241762,0.6686940873430232
15869,2020-07-23 05:00:00,0.001165127,0.031249372786935625
15870,2020-07-23 06:00:00,0.002193939,0.972772709698393
15871,2020-07-23 07:00:00,0.002038206,0.1243211821780058
15872,2020-07-23 08:00:00,0.002315501,0.3741838931383573
15873,2020-07-23 09:00:00,0.023179647,0.478759893165402
15874,2020-07-23 10:00:00,0.042116627,0.5108853541113731
15875,2020-07-23 11:00:00,0.05891598,0.8873663886349801
15876,2020-07-23 12:00:00,0.072098695,0.10485026301325606
15877,2020-07-23 13:00:00,0.078204967,0.6621581687117519
15878,2020-07-23 14:00:00,0.005286363,0.4758429971821212
15879,2020-07-23 15:00:00,0.016166819,0.5177774762895268
15880,2020-07-23 16:00:00,0.017702678,0.8401651990125529
15881,2020-07-23 17:00:00,0.013729719,0.3804253785016086
15882,2020-07-23 18:00:00,0.00812878,0.5940342695060153
15883,2020-07-23 19:00:00,0.005683922,0.2462939104727503
15884,2020-07-23 20:00:00,0.004262879,0.4687539160384415
15885,2020-07-23 21:00:00,0.001928132,0.3993480514179457
15886,2020-07-23 22:00:00,0.001032293,0.06524848971499841
15887,2020-07-23 23:00:00,0.000633697,0.7529380130851326
15888,2020-07-24 00:00:00,0.000510045,0.9415227454751799
15889,2020-07-24 01:00:00,0.000399963,0.736259350733372
15890,2020-07-24 02:00:00,0.000320561,0.967017915895353
15891,2020-07-24 03:00:00,0.000241463,0.33069232834252793
15892,2020-07-24 04:00:00,0.000527878,0.7604381227111513
15893,2020-07-24 05:00:00,0.000318676,0.9525084262854705
15894,2020-07-24 06:00:00,0.000169924,0.35246244433941
15895,2020-07-24 07:00:00,0.000177343,0.9076230077158989
15896,2020-07-24 08:00:00,0.000186753,0.5149036762976719
15897,2020-07-24 09:00:00,0.000166823,0.2486679045914132
15898,2020-07-24 10:00:00,8.204e-05,0.6800517482148185
15899,2020-07-24 11:00:00,7.0811e-05,0.7435477980962567
15900,2020-07-24 12:00:00,6.7665e-05,0.7997082523557605
15901,2020-07-24 13:00:00,4.321e-05,0.775911059290252
15902,2020-07-24 14:00:00,4.5992e-05,0.4417387646879366
15903,2020-07-24 15:00:00,5.8351e-05,0.18622049939064123
15904,2020-07-24 16:00:00,4.4776e-05,0.32301538711756417
15905,2020-07-24 17:00:00,2.9694e-05,0.33855916918973206
15906,2020-07-24 18:00:00,2.0533e-05,0.4053059959551166
15907,2020-07-24 19:00:00,1.5374e-05,0.8856645088567866
15908,2020-07-24 20:00:00,9.704e-06,0.8280589713038493
15909,2020-07-24 21:00:00,6.484e-06,0.3600715973514004
15910,2020-07-24 22:00:00,3.723e-06,0.7304617702633559
15911,2020-07-24 23:00:00,2.622e-06,0.21099343013755334
15912,2020-07-25 00:00:00,2.118e-06,0.5660284060818904
15913,2020-07-25 01:00:00,1.492e-06,0.08357446140556013
15914,2020-07-25 02:00:00,1.303e-06,0.8648007631302901
15915,2020-07-25 03:00:00,0.0,0.5780609730413304
15916,2020-07-25 04:00:00,0.0,0.46776735511897305
15917,2020-07-25 05:00:00,0.0,0.8202001211923386
15918,2020-07-25 06:00:00,0.0,0.17477355496015046
15919,2020-07-25 07:00:00,0.0,0.6501295403634739
15920,2020-07-25 08:00:00,0.0,0.10097264517406312
15921,2020-07-25 09:00:00,0.0,0.40020297067583754
15922,2020-07-25 10:00:00,0.0,0.8967470588735411
15923,2020-07-25 11:00:00,0.0,0.47715155133342313
15924,2020-07-25 12:00:00,0.0,0.005007257151541156
15925,2020-07-25 13:00:00,0.0,0.6494998128490795
15926,2020-07-25 14:00:00,0.0,0.9708352117598807
15927,2020-07-25 15:00:00,0.0,0.9746774289501339
15928,2020-07-25 16:00:00,0.0,0.9542902682401729
15929,2020-07-25 17:00:00,0.0,0.1669379250098223
15930,2020-07-25 18:00:00,0.0,0.5767761508515201
15931,2020-07-25 19:00:00,0.0,0.6652024387126286
15932,2020-07-25 20:00:00,0.0,0.4559911408931834
15933,2020-07-25 21:00:00,0.0,0.6601602768534367
15934,2020-07-25 22:00:00,0.0,0.8750193901382715
15935,2020-07-25 23:00:00,0.0,0.22081973434030555
15936,2020-07-26 00:00:00,0.0,0.8827307101847661
15937,2020-07-26 01:00:00,0.0,0.6252217620517215
15938,2020-07-26 02:00:00,0.0,0.17011489644051525
15939,2020-07-26 03:00:00,0.0,0.26119540114966044
15940,2020-07-26 04:00:00,0.0,0.5871912472284544
15941,2020-07-26 05:00:00,0.0,0.7655227274451727
15942,2020-07-26 06:00:00,0.0,0.48563470980212553
15943,2020-07-26 07:00:00,0.0,0.40146579006589866
15944,2020-07-26 08:00:00,0.0,0.9501362167411372
15945,2020-07-26 09:00:00,0.0,0.8861247879444641
15946,2020-07-26 10:00:00,0.0,0.0427466815365356
15947,2020-07-26 11:00:00,0.0,0.18490808731393127
15948,2020-07-26 12:00:00,0.0,0.6407978101648703
15949,2020-07-26 13:00:00,0.0,0.16967180950238514
15950,2020-07-26 14:00:00,0.0,0.4271662694891398
15951,2020-07-26 15:00:00,0.0,0.32340182975789533
15952,2020-07-26 16:00:00,0.0,0.4276060406211597
15953,2020-07-26 17:00:00,0.0,0.39737748585886645
15954,2020-07-26 18:00:00,0.0,0.712133712130601
15955,2020-07-26 19:00:00,0.0,0.35852979904904114
15956,2020-07-26 20:00:00,0.0,0.27714461435352034
15957,2020-07-26 21:00:00,0.0,0.3791260403128287
15958,2020-07-26 22:00:00,0.0,0.33548771616721695
15959,2020-07-26 23:00:00,0.0,0.6888859065811911
15960,2020-07-27 00:00:00,0.0,0.07477014628560474
15961,2020-07-27 01:00:00,0.0,0.3218545496158034
15962,2020-07-27 02:00:00,0.0,0.30665745942271616
15963,2020-07-27 03:00:00,0.0,0.40089491311966174
15964,2020-07-27 04:00:00,0.0,0.39504722918728163
15965,2020-07-27 05:00:00,0.0,0.5047905412004359
15966,2020-07-27 06:00:00,0.0,0.9764214168296318
15967,2020-07-27 07:00:00,0.0,0.43289781378222303
15968,2020-07-27 08:00:00,0.0,0.4267615455655748
15969,2020-07-27 09:00:00,0.0,0.8959628690797544
15970,2020-07-27 10:00:00,0.001727915,0.4267819007534662
15971,2020-07-27 11:00:00,0.001785184,0.052077073836091614
15972,2020-07-27 12:00:00,0.001670722,0.9793748204050071
15973,2020-07-27 13:00:00,0.001540441,0.5072655724104416
15974,2020-07-27 14:00:00,0.007094068,0.018484518593672283
15975,2020-07-27 15:00:00,0.016528819,0.16585779655234034
15976,2020-07-27 16:00:00,0.016631555,0.5853803708115439
15977,2020-07-27 17:00:00,0.013447531,0.49297528984915584
15978,2020-07-27 18:00:00,0.00848132,0.6236604222480192
15979,2020-07-27 19:00:00,0.004265979,0.2549987603257521
15980,2020-07-27 20:00:00,0.002719883,0.8464518460981926
15981,2020-07-27 21:00:00,0.001351621,0.43387078940740953
15982,2020-07-27 22:00:00,0.00067955,0.5186974688995075
15983,2020-07-27 23:00:00,0.000656345,0.8058835664759689
15984,2020-07-28 00:00:00,0.000496927,0.9809763883676937
15985,2020-07-28 01:00:00,0.000248374,0.6141206101295452
15986,2020-07-28 02:00:00,0.000187457,0.5867806638652594
15987,2020-07-28 03:00:00,0.000296054,0.2286350272889348
15988,2020-07-28 04:00:00,0.000300852,0.7110965570323788
15989,2020-07-28 05:00:00,0.000213831,0.20711375839392143
15990,2020-07-28 06:00:00,0.000170533,0.4053684152182263
15991,2020-07-28 07:00:00,0.000153346,0.2580786245112091
15992,2020-07-28 08:00:00,9.6644e-05,0.05176894661187703
15993,2020-07-28 09:00:00,5.8969e-05,0.4187291417191049
15994,2020-07-28 10:00:00,3.6203e-05,0.2611400966021141
15995,2020-07-28 11:00:00,2.7951e-05,0.15958615415871258
15996,2020-07-28 12:00:00,2.4235e-05,0.28901058761655196
15997,2020-07-28 13:00:00,1.2769e-05,0.8683818107597345
15998,2020-07-28 14:00:00,1.419e-05,0.7000541659224897
15999,2020-07-28 15:00:00,2.1563e-05,0.6311769718600362
16000,2020-07-28 16:00:00,1.7368e-05,0.2664275429044308
16001,2020-07-28 17:00:00,1.2329e-05,0.9805761260550518
16002,2020-07-28 18:00:00,8.789e-06,0.22168940325294229
16003,2020-07-28 19:00:00,5.885e-06,0.8934818391739139
16004,2020-07-28 20:00:00,3.061e-06,0.1786350635348829
16005,2020-07-28 21:00:00,1.689e-06,0.8305173468111564
16006,2020-07-28 22:00:00,0.0,0.05421649476034207
16007,2020-07-28 23:00:00,0.0,0.11338796115863004
16008,2020-07-29 00:00:00,0.0,0.559119048784567
16009,2020-07-29 01:00:00,0.0,0.17449444780538415
16010,2020-07-29 02:00:00,0.0,0.42689637365133426
16011,2020-07-29 03:00:00,0.0,0.7409741861335071
16012,2020-07-29 04:00:00,0.0,0.7957883682083631
16013,2020-07-29 05:00:00,0.0,0.2727207531249769
16014,2020-07-29 06:00:00,0.001109142,0.9071169114580091
16015,2020-07-29 07:00:00,0.002368627,0.8293200804509362
16016,2020-07-29 08:00:00,0.002524127,0.0066833617803990775
16017,2020-07-29 09:00:00,0.004043841,0.5613222136256268
16018,2020-07-29 10:00:00,0.003257449,0.9647266186492159
16019,2020-07-29 11:00:00,0.001223345,0.5482536368502211
16020,2020-07-29 12:00:00,0.003263336,0.3867524524427407
16021,2020-07-29 13:00:00,0.013355425,0.9382711453646091
16022,2020-07-29 14:00:00,0.028307464,0.6319742346110121
16023,2020-07-29 15:00:00,0.039804626,0.6587547750043213
16024,2020-07-29 16:00:00,0.042456202,0.4091723415538744
16025,2020-07-29 17:00:00,0.035278391,0.38512936119115615
16026,2020-07-29 18:00:00,0.022076182,0.6308205738854571
16027,2020-07-29 19:00:00,0.011700917,0.14986384881645687
16028,2020-07-29 20:00:00,0.005739905,0.20605018455496005
16029,2020-07-29 21:00:00,0.003182857,0.8030546848435128
16030,2020-07-29 22:00:00,0.002133377,0.26151971197251955
16031,2020-07-29 23:00:00,0.001304229,0.6155613678720322
16032,2020-07-30 00:00:00,0.000711531,0.36795256488964323
16033,2020-07-30 01:00:00,0.000347855,0.5662217062402899
16034,2020-07-30 02:00:00,0.000169433,0.5001507613565698
16035,2020-07-30 03:00:00,6.8352e-05,0.16158279893544814
16036,2020-07-30 04:00:00,0.000558908,0.6998461858277928
16037,2020-07-30 05:00:00,0.001121733,0.7624267715613573
16038,2020-07-30 06:00:00,0.001496282,0.08427834497985698
16039,2020-07-30 07:00:00,0.001730893,0.9061744683508604
16040,2020-07-30 08:00:00,0.00179623,0.8239125350697809
16041,2020-07-30 09:00:00,0.001675064,0.13283080200481945
16042,2020-07-30 10:00:00,0.001152752,0.5364008357160946
16043,2020-07-30 11:00:00,0.006007179,0.5106859880322011
16044,2020-07-30 12:00:00,0.010090829,0.08769261738105083
16045,2020-07-30 13:00:00,0.005667603,0.747044475449823
16046,2020-07-30 14:00:00,0.010514704,0.20380583807505914
16047,2020-07-30 15:00:00,0.026797412,0.5586788387878547
16048,2020-07-30 16:00:00,0.029533312,0.17171916703350132
16049,2020-07-30 17:00:00,0.019651446,0.37469571182977
16050,2020-07-30 18:00:00,0.012481907,0.6510370724894307
16051,2020-07-30 19:00:00,0.007723131,0.9641394191514905
16052,2020-07-30 20:00:00,0.0041024,0.9721085738240237
16053,2020-07-30 21:00:00,0.002130632,0.6720728368237343
16054,2020-07-30 22:00:00,0.001046015,0.7230333654716321
16055,2020-07-30 23:00:00,0.000529276,0.01683569127674056
16056,2020-07-31 00:00:00,0.000290436,0.09273933233768761
16057,2020-07-31 01:00:00,0.000158028,0.5441187201300978
16058,2020-07-31 02:00:00,7.259e-05,0.5168483760732889
16059,2020-07-31 03:00:00,3.2579e-05,0.26868646085922876
16060,2020-07-31 04:00:00,0.000521203,0.9519410517252873
16061,2020-07-31 05:00:00,0.001135973,0.49810268022906157
16062,2020-07-31 06:00:00,0.001057821,0.19066687187721287
16063,2020-07-31 07:00:00,0.00087067,0.7988592992805579
16064,2020-07-31 08:00:00,0.000669137,0.1409581312567626
16065,2020-07-31 09:00:00,0.000511896,0.3722505712183166
16066,2020-07-31 10:00:00,0.000650603,0.31035742536597277
16067,2020-07-31 11:00:00,0.000911967,0.29931221117417706
16068,2020-07-31 12:00:00,0.001392252,0.5354709487615256
16069,2020-07-31 13:00:00,0.00112301,0.6615009737873816
16070,2020-07-31 14:00:00,0.00178075,0.33850309591576533
16071,2020-07-31 15:00:00,0.006877906,0.1502583199303822
16072,2020-07-31 16:00:00,0.010769464,0.7183554293662119
16073,2020-07-31 17:00:00,0.007425499,0.4579229175025782
16074,2020-07-31 18:00:00,0.004668223,0.9946634739876394
16075,2020-07-31 19:00:00,0.00256346,0.7653727103867642
16076,2020-07-31 20:00:00,0.000919571,0.082101943839615
16077,2020-07-31 21:00:00,0.000615984,0.7742925558523602
16078,2020-07-31 22:00:00,0.000494191,0.08763839949493202
16079,2020-07-31 23:00:00,0.000320282,0.21058068779554318
16080,2020-08-01 00:00:00,0.000193674,0.09591135862460742
16081,2020-08-01 01:00:00,7.4262e-05,0.3329568247911082
16082,2020-08-01 02:00:00,4.4002e-05,0.8521011795893879
16083,2020-08-01 03:00:00,3.2314e-05,0.38343602053402126
16084,2020-08-01 04:00:00,3.0492e-05,0.9762632802752221
16085,2020-08-01 05:00:00,2.3412e-05,0.8572434393460552
16086,2020-08-01 06:00:00,0.000114683,0.48071072930680836
16087,2020-08-01 07:00:00,0.000504648,0.3278777389706474
16088,2020-08-01 08:00:00,0.001356374,0.7508044640602344
16089,2020-08-01 09:00:00,0.00147439,0.36794136405302935
16090,2020-08-01 10:00:00,0.00140477,0.25186167420658145
16091,2020-08-01 11:00:00,0.000435804,0.6015986391065467
16092,2020-08-01 12:00:00,0.008077598,0.9679542156664325
16093,2020-08-01 13:00:00,0.012654544,0.746340621615592
16094,2020-08-01 14:00:00,0.012371464,0.44966450791118995
16095,2020-08-01 15:00:00,0.013669916,0.24419902911866942
16096,2020-08-01 16:00:00,0.017781321,0.5984857615476681
16097,2020-08-01 17:00:00,0.010295994,0.037055585873181585
16098,2020-08-01 18:00:00,0.006684764,0.3693501959003369
16099,2020-08-01 19:00:00,0.003438009,0.32607924577413894
16100,2020-08-01 20:00:00,0.001909292,0.8119599674461677
16101,2020-08-01 21:00:00,0.000984579,0.9409015368476328
16102,2020-08-01 22:00:00,0.000581475,0.8613371211436114
16103,2020-08-01 23:00:00,0.000414504,0.8604568902863687
16104,2020-08-02 00:00:00,0.000222005,0.606462506015808
16105,2020-08-02 01:00:00,0.000126491,0.2333447977384948
16106,2020-08-02 02:00:00,0.000108922,0.7996829119030032
16107,2020-08-02 03:00:00,9.4838e-05,0.18573940345531048
16108,2020-08-02 04:00:00,0.000183737,0.1563621970453114
16109,2020-08-02 05:00:00,0.001074548,0.4610956167504594
16110,2020-08-02 06:00:00,0.00215822,0.46915102051149926
16111,2020-08-02 07:00:00,0.002623819,0.1789837312937933
16112,2020-08-02 08:00:00,0.002160537,0.7973959400481586
16113,2020-08-02 09:00:00,0.002752051,0.012482503039101367
16114,2020-08-02 10:00:00,0.003084891,0.7459683792660147
16115,2020-08-02 11:00:00,0.004864411,0.834841112836179
16116,2020-08-02 12:00:00,0.006213248,0.6458087835730127
16117,2020-08-02 13:00:00,0.005513016,0.7396164993036262
16118,2020-08-02 14:00:00,0.005214429,0.6496341328422078
16119,2020-08-02 15:00:00,0.007543273,0.21826310065482835
16120,2020-08-02 16:00:00,0.007298216,0.6399928648990394
16121,2020-08-02 17:00:00,0.005156811,0.5481129701032973
16122,2020-08-02 18:00:00,0.003172942,0.10410153718436366
16123,2020-08-02 19:00:00,0.001936778,0.39560747083090864
16124,2020-08-02 20:00:00,0.000917874,0.6102165474636674
16125,2020-08-02 21:00:00,0.000550681,0.7724024547143643
16126,2020-08-02 22:00:00,0.000249604,0.7007934546646126
16127,2020-08-02 23:00:00,0.000112209,0.9537272863717785
16128,2020-08-03 00:00:00,5.7531e-05,0.020286462847570186
16129,2020-08-03 01:00:00,2.5302e-05,0.9737552330730888
16130,2020-08-03 02:00:00,2.0847e-05,0.7038184158951326
16131,2020-08-03 03:00:00,1.5578e-05,0.3332416715758295
16132,2020-08-03 04:00:00,0.000249009,0.4646021509385725
16133,2020-08-03 05:00:00,0.000488169,0.288897559321015
16134,2020-08-03 06:00:00,0.001515229,0.4923052500103602
16135,2020-08-03 07:00:00,0.00232377,0.23021258489232166
16136,2020-08-03 08:00:00,0.003293128,0.4407571610812624
16137,2020-08-03 09:00:00,0.003533478,0.32479683255764935
16138,2020-08-03 10:00:00,0.002039441,0.6979272371564864
16139,2020-08-03 11:00:00,0.001104609,0.6994335219292172
16140,2020-08-03 12:00:00,0.000502265,0.4417497024372923
16141,2020-08-03 13:00:00,0.000480948,0.9858452429149737
16142,2020-08-03 14:00:00,0.000496804,0.7073106228686811
16143,2020-08-03 15:00:00,0.000497626,0.2325642693774993
16144,2020-08-03 16:00:00,0.0004424,0.5455290629472397
16145,2020-08-03 17:00:00,0.000281018,0.8446128908067321
16146,2020-08-03 18:00:00,0.00016993,0.6076160614228151
16147,2020-08-03 19:00:00,8.5908e-05,0.9658196178016859
16148,2020-08-03 20:00:00,4.8659e-05,0.9791716266046511
16149,2020-08-03 21:00:00,2.0489e-05,0.6019967854328078
16150,2020-08-03 22:00:00,7.148e-06,0.18902785709059933
16151,2020-08-03 23:00:00,4.684e-06,0.8069475773824133
16152,2020-08-04 00:00:00,3.043e-06,0.13029292247934543
16153,2020-08-04 01:00:00,1.358e-06,0.3294995053173476
16154,2020-08-04 02:00:00,1.368e-06,0.1430501458987219
16155,2020-08-04 03:00:00,1.387e-06,0.8832836848401897
16156,2020-08-04 04:00:00,0.0,0.5854137471243173
16157,2020-08-04 05:00:00,0.0,0.512760461857876
16158,2020-08-04 06:00:00,0.0,0.13754035202295645
16159,2020-08-04 07:00:00,1.0129e-05,0.45830620075086204
16160,2020-08-04 08:00:00,0.000214645,0.7135618155971479
16161,2020-08-04 09:00:00,0.000491767,0.5863592099990597
16162,2020-08-04 10:00:00,0.0006297,0.667966486276256
16163,2020-08-04 11:00:00,0.000747707,0.5633421448956802
16164,2020-08-04 12:00:00,0.000838554,0.48126747577121576
16165,2020-08-04 13:00:00,0.001042363,0.2558482352572816
16166,2020-08-04 14:00:00,0.001471534,0.42227458992169375
16167,2020-08-04 15:00:00,0.001733936,0.1309894079934376
16168,2020-08-04 16:00:00,0.001308683,0.8977232670597206
16169,2020-08-04 17:00:00,0.000936707,0.6716418865572912
16170,2020-08-04 18:00:00,0.000530076,0.8528274101401442
16171,2020-08-04 19:00:00,0.00027943,0.5624449330626486
16172,2020-08-04 20:00:00,0.000150594,0.06642624061756508
16173,2020-08-04 21:00:00,7.3249e-05,0.13606851061220426
16174,2020-08-04 22:00:00,3.9405e-05,0.7164463554888578
16175,2020-08-04 23:00:00,2.9082e-05,0.5569508378581458
16176,2020-08-05 00:00:00,1.7997e-05,0.04290783490948835
16177,2020-08-05 01:00:00,8.806e-06,0.6642546861780149
16178,2020-08-05 02:00:00,6.932e-06,0.4620606878640119
16179,2020-08-05 03:00:00,4.312e-06,0.7992186048921802
16180,2020-08-05 04:00:00,6.8466e-05,0.1728822222482268
16181,2020-08-05 05:00:00,0.000271382,0.5325800442957646
16182,2020-08-05 06:00:00,0.000193979,0.17844566215842694
16183,2020-08-05 07:00:00,0.000611598,0.23407443376179915
16184,2020-08-05 08:00:00,0.000904796,0.34961260337165534
16185,2020-08-05 09:00:00,0.001182001,0.5039511311856509
16186,2020-08-05 10:00:00,0.001702331,0.6487072614162236
16187,2020-08-05 11:00:00,0.001733863,0.18364578369955997
16188,2020-08-05 12:00:00,0.000357695,0.7956273092670206
16189,2020-08-05 13:00:00,0.002185792,0.05473570192204458
16190,2020-08-05 14:00:00,0.003755435,0.11085690207485444
16191,2020-08-05 15:00:00,0.006688421,0.3202652702612746
16192,2020-08-05 16:00:00,0.006943927,0.5415543059507684
16193,2020-08-05 17:00:00,0.0045424,0.465159199969269
16194,2020-08-05 18:00:00,0.002937987,0.9297626748831
16195,2020-08-05 19:00:00,0.00149242,0.2439899499162137
16196,2020-08-05 20:00:00,0.000756386,0.3033419101508775
16197,2020-08-05 21:00:00,0.000407536,0.32579537857891083
16198,2020-08-05 22:00:00,0.00023306,0.9142685984297003
16199,2020-08-05 23:00:00,0.000143584,0.08320898745169703
16200,2020-08-06 00:00:00,7.5619e-05,0.4327435163896548
16201,2020-08-06 01:00:00,4.7621e-05,0.9176172043956966
16202,2020-08-06 02:00:00,4.2863e-05,0.9512410169213683
16203,2020-08-06 03:00:00,3.5531e-05,0.0021470716642328913
16204,2020-08-06 04:00:00,1.968e-05,0.4205444664998772
16205,2020-08-06 05:00:00,1.0496e-05,0.8837692758371134
16206,2020-08-06 06:00:00,8.423e-06,0.5006699741958945
16207,2020-08-06 07:00:00,6.975e-06,0.010185897349776818
16208,2020-08-06 08:00:00,7.129e-06,0.0577946505596425
16209,2020-08-06 09:00:00,7.084e-06,0.9697373621434768
16210,2020-08-06 10:00:00,4.643e-06,0.516530771178671
16211,2020-08-06 11:00:00,2.825e-06,0.354059911206972
16212,2020-08-06 12:00:00,0.000103433,0.17415385205370393
16213,2020-08-06 13:00:00,0.000328243,0.7246357220881611
16214,2020-08-06 14:00:00,0.000339762,0.9675659155571752
16215,2020-08-06 15:00:00,0.000483713,0.36582909866651736
16216,2020-08-06 16:00:00,0.000445409,0.0192166406639388
16217,2020-08-06 17:00:00,0.000287136,0.10987814287416031
16218,2020-08-06 18:00:00,0.000161824,0.02107528280204618
16219,2020-08-06 19:00:00,8.8231e-05,0.46797819858389267
16220,2020-08-06 20:00:00,4.6221e-05,0.7827572845300169
16221,2020-08-06 21:00:00,2.234e-05,0.6114567975034503
16222,2020-08-06 22:00:00,9.717e-06,0.7369472265213725
16223,2020-08-06 23:00:00,8.498e-06,0.4188269266452468
16224,2020-08-07 00:00:00,5.451e-06,0.1653092519719498
16225,2020-08-07 01:00:00,2.286e-06,0.32284378794234037
16226,2020-08-07 02:00:00,1.819e-06,0.7467507785250459
16227,2020-08-07 03:00:00,1.322e-06,0.8280567658890811
16228,2020-08-07 04:00:00,1.7056e-05,0.4587429775947862
16229,2020-08-07 05:00:00,0.000238118,0.8522372767485799
16230,2020-08-07 06:00:00,0.00046816,0.8808344739104551
16231,2020-08-07 07:00:00,0.000503119,0.5403826711062292
16232,2020-08-07 08:00:00,0.00066532,0.017996442489093045
16233,2020-08-07 09:00:00,0.001102976,0.7308008588592868
16234,2020-08-07 10:00:00,0.001481641,0.4476364985218374
16235,2020-08-07 11:00:00,0.001567292,0.3095571327050822
16236,2020-08-07 12:00:00,0.001368445,0.31539520839899593
16237,2020-08-07 13:00:00,0.001109584,0.12784008408498504
16238,2020-08-07 14:00:00,0.001452287,0.1820065126622078
16239,2020-08-07 15:00:00,0.002665454,0.02984026723938127
16240,2020-08-07 16:00:00,0.002431123,0.2546984507346153
16241,2020-08-07 17:00:00,0.001767854,0.20637724250181488
16242,2020-08-07 18:00:00,0.001086756,0.2996379115654977
16243,2020-08-07 19:00:00,0.000687082,0.37046900769105884
16244,2020-08-07 20:00:00,0.000350363,0.5970627023167596
16245,2020-08-07 21:00:00,0.000172384,0.4454441477132488
16246,2020-08-07 22:00:00,6.7959e-05,0.3243384504032788
16247,2020-08-07 23:00:00,5.2908e-05,0.9679134122269901
16248,2020-08-08 00:00:00,3.9966e-05,0.7655121409306451
16249,2020-08-08 01:00:00,2.4022e-05,0.9665253686198274
16250,2020-08-08 02:00:00,1.6513e-05,0.014782147815630364
16251,2020-08-08 03:00:00,1.1577e-05,0.635327990483662
16252,2020-08-08 04:00:00,0.000147885,0.3598621861462541
16253,2020-08-08 05:00:00,0.00037533,0.5442618899115
16254,2020-08-08 06:00:00,0.000572312,0.3189793378028515
16255,2020-08-08 07:00:00,0.000663524,0.7067050206917029
16256,2020-08-08 08:00:00,0.000776989,0.7627689346964192
16257,2020-08-08 09:00:00,0.00074976,0.5521149180550129
16258,2020-08-08 10:00:00,0.000941713,0.373541478346306
16259,2020-08-08 11:00:00,0.001080493,0.2670183300799871
16260,2020-08-08 12:00:00,0.000954053,0.4825970436273902
16261,2020-08-08 13:00:00,0.00113688,0.8883595095574164
16262,2020-08-08 14:00:00,0.000683408,0.8914404913544183
16263,2020-08-08 15:00:00,0.004976458,0.07855551776803293
16264,2020-08-08 16:00:00,0.006032666,0.3903426272183407
16265,2020-08-08 17:00:00,0.003950988,0.0393500322182887
16266,2020-08-08 18:00:00,0.002450898,0.6506815817798665
16267,2020-08-08 19:00:00,0.001592973,0.6506978281081207
16268,2020-08-08 20:00:00,0.000882596,0.8914542314761721
16269,2020-08-08 21:00:00,0.00035784,0.941054014371024
16270,2020-08-08 22:00:00,0.00019541,0.6707213698166806
16271,2020-08-08 23:00:00,0.000162109,0.07930586209555324
16272,2020-08-09 00:00:00,0.000108535,0.9829782400498424
16273,2020-08-09 01:00:00,6.6158e-05,0.6012710524176941
16274,2020-08-09 02:00:00,5.1627e-05,0.1167689525190525
16275,2020-08-09 03:00:00,3.3339e-05,0.15741088955580063
16276,2020-08-09 04:00:00,0.00011759,0.9805091660661429
16277,2020-08-09 05:00:00,0.000122192,0.631464361096579
16278,2020-08-09 06:00:00,0.000253497,0.02993433218002295
16279,2020-08-09 07:00:00,0.000459795,0.44884278051350657
16280,2020-08-09 08:00:00,0.000505926,0.32186055650493095
16281,2020-08-09 09:00:00,0.000599866,0.9014945539998214
16282,2020-08-09 10:00:00,0.000582203,0.7557750882299791
16283,2020-08-09 11:00:00,0.00062741,0.8912829163768989
16284,2020-08-09 12:00:00,0.000485689,0.39222808859978875
16285,2020-08-09 13:00:00,6.1693e-05,0.0181803122578299
16286,2020-08-09 14:00:00,0.000126554,0.45804777945846586
16287,2020-08-09 15:00:00,0.00121314,0.14373070722570647
16288,2020-08-09 16:00:00,0.002009097,0.24016670646142935
16289,2020-08-09 17:00:00,0.001424657,0.5698260016548635
16290,2020-08-09 18:00:00,0.001055649,0.024631278692122338
16291,2020-08-09 19:00:00,0.000584994,0.022804504481827692
16292,2020-08-09 20:00:00,0.000368964,0.36004239920308867
16293,2020-08-09 21:00:00,0.000137138,0.7997120514036666
16294,2020-08-09 22:00:00,4.5203e-05,0.1505239666362853
16295,2020-08-09 23:00:00,4.2723e-05,0.10137085776568322
16296,2020-08-10 00:00:00,2.2718e-05,0.39541909960660937
16297,2020-08-10 01:00:00,3.9127e-05,0.5456209872002783
16298,2020-08-10 02:00:00,7.7095e-05,0.1371125801099855
16299,2020-08-10 03:00:00,7.2746e-05,0.16961228878220747
16300,2020-08-10 04:00:00,5.8754e-05,0.40397893104278726
16301,2020-08-10 05:00:00,5.6772e-05,0.4410148918823301
16302,2020-08-10 06:00:00,5.525e-05,0.6033860017146745
16303,2020-08-10 07:00:00,5.0336e-05,0.0813080943710428
16304,2020-08-10 08:00:00,0.000172275,0.26931194965237115
16305,2020-08-10 09:00:00,0.000150666,0.5172545822085947
16306,2020-08-10 10:00:00,0.000284931,0.38451691479229066
16307,2020-08-10 11:00:00,7.5044e-05,0.5690964642151155
16308,2020-08-10 12:00:00,4.8572e-05,0.015561379782095708
16309,2020-08-10 13:00:00,0.000114394,0.8454855678085069
16310,2020-08-10 14:00:00,0.000238141,0.2573200341074712
16311,2020-08-10 15:00:00,0.001323871,0.5844363915727723
16312,2020-08-10 16:00:00,0.001778883,0.5068429602878108
16313,2020-08-10 17:00:00,0.001245495,0.9935880224880452
16314,2020-08-10 18:00:00,0.000765332,0.2747590502503643
16315,2020-08-10 19:00:00,0.000578641,0.9038230157028859
16316,2020-08-10 20:00:00,0.000319033,0.44963811368617357
16317,2020-08-10 21:00:00,0.000142269,0.3289062502196045
16318,2020-08-10 22:00:00,4.7865e-05,0.2823147209007264
16319,2020-08-10 23:00:00,3.7056e-05,0.15242953817696636
16320,2020-08-11 00:00:00,2.2511e-05,0.6654080011398169
16321,2020-08-11 01:00:00,7.92e-06,0.229207030039707
16322,2020-08-11 02:00:00,1.2781e-05,0.6194792027786976
16323,2020-08-11 03:00:00,1.0341e-05,0.3864011935922347
16324,2020-08-11 04:00:00,3.083e-06,0.57293221639574
16325,2020-08-11 05:00:00,4.322e-06,0.8888982884574027
16326,2020-08-11 06:00:00,3.68e-06,0.4758503137107907
16327,2020-08-11 07:00:00,2.219e-06,0.31899134057681
16328,2020-08-11 08:00:00,0.0,0.7062223125650654
16329,2020-08-11 09:00:00,0.0,0.4714195497598187
16330,2020-08-11 10:00:00,0.0,0.9243349952290626
16331,2020-08-11 11:00:00,0.0,0.5578735343109821
16332,2020-08-11 12:00:00,0.0,0.523190686846023
16333,2020-08-11 13:00:00,0.0,0.35939354967589243
16334,2020-08-11 14:00:00,0.0,0.9134823431901399
16335,2020-08-11 15:00:00,0.0,0.2375157525138507
16336,2020-08-11 16:00:00,0.0,0.6553780729072114
16337,2020-08-11 17:00:00,0.0,0.842799816826004
16338,2020-08-11 18:00:00,0.0,0.4273070228643845
16339,2020-08-11 19:00:00,0.0,0.48196331806089543
16340,2020-08-11 20:00:00,0.0,0.5567869485666951
16341,2020-08-11 21:00:00,0.0,0.7488890298314329
16342,2020-08-11 22:00:00,0.0,0.18217893568795374
16343,2020-08-11 23:00:00,0.0,0.48759543690183405
16344,2020-08-12 00:00:00,0.0,0.10277183524558575
16345,2020-08-12 01:00:00,0.0,0.6637033540875161
16346,2020-08-12 02:00:00,0.0,0.03845942671092217
16347,2020-08-12 03:00:00,0.0,0.7965542035314895
16348,2020-08-12 04:00:00,0.0,0.6586092819403693
16349,2020-08-12 05:00:00,0.0,0.7372742750380948
16350,2020-08-12 06:00:00,0.0,0.7680063774487472
16351,2020-08-12 07:00:00,0.0,0.8904499522635642
16352,2020-08-12 08:00:00,0.0,0.9461838812671477
16353,2020-08-12 09:00:00,0.0,0.45266584662180576
16354,2020-08-12 10:00:00,0.0,0.42955504656091836
16355,2020-08-12 11:00:00,0.0,0.24236077338226525
16356,2020-08-12 12:00:00,0.0,0.34900969614959576
16357,2020-08-12 13:00:00,0.0,0.4224847550662
16358,2020-08-12 14:00:00,0.0,0.4241105220769851
16359,2020-08-12 15:00:00,0.0,0.4564822924326529
16360,2020-08-12 16:00:00,0.0,0.06992869699008675
16361,2020-08-12 17:00:00,0.0,0.15619760234284807
16362,2020-08-12 18:00:00,0.0,0.509156913579103
16363,2020-08-12 19:00:00,0.0,0.9670320798268682
16364,2020-08-12 20:00:00,0.0,0.5075051160242067
16365,2020-08-12 21:00:00,0.0,0.3313184424697202
16366,2020-08-12 22:00:00,0.0,0.3273008807562554
16367,2020-08-12 23:00:00,0.0,0.5392441616509859
16368,2020-08-13 00:00:00,0.0,0.35628388669834754
16369,2020-08-13 01:00:00,0.0,0.11623589267477197
16370,2020-08-13 02:00:00,0.0,0.6191302242344134
16371,2020-08-13 03:00:00,0.0,0.40871648664009386
16372,2020-08-13 04:00:00,0.0,0.9420767649962859
16373,2020-08-13 05:00:00,0.0,0.37642090480517143
16374,2020-08-13 06:00:00,0.0,0.40514789479439894
16375,2020-08-13 07:00:00,0.0,0.472270649650263
16376,2020-08-13 08:00:00,0.0,0.17552755041068324
16377,2020-08-13 09:00:00,0.0,0.9197278909103216
16378,2020-08-13 10:00:00,0.0,0.7789846542516679
16379,2020-08-13 11:00:00,0.0,0.9739494986280084
16380,2020-08-13 12:00:00,0.0,0.2612538000493091
16381,2020-08-13 13:00:00,0.0,0.4718980212177698
16382,2020-08-13 14:00:00,0.0,0.4732324417754893
16383,2020-08-13 15:00:00,0.0,0.05975904234672069
16384,2020-08-13 16:00:00,0.0,0.7824717846571386
16385,2020-08-13 17:00:00,0.0,0.29529511621494564
16386,2020-08-13 18:00:00,0.0,0.39423566099740404
16387,2020-08-13 19:00:00,0.0,0.5596486606608233
16388,2020-08-13 20:00:00,0.0,0.5277130503278502
16389,2020-08-13 21:00:00,0.0,0.936525575832941
16390,2020-08-13 22:00:00,0.0,0.7198827281612203
16391,2020-08-13 23:00:00,0.0,0.2945857062858659
16392,2020-08-14 00:00:00,0.0,0.7297579577330705
16393,2020-08-14 01:00:00,0.0,0.02833520788365851
16394,2020-08-14 02:00:00,0.0,0.2856627178019633
16395,2020-08-14 03:00:00,0.0,0.5945621278431097
16396,2020-08-14 04:00:00,0.0,0.5859400343949682
16397,2020-08-14 05:00:00,0.0,0.3784046723471526
16398,2020-08-14 06:00:00,0.0,0.29772360239907747
16399,2020-08-14 07:00:00,0.0,0.1742952001309127
16400,2020-08-14 08:00:00,0.0,0.7438609463939434
16401,2020-08-14 09:00:00,0.0,0.6533219514152246
16402,2020-08-14 10:00:00,0.0,0.34170972823791923
16403,2020-08-14 11:00:00,0.0,0.6243358639622251
16404,2020-08-14 12:00:00,0.0,0.02023955146644929
16405,2020-08-14 13:00:00,0.0,0.9504890693120742
16406,2020-08-14 14:00:00,0.0,0.14004723124127594
16407,2020-08-14 15:00:00,0.0,0.7271057043032612
16408,2020-08-14 16:00:00,0.0,0.48852725275925724
16409,2020-08-14 17:00:00,0.0,0.529853422482161
16410,2020-08-14 18:00:00,0.0,0.5533691362035972
16411,2020-08-14 19:00:00,0.0,0.8122776532571132
16412,2020-08-14 20:00:00,0.0,0.5227612433270655
16413,2020-08-14 21:00:00,0.0,0.2139927540240265
16414,2020-08-14 22:00:00,0.0,0.4806915736089393
16415,2020-08-14 23:00:00,0.0,0.10349970558105448
16416,2020-08-15 00:00:00,0.0,0.9848114608974531
16417,2020-08-15 01:00:00,0.0,0.9596178780353662
16418,2020-08-15 02:00:00,0.0,0.37153734876281264
16419,2020-08-15 03:00:00,0.0,0.04886733980628677
16420,2020-08-15 04:00:00,0.0,0.44243949036614105
16421,2020-08-15 05:00:00,0.0,0.16076505312627665
16422,2020-08-15 06:00:00,0.0,0.7748251705714988
16423,2020-08-15 07:00:00,0.0,0.8831664062572204
16424,2020-08-15 08:00:00,0.0,0.7405296153695956
16425,2020-08-15 09:00:00,0.0,0.9656419097554826
16426,2020-08-15 10:00:00,0.0,0.99263490779082
16427,2020-08-15 11:00:00,0.0,0.9721693469475241
16428,2020-08-15 12:00:00,0.0,0.6335863828576136
16429,2020-08-15 13:00:00,0.0,0.8694703611349455
16430,2020-08-15 14:00:00,0.0,0.9815552775298974
16431,2020-08-15 15:00:00,0.0,0.26903210549964574
16432,2020-08-15 16:00:00,0.0,0.7033644868739833
16433,2020-08-15 17:00:00,0.0,0.13321896208987605
16434,2020-08-15 18:00:00,0.0,0.538030406765892
16435,2020-08-15 19:00:00,0.0,0.30737473193332654
16436,2020-08-15 20:00:00,0.0,0.35329930455991887
16437,2020-08-15 21:00:00,0.0,0.8479655675472914
16438,2020-08-15 22:00:00,0.0,0.7005521879453863
16439,2020-08-15 23:00:00,0.0,0.6113297307765285
16440,2020-08-16 00:00:00,0.0,0.2432837430285224
16441,2020-08-16 01:00:00,0.0,0.40087909313122994
16442,2020-08-16 02:00:00,0.0,0.7200180363264163
16443,2020-08-16 03:00:00,0.0,0.579942089876722
16444,2020-08-16 04:00:00,0.0,0.5236700150729231
16445,2020-08-16 05:00:00,0.0,0.47753652396498647
16446,2020-08-16 06:00:00,0.0,0.21402371846833745
16447,2020-08-16 07:00:00,0.0,0.6137565495056779
16448,2020-08-16 08:00:00,0.0,0.6087649185332276
16449,2020-08-16 09:00:00,0.0,0.5996928218415528
16450,2020-08-16 10:00:00,0.0,0.726335168268864
16451,2020-08-16 11:00:00,0.0,0.4033397332845773
16452,2020-08-16 12:00:00,0.0,0.5014380308408258
16453,2020-08-16 13:00:00,0.0,0.4066815318395145
16454,2020-08-16 14:00:00,0.0,0.22084482158125052
16455,2020-08-16 15:00:00,0.0,0.0014292034791766328
16456,2020-08-16 16:00:00,0.0,0.8297002167270724
16457,2020-08-16 17:00:00,0.0,0.9948580175465258
16458,2020-08-16 18:00:00,0.0,0.08174010898005024
16459,2020-08-16 19:00:00,0.0,0.5668622853756132
16460,2020-08-16 20:00:00,0.0,0.3672576268105503
16461,2020-08-16 21:00:00,0.0,0.9170862208235504
16462,2020-08-16 22:00:00,0.0,0.04163543600340447
16463,2020-08-16 23:00:00,0.0,0.5645333358675791
16464,2020-08-17 00:00:00,0.0,0.45852031778522095
16465,2020-08-17 01:00:00,0.0,0.17258368416678616
16466,2020-08-17 02:00:00,0.0,0.28893937273471526
16467,2020-08-17 03:00:00,0.0,0.8311702365713339
16468,2020-08-17 04:00:00,0.0,0.5407493043973168
16469,2020-08-17 05:00:00,0.0,0.9141367172364051
16470,2020-08-17 06:00:00,0.0,0.8731798859152264
16471,2020-08-17 07:00:00,0.0,0.2508042792167171
16472,2020-08-17 08:00:00,0.0,0.727558388138175
16473,2020-08-17 09:00:00,0.0,0.7105956963740426
16474,2020-08-17 10:00:00,0.0,0.40837553301424134
16475,2020-08-17 11:00:00,0.0,0.4009296391085516
16476,2020-08-17 12:00:00,0.0,0.7183833310694309
16477,2020-08-17 13:00:00,0.0,0.03245854273674531
16478,2020-08-17 14:00:00,0.0,0.7441828251117585
16479,2020-08-17 15:00:00,0.0,0.4241601714935158
16480,2020-08-17 16:00:00,0.0,0.7753407158708218
16481,2020-08-17 17:00:00,0.0,0.5176380842082544
16482,2020-08-17 18:00:00,0.0,0.31936993340971287
16483,2020-08-17 19:00:00,0.0,0.16499234845704214
16484,2020-08-17 20:00:00,0.0,0.8119131885859792
16485,2020-08-17 21:00:00,0.0,0.1832380750047018
16486,2020-08-17 22:00:00,0.0,0.8364047881126913
16487,2020-08-17 23:00:00,0.0,0.7519998057092505
16488,2020-08-18 00:00:00,0.0,0.9591348022562568
16489,2020-08-18 01:00:00,0.0,0.5505409057366857
16490,2020-08-18 02:00:00,0.0,0.7334023473693567
16491,2020-08-18 03:00:00,0.0,0.24919592275628077
16492,2020-08-18 04:00:00,0.0,0.28445389593165427
16493,2020-08-18 05:00:00,0.0,0.3125082391152212
16494,2020-08-18 06:00:00,0.0,0.9733329569309166
16495,2020-08-18 07:00:00,0.0,0.1274124630988107
16496,2020-08-18 08:00:00,0.0,0.3334010937055819
16497,2020-08-18 09:00:00,0.0,0.11456375147043851
16498,2020-08-18 10:00:00,0.0,0.23448772276032215
16499,2020-08-18 11:00:00,0.0,0.46239539043073197
16500,2020-08-18 12:00:00,0.0,0.6669301193061441
16501,2020-08-18 13:00:00,0.0,0.8951648901396508
16502,2020-08-18 14:00:00,0.0,0.022919391936078504
16503,2020-08-18 15:00:00,0.0,0.37168606207262544
16504,2020-08-18 16:00:00,0.0,0.5774703345863235
16505,2020-08-18 17:00:00,0.0,0.4004514966670888
16506,2020-08-18 18:00:00,0.0,0.8712577164943286
16507,2020-08-18 19:00:00,0.0,0.7058946228027582
16508,2020-08-18 20:00:00,0.0,0.012120764830335529
16509,2020-08-18 21:00:00,0.0,0.571166984831124
16510,2020-08-18 22:00:00,0.0,0.7302771883470618
16511,2020-08-18 23:00:00,0.0,0.07406960894566206
16512,2020-08-19 00:00:00,0.0,0.06175495526824648
16513,2020-08-19 01:00:00,0.0,0.7442498499127677
16514,2020-08-19 02:00:00,0.0,0.24068224662939386
16515,2020-08-19 03:00:00,0.0,0.6103426644833283
16516,2020-08-19 04:00:00,0.0,0.5912279262879575
16517,2020-08-19 05:00:00,0.0,0.513849497928079
16518,2020-08-19 06:00:00,0.0,0.566575069049846
16519,2020-08-19 07:00:00,0.0,0.9991904188905234
16520,2020-08-19 08:00:00,0.0,0.18365824558402855
16521,2020-08-19 09:00:00,0.0,0.34263022960067335
16522,2020-08-19 10:00:00,0.0,0.9796070325688865
16523,2020-08-19 11:00:00,0.0,0.6035558261095733
16524,2020-08-19 12:00:00,0.0,0.5972225563328568
16525,2020-08-19 13:00:00,0.0,0.6228333421938469
16526,2020-08-19 14:00:00,0.0,0.420276394662365
16527,2020-08-19 15:00:00,0.0,0.11810573080149689
16528,2020-08-19 16:00:00,0.0,0.135981118264497
16529,2020-08-19 17:00:00,0.0,0.39976753756700767
16530,2020-08-19 18:00:00,0.0,0.4217216813892585
16531,2020-08-19 19:00:00,0.0,0.7999863814930772
16532,2020-08-19 20:00:00,0.0,0.7493430194557642
16533,2020-08-19 21:00:00,0.0,0.5292301316810302
16534,2020-08-19 22:00:00,0.0,0.9358781890463999
16535,2020-08-19 23:00:00,0.0,0.03522661721200859
16536,2020-08-20 00:00:00,0.0,0.4680149239633694
16537,2020-08-20 01:00:00,0.0,0.6843095890764138
16538,2020-08-20 02:00:00,0.0,0.2927179989514006
16539,2020-08-20 03:00:00,0.0,0.857486806547652
16540,2020-08-20 04:00:00,0.0,0.32491019290033285
16541,2020-08-20 05:00:00,0.0,0.8475197250535728
16542,2020-08-20 06:00:00,0.0,0.05080743911171215
16543,2020-08-20 07:00:00,0.0,0.7137583417660471
16544,2020-08-20 08:00:00,0.0,0.9105169616872155
16545,2020-08-20 09:00:00,0.0,0.5976523183989724
16546,2020-08-20 10:00:00,0.0,0.5710962744785067
16547,2020-08-20 11:00:00,0.0,0.22782670781291126
16548,2020-08-20 12:00:00,0.0,0.35626949577478906
16549,2020-08-20 13:00:00,0.0,0.019480906871253256
16550,2020-08-20 14:00:00,0.0,0.3110618420527005
16551,2020-08-20 15:00:00,0.0,0.1646973240357581
16552,2020-08-20 16:00:00,0.0,0.5455900856476863
16553,2020-08-20 17:00:00,0.0,0.9350441174812316
16554,2020-08-20 18:00:00,0.0,0.6139627975296784
16555,2020-08-20 19:00:00,0.0,0.9854437750869769
16556,2020-08-20 20:00:00,0.0,0.5636600617949057
16557,2020-08-20 21:00:00,0.0,0.5015822994837345
16558,2020-08-20 22:00:00,0.0,0.131806754555574
16559,2020-08-20 23:00:00,0.0,0.5785140448955239
16560,2020-08-21 00:00:00,0.0,0.44987270186271944
16561,2020-08-21 01:00:00,0.0,0.8068010056810029
16562,2020-08-21 02:00:00,0.0,0.21564084922761328
16563,2020-08-21 03:00:00,0.0,0.20526723456553342
16564,2020-08-21 04:00:00,0.0,0.8060449175728137
16565,2020-08-21 05:00:00,0.0,0.35133062163176143
16566,2020-08-21 06:00:00,0.0,0.36514614385592736
16567,2020-08-21 07:00:00,0.0,0.05941761422244174
16568,2020-08-21 08:00:00,0.0,0.6125436737994258
16569,2020-08-21 09:00:00,0.0,0.24715452566573548
16570,2020-08-21 10:00:00,0.0,0.7006717844060186
16571,2020-08-21 11:00:00,0.0,0.6775650031184682
16572,2020-08-21 12:00:00,0.0,0.39065492301241134
16573,2020-08-21 13:00:00,0.0,0.8068839076440528
16574,2020-08-21 14:00:00,0.0,0.08152782114286916
16575,2020-08-21 15:00:00,0.0,0.5592036267804544
16576,2020-08-21 16:00:00,0.0,0.9341226970994573
16577,2020-08-21 17:00:00,0.0,0.7836496174238828
16578,2020-08-21 18:00:00,0.0,0.827953167670224
16579,2020-08-21 19:00:00,0.0,0.2514159957934632
16580,2020-08-21 20:00:00,0.0,0.7475946332524404
16581,2020-08-21 21:00:00,0.0,0.8867912890292553
16582,2020-08-21 22:00:00,0.0,0.8129939641516275
16583,2020-08-21 23:00:00,0.0,0.4053021322754846
16584,2020-08-22 00:00:00,0.0,0.038260551508640495
16585,2020-08-22 01:00:00,0.0,0.4133385646603016
16586,2020-08-22 02:00:00,0.0,0.8375967554104272
16587,2020-08-22 03:00:00,0.0,0.13176945938434548
16588,2020-08-22 04:00:00,0.0,0.2114133128174902
16589,2020-08-22 05:00:00,0.0,0.21970410832027887
16590,2020-08-22 06:00:00,0.0,0.5547549532739948
16591,2020-08-22 07:00:00,0.0,0.4582668539182706
16592,2020-08-22 08:00:00,0.0,0.3099777829833462
16593,2020-08-22 09:00:00,0.0,0.27319717898310714
16594,2020-08-22 10:00:00,0.0,0.11627515493036256
16595,2020-08-22 11:00:00,0.0,0.5514344349914353
16596,2020-08-22 12:00:00,0.0,0.6507543134793349
16597,2020-08-22 13:00:00,0.0,0.9394655775582356
16598,2020-08-22 14:00:00,0.0,0.08174202657331064
16599,2020-08-22 15:00:00,0.0,0.20069195597566858
16600,2020-08-22 16:00:00,0.0,0.4705685328397635
16601,2020-08-22 17:00:00,0.0,0.4337399757356113
16602,2020-08-22 18:00:00,0.0,0.7689541685879511
16603,2020-08-22 19:00:00,0.0,0.8845353920374076
16604,2020-08-22 20:00:00,0.0,0.15827531860342048
16605,2020-08-22 21:00:00,0.0,0.6039291003651674
16606,2020-08-22 22:00:00,0.0,0.5747726520307751
16607,2020-08-22 23:00:00,0.0,0.1365021027250337
16608,2020-08-23 00:00:00,0.0,0.42356644381270325
16609,2020-08-23 01:00:00,0.0,0.11730594489988677
16610,2020-08-23 02:00:00,0.0,0.59953770997286
16611,2020-08-23 03:00:00,0.0,0.546394751753744
16612,2020-08-23 04:00:00,0.0,0.3381640858038465
16613,2020-08-23 05:00:00,0.0,0.9292041322872293
16614,2020-08-23 06:00:00,0.0,0.34385427122164014
16615,2020-08-23 07:00:00,0.0,0.6414769441392628
16616,2020-08-23 08:00:00,0.0,0.006088187541024248
16617,2020-08-23 09:00:00,0.0,0.6114521957842187
16618,2020-08-23 10:00:00,0.0,0.5157307446814058
16619,2020-08-23 11:00:00,0.0,0.21789416535038786
16620,2020-08-23 12:00:00,0.0,0.4570957929029146
16621,2020-08-23 13:00:00,0.0,0.7765839226700673
16622,2020-08-23 14:00:00,0.0,0.6730021457594787
16623,2020-08-23 15:00:00,0.0,0.6472018382190793
16624,2020-08-23 16:00:00,0.0,0.7745135181682412
16625,2020-08-23 17:00:00,0.0,0.13112089252633496
16626,2020-08-23 18:00:00,0.0,0.4351666032530769
16627,2020-08-23 19:00:00,0.0,0.9882459062370883
16628,2020-08-23 20:00:00,0.0,0.7971343249124805
16629,2020-08-23 21:00:00,0.0,0.6090911154996972
16630,2020-08-23 22:00:00,0.0,0.6338694186568666
16631,2020-08-23 23:00:00,0.0,0.955769587364736
16632,2020-08-24 00:00:00,0.0,0.1379324339586666
16633,2020-08-24 01:00:00,0.0,0.15664878757189304
16634,2020-08-24 02:00:00,0.0,0.7041832029616264
16635,2020-08-24 03:00:00,0.0,0.9406319050158252
16636,2020-08-24 04:00:00,0.0,0.8345482329503845
16637,2020-08-24 05:00:00,0.0,0.24927533418137104
16638,2020-08-24 06:00:00,0.0,0.5235542763408301
16639,2020-08-24 07:00:00,0.0,0.05328512634492599
16640,2020-08-24 08:00:00,0.0,0.441060627305109
16641,2020-08-24 09:00:00,0.0,0.19696994352489505
16642,2020-08-24 10:00:00,0.0,0.371481113195513
16643,2020-08-24 11:00:00,0.0,0.4762870383177833
16644,2020-08-24 12:00:00,0.0,0.34522323620494266
16645,2020-08-24 13:00:00,0.0,0.5819377978683665
16646,2020-08-24 14:00:00,0.0,0.13771596462648383
16647,2020-08-24 15:00:00,0.0,0.2310723243558397
16648,2020-08-24 16:00:00,0.0,0.3762021892337102
16649,2020-08-24 17:00:00,0.0,0.9320293113802992
16650,2020-08-24 18:00:00,0.0,0.401008830700883
16651,2020-08-24 19:00:00,0.0,0.7644259171580395
16652,2020-08-24 20:00:00,0.0,0.9346042433141724
16653,2020-08-24 21:00:00,0.0,0.8583672229462077
16654,2020-08-24 22:00:00,0.0,0.7233131999355901
16655,2020-08-24 23:00:00,0.0,0.7971105313490021
16656,2020-08-25 00:00:00,0.0,0.5757890195159476
16657,2020-08-25 01:00:00,0.0,0.3768604963301423
16658,2020-08-25 02:00:00,0.0,0.48571178245611646
16659,2020-08-25 03:00:00,0.0,0.5085853130765227
16660,2020-08-25 04:00:00,0.0,0.7004786473462653
16661,2020-08-25 05:00:00,0.001068094,0.15915214117048027
16662,2020-08-25 06:00:00,0.001090942,0.4704021973450677
16663,2020-08-25 07:00:00,0.001275246,0.2346487789289574
16664,2020-08-25 08:00:00,0.001470749,0.037767793414297146
16665,2020-08-25 09:00:00,0.001392267,0.23649422575947832
16666,2020-08-25 10:00:00,0.001025249,0.4116432886198289
16667,2020-08-25 11:00:00,0.000998071,0.061276428567528685
16668,2020-08-25 12:00:00,0.000859447,0.4825227935465354
16669,2020-08-25 13:00:00,0.000861347,0.5252479928193847
16670,2020-08-25 14:00:00,0.00133183,0.3613375291329456
16671,2020-08-25 15:00:00,0.002380201,0.9636964926201406
16672,2020-08-25 16:00:00,0.002258407,0.24843691685993075
16673,2020-08-25 17:00:00,0.001411046,0.584825678038291
16674,2020-08-25 18:00:00,0.000809656,0.5263101766531382
16675,2020-08-25 19:00:00,0.000416738,0.2222544370116678
16676,2020-08-25 20:00:00,0.000231819,0.8456432734595847
16677,2020-08-25 21:00:00,0.000104486,0.8417541275138422
16678,2020-08-25 22:00:00,5.9366e-05,0.6323993605777269
16679,2020-08-25 23:00:00,3.4311e-05,0.47321685567750293
16680,2020-08-26 00:00:00,1.6598e-05,0.39754945685986165
16681,2020-08-26 01:00:00,9.558e-06,0.5691940794916861
16682,2020-08-26 02:00:00,5.016e-06,0.4961212545535212
16683,2020-08-26 03:00:00,2.826e-06,0.3811277078620382
16684,2020-08-26 04:00:00,1.488e-06,0.8503875160875437
16685,2020-08-26 05:00:00,1.244e-06,0.6084823065015056
16686,2020-08-26 06:00:00,0.0,0.7834353315458576
16687,2020-08-26 07:00:00,0.0,0.9817588025329395
16688,2020-08-26 08:00:00,0.0,0.2739051041278603
16689,2020-08-26 09:00:00,0.0,0.11584033326566512
16690,2020-08-26 10:00:00,0.000512162,0.6779959413193432
16691,2020-08-26 11:00:00,0.00045985,0.27889967048727216
16692,2020-08-26 12:00:00,0.000384861,0.004424716469252354
16693,2020-08-26 13:00:00,0.001312408,0.6973042637976856
16694,2020-08-26 14:00:00,0.002613151,0.414599522398289
16695,2020-08-26 15:00:00,0.004221107,0.13793154006594077
16696,2020-08-26 16:00:00,0.003872165,0.7627582347435499
16697,2020-08-26 17:00:00,0.002394804,0.3306700875894275
16698,2020-08-26 18:00:00,0.001280306,0.08384203747872399
16699,2020-08-26 19:00:00,0.000753994,0.3972749294892327
16700,2020-08-26 20:00:00,0.000463727,0.43691987537970767
16701,2020-08-26 21:00:00,0.000196596,0.09874819045726446
16702,2020-08-26 22:00:00,6.9473e-05,0.545098088343212
16703,2020-08-26 23:00:00,4.9118e-05,0.9502728517667435
16704,2020-08-27 00:00:00,2.6105e-05,0.3215571513293798
16705,2020-08-27 01:00:00,1.2454e-05,0.5116401572887006
16706,2020-08-27 02:00:00,1.5415e-05,0.3716650412518082
16707,2020-08-27 03:00:00,1.5326e-05,0.2199713983096344
16708,2020-08-27 04:00:00,6.119e-06,0.21067079525294952
16709,2020-08-27 05:00:00,1.997e-06,0.8286130523555373
16710,2020-08-27 06:00:00,8.0183e-05,0.5268700961136058
16711,2020-08-27 07:00:00,0.000557893,0.12152920233087239
16712,2020-08-27 08:00:00,0.000758556,0.3935194506255332
16713,2020-08-27 09:00:00,0.000725214,0.7108001908585273
16714,2020-08-27 10:00:00,0.00125142,0.7952776445084048
16715,2020-08-27 11:00:00,0.000539566,0.6651835953746537
16716,2020-08-27 12:00:00,0.001323014,0.10224227803467612
16717,2020-08-27 13:00:00,0.001249071,0.6223153819344825
16718,2020-08-27 14:00:00,0.008682803,0.6844797931630142
16719,2020-08-27 15:00:00,0.018495595,0.39560214528063276
16720,2020-08-27 16:00:00,0.017718717,0.14714112967501491
16721,2020-08-27 17:00:00,0.01175523,0.7176244110567981
16722,2020-08-27 18:00:00,0.006944157,0.0038280892378437237
16723,2020-08-27 19:00:00,0.003676772,0.9228569674075946
16724,2020-08-27 20:00:00,0.002255513,0.4587663834851078
16725,2020-08-27 21:00:00,0.001094505,0.9501820449760712
16726,2020-08-27 22:00:00,0.000367693,0.7233327265846728
16727,2020-08-27 23:00:00,0.000184893,0.1955545814131422
16728,2020-08-28 00:00:00,0.000158951,0.3097709377425826
16729,2020-08-28 01:00:00,8.954e-05,0.3832594684836552
16730,2020-08-28 02:00:00,6.7952e-05,0.9250717853721319
16731,2020-08-28 03:00:00,6.764e-05,0.9877364936078143
16732,2020-08-28 04:00:00,3.333e-05,0.7949351441274215
16733,2020-08-28 05:00:00,0.000423844,0.4014476593123043
16734,2020-08-28 06:00:00,0.000546735,0.6964329895886017
16735,2020-08-28 07:00:00,0.001116372,0.4864961064185662
16736,2020-08-28 08:00:00,0.001563998,0.621302160446391
16737,2020-08-28 09:00:00,0.004992794,0.7035235285409634
16738,2020-08-28 10:00:00,0.008830886,0.8624389366064688
16739,2020-08-28 11:00:00,0.00549515,0.09888597856584036
16740,2020-08-28 12:00:00,0.003848671,0.5139134773757864
16741,2020-08-28 13:00:00,0.007054692,0.7562169272845866
16742,2020-08-28 14:00:00,0.008932793,0.7481413210832734
16743,2020-08-28 15:00:00,0.014315407,0.8320894434971573
16744,2020-08-28 16:00:00,0.016800694,0.008491863044401748
16745,2020-08-28 17:00:00,0.008123938,0.5360337513228183
16746,2020-08-28 18:00:00,0.004532064,0.8419322300104147
16747,2020-08-28 19:00:00,0.002750967,0.28621229797416536
16748,2020-08-28 20:00:00,0.001433811,0.2117284880616659
16749,2020-08-28 21:00:00,0.001154863,0.01174911674603718
16750,2020-08-28 22:00:00,0.00046173,0.8562772049963512
16751,2020-08-28 23:00:00,0.000250619,0.20387937747253537
16752,2020-08-29 00:00:00,0.000136623,0.08278203504029447
16753,2020-08-29 01:00:00,6.3085e-05,0.5668771753807
16754,2020-08-29 02:00:00,5.4722e-05,0.5449066419949132
16755,2020-08-29 03:00:00,4.2418e-05,0.30961861121685597
16756,2020-08-29 04:00:00,2.195e-05,0.023685151135450555
16757,2020-08-29 05:00:00,1.2811e-05,0.6484175197392803
16758,2020-08-29 06:00:00,5.16e-05,0.5478475040932833
16759,2020-08-29 07:00:00,5.9141e-05,0.2393156604867317
16760,2020-08-29 08:00:00,5.7354e-05,0.2345793346008742
16761,2020-08-29 09:00:00,5.7556e-05,0.3678262916777708
16762,2020-08-29 10:00:00,5.0931e-05,0.6117886166507633
16763,2020-08-29 11:00:00,3.6826e-05,0.38702611409925225
16764,2020-08-29 12:00:00,4.4855e-05,0.6087023493265769
16765,2020-08-29 13:00:00,5.1041e-05,0.3724479913234978
16766,2020-08-29 14:00:00,3.4726e-05,0.6262099166629026
16767,2020-08-29 15:00:00,2.2364e-05,0.9401169242687967
16768,2020-08-29 16:00:00,1.8939e-05,0.4177643671808875
16769,2020-08-29 17:00:00,1.6909e-05,0.7448639710609769
16770,2020-08-29 18:00:00,1.089e-05,0.1412358891985519
16771,2020-08-29 19:00:00,6.452e-06,0.02678552313287952
16772,2020-08-29 20:00:00,4.371e-06,0.41589754638037135
16773,2020-08-29 21:00:00,2.483e-06,0.2653041144137446
16774,2020-08-29 22:00:00,1.52e-06,0.6209522116261957
16775,2020-08-29 23:00:00,0.0,0.5014255825952646
16776,2020-08-30 00:00:00,0.0,0.2098495245056674
16777,2020-08-30 01:00:00,0.0,0.39177404600561716
16778,2020-08-30 02:00:00,0.0,0.3897080922966425
16779,2020-08-30 03:00:00,0.0,0.8639855151329049
16780,2020-08-30 04:00:00,0.0,0.9774333289599509
16781,2020-08-30 05:00:00,0.0,0.9338991595697278
16782,2020-08-30 06:00:00,0.0,0.9182192227348595
16783,2020-08-30 07:00:00,0.0,0.9509887293627421
16784,2020-08-30 08:00:00,0.0,0.5024660021140472
16785,2020-08-30 09:00:00,0.00107701,0.5880818984337787
16786,2020-08-30 10:00:00,0.002716982,0.14824302230416453
16787,2020-08-30 11:00:00,0.003656713,0.8837650833898129
16788,2020-08-30 12:00:00,0.003587473,0.3778556332752493
16789,2020-08-30 13:00:00,0.002189701,0.10191707005855166
16790,2020-08-30 14:00:00,0.004242432,0.6022053356490885
16791,2020-08-30 15:00:00,0.012019262,0.5505102746090166
16792,2020-08-30 16:00:00,0.012787797,0.4805629500012387
16793,2020-08-30 17:00:00,0.009100378,0.8567194670940973
16794,2020-08-30 18:00:00,0.006819336,0.33209179700181923
16795,2020-08-30 19:00:00,0.003941976,0.7123358556492276
16796,2020-08-30 20:00:00,0.001798441,0.3394629768818488
16797,2020-08-30 21:00:00,0.001288562,0.00023764956284044736
16798,2020-08-30 22:00:00,0.000540713,0.9683453602735155
16799,2020-08-30 23:00:00,0.000322784,0.3179812708438968
16800,2020-08-31 00:00:00,0.00038701,0.7770664447820722
16801,2020-08-31 01:00:00,0.000153614,0.4168420210887881
16802,2020-08-31 02:00:00,0.000236003,0.5173878406718383
16803,2020-08-31 03:00:00,0.000198716,0.5122907518093422
16804,2020-08-31 04:00:00,0.000961089,0.24698890803443663
16805,2020-08-31 05:00:00,0.00188008,0.3828488309485022
16806,2020-08-31 06:00:00,0.003199902,0.5812948899112637
16807,2020-08-31 07:00:00,0.004850587,0.5277795171690034
16808,2020-08-31 08:00:00,0.004365367,0.7475072149976758
16809,2020-08-31 09:00:00,0.005449392,0.833792902391849
16810,2020-08-31 10:00:00,0.007390154,0.09871506771319483
16811,2020-08-31 11:00:00,0.007939151,0.9238413504738542
16812,2020-08-31 12:00:00,0.009885442,0.6092626313971409
16813,2020-08-31 13:00:00,0.011139493,0.788833446061375
16814,2020-08-31 14:00:00,0.010563815,0.595415204443364
16815,2020-08-31 15:00:00,0.017273413,0.3290012280101814
16816,2020-08-31 16:00:00,0.015308697,0.44169116034308664
16817,2020-08-31 17:00:00,0.011652566,0.1962913545623286
16818,2020-08-31 18:00:00,0.00754189,0.07388684789401667
16819,2020-08-31 19:00:00,0.004146573,0.49263412884276225
16820,2020-08-31 20:00:00,0.002165974,0.7447963000567384
16821,2020-08-31 21:00:00,0.000924254,0.903444601301078
16822,2020-08-31 22:00:00,0.000447616,0.48012478770926015
16823,2020-08-31 23:00:00,0.000235248,0.15814418055137536
16824,2020-09-01 00:00:00,0.000149393,0.16760375541215766
16825,2020-09-01 01:00:00,7.9874e-05,0.11974577218332916
16826,2020-09-01 02:00:00,5.0393e-05,0.20673320713284982
16827,2020-09-01 03:00:00,3.1083e-05,0.10661090177855714
16828,2020-09-01 04:00:00,2.1689e-05,0.0723151766885215
16829,2020-09-01 05:00:00,1.233e-05,0.19481626605195457
16830,2020-09-01 06:00:00,4.9e-06,0.8711973506981078
16831,2020-09-01 07:00:00,7.315e-05,0.29561731365840327
16832,2020-09-01 08:00:00,8.6232e-05,0.8415755098836339
16833,2020-09-01 09:00:00,0.000175395,0.3520496074825319
16834,2020-09-01 10:00:00,0.001312501,0.14142574456328905
16835,2020-09-01 11:00:00,0.001418174,0.2003945684808084
16836,2020-09-01 12:00:00,0.371045679,0.681955296972156
16837,2020-09-01 13:00:00,0.033514138,0.5591639143092938
16838,2020-09-01 14:00:00,0.014484765,0.5390839739515287
16839,2020-09-01 15:00:00,0.021027746,0.9899381191924641
16840,2020-09-01 16:00:00,0.027865326,0.12641252134427872
16841,2020-09-01 17:00:00,0.028354483,0.5717390690917488
16842,2020-09-01 18:00:00,0.024738904,0.9502459610379063
16843,2020-09-01 19:00:00,0.016820572,0.040929345516702464
16844,2020-09-01 20:00:00,0.010234469,0.2147142118323092
16845,2020-09-01 21:00:00,0.007280014,0.32643065105244895
16846,2020-09-01 22:00:00,0.004114928,0.10810343559159663
16847,2020-09-01 23:00:00,0.001953282,0.7606768280454059
16848,2020-09-02 00:00:00,0.002486656,0.3665867859721923
16849,2020-09-02 01:00:00,0.000950468,0.68190844251172
16850,2020-09-02 02:00:00,0.004883577,0.22534194003370445
16851,2020-09-02 03:00:00,0.003231233,0.10808052644761967
16852,2020-09-02 04:00:00,0.010536164,0.6763276176469223
16853,2020-09-02 05:00:00,0.014082725,0.7241002250574574
16854,2020-09-02 06:00:00,0.020585597,0.6276445814065577
16855,2020-09-02 07:00:00,0.015407007,0.43960604674298465
16856,2020-09-02 08:00:00,0.010771648,0.21246285151810984
16857,2020-09-02 09:00:00,0.008533851,0.3570095147586462
16858,2020-09-02 10:00:00,0.006573607,0.6707972307702154
16859,2020-09-02 11:00:00,0.00401832,0.5517432544132879
16860,2020-09-02 12:00:00,0.003708155,0.38166317456508714
16861,2020-09-02 13:00:00,0.003735636,0.7832470578605462
16862,2020-09-02 14:00:00,0.002298065,0.85445750007604
16863,2020-09-02 15:00:00,0.004523579,0.14621341203812233
16864,2020-09-02 16:00:00,0.005518573,0.6317781170916071
16865,2020-09-02 17:00:00,0.003758783,0.08012892501835667
16866,2020-09-02 18:00:00,0.002499126,0.8110599681363975
16867,2020-09-02 19:00:00,0.001548763,0.6877083494813325
16868,2020-09-02 20:00:00,0.000922961,0.3920312799280091
16869,2020-09-02 21:00:00,0.000459417,0.9508435620255347
16870,2020-09-02 22:00:00,0.000188141,0.6418038327310503
16871,2020-09-02 23:00:00,9.0581e-05,0.9032375389504793
16872,2020-09-03 00:00:00,6.7169e-05,0.4448854909038713
16873,2020-09-03 01:00:00,3.9729e-05,0.6770341568099549
16874,2020-09-03 02:00:00,2.2698e-05,0.8370825356336621
16875,2020-09-03 03:00:00,0.000355377,0.4488127363179635
16876,2020-09-03 04:00:00,0.000575948,0.31506946724959584
16877,2020-09-03 05:00:00,0.001451692,0.6528834051091535
16878,2020-09-03 06:00:00,0.003048894,0.9959645921923626
16879,2020-09-03 07:00:00,0.004262157,0.23194442570552531
16880,2020-09-03 08:00:00,0.006662128,0.9267524658837168
16881,2020-09-03 09:00:00,0.009269815,0.6341445820731244
16882,2020-09-03 10:00:00,0.010536941,0.13313713522465076
16883,2020-09-03 11:00:00,0.008296114,0.5957742283514412
16884,2020-09-03 12:00:00,0.005998721,0.14962573135308777
16885,2020-09-03 13:00:00,0.003940475,0.20926807513480927
16886,2020-09-03 14:00:00,0.002518867,0.5106873425957807
16887,2020-09-03 15:00:00,0.002152289,0.7155581666275431
16888,2020-09-03 16:00:00,0.001588293,0.09152250815305785
16889,2020-09-03 17:00:00,0.00094946,0.20567775176533476
16890,2020-09-03 18:00:00,0.00059282,0.4932308348745831
16891,2020-09-03 19:00:00,0.000329524,0.597505089681314
16892,2020-09-03 20:00:00,0.00016837,0.34232113476648807
16893,2020-09-03 21:00:00,7.6148e-05,0.1595714136981008
16894,2020-09-03 22:00:00,3.0428e-05,0.9328030349473416
16895,2020-09-03 23:00:00,1.4392e-05,0.27841268005676356
16896,2020-09-04 00:00:00,1.0524e-05,0.9672601247120526
16897,2020-09-04 01:00:00,6.935e-06,0.7571613024616533
16898,2020-09-04 02:00:00,4.006e-06,0.9594815627506965
16899,2020-09-04 03:00:00,0.000100243,0.26055479895722555
16900,2020-09-04 04:00:00,0.00056573,0.7549146345649422
16901,2020-09-04 05:00:00,0.000787176,0.19959444890243483
16902,2020-09-04 06:00:00,0.001035284,0.936395173739505
16903,2020-09-04 07:00:00,0.001932401,0.2997126031724453
16904,2020-09-04 08:00:00,0.000508444,0.4720390308309206
16905,2020-09-04 09:00:00,0.000673554,0.9009392815346545
16906,2020-09-04 10:00:00,0.002334098,0.545885044879448
16907,2020-09-04 11:00:00,0.004280816,0.3166865864879779
16908,2020-09-04 12:00:00,0.005947084,0.9956954720939621
16909,2020-09-04 13:00:00,0.006760565,0.014254668013606975
16910,2020-09-04 14:00:00,0.005469072,0.9832933403648616
16911,2020-09-04 15:00:00,0.009018603,0.9327254661820472
16912,2020-09-04 16:00:00,0.011802536,0.5175051797616378
16913,2020-09-04 17:00:00,0.007393907,0.9741776579913222
16914,2020-09-04 18:00:00,0.003911954,0.8538851224077292
16915,2020-09-04 19:00:00,0.002215752,0.004356838787122674
16916,2020-09-04 20:00:00,0.001223898,0.6211118564601795
16917,2020-09-04 21:00:00,0.000587158,0.8217369994141883
16918,2020-09-04 22:00:00,0.000232978,0.7179566208210467
16919,2020-09-04 23:00:00,9.8597e-05,0.04841809952474663
16920,2020-09-05 00:00:00,6.1749e-05,0.5540905895690303
16921,2020-09-05 01:00:00,3.2336e-05,0.7144147811084542
16922,2020-09-05 02:00:00,7.4067e-05,0.26447441279731776
16923,2020-09-05 03:00:00,7.1461e-05,0.40940027762296394
16924,2020-09-05 04:00:00,0.000113666,0.19081138218275617
16925,2020-09-05 05:00:00,0.000106765,0.16809851522140684
16926,2020-09-05 06:00:00,0.000313356,0.8172766861320949
16927,2020-09-05 07:00:00,0.000378058,0.9139359542511164
16928,2020-09-05 08:00:00,0.000469809,0.9637414387053009
16929,2020-09-05 09:00:00,0.000535168,0.049687020435212004
16930,2020-09-05 10:00:00,0.000702022,0.893582431850658
16931,2020-09-05 11:00:00,0.000492347,0.9728172520196351
16932,2020-09-05 12:00:00,0.000632142,0.5911657884005324
16933,2020-09-05 13:00:00,0.000704492,0.6376824617446625
16934,2020-09-05 14:00:00,0.000634982,0.9616134971087668
16935,2020-09-05 15:00:00,0.001009567,0.9149694880532511
16936,2020-09-05 16:00:00,0.00095465,0.3784365184911974
16937,2020-09-05 17:00:00,0.000603743,0.03168389358242729
16938,2020-09-05 18:00:00,0.000323234,0.36919282725026736
16939,2020-09-05 19:00:00,0.000169357,0.5680390687670529
16940,2020-09-05 20:00:00,9.4655e-05,0.1503328034914273
16941,2020-09-05 21:00:00,3.4839e-05,0.8084170453830128
16942,2020-09-05 22:00:00,1.5174e-05,0.24543593392930207
16943,2020-09-05 23:00:00,6.31e-06,0.3327532110560929
16944,2020-09-06 00:00:00,4.882e-06,0.06077899982070045
16945,2020-09-06 01:00:00,3.795e-06,0.7778633539996765
16946,2020-09-06 02:00:00,0.0,0.8221211360006131
16947,2020-09-06 03:00:00,1.2035e-05,0.16502213696355905
16948,2020-09-06 04:00:00,2.6066e-05,0.5695474538203961
16949,2020-09-06 05:00:00,4.0207e-05,0.8125385532208252
16950,2020-09-06 06:00:00,4.5816e-05,0.6036461582166093
16951,2020-09-06 07:00:00,3.3509e-05,0.23144191964010208
16952,2020-09-06 08:00:00,0.00027615,0.3337356816274868
16953,2020-09-06 09:00:00,0.000230579,0.022982490759349106
16954,2020-09-06 10:00:00,0.00019127,0.5820824002789026
16955,2020-09-06 11:00:00,0.000230582,0.3830615342950543
16956,2020-09-06 12:00:00,0.000472548,0.06435945177278968
16957,2020-09-06 13:00:00,0.000345853,0.5853145900898741
16958,2020-09-06 14:00:00,0.000260447,0.7436704887734079
16959,2020-09-06 15:00:00,0.001760848,0.5152732842588642
16960,2020-09-06 16:00:00,0.002843648,0.055610534211265494
16961,2020-09-06 17:00:00,0.001956742,0.3579846128118186
16962,2020-09-06 18:00:00,0.00115735,0.6213814274462741
16963,2020-09-06 19:00:00,0.00058065,0.32747992529539727
16964,2020-09-06 20:00:00,0.0002671,0.8577932234528695
16965,2020-09-06 21:00:00,0.000124139,0.6659789753282405
16966,2020-09-06 22:00:00,4.4516e-05,0.19232571584133584
16967,2020-09-06 23:00:00,1.6286e-05,0.29533980923225367
16968,2020-09-07 00:00:00,1.3382e-05,0.38194061293159975
16969,2020-09-07 01:00:00,9.395e-06,0.989360016442916
16970,2020-09-07 02:00:00,4.798e-06,0.12396681126473896
16971,2020-09-07 03:00:00,2.025e-06,0.41456097533824765
16972,2020-09-07 04:00:00,0.0,0.40503290786993873
16973,2020-09-07 05:00:00,0.0,0.9231277317193259
16974,2020-09-07 06:00:00,0.0,0.4010168595892992
16975,2020-09-07 07:00:00,0.0,0.5424154928661099
16976,2020-09-07 08:00:00,0.0,0.30237003298453513
16977,2020-09-07 09:00:00,0.0,0.17346575946642828
16978,2020-09-07 10:00:00,0.0,0.9280933999310377
16979,2020-09-07 11:00:00,0.0,0.2142755255164842
16980,2020-09-07 12:00:00,0.0,0.553611219203062
16981,2020-09-07 13:00:00,0.0,0.7522145187474043
16982,2020-09-07 14:00:00,0.0,0.404848587669734
16983,2020-09-07 15:00:00,0.0,0.1366160996374739
16984,2020-09-07 16:00:00,0.0,0.5753174391876844
16985,2020-09-07 17:00:00,0.0,0.8031341447389392
16986,2020-09-07 18:00:00,0.0,0.17323326149869667
16987,2020-09-07 19:00:00,0.0,0.38376240157305297
16988,2020-09-07 20:00:00,0.0,0.20592615683729532
16989,2020-09-07 21:00:00,0.0,0.930501901314886
16990,2020-09-07 22:00:00,0.0,0.4772890299450856
16991,2020-09-07 23:00:00,0.0,0.9988854190377812
16992,2020-09-08 00:00:00,0.0,0.6605042982081251
16993,2020-09-08 01:00:00,0.0,0.5531389743602597
16994,2020-09-08 02:00:00,0.0,0.2781602097904702
16995,2020-09-08 03:00:00,0.0,0.34025560531582544
16996,2020-09-08 04:00:00,0.0,0.35591937484647684
16997,2020-09-08 05:00:00,0.0,0.1292335968807704
16998,2020-09-08 06:00:00,0.0,0.11500586643914723
16999,2020-09-08 07:00:00,0.0,0.05962771914188769
17000,2020-09-08 08:00:00,0.0,0.5620626541094144
17001,2020-09-08 09:00:00,0.0,0.1954611752432992
17002,2020-09-08 10:00:00,0.0,0.41772827433486104
17003,2020-09-08 11:00:00,0.0,0.5678480892382476
17004,2020-09-08 12:00:00,0.0,0.6793464017230636
17005,2020-09-08 13:00:00,0.0,0.395425754051033
17006,2020-09-08 14:00:00,0.0,0.18941539860913337
17007,2020-09-08 15:00:00,0.0,0.639161070666937
17008,2020-09-08 16:00:00,0.0,0.12103638650939075
17009,2020-09-08 17:00:00,0.0,0.3879492547250619
17010,2020-09-08 18:00:00,0.0,0.11966419877543766
17011,2020-09-08 19:00:00,0.0,0.6396565574183718
17012,2020-09-08 20:00:00,0.0,0.7941449854659024
17013,2020-09-08 21:00:00,0.619550884,0.3461774189374891
17014,2020-09-08 22:00:00,0.727707624,0.8963325159561747
17015,2020-09-08 23:00:00,1.389836431,0.3174726405743248
17016,2020-09-09 00:00:00,2.060797215,0.9048864914029727
17017,2020-09-09 01:00:00,2.249706507,0.7590439160070137
17018,2020-09-09 02:00:00,2.447301149,0.6492484687620725
17019,2020-09-09 03:00:00,2.65898037,0.6661836003448143
17020,2020-09-09 04:00:00,2.990385056,0.2891509275054749
17021,2020-09-09 05:00:00,3.282384396,0.5400309552896111
17022,2020-09-09 06:00:00,3.503665686,0.8136948665217428
17023,2020-09-09 07:00:00,3.655464172,0.14827242847838606
17024,2020-09-09 08:00:00,3.799362898,0.17347040626132093
17025,2020-09-09 09:00:00,3.913644314,0.19832334494712933
17026,2020-09-09 10:00:00,4.013681889,0.9101233657427152
17027,2020-09-09 11:00:00,4.136991978,0.5240608501835224
17028,2020-09-09 12:00:00,4.242472649,0.9555483562797442
17029,2020-09-09 13:00:00,4.373125553,0.5742728603984328
17030,2020-09-09 14:00:00,4.507698059,0.506791226574825
17031,2020-09-09 15:00:00,4.636089802,0.9751823385286984
17032,2020-09-09 16:00:00,4.746017456,0.625107386461179
17033,2020-09-09 17:00:00,4.870099068,0.3911305596158823
17034,2020-09-09 18:00:00,5.018437386,0.4427254032972697
17035,2020-09-09 19:00:00,5.311635017,0.9813694067431713
17036,2020-09-09 20:00:00,5.542785645,0.806593774735722
17037,2020-09-09 21:00:00,5.733162403,0.47937430381882307
17038,2020-09-09 22:00:00,5.985179901,0.3305481849849733
17039,2020-09-09 23:00:00,6.188885689,0.335440534619303
17040,2020-09-10 00:00:00,6.391365051,0.4952952263828315
17041,2020-09-10 01:00:00,6.591598511,0.18604431019014334
17042,2020-09-10 02:00:00,6.781207085,0.14577103618535547
17043,2020-09-10 03:00:00,6.970730782,0.13489705203159863
17044,2020-09-10 04:00:00,7.199298859,0.08868034011772685
17045,2020-09-10 05:00:00,7.454197884,0.9350126550331131
17046,2020-09-10 06:00:00,7.690636635,0.5854453856634482
17047,2020-09-10 07:00:00,8.135168076,0.3857541797220737
17048,2020-09-10 08:00:00,8.574155807,0.42636635813662704
17049,2020-09-10 09:00:00,9.056810379,0.8765849327162406
17050,2020-09-10 10:00:00,9.543502808,0.8793232790346083
17051,2020-09-10 11:00:00,10.012311935,0.895706325320247
17052,2020-09-10 12:00:00,10.44301033,0.28375395205654164
17053,2020-09-10 13:00:00,11.003742218,0.7379967992505478
17054,2020-09-10 14:00:00,11.549936295,0.5302070144541473
17055,2020-09-10 15:00:00,12.175432205,0.48547823852686667
17056,2020-09-10 16:00:00,12.843632698,0.6958419395106715
17057,2020-09-10 17:00:00,13.549307823,0.5397073542445798
17058,2020-09-10 18:00:00,14.236891747,0.2853755558679747
17059,2020-09-10 19:00:00,14.717495918,0.8671998064020368
17060,2020-09-10 20:00:00,15.136333466,0.8568236232672996
17061,2020-09-10 21:00:00,15.462560654,0.499395651588566
17062,2020-09-10 22:00:00,15.771157265,0.5975868514311059
17063,2020-09-10 23:00:00,16.041446686,0.1168406311948692
17064,2020-09-11 00:00:00,16.329517365,0.31271326161272117
17065,2020-09-11 01:00:00,16.507043839,0.8109158752026868
17066,2020-09-11 02:00:00,16.660526276,0.9931884589644963
17067,2020-09-11 03:00:00,16.905231476,0.41848439565715856
17068,2020-09-11 04:00:00,17.13158226,0.719086706133512
17069,2020-09-11 05:00:00,17.383102417,0.9996048570528849
17070,2020-09-11 06:00:00,17.719524384,0.23174748977729698
17071,2020-09-11 07:00:00,17.865909576,0.9365272085099432
17072,2020-09-11 08:00:00,17.96672821,0.1452850909324589
17073,2020-09-11 09:00:00,18.056287766,0.2917815362381423
17074,2020-09-11 10:00:00,18.15562439,0.07298748140441791
17075,2020-09-11 11:00:00,18.286981583,0.4640607177216137
17076,2020-09-11 12:00:00,18.395797729,0.18409306595159025
17077,2020-09-11 13:00:00,18.480024338,0.7117830822885185
17078,2020-09-11 14:00:00,18.556526184,0.7277259822649859
17079,2020-09-11 15:00:00,18.648920059,0.8884859691854012
17080,2020-09-11 16:00:00,18.738994598,0.675868781181641
17081,2020-09-11 17:00:00,18.824098587,0.28451270831466846
17082,2020-09-11 18:00:00,18.88445282,0.17854956482821605
17083,2020-09-11 19:00:00,18.940097809,0.39813005279932745
17084,2020-09-11 20:00:00,18.983909607,0.9634666672218088
17085,2020-09-11 21:00:00,19.014730453,0.6771350212732788
17086,2020-09-11 22:00:00,19.044670105,0.3685064332649042
17087,2020-09-11 23:00:00,19.053827286,0.8297521566899153
17088,2020-09-12 00:00:00,19.072364807,0.4320500036656968
17089,2020-09-12 01:00:00,19.093978882,0.609784613927987
17090,2020-09-12 02:00:00,19.113080978,0.6457437305235479
17091,2020-09-12 03:00:00,19.135509491,0.44175337779504675
17092,2020-09-12 04:00:00,19.153648376,0.23926403781784344
17093,2020-09-12 05:00:00,19.17093277,0.27429101842557535
17094,2020-09-12 06:00:00,19.189460754,0.06739670193694824
17095,2020-09-12 07:00:00,19.208097458,0.16580399147292513
17096,2020-09-12 08:00:00,19.218196869,0.8269213304057795
17097,2020-09-12 09:00:00,19.221668243,0.13317808665686115
17098,2020-09-12 10:00:00,19.225852966,0.9744692559197883
17099,2020-09-12 11:00:00,19.244594574,0.7994423537455644
17100,2020-09-12 12:00:00,19.262722015,0.24461315862390154
17101,2020-09-12 13:00:00,19.28061676,0.7446960077913393
17102,2020-09-12 14:00:00,19.290210724,0.7867841804231284
17103,2020-09-12 15:00:00,19.282943726,0.20362191759413895
17104,2020-09-12 16:00:00,19.272787094,0.43095048311027284
17105,2020-09-12 17:00:00,19.25346756,0.41389326969681706
17106,2020-09-12 18:00:00,19.215133667,0.6830247427015116
17107,2020-09-12 19:00:00,19.16966629,0.13153653592643355
17108,2020-09-12 20:00:00,19.136014938,0.8073801290069824
17109,2020-09-12 21:00:00,19.129245758,0.25565986924048456
17110,2020-09-12 22:00:00,19.123386383,0.21333700540459477
17111,2020-09-12 23:00:00,19.116529465,0.42487926938779663
17112,2020-09-13 00:00:00,19.120479584,0.3745973337302263
17113,2020-09-13 01:00:00,19.129106522,0.001209583061769215
17114,2020-09-13 02:00:00,19.137996674,0.3575280881073022
17115,2020-09-13 03:00:00,19.148199081,0.31041195948364175
17116,2020-09-13 04:00:00,19.155929565,0.9154253350675223
17117,2020-09-13 05:00:00,19.16132164,0.8198977361542705
17118,2020-09-13 06:00:00,19.16607666,0.24028279961934418
17119,2020-09-13 07:00:00,19.168746948,0.926689317395162
17120,2020-09-13 08:00:00,19.15868187,0.3465567149818859
17121,2020-09-13 09:00:00,19.148067474,0.8789624036311968
17122,2020-09-13 10:00:00,19.133586884,0.17497511140505617
17123,2020-09-13 11:00:00,19.143024445,0.6078714765939246
17124,2020-09-13 12:00:00,19.152107239,0.2904860351713642
17125,2020-09-13 13:00:00,19.158946991,0.2619548589178927
17126,2020-09-13 14:00:00,19.162231445,0.9482375968255926
17127,2020-09-13 15:00:00,19.143064499,0.868615999049404
17128,2020-09-13 16:00:00,19.122001648,0.7241146531027727
17129,2020-09-13 17:00:00,19.090875626,0.9764044998466862
17130,2020-09-13 18:00:00,18.955007553,0.7575942369139792
17131,2020-09-13 19:00:00,18.70331955,0.4827857700068763
17132,2020-09-13 20:00:00,18.404304504,0.7725229306389705
17133,2020-09-13 21:00:00,18.143072128,0.8038838710574417
17134,2020-09-13 22:00:00,17.925397873,0.005143244592298424
17135,2020-09-13 23:00:00,17.753898621,0.5262182545002675
17136,2020-09-14 00:00:00,17.615907669,0.35214111574481166
17137,2020-09-14 01:00:00,17.50358963,0.9108736323360807
17138,2020-09-14 02:00:00,17.417324066,0.048017742991508516
17139,2020-09-14 03:00:00,17.353656769,0.9341792338544874
17140,2020-09-14 04:00:00,17.305986404,0.8192081318312038
17141,2020-09-14 05:00:00,17.268203735,0.478470983190737
17142,2020-09-14 06:00:00,17.243059158,0.7695891682295651
17143,2020-09-14 07:00:00,17.25438118,0.0344600522066737
17144,2020-09-14 08:00:00,17.263170242,0.3422483143116912
17145,2020-09-14 09:00:00,17.270370483,0.998648747838648
17146,2020-09-14 10:00:00,17.276275635,0.9732695935046258
17147,2020-09-14 11:00:00,17.282402039,0.7534185588397271
17148,2020-09-14 12:00:00,17.28875351,0.35576677410157553
17149,2020-09-14 13:00:00,17.294712067,0.7444522585389659
17150,2020-09-14 14:00:00,17.299152374,0.856609757830824
17151,2020-09-14 15:00:00,17.288131714,0.5831604346126058
17152,2020-09-14 16:00:00,17.26335144,0.8703902218963369
17153,2020-09-14 17:00:00,17.226768494,0.9310403850028414
17154,2020-09-14 18:00:00,17.102451324,0.721111425843865
17155,2020-09-14 19:00:00,16.861175537,0.17360001212446274
17156,2020-09-14 20:00:00,16.539575577,0.06846824281007158
17157,2020-09-14 21:00:00,16.221954346,0.21282297079170642
17158,2020-09-14 22:00:00,15.981678963,0.11293586505114062
17159,2020-09-14 23:00:00,15.795907974,0.45511217226554346
17160,2020-09-15 00:00:00,15.630764961,0.6378416108213714
17161,2020-09-15 01:00:00,15.503275871,0.44064021522157315
17162,2020-09-15 02:00:00,15.394323349,0.45948461027822607
17163,2020-09-15 03:00:00,15.321905136,0.9023524285402112
17164,2020-09-15 04:00:00,15.268549919,0.4338793223909061
17165,2020-09-15 05:00:00,15.232984543,0.7886831233148954
17166,2020-09-15 06:00:00,15.210536003,0.37595075038845616
17167,2020-09-15 07:00:00,15.200671196,0.21303269070843733
17168,2020-09-15 08:00:00,15.197484016,0.5960095800916559
17169,2020-09-15 09:00:00,15.200216293,0.8214275028311938
17170,2020-09-15 10:00:00,15.205321312,0.33181751956896477
17171,2020-09-15 11:00:00,15.212991714,0.8406297357091393
17172,2020-09-15 12:00:00,15.218832016,0.28408968588964034
17173,2020-09-15 13:00:00,15.22351265,0.6463956861722454
17174,2020-09-15 14:00:00,15.225795746,0.06156344640822253
17175,2020-09-15 15:00:00,15.208216667,0.1579975726512195
17176,2020-09-15 16:00:00,15.176963806,0.16329460267188411
17177,2020-09-15 17:00:00,15.092651367,0.09785596862881962
17178,2020-09-15 18:00:00,14.869894981,0.29940168668846234
17179,2020-09-15 19:00:00,14.551076889,0.3164732444624523
17180,2020-09-15 20:00:00,14.223680496,0.5630334109029728
17181,2020-09-15 21:00:00,13.913379669,0.7068254142668039
17182,2020-09-15 22:00:00,13.647490501,0.9775570115785189
17183,2020-09-15 23:00:00,13.410082817,0.4994182632146199
17184,2020-09-16 00:00:00,13.221923828,0.33781673003883317
17185,2020-09-16 01:00:00,13.072734833,0.7200569607104332
17186,2020-09-16 02:00:00,12.961936951,0.10068132306236144
17187,2020-09-16 03:00:00,12.877242088,0.759802146175018
17188,2020-09-16 04:00:00,12.799396515,0.3683593496040478
17189,2020-09-16 05:00:00,12.743938446,0.4305758353378154
17190,2020-09-16 06:00:00,12.699713707,0.6242402821121329
17191,2020-09-16 07:00:00,12.669184685,0.14995230987351205
17192,2020-09-16 08:00:00,12.648451805,0.2852303869313372
17193,2020-09-16 09:00:00,12.584789276,0.6170001090485807
17194,2020-09-16 10:00:00,12.503290176,0.9597993668440549
17195,2020-09-16 11:00:00,12.41835022,0.6158029481035162
17196,2020-09-16 12:00:00,12.337397575,0.06772127304311981
17197,2020-09-16 13:00:00,12.255899429,0.03752270495675636
17198,2020-09-16 14:00:00,12.108783722,0.35646612246446163
17199,2020-09-16 15:00:00,11.882880211,0.5468128519122348
17200,2020-09-16 16:00:00,11.540512085,0.27017145417316113
17201,2020-09-16 17:00:00,11.040677071,0.8568349376811814
17202,2020-09-16 18:00:00,10.059817314,0.25406617632241557
17203,2020-09-16 19:00:00,9.228491783,0.003994459791594074
17204,2020-09-16 20:00:00,8.536660194,0.6150174420773276
17205,2020-09-16 21:00:00,8.072855949,0.4223274675416685
17206,2020-09-16 22:00:00,7.858598232,0.6894575430509148
17207,2020-09-16 23:00:00,7.672318935,0.5821566931245298
17208,2020-09-17 00:00:00,7.51876688,0.18737661010475104
17209,2020-09-17 01:00:00,7.394456387,0.8083783081710156
17210,2020-09-17 02:00:00,7.29938364,0.8538339967598113
17211,2020-09-17 03:00:00,7.223855019,0.8250440784740611
17212,2020-09-17 04:00:00,7.161450386,0.13070174056761985
17213,2020-09-17 05:00:00,7.119287014,0.5413509756703572
17214,2020-09-17 06:00:00,7.082910538,0.8276901689900452
17215,2020-09-17 07:00:00,7.056435585,0.1051978693103055
17216,2020-09-17 08:00:00,7.039196491,0.5841797069984973
17217,2020-09-17 09:00:00,7.027775764,0.5207661583102703
17218,2020-09-17 10:00:00,7.024392605,0.18300527364593255
17219,2020-09-17 11:00:00,7.015045643,0.11197379716748923
17220,2020-09-17 12:00:00,7.015292168,0.6159016564983112
17221,2020-09-17 13:00:00,7.016980171,0.034253897339822204
17222,2020-09-17 14:00:00,7.013636112,0.83212137992189
17223,2020-09-17 15:00:00,6.954604626,0.3265042285461648
17224,2020-09-17 16:00:00,6.836852551,0.4880458968542454
17225,2020-09-17 17:00:00,6.606551647,0.8984474243044125
17226,2020-09-17 18:00:00,5.877768517,0.5645033902402191
17227,2020-09-17 19:00:00,5.527922153,0.2895053165289535
17228,2020-09-17 20:00:00,5.235336304,0.7634176899499565
17229,2020-09-17 21:00:00,5.04115057,0.30988632893633006
17230,2020-09-17 22:00:00,4.896214962,0.3080808671991231
17231,2020-09-17 23:00:00,4.772885799,0.1329526185926838
17232,2020-09-18 00:00:00,4.675425529,0.7335717668210668
17233,2020-09-18 01:00:00,4.60008812,0.2311406923101179
17234,2020-09-18 02:00:00,4.558330536,0.4074720459208613
17235,2020-09-18 03:00:00,4.546765804,0.17323811638312603
17236,2020-09-18 04:00:00,4.551412582,0.9424949136753596
17237,2020-09-18 05:00:00,4.554696083,0.07656418306185797
17238,2020-09-18 06:00:00,4.555925846,0.7187982316524413
17239,2020-09-18 07:00:00,4.551047325,0.5944810422053912
17240,2020-09-18 08:00:00,4.548007488,0.7613172705285528
17241,2020-09-18 09:00:00,4.548660755,0.3707521933029475
17242,2020-09-18 10:00:00,4.549120426,0.7202983321070974
17243,2020-09-18 11:00:00,4.549259663,0.23850704653234078
17244,2020-09-18 12:00:00,4.54859972,0.15844524834122364
17245,2020-09-18 13:00:00,4.547236919,0.3908569794850546
17246,2020-09-18 14:00:00,4.541980267,0.19599473052425764
17247,2020-09-18 15:00:00,4.493827343,0.40783268982099474
17248,2020-09-18 16:00:00,4.434299946,0.7020453151947379
17249,2020-09-18 17:00:00,4.353919506,0.37930227892883683
17250,2020-09-18 18:00:00,4.259403229,0.8316416072927262
17251,2020-09-18 19:00:00,4.166119576,0.8286018990751204
17252,2020-09-18 20:00:00,4.071126938,0.667437314460766
17253,2020-09-18 21:00:00,3.937444687,0.1086183098927801
17254,2020-09-18 22:00:00,3.872077465,0.8411305669064644
17255,2020-09-18 23:00:00,3.809106588,0.7168416901660182
17256,2020-09-19 00:00:00,3.764781475,0.2151017722381391
17257,2020-09-19 01:00:00,3.728645563,0.42220250739259335
17258,2020-09-19 02:00:00,3.702064037,0.8098537056196171
17259,2020-09-19 03:00:00,3.688034296,0.6373966161005211
17260,2020-09-19 04:00:00,3.655359268,0.4736536277826746
17261,2020-09-19 05:00:00,3.635173559,0.4072311338863327
17262,2020-09-19 06:00:00,3.620574474,0.47583353565333
17263,2020-09-19 07:00:00,3.6072402,0.5063433762884151
17264,2020-09-19 08:00:00,3.541872263,0.28476541033802283
17265,2020-09-19 09:00:00,3.467607737,0.4416557784096651
17266,2020-09-19 10:00:00,3.37417841,0.8346210018057366
17267,2020-09-19 11:00:00,3.30531168,0.3448145853650535
17268,2020-09-19 12:00:00,3.223892689,0.5598120431116457
17269,2020-09-19 13:00:00,2.41130805,0.537059699406751
17270,2020-09-19 14:00:00,1.887039542,0.6878815595862903
17271,2020-09-19 15:00:00,0.941566944,0.22590117867986992
17272,2020-09-19 16:00:00,0.0,0.295507384269189
17273,2020-09-19 17:00:00,0.0,0.5360429380760635
17274,2020-09-19 18:00:00,0.0,0.3542535922792496
17275,2020-09-19 19:00:00,0.0,0.8046669151175408
17276,2020-09-19 20:00:00,0.0,0.5940499669134012
17277,2020-09-19 21:00:00,0.0,0.679481739797367
17278,2020-09-19 22:00:00,0.0,0.9813204271910219
17279,2020-09-19 23:00:00,0.0,0.6841472377837149
17280,2020-09-20 00:00:00,0.0,0.24052864579183808
17281,2020-09-20 01:00:00,0.0,0.6368950941914684
17282,2020-09-20 02:00:00,0.0,0.016075051166812626
17283,2020-09-20 03:00:00,0.0,0.559091329614788
17284,2020-09-20 04:00:00,0.0,0.06133165062071033
17285,2020-09-20 05:00:00,0.0,0.08128458246984838
17286,2020-09-20 06:00:00,0.0,0.761447305578891
17287,2020-09-20 07:00:00,0.0,0.5375952569721252
17288,2020-09-20 08:00:00,0.0,0.6611352802713175
17289,2020-09-20 09:00:00,0.0,0.18367426349781069
17290,2020-09-20 10:00:00,0.0,0.3745215045877569
17291,2020-09-20 11:00:00,0.0,0.5348874690363358
17292,2020-09-20 12:00:00,0.0,0.9745422052441706
17293,2020-09-20 13:00:00,0.0,0.5041884133784761
17294,2020-09-20 14:00:00,0.0,0.7855607360565567
17295,2020-09-20 15:00:00,0.0,0.3308839803647583
17296,2020-09-20 16:00:00,0.0,0.5420123556721335
17297,2020-09-20 17:00:00,0.0,0.03403245063229121
17298,2020-09-20 18:00:00,0.0,0.3814380272605581
17299,2020-09-20 19:00:00,0.0,0.10705829733402561
17300,2020-09-20 20:00:00,0.0,0.7506075226523433
17301,2020-09-20 21:00:00,0.0,0.3516796076460892
17302,2020-09-20 22:00:00,0.0,0.8260340762333347
17303,2020-09-20 23:00:00,0.0,0.9798680380113061
17304,2020-09-21 00:00:00,0.0,0.5697787050824347
17305,2020-09-21 01:00:00,0.0,0.1504614210409697
17306,2020-09-21 02:00:00,0.0,0.9769650963524011
17307,2020-09-21 03:00:00,0.0,0.1617845408584686
17308,2020-09-21 04:00:00,0.0,0.7082208143405505
17309,2020-09-21 05:00:00,0.0,0.21147453660353666
17310,2020-09-21 06:00:00,0.0,0.4909616889836097
17311,2020-09-21 07:00:00,0.0,0.5279296243453079
17312,2020-09-21 08:00:00,0.0,0.6029816158391144
17313,2020-09-21 09:00:00,0.0,0.4259635613092795
17314,2020-09-21 10:00:00,0.0,0.12184518129361255
17315,2020-09-21 11:00:00,0.0,0.6190619303257088
17316,2020-09-21 12:00:00,0.0,0.030033205104170846
17317,2020-09-21 13:00:00,0.0,0.2949947915737168
17318,2020-09-21 14:00:00,0.0,0.8247456049918996
17319,2020-09-21 15:00:00,0.0,0.539792611401628
17320,2020-09-21 16:00:00,0.0,0.32315874035457925
17321,2020-09-21 17:00:00,0.0,0.24211926364176084
17322,2020-09-21 18:00:00,0.0,0.5799060714791318
17323,2020-09-21 19:00:00,0.0,0.18050542845344297
17324,2020-09-21 20:00:00,0.0,0.7324356412930378
17325,2020-09-21 21:00:00,0.0,0.658495032297513
17326,2020-09-21 22:00:00,0.0,0.9896853824781986
17327,2020-09-21 23:00:00,0.0,0.004589236440246114
17328,2020-09-22 00:00:00,0.0,0.9619120336775246
17329,2020-09-22 01:00:00,0.0,0.9582658072194702
17330,2020-09-22 02:00:00,0.0,0.16262508717564383
17331,2020-09-22 03:00:00,0.0,0.9549650848846469
17332,2020-09-22 04:00:00,0.0,0.6452330823779306
17333,2020-09-22 05:00:00,0.0,0.6848884361676706
17334,2020-09-22 06:00:00,0.0,0.056501209591494295
17335,2020-09-22 07:00:00,0.0,0.9287236017569442
17336,2020-09-22 08:00:00,0.0,0.9896983417910342
17337,2020-09-22 09:00:00,0.0,0.2856794580488268
17338,2020-09-22 10:00:00,0.0,0.6904800184236781
17339,2020-09-22 11:00:00,0.0,0.07454874699432446
17340,2020-09-22 12:00:00,0.0,0.5540568890465215
17341,2020-09-22 13:00:00,0.0,0.021529886874238624
17342,2020-09-22 14:00:00,0.0,0.34394765550060546
17343,2020-09-22 15:00:00,0.0,0.7954116585967207
17344,2020-09-22 16:00:00,0.0,0.3072612212312733
17345,2020-09-22 17:00:00,0.0,0.519430897885984
17346,2020-09-22 18:00:00,0.0,0.02613786214138336
17347,2020-09-22 19:00:00,0.0,0.03107916398054289
17348,2020-09-22 20:00:00,0.0,0.6118465376108203
17349,2020-09-22 21:00:00,0.0,0.9232488546307819
17350,2020-09-22 22:00:00,0.0,0.9937859761094454
17351,2020-09-22 23:00:00,0.0,0.8159277385594003
17352,2020-09-23 00:00:00,0.0,0.4017359723895265
17353,2020-09-23 01:00:00,0.0,0.13723236900361135
17354,2020-09-23 02:00:00,0.0,0.5150120648617268
17355,2020-09-23 03:00:00,0.0,0.8170685486080316
17356,2020-09-23 04:00:00,0.0,0.7475765246899027
17357,2020-09-23 05:00:00,0.0,0.37097238441866254
17358,2020-09-23 06:00:00,0.0,0.6458656313010414
17359,2020-09-23 07:00:00,0.0,0.9750354106914768
17360,2020-09-23 08:00:00,0.0,0.9251077396069896
17361,2020-09-23 09:00:00,0.0,0.8083346318633918
17362,2020-09-23 10:00:00,0.0,0.07838683321416196
17363,2020-09-23 11:00:00,0.0,0.5296346964715765
17364,2020-09-23 12:00:00,0.0,0.5937657276738427
17365,2020-09-23 13:00:00,0.0,0.845513847791375
17366,2020-09-23 14:00:00,0.0,0.7447463837790604
17367,2020-09-23 15:00:00,0.0,0.4165210019193817
17368,2020-09-23 16:00:00,0.0,0.6880762644291137
17369,2020-09-23 17:00:00,0.0,0.4935805100645374
17370,2020-09-23 18:00:00,0.0,0.16987255115437438
17371,2020-09-23 19:00:00,0.0,0.09894101269745403
17372,2020-09-23 20:00:00,0.0,0.7167070227690319
17373,2020-09-23 21:00:00,0.0,0.07398534919393607
17374,2020-09-23 22:00:00,0.0,0.37681066731139956
17375,2020-09-23 23:00:00,0.0,0.07091686351751414
17376,2020-09-24 00:00:00,0.0,0.8567788752058024
17377,2020-09-24 01:00:00,0.0,0.25371926313714455
17378,2020-09-24 02:00:00,0.0,0.7143802611119742
17379,2020-09-24 03:00:00,0.0,0.07050839529580744
17380,2020-09-24 04:00:00,0.0,0.7108040930667494
17381,2020-09-24 05:00:00,0.0,0.24586223073147218
17382,2020-09-24 06:00:00,0.0,0.11237330171954163
17383,2020-09-24 07:00:00,0.0,0.21074665169095141
17384,2020-09-24 08:00:00,0.0,0.8896004371142611
17385,2020-09-24 09:00:00,0.0,0.7542825776471284
17386,2020-09-24 10:00:00,0.0,0.31076012745006976
17387,2020-09-24 11:00:00,0.0,0.06608236313045823
17388,2020-09-24 12:00:00,0.0,0.36803269846071096
17389,2020-09-24 13:00:00,0.0,0.8686932196400344
17390,2020-09-24 14:00:00,0.0,0.4138003320431486
17391,2020-09-24 15:00:00,0.0,0.3448761634050971
17392,2020-09-24 16:00:00,0.0,0.05110642747334271
17393,2020-09-24 17:00:00,0.0,0.4104627050391466
17394,2020-09-24 18:00:00,0.0,0.3471615871736198
17395,2020-09-24 19:00:00,0.0,0.9132211329567962
17396,2020-09-24 20:00:00,0.0,0.1518949006519511
17397,2020-09-24 21:00:00,0.0,0.7945167913621952
17398,2020-09-24 22:00:00,0.0,0.6564878212090794
17399,2020-09-24 23:00:00,0.0,0.13182806280122195
17400,2020-09-25 00:00:00,0.0,0.36414342757668827
17401,2020-09-25 01:00:00,0.0,0.6205027284361303
17402,2020-09-25 02:00:00,0.0,0.2816670467656964
17403,2020-09-25 03:00:00,0.0,0.13591645159693044
17404,2020-09-25 04:00:00,0.0,0.750979414554914
17405,2020-09-25 05:00:00,0.0,0.4856237893525721
17406,2020-09-25 06:00:00,0.0,0.07029049068082271
17407,2020-09-25 07:00:00,0.0,0.9053464757912808
17408,2020-09-25 08:00:00,0.0,0.9699206760870148
17409,2020-09-25 09:00:00,0.0,0.5776887995029532
17410,2020-09-25 10:00:00,0.0,0.8083390199671227
17411,2020-09-25 11:00:00,0.0,0.8674631756888853
17412,2020-09-25 12:00:00,0.0,0.11219791588440853
17413,2020-09-25 13:00:00,0.0,0.11829008154514353
17414,2020-09-25 14:00:00,0.0,0.20898480146621612
17415,2020-09-25 15:00:00,0.0,0.7144121787725517
17416,2020-09-25 16:00:00,0.0,0.30362469397765834
17417,2020-09-25 17:00:00,0.0,0.33976344814782766
17418,2020-09-25 18:00:00,0.0,0.4956763068977994
17419,2020-09-25 19:00:00,0.0,0.8735689159110696
17420,2020-09-25 20:00:00,0.0,0.4005535573677632
17421,2020-09-25 21:00:00,0.0,0.5098444044019189
17422,2020-09-25 22:00:00,0.0,0.7291726040127328
17423,2020-09-25 23:00:00,0.0,0.7970409713039801
17424,2020-09-26 00:00:00,0.0,0.39576106757277596
17425,2020-09-26 01:00:00,0.0,0.4249936178132575
17426,2020-09-26 02:00:00,0.0,0.5791270630309004
17427,2020-09-26 03:00:00,0.0,0.7428731832639289
17428,2020-09-26 04:00:00,0.0,0.6719897955678966
17429,2020-09-26 05:00:00,0.0,0.14231667136328352
17430,2020-09-26 06:00:00,0.0,0.3898915873012838
17431,2020-09-26 07:00:00,0.0,0.5601597504031198
17432,2020-09-26 08:00:00,0.0,0.9965407552888137
17433,2020-09-26 09:00:00,0.0,0.14699373675112004
17434,2020-09-26 10:00:00,0.0,0.5957612384242231
17435,2020-09-26 11:00:00,0.0,0.9720293545842635
17436,2020-09-26 12:00:00,0.0,0.7361695327452611
17437,2020-09-26 13:00:00,0.0,0.7702408875892326
17438,2020-09-26 14:00:00,0.0,0.011511442541031869
17439,2020-09-26 15:00:00,0.0,0.6877353522861829
17440,2020-09-26 16:00:00,0.0,0.2777787244399754
17441,2020-09-26 17:00:00,0.0,0.1294349745872896
17442,2020-09-26 18:00:00,0.0,0.7903766601958402
17443,2020-09-26 19:00:00,0.0,0.34543646125150407
17444,2020-09-26 20:00:00,0.0,0.8500669255916874
17445,2020-09-26 21:00:00,0.0,0.43884633358005143
17446,2020-09-26 22:00:00,0.0,0.8016846417737931
17447,2020-09-26 23:00:00,0.0,0.029355712935088984
17448,2020-09-27 00:00:00,0.0,0.5032516955085385
17449,2020-09-27 01:00:00,0.0,0.9656586895244913
17450,2020-09-27 02:00:00,0.0,0.0038146356505381895
17451,2020-09-27 03:00:00,0.0,0.18868724713832552
17452,2020-09-27 04:00:00,0.0,0.2811640386580101
17453,2020-09-27 05:00:00,0.0,0.061012935368422117
17454,2020-09-27 06:00:00,0.0,0.5724810850690885
17455,2020-09-27 07:00:00,0.0,0.3586757216443437
17456,2020-09-27 08:00:00,0.0,0.13790181742506868
17457,2020-09-27 09:00:00,0.0,0.16861269806935686
17458,2020-09-27 10:00:00,0.0,0.8507785273870706
17459,2020-09-27 11:00:00,0.0,0.8533696287676305
17460,2020-09-27 12:00:00,0.0,0.09447520758278594
17461,2020-09-27 13:00:00,0.0,0.4866836423648948
17462,2020-09-27 14:00:00,0.0,0.5262193530372323
17463,2020-09-27 15:00:00,0.0,0.7228884992775093
17464,2020-09-27 16:00:00,0.0,0.6972277404257735
17465,2020-09-27 17:00:00,0.0,0.512846701908464
17466,2020-09-27 18:00:00,0.0,0.9742301173877851
17467,2020-09-27 19:00:00,0.0,0.564325148460451
17468,2020-09-27 20:00:00,0.0,0.2761301207570851
17469,2020-09-27 21:00:00,0.0,0.6240477823459305
17470,2020-09-27 22:00:00,0.0,0.46269966043439625
17471,2020-09-27 23:00:00,0.0,0.9752697833236368
17472,2020-09-28 00:00:00,0.0,0.6327468620837537
17473,2020-09-28 01:00:00,0.0,0.05618095975843096
17474,2020-09-28 02:00:00,0.0,0.0346793195955456
17475,2020-09-28 03:00:00,0.0,0.9575628101457069
17476,2020-09-28 04:00:00,0.0,0.7854216294783994
17477,2020-09-28 05:00:00,0.0,0.3693280136469844
17478,2020-09-28 06:00:00,0.0,0.6201110683187808
17479,2020-09-28 07:00:00,0.0,0.9122777697891639
17480,2020-09-28 08:00:00,0.0,0.6445312398534951
17481,2020-09-28 09:00:00,0.0,0.13987666414740085
17482,2020-09-28 10:00:00,0.0,0.6265748352061657
17483,2020-09-28 11:00:00,0.0,0.05756410183507643
17484,2020-09-28 12:00:00,0.0,0.9217983108077681
17485,2020-09-28 13:00:00,0.0,0.6993894355145587
17486,2020-09-28 14:00:00,0.0,0.20504474840451037
17487,2020-09-28 15:00:00,0.0,0.5157730187493595
17488,2020-09-28 16:00:00,0.0,0.3225875364823829
17489,2020-09-28 17:00:00,0.0,0.5864279997779551
17490,2020-09-28 18:00:00,0.0,0.10685212177587167
17491,2020-09-28 19:00:00,0.0,0.6285020556978624
17492,2020-09-28 20:00:00,0.0,0.9334522589337949
17493,2020-09-28 21:00:00,0.0,0.22578596193856115
17494,2020-09-28 22:00:00,0.0,0.5001687498086611
17495,2020-09-28 23:00:00,0.0,0.03799804375997584
17496,2020-09-29 00:00:00,0.0,0.2810639339577561
17497,2020-09-29 01:00:00,0.0,0.6336329137939284
17498,2020-09-29 02:00:00,0.0,0.8148965540462151
17499,2020-09-29 03:00:00,0.0,0.9879170313722888
17500,2020-09-29 04:00:00,0.0,0.26792826422545957
17501,2020-09-29 05:00:00,0.0,0.8502009642147367
17502,2020-09-29 06:00:00,0.0,0.30713954224924345
17503,2020-09-29 07:00:00,0.0,0.728134685557821
17504,2020-09-29 08:00:00,0.0,0.6837975040569201
17505,2020-09-29 09:00:00,0.0,0.262609599894992
17506,2020-09-29 10:00:00,0.0,0.6201971417782801
17507,2020-09-29 11:00:00,0.0,0.8721930723907825
17508,2020-09-29 12:00:00,0.0,0.14843049790584817
17509,2020-09-29 13:00:00,0.0,0.09914246797355108
17510,2020-09-29 14:00:00,0.0,0.42408122861568387
17511,2020-09-29 15:00:00,0.0,0.9296202761549842
17512,2020-09-29 16:00:00,0.0,0.8630094905513097
17513,2020-09-29 17:00:00,0.0,0.9283137994492375
17514,2020-09-29 18:00:00,0.0,0.3012339996290895
17515,2020-09-29 19:00:00,0.0,0.33764745992332057
17516,2020-09-29 20:00:00,0.0,0.8114633310316641
17517,2020-09-29 21:00:00,0.0,0.9980372914760663
17518,2020-09-29 22:00:00,0.0,0.5798473765440066
17519,2020-09-29 23:00:00,0.0,0.20745067447974985
17520,2020-09-30 00:00:00,0.0,0.09816067179693067
