Time Step,Time,SWE_mm,sm_profile_0_1m
0,2018-10-01 00:00:00,0.0,0.7859052069615439
1,2018-10-01 01:00:00,0.0,0.9526599657431569
2,2018-10-01 02:00:00,0.0,0.34661909661578105
3,2018-10-01 03:00:00,0.0,0.5367050329846208
4,2018-10-01 04:00:00,0.0,0.9309782867141043
5,2018-10-01 05:00:00,0.0,0.9137123602039049
6,2018-10-01 06:00:00,0.0,0.42836535354611793
7,2018-10-01 07:00:00,0.0,0.37474079464387644
8,2018-10-01 08:00:00,0.0,0.2915991983759849
9,2018-10-01 09:00:00,0.0,0.29005069685466034
10,2018-10-01 10:00:00,0.0,0.5203991979203076
11,2018-10-01 11:00:00,0.0,0.08500960389651879
12,2018-10-01 12:00:00,0.0,0.5374846301880232
13,2018-10-01 13:00:00,0.0,0.8596455974476691
14,2018-10-01 14:00:00,0.0,0.4200998866432374
15,2018-10-01 15:00:00,0.0,0.9249206556280108
16,2018-10-01 16:00:00,0.0,0.711851961769556
17,2018-10-01 17:00:00,0.0,0.6049182892532439
18,2018-10-01 18:00:00,0.0,0.28548123562599237
19,2018-10-01 19:00:00,0.0,0.02544279097315838
20,2018-10-01 20:00:00,0.0,0.20063941516360162
21,2018-10-01 21:00:00,0.0,0.8543390018624849
22,2018-10-01 22:00:00,0.0,0.2406523921774988
23,2018-10-01 23:00:00,0.0,0.584943560847781
24,2018-10-02 00:00:00,0.0,0.14851373025296177
25,2018-10-02 01:00:00,0.0,0.5226038889400542
26,2018-10-02 02:00:00,0.0,0.7684625262985812
27,2018-10-02 03:00:00,0.0,0.7138670329126552
28,2018-10-02 04:00:00,0.0,0.5165529810605044
29,2018-10-02 05:00:00,0.0,0.7381850197200511
30,2018-10-02 06:00:00,0.0,0.6351831447510539
31,2018-10-02 07:00:00,0.0,0.5099349923338942
32,2018-10-02 08:00:00,0.0,0.9733163705844124
33,2018-10-02 09:00:00,0.0,0.26930803508857004
34,2018-10-02 10:00:00,0.0,0.1262699447583836
35,2018-10-02 11:00:00,0.0,0.20971100001282483
36,2018-10-02 12:00:00,0.0,0.3508939552589514
37,2018-10-02 13:00:00,0.0,0.38802991046174995
38,2018-10-02 14:00:00,0.0,0.5357431216732881
39,2018-10-02 15:00:00,0.0,0.43654279757729975
40,2018-10-02 16:00:00,0.0,0.030160341977126248
41,2018-10-02 17:00:00,0.0,0.6621893604997492
42,2018-10-02 18:00:00,0.0,0.8250563786907602
43,2018-10-02 19:00:00,0.0,0.7961427554093465
44,2018-10-02 20:00:00,0.0,0.2867839806578325
45,2018-10-02 21:00:00,0.0,0.3459894272787212
46,2018-10-02 22:00:00,0.0,0.1588268599814585
47,2018-10-02 23:00:00,0.0,0.01103695760707557
48,2018-10-03 00:00:00,0.0,0.2672057266170088
49,2018-10-03 01:00:00,0.0,0.4515934548504289
50,2018-10-03 02:00:00,0.0,0.6741436855117768
51,2018-10-03 03:00:00,0.0,0.460523180623596
52,2018-10-03 04:00:00,0.0,0.40084506479522575
53,2018-10-03 05:00:00,0.0,0.3613405557303502
54,2018-10-03 06:00:00,0.0,0.7630675030360602
55,2018-10-03 07:00:00,0.0,0.8217155000858247
56,2018-10-03 08:00:00,0.0,0.04246989286565528
57,2018-10-03 09:00:00,0.0,0.9364800764777743
58,2018-10-03 10:00:00,0.0,0.013662718536058605
59,2018-10-03 11:00:00,0.0,0.7746502626040047
60,2018-10-03 12:00:00,0.0,0.7031410503654164
61,2018-10-03 13:00:00,0.0,0.29409612124159845
62,2018-10-03 14:00:00,0.0,0.9013934529752377
63,2018-10-03 15:00:00,0.0,0.7456827537865137
64,2018-10-03 16:00:00,0.0,0.7092118401002195
65,2018-10-03 17:00:00,0.0,0.39806593228560694
66,2018-10-03 18:00:00,0.0,0.15558495625851376
67,2018-10-03 19:00:00,0.0,0.9867123627808637
68,2018-10-03 20:00:00,0.0,0.4018411686717699
69,2018-10-03 21:00:00,0.0,0.7809938892624249
70,2018-10-03 22:00:00,0.0,0.6816178240000061
71,2018-10-03 23:00:00,0.0,0.5289814469233375
72,2018-10-04 00:00:00,0.0,0.003670260311239182
73,2018-10-04 01:00:00,0.0,0.5735674965114615
74,2018-10-04 02:00:00,0.0,0.8063321374373044
75,2018-10-04 03:00:00,0.0,0.6071057283854517
76,2018-10-04 04:00:00,0.0,0.6357936737761055
77,2018-10-04 05:00:00,0.0,0.9365806291213825
78,2018-10-04 06:00:00,0.0,0.34134955721235505
79,2018-10-04 07:00:00,0.0,0.33834596721119725
80,2018-10-04 08:00:00,0.0,0.7599195732333559
81,2018-10-04 09:00:00,0.0,0.10655246161181142
82,2018-10-04 10:00:00,0.0,0.2588173771066583
83,2018-10-04 11:00:00,0.0,0.8420812877241146
84,2018-10-04 12:00:00,0.0,0.1367060144415151
85,2018-10-04 13:00:00,0.0,0.9789202455581939
86,2018-10-04 14:00:00,0.0,0.4356986392586566
87,2018-10-04 15:00:00,0.0,0.7942396343974193
88,2018-10-04 16:00:00,0.0,0.19296383851201304
89,2018-10-04 17:00:00,0.0,0.5187128234107184
90,2018-10-04 18:00:00,0.0,0.6025880726147359
91,2018-10-04 19:00:00,0.0,0.8548503069597332
92,2018-10-04 20:00:00,0.0,0.2183188308773253
93,2018-10-04 21:00:00,0.0,0.7849616982370002
94,2018-10-04 22:00:00,0.0,0.04213026548865906
95,2018-10-04 23:00:00,0.0,0.0916208307428431
96,2018-10-05 00:00:00,0.0,0.7028669861776741
97,2018-10-05 01:00:00,0.0,0.13617502231375678
98,2018-10-05 02:00:00,0.0,0.5698275092105975
99,2018-10-05 03:00:00,0.0,0.8047141698844251
100,2018-10-05 04:00:00,0.0,0.22550605226817555
101,2018-10-05 05:00:00,0.0,0.02266975801404969
102,2018-10-05 06:00:00,0.0,0.6388932625454684
103,2018-10-05 07:00:00,0.0,0.06707070373391577
104,2018-10-05 08:00:00,0.0,0.8540491522436142
105,2018-10-05 09:00:00,0.0,0.8073640896447463
106,2018-10-05 10:00:00,0.0,0.42624532424842776
107,2018-10-05 11:00:00,0.0,0.347915285714432
108,2018-10-05 12:00:00,0.0,0.05737697707638978
109,2018-10-05 13:00:00,0.0,0.014453556976710136
110,2018-10-05 14:00:00,0.0,0.548466659527866
111,2018-10-05 15:00:00,0.0,0.08715178938060142
112,2018-10-05 16:00:00,0.0,0.41830783485186507
113,2018-10-05 17:00:00,0.0,0.8300026980618856
114,2018-10-05 18:00:00,0.0,0.8125901014341103
115,2018-10-05 19:00:00,0.0,0.6331051043218193
116,2018-10-05 20:00:00,0.0,0.9894811944653628
117,2018-10-05 21:00:00,0.0,0.9150808342763886
118,2018-10-05 22:00:00,0.0,0.6388047310547565
119,2018-10-05 23:00:00,0.104336627,0.8788955861856848
120,2018-10-06 00:00:00,0.136835918,0.2946087863424246
121,2018-10-06 01:00:00,0.080468893,0.3075089012693829
122,2018-10-06 02:00:00,0.063588805,0.6434336523843192
123,2018-10-06 03:00:00,0.006976444,0.15019777129111012
124,2018-10-06 04:00:00,0.008847003,0.9823724268000071
125,2018-10-06 05:00:00,0.006271099,0.565190775147898
126,2018-10-06 06:00:00,0.007323348,0.8194394529039283
127,2018-10-06 07:00:00,0.010211674,0.35713374237920203
128,2018-10-06 08:00:00,0.070093922,0.8339224837372788
129,2018-10-06 09:00:00,0.010739611,0.793948820015302
130,2018-10-06 10:00:00,0.0100995,0.2736376656592625
131,2018-10-06 11:00:00,0.01542333,0.9333768076077352
132,2018-10-06 12:00:00,0.019296246,0.9701659562550282
133,2018-10-06 13:00:00,0.028448083,0.4567320574408361
134,2018-10-06 14:00:00,0.028664561,0.14142421928451188
135,2018-10-06 15:00:00,0.021036731,0.936821419852569
136,2018-10-06 16:00:00,0.026568701,0.7032689423131144
137,2018-10-06 17:00:00,0.326650441,0.40513619943986634
138,2018-10-06 18:00:00,0.105433814,0.9362879342387466
139,2018-10-06 19:00:00,0.081845328,0.9081402177104394
140,2018-10-06 20:00:00,0.046691805,0.7642080353530614
141,2018-10-06 21:00:00,0.022076901,0.4685681261344976
142,2018-10-06 22:00:00,0.007655283,0.4462602101942027
143,2018-10-06 23:00:00,0.00430848,0.12185401111464045
144,2018-10-07 00:00:00,0.000734358,0.9870509876273116
145,2018-10-07 01:00:00,0.000506239,0.16110655766931425
146,2018-10-07 02:00:00,0.00038957,0.4195216143071179
147,2018-10-07 03:00:00,0.000270944,0.636599742264316
148,2018-10-07 04:00:00,0.000181774,0.9383809197014735
149,2018-10-07 05:00:00,0.674977779,0.4972433095122335
150,2018-10-07 06:00:00,0.096536927,0.3840342393653533
151,2018-10-07 07:00:00,0.075506896,0.736169999016286
152,2018-10-07 08:00:00,0.066481665,0.4306021924767851
153,2018-10-07 09:00:00,0.060786322,0.07303150073255094
154,2018-10-07 10:00:00,0.043482777,0.775800670760496
155,2018-10-07 11:00:00,0.035417207,0.08410943328009457
156,2018-10-07 12:00:00,0.386358112,0.7275604566672311
157,2018-10-07 13:00:00,1.247132897,0.9057461455526831
158,2018-10-07 14:00:00,1.469825029,0.8580620562214734
159,2018-10-07 15:00:00,1.305212736,0.13261547302828047
160,2018-10-07 16:00:00,1.142631412,0.407153471604191
161,2018-10-07 17:00:00,0.698455572,0.8085666464120456
162,2018-10-07 18:00:00,0.330545306,0.7295855377951764
163,2018-10-07 19:00:00,0.433255166,0.5048349821876753
164,2018-10-07 20:00:00,1.173478842,0.3844027083277589
165,2018-10-07 21:00:00,0.386835366,0.15892700591939202
166,2018-10-07 22:00:00,0.527193964,0.48861097731396297
167,2018-10-07 23:00:00,0.949044645,0.8504438416086959
168,2018-10-08 00:00:00,4.130905151,0.30463540616202633
169,2018-10-08 01:00:00,6.246186256,0.5871109639772583
170,2018-10-08 02:00:00,7.152217388,0.4950230065730923
171,2018-10-08 03:00:00,7.77142334,0.03996633208246514
172,2018-10-08 04:00:00,8.151893616,0.025563542356953572
173,2018-10-08 05:00:00,8.492848396,0.814165864458199
174,2018-10-08 06:00:00,8.788265228,0.1910564512408196
175,2018-10-08 07:00:00,9.021385193,0.8841976912084102
176,2018-10-08 08:00:00,9.181892395,0.6205823875938333
177,2018-10-08 09:00:00,9.305934906,0.47196877527508596
178,2018-10-08 10:00:00,9.420057297,0.8929775332719424
179,2018-10-08 11:00:00,9.495793343,0.33882604383456805
180,2018-10-08 12:00:00,9.553481102,0.5221522962740561
181,2018-10-08 13:00:00,9.604064941,0.29872134170510756
182,2018-10-08 14:00:00,9.652202606,0.14358173862745716
183,2018-10-08 15:00:00,9.693946838,0.24931984916372596
184,2018-10-08 16:00:00,10.377193451,0.7209028288168877
185,2018-10-08 17:00:00,10.801895142,0.626664628176317
186,2018-10-08 18:00:00,11.759179115,0.8465944132559288
187,2018-10-08 19:00:00,12.010749817,0.39285459971058123
188,2018-10-08 20:00:00,12.165988922,0.009954220085073295
189,2018-10-08 21:00:00,12.258076668,0.5763739432109591
190,2018-10-08 22:00:00,12.295131683,0.14057753983433785
191,2018-10-08 23:00:00,12.34865284,0.2648533864708822
192,2018-10-09 00:00:00,12.355751991,0.6486488509961545
193,2018-10-09 01:00:00,12.365480423,0.07625460708366905
194,2018-10-09 02:00:00,12.374985695,0.040645557623358086
195,2018-10-09 03:00:00,12.386611938,0.9563117564319773
196,2018-10-09 04:00:00,12.399707794,0.20918343996171218
197,2018-10-09 05:00:00,14.04480648,0.2791015201979664
198,2018-10-09 06:00:00,14.16345787,0.5869206783915893
199,2018-10-09 07:00:00,14.285307884,0.8430806268324523
200,2018-10-09 08:00:00,14.384253502,0.12174786509783242
201,2018-10-09 09:00:00,14.435575485,0.6127420114774781
202,2018-10-09 10:00:00,14.513165474,0.4745884781426435
203,2018-10-09 11:00:00,14.554156303,0.40782095214208247
204,2018-10-09 12:00:00,14.607544899,0.10471690582902793
205,2018-10-09 13:00:00,14.684473991,0.5452532013348559
206,2018-10-09 14:00:00,14.728099823,0.45751193325814377
207,2018-10-09 15:00:00,14.75248909,0.5530234415256778
208,2018-10-09 16:00:00,14.760409355,0.16882066101305926
209,2018-10-09 17:00:00,14.790447235,0.8508619739230365
210,2018-10-09 18:00:00,14.815745354,0.7605442815472342
211,2018-10-09 19:00:00,14.833342552,0.6377293385614361
212,2018-10-09 20:00:00,14.826032639,0.40162560589358287
213,2018-10-09 21:00:00,14.76153183,0.9765628446028185
214,2018-10-09 22:00:00,14.622050285,0.12655917538045147
215,2018-10-09 23:00:00,14.54084301,0.777602190662971
216,2018-10-10 00:00:00,14.661312103,0.6303550540636813
217,2018-10-10 01:00:00,15.347455025,0.04069685689444802
218,2018-10-10 02:00:00,15.286970139,0.1840904869500668
219,2018-10-10 03:00:00,15.253816605,0.7357358965240713
220,2018-10-10 04:00:00,15.227968216,0.20644981940642848
221,2018-10-10 05:00:00,15.229594231,0.3056157456900641
222,2018-10-10 06:00:00,15.226117134,0.43952658918794874
223,2018-10-10 07:00:00,15.206108093,0.4366963649061535
224,2018-10-10 08:00:00,15.20357132,0.9200244217192296
225,2018-10-10 09:00:00,15.222332001,0.3775940130089469
226,2018-10-10 10:00:00,15.388220787,0.8853540960372913
227,2018-10-10 11:00:00,15.390579224,0.6185358312268284
228,2018-10-10 12:00:00,15.397140503,0.2660981136747689
229,2018-10-10 13:00:00,17.153873444,0.9641011451319019
230,2018-10-10 14:00:00,17.357719421,0.9542317395762399
231,2018-10-10 15:00:00,17.52853775,0.027511784316343157
232,2018-10-10 16:00:00,20.526569366,0.7752605191165958
233,2018-10-10 17:00:00,21.223117828,0.5721740594634334
234,2018-10-10 18:00:00,21.561660767,0.40134998391848997
235,2018-10-10 19:00:00,21.822511673,0.3386593550752032
236,2018-10-10 20:00:00,22.069984436,0.764930697432345
237,2018-10-10 21:00:00,22.256204605,0.8658957091441558
238,2018-10-10 22:00:00,24.048568726,0.134334986702355
239,2018-10-10 23:00:00,24.597154617,0.6167649758938951
240,2018-10-11 00:00:00,24.761383057,0.17059177812955273
241,2018-10-11 01:00:00,24.875453949,0.7104338266483223
242,2018-10-11 02:00:00,24.970115662,0.6986769837114978
243,2018-10-11 03:00:00,25.053859711,0.9753359664033315
244,2018-10-11 04:00:00,25.132423401,0.2903319923826253
245,2018-10-11 05:00:00,25.2330513,0.8454740963351891
246,2018-10-11 06:00:00,25.306840897,0.39236309298282157
247,2018-10-11 07:00:00,25.362751007,0.29363643370515724
248,2018-10-11 08:00:00,25.402763367,0.6527830810019735
249,2018-10-11 09:00:00,25.447746277,0.15109252923517325
250,2018-10-11 10:00:00,25.487014771,0.5004282060676011
251,2018-10-11 11:00:00,25.516763687,0.44981899058679764
252,2018-10-11 12:00:00,25.528121948,0.6551894406299115
253,2018-10-11 13:00:00,25.568630219,0.6300347395264253
254,2018-10-11 14:00:00,25.613939285,0.9082983848841079
255,2018-10-11 15:00:00,25.652498245,0.5408054975985144
256,2018-10-11 16:00:00,25.695009232,0.11885209166492083
257,2018-10-11 17:00:00,25.728450775,0.6550890572167446
258,2018-10-11 18:00:00,25.701738358,0.37044411997798665
259,2018-10-11 19:00:00,25.64270401,0.8424087255455459
260,2018-10-11 20:00:00,25.524341583,0.8087140448490608
261,2018-10-11 21:00:00,25.233987808,0.718033490340752
262,2018-10-11 22:00:00,24.846265793,0.31161527420100354
263,2018-10-11 23:00:00,24.574058533,0.6643141301899012
264,2018-10-12 00:00:00,24.342164993,0.679114879792029
265,2018-10-12 01:00:00,24.138849258,0.8406587484487787
266,2018-10-12 02:00:00,23.958124161,0.16475418899576733
267,2018-10-12 03:00:00,23.793664932,0.9527050261105435
268,2018-10-12 04:00:00,23.644224167,0.5314519091143239
269,2018-10-12 05:00:00,23.50872612,0.5674283082140331
270,2018-10-12 06:00:00,23.390159607,0.25295650722607055
271,2018-10-12 07:00:00,27.58102417,0.594276629601594
272,2018-10-12 08:00:00,27.876491547,0.6521172375723235
273,2018-10-12 09:00:00,28.256320953,0.669508896282426
274,2018-10-12 10:00:00,28.598087311,0.06667137123372557
275,2018-10-12 11:00:00,28.85764122,0.32885536797715487
276,2018-10-12 12:00:00,29.07567215,0.24796508584535604
277,2018-10-12 13:00:00,29.296363831,0.5528442719079435
278,2018-10-12 14:00:00,29.432777405,0.5028175320630197
279,2018-10-12 15:00:00,29.498134613,0.7966637272425534
280,2018-10-12 16:00:00,29.51398468,0.06933031891015051
281,2018-10-12 17:00:00,29.596345901,0.016182544513136277
282,2018-10-12 18:00:00,29.612102509,0.3334295649566147
283,2018-10-12 19:00:00,29.594158173,0.0687156582647962
284,2018-10-12 20:00:00,29.322429657,0.2568313454201504
285,2018-10-12 21:00:00,28.799194336,0.16534821303600233
286,2018-10-12 22:00:00,28.141799927,0.9040130732122355
287,2018-10-12 23:00:00,27.664339066,0.4589839053973428
288,2018-10-13 00:00:00,27.245740891,0.8071970423856312
289,2018-10-13 01:00:00,26.889352798,0.4135845673052684
290,2018-10-13 02:00:00,26.576545715,0.34241535045264315
291,2018-10-13 03:00:00,26.309127808,0.8524659380552615
292,2018-10-13 04:00:00,26.066684723,0.8616454565738623
293,2018-10-13 05:00:00,25.854362488,0.47021936213238713
294,2018-10-13 06:00:00,25.661243439,0.1743644596077526
295,2018-10-13 07:00:00,25.492164612,0.7190392278550792
296,2018-10-13 08:00:00,25.333648682,0.9055719871104405
297,2018-10-13 09:00:00,25.188516617,0.517531209771184
298,2018-10-13 10:00:00,25.054769516,0.4627861008900471
299,2018-10-13 11:00:00,24.929290771,0.5270301778149882
300,2018-10-13 12:00:00,24.813251495,0.2534511632984662
301,2018-10-13 13:00:00,24.707317352,0.024629189944993857
302,2018-10-13 14:00:00,24.597400665,0.6215388846954372
303,2018-10-13 15:00:00,24.489557266,0.5940441035623445
304,2018-10-13 16:00:00,24.368789673,0.45534260689146655
305,2018-10-13 17:00:00,24.217803955,0.21837677126115984
306,2018-10-13 18:00:00,23.961355209,0.19296954078973427
307,2018-10-13 19:00:00,23.568368912,0.9897591530798534
308,2018-10-13 20:00:00,22.917022705,0.7420001357738514
309,2018-10-13 21:00:00,22.079633713,0.9646270667728231
310,2018-10-13 22:00:00,21.046758652,0.8701886113337296
311,2018-10-13 23:00:00,20.280632019,0.14068705123855485
312,2018-10-14 00:00:00,19.638996124,0.9978653970000312
313,2018-10-14 01:00:00,19.10014534,0.4489717028904239
314,2018-10-14 02:00:00,18.64556694,0.1491861754941911
315,2018-10-14 03:00:00,18.252365112,0.021220988513482086
316,2018-10-14 04:00:00,17.911071777,0.30552279011796646
317,2018-10-14 05:00:00,17.61265564,0.12190465567318176
318,2018-10-14 06:00:00,17.34718895,0.958254520973596
319,2018-10-14 07:00:00,17.119384766,0.48683283964970336
320,2018-10-14 08:00:00,16.920255661,0.8636987089840015
321,2018-10-14 09:00:00,16.751447678,0.18878662699713333
322,2018-10-14 10:00:00,16.598962784,0.6047188428909557
323,2018-10-14 11:00:00,16.462636948,0.7043631726253429
324,2018-10-14 12:00:00,16.332641602,0.062094230848488974
325,2018-10-14 13:00:00,16.210100174,0.5775410519477205
326,2018-10-14 14:00:00,16.088962555,0.7464639750463619
327,2018-10-14 15:00:00,15.955127716,0.08087638666287289
328,2018-10-14 16:00:00,15.808797836,0.436321158189345
329,2018-10-14 17:00:00,15.648913383,0.35954682287701223
330,2018-10-14 18:00:00,15.475579262,0.2599039244822128
331,2018-10-14 19:00:00,15.281406403,0.6355140142655791
332,2018-10-14 20:00:00,15.067049026,0.10827460948909862
333,2018-10-14 21:00:00,14.718040466,0.5759380308916575
334,2018-10-14 22:00:00,14.415115356,0.8537186307732886
335,2018-10-14 23:00:00,14.202806473,0.09505465861582207
336,2018-10-15 00:00:00,14.011522293,0.6994500665238699
337,2018-10-15 01:00:00,13.838637352,0.7581322861744545
338,2018-10-15 02:00:00,13.684716225,0.1899631951062004
339,2018-10-15 03:00:00,13.542455673,0.5853015464286655
340,2018-10-15 04:00:00,13.405644417,0.6111762447291612
341,2018-10-15 05:00:00,13.278766632,0.7941131984848238
342,2018-10-15 06:00:00,13.282850266,0.7814751480278437
343,2018-10-15 07:00:00,13.280088425,0.9144586884780238
344,2018-10-15 08:00:00,13.272079468,0.9310354058661042
345,2018-10-15 09:00:00,13.255123138,0.21336151876390896
346,2018-10-15 10:00:00,13.240412712,0.03208891886305387
347,2018-10-15 11:00:00,13.223118782,0.5116929343708418
348,2018-10-15 12:00:00,13.21259594,0.1576000992564479
349,2018-10-15 13:00:00,13.21094799,0.9879722956863223
350,2018-10-15 14:00:00,13.202859879,0.09435210587486886
351,2018-10-15 15:00:00,13.18855381,0.26867430620360067
352,2018-10-15 16:00:00,13.158334732,0.32624930148544307
353,2018-10-15 17:00:00,13.093833923,0.23465742226632602
354,2018-10-15 18:00:00,12.975003242,0.6420392378767994
355,2018-10-15 19:00:00,12.82798481,0.1873484879157421
356,2018-10-15 20:00:00,12.692184448,0.9878473250887825
357,2018-10-15 21:00:00,12.488117218,0.9926411484123759
358,2018-10-15 22:00:00,12.266617775,0.16755331231856663
359,2018-10-15 23:00:00,12.116898537,0.8144967105736501
360,2018-10-16 00:00:00,11.972102165,0.389151206184125
361,2018-10-16 01:00:00,11.829776764,0.6093231451809639
362,2018-10-16 02:00:00,11.698867798,0.35396378811389007
363,2018-10-16 03:00:00,11.575372696,0.3734357698503711
364,2018-10-16 04:00:00,11.453166962,0.2824592832255842
365,2018-10-16 05:00:00,11.338849068,0.45970829269100133
366,2018-10-16 06:00:00,11.231388092,0.7817362125461029
367,2018-10-16 07:00:00,11.136826515,0.6732737875128545
368,2018-10-16 08:00:00,11.051746368,0.07942396637836824
369,2018-10-16 09:00:00,10.976896286,0.7137982993731671
370,2018-10-16 10:00:00,10.931270599,0.7067722559744609
371,2018-10-16 11:00:00,10.896183968,0.5074946118648773
372,2018-10-16 12:00:00,10.86857605,0.40428708415923087
373,2018-10-16 13:00:00,10.846861839,0.6328216098732669
374,2018-10-16 14:00:00,10.802770615,0.8492264332937874
375,2018-10-16 15:00:00,10.736422539,0.8118985532475087
376,2018-10-16 16:00:00,10.642597198,0.5206514963076512
377,2018-10-16 17:00:00,10.505159378,0.4397158773890636
378,2018-10-16 18:00:00,10.312425613,0.21940857540885528
379,2018-10-16 19:00:00,9.999051094,0.5957950855629106
380,2018-10-16 20:00:00,8.671387672,0.4225898692726603
381,2018-10-16 21:00:00,5.563400269,0.8264559201341627
382,2018-10-16 22:00:00,2.844091892,0.9724248487677284
383,2018-10-16 23:00:00,2.735030651,0.23853712303301966
384,2018-10-17 00:00:00,2.67618084,0.5634007381890545
385,2018-10-17 01:00:00,2.635866165,0.7507664110847342
386,2018-10-17 02:00:00,2.591102123,0.15533627046761966
387,2018-10-17 03:00:00,2.550867796,0.47217976017308205
388,2018-10-17 04:00:00,2.510195017,0.8290699048141089
389,2018-10-17 05:00:00,2.477934837,0.1651451524102242
390,2018-10-17 06:00:00,2.446741104,0.7106658698714853
391,2018-10-17 07:00:00,2.4229846,0.731632803725534
392,2018-10-17 08:00:00,2.398452759,0.14948323576459566
393,2018-10-17 09:00:00,2.373681545,0.7363582423277057
394,2018-10-17 10:00:00,2.354567289,0.31063086987149113
395,2018-10-17 11:00:00,2.333017111,0.6459794472138758
396,2018-10-17 12:00:00,2.315097809,0.5531017722105668
397,2018-10-17 13:00:00,2.317240715,0.9283013914450734
398,2018-10-17 14:00:00,2.315429211,0.8133546065266013
399,2018-10-17 15:00:00,2.302109241,0.1974657357131877
400,2018-10-17 16:00:00,2.27201128,0.018951214917041548
401,2018-10-17 17:00:00,2.280525923,0.9456890688149997
402,2018-10-17 18:00:00,2.280390501,0.2848667254365642
403,2018-10-17 19:00:00,2.25298357,0.9191025451524598
404,2018-10-17 20:00:00,2.222478867,0.14833937350090942
405,2018-10-17 21:00:00,2.189927816,0.6361429640009415
406,2018-10-17 22:00:00,2.163547277,0.26640151965658165
407,2018-10-17 23:00:00,2.251966715,0.6269059243709096
408,2018-10-18 00:00:00,2.375150681,0.03613127380951964
409,2018-10-18 01:00:00,2.458490372,0.6913233889922545
410,2018-10-18 02:00:00,2.571505547,0.13680652728792486
411,2018-10-18 03:00:00,2.667042255,0.47252948202785305
412,2018-10-18 04:00:00,2.767756462,0.8559408440971094
413,2018-10-18 05:00:00,2.81814909,0.8082703970357354
414,2018-10-18 06:00:00,2.85992384,0.922319468563098
415,2018-10-18 07:00:00,2.928103924,0.6496004605531774
416,2018-10-18 08:00:00,3.041585684,0.0416418041073755
417,2018-10-18 09:00:00,3.141353369,0.5292975476954096
418,2018-10-18 10:00:00,3.236439705,0.5186471079396712
419,2018-10-18 11:00:00,3.275636673,0.6253559260185991
420,2018-10-18 12:00:00,3.30075407,0.2824776013309931
421,2018-10-18 13:00:00,3.320643425,0.4124700547975464
422,2018-10-18 14:00:00,3.332484484,0.10012062399626065
423,2018-10-18 15:00:00,3.330298901,0.3012501250855626
424,2018-10-18 16:00:00,3.313641548,0.9519285272570855
425,2018-10-18 17:00:00,3.264013767,0.7884938563919064
426,2018-10-18 18:00:00,3.207755804,0.24121874136630805
427,2018-10-18 19:00:00,3.134019613,0.23682031836100303
428,2018-10-18 20:00:00,3.044314384,0.029857989901428073
429,2018-10-18 21:00:00,2.926765442,0.8870978661153428
430,2018-10-18 22:00:00,2.81336689,0.8848806584005408
431,2018-10-18 23:00:00,2.806602001,0.48052521717542773
432,2018-10-19 00:00:00,2.809880257,0.9888634748184189
433,2018-10-19 01:00:00,2.814222336,0.5625638865926214
434,2018-10-19 02:00:00,2.827057838,0.9517678329003223
435,2018-10-19 03:00:00,2.851658821,0.493651393943805
436,2018-10-19 04:00:00,2.872979879,0.31652405423512864
437,2018-10-19 05:00:00,2.893697977,0.07756254780784044
438,2018-10-19 06:00:00,2.91384697,0.15526759290883774
439,2018-10-19 07:00:00,2.932272911,0.7728283949664533
440,2018-10-19 08:00:00,2.949772358,0.060724291079543136
441,2018-10-19 09:00:00,2.964396954,0.1664868630848113
442,2018-10-19 10:00:00,2.976971626,0.8248379072753202
443,2018-10-19 11:00:00,2.986720324,0.27899510083615975
444,2018-10-19 12:00:00,2.990649223,0.29652488589185044
445,2018-10-19 13:00:00,2.987177134,0.4961321122685284
446,2018-10-19 14:00:00,2.97581172,0.8053812296962658
447,2018-10-19 15:00:00,2.94707489,0.08199662218821668
448,2018-10-19 16:00:00,2.889293194,0.17331891617825834
449,2018-10-19 17:00:00,2.795195103,0.9966804745025638
450,2018-10-19 18:00:00,2.667729616,0.905691946746378
451,2018-10-19 19:00:00,2.511909246,0.4048039569125558
452,2018-10-19 20:00:00,2.334075928,0.5032899150576131
453,2018-10-19 21:00:00,2.160602093,0.2919471056210975
454,2018-10-19 22:00:00,2.002294064,0.5603487655767129
455,2018-10-19 23:00:00,1.341344833,0.9384252801882835
456,2018-10-20 00:00:00,0.0,0.40351301310518806
457,2018-10-20 01:00:00,0.0,0.11045988221570202
458,2018-10-20 02:00:00,0.0,0.16828135239628972
459,2018-10-20 03:00:00,0.0,0.7837913252152094
460,2018-10-20 04:00:00,0.0,0.1411043465452273
461,2018-10-20 05:00:00,0.0,0.5676204154975696
462,2018-10-20 06:00:00,0.0,0.6622136865334058
463,2018-10-20 07:00:00,0.0,0.7853309697707853
464,2018-10-20 08:00:00,0.0,0.33821265942091083
465,2018-10-20 09:00:00,0.0,0.7990354042709203
466,2018-10-20 10:00:00,0.0,0.8969807743159083
467,2018-10-20 11:00:00,0.0,0.46238313833383116
468,2018-10-20 12:00:00,0.0,0.792178014713945
469,2018-10-20 13:00:00,0.0,0.2698218593687467
470,2018-10-20 14:00:00,0.0,0.15037567932927154
471,2018-10-20 15:00:00,0.0,0.06857001678201236
472,2018-10-20 16:00:00,0.0,0.7782372365290783
473,2018-10-20 17:00:00,0.0,0.25779139101536475
474,2018-10-20 18:00:00,0.0,0.2696459032122991
475,2018-10-20 19:00:00,0.0,0.8446932432130755
476,2018-10-20 20:00:00,0.0,0.8040208389991108
477,2018-10-20 21:00:00,0.0,0.6453030493513074
478,2018-10-20 22:00:00,0.0,0.004542583086595053
479,2018-10-20 23:00:00,0.0,0.5711632607948536
480,2018-10-21 00:00:00,0.0,0.6589933561553106
481,2018-10-21 01:00:00,0.0,0.7114956513078358
482,2018-10-21 02:00:00,0.0,0.19086593523334883
483,2018-10-21 03:00:00,0.0,0.32719608164502934
484,2018-10-21 04:00:00,0.0,0.5491031439949677
485,2018-10-21 05:00:00,0.0,0.20541122006540058
486,2018-10-21 06:00:00,0.0,0.02029092978268754
487,2018-10-21 07:00:00,0.0,0.7128039932539137
488,2018-10-21 08:00:00,0.0,0.208565032030943
489,2018-10-21 09:00:00,0.0,0.1582882288612365
490,2018-10-21 10:00:00,0.0,0.1974049326533467
491,2018-10-21 11:00:00,0.0,0.34060771543272006
492,2018-10-21 12:00:00,0.0,0.9956766197392496
493,2018-10-21 13:00:00,0.0,0.24417234120073972
494,2018-10-21 14:00:00,0.0,0.9929080725257411
495,2018-10-21 15:00:00,0.0,0.6048093538897367
496,2018-10-21 16:00:00,0.0,0.487950980365757
497,2018-10-21 17:00:00,0.0,0.24907482952160986
498,2018-10-21 18:00:00,0.0,0.14643354825155153
499,2018-10-21 19:00:00,0.0,0.8562151968262736
500,2018-10-21 20:00:00,0.0,0.044427451912758764
501,2018-10-21 21:00:00,0.0,0.6301895598795513
502,2018-10-21 22:00:00,0.0,0.978390100654526
503,2018-10-21 23:00:00,0.0,0.7561339794810034
504,2018-10-22 00:00:00,0.0,0.5101982053213103
505,2018-10-22 01:00:00,0.0,0.1508995014950142
506,2018-10-22 02:00:00,0.0,0.6704674980545858
507,2018-10-22 03:00:00,0.0,0.9825757259440294
508,2018-10-22 04:00:00,0.0,0.5864078260375188
509,2018-10-22 05:00:00,0.0,0.703765109863154
510,2018-10-22 06:00:00,0.0,0.005065342975174136
511,2018-10-22 07:00:00,0.0,0.24612185021055277
512,2018-10-22 08:00:00,0.0,0.06294725784543764
513,2018-10-22 09:00:00,0.0,0.7800898218276652
514,2018-10-22 10:00:00,0.0,0.5444200563307422
515,2018-10-22 11:00:00,0.0,0.6223120015795905
516,2018-10-22 12:00:00,0.0,0.12571111599201112
517,2018-10-22 13:00:00,0.0,0.04414372815166445
518,2018-10-22 14:00:00,0.0,0.26543581736154553
519,2018-10-22 15:00:00,0.0,0.8819084761132586
520,2018-10-22 16:00:00,0.0,0.32221627416648235
521,2018-10-22 17:00:00,0.0,0.6671246532111759
522,2018-10-22 18:00:00,0.0,0.34610647861047816
523,2018-10-22 19:00:00,0.0,0.9371139865483429
524,2018-10-22 20:00:00,0.0,0.2805904068425187
525,2018-10-22 21:00:00,0.0,0.22247624219264395
526,2018-10-22 22:00:00,0.0,0.4631530547927205
527,2018-10-22 23:00:00,0.0,0.24644993941652338
528,2018-10-23 00:00:00,0.0,0.5626826461433286
529,2018-10-23 01:00:00,0.0,0.8359692439576543
530,2018-10-23 02:00:00,0.0,0.3598761134821875
531,2018-10-23 03:00:00,0.0,0.7726772681366116
532,2018-10-23 04:00:00,0.337730765,0.5864205959183015
533,2018-10-23 05:00:00,5.142351151,0.5780727922054791
534,2018-10-23 06:00:00,6.090494156,0.16802520129706733
535,2018-10-23 07:00:00,6.801291466,0.3569145426554555
536,2018-10-23 08:00:00,7.339514732,0.7661113762108582
537,2018-10-23 09:00:00,7.726484299,0.02923857027316723
538,2018-10-23 10:00:00,8.026220322,0.23774156622693632
539,2018-10-23 11:00:00,8.219237328,0.4669974908080088
540,2018-10-23 12:00:00,8.388916016,0.011032531778928933
541,2018-10-23 13:00:00,8.581695557,0.9068212343255264
542,2018-10-23 14:00:00,8.772353172,0.3441968822148369
543,2018-10-23 15:00:00,9.003279686,0.6383371570787904
544,2018-10-23 16:00:00,9.283092499,0.5269916795241272
545,2018-10-23 17:00:00,9.252153397,0.9011217485943572
546,2018-10-23 18:00:00,8.236976624,0.39817363793369676
547,2018-10-23 19:00:00,5.133770943,0.40146195876348667
548,2018-10-23 20:00:00,1.838250399,0.6059765296553599
549,2018-10-23 21:00:00,1.696013212,0.10412431166092406
550,2018-10-23 22:00:00,0.007918295,0.007570356987687044
551,2018-10-23 23:00:00,0.118150525,0.7822923282272805
552,2018-10-24 00:00:00,0.783092499,0.5039984003294189
553,2018-10-24 01:00:00,0.184625745,0.39202159952836335
554,2018-10-24 02:00:00,0.079549603,0.3199533918791784
555,2018-10-24 03:00:00,0.183205277,0.16704274471308267
556,2018-10-24 04:00:00,0.062333889,0.8310753375780184
557,2018-10-24 05:00:00,0.13866353,0.8613623296246998
558,2018-10-24 06:00:00,0.023520786,0.2621062311119384
559,2018-10-24 07:00:00,0.135117933,0.9382590605768456
560,2018-10-24 08:00:00,0.552966535,0.5378548124968584
561,2018-10-24 09:00:00,0.473421574,0.038461449428532246
562,2018-10-24 10:00:00,0.517375112,0.09852923446590134
563,2018-10-24 11:00:00,0.662775517,0.893089290601081
564,2018-10-24 12:00:00,0.71391362,0.8731733924096247
565,2018-10-24 13:00:00,0.795088053,0.5085832082932672
566,2018-10-24 14:00:00,0.855208397,0.053289945463456445
567,2018-10-24 15:00:00,0.785749078,0.2859920301558132
568,2018-10-24 16:00:00,0.616758943,0.5018794339080378
569,2018-10-24 17:00:00,0.221945807,0.36288965741153956
570,2018-10-24 18:00:00,0.180264622,0.43650032308188247
571,2018-10-24 19:00:00,0.161279455,0.4344771496847645
572,2018-10-24 20:00:00,0.115696512,0.43784048898150885
573,2018-10-24 21:00:00,0.073964842,0.048570381161997744
574,2018-10-24 22:00:00,0.037226275,0.6469143123352823
575,2018-10-24 23:00:00,0.015892234,0.2653752635500055
576,2018-10-25 00:00:00,0.002505677,0.4825060508728688
577,2018-10-25 01:00:00,0.001505816,0.7648068605707842
578,2018-10-25 02:00:00,0.001780749,0.12118536480833952
579,2018-10-25 03:00:00,0.00166293,0.4715408760527311
580,2018-10-25 04:00:00,0.008610381,0.3546105093999219
581,2018-10-25 05:00:00,0.019618656,0.9488787545602275
582,2018-10-25 06:00:00,0.022729916,0.4924344973894743
583,2018-10-25 07:00:00,0.018886663,0.030259997249616588
584,2018-10-25 08:00:00,0.009605326,0.12060243792072645
585,2018-10-25 09:00:00,0.001078109,0.43084471604609753
586,2018-10-25 10:00:00,0.001158248,0.9046121636902943
587,2018-10-25 11:00:00,0.000801001,0.7676380277359564
588,2018-10-25 12:00:00,0.000503548,0.48309653219185755
589,2018-10-25 13:00:00,0.000667811,0.8407077488995931
590,2018-10-25 14:00:00,0.000895349,0.8095181573571681
591,2018-10-25 15:00:00,0.000812393,0.5698115022817355
592,2018-10-25 16:00:00,0.000884038,0.2640192569107319
593,2018-10-25 17:00:00,0.001238636,0.06728067022194928
594,2018-10-25 18:00:00,0.001372295,0.3743809725980701
595,2018-10-25 19:00:00,0.084181748,0.12554077291160237
596,2018-10-25 20:00:00,0.108181991,0.48286937713987466
597,2018-10-25 21:00:00,0.184993431,0.31138376028581394
598,2018-10-25 22:00:00,0.140198246,0.39153338531585347
599,2018-10-25 23:00:00,0.136116728,0.3977843958960149
600,2018-10-26 00:00:00,0.015337545,0.26831602027589774
601,2018-10-26 01:00:00,0.01166922,0.6249540657856205
602,2018-10-26 02:00:00,0.006937386,0.8703455089329936
603,2018-10-26 03:00:00,0.015212628,0.6444587846505456
604,2018-10-26 04:00:00,0.022222621,0.3046397404512424
605,2018-10-26 05:00:00,0.016400255,0.57109855487676
606,2018-10-26 06:00:00,0.015382766,0.9371014273311082
607,2018-10-26 07:00:00,0.009691488,0.682858017750811
608,2018-10-26 08:00:00,0.007305421,0.24979996937988935
609,2018-10-26 09:00:00,0.005462172,0.9792162991930948
610,2018-10-26 10:00:00,0.005723581,0.2862698682825151
611,2018-10-26 11:00:00,0.002685518,0.3355855678784423
612,2018-10-26 12:00:00,0.003726599,0.3929796896692155
613,2018-10-26 13:00:00,0.008701233,0.8642951527344019
614,2018-10-26 14:00:00,0.009721646,0.694307678866779
615,2018-10-26 15:00:00,0.004662922,0.23077028504308905
616,2018-10-26 16:00:00,0.004889136,0.7026980111692965
617,2018-10-26 17:00:00,0.006693107,0.7997938593213355
618,2018-10-26 18:00:00,0.006478181,0.19025788005035105
619,2018-10-26 19:00:00,0.004561082,0.40297072477569984
620,2018-10-26 20:00:00,0.002543597,0.5350515735650999
621,2018-10-26 21:00:00,0.00122755,0.15406915856784187
622,2018-10-26 22:00:00,0.000480788,0.2608649944876552
623,2018-10-26 23:00:00,0.000153391,0.4682718052656615
624,2018-10-27 00:00:00,2.0684e-05,0.8336186630103186
625,2018-10-27 01:00:00,1.309e-05,0.02086896902863744
626,2018-10-27 02:00:00,1.1761e-05,0.7183954069227636
627,2018-10-27 03:00:00,7.424e-06,0.3518957109551606
628,2018-10-27 04:00:00,5.26e-06,0.16011950530369112
629,2018-10-27 05:00:00,2.681e-06,0.92555524589458
630,2018-10-27 06:00:00,2.399e-06,0.5313769009058278
631,2018-10-27 07:00:00,1.1132e-05,0.5244051002472264
632,2018-10-27 08:00:00,7.187e-06,0.16708141928220321
633,2018-10-27 09:00:00,5.651e-06,0.1050076119027682
634,2018-10-27 10:00:00,5.39e-06,0.9218895669008648
635,2018-10-27 11:00:00,5.809e-06,0.4343532745077324
636,2018-10-27 12:00:00,3.878e-06,0.8987264703360435
637,2018-10-27 13:00:00,1.867e-06,0.15375094980075066
638,2018-10-27 14:00:00,0.0,0.3649142826348658
639,2018-10-27 15:00:00,0.0,0.27385632690130024
640,2018-10-27 16:00:00,0.0,0.7742233112346053
641,2018-10-27 17:00:00,0.0,0.7618934542523866
642,2018-10-27 18:00:00,0.0,0.6179652985465538
643,2018-10-27 19:00:00,0.0,0.8219408763331871
644,2018-10-27 20:00:00,0.0,0.40242543129991826
645,2018-10-27 21:00:00,0.0,0.4037242833677839
646,2018-10-27 22:00:00,0.0,0.7852346328366199
647,2018-10-27 23:00:00,0.0,0.8687894769550539
648,2018-10-28 00:00:00,0.0,0.5016102540193035
649,2018-10-28 01:00:00,0.0,0.6125428988946312
650,2018-10-28 02:00:00,0.0,0.8058233104564249
651,2018-10-28 03:00:00,0.0,0.5121975973173027
652,2018-10-28 04:00:00,0.0,0.14529787015597018
653,2018-10-28 05:00:00,0.0,0.2804489391537308
654,2018-10-28 06:00:00,0.0,0.763174442480855
655,2018-10-28 07:00:00,0.0,0.45355255576601483
656,2018-10-28 08:00:00,0.0,0.8251843756861529
657,2018-10-28 09:00:00,0.0,0.47810304940339876
658,2018-10-28 10:00:00,0.0,0.04038346285322514
659,2018-10-28 11:00:00,0.0,0.20244750279078205
660,2018-10-28 12:00:00,0.0,0.25919194249953503
661,2018-10-28 13:00:00,0.0,0.9556060041295188
662,2018-10-28 14:00:00,0.0,0.17354109123058536
663,2018-10-28 15:00:00,0.0,0.6334911429604738
664,2018-10-28 16:00:00,0.0,0.539330406026622
665,2018-10-28 17:00:00,0.0,0.024180311904701046
666,2018-10-28 18:00:00,0.0,0.4667377573576742
667,2018-10-28 19:00:00,0.0,0.15968114440426717
668,2018-10-28 20:00:00,0.0,0.8066286259688766
669,2018-10-28 21:00:00,0.0,0.7049471803593191
670,2018-10-28 22:00:00,0.0,0.5177745562447429
671,2018-10-28 23:00:00,0.0,0.5730568242003394
672,2018-10-29 00:00:00,0.0,0.24843841030155767
673,2018-10-29 01:00:00,0.0,0.16253488901472057
674,2018-10-29 02:00:00,0.0,0.15383266415580543
675,2018-10-29 03:00:00,0.0,0.1903651806370973
676,2018-10-29 04:00:00,0.0,0.8300290462790266
677,2018-10-29 05:00:00,0.0,0.9575117208568318
678,2018-10-29 06:00:00,0.0,0.3684894398035944
679,2018-10-29 07:00:00,0.0,0.5261348216542036
680,2018-10-29 08:00:00,0.0,0.17486200818110853
681,2018-10-29 09:00:00,0.0,0.2851099837680675
682,2018-10-29 10:00:00,0.0,0.15133777691448114
683,2018-10-29 11:00:00,0.0,0.559235626337682
684,2018-10-29 12:00:00,0.0,0.7538341341018464
685,2018-10-29 13:00:00,0.0,0.5813979245145164
686,2018-10-29 14:00:00,0.0,0.1698018692574803
687,2018-10-29 15:00:00,0.0,0.15446561092629574
688,2018-10-29 16:00:00,0.0,0.06434809059713986
689,2018-10-29 17:00:00,0.0,0.2376784659240435
690,2018-10-29 18:00:00,0.0,0.7963023904856663
691,2018-10-29 19:00:00,0.0,0.34051207757925905
692,2018-10-29 20:00:00,0.0,0.5493373242909582
693,2018-10-29 21:00:00,0.0,0.014920574616808846
694,2018-10-29 22:00:00,0.0,0.5019194909156482
695,2018-10-29 23:00:00,0.0,0.29906796684155956
696,2018-10-30 00:00:00,0.0,0.4191859781493452
697,2018-10-30 01:00:00,0.0,0.5551952581529049
698,2018-10-30 02:00:00,0.0,0.04034146225307034
699,2018-10-30 03:00:00,0.0,0.1344824034763552
700,2018-10-30 04:00:00,0.0,0.4276219312397461
701,2018-10-30 05:00:00,0.0,0.35829002613871574
702,2018-10-30 06:00:00,0.0,0.7799820607498413
703,2018-10-30 07:00:00,0.0,0.7869305579198838
704,2018-10-30 08:00:00,0.0,0.7688181237875593
705,2018-10-30 09:00:00,0.0,0.7907965629806536
706,2018-10-30 10:00:00,0.0,0.873775128408912
707,2018-10-30 11:00:00,0.0,0.5883764084124701
708,2018-10-30 12:00:00,0.0,0.9875447984047402
709,2018-10-30 13:00:00,0.0,0.09002288129475433
710,2018-10-30 14:00:00,0.0,0.3765565728781656
711,2018-10-30 15:00:00,0.0,0.16700207346151463
712,2018-10-30 16:00:00,0.0,0.44871267637666323
713,2018-10-30 17:00:00,0.0,0.7253026877065375
714,2018-10-30 18:00:00,0.0,0.45160935454949536
715,2018-10-30 19:00:00,0.0,0.966122606703253
716,2018-10-30 20:00:00,0.154291093,0.6104300854076388
717,2018-10-30 21:00:00,0.181064218,0.09094605102862563
718,2018-10-30 22:00:00,0.511450291,0.23412856261384596
719,2018-10-30 23:00:00,1.028641462,0.841978920653327
720,2018-10-31 00:00:00,1.211104155,0.27513616023428966
721,2018-10-31 01:00:00,1.278742194,0.21284960917797224
722,2018-10-31 02:00:00,1.350511193,0.6838671530047775
723,2018-10-31 03:00:00,1.404658079,0.5734157312576467
724,2018-10-31 04:00:00,1.413885713,0.9676988391890233
725,2018-10-31 05:00:00,1.459073067,0.020588452560373893
726,2018-10-31 06:00:00,1.499856353,0.07722296234833226
727,2018-10-31 07:00:00,1.55475533,0.1295849638843316
728,2018-10-31 08:00:00,1.602894425,0.4860834601242744
729,2018-10-31 09:00:00,1.643436074,0.06523462827696358
730,2018-10-31 10:00:00,1.663592219,0.7742244178571537
731,2018-10-31 11:00:00,1.696415544,0.03138189529974644
732,2018-10-31 12:00:00,1.72081399,0.3887219954589589
733,2018-10-31 13:00:00,1.758414388,0.466089288915279
734,2018-10-31 14:00:00,1.777292013,0.12279628153283917
735,2018-10-31 15:00:00,1.781128764,0.5428698437063993
736,2018-10-31 16:00:00,1.833765388,0.21146578162022156
737,2018-10-31 17:00:00,1.942767382,0.2647862104643003
738,2018-10-31 18:00:00,2.0568223,0.2879878442879922
739,2018-10-31 19:00:00,2.054454565,0.10777159313936802
740,2018-10-31 20:00:00,2.032012939,0.8801159040342913
741,2018-10-31 21:00:00,1.988060594,0.3639809491529481
742,2018-10-31 22:00:00,1.942012787,0.5758379096704986
743,2018-10-31 23:00:00,1.948228002,0.13548663143082162
744,2018-11-01 00:00:00,1.95449698,0.19774880405818618
745,2018-11-01 01:00:00,1.966274619,0.015259484340533702
746,2018-11-01 02:00:00,1.968721747,0.12217570556325852
747,2018-11-01 03:00:00,1.971712589,0.6407057049287017
748,2018-11-01 04:00:00,1.962676287,0.5165310991656122
749,2018-11-01 05:00:00,1.944330454,0.712646413308119
750,2018-11-01 06:00:00,1.923043609,0.628866305045042
751,2018-11-01 07:00:00,1.918757319,0.25482119624944466
752,2018-11-01 08:00:00,1.902457118,0.154052022119326
753,2018-11-01 09:00:00,1.88665092,0.1225844923908741
754,2018-11-01 10:00:00,1.854371667,0.6622276927912077
755,2018-11-01 11:00:00,1.83311677,0.6588712953793765
756,2018-11-01 12:00:00,1.817149639,0.4718507647878786
757,2018-11-01 13:00:00,1.808529019,0.540469804611774
758,2018-11-01 14:00:00,1.799289465,0.8894427713533508
759,2018-11-01 15:00:00,1.789592266,0.02891565862761447
760,2018-11-01 16:00:00,1.776340008,0.8844391109299945
761,2018-11-01 17:00:00,1.745330095,0.4851303520009653
762,2018-11-01 18:00:00,2.108731031,0.46138229931808294
763,2018-11-01 19:00:00,2.167631388,0.6119300675092273
764,2018-11-01 20:00:00,2.194244385,0.18677390925136594
765,2018-11-01 21:00:00,2.178800821,0.9103066172384665
766,2018-11-01 22:00:00,2.1504457,0.33207845458826046
767,2018-11-01 23:00:00,2.138488293,0.641199847431451
768,2018-11-02 00:00:00,2.130165577,0.7230516977855879
769,2018-11-02 01:00:00,2.126520634,0.3713210789684882
770,2018-11-02 02:00:00,2.120218515,0.659688382250888
771,2018-11-02 03:00:00,2.110188961,0.399711153602466
772,2018-11-02 04:00:00,2.098253012,0.5378286027715377
773,2018-11-02 05:00:00,2.083742619,0.82985046891532
774,2018-11-02 06:00:00,2.070931911,0.4491626015208646
775,2018-11-02 07:00:00,2.060540915,0.1635136275133462
776,2018-11-02 08:00:00,2.054862976,0.2945506246596391
777,2018-11-02 09:00:00,2.056269884,0.3954971179097724
778,2018-11-02 10:00:00,2.063095331,0.1759068885274877
779,2018-11-02 11:00:00,2.066481829,0.8870864127115635
780,2018-11-02 12:00:00,2.069316149,0.6558856224544821
781,2018-11-02 13:00:00,2.077055693,0.9385700387174907
782,2018-11-02 14:00:00,2.085935593,0.866004093592557
783,2018-11-02 15:00:00,2.080415249,0.9452859802917135
784,2018-11-02 16:00:00,2.061475277,0.614912935940656
785,2018-11-02 17:00:00,2.020583868,0.527551023175493
786,2018-11-02 18:00:00,1.961189747,0.6045624111893729
787,2018-11-02 19:00:00,1.788546681,0.769471648624205
788,2018-11-02 20:00:00,0.751821935,0.12209737350223526
789,2018-11-02 21:00:00,7.337e-06,0.4045924998103595
790,2018-11-02 22:00:00,1.94e-06,0.8074966326273636
791,2018-11-02 23:00:00,0.0,0.6991144107630731
792,2018-11-03 00:00:00,0.0,0.2851608180051397
793,2018-11-03 01:00:00,0.0,0.41536425030790447
794,2018-11-03 02:00:00,0.0,0.48678009226514163
795,2018-11-03 03:00:00,0.0,0.48980718325666717
796,2018-11-03 04:00:00,0.0,0.03142953420393757
797,2018-11-03 05:00:00,0.0,0.8313791441625572
798,2018-11-03 06:00:00,0.0,0.009091802886945999
799,2018-11-03 07:00:00,0.0,0.7757681226653355
800,2018-11-03 08:00:00,0.024670867,0.5080313101381433
801,2018-11-03 09:00:00,3.761484146,0.7822265361628465
802,2018-11-03 10:00:00,4.434231758,0.10328996528989043
803,2018-11-03 11:00:00,4.91942215,0.5775073309008464
804,2018-11-03 12:00:00,5.260064125,0.3141449375061107
805,2018-11-03 13:00:00,5.512374878,0.822391534997685
806,2018-11-03 14:00:00,5.677004337,0.01068018598550935
807,2018-11-03 15:00:00,5.821389198,0.6083975379558151
808,2018-11-03 16:00:00,5.890151978,0.930677885867296
809,2018-11-03 17:00:00,5.94704771,0.46060874983966027
810,2018-11-03 18:00:00,6.234517097,0.23477610370043323
811,2018-11-03 19:00:00,6.549115658,0.3456287357509845
812,2018-11-03 20:00:00,6.671804428,0.44572200675858176
813,2018-11-03 21:00:00,6.740176201,0.18771580265733923
814,2018-11-03 22:00:00,6.743335247,0.2553944663122151
815,2018-11-03 23:00:00,6.760020256,0.8882135887192094
816,2018-11-04 00:00:00,6.759105206,0.791564950427775
817,2018-11-04 01:00:00,6.755335808,0.406521362494047
818,2018-11-04 02:00:00,6.749257088,0.5054107605110656
819,2018-11-04 03:00:00,6.742995262,0.6614098800007776
820,2018-11-04 04:00:00,6.736327648,0.32759557987898935
821,2018-11-04 05:00:00,6.730076313,0.8896985907780696
822,2018-11-04 06:00:00,6.7233634,0.8174684367114009
823,2018-11-04 07:00:00,6.777344704,0.6859644740334455
824,2018-11-04 08:00:00,6.780643463,0.9731332022941644
825,2018-11-04 09:00:00,6.786821365,0.9600601536937524
826,2018-11-04 10:00:00,6.793753147,0.7629109368330089
827,2018-11-04 11:00:00,6.799391747,0.9703115462415289
828,2018-11-04 12:00:00,6.802639484,0.22979997211693548
829,2018-11-04 13:00:00,6.804917812,0.7835821206821157
830,2018-11-04 14:00:00,6.802083969,0.843614930446466
831,2018-11-04 15:00:00,6.78579998,0.20683559941589813
832,2018-11-04 16:00:00,6.755824089,0.05531577242012908
833,2018-11-04 17:00:00,6.710787773,0.5311314084509396
834,2018-11-04 18:00:00,6.656724453,0.9202098001455644
835,2018-11-04 19:00:00,6.593531609,0.30434989771625753
836,2018-11-04 20:00:00,7.434324741,0.18011885006455441
837,2018-11-04 21:00:00,7.582669258,0.12345803780524045
838,2018-11-04 22:00:00,7.482217789,0.6610937904340407
839,2018-11-04 23:00:00,7.4033494,0.993610387454838
840,2018-11-05 00:00:00,7.29238987,0.7786934200826225
841,2018-11-05 01:00:00,8.371731758,0.9206782545168986
842,2018-11-05 02:00:00,8.58769989,0.579046451686532
843,2018-11-05 03:00:00,8.709983826,0.7055648742289875
844,2018-11-05 04:00:00,10.445864677,0.01913134957201501
845,2018-11-05 05:00:00,10.846785545,0.38148124514091397
846,2018-11-05 06:00:00,11.377930641,0.9501261222463966
847,2018-11-05 07:00:00,12.721464157,0.7456296734552428
848,2018-11-05 08:00:00,13.151907921,0.7947725902564166
849,2018-11-05 09:00:00,13.47415638,0.23356836361258826
850,2018-11-05 10:00:00,13.668488503,0.7172854340408624
851,2018-11-05 11:00:00,13.816479683,0.5641413056777678
852,2018-11-05 12:00:00,13.919830322,0.07035265146817371
853,2018-11-05 13:00:00,14.00987339,0.7354006912212956
854,2018-11-05 14:00:00,14.073957443,0.15668897694470718
855,2018-11-05 15:00:00,14.117109299,0.5200483482704404
856,2018-11-05 16:00:00,14.145265579,0.2377280048433248
857,2018-11-05 17:00:00,14.156635284,0.7716063510027833
858,2018-11-05 18:00:00,14.142540932,0.2010243784619563
859,2018-11-05 19:00:00,14.111666679,0.04515205858230953
860,2018-11-05 20:00:00,14.050445557,0.6003112617412074
861,2018-11-05 21:00:00,13.983459473,0.1228173963021465
862,2018-11-05 22:00:00,13.916431427,0.18856498005694544
863,2018-11-05 23:00:00,13.900712013,0.9359668817535927
864,2018-11-06 00:00:00,13.884439468,0.5482177593365659
865,2018-11-06 01:00:00,13.870614052,0.06691065924981021
866,2018-11-06 02:00:00,13.858244896,0.13776527240306313
867,2018-11-06 03:00:00,13.849518776,0.9991719693488057
868,2018-11-06 04:00:00,13.850717545,0.7868666082684045
869,2018-11-06 05:00:00,13.861685753,0.6734359041833601
870,2018-11-06 06:00:00,13.87286377,0.24645176770754085
871,2018-11-06 07:00:00,13.872596741,0.5504470057214766
872,2018-11-06 08:00:00,13.868384361,0.045681296691938655
873,2018-11-06 09:00:00,13.859370232,0.06324141333481048
874,2018-11-06 10:00:00,13.853433609,0.4374710155267506
875,2018-11-06 11:00:00,13.854727745,0.41504204701967173
876,2018-11-06 12:00:00,13.85401535,0.5162647176982741
877,2018-11-06 13:00:00,13.852715492,0.25442215596239304
878,2018-11-06 14:00:00,13.852182388,0.7964885407472531
879,2018-11-06 15:00:00,13.843718529,0.7611312888365291
880,2018-11-06 16:00:00,13.817851067,0.6355302776173627
881,2018-11-06 17:00:00,13.776193619,0.9865324118422446
882,2018-11-06 18:00:00,13.711585999,0.6493252410142839
883,2018-11-06 19:00:00,13.627159119,0.9529210736113276
884,2018-11-06 20:00:00,13.551184654,0.23486216866181442
885,2018-11-06 21:00:00,13.49357605,0.43199685821675227
886,2018-11-06 22:00:00,13.448480606,0.8151075341335324
887,2018-11-06 23:00:00,13.42587471,0.28599006623454615
888,2018-11-07 00:00:00,13.4021101,0.3155394302372492
889,2018-11-07 01:00:00,13.377714157,0.6132129608817284
890,2018-11-07 02:00:00,13.353855133,0.5692050131267927
891,2018-11-07 03:00:00,13.332270622,0.11270406436718605
892,2018-11-07 04:00:00,13.316016197,0.30833169517534653
893,2018-11-07 05:00:00,13.297688484,0.6613268583354135
894,2018-11-07 06:00:00,13.283303261,0.9200481538440346
895,2018-11-07 07:00:00,13.278679848,0.510996431150333
896,2018-11-07 08:00:00,13.283106804,0.47885762588363334
897,2018-11-07 09:00:00,13.287321091,0.2706326462727784
898,2018-11-07 10:00:00,13.293086052,0.7548589907430999
899,2018-11-07 11:00:00,13.297738075,0.08346743184738903
900,2018-11-07 12:00:00,13.302595139,0.9276634022383344
901,2018-11-07 13:00:00,13.306290627,0.8738175008970764
902,2018-11-07 14:00:00,13.308668137,0.3939331445903904
903,2018-11-07 15:00:00,13.294600487,0.2960818531831185
904,2018-11-07 16:00:00,13.261054039,0.691853808868972
905,2018-11-07 17:00:00,13.203004837,0.47596254867976495
906,2018-11-07 18:00:00,13.115244865,0.2422166824508194
907,2018-11-07 19:00:00,13.0148983,0.3382067497835366
908,2018-11-07 20:00:00,12.910868645,0.909356416330075
909,2018-11-07 21:00:00,12.806217194,0.8513479132444225
910,2018-11-07 22:00:00,12.713592529,0.4851964281936354
911,2018-11-07 23:00:00,12.687378883,0.041595421066285665
912,2018-11-08 00:00:00,12.66653347,0.8587762534582215
913,2018-11-08 01:00:00,12.653324127,0.4014215167048518
914,2018-11-08 02:00:00,12.660193443,0.6939835029209911
915,2018-11-08 03:00:00,12.666294098,0.8373988400366973
916,2018-11-08 04:00:00,12.672207832,0.8042984941823716
917,2018-11-08 05:00:00,12.680486679,0.6303130483439416
918,2018-11-08 06:00:00,12.689334869,0.8191079483346145
919,2018-11-08 07:00:00,12.692033768,0.08012807055264048
920,2018-11-08 08:00:00,12.695220947,0.8918537960415289
921,2018-11-08 09:00:00,12.701869965,0.5699475565071532
922,2018-11-08 10:00:00,12.708395004,0.3512954001060825
923,2018-11-08 11:00:00,12.715024948,0.2911849030520294
924,2018-11-08 12:00:00,12.722093582,0.7040839816425344
925,2018-11-08 13:00:00,12.730571747,0.9474477608527649
926,2018-11-08 14:00:00,12.735423088,0.6137591487246223
927,2018-11-08 15:00:00,12.733268738,0.012652049392337106
928,2018-11-08 16:00:00,12.71282959,0.14051437534999545
929,2018-11-08 17:00:00,12.677482605,0.7542713086438398
930,2018-11-08 18:00:00,12.625495911,0.8076462744172669
931,2018-11-08 19:00:00,12.561920166,0.388725406764761
932,2018-11-08 20:00:00,12.483838081,0.1960854744731535
933,2018-11-08 21:00:00,12.407560349,0.26401077400370065
934,2018-11-08 22:00:00,12.340063095,0.7506758615903937
935,2018-11-08 23:00:00,12.323762894,0.6460911612225768
936,2018-11-09 00:00:00,12.301429749,0.7329541761012838
937,2018-11-09 01:00:00,12.280842781,0.25513841425894934
938,2018-11-09 02:00:00,12.260231018,0.17389089494298438
939,2018-11-09 03:00:00,12.234991074,0.07615276844322283
940,2018-11-09 04:00:00,12.20730114,0.03662545761705971
941,2018-11-09 05:00:00,12.172815323,0.6451607607747829
942,2018-11-09 06:00:00,12.13627243,0.5418376558591737
943,2018-11-09 07:00:00,12.107433319,0.10841865509772375
944,2018-11-09 08:00:00,12.078708649,0.6908150243051185
945,2018-11-09 09:00:00,12.049434662,0.958306659225294
946,2018-11-09 10:00:00,12.019990921,0.6933206639750555
947,2018-11-09 11:00:00,11.991341591,0.24250037981551764
948,2018-11-09 12:00:00,11.968429565,0.36582092661769605
949,2018-11-09 13:00:00,11.953052521,0.44316535233009946
950,2018-11-09 14:00:00,11.927331924,0.028959467913950987
951,2018-11-09 15:00:00,11.903770447,0.5321578096527632
952,2018-11-09 16:00:00,11.865316391,0.9604939821783175
953,2018-11-09 17:00:00,11.799251556,0.9994750210842339
954,2018-11-09 18:00:00,11.692386627,0.06109811783816932
955,2018-11-09 19:00:00,11.563344002,0.030710177721940513
956,2018-11-09 20:00:00,11.394117355,0.4214940462030875
957,2018-11-09 21:00:00,11.089220047,0.9553451553695045
958,2018-11-09 22:00:00,10.770122528,0.35019791366051656
959,2018-11-09 23:00:00,10.600749969,0.18415229285391366
960,2018-11-10 00:00:00,10.472574234,0.6777381030051685
961,2018-11-10 01:00:00,10.378347397,0.3694777829886051
962,2018-11-10 02:00:00,10.301534653,0.6062817814629609
963,2018-11-10 03:00:00,10.250062943,0.7130383793363352
964,2018-11-10 04:00:00,10.217604637,0.884452217544309
965,2018-11-10 05:00:00,10.207720757,0.270128320146822
966,2018-11-10 06:00:00,10.208631516,0.035294607437003744
967,2018-11-10 07:00:00,10.211628914,0.6744469707496425
968,2018-11-10 08:00:00,10.212799072,0.08269369880910615
969,2018-11-10 09:00:00,10.212814331,0.3093656226530931
970,2018-11-10 10:00:00,10.214048386,0.8500121942773257
971,2018-11-10 11:00:00,10.215490341,0.3730196910535232
972,2018-11-10 12:00:00,10.216873169,0.571663221998183
973,2018-11-10 13:00:00,10.218628883,0.5169916245959147
974,2018-11-10 14:00:00,10.220466614,0.019566206463462077
975,2018-11-10 15:00:00,10.216532707,0.7368922233361023
976,2018-11-10 16:00:00,10.19437027,0.37534704131583263
977,2018-11-10 17:00:00,10.139935493,0.5846901491832389
978,2018-11-10 18:00:00,10.041057587,0.9654318589156361
979,2018-11-10 19:00:00,9.935138702,0.8473648338737909
980,2018-11-10 20:00:00,9.817405701,0.11167327404086314
981,2018-11-10 21:00:00,9.606384277,0.6329905486045849
982,2018-11-10 22:00:00,9.335784912,0.5936723009424075
983,2018-11-10 23:00:00,9.194167137,0.7755335118036082
984,2018-11-11 00:00:00,9.089323044,0.0398438355093641
985,2018-11-11 01:00:00,9.007939339,0.7394798681251854
986,2018-11-11 02:00:00,8.94270134,0.28600333353542173
987,2018-11-11 03:00:00,8.942069054,0.030952054974380805
988,2018-11-11 04:00:00,8.934356689,0.9440990652070776
989,2018-11-11 05:00:00,8.926511765,0.5971705130001492
990,2018-11-11 06:00:00,8.926195145,0.37295810782286376
991,2018-11-11 07:00:00,8.930879593,0.6251311435221719
992,2018-11-11 08:00:00,8.934951782,0.6814593157218646
993,2018-11-11 09:00:00,8.94226265,0.3881701962736085
994,2018-11-11 10:00:00,8.949813843,0.18801950152841262
995,2018-11-11 11:00:00,8.960712433,0.418015741125892
996,2018-11-11 12:00:00,8.970163345,0.027916379693122884
997,2018-11-11 13:00:00,8.98241806,0.3206041866914383
998,2018-11-11 14:00:00,8.99256897,0.3226208101584104
999,2018-11-11 15:00:00,8.994722366,0.7407683994236852
1000,2018-11-11 16:00:00,8.979681015,0.9953927967062355
1001,2018-11-11 17:00:00,8.935922623,0.4464962783841112
1002,2018-11-11 18:00:00,8.883070946,0.9619771405495822
1003,2018-11-11 19:00:00,8.840421677,0.09340450309600257
1004,2018-11-11 20:00:00,8.791431427,0.3314002160218793
1005,2018-11-11 21:00:00,8.738098145,0.996036257945624
1006,2018-11-11 22:00:00,8.693840027,0.09521257777707959
1007,2018-11-11 23:00:00,8.691838264,0.38830104425471335
1008,2018-11-12 00:00:00,8.691932678,0.5103859010377629
1009,2018-11-12 01:00:00,8.70532608,0.960727527954976
1010,2018-11-12 02:00:00,8.708117485,0.6284785159524193
1011,2018-11-12 03:00:00,8.710327148,0.14046799550226363
1012,2018-11-12 04:00:00,8.710181236,0.4982810348480906
1013,2018-11-12 05:00:00,8.70920372,0.1982492184938346
1014,2018-11-12 06:00:00,8.7085886,0.4527124708512197
1015,2018-11-12 07:00:00,8.709856987,0.3966784059119425
1016,2018-11-12 08:00:00,8.711506844,0.5384151806945379
1017,2018-11-12 09:00:00,8.713504791,0.6948568346663179
1018,2018-11-12 10:00:00,8.714435577,0.5269791812026964
1019,2018-11-12 11:00:00,8.715522766,0.8168180846365122
1020,2018-11-12 12:00:00,8.713605881,0.38561427799314674
1021,2018-11-12 13:00:00,8.713830948,0.1565557836474456
1022,2018-11-12 14:00:00,8.711099625,0.8489749823998176
1023,2018-11-12 15:00:00,8.707967758,0.8559961074722463
1024,2018-11-12 16:00:00,8.69744873,0.44495542206287153
1025,2018-11-12 17:00:00,8.673919678,0.4938049688930948
1026,2018-11-12 18:00:00,8.623437881,0.7499300062340168
1027,2018-11-12 19:00:00,8.560844421,0.2155963079527088
1028,2018-11-12 20:00:00,8.483049393,0.4553570712952105
1029,2018-11-12 21:00:00,8.412668228,0.3135569012247289
1030,2018-11-12 22:00:00,8.355965614,0.2672096592610157
1031,2018-11-12 23:00:00,8.35746479,0.24993330346536313
1032,2018-11-13 00:00:00,8.353551865,0.04905848188299222
1033,2018-11-13 01:00:00,8.350379944,0.7338667306288369
1034,2018-11-13 02:00:00,8.342247963,0.35893552911406734
1035,2018-11-13 03:00:00,8.329097748,0.9037794592537005
1036,2018-11-13 04:00:00,8.313956261,0.7760734240021961
1037,2018-11-13 05:00:00,8.299842834,0.15121124019416876
1038,2018-11-13 06:00:00,8.281406403,0.8163371260068316
1039,2018-11-13 07:00:00,8.266903877,0.9417218274348325
1040,2018-11-13 08:00:00,8.251296997,0.7868700852381009
1041,2018-11-13 09:00:00,8.234113693,0.6220036835626672
1042,2018-11-13 10:00:00,8.217175484,0.1094216021914085
1043,2018-11-13 11:00:00,8.198425293,0.08142444744949118
1044,2018-11-13 12:00:00,8.182567596,0.8938387141107597
1045,2018-11-13 13:00:00,8.169507027,0.591945410560428
1046,2018-11-13 14:00:00,8.159235954,0.9040264979944298
1047,2018-11-13 15:00:00,8.142645836,0.07777762255102527
1048,2018-11-13 16:00:00,8.109552383,0.9000807136167028
1049,2018-11-13 17:00:00,8.056735992,0.9412838899041858
1050,2018-11-13 18:00:00,7.980120659,0.026678702694772904
1051,2018-11-13 19:00:00,7.887870789,0.513887510048528
1052,2018-11-13 20:00:00,7.776888847,0.7732539240183411
1053,2018-11-13 21:00:00,7.676383495,0.4418705619628527
1054,2018-11-13 22:00:00,7.581087589,0.5614835601620849
1055,2018-11-13 23:00:00,7.546271801,0.8120884299335379
1056,2018-11-14 00:00:00,7.516504288,0.6814513494020682
1057,2018-11-14 01:00:00,7.491470337,0.3766833994496043
1058,2018-11-14 02:00:00,7.464774132,0.30347496564430765
1059,2018-11-14 03:00:00,7.446051598,0.7103117780154785
1060,2018-11-14 04:00:00,7.423528671,0.20256495060334412
1061,2018-11-14 05:00:00,7.39906311,0.10746483723465738
1062,2018-11-14 06:00:00,7.371476173,0.645480869572971
1063,2018-11-14 07:00:00,7.353572845,0.25783500369349555
1064,2018-11-14 08:00:00,7.333593845,0.12407021251965733
1065,2018-11-14 09:00:00,7.314770699,0.34791407238836947
1066,2018-11-14 10:00:00,7.295857906,0.9148572548652217
1067,2018-11-14 11:00:00,7.272601128,0.019311880198938147
1068,2018-11-14 12:00:00,7.250699043,0.3938530547156228
1069,2018-11-14 13:00:00,7.225076675,0.9501673568569154
1070,2018-11-14 14:00:00,7.195111752,0.6409928010053488
1071,2018-11-14 15:00:00,7.156577587,0.21364802383380865
1072,2018-11-14 16:00:00,7.102348328,0.14109509907281326
1073,2018-11-14 17:00:00,7.017415047,0.11702511936731119
1074,2018-11-14 18:00:00,6.89358902,0.3764915148336573
1075,2018-11-14 19:00:00,6.522041321,0.7641767897138148
1076,2018-11-14 20:00:00,6.128681183,0.5587740221694381
1077,2018-11-14 21:00:00,5.74260807,0.10977424579504746
1078,2018-11-14 22:00:00,5.322948456,0.2616669552035843
1079,2018-11-14 23:00:00,5.153083801,0.5141021208498584
1080,2018-11-15 00:00:00,5.045433044,0.28138811433339406
1081,2018-11-15 01:00:00,4.984921932,0.14785147851328873
1082,2018-11-15 02:00:00,4.975236416,0.9281923600425009
1083,2018-11-15 03:00:00,4.98521471,0.14879056447226524
1084,2018-11-15 04:00:00,4.990132332,0.26374815853204747
1085,2018-11-15 05:00:00,4.993093014,0.7346198315706297
1086,2018-11-15 06:00:00,4.990162849,0.6594113923998531
1087,2018-11-15 07:00:00,4.970879078,0.9567973330555508
1088,2018-11-15 08:00:00,4.942624569,0.25450193588153014
1089,2018-11-15 09:00:00,4.921399117,0.23452605174605667
1090,2018-11-15 10:00:00,4.895580769,0.5726798007171247
1091,2018-11-15 11:00:00,4.869036198,0.570955713433716
1092,2018-11-15 12:00:00,4.836061478,0.45804640461641166
1093,2018-11-15 13:00:00,4.801301956,0.4456452391154577
1094,2018-11-15 14:00:00,4.77195406,0.5256583728091988
1095,2018-11-15 15:00:00,4.725189686,0.07034392213237828
1096,2018-11-15 16:00:00,4.664693356,0.4379359770468395
1097,2018-11-15 17:00:00,4.565746307,0.3418514129462714
1098,2018-11-15 18:00:00,4.420912266,0.1074687400824853
1099,2018-11-15 19:00:00,4.246721745,0.9852701742880612
1100,2018-11-15 20:00:00,4.052757263,0.07229960053406859
1101,2018-11-15 21:00:00,3.86422801,0.48955520236923655
1102,2018-11-15 22:00:00,3.699337006,0.6020581579481423
1103,2018-11-15 23:00:00,3.713068008,0.2926470858392435
1104,2018-11-16 00:00:00,3.728047371,0.24867923045230556
1105,2018-11-16 01:00:00,3.734944105,0.7598347240997665
1106,2018-11-16 02:00:00,3.741672754,0.09173904343464045
1107,2018-11-16 03:00:00,3.748512745,0.9919179968663755
1108,2018-11-16 04:00:00,3.755465031,0.11230441750759712
1109,2018-11-16 05:00:00,3.761182785,0.2940321541909928
1110,2018-11-16 06:00:00,3.76629281,0.004108657369711222
1111,2018-11-16 07:00:00,3.771650791,0.2931766083906703
1112,2018-11-16 08:00:00,3.77726531,0.4844113943024225
1113,2018-11-16 09:00:00,3.781839371,0.7053327727660998
1114,2018-11-16 10:00:00,3.784722328,0.8410583295406218
1115,2018-11-16 11:00:00,3.789065361,0.13996985956469932
1116,2018-11-16 12:00:00,3.794511795,0.8940286768882633
1117,2018-11-16 13:00:00,3.799441814,0.2770314171916811
1118,2018-11-16 14:00:00,3.799823046,0.9508497629531302
1119,2018-11-16 15:00:00,3.781108379,0.18341519221686542
1120,2018-11-16 16:00:00,3.738428831,0.13777325513447325
1121,2018-11-16 17:00:00,3.649673223,0.5235614831826051
1122,2018-11-16 18:00:00,3.522298098,0.27087214623079114
1123,2018-11-16 19:00:00,3.365793228,0.8471018852337043
1124,2018-11-16 20:00:00,3.193905592,0.1139217268359326
1125,2018-11-16 21:00:00,3.028768539,0.21489945613128036
1126,2018-11-16 22:00:00,2.883487225,0.19901884721560814
1127,2018-11-16 23:00:00,2.845841169,0.013853386469686368
1128,2018-11-17 00:00:00,2.822480202,0.8653466092898137
1129,2018-11-17 01:00:00,2.832697153,0.2808898280574621
1130,2018-11-17 02:00:00,2.840087175,0.011326972666772961
1131,2018-11-17 03:00:00,2.823184967,0.5930630848190397
1132,2018-11-17 04:00:00,2.800655127,0.13035328594899787
1133,2018-11-17 05:00:00,2.791265249,0.9022924318143997
1134,2018-11-17 06:00:00,2.771992922,0.7702201297696716
1135,2018-11-17 07:00:00,2.754449844,0.4647823351900292
1136,2018-11-17 08:00:00,2.73643899,0.14852860009753743
1137,2018-11-17 09:00:00,2.740632057,0.8093715024260709
1138,2018-11-17 10:00:00,2.745110989,0.25470076523995633
1139,2018-11-17 11:00:00,2.749696016,0.4170499132452615
1140,2018-11-17 12:00:00,2.756307125,0.9285839831803553
1141,2018-11-17 13:00:00,2.763063669,0.8466573173846901
1142,2018-11-17 14:00:00,2.769239187,0.4164512622027208
1143,2018-11-17 15:00:00,2.763290405,0.06280215213851459
1144,2018-11-17 16:00:00,2.725911856,0.4399748582038513
1145,2018-11-17 17:00:00,2.637107611,0.995118429206101
1146,2018-11-17 18:00:00,2.505873919,0.3468128725491275
1147,2018-11-17 19:00:00,2.190471172,0.12973540604109746
1148,2018-11-17 20:00:00,1.356849194,0.1487956920114879
1149,2018-11-17 21:00:00,0.625582933,0.27395505380951535
1150,2018-11-17 22:00:00,0.172947228,0.9039481457493621
1151,2018-11-17 23:00:00,0.08538603,0.7310697119847378
1152,2018-11-18 00:00:00,0.020402513,0.3248834361437557
1153,2018-11-18 01:00:00,0.0,0.11864477678235552
1154,2018-11-18 02:00:00,0.0,0.05471315775767105
1155,2018-11-18 03:00:00,0.0,0.014582018364914129
1156,2018-11-18 04:00:00,0.0,0.7212644041986779
1157,2018-11-18 05:00:00,0.0,0.9128662699260206
1158,2018-11-18 06:00:00,0.0,0.6014255071562526
1159,2018-11-18 07:00:00,0.0,0.6201625906214936
1160,2018-11-18 08:00:00,0.0,0.5470093028141735
1161,2018-11-18 09:00:00,0.0,0.7010260716961961
1162,2018-11-18 10:00:00,0.0,0.4681406016563875
1163,2018-11-18 11:00:00,0.0,0.7231899526653447
1164,2018-11-18 12:00:00,0.0,0.134983950541813
1165,2018-11-18 13:00:00,0.0,0.9073483265301914
1166,2018-11-18 14:00:00,0.0,0.6298914786237412
1167,2018-11-18 15:00:00,0.0,0.16322994857582762
1168,2018-11-18 16:00:00,0.0,0.3753818224883665
1169,2018-11-18 17:00:00,0.0,0.7305675167735625
1170,2018-11-18 18:00:00,0.0,0.3529253972491534
1171,2018-11-18 19:00:00,0.0,0.0668930118171085
1172,2018-11-18 20:00:00,0.0,0.6192964163865037
1173,2018-11-18 21:00:00,0.0,0.1764763389020122
1174,2018-11-18 22:00:00,0.0,0.8073954212873616
1175,2018-11-18 23:00:00,0.0,0.35958675303937737
1176,2018-11-19 00:00:00,0.0,0.299643319613891
1177,2018-11-19 01:00:00,0.0,0.1323952175960018
1178,2018-11-19 02:00:00,0.0,0.801482087446384
1179,2018-11-19 03:00:00,0.0,0.8208724074379002
1180,2018-11-19 04:00:00,0.0,0.6934825588229425
1181,2018-11-19 05:00:00,0.0,0.5111318383599562
1182,2018-11-19 06:00:00,0.0,0.37507992782167887
1183,2018-11-19 07:00:00,0.0,0.06175133922690612
1184,2018-11-19 08:00:00,0.0,0.5134762013879023
1185,2018-11-19 09:00:00,0.0,0.34932749863890444
1186,2018-11-19 10:00:00,0.0,0.2957697745789878
1187,2018-11-19 11:00:00,0.0,0.0027507654145636495
1188,2018-11-19 12:00:00,0.0,0.620079791729334
1189,2018-11-19 13:00:00,0.0,0.06452421345469839
1190,2018-11-19 14:00:00,0.0,0.6791693795722915
1191,2018-11-19 15:00:00,0.0,0.7904768373680794
1192,2018-11-19 16:00:00,0.0,0.3524545756838948
1193,2018-11-19 17:00:00,0.0,0.23957863756003228
1194,2018-11-19 18:00:00,0.0,0.31500705507064664
1195,2018-11-19 19:00:00,0.0,0.19170747240943564
1196,2018-11-19 20:00:00,0.0,0.3254167168202976
1197,2018-11-19 21:00:00,0.0,0.27620702695058996
1198,2018-11-19 22:00:00,0.0,0.7932762222810797
1199,2018-11-19 23:00:00,0.0,0.6238736582514306
1200,2018-11-20 00:00:00,0.0,0.7806054908346409
1201,2018-11-20 01:00:00,0.0,0.4605689236483449
1202,2018-11-20 02:00:00,0.0,0.9372946622283572
1203,2018-11-20 03:00:00,0.0,0.721270199258162
1204,2018-11-20 04:00:00,0.0,0.9392376257690201
1205,2018-11-20 05:00:00,0.0,0.8048067285428413
1206,2018-11-20 06:00:00,0.0,0.8575382810981766
1207,2018-11-20 07:00:00,0.0,0.7774361674094963
1208,2018-11-20 08:00:00,0.0,0.9597904901427906
1209,2018-11-20 09:00:00,0.0,0.9677850695111755
1210,2018-11-20 10:00:00,0.0,0.08909011618065532
1211,2018-11-20 11:00:00,0.0,0.49772151117117747
1212,2018-11-20 12:00:00,0.0,0.5470618513504967
1213,2018-11-20 13:00:00,0.0,0.11221925969602853
1214,2018-11-20 14:00:00,0.0,0.6881268140353781
1215,2018-11-20 15:00:00,0.0,0.8198061972597355
1216,2018-11-20 16:00:00,0.0,0.7281289337987052
1217,2018-11-20 17:00:00,0.0,0.32867042174114236
1218,2018-11-20 18:00:00,0.0,0.6064724540892568
1219,2018-11-20 19:00:00,0.0,0.21473614598476864
1220,2018-11-20 20:00:00,0.0,0.6360758346508155
1221,2018-11-20 21:00:00,0.0,0.18076633123630292
1222,2018-11-20 22:00:00,0.0,0.08205574618737954
1223,2018-11-20 23:00:00,0.0,0.42712479882356724
1224,2018-11-21 00:00:00,0.0,0.28186768146346064
1225,2018-11-21 01:00:00,0.0,0.4743445116759748
1226,2018-11-21 02:00:00,0.0,0.8554290048110303
1227,2018-11-21 03:00:00,0.0,0.2292837168391887
1228,2018-11-21 04:00:00,0.0,0.44494094766468917
1229,2018-11-21 05:00:00,0.0,0.41164659575470386
1230,2018-11-21 06:00:00,0.0,0.08882806450346303
1231,2018-11-21 07:00:00,0.0,0.19599973786690816
1232,2018-11-21 08:00:00,0.0,0.1396212510913084
1233,2018-11-21 09:00:00,0.0,0.5146693916994715
1234,2018-11-21 10:00:00,0.0,0.08649494715749706
1235,2018-11-21 11:00:00,0.0,0.6623534223024741
1236,2018-11-21 12:00:00,0.0,0.7334402600366896
1237,2018-11-21 13:00:00,0.0,0.3609409194501423
1238,2018-11-21 14:00:00,0.0,0.7539125802471932
1239,2018-11-21 15:00:00,0.0,0.9754394480426372
1240,2018-11-21 16:00:00,0.0,0.21971884304537626
1241,2018-11-21 17:00:00,0.0,0.9982254601787114
1242,2018-11-21 18:00:00,0.0,0.08829863302511776
1243,2018-11-21 19:00:00,0.0,0.6640298201367789
1244,2018-11-21 20:00:00,0.0,0.3236825697774207
1245,2018-11-21 21:00:00,0.0,0.5270731655915901
1246,2018-11-21 22:00:00,0.0,0.5893872944501314
1247,2018-11-21 23:00:00,0.0,0.32909884318659244
1248,2018-11-22 00:00:00,0.0,0.6608937201816109
1249,2018-11-22 01:00:00,0.0,0.46237432798138656
1250,2018-11-22 02:00:00,0.0,0.7121605737282639
1251,2018-11-22 03:00:00,0.0,0.07322175753862148
1252,2018-11-22 04:00:00,0.0,0.4348911076410037
1253,2018-11-22 05:00:00,0.0,0.5881219734126373
1254,2018-11-22 06:00:00,0.0,0.4436540784808466
1255,2018-11-22 07:00:00,0.0,0.2924025235204025
1256,2018-11-22 08:00:00,0.0,0.61407611819516
1257,2018-11-22 09:00:00,0.0,0.7729394979215227
1258,2018-11-22 10:00:00,0.0,0.10113195889637261
1259,2018-11-22 11:00:00,0.0,0.6214919066164917
1260,2018-11-22 12:00:00,0.0,0.7837010097841922
1261,2018-11-22 13:00:00,0.0,0.4096967760027205
1262,2018-11-22 14:00:00,0.0,0.7518786768516386
1263,2018-11-22 15:00:00,0.0,0.7046115243273915
1264,2018-11-22 16:00:00,0.0,0.7084233785024123
1265,2018-11-22 17:00:00,0.0,0.33980901305334466
1266,2018-11-22 18:00:00,0.0,0.17498986500729385
1267,2018-11-22 19:00:00,0.0,0.452144225190662
1268,2018-11-22 20:00:00,0.0,0.8431610899434814
1269,2018-11-22 21:00:00,0.0,0.8590566321818544
1270,2018-11-22 22:00:00,0.0,0.7929978064353687
1271,2018-11-22 23:00:00,0.0,0.5208692366969275
1272,2018-11-23 00:00:00,0.0,0.4998778444740498
1273,2018-11-23 01:00:00,2.681058168,0.2783922175948105
1274,2018-11-23 02:00:00,3.01385808,0.4797591808765218
1275,2018-11-23 03:00:00,3.398957253,0.3537042239609076
1276,2018-11-23 04:00:00,3.708680391,0.18028875544356127
1277,2018-11-23 05:00:00,3.911375523,0.2078428901295838
1278,2018-11-23 06:00:00,4.064439774,0.7197556569549379
1279,2018-11-23 07:00:00,4.201934814,0.031479003863363775
1280,2018-11-23 08:00:00,4.297886372,0.6451405450124812
1281,2018-11-23 09:00:00,4.369035721,0.3814988197782534
1282,2018-11-23 10:00:00,5.755278587,0.9329565395142267
1283,2018-11-23 11:00:00,5.960105419,0.038447289135050466
1284,2018-11-23 12:00:00,7.462414742,0.09159767871616353
1285,2018-11-23 13:00:00,7.783494473,0.10516846310262207
1286,2018-11-23 14:00:00,8.00561142,0.5482749843864619
1287,2018-11-23 15:00:00,8.194108963,0.40518121618128067
1288,2018-11-23 16:00:00,11.433514595,0.19126039543149098
1289,2018-11-23 17:00:00,11.810800552,0.43244358999909294
1290,2018-11-23 18:00:00,12.223535538,0.939821351831582
1291,2018-11-23 19:00:00,12.67952919,0.46576788134407454
1292,2018-11-23 20:00:00,13.007453918,0.7324651688736377
1293,2018-11-23 21:00:00,13.255378723,0.008000519436137332
1294,2018-11-23 22:00:00,13.369560242,0.6903662972894158
1295,2018-11-23 23:00:00,13.434244156,0.3896623426516408
1296,2018-11-24 00:00:00,13.446722031,0.5534988767780405
1297,2018-11-24 01:00:00,13.45999527,0.056560630862866446
1298,2018-11-24 02:00:00,13.480825424,0.6416848188130525
1299,2018-11-24 03:00:00,13.500396729,0.8396767391123062
1300,2018-11-24 04:00:00,13.519165039,0.018829360236911064
1301,2018-11-24 05:00:00,13.541049957,0.6740764955548223
1302,2018-11-24 06:00:00,13.55381012,0.856861024837052
1303,2018-11-24 07:00:00,13.578791618,0.24243705962968298
1304,2018-11-24 08:00:00,13.608125687,0.7774650969518815
1305,2018-11-24 09:00:00,13.640771866,0.9654028862794095
1306,2018-11-24 10:00:00,13.662401199,0.9156027221219621
1307,2018-11-24 11:00:00,13.682596207,0.22464917573885146
1308,2018-11-24 12:00:00,13.703714371,0.11544172089000537
1309,2018-11-24 13:00:00,13.72149086,0.8221975444307197
1310,2018-11-24 14:00:00,13.739733696,0.5559398219003021
1311,2018-11-24 15:00:00,13.748839378,0.953839221231215
1312,2018-11-24 16:00:00,13.748747826,0.6908545416945294
1313,2018-11-24 17:00:00,13.846306801,0.9718919110698994
1314,2018-11-24 18:00:00,13.847530365,0.7543302360065163
1315,2018-11-24 19:00:00,13.86707592,0.6896323942098387
1316,2018-11-24 20:00:00,13.852542877,0.3879527072833725
1317,2018-11-24 21:00:00,13.826030731,0.6933067013889624
1318,2018-11-24 22:00:00,13.800960541,0.9296389057041082
1319,2018-11-24 23:00:00,13.898992538,0.5977038695778212
1320,2018-11-25 00:00:00,14.142839432,0.5194578984280921
1321,2018-11-25 01:00:00,14.18820858,0.7747369289519037
1322,2018-11-25 02:00:00,14.550410271,0.7486643951451256
1323,2018-11-25 03:00:00,14.646755219,0.38871653802394535
1324,2018-11-25 04:00:00,14.717197418,0.47731772083600976
1325,2018-11-25 05:00:00,14.752893448,0.3116326332968369
1326,2018-11-25 06:00:00,14.782087326,0.47008651388896927
1327,2018-11-25 07:00:00,14.806019783,0.20560389095255183
1328,2018-11-25 08:00:00,14.824993134,0.8331629133652219
1329,2018-11-25 09:00:00,14.841412544,0.29412422407340244
1330,2018-11-25 10:00:00,14.850091934,0.8053889998275844
1331,2018-11-25 11:00:00,14.852232933,0.384297028121532
1332,2018-11-25 12:00:00,14.852783203,0.10234625750933657
1333,2018-11-25 13:00:00,14.850631714,0.3160088961827532
1334,2018-11-25 14:00:00,14.846639633,0.16454431690129545
1335,2018-11-25 15:00:00,14.83460331,0.8426318741130059
1336,2018-11-25 16:00:00,14.816104889,0.9504167577446646
1337,2018-11-25 17:00:00,14.784005165,0.5701069638555613
1338,2018-11-25 18:00:00,14.737335205,0.8238383397024587
1339,2018-11-25 19:00:00,14.68315506,0.671903237209273
1340,2018-11-25 20:00:00,14.605390549,0.9902408730906167
1341,2018-11-25 21:00:00,14.518693924,0.9500914200581083
1342,2018-11-25 22:00:00,14.445494652,0.295153062327177
1343,2018-11-25 23:00:00,14.434537888,0.3023101938469378
1344,2018-11-26 00:00:00,14.427236557,0.9781527465938483
1345,2018-11-26 01:00:00,14.43163681,0.8772293864272419
1346,2018-11-26 02:00:00,14.433046341,0.11268301529509894
1347,2018-11-26 03:00:00,14.433759689,0.9572828219507841
1348,2018-11-26 04:00:00,14.432312012,0.5762285119780266
1349,2018-11-26 05:00:00,14.431148529,0.7473132152341698
1350,2018-11-26 06:00:00,14.429526329,0.8865159005265633
1351,2018-11-26 07:00:00,14.426905632,0.36897721542347284
1352,2018-11-26 08:00:00,14.425434113,0.70336253967068
1353,2018-11-26 09:00:00,14.419559479,0.03377172025035202
1354,2018-11-26 10:00:00,14.400699615,0.8666607941705378
1355,2018-11-26 11:00:00,14.378957748,0.04086235907913527
1356,2018-11-26 12:00:00,14.354516029,0.6647933266045278
1357,2018-11-26 13:00:00,14.33866024,0.24115188103305107
1358,2018-11-26 14:00:00,14.32057476,0.7562228481354423
1359,2018-11-26 15:00:00,14.293321609,0.6643642322225692
1360,2018-11-26 16:00:00,14.257265091,0.08931517451554338
1361,2018-11-26 17:00:00,14.201020241,0.2956917050807014
1362,2018-11-26 18:00:00,14.132598877,0.9209937671510824
1363,2018-11-26 19:00:00,14.05376339,0.3758794182968358
1364,2018-11-26 20:00:00,13.966317177,0.3257467282462445
1365,2018-11-26 21:00:00,13.881206512,0.2823490678001782
1366,2018-11-26 22:00:00,13.80095768,0.8971666764420648
1367,2018-11-26 23:00:00,13.775952339,0.7946175465687243
1368,2018-11-27 00:00:00,13.755300522,0.585121386593097
1369,2018-11-27 01:00:00,13.737980843,0.9655230172459623
1370,2018-11-27 02:00:00,13.722623825,0.8005595501337329
1371,2018-11-27 03:00:00,13.707660675,0.5054217436493217
1372,2018-11-27 04:00:00,13.692030907,0.9968563038457514
1373,2018-11-27 05:00:00,13.690835953,0.6789604999167175
1374,2018-11-27 06:00:00,13.692466736,0.6103643436474833
1375,2018-11-27 07:00:00,13.69461441,0.3351677971453185
1376,2018-11-27 08:00:00,13.698072433,0.9104951267498271
1377,2018-11-27 09:00:00,13.699224472,0.860375610278351
1378,2018-11-27 10:00:00,13.703330994,0.563988848852845
1379,2018-11-27 11:00:00,13.705006599,0.0663351056499697
1380,2018-11-27 12:00:00,13.695221901,0.801528773776501
1381,2018-11-27 13:00:00,13.690563202,0.7174473331973521
1382,2018-11-27 14:00:00,13.689403534,0.1719495493641543
1383,2018-11-27 15:00:00,13.669407845,0.33319477145777054
1384,2018-11-27 16:00:00,13.631083488,0.1356561152163146
1385,2018-11-27 17:00:00,13.56174469,0.8579535949091073
1386,2018-11-27 18:00:00,13.46312809,0.6695282919243473
1387,2018-11-27 19:00:00,13.346096992,0.6220644184217148
1388,2018-11-27 20:00:00,13.058635712,0.4401457289952876
1389,2018-11-27 21:00:00,12.725601196,0.9186617949266472
1390,2018-11-27 22:00:00,12.511106491,0.7085777718624603
1391,2018-11-27 23:00:00,12.333081245,0.7848940601419634
1392,2018-11-28 00:00:00,12.177721024,0.5592274285625667
1393,2018-11-28 01:00:00,12.04611969,0.2863330917133373
1394,2018-11-28 02:00:00,11.927919388,0.15597827474601245
1395,2018-11-28 03:00:00,11.823502541,0.5188280060391527
1396,2018-11-28 04:00:00,11.732275963,0.7412407263600788
1397,2018-11-28 05:00:00,11.658200264,0.6970360484050142
1398,2018-11-28 06:00:00,11.596745491,0.818543727670338
1399,2018-11-28 07:00:00,11.551119804,0.45017141372800706
1400,2018-11-28 08:00:00,11.51871109,0.3283507322943696
1401,2018-11-28 09:00:00,11.488001823,0.34208778488949854
1402,2018-11-28 10:00:00,11.469999313,0.5684784401544262
1403,2018-11-28 11:00:00,11.470462799,0.9485244908968723
1404,2018-11-28 12:00:00,11.478326797,0.5673072935728066
1405,2018-11-28 13:00:00,11.485719681,0.9980604944310641
1406,2018-11-28 14:00:00,11.492408752,0.39286965691974207
1407,2018-11-28 15:00:00,11.488729477,0.18998798524265958
1408,2018-11-28 16:00:00,11.524171829,0.14145062255334828
1409,2018-11-28 17:00:00,11.549794197,0.8996378618124434
1410,2018-11-28 18:00:00,11.557817459,0.29169804250465436
1411,2018-11-28 19:00:00,11.587457657,0.37031791569330985
1412,2018-11-28 20:00:00,11.451303482,0.8205364618799564
1413,2018-11-28 21:00:00,11.035833359,0.7420297187865558
1414,2018-11-28 22:00:00,10.700723648,0.43740119782881504
1415,2018-11-28 23:00:00,10.394096375,0.8554400446049027
1416,2018-11-29 00:00:00,10.135314941,0.42151913169372646
1417,2018-11-29 01:00:00,9.915624619,0.32449496254875687
1418,2018-11-29 02:00:00,9.749368668,0.3933696627288942
1419,2018-11-29 03:00:00,9.6151371,0.32238486367273467
1420,2018-11-29 04:00:00,9.504407883,0.6732317916716408
1421,2018-11-29 05:00:00,9.530615807,0.9685031379179203
1422,2018-11-29 06:00:00,9.577324867,0.9175782463108747
1423,2018-11-29 07:00:00,9.69619751,0.8119488742152714
1424,2018-11-29 08:00:00,9.673847198,0.4796012211470755
1425,2018-11-29 09:00:00,9.665618896,0.6804419153047435
1426,2018-11-29 10:00:00,9.656208038,0.9280831158436411
1427,2018-11-29 11:00:00,9.756345749,0.6425077223168454
1428,2018-11-29 12:00:00,9.867927551,0.23912517206218786
1429,2018-11-29 13:00:00,9.881302834,0.9701227600557738
1430,2018-11-29 14:00:00,9.908761024,0.7375033934116328
1431,2018-11-29 15:00:00,9.920919418,0.8218972719492922
1432,2018-11-29 16:00:00,9.91443634,0.5015882303453444
1433,2018-11-29 17:00:00,9.924142838,0.4489595251237063
1434,2018-11-29 18:00:00,9.959826469,0.6344841880233432
1435,2018-11-29 19:00:00,9.925546646,0.4085740570839884
1436,2018-11-29 20:00:00,9.823328972,0.7030449983996367
1437,2018-11-29 21:00:00,9.630775452,0.23427124708789016
1438,2018-11-29 22:00:00,9.492720604,0.38787849342401703
1439,2018-11-29 23:00:00,9.373147964,0.15418407323075645
1440,2018-11-30 00:00:00,9.287382126,0.4016776397389311
1441,2018-11-30 01:00:00,9.215367317,0.3514878069140196
1442,2018-11-30 02:00:00,9.1536026,0.813164457146518
1443,2018-11-30 03:00:00,9.098575592,0.39579837919040506
1444,2018-11-30 04:00:00,9.050922394,0.7021153414279825
1445,2018-11-30 05:00:00,9.01448822,0.0004427490397473921
1446,2018-11-30 06:00:00,8.985650063,0.17574548048966865
1447,2018-11-30 07:00:00,8.968611717,0.5098196427732951
1448,2018-11-30 08:00:00,8.958093643,0.8854020494116478
1449,2018-11-30 09:00:00,8.954763412,0.72546707015053
1450,2018-11-30 10:00:00,8.952694893,0.26706761135898827
1451,2018-11-30 11:00:00,8.953027725,0.820869462166605
1452,2018-11-30 12:00:00,8.953733444,0.6725189583465107
1453,2018-11-30 13:00:00,8.959917068,0.6706795731127092
1454,2018-11-30 14:00:00,9.128005028,0.6292896529517347
1455,2018-11-30 15:00:00,9.141397476,0.6382538777552687
1456,2018-11-30 16:00:00,9.319570541,0.0849325881881019
1457,2018-11-30 17:00:00,9.44735527,0.7072014809071232
1458,2018-11-30 18:00:00,9.638425827,0.8814019595645549
1459,2018-11-30 19:00:00,9.840497017,0.6059308160817547
1460,2018-11-30 20:00:00,9.936225891,0.6315405824878578
1461,2018-11-30 21:00:00,10.096841812,0.5837464340037195
1462,2018-11-30 22:00:00,10.174436569,0.3739978457581712
1463,2018-11-30 23:00:00,10.781992912,0.6246286939304171
1464,2018-12-01 00:00:00,11.294879913,0.45610804053426857
1465,2018-12-01 01:00:00,11.452562332,0.1391960290230997
1466,2018-12-01 02:00:00,11.555571556,0.3595261941255753
1467,2018-12-01 03:00:00,11.711790085,0.9227773245175923
1468,2018-12-01 04:00:00,11.780212402,0.3204561552961205
1469,2018-12-01 05:00:00,11.851928711,0.41839450222036667
1470,2018-12-01 06:00:00,11.905546188,0.5344148243791069
1471,2018-12-01 07:00:00,11.945943832,0.4500364893162605
1472,2018-12-01 08:00:00,11.970432281,0.5426383682921938
1473,2018-12-01 09:00:00,12.341991425,0.10705548508636875
1474,2018-12-01 10:00:00,14.988164902,0.7453127350037034
1475,2018-12-01 11:00:00,16.851680756,0.3384178590019056
1476,2018-12-01 12:00:00,17.603973389,0.1475139802955111
1477,2018-12-01 13:00:00,19.669485092,0.902906173852077
1478,2018-12-01 14:00:00,20.315301895,0.9893717178782385
1479,2018-12-01 15:00:00,21.262636185,0.7689292444441036
1480,2018-12-01 16:00:00,21.628408432,0.679527284624516
1481,2018-12-01 17:00:00,21.934692383,0.5642075660631165
1482,2018-12-01 18:00:00,22.134132385,0.9289867058248984
1483,2018-12-01 19:00:00,22.341115952,0.6014392635756459
1484,2018-12-01 20:00:00,22.553834915,0.9718464653988745
1485,2018-12-01 21:00:00,22.689857483,0.49096872595961594
1486,2018-12-01 22:00:00,22.773187637,0.19720571426341738
1487,2018-12-01 23:00:00,22.786844254,0.7350131266498348
1488,2018-12-02 00:00:00,22.800842285,0.25711308006708833
1489,2018-12-02 01:00:00,22.812217712,0.14705438128063097
1490,2018-12-02 02:00:00,22.821784973,0.7610710221033817
1491,2018-12-02 03:00:00,22.830499649,0.7354992022322527
1492,2018-12-02 04:00:00,22.840662003,0.34505799084798094
1493,2018-12-02 05:00:00,22.850744247,0.43684728385681826
1494,2018-12-02 06:00:00,22.86026001,0.0958397738789688
1495,2018-12-02 07:00:00,22.869710922,0.9467714632289597
1496,2018-12-02 08:00:00,22.876436234,0.8962445575069459
1497,2018-12-02 09:00:00,22.882263184,0.43192049816354017
1498,2018-12-02 10:00:00,22.88756752,0.015679523099039083
1499,2018-12-02 11:00:00,22.892055511,0.674147883161408
1500,2018-12-02 12:00:00,22.904056549,0.1770562767307189
1501,2018-12-02 13:00:00,22.913713455,0.5752742958887258
1502,2018-12-02 14:00:00,22.922527313,0.8261469594063945
1503,2018-12-02 15:00:00,22.927898407,0.4536802843764757
1504,2018-12-02 16:00:00,22.93230629,0.8907146398162036
1505,2018-12-02 17:00:00,22.920318604,0.929644699134875
1506,2018-12-02 18:00:00,22.881885529,0.8588606538620074
1507,2018-12-02 19:00:00,22.847255707,0.6008202410143434
1508,2018-12-02 20:00:00,22.815431595,0.7199448772922249
1509,2018-12-02 21:00:00,23.044927597,0.2082505872691739
1510,2018-12-02 22:00:00,24.396137238,0.11615792751695975
1511,2018-12-02 23:00:00,24.922660828,0.43564059108833597
1512,2018-12-03 00:00:00,25.020698547,0.5262874760859517
1513,2018-12-03 01:00:00,25.142522812,0.8300851927161174
1514,2018-12-03 02:00:00,25.391040802,0.43623340836005775
1515,2018-12-03 03:00:00,25.574668884,0.14001495006017395
1516,2018-12-03 04:00:00,25.62333107,0.10259155220443705
1517,2018-12-03 05:00:00,25.677085876,0.5220673626051882
1518,2018-12-03 06:00:00,25.722269058,0.4224963056496709
1519,2018-12-03 07:00:00,25.877264023,0.9759644446792197
1520,2018-12-03 08:00:00,25.915088654,0.29620880144937833
1521,2018-12-03 09:00:00,25.964431763,0.6399359364315822
1522,2018-12-03 10:00:00,26.107585907,0.9487384608329639
1523,2018-12-03 11:00:00,26.166570663,0.27489693117536596
1524,2018-12-03 12:00:00,26.242980957,0.43946052300093374
1525,2018-12-03 13:00:00,26.324886322,0.07080028206941869
1526,2018-12-03 14:00:00,26.387392044,0.6241621496408997
1527,2018-12-03 15:00:00,26.421180725,0.5969269590373087
1528,2018-12-03 16:00:00,26.445047379,0.6523244439586772
1529,2018-12-03 17:00:00,26.457201004,0.516941606176594
1530,2018-12-03 18:00:00,26.450828552,0.07774623391253865
1531,2018-12-03 19:00:00,26.476425171,0.021971727510084138
1532,2018-12-03 20:00:00,26.5650177,0.07678910846895393
1533,2018-12-03 21:00:00,26.623447418,0.10155405906816517
1534,2018-12-03 22:00:00,26.680624008,0.7237630774651395
1535,2018-12-03 23:00:00,26.692462921,0.5190252732825902
1536,2018-12-04 00:00:00,26.705989838,0.06256976212267029
1537,2018-12-04 01:00:00,26.718559265,0.2866381881269806
1538,2018-12-04 02:00:00,26.73141098,0.8016119225301839
1539,2018-12-04 03:00:00,26.744434357,0.02370524626976256
1540,2018-12-04 04:00:00,26.757619858,0.14523458294159608
1541,2018-12-04 05:00:00,26.769481659,0.6867349917565877
1542,2018-12-04 06:00:00,26.780263901,0.824346663700226
1543,2018-12-04 07:00:00,26.791173935,0.21508327866554533
1544,2018-12-04 08:00:00,26.801498413,0.21930887594760284
1545,2018-12-04 09:00:00,26.810352325,0.4324790056469816
1546,2018-12-04 10:00:00,26.817813873,0.5377324778765917
1547,2018-12-04 11:00:00,26.824119568,0.6038942393048143
1548,2018-12-04 12:00:00,26.830654144,0.5624892976822066
1549,2018-12-04 13:00:00,26.83763504,0.33680006716813227
1550,2018-12-04 14:00:00,26.841974258,0.6969302774068452
1551,2018-12-04 15:00:00,26.84085083,0.29639907981667013
1552,2018-12-04 16:00:00,26.830783844,0.7683296195298362
1553,2018-12-04 17:00:00,26.813430786,0.7780201954090011
1554,2018-12-04 18:00:00,26.786384583,0.8827536161489525
1555,2018-12-04 19:00:00,26.753921509,0.38320433978788415
1556,2018-12-04 20:00:00,26.707399368,0.3467744594324086
1557,2018-12-04 21:00:00,26.659708023,0.1694796843250821
1558,2018-12-04 22:00:00,26.648630142,0.8537504605104376
1559,2018-12-04 23:00:00,26.634162903,0.04310973938849094
1560,2018-12-05 00:00:00,26.620895386,0.39603969580599696
1561,2018-12-05 01:00:00,26.619445801,0.04303478158548246
1562,2018-12-05 02:00:00,26.62197113,0.19466678759532385
1563,2018-12-05 03:00:00,26.623340607,0.07586656240455347
1564,2018-12-05 04:00:00,26.623067856,0.11175530236780529
1565,2018-12-05 05:00:00,26.619913101,0.205173639483212
1566,2018-12-05 06:00:00,26.615726471,0.44039438377852835
1567,2018-12-05 07:00:00,26.618581772,0.02687949146376334
1568,2018-12-05 08:00:00,26.623287201,0.47015715968740535
1569,2018-12-05 09:00:00,26.630748749,0.8705384079910089
1570,2018-12-05 10:00:00,26.640888214,0.7589721404513002
1571,2018-12-05 11:00:00,26.650899887,0.7422743242673657
1572,2018-12-05 12:00:00,26.663227081,0.5011536736732449
1573,2018-12-05 13:00:00,26.673583984,0.09338214975944104
1574,2018-12-05 14:00:00,26.680418015,0.22079480729532464
1575,2018-12-05 15:00:00,26.677764893,0.973847789843772
1576,2018-12-05 16:00:00,26.658079147,0.6634908302032274
1577,2018-12-05 17:00:00,26.616886139,0.4264812395712374
1578,2018-12-05 18:00:00,26.547409058,0.5136994615667295
1579,2018-12-05 19:00:00,27.509353638,0.2861517630558065
1580,2018-12-05 20:00:00,28.222145081,0.09814436456752862
1581,2018-12-05 21:00:00,28.982749939,0.05507591243314469
1582,2018-12-05 22:00:00,29.883543015,0.6207691683728447
1583,2018-12-05 23:00:00,29.939407349,0.28169651268604523
1584,2018-12-06 00:00:00,29.995679855,0.5748118868086349
1585,2018-12-06 01:00:00,30.051330566,0.5479050351470341
1586,2018-12-06 02:00:00,30.114688873,0.6779696105951687
1587,2018-12-06 03:00:00,30.16736412,0.550718465215764
1588,2018-12-06 04:00:00,30.218196869,0.6411748487123388
1589,2018-12-06 05:00:00,30.273569107,0.7645986100911091
1590,2018-12-06 06:00:00,30.341594696,0.40949677019370556
1591,2018-12-06 07:00:00,30.411407471,0.8849799886792211
1592,2018-12-06 08:00:00,30.475774765,0.5495345694571065
1593,2018-12-06 09:00:00,30.540693283,0.1252299187440694
1594,2018-12-06 10:00:00,30.604438782,0.21579706701267198
1595,2018-12-06 11:00:00,30.657299042,0.4075944074624218
1596,2018-12-06 12:00:00,30.693981171,0.6525642761155164
1597,2018-12-06 13:00:00,30.728078842,0.5265873822689842
1598,2018-12-06 14:00:00,30.7611866,0.5959237083814828
1599,2018-12-06 15:00:00,30.778367996,0.4397226070936807
1600,2018-12-06 16:00:00,30.778490067,0.8559385150255716
1601,2018-12-06 17:00:00,30.78036499,0.37703891835946235
1602,2018-12-06 18:00:00,30.785684586,0.3621625148553348
1603,2018-12-06 19:00:00,30.790565491,0.4345243579764342
1604,2018-12-06 20:00:00,30.789365768,0.024147612522325335
1605,2018-12-06 21:00:00,30.757164001,0.6120941968459516
1606,2018-12-06 22:00:00,30.793977737,0.23605372862769447
1607,2018-12-06 23:00:00,30.801736832,0.05154180910918871
1608,2018-12-07 00:00:00,30.811788559,0.22675941502665187
1609,2018-12-07 01:00:00,31.080909729,0.431743805986041
1610,2018-12-07 02:00:00,31.104017258,0.6280361420728482
1611,2018-12-07 03:00:00,31.131681442,0.691619189157789
1612,2018-12-07 04:00:00,31.148540497,0.15674960529546667
1613,2018-12-07 05:00:00,31.160861969,0.34530704462210615
1614,2018-12-07 06:00:00,31.173099518,0.9756910927059539
1615,2018-12-07 07:00:00,31.18705368,0.17682993324816643
1616,2018-12-07 08:00:00,31.199989319,0.3781482900462504
1617,2018-12-07 09:00:00,31.214065552,0.6178759852348631
1618,2018-12-07 10:00:00,31.226156235,0.35589149076088533
1619,2018-12-07 11:00:00,31.247552872,0.16270070760526845
1620,2018-12-07 12:00:00,31.273521423,0.18383758158072638
1621,2018-12-07 13:00:00,31.299316406,0.1121360053242827
1622,2018-12-07 14:00:00,31.321556091,0.7929275044010794
1623,2018-12-07 15:00:00,31.331533432,0.2612965940513935
1624,2018-12-07 16:00:00,31.328008652,0.03551768345332518
1625,2018-12-07 17:00:00,31.310838699,0.25915874830020313
1626,2018-12-07 18:00:00,31.278324127,0.5406536925367796
1627,2018-12-07 19:00:00,31.246084213,0.31420423503795014
1628,2018-12-07 20:00:00,31.191812515,0.9769956554330795
1629,2018-12-07 21:00:00,31.276172638,0.5801349349326992
1630,2018-12-07 22:00:00,31.338443756,0.6185975155041923
1631,2018-12-07 23:00:00,31.353954315,0.07996887669345676
1632,2018-12-08 00:00:00,31.367635727,0.15010496485715397
1633,2018-12-08 01:00:00,31.379724503,0.01383940091012692
1634,2018-12-08 02:00:00,31.387878418,0.6395089757579683
1635,2018-12-08 03:00:00,31.399585724,0.855815210027692
1636,2018-12-08 04:00:00,31.411922455,0.8870004860679891
1637,2018-12-08 05:00:00,31.424821854,0.521064752747027
1638,2018-12-08 06:00:00,31.438264847,0.02931234745944522
1639,2018-12-08 07:00:00,31.451400757,0.11013643655081073
1640,2018-12-08 08:00:00,31.465734482,0.012070191568143596
1641,2018-12-08 09:00:00,31.479602814,0.17365012685021408
1642,2018-12-08 10:00:00,31.492073059,0.0913401830927324
1643,2018-12-08 11:00:00,31.504056931,0.6558252725401426
1644,2018-12-08 12:00:00,31.516666412,0.14071378610045682
1645,2018-12-08 13:00:00,31.529026031,0.5652344384538035
1646,2018-12-08 14:00:00,31.545137405,0.39653260212305663
1647,2018-12-08 15:00:00,31.553630829,0.9245530750233316
1648,2018-12-08 16:00:00,31.550767899,0.43363796967573054
1649,2018-12-08 17:00:00,31.541629791,0.4946178256254017
1650,2018-12-08 18:00:00,31.518180847,0.8758047489164762
1651,2018-12-08 19:00:00,31.486364365,0.4920073884250883
1652,2018-12-08 20:00:00,31.432369232,0.18352533708422103
1653,2018-12-08 21:00:00,31.390155792,0.9198898674927207
1654,2018-12-08 22:00:00,31.395797729,0.9071822953824189
1655,2018-12-08 23:00:00,31.401220322,0.4109431982707169
1656,2018-12-09 00:00:00,31.400472641,0.9025932413766523
1657,2018-12-09 01:00:00,31.403385162,0.32318781856144785
1658,2018-12-09 02:00:00,31.404819489,0.7181627434553464
1659,2018-12-09 03:00:00,31.403589249,0.1397786802303813
1660,2018-12-09 04:00:00,31.397636414,0.61691353373159
1661,2018-12-09 05:00:00,31.390195847,0.19787097818746424
1662,2018-12-09 06:00:00,31.385183334,0.3357493540300469
1663,2018-12-09 07:00:00,31.387340546,0.47873934494723325
1664,2018-12-09 08:00:00,31.386859894,0.1638795058733057
1665,2018-12-09 09:00:00,31.386259079,0.21679832723073178
1666,2018-12-09 10:00:00,31.386077881,0.8343531896454509
1667,2018-12-09 11:00:00,31.382862091,0.4390749378472625
1668,2018-12-09 12:00:00,31.380699158,0.2554760742892327
1669,2018-12-09 13:00:00,31.377590179,0.9786348970006682
1670,2018-12-09 14:00:00,31.379022598,0.9612378742642713
1671,2018-12-09 15:00:00,31.37521553,0.7631860274470001
1672,2018-12-09 16:00:00,31.368112564,0.969583490130238
1673,2018-12-09 17:00:00,31.35602951,0.5594342858525373
1674,2018-12-09 18:00:00,31.332569122,0.8669941012161332
1675,2018-12-09 19:00:00,31.286693573,0.7888615279551913
1676,2018-12-09 20:00:00,31.23085022,0.3772169299293846
1677,2018-12-09 21:00:00,31.170396805,0.35648441609948855
1678,2018-12-09 22:00:00,31.16189003,0.1890100768175994
1679,2018-12-09 23:00:00,31.140501022,0.5039527804120557
1680,2018-12-10 00:00:00,31.110431671,0.9279350374320495
1681,2018-12-10 01:00:00,31.075378418,0.937095770212053
1682,2018-12-10 02:00:00,31.035758972,0.7954465569725532
1683,2018-12-10 03:00:00,30.992027283,0.5719308674199416
1684,2018-12-10 04:00:00,30.948394775,0.9124340495482987
1685,2018-12-10 05:00:00,30.905138016,0.7631202868215394
1686,2018-12-10 06:00:00,30.864093781,0.00500688269785543
1687,2018-12-10 07:00:00,30.819969177,0.8301988360491007
1688,2018-12-10 08:00:00,30.782743454,0.337866516749298
1689,2018-12-10 09:00:00,30.743782043,0.781416592508264
1690,2018-12-10 10:00:00,30.700675964,0.9697845126452629
1691,2018-12-10 11:00:00,30.658510208,0.18418622421410114
1692,2018-12-10 12:00:00,30.62061882,0.5996233283563916
1693,2018-12-10 13:00:00,30.584266663,0.93292344458586
1694,2018-12-10 14:00:00,30.548879623,0.039721689335454724
1695,2018-12-10 15:00:00,30.520969391,0.7955270320427572
1696,2018-12-10 16:00:00,30.477705002,0.8789294455393611
1697,2018-12-10 17:00:00,30.425174713,0.7191245662935566
1698,2018-12-10 18:00:00,30.32598877,0.835712109292947
1699,2018-12-10 19:00:00,30.189130783,0.9766954478035036
1700,2018-12-10 20:00:00,30.031377792,0.3078558381202825
1701,2018-12-10 21:00:00,29.880687714,0.024815083919750403
1702,2018-12-10 22:00:00,29.885976791,0.6596216878510357
1703,2018-12-10 23:00:00,29.88284874,0.6514642690243555
1704,2018-12-11 00:00:00,29.870864868,0.9438396219914362
1705,2018-12-11 01:00:00,29.854911804,0.7243944528219948
1706,2018-12-11 02:00:00,29.834030151,0.6519449467584933
1707,2018-12-11 03:00:00,29.799114227,0.5527222080491662
1708,2018-12-11 04:00:00,29.773435593,0.05486352604893219
1709,2018-12-11 05:00:00,29.770648956,0.06572933440958251
1710,2018-12-11 06:00:00,29.765790939,0.36135368142005597
1711,2018-12-11 07:00:00,29.757833481,0.6652513473866354
1712,2018-12-11 08:00:00,29.752809525,0.7020785644525207
1713,2018-12-11 09:00:00,29.747438431,0.2661070566569642
1714,2018-12-11 10:00:00,29.743240356,0.7704556965659052
1715,2018-12-11 11:00:00,29.741512299,0.979754789164827
1716,2018-12-11 12:00:00,29.74474144,0.23738852859092063
1717,2018-12-11 13:00:00,29.754285812,0.011098449697690138
1718,2018-12-11 14:00:00,29.767044067,0.7669663926757165
1719,2018-12-11 15:00:00,29.773086548,0.3271219730046607
1720,2018-12-11 16:00:00,29.76709938,0.4440388794650817
1721,2018-12-11 17:00:00,29.749118805,0.23538476131239772
1722,2018-12-11 18:00:00,29.713750839,0.2749914554207704
1723,2018-12-11 19:00:00,29.673036575,0.4733424778423645
1724,2018-12-11 20:00:00,29.624517441,0.8944546584370344
1725,2018-12-11 21:00:00,29.571321487,0.8239202796784251
1726,2018-12-11 22:00:00,29.56810379,0.4385019295648578
1727,2018-12-11 23:00:00,29.560976028,0.1307962704965019
1728,2018-12-12 00:00:00,29.549442291,0.7549362787534083
1729,2018-12-12 01:00:00,29.543577194,0.13664972144184562
1730,2018-12-12 02:00:00,29.534204483,0.8836189435810672
1731,2018-12-12 03:00:00,29.523597717,0.14758406061764495
1732,2018-12-12 04:00:00,29.508747101,0.22633939176777285
1733,2018-12-12 05:00:00,29.495185852,0.2783315332727544
1734,2018-12-12 06:00:00,29.492538452,0.3866976223421038
1735,2018-12-12 07:00:00,29.486549377,0.8723345859019982
1736,2018-12-12 08:00:00,29.483007431,0.042718490031658174
1737,2018-12-12 09:00:00,29.487731934,0.3863715497805885
1738,2018-12-12 10:00:00,29.496963501,0.6377032517363023
1739,2018-12-12 11:00:00,29.505662918,0.06510464124601434
1740,2018-12-12 12:00:00,29.514907837,0.0483230988461576
1741,2018-12-12 13:00:00,29.524589539,0.728794075026707
1742,2018-12-12 14:00:00,29.534955978,0.06955809447202388
1743,2018-12-12 15:00:00,29.539943695,0.8305784725013514
1744,2018-12-12 16:00:00,29.538415909,0.5126974170134797
1745,2018-12-12 17:00:00,29.534887314,0.37314031244097623
1746,2018-12-12 18:00:00,29.520030975,0.042470592840515686
1747,2018-12-12 19:00:00,29.487752914,0.40599763339537454
1748,2018-12-12 20:00:00,29.45554924,0.05608123289135758
1749,2018-12-12 21:00:00,29.421573639,0.1561894040668501
1750,2018-12-12 22:00:00,29.45274353,0.6454231735383376
1751,2018-12-12 23:00:00,29.559610367,0.1895785896025961
1752,2018-12-13 00:00:00,29.711990356,0.4132000166326235
1753,2018-12-13 01:00:00,30.825157166,0.004675506260077289
1754,2018-12-13 02:00:00,31.312883377,0.7667748706201445
1755,2018-12-13 03:00:00,32.56955719,0.3790279414712503
1756,2018-12-13 04:00:00,34.69814682,0.7475199986489836
1757,2018-12-13 05:00:00,37.481155396,0.6003535561234212
1758,2018-12-13 06:00:00,38.011283875,0.6747808215783134
1759,2018-12-13 07:00:00,38.329872131,0.9643048445959025
1760,2018-12-13 08:00:00,38.768486023,0.19790308582808902
1761,2018-12-13 09:00:00,39.218566895,0.5338794002900962
1762,2018-12-13 10:00:00,39.624145508,0.8591908605603668
1763,2018-12-13 11:00:00,39.922798157,0.09490865149751038
1764,2018-12-13 12:00:00,40.081832886,0.8092554505384213
1765,2018-12-13 13:00:00,40.160293579,0.9317900800068567
1766,2018-12-13 14:00:00,40.251106262,0.2556488802318644
1767,2018-12-13 15:00:00,40.336013794,0.777259060724253
1768,2018-12-13 16:00:00,40.404502869,0.40041640517127386
1769,2018-12-13 17:00:00,40.553901672,0.41106269359251435
1770,2018-12-13 18:00:00,40.692375183,0.4408678866707836
1771,2018-12-13 19:00:00,40.839820862,0.10539526454851833
1772,2018-12-13 20:00:00,41.019119263,0.6117575653300764
1773,2018-12-13 21:00:00,41.142807007,0.7057498379327202
1774,2018-12-13 22:00:00,41.209461212,0.4052721932806924
1775,2018-12-13 23:00:00,41.199890137,0.002683522953449091
1776,2018-12-14 00:00:00,41.183761597,0.5972229809425426
1777,2018-12-14 01:00:00,41.167411804,0.11130179411687435
1778,2018-12-14 02:00:00,41.145572662,0.5285759759878158
1779,2018-12-14 03:00:00,41.121768951,0.24200771036674695
1780,2018-12-14 04:00:00,41.095867157,0.8235075165067423
1781,2018-12-14 05:00:00,41.06905365,0.6071509577448387
1782,2018-12-14 06:00:00,41.037612915,0.5519901163581427
1783,2018-12-14 07:00:00,41.006008148,0.5421368576532996
1784,2018-12-14 08:00:00,40.982715607,0.2372291181865176
1785,2018-12-14 09:00:00,40.975616455,0.13445753947297157
1786,2018-12-14 10:00:00,40.958610535,0.4449776475688131
1787,2018-12-14 11:00:00,40.936740875,0.9689663802840836
1788,2018-12-14 12:00:00,40.922336578,0.39710195442949336
1789,2018-12-14 13:00:00,40.923496246,0.9377428485573508
1790,2018-12-14 14:00:00,40.926059723,0.256682786872657
1791,2018-12-14 15:00:00,40.923511505,0.2504193695707798
1792,2018-12-14 16:00:00,40.902435303,0.5258314575920487
1793,2018-12-14 17:00:00,40.861434937,0.13513411758485383
1794,2018-12-14 18:00:00,40.773399353,0.15451368802727472
1795,2018-12-14 19:00:00,40.651340485,0.3291278627923654
1796,2018-12-14 20:00:00,40.499183655,0.4471363498937049
1797,2018-12-14 21:00:00,40.343849182,0.5565323452434954
1798,2018-12-14 22:00:00,40.345993042,0.9953542957827991
1799,2018-12-14 23:00:00,40.350414276,0.725037708755012
1800,2018-12-15 00:00:00,40.358486176,0.25970994220671184
1801,2018-12-15 01:00:00,40.365077972,0.7931447465591023
1802,2018-12-15 02:00:00,40.364948273,0.7172762061880242
1803,2018-12-15 03:00:00,40.365772247,0.34534025937400936
1804,2018-12-15 04:00:00,40.370048523,0.7507486631793996
1805,2018-12-15 05:00:00,40.374610901,0.03277125676167769
1806,2018-12-15 06:00:00,40.374702454,0.36586889856476246
1807,2018-12-15 07:00:00,40.374137878,0.05946941161385155
1808,2018-12-15 08:00:00,40.374176025,0.34135153112739425
1809,2018-12-15 09:00:00,40.374084473,0.7872023717951666
1810,2018-12-15 10:00:00,40.372932434,0.8685406983084172
1811,2018-12-15 11:00:00,40.372550964,0.6004405575557764
1812,2018-12-15 12:00:00,40.371349335,0.020840865343131676
1813,2018-12-15 13:00:00,40.371303558,0.969634458682639
1814,2018-12-15 14:00:00,40.37361908,9.49481779769501e-05
1815,2018-12-15 15:00:00,40.367134094,0.5827236017219088
1816,2018-12-15 16:00:00,40.34349823,0.5215549678867717
1817,2018-12-15 17:00:00,40.296508789,0.5234679776587768
1818,2018-12-15 18:00:00,40.215141296,0.4923259199246538
1819,2018-12-15 19:00:00,40.123363495,0.8773638222748069
1820,2018-12-15 20:00:00,40.03585434,0.7608465149302164
1821,2018-12-15 21:00:00,39.950286865,0.11239591039574282
1822,2018-12-15 22:00:00,39.962432861,0.568515716925833
1823,2018-12-15 23:00:00,39.974136353,0.19884861157860445
1824,2018-12-16 00:00:00,39.988342285,0.23738469090876468
1825,2018-12-16 01:00:00,39.998767853,0.2511666481722916
1826,2018-12-16 02:00:00,40.006767273,0.15721771850313493
1827,2018-12-16 03:00:00,40.015865326,0.30931562187074824
1828,2018-12-16 04:00:00,40.017902374,0.12943234891082067
1829,2018-12-16 05:00:00,40.025054932,0.8109505891783546
1830,2018-12-16 06:00:00,40.017932892,0.16453759331741236
1831,2018-12-16 07:00:00,40.00957489,0.4485645544655843
1832,2018-12-16 08:00:00,39.99634552,0.24918690881182382
1833,2018-12-16 09:00:00,39.982852936,0.5527472271078344
1834,2018-12-16 10:00:00,39.979709625,0.008124329693693477
1835,2018-12-16 11:00:00,39.967086792,0.2698463659096395
1836,2018-12-16 12:00:00,39.968963623,0.388051581034056
1837,2018-12-16 13:00:00,39.971656799,0.3231142114060003
1838,2018-12-16 14:00:00,39.976387024,0.2835638997195775
1839,2018-12-16 15:00:00,39.974990845,0.6726746597454054
1840,2018-12-16 16:00:00,39.959621429,0.017386748103323968
1841,2018-12-16 17:00:00,39.918426514,0.746747263499585
1842,2018-12-16 18:00:00,39.827045441,0.7676377361568687
1843,2018-12-16 19:00:00,39.704959869,0.4667230266240239
1844,2018-12-16 20:00:00,39.498329163,0.03364650459702978
1845,2018-12-16 21:00:00,39.091529846,0.3000680926383592
1846,2018-12-16 22:00:00,38.878940582,0.47346987993101486
1847,2018-12-16 23:00:00,38.708446503,0.18830472139426502
1848,2018-12-17 00:00:00,38.56048584,0.9982679186654049
1849,2018-12-17 01:00:00,38.44216156,0.37552260145901917
1850,2018-12-17 02:00:00,38.339424133,0.7152402526467506
1851,2018-12-17 03:00:00,38.260528564,0.23835827698855805
1852,2018-12-17 04:00:00,38.211948395,0.09611902089833102
1853,2018-12-17 05:00:00,38.197536469,0.7385220783156418
1854,2018-12-17 06:00:00,38.198417664,0.4069708658030825
1855,2018-12-17 07:00:00,38.205497742,0.9352707269685979
1856,2018-12-17 08:00:00,38.211956024,0.9690878523637616
1857,2018-12-17 09:00:00,38.217460632,0.8370516014038245
1858,2018-12-17 10:00:00,38.222881317,0.3940875168805774
1859,2018-12-17 11:00:00,38.229400635,0.2048743967699651
1860,2018-12-17 12:00:00,38.236091614,0.6261511718682737
1861,2018-12-17 13:00:00,38.241031647,0.30231311251223913
1862,2018-12-17 14:00:00,38.246337891,0.9249173331068984
1863,2018-12-17 15:00:00,38.241119385,0.9144775375568772
1864,2018-12-17 16:00:00,38.224098206,0.35939014201092623
1865,2018-12-17 17:00:00,38.18403244,0.5905246640529278
1866,2018-12-17 18:00:00,38.109382629,0.5198134711853222
1867,2018-12-17 19:00:00,38.006515503,0.8057904201773786
1868,2018-12-17 20:00:00,37.705024719,0.9275549395265458
1869,2018-12-17 21:00:00,37.20123291,0.8175923278476502
1870,2018-12-17 22:00:00,36.886638641,0.07868519149749531
1871,2018-12-17 23:00:00,36.630344391,0.2548530509900483
1872,2018-12-18 00:00:00,36.420265198,0.7651622724097012
1873,2018-12-18 01:00:00,36.246368408,0.9858398667958989
1874,2018-12-18 02:00:00,36.107654572,0.1976398536112528
1875,2018-12-18 03:00:00,35.994041443,0.3873784174200735
1876,2018-12-18 04:00:00,35.901721954,0.02930226350994103
1877,2018-12-18 05:00:00,35.829795837,0.1839145593249758
1878,2018-12-18 06:00:00,35.77532196,0.5908337521008017
1879,2018-12-18 07:00:00,35.738903046,0.10084202810777876
1880,2018-12-18 08:00:00,35.715923309,0.6518652241863745
1881,2018-12-18 09:00:00,35.708251953,0.5787716814913877
1882,2018-12-18 10:00:00,35.710506439,0.32735252317798635
1883,2018-12-18 11:00:00,35.72070694,0.3787158820660821
1884,2018-12-18 12:00:00,35.732017517,0.32006135898798604
1885,2018-12-18 13:00:00,35.74438858,0.12114991982706602
1886,2018-12-18 14:00:00,35.758335114,0.31967232599358975
1887,2018-12-18 15:00:00,35.763103485,0.7905198784221116
1888,2018-12-18 16:00:00,35.751983643,0.2327619720216214
1889,2018-12-18 17:00:00,35.729427338,0.5170936585723669
1890,2018-12-18 18:00:00,35.687606812,0.7735273005378831
1891,2018-12-18 19:00:00,35.642379761,0.8868787344090733
1892,2018-12-18 20:00:00,35.57207489,0.5151937596177816
1893,2018-12-18 21:00:00,35.508548737,0.08040583087670872
1894,2018-12-18 22:00:00,35.512744904,0.9856167923195324
1895,2018-12-18 23:00:00,35.514419556,0.8983065960803731
1896,2018-12-19 00:00:00,35.513195038,0.19515034055993274
1897,2018-12-19 01:00:00,35.512504578,0.3135463001251517
1898,2018-12-19 02:00:00,35.505401611,0.8044757868218911
1899,2018-12-19 03:00:00,35.497467041,0.4834044265614258
1900,2018-12-19 04:00:00,35.491600037,0.6080332619604436
1901,2018-12-19 05:00:00,35.491645813,0.5654181360549192
1902,2018-12-19 06:00:00,35.491996765,0.43057865219114067
1903,2018-12-19 07:00:00,35.496776581,0.1795112285231797
1904,2018-12-19 08:00:00,35.505065918,0.15590548328494702
1905,2018-12-19 09:00:00,35.518501282,0.15511698462720325
1906,2018-12-19 10:00:00,35.533805847,0.0870945534887414
1907,2018-12-19 11:00:00,35.550605774,0.4402490548611738
1908,2018-12-19 12:00:00,35.564838409,0.2649751468231727
1909,2018-12-19 13:00:00,35.57742691,0.6413699907585141
1910,2018-12-19 14:00:00,35.589263916,0.5277197856875668
1911,2018-12-19 15:00:00,35.596599579,0.6592297514597124
1912,2018-12-19 16:00:00,35.598968506,0.7480452647709631
1913,2018-12-19 17:00:00,35.59897995,0.822102187753132
1914,2018-12-19 18:00:00,35.591678619,0.2232039812530323
1915,2018-12-19 19:00:00,35.582183838,0.9300069198940188
1916,2018-12-19 20:00:00,35.566047668,0.5073155192170062
1917,2018-12-19 21:00:00,35.546066284,0.5320682925528902
1918,2018-12-19 22:00:00,35.55229187,0.8447229250485766
1919,2018-12-19 23:00:00,35.555450439,0.1336787995032147
1920,2018-12-20 00:00:00,35.559318542,0.30210674927320236
1921,2018-12-20 01:00:00,35.566822052,0.32346969120868807
1922,2018-12-20 02:00:00,35.574836731,0.7792956021008924
1923,2018-12-20 03:00:00,35.58278656,0.20704878115812375
1924,2018-12-20 04:00:00,35.592552185,0.7261362018801141
1925,2018-12-20 05:00:00,35.602912903,0.2566722206760558
1926,2018-12-20 06:00:00,35.604747772,0.10056016298147319
1927,2018-12-20 07:00:00,35.613761902,0.3143731672058361
1928,2018-12-20 08:00:00,35.622039795,0.7455880400860159
1929,2018-12-20 09:00:00,35.628566742,0.6842669960769355
1930,2018-12-20 10:00:00,35.626075745,0.3343815424845289
1931,2018-12-20 11:00:00,35.62537384,0.7911154297821191
1932,2018-12-20 12:00:00,35.62625885,0.515331970050819
1933,2018-12-20 13:00:00,35.628818512,0.5881098714890601
1934,2018-12-20 14:00:00,35.632125854,0.1503091080540334
1935,2018-12-20 15:00:00,35.625167847,0.42079507491366563
1936,2018-12-20 16:00:00,35.603057861,0.8174048463379948
1937,2018-12-20 17:00:00,35.569339752,0.9303154264839866
1938,2018-12-20 18:00:00,35.514461517,0.7700424698419129
1939,2018-12-20 19:00:00,35.454246521,0.8486290401876951
1940,2018-12-20 20:00:00,35.377822876,0.8428893275006792
1941,2018-12-20 21:00:00,35.301628113,0.6584995268991586
1942,2018-12-20 22:00:00,35.284973145,0.5467558837046788
1943,2018-12-20 23:00:00,35.26071167,0.8632864698766128
1944,2018-12-21 00:00:00,35.233222961,0.3043873526548021
1945,2018-12-21 01:00:00,35.207904816,0.4897235656979094
1946,2018-12-21 02:00:00,35.174877167,0.6634757898100758
1947,2018-12-21 03:00:00,35.14307785,0.05091565913795659
1948,2018-12-21 04:00:00,35.113807678,0.06880026187998622
1949,2018-12-21 05:00:00,35.087860107,0.08330103890589513
1950,2018-12-21 06:00:00,35.059673309,0.22444847797270417
1951,2018-12-21 07:00:00,35.041015625,0.5489485780533133
1952,2018-12-21 08:00:00,35.041156769,0.587025051448712
1953,2018-12-21 09:00:00,35.045555115,0.7510410388093074
1954,2018-12-21 10:00:00,35.051132202,0.614173779574287
1955,2018-12-21 11:00:00,35.057231903,0.7353412168241673
1956,2018-12-21 12:00:00,35.061332703,0.9694134980349717
1957,2018-12-21 13:00:00,35.067489624,0.1712392661815343
1958,2018-12-21 14:00:00,35.074195862,0.02509903555856008
1959,2018-12-21 15:00:00,35.074783325,0.7531844577052613
1960,2018-12-21 16:00:00,35.060028076,0.9448414941098657
1961,2018-12-21 17:00:00,35.017547607,0.37126693615499073
1962,2018-12-21 18:00:00,34.966506958,0.0712782317734213
1963,2018-12-21 19:00:00,34.907726288,0.375557765339817
1964,2018-12-21 20:00:00,34.847438812,0.7378207813572432
1965,2018-12-21 21:00:00,34.775684357,0.7501614071955337
1966,2018-12-21 22:00:00,34.760147095,0.9409382857129223
1967,2018-12-21 23:00:00,34.756748199,0.9582875686602315
1968,2018-12-22 00:00:00,34.753154755,0.9708632393878343
1969,2018-12-22 01:00:00,34.752754211,0.8514030067228509
1970,2018-12-22 02:00:00,34.753120422,0.2000653216305417
1971,2018-12-22 03:00:00,34.757774353,0.8104217058131589
1972,2018-12-22 04:00:00,34.76140213,0.7497979380687345
1973,2018-12-22 05:00:00,34.767040253,0.6100595588684754
1974,2018-12-22 06:00:00,34.773571014,0.6515852287605515
1975,2018-12-22 07:00:00,34.7813797,0.7848910829886645
1976,2018-12-22 08:00:00,34.787723541,0.2659080607035659
1977,2018-12-22 09:00:00,34.795158386,0.7819669066007018
1978,2018-12-22 10:00:00,34.800930023,0.42702543615682287
1979,2018-12-22 11:00:00,34.806995392,0.7944204047394625
1980,2018-12-22 12:00:00,34.811840057,0.5236525413290537
1981,2018-12-22 13:00:00,34.817047119,0.322403403318818
1982,2018-12-22 14:00:00,34.822887421,0.5617478313209495
1983,2018-12-22 15:00:00,34.827949524,0.12658792603174607
1984,2018-12-22 16:00:00,34.831741333,0.5335237716465641
1985,2018-12-22 17:00:00,34.829483032,0.7969281254505751
1986,2018-12-22 18:00:00,34.821144104,0.7594657194995781
1987,2018-12-22 19:00:00,34.802330017,0.586065418425881
1988,2018-12-22 20:00:00,34.775810242,0.2631782630444882
1989,2018-12-22 21:00:00,34.751678467,0.13806820803128828
1990,2018-12-22 22:00:00,34.746952057,0.44368254040926647
1991,2018-12-22 23:00:00,34.744636536,0.20541950408235232
1992,2018-12-23 00:00:00,34.741928101,0.5178022983347156
1993,2018-12-23 01:00:00,34.741374969,0.34683429343994054
1994,2018-12-23 02:00:00,34.740211487,0.6758725148132475
1995,2018-12-23 03:00:00,34.73890686,0.42109456894883834
1996,2018-12-23 04:00:00,34.734550476,0.020502266188026086
1997,2018-12-23 05:00:00,34.72858429,0.6311484851538397
1998,2018-12-23 06:00:00,34.722969055,0.881587661101022
1999,2018-12-23 07:00:00,34.713665009,0.9211228773622097
2000,2018-12-23 08:00:00,34.71282959,0.6200597927994748
2001,2018-12-23 09:00:00,34.70803833,0.7121611781497563
2002,2018-12-23 10:00:00,34.69152832,0.2342723887989846
2003,2018-12-23 11:00:00,34.689189911,0.8449308710308667
2004,2018-12-23 12:00:00,34.682445526,0.48363406212693894
2005,2018-12-23 13:00:00,34.674442291,0.7304249429023132
2006,2018-12-23 14:00:00,34.658035278,0.3641414732542877
2007,2018-12-23 15:00:00,34.6328125,0.3660096352594838
2008,2018-12-23 16:00:00,34.605449677,0.7975203055205029
2009,2018-12-23 17:00:00,34.568519592,0.45477760741533957
2010,2018-12-23 18:00:00,34.560138702,0.7868510034198585
2011,2018-12-23 19:00:00,34.534767151,0.8037403559479677
2012,2018-12-23 20:00:00,34.543811798,0.6037021201801552
2013,2018-12-23 21:00:00,34.599029541,0.9826316163920293
2014,2018-12-23 22:00:00,34.696460724,0.8217446885995132
2015,2018-12-23 23:00:00,34.766479492,0.38059418786377897
2016,2018-12-24 00:00:00,34.836143494,0.6652933173366439
2017,2018-12-24 01:00:00,34.852443695,0.34450001947317677
2018,2018-12-24 02:00:00,34.867134094,0.6011878987552409
2019,2018-12-24 03:00:00,34.890571594,0.5712932663257987
2020,2018-12-24 04:00:00,35.009513855,0.475469369351164
2021,2018-12-24 05:00:00,35.1938591,0.29622645750530996
2022,2018-12-24 06:00:00,35.506668091,0.07107099282308171
2023,2018-12-24 07:00:00,35.707187653,0.3435168760870916
2024,2018-12-24 08:00:00,35.753860474,0.6500493650674589
2025,2018-12-24 09:00:00,35.788715363,0.35946776195869146
2026,2018-12-24 10:00:00,35.819084167,0.6337200265722065
2027,2018-12-24 11:00:00,36.069465637,0.4366163175704695
2028,2018-12-24 12:00:00,37.98866272,0.3408364084184712
2029,2018-12-24 13:00:00,39.539089203,0.09504340318121474
2030,2018-12-24 14:00:00,40.253959656,0.956071040278842
2031,2018-12-24 15:00:00,40.625202179,0.2808525613441475
2032,2018-12-24 16:00:00,41.024280548,0.13393087952507443
2033,2018-12-24 17:00:00,41.342674255,0.17783260142245227
2034,2018-12-24 18:00:00,41.66885376,0.10544194022175812
2035,2018-12-24 19:00:00,41.984802246,0.43204464420492417
2036,2018-12-24 20:00:00,42.254577637,0.04296668442453144
2037,2018-12-24 21:00:00,42.408535004,0.09164780310239207
2038,2018-12-24 22:00:00,42.534744263,0.4005409754661243
2039,2018-12-24 23:00:00,42.554172516,0.7613690194013039
2040,2018-12-25 00:00:00,42.571723938,0.13830189110749436
2041,2018-12-25 01:00:00,42.588554382,0.5935356839533918
2042,2018-12-25 02:00:00,42.600944519,0.5520315397131834
2043,2018-12-25 03:00:00,42.610847473,0.1857364562924132
2044,2018-12-25 04:00:00,42.620452881,0.04352419441957556
2045,2018-12-25 05:00:00,42.631786346,0.8180836514343078
2046,2018-12-25 06:00:00,42.64364624,0.7252664860110161
2047,2018-12-25 07:00:00,42.712814331,0.47370801829049336
2048,2018-12-25 08:00:00,42.729782104,0.249377313596984
2049,2018-12-25 09:00:00,42.748893738,0.06284569674328444
2050,2018-12-25 10:00:00,42.761699677,0.8245787749174749
2051,2018-12-25 11:00:00,42.789253235,0.8276419717785622
2052,2018-12-25 12:00:00,42.818656921,0.4200760713632167
2053,2018-12-25 13:00:00,42.844917297,0.575093257293091
2054,2018-12-25 14:00:00,42.873897552,0.4535930469843671
2055,2018-12-25 15:00:00,42.897579193,0.9256863376033975
2056,2018-12-25 16:00:00,42.915534973,0.6817804554627245
2057,2018-12-25 17:00:00,42.924152374,0.6617010005491277
2058,2018-12-25 18:00:00,42.927436829,0.16677445005815372
2059,2018-12-25 19:00:00,42.92621994,0.9090673197120387
2060,2018-12-25 20:00:00,42.910873413,0.6247602113240613
2061,2018-12-25 21:00:00,42.888595581,0.1806280577702356
2062,2018-12-25 22:00:00,42.891284943,0.7135071374561855
2063,2018-12-25 23:00:00,42.892486572,0.7923998493410747
2064,2018-12-26 00:00:00,42.890403748,0.547450841359753
2065,2018-12-26 01:00:00,42.889907837,0.20708986232274418
2066,2018-12-26 02:00:00,42.888019562,0.846706351820851
2067,2018-12-26 03:00:00,42.889877319,0.329106544689318
2068,2018-12-26 04:00:00,42.895130157,0.7751734782539502
2069,2018-12-26 05:00:00,42.9036026,0.46874823353577066
2070,2018-12-26 06:00:00,42.950550079,0.7685008671919122
2071,2018-12-26 07:00:00,42.964176178,0.695752078597908
2072,2018-12-26 08:00:00,43.314212799,0.7152393116950145
2073,2018-12-26 09:00:00,44.710365295,0.09001473471665866
2074,2018-12-26 10:00:00,45.494697571,0.36138648528804096
2075,2018-12-26 11:00:00,46.774543762,0.5083108973865461
2076,2018-12-26 12:00:00,47.34588623,0.9839010213543858
2077,2018-12-26 13:00:00,47.552627563,0.8637121541917208
2078,2018-12-26 14:00:00,47.767478943,0.7956891807871596
2079,2018-12-26 15:00:00,47.849918365,0.7450978481826047
2080,2018-12-26 16:00:00,48.090270996,0.9812254410042276
2081,2018-12-26 17:00:00,48.257667542,0.2546044747254258
2082,2018-12-26 18:00:00,48.280094147,0.508589081551415
2083,2018-12-26 19:00:00,48.586677551,0.21940559353484257
2084,2018-12-26 20:00:00,48.719810486,0.2153776199693218
2085,2018-12-26 21:00:00,48.879615784,0.20954415056498943
2086,2018-12-26 22:00:00,49.024238586,0.6897040750218314
2087,2018-12-26 23:00:00,49.045742035,0.10498868729273014
2088,2018-12-27 00:00:00,49.065628052,0.2294461438821045
2089,2018-12-27 01:00:00,49.087528229,0.03428181169010758
2090,2018-12-27 02:00:00,49.110996246,0.4061517058418338
2091,2018-12-27 03:00:00,49.134227753,0.6202638483406783
2092,2018-12-27 04:00:00,49.163696289,0.6211302255588605
2093,2018-12-27 05:00:00,49.180519104,0.9457733475333595
2094,2018-12-27 06:00:00,49.201828003,0.47340500648293626
2095,2018-12-27 07:00:00,49.318107605,0.5836319944607667
2096,2018-12-27 08:00:00,49.347755432,0.9420485978806127
2097,2018-12-27 09:00:00,49.373298645,0.7747712102782037
2098,2018-12-27 10:00:00,49.398246765,0.06027552878407705
2099,2018-12-27 11:00:00,49.419807434,0.01752592498571448
2100,2018-12-27 12:00:00,49.443458557,0.05712579902996384
2101,2018-12-27 13:00:00,49.460136414,0.7275029393733169
2102,2018-12-27 14:00:00,49.4741745,0.45032308535140186
2103,2018-12-27 15:00:00,49.481655121,0.2818216153736437
2104,2018-12-27 16:00:00,49.479026794,0.5527196846999937
2105,2018-12-27 17:00:00,49.456954956,0.3158044577815545
2106,2018-12-27 18:00:00,49.645233154,0.3331513865421022
2107,2018-12-27 19:00:00,49.87361908,0.3353410572224923
2108,2018-12-27 20:00:00,51.104137421,0.07448209789318594
2109,2018-12-27 21:00:00,51.533535004,0.19088766979314253
2110,2018-12-27 22:00:00,51.733169556,0.7163975647139216
2111,2018-12-27 23:00:00,51.770492554,0.11461802823044709
2112,2018-12-28 00:00:00,51.807350159,0.5141758419913993
2113,2018-12-28 01:00:00,51.829574585,0.07898296651224457
2114,2018-12-28 02:00:00,51.850746155,0.27098858004855364
2115,2018-12-28 03:00:00,51.870651245,0.19779027715195352
2116,2018-12-28 04:00:00,51.919189453,0.6981441549883868
2117,2018-12-28 05:00:00,51.962749481,0.4260548989512437
2118,2018-12-28 06:00:00,51.994701385,0.14930603862367875
2119,2018-12-28 07:00:00,52.037559509,0.8226833697339847
2120,2018-12-28 08:00:00,52.080825806,0.7075196932096135
2121,2018-12-28 09:00:00,52.11240387,0.5423097562498351
2122,2018-12-28 10:00:00,52.145469666,0.06951110815449035
2123,2018-12-28 11:00:00,52.169281006,0.4988995946119943
2124,2018-12-28 12:00:00,52.184204102,0.9836567008562581
2125,2018-12-28 13:00:00,52.276237488,0.6515753030394121
2126,2018-12-28 14:00:00,52.374862671,0.16235548785211584
2127,2018-12-28 15:00:00,52.449775696,0.7671577759310592
2128,2018-12-28 16:00:00,52.522026062,0.13644066401700494
2129,2018-12-28 17:00:00,52.553127289,0.5975422995589615
2130,2018-12-28 18:00:00,52.557243347,0.7563859816733026
2131,2018-12-28 19:00:00,52.659469604,0.9130912745184763
2132,2018-12-28 20:00:00,52.734100342,0.8032023180013269
2133,2018-12-28 21:00:00,52.811946869,0.1869694619825245
2134,2018-12-28 22:00:00,52.915988922,0.38740363435496494
2135,2018-12-28 23:00:00,52.977672577,0.20403794356517047
2136,2018-12-29 00:00:00,52.998939514,0.010734374448464479
2137,2018-12-29 01:00:00,53.015571594,0.12647894679749883
2138,2018-12-29 02:00:00,53.027839661,0.7627046261823621
2139,2018-12-29 03:00:00,53.03894043,0.9591586539086734
2140,2018-12-29 04:00:00,53.050701141,0.8706329187537201
2141,2018-12-29 05:00:00,53.063362122,0.5181153084151334
2142,2018-12-29 06:00:00,53.072631836,0.7567109157266187
2143,2018-12-29 07:00:00,53.080604553,0.29201286586632924
2144,2018-12-29 08:00:00,53.089302063,0.07703373386076973
2145,2018-12-29 09:00:00,53.099723816,0.6235686567389445
2146,2018-12-29 10:00:00,53.110969543,0.4767176170141041
2147,2018-12-29 11:00:00,53.121612549,0.6307523989655903
2148,2018-12-29 12:00:00,53.132667542,0.5619576092134038
2149,2018-12-29 13:00:00,53.142593384,0.06475511957966396
2150,2018-12-29 14:00:00,53.153114319,0.14232855501799513
2151,2018-12-29 15:00:00,53.15562439,0.5297950568123706
2152,2018-12-29 16:00:00,53.153121948,0.7181072606461071
2153,2018-12-29 17:00:00,53.140785217,0.13441113727473386
2154,2018-12-29 18:00:00,53.104980469,0.3841123799126369
2155,2018-12-29 19:00:00,53.070030212,0.9277170421087618
2156,2018-12-29 20:00:00,53.027263641,0.9244998511546558
2157,2018-12-29 21:00:00,52.992408752,0.6963661656320959
2158,2018-12-29 22:00:00,52.986248016,0.10796116738398909
2159,2018-12-29 23:00:00,52.975166321,0.28505389838739326
2160,2018-12-30 00:00:00,52.961894989,0.3680454641563007
2161,2018-12-30 01:00:00,52.950752258,0.5301327801224258
2162,2018-12-30 02:00:00,52.938812256,0.3744064078960573
2163,2018-12-30 03:00:00,52.925262451,0.556834498294311
2164,2018-12-30 04:00:00,52.910556793,0.6024027600684668
2165,2018-12-30 05:00:00,52.894111633,0.3883996971588144
2166,2018-12-30 06:00:00,52.875339508,0.9409177880326915
2167,2018-12-30 07:00:00,52.863555908,0.2111948054822903
2168,2018-12-30 08:00:00,52.851852417,0.8334322487868846
2169,2018-12-30 09:00:00,52.836967468,0.20366481782006052
2170,2018-12-30 10:00:00,52.824447632,0.4318624385266575
2171,2018-12-30 11:00:00,52.809005737,0.28374231556614926
2172,2018-12-30 12:00:00,52.794471741,0.7165457485251454
2173,2018-12-30 13:00:00,52.777786255,0.5256883897713109
2174,2018-12-30 14:00:00,52.762199402,0.29465777175385266
2175,2018-12-30 15:00:00,52.752128601,0.6080263994165767
2176,2018-12-30 16:00:00,52.739315033,0.6937615997950537
2177,2018-12-30 17:00:00,52.720787048,0.3676939965662427
2178,2018-12-30 18:00:00,52.688861847,0.9241679175649045
2179,2018-12-30 19:00:00,52.656814575,0.10052388083005626
2180,2018-12-30 20:00:00,53.130889893,0.6282266452046888
2181,2018-12-30 21:00:00,53.246452332,0.33025451700902897
2182,2018-12-30 22:00:00,53.308677673,0.2808590769814363
2183,2018-12-30 23:00:00,53.309165955,0.9591494014134185
2184,2018-12-31 00:00:00,53.314464569,0.15385943820395875
2185,2018-12-31 01:00:00,53.323364258,0.1740203617628694
2186,2018-12-31 02:00:00,53.331283569,0.41085801758767826
2187,2018-12-31 03:00:00,53.342079163,0.7997823488443925
2188,2018-12-31 04:00:00,53.350959778,0.03255152225250846
2189,2018-12-31 05:00:00,53.35962677,0.4213170789234262
2190,2018-12-31 06:00:00,53.36787796,0.6087471520879375
2191,2018-12-31 07:00:00,53.378250122,0.950765583413936
2192,2018-12-31 08:00:00,53.387657166,0.8044659946990881
2193,2018-12-31 09:00:00,53.395301819,0.21585997915195265
2194,2018-12-31 10:00:00,53.403656006,0.22735365748496794
2195,2018-12-31 11:00:00,53.528190613,0.43218568081671527
2196,2018-12-31 12:00:00,53.86516571,0.6576600164030074
2197,2018-12-31 13:00:00,54.661735535,0.9664500172926266
2198,2018-12-31 14:00:00,55.289207458,0.5621416234783302
2199,2018-12-31 15:00:00,56.109611511,0.5749775555238729
2200,2018-12-31 16:00:00,56.557868958,0.7274665611423845
2201,2018-12-31 17:00:00,57.382858276,0.6165833534033268
2202,2018-12-31 18:00:00,58.133571625,0.5395587306688572
2203,2018-12-31 19:00:00,58.370658875,0.23144886597974557
2204,2018-12-31 20:00:00,58.658676147,0.7103939554184461
2205,2018-12-31 21:00:00,59.496311188,0.14177189188523498
2206,2018-12-31 22:00:00,60.307655334,0.05797222306290917
2207,2018-12-31 23:00:00,60.830505371,0.8174392210066516
2208,2019-01-01 00:00:00,61.38104248,0.45084297720135946
2209,2019-01-01 01:00:00,61.658729553,0.4070222446478534
2210,2019-01-01 02:00:00,62.032920837,0.19247655683300302
2211,2019-01-01 03:00:00,63.234329224,0.7751931623816505
2212,2019-01-01 04:00:00,64.1484375,0.33928150276856617
2213,2019-01-01 05:00:00,64.938331604,0.3176997001693186
2214,2019-01-01 06:00:00,66.010192871,0.58723019325236
2215,2019-01-01 07:00:00,67.197662354,0.980552979496582
2216,2019-01-01 08:00:00,67.902450562,0.6234069164270734
2217,2019-01-01 09:00:00,68.264678955,0.09403085567060188
2218,2019-01-01 10:00:00,68.76272583,0.5550840604775242
2219,2019-01-01 11:00:00,69.20111084,0.41320216443629254
2220,2019-01-01 12:00:00,69.541000366,0.7412573293273834
2221,2019-01-01 13:00:00,69.873748779,0.4098478272714241
2222,2019-01-01 14:00:00,70.183410645,0.49267555092977844
2223,2019-01-01 15:00:00,70.435295105,0.7756917305503688
2224,2019-01-01 16:00:00,70.628486633,0.4469747594540242
2225,2019-01-01 17:00:00,70.730659485,0.42567775869560787
2226,2019-01-01 18:00:00,70.810775757,0.5579235954938776
2227,2019-01-01 19:00:00,70.879547119,0.06550897507749065
2228,2019-01-01 20:00:00,70.949310303,0.7340306389580247
2229,2019-01-01 21:00:00,71.01751709,0.4637924682823842
2230,2019-01-01 22:00:00,71.064376831,0.985973807182897
2231,2019-01-01 23:00:00,71.083908081,0.44455058075628795
2232,2019-01-02 00:00:00,71.090209961,0.9667936487247766
2233,2019-01-02 01:00:00,71.098678589,0.4903620275477555
2234,2019-01-02 02:00:00,71.105163574,0.2975028879675534
2235,2019-01-02 03:00:00,71.11415863,0.8060745738626107
2236,2019-01-02 04:00:00,71.123832703,0.4745309471545386
2237,2019-01-02 05:00:00,71.133720398,0.7274074993081601
2238,2019-01-02 06:00:00,71.143768311,0.5885743023301188
2239,2019-01-02 07:00:00,71.148330688,0.72341420896756
2240,2019-01-02 08:00:00,71.150375366,0.07413520288783582
2241,2019-01-02 09:00:00,71.150848389,0.9991323962862222
2242,2019-01-02 10:00:00,71.148223877,0.2644651079146989
2243,2019-01-02 11:00:00,71.143356323,0.8774340902651241
2244,2019-01-02 12:00:00,71.13999939,0.182122249277771
2245,2019-01-02 13:00:00,71.133514404,0.9736507700639221
2246,2019-01-02 14:00:00,71.123565674,0.9734499235203325
2247,2019-01-02 15:00:00,71.109764099,0.6863149928740113
2248,2019-01-02 16:00:00,71.087677002,0.9730659381963551
2249,2019-01-02 17:00:00,71.054855347,0.5381055407092277
2250,2019-01-02 18:00:00,70.99319458,0.2300692482497413
2251,2019-01-02 19:00:00,70.923454285,0.02759353447300905
2252,2019-01-02 20:00:00,72.455665588,0.9002582108722389
2253,2019-01-02 21:00:00,74.531555176,0.28577592109812733
2254,2019-01-02 22:00:00,77.027435303,0.5455029294996573
2255,2019-01-02 23:00:00,77.191856384,0.851633431231141
2256,2019-01-03 00:00:00,77.455421448,0.8892072255771908
2257,2019-01-03 01:00:00,77.708358765,0.2871674670252944
2258,2019-01-03 02:00:00,77.836303711,0.4730886630284967
2259,2019-01-03 03:00:00,77.922843933,0.5144500209891546
2260,2019-01-03 04:00:00,78.027069092,0.7161222411784196
2261,2019-01-03 05:00:00,78.111587524,0.1853172632129365
2262,2019-01-03 06:00:00,78.19052124,0.028923079351137804
2263,2019-01-03 07:00:00,78.251838684,0.10240690843435907
2264,2019-01-03 08:00:00,78.293777466,0.6043633836128729
2265,2019-01-03 09:00:00,78.344665527,0.18964562206562507
2266,2019-01-03 10:00:00,78.38092041,0.7955222003494231
2267,2019-01-03 11:00:00,78.399002075,0.408918913335681
2268,2019-01-03 12:00:00,78.416931152,0.2712520315007797
2269,2019-01-03 13:00:00,78.427734375,0.7723801446830396
2270,2019-01-03 14:00:00,78.438652039,0.2143908065795096
2271,2019-01-03 15:00:00,78.443122864,0.9984309580824691
2272,2019-01-03 16:00:00,78.433929443,0.8920738714136596
2273,2019-01-03 17:00:00,78.40827179,0.11061185691576891
2274,2019-01-03 18:00:00,78.390472412,0.2986518407098868
2275,2019-01-03 19:00:00,78.366981506,0.7610047646873479
2276,2019-01-03 20:00:00,78.308868408,0.9473417038260987
2277,2019-01-03 21:00:00,78.246910095,0.12102087426312069
2278,2019-01-03 22:00:00,78.213058472,0.4106879349048086
2279,2019-01-03 23:00:00,78.182891846,0.9419059461218912
2280,2019-01-04 00:00:00,78.15247345,0.23109331388027732
2281,2019-01-04 01:00:00,78.127113342,0.12343394146501185
2282,2019-01-04 02:00:00,78.098937988,0.1831475560188668
2283,2019-01-04 03:00:00,78.069404602,0.8652634603798933
2284,2019-01-04 04:00:00,78.041404724,0.03894404612166946
2285,2019-01-04 05:00:00,78.011528015,0.2913591200602973
2286,2019-01-04 06:00:00,77.990394592,0.4382856777379499
2287,2019-01-04 07:00:00,77.97782135,0.7873012933324214
2288,2019-01-04 08:00:00,77.958648682,0.06421652363331809
2289,2019-01-04 09:00:00,77.932281494,0.9900576361217976
2290,2019-01-04 10:00:00,77.906295776,0.6809066303280435
2291,2019-01-04 11:00:00,77.882354736,0.33523488290934267
2292,2019-01-04 12:00:00,77.858169556,0.07420964656840123
2293,2019-01-04 13:00:00,77.832504272,0.3728329062811623
2294,2019-01-04 14:00:00,77.812049866,0.7178875882697814
2295,2019-01-04 15:00:00,77.783920288,0.7816884181166525
2296,2019-01-04 16:00:00,77.748260498,0.05330275037039145
2297,2019-01-04 17:00:00,77.694725037,0.42335945801861685
2298,2019-01-04 18:00:00,77.610496521,0.4176292645203096
2299,2019-01-04 19:00:00,77.509986877,0.6284865635890167
2300,2019-01-04 20:00:00,77.391227722,0.9182776973155347
2301,2019-01-04 21:00:00,77.275314331,0.5044784643673159
2302,2019-01-04 22:00:00,77.29347229,0.08372549835636145
2303,2019-01-04 23:00:00,77.307815552,0.8204569659049477
2304,2019-01-05 00:00:00,77.3253479,0.2993223181967002
2305,2019-01-05 01:00:00,77.335525513,0.1566605363708118
2306,2019-01-05 02:00:00,77.338256836,0.24118226980611523
2307,2019-01-05 03:00:00,77.337486267,0.7621921505104372
2308,2019-01-05 04:00:00,77.334503174,0.6028988422856607
2309,2019-01-05 05:00:00,77.331825256,0.34012006947254236
2310,2019-01-05 06:00:00,77.322113037,0.9106590978488537
2311,2019-01-05 07:00:00,77.324165344,0.7982676816915985
2312,2019-01-05 08:00:00,77.329345703,0.2463762261925938
2313,2019-01-05 09:00:00,77.333328247,0.842500049888986
2314,2019-01-05 10:00:00,77.333297729,0.5122083390487749
2315,2019-01-05 11:00:00,77.333831787,0.13688430395192597
2316,2019-01-05 12:00:00,77.323173523,0.9450663048148731
2317,2019-01-05 13:00:00,77.308486938,0.23940740574776687
2318,2019-01-05 14:00:00,77.294624329,0.8392790229871634
2319,2019-01-05 15:00:00,77.277191162,0.7578407439873663
2320,2019-01-05 16:00:00,77.254577637,0.8292278575605412
2321,2019-01-05 17:00:00,77.208557129,0.18397178202705333
2322,2019-01-05 18:00:00,77.120544434,0.8435341449807772
2323,2019-01-05 19:00:00,77.116439819,0.30563510550905715
2324,2019-01-05 20:00:00,77.283966064,0.8078112676117543
2325,2019-01-05 21:00:00,77.606994629,0.17316482145997336
2326,2019-01-05 22:00:00,78.718330383,0.017689867670979464
2327,2019-01-05 23:00:00,79.644699097,0.4442448201885615
2328,2019-01-06 00:00:00,79.829315186,0.08391503230329067
2329,2019-01-06 01:00:00,79.959213257,0.7562117816966536
2330,2019-01-06 02:00:00,80.067390442,0.42240720330931336
2331,2019-01-06 03:00:00,80.149963379,0.9654836330907836
2332,2019-01-06 04:00:00,80.180702209,0.06480001698418592
2333,2019-01-06 05:00:00,80.29788208,0.37099109979618816
2334,2019-01-06 06:00:00,80.504699707,0.03706759417982253
2335,2019-01-06 07:00:00,80.69077301,0.11120719913756749
2336,2019-01-06 08:00:00,80.834243774,0.5184532068622264
2337,2019-01-06 09:00:00,80.936935425,0.8601822525561373
2338,2019-01-06 10:00:00,81.681022644,0.9660825559604174
2339,2019-01-06 11:00:00,82.216156006,0.6982246988292443
2340,2019-01-06 12:00:00,83.387992859,0.046997030576572896
2341,2019-01-06 13:00:00,83.764022827,0.3042027376952118
2342,2019-01-06 14:00:00,84.251121521,0.2534548315539529
2343,2019-01-06 15:00:00,84.537582397,0.17038452944356952
2344,2019-01-06 16:00:00,84.772071838,0.15681666070940992
2345,2019-01-06 17:00:00,85.139137268,0.2256437375149497
2346,2019-01-06 18:00:00,85.386749268,0.31552467059250244
2347,2019-01-06 19:00:00,85.66595459,0.9752454536505248
2348,2019-01-06 20:00:00,87.421943665,0.19013816693498764
2349,2019-01-06 21:00:00,89.823547363,0.7132744856174108
2350,2019-01-06 22:00:00,92.442970276,0.7202285425218872
2351,2019-01-06 23:00:00,93.837600708,0.7362613643901106
2352,2019-01-07 00:00:00,94.753829956,0.10858334222620314
2353,2019-01-07 01:00:00,95.278053284,0.8042634144796983
2354,2019-01-07 02:00:00,95.887626648,0.5272242791724815
2355,2019-01-07 03:00:00,96.140098572,0.8545299907415167
2356,2019-01-07 04:00:00,96.312843323,0.3413675445645724
2357,2019-01-07 05:00:00,96.596374512,0.5155974662807519
2358,2019-01-07 06:00:00,96.740821838,0.05915354408045459
2359,2019-01-07 07:00:00,96.868858337,0.22893780765226146
2360,2019-01-07 08:00:00,96.980278015,0.9548880936562882
2361,2019-01-07 09:00:00,97.063842773,0.18893496521357522
2362,2019-01-07 10:00:00,97.102607727,0.7257095180192883
2363,2019-01-07 11:00:00,97.146232605,0.8579132312278295
2364,2019-01-07 12:00:00,97.181411743,0.5750362428740884
2365,2019-01-07 13:00:00,97.221534729,0.25685950843005345
2366,2019-01-07 14:00:00,97.335540771,0.1682427477073335
2367,2019-01-07 15:00:00,97.411270142,0.16670093920933104
2368,2019-01-07 16:00:00,97.475868225,0.8461374100090715
2369,2019-01-07 17:00:00,100.806800842,0.43979924316544294
2370,2019-01-07 18:00:00,101.173088074,0.5561172225292643
2371,2019-01-07 19:00:00,101.493583679,0.1811924923262377
2372,2019-01-07 20:00:00,101.779510498,0.14372815689715968
2373,2019-01-07 21:00:00,102.061187744,0.6349504988737776
2374,2019-01-07 22:00:00,102.273101807,0.4335525847789028
2375,2019-01-07 23:00:00,102.314575195,0.45591831756629597
2376,2019-01-08 00:00:00,102.358169556,0.8068274618509211
2377,2019-01-08 01:00:00,102.390197754,0.1717138945806499
2378,2019-01-08 02:00:00,102.424423218,0.036749401749536226
2379,2019-01-08 03:00:00,102.473060608,0.19162002231301967
2380,2019-01-08 04:00:00,102.520599365,0.7126212982199814
2381,2019-01-08 05:00:00,102.559036255,0.6979917525360196
2382,2019-01-08 06:00:00,102.589637756,0.18781674315071029
2383,2019-01-08 07:00:00,102.622566223,0.37433369603116184
2384,2019-01-08 08:00:00,102.654815674,0.4983432560289818
2385,2019-01-08 09:00:00,102.683158875,0.24133138823288147
2386,2019-01-08 10:00:00,102.708106995,0.6064433398189715
2387,2019-01-08 11:00:00,102.732154846,0.2274202121593124
2388,2019-01-08 12:00:00,102.75415802,0.693388189539319
2389,2019-01-08 13:00:00,102.77166748,0.8981308562710736
2390,2019-01-08 14:00:00,102.784538269,0.0883033630102884
2391,2019-01-08 15:00:00,102.791175842,0.32127496857532956
2392,2019-01-08 16:00:00,102.777305603,0.22274290775469785
2393,2019-01-08 17:00:00,102.74495697,0.6289456496534257
2394,2019-01-08 18:00:00,102.6979599,0.7853455410844735
2395,2019-01-08 19:00:00,102.63168335,0.1556928086956717
2396,2019-01-08 20:00:00,102.523422241,0.4082411959970743
2397,2019-01-08 21:00:00,102.390266418,0.5138070564190604
2398,2019-01-08 22:00:00,102.401374817,0.7005053628168447
2399,2019-01-08 23:00:00,102.40562439,0.0792059166014567
2400,2019-01-09 00:00:00,102.41230011,0.7456073630341442
2401,2019-01-09 01:00:00,102.420639038,0.8654322221325353
2402,2019-01-09 02:00:00,102.427101135,0.24117983355186268
2403,2019-01-09 03:00:00,102.432922363,0.9713371281794679
2404,2019-01-09 04:00:00,102.439880371,0.8068713038455202
2405,2019-01-09 05:00:00,102.44708252,0.22199587999761994
2406,2019-01-09 06:00:00,102.453544617,0.5187917088836403
2407,2019-01-09 07:00:00,102.460510254,0.6585034734083878
2408,2019-01-09 08:00:00,102.4637146,0.7214144103406765
2409,2019-01-09 09:00:00,102.470527649,0.7370121842179891
2410,2019-01-09 10:00:00,102.47807312,0.9146848646453672
2411,2019-01-09 11:00:00,102.485015869,0.06519773068599677
2412,2019-01-09 12:00:00,102.493728638,0.8591579893779876
2413,2019-01-09 13:00:00,102.50177002,0.8004642779912344
2414,2019-01-09 14:00:00,102.510894775,0.6489987598008495
2415,2019-01-09 15:00:00,102.511459351,0.16578965752540276
2416,2019-01-09 16:00:00,102.496810913,0.4894786115306424
2417,2019-01-09 17:00:00,102.463188171,0.2350221248123786
2418,2019-01-09 18:00:00,102.388580322,0.2327540948986846
2419,2019-01-09 19:00:00,102.281539917,0.9259848983859491
2420,2019-01-09 20:00:00,102.149017334,0.7230470480305393
2421,2019-01-09 21:00:00,102.021591187,0.6897404613721654
2422,2019-01-09 22:00:00,102.03527832,0.4271602646864713
2423,2019-01-09 23:00:00,102.048301697,0.597121943540534
2424,2019-01-10 00:00:00,102.061294556,0.44357369561660165
2425,2019-01-10 01:00:00,102.071769714,0.939106798815333
2426,2019-01-10 02:00:00,102.078605652,0.5522493551205692
2427,2019-01-10 03:00:00,102.082870483,0.8040567196050444
2428,2019-01-10 04:00:00,102.084655762,0.2390666791454925
2429,2019-01-10 05:00:00,102.086868286,0.03968165062708895
2430,2019-01-10 06:00:00,102.092727661,0.09031977127137414
2431,2019-01-10 07:00:00,102.098960876,0.7452297173213901
2432,2019-01-10 08:00:00,102.105766296,0.6112838601360445
2433,2019-01-10 09:00:00,102.113052368,0.15815336260479884
2434,2019-01-10 10:00:00,102.121116638,0.5482660102139008
2435,2019-01-10 11:00:00,102.130104065,0.2666556505344564
2436,2019-01-10 12:00:00,102.138549805,0.4675354526254093
2437,2019-01-10 13:00:00,102.147399902,0.7627641076055871
2438,2019-01-10 14:00:00,102.15574646,0.30485830000639136
2439,2019-01-10 15:00:00,102.158874512,0.9046656547778382
2440,2019-01-10 16:00:00,102.147277832,0.46765018528545443
2441,2019-01-10 17:00:00,102.112495422,0.5429608853709409
2442,2019-01-10 18:00:00,102.838775635,0.5073612966038208
2443,2019-01-10 19:00:00,102.87348938,0.21001862370679247
2444,2019-01-10 20:00:00,102.652748108,0.9890588365008518
2445,2019-01-10 21:00:00,102.063949585,0.1599583277649187
2446,2019-01-10 22:00:00,101.650550842,0.48365977862340737
2447,2019-01-10 23:00:00,101.272102356,0.7439770597091041
2448,2019-01-11 00:00:00,100.958358765,0.5160090208741709
2449,2019-01-11 01:00:00,100.699256897,0.07895585774871672
2450,2019-01-11 02:00:00,100.484779358,0.36637607328162314
2451,2019-01-11 03:00:00,100.30581665,0.7571038533593896
2452,2019-01-11 04:00:00,100.15712738,0.1289552028804617
2453,2019-01-11 05:00:00,100.030464172,0.5154895052676425
2454,2019-01-11 06:00:00,99.927970886,0.8817453375912266
2455,2019-01-11 07:00:00,99.843490601,0.5355887206747184
2456,2019-01-11 08:00:00,99.772666931,0.15418622360120515
2457,2019-01-11 09:00:00,99.708686829,0.8156778272978161
2458,2019-01-11 10:00:00,99.652938843,0.7928096109782312
2459,2019-01-11 11:00:00,99.603347778,0.007956170921771477
2460,2019-01-11 12:00:00,99.562431335,0.8168716991977494
2461,2019-01-11 13:00:00,99.528633118,0.9544217828256016
2462,2019-01-11 14:00:00,99.498352051,0.6612112332226104
2463,2019-01-11 15:00:00,99.463890076,0.6579661849973046
2464,2019-01-11 16:00:00,99.422920227,0.6546982167766161
2465,2019-01-11 17:00:00,99.377746582,0.0880714864472748
2466,2019-01-11 18:00:00,99.335700989,0.8996691480264699
2467,2019-01-11 19:00:00,99.282684326,0.6801936203367897
2468,2019-01-11 20:00:00,99.273025513,0.0862509759092861
2469,2019-01-11 21:00:00,99.2423172,0.39406068943596917
2470,2019-01-11 22:00:00,99.233894348,0.17407691485269938
2471,2019-01-11 23:00:00,99.278945923,0.8874968521998693
2472,2019-01-12 00:00:00,99.269454956,0.27692962882560146
2473,2019-01-12 01:00:00,99.257415771,0.522376931665339
2474,2019-01-12 02:00:00,99.246833801,0.8081299191894507
2475,2019-01-12 03:00:00,99.241638184,0.5669337923312445
2476,2019-01-12 04:00:00,99.239898682,0.15004742427851203
2477,2019-01-12 05:00:00,99.236366272,0.24591570566059384
2478,2019-01-12 06:00:00,99.233398438,0.9508936339841872
2479,2019-01-12 07:00:00,99.231521606,0.6271368208463632
2480,2019-01-12 08:00:00,99.362808228,0.054860441715624986
2481,2019-01-12 09:00:00,99.424636841,0.7686490587899466
2482,2019-01-12 10:00:00,99.562774658,0.36501199391503125
2483,2019-01-12 11:00:00,99.587036133,0.657430625879796
2484,2019-01-12 12:00:00,99.592544556,0.10129268168392114
2485,2019-01-12 13:00:00,99.603286743,0.5327216319981858
2486,2019-01-12 14:00:00,99.608261108,0.13532770962933294
2487,2019-01-12 15:00:00,99.604125977,0.5193480318233383
2488,2019-01-12 16:00:00,99.762458801,0.8955975423641058
2489,2019-01-12 17:00:00,99.881446838,0.3669602356499472
2490,2019-01-12 18:00:00,99.933776855,0.9768827830528762
2491,2019-01-12 19:00:00,100.038459778,0.46935852338538997
2492,2019-01-12 20:00:00,100.068374634,0.7164164321058945
2493,2019-01-12 21:00:00,100.281204224,0.316769299642111
2494,2019-01-12 22:00:00,100.317459106,0.4278088262340787
2495,2019-01-12 23:00:00,100.343177795,0.7379969710408852
2496,2019-01-13 00:00:00,100.341018677,0.09996187721731686
2497,2019-01-13 01:00:00,100.342697144,0.7646218340330774
2498,2019-01-13 02:00:00,100.341697693,0.7558575378108673
2499,2019-01-13 03:00:00,100.339584351,0.4656073291164118
2500,2019-01-13 04:00:00,100.338294983,0.3042260271414521
2501,2019-01-13 05:00:00,100.336128235,0.09693608523892572
2502,2019-01-13 06:00:00,100.334403992,0.8195808862830068
2503,2019-01-13 07:00:00,100.331001282,0.8227355582597807
2504,2019-01-13 08:00:00,100.325874329,0.46797441288862696
2505,2019-01-13 09:00:00,100.318489075,0.7034796889575105
2506,2019-01-13 10:00:00,100.312294006,0.7766770814915581
2507,2019-01-13 11:00:00,100.310066223,0.07999160809783712
2508,2019-01-13 12:00:00,100.305671692,0.06503179872952936
2509,2019-01-13 13:00:00,100.302726746,0.988520382726713
2510,2019-01-13 14:00:00,100.299674988,0.7099276055645434
2511,2019-01-13 15:00:00,100.293258667,0.10468144186741779
2512,2019-01-13 16:00:00,100.280891418,0.07433821099384852
2513,2019-01-13 17:00:00,100.400230408,0.1172159094700429
2514,2019-01-13 18:00:00,100.381645203,0.2231177615971507
2515,2019-01-13 19:00:00,100.359924316,0.345436718878966
2516,2019-01-13 20:00:00,101.233436584,0.7599431733960986
2517,2019-01-13 21:00:00,101.403381348,0.6580222727535529
2518,2019-01-13 22:00:00,101.49773407,0.35480329376952935
2519,2019-01-13 23:00:00,101.578269958,0.5821429106089576
2520,2019-01-14 00:00:00,101.581497192,0.7160182156121405
2521,2019-01-14 01:00:00,101.581825256,0.08409888178362102
2522,2019-01-14 02:00:00,101.582077026,0.9741553632627856
2523,2019-01-14 03:00:00,101.591270447,0.84884326019499
2524,2019-01-14 04:00:00,101.603736877,0.8763371239324045
2525,2019-01-14 05:00:00,101.616264343,0.12379855620068347
2526,2019-01-14 06:00:00,101.626922607,0.07419361900797261
2527,2019-01-14 07:00:00,101.635749817,0.14143900434833467
2528,2019-01-14 08:00:00,101.644882202,0.275787686972806
2529,2019-01-14 09:00:00,101.64691925,0.2090406026479219
2530,2019-01-14 10:00:00,101.64831543,0.3396162570895572
2531,2019-01-14 11:00:00,101.651901245,0.023218256244157742
2532,2019-01-14 12:00:00,101.653114319,0.3057114544630112
2533,2019-01-14 13:00:00,101.657264709,0.2512048135483763
2534,2019-01-14 14:00:00,101.655258179,0.7124952138743965
2535,2019-01-14 15:00:00,101.651161194,0.267374030983519
2536,2019-01-14 16:00:00,101.640388489,0.972243590987267
2537,2019-01-14 17:00:00,101.611236572,0.34944861224236934
2538,2019-01-14 18:00:00,101.550682068,0.4584201917127868
2539,2019-01-14 19:00:00,101.474716187,0.6224391991875611
2540,2019-01-14 20:00:00,101.36769104,0.9444451404238529
2541,2019-01-14 21:00:00,101.055412292,0.8050113741663635
2542,2019-01-14 22:00:00,100.643981934,0.43024014891873885
2543,2019-01-14 23:00:00,100.376327515,0.4086537687182902
2544,2019-01-15 00:00:00,100.155441284,0.9840597638087286
2545,2019-01-15 01:00:00,99.972091675,0.9672140323348407
2546,2019-01-15 02:00:00,99.820365906,0.016848859190057075
2547,2019-01-15 03:00:00,99.69329071,0.6241244933992542
2548,2019-01-15 04:00:00,99.589942932,0.6145309374644412
2549,2019-01-15 05:00:00,99.504020691,0.980664910121002
2550,2019-01-15 06:00:00,99.43183136,0.4237503435862672
2551,2019-01-15 07:00:00,99.371520996,0.791265422112321
2552,2019-01-15 08:00:00,99.325523376,0.5581241830694812
2553,2019-01-15 09:00:00,99.288742065,0.98954610850886
2554,2019-01-15 10:00:00,99.258079529,0.9448144557768662
2555,2019-01-15 11:00:00,99.233955383,0.7016245393821444
2556,2019-01-15 12:00:00,99.213615417,0.29806363040436
2557,2019-01-15 13:00:00,99.19909668,0.34988890185407995
2558,2019-01-15 14:00:00,99.187461853,0.4342094324720678
2559,2019-01-15 15:00:00,99.171356201,0.9323516210468931
2560,2019-01-15 16:00:00,99.146026611,0.4607091795810708
2561,2019-01-15 17:00:00,99.103607178,0.5844733390969868
2562,2019-01-15 18:00:00,99.269256592,0.7090496918814375
2563,2019-01-15 19:00:00,99.203361511,0.24321811168957186
2564,2019-01-15 20:00:00,99.379440308,0.9529367843052985
2565,2019-01-15 21:00:00,99.625648499,0.24969105055776553
2566,2019-01-15 22:00:00,100.459754944,0.19852334637728897
2567,2019-01-15 23:00:00,101.185623169,0.4117466455931208
2568,2019-01-16 00:00:00,101.403167725,0.7199955704017548
2569,2019-01-16 01:00:00,101.54359436,0.80276842547327
2570,2019-01-16 02:00:00,101.768218994,0.40203857045884017
2571,2019-01-16 03:00:00,101.783096313,0.9728427503868858
2572,2019-01-16 04:00:00,101.885978699,0.3827136356341966
2573,2019-01-16 05:00:00,101.963363647,0.3667434672635408
2574,2019-01-16 06:00:00,102.490653992,0.7385115651155298
2575,2019-01-16 07:00:00,103.345680237,0.8700609922380625
2576,2019-01-16 08:00:00,104.726799011,0.4228563606735194
2577,2019-01-16 09:00:00,105.275123596,0.4477285313148037
2578,2019-01-16 10:00:00,106.015670776,0.22713800441949217
2579,2019-01-16 11:00:00,106.184333801,0.5980519564448028
2580,2019-01-16 12:00:00,106.292442322,0.5830490678628253
2581,2019-01-16 13:00:00,106.830490112,0.10889371780636758
2582,2019-01-16 14:00:00,107.425231934,0.48353178878843295
2583,2019-01-16 15:00:00,107.593566895,0.5844344905128168
2584,2019-01-16 16:00:00,107.946960449,0.295112904389338
2585,2019-01-16 17:00:00,109.460914612,0.8717845008316663
2586,2019-01-16 18:00:00,110.756256104,0.29445368957764806
2587,2019-01-16 19:00:00,112.813865662,0.3065262904703129
2588,2019-01-16 20:00:00,114.364524841,0.4651868484855858
2589,2019-01-16 21:00:00,116.333648682,0.06987288996661256
2590,2019-01-16 22:00:00,116.929702759,0.8718948345164553
2591,2019-01-16 23:00:00,117.256622314,0.724075901515973
2592,2019-01-17 00:00:00,117.358436584,0.13585921387861621
2593,2019-01-17 01:00:00,117.460693359,0.7383316594391252
2594,2019-01-17 02:00:00,117.531806946,0.766096254268503
2595,2019-01-17 03:00:00,117.597259521,0.2736991449028886
2596,2019-01-17 04:00:00,117.668228149,0.6434356738735956
2597,2019-01-17 05:00:00,117.732200623,0.01160924820367859
2598,2019-01-17 06:00:00,117.797416687,0.01587447765397798
2599,2019-01-17 07:00:00,117.879203796,0.11903694504873186
2600,2019-01-17 08:00:00,117.975662231,0.4866944311989583
2601,2019-01-17 09:00:00,118.048881531,0.7247853562976133
2602,2019-01-17 10:00:00,118.102851868,0.538317226352035
2603,2019-01-17 11:00:00,118.141281128,0.4332047607469841
2604,2019-01-17 12:00:00,118.157600403,0.7663422609190718
2605,2019-01-17 13:00:00,118.169792175,0.07320091901446169
2606,2019-01-17 14:00:00,118.192230225,0.09967134438614433
2607,2019-01-17 15:00:00,118.204978943,0.4993610535061327
2608,2019-01-17 16:00:00,118.21182251,0.7511193748831838
2609,2019-01-17 17:00:00,118.200675964,0.14495648600688193
2610,2019-01-17 18:00:00,118.212875366,0.6170026841621781
2611,2019-01-17 19:00:00,118.237983704,0.957194967393849
2612,2019-01-17 20:00:00,119.452003479,0.07280992485288451
2613,2019-01-17 21:00:00,120.919799805,0.5735974077906374
2614,2019-01-17 22:00:00,121.884086609,0.4825577530154831
2615,2019-01-17 23:00:00,122.888999939,0.6876201541780068
2616,2019-01-18 00:00:00,124.568580627,0.03898655932709849
2617,2019-01-18 01:00:00,127.39289093,0.16288324155504585
2618,2019-01-18 02:00:00,128.657806396,0.5060551964556145
2619,2019-01-18 03:00:00,129.347610474,0.1568992696747561
2620,2019-01-18 04:00:00,129.896072388,0.4378943720709415
2621,2019-01-18 05:00:00,130.191726685,0.47438732393736593
2622,2019-01-18 06:00:00,131.697250366,0.34135494081217976
2623,2019-01-18 07:00:00,136.03515625,0.06206062766962339
2624,2019-01-18 08:00:00,138.647415161,0.7689826595514432
2625,2019-01-18 09:00:00,140.858306885,0.9585627803485662
2626,2019-01-18 10:00:00,143.000595093,0.9472729622197154
2627,2019-01-18 11:00:00,146.257080078,0.39754783138568683
2628,2019-01-18 12:00:00,147.076522827,0.5569066286562607
2629,2019-01-18 13:00:00,157.104034424,0.11309781458803547
2630,2019-01-18 14:00:00,157.619781494,0.20345040210982324
2631,2019-01-18 15:00:00,157.940109253,0.1577717587520271
2632,2019-01-18 16:00:00,158.247558594,0.09823830724103921
2633,2019-01-18 17:00:00,158.48286438,0.29663708429954916
2634,2019-01-18 18:00:00,158.677536011,0.7545441651363717
2635,2019-01-18 19:00:00,158.82460022,0.18579078072822208
2636,2019-01-18 20:00:00,158.964477539,0.025914852016807766
2637,2019-01-18 21:00:00,159.049362183,0.5864177848966013
2638,2019-01-18 22:00:00,159.090805054,0.3606666419502583
2639,2019-01-18 23:00:00,159.107589722,0.6477115755665641
2640,2019-01-19 00:00:00,159.114639282,0.4627770022235407
2641,2019-01-19 01:00:00,159.121139526,0.9620531412075642
2642,2019-01-19 02:00:00,159.126815796,0.3505460548406365
2643,2019-01-19 03:00:00,159.133728027,0.41883809440016617
2644,2019-01-19 04:00:00,159.142044067,0.9666986438607087
2645,2019-01-19 05:00:00,159.152130127,0.41924533700353606
2646,2019-01-19 06:00:00,159.162734985,0.0952416780614963
2647,2019-01-19 07:00:00,159.172546387,0.7756417926050003
2648,2019-01-19 08:00:00,159.182189941,0.9250419713518825
2649,2019-01-19 09:00:00,159.190093994,0.3038430333350971
2650,2019-01-19 10:00:00,159.194137573,0.11438832711678448
2651,2019-01-19 11:00:00,159.200561523,0.5613477502192805
2652,2019-01-19 12:00:00,159.199356079,0.5404771690857818
2653,2019-01-19 13:00:00,159.196075439,0.34763054608995636
2654,2019-01-19 14:00:00,159.187683105,0.9684568575536466
2655,2019-01-19 15:00:00,159.175994873,0.978543744713597
2656,2019-01-19 16:00:00,159.160064697,0.2589883099700673
2657,2019-01-19 17:00:00,159.140777588,0.5111352799701822
2658,2019-01-19 18:00:00,159.114547729,0.41833417464737677
2659,2019-01-19 19:00:00,159.081512451,0.9140191200464192
2660,2019-01-19 20:00:00,159.042892456,0.038058703470866706
2661,2019-01-19 21:00:00,159.004074097,0.08766033498975612
2662,2019-01-19 22:00:00,158.971359253,0.020550792132343787
2663,2019-01-19 23:00:00,158.964920044,0.6505986495895049
2664,2019-01-20 00:00:00,158.954956055,0.6875258837158785
2665,2019-01-20 01:00:00,158.945892334,0.10071979741258219
2666,2019-01-20 02:00:00,158.937637329,0.21648844714273363
2667,2019-01-20 03:00:00,158.93157959,0.166625330173635
2668,2019-01-20 04:00:00,158.929229736,0.8632060624750472
2669,2019-01-20 05:00:00,158.929092407,0.8787717651758506
2670,2019-01-20 06:00:00,158.938278198,0.8314636329691856
2671,2019-01-20 07:00:00,158.953033447,0.9830120659837205
2672,2019-01-20 08:00:00,158.966049194,0.38729331245037635
2673,2019-01-20 09:00:00,158.97567749,0.8150044946829961
2674,2019-01-20 10:00:00,158.982620239,0.24651334381618784
2675,2019-01-20 11:00:00,158.98979187,0.3195161967182968
2676,2019-01-20 12:00:00,158.995803833,0.9863756974305017
2677,2019-01-20 13:00:00,159.003509521,0.544746900060389
2678,2019-01-20 14:00:00,159.005859375,0.4753763755076058
2679,2019-01-20 15:00:00,159.0,0.5042845361544513
2680,2019-01-20 16:00:00,158.980606079,0.5895434415327231
2681,2019-01-20 17:00:00,158.94758606,0.4654933250146598
2682,2019-01-20 18:00:00,158.883789062,0.27373968249897185
2683,2019-01-20 19:00:00,158.787445068,0.4289532237819699
2684,2019-01-20 20:00:00,158.653518677,0.906535908704809
2685,2019-01-20 21:00:00,158.521652222,0.6089713671220918
2686,2019-01-20 22:00:00,158.413452148,0.8470026218676875
2687,2019-01-20 23:00:00,158.39239502,0.3870668468254733
2688,2019-01-21 00:00:00,158.365829468,0.6580409909722292
2689,2019-01-21 01:00:00,158.34375,0.738030662964051
2690,2019-01-21 02:00:00,158.334030151,0.4846577490873474
2691,2019-01-21 03:00:00,158.341308594,0.7611882746915023
2692,2019-01-21 04:00:00,158.348114014,0.1350234790547804
2693,2019-01-21 05:00:00,158.340362549,0.2694634266560004
2694,2019-01-21 06:00:00,158.344894409,0.07004917882094763
2695,2019-01-21 07:00:00,158.333587646,0.7958756641225211
2696,2019-01-21 08:00:00,158.324249268,0.9216320231399703
2697,2019-01-21 09:00:00,158.315795898,0.6186151923525787
2698,2019-01-21 10:00:00,158.309616089,0.49139308831246054
2699,2019-01-21 11:00:00,158.307052612,0.9972311101610073
2700,2019-01-21 12:00:00,158.304504395,0.6842213740962484
2701,2019-01-21 13:00:00,158.298431396,0.5366289271045612
2702,2019-01-21 14:00:00,158.293289185,0.5091995120597879
2703,2019-01-21 15:00:00,158.284545898,0.5775203014403566
2704,2019-01-21 16:00:00,158.273040771,0.10285427087116905
2705,2019-01-21 17:00:00,158.262451172,0.521159079645157
2706,2019-01-21 18:00:00,160.880355835,0.811209577206669
2707,2019-01-21 19:00:00,161.382278442,0.4872000089126254
2708,2019-01-21 20:00:00,161.726272583,0.8387387450196695
2709,2019-01-21 21:00:00,162.013839722,0.6147541539108181
2710,2019-01-21 22:00:00,162.222106934,0.4467322699961388
2711,2019-01-21 23:00:00,162.307723999,0.3957087103114524
2712,2019-01-22 00:00:00,162.321990967,0.4264136581845467
2713,2019-01-22 01:00:00,162.331115723,0.12322865858387744
2714,2019-01-22 02:00:00,162.345077515,0.7552198128851771
2715,2019-01-22 03:00:00,162.359603882,0.22016253555863263
2716,2019-01-22 04:00:00,162.370666504,0.7867994553256629
2717,2019-01-22 05:00:00,162.385848999,0.900355892896219
2718,2019-01-22 06:00:00,164.900360107,0.07852239075350198
2719,2019-01-22 07:00:00,165.128555298,0.47338485248347795
2720,2019-01-22 08:00:00,165.385757446,0.4563119191300482
2721,2019-01-22 09:00:00,165.542892456,0.27376406478065063
2722,2019-01-22 10:00:00,165.683258057,0.15829900982244238
2723,2019-01-22 11:00:00,165.85774231,0.8864189627499534
2724,2019-01-22 12:00:00,166.002746582,0.41596282358520065
2725,2019-01-22 13:00:00,166.14352417,0.6436983767163935
2726,2019-01-22 14:00:00,166.280761719,0.6414373299823984
2727,2019-01-22 15:00:00,166.410247803,0.7839348173985544
2728,2019-01-22 16:00:00,166.495529175,0.0005017440167094378
2729,2019-01-22 17:00:00,166.550460815,0.43978086738540323
2730,2019-01-22 18:00:00,166.583099365,0.5937379674149544
2731,2019-01-22 19:00:00,166.66847229,0.11212369835371239
2732,2019-01-22 20:00:00,166.728561401,0.8720014336764522
2733,2019-01-22 21:00:00,166.750091553,0.3858010426101478
2734,2019-01-22 22:00:00,166.743728638,0.909879123495047
2735,2019-01-22 23:00:00,166.752227783,0.6126827797724688
2736,2019-01-23 00:00:00,166.756530762,0.7965265900844622
2737,2019-01-23 01:00:00,166.75730896,0.8368447324934774
2738,2019-01-23 02:00:00,166.757324219,0.6672368252378635
2739,2019-01-23 03:00:00,166.754333496,0.5188945491614608
2740,2019-01-23 04:00:00,166.754257202,0.341548198782033
2741,2019-01-23 05:00:00,166.753448486,0.13808464988638625
2742,2019-01-23 06:00:00,166.753204346,0.8938330263291004
2743,2019-01-23 07:00:00,166.75302124,0.05229279450374236
2744,2019-01-23 08:00:00,166.747390747,0.790398277280847
2745,2019-01-23 09:00:00,166.738311768,0.18208515446206208
2746,2019-01-23 10:00:00,166.726974487,0.7965650431861266
2747,2019-01-23 11:00:00,166.731369019,0.47172454347628
2748,2019-01-23 12:00:00,166.733764648,0.0406175835652931
2749,2019-01-23 13:00:00,166.731994629,0.3090794149297905
2750,2019-01-23 14:00:00,166.729812622,0.21658599936160206
2751,2019-01-23 15:00:00,166.724456787,0.035559410406113656
2752,2019-01-23 16:00:00,166.717071533,0.6639447514779777
2753,2019-01-23 17:00:00,166.706848145,0.08248331964073441
2754,2019-01-23 18:00:00,166.691223145,0.27299209873173835
2755,2019-01-23 19:00:00,171.233520508,0.5808730697801848
2756,2019-01-23 20:00:00,171.720428467,0.052966026757304
2757,2019-01-23 21:00:00,172.139450073,0.9639106531939236
2758,2019-01-23 22:00:00,172.463546753,0.6137694979754283
2759,2019-01-23 23:00:00,172.686386108,0.6003061543191552
2760,2019-01-24 00:00:00,172.743179321,0.14936210325147647
2761,2019-01-24 01:00:00,172.781066895,0.34003254775386116
2762,2019-01-24 02:00:00,172.846832275,0.6451865499512494
2763,2019-01-24 03:00:00,172.907913208,0.21270191957903795
2764,2019-01-24 04:00:00,172.969818115,0.3490820830854543
2765,2019-01-24 05:00:00,173.019302368,0.2748370115055937
2766,2019-01-24 06:00:00,173.062530518,0.31351173862683146
2767,2019-01-24 07:00:00,173.102279663,0.716879330864165
2768,2019-01-24 08:00:00,173.128295898,0.2676942514278481
2769,2019-01-24 09:00:00,173.159683228,0.11120077271017115
2770,2019-01-24 10:00:00,173.177246094,0.9209865873548867
2771,2019-01-24 11:00:00,173.188156128,0.47923490706652305
2772,2019-01-24 12:00:00,173.199523926,0.5154489000325312
2773,2019-01-24 13:00:00,173.567977905,0.44974231373467355
2774,2019-01-24 14:00:00,173.945281982,0.5953780887181099
2775,2019-01-24 15:00:00,174.1222229,0.444822414704485
2776,2019-01-24 16:00:00,174.280517578,0.1886108871930401
2777,2019-01-24 17:00:00,174.4584198,0.32614088564298815
2778,2019-01-24 18:00:00,174.635925293,0.5842803022299601
2779,2019-01-24 19:00:00,174.782058716,0.03311235550759761
2780,2019-01-24 20:00:00,174.919204712,0.46864340311121977
2781,2019-01-24 21:00:00,174.992736816,0.9511037338563351
2782,2019-01-24 22:00:00,175.014526367,0.8220443041631488
2783,2019-01-24 23:00:00,175.027877808,0.005767630252322076
2784,2019-01-25 00:00:00,175.032440186,0.9015353345481382
2785,2019-01-25 01:00:00,175.041061401,0.9387351057540466
2786,2019-01-25 02:00:00,175.047821045,0.24136837352029195
2787,2019-01-25 03:00:00,175.051971436,0.5760904143428236
2788,2019-01-25 04:00:00,175.053359985,0.30636587647808333
2789,2019-01-25 05:00:00,175.057693481,0.20486599696729613
2790,2019-01-25 06:00:00,175.064224243,0.5549447604019875
2791,2019-01-25 07:00:00,175.369888306,0.10706700722391338
2792,2019-01-25 08:00:00,175.428665161,0.6854246240758631
2793,2019-01-25 09:00:00,175.475753784,0.10296322397367519
2794,2019-01-25 10:00:00,175.509078979,0.31640543693861034
2795,2019-01-25 11:00:00,175.537124634,0.6331039119520123
2796,2019-01-25 12:00:00,175.557403564,0.20393181895966006
2797,2019-01-25 13:00:00,175.570404053,0.8316862175343083
2798,2019-01-25 14:00:00,175.576370239,0.46533133832897544
2799,2019-01-25 15:00:00,175.574905396,0.4998363921551763
2800,2019-01-25 16:00:00,175.571975708,0.1670524503471491
2801,2019-01-25 17:00:00,175.567260742,0.7972276042972208
2802,2019-01-25 18:00:00,175.553329468,0.6786709766839625
2803,2019-01-25 19:00:00,175.531524658,0.2673263780458146
2804,2019-01-25 20:00:00,175.499908447,0.653759277086697
2805,2019-01-25 21:00:00,175.468994141,0.7722869553965149
2806,2019-01-25 22:00:00,175.437561035,0.3497528198684602
2807,2019-01-25 23:00:00,175.432510376,0.36096671172535455
2808,2019-01-26 00:00:00,175.429702759,0.1713530803233596
2809,2019-01-26 01:00:00,175.428527832,0.6795220850803669
2810,2019-01-26 02:00:00,175.422729492,0.10179128716856056
2811,2019-01-26 03:00:00,175.408035278,0.7508465531497962
2812,2019-01-26 04:00:00,175.401290894,0.07929587380176484
2813,2019-01-26 05:00:00,175.396636963,0.3122514979451805
2814,2019-01-26 06:00:00,175.388305664,0.1646805504976896
2815,2019-01-26 07:00:00,175.385253906,0.15795447762269865
2816,2019-01-26 08:00:00,175.383331299,0.1738587765210584
2817,2019-01-26 09:00:00,175.380569458,0.4937725931389718
2818,2019-01-26 10:00:00,175.376235962,0.08725083351088703
2819,2019-01-26 11:00:00,175.373855591,0.22035896744470163
2820,2019-01-26 12:00:00,175.366104126,0.4891925560787137
2821,2019-01-26 13:00:00,175.355529785,0.26296540458670625
2822,2019-01-26 14:00:00,175.342483521,0.8053468086927515
2823,2019-01-26 15:00:00,175.328018188,0.22338977240904045
2824,2019-01-26 16:00:00,175.30897522,0.43792839235215053
2825,2019-01-26 17:00:00,175.289672852,0.7089392723072914
2826,2019-01-26 18:00:00,175.26109314,0.2011487565123713
2827,2019-01-26 19:00:00,175.232009888,0.5520017104271249
2828,2019-01-26 20:00:00,175.171691895,0.3355937802850898
2829,2019-01-26 21:00:00,175.109954834,0.145363848129608
2830,2019-01-26 22:00:00,175.068099976,0.9714093453628548
2831,2019-01-26 23:00:00,175.058425903,0.5129626652910819
2832,2019-01-27 00:00:00,175.05065918,0.6062972155786759
2833,2019-01-27 01:00:00,175.04524231,0.16598175620652977
2834,2019-01-27 02:00:00,175.035934448,0.5876084545418222
2835,2019-01-27 03:00:00,175.02255249,0.9044169622289945
2836,2019-01-27 04:00:00,175.007583618,0.9417235341186159
2837,2019-01-27 05:00:00,174.989944458,0.5294663736928613
2838,2019-01-27 06:00:00,174.97543335,0.11579727704887388
2839,2019-01-27 07:00:00,174.961273193,0.5636779575057903
2840,2019-01-27 08:00:00,174.941970825,0.31541794830410985
2841,2019-01-27 09:00:00,174.92024231,0.27906973579688166
2842,2019-01-27 10:00:00,174.898910522,0.5222723524123372
2843,2019-01-27 11:00:00,174.879455566,0.5667265582887236
2844,2019-01-27 12:00:00,174.860595703,0.8659431442717692
2845,2019-01-27 13:00:00,174.843536377,0.9538865792168336
2846,2019-01-27 14:00:00,174.826095581,0.47821389487927357
2847,2019-01-27 15:00:00,174.808517456,0.13643993450529446
2848,2019-01-27 16:00:00,174.787887573,0.556721263887027
2849,2019-01-27 17:00:00,174.76071167,0.8700660514342754
2850,2019-01-27 18:00:00,174.720046997,0.961236807833424
2851,2019-01-27 19:00:00,174.680770874,0.6765867456824313
2852,2019-01-27 20:00:00,174.626098633,0.8905678642404569
2853,2019-01-27 21:00:00,174.553909302,0.3667902416326222
2854,2019-01-27 22:00:00,174.505523682,0.16517580487827144
2855,2019-01-27 23:00:00,174.487319946,0.054404388519854185
2856,2019-01-28 00:00:00,174.471893311,0.2723265384093865
2857,2019-01-28 01:00:00,174.458343506,0.7186073170750836
2858,2019-01-28 02:00:00,174.442932129,0.5906823475944916
2859,2019-01-28 03:00:00,174.436462402,0.6354243933217278
2860,2019-01-28 04:00:00,174.435516357,0.40427262425035115
2861,2019-01-28 05:00:00,174.434143066,0.010891556359601373
2862,2019-01-28 06:00:00,174.432067871,0.784087361879657
2863,2019-01-28 07:00:00,174.431274414,0.4782739287051406
2864,2019-01-28 08:00:00,174.431228638,0.6740976834009182
2865,2019-01-28 09:00:00,174.430206299,0.6489407592630354
2866,2019-01-28 10:00:00,174.424713135,0.41439695935189824
2867,2019-01-28 11:00:00,174.427932739,0.239100754668916
2868,2019-01-28 12:00:00,174.431930542,0.9442178339239317
2869,2019-01-28 13:00:00,174.43296814,0.15366598385731567
2870,2019-01-28 14:00:00,174.434844971,0.8442478054996754
2871,2019-01-28 15:00:00,174.43637085,0.5605040748186451
2872,2019-01-28 16:00:00,174.435653687,0.3495201050720127
2873,2019-01-28 17:00:00,174.432693481,0.11256602820041839
2874,2019-01-28 18:00:00,174.424057007,0.3173489547586801
2875,2019-01-28 19:00:00,174.405731201,0.9905209066501903
2876,2019-01-28 20:00:00,174.382125854,0.4540145079080018
2877,2019-01-28 21:00:00,174.357589722,0.34686081117602163
2878,2019-01-28 22:00:00,174.335617065,0.14768852240952424
2879,2019-01-28 23:00:00,174.332061768,0.42301609169282894
2880,2019-01-29 00:00:00,174.32170105,0.5094385340006805
2881,2019-01-29 01:00:00,174.311279297,0.8832323816482811
2882,2019-01-29 02:00:00,174.296188354,0.23251004357228022
2883,2019-01-29 03:00:00,174.282943726,0.4180708646259367
2884,2019-01-29 04:00:00,174.268157959,0.9108950851715358
2885,2019-01-29 05:00:00,174.242584229,0.3637356982927068
2886,2019-01-29 06:00:00,174.217987061,0.2027210096790053
2887,2019-01-29 07:00:00,174.194320679,0.1809694077920595
2888,2019-01-29 08:00:00,174.175491333,0.635783787691712
2889,2019-01-29 09:00:00,174.151885986,0.6737206755432795
2890,2019-01-29 10:00:00,174.131561279,0.21091415444812545
2891,2019-01-29 11:00:00,174.11807251,0.5918016143633085
2892,2019-01-29 12:00:00,174.106582642,0.8027996941212232
2893,2019-01-29 13:00:00,174.095687866,0.5348571248035603
2894,2019-01-29 14:00:00,174.088226318,0.02495914919800224
2895,2019-01-29 15:00:00,174.075256348,0.9141034729574248
2896,2019-01-29 16:00:00,174.05116272,0.30035575729540354
2897,2019-01-29 17:00:00,174.015304565,0.23797491749051103
2898,2019-01-29 18:00:00,173.969161987,0.036686530754823754
2899,2019-01-29 19:00:00,173.915374756,0.3014994010212467
2900,2019-01-29 20:00:00,173.851669312,0.11961084492203478
2901,2019-01-29 21:00:00,173.792190552,0.16608221116508426
2902,2019-01-29 22:00:00,173.736831665,0.9820031524547971
2903,2019-01-29 23:00:00,173.720092773,0.665393084415503
2904,2019-01-30 00:00:00,173.702896118,0.7500915841845783
2905,2019-01-30 01:00:00,173.68081665,0.6115495969585216
2906,2019-01-30 02:00:00,173.650360107,0.516852110933278
2907,2019-01-30 03:00:00,173.620986938,0.26322469628781353
2908,2019-01-30 04:00:00,173.596069336,0.8636175306970294
2909,2019-01-30 05:00:00,173.576782227,0.32389236577216396
2910,2019-01-30 06:00:00,173.55178833,0.39973504926585546
2911,2019-01-30 07:00:00,173.5262146,0.35037616716463027
2912,2019-01-30 08:00:00,173.501800537,0.6576767550163034
2913,2019-01-30 09:00:00,173.477783203,0.7063417433139731
2914,2019-01-30 10:00:00,173.450561523,0.7846910682357728
2915,2019-01-30 11:00:00,173.426925659,0.5787852232107303
2916,2019-01-30 12:00:00,173.405639648,0.28774766802864227
2917,2019-01-30 13:00:00,173.381072998,0.7292125324276566
2918,2019-01-30 14:00:00,173.371276855,0.825595902765819
2919,2019-01-30 15:00:00,173.357452393,0.27613828661076734
2920,2019-01-30 16:00:00,173.337463379,0.1639259158783759
2921,2019-01-30 17:00:00,173.301300049,0.29356945028134174
2922,2019-01-30 18:00:00,173.244415283,0.2839276219374337
2923,2019-01-30 19:00:00,173.16104126,0.31289544358554666
2924,2019-01-30 20:00:00,173.065689087,0.4410680690597698
2925,2019-01-30 21:00:00,172.994949341,0.2117072837545978
2926,2019-01-30 22:00:00,172.939910889,0.49662981888016056
2927,2019-01-30 23:00:00,172.913619995,0.07706620703306355
2928,2019-01-31 00:00:00,172.898178101,0.590990771227288
2929,2019-01-31 01:00:00,172.888168335,0.266752018912364
2930,2019-01-31 02:00:00,172.870513916,0.7170805220365237
2931,2019-01-31 03:00:00,172.856170654,0.057602037170936926
2932,2019-01-31 04:00:00,172.836303711,0.05468140302048252
2933,2019-01-31 05:00:00,172.813140869,0.505086337871817
2934,2019-01-31 06:00:00,172.790557861,0.12613929842970206
2935,2019-01-31 07:00:00,172.79083252,0.3660851499316057
2936,2019-01-31 08:00:00,172.778808594,0.45840777105804764
2937,2019-01-31 09:00:00,172.764785767,0.7591659041613232
2938,2019-01-31 10:00:00,172.747192383,0.15831127426984581
2939,2019-01-31 11:00:00,172.728500366,0.1426941787274546
2940,2019-01-31 12:00:00,172.711425781,0.626109019905641
2941,2019-01-31 13:00:00,172.695587158,0.21174020575254948
2942,2019-01-31 14:00:00,172.679351807,0.20138529847763986
2943,2019-01-31 15:00:00,172.660461426,0.7863759126336382
2944,2019-01-31 16:00:00,172.638259888,0.6125871407734385
2945,2019-01-31 17:00:00,172.604980469,0.7310921019163189
2946,2019-01-31 18:00:00,172.550384521,0.5824702687431713
2947,2019-01-31 19:00:00,172.472091675,0.4229798925318127
2948,2019-01-31 20:00:00,172.371276855,0.8819347317625291
2949,2019-01-31 21:00:00,172.267364502,0.7286638889362314
2950,2019-01-31 22:00:00,172.184661865,0.5120054735432175
2951,2019-01-31 23:00:00,172.193817139,0.6485010874292045
2952,2019-02-01 00:00:00,172.203063965,0.7628590153138307
2953,2019-02-01 01:00:00,172.210693359,0.41140969696645435
2954,2019-02-01 02:00:00,172.215881348,0.21308800647831627
2955,2019-02-01 03:00:00,172.224777222,0.7575669931230379
2956,2019-02-01 04:00:00,172.233734131,0.5957083231423518
2957,2019-02-01 05:00:00,172.241104126,0.04028105125922332
2958,2019-02-01 06:00:00,172.24710083,0.805169850919003
2959,2019-02-01 07:00:00,172.251815796,0.15800282489584871
2960,2019-02-01 08:00:00,172.256561279,0.613552443432869
2961,2019-02-01 09:00:00,172.261413574,0.6243905373014673
2962,2019-02-01 10:00:00,172.265716553,0.5911505186670689
2963,2019-02-01 11:00:00,172.270019531,0.40563826610478504
2964,2019-02-01 12:00:00,172.273971558,0.35066772718450123
2965,2019-02-01 13:00:00,172.277664185,0.864106918399466
2966,2019-02-01 14:00:00,172.281005859,0.08458260008143414
2967,2019-02-01 15:00:00,172.280212402,0.5576797084916676
2968,2019-02-01 16:00:00,172.270935059,0.34460346559015953
2969,2019-02-01 17:00:00,172.229309082,0.20738994641066189
2970,2019-02-01 18:00:00,172.139480591,0.8193403266010582
2971,2019-02-01 19:00:00,172.018035889,0.5332749546195525
2972,2019-02-01 20:00:00,171.88923645,0.42822941692597927
2973,2019-02-01 21:00:00,171.783172607,0.9955142767637656
2974,2019-02-01 22:00:00,171.700546265,0.3552247519419791
2975,2019-02-01 23:00:00,171.717697144,0.9753346916349044
2976,2019-02-02 00:00:00,171.735015869,0.27251897766384825
2977,2019-02-02 01:00:00,171.747161865,0.17694718128511855
2978,2019-02-02 02:00:00,171.755401611,0.9382144148834985
2979,2019-02-02 03:00:00,171.766265869,0.1726228078877038
2980,2019-02-02 04:00:00,171.774505615,0.4046345776513911
2981,2019-02-02 05:00:00,171.782440186,0.3026571378881384
2982,2019-02-02 06:00:00,171.78944397,0.6067526341034134
2983,2019-02-02 07:00:00,171.797943115,0.011436468296802227
2984,2019-02-02 08:00:00,171.807678223,0.4718014603615729
2985,2019-02-02 09:00:00,171.815429688,0.8584691429532922
2986,2019-02-02 10:00:00,171.823547363,0.5814537162034261
2987,2019-02-02 11:00:00,171.836410522,0.08925176786489764
2988,2019-02-02 12:00:00,171.843612671,0.27247532683171105
2989,2019-02-02 13:00:00,171.851379395,0.028269389059765948
2990,2019-02-02 14:00:00,171.859405518,0.3227972806490339
2991,2019-02-02 15:00:00,171.864593506,0.23681463213117315
2992,2019-02-02 16:00:00,171.860748291,0.8317527057384941
2993,2019-02-02 17:00:00,171.832611084,0.47643243524539713
2994,2019-02-02 18:00:00,171.770050049,0.2271558648100087
2995,2019-02-02 19:00:00,171.672714233,0.4800081520531583
2996,2019-02-02 20:00:00,171.56237793,0.6821376558356806
2997,2019-02-02 21:00:00,171.468521118,0.02833428359559953
2998,2019-02-02 22:00:00,171.399597168,0.3945335214915855
2999,2019-02-02 23:00:00,171.400604248,0.6887228363700996
3000,2019-02-03 00:00:00,171.402770996,0.1409199085879853
3001,2019-02-03 01:00:00,171.402648926,0.8959308009103576
3002,2019-02-03 02:00:00,171.410873413,0.19345009741578745
3003,2019-02-03 03:00:00,171.422027588,0.3875852165783894
3004,2019-02-03 04:00:00,171.434310913,0.46552077846173334
3005,2019-02-03 05:00:00,171.446533203,0.9157802083681148
3006,2019-02-03 06:00:00,171.459182739,0.6742471829514184
3007,2019-02-03 07:00:00,171.476043701,0.7414928972894992
3008,2019-02-03 08:00:00,171.490997314,0.8040503681795624
3009,2019-02-03 09:00:00,171.510681152,0.2620911437055695
3010,2019-02-03 10:00:00,171.792175293,0.8794715355529166
3011,2019-02-03 11:00:00,172.65574646,0.12165901158381198
3012,2019-02-03 12:00:00,175.013595581,0.007539903472899345
3013,2019-02-03 13:00:00,175.932312012,0.017945406608447567
3014,2019-02-03 14:00:00,176.245452881,0.04350065136494574
3015,2019-02-03 15:00:00,176.561630249,0.8036187510602749
3016,2019-02-03 16:00:00,176.78364563,0.5284011897110662
3017,2019-02-03 17:00:00,176.981002808,0.02056409804127235
3018,2019-02-03 18:00:00,177.210632324,0.9090098157948955
3019,2019-02-03 19:00:00,177.790878296,0.4646928908778569
3020,2019-02-03 20:00:00,178.410644531,0.2090215358886176
3021,2019-02-03 21:00:00,180.335647583,0.3869001819015435
3022,2019-02-03 22:00:00,183.273010254,0.5256880559378774
3023,2019-02-03 23:00:00,184.369873047,0.008897936787899186
3024,2019-02-04 00:00:00,184.988601685,0.34408039814577707
3025,2019-02-04 01:00:00,185.302612305,0.8189499852820987
3026,2019-02-04 02:00:00,185.410430908,0.7131818741142371
3027,2019-02-04 03:00:00,185.598815918,0.8327793851396319
3028,2019-02-04 04:00:00,185.744949341,0.757231692362377
3029,2019-02-04 05:00:00,185.854278564,0.7612780053808544
3030,2019-02-04 06:00:00,185.919876099,0.1400212981240897
3031,2019-02-04 07:00:00,186.015808105,0.3842977602535984
3032,2019-02-04 08:00:00,186.114196777,0.3385431257230489
3033,2019-02-04 09:00:00,186.238372803,0.7652739154665565
3034,2019-02-04 10:00:00,186.345794678,0.016962056469012943
3035,2019-02-04 11:00:00,186.424957275,0.4320829099901943
3036,2019-02-04 12:00:00,186.505081177,0.9265358593861507
3037,2019-02-04 13:00:00,186.598678589,0.8814571206928616
3038,2019-02-04 14:00:00,186.669845581,0.6078293881347309
3039,2019-02-04 15:00:00,186.735809326,0.07164380986545915
3040,2019-02-04 16:00:00,186.819503784,0.38731257501909755
3041,2019-02-04 17:00:00,186.871078491,0.5545056905258218
3042,2019-02-04 18:00:00,187.050674438,0.709061106141354
3043,2019-02-04 19:00:00,187.26940918,0.7196623403923004
3044,2019-02-04 20:00:00,187.502258301,0.4054764749776527
3045,2019-02-04 21:00:00,190.864196777,0.07675246219339182
3046,2019-02-04 22:00:00,191.735061646,0.5538359287393451
3047,2019-02-04 23:00:00,192.454788208,0.5518623097232012
3048,2019-02-05 00:00:00,193.06741333,0.7106684572274823
3049,2019-02-05 01:00:00,193.480484009,0.6153396230378169
3050,2019-02-05 02:00:00,193.809768677,0.005407401712600235
3051,2019-02-05 03:00:00,194.206588745,0.7382430201042567
3052,2019-02-05 04:00:00,194.439834595,0.19626737013564344
3053,2019-02-05 05:00:00,194.735153198,0.037738638866433916
3054,2019-02-05 06:00:00,195.00932312,0.1271796803173607
3055,2019-02-05 07:00:00,195.232208252,0.35058487058417054
3056,2019-02-05 08:00:00,195.425445557,0.8931059828861072
3057,2019-02-05 09:00:00,195.55178833,0.9371835381989362
3058,2019-02-05 10:00:00,195.646087646,0.1889382999091379
3059,2019-02-05 11:00:00,195.721893311,0.4873530878785769
3060,2019-02-05 12:00:00,195.754318237,0.5844775952605218
3061,2019-02-05 13:00:00,195.800140381,0.39603695180379905
3062,2019-02-05 14:00:00,195.849502563,0.24824349089326625
3063,2019-02-05 15:00:00,195.895217896,0.5359343365571346
3064,2019-02-05 16:00:00,195.932281494,0.9663969145959077
3065,2019-02-05 17:00:00,195.956436157,0.4781860754827916
3066,2019-02-05 18:00:00,195.971221924,0.720288370371059
3067,2019-02-05 19:00:00,204.080963135,0.6806202746546255
3068,2019-02-05 20:00:00,204.628799438,0.9015992294897057
3069,2019-02-05 21:00:00,205.046035767,0.6421605331602813
3070,2019-02-05 22:00:00,205.381072998,0.453213120226133
3071,2019-02-05 23:00:00,205.59437561,0.6394565319652152
3072,2019-02-06 00:00:00,205.661376953,0.3422472785306625
3073,2019-02-06 01:00:00,205.706634521,0.010221011650146994
3074,2019-02-06 02:00:00,205.749084473,0.07830433240865564
3075,2019-02-06 03:00:00,205.810546875,0.04907914222218934
3076,2019-02-06 04:00:00,205.857925415,0.10252076336528637
3077,2019-02-06 05:00:00,205.907531738,0.7475483599263778
3078,2019-02-06 06:00:00,205.942947388,0.1862903011589646
3079,2019-02-06 07:00:00,205.978500366,0.0791707608683897
3080,2019-02-06 08:00:00,206.514343262,0.22218930581708318
3081,2019-02-06 09:00:00,206.618682861,0.0027747872784592564
3082,2019-02-06 10:00:00,207.682693481,0.49329579731050477
3083,2019-02-06 11:00:00,208.490188599,0.9377632066459772
3084,2019-02-06 12:00:00,209.958282471,0.022203508874761524
3085,2019-02-06 13:00:00,210.380493164,0.6567098567334329
3086,2019-02-06 14:00:00,212.102264404,0.567331510024865
3087,2019-02-06 15:00:00,213.341140747,0.8291910828147722
3088,2019-02-06 16:00:00,214.168167114,0.9803087153426803
3089,2019-02-06 17:00:00,214.784194946,0.17979353054980096
3090,2019-02-06 18:00:00,215.903320312,0.4743223851535414
3091,2019-02-06 19:00:00,218.346130371,0.424628691146554
3092,2019-02-06 20:00:00,219.827392578,0.8472556829857204
3093,2019-02-06 21:00:00,220.224746704,0.655251605384174
3094,2019-02-06 22:00:00,220.532562256,0.017431116250481882
3095,2019-02-06 23:00:00,220.753219604,0.6887355085813867
3096,2019-02-07 00:00:00,220.81690979,0.8266045398157461
3097,2019-02-07 01:00:00,220.863082886,0.35503095095180803
3098,2019-02-07 02:00:00,220.915390015,0.3427840803255505
3099,2019-02-07 03:00:00,220.961257935,0.7945704051729232
3100,2019-02-07 04:00:00,220.997268677,0.28071152137832067
3101,2019-02-07 05:00:00,221.032058716,0.751539198064144
3102,2019-02-07 06:00:00,221.840438843,0.849697500416395
3103,2019-02-07 07:00:00,221.931503296,0.4981706150932397
3104,2019-02-07 08:00:00,222.034240723,0.9337268014105308
3105,2019-02-07 09:00:00,222.134872437,0.7622696365640897
3106,2019-02-07 10:00:00,222.211380005,0.7825532215233952
3107,2019-02-07 11:00:00,222.267333984,0.3208221169643575
3108,2019-02-07 12:00:00,222.30682373,0.8128589251082725
3109,2019-02-07 13:00:00,222.340042114,0.7716066556654521
3110,2019-02-07 14:00:00,222.37310791,0.8102413199680608
3111,2019-02-07 15:00:00,222.398605347,0.4131964832337701
3112,2019-02-07 16:00:00,222.413833618,0.19341011572142042
3113,2019-02-07 17:00:00,222.437484741,0.6390850525257192
3114,2019-02-07 18:00:00,222.465911865,0.4341756663584625
3115,2019-02-07 19:00:00,222.507141113,0.33049046425221074
3116,2019-02-07 20:00:00,222.553192139,0.24012620013135533
3117,2019-02-07 21:00:00,222.573135376,0.5793034929405658
3118,2019-02-07 22:00:00,222.578887939,0.5092216736741204
3119,2019-02-07 23:00:00,222.588912964,0.8846705916617992
3120,2019-02-08 00:00:00,222.594818115,0.35564177628421667
3121,2019-02-08 01:00:00,222.597473145,0.36520920334071705
3122,2019-02-08 02:00:00,222.601806641,0.6180363267016237
3123,2019-02-08 03:00:00,222.605331421,0.7285508854589642
3124,2019-02-08 04:00:00,222.607498169,0.4520051331318996
3125,2019-02-08 05:00:00,222.609176636,0.39489466394693973
3126,2019-02-08 06:00:00,222.610427856,0.5770111549729521
3127,2019-02-08 07:00:00,222.612258911,0.8678506985654959
3128,2019-02-08 08:00:00,222.6144104,0.111619378253495
3129,2019-02-08 09:00:00,222.616394043,0.2645064120832985
3130,2019-02-08 10:00:00,222.618896484,0.41785434581259184
3131,2019-02-08 11:00:00,222.620315552,0.2135588830801891
3132,2019-02-08 12:00:00,222.620361328,0.3539894167785571
3133,2019-02-08 13:00:00,222.621002197,0.9477697763198832
3134,2019-02-08 14:00:00,222.619628906,0.7702070137243909
3135,2019-02-08 15:00:00,222.614837646,0.7478780775938805
3136,2019-02-08 16:00:00,222.606109619,0.954734889562962
3137,2019-02-08 17:00:00,222.578994751,0.4847502460399271
3138,2019-02-08 18:00:00,223.153442383,0.3232840711091588
3139,2019-02-08 19:00:00,223.240661621,0.4914829166663631
3140,2019-02-08 20:00:00,225.714920044,0.21386916726591787
3141,2019-02-08 21:00:00,226.114578247,0.7776309600184133
3142,2019-02-08 22:00:00,226.448074341,0.20868159699118005
3143,2019-02-08 23:00:00,226.692962646,0.10293775811217176
3144,2019-02-09 00:00:00,226.766937256,0.6223123438510573
3145,2019-02-09 01:00:00,226.823745728,0.6978391431812462
3146,2019-02-09 02:00:00,226.866714478,0.8683082966561363
3147,2019-02-09 03:00:00,226.926300049,0.1448424759619822
3148,2019-02-09 04:00:00,226.988311768,0.6724569511656288
3149,2019-02-09 05:00:00,227.051116943,0.14595613747214908
3150,2019-02-09 06:00:00,227.100296021,0.4900966240586192
3151,2019-02-09 07:00:00,227.140487671,0.21199804259587063
3152,2019-02-09 08:00:00,227.167251587,0.39468783307548694
3153,2019-02-09 09:00:00,227.18586731,0.7348642855752553
3154,2019-02-09 10:00:00,227.197631836,0.16802531014352706
3155,2019-02-09 11:00:00,227.205001831,0.8529924154430659
3156,2019-02-09 12:00:00,227.207122803,0.27950925516347414
3157,2019-02-09 13:00:00,227.207687378,0.18061437966185878
3158,2019-02-09 14:00:00,227.206817627,0.57333819587233
3159,2019-02-09 15:00:00,227.203964233,0.2852925879931175
3160,2019-02-09 16:00:00,227.200775146,0.5583664209878042
3161,2019-02-09 17:00:00,227.194580078,0.2915142124710086
3162,2019-02-09 18:00:00,227.190353394,0.3588765691036304
3163,2019-02-09 19:00:00,227.180709839,0.33113052910346785
3164,2019-02-09 20:00:00,227.162033081,0.08918559874024001
3165,2019-02-09 21:00:00,227.136566162,0.1635441948176387
3166,2019-02-09 22:00:00,227.113952637,0.20539448166014707
3167,2019-02-09 23:00:00,227.102981567,0.6021535100171977
3168,2019-02-10 00:00:00,227.091339111,0.338131889163813
3169,2019-02-10 01:00:00,227.081359863,0.8774684104115347
3170,2019-02-10 02:00:00,227.074371338,0.4205881478660338
3171,2019-02-10 03:00:00,227.066802979,0.44043038548336033
3172,2019-02-10 04:00:00,227.063690186,0.7027195028445606
3173,2019-02-10 05:00:00,227.063323975,0.16841526492670789
3174,2019-02-10 06:00:00,227.067779541,0.6729142055447771
3175,2019-02-10 07:00:00,227.069107056,0.26828158669109947
3176,2019-02-10 08:00:00,227.079208374,0.5142564704354581
3177,2019-02-10 09:00:00,227.089355469,0.11945929490267604
3178,2019-02-10 10:00:00,227.098953247,0.10273653359767954
3179,2019-02-10 11:00:00,227.107849121,0.6466982793535638
3180,2019-02-10 12:00:00,227.113235474,0.5690204180752367
3181,2019-02-10 13:00:00,227.113540649,0.12743339128202824
3182,2019-02-10 14:00:00,227.119018555,0.04610690616415769
3183,2019-02-10 15:00:00,227.115020752,0.24754685153700073
3184,2019-02-10 16:00:00,227.105545044,0.6254609412687078
3185,2019-02-10 17:00:00,227.084579468,0.8574883684948502
3186,2019-02-10 18:00:00,227.061340332,0.5455640603525725
3187,2019-02-10 19:00:00,227.042800903,0.9918702706785317
3188,2019-02-10 20:00:00,227.019851685,0.4092841296341817
3189,2019-02-10 21:00:00,226.99382019,0.7235475046091725
3190,2019-02-10 22:00:00,226.968215942,0.4330437731501322
3191,2019-02-10 23:00:00,226.953201294,0.9015888204334225
3192,2019-02-11 00:00:00,226.936447144,0.7279248011431418
3193,2019-02-11 01:00:00,226.920532227,0.4814620684450349
3194,2019-02-11 02:00:00,226.903137207,0.13549804320539538
3195,2019-02-11 03:00:00,226.885391235,0.6061116818212907
3196,2019-02-11 04:00:00,226.865982056,0.7310374851362433
3197,2019-02-11 05:00:00,226.848754883,0.7059259856997901
3198,2019-02-11 06:00:00,226.835510254,0.3717201446268409
3199,2019-02-11 07:00:00,226.824417114,0.9300233348882899
3200,2019-02-11 08:00:00,226.819824219,0.9047754056240958
3201,2019-02-11 09:00:00,226.819839478,0.6389635090032503
3202,2019-02-11 10:00:00,226.82244873,0.14685141514281586
3203,2019-02-11 11:00:00,226.825515747,0.6984535430121653
3204,2019-02-11 12:00:00,226.828720093,0.6856396952029095
3205,2019-02-11 13:00:00,226.951980591,0.1056686086333749
3206,2019-02-11 14:00:00,227.071975708,0.44930425599064727
3207,2019-02-11 15:00:00,227.144119263,0.554919347298181
3208,2019-02-11 16:00:00,227.207717896,0.3140105543547742
3209,2019-02-11 17:00:00,227.293945312,0.7588990862742582
3210,2019-02-11 18:00:00,227.324829102,0.7076395192871896
3211,2019-02-11 19:00:00,227.396072388,0.35775681499167467
3212,2019-02-11 20:00:00,227.445755005,0.6671515313665207
3213,2019-02-11 21:00:00,227.475906372,0.48215120017179225
3214,2019-02-11 22:00:00,227.481033325,0.45611864798423296
3215,2019-02-11 23:00:00,227.491165161,0.6497372917620059
3216,2019-02-12 00:00:00,227.496856689,0.7498675299588476
3217,2019-02-12 01:00:00,227.500549316,0.7279480714086812
3218,2019-02-12 02:00:00,227.504119873,0.6644564481154299
3219,2019-02-12 03:00:00,227.507141113,0.3171628451429448
3220,2019-02-12 04:00:00,227.507797241,0.840358683879098
3221,2019-02-12 05:00:00,227.506515503,0.3291004120413672
3222,2019-02-12 06:00:00,227.50453186,0.8448102297740143
3223,2019-02-12 07:00:00,227.506011963,0.7962501153161745
3224,2019-02-12 08:00:00,227.507247925,0.2877774547723022
3225,2019-02-12 09:00:00,227.507598877,0.5177504849089225
3226,2019-02-12 10:00:00,227.508453369,0.6359001489095408
3227,2019-02-12 11:00:00,227.513092041,0.36531215952388896
3228,2019-02-12 12:00:00,227.515228271,0.3453418864230837
3229,2019-02-12 13:00:00,227.518768311,0.5020414862832614
3230,2019-02-12 14:00:00,227.520172119,0.6294842301133802
3231,2019-02-12 15:00:00,227.517929077,0.08992038301221028
3232,2019-02-12 16:00:00,227.50944519,0.8778060751506506
3233,2019-02-12 17:00:00,227.485198975,0.2667616995274088
3234,2019-02-12 18:00:00,227.439605713,0.5352333031788351
3235,2019-02-12 19:00:00,227.373962402,0.023455151028263344
3236,2019-02-12 20:00:00,227.322174072,0.17778761253018338
3237,2019-02-12 21:00:00,227.251266479,0.5852454401019959
3238,2019-02-12 22:00:00,227.182617188,0.4939678384495919
3239,2019-02-12 23:00:00,227.187210083,0.37658511429234465
3240,2019-02-13 00:00:00,227.190750122,0.7745148811948414
3241,2019-02-13 01:00:00,227.18409729,0.7571158805056675
3242,2019-02-13 02:00:00,227.185409546,0.5194368880373694
3243,2019-02-13 03:00:00,227.186767578,0.7006185939330313
3244,2019-02-13 04:00:00,227.189880371,0.15259446834210844
3245,2019-02-13 05:00:00,227.189315796,0.8130081268473802
3246,2019-02-13 06:00:00,227.189559937,0.6098662361013005
3247,2019-02-13 07:00:00,227.19140625,0.30704491993743366
3248,2019-02-13 08:00:00,227.193191528,0.8303505429726945
3249,2019-02-13 09:00:00,227.192565918,0.3257370819978822
3250,2019-02-13 10:00:00,227.191360474,0.12305157951668011
3251,2019-02-13 11:00:00,227.188491821,0.9730151213102617
3252,2019-02-13 12:00:00,227.187194824,0.1721910178470708
3253,2019-02-13 13:00:00,227.186660767,0.47253325398105517
3254,2019-02-13 14:00:00,227.185333252,0.5783375352456384
3255,2019-02-13 15:00:00,227.172164917,0.9666926759917761
3256,2019-02-13 16:00:00,227.142120361,0.9005324316696628
3257,2019-02-13 17:00:00,227.083633423,0.22412513254137356
3258,2019-02-13 18:00:00,227.036270142,0.18788509211417115
3259,2019-02-13 19:00:00,226.973983765,0.6881010348487437
3260,2019-02-13 20:00:00,226.892730713,0.8685032037036412
3261,2019-02-13 21:00:00,226.82901001,0.7654023681515782
3262,2019-02-13 22:00:00,226.761535645,0.40170865787795595
3263,2019-02-13 23:00:00,226.757720947,0.6855637703218305
3264,2019-02-14 00:00:00,226.758178711,0.509692301781796
3265,2019-02-14 01:00:00,236.450897217,0.16396003294355854
3266,2019-02-14 02:00:00,236.498306274,0.9000661041612107
3267,2019-02-14 03:00:00,236.55291748,0.3972528211329234
3268,2019-02-14 04:00:00,236.645507812,0.7413929435653199
3269,2019-02-14 05:00:00,236.815414429,0.691421256944942
3270,2019-02-14 06:00:00,236.989883423,0.520702453578187
3271,2019-02-14 07:00:00,237.143341064,0.6568880924350584
3272,2019-02-14 08:00:00,237.318237305,0.990991348608225
3273,2019-02-14 09:00:00,237.442108154,0.5170023875084439
3274,2019-02-14 10:00:00,237.559463501,0.4830968962244362
3275,2019-02-14 11:00:00,237.672302246,0.7274388504702299
3276,2019-02-14 12:00:00,237.802215576,0.9738534433647246
3277,2019-02-14 13:00:00,237.89276123,0.7082625689038032
3278,2019-02-14 14:00:00,237.931442261,0.42630762138143896
3279,2019-02-14 15:00:00,237.981338501,0.9361114027723981
3280,2019-02-14 16:00:00,238.040222168,0.7237761230852903
3281,2019-02-14 17:00:00,238.116226196,0.07708700216888231
3282,2019-02-14 18:00:00,238.292907715,0.1337873377127463
3283,2019-02-14 19:00:00,238.793334961,0.7327501177786001
3284,2019-02-14 20:00:00,239.710144043,0.17628208438787873
3285,2019-02-14 21:00:00,240.843719482,0.30078374152601184
3286,2019-02-14 22:00:00,244.027786255,0.3209087310901466
3287,2019-02-14 23:00:00,246.622268677,0.15822364127791833
3288,2019-02-15 00:00:00,250.087722778,0.21155996678954347
3289,2019-02-15 01:00:00,252.45741272,0.7790365003514124
3290,2019-02-15 02:00:00,255.560531616,0.7339489857573567
3291,2019-02-15 03:00:00,256.900817871,0.028067077068411828
3292,2019-02-15 04:00:00,260.532531738,0.37605502557052817
3293,2019-02-15 05:00:00,268.275482178,0.9791028753883979
3294,2019-02-15 06:00:00,275.580749512,0.7542040694895269
3295,2019-02-15 07:00:00,277.964782715,0.3535187791865332
3296,2019-02-15 08:00:00,278.431976318,0.23416596765806563
3297,2019-02-15 09:00:00,280.219390869,0.3603903499689204
3298,2019-02-15 10:00:00,281.795349121,0.618748724558643
3299,2019-02-15 11:00:00,283.200408936,0.8277852263615306
3300,2019-02-15 12:00:00,283.429107666,0.4511407093534189
3301,2019-02-15 13:00:00,283.600280762,0.7747563735228974
3302,2019-02-15 14:00:00,283.75177002,0.051057743624230656
3303,2019-02-15 15:00:00,283.842254639,0.026566800971791538
3304,2019-02-15 16:00:00,283.896179199,0.6665717856776304
3305,2019-02-15 17:00:00,283.926757812,0.5777424651542434
3306,2019-02-15 18:00:00,287.169891357,0.8783801541261302
3307,2019-02-15 19:00:00,287.292327881,0.2224924813136524
3308,2019-02-15 20:00:00,287.56262207,0.7621360168886804
3309,2019-02-15 21:00:00,287.794830322,0.1811934658969535
3310,2019-02-15 22:00:00,288.040557861,0.09343241702915783
3311,2019-02-15 23:00:00,288.181121826,0.39060125525470646
3312,2019-02-16 00:00:00,288.201416016,0.9008653595420004
3313,2019-02-16 01:00:00,288.215820312,0.5612805796913194
3314,2019-02-16 02:00:00,288.240356445,0.42915956676635325
3315,2019-02-16 03:00:00,288.268859863,0.13797143377787568
3316,2019-02-16 04:00:00,288.300689697,0.35176131882232
3317,2019-02-16 05:00:00,288.32434082,0.7040323679800354
3318,2019-02-16 06:00:00,288.350219727,0.5876418053318787
3319,2019-02-16 07:00:00,288.381072998,0.8238774612266202
3320,2019-02-16 08:00:00,288.407653809,0.9205119804209205
3321,2019-02-16 09:00:00,288.437713623,0.10882560076788217
3322,2019-02-16 10:00:00,288.458129883,0.4222291410422597
3323,2019-02-16 11:00:00,288.47644043,0.5941135562436505
3324,2019-02-16 12:00:00,288.493652344,0.07947851163702657
3325,2019-02-16 13:00:00,288.516082764,0.35624393931978693
3326,2019-02-16 14:00:00,288.535461426,0.7896446638333617
3327,2019-02-16 15:00:00,288.545593262,0.3038183179224635
3328,2019-02-16 16:00:00,289.869506836,0.445821742323537
3329,2019-02-16 17:00:00,290.045959473,0.5252498923036908
3330,2019-02-16 18:00:00,290.164703369,0.7270261867182656
3331,2019-02-16 19:00:00,290.296325684,0.43233095361281026
3332,2019-02-16 20:00:00,290.451782227,0.5942190577074085
3333,2019-02-16 21:00:00,290.598327637,0.7040900006407192
3334,2019-02-16 22:00:00,290.681610107,0.5223890322604697
3335,2019-02-16 23:00:00,290.71697998,0.25265056358102733
3336,2019-02-17 00:00:00,290.726501465,0.278493559250786
3337,2019-02-17 01:00:00,290.737976074,0.4520122659404091
3338,2019-02-17 02:00:00,290.749542236,0.762245154117085
3339,2019-02-17 03:00:00,290.758209229,0.7283946276800454
3340,2019-02-17 04:00:00,290.76651001,0.6974484344891326
3341,2019-02-17 05:00:00,290.774871826,0.0366818227490977
3342,2019-02-17 06:00:00,290.781951904,0.13838831294281628
3343,2019-02-17 07:00:00,290.787841797,0.27712813997376184
3344,2019-02-17 08:00:00,290.796295166,0.429574367918685
3345,2019-02-17 09:00:00,290.804656982,0.8354852468593547
3346,2019-02-17 10:00:00,290.81060791,0.8351787695318719
3347,2019-02-17 11:00:00,290.816253662,0.19834391608523816
3348,2019-02-17 12:00:00,290.822814941,0.41428093924180664
3349,2019-02-17 13:00:00,290.828674316,0.7984649623083687
3350,2019-02-17 14:00:00,290.834442139,0.6923293012870971
3351,2019-02-17 15:00:00,290.83807373,0.23295452167986408
3352,2019-02-17 16:00:00,290.837280273,0.36423176618451725
3353,2019-02-17 17:00:00,290.823852539,0.6681268395652722
3354,2019-02-17 18:00:00,290.797485352,0.6395449680967139
3355,2019-02-17 19:00:00,290.762084961,0.5447528940338817
3356,2019-02-17 20:00:00,290.790618896,0.43552131358133883
3357,2019-02-17 21:00:00,290.842956543,0.17992628558280488
3358,2019-02-17 22:00:00,290.912506104,0.8974887845753551
3359,2019-02-17 23:00:00,290.996856689,0.6668888564558212
3360,2019-02-18 00:00:00,291.005828857,0.4592039061626343
3361,2019-02-18 01:00:00,291.073516846,0.7238139990273281
3362,2019-02-18 02:00:00,291.145996094,0.9237959497170891
3363,2019-02-18 03:00:00,291.223052979,0.9759547492509602
3364,2019-02-18 04:00:00,291.34375,0.37026583726715767
3365,2019-02-18 05:00:00,291.459625244,0.3905968408881887
3366,2019-02-18 06:00:00,291.532867432,0.39115924957901627
3367,2019-02-18 07:00:00,291.647460938,0.26716278526207127
3368,2019-02-18 08:00:00,291.714477539,0.3980216451194313
3369,2019-02-18 09:00:00,291.783416748,0.734370535926086
3370,2019-02-18 10:00:00,291.913635254,0.10508441570293925
3371,2019-02-18 11:00:00,292.063293457,0.3057254155937258
3372,2019-02-18 12:00:00,292.186462402,0.5575740251263211
3373,2019-02-18 13:00:00,292.321594238,0.12049893067821149
3374,2019-02-18 14:00:00,292.399078369,0.6159182106642019
3375,2019-02-18 15:00:00,292.47857666,0.789374766188699
3376,2019-02-18 16:00:00,292.598022461,0.1099020955590061
3377,2019-02-18 17:00:00,292.723968506,0.6481687790967597
3378,2019-02-18 18:00:00,292.954467773,0.8450578481298316
3379,2019-02-18 19:00:00,293.446777344,0.8879119264358778
3380,2019-02-18 20:00:00,293.964813232,0.7318037413949469
3381,2019-02-18 21:00:00,294.545837402,0.4801726137266896
3382,2019-02-18 22:00:00,295.104553223,0.14965811274700314
3383,2019-02-18 23:00:00,295.693847656,0.3768924789743028
3384,2019-02-19 00:00:00,296.290405273,0.517799969134688
3385,2019-02-19 01:00:00,297.06036377,0.4986462243943064
3386,2019-02-19 02:00:00,297.6847229,0.23901504522829486
3387,2019-02-19 03:00:00,298.154296875,0.835179967203695
3388,2019-02-19 04:00:00,298.576293945,0.8530377700130104
3389,2019-02-19 05:00:00,298.962402344,0.014745067462244799
3390,2019-02-19 06:00:00,299.301605225,0.5037730397368353
3391,2019-02-19 07:00:00,299.529022217,0.216120591428272
3392,2019-02-19 08:00:00,300.114929199,0.1929648694005388
3393,2019-02-19 09:00:00,300.636535645,0.8886901295018875
3394,2019-02-19 10:00:00,301.139953613,0.8734199921328697
3395,2019-02-19 11:00:00,301.542297363,0.40544139116258304
3396,2019-02-19 12:00:00,301.824279785,0.5509496128944253
3397,2019-02-19 13:00:00,301.878143311,0.9032016658119321
3398,2019-02-19 14:00:00,301.968933105,0.6467369903458343
3399,2019-02-19 15:00:00,302.425262451,0.12013946477459092
3400,2019-02-19 16:00:00,302.588348389,0.5369578485454817
3401,2019-02-19 17:00:00,303.234191895,0.637482255605874
3402,2019-02-19 18:00:00,304.074676514,0.9885895558600324
3403,2019-02-19 19:00:00,304.405944824,0.629270258988716
3404,2019-02-19 20:00:00,304.821166992,0.012586503660913073
3405,2019-02-19 21:00:00,305.666687012,0.7433208267111415
3406,2019-02-19 22:00:00,306.036987305,0.539026553463027
3407,2019-02-19 23:00:00,306.387939453,0.13670951095577988
3408,2019-02-20 00:00:00,306.621002197,0.9959829633639291
3409,2019-02-20 01:00:00,306.74798584,0.7387357624140515
3410,2019-02-20 02:00:00,306.832611084,0.24019767304677353
3411,2019-02-20 03:00:00,306.90222168,0.7832414179932645
3412,2019-02-20 04:00:00,306.970916748,0.7754639212837993
3413,2019-02-20 05:00:00,307.02130127,0.4056788662929638
3414,2019-02-20 06:00:00,307.059906006,0.45937664811868084
3415,2019-02-20 07:00:00,307.101837158,0.05163463780834199
3416,2019-02-20 08:00:00,307.136047363,0.7839564064098614
3417,2019-02-20 09:00:00,307.157897949,0.44154797300441406
3418,2019-02-20 10:00:00,307.239379883,0.9558881759345282
3419,2019-02-20 11:00:00,307.265930176,0.8076619672376915
3420,2019-02-20 12:00:00,307.309051514,0.32455091024399807
3421,2019-02-20 13:00:00,307.339019775,0.17147937654493006
3422,2019-02-20 14:00:00,307.365936279,0.9629358173465593
3423,2019-02-20 15:00:00,307.390228271,0.2282880132748878
3424,2019-02-20 16:00:00,307.414337158,0.45257181377163713
3425,2019-02-20 17:00:00,308.33770752,0.43809509662565926
3426,2019-02-20 18:00:00,312.38192749,0.052048362954266514
3427,2019-02-20 19:00:00,312.841308594,0.35284077042977957
3428,2019-02-20 20:00:00,312.947662354,0.3161779743629053
3429,2019-02-20 21:00:00,313.315643311,0.8347187304267478
3430,2019-02-20 22:00:00,313.818328857,0.26082202841622193
3431,2019-02-20 23:00:00,313.994110107,0.49884892759269794
3432,2019-02-21 00:00:00,314.025024414,0.17409280052898246
3433,2019-02-21 01:00:00,314.051605225,0.034503478915231645
3434,2019-02-21 02:00:00,314.067687988,0.565841443640664
3435,2019-02-21 03:00:00,314.084533691,0.7377000155943075
3436,2019-02-21 04:00:00,314.230163574,0.3365468287146375
3437,2019-02-21 05:00:00,314.389099121,0.5927571387292974
3438,2019-02-21 06:00:00,314.793060303,0.9472447597274921
3439,2019-02-21 07:00:00,315.379455566,0.2729998349500534
3440,2019-02-21 08:00:00,316.504760742,0.6688732999122952
3441,2019-02-21 09:00:00,317.000854492,0.6540374761741543
3442,2019-02-21 10:00:00,317.565643311,0.23581073845277611
3443,2019-02-21 11:00:00,317.755004883,0.3264923738971852
3444,2019-02-21 12:00:00,317.977935791,0.9237277303347688
3445,2019-02-21 13:00:00,318.398895264,0.5419816177533701
3446,2019-02-21 14:00:00,318.761688232,0.52596569557067
3447,2019-02-21 15:00:00,318.910369873,0.3442919714918423
3448,2019-02-21 16:00:00,319.067962646,0.9624418212174604
3449,2019-02-21 17:00:00,319.229278564,0.8229139443293593
3450,2019-02-21 18:00:00,319.338806152,0.6489708479474735
3451,2019-02-21 19:00:00,319.471282959,0.35273909318158436
3452,2019-02-21 20:00:00,320.750946045,0.9722884029697552
3453,2019-02-21 21:00:00,321.794219971,0.6725848327895697
3454,2019-02-21 22:00:00,322.364868164,0.3788901376455631
3455,2019-02-21 23:00:00,322.737091064,0.3556804363093743
3456,2019-02-22 00:00:00,323.134887695,0.1443791928830649
3457,2019-02-22 01:00:00,324.349487305,0.2775482568853198
3458,2019-02-22 02:00:00,325.21307373,0.8962645362059573
3459,2019-02-22 03:00:00,326.504119873,0.9964808828125709
3460,2019-02-22 04:00:00,328.357147217,0.33305295338722674
3461,2019-02-22 05:00:00,330.509460449,0.9040858832446881
3462,2019-02-22 06:00:00,333.208679199,0.5947092932521608
3463,2019-02-22 07:00:00,336.796020508,0.37278624925893966
3464,2019-02-22 08:00:00,337.695739746,0.26450829149760857
3465,2019-02-22 09:00:00,338.01739502,0.4609732683836236
3466,2019-02-22 10:00:00,339.373840332,0.8179276269290374
3467,2019-02-22 11:00:00,339.941375732,0.14511028854657693
3468,2019-02-22 12:00:00,340.596435547,0.806144149491476
3469,2019-02-22 13:00:00,341.233459473,0.13881611711413244
3470,2019-02-22 14:00:00,342.4090271,0.4924832324449422
3471,2019-02-22 15:00:00,343.200469971,0.24951772437125763
3472,2019-02-22 16:00:00,343.595733643,0.7735578825045867
3473,2019-02-22 17:00:00,344.39263916,0.17820558910708406
3474,2019-02-22 18:00:00,344.778442383,0.5233112066657506
3475,2019-02-22 19:00:00,346.282653809,0.45336868474996583
3476,2019-02-22 20:00:00,347.24697876,0.802097624346171
3477,2019-02-22 21:00:00,347.744140625,0.10829141468379089
3478,2019-02-22 22:00:00,348.087768555,0.5904541707157032
3479,2019-02-22 23:00:00,348.270446777,0.04046192309081653
3480,2019-02-23 00:00:00,348.35269165,0.35990987934512075
3481,2019-02-23 01:00:00,348.58102417,0.6653073521583314
3482,2019-02-23 02:00:00,349.112213135,0.8631891283415444
3483,2019-02-23 03:00:00,349.415924072,0.6129352691022758
3484,2019-02-23 04:00:00,349.917572021,0.8576219922159921
3485,2019-02-23 05:00:00,350.147277832,0.9172090665488913
3486,2019-02-23 06:00:00,350.90524292,0.9704077588642949
3487,2019-02-23 07:00:00,352.499206543,0.7222227723175892
3488,2019-02-23 08:00:00,355.378356934,0.0546717969274958
3489,2019-02-23 09:00:00,357.108551025,0.5929281667354819
3490,2019-02-23 10:00:00,357.770080566,0.21410049694875688
3491,2019-02-23 11:00:00,358.256713867,0.8588475756720502
3492,2019-02-23 12:00:00,358.526031494,0.28382387303862233
3493,2019-02-23 13:00:00,358.680633545,0.025584960039526927
3494,2019-02-23 14:00:00,358.817596436,0.798056760027581
3495,2019-02-23 15:00:00,358.991821289,0.39627166570759664
3496,2019-02-23 16:00:00,359.132751465,0.4591919091253168
3497,2019-02-23 17:00:00,359.274078369,0.5166608890122508
3498,2019-02-23 18:00:00,359.367523193,0.789346789919143
3499,2019-02-23 19:00:00,359.524993896,0.2790586813417397
3500,2019-02-23 20:00:00,359.682128906,0.21323556035129598
3501,2019-02-23 21:00:00,359.774169922,0.3296639150995476
3502,2019-02-23 22:00:00,359.821563721,0.08778756064357185
3503,2019-02-23 23:00:00,359.863311768,0.9088214670125051
3504,2019-02-24 00:00:00,359.873687744,0.09246000745126493
3505,2019-02-24 01:00:00,359.882385254,0.357228765840384
3506,2019-02-24 02:00:00,359.889312744,0.2609125272538001
3507,2019-02-24 03:00:00,359.898529053,0.3489352388789577
3508,2019-02-24 04:00:00,359.906890869,0.850791197482468
3509,2019-02-24 05:00:00,359.917663574,0.9212899283569888
3510,2019-02-24 06:00:00,359.924560547,0.8053835546831255
3511,2019-02-24 07:00:00,359.936218262,0.13820839862884293
3512,2019-02-24 08:00:00,359.945068359,0.9848243018725428
3513,2019-02-24 09:00:00,359.953186035,0.29201929419887007
3514,2019-02-24 10:00:00,359.961395264,0.6545628227684555
3515,2019-02-24 11:00:00,359.969543457,0.8631395216192369
3516,2019-02-24 12:00:00,359.976287842,0.8582255958357522
3517,2019-02-24 13:00:00,359.984405518,0.45932188417136
3518,2019-02-24 14:00:00,359.992431641,0.958480814763117
3519,2019-02-24 15:00:00,359.994354248,0.6664857582462559
3520,2019-02-24 16:00:00,359.990692139,0.23026246380467508
3521,2019-02-24 17:00:00,359.979431152,0.03185953537052466
3522,2019-02-24 18:00:00,359.961242676,0.8303464501454306
3523,2019-02-24 19:00:00,359.923217773,0.5458464478405044
3524,2019-02-24 20:00:00,359.861724854,0.9939679592693652
3525,2019-02-24 21:00:00,359.816192627,0.3794875395299193
3526,2019-02-24 22:00:00,359.790313721,0.09629203779756246
3527,2019-02-24 23:00:00,359.793457031,0.2034134517439179
3528,2019-02-25 00:00:00,359.802825928,0.17248526550523846
3529,2019-02-25 01:00:00,359.803588867,0.4368376693664673
3530,2019-02-25 02:00:00,359.804046631,0.8786363759817517
3531,2019-02-25 03:00:00,359.811248779,0.9627900904662553
3532,2019-02-25 04:00:00,359.816162109,0.012225261288049682
3533,2019-02-25 05:00:00,359.821868896,0.9944055641614239
3534,2019-02-25 06:00:00,359.827148438,0.30991144993882846
3535,2019-02-25 07:00:00,359.833221436,0.6204986357430584
3536,2019-02-25 08:00:00,359.838653564,0.7474437509114846
3537,2019-02-25 09:00:00,359.844696045,0.18629456865523708
3538,2019-02-25 10:00:00,359.851409912,0.2658870568040457
3539,2019-02-25 11:00:00,359.855987549,0.6113884276971429
3540,2019-02-25 12:00:00,359.861816406,0.44852094757450345
3541,2019-02-25 13:00:00,359.868408203,0.2831648027321557
3542,2019-02-25 14:00:00,359.874237061,0.1921484867701332
3543,2019-02-25 15:00:00,359.874084473,0.562658357279591
3544,2019-02-25 16:00:00,359.868774414,0.45940030294591416
3545,2019-02-25 17:00:00,359.842346191,0.0015234573854490119
3546,2019-02-25 18:00:00,359.787445068,0.2923040319619974
3547,2019-02-25 19:00:00,359.70980835,0.9797516676925694
3548,2019-02-25 20:00:00,359.624938965,0.9786923962614597
3549,2019-02-25 21:00:00,359.539825439,0.800331371800711
3550,2019-02-25 22:00:00,359.487915039,0.7184560695922583
3551,2019-02-25 23:00:00,359.499969482,0.1123875572693529
3552,2019-02-26 00:00:00,359.516998291,0.2804586387418925
3553,2019-02-26 01:00:00,359.527374268,0.43193717752089866
3554,2019-02-26 02:00:00,359.535217285,0.8668398753537396
3555,2019-02-26 03:00:00,359.547332764,0.33599352288439166
3556,2019-02-26 04:00:00,359.556152344,0.278224039696347
3557,2019-02-26 05:00:00,359.556854248,0.5663307771684843
3558,2019-02-26 06:00:00,359.557647705,0.9676922623240348
3559,2019-02-26 07:00:00,359.566619873,0.7694468358829376
3560,2019-02-26 08:00:00,359.576843262,0.45201762078832
3561,2019-02-26 09:00:00,359.587310791,0.6465422514489675
3562,2019-02-26 10:00:00,359.598602295,0.9460627124486166
3563,2019-02-26 11:00:00,359.609985352,0.8023617407304153
3564,2019-02-26 12:00:00,359.62097168,0.10242800710068023
3565,2019-02-26 13:00:00,359.631072998,0.6808511071621122
3566,2019-02-26 14:00:00,359.639587402,0.23566845790637592
3567,2019-02-26 15:00:00,359.642730713,0.9911964062499146
3568,2019-02-26 16:00:00,359.635467529,0.8760177527891186
3569,2019-02-26 17:00:00,359.615356445,0.11309221139159142
3570,2019-02-26 18:00:00,359.56451416,0.6703484560336608
3571,2019-02-26 19:00:00,359.491088867,0.21934246961967174
3572,2019-02-26 20:00:00,359.407592773,0.6497977365723911
3573,2019-02-26 21:00:00,359.328765869,0.6948572211470808
3574,2019-02-26 22:00:00,359.267974854,0.054893410366421924
3575,2019-02-26 23:00:00,359.28225708,0.29652606766751033
3576,2019-02-27 00:00:00,359.296447754,0.0471656852380965
3577,2019-02-27 01:00:00,359.308410645,0.6130611950387205
3578,2019-02-27 02:00:00,359.320404053,0.4254191075385524
3579,2019-02-27 03:00:00,359.329467773,0.37398283990595993
3580,2019-02-27 04:00:00,359.340759277,0.7324635023672019
3581,2019-02-27 05:00:00,359.352386475,0.8226027146296164
3582,2019-02-27 06:00:00,359.361816406,0.3871214165251545
3583,2019-02-27 07:00:00,359.370422363,0.907659421734508
3584,2019-02-27 08:00:00,359.380554199,0.7743385266553561
3585,2019-02-27 09:00:00,359.392456055,0.7526425454372966
3586,2019-02-27 10:00:00,359.404144287,0.45263511574927584
3587,2019-02-27 11:00:00,359.413818359,0.0005971455520680236
3588,2019-02-27 12:00:00,359.422851562,0.2399171690559475
3589,2019-02-27 13:00:00,359.430755615,0.019093067628359273
3590,2019-02-27 14:00:00,359.436676025,0.09003620520521771
3591,2019-02-27 15:00:00,359.438812256,0.8207736161521421
3592,2019-02-27 16:00:00,359.434753418,0.18101516600470147
3593,2019-02-27 17:00:00,359.412658691,0.3190280225667733
3594,2019-02-27 18:00:00,359.366699219,0.44788257206258475
3595,2019-02-27 19:00:00,359.321807861,0.9371240671356228
3596,2019-02-27 20:00:00,359.2784729,0.9893859298560532
3597,2019-02-27 21:00:00,359.230560303,0.8914600013219061
3598,2019-02-27 22:00:00,359.195709229,0.7754001444803338
3599,2019-02-27 23:00:00,359.187591553,0.39264546644494214
3600,2019-02-28 00:00:00,359.182373047,0.36333166682470364
3601,2019-02-28 01:00:00,359.188598633,0.17798660340654815
3602,2019-02-28 02:00:00,359.194549561,0.053413984158919625
3603,2019-02-28 03:00:00,359.203735352,0.9478515064221392
3604,2019-02-28 04:00:00,359.214599609,0.6108334132352796
3605,2019-02-28 05:00:00,359.224060059,0.1353496051421449
3606,2019-02-28 06:00:00,359.239898682,0.11266682612877432
3607,2019-02-28 07:00:00,359.259094238,0.653111893110807
3608,2019-02-28 08:00:00,359.274169922,0.6626718346987985
3609,2019-02-28 09:00:00,359.288543701,0.7710513834490897
3610,2019-02-28 10:00:00,359.304168701,0.5271325452665078
3611,2019-02-28 11:00:00,359.322387695,0.8828720414311556
3612,2019-02-28 12:00:00,359.339935303,0.21630769817143158
3613,2019-02-28 13:00:00,359.353637695,0.24201821543624324
3614,2019-02-28 14:00:00,359.367431641,0.46470054116411563
3615,2019-02-28 15:00:00,359.375732422,0.2523459111449836
3616,2019-02-28 16:00:00,359.37701416,0.12217064011268608
3617,2019-02-28 17:00:00,359.363433838,0.23475677368103476
3618,2019-02-28 18:00:00,359.330871582,0.0530748948257046
3619,2019-02-28 19:00:00,359.328521729,0.670439691793569
3620,2019-02-28 20:00:00,359.322174072,0.8479314845113283
3621,2019-02-28 21:00:00,359.357910156,0.9092672098190471
3622,2019-02-28 22:00:00,359.380554199,0.4902780820110697
3623,2019-02-28 23:00:00,359.437744141,0.8151490806393848
3624,2019-03-01 00:00:00,359.45135498,0.36278434019102124
3625,2019-03-01 01:00:00,359.463195801,0.40964512556266786
3626,2019-03-01 02:00:00,359.474731445,0.812613632449258
3627,2019-03-01 03:00:00,359.491241455,0.8944666222692212
3628,2019-03-01 04:00:00,359.507965088,0.3170286802319382
3629,2019-03-01 05:00:00,359.523803711,0.6561299608822887
3630,2019-03-01 06:00:00,359.529815674,0.4076497639316695
3631,2019-03-01 07:00:00,359.538543701,0.5385957224288492
3632,2019-03-01 08:00:00,359.548400879,0.10031414850561327
3633,2019-03-01 09:00:00,359.563720703,0.9623103892667789
3634,2019-03-01 10:00:00,359.579925537,0.6084611922660272
3635,2019-03-01 11:00:00,359.59777832,0.9143172419141656
3636,2019-03-01 12:00:00,359.614654541,0.846649247339457
3637,2019-03-01 13:00:00,359.960174561,0.35244258445287546
3638,2019-03-01 14:00:00,360.404907227,0.15618930231432004
3639,2019-03-01 15:00:00,360.717651367,0.6436057767681933
3640,2019-03-01 16:00:00,360.944946289,0.19465245615879856
3641,2019-03-01 17:00:00,361.166564941,0.17814275920060185
3642,2019-03-01 18:00:00,361.385223389,0.38472260624416954
3643,2019-03-01 19:00:00,361.55456543,0.1666442433157187
3644,2019-03-01 20:00:00,361.627075195,0.5737129435842314
3645,2019-03-01 21:00:00,361.64453125,0.5228772535211299
3646,2019-03-01 22:00:00,361.636505127,0.9908254442242161
3647,2019-03-01 23:00:00,361.648925781,0.8831562177917612
3648,2019-03-02 00:00:00,361.665222168,0.9108704706301576
3649,2019-03-02 01:00:00,361.679779053,0.9170981265790741
3650,2019-03-02 02:00:00,361.693572998,0.39113363630689235
3651,2019-03-02 03:00:00,361.70413208,0.5823350957004443
3652,2019-03-02 04:00:00,361.714599609,0.29725678807562494
3653,2019-03-02 05:00:00,361.726135254,0.21028573152388919
3654,2019-03-02 06:00:00,361.791778564,0.44122366190926243
3655,2019-03-02 07:00:00,361.860900879,0.2871852478211868
3656,2019-03-02 08:00:00,361.878601074,0.4746189700795186
3657,2019-03-02 09:00:00,361.908416748,0.7981445354477142
3658,2019-03-02 10:00:00,361.933502197,0.4933080824545898
3659,2019-03-02 11:00:00,361.957946777,0.5003301715796987
3660,2019-03-02 12:00:00,362.041259766,0.6748173426223267
3661,2019-03-02 13:00:00,362.068359375,0.6893015281983043
3662,2019-03-02 14:00:00,362.087280273,0.36022686697470807
3663,2019-03-02 15:00:00,362.100189209,0.4815904946581848
3664,2019-03-02 16:00:00,362.092163086,0.653231969052119
3665,2019-03-02 17:00:00,362.071807861,0.32923586699208096
3666,2019-03-02 18:00:00,362.044494629,0.44172120228530265
3667,2019-03-02 19:00:00,362.356414795,0.2980002608928797
3668,2019-03-02 20:00:00,364.383087158,0.3380353657722447
3669,2019-03-02 21:00:00,365.342590332,0.8500961658617694
3670,2019-03-02 22:00:00,367.61239624,0.4248838637084331
3671,2019-03-02 23:00:00,370.168395996,0.9470276003630306
3672,2019-03-03 00:00:00,371.957550049,0.10443244575754262
3673,2019-03-03 01:00:00,372.777740479,0.8558995733254569
3674,2019-03-03 02:00:00,373.837158203,0.4178706740007674
3675,2019-03-03 03:00:00,375.015625,0.8914064147302319
3676,2019-03-03 04:00:00,375.779022217,0.4565584271140142
3677,2019-03-03 05:00:00,379.673461914,0.5971796022997756
3678,2019-03-03 06:00:00,388.76953125,0.807781337300527
3679,2019-03-03 07:00:00,391.072265625,0.9276668196419648
3680,2019-03-03 08:00:00,391.756622314,0.750161590311074
3681,2019-03-03 09:00:00,392.209899902,0.7913561687103927
3682,2019-03-03 10:00:00,392.424987793,0.33903291851121775
3683,2019-03-03 11:00:00,392.66607666,0.2812665003168956
3684,2019-03-03 12:00:00,392.977172852,0.9027690997920509
3685,2019-03-03 13:00:00,393.165039062,0.10448570012785963
3686,2019-03-03 14:00:00,393.285797119,0.318406511475143
3687,2019-03-03 15:00:00,393.404388428,0.9210496154527316
3688,2019-03-03 16:00:00,393.478637695,0.8229856807999025
3689,2019-03-03 17:00:00,393.614593506,0.28441625675647775
3690,2019-03-03 18:00:00,393.823608398,0.755933292915796
3691,2019-03-03 19:00:00,394.793334961,0.6945744585803694
3692,2019-03-03 20:00:00,402.71395874,0.1832880364065026
3693,2019-03-03 21:00:00,409.049316406,0.8206453238790512
3694,2019-03-03 22:00:00,410.592926025,0.45048039488175096
3695,2019-03-03 23:00:00,411.71862793,0.0491100378798377
3696,2019-03-04 00:00:00,412.469665527,0.19924674417109045
3697,2019-03-04 01:00:00,413.364685059,0.6721755308882561
3698,2019-03-04 02:00:00,414.000488281,0.08229668361158116
3699,2019-03-04 03:00:00,414.588562012,0.7110412139673737
3700,2019-03-04 04:00:00,414.91229248,0.18509199289596123
3701,2019-03-04 05:00:00,415.094696045,0.011832938911324198
3702,2019-03-04 06:00:00,415.338012695,0.8066084294027334
3703,2019-03-04 07:00:00,415.558227539,0.2644461061271526
3704,2019-03-04 08:00:00,415.705444336,0.08896822148101924
3705,2019-03-04 09:00:00,415.93637085,0.16169138191764032
3706,2019-03-04 10:00:00,416.039093018,0.658783367347896
3707,2019-03-04 11:00:00,416.148925781,0.44663249134696104
3708,2019-03-04 12:00:00,416.401794434,0.1743910103561549
3709,2019-03-04 13:00:00,417.257080078,0.9787997134380366
3710,2019-03-04 14:00:00,417.491882324,0.8880750989661642
3711,2019-03-04 15:00:00,418.728790283,0.21159811926282512
3712,2019-03-04 16:00:00,420.072265625,0.5197569724535785
3713,2019-03-04 17:00:00,421.02166748,0.7431449191704981
3714,2019-03-04 18:00:00,421.426025391,0.9159559258153214
3715,2019-03-04 19:00:00,421.791320801,0.7070866615017856
3716,2019-03-04 20:00:00,422.171722412,0.8986947623774126
3717,2019-03-04 21:00:00,422.452972412,0.7105314910426982
3718,2019-03-04 22:00:00,422.622619629,0.03662431641091912
3719,2019-03-04 23:00:00,422.72467041,0.5853742274395018
3720,2019-03-05 00:00:00,422.75579834,0.21393890382061453
3721,2019-03-05 01:00:00,422.787719727,0.523369848493252
3722,2019-03-05 02:00:00,422.812835693,0.8279501376464402
3723,2019-03-05 03:00:00,422.837158203,0.5812227801463505
3724,2019-03-05 04:00:00,422.85748291,0.47107312079041697
3725,2019-03-05 05:00:00,422.875732422,0.8642465787170276
3726,2019-03-05 06:00:00,422.892303467,0.1805408045264446
3727,2019-03-05 07:00:00,422.907531738,0.8533643871711877
3728,2019-03-05 08:00:00,422.924499512,0.5924142996491708
3729,2019-03-05 09:00:00,422.94342041,0.6852320340703106
3730,2019-03-05 10:00:00,422.959320068,0.8207755962840376
3731,2019-03-05 11:00:00,422.971160889,0.33936117973308544
3732,2019-03-05 12:00:00,422.987243652,0.28639259473377465
3733,2019-03-05 13:00:00,423.004760742,0.05314733452801346
3734,2019-03-05 14:00:00,423.021850586,0.2990576485134806
3735,2019-03-05 15:00:00,423.028808594,0.5817101606646241
3736,2019-03-05 16:00:00,423.025054932,0.7665242640106308
3737,2019-03-05 17:00:00,423.005371094,0.10642495721783696
3738,2019-03-05 18:00:00,422.956237793,0.42407506764288283
3739,2019-03-05 19:00:00,423.194152832,0.33779422697817885
3740,2019-03-05 20:00:00,423.663391113,0.1855660533957768
3741,2019-03-05 21:00:00,424.45904541,0.6272917746691965
3742,2019-03-05 22:00:00,425.021362305,0.4317396405226718
3743,2019-03-05 23:00:00,425.389404297,0.5471560814006872
3744,2019-03-06 00:00:00,425.426116943,0.4795662452168007
3745,2019-03-06 01:00:00,425.456420898,0.18660727749345207
3746,2019-03-06 02:00:00,425.491424561,0.6274044674350644
3747,2019-03-06 03:00:00,425.526611328,0.3167588655629344
3748,2019-03-06 04:00:00,425.561279297,0.905501995938458
3749,2019-03-06 05:00:00,425.581634521,0.7203985498965753
3750,2019-03-06 06:00:00,425.617675781,0.2860520627377895
3751,2019-03-06 07:00:00,425.669433594,0.7480298854103478
3752,2019-03-06 08:00:00,425.705078125,0.9330601743150079
3753,2019-03-06 09:00:00,425.722625732,0.9076082067350255
3754,2019-03-06 10:00:00,425.73739624,0.7250169238240004
3755,2019-03-06 11:00:00,425.756713867,0.44672984812897143
3756,2019-03-06 12:00:00,425.798828125,0.040138308213327534
3757,2019-03-06 13:00:00,425.813720703,0.7042199120127955
3758,2019-03-06 14:00:00,425.828033447,0.12001797212058163
3759,2019-03-06 15:00:00,425.846221924,0.012151529266439587
3760,2019-03-06 16:00:00,426.008239746,0.2281163453241727
3761,2019-03-06 17:00:00,427.177154541,0.16384483776900916
3762,2019-03-06 18:00:00,428.17401123,0.33294980960297016
3763,2019-03-06 19:00:00,429.187133789,0.5247824641857807
3764,2019-03-06 20:00:00,430.631317139,0.8995341580953736
3765,2019-03-06 21:00:00,431.938110352,0.067450130284197
3766,2019-03-06 22:00:00,433.0519104,0.9088272031797504
3767,2019-03-06 23:00:00,434.800109863,0.6361556868857473
3768,2019-03-07 00:00:00,436.116790771,0.16026027371680318
3769,2019-03-07 01:00:00,437.573181152,0.4206042862989169
3770,2019-03-07 02:00:00,438.39364624,0.8368674326524933
3771,2019-03-07 03:00:00,439.067962646,0.4094402277043202
3772,2019-03-07 04:00:00,439.770050049,0.6711181837619915
3773,2019-03-07 05:00:00,440.690307617,0.9294039945232698
3774,2019-03-07 06:00:00,441.33694458,0.5218568200235248
3775,2019-03-07 07:00:00,441.957824707,0.13931540310540558
3776,2019-03-07 08:00:00,443.323913574,0.8941239221305637
3777,2019-03-07 09:00:00,445.918823242,0.7163052216270785
3778,2019-03-07 10:00:00,447.32989502,0.34434314353214335
3779,2019-03-07 11:00:00,448.342926025,0.25058853593455743
3780,2019-03-07 12:00:00,449.095184326,0.4609271018573996
3781,2019-03-07 13:00:00,449.459533691,0.6455027867641471
3782,2019-03-07 14:00:00,451.051483154,0.7568652411281787
3783,2019-03-07 15:00:00,451.758270264,0.8850836743140449
3784,2019-03-07 16:00:00,452.215393066,0.865924817422047
3785,2019-03-07 17:00:00,452.81854248,0.6883182877258018
3786,2019-03-07 18:00:00,454.786499023,0.3024816444866083
3787,2019-03-07 19:00:00,456.172302246,0.1227278090984063
3788,2019-03-07 20:00:00,457.865081787,0.057837425532692
3789,2019-03-07 21:00:00,458.715667725,0.7077035854635986
3790,2019-03-07 22:00:00,459.221832275,0.31771857186961483
3791,2019-03-07 23:00:00,459.518859863,0.3350610807283877
3792,2019-03-08 00:00:00,459.593597412,0.9735297492693741
3793,2019-03-08 01:00:00,459.682556152,0.5601710397415675
3794,2019-03-08 02:00:00,459.740783691,0.3944042695340102
3795,2019-03-08 03:00:00,459.801818848,0.1831300909967566
3796,2019-03-08 04:00:00,459.842193604,0.07546248419760726
3797,2019-03-08 05:00:00,459.889129639,0.6711229803223983
3798,2019-03-08 06:00:00,459.969451904,0.28441380858306087
3799,2019-03-08 07:00:00,460.05255127,0.8992991365282842
3800,2019-03-08 08:00:00,460.1512146,0.053171467487020285
3801,2019-03-08 09:00:00,460.221191406,0.7836944372073843
3802,2019-03-08 10:00:00,460.282928467,0.5456748355897684
3803,2019-03-08 11:00:00,460.339202881,0.34889639621330104
3804,2019-03-08 12:00:00,460.393310547,0.8778816927395736
3805,2019-03-08 13:00:00,460.44543457,0.8251053487015062
3806,2019-03-08 14:00:00,460.481781006,0.5439484990339418
3807,2019-03-08 15:00:00,460.515319824,0.22897832368715088
3808,2019-03-08 16:00:00,460.538085938,0.8914885745715179
3809,2019-03-08 17:00:00,462.963897705,0.3642803285954588
3810,2019-03-08 18:00:00,466.220336914,0.38476025476501186
3811,2019-03-08 19:00:00,468.990112305,0.16492525404657044
3812,2019-03-08 20:00:00,470.254760742,0.7314862893741798
3813,2019-03-08 21:00:00,470.738372803,0.42700331982940665
3814,2019-03-08 22:00:00,470.989959717,0.2998278905769105
3815,2019-03-08 23:00:00,472.343414307,0.7144256090816108
3816,2019-03-09 00:00:00,474.575653076,0.6704159766868678
3817,2019-03-09 01:00:00,476.738586426,0.6665618716404634
3818,2019-03-09 02:00:00,477.538238525,0.06628515041119731
3819,2019-03-09 03:00:00,477.964233398,0.18876450520134058
3820,2019-03-09 04:00:00,478.366912842,0.7600380018014151
3821,2019-03-09 05:00:00,478.676818848,0.5350959509247808
3822,2019-03-09 06:00:00,478.929046631,0.8339850525204978
3823,2019-03-09 07:00:00,479.105133057,0.8059525613308777
3824,2019-03-09 08:00:00,479.365234375,0.47838708456842105
3825,2019-03-09 09:00:00,479.512481689,0.06387244532580416
3826,2019-03-09 10:00:00,479.622680664,0.6641794805607865
3827,2019-03-09 11:00:00,479.738800049,0.421159035430424
3828,2019-03-09 12:00:00,479.812957764,0.07717220723295393
3829,2019-03-09 13:00:00,479.867523193,0.9808274246167143
3830,2019-03-09 14:00:00,479.898101807,0.9150338370120233
3831,2019-03-09 15:00:00,479.928955078,0.2735984516397931
3832,2019-03-09 16:00:00,479.945098877,0.4157957322879856
3833,2019-03-09 17:00:00,479.9347229,0.49761260298824295
3834,2019-03-09 18:00:00,479.913696289,0.4387328973404616
3835,2019-03-09 19:00:00,479.916534424,0.47064068410148185
3836,2019-03-09 20:00:00,479.912872314,0.03472791163451394
3837,2019-03-09 21:00:00,479.898254395,0.7594514190405343
3838,2019-03-09 22:00:00,479.875061035,0.9307548559104629
3839,2019-03-09 23:00:00,479.896453857,0.6490299677674914
3840,2019-03-10 00:00:00,479.910614014,0.23251073639956266
3841,2019-03-10 01:00:00,479.920135498,0.3218943243708421
3842,2019-03-10 02:00:00,479.931915283,0.2733356527236289
3843,2019-03-10 03:00:00,479.944915771,0.4671621582977744
3844,2019-03-10 04:00:00,479.957000732,0.7386750849907986
3845,2019-03-10 05:00:00,479.964569092,0.3340874852802067
3846,2019-03-10 06:00:00,479.97064209,0.45942468193330666
3847,2019-03-10 07:00:00,479.976989746,0.7248908505502041
3848,2019-03-10 08:00:00,479.984588623,0.6952310372379037
3849,2019-03-10 09:00:00,479.991455078,0.9833558323020924
3850,2019-03-10 10:00:00,479.998657227,0.07333307590061644
3851,2019-03-10 11:00:00,480.009857178,0.9076671573535425
3852,2019-03-10 12:00:00,480.016326904,0.9474568784095726
3853,2019-03-10 13:00:00,480.022338867,0.2572402346569197
3854,2019-03-10 14:00:00,480.023651123,0.857533999570576
3855,2019-03-10 15:00:00,480.022216797,0.06394784474124038
3856,2019-03-10 16:00:00,480.014221191,0.3663607284257756
3857,2019-03-10 17:00:00,479.995758057,0.09859452379141476
3858,2019-03-10 18:00:00,479.967407227,0.1938108487811927
3859,2019-03-10 19:00:00,479.928588867,0.7780090046037691
3860,2019-03-10 20:00:00,479.871917725,0.2620731404554999
3861,2019-03-10 21:00:00,479.821899414,0.17274570819541657
3862,2019-03-10 22:00:00,479.770721436,0.089346984905872
3863,2019-03-10 23:00:00,479.754669189,0.3494384077459364
3864,2019-03-11 00:00:00,479.748199463,0.9921190985418741
3865,2019-03-11 01:00:00,479.745147705,0.8056883158163137
3866,2019-03-11 02:00:00,479.738220215,0.1808719581134488
3867,2019-03-11 03:00:00,479.745147705,0.6489373671544142
3868,2019-03-11 04:00:00,479.733947754,0.7076222067565844
3869,2019-03-11 05:00:00,479.71987915,0.07601379384371865
3870,2019-03-11 06:00:00,479.916259766,0.7567371430522986
3871,2019-03-11 07:00:00,479.933959961,0.6928512003611617
3872,2019-03-11 08:00:00,479.944030762,0.6681166887620623
3873,2019-03-11 09:00:00,479.95098877,0.6247056490349817
3874,2019-03-11 10:00:00,479.956237793,0.1165367050414089
3875,2019-03-11 11:00:00,479.966552734,0.8489412544029569
3876,2019-03-11 12:00:00,480.185455322,0.3966483666890379
3877,2019-03-11 13:00:00,480.220611572,0.6117874752873196
3878,2019-03-11 14:00:00,480.474304199,0.48769163366871904
3879,2019-03-11 15:00:00,480.507476807,0.28389377215866674
3880,2019-03-11 16:00:00,480.526031494,0.44486041124212605
3881,2019-03-11 17:00:00,480.54083252,0.9261086328387822
3882,2019-03-11 18:00:00,481.210418701,0.9887623293892993
3883,2019-03-11 19:00:00,481.348693848,0.12986651601593235
3884,2019-03-11 20:00:00,487.165802002,0.38778004509656094
3885,2019-03-11 21:00:00,488.377410889,0.8271761654690087
3886,2019-03-11 22:00:00,488.858154297,0.4654280129181766
3887,2019-03-11 23:00:00,489.482452393,0.5877766217572131
3888,2019-03-12 00:00:00,489.62310791,0.3365925426667806
3889,2019-03-12 01:00:00,489.753173828,0.8110506480531849
3890,2019-03-12 02:00:00,489.834991455,0.49982626236577743
3891,2019-03-12 03:00:00,489.880737305,0.5925196478762341
3892,2019-03-12 04:00:00,491.47052002,0.33522237731824034
3893,2019-03-12 05:00:00,492.552062988,0.7428266074407275
3894,2019-03-12 06:00:00,495.230895996,0.8601823923633611
3895,2019-03-12 07:00:00,495.878326416,0.8462138943512222
3896,2019-03-12 08:00:00,497.437072754,0.4556465459821426
3897,2019-03-12 09:00:00,499.872253418,0.4851785103839711
3898,2019-03-12 10:00:00,502.602142334,0.12670222636862039
3899,2019-03-12 11:00:00,504.28314209,0.4211243064158263
3900,2019-03-12 12:00:00,505.619384766,0.8876840821068113
3901,2019-03-12 13:00:00,506.202758789,0.4539613212831781
3902,2019-03-12 14:00:00,506.668243408,0.5491643253432177
3903,2019-03-12 15:00:00,507.104675293,0.21571897945855167
3904,2019-03-12 16:00:00,509.36416626,0.21925889805145804
3905,2019-03-12 17:00:00,513.558105469,0.5710278554179034
3906,2019-03-12 18:00:00,521.078369141,0.9820695804475718
3907,2019-03-12 19:00:00,523.161499023,0.22525848714002594
3908,2019-03-12 20:00:00,524.003540039,0.6910912124803391
3909,2019-03-12 21:00:00,524.770202637,0.14404376402340757
3910,2019-03-12 22:00:00,525.361083984,0.17808237564083373
3911,2019-03-12 23:00:00,525.588562012,0.20023201318382922
3912,2019-03-13 00:00:00,526.073974609,0.46839516932756786
3913,2019-03-13 01:00:00,526.979064941,0.15407216077674235
3914,2019-03-13 02:00:00,528.597839355,0.5943370747942742
3915,2019-03-13 03:00:00,532.463378906,0.225277595052372
3916,2019-03-13 04:00:00,536.637451172,0.31896217927895976
3917,2019-03-13 05:00:00,537.887329102,0.29187142206685524
3918,2019-03-13 06:00:00,538.236938477,0.3229381401560938
3919,2019-03-13 07:00:00,538.959289551,0.13920440421580627
3920,2019-03-13 08:00:00,539.65032959,0.1183598052056577
3921,2019-03-13 09:00:00,540.24621582,0.33279609814099753
3922,2019-03-13 10:00:00,541.872680664,0.6052958179397623
3923,2019-03-13 11:00:00,543.938415527,0.09031222435148367
3924,2019-03-13 12:00:00,545.888427734,0.12850625189650977
3925,2019-03-13 13:00:00,551.373901367,0.5339319801975
3926,2019-03-13 14:00:00,555.15637207,0.12608161373811377
3927,2019-03-13 15:00:00,558.612609863,0.4154644258082917
3928,2019-03-13 16:00:00,560.318481445,0.008309007963715254
3929,2019-03-13 17:00:00,561.259033203,0.6457760516234211
3930,2019-03-13 18:00:00,562.54675293,0.9100734852549393
3931,2019-03-13 19:00:00,563.470458984,0.6189529490227794
3932,2019-03-13 20:00:00,566.64251709,0.8740125940535117
3933,2019-03-13 21:00:00,570.631103516,0.6714569223744697
3934,2019-03-13 22:00:00,571.525817871,0.268197057211746
3935,2019-03-13 23:00:00,572.240844727,0.7971651905168846
3936,2019-03-14 00:00:00,572.73840332,0.05948155160816104
3937,2019-03-14 01:00:00,573.046020508,0.6077571179095081
3938,2019-03-14 02:00:00,573.590515137,0.541190018847164
3939,2019-03-14 03:00:00,573.687866211,0.5307784001727331
3940,2019-03-14 04:00:00,573.757568359,0.9451047996846695
3941,2019-03-14 05:00:00,573.810668945,0.5049589199863123
3942,2019-03-14 06:00:00,573.863098145,0.6295295874253019
3943,2019-03-14 07:00:00,573.958740234,0.555033634624295
3944,2019-03-14 08:00:00,574.038269043,0.34811739158366506
3945,2019-03-14 09:00:00,574.101928711,0.7756249347038758
3946,2019-03-14 10:00:00,574.193054199,0.1870200380680499
3947,2019-03-14 11:00:00,574.283081055,0.2652028984315997
3948,2019-03-14 12:00:00,574.344848633,0.5456414848227112
3949,2019-03-14 13:00:00,574.396850586,0.5248878113303689
3950,2019-03-14 14:00:00,574.43371582,0.17603645173311255
3951,2019-03-14 15:00:00,574.456115723,0.2959473231490346
3952,2019-03-14 16:00:00,574.465393066,0.7155643776840543
3953,2019-03-14 17:00:00,574.463989258,0.5009475048583145
3954,2019-03-14 18:00:00,574.46270752,0.9331629468144014
3955,2019-03-14 19:00:00,574.445678711,0.46150511007448747
3956,2019-03-14 20:00:00,574.423278809,0.6929338332055129
3957,2019-03-14 21:00:00,574.389526367,0.32300078573839675
3958,2019-03-14 22:00:00,574.368225098,0.03152778690850866
3959,2019-03-14 23:00:00,574.359863281,0.9974278492616762
3960,2019-03-15 00:00:00,574.370422363,0.01840631058876241
3961,2019-03-15 01:00:00,574.384094238,0.15792847068282234
3962,2019-03-15 02:00:00,574.395385742,0.15173876648484685
3963,2019-03-15 03:00:00,574.406677246,0.8127078357952517
3964,2019-03-15 04:00:00,574.416809082,0.0934159643359661
3965,2019-03-15 05:00:00,574.426513672,0.031489805879618915
3966,2019-03-15 06:00:00,574.434814453,0.22039581599791314
3967,2019-03-15 07:00:00,574.443664551,0.5743040816696386
3968,2019-03-15 08:00:00,574.450744629,0.7199162798613425
3969,2019-03-15 09:00:00,574.458190918,0.10663591276726647
3970,2019-03-15 10:00:00,574.464111328,0.5512734200477584
3971,2019-03-15 11:00:00,574.469726562,0.6204398034478288
3972,2019-03-15 12:00:00,574.47467041,0.8196298585809625
3973,2019-03-15 13:00:00,574.478149414,0.6900106287755436
3974,2019-03-15 14:00:00,574.481140137,0.9522907201085585
3975,2019-03-15 15:00:00,574.482971191,0.9085766171225838
3976,2019-03-15 16:00:00,574.478210449,0.13008876706378414
3977,2019-03-15 17:00:00,574.451904297,0.6278818288137641
3978,2019-03-15 18:00:00,574.399536133,0.6121873745339719
3979,2019-03-15 19:00:00,574.321716309,0.5479939532488904
3980,2019-03-15 20:00:00,574.229187012,0.8153290882603653
3981,2019-03-15 21:00:00,574.150878906,0.16219193330614345
3982,2019-03-15 22:00:00,574.095458984,0.8596740955280999
3983,2019-03-15 23:00:00,574.068115234,0.6539376930645494
3984,2019-03-16 00:00:00,574.085998535,0.018438180964906015
3985,2019-03-16 01:00:00,574.098510742,0.8320224541778016
3986,2019-03-16 02:00:00,574.108398438,0.01661003409490791
3987,2019-03-16 03:00:00,574.120178223,0.7422418741593847
3988,2019-03-16 04:00:00,574.129516602,0.016409801545133273
3989,2019-03-16 05:00:00,574.137390137,0.9221397787264471
3990,2019-03-16 06:00:00,574.144165039,0.9007040451666191
3991,2019-03-16 07:00:00,574.151184082,0.4462061193184472
3992,2019-03-16 08:00:00,574.156982422,0.04943911941042334
3993,2019-03-16 09:00:00,574.163146973,0.29752215351543976
3994,2019-03-16 10:00:00,574.168884277,0.16554173028886088
3995,2019-03-16 11:00:00,574.173950195,0.6537422995931053
3996,2019-03-16 12:00:00,574.179870605,0.9704409531086217
3997,2019-03-16 13:00:00,574.183959961,0.036861161785502916
3998,2019-03-16 14:00:00,574.188415527,0.2628611638252958
3999,2019-03-16 15:00:00,574.190002441,0.46991255768693196
4000,2019-03-16 16:00:00,574.181335449,0.5413163023053266
4001,2019-03-16 17:00:00,574.146240234,0.7862627067748132
4002,2019-03-16 18:00:00,574.083679199,0.007166506781148163
4003,2019-03-16 19:00:00,573.997680664,0.2587723244424468
4004,2019-03-16 20:00:00,573.891174316,0.9601739387584097
4005,2019-03-16 21:00:00,573.811279297,0.6901795009920971
4006,2019-03-16 22:00:00,573.752075195,0.12307139444054782
4007,2019-03-16 23:00:00,573.721008301,0.6389327274033272
4008,2019-03-17 00:00:00,573.737670898,0.4881496238048142
4009,2019-03-17 01:00:00,573.750976562,0.5726345224459398
4010,2019-03-17 02:00:00,573.761474609,0.6608516167810454
4011,2019-03-17 03:00:00,573.771728516,0.19903382204054376
4012,2019-03-17 04:00:00,573.780700684,0.8186105663929887
4013,2019-03-17 05:00:00,573.790649414,0.27433679040205794
4014,2019-03-17 06:00:00,573.799499512,0.21101199145619864
4015,2019-03-17 07:00:00,573.807556152,0.1260587890122319
4016,2019-03-17 08:00:00,573.81628418,0.06872163440775114
4017,2019-03-17 09:00:00,573.823730469,0.6866817604606402
4018,2019-03-17 10:00:00,573.83013916,0.6943200728096605
4019,2019-03-17 11:00:00,573.838378906,0.7765066113558485
4020,2019-03-17 12:00:00,573.846374512,0.5235109526806847
4021,2019-03-17 13:00:00,573.854736328,0.6047573153330854
4022,2019-03-17 14:00:00,573.860107422,0.7940553050149856
4023,2019-03-17 15:00:00,573.860961914,0.2382817638596263
4024,2019-03-17 16:00:00,573.854003906,0.10965784473140483
4025,2019-03-17 17:00:00,573.824279785,0.1752562446194359
4026,2019-03-17 18:00:00,573.763793945,0.05057053153512292
4027,2019-03-17 19:00:00,573.680175781,0.05069520154101248
4028,2019-03-17 20:00:00,573.580505371,0.4129760487572739
4029,2019-03-17 21:00:00,573.498718262,0.1924111267229216
4030,2019-03-17 22:00:00,573.43560791,0.5593099888760085
4031,2019-03-17 23:00:00,573.407653809,0.7800178062977249
4032,2019-03-18 00:00:00,573.428894043,0.3113497993924218
4033,2019-03-18 01:00:00,573.44732666,0.5700431278010706
4034,2019-03-18 02:00:00,573.463989258,0.15749565793599474
4035,2019-03-18 03:00:00,573.478820801,0.5683461929281849
4036,2019-03-18 04:00:00,573.490966797,0.4404352417178654
4037,2019-03-18 05:00:00,573.50201416,0.5235973177304222
4038,2019-03-18 06:00:00,573.510253906,0.7479027340392507
4039,2019-03-18 07:00:00,573.514404297,0.49079230376086647
4040,2019-03-18 08:00:00,573.519165039,0.034265149760892344
4041,2019-03-18 09:00:00,573.529602051,0.715460798027601
4042,2019-03-18 10:00:00,573.541809082,0.8740039540198619
4043,2019-03-18 11:00:00,573.555297852,0.9098872942574979
4044,2019-03-18 12:00:00,573.569152832,0.9915254546419402
4045,2019-03-18 13:00:00,573.583068848,0.9154903663090019
4046,2019-03-18 14:00:00,573.592224121,0.40754408669430797
4047,2019-03-18 15:00:00,573.595458984,0.037446580393281415
4048,2019-03-18 16:00:00,573.591430664,0.18481384327932204
4049,2019-03-18 17:00:00,573.562194824,0.7521331493111505
4050,2019-03-18 18:00:00,573.503112793,0.07669356232560975
4051,2019-03-18 19:00:00,573.422424316,0.4207997214690381
4052,2019-03-18 20:00:00,573.345336914,0.8895655059566967
4053,2019-03-18 21:00:00,573.272949219,0.823146728436165
4054,2019-03-18 22:00:00,573.219726562,0.45730054421981026
4055,2019-03-18 23:00:00,573.181152344,0.9254065527493848
4056,2019-03-19 00:00:00,573.185119629,0.39846291384270016
4057,2019-03-19 01:00:00,573.189208984,0.02066275811116003
4058,2019-03-19 02:00:00,573.194335938,0.3772465298385994
4059,2019-03-19 03:00:00,573.205993652,0.8593714407881519
4060,2019-03-19 04:00:00,573.217651367,0.9234369510534557
4061,2019-03-19 05:00:00,573.228088379,0.8611653796711884
4062,2019-03-19 06:00:00,573.237243652,0.5410129131588458
4063,2019-03-19 07:00:00,573.248291016,0.17129042887419332
4064,2019-03-19 08:00:00,573.260620117,0.3782504202758151
4065,2019-03-19 09:00:00,573.269348145,0.11458383559331131
4066,2019-03-19 10:00:00,573.275634766,0.6383376977903344
4067,2019-03-19 11:00:00,573.284606934,0.4867111850357104
4068,2019-03-19 12:00:00,573.294311523,0.9691595861179327
4069,2019-03-19 13:00:00,573.304992676,0.9753343370272746
4070,2019-03-19 14:00:00,573.311767578,0.5258354637111095
4071,2019-03-19 15:00:00,573.316955566,0.6269094935035662
4072,2019-03-19 16:00:00,573.317565918,0.30854048186570726
4073,2019-03-19 17:00:00,573.295532227,0.5689786901067541
4074,2019-03-19 18:00:00,573.255981445,0.553129755545625
4075,2019-03-19 19:00:00,573.200317383,0.5603609938224039
4076,2019-03-19 20:00:00,573.137817383,0.35457583106446944
4077,2019-03-19 21:00:00,573.076843262,0.8886449616437099
4078,2019-03-19 22:00:00,573.032714844,0.47831832413333986
4079,2019-03-19 23:00:00,572.999755859,0.27909333953130433
4080,2019-03-20 00:00:00,572.986328125,0.8467234347975576
4081,2019-03-20 01:00:00,572.978759766,0.5654331224035519
4082,2019-03-20 02:00:00,572.975952148,0.49500222021545837
4083,2019-03-20 03:00:00,572.960327148,0.06281633996965719
4084,2019-03-20 04:00:00,572.937927246,0.9287998418300583
4085,2019-03-20 05:00:00,572.913635254,0.7723625057898296
4086,2019-03-20 06:00:00,572.884765625,0.6261696248536397
4087,2019-03-20 07:00:00,572.864013672,0.7963981522830627
4088,2019-03-20 08:00:00,572.840637207,0.46530930830803074
4089,2019-03-20 09:00:00,572.817443848,0.7492046389003796
4090,2019-03-20 10:00:00,572.794311523,0.22325034627749996
4091,2019-03-20 11:00:00,572.777954102,0.0554617474469945
4092,2019-03-20 12:00:00,572.780273438,0.22457328978924318
4093,2019-03-20 13:00:00,572.782592773,0.28512666903557393
4094,2019-03-20 14:00:00,572.784118652,0.8821993223364518
4095,2019-03-20 15:00:00,572.783569336,0.7913363980981124
4096,2019-03-20 16:00:00,572.778808594,0.5517455017295083
4097,2019-03-20 17:00:00,572.749023438,0.8087192700026115
4098,2019-03-20 18:00:00,572.678100586,0.07521758842954973
4099,2019-03-20 19:00:00,572.591430664,0.173401110732598
4100,2019-03-20 20:00:00,572.480834961,0.5760699416557071
4101,2019-03-20 21:00:00,572.379638672,0.18241597472021953
4102,2019-03-20 22:00:00,572.288696289,0.4645217878940434
4103,2019-03-20 23:00:00,572.22277832,0.24508566940891108
4104,2019-03-21 00:00:00,572.214233398,0.7940553961917197
4105,2019-03-21 01:00:00,572.202880859,0.30699780998931603
4106,2019-03-21 02:00:00,572.173095703,0.803824593146117
4107,2019-03-21 03:00:00,572.151855469,0.6864811546939972
4108,2019-03-21 04:00:00,572.126342773,0.9322083824502642
4109,2019-03-21 05:00:00,572.100402832,0.21181539934799287
4110,2019-03-21 06:00:00,572.078613281,0.8361815855312771
4111,2019-03-21 07:00:00,572.065795898,0.4095557315132192
4112,2019-03-21 08:00:00,572.047973633,0.06452064225552623
4113,2019-03-21 09:00:00,572.02722168,0.9810239310549969
4114,2019-03-21 10:00:00,572.010009766,0.6395954876112664
4115,2019-03-21 11:00:00,571.998168945,0.734294356540862
4116,2019-03-21 12:00:00,571.98828125,0.4292003666844467
4117,2019-03-21 13:00:00,571.976196289,0.13972984565342217
4118,2019-03-21 14:00:00,571.964233398,0.7722709865605197
4119,2019-03-21 15:00:00,571.955505371,0.10489300788269962
4120,2019-03-21 16:00:00,571.94720459,0.6113937639907228
4121,2019-03-21 17:00:00,571.92980957,0.8257370161718196
4122,2019-03-21 18:00:00,571.90222168,0.9037391991774124
4123,2019-03-21 19:00:00,571.861328125,0.9686563671885582
4124,2019-03-21 20:00:00,571.814086914,0.9664414029887515
4125,2019-03-21 21:00:00,572.46295166,0.11757022464106115
4126,2019-03-21 22:00:00,575.722717285,0.05512557800683382
4127,2019-03-21 23:00:00,581.941223145,0.9490563802123377
4128,2019-03-22 00:00:00,582.60168457,0.7453533562383521
4129,2019-03-22 01:00:00,583.02532959,0.6703568434018481
4130,2019-03-22 02:00:00,583.237976074,0.6546110486504182
4131,2019-03-22 03:00:00,583.43762207,0.08002555683473522
4132,2019-03-22 04:00:00,583.692077637,0.9332100233210779
4133,2019-03-22 05:00:00,583.882629395,0.3497948916075393
4134,2019-03-22 06:00:00,583.942687988,0.2676122230011819
4135,2019-03-22 07:00:00,583.984619141,0.2762013759197971
4136,2019-03-22 08:00:00,585.515808105,0.39521016568740774
4137,2019-03-22 09:00:00,587.217590332,0.3014035724189159
4138,2019-03-22 10:00:00,588.085327148,0.25161114456773115
4139,2019-03-22 11:00:00,590.423156738,0.9370002342458127
4140,2019-03-22 12:00:00,591.871765137,0.5302908154349234
4141,2019-03-22 13:00:00,592.601867676,0.5354156531737068
4142,2019-03-22 14:00:00,592.941711426,0.021665827708589602
4143,2019-03-22 15:00:00,593.093566895,0.403711092700196
4144,2019-03-22 16:00:00,593.276428223,0.47265223840253934
4145,2019-03-22 17:00:00,593.971252441,0.46211607849782055
4146,2019-03-22 18:00:00,594.282958984,0.7184590722240923
4147,2019-03-22 19:00:00,594.669799805,0.5718160817621151
4148,2019-03-22 20:00:00,594.951843262,0.8229421791691474
4149,2019-03-22 21:00:00,598.637695312,0.15140475972208522
4150,2019-03-22 22:00:00,600.122741699,0.8002394995270338
4151,2019-03-22 23:00:00,600.626586914,0.2590593151651639
4152,2019-03-23 00:00:00,601.079284668,0.40201295383897806
4153,2019-03-23 01:00:00,601.743041992,0.1440411533317234
4154,2019-03-23 02:00:00,601.982971191,0.9403277606654815
4155,2019-03-23 03:00:00,602.15447998,0.09145737356592765
4156,2019-03-23 04:00:00,602.311584473,0.2646671926977554
4157,2019-03-23 05:00:00,602.462280273,0.5995195533958839
4158,2019-03-23 06:00:00,602.587646484,0.9665493825559318
4159,2019-03-23 07:00:00,602.723754883,0.8241289799141123
4160,2019-03-23 08:00:00,602.850280762,0.6708794792558603
4161,2019-03-23 09:00:00,602.961303711,0.9582004833659977
4162,2019-03-23 10:00:00,603.063781738,0.23664635066607165
4163,2019-03-23 11:00:00,603.157348633,0.2993957948722883
4164,2019-03-23 12:00:00,603.237670898,0.09006890906706877
4165,2019-03-23 13:00:00,603.316162109,0.8445098133988084
4166,2019-03-23 14:00:00,603.381286621,0.669282270153881
4167,2019-03-23 15:00:00,603.442565918,0.7062254952355213
4168,2019-03-23 16:00:00,603.510620117,0.8228122796885734
4169,2019-03-23 17:00:00,603.572875977,0.60141043347362
4170,2019-03-23 18:00:00,603.642089844,0.5382069662239007
4171,2019-03-23 19:00:00,603.674682617,0.4274641285749994
4172,2019-03-23 20:00:00,603.68737793,0.3433398721526614
4173,2019-03-23 21:00:00,603.680053711,0.0001092876203870885
4174,2019-03-23 22:00:00,603.658935547,0.03161430319171532
4175,2019-03-23 23:00:00,603.641052246,0.9337271771624367
4176,2019-03-24 00:00:00,603.641723633,0.8829466775077766
4177,2019-03-24 01:00:00,603.64831543,0.08074542087147352
4178,2019-03-24 02:00:00,603.661987305,0.9303390378558344
4179,2019-03-24 03:00:00,603.682006836,0.12597938814681653
4180,2019-03-24 04:00:00,603.700622559,0.4718662105106455
4181,2019-03-24 05:00:00,603.71887207,0.906734166376505
4182,2019-03-24 06:00:00,603.733093262,0.9533539935549502
4183,2019-03-24 07:00:00,603.749206543,0.09627754832886093
4184,2019-03-24 08:00:00,603.763122559,0.6265219800041364
4185,2019-03-24 09:00:00,603.776367188,0.007301094186593748
4186,2019-03-24 10:00:00,603.789367676,0.9831776712950916
4187,2019-03-24 11:00:00,603.801757812,0.79563603512232
4188,2019-03-24 12:00:00,603.813476562,0.928564472051526
4189,2019-03-24 13:00:00,603.82220459,0.9543086829813728
4190,2019-03-24 14:00:00,603.832641602,0.7127093005323244
4191,2019-03-24 15:00:00,603.837097168,0.5085529510695824
4192,2019-03-24 16:00:00,603.83416748,0.07846911345604735
4193,2019-03-24 17:00:00,604.776123047,0.18502622015355408
4194,2019-03-24 18:00:00,604.890563965,0.43068790827412307
4195,2019-03-24 19:00:00,604.977722168,0.8098784371956165
4196,2019-03-24 20:00:00,605.045532227,0.4105064872046833
4197,2019-03-24 21:00:00,605.090881348,0.36787673858321357
4198,2019-03-24 22:00:00,605.094848633,0.8681628727237914
4199,2019-03-24 23:00:00,605.090576172,0.07466359151293034
4200,2019-03-25 00:00:00,605.10144043,0.33801713107765774
4201,2019-03-25 01:00:00,605.111450195,0.5233193987876563
4202,2019-03-25 02:00:00,605.128173828,0.09517369104903317
4203,2019-03-25 03:00:00,605.142822266,0.09882120898316882
4204,2019-03-25 04:00:00,605.156005859,0.73313618068326
4205,2019-03-25 05:00:00,605.17010498,0.03471330632339009
4206,2019-03-25 06:00:00,605.184814453,0.4896003949222748
4207,2019-03-25 07:00:00,605.200500488,0.17934115249748528
4208,2019-03-25 08:00:00,605.213500977,0.3736876637055784
4209,2019-03-25 09:00:00,605.225708008,0.29855865134058823
4210,2019-03-25 10:00:00,605.235839844,0.9857176509510892
4211,2019-03-25 11:00:00,605.246276855,0.9649500394174817
4212,2019-03-25 12:00:00,605.256652832,0.1837666966470466
4213,2019-03-25 13:00:00,605.264160156,0.6461372977140611
4214,2019-03-25 14:00:00,605.269226074,0.8801274177081517
4215,2019-03-25 15:00:00,605.268981934,0.9349991550710791
4216,2019-03-25 16:00:00,605.247802734,0.013672295961320025
4217,2019-03-25 17:00:00,605.201721191,0.9531612393977623
4218,2019-03-25 18:00:00,605.134460449,0.9935644765612228
4219,2019-03-25 19:00:00,605.047851562,0.23036693080437232
4220,2019-03-25 20:00:00,604.950256348,0.39277388448877115
4221,2019-03-25 21:00:00,604.859741211,0.9980687848388855
4222,2019-03-25 22:00:00,604.7734375,0.7788792753059613
4223,2019-03-25 23:00:00,604.70513916,0.2413122640444716
4224,2019-03-26 00:00:00,604.704162598,0.9650030899563384
4225,2019-03-26 01:00:00,604.715393066,0.2879599098481531
4226,2019-03-26 02:00:00,604.723022461,0.32620970607779254
4227,2019-03-26 03:00:00,604.729614258,0.6348390864225046
4228,2019-03-26 04:00:00,604.73260498,0.24400922433902505
4229,2019-03-26 05:00:00,604.731140137,0.2708830326506477
4230,2019-03-26 06:00:00,604.730529785,0.8518152272398669
4231,2019-03-26 07:00:00,604.733276367,0.657921327455194
4232,2019-03-26 08:00:00,604.736328125,0.9345346943884904
4233,2019-03-26 09:00:00,604.739318848,0.41867516734270815
4234,2019-03-26 10:00:00,604.742248535,0.0650875762528148
4235,2019-03-26 11:00:00,604.745849609,0.1207081922408243
4236,2019-03-26 12:00:00,604.747924805,0.8979930009174895
4237,2019-03-26 13:00:00,604.745666504,0.5512569035847635
4238,2019-03-26 14:00:00,604.739318848,0.38605179078638086
4239,2019-03-26 15:00:00,604.727172852,0.40161512700707613
4240,2019-03-26 16:00:00,604.696777344,0.6943782334927631
4241,2019-03-26 17:00:00,604.636657715,0.5044797213298157
4242,2019-03-26 18:00:00,604.555541992,0.9946769173098368
4243,2019-03-26 19:00:00,604.469360352,0.5952999138872042
4244,2019-03-26 20:00:00,604.373718262,0.15148482120917328
4245,2019-03-26 21:00:00,604.27532959,0.056605487455194226
4246,2019-03-26 22:00:00,604.189208984,0.842793427201987
4247,2019-03-26 23:00:00,604.114746094,0.7072462341613406
4248,2019-03-27 00:00:00,604.08380127,0.640400579446215
4249,2019-03-27 01:00:00,604.0859375,0.4957167346041791
4250,2019-03-27 02:00:00,604.063232422,0.9700214328042155
4251,2019-03-27 03:00:00,604.070983887,0.2056338797710957
4252,2019-03-27 04:00:00,604.063293457,0.2606747357027265
4253,2019-03-27 05:00:00,604.063415527,0.5756174103738437
4254,2019-03-27 06:00:00,604.070678711,0.9833288835952281
4255,2019-03-27 07:00:00,604.075561523,0.020539265132936912
4256,2019-03-27 08:00:00,604.080627441,0.9820649442255268
4257,2019-03-27 09:00:00,604.08605957,0.08198188657809591
4258,2019-03-27 10:00:00,604.091186523,0.6258971505410545
4259,2019-03-27 11:00:00,604.096191406,0.7440860517827079
4260,2019-03-27 12:00:00,604.104431152,0.9498516748038067
4261,2019-03-27 13:00:00,604.113342285,0.8968677097328995
4262,2019-03-27 14:00:00,604.118652344,0.24982845958904232
4263,2019-03-27 15:00:00,604.120300293,0.9642568747120351
4264,2019-03-27 16:00:00,604.110473633,0.2738285491976017
4265,2019-03-27 17:00:00,604.05657959,0.7547916963380006
4266,2019-03-27 18:00:00,603.972106934,0.20768881943048423
4267,2019-03-27 19:00:00,603.870300293,0.9627914974326615
4268,2019-03-27 20:00:00,603.752685547,0.3171353556578417
4269,2019-03-27 21:00:00,603.664001465,0.07951283439750811
4270,2019-03-27 22:00:00,603.589538574,0.4696083297950503
4271,2019-03-27 23:00:00,603.549560547,0.11726154890655616
4272,2019-03-28 00:00:00,603.54675293,0.8822270433678614
4273,2019-03-28 01:00:00,603.547485352,0.8993784092073688
4274,2019-03-28 02:00:00,603.548217773,0.7868774535619937
4275,2019-03-28 03:00:00,603.541931152,0.23291339829744073
4276,2019-03-28 04:00:00,603.54498291,0.5734946703896092
4277,2019-03-28 05:00:00,603.548461914,0.02621076227180752
4278,2019-03-28 06:00:00,603.553283691,0.4144426774970117
4279,2019-03-28 07:00:00,603.558532715,0.7947765415983721
4280,2019-03-28 08:00:00,603.564147949,0.0606313395756668
4281,2019-03-28 09:00:00,603.573730469,0.7478803153186485
4282,2019-03-28 10:00:00,603.583251953,0.7079973492588961
4283,2019-03-28 11:00:00,603.589477539,0.7931238730278765
4284,2019-03-28 12:00:00,603.595825195,0.42155718377986284
4285,2019-03-28 13:00:00,603.603271484,0.03566079858046134
4286,2019-03-28 14:00:00,603.607299805,0.21810654284105868
4287,2019-03-28 15:00:00,603.608276367,0.8991105274089978
4288,2019-03-28 16:00:00,603.602233887,0.9552604833340191
4289,2019-03-28 17:00:00,603.56652832,0.39732005200435405
4290,2019-03-28 18:00:00,603.488647461,0.27355706203213725
4291,2019-03-28 19:00:00,603.391296387,0.7776219299407613
4292,2019-03-28 20:00:00,603.293029785,0.2678144369083604
4293,2019-03-28 21:00:00,603.182983398,0.9411830604476316
4294,2019-03-28 22:00:00,603.087890625,0.18181381582579204
4295,2019-03-28 23:00:00,603.031066895,0.5980305751395315
4296,2019-03-29 00:00:00,603.037231445,0.25277979405819995
4297,2019-03-29 01:00:00,603.046386719,0.7859626610482178
4298,2019-03-29 02:00:00,603.051879883,0.83753052447
4299,2019-03-29 03:00:00,603.046020508,0.29056596678864477
4300,2019-03-29 04:00:00,603.051025391,0.03936500296539258
4301,2019-03-29 05:00:00,603.047241211,0.9242287283558038
4302,2019-03-29 06:00:00,603.044677734,0.4675868799182643
4303,2019-03-29 07:00:00,603.037597656,0.6710999659499706
4304,2019-03-29 08:00:00,603.03729248,0.8798247206843065
4305,2019-03-29 09:00:00,603.042724609,0.7133876461806865
4306,2019-03-29 10:00:00,603.05090332,0.38752628621546303
4307,2019-03-29 11:00:00,603.062866211,0.7031425781317766
4308,2019-03-29 12:00:00,603.074951172,0.42626525703046814
4309,2019-03-29 13:00:00,603.086669922,0.9523362665144464
4310,2019-03-29 14:00:00,603.095581055,0.18867985301906487
4311,2019-03-29 15:00:00,603.099243164,0.1564046099989519
4312,2019-03-29 16:00:00,603.098022461,0.44900560341225615
4313,2019-03-29 17:00:00,603.102050781,0.0822589246826454
4314,2019-03-29 18:00:00,603.12097168,0.6978889159127605
4315,2019-03-29 19:00:00,603.139282227,0.7520109265074726
4316,2019-03-29 20:00:00,603.160400391,0.15829802974897933
4317,2019-03-29 21:00:00,603.164428711,0.3744890418297451
4318,2019-03-29 22:00:00,603.160583496,0.7991374116246265
4319,2019-03-29 23:00:00,603.137451172,0.42014013660238814
4320,2019-03-30 00:00:00,603.126831055,0.22908229323614704
4321,2019-03-30 01:00:00,603.597351074,0.905747583348346
4322,2019-03-30 02:00:00,603.612060547,0.2058957341521125
4323,2019-03-30 03:00:00,603.647949219,0.8269455300178453
4324,2019-03-30 04:00:00,603.684082031,0.2661029420762049
4325,2019-03-30 05:00:00,603.71270752,0.8789894310737033
4326,2019-03-30 06:00:00,603.727050781,0.09963860765830435
4327,2019-03-30 07:00:00,603.741149902,0.051765895493914194
4328,2019-03-30 08:00:00,603.775756836,0.6981448383024068
4329,2019-03-30 09:00:00,603.809204102,0.24515409410649014
4330,2019-03-30 10:00:00,603.834472656,0.5338590876890512
4331,2019-03-30 11:00:00,603.856811523,0.2173788946033961
4332,2019-03-30 12:00:00,603.879821777,0.7325500872247179
4333,2019-03-30 13:00:00,603.901489258,0.7510114248027705
4334,2019-03-30 14:00:00,603.907836914,0.8178617347776037
4335,2019-03-30 15:00:00,603.91015625,0.09442881700885575
4336,2019-03-30 16:00:00,603.907165527,0.7269256700857046
4337,2019-03-30 17:00:00,603.887145996,0.6694403637094327
4338,2019-03-30 18:00:00,603.848510742,0.010239769802633303
4339,2019-03-30 19:00:00,603.810180664,0.6159307711393611
4340,2019-03-30 20:00:00,603.763000488,0.02011490918250014
4341,2019-03-30 21:00:00,603.723327637,0.033819335650904114
4342,2019-03-30 22:00:00,603.699768066,0.17704798489863094
4343,2019-03-30 23:00:00,603.674438477,0.37719336636590917
4344,2019-03-31 00:00:00,603.684875488,0.3060025165589615
4345,2019-03-31 01:00:00,603.694396973,0.9248389976742992
4346,2019-03-31 02:00:00,603.701782227,0.9663309239239197
4347,2019-03-31 03:00:00,603.710876465,0.2565332628807978
4348,2019-03-31 04:00:00,603.716796875,0.43291396715422137
4349,2019-03-31 05:00:00,603.725158691,0.9721199056119189
4350,2019-03-31 06:00:00,603.734191895,0.6841775844069277
4351,2019-03-31 07:00:00,603.747558594,0.781728966473333
4352,2019-03-31 08:00:00,603.756774902,0.8496380178078744
4353,2019-03-31 09:00:00,603.761108398,0.609266154571695
4354,2019-03-31 10:00:00,603.765625,0.1472387447632666
4355,2019-03-31 11:00:00,603.766967773,0.6158429373645019
4356,2019-03-31 12:00:00,603.763549805,0.9562434584922598
4357,2019-03-31 13:00:00,603.762817383,0.6528185739884377
4358,2019-03-31 14:00:00,603.759460449,0.023726044743180075
4359,2019-03-31 15:00:00,603.756958008,0.663665553812929
4360,2019-03-31 16:00:00,603.863830566,0.6061133406512996
4361,2019-03-31 17:00:00,605.006103516,0.036741460041255
4362,2019-03-31 18:00:00,605.548156738,0.11048135768330825
4363,2019-03-31 19:00:00,607.165161133,0.01833157842295663
4364,2019-03-31 20:00:00,607.976379395,0.05802944477607441
4365,2019-03-31 21:00:00,608.873596191,0.6385182746750121
4366,2019-03-31 22:00:00,609.161437988,0.1505527008150963
4367,2019-03-31 23:00:00,609.418029785,0.5150699096031095
4368,2019-04-01 00:00:00,609.528076172,0.6831105127586059
4369,2019-04-01 01:00:00,609.588684082,0.5839064041800779
4370,2019-04-01 02:00:00,609.63482666,0.05138567544836059
4371,2019-04-01 03:00:00,609.690429688,0.5110471444289858
4372,2019-04-01 04:00:00,609.730102539,0.43086088850884097
4373,2019-04-01 05:00:00,609.800048828,0.9725433921179865
4374,2019-04-01 06:00:00,609.828857422,0.9292092779311452
4375,2019-04-01 07:00:00,609.872314453,0.9447064304795425
4376,2019-04-01 08:00:00,609.929504395,0.6322263547409807
4377,2019-04-01 09:00:00,609.971618652,0.7747850416656066
4378,2019-04-01 10:00:00,610.020446777,0.22099772867283785
4379,2019-04-01 11:00:00,610.059814453,0.6034202808992862
4380,2019-04-01 12:00:00,610.125427246,0.02696253799336057
4381,2019-04-01 13:00:00,610.188476562,0.07172351500953988
4382,2019-04-01 14:00:00,610.243652344,0.2033465647258571
4383,2019-04-01 15:00:00,610.279663086,0.46806074636223494
4384,2019-04-01 16:00:00,610.319946289,0.028301441320137455
4385,2019-04-01 17:00:00,610.350036621,0.7608579511858756
4386,2019-04-01 18:00:00,610.379943848,0.053728720027768406
4387,2019-04-01 19:00:00,611.495666504,0.8798139677505935
4388,2019-04-01 20:00:00,612.024353027,0.3423656706401035
4389,2019-04-01 21:00:00,612.225158691,0.2580973325350855
4390,2019-04-01 22:00:00,612.366699219,0.8867963841989623
4391,2019-04-01 23:00:00,612.440124512,0.6332791873614916
4392,2019-04-02 00:00:00,612.49017334,0.525794307824539
4393,2019-04-02 01:00:00,612.517333984,0.460937872528533
4394,2019-04-02 02:00:00,612.539367676,0.7536992361216414
4395,2019-04-02 03:00:00,612.56048584,0.6022930139821884
4396,2019-04-02 04:00:00,612.577941895,0.8401197131318284
4397,2019-04-02 05:00:00,612.592834473,0.8633917927194261
4398,2019-04-02 06:00:00,612.602478027,0.3311891230469848
4399,2019-04-02 07:00:00,612.611999512,0.9050400897219962
4400,2019-04-02 08:00:00,612.621704102,0.7674363405412351
4401,2019-04-02 09:00:00,612.630187988,0.12003572164915177
4402,2019-04-02 10:00:00,612.640136719,0.1749668562862987
4403,2019-04-02 11:00:00,612.649230957,0.5903139795260581
4404,2019-04-02 12:00:00,612.657653809,0.2379511801340688
4405,2019-04-02 13:00:00,612.665710449,0.9371775753300806
4406,2019-04-02 14:00:00,612.672241211,0.43370844989675206
4407,2019-04-02 15:00:00,612.67755127,0.08718322640402387
4408,2019-04-02 16:00:00,612.66809082,0.6484202126684605
4409,2019-04-02 17:00:00,612.643676758,0.6348658638840128
4410,2019-04-02 18:00:00,612.618591309,0.48449658658887096
4411,2019-04-02 19:00:00,612.587158203,0.5598863825900371
4412,2019-04-02 20:00:00,612.547119141,0.8907783608006747
4413,2019-04-02 21:00:00,612.509643555,0.9335674998867205
4414,2019-04-02 22:00:00,612.483642578,0.4753049722595012
4415,2019-04-02 23:00:00,612.454528809,0.11479582629667029
4416,2019-04-03 00:00:00,612.466308594,0.1865216862648782
4417,2019-04-03 01:00:00,612.478515625,0.5365204080444304
4418,2019-04-03 02:00:00,612.490722656,0.3277360875356873
4419,2019-04-03 03:00:00,612.495666504,0.10992024685691082
4420,2019-04-03 04:00:00,612.498413086,0.1887552330801615
4421,2019-04-03 05:00:00,612.498962402,0.8855852523073806
4422,2019-04-03 06:00:00,612.499755859,0.18411375599478363
4423,2019-04-03 07:00:00,612.504760742,0.3045439553287196
4424,2019-04-03 08:00:00,612.510681152,0.18985278208062506
4425,2019-04-03 09:00:00,612.52142334,0.9173377958162562
4426,2019-04-03 10:00:00,612.53302002,0.6903732221607124
4427,2019-04-03 11:00:00,612.544189453,0.6235632239219092
4428,2019-04-03 12:00:00,612.551513672,0.21710570941569685
4429,2019-04-03 13:00:00,612.560668945,0.7943519611766542
4430,2019-04-03 14:00:00,612.567138672,0.7314025299995854
4431,2019-04-03 15:00:00,613.283203125,0.6451056741387527
4432,2019-04-03 16:00:00,613.338684082,0.753839416885467
4433,2019-04-03 17:00:00,614.320129395,0.08142953526390306
4434,2019-04-03 18:00:00,614.465576172,0.2105471085068037
4435,2019-04-03 19:00:00,614.826721191,0.45514434684611527
4436,2019-04-03 20:00:00,615.393188477,0.2553986995804901
4437,2019-04-03 21:00:00,615.750488281,0.5148739065915435
4438,2019-04-03 22:00:00,616.070007324,0.7615861294966288
4439,2019-04-03 23:00:00,616.211853027,0.8676631728092234
4440,2019-04-04 00:00:00,616.319702148,0.6399746463343219
4441,2019-04-04 01:00:00,616.383483887,0.4765739438165897
4442,2019-04-04 02:00:00,616.438964844,0.20634624545580416
4443,2019-04-04 03:00:00,616.472717285,0.6200645828596328
4444,2019-04-04 04:00:00,616.502380371,0.6746065201511978
4445,2019-04-04 05:00:00,616.537475586,0.7531463711518364
4446,2019-04-04 06:00:00,616.569458008,0.4394741572895584
4447,2019-04-04 07:00:00,616.604064941,0.902124109884401
4448,2019-04-04 08:00:00,616.635070801,0.2778154339383031
4449,2019-04-04 09:00:00,616.662841797,0.4878533433787984
4450,2019-04-04 10:00:00,616.687988281,0.8132286563412477
4451,2019-04-04 11:00:00,616.713867188,0.38189138215664664
4452,2019-04-04 12:00:00,616.730041504,0.055683857627766065
4453,2019-04-04 13:00:00,616.745300293,0.2876709697987697
4454,2019-04-04 14:00:00,616.760559082,0.6315061164962283
4455,2019-04-04 15:00:00,616.769042969,0.5208736613116198
4456,2019-04-04 16:00:00,616.760070801,0.11954717229914491
4457,2019-04-04 17:00:00,616.74420166,0.6898765287370984
4458,2019-04-04 18:00:00,616.717529297,0.8045762893848596
4459,2019-04-04 19:00:00,616.688537598,0.2763965428570706
4460,2019-04-04 20:00:00,616.647705078,0.9957868467738901
4461,2019-04-04 21:00:00,616.603759766,0.8968819570452301
4462,2019-04-04 22:00:00,616.570983887,0.6358938229141056
4463,2019-04-04 23:00:00,616.556518555,0.41849577554694695
4464,2019-04-05 00:00:00,616.572509766,0.7565508259623794
4465,2019-04-05 01:00:00,616.586669922,0.8270108217764333
4466,2019-04-05 02:00:00,616.598937988,0.5060638063736783
4467,2019-04-05 03:00:00,616.609558105,0.6602459817113259
4468,2019-04-05 04:00:00,616.617980957,0.2395141895788616
4469,2019-04-05 05:00:00,616.625915527,0.25099899596618047
4470,2019-04-05 06:00:00,616.632385254,0.2425571567411483
4471,2019-04-05 07:00:00,616.63470459,0.7082549961682945
4472,2019-04-05 08:00:00,616.634887695,0.4800904048654253
4473,2019-04-05 09:00:00,616.642272949,0.22849010183503848
4474,2019-04-05 10:00:00,616.647705078,0.909866085110969
4475,2019-04-05 11:00:00,616.653808594,0.8940730395614725
4476,2019-04-05 12:00:00,616.664245605,0.866374725428614
4477,2019-04-05 13:00:00,616.673217773,0.491992939194387
4478,2019-04-05 14:00:00,616.681945801,0.13592207080962582
4479,2019-04-05 15:00:00,616.685119629,0.10949948856590774
4480,2019-04-05 16:00:00,616.674682617,0.5687925036998674
4481,2019-04-05 17:00:00,616.64050293,0.9382413832958334
4482,2019-04-05 18:00:00,616.586730957,0.05450282766176595
4483,2019-04-05 19:00:00,616.518920898,0.6168561267324768
4484,2019-04-05 20:00:00,616.445678711,0.9483253508627841
4485,2019-04-05 21:00:00,616.379455566,0.5228511335526019
4486,2019-04-05 22:00:00,616.323425293,0.7967508144755874
4487,2019-04-05 23:00:00,616.285888672,0.967282671102651
4488,2019-04-06 00:00:00,616.274780273,0.24859776737836237
4489,2019-04-06 01:00:00,616.280639648,0.96526356778335
4490,2019-04-06 02:00:00,616.28326416,0.21456528713076173
4491,2019-04-06 03:00:00,616.286865234,0.8842877387555916
4492,2019-04-06 04:00:00,616.279968262,0.8323425764749471
4493,2019-04-06 05:00:00,616.269592285,0.941639497384993
4494,2019-04-06 06:00:00,616.259765625,0.0035760323566854657
4495,2019-04-06 07:00:00,616.265441895,0.5121972515675558
4496,2019-04-06 08:00:00,616.272521973,0.14234233614647873
4497,2019-04-06 09:00:00,616.280395508,0.8794356392147722
4498,2019-04-06 10:00:00,616.288085938,0.061191842591442835
4499,2019-04-06 11:00:00,616.296447754,0.9704637130848457
4500,2019-04-06 12:00:00,616.305908203,0.4155430642452913
4501,2019-04-06 13:00:00,616.316162109,0.7467436745360607
4502,2019-04-06 14:00:00,616.322814941,0.1772613129761833
4503,2019-04-06 15:00:00,616.326049805,0.01274850669000649
4504,2019-04-06 16:00:00,616.325683594,0.4043759059498051
4505,2019-04-06 17:00:00,616.310546875,0.7359947977818074
4506,2019-04-06 18:00:00,616.270874023,0.529163804541676
4507,2019-04-06 19:00:00,616.22442627,0.49298738428742617
4508,2019-04-06 20:00:00,616.173461914,0.5177872346587585
4509,2019-04-06 21:00:00,616.120239258,0.2919039603310385
4510,2019-04-06 22:00:00,616.087341309,0.47270856681757645
4511,2019-04-06 23:00:00,616.066040039,0.56735975923035
4512,2019-04-07 00:00:00,616.083435059,0.7043609103472768
4513,2019-04-07 01:00:00,616.100830078,0.06253340084076087
4514,2019-04-07 02:00:00,616.114013672,0.4433663358049177
4515,2019-04-07 03:00:00,616.122741699,0.08256266614159102
4516,2019-04-07 04:00:00,616.128845215,0.4715026098408026
4517,2019-04-07 05:00:00,616.134094238,0.8060189678206302
4518,2019-04-07 06:00:00,616.135620117,0.9200238751098341
4519,2019-04-07 07:00:00,616.14276123,0.44371791514959225
4520,2019-04-07 08:00:00,616.158081055,0.3572323420015572
4521,2019-04-07 09:00:00,616.175842285,0.6969889494903125
4522,2019-04-07 10:00:00,616.187744141,0.5361698040516295
4523,2019-04-07 11:00:00,616.197143555,0.1712219624549438
4524,2019-04-07 12:00:00,616.19934082,0.35120956314472906
4525,2019-04-07 13:00:00,616.198181152,0.00396849037629976
4526,2019-04-07 14:00:00,616.205688477,0.2721677041851295
4527,2019-04-07 15:00:00,616.208068848,0.3605815992125192
4528,2019-04-07 16:00:00,616.190429688,0.42770112752085965
4529,2019-04-07 17:00:00,616.158508301,0.7165383289980108
4530,2019-04-07 18:00:00,616.097717285,0.8577845991817711
4531,2019-04-07 19:00:00,616.027282715,0.8893695557564387
4532,2019-04-07 20:00:00,615.956115723,0.25808225014644814
4533,2019-04-07 21:00:00,615.887084961,0.8926229532543158
4534,2019-04-07 22:00:00,615.836364746,0.147709105602423
4535,2019-04-07 23:00:00,615.793945312,0.5902248261198662
4536,2019-04-08 00:00:00,615.784240723,0.3191561524068848
4537,2019-04-08 01:00:00,615.781616211,0.9739070295055438
4538,2019-04-08 02:00:00,615.770629883,0.4577374550238863
4539,2019-04-08 03:00:00,615.74798584,0.3279982338273041
4540,2019-04-08 04:00:00,615.72064209,0.3752396207914226
4541,2019-04-08 05:00:00,615.697753906,0.7114830275562027
4542,2019-04-08 06:00:00,615.678527832,0.6051512846711714
4543,2019-04-08 07:00:00,615.670898438,0.5695828236689847
4544,2019-04-08 08:00:00,615.663024902,0.4720515472049517
4545,2019-04-08 09:00:00,615.649475098,0.2464726307234022
4546,2019-04-08 10:00:00,615.645324707,0.1517738320370754
4547,2019-04-08 11:00:00,615.657470703,0.20821045873370458
4548,2019-04-08 12:00:00,615.669433594,0.35323778810171114
4549,2019-04-08 13:00:00,615.680175781,0.6422468772925504
4550,2019-04-08 14:00:00,615.689941406,0.2510070732529507
4551,2019-04-08 15:00:00,615.686401367,0.13944472679625997
4552,2019-04-08 16:00:00,615.660827637,0.47078227955861807
4553,2019-04-08 17:00:00,615.615234375,0.6013523282509885
4554,2019-04-08 18:00:00,615.551818848,0.860955713048589
4555,2019-04-08 19:00:00,615.48260498,0.06783277519195696
4556,2019-04-08 20:00:00,615.405029297,0.8015957420885708
4557,2019-04-08 21:00:00,615.331604004,0.18322733702078864
4558,2019-04-08 22:00:00,615.273071289,0.2288238991232816
4559,2019-04-08 23:00:00,615.231811523,0.6921878183404718
4560,2019-04-09 00:00:00,615.240356445,0.04818041792195793
4561,2019-04-09 01:00:00,615.245239258,0.9676356750683487
4562,2019-04-09 02:00:00,615.25390625,0.5067839259908665
4563,2019-04-09 03:00:00,615.268737793,0.33870962567677976
4564,2019-04-09 04:00:00,615.280090332,0.12426683248565207
4565,2019-04-09 05:00:00,615.289978027,0.13888151082785882
4566,2019-04-09 06:00:00,615.297973633,0.8811114726527262
4567,2019-04-09 07:00:00,615.306884766,0.8490317618317895
4568,2019-04-09 08:00:00,615.314819336,0.35218775777847955
4569,2019-04-09 09:00:00,615.320922852,0.4398764679238629
4570,2019-04-09 10:00:00,615.325866699,0.2275227184525047
4571,2019-04-09 11:00:00,615.332519531,0.10250359160877487
4572,2019-04-09 12:00:00,615.337646484,0.6419515981412302
4573,2019-04-09 13:00:00,615.343994141,0.5992903698438372
4574,2019-04-09 14:00:00,615.348327637,0.7221346233865505
4575,2019-04-09 15:00:00,615.339599609,0.9767161463728055
4576,2019-04-09 16:00:00,615.293640137,0.3525261815370613
4577,2019-04-09 17:00:00,615.226867676,0.12099249138410817
4578,2019-04-09 18:00:00,615.157287598,0.9806319393513263
4579,2019-04-09 19:00:00,615.083374023,0.9595107099150457
4580,2019-04-09 20:00:00,614.805175781,0.9252407918875979
4581,2019-04-09 21:00:00,614.209655762,0.6056956395994975
4582,2019-04-09 22:00:00,613.427734375,0.9548177654593788
4583,2019-04-09 23:00:00,612.526611328,0.25442786405499496
4584,2019-04-10 00:00:00,611.740783691,0.26866002414030477
4585,2019-04-10 01:00:00,611.118530273,0.5370029862425759
4586,2019-04-10 02:00:00,610.615600586,0.7542122473350339
4587,2019-04-10 03:00:00,610.201416016,0.7413619761627802
4588,2019-04-10 04:00:00,609.854248047,0.058193969199105244
4589,2019-04-10 05:00:00,609.565002441,0.20910178175336858
4590,2019-04-10 06:00:00,609.425231934,0.37318541707163677
4591,2019-04-10 07:00:00,609.206176758,0.22762756589134925
4592,2019-04-10 08:00:00,609.033081055,0.2597469757090979
4593,2019-04-10 09:00:00,608.867980957,0.10541195758611799
4594,2019-04-10 10:00:00,608.726867676,0.039619306958059375
4595,2019-04-10 11:00:00,608.606811523,0.1818388179124346
4596,2019-04-10 12:00:00,608.501586914,0.07233655121294591
4597,2019-04-10 13:00:00,608.414733887,0.7903958411222876
4598,2019-04-10 14:00:00,608.433410645,0.5825347268342336
4599,2019-04-10 15:00:00,608.451904297,0.9934863938786872
4600,2019-04-10 16:00:00,608.463012695,0.38321076114320396
4601,2019-04-10 17:00:00,609.684936523,0.669074302382477
4602,2019-04-10 18:00:00,610.623046875,0.02435297122967639
4603,2019-04-10 19:00:00,612.839172363,0.8620082120834477
4604,2019-04-10 20:00:00,614.788635254,0.5861481847167184
4605,2019-04-10 21:00:00,616.221191406,0.5603502795654639
4606,2019-04-10 22:00:00,617.688476562,0.7452434041614208
4607,2019-04-10 23:00:00,619.064453125,0.9428934068239517
4608,2019-04-11 00:00:00,619.747497559,0.1956201299436212
4609,2019-04-11 01:00:00,620.828063965,0.22389963206080232
4610,2019-04-11 02:00:00,621.438720703,0.45997192153042277
4611,2019-04-11 03:00:00,621.866149902,0.9698371055992697
4612,2019-04-11 04:00:00,622.297058105,0.41809303178778434
4613,2019-04-11 05:00:00,622.555480957,0.6911605170158087
4614,2019-04-11 06:00:00,622.755126953,0.39851979931466053
4615,2019-04-11 07:00:00,622.882263184,0.1330540982361691
4616,2019-04-11 08:00:00,622.964538574,0.20500483019424998
4617,2019-04-11 09:00:00,623.032958984,0.8217646120103452
4618,2019-04-11 10:00:00,623.083496094,0.1806146195688414
4619,2019-04-11 11:00:00,623.114562988,0.6925940727262234
4620,2019-04-11 12:00:00,623.14074707,0.19202628335132566
4621,2019-04-11 13:00:00,623.169921875,0.9250001140206808
4622,2019-04-11 14:00:00,623.238830566,0.32580092479491474
4623,2019-04-11 15:00:00,623.312927246,0.5543238708701202
4624,2019-04-11 16:00:00,623.391845703,0.9883627584483581
4625,2019-04-11 17:00:00,623.504211426,0.6073196401728111
4626,2019-04-11 18:00:00,623.641662598,0.26059240185766885
4627,2019-04-11 19:00:00,623.753662109,0.8612062515242559
4628,2019-04-11 20:00:00,623.899902344,0.25224868853449467
4629,2019-04-11 21:00:00,624.097045898,0.8846654853199474
4630,2019-04-11 22:00:00,624.351806641,0.23416492387378662
4631,2019-04-11 23:00:00,624.604064941,0.420796389215353
4632,2019-04-12 00:00:00,624.845703125,0.24921252768994628
4633,2019-04-12 01:00:00,624.981689453,0.8326266352195804
4634,2019-04-12 02:00:00,625.10144043,0.4246868004880643
4635,2019-04-12 03:00:00,625.233215332,0.23798970654598417
4636,2019-04-12 04:00:00,625.334716797,0.49733812946876366
4637,2019-04-12 05:00:00,626.031066895,0.26815183046732616
4638,2019-04-12 06:00:00,626.731079102,0.03235408813538998
4639,2019-04-12 07:00:00,626.824401855,0.37450162985246993
4640,2019-04-12 08:00:00,627.518005371,0.7704677423836136
4641,2019-04-12 09:00:00,627.676513672,0.08419363275001535
4642,2019-04-12 10:00:00,627.829589844,0.3599638748534819
4643,2019-04-12 11:00:00,627.967468262,0.138914034294359
4644,2019-04-12 12:00:00,628.693237305,0.3474898846543014
4645,2019-04-12 13:00:00,628.901489258,0.7899658029156003
4646,2019-04-12 14:00:00,629.065307617,0.9415563020733024
4647,2019-04-12 15:00:00,629.210632324,0.6418652483450004
4648,2019-04-12 16:00:00,629.282104492,0.5589992789885704
4649,2019-04-12 17:00:00,629.323547363,0.9555608527219398
4650,2019-04-12 18:00:00,629.379394531,0.63047363475344
4651,2019-04-12 19:00:00,629.476379395,0.6599790302475288
4652,2019-04-12 20:00:00,629.585266113,0.9302030970570303
4653,2019-04-12 21:00:00,629.694213867,0.25090097615289153
4654,2019-04-12 22:00:00,629.781188965,0.09127692229637807
4655,2019-04-12 23:00:00,629.844360352,0.8221205852576484
4656,2019-04-13 00:00:00,629.86706543,0.8744414176552249
4657,2019-04-13 01:00:00,629.882873535,0.9061865669341059
4658,2019-04-13 02:00:00,629.90222168,0.15096084670169563
4659,2019-04-13 03:00:00,629.927978516,0.058882934734215686
4660,2019-04-13 04:00:00,629.942626953,0.6332700982131435
4661,2019-04-13 05:00:00,629.970458984,0.746184340156325
4662,2019-04-13 06:00:00,630.006896973,0.1276921324848369
4663,2019-04-13 07:00:00,630.039978027,0.8400428547706731
4664,2019-04-13 08:00:00,630.069519043,0.592603193638925
4665,2019-04-13 09:00:00,630.093566895,0.2492458271690483
4666,2019-04-13 10:00:00,630.110168457,0.6026983435423185
4667,2019-04-13 11:00:00,630.135742188,0.04375415804697369
4668,2019-04-13 12:00:00,630.159484863,0.5438491846564973
4669,2019-04-13 13:00:00,630.184814453,0.24749198754099633
4670,2019-04-13 14:00:00,630.20501709,0.37350655144076705
4671,2019-04-13 15:00:00,630.221984863,0.0072099428210850025
4672,2019-04-13 16:00:00,630.230957031,0.16790362907723488
4673,2019-04-13 17:00:00,630.231384277,0.03748567601462449
4674,2019-04-13 18:00:00,630.217346191,0.43915678813564496
4675,2019-04-13 19:00:00,630.202331543,0.86611015303838
4676,2019-04-13 20:00:00,630.186828613,0.8634749445572137
4677,2019-04-13 21:00:00,630.169921875,0.5561978659971445
4678,2019-04-13 22:00:00,630.15637207,0.42975153751159956
4679,2019-04-13 23:00:00,630.153198242,0.8960088853121972
4680,2019-04-14 00:00:00,630.159118652,0.8412388244375458
4681,2019-04-14 01:00:00,630.164367676,0.3458955146179087
4682,2019-04-14 02:00:00,630.161071777,0.9166269986714443
4683,2019-04-14 03:00:00,630.152404785,0.09159779141359647
4684,2019-04-14 04:00:00,630.148742676,0.7292244410298278
4685,2019-04-14 05:00:00,630.150146484,0.2904280233410509
4686,2019-04-14 06:00:00,630.151550293,0.5243327553469884
4687,2019-04-14 07:00:00,630.155944824,0.8409191054985276
4688,2019-04-14 08:00:00,630.159301758,0.743833271021098
4689,2019-04-14 09:00:00,630.154296875,0.64743679406123
4690,2019-04-14 10:00:00,630.148498535,0.8928107006591551
4691,2019-04-14 11:00:00,630.146179199,0.44184922301204466
4692,2019-04-14 12:00:00,630.144348145,0.6042604465725976
4693,2019-04-14 13:00:00,630.144104004,0.8971550336763295
4694,2019-04-14 14:00:00,630.141540527,0.9094374522739977
4695,2019-04-14 15:00:00,630.134399414,0.23576214749294777
4696,2019-04-14 16:00:00,630.116577148,0.1406452699774393
4697,2019-04-14 17:00:00,630.088195801,0.7574572617414795
4698,2019-04-14 18:00:00,630.038269043,0.38273194785478637
4699,2019-04-14 19:00:00,629.98260498,0.4112459318731687
4700,2019-04-14 20:00:00,629.925720215,0.6076615458645984
4701,2019-04-14 21:00:00,629.877197266,0.5718299683086898
4702,2019-04-14 22:00:00,629.832580566,0.6122035866120994
4703,2019-04-14 23:00:00,629.809692383,0.3792836268867493
4704,2019-04-15 00:00:00,629.809204102,0.2633649392725368
4705,2019-04-15 01:00:00,630.386901855,0.7262439896143233
4706,2019-04-15 02:00:00,630.426208496,0.4771479915811072
4707,2019-04-15 03:00:00,630.459838867,0.31611093644145305
4708,2019-04-15 04:00:00,630.487548828,0.8687997703149114
4709,2019-04-15 05:00:00,630.521606445,0.089314877662659
4710,2019-04-15 06:00:00,630.546630859,0.8039276443775044
4711,2019-04-15 07:00:00,630.577209473,0.4484898007108711
4712,2019-04-15 08:00:00,630.605041504,0.6248037959116375
4713,2019-04-15 09:00:00,630.627990723,0.11929749044657834
4714,2019-04-15 10:00:00,630.647155762,0.012939861963443322
4715,2019-04-15 11:00:00,630.668823242,0.13526808992975337
4716,2019-04-15 12:00:00,630.682006836,0.8467841535229276
4717,2019-04-15 13:00:00,630.699951172,0.8259708949357838
4718,2019-04-15 14:00:00,630.715026855,0.9257381888137632
4719,2019-04-15 15:00:00,630.730102539,0.7094212339141264
4720,2019-04-15 16:00:00,630.739746094,0.13493343852545847
4721,2019-04-15 17:00:00,630.733764648,0.13282028252635958
4722,2019-04-15 18:00:00,630.710388184,0.28643283036268485
4723,2019-04-15 19:00:00,630.681640625,0.7713316905905082
4724,2019-04-15 20:00:00,630.633056641,0.8193288726228076
4725,2019-04-15 21:00:00,630.575805664,0.15288461294109468
4726,2019-04-15 22:00:00,630.528747559,0.2615937974576298
4727,2019-04-15 23:00:00,630.49017334,0.042668532702216044
4728,2019-04-16 00:00:00,630.495056152,0.6826485076389263
4729,2019-04-16 01:00:00,630.469421387,0.891995022534036
4730,2019-04-16 02:00:00,630.452270508,0.04362828658722506
4731,2019-04-16 03:00:00,630.418212891,0.3566469669033966
4732,2019-04-16 04:00:00,630.37322998,0.6967968006579531
4733,2019-04-16 05:00:00,630.322692871,0.3352941996278238
4734,2019-04-16 06:00:00,630.271362305,0.11330859902697776
4735,2019-04-16 07:00:00,630.246826172,0.9013974342376472
4736,2019-04-16 08:00:00,630.231384277,0.3629019535815661
4737,2019-04-16 09:00:00,630.240905762,0.6096825791143524
4738,2019-04-16 10:00:00,630.249694824,0.9222201691975548
4739,2019-04-16 11:00:00,630.260375977,0.6576493827923187
4740,2019-04-16 12:00:00,630.270263672,0.07855217364155065
4741,2019-04-16 13:00:00,630.28137207,0.029935698970219193
4742,2019-04-16 14:00:00,630.292053223,0.5373671165977721
4743,2019-04-16 15:00:00,630.294494629,0.9421320793493478
4744,2019-04-16 16:00:00,630.282714844,0.44496672187353015
4745,2019-04-16 17:00:00,630.258178711,0.1349870584371199
4746,2019-04-16 18:00:00,630.220458984,0.06845141942665445
4747,2019-04-16 19:00:00,630.17364502,0.8508072263356141
4748,2019-04-16 20:00:00,630.120483398,0.24990272891258358
4749,2019-04-16 21:00:00,630.067749023,0.5983676827885295
4750,2019-04-16 22:00:00,630.030395508,0.9002808934997674
4751,2019-04-16 23:00:00,630.008666992,0.5861697335777523
4752,2019-04-17 00:00:00,630.020935059,0.3599235583604177
4753,2019-04-17 01:00:00,630.030639648,0.37819114219439376
4754,2019-04-17 02:00:00,630.037231445,0.05375536003848025
4755,2019-04-17 03:00:00,630.041259766,0.13550530159181562
4756,2019-04-17 04:00:00,630.045471191,0.8316767067225728
4757,2019-04-17 05:00:00,630.050476074,0.08364795264361857
4758,2019-04-17 06:00:00,630.063110352,0.7651970028623463
4759,2019-04-17 07:00:00,630.075561523,0.3311080521279214
4760,2019-04-17 08:00:00,630.089660645,0.7283412428875004
4761,2019-04-17 09:00:00,630.09765625,0.3571420210811841
4762,2019-04-17 10:00:00,630.10925293,0.9797651270010033
4763,2019-04-17 11:00:00,630.123840332,0.08716842465068164
4764,2019-04-17 12:00:00,630.139099121,0.276062530230726
4765,2019-04-17 13:00:00,630.146240234,0.8527917207137399
4766,2019-04-17 14:00:00,630.15032959,0.21689270570061625
4767,2019-04-17 15:00:00,630.146484375,0.6550505090920119
4768,2019-04-17 16:00:00,630.129394531,0.5785116852054271
4769,2019-04-17 17:00:00,630.09753418,0.07738698646633879
4770,2019-04-17 18:00:00,630.049682617,0.36086203039026243
4771,2019-04-17 19:00:00,629.99005127,0.9763205688221419
4772,2019-04-17 20:00:00,629.934570312,0.8421013032453254
4773,2019-04-17 21:00:00,629.81640625,0.4117914726267561
4774,2019-04-17 22:00:00,629.673278809,0.8243531727237406
4775,2019-04-17 23:00:00,629.551940918,0.03092665031966413
4776,2019-04-18 00:00:00,629.461791992,0.311631359628357
4777,2019-04-18 01:00:00,629.374145508,0.6567465574337182
4778,2019-04-18 02:00:00,629.296203613,0.09778726388787962
4779,2019-04-18 03:00:00,629.224243164,0.8352516406596591
4780,2019-04-18 04:00:00,629.159423828,0.7575641224324531
4781,2019-04-18 05:00:00,629.102355957,0.025002563901642127
4782,2019-04-18 06:00:00,629.066833496,0.0440550332710542
4783,2019-04-18 07:00:00,629.034729004,0.6666158281457844
4784,2019-04-18 08:00:00,628.989379883,0.37153284090791705
4785,2019-04-18 09:00:00,628.948120117,0.9441181394082039
4786,2019-04-18 10:00:00,628.910400391,0.6030689685982314
4787,2019-04-18 11:00:00,628.891784668,0.779359518471548
4788,2019-04-18 12:00:00,628.874267578,0.29597765627786954
4789,2019-04-18 13:00:00,628.85723877,0.4700110470589399
4790,2019-04-18 14:00:00,628.838500977,0.8080762774869039
4791,2019-04-18 15:00:00,628.809875488,0.033275720291930044
4792,2019-04-18 16:00:00,628.764404297,0.08664661162943044
4793,2019-04-18 17:00:00,628.69329834,0.725233906892247
4794,2019-04-18 18:00:00,628.604919434,0.7503964267352651
4795,2019-04-18 19:00:00,628.512634277,0.8919883678892998
4796,2019-04-18 20:00:00,628.417785645,0.57271338937192
4797,2019-04-18 21:00:00,628.274902344,0.32347633406272547
4798,2019-04-18 22:00:00,628.089599609,0.7548544190454952
4799,2019-04-18 23:00:00,627.934509277,0.9314467620804193
4800,2019-04-19 00:00:00,627.799560547,0.38517821792121587
4801,2019-04-19 01:00:00,627.675048828,0.9713395660089116
4802,2019-04-19 02:00:00,627.567016602,0.8070839539534601
4803,2019-04-19 03:00:00,627.497619629,0.5329376769549078
4804,2019-04-19 04:00:00,627.447265625,0.021270114791480332
4805,2019-04-19 05:00:00,627.40234375,0.18636374840465697
4806,2019-04-19 06:00:00,627.363037109,0.524544320248974
4807,2019-04-19 07:00:00,627.330627441,0.5592650488054007
4808,2019-04-19 08:00:00,627.303771973,0.6225941681279847
4809,2019-04-19 09:00:00,627.280212402,0.39732194005787425
4810,2019-04-19 10:00:00,627.257324219,0.2642336144084724
4811,2019-04-19 11:00:00,627.238647461,0.19216856828385398
4812,2019-04-19 12:00:00,627.214233398,0.31931840826006086
4813,2019-04-19 13:00:00,627.19519043,0.5975242853560078
4814,2019-04-19 14:00:00,627.176635742,0.059314427633948674
4815,2019-04-19 15:00:00,627.155517578,0.09680084614954065
4816,2019-04-19 16:00:00,627.115722656,0.19068212822553032
4817,2019-04-19 17:00:00,627.047180176,0.2568961426500542
4818,2019-04-19 18:00:00,626.956481934,0.42989506624509544
4819,2019-04-19 19:00:00,626.797973633,0.5604866711661259
4820,2019-04-19 20:00:00,626.486694336,0.8263425281251248
4821,2019-04-19 21:00:00,626.036621094,0.5907161833407004
4822,2019-04-19 22:00:00,625.51361084,0.3071690469817915
4823,2019-04-19 23:00:00,625.047912598,0.9581889943731817
4824,2019-04-20 00:00:00,624.689819336,0.6791821605972036
4825,2019-04-20 01:00:00,624.394775391,0.6255018389003003
4826,2019-04-20 02:00:00,624.151855469,0.8627396756857929
4827,2019-04-20 03:00:00,623.952392578,0.9785130822787683
4828,2019-04-20 04:00:00,623.780700684,0.5378190965606252
4829,2019-04-20 05:00:00,623.639770508,0.9802947126593076
4830,2019-04-20 06:00:00,623.515686035,0.04682478633730658
4831,2019-04-20 07:00:00,623.40802002,0.039909638118177715
4832,2019-04-20 08:00:00,623.321472168,0.9262174556913056
4833,2019-04-20 09:00:00,623.248352051,0.09191171467933579
4834,2019-04-20 10:00:00,623.186645508,0.44473260973378514
4835,2019-04-20 11:00:00,623.132568359,0.8849643002027819
4836,2019-04-20 12:00:00,623.082214355,0.9751752220172442
4837,2019-04-20 13:00:00,623.040710449,0.5072864910560698
4838,2019-04-20 14:00:00,623.003540039,0.11307989109954741
4839,2019-04-20 15:00:00,622.968200684,0.6125268611345681
4840,2019-04-20 16:00:00,622.957885742,0.2542777882232866
4841,2019-04-20 17:00:00,622.91217041,0.9494972337475499
4842,2019-04-20 18:00:00,622.62878418,0.009171656078779455
4843,2019-04-20 19:00:00,622.11315918,0.7793036269389915
4844,2019-04-20 20:00:00,621.337280273,0.11318720039444985
4845,2019-04-20 21:00:00,620.379150391,0.11075427193958054
4846,2019-04-20 22:00:00,619.541870117,0.14784007601196136
4847,2019-04-20 23:00:00,618.789978027,0.7512601520425435
4848,2019-04-21 00:00:00,618.190734863,0.2503637483719099
4849,2019-04-21 01:00:00,617.688842773,0.07718634509154187
4850,2019-04-21 02:00:00,617.271057129,0.0733016697771004
4851,2019-04-21 03:00:00,616.924987793,0.33461596501541424
4852,2019-04-21 04:00:00,616.635803223,0.8340818944713111
4853,2019-04-21 05:00:00,616.399414062,0.44187581429250766
4854,2019-04-21 06:00:00,616.201904297,0.7063429685810184
4855,2019-04-21 07:00:00,616.032226562,0.688211266631022
4856,2019-04-21 08:00:00,615.895568848,0.7129666065318008
4857,2019-04-21 09:00:00,615.783081055,0.3806092998931587
4858,2019-04-21 10:00:00,615.690795898,0.3046371775810617
4859,2019-04-21 11:00:00,615.618530273,0.8011430742557072
4860,2019-04-21 12:00:00,615.556091309,0.12393778422348667
4861,2019-04-21 13:00:00,615.508483887,0.9027587411262697
4862,2019-04-21 14:00:00,615.469848633,0.022154797543053606
4863,2019-04-21 15:00:00,615.428344727,0.35061523996614785
4864,2019-04-21 16:00:00,615.386962891,0.6023229712250764
4865,2019-04-21 17:00:00,615.330993652,0.44103315989197267
4866,2019-04-21 18:00:00,615.25579834,0.31045075834654534
4867,2019-04-21 19:00:00,615.16607666,0.13059298664754404
4868,2019-04-21 20:00:00,615.075744629,0.9538380551649918
4869,2019-04-21 21:00:00,614.92010498,0.9708440178714557
4870,2019-04-21 22:00:00,614.716125488,0.9622610558462497
4871,2019-04-21 23:00:00,614.554199219,0.05777819354740743
4872,2019-04-22 00:00:00,614.416809082,0.4757201368741535
4873,2019-04-22 01:00:00,614.315734863,0.5823492550782046
4874,2019-04-22 02:00:00,614.226989746,0.048769854854532335
4875,2019-04-22 03:00:00,614.15057373,0.06761671174878192
4876,2019-04-22 04:00:00,614.086364746,0.7272040828558965
4877,2019-04-22 05:00:00,614.032897949,0.3057674905536415
4878,2019-04-22 06:00:00,613.985351562,0.3399173208791759
4879,2019-04-22 07:00:00,613.944885254,0.8893079669679946
4880,2019-04-22 08:00:00,613.907470703,0.9722763747032095
4881,2019-04-22 09:00:00,613.878234863,0.06402347978182932
4882,2019-04-22 10:00:00,613.851135254,0.45808141398850044
4883,2019-04-22 11:00:00,613.827209473,0.5993261876821244
4884,2019-04-22 12:00:00,613.805114746,0.5476497195406762
4885,2019-04-22 13:00:00,613.784973145,0.4995495466625687
4886,2019-04-22 14:00:00,613.768554688,0.2811395614909733
4887,2019-04-22 15:00:00,613.749267578,0.5572370167608568
4888,2019-04-22 16:00:00,613.705444336,0.26057113632517515
4889,2019-04-22 17:00:00,613.642211914,0.6534084279986686
4890,2019-04-22 18:00:00,613.569824219,0.7290185549617485
4891,2019-04-22 19:00:00,613.48840332,0.07758724524737115
4892,2019-04-22 20:00:00,613.381713867,0.6563307236568018
4893,2019-04-22 21:00:00,613.213134766,0.8859286822000603
4894,2019-04-22 22:00:00,613.00567627,0.3791249992252643
4895,2019-04-22 23:00:00,612.835449219,0.7548273945518866
4896,2019-04-23 00:00:00,612.730773926,0.7906064140998151
4897,2019-04-23 01:00:00,612.646240234,0.7380629389054553
4898,2019-04-23 02:00:00,612.562438965,0.3271789943808201
4899,2019-04-23 03:00:00,612.485839844,0.6825850601715169
4900,2019-04-23 04:00:00,612.43145752,0.6948532128469636
4901,2019-04-23 05:00:00,612.383056641,0.06568775459550857
4902,2019-04-23 06:00:00,612.346984863,0.16776684551935706
4903,2019-04-23 07:00:00,612.318115234,0.8018684564999348
4904,2019-04-23 08:00:00,612.292053223,0.5555982585886736
4905,2019-04-23 09:00:00,612.261779785,0.042417725066912104
4906,2019-04-23 10:00:00,612.226501465,0.3403433047775831
4907,2019-04-23 11:00:00,612.195800781,0.49780835343651164
4908,2019-04-23 12:00:00,612.173217773,0.054265754943272015
4909,2019-04-23 13:00:00,612.161804199,0.36659691685106255
4910,2019-04-23 14:00:00,612.152709961,0.43760574799649177
4911,2019-04-23 15:00:00,612.135742188,0.36060282281590383
4912,2019-04-23 16:00:00,612.112670898,0.10661380467051962
4913,2019-04-23 17:00:00,612.075256348,0.015398166383984724
4914,2019-04-23 18:00:00,612.026855469,0.5360750293604193
4915,2019-04-23 19:00:00,611.970703125,0.72561768985776
4916,2019-04-23 20:00:00,611.816772461,0.24496549447544835
4917,2019-04-23 21:00:00,611.55065918,0.2664765610625094
4918,2019-04-23 22:00:00,611.258911133,0.7290201217567507
4919,2019-04-23 23:00:00,611.000244141,0.04784749731105875
4920,2019-04-24 00:00:00,610.807067871,0.6649601674877776
4921,2019-04-24 01:00:00,610.650085449,0.8981582011093328
4922,2019-04-24 02:00:00,610.512695312,0.09602032522975379
4923,2019-04-24 03:00:00,610.389526367,0.8208437750030909
4924,2019-04-24 04:00:00,610.286865234,0.19665998223323033
4925,2019-04-24 05:00:00,610.206115723,0.030827353350341147
4926,2019-04-24 06:00:00,610.148742676,0.1362876267213785
4927,2019-04-24 07:00:00,610.102844238,0.31846786577317676
4928,2019-04-24 08:00:00,610.061462402,0.054742861401279375
4929,2019-04-24 09:00:00,610.024902344,0.2315378763903796
4930,2019-04-24 10:00:00,609.993164062,0.3055000255121938
4931,2019-04-24 11:00:00,609.957214355,0.9928687755068617
4932,2019-04-24 12:00:00,609.91619873,0.8825633319166615
4933,2019-04-24 13:00:00,609.878112793,0.28692687645172865
4934,2019-04-24 14:00:00,609.844848633,0.8870582804236188
4935,2019-04-24 15:00:00,609.811035156,0.8214283106406127
4936,2019-04-24 16:00:00,609.768859863,0.6893316765164521
4937,2019-04-24 17:00:00,609.717041016,0.6155068821955587
4938,2019-04-24 18:00:00,609.656799316,0.1070574137859035
4939,2019-04-24 19:00:00,609.468688965,0.005143050336516075
4940,2019-04-24 20:00:00,609.070129395,0.8477076656494096
4941,2019-04-24 21:00:00,608.463500977,0.6292022362181432
4942,2019-04-24 22:00:00,607.874511719,0.2626336886078716
4943,2019-04-24 23:00:00,607.348449707,0.49883228961403725
4944,2019-04-25 00:00:00,606.921264648,0.8825078989479685
4945,2019-04-25 01:00:00,606.565429688,0.11290943485222849
4946,2019-04-25 02:00:00,606.272338867,0.5528199557351929
4947,2019-04-25 03:00:00,606.020568848,0.33661246862597516
4948,2019-04-25 04:00:00,605.804321289,0.7625458186272209
4949,2019-04-25 05:00:00,605.614868164,0.5699716139918417
4950,2019-04-25 06:00:00,605.450683594,0.9486738684783559
4951,2019-04-25 07:00:00,605.323791504,0.25019920453684297
4952,2019-04-25 08:00:00,605.217041016,0.5154923038147659
4953,2019-04-25 09:00:00,605.141662598,0.16651857643674106
4954,2019-04-25 10:00:00,605.082885742,0.2774708237537088
4955,2019-04-25 11:00:00,605.013427734,0.0378482351666779
4956,2019-04-25 12:00:00,604.94128418,0.5794150351602014
4957,2019-04-25 13:00:00,604.88671875,0.986996396614418
4958,2019-04-25 14:00:00,604.850646973,0.1807195290540352
4959,2019-04-25 15:00:00,604.818237305,0.3173108481923236
4960,2019-04-25 16:00:00,604.782653809,0.36604825412428876
4961,2019-04-25 17:00:00,604.731079102,0.6836492883339039
4962,2019-04-25 18:00:00,604.662536621,0.7027398763984233
4963,2019-04-25 19:00:00,604.469848633,0.4472227747616637
4964,2019-04-25 20:00:00,604.088256836,0.4557475562049469
4965,2019-04-25 21:00:00,603.552307129,0.7773185373976086
4966,2019-04-25 22:00:00,602.992553711,0.9761592477804145
4967,2019-04-25 23:00:00,602.510803223,0.07993236784953661
4968,2019-04-26 00:00:00,602.115661621,0.45013518282626275
4969,2019-04-26 01:00:00,601.79699707,0.6562995022908622
4970,2019-04-26 02:00:00,601.535644531,0.17219851007588882
4971,2019-04-26 03:00:00,601.317871094,0.40560577831285527
4972,2019-04-26 04:00:00,601.138793945,0.66468048473692
4973,2019-04-26 05:00:00,600.992004395,0.051857198412941785
4974,2019-04-26 06:00:00,600.871154785,0.41898233852045486
4975,2019-04-26 07:00:00,600.771057129,0.8766842721322953
4976,2019-04-26 08:00:00,600.688476562,0.35227623807960806
4977,2019-04-26 09:00:00,600.619445801,0.6580367830828384
4978,2019-04-26 10:00:00,600.564086914,0.9897205508233549
4979,2019-04-26 11:00:00,600.51953125,0.0981251445379091
4980,2019-04-26 12:00:00,600.481994629,0.5521889033298101
4981,2019-04-26 13:00:00,600.452636719,0.5658298073992446
4982,2019-04-26 14:00:00,600.428100586,0.730342764181438
4983,2019-04-26 15:00:00,600.400817871,0.8941133431636418
4984,2019-04-26 16:00:00,600.374206543,0.23130417724232122
4985,2019-04-26 17:00:00,600.33404541,0.9401453798731492
4986,2019-04-26 18:00:00,600.288024902,0.006456739439326675
4987,2019-04-26 19:00:00,600.475280762,0.923112001094458
4988,2019-04-26 20:00:00,600.760314941,0.8188588351843977
4989,2019-04-26 21:00:00,600.401184082,0.2698309886716619
4990,2019-04-26 22:00:00,600.112609863,0.9815779623211535
4991,2019-04-26 23:00:00,599.620788574,0.8561346686216863
4992,2019-04-27 00:00:00,599.234375,0.5526458772423407
4993,2019-04-27 01:00:00,599.128356934,0.4892525825789166
4994,2019-04-27 02:00:00,598.868469238,0.8521212214036002
4995,2019-04-27 03:00:00,598.655395508,0.0649967031078682
4996,2019-04-27 04:00:00,598.472473145,0.8063468573846339
4997,2019-04-27 05:00:00,598.328552246,0.9468379820272357
4998,2019-04-27 06:00:00,598.399536133,0.1400120629179492
4999,2019-04-27 07:00:00,598.341125488,0.9537858277400522
5000,2019-04-27 08:00:00,598.282531738,0.5363428220747045
5001,2019-04-27 09:00:00,598.231933594,0.8448607767166395
5002,2019-04-27 10:00:00,598.189941406,0.3011617833538941
5003,2019-04-27 11:00:00,598.157104492,0.8338148107838719
5004,2019-04-27 12:00:00,598.132751465,0.259082290534716
5005,2019-04-27 13:00:00,598.117797852,0.4978734380843949
5006,2019-04-27 14:00:00,598.108825684,0.13004041181615744
5007,2019-04-27 15:00:00,598.095092773,0.23366047236849796
5008,2019-04-27 16:00:00,598.077636719,0.6780947259293453
5009,2019-04-27 17:00:00,598.056091309,0.7732473702940856
5010,2019-04-27 18:00:00,597.962097168,0.2746073513755526
5011,2019-04-27 19:00:00,597.583374023,0.17021683316196734
5012,2019-04-27 20:00:00,597.035888672,0.5357416352424772
5013,2019-04-27 21:00:00,596.24810791,0.4184502808374688
5014,2019-04-27 22:00:00,595.350524902,0.21712905579555064
5015,2019-04-27 23:00:00,594.537963867,0.16221235750016638
5016,2019-04-28 00:00:00,593.900146484,0.5149126870367351
5017,2019-04-28 01:00:00,593.378479004,0.4125931175147407
5018,2019-04-28 02:00:00,592.933898926,0.31427980352136686
5019,2019-04-28 03:00:00,592.582641602,0.3823269069136729
5020,2019-04-28 04:00:00,592.293334961,0.2163023323845148
5021,2019-04-28 05:00:00,592.054321289,0.9761545088104564
5022,2019-04-28 06:00:00,591.858947754,0.19987955390463885
5023,2019-04-28 07:00:00,591.698669434,0.008691057024498239
5024,2019-04-28 08:00:00,591.724609375,0.12293055867591018
5025,2019-04-28 09:00:00,591.619140625,0.0026691124137231403
5026,2019-04-28 10:00:00,591.534118652,0.9570527438880572
5027,2019-04-28 11:00:00,591.463439941,0.12450154129403157
5028,2019-04-28 12:00:00,591.413085938,0.37508615465737505
5029,2019-04-28 13:00:00,591.377624512,0.2752651911210383
5030,2019-04-28 14:00:00,591.344787598,0.0534191029802753
5031,2019-04-28 15:00:00,591.307373047,0.5645671043089454
5032,2019-04-28 16:00:00,591.265869141,0.08784739937991681
5033,2019-04-28 17:00:00,591.238769531,0.4927155508401794
5034,2019-04-28 18:00:00,591.065429688,0.3657932758625546
5035,2019-04-28 19:00:00,590.765380859,0.7545205101469419
5036,2019-04-28 20:00:00,590.185668945,0.9768414896278459
5037,2019-04-28 21:00:00,589.443908691,0.40558188071227574
5038,2019-04-28 22:00:00,588.669921875,0.7901232201460402
5039,2019-04-28 23:00:00,587.958007812,0.8001063945761793
5040,2019-04-29 00:00:00,587.394287109,0.4043866829306483
5041,2019-04-29 01:00:00,586.92767334,0.8333686066732154
5042,2019-04-29 02:00:00,586.541320801,0.8501126483199621
5043,2019-04-29 03:00:00,586.213012695,0.3513996953462718
5044,2019-04-29 04:00:00,585.949584961,0.4030928826073832
5045,2019-04-29 05:00:00,585.722595215,0.15061570493421483
5046,2019-04-29 06:00:00,585.535949707,0.7711363890506656
5047,2019-04-29 07:00:00,585.392883301,0.34395227559987995
5048,2019-04-29 08:00:00,585.276489258,0.182119754734266
5049,2019-04-29 09:00:00,585.181030273,0.49114885698452326
5050,2019-04-29 10:00:00,585.102539062,0.11076100038880532
5051,2019-04-29 11:00:00,585.03704834,0.9785252136611786
5052,2019-04-29 12:00:00,584.980163574,0.37704752084788984
5053,2019-04-29 13:00:00,584.932373047,0.9040965082015071
5054,2019-04-29 14:00:00,584.892211914,0.3439526953067191
5055,2019-04-29 15:00:00,584.858032227,0.7276991972089991
5056,2019-04-29 16:00:00,584.821289062,0.7110882393223515
5057,2019-04-29 17:00:00,584.781311035,0.5583389524455429
5058,2019-04-29 18:00:00,584.736755371,0.1507395564725611
5059,2019-04-29 19:00:00,584.692321777,0.06559168588100361
5060,2019-04-29 20:00:00,584.70300293,0.23218847180852586
5061,2019-04-29 21:00:00,585.37322998,0.8581249000284582
5062,2019-04-29 22:00:00,585.747314453,0.6830532406637099
5063,2019-04-29 23:00:00,585.967224121,0.5624444387202953
5064,2019-04-30 00:00:00,586.053649902,0.25447911861344796
5065,2019-04-30 01:00:00,588.141296387,0.6157949247039802
5066,2019-04-30 02:00:00,588.595703125,0.5415338910651635
5067,2019-04-30 03:00:00,590.173461914,0.24001833813098972
5068,2019-04-30 04:00:00,591.509033203,0.8153499781993324
5069,2019-04-30 05:00:00,595.52355957,0.26188085966531127
5070,2019-04-30 06:00:00,597.71270752,0.11138046600857987
5071,2019-04-30 07:00:00,598.476013184,0.7328620686817119
5072,2019-04-30 08:00:00,598.902893066,0.2842181409050163
5073,2019-04-30 09:00:00,600.353881836,0.07106013652991328
5074,2019-04-30 10:00:00,601.788269043,0.2080538282064247
5075,2019-04-30 11:00:00,602.483642578,0.5888163507667362
5076,2019-04-30 12:00:00,602.814880371,0.6539829749729545
5077,2019-04-30 13:00:00,603.152160645,0.2379899380663396
5078,2019-04-30 14:00:00,603.362731934,0.015245202839424654
5079,2019-04-30 15:00:00,604.339904785,0.8533021639915692
5080,2019-04-30 16:00:00,604.874572754,0.15159881768515182
5081,2019-04-30 17:00:00,605.310424805,0.4855835944989657
5082,2019-04-30 18:00:00,606.022277832,0.025928520342710315
5083,2019-04-30 19:00:00,606.825744629,0.9073653518210067
5084,2019-04-30 20:00:00,609.031921387,0.767855898985951
5085,2019-04-30 21:00:00,611.007263184,0.4825518513947188
5086,2019-04-30 22:00:00,613.037109375,0.4204312624462766
5087,2019-04-30 23:00:00,614.113952637,0.4493213329753418
5088,2019-05-01 00:00:00,614.386169434,0.8362747738573333
5089,2019-05-01 01:00:00,614.547058105,0.465361518065187
5090,2019-05-01 02:00:00,614.678344727,0.9071423721575539
5091,2019-05-01 03:00:00,614.753723145,0.5858526576449137
5092,2019-05-01 04:00:00,614.922729492,0.30063631079939435
5093,2019-05-01 05:00:00,615.434204102,0.1137846255916296
5094,2019-05-01 06:00:00,616.14630127,0.7262113316477309
5095,2019-05-01 07:00:00,617.070373535,0.9927970239956061
5096,2019-05-01 08:00:00,617.534790039,0.5501237723133163
5097,2019-05-01 09:00:00,618.96875,0.14852414835351435
5098,2019-05-01 10:00:00,619.697937012,0.2215103211046766
5099,2019-05-01 11:00:00,619.919921875,0.04156045426487509
5100,2019-05-01 12:00:00,620.308166504,0.3864354150196657
5101,2019-05-01 13:00:00,620.496398926,0.86197971617365
5102,2019-05-01 14:00:00,620.805175781,0.6674410036288738
5103,2019-05-01 15:00:00,621.289550781,0.8570831827563721
5104,2019-05-01 16:00:00,621.635131836,0.7483905971286482
5105,2019-05-01 17:00:00,622.079711914,0.08895459879542744
5106,2019-05-01 18:00:00,628.22454834,0.03596959503093056
5107,2019-05-01 19:00:00,629.831481934,0.015746482758436264
5108,2019-05-01 20:00:00,630.813659668,0.82928252890839
5109,2019-05-01 21:00:00,631.312561035,0.08804940671959727
5110,2019-05-01 22:00:00,631.887512207,0.3529813210576076
5111,2019-05-01 23:00:00,632.114624023,0.8133049437807989
5112,2019-05-02 00:00:00,632.263305664,0.611140497193689
5113,2019-05-02 01:00:00,632.284667969,0.14412142033320263
5114,2019-05-02 02:00:00,632.306518555,0.11606621435754572
5115,2019-05-02 03:00:00,632.323364258,0.7930746284114382
5116,2019-05-02 04:00:00,632.367126465,0.17106969361447555
5117,2019-05-02 05:00:00,632.415344238,0.6022783628935188
5118,2019-05-02 06:00:00,632.450134277,0.6326167191953085
5119,2019-05-02 07:00:00,632.48449707,0.04341281395989938
5120,2019-05-02 08:00:00,632.519714355,0.9628695603573643
5121,2019-05-02 09:00:00,632.552856445,0.851055123235007
5122,2019-05-02 10:00:00,632.576416016,0.8981907202301004
5123,2019-05-02 11:00:00,632.611816406,0.9635993631053758
5124,2019-05-02 12:00:00,632.642211914,0.5948883208244704
5125,2019-05-02 13:00:00,632.733337402,0.2718845669848279
5126,2019-05-02 14:00:00,632.85333252,0.9548092390456735
5127,2019-05-02 15:00:00,632.945068359,0.7407481329066868
5128,2019-05-02 16:00:00,633.046386719,0.1420922300533699
5129,2019-05-02 17:00:00,633.139404297,0.9232701413011668
5130,2019-05-02 18:00:00,633.347045898,0.5550437460374702
5131,2019-05-02 19:00:00,633.565063477,0.015628717928310554
5132,2019-05-02 20:00:00,633.837890625,0.4930295288012926
5133,2019-05-02 21:00:00,634.046325684,0.4146266525729927
5134,2019-05-02 22:00:00,634.249450684,0.8434056366546255
5135,2019-05-02 23:00:00,634.418823242,0.9999708231878313
5136,2019-05-03 00:00:00,634.516540527,0.3830279181437035
5137,2019-05-03 01:00:00,634.549804688,0.7907571050388923
5138,2019-05-03 02:00:00,634.594177246,0.13247331003510276
5139,2019-05-03 03:00:00,634.620605469,0.9755573321801355
5140,2019-05-03 04:00:00,634.683776855,0.010681117512805205
5141,2019-05-03 05:00:00,634.748046875,0.4166818367163436
5142,2019-05-03 06:00:00,634.828857422,0.5265479346348902
5143,2019-05-03 07:00:00,634.89855957,0.1471734040408279
5144,2019-05-03 08:00:00,634.941345215,0.8494157721114841
5145,2019-05-03 09:00:00,634.977905273,0.22374688064092163
5146,2019-05-03 10:00:00,635.011901855,0.7839258578485051
5147,2019-05-03 11:00:00,635.057983398,0.7211325164734635
5148,2019-05-03 12:00:00,635.09173584,0.618437252705449
5149,2019-05-03 13:00:00,635.13885498,0.46913367379452275
5150,2019-05-03 14:00:00,635.158752441,0.5520481841770795
5151,2019-05-03 15:00:00,635.183837891,0.6130576364747634
5152,2019-05-03 16:00:00,635.226867676,0.7708660919953362
5153,2019-05-03 17:00:00,635.255187988,0.5117936338858076
5154,2019-05-03 18:00:00,635.314147949,0.1917875722556016
5155,2019-05-03 19:00:00,635.392150879,0.8991924055936114
5156,2019-05-03 20:00:00,635.448425293,0.9517027434872294
5157,2019-05-03 21:00:00,635.501037598,0.3097034375626694
5158,2019-05-03 22:00:00,635.55078125,0.983967297921468
5159,2019-05-03 23:00:00,635.591125488,0.0031521722771630234
5160,2019-05-04 00:00:00,635.605407715,0.3717453255224057
5161,2019-05-04 01:00:00,635.623535156,0.1930231993341034
5162,2019-05-04 02:00:00,635.639099121,0.707749576015653
5163,2019-05-04 03:00:00,635.653503418,0.4024049561866627
5164,2019-05-04 04:00:00,635.669311523,0.6526828100398172
5165,2019-05-04 05:00:00,635.684082031,0.8348228239328562
5166,2019-05-04 06:00:00,635.698974609,0.11915693924790116
5167,2019-05-04 07:00:00,635.714538574,0.6644266827411999
5168,2019-05-04 08:00:00,635.729858398,0.4139425221953329
5169,2019-05-04 09:00:00,635.743530273,0.1369521220737474
5170,2019-05-04 10:00:00,635.757568359,0.3368068452046781
5171,2019-05-04 11:00:00,635.77130127,0.3351673477838445
5172,2019-05-04 12:00:00,635.782409668,0.767133113519814
5173,2019-05-04 13:00:00,635.791442871,0.6497152834535215
5174,2019-05-04 14:00:00,635.803649902,0.41523443917191216
5175,2019-05-04 15:00:00,635.811279297,0.1858912578093901
5176,2019-05-04 16:00:00,635.812988281,0.3123863297618644
5177,2019-05-04 17:00:00,635.807678223,0.6686459476056097
5178,2019-05-04 18:00:00,635.791442871,0.8765863103408468
5179,2019-05-04 19:00:00,635.773620605,0.921033425622263
5180,2019-05-04 20:00:00,635.750061035,0.13842415993167756
5181,2019-05-04 21:00:00,635.733581543,0.42149057789876276
5182,2019-05-04 22:00:00,635.725219727,0.07989316622489062
5183,2019-05-04 23:00:00,635.731384277,0.20201992995162066
5184,2019-05-05 00:00:00,635.742919922,0.6992521760009186
5185,2019-05-05 01:00:00,635.753845215,0.8845320827894942
5186,2019-05-05 02:00:00,635.762268066,0.8373836283897654
5187,2019-05-05 03:00:00,635.769226074,0.8775530826629344
5188,2019-05-05 04:00:00,635.774597168,0.015650438948020984
5189,2019-05-05 05:00:00,635.778442383,0.24031970334177855
5190,2019-05-05 06:00:00,635.785705566,0.6312993958085472
5191,2019-05-05 07:00:00,635.794250488,0.9784550462471017
5192,2019-05-05 08:00:00,635.801757812,0.7958700984822454
5193,2019-05-05 09:00:00,635.808410645,0.04525015188776427
5194,2019-05-05 10:00:00,635.815429688,0.85462568993861
5195,2019-05-05 11:00:00,635.822753906,0.2366244528567263
5196,2019-05-05 12:00:00,635.829040527,0.6230924151012146
5197,2019-05-05 13:00:00,635.836608887,0.35207534384010875
5198,2019-05-05 14:00:00,635.844482422,0.7986586615260347
5199,2019-05-05 15:00:00,635.848327637,0.03965218706376261
5200,2019-05-05 16:00:00,635.84942627,0.6012255595113863
5201,2019-05-05 17:00:00,635.838317871,0.208080384534712
5202,2019-05-05 18:00:00,635.803894043,0.6517819530390893
5203,2019-05-05 19:00:00,635.775634766,0.9284871784587049
5204,2019-05-05 20:00:00,635.749938965,0.6229654436697785
5205,2019-05-05 21:00:00,635.72265625,0.0557794152986858
5206,2019-05-05 22:00:00,635.702636719,0.725499895829768
5207,2019-05-05 23:00:00,635.703735352,0.19110604335157433
5208,2019-05-06 00:00:00,635.708984375,0.657927004547242
5209,2019-05-06 01:00:00,635.716003418,0.058964433306196606
5210,2019-05-06 02:00:00,635.721130371,0.6612992736983407
5211,2019-05-06 03:00:00,635.72479248,0.8965267159359419
5212,2019-05-06 04:00:00,635.726257324,0.8347430473098003
5213,2019-05-06 05:00:00,635.729187012,0.002508765461795126
5214,2019-05-06 06:00:00,635.732910156,0.1477143907412225
5215,2019-05-06 07:00:00,635.739135742,0.3651714836288966
5216,2019-05-06 08:00:00,635.745117188,0.1467387987578933
5217,2019-05-06 09:00:00,635.750427246,0.17822427668149665
5218,2019-05-06 10:00:00,635.755493164,0.8863617303672001
5219,2019-05-06 11:00:00,635.75970459,0.9743961741575061
5220,2019-05-06 12:00:00,635.765075684,0.6914305328932927
5221,2019-05-06 13:00:00,635.770751953,0.717718636237543
5222,2019-05-06 14:00:00,635.778198242,0.8590952082576353
5223,2019-05-06 15:00:00,635.780334473,0.8809541948857386
5224,2019-05-06 16:00:00,635.775390625,0.2587485043753339
5225,2019-05-06 17:00:00,635.750061035,0.8600819612331999
5226,2019-05-06 18:00:00,635.70135498,0.04001254047554448
5227,2019-05-06 19:00:00,635.65612793,0.41037002261891165
5228,2019-05-06 20:00:00,635.59576416,0.7088069003252043
5229,2019-05-06 21:00:00,635.52331543,0.0009525337628415453
5230,2019-05-06 22:00:00,635.481628418,0.9773172124666977
5231,2019-05-06 23:00:00,635.453857422,0.43240557263648316
5232,2019-05-07 00:00:00,635.450378418,0.5027017537665416
5233,2019-05-07 01:00:00,635.453369141,0.8933880843016377
5234,2019-05-07 02:00:00,635.456176758,0.12929835598544503
5235,2019-05-07 03:00:00,635.459106445,0.06120656831428162
5236,2019-05-07 04:00:00,635.4609375,0.0619715836773419
5237,2019-05-07 05:00:00,635.456665039,0.2901910347952388
5238,2019-05-07 06:00:00,635.449035645,0.19428884506492894
5239,2019-05-07 07:00:00,635.446960449,0.35732868003969886
5240,2019-05-07 08:00:00,635.445983887,0.10036978335874447
5241,2019-05-07 09:00:00,635.444763184,0.7130823077939633
5242,2019-05-07 10:00:00,635.444641113,0.8504523568393703
5243,2019-05-07 11:00:00,635.442810059,0.8554491686938902
5244,2019-05-07 12:00:00,635.444946289,0.5943793223905397
5245,2019-05-07 13:00:00,635.449157715,0.6650490016352417
5246,2019-05-07 14:00:00,635.452941895,0.1260706333545797
5247,2019-05-07 15:00:00,635.453063965,0.6614904746393594
5248,2019-05-07 16:00:00,635.444824219,0.3128730019153555
5249,2019-05-07 17:00:00,635.410583496,0.9250782574852693
5250,2019-05-07 18:00:00,635.370178223,0.14429476355937232
5251,2019-05-07 19:00:00,635.324768066,0.1645117963428696
5252,2019-05-07 20:00:00,635.270812988,0.8598953973144027
5253,2019-05-07 21:00:00,635.219543457,0.8358376071319986
5254,2019-05-07 22:00:00,635.182983398,0.7408598535856794
5255,2019-05-07 23:00:00,635.180419922,0.7068980341806058
5256,2019-05-08 00:00:00,635.18182373,0.6661020598480968
5257,2019-05-08 01:00:00,635.186157227,0.45810391751470636
5258,2019-05-08 02:00:00,635.190612793,0.9575013308024195
5259,2019-05-08 03:00:00,635.193969727,0.22702064707070857
5260,2019-05-08 04:00:00,635.197265625,0.7964948083287151
5261,2019-05-08 05:00:00,635.202697754,0.21038394206242383
5262,2019-05-08 06:00:00,635.211242676,0.7204908997238949
5263,2019-05-08 07:00:00,635.221008301,0.6299760366005256
5264,2019-05-08 08:00:00,635.230529785,0.22672019360268658
5265,2019-05-08 09:00:00,635.242126465,0.5180236917674793
5266,2019-05-08 10:00:00,635.25378418,0.6258689543122703
5267,2019-05-08 11:00:00,635.264282227,0.13594355697924831
5268,2019-05-08 12:00:00,635.276367188,0.3791819126559579
5269,2019-05-08 13:00:00,635.285827637,0.7329075887008186
5270,2019-05-08 14:00:00,635.298400879,0.03424924746595959
5271,2019-05-08 15:00:00,635.305358887,0.4633165539715407
5272,2019-05-08 16:00:00,635.306152344,0.7330067653814111
5273,2019-05-08 17:00:00,635.29864502,0.5668655149984152
5274,2019-05-08 18:00:00,635.31652832,0.6304273466372645
5275,2019-05-08 19:00:00,635.317871094,0.98703697032124
5276,2019-05-08 20:00:00,635.378356934,0.9508558616298378
5277,2019-05-08 21:00:00,635.364135742,0.5476535549511354
5278,2019-05-08 22:00:00,635.37677002,0.5175507154022603
5279,2019-05-08 23:00:00,635.79296875,0.46916047777593617
5280,2019-05-09 00:00:00,635.819641113,0.5595460353489075
5281,2019-05-09 01:00:00,635.847229004,0.6678843248971204
5282,2019-05-09 02:00:00,635.856140137,0.05725791543587666
5283,2019-05-09 03:00:00,635.868652344,0.0790389748138669
5284,2019-05-09 04:00:00,635.889709473,0.4172832612120959
5285,2019-05-09 05:00:00,636.008483887,0.8883000461183208
5286,2019-05-09 06:00:00,636.018676758,0.6500960366452168
5287,2019-05-09 07:00:00,636.032531738,0.9745847514909346
5288,2019-05-09 08:00:00,636.052246094,0.30594664621454626
5289,2019-05-09 09:00:00,636.073608398,0.03506417571140974
5290,2019-05-09 10:00:00,636.079650879,0.8281520514487893
5291,2019-05-09 11:00:00,636.089599609,0.28709294896914284
5292,2019-05-09 12:00:00,636.103637695,0.23807897662619526
5293,2019-05-09 13:00:00,636.111022949,0.17240555185118533
5294,2019-05-09 14:00:00,636.116699219,0.5068748793797558
5295,2019-05-09 15:00:00,636.122131348,0.07283537260551287
5296,2019-05-09 16:00:00,636.17175293,0.19637936775552622
5297,2019-05-09 17:00:00,636.187316895,0.5289328298551632
5298,2019-05-09 18:00:00,636.265258789,0.25099408833501435
5299,2019-05-09 19:00:00,636.304626465,0.844830975048442
5300,2019-05-09 20:00:00,636.535705566,0.5893235204829129
5301,2019-05-09 21:00:00,636.573059082,0.9667395290281715
5302,2019-05-09 22:00:00,636.768310547,0.33550152187857707
5303,2019-05-09 23:00:00,636.819580078,0.6874421887538339
5304,2019-05-10 00:00:00,636.829345703,0.4268999737843684
5305,2019-05-10 01:00:00,636.950378418,0.5795617623982678
5306,2019-05-10 02:00:00,637.276123047,0.8524155781014005
5307,2019-05-10 03:00:00,637.342163086,0.8206987432419036
5308,2019-05-10 04:00:00,637.461975098,0.6884081848511585
5309,2019-05-10 05:00:00,637.528137207,0.046282596809408494
5310,2019-05-10 06:00:00,637.53717041,0.2655818498478255
5311,2019-05-10 07:00:00,637.610839844,0.8533142106376329
5312,2019-05-10 08:00:00,637.797241211,0.8622915995680972
5313,2019-05-10 09:00:00,637.909118652,0.44207304151018545
5314,2019-05-10 10:00:00,637.940002441,0.4205010687469005
5315,2019-05-10 11:00:00,637.95690918,0.25584921978404584
5316,2019-05-10 12:00:00,638.087402344,0.5135290041012447
5317,2019-05-10 13:00:00,638.12689209,0.954949546817894
5318,2019-05-10 14:00:00,638.15423584,0.5664298155859234
5319,2019-05-10 15:00:00,638.172058105,0.5440431984086787
5320,2019-05-10 16:00:00,638.570373535,0.3672767681482797
5321,2019-05-10 17:00:00,638.67779541,0.27446606760158865
5322,2019-05-10 18:00:00,638.747070312,0.31551918759489495
5323,2019-05-10 19:00:00,638.874938965,0.19731109145736925
5324,2019-05-10 20:00:00,639.03729248,0.5559736966151573
5325,2019-05-10 21:00:00,639.197937012,0.4989851209606606
5326,2019-05-10 22:00:00,639.389343262,0.06662139420717073
5327,2019-05-10 23:00:00,640.059814453,0.7628474616605289
5328,2019-05-11 00:00:00,641.386901855,0.1644032665258811
5329,2019-05-11 01:00:00,642.035827637,0.06923758547375547
5330,2019-05-11 02:00:00,642.232727051,0.4112892610443727
5331,2019-05-11 03:00:00,642.25213623,0.03040705460910731
5332,2019-05-11 04:00:00,642.26550293,0.6403707516174361
5333,2019-05-11 05:00:00,642.363830566,0.45662870510340636
5334,2019-05-11 06:00:00,642.473327637,0.6711282568805856
5335,2019-05-11 07:00:00,642.58013916,0.8125118691198376
5336,2019-05-11 08:00:00,642.691711426,0.5171023213624051
5337,2019-05-11 09:00:00,642.826904297,0.7075783903146045
5338,2019-05-11 10:00:00,642.981445312,0.05217483074126339
5339,2019-05-11 11:00:00,643.10559082,0.792949841133565
5340,2019-05-11 12:00:00,643.216369629,0.8500507979722306
5341,2019-05-11 13:00:00,643.325500488,0.44223967150640353
5342,2019-05-11 14:00:00,643.427185059,0.8685967722835715
5343,2019-05-11 15:00:00,643.504943848,0.10583167505083946
5344,2019-05-11 16:00:00,643.550292969,0.15381459892324267
5345,2019-05-11 17:00:00,643.64654541,0.8458251958776624
5346,2019-05-11 18:00:00,643.751037598,0.6923983945476204
5347,2019-05-11 19:00:00,643.863586426,0.16406743052502193
5348,2019-05-11 20:00:00,643.956115723,0.8032950534703419
5349,2019-05-11 21:00:00,644.046447754,0.7938417204644563
5350,2019-05-11 22:00:00,644.134521484,0.29079232919742226
5351,2019-05-11 23:00:00,645.58013916,0.3515083980695122
5352,2019-05-12 00:00:00,645.677246094,0.36270224432326115
5353,2019-05-12 01:00:00,645.746826172,0.5555449548597908
5354,2019-05-12 02:00:00,645.786071777,0.8974590470919774
5355,2019-05-12 03:00:00,645.867492676,0.17743551843309358
5356,2019-05-12 04:00:00,645.919311523,0.8249211399655177
5357,2019-05-12 05:00:00,645.982177734,0.7488619890399911
5358,2019-05-12 06:00:00,646.047180176,0.009601703910376513
5359,2019-05-12 07:00:00,646.120544434,0.8908428283220994
5360,2019-05-12 08:00:00,646.182861328,0.8821952785133187
5361,2019-05-12 09:00:00,646.23840332,0.7187658222275136
5362,2019-05-12 10:00:00,646.295349121,0.9495378891920563
5363,2019-05-12 11:00:00,646.372436523,0.42505838031788146
5364,2019-05-12 12:00:00,646.44519043,0.6656133502450186
5365,2019-05-12 13:00:00,646.502441406,0.3739494535480328
5366,2019-05-12 14:00:00,646.542236328,0.3585919437057896
5367,2019-05-12 15:00:00,646.566650391,0.9538233904242625
5368,2019-05-12 16:00:00,646.583129883,0.25201498026446933
5369,2019-05-12 17:00:00,646.628601074,0.28887551176371573
5370,2019-05-12 18:00:00,646.680969238,0.3277329237724457
5371,2019-05-12 19:00:00,646.733581543,0.771270393106927
5372,2019-05-12 20:00:00,646.767578125,0.8014220308258393
5373,2019-05-12 21:00:00,646.789550781,0.9763828382462639
5374,2019-05-12 22:00:00,646.811157227,0.10736477186533933
5375,2019-05-12 23:00:00,646.837341309,0.011897356761836009
5376,2019-05-13 00:00:00,646.851379395,0.4948036135067674
5377,2019-05-13 01:00:00,646.859436035,0.4905633693274253
5378,2019-05-13 02:00:00,646.867736816,0.3246142882544608
5379,2019-05-13 03:00:00,646.871704102,0.7931105681919376
5380,2019-05-13 04:00:00,646.87713623,0.2008512007151645
5381,2019-05-13 05:00:00,646.88067627,0.060589751805526726
5382,2019-05-13 06:00:00,646.885192871,0.9157239628850535
5383,2019-05-13 07:00:00,646.894104004,0.5637313137071206
5384,2019-05-13 08:00:00,646.902893066,0.5067237176268664
5385,2019-05-13 09:00:00,646.912841797,0.34085247384888906
5386,2019-05-13 10:00:00,646.922546387,0.8267871870878454
5387,2019-05-13 11:00:00,646.933410645,0.29602307247410975
5388,2019-05-13 12:00:00,646.943359375,0.2603275337842592
5389,2019-05-13 13:00:00,646.951660156,0.16374956436618282
5390,2019-05-13 14:00:00,646.962097168,0.6366527432577679
5391,2019-05-13 15:00:00,646.966491699,0.1723941694918667
5392,2019-05-13 16:00:00,646.970397949,0.3148518177002966
5393,2019-05-13 17:00:00,646.963684082,0.0701229136282906
5394,2019-05-13 18:00:00,646.945007324,0.23298868573464782
5395,2019-05-13 19:00:00,646.919555664,0.7159880942027981
5396,2019-05-13 20:00:00,646.891540527,0.7940054524232614
5397,2019-05-13 21:00:00,646.859985352,0.9367320343424557
5398,2019-05-13 22:00:00,646.834594727,0.4178419088254587
5399,2019-05-13 23:00:00,646.829772949,0.12234701513056767
5400,2019-05-14 00:00:00,646.827697754,0.43961149853034465
5401,2019-05-14 01:00:00,646.996398926,0.7617120323037487
5402,2019-05-14 02:00:00,647.002868652,0.6256125550104952
5403,2019-05-14 03:00:00,647.009094238,0.6289230439509498
5404,2019-05-14 04:00:00,647.01385498,0.8934289770334463
5405,2019-05-14 05:00:00,647.017150879,0.5856463677318727
5406,2019-05-14 06:00:00,647.018859863,0.505533095011551
5407,2019-05-14 07:00:00,647.024414062,0.46599044119963795
5408,2019-05-14 08:00:00,647.032104492,0.44889682313809254
5409,2019-05-14 09:00:00,647.040466309,0.2626238584596674
5410,2019-05-14 10:00:00,647.050048828,0.61249504653426
5411,2019-05-14 11:00:00,647.060668945,0.7569807350614185
5412,2019-05-14 12:00:00,647.070251465,0.6935847489683896
5413,2019-05-14 13:00:00,647.08203125,0.13718337805016168
5414,2019-05-14 14:00:00,647.093444824,0.25208311348858103
5415,2019-05-14 15:00:00,647.099609375,0.4348242220174052
5416,2019-05-14 16:00:00,647.103393555,0.3297493280986513
5417,2019-05-14 17:00:00,647.095581055,0.1850589735972058
5418,2019-05-14 18:00:00,647.079223633,0.8682632906321363
5419,2019-05-14 19:00:00,647.058654785,0.16925132923294772
5420,2019-05-14 20:00:00,647.036865234,0.16739439057715222
5421,2019-05-14 21:00:00,647.014099121,0.5466266310953165
5422,2019-05-14 22:00:00,646.993713379,0.1729111825798847
5423,2019-05-14 23:00:00,646.997558594,0.3853612709060116
5424,2019-05-15 00:00:00,647.010437012,0.4763362926322633
5425,2019-05-15 01:00:00,647.022644043,0.8215238080562488
5426,2019-05-15 02:00:00,647.033447266,0.6139057030303618
5427,2019-05-15 03:00:00,647.041442871,0.7404065981812591
5428,2019-05-15 04:00:00,647.044555664,0.9680727985071552
5429,2019-05-15 05:00:00,647.046691895,0.8212663169287437
5430,2019-05-15 06:00:00,647.044677734,0.9435603091785819
5431,2019-05-15 07:00:00,647.046813965,0.0011188953515950395
5432,2019-05-15 08:00:00,647.049438477,0.004572524001836831
5433,2019-05-15 09:00:00,647.054992676,0.12605715541304574
5434,2019-05-15 10:00:00,647.061462402,0.6975605733918153
5435,2019-05-15 11:00:00,647.067810059,0.5131381211082288
5436,2019-05-15 12:00:00,647.076171875,0.9069959077481172
5437,2019-05-15 13:00:00,647.084777832,0.89638871857084
5438,2019-05-15 14:00:00,647.098266602,0.7793838653889853
5439,2019-05-15 15:00:00,647.101806641,0.6338557432222021
5440,2019-05-15 16:00:00,647.103942871,0.4745035058604028
5441,2019-05-15 17:00:00,647.086914062,0.3403851456855994
5442,2019-05-15 18:00:00,647.051330566,0.6923834416933176
5443,2019-05-15 19:00:00,647.015991211,0.4751317728477519
5444,2019-05-15 20:00:00,646.968444824,0.1487977477862068
5445,2019-05-15 21:00:00,646.863769531,0.2637564921391782
5446,2019-05-15 22:00:00,646.598327637,0.3333830022954931
5447,2019-05-15 23:00:00,646.401794434,0.2370037806376709
5448,2019-05-16 00:00:00,646.269775391,0.37039006584285983
5449,2019-05-16 01:00:00,646.260681152,0.5416303850042198
5450,2019-05-16 02:00:00,646.147949219,0.47142318275779116
5451,2019-05-16 03:00:00,646.038879395,0.8352852451287291
5452,2019-05-16 04:00:00,645.945800781,0.5006477068215754
5453,2019-05-16 05:00:00,645.866149902,0.05416301210589303
5454,2019-05-16 06:00:00,645.801269531,0.7601894421710469
5455,2019-05-16 07:00:00,645.747924805,0.7997314721539387
5456,2019-05-16 08:00:00,645.716003418,0.6850688043441644
5457,2019-05-16 09:00:00,645.678649902,0.4011558669216523
5458,2019-05-16 10:00:00,645.644165039,0.7673956099884331
5459,2019-05-16 11:00:00,645.614562988,0.37555609160143666
5460,2019-05-16 12:00:00,645.58782959,0.006287705195957338
5461,2019-05-16 13:00:00,645.565185547,0.6429439408088834
5462,2019-05-16 14:00:00,645.552612305,0.2427187681273857
5463,2019-05-16 15:00:00,645.544616699,0.3006991213015434
5464,2019-05-16 16:00:00,645.528991699,0.13584357036504702
5465,2019-05-16 17:00:00,645.510070801,0.7719577001264355
5466,2019-05-16 18:00:00,645.480102539,0.7815555316514614
5467,2019-05-16 19:00:00,645.178405762,0.12334383975364827
5468,2019-05-16 20:00:00,644.57611084,0.6910782307621984
5469,2019-05-16 21:00:00,643.751464844,0.014002308323457169
5470,2019-05-16 22:00:00,642.789489746,0.9473991563947726
5471,2019-05-16 23:00:00,641.904418945,0.5707748731452026
5472,2019-05-17 00:00:00,641.198730469,0.7393595928563261
5473,2019-05-17 01:00:00,640.416564941,0.389375024823842
5474,2019-05-17 02:00:00,639.751220703,0.8986159903318621
5475,2019-05-17 03:00:00,639.180725098,0.6196341882443163
5476,2019-05-17 04:00:00,638.683044434,0.6467746543893031
5477,2019-05-17 05:00:00,638.26171875,0.8558095143725758
5478,2019-05-17 06:00:00,637.910644531,0.36531917916790924
5479,2019-05-17 07:00:00,637.62701416,0.5068951684874939
5480,2019-05-17 08:00:00,637.382446289,0.9425295051285247
5481,2019-05-17 09:00:00,637.174926758,0.923562603866304
5482,2019-05-17 10:00:00,637.009338379,0.12882252202825828
5483,2019-05-17 11:00:00,636.865478516,0.9422249839368281
5484,2019-05-17 12:00:00,636.739807129,0.19958663926538833
5485,2019-05-17 13:00:00,637.315795898,0.5957402859540935
5486,2019-05-17 14:00:00,638.029052734,0.8631325687254646
5487,2019-05-17 15:00:00,638.239868164,0.2517359309765155
5488,2019-05-17 16:00:00,638.868835449,0.7835141218443029
5489,2019-05-17 17:00:00,639.107727051,0.7580522611391232
5490,2019-05-17 18:00:00,639.491027832,0.40322117362141907
5491,2019-05-17 19:00:00,640.004943848,0.3007225460895345
5492,2019-05-17 20:00:00,643.434448242,0.05267758598927619
5493,2019-05-17 21:00:00,644.48236084,0.009315079385749825
5494,2019-05-17 22:00:00,645.017822266,0.10337505263315683
5495,2019-05-17 23:00:00,645.328979492,0.9710553030295325
5496,2019-05-18 00:00:00,645.714599609,0.7135147237352751
5497,2019-05-18 01:00:00,645.788574219,0.5436354814624337
5498,2019-05-18 02:00:00,646.285095215,0.35511724676266776
5499,2019-05-18 03:00:00,646.428527832,0.9822425962320362
5500,2019-05-18 04:00:00,646.565246582,0.05246004976141472
5501,2019-05-18 05:00:00,646.639465332,0.3485371324142753
5502,2019-05-18 06:00:00,646.811279297,0.9400908040804439
5503,2019-05-18 07:00:00,646.91619873,0.8634768349406127
5504,2019-05-18 08:00:00,646.981140137,0.08948152874012272
5505,2019-05-18 09:00:00,647.238525391,0.9851685909478531
5506,2019-05-18 10:00:00,647.652709961,0.7488709615734205
5507,2019-05-18 11:00:00,647.872131348,0.5870484493759957
5508,2019-05-18 12:00:00,648.066467285,0.7375136430215512
5509,2019-05-18 13:00:00,648.265991211,0.5080598383195971
5510,2019-05-18 14:00:00,648.455993652,0.8453910434435077
5511,2019-05-18 15:00:00,648.970153809,0.18771235491126648
5512,2019-05-18 16:00:00,649.145324707,0.5582161555177738
5513,2019-05-18 17:00:00,652.404907227,0.404115697877802
5514,2019-05-18 18:00:00,652.840698242,0.7376259249807536
5515,2019-05-18 19:00:00,653.35357666,0.3782739394880984
5516,2019-05-18 20:00:00,653.681335449,0.5715640714677293
5517,2019-05-18 21:00:00,654.036254883,0.17392213718951444
5518,2019-05-18 22:00:00,654.275939941,0.5005237914813631
5519,2019-05-18 23:00:00,654.471435547,0.236182497702208
5520,2019-05-19 00:00:00,654.604187012,0.21845919281304038
5521,2019-05-19 01:00:00,654.70135498,0.6596580144991444
5522,2019-05-19 02:00:00,654.794311523,0.3344212587709825
5523,2019-05-19 03:00:00,654.810913086,0.6632981387269877
5524,2019-05-19 04:00:00,654.834838867,0.566429336542736
5525,2019-05-19 05:00:00,654.871459961,0.12542088808789265
5526,2019-05-19 06:00:00,654.898498535,0.15675691859905472
5527,2019-05-19 07:00:00,654.934082031,0.7650991279234309
5528,2019-05-19 08:00:00,654.961914062,0.1497680399705067
5529,2019-05-19 09:00:00,654.99609375,0.7249015862842241
5530,2019-05-19 10:00:00,655.041015625,0.13754836375545765
5531,2019-05-19 11:00:00,655.082824707,0.7756984918002028
5532,2019-05-19 12:00:00,655.116027832,0.4388659451099658
5533,2019-05-19 13:00:00,655.128417969,0.717739857988379
5534,2019-05-19 14:00:00,655.135375977,0.8057487744172772
5535,2019-05-19 15:00:00,655.200561523,0.3732680212429138
5536,2019-05-19 16:00:00,655.269775391,0.7583556392346841
5537,2019-05-19 17:00:00,655.326843262,0.5658008074132558
5538,2019-05-19 18:00:00,655.38873291,0.8541612012183671
5539,2019-05-19 19:00:00,655.468017578,0.2980119171210731
5540,2019-05-19 20:00:00,655.520996094,0.04672388526367843
5541,2019-05-19 21:00:00,655.540649414,0.8670209904536708
5542,2019-05-19 22:00:00,655.53338623,0.36428062177408016
5543,2019-05-19 23:00:00,655.522827148,0.41150157134373433
5544,2019-05-20 00:00:00,655.514709473,0.0394493229294246
5545,2019-05-20 01:00:00,655.51159668,0.6987418393363956
5546,2019-05-20 02:00:00,655.503662109,0.3376640858485781
5547,2019-05-20 03:00:00,655.491516113,0.13043722803245517
5548,2019-05-20 04:00:00,655.52166748,0.9119914232384794
5549,2019-05-20 05:00:00,655.533081055,0.8172156540312007
5550,2019-05-20 06:00:00,655.550048828,0.5894551394895247
5551,2019-05-20 07:00:00,655.5546875,0.04929737632618769
5552,2019-05-20 08:00:00,655.571838379,0.22474598693623848
5553,2019-05-20 09:00:00,655.573425293,0.24654911104386945
5554,2019-05-20 10:00:00,655.573486328,0.30373761866262117
5555,2019-05-20 11:00:00,657.052124023,0.2221813235095753
5556,2019-05-20 12:00:00,658.582702637,0.5386608767774431
5557,2019-05-20 13:00:00,658.785827637,0.35680886672090584
5558,2019-05-20 14:00:00,658.912475586,0.21690466212372894
5559,2019-05-20 15:00:00,659.149047852,0.7527125523884924
5560,2019-05-20 16:00:00,659.265563965,0.4871350128380947
5561,2019-05-20 17:00:00,660.18762207,0.3850701838900831
5562,2019-05-20 18:00:00,662.012695312,0.7441081484183035
5563,2019-05-20 19:00:00,663.160949707,0.8684252436301279
5564,2019-05-20 20:00:00,664.196594238,0.7192819783503394
5565,2019-05-20 21:00:00,667.269775391,0.8470663438836019
5566,2019-05-20 22:00:00,671.989990234,0.70392338282453
5567,2019-05-20 23:00:00,672.440002441,0.14680663879154188
5568,2019-05-21 00:00:00,672.625366211,0.8391460771189855
5569,2019-05-21 01:00:00,672.775878906,0.08455465594174594
5570,2019-05-21 02:00:00,672.795715332,0.5507194445968747
5571,2019-05-21 03:00:00,673.160522461,0.3775204535189599
5572,2019-05-21 04:00:00,673.395141602,0.030198774755044955
5573,2019-05-21 05:00:00,673.614196777,0.10889354044519761
5574,2019-05-21 06:00:00,673.98614502,0.7703357108381127
5575,2019-05-21 07:00:00,674.009399414,0.5962218114403105
5576,2019-05-21 08:00:00,674.148925781,0.7843444253512372
5577,2019-05-21 09:00:00,674.360290527,0.10331501039375057
5578,2019-05-21 10:00:00,674.704040527,0.9240875623317745
5579,2019-05-21 11:00:00,674.989257812,0.6511041665260293
5580,2019-05-21 12:00:00,675.356872559,0.6404277394813467
5581,2019-05-21 13:00:00,675.745178223,0.5293202567022885
5582,2019-05-21 14:00:00,676.141540527,0.4094006481944402
5583,2019-05-21 15:00:00,677.586853027,0.7895449534793403
5584,2019-05-21 16:00:00,678.008789062,0.24769441967669314
5585,2019-05-21 17:00:00,679.576538086,0.26291901455796096
5586,2019-05-21 18:00:00,680.089660645,0.06280360071077051
5587,2019-05-21 19:00:00,680.661254883,0.012879599215373627
5588,2019-05-21 20:00:00,681.157653809,0.2668477822827483
5589,2019-05-21 21:00:00,681.598754883,0.3424361335478885
5590,2019-05-21 22:00:00,682.007873535,0.8980300265274042
5591,2019-05-21 23:00:00,683.25604248,0.9643667072406135
5592,2019-05-22 00:00:00,685.670349121,0.38471044456484804
5593,2019-05-22 01:00:00,686.935913086,0.6239635511208448
5594,2019-05-22 02:00:00,687.58215332,0.6013067747311719
5595,2019-05-22 03:00:00,687.663146973,0.925836226167872
5596,2019-05-22 04:00:00,687.754394531,0.7135143969471619
5597,2019-05-22 05:00:00,687.769348145,0.3638616543542539
5598,2019-05-22 06:00:00,687.998901367,0.24879250524209706
5599,2019-05-22 07:00:00,688.103210449,0.17139358272599037
5600,2019-05-22 08:00:00,688.213378906,0.09209079432551448
5601,2019-05-22 09:00:00,688.305969238,0.43411290532895797
5602,2019-05-22 10:00:00,688.370788574,0.7564491970852192
5603,2019-05-22 11:00:00,688.437316895,0.3325073902159771
5604,2019-05-22 12:00:00,688.479125977,0.060982575226790736
5605,2019-05-22 13:00:00,688.54083252,0.24739182901968682
5606,2019-05-22 14:00:00,688.667419434,0.3617488450365498
5607,2019-05-22 15:00:00,689.018798828,0.6135167663551643
5608,2019-05-22 16:00:00,690.327331543,0.7765679069368949
5609,2019-05-22 17:00:00,690.770263672,0.1444786709430146
5610,2019-05-22 18:00:00,691.190063477,0.7700718515785084
5611,2019-05-22 19:00:00,693.398681641,0.2848810490147329
5612,2019-05-22 20:00:00,694.160827637,0.1965062518754095
5613,2019-05-22 21:00:00,694.82611084,0.6577676389040694
5614,2019-05-22 22:00:00,695.348693848,0.6482194133469391
5615,2019-05-22 23:00:00,695.702514648,0.5817330260281631
5616,2019-05-23 00:00:00,695.909973145,0.44046971760729314
5617,2019-05-23 01:00:00,696.10333252,0.7098441965643473
5618,2019-05-23 02:00:00,696.254089355,0.041057356431059344
5619,2019-05-23 03:00:00,696.378479004,0.9515253421848353
5620,2019-05-23 04:00:00,696.516784668,0.19943088437903234
5621,2019-05-23 05:00:00,696.627502441,0.720083811127109
5622,2019-05-23 06:00:00,696.710998535,0.28271582113194005
5623,2019-05-23 07:00:00,696.837219238,0.8933998152859363
5624,2019-05-23 08:00:00,697.121398926,0.2607217965643126
5625,2019-05-23 09:00:00,697.187316895,0.7478100384322388
5626,2019-05-23 10:00:00,697.254394531,0.41930178572933074
5627,2019-05-23 11:00:00,697.301696777,0.8966042329765385
5628,2019-05-23 12:00:00,697.332946777,0.3705484922518558
5629,2019-05-23 13:00:00,697.363464355,0.8521648183054064
5630,2019-05-23 14:00:00,697.383605957,0.7810595798326901
5631,2019-05-23 15:00:00,697.391845703,0.6417830885840541
5632,2019-05-23 16:00:00,697.394470215,0.9989893495883587
5633,2019-05-23 17:00:00,697.617919922,0.47438954795765154
5634,2019-05-23 18:00:00,697.694824219,0.8093113444669117
5635,2019-05-23 19:00:00,698.185119629,0.9989980361689245
5636,2019-05-23 20:00:00,699.791381836,0.4596893838211987
5637,2019-05-23 21:00:00,701.970703125,0.4969240807112305
5638,2019-05-23 22:00:00,703.459960938,0.1748693588815966
5639,2019-05-23 23:00:00,703.92010498,0.9265228611345077
5640,2019-05-24 00:00:00,704.532592773,0.6367626488673661
5641,2019-05-24 01:00:00,705.142089844,0.8190462106517997
5642,2019-05-24 02:00:00,705.390014648,0.6282583572485404
5643,2019-05-24 03:00:00,705.469360352,0.8004172487923393
5644,2019-05-24 04:00:00,705.544372559,0.2644013593108486
5645,2019-05-24 05:00:00,705.68548584,0.24642484194573422
5646,2019-05-24 06:00:00,705.822692871,0.28558274081319557
5647,2019-05-24 07:00:00,705.93572998,0.3252032748599937
5648,2019-05-24 08:00:00,706.030456543,0.4317203435753365
5649,2019-05-24 09:00:00,706.065490723,0.3404416057893127
5650,2019-05-24 10:00:00,706.111450195,0.42919651576155826
5651,2019-05-24 11:00:00,706.131591797,0.7529249129485732
5652,2019-05-24 12:00:00,706.169128418,0.2253559308808447
5653,2019-05-24 13:00:00,706.223327637,0.8381810350631649
5654,2019-05-24 14:00:00,706.261962891,0.9466301780737285
5655,2019-05-24 15:00:00,706.285766602,0.20106762718000126
5656,2019-05-24 16:00:00,706.337097168,0.666750617029142
5657,2019-05-24 17:00:00,706.364746094,0.6205499781853555
5658,2019-05-24 18:00:00,706.413330078,0.9294848307516327
5659,2019-05-24 19:00:00,706.472473145,0.8454019367476282
5660,2019-05-24 20:00:00,706.521789551,0.1578111249572287
5661,2019-05-24 21:00:00,706.557434082,0.20053185390410488
5662,2019-05-24 22:00:00,706.583435059,0.5537212047785066
5663,2019-05-24 23:00:00,706.599121094,0.26935841286942097
5664,2019-05-25 00:00:00,706.618774414,0.5844624298626042
5665,2019-05-25 01:00:00,706.633605957,0.21457217841027765
5666,2019-05-25 02:00:00,706.647766113,0.7240504376864296
5667,2019-05-25 03:00:00,706.661804199,0.11737147497258882
5668,2019-05-25 04:00:00,706.67755127,0.2192807152830878
5669,2019-05-25 05:00:00,706.68762207,0.2287886634099473
5670,2019-05-25 06:00:00,706.696960449,0.6793370789371875
5671,2019-05-25 07:00:00,706.706970215,0.3636180629751946
5672,2019-05-25 08:00:00,706.718261719,0.20499416242729118
5673,2019-05-25 09:00:00,706.73046875,0.8028149141227512
5674,2019-05-25 10:00:00,706.739379883,0.26336122044048893
5675,2019-05-25 11:00:00,706.743591309,0.5633783801573744
5676,2019-05-25 12:00:00,706.743591309,0.04179564203536401
5677,2019-05-25 13:00:00,706.746643066,0.6335492925733732
5678,2019-05-25 14:00:00,706.73651123,0.6571238150537114
5679,2019-05-25 15:00:00,706.717102051,0.2999520996757965
5680,2019-05-25 16:00:00,706.677734375,0.7470290937172954
5681,2019-05-25 17:00:00,706.629760742,0.7932761620211625
5682,2019-05-25 18:00:00,706.574157715,0.2618403797833313
5683,2019-05-25 19:00:00,706.516296387,0.2981674374142651
5684,2019-05-25 20:00:00,706.449829102,0.5056313013604126
5685,2019-05-25 21:00:00,706.375427246,0.378423039467919
5686,2019-05-25 22:00:00,706.311950684,0.5109635210328021
5687,2019-05-25 23:00:00,706.262329102,0.08248811247289012
5688,2019-05-26 00:00:00,706.260131836,0.7979785670146301
5689,2019-05-26 01:00:00,706.266967773,0.6027464967777226
5690,2019-05-26 02:00:00,706.226745605,0.8061603407214832
5691,2019-05-26 03:00:00,706.21875,0.9900768147127839
5692,2019-05-26 04:00:00,706.190979004,0.4201241685848046
5693,2019-05-26 05:00:00,706.153869629,0.5467042016678549
5694,2019-05-26 06:00:00,706.115905762,0.06157010496291315
5695,2019-05-26 07:00:00,706.075378418,0.14667987607307553
5696,2019-05-26 08:00:00,706.036560059,0.9078389274210046
5697,2019-05-26 09:00:00,706.007873535,0.22181932967266582
5698,2019-05-26 10:00:00,705.97869873,0.8502538258983504
5699,2019-05-26 11:00:00,705.94152832,0.9901948953581888
5700,2019-05-26 12:00:00,705.902038574,0.26064592903479167
5701,2019-05-26 13:00:00,705.867736816,0.7149106746099065
5702,2019-05-26 14:00:00,705.822021484,0.6492936340187595
5703,2019-05-26 15:00:00,705.772705078,0.42479685809843404
5704,2019-05-26 16:00:00,705.708557129,0.0637958667043913
5705,2019-05-26 17:00:00,705.637512207,0.19025449740678135
5706,2019-05-26 18:00:00,705.560913086,0.5731992620268458
5707,2019-05-26 19:00:00,705.469299316,0.9847685864130196
5708,2019-05-26 20:00:00,705.020019531,0.21146498072144881
5709,2019-05-26 21:00:00,704.454345703,0.22399261816935023
5710,2019-05-26 22:00:00,703.84161377,0.3588599936611667
5711,2019-05-26 23:00:00,703.355773926,0.7906377818640373
5712,2019-05-27 00:00:00,703.04888916,0.8543556718597004
5713,2019-05-27 01:00:00,702.803344727,0.7198034478490833
5714,2019-05-27 02:00:00,702.525146484,0.3638497888829363
5715,2019-05-27 03:00:00,702.28918457,0.7724841883092234
5716,2019-05-27 04:00:00,702.085510254,0.558400482141493
5717,2019-05-27 05:00:00,701.908081055,0.27164064063666626
5718,2019-05-27 06:00:00,701.742248535,0.6208364920561117
5719,2019-05-27 07:00:00,701.600280762,0.8908510198483741
5720,2019-05-27 08:00:00,701.471618652,0.266484202166941
5721,2019-05-27 09:00:00,701.350952148,0.24274274054428446
5722,2019-05-27 10:00:00,701.238952637,0.2308242274099862
5723,2019-05-27 11:00:00,701.136169434,0.8972812002626451
5724,2019-05-27 12:00:00,701.035888672,0.1857327559563896
5725,2019-05-27 13:00:00,700.952819824,0.14623203095114345
5726,2019-05-27 14:00:00,700.873718262,0.3936425910924236
5727,2019-05-27 15:00:00,700.791564941,0.4606430432666412
5728,2019-05-27 16:00:00,700.710388184,0.6411887770151239
5729,2019-05-27 17:00:00,700.61895752,0.7139476263430768
5730,2019-05-27 18:00:00,700.520019531,0.3497704707954752
5731,2019-05-27 19:00:00,700.423278809,0.6854605577585492
5732,2019-05-27 20:00:00,700.333068848,0.04812464976993125
5733,2019-05-27 21:00:00,700.235900879,0.6340179368069866
5734,2019-05-27 22:00:00,700.447998047,0.27410186238985357
5735,2019-05-27 23:00:00,701.517700195,0.9346631130579977
5736,2019-05-28 00:00:00,701.577575684,0.6343186492437938
5737,2019-05-28 01:00:00,701.61328125,0.1699374067576992
5738,2019-05-28 02:00:00,701.947143555,0.3961373531759821
5739,2019-05-28 03:00:00,703.114807129,0.8765802085886242
5740,2019-05-28 04:00:00,703.452148438,0.6394418541842234
5741,2019-05-28 05:00:00,703.543884277,0.12880699862129896
5742,2019-05-28 06:00:00,703.54486084,0.3024597644219428
5743,2019-05-28 07:00:00,703.550537109,0.6180454081357671
5744,2019-05-28 08:00:00,703.533203125,0.07364754906045379
5745,2019-05-28 09:00:00,703.819335938,0.27810745047094065
5746,2019-05-28 10:00:00,704.240356445,0.8943836122163616
5747,2019-05-28 11:00:00,704.338256836,0.05843156852126197
5748,2019-05-28 12:00:00,704.329589844,0.2526688345742909
5749,2019-05-28 13:00:00,704.40045166,0.9729542210009343
5750,2019-05-28 14:00:00,704.451965332,0.2638503152870323
5751,2019-05-28 15:00:00,705.627075195,0.3726453182468845
5752,2019-05-28 16:00:00,707.594116211,0.5360710455290801
5753,2019-05-28 17:00:00,708.06262207,0.3869776779865507
5754,2019-05-28 18:00:00,708.52331543,0.44800060700799094
5755,2019-05-28 19:00:00,708.834106445,0.5398187226450559
5756,2019-05-28 20:00:00,709.157714844,0.586400449285598
5757,2019-05-28 21:00:00,709.428283691,0.3550577163068921
5758,2019-05-28 22:00:00,709.593811035,0.016145247032832488
5759,2019-05-28 23:00:00,709.873962402,0.9822869907640678
5760,2019-05-29 00:00:00,709.949279785,0.7185449089192686
5761,2019-05-29 01:00:00,710.427246094,0.4802409631269391
5762,2019-05-29 02:00:00,711.052856445,0.6959153396785303
5763,2019-05-29 03:00:00,711.130859375,0.6518661384749408
5764,2019-05-29 04:00:00,711.178710938,0.42818160621423174
5765,2019-05-29 05:00:00,711.282775879,0.1640824444734531
5766,2019-05-29 06:00:00,711.408874512,0.7584251117851145
5767,2019-05-29 07:00:00,711.472045898,0.9193519398743129
5768,2019-05-29 08:00:00,711.51763916,0.7597589125277479
5769,2019-05-29 09:00:00,711.562194824,0.8344161488761125
5770,2019-05-29 10:00:00,711.635986328,0.5381937606625882
5771,2019-05-29 11:00:00,711.674621582,0.015634831884001166
5772,2019-05-29 12:00:00,711.705383301,0.8438834889919494
5773,2019-05-29 13:00:00,711.743408203,0.4234533009509104
5774,2019-05-29 14:00:00,711.757568359,0.2860991704160517
5775,2019-05-29 15:00:00,711.744689941,0.5429047442823791
5776,2019-05-29 16:00:00,711.737792969,0.9259137168991325
5777,2019-05-29 17:00:00,711.725219727,0.8356971426101183
5778,2019-05-29 18:00:00,711.771789551,0.6085384868456248
5779,2019-05-29 19:00:00,711.834655762,0.661418176362532
5780,2019-05-29 20:00:00,711.910766602,0.7637417518967285
5781,2019-05-29 21:00:00,712.249938965,0.2273253257061828
5782,2019-05-29 22:00:00,712.453186035,0.009674493877532386
5783,2019-05-29 23:00:00,714.213745117,0.062014013408137725
5784,2019-05-30 00:00:00,714.827148438,0.4127109950010006
5785,2019-05-30 01:00:00,715.232055664,0.907909230213491
5786,2019-05-30 02:00:00,715.339660645,0.19985881630034075
5787,2019-05-30 03:00:00,715.45300293,0.079070132516739
5788,2019-05-30 04:00:00,715.580627441,0.7999714584819868
5789,2019-05-30 05:00:00,715.700256348,0.20026335055177347
5790,2019-05-30 06:00:00,715.854064941,0.5518438618553191
5791,2019-05-30 07:00:00,715.975219727,0.5339983988136566
5792,2019-05-30 08:00:00,716.02923584,0.9268308107574448
5793,2019-05-30 09:00:00,716.101257324,0.5198808492323881
5794,2019-05-30 10:00:00,716.152648926,0.10859264638294885
5795,2019-05-30 11:00:00,716.225524902,0.0915732011384277
5796,2019-05-30 12:00:00,716.28527832,0.5092410687752913
5797,2019-05-30 13:00:00,716.320251465,0.8570371142247777
5798,2019-05-30 14:00:00,716.328369141,0.32610380085628476
5799,2019-05-30 15:00:00,716.317016602,0.8086064701771927
5800,2019-05-30 16:00:00,716.302856445,0.5915268786104777
5801,2019-05-30 17:00:00,716.328491211,0.5308770064781421
5802,2019-05-30 18:00:00,716.463623047,0.4154621388485603
5803,2019-05-30 19:00:00,716.590759277,0.33119625428294297
5804,2019-05-30 20:00:00,716.939697266,0.6254349071083504
5805,2019-05-30 21:00:00,717.002929688,0.5685722138676556
5806,2019-05-30 22:00:00,717.163513184,0.5032303495405988
5807,2019-05-30 23:00:00,717.421264648,0.9203662529453229
5808,2019-05-31 00:00:00,717.695678711,0.6841805241769702
5809,2019-05-31 01:00:00,717.690429688,0.5228414626906984
5810,2019-05-31 02:00:00,717.713134766,0.6257826400624187
5811,2019-05-31 03:00:00,717.747192383,0.5322787998346442
5812,2019-05-31 04:00:00,718.312683105,0.2518056721088838
5813,2019-05-31 05:00:00,718.552307129,0.0006033437926262764
5814,2019-05-31 06:00:00,718.61529541,0.6379917429645473
5815,2019-05-31 07:00:00,718.848510742,0.6056918052648449
5816,2019-05-31 08:00:00,718.888122559,0.7603337300299505
5817,2019-05-31 09:00:00,718.942260742,0.9192535652795283
5818,2019-05-31 10:00:00,718.98651123,0.6511299373490266
5819,2019-05-31 11:00:00,719.035583496,0.6168467511696665
5820,2019-05-31 12:00:00,719.096557617,0.1828619789249193
5821,2019-05-31 13:00:00,719.145690918,0.6972016190393743
5822,2019-05-31 14:00:00,719.174377441,0.864954638019129
5823,2019-05-31 15:00:00,719.174743652,0.07144820891808734
5824,2019-05-31 16:00:00,719.165405273,0.8694052095002686
5825,2019-05-31 17:00:00,719.195556641,0.405664278798859
5826,2019-05-31 18:00:00,719.288757324,0.5695348730294181
5827,2019-05-31 19:00:00,719.374267578,0.04016731951047259
5828,2019-05-31 20:00:00,719.431335449,0.031165322784038718
5829,2019-05-31 21:00:00,719.461730957,0.0943770227783951
5830,2019-05-31 22:00:00,719.485107422,0.4419738823422251
5831,2019-05-31 23:00:00,719.49822998,0.717193887962436
5832,2019-06-01 00:00:00,719.477355957,0.8248501875218075
5833,2019-06-01 01:00:00,719.458251953,0.3478500879349504
5834,2019-06-01 02:00:00,719.43737793,0.8080073025885615
5835,2019-06-01 03:00:00,719.416687012,0.7464574582912559
5836,2019-06-01 04:00:00,719.397766113,0.19077792653928904
5837,2019-06-01 05:00:00,719.377197266,0.283235986860927
5838,2019-06-01 06:00:00,719.356079102,0.6366219396309186
5839,2019-06-01 07:00:00,719.323974609,0.7561215999866033
5840,2019-06-01 08:00:00,719.28717041,0.33841065622142075
5841,2019-06-01 09:00:00,719.250061035,0.09912029226461516
5842,2019-06-01 10:00:00,719.217895508,0.19527485412803847
5843,2019-06-01 11:00:00,719.17364502,0.8605706275452996
5844,2019-06-01 12:00:00,719.130859375,0.7672042884757946
5845,2019-06-01 13:00:00,719.099365234,0.14197979008883377
5846,2019-06-01 14:00:00,719.070678711,0.19541187459041343
5847,2019-06-01 15:00:00,719.042236328,0.9424290270376037
5848,2019-06-01 16:00:00,719.014282227,0.17667010318631748
5849,2019-06-01 17:00:00,718.983154297,0.20641130488326376
5850,2019-06-01 18:00:00,718.914916992,0.0773311626999269
5851,2019-06-01 19:00:00,718.8359375,0.1934686787898915
5852,2019-06-01 20:00:00,718.769958496,0.7036877513897134
5853,2019-06-01 21:00:00,718.67791748,0.4853761645112241
5854,2019-06-01 22:00:00,718.533691406,0.09273144928553612
5855,2019-06-01 23:00:00,718.36932373,0.6645239762914542
5856,2019-06-02 00:00:00,718.236328125,0.7850139261051141
5857,2019-06-02 01:00:00,718.122741699,0.7392261958692816
5858,2019-06-02 02:00:00,718.020507812,0.17312424754338984
5859,2019-06-02 03:00:00,717.932617188,0.284102565109579
5860,2019-06-02 04:00:00,717.860412598,0.13640945532305282
5861,2019-06-02 05:00:00,717.79309082,0.9040355821072279
5862,2019-06-02 06:00:00,717.736694336,0.6427827431482974
5863,2019-06-02 07:00:00,717.674682617,0.9469556588676695
5864,2019-06-02 08:00:00,717.620605469,0.7142019428647947
5865,2019-06-02 09:00:00,717.579956055,0.020812413309481692
5866,2019-06-02 10:00:00,717.53692627,0.8044921398490689
5867,2019-06-02 11:00:00,717.503112793,0.8922952084759094
5868,2019-06-02 12:00:00,717.471618652,0.6095083256316215
5869,2019-06-02 13:00:00,717.43939209,0.7570281548012953
5870,2019-06-02 14:00:00,717.396911621,0.8553502297225201
5871,2019-06-02 15:00:00,717.264892578,0.6721944237831105
5872,2019-06-02 16:00:00,716.837524414,0.26260016324095026
5873,2019-06-02 17:00:00,716.449890137,0.021836604647027746
5874,2019-06-02 18:00:00,715.826965332,0.6696165576748304
5875,2019-06-02 19:00:00,714.818725586,0.5233846219347975
5876,2019-06-02 20:00:00,713.641540527,0.4526821084736763
5877,2019-06-02 21:00:00,712.416381836,0.33141934241382187
5878,2019-06-02 22:00:00,711.237670898,0.45125966688287655
5879,2019-06-02 23:00:00,710.260986328,0.48395327822193956
5880,2019-06-03 00:00:00,709.458557129,0.21408461840996373
5881,2019-06-03 01:00:00,708.797363281,0.01966871155074279
5882,2019-06-03 02:00:00,708.245910645,0.9522247804644859
5883,2019-06-03 03:00:00,707.793579102,0.15334462272319638
5884,2019-06-03 04:00:00,707.414916992,0.8772614100845053
5885,2019-06-03 05:00:00,707.099609375,0.9712738414688898
5886,2019-06-03 06:00:00,706.834716797,0.9705166718955085
5887,2019-06-03 07:00:00,706.609863281,0.9139083780614757
5888,2019-06-03 08:00:00,706.410949707,0.977225629112958
5889,2019-06-03 09:00:00,706.238037109,0.0021963074163339202
5890,2019-06-03 10:00:00,706.095581055,0.6151518054443306
5891,2019-06-03 11:00:00,705.977539062,0.38780468416356095
5892,2019-06-03 12:00:00,705.876647949,0.37423407908603046
5893,2019-06-03 13:00:00,705.793212891,0.9000121251564074
5894,2019-06-03 14:00:00,705.722106934,0.6285176239370999
5895,2019-06-03 15:00:00,705.652770996,0.2584742919335933
5896,2019-06-03 16:00:00,705.586975098,0.5369341536729529
5897,2019-06-03 17:00:00,705.482055664,0.39606632147421583
5898,2019-06-03 18:00:00,705.244384766,0.49184075295079466
5899,2019-06-03 19:00:00,704.847595215,0.2150567431301067
5900,2019-06-03 20:00:00,704.305603027,0.2508876772067523
5901,2019-06-03 21:00:00,703.705200195,0.7190570640110862
5902,2019-06-03 22:00:00,703.126159668,0.043247684749123216
5903,2019-06-03 23:00:00,702.646240234,0.9828329820823507
5904,2019-06-04 00:00:00,702.24987793,0.5940644767551064
5905,2019-06-04 01:00:00,701.919250488,0.2802998885049215
5906,2019-06-04 02:00:00,701.63659668,0.9521102243879084
5907,2019-06-04 03:00:00,701.404602051,0.8463263733161959
5908,2019-06-04 04:00:00,701.204040527,0.25767021700796944
5909,2019-06-04 05:00:00,701.031311035,0.5926466232333335
5910,2019-06-04 06:00:00,700.88494873,0.044475248117956556
5911,2019-06-04 07:00:00,700.760681152,0.26411524653749985
5912,2019-06-04 08:00:00,700.651794434,0.26385825665908347
5913,2019-06-04 09:00:00,700.560791016,0.1924341399704278
5914,2019-06-04 10:00:00,700.476257324,0.15316095567488675
5915,2019-06-04 11:00:00,700.399475098,0.775126679376176
5916,2019-06-04 12:00:00,700.320739746,0.13238320969101813
5917,2019-06-04 13:00:00,700.263000488,0.8398157543520277
5918,2019-06-04 14:00:00,700.215026855,0.42847229130151465
5919,2019-06-04 15:00:00,700.171386719,0.34603330638267715
5920,2019-06-04 16:00:00,700.127197266,0.6223759729611713
5921,2019-06-04 17:00:00,700.081970215,0.05087753598772604
5922,2019-06-04 18:00:00,700.022338867,0.8395887205890364
5923,2019-06-04 19:00:00,699.825073242,0.7620622742551928
5924,2019-06-04 20:00:00,699.539550781,0.8317463088322313
5925,2019-06-04 21:00:00,699.16796875,0.23753753341334072
5926,2019-06-04 22:00:00,698.669677734,0.1872451379668959
5927,2019-06-04 23:00:00,698.278137207,0.04136132268896098
5928,2019-06-05 00:00:00,697.95715332,0.14176348482711887
5929,2019-06-05 01:00:00,697.686889648,0.30922011743670286
5930,2019-06-05 02:00:00,697.460693359,0.716000638457032
5931,2019-06-05 03:00:00,697.274536133,0.9033451761054198
5932,2019-06-05 04:00:00,697.115539551,0.693823594139686
5933,2019-06-05 05:00:00,696.975402832,0.9577900910585353
5934,2019-06-05 06:00:00,696.850280762,0.8090695314590468
5935,2019-06-05 07:00:00,696.744995117,0.5307980653753536
5936,2019-06-05 08:00:00,696.642944336,0.889976800279416
5937,2019-06-05 09:00:00,696.55090332,0.23982035842253047
5938,2019-06-05 10:00:00,696.473449707,0.16332337822688703
5939,2019-06-05 11:00:00,696.417480469,0.11068897905391761
5940,2019-06-05 12:00:00,696.367248535,0.22593063683571213
5941,2019-06-05 13:00:00,696.322875977,0.9748206430776627
5942,2019-06-05 14:00:00,696.283325195,0.4739370020056225
5943,2019-06-05 15:00:00,696.243103027,0.9518159578204068
5944,2019-06-05 16:00:00,696.204772949,0.445917339483193
5945,2019-06-05 17:00:00,696.164123535,0.26750061012203974
5946,2019-06-05 18:00:00,696.116699219,0.9675617685674489
5947,2019-06-05 19:00:00,696.056274414,0.2363630211642731
5948,2019-06-05 20:00:00,695.837890625,0.7287865296553475
5949,2019-06-05 21:00:00,695.515686035,0.26480546419522355
5950,2019-06-05 22:00:00,695.030639648,0.2834264551710316
5951,2019-06-05 23:00:00,694.647094727,0.6200116953511007
5952,2019-06-06 00:00:00,694.33026123,0.022999793590749995
5953,2019-06-06 01:00:00,694.007324219,0.645964824419587
5954,2019-06-06 02:00:00,693.750427246,0.13736115645499491
5955,2019-06-06 03:00:00,693.538269043,0.11526636552372505
5956,2019-06-06 04:00:00,693.365844727,0.698703747860694
5957,2019-06-06 05:00:00,693.217224121,0.0011156937650639298
5958,2019-06-06 06:00:00,693.090576172,0.12049891959144998
5959,2019-06-06 07:00:00,692.986755371,0.04082248117343079
5960,2019-06-06 08:00:00,692.898864746,0.8732875521859347
5961,2019-06-06 09:00:00,692.821899414,0.9788576485226681
5962,2019-06-06 10:00:00,692.757324219,0.4116609103462123
5963,2019-06-06 11:00:00,692.703918457,0.8099099751830293
5964,2019-06-06 12:00:00,692.656799316,0.7439508405716512
5965,2019-06-06 13:00:00,692.617492676,0.011468371122203558
5966,2019-06-06 14:00:00,692.584289551,0.6876664905951958
5967,2019-06-06 15:00:00,692.546203613,0.6794872504184822
5968,2019-06-06 16:00:00,692.508300781,0.7261902464469021
5969,2019-06-06 17:00:00,692.463989258,0.09653264282700558
5970,2019-06-06 18:00:00,692.405639648,0.6860650350617827
5971,2019-06-06 19:00:00,692.245056152,0.8905450361603936
5972,2019-06-06 20:00:00,691.944274902,0.9790492886065583
5973,2019-06-06 21:00:00,691.556762695,0.29799194199248824
5974,2019-06-06 22:00:00,691.139892578,0.6362412818048409
5975,2019-06-06 23:00:00,690.788696289,0.3568870207185161
5976,2019-06-07 00:00:00,690.504760742,0.1343799717090589
5977,2019-06-07 01:00:00,690.26940918,0.2862377016751263
5978,2019-06-07 02:00:00,690.073852539,0.42946057903584633
5979,2019-06-07 03:00:00,689.907165527,0.44189856199604227
5980,2019-06-07 04:00:00,689.765808105,0.42703996853440385
5981,2019-06-07 05:00:00,689.644165039,0.79787903538267
5982,2019-06-07 06:00:00,689.539245605,0.9307143473969205
5983,2019-06-07 07:00:00,689.452514648,0.820365870430699
5984,2019-06-07 08:00:00,689.377441406,0.869891368909133
5985,2019-06-07 09:00:00,689.312072754,0.2368693137495722
5986,2019-06-07 10:00:00,689.257141113,0.1454223403351147
5987,2019-06-07 11:00:00,689.21105957,0.6224090637079391
5988,2019-06-07 12:00:00,689.172546387,0.5802451878870495
5989,2019-06-07 13:00:00,689.140563965,0.2524878122565797
5990,2019-06-07 14:00:00,689.113464355,0.8068555122540615
5991,2019-06-07 15:00:00,689.081970215,0.4304317440148656
5992,2019-06-07 16:00:00,689.052307129,0.14831405846588774
5993,2019-06-07 17:00:00,689.02142334,0.36664979174065015
5994,2019-06-07 18:00:00,689.069946289,0.6614284118757455
5995,2019-06-07 19:00:00,688.940673828,0.1511394040882218
5996,2019-06-07 20:00:00,688.434753418,0.19546727319949309
5997,2019-06-07 21:00:00,687.804931641,0.6672215087430591
5998,2019-06-07 22:00:00,687.084106445,0.9375178918340934
5999,2019-06-07 23:00:00,686.387512207,0.9979280016469017
6000,2019-06-08 00:00:00,685.823303223,0.9876969778296049
6001,2019-06-08 01:00:00,685.37890625,0.7362827289194407
6002,2019-06-08 02:00:00,684.999145508,0.2731533379887562
6003,2019-06-08 03:00:00,684.68536377,0.30060922826506054
6004,2019-06-08 04:00:00,684.425231934,0.018988452638324826
6005,2019-06-08 05:00:00,684.210510254,0.3498979887278788
6006,2019-06-08 06:00:00,684.034851074,0.19934372562378488
6007,2019-06-08 07:00:00,683.891662598,0.9449596626501259
6008,2019-06-08 08:00:00,683.770263672,0.3603202914651954
6009,2019-06-08 09:00:00,683.668945312,0.6040721484743584
6010,2019-06-08 10:00:00,683.583862305,0.7227075249746897
6011,2019-06-08 11:00:00,683.51739502,0.12638217123435136
6012,2019-06-08 12:00:00,683.464111328,0.34498363462744064
6013,2019-06-08 13:00:00,683.414611816,0.9336304766883587
6014,2019-06-08 14:00:00,683.376525879,0.8084277948942119
6015,2019-06-08 15:00:00,683.341247559,0.27877574288205464
6016,2019-06-08 16:00:00,683.310241699,0.5884083935773805
6017,2019-06-08 17:00:00,683.28704834,0.7765064536753783
6018,2019-06-08 18:00:00,683.152954102,0.1622888936316923
6019,2019-06-08 19:00:00,683.011413574,0.22467045351707848
6020,2019-06-08 20:00:00,682.70135498,0.4074766333295633
6021,2019-06-08 21:00:00,682.197265625,0.003934622948805422
6022,2019-06-08 22:00:00,681.5625,0.975184095413074
6023,2019-06-08 23:00:00,681.044006348,0.6054019298356258
6024,2019-06-09 00:00:00,680.616027832,0.13423622377829303
6025,2019-06-09 01:00:00,680.262695312,0.42222276772541645
6026,2019-06-09 02:00:00,679.971435547,0.9950113009216457
6027,2019-06-09 03:00:00,679.726928711,0.044625778364065116
6028,2019-06-09 04:00:00,679.524353027,0.384003028581258
6029,2019-06-09 05:00:00,679.352783203,0.9572218112958
6030,2019-06-09 06:00:00,679.212585449,0.3506743673546827
6031,2019-06-09 07:00:00,679.097473145,0.8108088028942978
6032,2019-06-09 08:00:00,679.005615234,0.007542254203971366
6033,2019-06-09 09:00:00,678.928649902,0.9097165766808304
6034,2019-06-09 10:00:00,678.861938477,0.29732009021198225
6035,2019-06-09 11:00:00,678.804870605,0.34182220041643274
6036,2019-06-09 12:00:00,678.757263184,0.5315915474342756
6037,2019-06-09 13:00:00,678.717102051,0.596194827094924
6038,2019-06-09 14:00:00,678.685180664,0.21360601529091394
6039,2019-06-09 15:00:00,678.654785156,0.5429716622382427
6040,2019-06-09 16:00:00,678.618591309,0.7733186343078962
6041,2019-06-09 17:00:00,678.561706543,0.487490570793609
6042,2019-06-09 18:00:00,678.508300781,0.5364426889719808
6043,2019-06-09 19:00:00,678.442016602,0.34832190841998
6044,2019-06-09 20:00:00,678.38684082,0.8460694800754218
6045,2019-06-09 21:00:00,678.295227051,0.35886345326048574
6046,2019-06-09 22:00:00,678.160827637,0.09097824050990844
6047,2019-06-09 23:00:00,678.050292969,0.2640094233578908
6048,2019-06-10 00:00:00,677.962036133,0.6562312366716191
6049,2019-06-10 01:00:00,677.883056641,0.29989486942509913
6050,2019-06-10 02:00:00,677.812255859,0.5897421955679337
6051,2019-06-10 03:00:00,677.742919922,0.919960009173274
6052,2019-06-10 04:00:00,677.674133301,0.5774131406581867
6053,2019-06-10 05:00:00,677.61730957,0.21517428576262176
6054,2019-06-10 06:00:00,677.569152832,0.8517841776306521
6055,2019-06-10 07:00:00,677.53314209,0.5522532376421935
6056,2019-06-10 08:00:00,677.502746582,0.13488176047820832
6057,2019-06-10 09:00:00,677.469787598,0.387560424889711
6058,2019-06-10 10:00:00,677.445983887,0.8923799140674744
6059,2019-06-10 11:00:00,677.427978516,0.26687989580964266
6060,2019-06-10 12:00:00,677.411621094,0.24551138942317974
6061,2019-06-10 13:00:00,677.401123047,0.5321073363002451
6062,2019-06-10 14:00:00,677.393066406,0.2538907441520447
6063,2019-06-10 15:00:00,677.379211426,0.01480940451519619
6064,2019-06-10 16:00:00,677.363830566,0.8183495110615272
6065,2019-06-10 17:00:00,677.345336914,0.3178828843575211
6066,2019-06-10 18:00:00,677.320800781,0.18481854036046463
6067,2019-06-10 19:00:00,677.284484863,0.5726102842774259
6068,2019-06-10 20:00:00,677.248718262,0.8601516573759488
6069,2019-06-10 21:00:00,677.113708496,0.13452844236856543
6070,2019-06-10 22:00:00,676.840759277,0.5791447709202594
6071,2019-06-10 23:00:00,676.610717773,0.39600455399218826
6072,2019-06-11 00:00:00,676.426574707,0.023900683863965932
6073,2019-06-11 01:00:00,676.271240234,0.4558640655061842
6074,2019-06-11 02:00:00,676.149047852,0.6549575638687322
6075,2019-06-11 03:00:00,676.04510498,0.47884842965109053
6076,2019-06-11 04:00:00,675.960571289,0.3585225161235661
6077,2019-06-11 05:00:00,675.887084961,0.4615451659170875
6078,2019-06-11 06:00:00,675.825256348,0.030966505416385792
6079,2019-06-11 07:00:00,675.771362305,0.4318606962328154
6080,2019-06-11 08:00:00,675.727172852,0.8844899165668308
6081,2019-06-11 09:00:00,675.687805176,0.002280086554831251
6082,2019-06-11 10:00:00,675.652770996,0.7079614219902058
6083,2019-06-11 11:00:00,675.623046875,0.6181434304291131
6084,2019-06-11 12:00:00,675.596374512,0.44808837153852066
6085,2019-06-11 13:00:00,675.572937012,0.521954978175215
6086,2019-06-11 14:00:00,675.552368164,0.6432137699720082
6087,2019-06-11 15:00:00,675.52722168,0.5081668983270085
6088,2019-06-11 16:00:00,675.475463867,0.3961038376331689
6089,2019-06-11 17:00:00,675.419616699,0.2889840850195289
6090,2019-06-11 18:00:00,675.206542969,0.49731932540156853
6091,2019-06-11 19:00:00,674.761901855,0.1062538109094241
6092,2019-06-11 20:00:00,674.127075195,0.17536566863219083
6093,2019-06-11 21:00:00,673.217651367,0.7645150642231104
6094,2019-06-11 22:00:00,672.362670898,0.10669063669812362
6095,2019-06-11 23:00:00,671.423339844,0.15429986070884305
6096,2019-06-12 00:00:00,670.566162109,0.5470668833531257
6097,2019-06-12 01:00:00,669.603088379,0.5976717484823201
6098,2019-06-12 02:00:00,668.896118164,0.46001546569130936
6099,2019-06-12 03:00:00,668.25994873,0.8433096343220644
6100,2019-06-12 04:00:00,667.69140625,0.42440539238415376
6101,2019-06-12 05:00:00,667.220275879,0.6267548100286185
6102,2019-06-12 06:00:00,666.845581055,0.18883268542893006
6103,2019-06-12 07:00:00,666.537963867,0.023862257895544636
6104,2019-06-12 08:00:00,666.280761719,0.426267055739765
6105,2019-06-12 09:00:00,666.064147949,0.3747351568555721
6106,2019-06-12 10:00:00,665.882141113,0.041987089498933705
6107,2019-06-12 11:00:00,665.734924316,0.9388548326523752
6108,2019-06-12 12:00:00,665.611999512,0.9048643224737419
6109,2019-06-12 13:00:00,665.513977051,0.6790851032153025
6110,2019-06-12 14:00:00,665.431274414,0.8398677984034236
6111,2019-06-12 15:00:00,665.361083984,0.8624830211634129
6112,2019-06-12 16:00:00,665.299072266,0.09674069917045114
6113,2019-06-12 17:00:00,665.244934082,0.8663771970576254
6114,2019-06-12 18:00:00,665.189208984,0.007393521513614276
6115,2019-06-12 19:00:00,665.085754395,0.8407391976573745
6116,2019-06-12 20:00:00,664.854553223,0.4163079111504575
6117,2019-06-12 21:00:00,664.511962891,0.9189141083625916
6118,2019-06-12 22:00:00,664.137023926,0.012050171731056825
6119,2019-06-12 23:00:00,663.828918457,0.8655324484493171
6120,2019-06-13 00:00:00,663.572753906,0.3780201348397568
6121,2019-06-13 01:00:00,663.360595703,0.10540447208954662
6122,2019-06-13 02:00:00,663.188110352,0.757319443432481
6123,2019-06-13 03:00:00,663.044189453,0.5645150609255655
6124,2019-06-13 04:00:00,662.924133301,0.5320673950981668
6125,2019-06-13 05:00:00,662.821166992,0.1469982305606945
6126,2019-06-13 06:00:00,662.732421875,0.42179997666584035
6127,2019-06-13 07:00:00,662.660461426,0.29886089346448563
6128,2019-06-13 08:00:00,662.603149414,0.4554363019191522
6129,2019-06-13 09:00:00,662.554748535,0.9102054895773789
6130,2019-06-13 10:00:00,662.513366699,0.5496866337225308
6131,2019-06-13 11:00:00,662.475646973,0.1745162140795803
6132,2019-06-13 12:00:00,662.444824219,0.44203872784975984
6133,2019-06-13 13:00:00,662.418457031,0.6488009907080583
6134,2019-06-13 14:00:00,662.397583008,0.0776613106451347
6135,2019-06-13 15:00:00,662.37310791,0.2877941794559187
6136,2019-06-13 16:00:00,662.350097656,0.4696824595682312
6137,2019-06-13 17:00:00,662.321166992,0.26717316387254864
6138,2019-06-13 18:00:00,662.283508301,0.4270917063032009
6139,2019-06-13 19:00:00,662.144470215,0.8606073064274574
6140,2019-06-13 20:00:00,661.838684082,0.18318673082462855
6141,2019-06-13 21:00:00,661.415771484,0.4946421444842781
6142,2019-06-13 22:00:00,660.943847656,0.3686953001701011
6143,2019-06-13 23:00:00,660.164794922,0.28873267037229333
6144,2019-06-14 00:00:00,659.482543945,0.041501534380979366
6145,2019-06-14 01:00:00,658.937866211,0.4124359146985237
6146,2019-06-14 02:00:00,658.489807129,0.3550840909424935
6147,2019-06-14 03:00:00,658.123291016,0.39375354461102974
6148,2019-06-14 04:00:00,657.81817627,0.9877054181940829
6149,2019-06-14 05:00:00,657.56640625,0.9355982402632704
6150,2019-06-14 06:00:00,657.359008789,0.4766472512623031
6151,2019-06-14 07:00:00,657.186462402,0.22273894029018437
6152,2019-06-14 08:00:00,657.041748047,0.7268936788071696
6153,2019-06-14 09:00:00,656.922424316,0.3690845763843459
6154,2019-06-14 10:00:00,656.825805664,0.5173073565885113
6155,2019-06-14 11:00:00,656.746704102,0.06422638018863092
6156,2019-06-14 12:00:00,656.682373047,0.5570116500467983
6157,2019-06-14 13:00:00,656.631286621,0.18406047146845295
6158,2019-06-14 14:00:00,656.58782959,0.3514604054494963
6159,2019-06-14 15:00:00,656.544799805,0.8478854612135497
6160,2019-06-14 16:00:00,656.504638672,0.5820112496787344
6161,2019-06-14 17:00:00,656.464050293,0.7017323426606
6162,2019-06-14 18:00:00,656.385070801,0.7230497027095175
6163,2019-06-14 19:00:00,656.11730957,0.1429784812506708
6164,2019-06-14 20:00:00,655.747741699,0.628241775490421
6165,2019-06-14 21:00:00,655.288269043,0.20694918100594617
6166,2019-06-14 22:00:00,654.578125,0.10424220556052666
6167,2019-06-14 23:00:00,654.029174805,0.4109351646874255
6168,2019-06-15 00:00:00,653.285583496,0.23813334743801895
6169,2019-06-15 01:00:00,652.711669922,0.19387672698612635
6170,2019-06-15 02:00:00,652.256896973,0.42992823477408126
6171,2019-06-15 03:00:00,651.884277344,0.5532768510450906
6172,2019-06-15 04:00:00,651.576782227,0.7104124200037438
6173,2019-06-15 05:00:00,651.315490723,0.6537592708815386
6174,2019-06-15 06:00:00,651.091186523,0.26744063927610384
6175,2019-06-15 07:00:00,650.920043945,0.41069509198158727
6176,2019-06-15 08:00:00,650.774902344,0.8531013844782112
6177,2019-06-15 09:00:00,650.660949707,0.8778636621300909
6178,2019-06-15 10:00:00,650.567138672,0.48740513502874183
6179,2019-06-15 11:00:00,650.492492676,0.5919699583109005
6180,2019-06-15 12:00:00,650.429626465,0.5692533814572291
6181,2019-06-15 13:00:00,650.377868652,0.34681439787672674
6182,2019-06-15 14:00:00,650.337341309,0.7471898543306219
6183,2019-06-15 15:00:00,650.294677734,0.43767155483938214
6184,2019-06-15 16:00:00,650.255737305,0.04502466234113589
6185,2019-06-15 17:00:00,650.218383789,0.8491305095814184
6186,2019-06-15 18:00:00,650.062683105,0.447364877109229
6187,2019-06-15 19:00:00,649.548706055,0.688215363813668
6188,2019-06-15 20:00:00,649.049743652,0.7765295858535818
6189,2019-06-15 21:00:00,648.413391113,0.39124376851052967
6190,2019-06-15 22:00:00,647.797485352,0.7142652067507403
6191,2019-06-15 23:00:00,647.286193848,0.12253140122928896
6192,2019-06-16 00:00:00,646.865722656,0.7687072680567648
6193,2019-06-16 01:00:00,646.52142334,0.8637203163906045
6194,2019-06-16 02:00:00,646.239379883,0.9786028582549705
6195,2019-06-16 03:00:00,646.006591797,0.3866755888494684
6196,2019-06-16 04:00:00,645.812744141,0.16737820888107902
6197,2019-06-16 05:00:00,645.649841309,0.4336691072560084
6198,2019-06-16 06:00:00,645.514892578,0.8579968255901095
6199,2019-06-16 07:00:00,645.40612793,0.7743891033998888
6200,2019-06-16 08:00:00,645.318969727,0.261700277132182
6201,2019-06-16 09:00:00,645.246948242,0.7016525135784158
6202,2019-06-16 10:00:00,645.187255859,0.6230527694717084
6203,2019-06-16 11:00:00,645.138671875,0.6696587998974878
6204,2019-06-16 12:00:00,645.097961426,0.08186928779481817
6205,2019-06-16 13:00:00,645.06463623,0.01736007559725461
6206,2019-06-16 14:00:00,645.037353516,0.991028921549322
6207,2019-06-16 15:00:00,645.008483887,0.7945354638671166
6208,2019-06-16 16:00:00,644.981994629,0.10069346745309693
6209,2019-06-16 17:00:00,644.957702637,0.855520783444996
6210,2019-06-16 18:00:00,644.928100586,0.9192113296088631
6211,2019-06-16 19:00:00,644.838623047,0.15435156599204458
6212,2019-06-16 20:00:00,644.380615234,0.36152368738993257
6213,2019-06-16 21:00:00,643.886901855,0.6767517742974388
6214,2019-06-16 22:00:00,643.343505859,0.5071527254394741
6215,2019-06-16 23:00:00,642.860168457,0.3164034948389579
6216,2019-06-17 00:00:00,642.512512207,0.3616907334308147
6217,2019-06-17 01:00:00,642.356140137,0.7970549782785934
6218,2019-06-17 02:00:00,642.105529785,0.6921402114559022
6219,2019-06-17 03:00:00,641.819152832,0.881522185243261
6220,2019-06-17 04:00:00,641.582763672,0.8670451003355951
6221,2019-06-17 05:00:00,641.385925293,0.645449390596979
6222,2019-06-17 06:00:00,641.22479248,0.2836846970313034
6223,2019-06-17 07:00:00,641.091430664,0.3214680236425742
6224,2019-06-17 08:00:00,640.981262207,0.06650054945696282
6225,2019-06-17 09:00:00,640.895507812,0.7608613969022743
6226,2019-06-17 10:00:00,640.82409668,0.6553099961756171
6227,2019-06-17 11:00:00,640.769165039,0.24164573428754965
6228,2019-06-17 12:00:00,640.724121094,0.35309504771882827
6229,2019-06-17 13:00:00,640.687683105,0.21601165200607497
6230,2019-06-17 14:00:00,640.655517578,0.566083153578626
6231,2019-06-17 15:00:00,640.622314453,0.3029591874835884
6232,2019-06-17 16:00:00,640.597473145,0.5470039188313987
6233,2019-06-17 17:00:00,640.600463867,0.9374401410178042
6234,2019-06-17 18:00:00,640.634643555,0.25793738680623146
6235,2019-06-17 19:00:00,640.602233887,0.4111815081686093
6236,2019-06-17 20:00:00,640.304138184,0.2570420615919681
6237,2019-06-17 21:00:00,640.119934082,0.2539989363406655
6238,2019-06-17 22:00:00,639.71661377,0.39488708040976706
6239,2019-06-17 23:00:00,639.380249023,0.6933074938285685
6240,2019-06-18 00:00:00,639.105773926,0.9399979039097912
6241,2019-06-18 01:00:00,638.996704102,0.35297783860531773
6242,2019-06-18 02:00:00,638.727294922,0.9812201751816422
6243,2019-06-18 03:00:00,638.636535645,0.05387092000883675
6244,2019-06-18 04:00:00,638.456848145,0.020928752582440313
6245,2019-06-18 05:00:00,638.369506836,0.9138182931887343
6246,2019-06-18 06:00:00,638.251281738,0.6692294544526244
6247,2019-06-18 07:00:00,638.151184082,0.18871774502700134
6248,2019-06-18 08:00:00,638.070495605,0.5795701108904256
6249,2019-06-18 09:00:00,638.007324219,0.21397585226184235
6250,2019-06-18 10:00:00,637.96295166,0.73398540630011
6251,2019-06-18 11:00:00,637.928527832,0.2162951663513979
6252,2019-06-18 12:00:00,637.899658203,0.9033732823925332
6253,2019-06-18 13:00:00,637.882995605,0.7997883094483356
6254,2019-06-18 14:00:00,637.868530273,0.538427156510185
6255,2019-06-18 15:00:00,637.854797363,0.639901311639792
6256,2019-06-18 16:00:00,637.86730957,0.9631658175282073
6257,2019-06-18 17:00:00,637.904052734,0.654239365229303
6258,2019-06-18 18:00:00,638.044067383,0.8439250426758418
6259,2019-06-18 19:00:00,638.766296387,0.09967599501801194
6260,2019-06-18 20:00:00,638.317260742,0.10866328010423743
6261,2019-06-18 21:00:00,637.670227051,0.3517795041279942
6262,2019-06-18 22:00:00,637.238952637,0.17055306869512177
6263,2019-06-18 23:00:00,636.730285645,0.3100995587542137
6264,2019-06-19 00:00:00,636.318725586,0.966201306010073
6265,2019-06-19 01:00:00,635.876037598,0.3092958793144118
6266,2019-06-19 02:00:00,636.670898438,0.1439174624839532
6267,2019-06-19 03:00:00,638.218139648,0.2900418112059464
6268,2019-06-19 04:00:00,637.408447266,0.33470270021887616
6269,2019-06-19 05:00:00,636.742248535,0.46960551155044217
6270,2019-06-19 06:00:00,636.200683594,0.14490351800868861
6271,2019-06-19 07:00:00,635.762512207,0.5048762026505518
6272,2019-06-19 08:00:00,635.402404785,0.7816586428156046
6273,2019-06-19 09:00:00,635.109680176,0.39772379030059846
6274,2019-06-19 10:00:00,634.875305176,0.33732909122850585
6275,2019-06-19 11:00:00,634.681152344,0.8704257306985953
6276,2019-06-19 12:00:00,634.526367188,0.8207145933761827
6277,2019-06-19 13:00:00,634.401245117,0.4798883240475019
6278,2019-06-19 14:00:00,634.312683105,0.6901852020950378
6279,2019-06-19 15:00:00,634.243103027,0.8041473888594446
6280,2019-06-19 16:00:00,634.149841309,0.22422618471432454
6281,2019-06-19 17:00:00,633.837768555,0.774095609149042
6282,2019-06-19 18:00:00,633.29486084,0.9780495883187186
6283,2019-06-19 19:00:00,632.625366211,0.08333362250595477
6284,2019-06-19 20:00:00,631.936584473,0.6727271437723422
6285,2019-06-19 21:00:00,631.1796875,0.8565821204659458
6286,2019-06-19 22:00:00,630.189208984,0.4431239481080529
6287,2019-06-19 23:00:00,629.20300293,0.015301872901783198
6288,2019-06-20 00:00:00,628.391540527,0.4716929220467808
6289,2019-06-20 01:00:00,627.402648926,0.0529932228511123
6290,2019-06-20 02:00:00,626.405883789,0.45970633290722995
6291,2019-06-20 03:00:00,625.603271484,0.7022887090061364
6292,2019-06-20 04:00:00,624.952087402,0.2631296757892607
6293,2019-06-20 05:00:00,624.41619873,0.25138559627770873
6294,2019-06-20 06:00:00,623.97467041,0.6483925979740705
6295,2019-06-20 07:00:00,623.611999512,0.47802836116753855
6296,2019-06-20 08:00:00,623.313293457,0.3574330408506028
6297,2019-06-20 09:00:00,623.066894531,0.43007349089319147
6298,2019-06-20 10:00:00,622.866394043,0.6195543421123941
6299,2019-06-20 11:00:00,622.704223633,0.6967574271278183
6300,2019-06-20 12:00:00,622.573852539,0.5974263082324242
6301,2019-06-20 13:00:00,622.463867188,0.8347896430909014
6302,2019-06-20 14:00:00,622.37713623,0.24355932507006706
6303,2019-06-20 15:00:00,622.300170898,0.20366948936627016
6304,2019-06-20 16:00:00,622.240661621,0.7816113195294571
6305,2019-06-20 17:00:00,622.183410645,0.26090262647344564
6306,2019-06-20 18:00:00,622.058837891,0.8056745078710251
6307,2019-06-20 19:00:00,621.594238281,0.3109283936751577
6308,2019-06-20 20:00:00,620.992431641,0.3180227516194253
6309,2019-06-20 21:00:00,620.115722656,0.14778328821776532
6310,2019-06-20 22:00:00,619.24230957,0.07934008765686162
6311,2019-06-20 23:00:00,618.160949707,0.2925368909574869
6312,2019-06-21 00:00:00,617.322570801,0.8373179348564458
6313,2019-06-21 01:00:00,616.315368652,0.21263470381759153
6314,2019-06-21 02:00:00,615.53326416,0.14216203752969114
6315,2019-06-21 03:00:00,614.895141602,0.2436612463925072
6316,2019-06-21 04:00:00,614.369995117,0.3233026792300552
6317,2019-06-21 05:00:00,613.936767578,0.03940982897399847
6318,2019-06-21 06:00:00,613.582824707,0.14674534645018023
6319,2019-06-21 07:00:00,613.289978027,0.6495460773968568
6320,2019-06-21 08:00:00,613.048400879,0.7263616797130882
6321,2019-06-21 09:00:00,612.850708008,0.8665881184533245
6322,2019-06-21 10:00:00,612.687561035,0.3796711733135789
6323,2019-06-21 11:00:00,612.555908203,0.008573151031452952
6324,2019-06-21 12:00:00,612.44732666,0.7715432066387278
6325,2019-06-21 13:00:00,612.357055664,0.9922979314937463
6326,2019-06-21 14:00:00,612.285400391,0.01020141924913609
6327,2019-06-21 15:00:00,612.221374512,0.34913142215106197
6328,2019-06-21 16:00:00,612.16619873,0.2608048477166274
6329,2019-06-21 17:00:00,612.048583984,0.4223684357228418
6330,2019-06-21 18:00:00,611.754211426,0.8166057501649828
6331,2019-06-21 19:00:00,611.398071289,0.31329195669996734
6332,2019-06-21 20:00:00,610.849304199,0.47150065766793314
6333,2019-06-21 21:00:00,610.20904541,0.5492943028733236
6334,2019-06-21 22:00:00,609.562744141,0.9155510833784507
6335,2019-06-21 23:00:00,609.036987305,0.03748417318550279
6336,2019-06-22 00:00:00,608.602661133,0.5931931734627951
6337,2019-06-22 01:00:00,608.240539551,0.29228520874614494
6338,2019-06-22 02:00:00,607.942932129,0.4333453644059456
6339,2019-06-22 03:00:00,607.576599121,0.37361141969929323
6340,2019-06-22 04:00:00,607.299438477,0.5804122638444738
6341,2019-06-22 05:00:00,606.991516113,0.37009223335440666
6342,2019-06-22 06:00:00,606.756958008,0.19649040987035793
6343,2019-06-22 07:00:00,606.57208252,0.48568288348192434
6344,2019-06-22 08:00:00,606.419799805,0.7812919197034884
6345,2019-06-22 09:00:00,606.296386719,0.3932342187138014
6346,2019-06-22 10:00:00,606.194885254,0.9423492667411069
6347,2019-06-22 11:00:00,606.107299805,0.6831558583750067
6348,2019-06-22 12:00:00,606.029907227,0.1950917705188061
6349,2019-06-22 13:00:00,605.969177246,0.6586777418361447
6350,2019-06-22 14:00:00,605.919555664,0.2857906744042179
6351,2019-06-22 15:00:00,605.872741699,0.8274062145238317
6352,2019-06-22 16:00:00,605.800842285,0.5682540077732497
6353,2019-06-22 17:00:00,605.691894531,0.6848348999325652
6354,2019-06-22 18:00:00,605.399291992,0.7976952270071812
6355,2019-06-22 19:00:00,604.842895508,0.018545068217321936
6356,2019-06-22 20:00:00,604.238220215,0.19888588032993382
6357,2019-06-22 21:00:00,603.553955078,0.7893636059344107
6358,2019-06-22 22:00:00,603.060668945,0.3118597346861276
6359,2019-06-22 23:00:00,602.79864502,0.5160438834777811
6360,2019-06-23 00:00:00,602.570251465,0.11304703834513485
6361,2019-06-23 01:00:00,602.217712402,0.5557125200242194
6362,2019-06-23 02:00:00,601.973083496,0.16636822535149787
6363,2019-06-23 03:00:00,601.743347168,0.05829333161298067
6364,2019-06-23 04:00:00,601.550170898,0.3551396705039328
6365,2019-06-23 05:00:00,601.394592285,0.07914298181428492
6366,2019-06-23 06:00:00,601.276123047,0.3075245759647598
6367,2019-06-23 07:00:00,601.165649414,0.8522533627216998
6368,2019-06-23 08:00:00,601.090026855,0.9707715483680162
6369,2019-06-23 09:00:00,601.034118652,0.8602057348410941
6370,2019-06-23 10:00:00,600.987365723,0.4031701388878497
6371,2019-06-23 11:00:00,601.006896973,0.2643230259075584
6372,2019-06-23 12:00:00,600.988342285,0.6700504323710127
6373,2019-06-23 13:00:00,600.98248291,0.12407209880570147
6374,2019-06-23 14:00:00,600.990661621,0.7289172726316974
6375,2019-06-23 15:00:00,600.988769531,0.9192718131578252
6376,2019-06-23 16:00:00,600.999572754,0.5874626735347466
6377,2019-06-23 17:00:00,601.006469727,0.8080082402781601
6378,2019-06-23 18:00:00,601.016601562,0.2951474678889652
6379,2019-06-23 19:00:00,601.022338867,0.7923680972088223
6380,2019-06-23 20:00:00,601.475463867,0.10837239521490971
6381,2019-06-23 21:00:00,602.030639648,0.18747909691036413
6382,2019-06-23 22:00:00,602.448547363,0.7584462094188684
6383,2019-06-23 23:00:00,602.18927002,0.7457525236641025
6384,2019-06-24 00:00:00,601.97088623,0.488374031075015
6385,2019-06-24 01:00:00,601.792480469,0.4540661082754719
6386,2019-06-24 02:00:00,601.650024414,0.31503686253333085
6387,2019-06-24 03:00:00,601.53527832,0.5133508347608522
6388,2019-06-24 04:00:00,601.442749023,0.898745131486146
6389,2019-06-24 05:00:00,601.36114502,0.7229397602494413
6390,2019-06-24 06:00:00,601.29510498,0.5546290491074977
6391,2019-06-24 07:00:00,601.24822998,0.6994759318940938
6392,2019-06-24 08:00:00,601.225830078,0.14672951109919807
6393,2019-06-24 09:00:00,601.213928223,0.42789216840078426
6394,2019-06-24 10:00:00,601.207946777,0.3720345122890829
6395,2019-06-24 11:00:00,601.196838379,0.4900046614825454
6396,2019-06-24 12:00:00,601.192749023,0.8482865240259699
6397,2019-06-24 13:00:00,601.196655273,0.5905926967322604
6398,2019-06-24 14:00:00,601.200195312,0.2867474012774738
6399,2019-06-24 15:00:00,601.21081543,0.5462212324548612
6400,2019-06-24 16:00:00,601.216247559,0.0751570248734511
6401,2019-06-24 17:00:00,601.227783203,0.8314180339652762
6402,2019-06-24 18:00:00,601.237121582,0.37340062210479563
6403,2019-06-24 19:00:00,601.237670898,0.09381239885281856
6404,2019-06-24 20:00:00,601.272705078,0.41884595976167527
6405,2019-06-24 21:00:00,601.184265137,0.2093167344332696
6406,2019-06-24 22:00:00,601.033813477,0.8316969080458022
6407,2019-06-24 23:00:00,600.776916504,0.5079353350919584
6408,2019-06-25 00:00:00,600.565551758,0.2060720581467388
6409,2019-06-25 01:00:00,600.389892578,0.4895872007883767
6410,2019-06-25 02:00:00,600.246826172,0.018094112564329357
6411,2019-06-25 03:00:00,600.131225586,0.025216922295348332
6412,2019-06-25 04:00:00,600.037353516,0.6265110474205354
6413,2019-06-25 05:00:00,599.960754395,0.8823512690981572
6414,2019-06-25 06:00:00,599.898010254,0.37060166136148665
6415,2019-06-25 07:00:00,599.846496582,0.5115336850565866
6416,2019-06-25 08:00:00,599.805114746,0.3208952297111004
6417,2019-06-25 09:00:00,599.772277832,0.9142856625211849
6418,2019-06-25 10:00:00,599.744567871,0.008452499351418008
6419,2019-06-25 11:00:00,599.718811035,0.610734122096402
6420,2019-06-25 12:00:00,599.699645996,0.7835528181479109
6421,2019-06-25 13:00:00,599.692138672,0.8536613908999993
6422,2019-06-25 14:00:00,599.680114746,0.2970124500562905
6423,2019-06-25 15:00:00,599.666931152,0.7499496255244166
6424,2019-06-25 16:00:00,599.661376953,0.7437390601447605
6425,2019-06-25 17:00:00,599.679870605,0.9138912102622336
6426,2019-06-25 18:00:00,599.712341309,0.8166924493312206
6427,2019-06-25 19:00:00,599.731384277,0.9375813194271371
6428,2019-06-25 20:00:00,599.656799316,0.12276039983267006
6429,2019-06-25 21:00:00,599.467102051,0.41414916118321365
6430,2019-06-25 22:00:00,599.227661133,0.5075042369006367
6431,2019-06-25 23:00:00,599.021850586,0.40396025072737085
6432,2019-06-26 00:00:00,598.848144531,0.2561967517836964
6433,2019-06-26 01:00:00,598.71887207,0.8939873481753428
6434,2019-06-26 02:00:00,598.603210449,0.020901503100853258
6435,2019-06-26 03:00:00,598.508361816,0.7625992160731528
6436,2019-06-26 04:00:00,598.428100586,0.04264815031014546
6437,2019-06-26 05:00:00,598.360595703,0.4311533966342943
6438,2019-06-26 06:00:00,598.302246094,0.36403637038553716
6439,2019-06-26 07:00:00,598.252868652,0.2291125573103735
6440,2019-06-26 08:00:00,598.211853027,0.9471741701541022
6441,2019-06-26 09:00:00,598.176269531,0.5221024849611505
6442,2019-06-26 10:00:00,598.147216797,0.7704965409271256
6443,2019-06-26 11:00:00,598.123718262,0.27578843843580303
6444,2019-06-26 12:00:00,598.103820801,0.07102237190638339
6445,2019-06-26 13:00:00,598.08795166,0.849314854754939
6446,2019-06-26 14:00:00,598.076293945,0.12156443010333906
6447,2019-06-26 15:00:00,598.061035156,0.6780575295981865
6448,2019-06-26 16:00:00,598.042297363,0.2511290984200425
6449,2019-06-26 17:00:00,598.006958008,0.5767806002749509
6450,2019-06-26 18:00:00,597.924499512,0.29829384837547523
6451,2019-06-26 19:00:00,597.642211914,0.02649584867023702
6452,2019-06-26 20:00:00,597.153442383,0.38937303596767936
6453,2019-06-26 21:00:00,596.437438965,0.7935665447306623
6454,2019-06-26 22:00:00,595.560913086,0.42489944803054447
6455,2019-06-26 23:00:00,594.83190918,0.49475404775932685
6456,2019-06-27 00:00:00,593.94329834,0.939526575976157
6457,2019-06-27 01:00:00,593.249694824,0.129487484755488
6458,2019-06-27 02:00:00,592.680847168,0.7154076645491558
6459,2019-06-27 03:00:00,592.215759277,0.7042850849989033
6460,2019-06-27 04:00:00,591.832519531,0.9005138369243642
6461,2019-06-27 05:00:00,591.515136719,0.5642848640743563
6462,2019-06-27 06:00:00,591.227844238,0.6217047296888532
6463,2019-06-27 07:00:00,590.977783203,0.9546770326042445
6464,2019-06-27 08:00:00,590.75793457,0.7910134009621005
6465,2019-06-27 09:00:00,590.483764648,0.8469510594229588
6466,2019-06-27 10:00:00,590.151428223,0.705960668720948
6467,2019-06-27 11:00:00,589.843017578,0.3383846522894618
6468,2019-06-27 12:00:00,589.549865723,0.11881159319972423
6469,2019-06-27 13:00:00,589.313415527,0.6483349238484105
6470,2019-06-27 14:00:00,589.119689941,0.17621206932351374
6471,2019-06-27 15:00:00,588.930175781,0.3466121403416892
6472,2019-06-27 16:00:00,588.68951416,0.9831607837337997
6473,2019-06-27 17:00:00,588.198608398,0.9221228997574615
6474,2019-06-27 18:00:00,587.332580566,0.20834908209273229
6475,2019-06-27 19:00:00,586.047485352,0.4459372649000992
6476,2019-06-27 20:00:00,584.456237793,0.0755751020522869
6477,2019-06-27 21:00:00,582.327636719,0.21237324940025115
6478,2019-06-27 22:00:00,580.468322754,0.5723371966472699
6479,2019-06-27 23:00:00,578.858154297,0.6071968217921092
6480,2019-06-28 00:00:00,577.491088867,0.8842163879526039
6481,2019-06-28 01:00:00,576.369873047,0.13208018828005508
6482,2019-06-28 02:00:00,575.450012207,0.9676551528423998
6483,2019-06-28 03:00:00,574.686279297,0.9271615084453859
6484,2019-06-28 04:00:00,574.056213379,0.6413231617006726
6485,2019-06-28 05:00:00,573.540039062,0.13773129357289204
6486,2019-06-28 06:00:00,573.106689453,0.2028426713834136
6487,2019-06-28 07:00:00,572.706054688,0.14628802211391245
6488,2019-06-28 08:00:00,572.272155762,0.33004934214576664
6489,2019-06-28 09:00:00,571.924377441,0.9127370568281074
6490,2019-06-28 10:00:00,571.634643555,0.10331253989850309
6491,2019-06-28 11:00:00,571.34197998,0.8618214753467517
6492,2019-06-28 12:00:00,571.016967773,0.14834212979905714
6493,2019-06-28 13:00:00,570.711975098,0.13403421445860642
6494,2019-06-28 14:00:00,570.293945312,0.40768061838640823
6495,2019-06-28 15:00:00,569.665710449,0.029307122181859713
6496,2019-06-28 16:00:00,569.043029785,0.7909123024397172
6497,2019-06-28 17:00:00,568.40838623,0.13738305162733466
6498,2019-06-28 18:00:00,567.533813477,0.9112424161473401
6499,2019-06-28 19:00:00,566.566711426,0.40974137175245906
6500,2019-06-28 20:00:00,565.555541992,0.41075565895385524
6501,2019-06-28 21:00:00,564.534057617,0.30794537354791696
6502,2019-06-28 22:00:00,563.574829102,0.4893777302325414
6503,2019-06-28 23:00:00,562.72869873,0.013345950946923146
6504,2019-06-29 00:00:00,562.146850586,0.9203158924184706
6505,2019-06-29 01:00:00,561.581848145,0.6818388795704019
6506,2019-06-29 02:00:00,561.023620605,0.2795726049046596
6507,2019-06-29 03:00:00,560.813476562,0.46407991414832184
6508,2019-06-29 04:00:00,560.308654785,0.2389689881225462
6509,2019-06-29 05:00:00,559.896240234,0.23966915213980955
6510,2019-06-29 06:00:00,559.560974121,0.39420577916539157
6511,2019-06-29 07:00:00,559.477722168,0.6700563652716552
6512,2019-06-29 08:00:00,559.232116699,0.8870560780578638
6513,2019-06-29 09:00:00,559.065917969,0.7097409789821773
6514,2019-06-29 10:00:00,558.902404785,0.6613407458934962
6515,2019-06-29 11:00:00,558.774353027,0.639610684165653
6516,2019-06-29 12:00:00,558.666564941,0.8852426975323374
6517,2019-06-29 13:00:00,558.575622559,0.4457238240858209
6518,2019-06-29 14:00:00,558.501159668,0.7450863832020854
6519,2019-06-29 15:00:00,558.43536377,0.39689267998784783
6520,2019-06-29 16:00:00,558.393981934,0.08073000034478861
6521,2019-06-29 17:00:00,558.301147461,0.12914553475355472
6522,2019-06-29 18:00:00,558.073974609,0.18062024650516306
6523,2019-06-29 19:00:00,557.690185547,0.2719414160804836
6524,2019-06-29 20:00:00,557.097229004,0.7309942721451557
6525,2019-06-29 21:00:00,556.522155762,0.0670391301256752
6526,2019-06-29 22:00:00,555.947631836,0.28410631756190485
6527,2019-06-29 23:00:00,555.410888672,0.5778553488351894
6528,2019-06-30 00:00:00,554.971679688,0.6568481778302657
6529,2019-06-30 01:00:00,554.611450195,0.9388278353823747
6530,2019-06-30 02:00:00,554.317321777,0.6506338716823182
6531,2019-06-30 03:00:00,554.075317383,0.39795296479471554
6532,2019-06-30 04:00:00,553.876464844,0.6535617122832265
6533,2019-06-30 05:00:00,553.711181641,0.3117670470867008
6534,2019-06-30 06:00:00,553.578491211,0.0715297669791779
6535,2019-06-30 07:00:00,553.468200684,0.8054666947600727
6536,2019-06-30 08:00:00,553.379089355,0.45912363367387576
6537,2019-06-30 09:00:00,553.306213379,0.04750112262916151
6538,2019-06-30 10:00:00,553.241882324,0.5996996388202768
6539,2019-06-30 11:00:00,553.189147949,0.4159649452982833
6540,2019-06-30 12:00:00,553.145751953,0.12185875159632165
6541,2019-06-30 13:00:00,553.112243652,0.3629641425277348
6542,2019-06-30 14:00:00,553.087768555,0.46319837763768157
6543,2019-06-30 15:00:00,553.059692383,0.8646213593768277
6544,2019-06-30 16:00:00,553.040771484,0.9664022231030704
6545,2019-06-30 17:00:00,553.033813477,0.3701791062091231
6546,2019-06-30 18:00:00,552.831970215,0.3901623030786575
6547,2019-06-30 19:00:00,552.422241211,0.0609997177672178
6548,2019-06-30 20:00:00,551.883239746,0.5765706899545454
6549,2019-06-30 21:00:00,551.2421875,0.9533119609262021
6550,2019-06-30 22:00:00,550.573974609,0.8372057112298753
6551,2019-06-30 23:00:00,549.950134277,0.03344469790303939
6552,2019-07-01 00:00:00,549.415893555,0.5300660549854485
6553,2019-07-01 01:00:00,548.987731934,0.24441752998650634
6554,2019-07-01 02:00:00,548.507080078,0.06747593659610795
6555,2019-07-01 03:00:00,548.121826172,0.46992285004320433
6556,2019-07-01 04:00:00,547.804931641,0.4700110397217242
6557,2019-07-01 05:00:00,547.541931152,0.6170556910323727
6558,2019-07-01 06:00:00,547.327514648,0.8402482565252961
6559,2019-07-01 07:00:00,547.151306152,0.5514579919230512
6560,2019-07-01 08:00:00,547.006225586,0.7132752540798413
6561,2019-07-01 09:00:00,546.887329102,0.20380791612485172
6562,2019-07-01 10:00:00,546.79095459,0.5950495269306543
6563,2019-07-01 11:00:00,546.712097168,0.7589141230038365
6564,2019-07-01 12:00:00,546.650512695,0.7893062162615748
6565,2019-07-01 13:00:00,546.602294922,0.8528776973388431
6566,2019-07-01 14:00:00,546.564453125,0.2613635868443005
6567,2019-07-01 15:00:00,546.535522461,0.586502501450289
6568,2019-07-01 16:00:00,546.517578125,0.6403394239939881
6569,2019-07-01 17:00:00,546.504150391,0.44607424073665203
6570,2019-07-01 18:00:00,546.341369629,0.3468647356582564
6571,2019-07-01 19:00:00,546.061523438,0.2803025733071667
6572,2019-07-01 20:00:00,545.690795898,0.27071974357600914
6573,2019-07-01 21:00:00,545.245849609,0.4553732292205471
6574,2019-07-01 22:00:00,544.194641113,0.11089527609299799
6575,2019-07-01 23:00:00,543.278625488,0.5454290949072588
6576,2019-07-02 00:00:00,542.338012695,0.8720765779058066
6577,2019-07-02 01:00:00,541.555236816,0.062306139201076305
6578,2019-07-02 02:00:00,540.905761719,0.36377872863010796
6579,2019-07-02 03:00:00,540.378234863,0.07673623677367436
6580,2019-07-02 04:00:00,539.943054199,0.15341444660338988
6581,2019-07-02 05:00:00,539.583862305,0.15802586605454028
6582,2019-07-02 06:00:00,539.285400391,0.7238158806941524
6583,2019-07-02 07:00:00,539.042602539,0.6310148159909837
6584,2019-07-02 08:00:00,538.840332031,0.921058482589848
6585,2019-07-02 09:00:00,538.680603027,0.5916338702857243
6586,2019-07-02 10:00:00,538.547790527,0.9272644880000566
6587,2019-07-02 11:00:00,538.447570801,0.33628143605850913
6588,2019-07-02 12:00:00,538.36328125,0.6443877151285824
6589,2019-07-02 13:00:00,538.298217773,0.5952808269929668
6590,2019-07-02 14:00:00,538.24395752,0.006854257891428572
6591,2019-07-02 15:00:00,538.198303223,0.4380231152547769
6592,2019-07-02 16:00:00,538.145935059,0.42317054184295577
6593,2019-07-02 17:00:00,538.005126953,0.3270232428944816
6594,2019-07-02 18:00:00,537.757507324,0.22789889574482713
6595,2019-07-02 19:00:00,537.354064941,0.5001602324554983
6596,2019-07-02 20:00:00,536.809753418,0.8852756149712375
6597,2019-07-02 21:00:00,536.382080078,0.6210930141443551
6598,2019-07-02 22:00:00,535.841247559,0.7909196139026738
6599,2019-07-02 23:00:00,535.34173584,0.3145552218538541
6600,2019-07-03 00:00:00,534.895874023,0.46818665425667283
6601,2019-07-03 01:00:00,534.51953125,0.469801091752881
6602,2019-07-03 02:00:00,534.209716797,0.2901078245539397
6603,2019-07-03 03:00:00,533.949951172,0.18797752281408542
6604,2019-07-03 04:00:00,533.734741211,0.3510243169058579
6605,2019-07-03 05:00:00,533.553771973,0.38982489468452763
6606,2019-07-03 06:00:00,533.401916504,0.8461438121604126
6607,2019-07-03 07:00:00,533.275390625,0.4128991274124183
6608,2019-07-03 08:00:00,533.170288086,0.9032684607990152
6609,2019-07-03 09:00:00,533.085876465,0.49182004775608634
6610,2019-07-03 10:00:00,533.016601562,0.1420068220954369
6611,2019-07-03 11:00:00,532.960510254,0.853757732555604
6612,2019-07-03 12:00:00,532.91418457,0.008094522761766698
6613,2019-07-03 13:00:00,532.881225586,0.7514822100592359
6614,2019-07-03 14:00:00,532.855529785,0.301821141392391
6615,2019-07-03 15:00:00,532.828491211,0.013708393040424816
6616,2019-07-03 16:00:00,532.803466797,0.9910608543574931
6617,2019-07-03 17:00:00,532.787536621,0.34681086096538993
6618,2019-07-03 18:00:00,532.773681641,0.43918120418812134
6619,2019-07-03 19:00:00,532.651428223,0.6987944721203989
6620,2019-07-03 20:00:00,532.201843262,0.6484406697531739
6621,2019-07-03 21:00:00,531.629516602,0.2389444276885757
6622,2019-07-03 22:00:00,530.969665527,0.9253132920892102
6623,2019-07-03 23:00:00,530.382080078,0.1020327769813919
6624,2019-07-04 00:00:00,529.868652344,0.7347388392018734
6625,2019-07-04 01:00:00,529.453491211,0.9699091402091388
6626,2019-07-04 02:00:00,529.112365723,0.24747055487435055
6627,2019-07-04 03:00:00,528.835388184,0.9646923152191083
6628,2019-07-04 04:00:00,528.604736328,0.12781606618677044
6629,2019-07-04 05:00:00,528.413208008,0.21373947286614692
6630,2019-07-04 06:00:00,528.252380371,0.8219265460895553
6631,2019-07-04 07:00:00,528.117553711,0.9315603153100178
6632,2019-07-04 08:00:00,528.007751465,0.3453303895247649
6633,2019-07-04 09:00:00,527.918212891,0.00236006978664427
6634,2019-07-04 10:00:00,527.845031738,0.5100821661679621
6635,2019-07-04 11:00:00,527.784301758,0.05894907300719676
6636,2019-07-04 12:00:00,527.733825684,0.648401414177664
6637,2019-07-04 13:00:00,527.69140625,0.08712487866335705
6638,2019-07-04 14:00:00,527.659606934,0.7639820239634837
6639,2019-07-04 15:00:00,527.626586914,0.05838882717917426
6640,2019-07-04 16:00:00,527.596618652,0.04336055090106461
6641,2019-07-04 17:00:00,527.571411133,0.28809239794317976
6642,2019-07-04 18:00:00,527.536132812,0.4401241402188314
6643,2019-07-04 19:00:00,527.488830566,0.1563398873941173
6644,2019-07-04 20:00:00,527.236450195,0.8820855194603258
6645,2019-07-04 21:00:00,526.739501953,0.3487678424763765
6646,2019-07-04 22:00:00,526.274047852,0.6874503588232558
6647,2019-07-04 23:00:00,525.827575684,0.4022837744982327
6648,2019-07-05 00:00:00,525.468811035,0.291883454634037
6649,2019-07-05 01:00:00,525.163391113,0.2327503938222878
6650,2019-07-05 02:00:00,524.9140625,0.9124999674595838
6651,2019-07-05 03:00:00,524.71875,0.7549458192251115
6652,2019-07-05 04:00:00,524.556884766,0.5672728479417642
6653,2019-07-05 05:00:00,524.422729492,0.03613361003848703
6654,2019-07-05 06:00:00,524.309143066,0.1609481203640516
6655,2019-07-05 07:00:00,524.213562012,0.40220162667956316
6656,2019-07-05 08:00:00,524.13482666,0.3105120400273701
6657,2019-07-05 09:00:00,524.068847656,0.8341267721773068
6658,2019-07-05 10:00:00,524.014587402,0.2799804740448748
6659,2019-07-05 11:00:00,523.969116211,0.7426908834101364
6660,2019-07-05 12:00:00,523.933349609,0.22527158095022404
6661,2019-07-05 13:00:00,523.903015137,0.18959400445631513
6662,2019-07-05 14:00:00,523.879882812,0.6020959794121641
6663,2019-07-05 15:00:00,523.854431152,0.05241996940950888
6664,2019-07-05 16:00:00,523.830871582,0.43689830556453557
6665,2019-07-05 17:00:00,523.804321289,0.3469579460467799
6666,2019-07-05 18:00:00,523.773925781,0.3825707666160195
6667,2019-07-05 19:00:00,523.713256836,0.6568045436657319
6668,2019-07-05 20:00:00,523.515319824,0.40051172466908935
6669,2019-07-05 21:00:00,522.969360352,0.16273383832789046
6670,2019-07-05 22:00:00,522.38079834,0.8857338604082976
6671,2019-07-05 23:00:00,521.87890625,0.4743307012824387
6672,2019-07-06 00:00:00,521.402587891,0.9727904652028566
6673,2019-07-06 01:00:00,521.012695312,0.02356035802495826
6674,2019-07-06 02:00:00,520.70098877,0.3216744139219597
6675,2019-07-06 03:00:00,520.446105957,0.6237914584691859
6676,2019-07-06 04:00:00,520.235778809,0.6429634975860272
6677,2019-07-06 05:00:00,520.063598633,0.4255569277992911
6678,2019-07-06 06:00:00,519.921813965,0.8690645166017918
6679,2019-07-06 07:00:00,519.802978516,0.3649414454803269
6680,2019-07-06 08:00:00,519.702880859,0.5787608818319302
6681,2019-07-06 09:00:00,519.617919922,0.7778440243848765
6682,2019-07-06 10:00:00,519.549499512,0.4480541798179226
6683,2019-07-06 11:00:00,519.49609375,0.44135070314448144
6684,2019-07-06 12:00:00,519.448913574,0.7250091928172155
6685,2019-07-06 13:00:00,519.405822754,0.9551928080401287
6686,2019-07-06 14:00:00,519.368713379,0.7367132931367131
6687,2019-07-06 15:00:00,519.325805664,0.6820692539361003
6688,2019-07-06 16:00:00,519.295410156,0.9826508059255208
6689,2019-07-06 17:00:00,519.234375,0.06898817350669684
6690,2019-07-06 18:00:00,518.858886719,0.6279961614617512
6691,2019-07-06 19:00:00,518.411254883,0.6233898772659271
6692,2019-07-06 20:00:00,517.89855957,0.3817400340223741
6693,2019-07-06 21:00:00,517.284179688,0.31868860228845264
6694,2019-07-06 22:00:00,516.651611328,0.8778761944413755
6695,2019-07-06 23:00:00,516.041320801,0.7020587808582088
6696,2019-07-07 00:00:00,515.520080566,0.17213527913393567
6697,2019-07-07 01:00:00,515.046691895,0.1415082198664066
6698,2019-07-07 02:00:00,514.66217041,0.9297503899771599
6699,2019-07-07 03:00:00,514.345947266,0.9924383030313434
6700,2019-07-07 04:00:00,514.083740234,0.08039002190400413
6701,2019-07-07 05:00:00,513.868103027,0.1583595520875556
6702,2019-07-07 06:00:00,513.690917969,0.5170638124714
6703,2019-07-07 07:00:00,513.550720215,0.4832618446949434
6704,2019-07-07 08:00:00,513.434570312,0.47282055263045863
6705,2019-07-07 09:00:00,513.33795166,0.39295157705884376
6706,2019-07-07 10:00:00,513.259277344,0.06463717077690745
6707,2019-07-07 11:00:00,513.192993164,0.8966926748039704
6708,2019-07-07 12:00:00,513.137145996,0.23656788765774628
6709,2019-07-07 13:00:00,513.093444824,0.3113733579916862
6710,2019-07-07 14:00:00,513.059814453,0.6465828966327976
6711,2019-07-07 15:00:00,513.024719238,0.2650056001551302
6712,2019-07-07 16:00:00,512.993225098,0.6184671358493635
6713,2019-07-07 17:00:00,512.965209961,0.2203403938110603
6714,2019-07-07 18:00:00,512.938659668,0.6139233106641583
6715,2019-07-07 19:00:00,512.788269043,0.4939040104343938
6716,2019-07-07 20:00:00,512.535095215,0.4001827029098889
6717,2019-07-07 21:00:00,512.170959473,0.7807937308991746
6718,2019-07-07 22:00:00,511.756347656,0.3989431291590466
6719,2019-07-07 23:00:00,511.376678467,0.966608305701079
6720,2019-07-08 00:00:00,511.066925049,0.2664796052121444
6721,2019-07-08 01:00:00,510.812835693,0.004255387516422404
6722,2019-07-08 02:00:00,510.60345459,0.5613607530959154
6723,2019-07-08 03:00:00,510.431549072,0.09306212371762035
6724,2019-07-08 04:00:00,510.291473389,0.03683569335195791
6725,2019-07-08 05:00:00,510.17590332,0.40533465985083605
6726,2019-07-08 06:00:00,510.078552246,0.3904682063231907
6727,2019-07-08 07:00:00,510.009246826,0.3049506717466963
6728,2019-07-08 08:00:00,509.946990967,0.7289622267810734
6729,2019-07-08 09:00:00,509.895629883,0.6807872232451063
6730,2019-07-08 10:00:00,509.851409912,0.7563394408347822
6731,2019-07-08 11:00:00,509.814117432,0.9819883564094218
6732,2019-07-08 12:00:00,509.782989502,0.055427463372169306
6733,2019-07-08 13:00:00,509.883239746,0.06763662478751409
6734,2019-07-08 14:00:00,509.86239624,0.5229599469513107
6735,2019-07-08 15:00:00,509.839935303,0.9568071910084425
6736,2019-07-08 16:00:00,509.821807861,0.7420954076542796
6737,2019-07-08 17:00:00,509.761352539,0.23131277759373503
6738,2019-07-08 18:00:00,509.548065186,0.2698831134551193
6739,2019-07-08 19:00:00,509.230712891,0.7473237393183277
6740,2019-07-08 20:00:00,508.796783447,0.9323882062122401
6741,2019-07-08 21:00:00,508.267425537,0.659355244773266
6742,2019-07-08 22:00:00,507.545715332,0.4331743699981211
6743,2019-07-08 23:00:00,506.828674316,0.7375853361649215
6744,2019-07-09 00:00:00,506.246704102,0.5392285467957924
6745,2019-07-09 01:00:00,505.762115479,0.6369102515804705
6746,2019-07-09 02:00:00,505.363708496,0.14837652988136985
6747,2019-07-09 03:00:00,505.041992188,0.09603588275770203
6748,2019-07-09 04:00:00,504.7762146,0.9485191186143667
6749,2019-07-09 05:00:00,504.556549072,0.4240479328369319
6750,2019-07-09 06:00:00,504.375732422,0.45893699494120455
6751,2019-07-09 07:00:00,504.227844238,0.1939130106730904
6752,2019-07-09 08:00:00,504.105102539,0.040275409178281874
6753,2019-07-09 09:00:00,504.003631592,0.632824236679345
6754,2019-07-09 10:00:00,503.921661377,0.6366243966664593
6755,2019-07-09 11:00:00,503.858306885,0.2526828691791032
6756,2019-07-09 12:00:00,503.808197021,0.1782126873196449
6757,2019-07-09 13:00:00,503.766693115,0.8126315468833519
6758,2019-07-09 14:00:00,503.735534668,0.7353307709897422
6759,2019-07-09 15:00:00,503.703430176,0.617891240039421
6760,2019-07-09 16:00:00,503.676422119,0.7718011845017705
6761,2019-07-09 17:00:00,503.661560059,0.9771690830933802
6762,2019-07-09 18:00:00,503.656097412,0.5019975448417678
6763,2019-07-09 19:00:00,503.652954102,0.3051930336190476
6764,2019-07-09 20:00:00,503.587280273,0.2962599371642377
6765,2019-07-09 21:00:00,503.407775879,0.4747684626769332
6766,2019-07-09 22:00:00,503.163421631,0.2516538368961674
6767,2019-07-09 23:00:00,502.936340332,0.6989248617202786
6768,2019-07-10 00:00:00,502.750305176,0.6925474011322953
6769,2019-07-10 01:00:00,502.6015625,0.2669492577855851
6770,2019-07-10 02:00:00,502.479980469,0.9643412413656981
6771,2019-07-10 03:00:00,502.377349854,0.45016139999927973
6772,2019-07-10 04:00:00,502.292114258,0.6910089285499988
6773,2019-07-10 05:00:00,502.222076416,0.3463633176920845
6774,2019-07-10 06:00:00,502.156738281,0.438780358919573
6775,2019-07-10 07:00:00,502.103820801,0.22655072399791054
6776,2019-07-10 08:00:00,502.058105469,0.2982595317691532
6777,2019-07-10 09:00:00,502.020446777,0.1464073908516641
6778,2019-07-10 10:00:00,501.991607666,0.7659337179857937
6779,2019-07-10 11:00:00,501.970825195,0.010514505785283013
6780,2019-07-10 12:00:00,501.953918457,0.8546314908539814
6781,2019-07-10 13:00:00,501.940032959,0.678625236503418
6782,2019-07-10 14:00:00,501.932312012,0.586207057034836
6783,2019-07-10 15:00:00,501.918487549,0.7804402786263631
6784,2019-07-10 16:00:00,501.904663086,0.4224247462374787
6785,2019-07-10 17:00:00,501.89151001,0.9999681284463176
6786,2019-07-10 18:00:00,501.873718262,0.6919373178381898
6787,2019-07-10 19:00:00,501.807312012,0.9916030823681585
6788,2019-07-10 20:00:00,501.611236572,0.3368629545109444
6789,2019-07-10 21:00:00,501.309020996,0.19356021025204095
6790,2019-07-10 22:00:00,500.960540771,0.7300362900175326
6791,2019-07-10 23:00:00,500.609283447,0.9764390516860997
6792,2019-07-11 00:00:00,500.302642822,0.7040064581715868
6793,2019-07-11 01:00:00,500.033294678,0.46989222546070075
6794,2019-07-11 02:00:00,499.811645508,0.9604714793531061
6795,2019-07-11 03:00:00,499.626708984,0.7193942180533061
6796,2019-07-11 04:00:00,499.472259521,0.02947768975175369
6797,2019-07-11 05:00:00,499.34362793,0.1631862885122951
6798,2019-07-11 06:00:00,499.238250732,0.7781266617768204
6799,2019-07-11 07:00:00,499.158203125,0.13643805506320927
6800,2019-07-11 08:00:00,499.089813232,0.5811671219117066
6801,2019-07-11 09:00:00,499.030731201,0.5806720396876044
6802,2019-07-11 10:00:00,498.983825684,0.10846137909904785
6803,2019-07-11 11:00:00,498.943481445,0.06529935640519646
6804,2019-07-11 12:00:00,498.912689209,0.6654475344838257
6805,2019-07-11 13:00:00,498.884765625,0.5467611967772834
6806,2019-07-11 14:00:00,498.863494873,0.8283893085873898
6807,2019-07-11 15:00:00,498.837646484,0.7830808248841363
6808,2019-07-11 16:00:00,498.814971924,0.6462309408067827
6809,2019-07-11 17:00:00,498.70489502,0.5308090457852275
6810,2019-07-11 18:00:00,498.461181641,0.47707730707486107
6811,2019-07-11 19:00:00,498.104827881,0.8638969830148625
6812,2019-07-11 20:00:00,497.54397583,0.01856781904404392
6813,2019-07-11 21:00:00,496.937011719,0.8956556207189857
6814,2019-07-11 22:00:00,496.252075195,0.0037744225193836467
6815,2019-07-11 23:00:00,495.571075439,0.5819040827552275
6816,2019-07-12 00:00:00,495.00491333,0.6735225639396464
6817,2019-07-12 01:00:00,494.546142578,0.9594135683223383
6818,2019-07-12 02:00:00,494.166503906,0.2782604398173817
6819,2019-07-12 03:00:00,493.856323242,0.9146668433029624
6820,2019-07-12 04:00:00,493.597320557,0.49748873890654943
6821,2019-07-12 05:00:00,493.381378174,0.020212544308264024
6822,2019-07-12 06:00:00,493.201385498,0.10925891202971794
6823,2019-07-12 07:00:00,493.055664062,0.29126965391106463
6824,2019-07-12 08:00:00,492.931365967,0.31068828488313116
6825,2019-07-12 09:00:00,492.829040527,0.1757717040008081
6826,2019-07-12 10:00:00,492.745239258,0.936705005807421
6827,2019-07-12 11:00:00,492.678527832,0.6650652131985688
6828,2019-07-12 12:00:00,492.623596191,0.8338384783300086
6829,2019-07-12 13:00:00,492.578704834,0.17818108037993252
6830,2019-07-12 14:00:00,492.544189453,0.7620664987931846
6831,2019-07-12 15:00:00,492.510406494,0.27552780823736345
6832,2019-07-12 16:00:00,492.480163574,0.9217825237710324
6833,2019-07-12 17:00:00,492.450714111,0.7107842858368681
6834,2019-07-12 18:00:00,492.287445068,0.6221058878008779
6835,2019-07-12 19:00:00,491.978027344,0.4273230603333146
6836,2019-07-12 20:00:00,491.550354004,0.25834833432249127
6837,2019-07-12 21:00:00,491.037689209,0.2741994334852512
6838,2019-07-12 22:00:00,490.421661377,0.5085630400022714
6839,2019-07-12 23:00:00,489.869293213,0.4976162925472227
6840,2019-07-13 00:00:00,489.379486084,0.44193248241915584
6841,2019-07-13 01:00:00,488.957244873,0.35876025935665024
6842,2019-07-13 02:00:00,488.588470459,0.9142541870250529
6843,2019-07-13 03:00:00,488.25994873,0.7401026756097326
6844,2019-07-13 04:00:00,487.952423096,0.8979756220948404
6845,2019-07-13 05:00:00,487.698974609,0.1668291474654
6846,2019-07-13 06:00:00,487.491546631,0.5332008276316901
6847,2019-07-13 07:00:00,487.322540283,0.2734493942985593
6848,2019-07-13 08:00:00,487.184020996,0.44848740295340295
6849,2019-07-13 09:00:00,487.067108154,0.0418654058398944
6850,2019-07-13 10:00:00,486.963409424,0.40636869486392235
6851,2019-07-13 11:00:00,486.885467529,0.57520052547016
6852,2019-07-13 12:00:00,486.822692871,0.5689475913992617
6853,2019-07-13 13:00:00,486.771057129,0.11324318916956466
6854,2019-07-13 14:00:00,486.732574463,0.42496668696679973
6855,2019-07-13 15:00:00,486.693359375,0.479618848522122
6856,2019-07-13 16:00:00,486.5987854,0.07389786973249846
6857,2019-07-13 17:00:00,486.377685547,0.24651244388605487
6858,2019-07-13 18:00:00,485.958648682,0.054917955832444965
6859,2019-07-13 19:00:00,485.489227295,0.2336406924618586
6860,2019-07-13 20:00:00,484.93359375,0.02026997650618667
6861,2019-07-13 21:00:00,484.099273682,0.4354135231498878
6862,2019-07-13 22:00:00,483.313354492,0.8949398649819376
6863,2019-07-13 23:00:00,482.581817627,0.7500779102738757
6864,2019-07-14 00:00:00,481.834289551,0.029361405619905412
6865,2019-07-14 01:00:00,481.30557251,0.12393029843615788
6866,2019-07-14 02:00:00,480.711578369,0.24593474884840294
6867,2019-07-14 03:00:00,480.226776123,0.0016414956516671575
6868,2019-07-14 04:00:00,479.836700439,0.04931034696733727
6869,2019-07-14 05:00:00,479.518188477,0.8871711511045863
6870,2019-07-14 06:00:00,479.258239746,0.0236217203553718
6871,2019-07-14 07:00:00,479.046722412,0.7345030796286657
6872,2019-07-14 08:00:00,478.875762939,0.72848758378205
6873,2019-07-14 09:00:00,478.732757568,0.9116550006796884
6874,2019-07-14 10:00:00,478.616455078,0.6653924889469445
6875,2019-07-14 11:00:00,478.523651123,0.454083821005249
6876,2019-07-14 12:00:00,478.445343018,0.5599064804915308
6877,2019-07-14 13:00:00,478.382324219,0.27832232272085244
6878,2019-07-14 14:00:00,478.332397461,0.7419322063932562
6879,2019-07-14 15:00:00,478.28515625,0.9596906405313319
6880,2019-07-14 16:00:00,478.13659668,0.007969502200146139
6881,2019-07-14 17:00:00,477.990997314,0.8263479141485222
6882,2019-07-14 18:00:00,477.696655273,0.1591865565358862
6883,2019-07-14 19:00:00,477.273254395,0.20920051463165568
6884,2019-07-14 20:00:00,476.707519531,0.13722579482393293
6885,2019-07-14 21:00:00,476.007476807,0.6783063075458254
6886,2019-07-14 22:00:00,475.305389404,0.47287341181533615
6887,2019-07-14 23:00:00,474.621002197,0.7381435240984126
6888,2019-07-15 00:00:00,474.06918335,0.6121383939999494
6889,2019-07-15 01:00:00,473.56036377,0.19544182884322336
6890,2019-07-15 02:00:00,472.986999512,0.481105250231445
6891,2019-07-15 03:00:00,472.522521973,0.9435292138892716
6892,2019-07-15 04:00:00,472.136993408,0.08250368476196335
6893,2019-07-15 05:00:00,471.82144165,0.9024090907998513
6894,2019-07-15 06:00:00,471.5625,0.5852810184186553
6895,2019-07-15 07:00:00,471.351196289,0.9792741488518887
6896,2019-07-15 08:00:00,471.180236816,0.7216580442938444
6897,2019-07-15 09:00:00,471.042022705,0.789638059604974
6898,2019-07-15 10:00:00,470.929504395,0.8019185489435771
6899,2019-07-15 11:00:00,470.834594727,0.7582529589961605
6900,2019-07-15 12:00:00,470.756958008,0.6026087489191453
6901,2019-07-15 13:00:00,470.694702148,0.01774909594708296
6902,2019-07-15 14:00:00,470.646881104,0.1746348594683783
6903,2019-07-15 15:00:00,470.602996826,0.8897924504658467
6904,2019-07-15 16:00:00,470.528778076,0.20726955430375416
6905,2019-07-15 17:00:00,470.302947998,0.809097460969346
6906,2019-07-15 18:00:00,469.904083252,0.7810553945290176
6907,2019-07-15 19:00:00,469.420562744,0.8161775281557809
6908,2019-07-15 20:00:00,468.852081299,0.43198809004262295
6909,2019-07-15 21:00:00,468.214477539,0.5693767817837678
6910,2019-07-15 22:00:00,467.463439941,0.03015112256288688
6911,2019-07-15 23:00:00,466.833984375,0.08426889405570315
6912,2019-07-16 00:00:00,466.202087402,0.19544408557623705
6913,2019-07-16 01:00:00,465.663269043,0.7460995334945016
6914,2019-07-16 02:00:00,465.20413208,0.11006787849646515
6915,2019-07-16 03:00:00,464.834777832,0.3649053907844706
6916,2019-07-16 04:00:00,464.533416748,0.626993252970527
6917,2019-07-16 05:00:00,464.284515381,0.2054438784488306
6918,2019-07-16 06:00:00,464.079376221,0.044991538959247346
6919,2019-07-16 07:00:00,463.912139893,0.9574730875403404
6920,2019-07-16 08:00:00,463.77444458,0.5472665526508406
6921,2019-07-16 09:00:00,463.660736084,0.9688938734600188
6922,2019-07-16 10:00:00,463.569702148,0.580222265061054
6923,2019-07-16 11:00:00,463.495605469,0.3766012080859419
6924,2019-07-16 12:00:00,463.432250977,0.26561771912482124
6925,2019-07-16 13:00:00,463.379669189,0.03353614464064536
6926,2019-07-16 14:00:00,463.339782715,0.9762432553713563
6927,2019-07-16 15:00:00,463.301513672,0.663736560138664
6928,2019-07-16 16:00:00,463.276885986,0.47809205204603533
6929,2019-07-16 17:00:00,463.213439941,0.9737647936245516
6930,2019-07-16 18:00:00,462.99041748,0.3175938421157437
6931,2019-07-16 19:00:00,462.616516113,0.9361198711209064
6932,2019-07-16 20:00:00,461.95993042,0.1514659166844584
6933,2019-07-16 21:00:00,461.220092773,0.7460190730514997
6934,2019-07-16 22:00:00,460.547424316,0.47683211817835336
6935,2019-07-16 23:00:00,459.930114746,0.4845180734195008
6936,2019-07-17 00:00:00,459.350494385,0.8422257403519828
6937,2019-07-17 01:00:00,458.850067139,0.18478665639818082
6938,2019-07-17 02:00:00,458.441223145,0.3873334571074427
6939,2019-07-17 03:00:00,458.106628418,0.4848104624433025
6940,2019-07-17 04:00:00,457.829681396,0.9308573539538516
6941,2019-07-17 05:00:00,457.60244751,0.5767449327699932
6942,2019-07-17 06:00:00,457.415039062,0.85169932685252
6943,2019-07-17 07:00:00,457.263458252,0.8200418246987964
6944,2019-07-17 08:00:00,457.140594482,0.4561326213506879
6945,2019-07-17 09:00:00,457.035217285,0.5523078716011627
6946,2019-07-17 10:00:00,456.947570801,0.0605870247562299
6947,2019-07-17 11:00:00,456.87109375,0.6898324871944971
6948,2019-07-17 12:00:00,456.8074646,0.3130222301159219
6949,2019-07-17 13:00:00,456.754333496,0.31237889686159503
6950,2019-07-17 14:00:00,456.711700439,0.211242881763537
6951,2019-07-17 15:00:00,456.672790527,0.86040098791062
6952,2019-07-17 16:00:00,456.642791748,0.2170913083935021
6953,2019-07-17 17:00:00,456.579956055,0.527829246069786
6954,2019-07-17 18:00:00,456.276885986,0.7510982466683954
6955,2019-07-17 19:00:00,455.740966797,0.16117050543506395
6956,2019-07-17 20:00:00,454.924377441,0.9397488159270777
6957,2019-07-17 21:00:00,454.058776855,0.438499031779113
6958,2019-07-17 22:00:00,452.839172363,0.14094661918438212
6959,2019-07-17 23:00:00,451.722198486,0.8509542116020367
6960,2019-07-18 00:00:00,450.81439209,0.06337650889958979
6961,2019-07-18 01:00:00,450.037628174,0.5281868214502263
6962,2019-07-18 02:00:00,449.410827637,0.42090678829856454
6963,2019-07-18 03:00:00,448.892333984,0.6988604801224392
6964,2019-07-18 04:00:00,448.472625732,0.7149717089247211
6965,2019-07-18 05:00:00,448.125061035,0.5766888372704544
6966,2019-07-18 06:00:00,447.839599609,0.9756960518708497
6967,2019-07-18 07:00:00,447.605133057,0.7761093796003999
6968,2019-07-18 08:00:00,447.412231445,0.8070973659217913
6969,2019-07-18 09:00:00,447.251586914,0.29293649838961056
6970,2019-07-18 10:00:00,447.117645264,0.7805654344945235
6971,2019-07-18 11:00:00,447.006652832,0.24744390712876763
6972,2019-07-18 12:00:00,446.91394043,0.42687457886884583
6973,2019-07-18 13:00:00,446.84072876,0.5165041928627285
6974,2019-07-18 14:00:00,446.781066895,0.23577107242544926
6975,2019-07-18 15:00:00,446.72769165,0.34977866222342757
6976,2019-07-18 16:00:00,446.683074951,0.6310512628082299
6977,2019-07-18 17:00:00,446.642456055,0.8105602520336234
6978,2019-07-18 18:00:00,446.558868408,0.3799303147181501
6979,2019-07-18 19:00:00,446.261047363,0.7245917083130635
6980,2019-07-18 20:00:00,445.807281494,0.4669467180983483
6981,2019-07-18 21:00:00,445.301330566,0.09111236809007506
6982,2019-07-18 22:00:00,444.740081787,0.3079723147596246
6983,2019-07-18 23:00:00,444.211486816,0.9860971229813643
6984,2019-07-19 00:00:00,443.757629395,0.1659007961118678
6985,2019-07-19 01:00:00,443.358978271,0.040691762056219494
6986,2019-07-19 02:00:00,443.029846191,0.9992066565381442
6987,2019-07-19 03:00:00,442.768768311,0.19375876847626294
6988,2019-07-19 04:00:00,442.557189941,0.7567814806332274
6989,2019-07-19 05:00:00,442.382385254,0.2815246426274195
6990,2019-07-19 06:00:00,442.237854004,0.7611433310093504
6991,2019-07-19 07:00:00,442.120178223,0.991803526014232
6992,2019-07-19 08:00:00,442.023406982,0.9528971674218383
6993,2019-07-19 09:00:00,441.944152832,0.055740238318914836
6994,2019-07-19 10:00:00,441.876281738,0.5822304363607962
6995,2019-07-19 11:00:00,441.823150635,0.2084649409071938
6996,2019-07-19 12:00:00,441.77154541,0.2419213382441353
6997,2019-07-19 13:00:00,441.733947754,0.18864359066072212
6998,2019-07-19 14:00:00,441.703582764,0.4099579089477867
6999,2019-07-19 15:00:00,441.671783447,0.9213004202343218
7000,2019-07-19 16:00:00,441.642425537,0.9366812899868561
7001,2019-07-19 17:00:00,441.616546631,0.9859452331243768
7002,2019-07-19 18:00:00,441.428375244,0.4975259134826018
7003,2019-07-19 19:00:00,441.05178833,0.502961923055618
7004,2019-07-19 20:00:00,440.443328857,0.44843860066766184
7005,2019-07-19 21:00:00,439.465026855,0.06071388793443322
7006,2019-07-19 22:00:00,438.387878418,0.6781466150664436
7007,2019-07-19 23:00:00,437.412994385,0.6132192854773766
7008,2019-07-20 00:00:00,436.555847168,0.7236955340313959
7009,2019-07-20 01:00:00,435.841705322,0.7636176136465253
7010,2019-07-20 02:00:00,435.259002686,0.9576455732089085
7011,2019-07-20 03:00:00,434.782836914,0.3733724419347618
7012,2019-07-20 04:00:00,434.392120361,0.45971972913308345
7013,2019-07-20 05:00:00,434.070922852,0.9110146770616928
7014,2019-07-20 06:00:00,433.802703857,0.8473897738072909
7015,2019-07-20 07:00:00,433.581878662,0.41448786575998775
7016,2019-07-20 08:00:00,433.400238037,0.9791341199410951
7017,2019-07-20 09:00:00,433.251373291,0.03761892210559303
7018,2019-07-20 10:00:00,433.128326416,0.9233902729605911
7019,2019-07-20 11:00:00,433.02557373,0.7796214622394868
7020,2019-07-20 12:00:00,432.940734863,0.4103564936180729
7021,2019-07-20 13:00:00,432.873626709,0.7570110138617007
7022,2019-07-20 14:00:00,432.821777344,0.7058393779392477
7023,2019-07-20 15:00:00,432.771453857,0.830599422773994
7024,2019-07-20 16:00:00,432.726898193,0.8779079232689021
7025,2019-07-20 17:00:00,432.688354492,0.7817696434707823
7026,2019-07-20 18:00:00,432.507995605,0.2978098432536017
7027,2019-07-20 19:00:00,432.197021484,0.668514721593916
7028,2019-07-20 20:00:00,432.179382324,0.91464376613128
7029,2019-07-20 21:00:00,431.508209229,0.29117985290714987
7030,2019-07-20 22:00:00,430.79019165,0.4165605041171603
7031,2019-07-20 23:00:00,430.100463867,0.8777858463283499
7032,2019-07-21 00:00:00,429.495880127,0.5203740666547848
7033,2019-07-21 01:00:00,428.98046875,0.9130965266481954
7034,2019-07-21 02:00:00,428.561004639,0.9610337247714649
7035,2019-07-21 03:00:00,428.215393066,0.5700857604005407
7036,2019-07-21 04:00:00,427.930786133,0.834360453260839
7037,2019-07-21 05:00:00,427.697692871,0.49621252233512203
7038,2019-07-21 06:00:00,427.507446289,0.08474124574916331
7039,2019-07-21 07:00:00,427.348937988,0.2928778101683456
7040,2019-07-21 08:00:00,427.217498779,0.011103780137343588
7041,2019-07-21 09:00:00,427.110626221,0.5485384000483737
7042,2019-07-21 10:00:00,427.02130127,0.33831167337083234
7043,2019-07-21 11:00:00,426.95098877,0.7045522729051179
7044,2019-07-21 12:00:00,426.894836426,0.15692039595833074
7045,2019-07-21 13:00:00,426.844055176,0.8801711508982563
7046,2019-07-21 14:00:00,426.806610107,0.9769002631717376
7047,2019-07-21 15:00:00,426.776824951,0.7355841235464794
7048,2019-07-21 16:00:00,426.75970459,0.33002988342854467
7049,2019-07-21 17:00:00,426.766052246,0.765673517767223
7050,2019-07-21 18:00:00,426.770874023,0.9647837155808631
7051,2019-07-21 19:00:00,426.622406006,0.766955420567979
7052,2019-07-21 20:00:00,426.335998535,0.30044169997041204
7053,2019-07-21 21:00:00,425.937988281,0.8439488149849846
7054,2019-07-21 22:00:00,425.481079102,0.5904786287633204
7055,2019-07-21 23:00:00,425.044372559,0.8425814535724017
7056,2019-07-22 00:00:00,424.61529541,0.9467454231797757
7057,2019-07-22 01:00:00,424.246246338,0.8448165841681212
7058,2019-07-22 02:00:00,423.948364258,0.6891284661289702
7059,2019-07-22 03:00:00,423.703399658,0.9000259875685557
7060,2019-07-22 04:00:00,423.496337891,0.902469191888693
7061,2019-07-22 05:00:00,423.237121582,0.33788905357922716
7062,2019-07-22 06:00:00,422.947937012,0.5506726150778386
7063,2019-07-22 07:00:00,422.666687012,0.24285513746892728
7064,2019-07-22 08:00:00,422.412536621,0.4656264494372795
7065,2019-07-22 09:00:00,422.009887695,0.3221827436343311
7066,2019-07-22 10:00:00,421.52911377,0.14332760375558362
7067,2019-07-22 11:00:00,421.077178955,0.18750093338744778
7068,2019-07-22 12:00:00,420.59576416,0.5124386423581251
7069,2019-07-22 13:00:00,420.282470703,0.9348126394530594
7070,2019-07-22 14:00:00,420.034790039,0.9267702204097199
7071,2019-07-22 15:00:00,419.792236328,0.7653558824791457
7072,2019-07-22 16:00:00,419.497589111,0.8287093225928605
7073,2019-07-22 17:00:00,419.107757568,0.04000554868488293
7074,2019-07-22 18:00:00,418.597808838,0.329602619314619
7075,2019-07-22 19:00:00,417.956451416,0.35869934535931136
7076,2019-07-22 20:00:00,417.068786621,0.8743942249195429
7077,2019-07-22 21:00:00,416.200592041,0.01048024939147374
7078,2019-07-22 22:00:00,415.260009766,0.09731285191205441
7079,2019-07-22 23:00:00,414.433502197,0.16073235652001583
7080,2019-07-23 00:00:00,413.753662109,0.3270127041453573
7081,2019-07-23 01:00:00,413.170227051,0.8539281248694781
7082,2019-07-23 02:00:00,412.659973145,0.3661209504906048
7083,2019-07-23 03:00:00,412.213775635,0.8426530204689295
7084,2019-07-23 04:00:00,411.847412109,0.5645479505143155
7085,2019-07-23 05:00:00,411.54800415,0.014435183240107174
7086,2019-07-23 06:00:00,411.292266846,0.7234294842884162
7087,2019-07-23 07:00:00,411.086212158,0.1995169541758649
7088,2019-07-23 08:00:00,410.917877197,0.6093025813607033
7089,2019-07-23 09:00:00,410.779846191,0.33648426861617586
7090,2019-07-23 10:00:00,410.665130615,0.3485484599427413
7091,2019-07-23 11:00:00,410.571136475,0.07591498144950337
7092,2019-07-23 12:00:00,410.494049072,0.4067555715635589
7093,2019-07-23 13:00:00,410.431091309,0.4928824511769426
7094,2019-07-23 14:00:00,410.38092041,0.9891252505961571
7095,2019-07-23 15:00:00,410.334655762,0.7340424227757567
7096,2019-07-23 16:00:00,410.261260986,0.647159109519544
7097,2019-07-23 17:00:00,410.056915283,0.4519667316691831
7098,2019-07-23 18:00:00,409.716278076,0.7317820130821338
7099,2019-07-23 19:00:00,409.217407227,0.29669401250984884
7100,2019-07-23 20:00:00,408.582794189,0.8059301003766268
7101,2019-07-23 21:00:00,409.83972168,0.18731975525525857
7102,2019-07-23 22:00:00,408.632019043,0.19280801452749252
7103,2019-07-23 23:00:00,407.316436768,0.37065002939632474
7104,2019-07-24 00:00:00,406.21383667,0.03388087580048749
7105,2019-07-24 01:00:00,405.321960449,0.08709612644639231
7106,2019-07-24 02:00:00,404.496459961,0.648687085648907
7107,2019-07-24 03:00:00,403.828765869,0.6197063993572788
7108,2019-07-24 04:00:00,403.280212402,0.6501695510803677
7109,2019-07-24 05:00:00,402.831573486,0.2511584879866673
7110,2019-07-24 06:00:00,402.456268311,0.499682465133117
7111,2019-07-24 07:00:00,402.150085449,0.5279469210005368
7112,2019-07-24 08:00:00,401.899475098,0.42117816333911784
7113,2019-07-24 09:00:00,401.701782227,0.3791667218008432
7114,2019-07-24 10:00:00,401.538299561,0.37154151118509515
7115,2019-07-24 11:00:00,401.408996582,0.9230445033945162
7116,2019-07-24 12:00:00,401.304321289,0.45582912734440517
7117,2019-07-24 13:00:00,401.221984863,0.9858082614113997
7118,2019-07-24 14:00:00,401.157745361,0.5694127684848719
7119,2019-07-24 15:00:00,401.064727783,0.8225866773709745
7120,2019-07-24 16:00:00,400.865753174,0.6551648119678659
7121,2019-07-24 17:00:00,400.703369141,0.5423795710696069
7122,2019-07-24 18:00:00,400.391113281,0.6404190392387352
7123,2019-07-24 19:00:00,399.943328857,0.7383245423692907
7124,2019-07-24 20:00:00,399.220458984,0.5607422154981383
7125,2019-07-24 21:00:00,402.817871094,0.8671366555679888
7126,2019-07-24 22:00:00,401.080841064,0.7951419904536594
7127,2019-07-24 23:00:00,399.575866699,0.5148191088045971
7128,2019-07-25 00:00:00,398.267791748,0.6777647851096539
7129,2019-07-25 01:00:00,397.330505371,0.0684741002910827
7130,2019-07-25 02:00:00,396.376953125,0.7414332906174796
7131,2019-07-25 03:00:00,395.598754883,0.16945679215570864
7132,2019-07-25 04:00:00,394.958496094,0.8754904184498538
7133,2019-07-25 05:00:00,394.433410645,0.6079067421410245
7134,2019-07-25 06:00:00,394.004211426,0.3016789520601594
7135,2019-07-25 07:00:00,393.654205322,0.32219069224868657
7136,2019-07-25 08:00:00,393.368469238,0.6755295835813814
7137,2019-07-25 09:00:00,393.135894775,0.8490743501689763
7138,2019-07-25 10:00:00,392.946228027,0.6174992437705509
7139,2019-07-25 11:00:00,392.794342041,0.0756458975460178
7140,2019-07-25 12:00:00,392.672546387,0.9349991365713884
7141,2019-07-25 13:00:00,392.574951172,0.4719638487995985
7142,2019-07-25 14:00:00,392.49911499,0.6736058280270398
7143,2019-07-25 15:00:00,392.427642822,0.5289999941065022
7144,2019-07-25 16:00:00,392.3175354,0.22989081229577246
7145,2019-07-25 17:00:00,392.111450195,0.553000264679408
7146,2019-07-25 18:00:00,391.76864624,0.192195108456654
7147,2019-07-25 19:00:00,391.298187256,0.9728348592487163
7148,2019-07-25 20:00:00,390.696777344,0.6311936302781627
7149,2019-07-25 21:00:00,389.819000244,0.2549222188337833
7150,2019-07-25 22:00:00,388.884307861,0.08462460517276627
7151,2019-07-25 23:00:00,387.6847229,0.8135832299768272
7152,2019-07-26 00:00:00,386.668304443,0.4195308251880687
7153,2019-07-26 01:00:00,386.645874023,0.13728363130050047
7154,2019-07-26 02:00:00,385.837036133,0.33305834044948246
7155,2019-07-26 03:00:00,385.212585449,0.21784649961021374
7156,2019-07-26 04:00:00,385.094909668,0.30488131607887636
7157,2019-07-26 05:00:00,384.70880127,0.6174903832328867
7158,2019-07-26 06:00:00,384.081604004,0.6836175001122242
7159,2019-07-26 07:00:00,383.539520264,0.855656664632987
7160,2019-07-26 08:00:00,383.094543457,0.6043094733461266
7161,2019-07-26 09:00:00,382.740234375,0.8481322832700876
7162,2019-07-26 10:00:00,382.71472168,0.5330191642150649
7163,2019-07-26 11:00:00,382.487670898,0.1531169633367938
7164,2019-07-26 12:00:00,382.29510498,0.9219182331819593
7165,2019-07-26 13:00:00,382.143035889,0.3753970417549408
7166,2019-07-26 14:00:00,382.018707275,0.16935972369599084
7167,2019-07-26 15:00:00,381.920257568,0.7075413850011724
7168,2019-07-26 16:00:00,381.635650635,0.2174753116760948
7169,2019-07-26 17:00:00,381.211273193,0.44748169224171186
7170,2019-07-26 18:00:00,380.653015137,0.024445600101886233
7171,2019-07-26 19:00:00,379.927215576,0.22829533533849145
7172,2019-07-26 20:00:00,381.478759766,0.8385206088571694
7173,2019-07-26 21:00:00,380.554382324,0.09732718798276607
7174,2019-07-26 22:00:00,378.961700439,0.3826572231822669
7175,2019-07-26 23:00:00,377.383880615,0.2825147763697612
7176,2019-07-27 00:00:00,376.124328613,0.7113326117433632
7177,2019-07-27 01:00:00,374.956359863,0.12122801877727263
7178,2019-07-27 02:00:00,374.048095703,0.8076100614582572
7179,2019-07-27 03:00:00,373.273010254,0.8750538772807988
7180,2019-07-27 04:00:00,372.612243652,0.4908851653701588
7181,2019-07-27 05:00:00,372.573883057,0.8775793433863565
7182,2019-07-27 06:00:00,372.120147705,0.14939098517489502
7183,2019-07-27 07:00:00,371.416290283,0.9705264177658522
7184,2019-07-27 08:00:00,370.827423096,0.19673997199808213
7185,2019-07-27 09:00:00,370.356811523,0.788161364932616
7186,2019-07-27 10:00:00,369.970916748,0.9463614564011742
7187,2019-07-27 11:00:00,369.655700684,0.1773721002194769
7188,2019-07-27 12:00:00,369.398254395,0.5252968737449564
7189,2019-07-27 13:00:00,369.189575195,0.06786231695476641
7190,2019-07-27 14:00:00,369.012908936,0.6431698004934241
7191,2019-07-27 15:00:00,368.808441162,0.9688757910267422
7192,2019-07-27 16:00:00,368.471130371,0.4136984013881181
7193,2019-07-27 17:00:00,367.848480225,0.506751093512483
7194,2019-07-27 18:00:00,367.276092529,0.562304402813128
7195,2019-07-27 19:00:00,366.737243652,0.9217659922402887
7196,2019-07-27 20:00:00,365.983978271,0.7316437170654139
7197,2019-07-27 21:00:00,365.089385986,0.4686226865101537
7198,2019-07-27 22:00:00,364.18963623,0.22452905836340908
7199,2019-07-27 23:00:00,363.367919922,0.13276172692558075
7200,2019-07-28 00:00:00,362.678009033,0.5105378357912976
7201,2019-07-28 01:00:00,362.082275391,0.8136316396884798
7202,2019-07-28 02:00:00,361.575317383,0.313774092572784
7203,2019-07-28 03:00:00,361.163452148,0.9077425218130716
7204,2019-07-28 04:00:00,360.824371338,0.941515004126311
7205,2019-07-28 05:00:00,360.544921875,0.00819697008362541
7206,2019-07-28 06:00:00,360.315765381,0.11674871976800949
7207,2019-07-28 07:00:00,360.133117676,0.17204409497910444
7208,2019-07-28 08:00:00,359.985656738,0.9311727174108215
7209,2019-07-28 09:00:00,359.868499756,0.7456392210305123
7210,2019-07-28 10:00:00,359.776641846,0.9740171183908874
7211,2019-07-28 11:00:00,359.704559326,0.7514103885014212
7212,2019-07-28 12:00:00,359.643035889,0.45504172822174416
7213,2019-07-28 13:00:00,359.585266113,0.8227289669842162
7214,2019-07-28 14:00:00,359.541168213,0.5752756745259358
7215,2019-07-28 15:00:00,359.501647949,0.19788704992921513
7216,2019-07-28 16:00:00,359.479278564,0.4315872683494041
7217,2019-07-28 17:00:00,359.341674805,0.7075881183392477
7218,2019-07-28 18:00:00,359.053161621,0.054390072364574826
7219,2019-07-28 19:00:00,358.66305542,0.07046360597055179
7220,2019-07-28 20:00:00,358.175842285,0.7785792585612168
7221,2019-07-28 21:00:00,357.613616943,0.3557555039894198
7222,2019-07-28 22:00:00,357.011230469,0.8361956495188382
7223,2019-07-28 23:00:00,356.437774658,0.7963630129104611
7224,2019-07-29 00:00:00,355.941040039,0.09211776895420143
7225,2019-07-29 01:00:00,355.5262146,0.5914307028325967
7226,2019-07-29 02:00:00,355.118713379,0.8895763417608953
7227,2019-07-29 03:00:00,354.697143555,0.2538804276536417
7228,2019-07-29 04:00:00,354.321899414,0.12765485242541397
7229,2019-07-29 05:00:00,353.906188965,0.19986180368350737
7230,2019-07-29 06:00:00,353.52734375,0.8784167738448359
7231,2019-07-29 07:00:00,353.211730957,0.7266699162269387
7232,2019-07-29 08:00:00,352.954956055,0.02899572984131704
7233,2019-07-29 09:00:00,352.746276855,0.35405358927211883
7234,2019-07-29 10:00:00,352.574523926,0.3592358544173876
7235,2019-07-29 11:00:00,352.327331543,0.7049993665342541
7236,2019-07-29 12:00:00,352.08303833,0.41953082424712695
7237,2019-07-29 13:00:00,351.815582275,0.6255964684057622
7238,2019-07-29 14:00:00,351.521148682,0.9411155928322193
7239,2019-07-29 15:00:00,351.068817139,0.15914364004505221
7240,2019-07-29 16:00:00,350.369384766,0.3681235047711596
7241,2019-07-29 17:00:00,349.694366455,0.6703767606975092
7242,2019-07-29 18:00:00,348.874603271,0.8349499328851848
7243,2019-07-29 19:00:00,347.880554199,0.12142843456352248
7244,2019-07-29 20:00:00,346.819122314,0.7129028253592534
7245,2019-07-29 21:00:00,345.699707031,0.9247300259202589
7246,2019-07-29 22:00:00,344.404663086,0.6380453413254583
7247,2019-07-29 23:00:00,343.27557373,0.47684781483258454
7248,2019-07-30 00:00:00,342.322296143,0.2979697727658831
7249,2019-07-30 01:00:00,341.528198242,0.6224584806915495
7250,2019-07-30 02:00:00,340.876495361,0.7533750626992687
7251,2019-07-30 03:00:00,340.338989258,0.15816622282846882
7252,2019-07-30 04:00:00,339.894439697,0.6929806528084224
7253,2019-07-30 05:00:00,339.532287598,0.47068339543071
7254,2019-07-30 06:00:00,339.232574463,0.8534909843511568
7255,2019-07-30 07:00:00,338.980651855,0.048577868094063836
7256,2019-07-30 08:00:00,338.77545166,0.7251519409721602
7257,2019-07-30 09:00:00,338.573059082,0.8266016950937296
7258,2019-07-30 10:00:00,338.340148926,0.6606795573905863
7259,2019-07-30 11:00:00,338.155639648,0.12707728040084532
7260,2019-07-30 12:00:00,338.005096436,0.6467907915726024
7261,2019-07-30 13:00:00,337.882232666,0.5482488396485067
7262,2019-07-30 14:00:00,337.781005859,0.5134818851635375
7263,2019-07-30 15:00:00,337.690704346,0.6168024975905185
7264,2019-07-30 16:00:00,337.563323975,0.06474435414158963
7265,2019-07-30 17:00:00,337.328430176,0.8099136706405042
7266,2019-07-30 18:00:00,336.958953857,0.9440997224087598
7267,2019-07-30 19:00:00,336.40713501,0.6950586672429346
7268,2019-07-30 20:00:00,335.684570312,0.9506023630687688
7269,2019-07-30 21:00:00,335.468261719,0.6318519376356132
7270,2019-07-30 22:00:00,334.761627197,0.3214555308528857
7271,2019-07-30 23:00:00,333.762939453,0.6957010080380537
7272,2019-07-31 00:00:00,332.924377441,0.5246553797515399
7273,2019-07-31 01:00:00,332.373077393,0.6971755258432072
7274,2019-07-31 02:00:00,331.713287354,0.046524255773441214
7275,2019-07-31 03:00:00,331.140991211,0.5352676112299518
7276,2019-07-31 04:00:00,330.642242432,0.37234611621463365
7277,2019-07-31 05:00:00,330.217193604,0.8725125536926697
7278,2019-07-31 06:00:00,329.868011475,0.7845240750055864
7279,2019-07-31 07:00:00,329.579650879,0.23354905691627048
7280,2019-07-31 08:00:00,329.34173584,0.3993110419386021
7281,2019-07-31 09:00:00,329.145294189,0.052678928487168375
7282,2019-07-31 10:00:00,328.983001709,0.505611904800029
7283,2019-07-31 11:00:00,328.852142334,0.9395129076232142
7284,2019-07-31 12:00:00,328.748779297,0.9008932980234359
7285,2019-07-31 13:00:00,328.66885376,0.6919227940823357
7286,2019-07-31 14:00:00,328.603729248,0.7129135523718153
7287,2019-07-31 15:00:00,328.542755127,0.3688729620060025
7288,2019-07-31 16:00:00,328.504364014,0.2707861480238305
7289,2019-07-31 17:00:00,328.375183105,0.16993370817404085
7290,2019-07-31 18:00:00,328.098510742,0.9223620261372171
7291,2019-07-31 19:00:00,327.653869629,0.5700088694098191
7292,2019-07-31 20:00:00,327.064971924,0.9551353662375025
7293,2019-07-31 21:00:00,326.38180542,0.02557928980746227
7294,2019-07-31 22:00:00,326.644104004,0.5165270773136373
7295,2019-07-31 23:00:00,325.757446289,0.18622536939539913
7296,2019-08-01 00:00:00,325.016967773,0.5130306920769039
7297,2019-08-01 01:00:00,324.37512207,0.7068498556680258
7298,2019-08-01 02:00:00,323.852478027,0.6215121130633293
7299,2019-08-01 03:00:00,323.404998779,0.7934736441042511
7300,2019-08-01 04:00:00,323.044891357,0.5062284403799308
7301,2019-08-01 05:00:00,322.748199463,0.4974215569359066
7302,2019-08-01 06:00:00,322.961395264,0.7067478239549772
7303,2019-08-01 07:00:00,322.679351807,0.4821832938574937
7304,2019-08-01 08:00:00,322.448730469,0.43237610327057097
7305,2019-08-01 09:00:00,322.265258789,0.8267056289578848
7306,2019-08-01 10:00:00,322.117095947,0.5446834613649623
7307,2019-08-01 11:00:00,321.993804932,0.6984595173307634
7308,2019-08-01 12:00:00,321.889709473,0.32462097915872745
7309,2019-08-01 13:00:00,321.803985596,0.41654767718768304
7310,2019-08-01 14:00:00,321.735931396,0.3671489122716044
7311,2019-08-01 15:00:00,321.677215576,0.2732202165201174
7312,2019-08-01 16:00:00,321.552001953,0.7198440880426165
7313,2019-08-01 17:00:00,321.327087402,0.4912162810066347
7314,2019-08-01 18:00:00,320.980255127,0.2021069279307729
7315,2019-08-01 19:00:00,320.543426514,0.815309756813637
7316,2019-08-01 20:00:00,321.340118408,0.8509495515303501
7317,2019-08-01 21:00:00,324.195617676,0.10898787906954466
7318,2019-08-01 22:00:00,324.718383789,0.5306290641456943
7319,2019-08-01 23:00:00,323.454803467,0.6524637351058101
7320,2019-08-02 00:00:00,321.954772949,0.6969078751850971
7321,2019-08-02 01:00:00,320.555023193,0.9563604067841516
7322,2019-08-02 02:00:00,319.567199707,0.7627929244370103
7323,2019-08-02 03:00:00,318.571838379,0.9561078956560152
7324,2019-08-02 04:00:00,317.752807617,0.5492739705881938
7325,2019-08-02 05:00:00,317.083221436,0.332560195213234
7326,2019-08-02 06:00:00,316.5340271,0.18326934337819467
7327,2019-08-02 07:00:00,316.084625244,0.6577888566739556
7328,2019-08-02 08:00:00,315.718719482,0.8726123144960999
7329,2019-08-02 09:00:00,315.427764893,0.9737499528354913
7330,2019-08-02 10:00:00,315.191009521,0.49494359826997103
7331,2019-08-02 11:00:00,314.999237061,0.3765726090436282
7332,2019-08-02 12:00:00,314.84072876,0.31152244033659604
7333,2019-08-02 13:00:00,317.02935791,0.09402787400349244
7334,2019-08-02 14:00:00,316.543579102,0.6491861579995574
7335,2019-08-02 15:00:00,316.075439453,0.563261447230232
7336,2019-08-02 16:00:00,315.570556641,0.38606123173217577
7337,2019-08-02 17:00:00,315.152832031,0.6847538352848147
7338,2019-08-02 18:00:00,314.63394165,0.43327691214182873
7339,2019-08-02 19:00:00,314.032745361,0.9723697114827142
7340,2019-08-02 20:00:00,313.339447021,0.7507888454542151
7341,2019-08-02 21:00:00,312.556304932,0.7934790012601001
7342,2019-08-02 22:00:00,311.719818115,0.6596605916251316
7343,2019-08-02 23:00:00,310.909057617,0.32026950866180837
7344,2019-08-03 00:00:00,310.207183838,0.6781776296458152
7345,2019-08-03 01:00:00,309.583496094,0.9348757498918466
7346,2019-08-03 02:00:00,309.030090332,0.1701242361280788
7347,2019-08-03 03:00:00,308.583648682,0.41184756661818234
7348,2019-08-03 04:00:00,308.199584961,0.7616723026517823
7349,2019-08-03 05:00:00,307.849212646,0.2004065834264479
7350,2019-08-03 06:00:00,307.550079346,0.7311141270830782
7351,2019-08-03 07:00:00,307.290252686,0.7155532886234912
7352,2019-08-03 08:00:00,307.078491211,0.7418242783131854
7353,2019-08-03 09:00:00,306.904724121,0.28244200371954253
7354,2019-08-03 10:00:00,306.763977051,0.992287967446463
7355,2019-08-03 11:00:00,306.649475098,0.22475615668588
7356,2019-08-03 12:00:00,306.550262451,0.4566571494254775
7357,2019-08-03 13:00:00,306.472808838,0.8458360617463727
7358,2019-08-03 14:00:00,306.408050537,0.2956777099498823
7359,2019-08-03 15:00:00,306.349212646,0.8496186097947663
7360,2019-08-03 16:00:00,306.317565918,0.9840474128915391
7361,2019-08-03 17:00:00,306.18157959,0.7464970255669232
7362,2019-08-03 18:00:00,305.907836914,0.6097492507695562
7363,2019-08-03 19:00:00,305.682189941,0.950243629218558
7364,2019-08-03 20:00:00,305.269744873,0.4607312362157273
7365,2019-08-03 21:00:00,304.786193848,0.2872030742048548
7366,2019-08-03 22:00:00,304.275054932,0.24744584323388408
7367,2019-08-03 23:00:00,303.764465332,0.5714680812695417
7368,2019-08-04 00:00:00,303.202789307,0.5067569583168948
7369,2019-08-04 01:00:00,302.720947266,0.23008460421064159
7370,2019-08-04 02:00:00,302.286376953,0.3130013068894645
7371,2019-08-04 03:00:00,301.934967041,0.5632622207678993
7372,2019-08-04 04:00:00,301.645111084,0.9432713836304388
7373,2019-08-04 05:00:00,301.406097412,0.423295380016657
7374,2019-08-04 06:00:00,301.20904541,0.25061475232430586
7375,2019-08-04 07:00:00,301.047821045,0.20255074536428652
7376,2019-08-04 08:00:00,300.913269043,0.8502970924099509
7377,2019-08-04 09:00:00,300.808074951,0.6680701181693133
7378,2019-08-04 10:00:00,300.72857666,0.16875683410674136
7379,2019-08-04 11:00:00,300.65637207,0.9565487499119831
7380,2019-08-04 12:00:00,300.603485107,0.6706741269661813
7381,2019-08-04 13:00:00,300.562316895,0.9244171463155108
7382,2019-08-04 14:00:00,300.529174805,0.10639350718396656
7383,2019-08-04 15:00:00,300.49822998,0.4046712996750924
7384,2019-08-04 16:00:00,300.432098389,0.5427202770422305
7385,2019-08-04 17:00:00,300.262054443,0.8687512613778425
7386,2019-08-04 18:00:00,299.929412842,0.5174185572203794
7387,2019-08-04 19:00:00,299.479553223,0.21904057855491332
7388,2019-08-04 20:00:00,299.348480225,0.39873907238537654
7389,2019-08-04 21:00:00,299.017700195,0.008493175486295357
7390,2019-08-04 22:00:00,298.671844482,0.7515358141283007
7391,2019-08-04 23:00:00,298.100250244,0.7875861891041275
7392,2019-08-05 00:00:00,297.48324585,0.04223125885144441
7393,2019-08-05 01:00:00,296.816375732,0.7712442266849319
7394,2019-08-05 02:00:00,296.229705811,0.23646865703531916
7395,2019-08-05 03:00:00,295.745147705,0.42590110874221465
7396,2019-08-05 04:00:00,295.348358154,0.6643313697491301
7397,2019-08-05 05:00:00,295.018920898,0.29891433310657933
7398,2019-08-05 06:00:00,294.753143311,0.8177018346517066
7399,2019-08-05 07:00:00,294.536407471,0.27892864278280105
7400,2019-08-05 08:00:00,294.355072021,0.5010395943225688
7401,2019-08-05 09:00:00,294.212280273,0.8033397803998471
7402,2019-08-05 10:00:00,294.101318359,0.1959400281648802
7403,2019-08-05 11:00:00,294.012207031,0.7698463840962745
7404,2019-08-05 12:00:00,293.942169189,0.2869112991319078
7405,2019-08-05 13:00:00,293.884002686,0.0035912413996316284
7406,2019-08-05 14:00:00,293.835754395,0.306927939158927
7407,2019-08-05 15:00:00,293.791320801,0.3474233372218538
7408,2019-08-05 16:00:00,293.649902344,0.028260358545130537
7409,2019-08-05 17:00:00,293.364868164,0.7754515221161175
7410,2019-08-05 18:00:00,292.897125244,0.7147834738095289
7411,2019-08-05 19:00:00,292.280944824,0.505151140650575
7412,2019-08-05 20:00:00,291.527008057,0.3558969497837656
7413,2019-08-05 21:00:00,291.190765381,0.4608252652532667
7414,2019-08-05 22:00:00,291.269989014,0.5689407335549169
7415,2019-08-05 23:00:00,290.633270264,0.2865111489832466
7416,2019-08-06 00:00:00,289.596557617,0.2612615962537763
7417,2019-08-06 01:00:00,288.712860107,0.14683802243311783
7418,2019-08-06 02:00:00,287.965393066,0.42231432460767704
7419,2019-08-06 03:00:00,287.314056396,0.3017811582375107
7420,2019-08-06 04:00:00,286.774383545,0.7463913997078
7421,2019-08-06 05:00:00,286.328887939,0.2928321372872309
7422,2019-08-06 06:00:00,285.964782715,0.9361610176892753
7423,2019-08-06 07:00:00,285.666351318,0.5756082341652017
7424,2019-08-06 08:00:00,285.419891357,0.7227577751261642
7425,2019-08-06 09:00:00,285.219543457,0.4251232296123236
7426,2019-08-06 10:00:00,285.055603027,0.8835464931620169
7427,2019-08-06 11:00:00,284.92578125,0.6858925862428434
7428,2019-08-06 12:00:00,284.819152832,0.6539922565278451
7429,2019-08-06 13:00:00,284.730499268,0.29941080613106597
7430,2019-08-06 14:00:00,284.659698486,0.5009632157338249
7431,2019-08-06 15:00:00,284.592987061,0.496725071640422
7432,2019-08-06 16:00:00,284.497558594,0.3635125017907749
7433,2019-08-06 17:00:00,284.293884277,0.03988369396315461
7434,2019-08-06 18:00:00,283.901397705,0.3176668466532846
7435,2019-08-06 19:00:00,283.390655518,0.21564607539938985
7436,2019-08-06 20:00:00,282.686645508,0.5754371604341125
7437,2019-08-06 21:00:00,282.043518066,0.7381081246225869
7438,2019-08-06 22:00:00,281.36895752,0.6262909306937837
7439,2019-08-06 23:00:00,280.79208374,0.5782742349134394
7440,2019-08-07 00:00:00,280.21496582,0.6284807699523527
7441,2019-08-07 01:00:00,279.728546143,0.500722453111092
7442,2019-08-07 02:00:00,279.303771973,0.015987753757574108
7443,2019-08-07 03:00:00,279.452789307,0.34930066418987504
7444,2019-08-07 04:00:00,279.078796387,0.05759364550077695
7445,2019-08-07 05:00:00,278.768920898,0.9752462223246067
7446,2019-08-07 06:00:00,278.515197754,0.08609836976988172
7447,2019-08-07 07:00:00,278.309997559,0.2763381934142838
7448,2019-08-07 08:00:00,278.143188477,0.7241464130871675
7449,2019-08-07 09:00:00,278.008209229,0.762310760378758
7450,2019-08-07 10:00:00,277.896453857,0.027327618600034964
7451,2019-08-07 11:00:00,277.80847168,0.5993570328060203
7452,2019-08-07 12:00:00,277.737548828,0.8702927062182764
7453,2019-08-07 13:00:00,277.679626465,0.8371883722447049
7454,2019-08-07 14:00:00,277.632324219,0.44019909057126827
7455,2019-08-07 15:00:00,277.58694458,0.7916851195377432
7456,2019-08-07 16:00:00,277.574432373,0.8177825159678058
7457,2019-08-07 17:00:00,277.466583252,0.742305484908564
7458,2019-08-07 18:00:00,277.191253662,0.15811780242952367
7459,2019-08-07 19:00:00,276.680938721,0.030290187380870637
7460,2019-08-07 20:00:00,276.540374756,0.9317248144142076
7461,2019-08-07 21:00:00,275.869262695,0.16254271129126396
7462,2019-08-07 22:00:00,275.093444824,0.03991030470910095
7463,2019-08-07 23:00:00,274.178436279,0.7711520549704458
7464,2019-08-08 00:00:00,273.602386475,0.18434212468238043
7465,2019-08-08 01:00:00,272.953979492,0.4327845726715701
7466,2019-08-08 02:00:00,272.285125732,0.3668309462676369
7467,2019-08-08 03:00:00,271.668487549,0.6577418683048148
7468,2019-08-08 04:00:00,271.079620361,0.2147276725124455
7469,2019-08-08 05:00:00,270.595367432,0.024182923928037003
7470,2019-08-08 06:00:00,270.198425293,0.6451756067287261
7471,2019-08-08 07:00:00,269.87210083,0.2355225249530689
7472,2019-08-08 08:00:00,269.606170654,0.536422091963475
7473,2019-08-08 09:00:00,269.388153076,0.15435716534093347
7474,2019-08-08 10:00:00,269.211425781,0.5836030641593485
7475,2019-08-08 11:00:00,269.069824219,0.3934763782086973
7476,2019-08-08 12:00:00,268.955200195,0.7841344295992188
7477,2019-08-08 13:00:00,268.861053467,0.6270641129895126
7478,2019-08-08 14:00:00,268.784118652,0.32600199038811506
7479,2019-08-08 15:00:00,268.716491699,0.030001712676279157
7480,2019-08-08 16:00:00,268.696685791,0.39239782400979406
7481,2019-08-08 17:00:00,268.554321289,0.9782979318953284
7482,2019-08-08 18:00:00,268.220947266,0.9750261317990494
7483,2019-08-08 19:00:00,267.855041504,0.5749719833134608
7484,2019-08-08 20:00:00,267.355194092,0.410089444248414
7485,2019-08-08 21:00:00,266.658752441,0.026922165833204725
7486,2019-08-08 22:00:00,266.074188232,0.3789555695874297
7487,2019-08-08 23:00:00,264.838623047,0.8701411327650673
7488,2019-08-09 00:00:00,263.77633667,0.2282916752654397
7489,2019-08-09 01:00:00,262.850646973,0.37352559307094024
7490,2019-08-09 02:00:00,262.087677002,0.89871121336502
7491,2019-08-09 03:00:00,261.463317871,0.27044892333144666
7492,2019-08-09 04:00:00,260.950653076,0.7828582521317514
7493,2019-08-09 05:00:00,260.528839111,0.36867751394198867
7494,2019-08-09 06:00:00,260.181610107,0.15373475662884561
7495,2019-08-09 07:00:00,259.899780273,0.9019725110573731
7496,2019-08-09 08:00:00,259.670501709,0.2517162700420754
7497,2019-08-09 09:00:00,259.483886719,0.779622045213516
7498,2019-08-09 10:00:00,259.331481934,0.46645176125490884
7499,2019-08-09 11:00:00,259.20413208,0.3342052220939945
7500,2019-08-09 12:00:00,259.101135254,0.6803751166886861
7501,2019-08-09 13:00:00,259.00970459,0.5020062560159664
7502,2019-08-09 14:00:00,258.937530518,0.14650920810191137
7503,2019-08-09 15:00:00,258.876861572,0.6786413581382017
7504,2019-08-09 16:00:00,258.859222412,0.5891016276712248
7505,2019-08-09 17:00:00,258.794586182,0.6926922039804916
7506,2019-08-09 18:00:00,258.548370361,0.6974938755015943
7507,2019-08-09 19:00:00,257.947967529,0.19205333817496895
7508,2019-08-09 20:00:00,257.516204834,0.5362457785781297
7509,2019-08-09 21:00:00,257.926513672,0.5392228163534863
7510,2019-08-09 22:00:00,257.458068848,0.9215210585771137
7511,2019-08-09 23:00:00,256.934020996,0.2775511424901831
7512,2019-08-10 00:00:00,256.992889404,0.031779522218643774
7513,2019-08-10 01:00:00,256.331207275,0.7591930725861772
7514,2019-08-10 02:00:00,255.601348877,0.6117033881870694
7515,2019-08-10 03:00:00,254.853500366,0.8492002568478456
7516,2019-08-10 04:00:00,254.18977356,0.6868076952226779
7517,2019-08-10 05:00:00,253.814453125,0.28882174375186764
7518,2019-08-10 06:00:00,253.40284729,0.030743351871413194
7519,2019-08-10 07:00:00,253.133056641,0.832469720188839
7520,2019-08-10 08:00:00,252.785064697,0.7007487298437685
7521,2019-08-10 09:00:00,252.496932983,0.7813142450433892
7522,2019-08-10 10:00:00,252.269073486,0.7590390101831737
7523,2019-08-10 11:00:00,252.078475952,0.7541674996309388
7524,2019-08-10 12:00:00,251.922302246,0.43662950147179524
7525,2019-08-10 13:00:00,251.802215576,0.4565038697134488
7526,2019-08-10 14:00:00,251.701599121,0.36209816270359163
7527,2019-08-10 15:00:00,251.613815308,0.4508815434817509
7528,2019-08-10 16:00:00,251.568695068,0.34614952088289075
7529,2019-08-10 17:00:00,251.452957153,0.6575074103031178
7530,2019-08-10 18:00:00,251.189544678,0.03090825858230406
7531,2019-08-10 19:00:00,250.829849243,0.14396674743816662
7532,2019-08-10 20:00:00,250.375457764,0.4400276072091147
7533,2019-08-10 21:00:00,249.783203125,0.676713237038951
7534,2019-08-10 22:00:00,249.084732056,0.805111380307488
7535,2019-08-10 23:00:00,248.600021362,0.35726902396433313
7536,2019-08-11 00:00:00,248.195861816,0.8021238961081829
7537,2019-08-11 01:00:00,247.867858887,0.11368166479089026
7538,2019-08-11 02:00:00,247.594314575,0.15177939769842275
7539,2019-08-11 03:00:00,247.374664307,0.6260809690525577
7540,2019-08-11 04:00:00,248.060958862,0.5094658170010798
7541,2019-08-11 05:00:00,248.147079468,0.18577869470088337
7542,2019-08-11 06:00:00,248.307327271,0.40198372523499404
7543,2019-08-11 07:00:00,248.368774414,0.037358824586160355
7544,2019-08-11 08:00:00,248.290176392,0.7627114810579007
7545,2019-08-11 09:00:00,248.84576416,0.22037702848561058
7546,2019-08-11 10:00:00,248.867050171,0.37315022992209956
7547,2019-08-11 11:00:00,248.876586914,0.7415986892449596
7548,2019-08-11 12:00:00,248.590332031,0.2428032590819763
7549,2019-08-11 13:00:00,248.258590698,0.13404996433019278
7550,2019-08-11 14:00:00,248.444946289,0.3303662983633969
7551,2019-08-11 15:00:00,248.473846436,0.9589000220896671
7552,2019-08-11 16:00:00,248.685272217,0.8426884148428103
7553,2019-08-11 17:00:00,248.743621826,0.9011787591424134
7554,2019-08-11 18:00:00,248.382369995,0.6286297051959244
7555,2019-08-11 19:00:00,247.897232056,0.1630393721179677
7556,2019-08-11 20:00:00,247.1771698,0.6023094734257073
7557,2019-08-11 21:00:00,246.052429199,0.9210708986178255
7558,2019-08-11 22:00:00,244.967926025,0.4413431045936509
7559,2019-08-11 23:00:00,244.053817749,0.1093177446243424
7560,2019-08-12 00:00:00,243.18989563,0.23314937743997177
7561,2019-08-12 01:00:00,244.868286133,0.38434492826106015
7562,2019-08-12 02:00:00,243.979766846,0.9187360938186453
7563,2019-08-12 03:00:00,243.652572632,0.7948181012574888
7564,2019-08-12 04:00:00,242.811935425,0.8891333705650057
7565,2019-08-12 05:00:00,242.351211548,0.0958376251717673
7566,2019-08-12 06:00:00,241.763824463,0.9746117216436503
7567,2019-08-12 07:00:00,241.285125732,0.659113535508846
7568,2019-08-12 08:00:00,240.892944336,0.9436792667216117
7569,2019-08-12 09:00:00,240.577560425,0.3315508917216282
7570,2019-08-12 10:00:00,240.322128296,0.9654028267243863
7571,2019-08-12 11:00:00,240.117507935,0.6426714903076365
7572,2019-08-12 12:00:00,239.950485229,0.3766658167480694
7573,2019-08-12 13:00:00,239.819992065,0.7854191074932745
7574,2019-08-12 14:00:00,239.712005615,0.6777450690754551
7575,2019-08-12 15:00:00,239.61630249,0.3514291626036332
7576,2019-08-12 16:00:00,239.554656982,0.6766929695950163
7577,2019-08-12 17:00:00,239.430923462,0.9450911354348034
7578,2019-08-12 18:00:00,239.137619019,0.1862439968313353
7579,2019-08-12 19:00:00,238.736190796,0.8583677171719383
7580,2019-08-12 20:00:00,238.181289673,0.9339619826741621
7581,2019-08-12 21:00:00,237.742141724,0.11118183559780337
7582,2019-08-12 22:00:00,237.651504517,0.028626953167356417
7583,2019-08-12 23:00:00,236.994003296,0.7637873270545414
7584,2019-08-13 00:00:00,236.419616699,0.2203231837637607
7585,2019-08-13 01:00:00,235.91885376,0.6666962945490749
7586,2019-08-13 02:00:00,235.506210327,0.3685840981068399
7587,2019-08-13 03:00:00,235.168258667,0.5118374698414503
7588,2019-08-13 04:00:00,234.891738892,0.23854735876052235
7589,2019-08-13 05:00:00,234.666610718,0.04417387732303224
7590,2019-08-13 06:00:00,234.484130859,0.09758846480841898
7591,2019-08-13 07:00:00,234.335678101,0.29155440952766376
7592,2019-08-13 08:00:00,234.213287354,0.3196811222561373
7593,2019-08-13 09:00:00,234.11378479,0.7707136246387974
7594,2019-08-13 10:00:00,234.036895752,0.29748721945755263
7595,2019-08-13 11:00:00,233.979187012,0.4720778411071006
7596,2019-08-13 12:00:00,233.929718018,0.38619073936169135
7597,2019-08-13 13:00:00,233.88835144,0.2709099306680236
7598,2019-08-13 14:00:00,233.857070923,0.6582939012069593
7599,2019-08-13 15:00:00,233.828674316,0.8214732443669577
7600,2019-08-13 16:00:00,233.826568604,0.13484880188977943
7601,2019-08-13 17:00:00,233.840240479,0.5253441902362682
7602,2019-08-13 18:00:00,233.713027954,0.255027052147598
7603,2019-08-13 19:00:00,233.466552734,0.12382913253447236
7604,2019-08-13 20:00:00,233.163818359,0.6047123059489725
7605,2019-08-13 21:00:00,232.631057739,0.23273793478125382
7606,2019-08-13 22:00:00,231.862670898,0.005729540873113614
7607,2019-08-13 23:00:00,231.203170776,0.2857917206655196
7608,2019-08-14 00:00:00,230.600738525,0.37368421751752845
7609,2019-08-14 01:00:00,230.106491089,0.887537352666598
7610,2019-08-14 02:00:00,229.699813843,0.8079588441035056
7611,2019-08-14 03:00:00,229.367828369,0.08774634097281286
7612,2019-08-14 04:00:00,229.093902588,0.5997371401954009
7613,2019-08-14 05:00:00,228.868133545,0.2806495747776092
7614,2019-08-14 06:00:00,228.680450439,0.8668955355417326
7615,2019-08-14 07:00:00,228.527450562,0.41503325288573467
7616,2019-08-14 08:00:00,228.402633667,0.5073565083377115
7617,2019-08-14 09:00:00,228.301773071,0.6742852121494232
7618,2019-08-14 10:00:00,228.219039917,0.8821985745467638
7619,2019-08-14 11:00:00,228.148727417,0.7076376483062395
7620,2019-08-14 12:00:00,228.094207764,0.6653733939507335
7621,2019-08-14 13:00:00,228.046035767,0.8847742671496661
7622,2019-08-14 14:00:00,228.006515503,0.6209283427217369
7623,2019-08-14 15:00:00,227.97026062,0.44091336129364544
7624,2019-08-14 16:00:00,227.953079224,0.997393105878389
7625,2019-08-14 17:00:00,227.948120117,0.20465667306396884
7626,2019-08-14 18:00:00,227.879547119,0.46154824224924795
7627,2019-08-14 19:00:00,227.415313721,0.33879337831143397
7628,2019-08-14 20:00:00,226.836303711,0.9504931676572396
7629,2019-08-14 21:00:00,226.154174805,0.5023698943994421
7630,2019-08-14 22:00:00,225.073928833,0.09927606480459494
7631,2019-08-14 23:00:00,224.103973389,0.9160648775682827
7632,2019-08-15 00:00:00,223.283950806,0.6876937806566151
7633,2019-08-15 01:00:00,222.601974487,0.5592114252515336
7634,2019-08-15 02:00:00,222.046035767,0.39307748329180336
7635,2019-08-15 03:00:00,221.589050293,0.7126422420704314
7636,2019-08-15 04:00:00,221.2059021,0.2660192490714002
7637,2019-08-15 05:00:00,220.893814087,0.0248033868900287
7638,2019-08-15 06:00:00,220.642105103,0.10816726547345201
7639,2019-08-15 07:00:00,220.436004639,0.25419830347713557
7640,2019-08-15 08:00:00,220.266082764,0.6908990329018624
7641,2019-08-15 09:00:00,220.126754761,0.4229654715283876
7642,2019-08-15 10:00:00,220.007537842,0.8200073114903573
7643,2019-08-15 11:00:00,219.911880493,0.37071753418300357
7644,2019-08-15 12:00:00,219.831954956,0.3860874909863127
7645,2019-08-15 13:00:00,219.76600647,0.1908718018830179
7646,2019-08-15 14:00:00,219.712982178,0.3953252167321861
7647,2019-08-15 15:00:00,219.664581299,0.20003296839041507
7648,2019-08-15 16:00:00,219.624084473,0.22632396063145976
7649,2019-08-15 17:00:00,219.544921875,0.08386252361660829
7650,2019-08-15 18:00:00,219.255615234,0.02558565064335061
7651,2019-08-15 19:00:00,218.822921753,0.08454950954271212
7652,2019-08-15 20:00:00,218.122833252,0.4710314411731219
7653,2019-08-15 21:00:00,217.483230591,0.17577909333721908
7654,2019-08-15 22:00:00,216.765457153,0.7634513861436698
7655,2019-08-15 23:00:00,215.768051147,0.18919253144263393
7656,2019-08-16 00:00:00,215.010894775,0.5994672295661506
7657,2019-08-16 01:00:00,214.389160156,0.6244535146071083
7658,2019-08-16 02:00:00,213.87663269,0.7246808114811549
7659,2019-08-16 03:00:00,213.456756592,0.5146326719797887
7660,2019-08-16 04:00:00,213.116760254,0.058234447121614075
7661,2019-08-16 05:00:00,212.83253479,0.7654169234136627
7662,2019-08-16 06:00:00,212.599655151,0.32456653343512243
7663,2019-08-16 07:00:00,212.406707764,0.5980142798258138
7664,2019-08-16 08:00:00,212.246765137,0.9639282101923458
7665,2019-08-16 09:00:00,212.113372803,0.3162433626133656
7666,2019-08-16 10:00:00,212.003417969,0.665134117908649
7667,2019-08-16 11:00:00,211.916030884,0.9558433128839187
7668,2019-08-16 12:00:00,211.843688965,0.12119735992299618
7669,2019-08-16 13:00:00,211.785552979,0.4704898036095727
7670,2019-08-16 14:00:00,211.736404419,0.7150035805567557
7671,2019-08-16 15:00:00,211.690216064,0.26484697642005006
7672,2019-08-16 16:00:00,211.619750977,0.5013640380531246
7673,2019-08-16 17:00:00,211.51789856,0.9977717063276563
7674,2019-08-16 18:00:00,211.210510254,0.019436566255760623
7675,2019-08-16 19:00:00,210.656188965,0.725247659663908
7676,2019-08-16 20:00:00,209.837127686,0.9256635294510445
7677,2019-08-16 21:00:00,208.673843384,0.37263973341405066
7678,2019-08-16 22:00:00,207.559738159,0.5361849888335516
7679,2019-08-16 23:00:00,206.563735962,0.04574344150872256
7680,2019-08-17 00:00:00,205.741622925,0.2207516096927441
7681,2019-08-17 01:00:00,205.047729492,0.4154904924218107
7682,2019-08-17 02:00:00,204.486862183,0.6388351877364163
7683,2019-08-17 03:00:00,204.029403687,0.2241145029876166
7684,2019-08-17 04:00:00,203.649887085,0.789201068914613
7685,2019-08-17 05:00:00,203.335494995,0.6233997656185456
7686,2019-08-17 06:00:00,203.077453613,0.32943961761979945
7687,2019-08-17 07:00:00,202.865020752,0.3156226107525273
7688,2019-08-17 08:00:00,202.689788818,0.2429504806293653
7689,2019-08-17 09:00:00,202.546234131,0.11831053287728277
7690,2019-08-17 10:00:00,202.427856445,0.7068366367888222
7691,2019-08-17 11:00:00,202.328460693,0.3586928980629137
7692,2019-08-17 12:00:00,202.24432373,0.04871108386019518
7693,2019-08-17 13:00:00,202.172515869,0.3316893028368607
7694,2019-08-17 14:00:00,202.110427856,0.6429994863241455
7695,2019-08-17 15:00:00,202.056228638,0.9870357444806783
7696,2019-08-17 16:00:00,202.002227783,0.14938168734484614
7697,2019-08-17 17:00:00,201.799743652,0.11518858290404987
7698,2019-08-17 18:00:00,201.345535278,0.46853653469299095
7699,2019-08-17 19:00:00,200.939483643,0.5645397863686725
7700,2019-08-17 20:00:00,200.439712524,0.8729573027499221
7701,2019-08-17 21:00:00,199.759399414,0.49055731960081805
7702,2019-08-17 22:00:00,198.967132568,0.8169836395460138
7703,2019-08-17 23:00:00,198.228988647,0.4566756062984465
7704,2019-08-18 00:00:00,197.618118286,0.7454087404546702
7705,2019-08-18 01:00:00,197.122924805,0.3652965786656096
7706,2019-08-18 02:00:00,196.715316772,0.12908466026645193
7707,2019-08-18 03:00:00,196.381851196,0.9011883577056763
7708,2019-08-18 04:00:00,196.107269287,0.37293803118353896
7709,2019-08-18 05:00:00,195.877960205,0.797889649621067
7710,2019-08-18 06:00:00,195.688552856,0.8340714343268257
7711,2019-08-18 07:00:00,195.530441284,0.6785991943236952
7712,2019-08-18 08:00:00,195.401275635,0.17134694201083556
7713,2019-08-18 09:00:00,195.296630859,0.7775591062644374
7714,2019-08-18 10:00:00,195.211364746,0.4986716204398012
7715,2019-08-18 11:00:00,195.141098022,0.24914233097105154
7716,2019-08-18 12:00:00,195.081741333,0.15312116768810224
7717,2019-08-18 13:00:00,195.031219482,0.7861168230761826
7718,2019-08-18 14:00:00,194.989746094,0.8553065435788714
7719,2019-08-18 15:00:00,194.951782227,0.3543940968165993
7720,2019-08-18 16:00:00,194.916290283,0.4660129789560392
7721,2019-08-18 17:00:00,194.870407104,0.8631491584678312
7722,2019-08-18 18:00:00,194.77142334,0.4935011952493207
7723,2019-08-18 19:00:00,194.493209839,0.6642761754046305
7724,2019-08-18 20:00:00,194.045257568,0.07290185236865199
7725,2019-08-18 21:00:00,193.480148315,0.513017953574044
7726,2019-08-18 22:00:00,192.806091309,0.9198901412609799
7727,2019-08-18 23:00:00,192.193984985,0.44274900290462404
7728,2019-08-19 00:00:00,191.695861816,0.961010593752702
7729,2019-08-19 01:00:00,191.2762146,0.48888239505971
7730,2019-08-19 02:00:00,190.938400269,0.84794181972848
7731,2019-08-19 03:00:00,190.66104126,0.5638191830785014
7732,2019-08-19 04:00:00,190.43572998,0.3993431436089152
7733,2019-08-19 05:00:00,190.249679565,0.4990540382657571
7734,2019-08-19 06:00:00,190.090621948,0.49895274338397033
7735,2019-08-19 07:00:00,189.963500977,0.9304487603518521
7736,2019-08-19 08:00:00,189.858551025,0.20070469690148807
7737,2019-08-19 09:00:00,189.771392822,0.3618644876664755
7738,2019-08-19 10:00:00,189.698486328,0.3716045274893087
7739,2019-08-19 11:00:00,189.638046265,0.7048263610669117
7740,2019-08-19 12:00:00,189.589355469,0.8429571511254838
7741,2019-08-19 13:00:00,189.549072266,0.2909124162774712
7742,2019-08-19 14:00:00,189.514221191,0.6568634858521113
7743,2019-08-19 15:00:00,189.482147217,0.4976149392536413
7744,2019-08-19 16:00:00,189.452362061,0.946511268813735
7745,2019-08-19 17:00:00,189.425140381,0.3588711215279875
7746,2019-08-19 18:00:00,189.202301025,0.3577343985030539
7747,2019-08-19 19:00:00,188.806655884,0.01271082126154155
7748,2019-08-19 20:00:00,188.276855469,0.5366265199186424
7749,2019-08-19 21:00:00,187.550827026,0.24418285146550334
7750,2019-08-19 22:00:00,186.94670105,0.6017916554281605
7751,2019-08-19 23:00:00,186.353469849,0.8320914681663976
7752,2019-08-20 00:00:00,185.867050171,0.22620919736512146
7753,2019-08-20 01:00:00,185.469696045,0.4565218611970959
7754,2019-08-20 02:00:00,185.14163208,0.6114765938179125
7755,2019-08-20 03:00:00,184.865219116,0.21984144039869769
7756,2019-08-20 04:00:00,184.637878418,0.7139785418183625
7757,2019-08-20 05:00:00,184.448196411,0.3728356174226982
7758,2019-08-20 06:00:00,184.289169312,0.5014632468758019
7759,2019-08-20 07:00:00,184.159408569,0.02131298749307131
7760,2019-08-20 08:00:00,184.056152344,0.2618263781883071
7761,2019-08-20 09:00:00,183.972442627,0.5330326047641276
7762,2019-08-20 10:00:00,183.903823853,0.9425569315512471
7763,2019-08-20 11:00:00,183.846282959,0.49374080587841884
7764,2019-08-20 12:00:00,183.798370361,0.5997847023713399
7765,2019-08-20 13:00:00,183.75743103,0.5869520884713518
7766,2019-08-20 14:00:00,183.722488403,0.458241071762473
7767,2019-08-20 15:00:00,183.689971924,0.15619212980219488
7768,2019-08-20 16:00:00,183.660232544,0.5958902217368062
7769,2019-08-20 17:00:00,183.630615234,0.41504085565023563
7770,2019-08-20 18:00:00,183.502044678,0.689748432992897
7771,2019-08-20 19:00:00,183.197845459,0.9346538893543321
7772,2019-08-20 20:00:00,182.733154297,0.601596636762212
7773,2019-08-20 21:00:00,182.133590698,0.24875222239697825
7774,2019-08-20 22:00:00,181.452041626,0.8415349048267378
7775,2019-08-20 23:00:00,180.694290161,0.9410611208239051
7776,2019-08-21 00:00:00,180.074111938,0.5913838063918808
7777,2019-08-21 01:00:00,179.569793701,0.37165281870134703
7778,2019-08-21 02:00:00,179.15007019,0.6844607547017107
7779,2019-08-21 03:00:00,178.807815552,0.20541605438852661
7780,2019-08-21 04:00:00,178.532089233,0.922490366382601
7781,2019-08-21 05:00:00,178.304840088,0.2369151864468676
7782,2019-08-21 06:00:00,178.114364624,0.12329471426553718
7783,2019-08-21 07:00:00,177.955566406,0.056430935205933674
7784,2019-08-21 08:00:00,177.816162109,0.8427164183784541
7785,2019-08-21 09:00:00,177.70513916,0.045648633738276656
7786,2019-08-21 10:00:00,177.621292114,0.22576318289952024
7787,2019-08-21 11:00:00,177.555755615,0.9368121792526355
7788,2019-08-21 12:00:00,177.500854492,0.19628066535783106
7789,2019-08-21 13:00:00,177.453262329,0.040670619563156096
7790,2019-08-21 14:00:00,177.413040161,0.9927243830048514
7791,2019-08-21 15:00:00,177.374389648,0.23612749684724377
7792,2019-08-21 16:00:00,177.284896851,0.8238050861530957
7793,2019-08-21 17:00:00,177.045272827,0.011612962263629512
7794,2019-08-21 18:00:00,176.661834717,0.4160371087677316
7795,2019-08-21 19:00:00,176.170944214,0.4694491856354024
7796,2019-08-21 20:00:00,175.124359131,0.5200956768012358
7797,2019-08-21 21:00:00,174.181518555,0.964189510233391
7798,2019-08-21 22:00:00,173.241531372,0.8859289915648014
7799,2019-08-21 23:00:00,172.326507568,0.1655774231910201
7800,2019-08-22 00:00:00,171.587936401,0.8059245280764877
7801,2019-08-22 01:00:00,170.985687256,0.10362987899097109
7802,2019-08-22 02:00:00,170.487197876,0.4686424017145576
7803,2019-08-22 03:00:00,170.07875061,0.9756959589253736
7804,2019-08-22 04:00:00,169.741821289,0.0950633404995459
7805,2019-08-22 05:00:00,169.463806152,0.31354030697982005
7806,2019-08-22 06:00:00,169.234771729,0.3801547305027251
7807,2019-08-22 07:00:00,169.046813965,0.22763655179661935
7808,2019-08-22 08:00:00,168.893127441,0.5754032941552861
7809,2019-08-22 09:00:00,168.76751709,0.23910869414481872
7810,2019-08-22 10:00:00,168.664459229,0.29008747913020594
7811,2019-08-22 11:00:00,168.584640503,0.06297650801875054
7812,2019-08-22 12:00:00,168.519989014,0.4253069137420764
7813,2019-08-22 13:00:00,168.468109131,0.5410811192307019
7814,2019-08-22 14:00:00,168.421844482,0.6532175167572106
7815,2019-08-22 15:00:00,168.377182007,0.07904404806190257
7816,2019-08-22 16:00:00,168.336898804,0.5600984060351166
7817,2019-08-22 17:00:00,168.254608154,0.23823728187800874
7818,2019-08-22 18:00:00,167.89604187,0.27698452134152296
7819,2019-08-22 19:00:00,167.307769775,0.0777476505432445
7820,2019-08-22 20:00:00,166.507217407,0.45748824599509885
7821,2019-08-22 21:00:00,165.683486938,0.682117929817413
7822,2019-08-22 22:00:00,164.816574097,0.5046515409793988
7823,2019-08-22 23:00:00,163.965286255,0.2073152299304334
7824,2019-08-23 00:00:00,163.262329102,0.2663859995856759
7825,2019-08-23 01:00:00,162.692276001,0.9190289840577356
7826,2019-08-23 02:00:00,162.224899292,0.3083321410418358
7827,2019-08-23 03:00:00,161.843322754,0.7000820124023068
7828,2019-08-23 04:00:00,161.52696228,0.8398190611075959
7829,2019-08-23 05:00:00,161.265731812,0.05951572479323697
7830,2019-08-23 06:00:00,161.049560547,0.4123271515796949
7831,2019-08-23 07:00:00,160.871704102,0.8277082687738233
7832,2019-08-23 08:00:00,160.723373413,0.45642292883212177
7833,2019-08-23 09:00:00,160.600646973,0.46650982516600414
7834,2019-08-23 10:00:00,160.497772217,0.553407103810002
7835,2019-08-23 11:00:00,160.412094116,0.36470647579498483
7836,2019-08-23 12:00:00,160.339706421,0.30770274077043114
7837,2019-08-23 13:00:00,160.277084351,0.7923988074365236
7838,2019-08-23 14:00:00,160.225097656,0.9551212317935405
7839,2019-08-23 15:00:00,160.176712036,0.46731314226453546
7840,2019-08-23 16:00:00,160.132766724,0.8248112472155409
7841,2019-08-23 17:00:00,160.034439087,0.6459763333513511
7842,2019-08-23 18:00:00,159.78314209,0.903383241836077
7843,2019-08-23 19:00:00,159.428329468,0.20126345060152218
7844,2019-08-23 20:00:00,158.910308838,0.05303054189715084
7845,2019-08-23 21:00:00,158.298202515,0.3152439229251903
7846,2019-08-23 22:00:00,157.572525024,0.6881326471351081
7847,2019-08-23 23:00:00,156.791885376,0.9015644047920699
7848,2019-08-24 00:00:00,156.17300415,0.12287371797129054
7849,2019-08-24 01:00:00,155.666381836,0.7233655864912675
7850,2019-08-24 02:00:00,155.250564575,0.7122924517268321
7851,2019-08-24 03:00:00,154.91065979,0.7394528294866556
7852,2019-08-24 04:00:00,154.629821777,0.5242130032236201
7853,2019-08-24 05:00:00,154.398086548,0.5290680907830773
7854,2019-08-24 06:00:00,154.204620361,0.955277040273161
7855,2019-08-24 07:00:00,154.042617798,0.23361430582476161
7856,2019-08-24 08:00:00,153.91116333,0.04896035691371703
7857,2019-08-24 09:00:00,153.804931641,0.04365228156148426
7858,2019-08-24 10:00:00,153.717605591,0.8771723377792096
7859,2019-08-24 11:00:00,153.645736694,0.5013791860501452
7860,2019-08-24 12:00:00,153.58505249,0.8015891260758994
7861,2019-08-24 13:00:00,153.537033081,0.9248114735525473
7862,2019-08-24 14:00:00,153.494903564,0.5444873660403012
7863,2019-08-24 15:00:00,153.454391479,0.05916225852934487
7864,2019-08-24 16:00:00,153.399795532,0.37849375438751875
7865,2019-08-24 17:00:00,153.317932129,0.36499927290835044
7866,2019-08-24 18:00:00,152.921508789,0.4050792505518074
7867,2019-08-24 19:00:00,152.254867554,0.7840804370790446
7868,2019-08-24 20:00:00,151.263442993,0.11904788228385921
7869,2019-08-24 21:00:00,150.092926025,0.4021973023759906
7870,2019-08-24 22:00:00,148.595214844,0.29871963916656874
7871,2019-08-24 23:00:00,147.460281372,0.9475232166818952
7872,2019-08-25 00:00:00,146.561523438,0.0012227694754288754
7873,2019-08-25 01:00:00,145.816268921,0.9451365958456461
7874,2019-08-25 02:00:00,145.198791504,0.434436146157652
7875,2019-08-25 03:00:00,144.68862915,0.902181924955437
7876,2019-08-25 04:00:00,144.271072388,0.5250375087111234
7877,2019-08-25 05:00:00,143.920913696,0.6422114316692594
7878,2019-08-25 06:00:00,143.628662109,0.05563651561400074
7879,2019-08-25 07:00:00,143.38369751,0.5208780818585167
7880,2019-08-25 08:00:00,143.174499512,0.32345744496238793
7881,2019-08-25 09:00:00,142.999465942,0.6867806285994049
7882,2019-08-25 10:00:00,142.854919434,0.12768922274055539
7883,2019-08-25 11:00:00,142.736022949,0.3706560536762171
7884,2019-08-25 12:00:00,142.637374878,0.9276842957206234
7885,2019-08-25 13:00:00,142.555160522,0.9559098225422891
7886,2019-08-25 14:00:00,142.484344482,0.5466172564250972
7887,2019-08-25 15:00:00,142.417068481,0.38940778045374735
7888,2019-08-25 16:00:00,142.305221558,0.24761706948108564
7889,2019-08-25 17:00:00,141.891159058,0.4945164327399517
7890,2019-08-25 18:00:00,141.120544434,0.9061527350890569
7891,2019-08-25 19:00:00,140.222686768,0.7876372032166148
7892,2019-08-25 20:00:00,139.210906982,0.10768933665779978
7893,2019-08-25 21:00:00,137.85760498,0.40569237863521035
7894,2019-08-25 22:00:00,136.270889282,0.676085662788924
7895,2019-08-25 23:00:00,134.717376709,0.17725683273206672
7896,2019-08-26 00:00:00,133.49395752,0.675516683325131
7897,2019-08-26 01:00:00,132.475326538,0.9576096794122033
7898,2019-08-26 02:00:00,131.620529175,0.8784744482639751
7899,2019-08-26 03:00:00,130.919174194,0.5426545608173267
7900,2019-08-26 04:00:00,130.336532593,0.5367249672930955
7901,2019-08-26 05:00:00,129.851104736,0.35358772207252276
7902,2019-08-26 06:00:00,129.453643799,0.7436520234800482
7903,2019-08-26 07:00:00,129.055221558,0.32750604791080684
7904,2019-08-26 08:00:00,128.710586548,0.12542083915989288
7905,2019-08-26 09:00:00,128.42930603,0.6911714206407618
7906,2019-08-26 10:00:00,128.19619751,0.37216472002793866
7907,2019-08-26 11:00:00,128.003997803,0.3385593606464652
7908,2019-08-26 12:00:00,127.84186554,0.9687240328151526
7909,2019-08-26 13:00:00,127.704330444,0.5022638357662346
7910,2019-08-26 14:00:00,127.595420837,0.30654601875868737
7911,2019-08-26 15:00:00,127.454460144,0.887574677083867
7912,2019-08-26 16:00:00,127.066947937,0.3183002472639277
7913,2019-08-26 17:00:00,126.351158142,0.7502434731015999
7914,2019-08-26 18:00:00,125.351875305,0.05934444247060744
7915,2019-08-26 19:00:00,124.272644043,0.9666073485293323
7916,2019-08-26 20:00:00,122.801239014,0.36383890842242606
7917,2019-08-26 21:00:00,121.251541138,0.4746103181273781
7918,2019-08-26 22:00:00,119.488105774,0.9092850117439502
7919,2019-08-26 23:00:00,117.705459595,0.20031250641474496
7920,2019-08-27 00:00:00,116.295967102,0.9990678080471475
7921,2019-08-27 01:00:00,115.117095947,0.7054029236684409
7922,2019-08-27 02:00:00,114.139434814,0.043498084160611405
7923,2019-08-27 03:00:00,113.339622498,0.6773760290069134
7924,2019-08-27 04:00:00,112.682998657,0.5253836495551442
7925,2019-08-27 05:00:00,112.132751465,0.22699741327330603
7926,2019-08-27 06:00:00,111.677886963,0.23743527020957322
7927,2019-08-27 07:00:00,111.303352356,0.49674378704887734
7928,2019-08-27 08:00:00,110.993743896,0.952696763735646
7929,2019-08-27 09:00:00,110.738464355,0.2942226119554947
7930,2019-08-27 10:00:00,110.527404785,0.4528843538770607
7931,2019-08-27 11:00:00,110.353561401,0.6083039370802296
7932,2019-08-27 12:00:00,110.210578918,0.6643069227388764
7933,2019-08-27 13:00:00,110.090232849,0.07835760520207358
7934,2019-08-27 14:00:00,109.985427856,0.022412438862215334
7935,2019-08-27 15:00:00,109.882850647,0.5454384543225614
7936,2019-08-27 16:00:00,109.710655212,0.7405051972954925
7937,2019-08-27 17:00:00,109.395210266,0.482140411570926
7938,2019-08-27 18:00:00,108.920516968,0.42607618283409754
7939,2019-08-27 19:00:00,108.1275177,0.7139125628177335
7940,2019-08-27 20:00:00,107.338768005,0.7932149586307374
7941,2019-08-27 21:00:00,106.343444824,0.6162653654750017
7942,2019-08-27 22:00:00,105.241043091,0.8141303070327719
7943,2019-08-27 23:00:00,104.197647095,0.8446566915371753
7944,2019-08-28 00:00:00,103.378318787,0.8339799651942886
7945,2019-08-28 01:00:00,102.701911926,0.826279318616489
7946,2019-08-28 02:00:00,102.149597168,0.7213929394174017
7947,2019-08-28 03:00:00,101.69367981,0.30012732059874014
7948,2019-08-28 04:00:00,101.320884705,0.3423590323298432
7949,2019-08-28 05:00:00,101.006774902,0.9155545104578644
7950,2019-08-28 06:00:00,100.745689392,0.2672047342042967
7951,2019-08-28 07:00:00,100.52999115,0.8356127540051144
7952,2019-08-28 08:00:00,100.345924377,0.9182824906699061
7953,2019-08-28 09:00:00,100.190704346,0.07616706413743413
7954,2019-08-28 10:00:00,100.058372498,0.2292933536403161
7955,2019-08-28 11:00:00,99.951461792,0.06187123432393127
7956,2019-08-28 12:00:00,99.863975525,0.35646752121967795
7957,2019-08-28 13:00:00,99.785552979,0.8283719718355059
7958,2019-08-28 14:00:00,99.719970703,0.5692341063657443
7959,2019-08-28 15:00:00,99.659431458,0.31244110428030114
7960,2019-08-28 16:00:00,99.599945068,0.6693750031570413
7961,2019-08-28 17:00:00,99.497566223,0.7282319629239241
7962,2019-08-28 18:00:00,99.230995178,0.6414633321146548
7963,2019-08-28 19:00:00,98.803756714,0.4875499274467283
7964,2019-08-28 20:00:00,98.192214966,0.17993036132132478
7965,2019-08-28 21:00:00,97.365715027,0.0055094493267147104
7966,2019-08-28 22:00:00,96.555130005,0.4493697031663252
7967,2019-08-28 23:00:00,95.796432495,0.0861880387928936
7968,2019-08-29 00:00:00,95.188232422,0.7353568901246335
7969,2019-08-29 01:00:00,94.686264038,0.06089097666743126
7970,2019-08-29 02:00:00,94.266334534,0.8823316965763066
7971,2019-08-29 03:00:00,93.915023804,0.9634964681458006
7972,2019-08-29 04:00:00,93.617279053,0.6813573868380188
7973,2019-08-29 05:00:00,93.380195618,0.020758418616684593
7974,2019-08-29 06:00:00,93.183296204,0.2591996105470833
7975,2019-08-29 07:00:00,93.011116028,0.289816651280421
7976,2019-08-29 08:00:00,92.86579895,0.711417201945056
7977,2019-08-29 09:00:00,92.740623474,0.585020887311339
7978,2019-08-29 10:00:00,92.634338379,0.5730303224658617
7979,2019-08-29 11:00:00,92.542236328,0.20570769390898347
7980,2019-08-29 12:00:00,92.463775635,0.26163770460039815
7981,2019-08-29 13:00:00,92.395950317,0.2181607384593519
7982,2019-08-29 14:00:00,92.339569092,0.7252709430694217
7983,2019-08-29 15:00:00,92.290382385,0.09017601553144639
7984,2019-08-29 16:00:00,92.241111755,0.7983860176014054
7985,2019-08-29 17:00:00,92.156143188,0.1613120402143925
7986,2019-08-29 18:00:00,91.847358704,0.05596284060918877
7987,2019-08-29 19:00:00,91.329803467,0.14819423365105722
7988,2019-08-29 20:00:00,90.736282349,0.6717880116029813
7989,2019-08-29 21:00:00,90.060699463,0.898689538963245
7990,2019-08-29 22:00:00,89.287010193,0.5068131860680861
7991,2019-08-29 23:00:00,88.522789001,0.4072716164364485
7992,2019-08-30 00:00:00,87.873664856,0.4248993469471023
7993,2019-08-30 01:00:00,87.305534363,0.008459604518534447
7994,2019-08-30 02:00:00,86.83959198,0.8212458419030154
7995,2019-08-30 03:00:00,86.457771301,0.5893593190700729
7996,2019-08-30 04:00:00,86.146133423,0.7042043507803359
7997,2019-08-30 05:00:00,85.889961243,0.8619131479182857
7998,2019-08-30 06:00:00,85.68056488,0.9232929689388671
7999,2019-08-30 07:00:00,85.504989624,0.7548810079937951
8000,2019-08-30 08:00:00,85.361061096,0.6083244171335239
8001,2019-08-30 09:00:00,85.238456726,0.752429326680269
8002,2019-08-30 10:00:00,85.136161804,0.6637936082921435
8003,2019-08-30 11:00:00,85.057159424,0.686529377097851
8004,2019-08-30 12:00:00,84.98828125,0.3065774352049355
8005,2019-08-30 13:00:00,84.929748535,0.37107519400099864
8006,2019-08-30 14:00:00,84.878440857,0.5458669222481723
8007,2019-08-30 15:00:00,84.809020996,0.39155386919907365
8008,2019-08-30 16:00:00,84.617240906,0.1337308813538325
8009,2019-08-30 17:00:00,84.137207031,0.7420143789526233
8010,2019-08-30 18:00:00,83.632759094,0.5343311747547498
8011,2019-08-30 19:00:00,83.00177002,0.7629264967948459
8012,2019-08-30 20:00:00,82.201019287,0.4174845585264708
8013,2019-08-30 21:00:00,81.226890564,0.7221758072973757
8014,2019-08-30 22:00:00,80.070884705,0.695520555902039
8015,2019-08-30 23:00:00,78.694122314,0.36293808663349225
8016,2019-08-31 00:00:00,77.614509583,0.571610414553155
8017,2019-08-31 01:00:00,76.702766418,0.910124270744749
8018,2019-08-31 02:00:00,75.957305908,0.20599742139672927
8019,2019-08-31 03:00:00,75.34601593,0.9181253106450373
8020,2019-08-31 04:00:00,74.840148926,0.23264160036896175
8021,2019-08-31 05:00:00,74.421302795,0.6069782722684922
8022,2019-08-31 06:00:00,74.07572937,0.965191778295444
8023,2019-08-31 07:00:00,73.791038513,0.7201109352843819
8024,2019-08-31 08:00:00,73.556999207,0.6316711945992383
8025,2019-08-31 09:00:00,73.367446899,0.5125073949432614
8026,2019-08-31 10:00:00,73.204673767,0.21467958737915704
8027,2019-08-31 11:00:00,73.071334839,0.7715888109030586
8028,2019-08-31 12:00:00,72.961097717,0.5731816327079907
8029,2019-08-31 13:00:00,72.867294312,0.8702956197024517
8030,2019-08-31 14:00:00,72.787231445,0.7558183928006352
8031,2019-08-31 15:00:00,72.707710266,0.11514680998922888
8032,2019-08-31 16:00:00,72.46105957,0.620935586931292
8033,2019-08-31 17:00:00,72.190643311,0.34892292023487625
8034,2019-08-31 18:00:00,71.760391235,0.6493933470195108
8035,2019-08-31 19:00:00,71.196983337,0.8316458863621898
8036,2019-08-31 20:00:00,70.493431091,0.16808817713827495
8037,2019-08-31 21:00:00,69.653053284,0.1545483665666929
8038,2019-08-31 22:00:00,68.775337219,0.40890235298795174
8039,2019-08-31 23:00:00,67.920074463,0.6967323152524271
8040,2019-09-01 00:00:00,67.243499756,0.32822748646403677
8041,2019-09-01 01:00:00,66.687568665,0.5385653914066559
8042,2019-09-01 02:00:00,66.22252655,0.19756439351388533
8043,2019-09-01 03:00:00,65.842842102,0.3209323782749478
8044,2019-09-01 04:00:00,65.531486511,0.9846487128365968
8045,2019-09-01 05:00:00,65.275871277,0.6733830737246578
8046,2019-09-01 06:00:00,65.066162109,0.28303307678234
8047,2019-09-01 07:00:00,64.894485474,0.8573872376712699
8048,2019-09-01 08:00:00,64.75213623,0.04118454746944533
8049,2019-09-01 09:00:00,64.632675171,0.5491344638692283
8050,2019-09-01 10:00:00,64.53175354,0.6043068647039612
8051,2019-09-01 11:00:00,64.45275116,0.4463398612599515
8052,2019-09-01 12:00:00,64.388000488,0.626726518766612
8053,2019-09-01 13:00:00,64.335464478,0.9667431132034789
8054,2019-09-01 14:00:00,64.288841248,0.4611496464412571
8055,2019-09-01 15:00:00,64.242805481,0.2827272814467221
8056,2019-09-01 16:00:00,64.147293091,0.7353307897364061
8057,2019-09-01 17:00:00,63.863742828,0.8373462458067721
8058,2019-09-01 18:00:00,63.349086761,0.4026249282572426
8059,2019-09-01 19:00:00,62.637420654,0.6496924002148324
8060,2019-09-01 20:00:00,61.764251709,0.46187660636713146
8061,2019-09-01 21:00:00,60.779151917,0.019245990157210846
8062,2019-09-01 22:00:00,59.722427368,0.977039075982748
8063,2019-09-01 23:00:00,58.652481079,0.5085333456184834
8064,2019-09-02 00:00:00,57.830924988,0.1509132861785819
8065,2019-09-02 01:00:00,57.14855957,0.5564307894762917
8066,2019-09-02 02:00:00,56.579170227,0.8160678890410537
8067,2019-09-02 03:00:00,56.112564087,0.17071032997671198
8068,2019-09-02 04:00:00,55.727722168,0.08907288472845254
8069,2019-09-02 05:00:00,55.411937714,0.11260315014895261
8070,2019-09-02 06:00:00,55.154220581,0.8301870436532437
8071,2019-09-02 07:00:00,54.93636322,0.5322708237257925
8072,2019-09-02 08:00:00,54.758930206,0.3442601234457864
8073,2019-09-02 09:00:00,54.610424042,0.46781896059771133
8074,2019-09-02 10:00:00,54.493347168,0.9683825357883528
8075,2019-09-02 11:00:00,54.3996315,0.9216991477687974
8076,2019-09-02 12:00:00,54.321968079,0.05930149016442632
8077,2019-09-02 13:00:00,54.252365112,0.11120229261500614
8078,2019-09-02 14:00:00,54.194393158,0.8487166787882672
8079,2019-09-02 15:00:00,54.135490417,0.24416594229753397
8080,2019-09-02 16:00:00,54.001384735,0.8145285427176895
8081,2019-09-02 17:00:00,53.699363708,0.47511917376211443
8082,2019-09-02 18:00:00,53.172325134,0.5557183492528177
8083,2019-09-02 19:00:00,52.568653107,0.31597172331312817
8084,2019-09-02 20:00:00,51.798229218,0.8380301363283308
8085,2019-09-02 21:00:00,50.848136902,0.7558816602092664
8086,2019-09-02 22:00:00,49.87297821,0.8910428543924148
8087,2019-09-02 23:00:00,48.943183899,0.12633584410972987
8088,2019-09-03 00:00:00,48.209449768,0.402537095469958
8089,2019-09-03 01:00:00,47.607250214,0.3550802694849122
8090,2019-09-03 02:00:00,47.112308502,0.9507494798816604
8091,2019-09-03 03:00:00,46.708557129,0.3905170532352428
8092,2019-09-03 04:00:00,46.3763237,0.33704963529959686
8093,2019-09-03 05:00:00,46.101600647,0.8005660509895587
8094,2019-09-03 06:00:00,45.872566223,0.6410773843346413
8095,2019-09-03 07:00:00,45.687767029,0.6581684287169418
8096,2019-09-03 08:00:00,45.534210205,0.6697985389148566
8097,2019-09-03 09:00:00,45.407310486,0.8882077707480351
8098,2019-09-03 10:00:00,45.297992706,0.9710817889831187
8099,2019-09-03 11:00:00,45.207893372,0.4530295358392479
8100,2019-09-03 12:00:00,45.138408661,0.40719258954132087
8101,2019-09-03 13:00:00,45.081550598,0.18113328915340277
8102,2019-09-03 14:00:00,45.025848389,0.626716087362711
8103,2019-09-03 15:00:00,44.961959839,0.6951691487682221
8104,2019-09-03 16:00:00,44.826896667,0.7073063922444799
8105,2019-09-03 17:00:00,44.481712341,0.7758598655706729
8106,2019-09-03 18:00:00,43.85200882,0.9786839214972718
8107,2019-09-03 19:00:00,43.13495636,0.21623955188776323
8108,2019-09-03 20:00:00,42.209934235,0.23560318938928926
8109,2019-09-03 21:00:00,40.474918365,0.031736826650620054
8110,2019-09-03 22:00:00,38.711509705,0.11978902566486926
8111,2019-09-03 23:00:00,37.291603088,0.6621886444964302
8112,2019-09-04 00:00:00,36.160449982,0.9297920774899534
8113,2019-09-04 01:00:00,35.226661682,0.49205537111174014
8114,2019-09-04 02:00:00,34.451141357,0.879738650214219
8115,2019-09-04 03:00:00,33.800865173,0.8634854346183125
8116,2019-09-04 04:00:00,33.257572174,0.8030376823118104
8117,2019-09-04 05:00:00,32.800163269,0.4459076484091753
8118,2019-09-04 06:00:00,32.415828705,0.13827318826345758
8119,2019-09-04 07:00:00,32.073581696,0.7482929595070482
8120,2019-09-04 08:00:00,31.607563019,0.7853891097079554
8121,2019-09-04 09:00:00,31.202674866,0.36344975030640925
8122,2019-09-04 10:00:00,30.792818069,0.5367487571894585
8123,2019-09-04 11:00:00,30.45205307,0.6032814993437263
8124,2019-09-04 12:00:00,30.16179657,0.3089640358672129
8125,2019-09-04 13:00:00,29.917572021,0.0852988197762029
8126,2019-09-04 14:00:00,29.65112114,0.5796427131406726
8127,2019-09-04 15:00:00,29.219827652,0.5281641731227446
8128,2019-09-04 16:00:00,28.564081192,0.8054434452284934
8129,2019-09-04 17:00:00,27.603363037,0.5789915783175519
8130,2019-09-04 18:00:00,26.673032761,0.2284959602148794
8131,2019-09-04 19:00:00,25.610509872,0.4826250083663066
8132,2019-09-04 20:00:00,24.197807312,0.5712302694090337
8133,2019-09-04 21:00:00,21.633909225,0.8665267625555435
8134,2019-09-04 22:00:00,14.985733032,0.6470567144216649
8135,2019-09-04 23:00:00,13.890666962,0.6390400694197997
8136,2019-09-05 00:00:00,13.648169518,0.7167334793188994
8137,2019-09-05 01:00:00,13.385627747,0.7765008206320192
8138,2019-09-05 02:00:00,13.158986092,0.13996868327348133
8139,2019-09-05 03:00:00,12.968608856,0.9000914009818729
8140,2019-09-05 04:00:00,12.801203728,0.0016564290985663366
8141,2019-09-05 05:00:00,12.651924133,0.5006215046196
8142,2019-09-05 06:00:00,12.518198013,0.9995876852092456
8143,2019-09-05 07:00:00,12.399862289,0.63642074530274
8144,2019-09-05 08:00:00,12.293969154,0.95198706334865
8145,2019-09-05 09:00:00,12.196977615,0.18279422512569876
8146,2019-09-05 10:00:00,12.111217499,0.7095926218965303
8147,2019-09-05 11:00:00,12.02901268,0.8755887501999441
8148,2019-09-05 12:00:00,11.954871178,0.901422329581659
8149,2019-09-05 13:00:00,11.884697914,0.5581255800112345
8150,2019-09-05 14:00:00,11.815850258,0.05563526393012286
8151,2019-09-05 15:00:00,11.708488464,0.8372275311743024
8152,2019-09-05 16:00:00,11.460367203,0.13320232868351523
8153,2019-09-05 17:00:00,10.935200691,0.6287887170544406
8154,2019-09-05 18:00:00,8.706215858,0.9286306166876908
8155,2019-09-05 19:00:00,6.895499706,0.03922113500432234
8156,2019-09-05 20:00:00,4.657330036,0.28490351520305246
8157,2019-09-05 21:00:00,2.286964178,0.9621605144132319
8158,2019-09-05 22:00:00,2.14577651,0.2790147602611225
8159,2019-09-05 23:00:00,1.175350785,0.41680169493203323
8160,2019-09-06 00:00:00,1.146472096,0.5123954132382406
8161,2019-09-06 01:00:00,1.122665405,0.9125083263826297
8162,2019-09-06 02:00:00,1.100984693,0.34645642376213726
8163,2019-09-06 03:00:00,1.103546023,0.7215992617161429
8164,2019-09-06 04:00:00,1.107034326,0.7014083145458005
8165,2019-09-06 05:00:00,1.111354709,0.034371081185950336
8166,2019-09-06 06:00:00,1.117187262,0.465886876943271
8167,2019-09-06 07:00:00,1.123723269,0.5827096974521738
8168,2019-09-06 08:00:00,1.132180572,0.14804462364909488
8169,2019-09-06 09:00:00,1.142104506,0.1290300215848701
8170,2019-09-06 10:00:00,1.152478695,0.1739939211934468
8171,2019-09-06 11:00:00,1.160194278,0.4153526742757152
8172,2019-09-06 12:00:00,1.165583014,0.7010666879447378
8173,2019-09-06 13:00:00,1.171619654,0.4471584164512402
8174,2019-09-06 14:00:00,1.176923752,0.7752163515156159
8175,2019-09-06 15:00:00,1.179381609,0.5452061327263481
8176,2019-09-06 16:00:00,0.67683804,0.37618265385396976
8177,2019-09-06 17:00:00,0.005872466,0.5018275139185984
8178,2019-09-06 18:00:00,0.004235095,0.3333955210344346
8179,2019-09-06 19:00:00,0.002279682,0.5929586898291014
8180,2019-09-06 20:00:00,0.001076336,0.17864446541210632
8181,2019-09-06 21:00:00,0.000442396,0.13214618983964366
8182,2019-09-06 22:00:00,0.000199071,0.6697763006083722
8183,2019-09-06 23:00:00,6.6889e-05,0.9105744370201792
8184,2019-09-07 00:00:00,2.5409e-05,0.7937146752247868
8185,2019-09-07 01:00:00,6.352e-06,0.24152214844198006
8186,2019-09-07 02:00:00,3.94e-06,0.46097467704515316
8187,2019-09-07 03:00:00,0.008081514,0.6457626727463309
8188,2019-09-07 04:00:00,0.013424598,0.9411978169982133
8189,2019-09-07 05:00:00,0.016979435,0.5162035715752952
8190,2019-09-07 06:00:00,0.01951777,0.33000758463806
8191,2019-09-07 07:00:00,0.023130842,0.15446215023407284
8192,2019-09-07 08:00:00,0.029323416,0.14171444603010253
8193,2019-09-07 09:00:00,0.038955312,0.39639331400367483
8194,2019-09-07 10:00:00,0.046617933,0.9778079711499386
8195,2019-09-07 11:00:00,0.056203771,0.4144203867166145
8196,2019-09-07 12:00:00,0.062359691,0.22896347538732886
8197,2019-09-07 13:00:00,0.066066623,0.6856886658199547
8198,2019-09-07 14:00:00,0.045252793,0.4648911865295513
8199,2019-09-07 15:00:00,0.006296073,0.27953197528319784
8200,2019-09-07 16:00:00,0.018540047,0.030821123969764885
8201,2019-09-07 17:00:00,0.018762184,0.40956535197504484
8202,2019-09-07 18:00:00,0.016825538,0.8537886018120391
8203,2019-09-07 19:00:00,0.00771444,0.30947209739427106
8204,2019-09-07 20:00:00,0.004865905,0.6880555099634148
8205,2019-09-07 21:00:00,0.003143486,0.9642003409219503
8206,2019-09-07 22:00:00,0.001323912,0.7321872574220688
8207,2019-09-07 23:00:00,0.000592144,0.11353257721533994
8208,2019-09-08 00:00:00,0.000225977,0.910411489307773
8209,2019-09-08 01:00:00,5.1235e-05,0.8496763949300047
8210,2019-09-08 02:00:00,4.1644e-05,0.5493902420655439
8211,2019-09-08 03:00:00,2.6892e-05,0.15544791082955056
8212,2019-09-08 04:00:00,0.000279246,0.5716274476230295
8213,2019-09-08 05:00:00,0.001230546,0.2071942214816449
8214,2019-09-08 06:00:00,0.001015998,0.6242097791957537
8215,2019-09-08 07:00:00,0.003108612,0.9775341424946866
8216,2019-09-08 08:00:00,0.00597547,0.47521571774120286
8217,2019-09-08 09:00:00,0.025920365,0.6792237886982003
8218,2019-09-08 10:00:00,0.047189444,0.06611581890207707
8219,2019-09-08 11:00:00,0.070867538,0.1795604450913223
8220,2019-09-08 12:00:00,0.091092244,0.7150461267358
8221,2019-09-08 13:00:00,0.109276012,0.9416055582150733
8222,2019-09-08 14:00:00,0.12323112,0.597950300765789
8223,2019-09-08 15:00:00,0.004996011,0.6860458153028597
8224,2019-09-08 16:00:00,0.017551698,0.6623331569452152
8225,2019-09-08 17:00:00,0.019869873,0.16399185775288116
8226,2019-09-08 18:00:00,0.015165423,0.8265020579793555
8227,2019-09-08 19:00:00,0.00873081,0.23385679643810375
8228,2019-09-08 20:00:00,0.00560011,0.5341611157318796
8229,2019-09-08 21:00:00,0.003332452,0.8791790798512514
8230,2019-09-08 22:00:00,0.001668737,0.4723644541694746
8231,2019-09-08 23:00:00,0.000790368,0.45189559339065677
8232,2019-09-09 00:00:00,0.000325677,0.603562494923321
8233,2019-09-09 01:00:00,8.2882e-05,0.10396612615952838
8234,2019-09-09 02:00:00,5.3195e-05,0.4514866133744897
8235,2019-09-09 03:00:00,9.0645e-05,0.17392986827271817
8236,2019-09-09 04:00:00,0.0003398,0.17562839189557145
8237,2019-09-09 05:00:00,0.000461589,0.1040907801623937
8238,2019-09-09 06:00:00,0.000677984,0.07943325611659158
8239,2019-09-09 07:00:00,0.000925201,0.4337206121014282
8240,2019-09-09 08:00:00,0.002225516,0.9089696227730617
8241,2019-09-09 09:00:00,0.001355632,0.12974754048882597
8242,2019-09-09 10:00:00,0.001744494,0.4129172678370898
8243,2019-09-09 11:00:00,0.002200936,0.6470717126918044
8244,2019-09-09 12:00:00,0.002495891,0.9351236361054154
8245,2019-09-09 13:00:00,0.003640843,0.6521810822921248
8246,2019-09-09 14:00:00,0.003098949,0.6653470510263383
8247,2019-09-09 15:00:00,0.004497452,0.5830767351191494
8248,2019-09-09 16:00:00,0.021899851,0.5221237180552049
8249,2019-09-09 17:00:00,0.026268283,0.4794871490729441
8250,2019-09-09 18:00:00,0.026496369,0.14313263611658855
8251,2019-09-09 19:00:00,0.018741751,0.6406910862081272
8252,2019-09-09 20:00:00,0.013075221,0.9379570650113174
8253,2019-09-09 21:00:00,0.007181921,0.0032000625988024556
8254,2019-09-09 22:00:00,0.00404793,0.25967991893612885
8255,2019-09-09 23:00:00,0.001785125,0.5050275498990192
8256,2019-09-10 00:00:00,0.000734805,0.07495503661609415
8257,2019-09-10 01:00:00,0.000110898,0.707056489161189
8258,2019-09-10 02:00:00,3.2687e-05,0.9899347168711374
8259,2019-09-10 03:00:00,6.7688e-05,0.323813851156443
8260,2019-09-10 04:00:00,0.000121596,0.49049980596996856
8261,2019-09-10 05:00:00,0.000305456,0.3412583543361626
8262,2019-09-10 06:00:00,0.000244197,0.9940372600194498
8263,2019-09-10 07:00:00,0.000252081,0.428140721374783
8264,2019-09-10 08:00:00,0.000154496,0.8094108809418931
8265,2019-09-10 09:00:00,0.000187829,0.05277219441893555
8266,2019-09-10 10:00:00,0.000369934,0.5193987434694218
8267,2019-09-10 11:00:00,0.000479832,0.9805899785526468
8268,2019-09-10 12:00:00,0.001734626,0.0032750697023740116
8269,2019-09-10 13:00:00,0.00300435,0.05514248940922917
8270,2019-09-10 14:00:00,0.003666227,0.29546369577905507
8271,2019-09-10 15:00:00,0.001132216,0.955844772825888
8272,2019-09-10 16:00:00,0.005216293,0.06277778359857478
8273,2019-09-10 17:00:00,0.005045859,0.799275023651292
8274,2019-09-10 18:00:00,0.003666384,0.4591730230310376
8275,2019-09-10 19:00:00,0.002606454,0.5472221526588391
8276,2019-09-10 20:00:00,0.001808728,0.8686903436050035
8277,2019-09-10 21:00:00,0.000855166,0.7928951597907987
8278,2019-09-10 22:00:00,0.000436595,0.12727675014007644
8279,2019-09-10 23:00:00,0.00019122,0.9068460284800693
8280,2019-09-11 00:00:00,8.8549e-05,0.7202324422975357
8281,2019-09-11 01:00:00,2.0694e-05,0.3289499112381842
8282,2019-09-11 02:00:00,2.0895e-05,0.20114473721338344
8283,2019-09-11 03:00:00,1.9577e-05,0.26474384366949566
8284,2019-09-11 04:00:00,0.00060046,0.1051859408448933
8285,2019-09-11 05:00:00,0.000612008,0.8768178129017841
8286,2019-09-11 06:00:00,0.001079125,0.1918871398349571
8287,2019-09-11 07:00:00,0.001330972,0.2604668196250095
8288,2019-09-11 08:00:00,0.002051257,0.4975472832787371
8289,2019-09-11 09:00:00,0.002042726,0.7223657881813508
8290,2019-09-11 10:00:00,0.002779798,0.23350911121540463
8291,2019-09-11 11:00:00,0.003568983,0.03253519677629102
8292,2019-09-11 12:00:00,0.002676872,0.5843530296615926
8293,2019-09-11 13:00:00,0.002128048,0.14968800877849087
8294,2019-09-11 14:00:00,0.001462023,0.7578130416091149
8295,2019-09-11 15:00:00,0.00155443,0.0831976004105357
8296,2019-09-11 16:00:00,0.001906257,0.07519523392462801
8297,2019-09-11 17:00:00,0.001421132,0.8586550970916926
8298,2019-09-11 18:00:00,0.001031247,0.4409281368096776
8299,2019-09-11 19:00:00,0.000661059,0.3927368755742532
8300,2019-09-11 20:00:00,0.000370494,0.8776673451322191
8301,2019-09-11 21:00:00,0.000185742,0.6750558446151571
8302,2019-09-11 22:00:00,9.6769e-05,0.7687387710574242
8303,2019-09-11 23:00:00,4.137e-05,0.7449271593831214
8304,2019-09-12 00:00:00,1.6698e-05,0.2122863028661368
8305,2019-09-12 01:00:00,0.000514194,0.2500532085035707
8306,2019-09-12 02:00:00,0.000689934,0.23367001122895892
8307,2019-09-12 03:00:00,0.001164712,0.6132506466856741
8308,2019-09-12 04:00:00,0.002905503,0.9003373768464007
8309,2019-09-12 05:00:00,0.004012059,0.9868624277730551
8310,2019-09-12 06:00:00,0.009387258,0.6437161519355418
8311,2019-09-12 07:00:00,0.013163861,0.41603581340220264
8312,2019-09-12 08:00:00,0.018584151,0.6629275788079996
8313,2019-09-12 09:00:00,0.026889121,0.04227494588635372
8314,2019-09-12 10:00:00,0.033439226,0.12178590741424
8315,2019-09-12 11:00:00,0.035537146,6.34255704590192e-06
8316,2019-09-12 12:00:00,0.032728042,0.40380844299040697
8317,2019-09-12 13:00:00,0.029528841,0.15470932543976745
8318,2019-09-12 14:00:00,0.023462102,0.3568485681857503
8319,2019-09-12 15:00:00,0.008318453,0.4850621636559077
8320,2019-09-12 16:00:00,0.024759743,0.8597491660157154
8321,2019-09-12 17:00:00,0.035338972,0.08662534803815569
8322,2019-09-12 18:00:00,0.032531694,0.5684522960785654
8323,2019-09-12 19:00:00,0.026653459,0.7341790980367233
8324,2019-09-12 20:00:00,0.0175031,0.5058069142602662
8325,2019-09-12 21:00:00,0.009430196,0.4532825683019164
8326,2019-09-12 22:00:00,0.005002537,0.11506654528578908
8327,2019-09-12 23:00:00,0.001966932,0.5643342811470329
8328,2019-09-13 00:00:00,0.000860845,0.3552367233044247
8329,2019-09-13 01:00:00,7.7773e-05,0.7026717034817048
8330,2019-09-13 02:00:00,7.732e-06,0.2474806890439254
8331,2019-09-13 03:00:00,0.000140043,0.15477421307185735
8332,2019-09-13 04:00:00,7.255e-05,0.14642966954053294
8333,2019-09-13 05:00:00,3.1527e-05,0.9273638424190705
8334,2019-09-13 06:00:00,0.00014067,0.7712280128624351
8335,2019-09-13 07:00:00,0.000160162,0.9472213442222762
8336,2019-09-13 08:00:00,0.000255576,0.31357918226852066
8337,2019-09-13 09:00:00,0.000192185,0.052017274207487696
8338,2019-09-13 10:00:00,0.000161521,0.22946007928391088
8339,2019-09-13 11:00:00,0.000103541,0.500675018650129
8340,2019-09-13 12:00:00,0.000126478,0.8549514358459174
8341,2019-09-13 13:00:00,9.5842e-05,0.40833562161531234
8342,2019-09-13 14:00:00,0.000141669,0.7446532167316908
8343,2019-09-13 15:00:00,0.000145679,0.07893714963592025
8344,2019-09-13 16:00:00,0.000481608,0.2022943787414685
8345,2019-09-13 17:00:00,0.000616643,0.9451049543935298
8346,2019-09-13 18:00:00,0.000589203,0.8201547513351181
8347,2019-09-13 19:00:00,0.000450734,0.2523088017546603
8348,2019-09-13 20:00:00,0.000278134,0.5847809440586754
8349,2019-09-13 21:00:00,0.000161627,0.26094560762597596
8350,2019-09-13 22:00:00,7.7869e-05,0.2490648693730927
8351,2019-09-13 23:00:00,3.1079e-05,0.39143216961382843
8352,2019-09-14 00:00:00,1.2809e-05,0.992009539944951
8353,2019-09-14 01:00:00,0.0,0.6184235583352629
8354,2019-09-14 02:00:00,0.0,0.8034288874283834
8355,2019-09-14 03:00:00,0.0,0.6567802960811848
8356,2019-09-14 04:00:00,3.244e-06,0.7524962420626513
8357,2019-09-14 05:00:00,6.253e-06,0.5510144109111621
8358,2019-09-14 06:00:00,5.333e-06,0.21503345942354068
8359,2019-09-14 07:00:00,5.819e-06,0.5070484129739422
8360,2019-09-14 08:00:00,4.18e-06,0.14860682784302814
8361,2019-09-14 09:00:00,7.07e-06,0.9964645698295441
8362,2019-09-14 10:00:00,6.997e-06,0.35147828535079795
8363,2019-09-14 11:00:00,9.844e-06,0.6152812607054923
8364,2019-09-14 12:00:00,9.267e-06,0.037547542490859676
8365,2019-09-14 13:00:00,1.0103e-05,0.6305047871229718
8366,2019-09-14 14:00:00,1.5284e-05,0.29943044454339374
8367,2019-09-14 15:00:00,1.0734e-05,0.2872379354552155
8368,2019-09-14 16:00:00,5.7607e-05,0.19056583595184273
8369,2019-09-14 17:00:00,7.3004e-05,0.22081558082614205
8370,2019-09-14 18:00:00,6.2331e-05,0.6553647000544485
8371,2019-09-14 19:00:00,4.4324e-05,0.038182040709058285
8372,2019-09-14 20:00:00,2.756e-05,0.09707106980984115
8373,2019-09-14 21:00:00,1.5773e-05,0.798288107787049
8374,2019-09-14 22:00:00,5.759e-06,0.07867594073044148
8375,2019-09-14 23:00:00,2.346e-06,0.4253088298394727
8376,2019-09-15 00:00:00,0.0,0.6818875708171835
8377,2019-09-15 01:00:00,0.0,0.16636120498547824
8378,2019-09-15 02:00:00,0.0,0.8108172569362414
8379,2019-09-15 03:00:00,0.0,0.5394881100842395
8380,2019-09-15 04:00:00,0.0,0.4703209450455277
8381,2019-09-15 05:00:00,0.0,0.9890191827239619
8382,2019-09-15 06:00:00,0.0,0.5881689610309085
8383,2019-09-15 07:00:00,0.0,0.40842010850518395
8384,2019-09-15 08:00:00,0.0,0.004232941216561481
8385,2019-09-15 09:00:00,0.0,0.84773621108005
8386,2019-09-15 10:00:00,0.0,0.08340780687777027
8387,2019-09-15 11:00:00,0.0,0.28648739447128857
8388,2019-09-15 12:00:00,0.0,0.11891193670149669
8389,2019-09-15 13:00:00,0.0,0.04696067149329797
8390,2019-09-15 14:00:00,0.0,0.4697315584950572
8391,2019-09-15 15:00:00,0.0,0.08705140316781279
8392,2019-09-15 16:00:00,0.0,0.46585988146763213
8393,2019-09-15 17:00:00,0.0,0.8378089986402546
8394,2019-09-15 18:00:00,0.0,0.7658766961788691
8395,2019-09-15 19:00:00,0.0,0.027585474802911958
8396,2019-09-15 20:00:00,0.0,0.7339051738803977
8397,2019-09-15 21:00:00,0.0,0.5794649135975031
8398,2019-09-15 22:00:00,0.0,0.44951291877253174
8399,2019-09-15 23:00:00,0.0,0.9200957264255428
8400,2019-09-16 00:00:00,0.0,0.20792797296818244
8401,2019-09-16 01:00:00,0.0,0.2539105284048643
8402,2019-09-16 02:00:00,0.0,0.614916655982987
8403,2019-09-16 03:00:00,0.0,0.4200630429117328
8404,2019-09-16 04:00:00,0.0,0.3543923756640073
8405,2019-09-16 05:00:00,0.0,0.028585732639487493
8406,2019-09-16 06:00:00,0.0,0.516737229299054
8407,2019-09-16 07:00:00,0.0,0.6004578327145931
8408,2019-09-16 08:00:00,0.0,0.4892768177328165
8409,2019-09-16 09:00:00,0.0,0.20540175910680747
8410,2019-09-16 10:00:00,0.0,0.2453267737137258
8411,2019-09-16 11:00:00,0.0,0.8830753392270088
8412,2019-09-16 12:00:00,0.0,0.9733925774268888
8413,2019-09-16 13:00:00,0.002172498,0.8746388921589819
8414,2019-09-16 14:00:00,0.000999806,0.2341798695116306
8415,2019-09-16 15:00:00,0.002519015,0.5967769769633092
8416,2019-09-16 16:00:00,0.007755277,0.027997298909478552
8417,2019-09-16 17:00:00,0.008215117,0.6584939165276772
8418,2019-09-16 18:00:00,0.007855005,0.6789262732021218
8419,2019-09-16 19:00:00,0.0052218,0.7618980054780002
8420,2019-09-16 20:00:00,0.003096537,0.7617294679481278
8421,2019-09-16 21:00:00,0.001714953,0.5484480190078751
8422,2019-09-16 22:00:00,0.001231769,0.49774497084932035
8423,2019-09-16 23:00:00,0.000594723,0.2583206400873418
8424,2019-09-17 00:00:00,0.000249842,0.6511931802141367
8425,2019-09-17 01:00:00,0.000300366,0.18925720595184992
8426,2019-09-17 02:00:00,0.000326519,0.8454293303693742
8427,2019-09-17 03:00:00,0.000701176,0.06420058991192823
8428,2019-09-17 04:00:00,0.001832521,0.22732984049229743
8429,2019-09-17 05:00:00,0.002944667,0.025195311447034463
8430,2019-09-17 06:00:00,0.002815339,0.35953978762013405
8431,2019-09-17 07:00:00,0.002360309,0.5854653080574242
8432,2019-09-17 08:00:00,0.002591181,0.8109865030152379
8433,2019-09-17 09:00:00,0.002044973,0.46355704875440473
8434,2019-09-17 10:00:00,0.001823553,0.7343730657191534
8435,2019-09-17 11:00:00,0.004517132,0.4529592539166255
8436,2019-09-17 12:00:00,0.006020223,0.08534251285557404
8437,2019-09-17 13:00:00,0.01882953,0.17179473887654495
8438,2019-09-17 14:00:00,0.004442294,0.5171862087235267
8439,2019-09-17 15:00:00,0.007996339,0.04945750777172275
8440,2019-09-17 16:00:00,0.017295089,0.6877681519080434
8441,2019-09-17 17:00:00,0.022405809,0.248745230653452
8442,2019-09-17 18:00:00,0.014232308,0.8795159627415964
8443,2019-09-17 19:00:00,0.014536529,0.7991904082665089
8444,2019-09-17 20:00:00,0.00781455,0.5639882339497053
8445,2019-09-17 21:00:00,0.005409041,0.9934911847760749
8446,2019-09-17 22:00:00,0.003580009,0.6523353510158627
8447,2019-09-17 23:00:00,0.001613815,0.05703461470222315
8448,2019-09-18 00:00:00,0.000743808,0.5519345973364936
8449,2019-09-18 01:00:00,0.000147368,0.7158660630463897
8450,2019-09-18 02:00:00,0.000299716,0.7883723772819009
8451,2019-09-18 03:00:00,0.000397183,0.48995758104528686
8452,2019-09-18 04:00:00,0.000383756,0.6672392274853366
8453,2019-09-18 05:00:00,0.000760645,0.49490074588617383
8454,2019-09-18 06:00:00,0.001332595,0.6694272265194442
8455,2019-09-18 07:00:00,0.002123214,0.7718978776217558
8456,2019-09-18 08:00:00,0.013166554,0.8015782729861796
8457,2019-09-18 09:00:00,0.024743706,0.4112037304741819
8458,2019-09-18 10:00:00,0.042797152,0.06894533509312084
8459,2019-09-18 11:00:00,0.065073267,0.8280972565347107
8460,2019-09-18 12:00:00,0.091348469,0.09087197161078941
8461,2019-09-18 13:00:00,0.110880248,0.1657760574010675
8462,2019-09-18 14:00:00,0.128089786,0.18920160569999178
8463,2019-09-18 15:00:00,0.006897612,0.49784098752577266
8464,2019-09-18 16:00:00,0.021642135,0.26233745373782125
8465,2019-09-18 17:00:00,0.022046406,0.25683785469374754
8466,2019-09-18 18:00:00,0.021837674,0.357377966717352
8467,2019-09-18 19:00:00,0.01612279,0.9793268654153042
8468,2019-09-18 20:00:00,0.009844557,0.7403050182264678
8469,2019-09-18 21:00:00,0.005914763,0.019031394866503293
8470,2019-09-18 22:00:00,0.003075883,0.4977631817467211
8471,2019-09-18 23:00:00,0.001353961,0.010544418440115444
8472,2019-09-19 00:00:00,0.000583231,0.12248436117311634
8473,2019-09-19 01:00:00,0.000164907,0.1410168477985122
8474,2019-09-19 02:00:00,0.000166044,0.5656992480808166
8475,2019-09-19 03:00:00,0.000206373,0.6329319073312175
8476,2019-09-19 04:00:00,0.00023654,0.4143362728221077
8477,2019-09-19 05:00:00,0.000388125,0.2833763913278181
8478,2019-09-19 06:00:00,0.00076191,0.2597541313634353
8479,2019-09-19 07:00:00,0.00121639,0.3474079680062333
8480,2019-09-19 08:00:00,0.001391817,0.7612019814892242
8481,2019-09-19 09:00:00,0.001843436,0.3429015233729845
8482,2019-09-19 10:00:00,0.01034801,0.9858039562277109
8483,2019-09-19 11:00:00,0.019825019,0.0036755757913353726
8484,2019-09-19 12:00:00,0.028415326,0.7714690956405224
8485,2019-09-19 13:00:00,0.034217518,0.5401255781239718
8486,2019-09-19 14:00:00,0.035609897,0.8104865920415204
8487,2019-09-19 15:00:00,0.00340944,0.8851003348467351
8488,2019-09-19 16:00:00,0.009956063,0.20099019479904956
8489,2019-09-19 17:00:00,0.010872334,0.6772748347872481
8490,2019-09-19 18:00:00,0.00808879,0.7700577121655598
8491,2019-09-19 19:00:00,0.005820429,0.3056577861444679
8492,2019-09-19 20:00:00,0.003266666,0.8622057441149659
8493,2019-09-19 21:00:00,0.001580051,0.893908444916603
8494,2019-09-19 22:00:00,0.000863955,0.8281830749158434
8495,2019-09-19 23:00:00,0.000365329,0.09768647631373772
8496,2019-09-20 00:00:00,0.000133627,0.12675164995676147
8497,2019-09-20 01:00:00,3.2973e-05,0.7690490998076481
8498,2019-09-20 02:00:00,3.3908e-05,0.6460633933574466
8499,2019-09-20 03:00:00,3.1202e-05,0.46855345761121425
8500,2019-09-20 04:00:00,2.4001e-05,0.8197269859381972
8501,2019-09-20 05:00:00,1.6383e-05,0.2072030496458378
8502,2019-09-20 06:00:00,1.2675e-05,0.21354988274622577
8503,2019-09-20 07:00:00,8.306e-06,0.945200199293033
8504,2019-09-20 08:00:00,9.8351e-05,0.002329661618061696
8505,2019-09-20 09:00:00,0.000337685,0.7221228234432246
8506,2019-09-20 10:00:00,0.001223903,0.037810069563218196
8507,2019-09-20 11:00:00,0.002436683,0.8160532371561806
8508,2019-09-20 12:00:00,0.002374075,0.7415361242922155
8509,2019-09-20 13:00:00,0.002904157,0.2772886808496947
8510,2019-09-20 14:00:00,0.003038556,0.4777570858489104
8511,2019-09-20 15:00:00,0.002800552,0.9994076271918697
8512,2019-09-20 16:00:00,0.002621282,0.41592230702348065
8513,2019-09-20 17:00:00,0.002259491,0.7484186768127057
8514,2019-09-20 18:00:00,0.001769909,0.47930187461566776
8515,2019-09-20 19:00:00,0.001212921,0.22046118484566934
8516,2019-09-20 20:00:00,0.000677193,0.9382238500617863
8517,2019-09-20 21:00:00,0.00035754,0.1333533248024137
8518,2019-09-20 22:00:00,0.000173973,0.4403779940109781
8519,2019-09-20 23:00:00,6.9319e-05,0.9123778826585212
8520,2019-09-21 00:00:00,2.844e-05,0.6477006069946648
8521,2019-09-21 01:00:00,0.000289531,0.694614031577769
8522,2019-09-21 02:00:00,0.000170224,0.919864999569582
8523,2019-09-21 03:00:00,0.000456174,0.8788868387795361
8524,2019-09-21 04:00:00,0.000147489,0.5288106996654083
8525,2019-09-21 05:00:00,0.000514474,0.41993461225947915
8526,2019-09-21 06:00:00,0.001090702,0.01959886114398479
8527,2019-09-21 07:00:00,0.003111575,0.032238422599764616
8528,2019-09-21 08:00:00,0.003488956,0.7088551931243771
8529,2019-09-21 09:00:00,0.004110489,0.12109292435989782
8530,2019-09-21 10:00:00,0.004236395,0.43044736625878866
8531,2019-09-21 11:00:00,0.005496854,0.07525857353543586
8532,2019-09-21 12:00:00,0.005681157,0.36941891534374005
8533,2019-09-21 13:00:00,0.006955428,0.11175388622590976
8534,2019-09-21 14:00:00,0.006236881,0.6660559046582784
8535,2019-09-21 15:00:00,0.00434592,0.7213226103926127
8536,2019-09-21 16:00:00,0.015468262,0.44280752352585995
8537,2019-09-21 17:00:00,0.027342478,0.559856773452244
8538,2019-09-21 18:00:00,0.031738304,0.805057977552522
8539,2019-09-21 19:00:00,0.026372194,0.7250663970864438
8540,2019-09-21 20:00:00,0.01692158,0.9893415744461359
8541,2019-09-21 21:00:00,0.010008793,0.22251712154568104
8542,2019-09-21 22:00:00,0.004694502,0.10060688832106779
8543,2019-09-21 23:00:00,0.002150322,0.9235908107694569
8544,2019-09-22 00:00:00,0.000956972,0.7244550960872322
8545,2019-09-22 01:00:00,9.2059e-05,0.0708902931227684
8546,2019-09-22 02:00:00,6.648e-05,0.15160267174124908
8547,2019-09-22 03:00:00,3.5778e-05,0.3376364657650427
8548,2019-09-22 04:00:00,6.9369e-05,0.5648171683364664
8549,2019-09-22 05:00:00,5.4522e-05,0.1822243072227061
8550,2019-09-22 06:00:00,6.4969e-05,0.20593512792638313
8551,2019-09-22 07:00:00,6.9907e-05,0.28406635319175644
8552,2019-09-22 08:00:00,0.000100957,0.3572517239670393
8553,2019-09-22 09:00:00,0.000156954,0.26930332604864216
8554,2019-09-22 10:00:00,0.000186751,0.29462322909364436
8555,2019-09-22 11:00:00,0.000294172,0.7984839378082313
8556,2019-09-22 12:00:00,0.000276125,0.7583289983729655
8557,2019-09-22 13:00:00,0.000212723,0.6620968813798309
8558,2019-09-22 14:00:00,0.000147248,0.8575608770051265
8559,2019-09-22 15:00:00,0.0001196,0.6082758163493026
8560,2019-09-22 16:00:00,0.000439679,0.8525026607250801
8561,2019-09-22 17:00:00,0.000645508,0.7160674356309392
8562,2019-09-22 18:00:00,0.000693236,0.6450532341891235
8563,2019-09-22 19:00:00,0.000596716,0.35837083260299707
8564,2019-09-22 20:00:00,0.000417796,0.1485504183854366
8565,2019-09-22 21:00:00,0.000245049,0.052604967074669995
8566,2019-09-22 22:00:00,0.000135596,0.20221388155933329
8567,2019-09-22 23:00:00,6.0241e-05,0.8572724401772763
8568,2019-09-23 00:00:00,2.9915e-05,0.5878040427817535
8569,2019-09-23 01:00:00,0.0,0.04131176900847178
8570,2019-09-23 02:00:00,0.0,0.3934547062086585
8571,2019-09-23 03:00:00,3.111e-06,0.31641339326315354
8572,2019-09-23 04:00:00,5.048e-06,0.2240546383117914
8573,2019-09-23 05:00:00,9.213e-06,0.45590951082419584
8574,2019-09-23 06:00:00,7.293e-06,0.17114214548268725
8575,2019-09-23 07:00:00,1.0573e-05,0.2859148718250142
8576,2019-09-23 08:00:00,1.6812e-05,0.7443974175649668
8577,2019-09-23 09:00:00,1.3898e-05,0.7455129627552024
8578,2019-09-23 10:00:00,1.6853e-05,0.6288604107659933
8579,2019-09-23 11:00:00,1.6407e-05,0.597938748586716
8580,2019-09-23 12:00:00,1.5294e-05,0.8002825085469666
8581,2019-09-23 13:00:00,1.6096e-05,0.7746677305285101
8582,2019-09-23 14:00:00,1.2386e-05,0.9986203137828674
8583,2019-09-23 15:00:00,8.221e-06,0.3507071915639054
8584,2019-09-23 16:00:00,0.000139671,0.9344987863685992
8585,2019-09-23 17:00:00,0.000138738,0.18040148902611708
8586,2019-09-23 18:00:00,0.000110077,0.4594431506314658
8587,2019-09-23 19:00:00,7.703e-05,0.28295337225295436
8588,2019-09-23 20:00:00,4.7355e-05,0.10983513041276527
8589,2019-09-23 21:00:00,2.4373e-05,0.8357352597560262
8590,2019-09-23 22:00:00,1.2025e-05,0.4462611152556879
8591,2019-09-23 23:00:00,6.416e-06,0.8110733525901237
8592,2019-09-24 00:00:00,2.807e-06,0.7827031545900234
8593,2019-09-24 01:00:00,0.0,0.40581827579296537
8594,2019-09-24 02:00:00,0.0,0.3385865746064015
8595,2019-09-24 03:00:00,0.0,0.31730169583904844
8596,2019-09-24 04:00:00,0.0,0.11637503952565942
8597,2019-09-24 05:00:00,0.0,0.7789160410357592
8598,2019-09-24 06:00:00,0.0,0.0996827587744542
8599,2019-09-24 07:00:00,1.466e-06,0.05590382741889677
8600,2019-09-24 08:00:00,2.423e-06,0.5516342845642467
8601,2019-09-24 09:00:00,0.001567775,0.2430781521996228
8602,2019-09-24 10:00:00,3.693e-06,0.8766078982444903
8603,2019-09-24 11:00:00,9.62e-06,0.38628205284030626
8604,2019-09-24 12:00:00,1.2759e-05,0.9041328513271519
8605,2019-09-24 13:00:00,1.2228e-05,0.6211699079149261
8606,2019-09-24 14:00:00,1.0178e-05,0.6461414883802357
8607,2019-09-24 15:00:00,6.746e-06,0.6414618637278349
8608,2019-09-24 16:00:00,3.3548e-05,0.7610701107809348
8609,2019-09-24 17:00:00,3.4464e-05,0.005679142263780301
8610,2019-09-24 18:00:00,2.9827e-05,0.028979939449010783
8611,2019-09-24 19:00:00,2.1283e-05,0.05843573324479756
8612,2019-09-24 20:00:00,1.4802e-05,0.3449934829809769
8613,2019-09-24 21:00:00,8.096e-06,0.5357959867959556
8614,2019-09-24 22:00:00,3.843e-06,0.7856819001454275
8615,2019-09-24 23:00:00,1.442e-06,0.6972039717423908
8616,2019-09-25 00:00:00,0.0,0.8240469310075244
8617,2019-09-25 01:00:00,0.0,0.6804142560122587
8618,2019-09-25 02:00:00,0.0,0.4798736796861388
8619,2019-09-25 03:00:00,0.0,0.9923291337824802
8620,2019-09-25 04:00:00,0.0,0.16954495578490625
8621,2019-09-25 05:00:00,1.981e-06,0.6958862242373288
8622,2019-09-25 06:00:00,3.064e-06,0.9866809148796671
8623,2019-09-25 07:00:00,4.354e-06,0.3874971608444181
8624,2019-09-25 08:00:00,5.127e-06,0.7796229999882011
8625,2019-09-25 09:00:00,4.502e-06,0.41157594532025754
8626,2019-09-25 10:00:00,4.501e-06,0.4701239777158933
8627,2019-09-25 11:00:00,4.617e-06,0.38942603145048194
8628,2019-09-25 12:00:00,4.098e-06,0.32727640425976023
8629,2019-09-25 13:00:00,4.834e-06,0.374651180378485
8630,2019-09-25 14:00:00,4.129e-06,0.9085398422713117
8631,2019-09-25 15:00:00,1.562e-06,0.8908702778966355
8632,2019-09-25 16:00:00,1.9999e-05,0.08511431208560905
8633,2019-09-25 17:00:00,1.8328e-05,0.5520225786074664
8634,2019-09-25 18:00:00,1.3711e-05,0.3743779506799241
8635,2019-09-25 19:00:00,8.291e-06,0.14313372226847698
8636,2019-09-25 20:00:00,4.271e-06,0.44158701875364736
8637,2019-09-25 21:00:00,1.84e-06,0.7599825953152528
8638,2019-09-25 22:00:00,0.0,0.1459038744268626
8639,2019-09-25 23:00:00,0.0,0.9434931866682693
8640,2019-09-26 00:00:00,0.0,0.2558909124844725
8641,2019-09-26 01:00:00,0.0,0.5164765100828705
8642,2019-09-26 02:00:00,0.0,0.09501709841457351
8643,2019-09-26 03:00:00,0.0,0.17057467902608037
8644,2019-09-26 04:00:00,0.0,0.15596179248154451
8645,2019-09-26 05:00:00,0.0,0.6968979584088519
8646,2019-09-26 06:00:00,0.0,0.18130884912763245
8647,2019-09-26 07:00:00,0.0,0.5144601086630768
8648,2019-09-26 08:00:00,0.0,0.4893040573109324
8649,2019-09-26 09:00:00,0.0,0.3040646094675906
8650,2019-09-26 10:00:00,0.0,0.9749501428517331
8651,2019-09-26 11:00:00,0.0,0.8668684732101941
8652,2019-09-26 12:00:00,0.0,0.294591390522962
8653,2019-09-26 13:00:00,0.0,0.7374931695638406
8654,2019-09-26 14:00:00,0.0,0.003612320253899348
8655,2019-09-26 15:00:00,0.0,0.6891215275864288
8656,2019-09-26 16:00:00,0.0,0.9323433328460055
8657,2019-09-26 17:00:00,0.0,0.500538798758911
8658,2019-09-26 18:00:00,0.0,0.5427854438289673
8659,2019-09-26 19:00:00,0.0,0.8777986021033518
8660,2019-09-26 20:00:00,0.0,0.7433331201257297
8661,2019-09-26 21:00:00,0.0,0.18218655477486712
8662,2019-09-26 22:00:00,0.0,0.8199326573775697
8663,2019-09-26 23:00:00,0.0,0.20451546740699356
8664,2019-09-27 00:00:00,0.0,0.9385003178407325
8665,2019-09-27 01:00:00,0.0,0.2895891695709516
8666,2019-09-27 02:00:00,0.0,0.8634097470833707
8667,2019-09-27 03:00:00,0.0,0.5325992824575828
8668,2019-09-27 04:00:00,0.0,0.8219884542157564
8669,2019-09-27 05:00:00,0.0,0.8670397389856105
8670,2019-09-27 06:00:00,0.0,0.5026559304618342
8671,2019-09-27 07:00:00,0.0,0.5786223550024019
8672,2019-09-27 08:00:00,0.0,0.7593146103254388
8673,2019-09-27 09:00:00,0.0,0.9702234168889986
8674,2019-09-27 10:00:00,0.0,0.0313460972391888
8675,2019-09-27 11:00:00,0.0,0.43897243760999627
8676,2019-09-27 12:00:00,0.0,0.2758044948706311
8677,2019-09-27 13:00:00,0.0,0.9492054310280665
8678,2019-09-27 14:00:00,0.0,0.8757875871038528
8679,2019-09-27 15:00:00,0.0,0.3364209931540888
8680,2019-09-27 16:00:00,0.0,0.5665694919887749
8681,2019-09-27 17:00:00,0.0,0.9859965585077819
8682,2019-09-27 18:00:00,0.0,0.26321257049593494
8683,2019-09-27 19:00:00,0.0,0.8891463206427314
8684,2019-09-27 20:00:00,0.0,0.6059968988928087
8685,2019-09-27 21:00:00,0.0,0.3831475321731498
8686,2019-09-27 22:00:00,0.0,0.9757337517244637
8687,2019-09-27 23:00:00,0.0,0.10353015108953978
8688,2019-09-28 00:00:00,0.0,0.7618814202289195
8689,2019-09-28 01:00:00,0.0,0.5239847781497589
8690,2019-09-28 02:00:00,0.0,0.2507505877124706
8691,2019-09-28 03:00:00,0.0,0.4658968715003209
8692,2019-09-28 04:00:00,0.0,0.038529523832622314
8693,2019-09-28 05:00:00,0.0,0.10327592855351553
8694,2019-09-28 06:00:00,0.0,0.4494166117829621
8695,2019-09-28 07:00:00,0.0,0.05484826447402236
8696,2019-09-28 08:00:00,0.0,0.41888116705311096
8697,2019-09-28 09:00:00,0.0,0.7450325598366465
8698,2019-09-28 10:00:00,0.0,0.304681634353586
8699,2019-09-28 11:00:00,0.0,0.34696841224235986
8700,2019-09-28 12:00:00,0.0,0.3585484827519382
8701,2019-09-28 13:00:00,0.0,0.018483205611616982
8702,2019-09-28 14:00:00,0.0,0.48459766991908493
8703,2019-09-28 15:00:00,0.0,0.936305749213873
8704,2019-09-28 16:00:00,0.0,0.660555946383572
8705,2019-09-28 17:00:00,0.0,0.17651073259090633
8706,2019-09-28 18:00:00,0.0,0.10079268999044733
8707,2019-09-28 19:00:00,0.0,0.464280221185423
8708,2019-09-28 20:00:00,0.0,0.9391638688384828
8709,2019-09-28 21:00:00,0.0,0.30034361237325335
8710,2019-09-28 22:00:00,0.0,0.4330408151620596
8711,2019-09-28 23:00:00,0.0,0.7169647260190043
8712,2019-09-29 00:00:00,0.0,0.850609025247641
8713,2019-09-29 01:00:00,0.0,0.639069375092443
8714,2019-09-29 02:00:00,0.0,0.5550463780983728
8715,2019-09-29 03:00:00,0.0,0.4544018866307038
8716,2019-09-29 04:00:00,0.0,0.5961930747256219
8717,2019-09-29 05:00:00,0.0,0.9220007489710306
8718,2019-09-29 06:00:00,0.0,0.3486475984769932
8719,2019-09-29 07:00:00,0.0,0.8037674069619611
8720,2019-09-29 08:00:00,0.0,0.8100333780026412
8721,2019-09-29 09:00:00,0.0,0.6482454873953685
8722,2019-09-29 10:00:00,0.0,0.2744869844958756
8723,2019-09-29 11:00:00,0.0,0.46849295785325473
8724,2019-09-29 12:00:00,0.0,0.5532816974519752
8725,2019-09-29 13:00:00,0.0,0.20191214831127213
8726,2019-09-29 14:00:00,0.0,0.9892164060009813
8727,2019-09-29 15:00:00,0.0,0.04686149616471147
8728,2019-09-29 16:00:00,0.0,0.8277986290508202
8729,2019-09-29 17:00:00,0.0,0.46416090358069073
8730,2019-09-29 18:00:00,0.0,0.5364183561972404
8731,2019-09-29 19:00:00,0.0,0.8015686421482705
8732,2019-09-29 20:00:00,0.0,0.4576660662654265
8733,2019-09-29 21:00:00,0.0,0.5144283943901651
8734,2019-09-29 22:00:00,0.0,0.30193970883094234
8735,2019-09-29 23:00:00,0.0,0.10128460096589365
8736,2019-09-30 00:00:00,0.0,0.9692053346685883
8737,2019-09-30 01:00:00,0.0,0.7331659589816077
8738,2019-09-30 02:00:00,0.0,0.358196698476008
8739,2019-09-30 03:00:00,0.0,0.23479208255859396
8740,2019-09-30 04:00:00,0.0,0.8865288930531967
8741,2019-09-30 05:00:00,0.0,0.327604436535301
8742,2019-09-30 06:00:00,0.0,0.295012858651547
8743,2019-09-30 07:00:00,0.0,0.5403510769377048
8744,2019-09-30 08:00:00,0.0,0.5500950529786602
8745,2019-09-30 09:00:00,0.0,0.6096027561453318
8746,2019-09-30 10:00:00,0.0,0.7779310613042955
8747,2019-09-30 11:00:00,0.0,0.4066092702137676
8748,2019-09-30 12:00:00,0.0,0.7147813914355874
8749,2019-09-30 13:00:00,0.0,0.5949836935279463
8750,2019-09-30 14:00:00,0.0,0.055776800851876085
8751,2019-09-30 15:00:00,0.0,0.9070780121554858
8752,2019-09-30 16:00:00,0.0,0.6030354199342249
8753,2019-09-30 17:00:00,0.0,0.6511940491244212
8754,2019-09-30 18:00:00,0.0,0.3292822280434833
8755,2019-09-30 19:00:00,0.0,0.9874923692784959
8756,2019-09-30 20:00:00,0.0,0.14814435394441483
8757,2019-09-30 21:00:00,0.0,0.9611970547684281
8758,2019-09-30 22:00:00,0.0,0.8181848197475926
8759,2019-09-30 23:00:00,0.0,0.8147564576534517
8760,2019-10-01 00:00:00,0.0,0.483712102670921
8761,2019-10-01 01:00:00,0.0,0.15715779977947897
8762,2019-10-01 02:00:00,0.0,0.5521294537480321
8763,2019-10-01 03:00:00,0.0,0.46563690534818714
8764,2019-10-01 04:00:00,0.0,0.19397890693225717
8765,2019-10-01 05:00:00,0.0,0.09359437604929
8766,2019-10-01 06:00:00,0.0,0.25761560479636836
8767,2019-10-01 07:00:00,0.0,0.0884137400296916
8768,2019-10-01 08:00:00,0.0,0.2773056594976029
8769,2019-10-01 09:00:00,0.0,0.5336016813030181
8770,2019-10-01 10:00:00,0.0,0.7649195943324173
8771,2019-10-01 11:00:00,0.0,0.8712862480491869
8772,2019-10-01 12:00:00,0.0,0.9813260115201333
8773,2019-10-01 13:00:00,0.0,0.3253658734056516
8774,2019-10-01 14:00:00,0.0,0.2919793779567915
8775,2019-10-01 15:00:00,0.0,0.1386840766469346
8776,2019-10-01 16:00:00,0.0,0.9745782932626617
8777,2019-10-01 17:00:00,0.0,0.23755371927352442
8778,2019-10-01 18:00:00,0.0,0.8380993467321831
8779,2019-10-01 19:00:00,0.0,0.7834645476529036
8780,2019-10-01 20:00:00,0.0,0.7760303371563921
8781,2019-10-01 21:00:00,0.0,0.6990313002668231
8782,2019-10-01 22:00:00,0.0,0.1524869572151225
8783,2019-10-01 23:00:00,0.0,0.13626095292603557
8784,2019-10-02 00:00:00,0.0,0.41504423442621885
8785,2019-10-02 01:00:00,0.0,0.378756492686915
8786,2019-10-02 02:00:00,0.0,0.10696668515979924
8787,2019-10-02 03:00:00,0.0,0.601288758684157
8788,2019-10-02 04:00:00,0.0,0.798886160271979
8789,2019-10-02 05:00:00,0.0,0.3797082207970621
8790,2019-10-02 06:00:00,0.0,0.4144998484634961
8791,2019-10-02 07:00:00,0.0,0.08328131792741023
8792,2019-10-02 08:00:00,0.0,0.8269101982804034
8793,2019-10-02 09:00:00,0.0,0.05713507259888895
8794,2019-10-02 10:00:00,0.0,0.9453100111237175
8795,2019-10-02 11:00:00,0.0,0.4232173432404157
8796,2019-10-02 12:00:00,0.0,0.4357418285063991
8797,2019-10-02 13:00:00,0.0,0.19900254687992824
8798,2019-10-02 14:00:00,0.0,0.924205452124444
8799,2019-10-02 15:00:00,0.0,0.12175794076701818
8800,2019-10-02 16:00:00,0.0,0.601122957801567
8801,2019-10-02 17:00:00,0.0,0.2847923605907805
8802,2019-10-02 18:00:00,0.0,0.9664506425722942
8803,2019-10-02 19:00:00,0.0,0.31472466714473124
8804,2019-10-02 20:00:00,0.0,0.028171995166334174
8805,2019-10-02 21:00:00,0.0,0.2905087327007544
8806,2019-10-02 22:00:00,0.0,0.37016918586928027
8807,2019-10-02 23:00:00,0.0,0.2121476185485458
8808,2019-10-03 00:00:00,0.0,0.7997293913163154
8809,2019-10-03 01:00:00,0.0,0.7798846490564878
8810,2019-10-03 02:00:00,0.0,0.15058201719769615
8811,2019-10-03 03:00:00,0.0,0.11475621026348648
8812,2019-10-03 04:00:00,0.0,0.7811128625135181
8813,2019-10-03 05:00:00,0.0,0.8421043802603773
8814,2019-10-03 06:00:00,0.0,0.4396745756395699
8815,2019-10-03 07:00:00,0.0,0.31391456404351215
8816,2019-10-03 08:00:00,0.0,0.28313549793974846
8817,2019-10-03 09:00:00,0.0,0.7585362453257253
8818,2019-10-03 10:00:00,0.0,0.47682119066782347
8819,2019-10-03 11:00:00,0.0,0.5204161635277892
8820,2019-10-03 12:00:00,0.0,0.44812615907726183
8821,2019-10-03 13:00:00,0.0,0.7049776753560005
8822,2019-10-03 14:00:00,0.0,0.7832083130733857
8823,2019-10-03 15:00:00,0.0,0.0028075049776749017
8824,2019-10-03 16:00:00,0.0,0.1011008790767367
8825,2019-10-03 17:00:00,0.0,0.028235050414311624
8826,2019-10-03 18:00:00,0.0,0.4107057489749165
8827,2019-10-03 19:00:00,0.0,0.241699309307834
8828,2019-10-03 20:00:00,0.0,0.018435006176298563
8829,2019-10-03 21:00:00,0.0,0.9975894239526344
8830,2019-10-03 22:00:00,0.0,0.24509347986189234
8831,2019-10-03 23:00:00,0.0,0.5817019647406106
8832,2019-10-04 00:00:00,0.0,0.9001980536659364
8833,2019-10-04 01:00:00,0.0,0.742616956514757
8834,2019-10-04 02:00:00,0.0,0.901369015001837
8835,2019-10-04 03:00:00,0.0,0.4602094291783737
8836,2019-10-04 04:00:00,0.0,0.5749008637948149
8837,2019-10-04 05:00:00,0.0,0.25167740108492875
8838,2019-10-04 06:00:00,0.0,0.3522656573215809
8839,2019-10-04 07:00:00,0.0,0.046138841727380586
8840,2019-10-04 08:00:00,0.0,0.36997114856157276
8841,2019-10-04 09:00:00,0.0,0.5553251240746664
8842,2019-10-04 10:00:00,0.0,0.9916931925334523
8843,2019-10-04 11:00:00,0.0,0.5924672764533347
8844,2019-10-04 12:00:00,0.0,0.43008458130614846
8845,2019-10-04 13:00:00,0.0,0.7933726194419622
8846,2019-10-04 14:00:00,0.0,0.1320243883680745
8847,2019-10-04 15:00:00,0.0,0.6243755905261059
8848,2019-10-04 16:00:00,0.0,0.8353592841756129
8849,2019-10-04 17:00:00,0.0,0.9951168597618588
8850,2019-10-04 18:00:00,0.0,0.02930465674428162
8851,2019-10-04 19:00:00,0.0,0.09869569425286417
8852,2019-10-04 20:00:00,0.0,0.6759124821171176
8853,2019-10-04 21:00:00,0.0,0.0410757304214977
8854,2019-10-04 22:00:00,0.0,0.48045614123387814
8855,2019-10-04 23:00:00,0.0,0.45078911572379543
8856,2019-10-05 00:00:00,0.0,0.589682731695214
8857,2019-10-05 01:00:00,0.0,0.49428578303186255
8858,2019-10-05 02:00:00,0.0,0.288068574081936
8859,2019-10-05 03:00:00,0.0,0.1802704025882439
8860,2019-10-05 04:00:00,0.0,0.8766744027534513
8861,2019-10-05 05:00:00,0.0,0.4755520615999057
8862,2019-10-05 06:00:00,0.0,0.390078264559369
8863,2019-10-05 07:00:00,0.0,0.7442395766533171
8864,2019-10-05 08:00:00,0.0,0.8555790483472568
8865,2019-10-05 09:00:00,0.0,0.9892268729979431
8866,2019-10-05 10:00:00,0.0,0.2723616924122557
8867,2019-10-05 11:00:00,0.0,0.25085847886251766
8868,2019-10-05 12:00:00,0.0,0.11663628354834676
8869,2019-10-05 13:00:00,0.0,0.3776982527669466
8870,2019-10-05 14:00:00,0.0,0.7747017288187291
8871,2019-10-05 15:00:00,0.0,0.17822228035825238
8872,2019-10-05 16:00:00,0.0,0.1636106791294919
8873,2019-10-05 17:00:00,0.0,0.4484101633239932
8874,2019-10-05 18:00:00,0.0,0.46194907250658723
8875,2019-10-05 19:00:00,0.0,0.7183879765060804
8876,2019-10-05 20:00:00,0.0,0.7794895910737423
8877,2019-10-05 21:00:00,0.0,0.563215041177065
8878,2019-10-05 22:00:00,0.0,0.43029611613293006
8879,2019-10-05 23:00:00,0.0,0.8259499806570421
8880,2019-10-06 00:00:00,0.0,0.5225820006527315
8881,2019-10-06 01:00:00,0.0,0.3284019353746507
8882,2019-10-06 02:00:00,0.0,0.5089242511790623
8883,2019-10-06 03:00:00,0.0,0.027537430981559807
8884,2019-10-06 04:00:00,0.0,0.025617469794144476
8885,2019-10-06 05:00:00,0.0,0.10742332111069297
8886,2019-10-06 06:00:00,0.0,0.9754768570742627
8887,2019-10-06 07:00:00,0.0,0.5372578870366197
8888,2019-10-06 08:00:00,0.0,0.6090755626856438
8889,2019-10-06 09:00:00,0.0,0.4255775179917983
8890,2019-10-06 10:00:00,0.0,0.6809189488291504
8891,2019-10-06 11:00:00,0.0,0.4644092622995981
8892,2019-10-06 12:00:00,0.0,0.6783297641470181
8893,2019-10-06 13:00:00,0.0,0.03007320585418638
8894,2019-10-06 14:00:00,0.0,0.03573609645475273
8895,2019-10-06 15:00:00,0.0,0.9430477037912103
8896,2019-10-06 16:00:00,0.0,0.955787904401527
8897,2019-10-06 17:00:00,0.0,0.4317233143512125
8898,2019-10-06 18:00:00,0.0,0.9194285543655623
8899,2019-10-06 19:00:00,0.0,0.15049869541735283
8900,2019-10-06 20:00:00,0.0,0.5873417153375194
8901,2019-10-06 21:00:00,0.0,0.44002963271322115
8902,2019-10-06 22:00:00,0.0,0.6612822965336815
8903,2019-10-06 23:00:00,0.0,0.17129998558307968
8904,2019-10-07 00:00:00,0.0,0.8038244386850997
8905,2019-10-07 01:00:00,0.0,0.5263758211146732
8906,2019-10-07 02:00:00,0.0,0.23344011057069392
8907,2019-10-07 03:00:00,0.0,0.4134767878914879
8908,2019-10-07 04:00:00,0.0,0.46394688451640487
8909,2019-10-07 05:00:00,0.0,0.7698057654899889
8910,2019-10-07 06:00:00,0.0,0.020878020968924438
8911,2019-10-07 07:00:00,0.0,0.32337761951458
8912,2019-10-07 08:00:00,0.0,0.5502072314376638
8913,2019-10-07 09:00:00,0.0,0.9576026654688458
8914,2019-10-07 10:00:00,0.0,0.0736427116404671
8915,2019-10-07 11:00:00,0.0,0.3041769839083751
8916,2019-10-07 12:00:00,0.0,0.07069450784893472
8917,2019-10-07 13:00:00,0.0,0.9490413401844617
8918,2019-10-07 14:00:00,0.0,0.4199044731346947
8919,2019-10-07 15:00:00,0.0,0.7569590852275205
8920,2019-10-07 16:00:00,0.0,0.3056525261834747
8921,2019-10-07 17:00:00,0.0,0.05533644552734418
8922,2019-10-07 18:00:00,0.0,0.2382591593031852
8923,2019-10-07 19:00:00,0.0,0.10760375473783124
8924,2019-10-07 20:00:00,0.0,0.8623836870127874
8925,2019-10-07 21:00:00,0.0,0.16484983547320675
8926,2019-10-07 22:00:00,0.0,0.6704665845999895
8927,2019-10-07 23:00:00,0.0,0.4595240394465159
8928,2019-10-08 00:00:00,0.0,0.15370680072223686
8929,2019-10-08 01:00:00,0.0,0.07918908986860074
8930,2019-10-08 02:00:00,0.0,0.872314613898146
8931,2019-10-08 03:00:00,0.0,0.2566635252749603
8932,2019-10-08 04:00:00,0.0,0.5472486219131777
8933,2019-10-08 05:00:00,0.0,0.12557156577717177
8934,2019-10-08 06:00:00,0.0,0.597037860584317
8935,2019-10-08 07:00:00,0.0,0.033376305514685844
8936,2019-10-08 08:00:00,0.0,0.044494118458868304
8937,2019-10-08 09:00:00,0.0,0.3118710926421755
8938,2019-10-08 10:00:00,0.0,0.44840490366855834
8939,2019-10-08 11:00:00,0.0,0.9261508449861796
8940,2019-10-08 12:00:00,0.0,0.9054341927847255
8941,2019-10-08 13:00:00,0.0,0.1499586804901234
8942,2019-10-08 14:00:00,0.0,0.5704699026819018
8943,2019-10-08 15:00:00,0.0,0.2394985414014873
8944,2019-10-08 16:00:00,0.0,0.30766719734147985
8945,2019-10-08 17:00:00,0.0,0.2316533037845674
8946,2019-10-08 18:00:00,0.0,0.6426192594551684
8947,2019-10-08 19:00:00,0.0,0.7153774156793337
8948,2019-10-08 20:00:00,0.0,0.310326866737652
8949,2019-10-08 21:00:00,0.0,0.11803503510806768
8950,2019-10-08 22:00:00,0.0,0.1368748305949773
8951,2019-10-08 23:00:00,0.0,0.5499183734906978
8952,2019-10-09 00:00:00,0.0,0.6509269192057398
8953,2019-10-09 01:00:00,0.0,0.6100761315344655
8954,2019-10-09 02:00:00,0.0,0.7128667743287095
8955,2019-10-09 03:00:00,0.0,0.7572175295493598
8956,2019-10-09 04:00:00,0.0,0.5817855720277129
8957,2019-10-09 05:00:00,0.0,0.44879938090721505
8958,2019-10-09 06:00:00,0.0,0.263506996527925
8959,2019-10-09 07:00:00,0.0,0.7454655535476676
8960,2019-10-09 08:00:00,0.0,0.6894238350305925
8961,2019-10-09 09:00:00,0.0,0.7410152843240934
8962,2019-10-09 10:00:00,0.0,0.43315154735993044
8963,2019-10-09 11:00:00,0.0,0.5614485174976549
8964,2019-10-09 12:00:00,0.0,0.9084315537305976
8965,2019-10-09 13:00:00,0.0,0.06638303678415225
8966,2019-10-09 14:00:00,0.0,0.034973152273528485
8967,2019-10-09 15:00:00,0.0,0.9424840687870333
8968,2019-10-09 16:00:00,0.0,0.15713405891663146
8969,2019-10-09 17:00:00,0.0,0.602694259307584
8970,2019-10-09 18:00:00,0.0,0.7372728566380085
8971,2019-10-09 19:00:00,0.0,0.18946805926647214
8972,2019-10-09 20:00:00,0.0,0.3319563772231313
8973,2019-10-09 21:00:00,0.0,0.20293628198447078
8974,2019-10-09 22:00:00,0.0,0.41380127031403446
8975,2019-10-09 23:00:00,0.0,0.7392294544163154
8976,2019-10-10 00:00:00,0.0,0.9581539553638336
8977,2019-10-10 01:00:00,0.0,0.06680349608781233
8978,2019-10-10 02:00:00,0.0,0.9800527496483087
8979,2019-10-10 03:00:00,0.0,0.2887776378597673
8980,2019-10-10 04:00:00,0.0,0.6760023714425551
8981,2019-10-10 05:00:00,0.0,0.2861490457682263
8982,2019-10-10 06:00:00,0.0,0.7375326025090779
8983,2019-10-10 07:00:00,0.0,0.7226935277811551
8984,2019-10-10 08:00:00,0.0,0.9734202209133125
8985,2019-10-10 09:00:00,0.0,0.9268380927062014
8986,2019-10-10 10:00:00,0.0,0.7265689452307967
8987,2019-10-10 11:00:00,0.0,0.32879866788039336
8988,2019-10-10 12:00:00,0.0,0.5313861695860845
8989,2019-10-10 13:00:00,0.0,0.4369999210195079
8990,2019-10-10 14:00:00,0.0,0.5102471966995458
8991,2019-10-10 15:00:00,0.0,0.16466011673553982
8992,2019-10-10 16:00:00,0.0,0.10876986472755024
8993,2019-10-10 17:00:00,0.0,0.8369486558063945
8994,2019-10-10 18:00:00,0.0,0.8366570085058754
8995,2019-10-10 19:00:00,0.0,0.9308563599958413
8996,2019-10-10 20:00:00,0.0,0.2953915699659325
8997,2019-10-10 21:00:00,0.0,0.6493837393716674
8998,2019-10-10 22:00:00,0.0,0.7990954970076489
8999,2019-10-10 23:00:00,0.0,0.546034894000051
9000,2019-10-11 00:00:00,0.0,0.17097617799170917
9001,2019-10-11 01:00:00,0.0,0.26287899115652524
9002,2019-10-11 02:00:00,0.0,0.5914659559194572
9003,2019-10-11 03:00:00,0.0,0.2518494169677249
9004,2019-10-11 04:00:00,0.0,0.45648974531077946
9005,2019-10-11 05:00:00,0.0,0.38109772732535263
9006,2019-10-11 06:00:00,0.0,0.4026694452665578
9007,2019-10-11 07:00:00,0.0,0.9241864815133564
9008,2019-10-11 08:00:00,0.0,0.36678005525234647
9009,2019-10-11 09:00:00,0.0,0.6683503957489993
9010,2019-10-11 10:00:00,0.0,0.5477306733880087
9011,2019-10-11 11:00:00,0.0,0.7039064897750077
9012,2019-10-11 12:00:00,0.0,0.2828605456505505
9013,2019-10-11 13:00:00,0.0,0.7961555174711628
9014,2019-10-11 14:00:00,0.0,0.9279447680695474
9015,2019-10-11 15:00:00,0.0,0.33598135947174
9016,2019-10-11 16:00:00,0.0,0.4962720065190208
9017,2019-10-11 17:00:00,0.0,0.7540517806305208
9018,2019-10-11 18:00:00,0.0,0.8432449146540575
9019,2019-10-11 19:00:00,0.0,0.18391887833791531
9020,2019-10-11 20:00:00,0.0,0.9829971203081415
9021,2019-10-11 21:00:00,0.0,0.7851196443439107
9022,2019-10-11 22:00:00,0.0,0.2379297477653105
9023,2019-10-11 23:00:00,0.0,0.15849665855092865
9024,2019-10-12 00:00:00,0.0,0.7286321797090786
9025,2019-10-12 01:00:00,0.0,0.18159170950740267
9026,2019-10-12 02:00:00,0.0,0.38638835314779907
9027,2019-10-12 03:00:00,0.0,0.7487552432715462
9028,2019-10-12 04:00:00,0.0,0.1866707266667983
9029,2019-10-12 05:00:00,0.0,0.5200680120555411
9030,2019-10-12 06:00:00,0.0,0.9008768369000761
9031,2019-10-12 07:00:00,0.0,0.3385781599808585
9032,2019-10-12 08:00:00,0.0,0.6148208337424297
9033,2019-10-12 09:00:00,0.0,0.11952365147183885
9034,2019-10-12 10:00:00,0.0,0.22318405940531116
9035,2019-10-12 11:00:00,0.0,0.41282640856299524
9036,2019-10-12 12:00:00,0.0,0.3205097144287897
9037,2019-10-12 13:00:00,0.0,0.6201883574186986
9038,2019-10-12 14:00:00,0.0,0.3851073349986215
9039,2019-10-12 15:00:00,0.0,0.2252926486570609
9040,2019-10-12 16:00:00,0.0,0.8500820263170722
9041,2019-10-12 17:00:00,0.0,0.8754690787283175
9042,2019-10-12 18:00:00,0.0,0.07408968682034134
9043,2019-10-12 19:00:00,0.0,0.9730967821790576
9044,2019-10-12 20:00:00,0.0,0.21050452548462673
9045,2019-10-12 21:00:00,0.0,0.2797048538744211
9046,2019-10-12 22:00:00,0.0,0.7877918605812585
9047,2019-10-12 23:00:00,0.0,0.6997936488182738
9048,2019-10-13 00:00:00,0.0,0.7628654103383871
9049,2019-10-13 01:00:00,0.0,0.8435137925898645
9050,2019-10-13 02:00:00,0.0,0.38657660379506653
9051,2019-10-13 03:00:00,0.0,0.12511270945281272
9052,2019-10-13 04:00:00,0.0,0.0007855976142686627
9053,2019-10-13 05:00:00,0.0,0.9245085786276993
9054,2019-10-13 06:00:00,0.0,0.6636913166952848
9055,2019-10-13 07:00:00,0.0,0.5697204703049898
9056,2019-10-13 08:00:00,0.0,0.5366194073183842
9057,2019-10-13 09:00:00,0.0,0.18468143480874288
9058,2019-10-13 10:00:00,0.0,0.9141919573757171
9059,2019-10-13 11:00:00,0.0,0.6672132987834756
9060,2019-10-13 12:00:00,0.0,0.22045361851107304
9061,2019-10-13 13:00:00,0.0,0.8423699448027208
9062,2019-10-13 14:00:00,0.0,0.39052352851331573
9063,2019-10-13 15:00:00,0.0,0.5023286160187838
9064,2019-10-13 16:00:00,0.0,0.5896216988265929
9065,2019-10-13 17:00:00,0.0,0.6150323112574515
9066,2019-10-13 18:00:00,0.0,0.20402482841488678
9067,2019-10-13 19:00:00,0.0,0.6560003381323666
9068,2019-10-13 20:00:00,0.0,0.24160356129309513
9069,2019-10-13 21:00:00,0.0,0.7261402551075858
9070,2019-10-13 22:00:00,0.0,0.9311106973577641
9071,2019-10-13 23:00:00,0.0,0.7415316347697481
9072,2019-10-14 00:00:00,0.0,0.7339175102776583
9073,2019-10-14 01:00:00,0.0,0.35641422823439073
9074,2019-10-14 02:00:00,0.0,0.45048574534606733
9075,2019-10-14 03:00:00,0.0,0.37899644836832724
9076,2019-10-14 04:00:00,0.0,0.16175371509884695
9077,2019-10-14 05:00:00,0.0,0.05924169141140467
9078,2019-10-14 06:00:00,0.0,0.6287301893394208
9079,2019-10-14 07:00:00,0.0,0.5798461487716389
9080,2019-10-14 08:00:00,0.0,0.17025520703308894
9081,2019-10-14 09:00:00,0.0,0.7245680462975007
9082,2019-10-14 10:00:00,0.0,0.9852841996165864
9083,2019-10-14 11:00:00,0.0,0.9421676895228884
9084,2019-10-14 12:00:00,0.0,0.2716986792410273
9085,2019-10-14 13:00:00,0.0,0.761574978419832
9086,2019-10-14 14:00:00,0.0,0.7071913888221126
9087,2019-10-14 15:00:00,0.0,0.05359873405565285
9088,2019-10-14 16:00:00,0.0,0.33317194513225534
9089,2019-10-14 17:00:00,0.0,0.9046521813351877
9090,2019-10-14 18:00:00,0.0,0.37141438431580154
9091,2019-10-14 19:00:00,0.0,0.2957522061946133
9092,2019-10-14 20:00:00,0.0,0.3331843889645746
9093,2019-10-14 21:00:00,0.0,0.8332333977316111
9094,2019-10-14 22:00:00,0.0,0.22578863739826116
9095,2019-10-14 23:00:00,0.0,0.619907691884489
9096,2019-10-15 00:00:00,0.0,0.9537819996159037
9097,2019-10-15 01:00:00,0.0,0.9656940946053347
9098,2019-10-15 02:00:00,0.0,0.42242127183865763
9099,2019-10-15 03:00:00,0.0,0.9852246127423541
9100,2019-10-15 04:00:00,0.0,0.11454825878053565
9101,2019-10-15 05:00:00,0.0,0.9556080062620992
9102,2019-10-15 06:00:00,0.0,0.8946209667520496
9103,2019-10-15 07:00:00,0.0,0.49878494615269764
9104,2019-10-15 08:00:00,0.0,0.5476839591581393
9105,2019-10-15 09:00:00,0.0,0.25986935480212636
9106,2019-10-15 10:00:00,0.0,0.26895442098269673
9107,2019-10-15 11:00:00,0.0,0.36503053590433066
9108,2019-10-15 12:00:00,0.0,0.4676222376147813
9109,2019-10-15 13:00:00,0.0,0.9203615435979886
9110,2019-10-15 14:00:00,0.0,0.49953549146263787
9111,2019-10-15 15:00:00,0.0,0.0657314262016826
9112,2019-10-15 16:00:00,0.0,0.47500136805466464
9113,2019-10-15 17:00:00,0.0,0.8935958741525799
9114,2019-10-15 18:00:00,0.0,0.23793311633238612
9115,2019-10-15 19:00:00,0.0,0.8773235103987356
9116,2019-10-15 20:00:00,0.0,0.4161602274755041
9117,2019-10-15 21:00:00,0.0,0.5206463454098444
9118,2019-10-15 22:00:00,0.0,0.41921520434838055
9119,2019-10-15 23:00:00,0.0,0.8461303115522445
9120,2019-10-16 00:00:00,0.0,0.9123230755579786
9121,2019-10-16 01:00:00,0.0,0.7174401853228339
9122,2019-10-16 02:00:00,0.0,0.09772101888386497
9123,2019-10-16 03:00:00,0.0,0.6514079862526674
9124,2019-10-16 04:00:00,0.0,0.907711884140127
9125,2019-10-16 05:00:00,0.0,0.6167668653681939
9126,2019-10-16 06:00:00,0.0,0.8018385913895517
9127,2019-10-16 07:00:00,0.0,0.6283283882736882
9128,2019-10-16 08:00:00,0.0,0.2817620152333745
9129,2019-10-16 09:00:00,0.0,0.9621771346291067
9130,2019-10-16 10:00:00,0.0,0.8891869370121582
9131,2019-10-16 11:00:00,0.0,0.06660629110098892
9132,2019-10-16 12:00:00,0.0,0.05517159573428887
9133,2019-10-16 13:00:00,0.0,0.03089073562876854
9134,2019-10-16 14:00:00,0.0,0.6774780290520863
9135,2019-10-16 15:00:00,0.0,0.5170434810996172
9136,2019-10-16 16:00:00,0.0,0.8665464448061788
9137,2019-10-16 17:00:00,0.0,0.1323459363784174
9138,2019-10-16 18:00:00,0.0,0.7457852624265517
9139,2019-10-16 19:00:00,0.0,0.30817547114305677
9140,2019-10-16 20:00:00,0.0,0.4083871895622462
9141,2019-10-16 21:00:00,0.0,0.1479959743727477
9142,2019-10-16 22:00:00,0.0,0.22383870814884044
9143,2019-10-16 23:00:00,0.0,0.4144847115200392
9144,2019-10-17 00:00:00,0.0,0.1515561594672864
9145,2019-10-17 01:00:00,0.0,0.06327936543976131
9146,2019-10-17 02:00:00,0.0,0.9263637575588046
9147,2019-10-17 03:00:00,0.0,0.16934581232935608
9148,2019-10-17 04:00:00,0.0,0.22890783265505688
9149,2019-10-17 05:00:00,0.0,0.5520513055149016
9150,2019-10-17 06:00:00,0.0,0.09129024545619502
9151,2019-10-17 07:00:00,0.0,0.7827009231262255
9152,2019-10-17 08:00:00,0.0,0.8568626314027815
9153,2019-10-17 09:00:00,0.0,0.9798896270852498
9154,2019-10-17 10:00:00,0.0,0.3775907723037977
9155,2019-10-17 11:00:00,0.0,0.46138832228954985
9156,2019-10-17 12:00:00,0.0,0.562735046581292
9157,2019-10-17 13:00:00,0.0,0.01839911660204907
9158,2019-10-17 14:00:00,0.0,0.8564143802299929
9159,2019-10-17 15:00:00,0.0,0.39451555309807695
9160,2019-10-17 16:00:00,0.0,0.2550671958385913
9161,2019-10-17 17:00:00,0.0,0.7012402855878236
9162,2019-10-17 18:00:00,0.0,0.47594318076054953
9163,2019-10-17 19:00:00,0.0,0.1343479186528994
9164,2019-10-17 20:00:00,0.0,0.9233601756163519
9165,2019-10-17 21:00:00,0.0,0.7416891882019147
9166,2019-10-17 22:00:00,0.0,0.12227401286748041
9167,2019-10-17 23:00:00,0.0,0.07844650356476723
9168,2019-10-18 00:00:00,0.0,0.9862387549592156
9169,2019-10-18 01:00:00,0.0,0.28535004783059104
9170,2019-10-18 02:00:00,0.0,0.9807115432602619
9171,2019-10-18 03:00:00,0.0,0.4399060388069559
9172,2019-10-18 04:00:00,0.0,0.32926426264245634
9173,2019-10-18 05:00:00,0.0,0.4200253535448101
9174,2019-10-18 06:00:00,0.0,0.8330815868571435
9175,2019-10-18 07:00:00,0.0,0.7519694986997607
9176,2019-10-18 08:00:00,0.0,0.9788840570574934
9177,2019-10-18 09:00:00,0.0,0.30163191558101665
9178,2019-10-18 10:00:00,0.0,0.45293213281093647
9179,2019-10-18 11:00:00,0.0,0.255377790670798
9180,2019-10-18 12:00:00,0.0,0.4025398894043043
9181,2019-10-18 13:00:00,0.125186086,0.6010997621754732
9182,2019-10-18 14:00:00,0.176136762,0.247224687853153
9183,2019-10-18 15:00:00,0.173576564,0.07667507636042781
9184,2019-10-18 16:00:00,0.194182307,0.6622765155280324
9185,2019-10-18 17:00:00,0.212044448,0.1904777594067144
9186,2019-10-18 18:00:00,0.020214625,0.733646784012456
9187,2019-10-18 19:00:00,0.269636571,0.9924479949063779
9188,2019-10-18 20:00:00,0.127270177,0.24161096096915413
9189,2019-10-18 21:00:00,0.1217383,0.582071606683591
9190,2019-10-18 22:00:00,0.087789789,0.5471854667263546
9191,2019-10-18 23:00:00,0.069763333,0.5440099952433506
9192,2019-10-19 00:00:00,0.040228829,0.5896123046825831
9193,2019-10-19 01:00:00,0.02183692,0.49289880663566
9194,2019-10-19 02:00:00,0.003402991,0.8440043672581953
9195,2019-10-19 03:00:00,0.002421191,0.9499927938107793
9196,2019-10-19 04:00:00,0.002252245,0.23192689138646794
9197,2019-10-19 05:00:00,0.002332519,0.39200108556623947
9198,2019-10-19 06:00:00,0.002263979,0.20185640652015857
9199,2019-10-19 07:00:00,0.002332537,0.10540282672768486
9200,2019-10-19 08:00:00,0.003274358,0.060344869127207934
9201,2019-10-19 09:00:00,0.003807981,0.22358395592563307
9202,2019-10-19 10:00:00,0.003030477,0.3302872223082579
9203,2019-10-19 11:00:00,0.002602522,0.868085246139456
9204,2019-10-19 12:00:00,0.002092615,0.9790496882952329
9205,2019-10-19 13:00:00,0.00179459,0.18596591729355405
9206,2019-10-19 14:00:00,0.001168866,0.07761971564010683
9207,2019-10-19 15:00:00,0.001445368,0.3292392683400349
9208,2019-10-19 16:00:00,0.001262243,0.7628646114765125
9209,2019-10-19 17:00:00,0.001832947,0.5793105223819334
9210,2019-10-19 18:00:00,0.00206092,0.33333127348329994
9211,2019-10-19 19:00:00,0.002364678,0.5674720140989787
9212,2019-10-19 20:00:00,0.001680109,0.91621975737138
9213,2019-10-19 21:00:00,0.000937435,0.3660179435242217
9214,2019-10-19 22:00:00,0.0003818,0.9636058912033973
9215,2019-10-19 23:00:00,0.000128982,0.7148388593602548
9216,2019-10-20 00:00:00,9.292e-06,0.6952696780690828
9217,2019-10-20 01:00:00,7.009e-06,0.9351686503368761
9218,2019-10-20 02:00:00,4.935e-06,0.9018232134797365
9219,2019-10-20 03:00:00,2.485e-06,0.937607050234696
9220,2019-10-20 04:00:00,0.0,0.3755441703601182
9221,2019-10-20 05:00:00,0.0,0.8970467315546181
9222,2019-10-20 06:00:00,0.0,0.367317917669156
9223,2019-10-20 07:00:00,0.0,0.716442408525778
9224,2019-10-20 08:00:00,0.0,0.8930783362485472
9225,2019-10-20 09:00:00,0.0,0.7650851965649701
9226,2019-10-20 10:00:00,0.476934791,0.837896498805705
9227,2019-10-20 11:00:00,1.196930885,0.39174782504685224
9228,2019-10-20 12:00:00,1.641684055,0.2967559436854047
9229,2019-10-20 13:00:00,1.768755198,0.35125772093963237
9230,2019-10-20 14:00:00,1.877949119,0.16980048127741798
9231,2019-10-20 15:00:00,1.95789361,0.914615148888018
9232,2019-10-20 16:00:00,2.016602278,0.2938690612651612
9233,2019-10-20 17:00:00,2.047174692,0.8950062611343651
9234,2019-10-20 18:00:00,2.05534935,0.9349990294771817
9235,2019-10-20 19:00:00,2.087935686,0.8982907520443625
9236,2019-10-20 20:00:00,2.083739758,0.17619041134023028
9237,2019-10-20 21:00:00,2.066698074,0.1570509973885228
9238,2019-10-20 22:00:00,2.028627157,0.09336730937267235
9239,2019-10-20 23:00:00,2.020542383,0.06969021889577587
9240,2019-10-21 00:00:00,2.007341146,0.642348871388044
9241,2019-10-21 01:00:00,2.002608299,0.9974803117037254
9242,2019-10-21 02:00:00,1.997956038,0.16601630483297902
9243,2019-10-21 03:00:00,1.996154904,0.32968084628752825
9244,2019-10-21 04:00:00,1.998914599,0.7422053966108872
9245,2019-10-21 05:00:00,1.999869823,0.5951300401695321
9246,2019-10-21 06:00:00,1.996916294,0.14198360388940312
9247,2019-10-21 07:00:00,1.999904871,0.8337956094868106
9248,2019-10-21 08:00:00,2.002615213,0.5549178771483634
9249,2019-10-21 09:00:00,2.00511384,0.8171244902557362
9250,2019-10-21 10:00:00,2.007470608,0.7590538925214894
9251,2019-10-21 11:00:00,2.007976294,0.9662736911374642
9252,2019-10-21 12:00:00,2.00777173,0.146528084473453
9253,2019-10-21 13:00:00,2.008461952,0.8742088455931959
9254,2019-10-21 14:00:00,2.008735895,0.48369361674391265
9255,2019-10-21 15:00:00,2.001999855,0.9220176621616648
9256,2019-10-21 16:00:00,1.991437912,0.2604269777902064
9257,2019-10-21 17:00:00,1.973030567,0.9379848023307084
9258,2019-10-21 18:00:00,1.941376567,0.1857304985240178
9259,2019-10-21 19:00:00,1.898425341,0.2234289778330617
9260,2019-10-21 20:00:00,1.850347042,0.44929650435599466
9261,2019-10-21 21:00:00,1.794904709,0.9470192627958866
9262,2019-10-21 22:00:00,1.740421534,0.10057486576843966
9263,2019-10-21 23:00:00,1.7263062,0.13548517594955878
9264,2019-10-22 00:00:00,1.716598988,0.7424292328211087
9265,2019-10-22 01:00:00,1.712758541,0.8162745948543899
9266,2019-10-22 02:00:00,1.709582686,0.7465528401198289
9267,2019-10-22 03:00:00,1.704389811,0.010143691257971876
9268,2019-10-22 04:00:00,1.698043466,0.24949542964566396
9269,2019-10-22 05:00:00,1.690014958,0.9148359469233617
9270,2019-10-22 06:00:00,1.681509137,0.6736206426991157
9271,2019-10-22 07:00:00,1.676049113,0.7945440127630455
9272,2019-10-22 08:00:00,1.667771816,0.7800641618649132
9273,2019-10-22 09:00:00,1.657200933,0.9192984679129593
9274,2019-10-22 10:00:00,1.646128893,0.45461397343626353
9275,2019-10-22 11:00:00,1.623712778,0.015809995468187177
9276,2019-10-22 12:00:00,1.607261777,0.43817809254408213
9277,2019-10-22 13:00:00,1.592412114,0.9917321468180491
9278,2019-10-22 14:00:00,1.576569676,0.4613796024992748
9279,2019-10-22 15:00:00,1.550735593,0.9696617839361618
9280,2019-10-22 16:00:00,1.518198729,0.1690786250103976
9281,2019-10-22 17:00:00,1.469009757,0.9824754621060989
9282,2019-10-22 18:00:00,1.371879697,0.9497932855257292
9283,2019-10-22 19:00:00,0.378892422,0.5509602549506893
9284,2019-10-22 20:00:00,0.0,0.33995737009651217
9285,2019-10-22 21:00:00,0.0,0.6961501982524683
9286,2019-10-22 22:00:00,0.0,0.757850379495114
9287,2019-10-22 23:00:00,0.0,0.7071442631464414
9288,2019-10-23 00:00:00,0.0,0.4848305129627103
9289,2019-10-23 01:00:00,0.0,0.5145969956605959
9290,2019-10-23 02:00:00,0.0,0.21888342884403322
9291,2019-10-23 03:00:00,0.0,0.8283743774022311
9292,2019-10-23 04:00:00,0.0,0.0734362233590895
9293,2019-10-23 05:00:00,0.0,0.4355990319130011
9294,2019-10-23 06:00:00,0.0,0.404787536263463
9295,2019-10-23 07:00:00,0.0,0.11305046147158071
9296,2019-10-23 08:00:00,0.0,0.7744352511940361
9297,2019-10-23 09:00:00,0.0,0.5477881268444897
9298,2019-10-23 10:00:00,0.0,0.2650441230316093
9299,2019-10-23 11:00:00,0.0,0.39974962916529466
9300,2019-10-23 12:00:00,0.0,0.9703385071338751
9301,2019-10-23 13:00:00,0.0,0.7444156263680513
9302,2019-10-23 14:00:00,0.0,0.7603101165212748
9303,2019-10-23 15:00:00,0.0,0.7892782606928765
9304,2019-10-23 16:00:00,0.0,0.13389867495465813
9305,2019-10-23 17:00:00,0.0,0.8687454249382398
9306,2019-10-23 18:00:00,0.0,0.8195572390925944
9307,2019-10-23 19:00:00,0.0,0.385370852705607
9308,2019-10-23 20:00:00,0.0,0.41126733430004014
9309,2019-10-23 21:00:00,0.0,0.4525271277404448
9310,2019-10-23 22:00:00,0.0,0.1152561431368807
9311,2019-10-23 23:00:00,0.0,0.15088477812122691
9312,2019-10-24 00:00:00,0.0,0.17439042425665274
9313,2019-10-24 01:00:00,0.0,0.9575340148998858
9314,2019-10-24 02:00:00,0.0,0.2668557392336698
9315,2019-10-24 03:00:00,0.0,0.6999083513366923
9316,2019-10-24 04:00:00,0.0,0.08056173304701997
9317,2019-10-24 05:00:00,0.0,0.4055661124400345
9318,2019-10-24 06:00:00,0.0,0.5409763002910087
9319,2019-10-24 07:00:00,0.367915213,0.3028507256297013
9320,2019-10-24 08:00:00,0.356982708,0.8328898310973739
9321,2019-10-24 09:00:00,0.360550821,0.9117206210646833
9322,2019-10-24 10:00:00,0.360285044,0.37700703032285365
9323,2019-10-24 11:00:00,0.367848158,0.46533992570779714
9324,2019-10-24 12:00:00,0.36861077,0.8505920542879857
9325,2019-10-24 13:00:00,0.371321172,0.20563410160245665
9326,2019-10-24 14:00:00,0.372873604,0.476755210492237
9327,2019-10-24 15:00:00,0.370056033,0.7133738087215531
9328,2019-10-24 16:00:00,0.353969485,0.28141648225345306
9329,2019-10-24 17:00:00,0.326050341,0.030501962562309415
9330,2019-10-24 18:00:00,0.297991872,0.3891117761083749
9331,2019-10-24 19:00:00,0.250858724,0.7175569746936676
9332,2019-10-24 20:00:00,0.184391096,0.14464593632732603
9333,2019-10-24 21:00:00,0.010396307,0.012935747998004121
9334,2019-10-24 22:00:00,0.00556535,0.7373556637400336
9335,2019-10-24 23:00:00,0.004110407,0.7624680735270856
9336,2019-10-25 00:00:00,0.001862498,0.4181054104583791
9337,2019-10-25 01:00:00,0.000679174,0.9781307271222353
9338,2019-10-25 02:00:00,0.0001305,0.5403832866868422
9339,2019-10-25 03:00:00,0.000112799,0.0515927264762851
9340,2019-10-25 04:00:00,8.691e-05,0.4254512179916137
9341,2019-10-25 05:00:00,9.5475e-05,0.5474804452136162
9342,2019-10-25 06:00:00,0.00014094,0.2718865379914658
9343,2019-10-25 07:00:00,0.000173194,0.9713184278604807
9344,2019-10-25 08:00:00,0.00041266,0.833973321439885
9345,2019-10-25 09:00:00,0.000399745,0.06461805488867911
9346,2019-10-25 10:00:00,0.000334097,0.35954777733046506
9347,2019-10-25 11:00:00,0.000277784,0.34358332602125985
9348,2019-10-25 12:00:00,0.000216313,0.5867818095306634
9349,2019-10-25 13:00:00,0.000135945,0.8935587708218494
9350,2019-10-25 14:00:00,0.00016287,0.7770263368294438
9351,2019-10-25 15:00:00,5.8648e-05,0.7579823891329736
9352,2019-10-25 16:00:00,7.2837e-05,0.8928139515151244
9353,2019-10-25 17:00:00,8.7265e-05,0.4902956020208463
9354,2019-10-25 18:00:00,7.7293e-05,0.28962321980370076
9355,2019-10-25 19:00:00,6.1122e-05,0.16742287976185766
9356,2019-10-25 20:00:00,3.8708e-05,0.34436248751036413
9357,2019-10-25 21:00:00,2.0571e-05,0.3725437658914956
9358,2019-10-25 22:00:00,8.127e-06,0.6553703879986682
9359,2019-10-25 23:00:00,3.034e-06,0.5864242124487152
9360,2019-10-26 00:00:00,0.0,0.3797532337666776
9361,2019-10-26 01:00:00,0.0,0.3697155588565787
9362,2019-10-26 02:00:00,0.0,0.798124870396305
9363,2019-10-26 03:00:00,0.0,0.6897371626996787
9364,2019-10-26 04:00:00,0.0,0.1790637050412125
9365,2019-10-26 05:00:00,0.0,0.1292846983680186
9366,2019-10-26 06:00:00,0.0,0.9855825576007448
9367,2019-10-26 07:00:00,0.0,0.9026174285387464
9368,2019-10-26 08:00:00,0.0,0.6784833972128163
9369,2019-10-26 09:00:00,0.0,0.02137331261392783
9370,2019-10-26 10:00:00,0.0,0.016086585688694255
9371,2019-10-26 11:00:00,0.0,0.8521749929844186
9372,2019-10-26 12:00:00,0.0,0.20456918169984284
9373,2019-10-26 13:00:00,0.0,0.31224868017997753
9374,2019-10-26 14:00:00,0.0,0.8323986042435321
9375,2019-10-26 15:00:00,0.0,0.22153650741650688
9376,2019-10-26 16:00:00,0.0,0.7925306405776696
9377,2019-10-26 17:00:00,0.0,0.14109789182170596
9378,2019-10-26 18:00:00,0.0,0.6794414185727107
9379,2019-10-26 19:00:00,0.0,0.9500180087798048
9380,2019-10-26 20:00:00,0.0,0.33036688414932003
9381,2019-10-26 21:00:00,0.0,0.7332617147772718
9382,2019-10-26 22:00:00,0.0,0.694795009180606
9383,2019-10-26 23:00:00,0.0,0.9278988793171682
9384,2019-10-27 00:00:00,0.0,0.6775875302307911
9385,2019-10-27 01:00:00,0.0,0.03704868543852935
9386,2019-10-27 02:00:00,0.0,0.12286946290631295
9387,2019-10-27 03:00:00,0.0,0.9117829135201992
9388,2019-10-27 04:00:00,0.0,0.056467732867501286
9389,2019-10-27 05:00:00,0.0,0.8729225966977101
9390,2019-10-27 06:00:00,0.0,0.6663099889383469
9391,2019-10-27 07:00:00,0.0,0.36086391742059976
9392,2019-10-27 08:00:00,0.0,0.8975576922500115
9393,2019-10-27 09:00:00,0.0,0.15623847011019332
9394,2019-10-27 10:00:00,0.0,0.07068978625753919
9395,2019-10-27 11:00:00,0.0,0.03424861713501404
9396,2019-10-27 12:00:00,0.0,0.6293376785040057
9397,2019-10-27 13:00:00,0.0,0.2635541286142552
9398,2019-10-27 14:00:00,0.0,0.8901431701278554
9399,2019-10-27 15:00:00,0.0,0.6511718216399914
9400,2019-10-27 16:00:00,0.0,0.5579093729824146
9401,2019-10-27 17:00:00,0.0,0.7515858486131629
9402,2019-10-27 18:00:00,0.0,0.4882808621520882
9403,2019-10-27 19:00:00,0.0,0.9979793626730727
9404,2019-10-27 20:00:00,0.0,0.4515814021980815
9405,2019-10-27 21:00:00,0.0,0.816032127848513
9406,2019-10-27 22:00:00,0.0,0.1135194084968918
9407,2019-10-27 23:00:00,0.0,0.6686777015733174
9408,2019-10-28 00:00:00,0.0,0.19204128467773118
9409,2019-10-28 01:00:00,0.0,0.1617518802087078
9410,2019-10-28 02:00:00,0.0,0.6491628966323837
9411,2019-10-28 03:00:00,0.0,0.0469126490591214
9412,2019-10-28 04:00:00,0.0,0.08967323605755961
9413,2019-10-28 05:00:00,0.0,0.9152434996083159
9414,2019-10-28 06:00:00,0.0,0.2598772219094646
9415,2019-10-28 07:00:00,0.2071224,0.6559427244352786
9416,2019-10-28 08:00:00,0.539962769,0.4178812496186858
9417,2019-10-28 09:00:00,0.932273567,0.47960084523862434
9418,2019-10-28 10:00:00,1.201696396,0.2992306576965168
9419,2019-10-28 11:00:00,1.457504153,0.3645368031255348
9420,2019-10-28 12:00:00,1.731916547,0.027412139619045428
9421,2019-10-28 13:00:00,1.891565681,0.578500435462911
9422,2019-10-28 14:00:00,2.073839188,0.41020964311916974
9423,2019-10-28 15:00:00,2.255536556,0.015240729222167237
9424,2019-10-28 16:00:00,2.411824703,0.47041228979716476
9425,2019-10-28 17:00:00,2.568813324,0.6675986469790197
9426,2019-10-28 18:00:00,2.688430786,0.5684582507502779
9427,2019-10-28 19:00:00,2.765941143,0.46638263405916547
9428,2019-10-28 20:00:00,2.846240997,0.8931859506217511
9429,2019-10-28 21:00:00,2.87744832,0.5265696950648941
9430,2019-10-28 22:00:00,2.87745738,0.0952551105568128
9431,2019-10-28 23:00:00,2.888772249,0.780229470325712
9432,2019-10-29 00:00:00,2.884869814,0.2875564251477306
9433,2019-10-29 01:00:00,2.892704487,0.33697191032975526
9434,2019-10-29 02:00:00,2.900147438,0.9004098432289294
9435,2019-10-29 03:00:00,2.905101061,0.25706042396772877
9436,2019-10-29 04:00:00,3.004377127,0.9803798780755865
9437,2019-10-29 05:00:00,3.016295195,0.27403821962775465
9438,2019-10-29 06:00:00,3.022704363,0.6047964902831049
9439,2019-10-29 07:00:00,3.086188793,0.6777615350842203
9440,2019-10-29 08:00:00,3.093370199,0.7573958904802117
9441,2019-10-29 09:00:00,3.133064985,0.9258892486065511
9442,2019-10-29 10:00:00,3.138870955,0.3134098442847869
9443,2019-10-29 11:00:00,3.144353628,0.9880969497944576
9444,2019-10-29 12:00:00,3.150402784,0.19155191499311774
9445,2019-10-29 13:00:00,3.157832146,0.7945326851023385
9446,2019-10-29 14:00:00,3.163461924,0.08708966815230157
9447,2019-10-29 15:00:00,3.165113926,0.8819456592519876
9448,2019-10-29 16:00:00,3.171898127,0.6369177466634107
9449,2019-10-29 17:00:00,3.176640987,0.18912613383823196
9450,2019-10-29 18:00:00,3.170660019,0.5480847530360687
9451,2019-10-29 19:00:00,3.162622213,0.40196423398533
9452,2019-10-29 20:00:00,3.143665552,0.7807749858478481
9453,2019-10-29 21:00:00,3.110193014,0.5769570170161726
9454,2019-10-29 22:00:00,3.070086002,0.04189363620534803
9455,2019-10-29 23:00:00,3.055625916,0.5557213806621175
9456,2019-10-30 00:00:00,3.046976805,0.3460672220199641
9457,2019-10-30 01:00:00,3.390349388,0.6477192963358399
9458,2019-10-30 02:00:00,3.676364899,0.9355005987699251
9459,2019-10-30 03:00:00,3.989880085,0.06599402729924897
9460,2019-10-30 04:00:00,4.321041107,0.7025189374176474
9461,2019-10-30 05:00:00,4.664857388,0.877948777030639
9462,2019-10-30 06:00:00,4.986620903,0.9244784018006894
9463,2019-10-30 07:00:00,5.070611,0.05353951767007026
9464,2019-10-30 08:00:00,5.123641968,0.12394810440192772
9465,2019-10-30 09:00:00,5.177848816,0.47724159602556215
9466,2019-10-30 10:00:00,5.273833752,0.4041151611213428
9467,2019-10-30 11:00:00,5.397189617,0.3877603541395156
9468,2019-10-30 12:00:00,5.482635498,0.023050606980072108
9469,2019-10-30 13:00:00,5.532599449,0.02405625287036872
9470,2019-10-30 14:00:00,5.580097198,0.44310258076244147
9471,2019-10-30 15:00:00,5.627107143,0.8143347666909994
9472,2019-10-30 16:00:00,5.666662216,0.43890575546565347
9473,2019-10-30 17:00:00,5.685435295,0.6887292483353805
9474,2019-10-30 18:00:00,5.692502022,0.7998495064841552
9475,2019-10-30 19:00:00,5.689186573,0.5128118112979102
9476,2019-10-30 20:00:00,5.70569849,0.5006817317847689
9477,2019-10-30 21:00:00,5.713303566,0.2924226236181813
9478,2019-10-30 22:00:00,5.710690498,0.2554613858515682
9479,2019-10-30 23:00:00,5.712416649,0.2904554911682037
9480,2019-10-31 00:00:00,5.706540108,0.4096439680724754
9481,2019-10-31 01:00:00,5.699339867,0.8479432926290644
9482,2019-10-31 02:00:00,5.687414169,0.9369787955791261
9483,2019-10-31 03:00:00,5.671973228,0.007265568877428241
9484,2019-10-31 04:00:00,5.658631325,0.07866351421244233
9485,2019-10-31 05:00:00,5.642667294,0.8349988362823797
9486,2019-10-31 06:00:00,5.621695995,0.8939787163630005
9487,2019-10-31 07:00:00,5.602413177,0.4512533010692321
9488,2019-10-31 08:00:00,5.581323147,0.7741835360356457
9489,2019-10-31 09:00:00,5.561984062,0.026855699098953134
9490,2019-10-31 10:00:00,5.529042721,0.7793241921790522
9491,2019-10-31 11:00:00,5.50170517,0.972326789824604
9492,2019-10-31 12:00:00,5.466639042,0.9804443609032575
9493,2019-10-31 13:00:00,5.436518669,0.9100643053872326
9494,2019-10-31 14:00:00,5.403334618,0.38585856179047684
9495,2019-10-31 15:00:00,5.378041267,0.1936602277332502
9496,2019-10-31 16:00:00,5.343207359,0.7611601463069629
9497,2019-10-31 17:00:00,5.279373169,0.8191021534442561
9498,2019-10-31 18:00:00,5.17478323,0.47095913458212235
9499,2019-10-31 19:00:00,5.054226875,0.6410732481776312
9500,2019-10-31 20:00:00,3.906112432,0.9780176007412893
9501,2019-10-31 21:00:00,1.779950976,0.9387820480514152
9502,2019-10-31 22:00:00,1.779980779,0.8891743381598929
9503,2019-10-31 23:00:00,1.730601549,0.6329112069808603
9504,2019-11-01 00:00:00,1.732011318,0.3707021281469258
9505,2019-11-01 01:00:00,1.732819796,0.40562441035211805
9506,2019-11-01 02:00:00,1.733241796,0.7464552181811105
9507,2019-11-01 03:00:00,1.728886843,0.8191968988554519
9508,2019-11-01 04:00:00,1.717142105,0.38176174009584507
9509,2019-11-01 05:00:00,1.696802855,0.4226064283860993
9510,2019-11-01 06:00:00,1.678001523,0.697559863201934
9511,2019-11-01 07:00:00,1.660680175,0.4822691550275845
9512,2019-11-01 08:00:00,1.634713411,0.6886272088768687
9513,2019-11-01 09:00:00,1.61503005,0.06778550291964824
9514,2019-11-01 10:00:00,1.58854723,0.5558059572154411
9515,2019-11-01 11:00:00,1.555384755,0.6040408246728158
9516,2019-11-01 12:00:00,1.522787333,0.20829289223380654
9517,2019-11-01 13:00:00,1.492961049,0.8778803759595739
9518,2019-11-01 14:00:00,1.464245558,0.8583136460897961
9519,2019-11-01 15:00:00,1.426233768,0.1452880169531291
9520,2019-11-01 16:00:00,1.374089956,0.1575149863091907
9521,2019-11-01 17:00:00,1.308042169,0.005151252778713533
9522,2019-11-01 18:00:00,1.221026301,0.838771998558094
9523,2019-11-01 19:00:00,1.128948927,0.11164134215222532
9524,2019-11-01 20:00:00,1.019993424,0.30668822577315435
9525,2019-11-01 21:00:00,0.911576033,0.45287843946904793
9526,2019-11-01 22:00:00,0.811556458,0.19604488334930825
9527,2019-11-01 23:00:00,0.77680099,0.7390111985615018
9528,2019-11-02 00:00:00,0.75092262,0.22309661618635612
9529,2019-11-02 01:00:00,0.743889868,0.25926875095078317
9530,2019-11-02 02:00:00,0.743888021,0.6833664181576463
9531,2019-11-02 03:00:00,0.730298877,0.9568613729716215
9532,2019-11-02 04:00:00,0.719137192,0.4433570260102584
9533,2019-11-02 05:00:00,0.712450862,0.12145810290149417
9534,2019-11-02 06:00:00,0.709081948,0.07527597546052356
9535,2019-11-02 07:00:00,0.695745289,0.0268454094376247
9536,2019-11-02 08:00:00,0.673074543,0.548823467911584
9537,2019-11-02 09:00:00,0.669709563,0.3207770596332603
9538,2019-11-02 10:00:00,0.667163134,0.09988824214889536
9539,2019-11-02 11:00:00,0.654629946,0.033878742904481673
9540,2019-11-02 12:00:00,0.62795788,0.7373652414944541
9541,2019-11-02 13:00:00,0.616569221,0.8404266567055612
9542,2019-11-02 14:00:00,0.597150922,0.4803172096295879
9543,2019-11-02 15:00:00,0.553465247,0.485015578290362
9544,2019-11-02 16:00:00,0.503041804,0.48794658515253775
9545,2019-11-02 17:00:00,0.419540763,0.9407275546443763
9546,2019-11-02 18:00:00,0.301954865,0.21324345426623903
9547,2019-11-02 19:00:00,0.16256918,0.49708481408043315
9548,2019-11-02 20:00:00,0.009762153,0.03747945759485638
9549,2019-11-02 21:00:00,0.0,0.8181160468140616
9550,2019-11-02 22:00:00,0.0,0.043583894983767246
9551,2019-11-02 23:00:00,0.0,0.2370684208485424
9552,2019-11-03 00:00:00,0.0,0.13629259006144512
9553,2019-11-03 01:00:00,0.0,0.909180129507399
9554,2019-11-03 02:00:00,0.0,0.18165498928846846
9555,2019-11-03 03:00:00,0.0,0.6094026642636632
9556,2019-11-03 04:00:00,0.0,0.24872128050826747
9557,2019-11-03 05:00:00,0.0,0.9534173559186178
9558,2019-11-03 06:00:00,0.0,0.43480908120995265
9559,2019-11-03 07:00:00,0.0,0.9690948356503942
9560,2019-11-03 08:00:00,0.0,0.6873669621811899
9561,2019-11-03 09:00:00,0.0,0.2414565698741019
9562,2019-11-03 10:00:00,0.0,0.5981347267518097
9563,2019-11-03 11:00:00,0.0,0.03454670354301981
9564,2019-11-03 12:00:00,0.0,0.5951866883718482
9565,2019-11-03 13:00:00,0.0,0.04082744518886461
9566,2019-11-03 14:00:00,0.0,0.5096321008731858
9567,2019-11-03 15:00:00,0.0,0.44423447995317267
9568,2019-11-03 16:00:00,0.0,0.41590493246695104
9569,2019-11-03 17:00:00,0.0,0.5960585223903877
9570,2019-11-03 18:00:00,0.0,0.9091168063382206
9571,2019-11-03 19:00:00,0.0,0.6564045541295618
9572,2019-11-03 20:00:00,0.0,0.8223163027353049
9573,2019-11-03 21:00:00,0.0,0.7046239944719387
9574,2019-11-03 22:00:00,0.0,0.5323701289153088
9575,2019-11-03 23:00:00,0.0,0.7951674884915655
9576,2019-11-04 00:00:00,0.0,0.9247611633068266
9577,2019-11-04 01:00:00,0.0,0.7330803891032407
9578,2019-11-04 02:00:00,0.0,0.4065211108265694
9579,2019-11-04 03:00:00,0.0,0.8479206423501138
9580,2019-11-04 04:00:00,0.0,0.25012884139983904
9581,2019-11-04 05:00:00,0.0,0.39253221140832406
9582,2019-11-04 06:00:00,0.0,0.623137196354174
9583,2019-11-04 07:00:00,0.0,0.038470696175915475
9584,2019-11-04 08:00:00,0.0,0.02585320327051488
9585,2019-11-04 09:00:00,0.0,0.8381359623137402
9586,2019-11-04 10:00:00,0.0,0.4308293879407008
9587,2019-11-04 11:00:00,0.0,0.7730078213568399
9588,2019-11-04 12:00:00,0.0,0.09362695135134724
9589,2019-11-04 13:00:00,0.0,0.4348153308005964
9590,2019-11-04 14:00:00,0.0,0.2741057821085239
9591,2019-11-04 15:00:00,0.0,0.29153724374185463
9592,2019-11-04 16:00:00,0.0,0.8747473769836767
9593,2019-11-04 17:00:00,0.0,0.6519400358770138
9594,2019-11-04 18:00:00,0.0,0.7195026637964741
9595,2019-11-04 19:00:00,0.0,0.45919702305832977
9596,2019-11-04 20:00:00,0.0,0.42325776738410503
9597,2019-11-04 21:00:00,0.0,0.6549652183204177
9598,2019-11-04 22:00:00,0.0,0.6378211588411772
9599,2019-11-04 23:00:00,0.0,0.6118010389224378
9600,2019-11-05 00:00:00,0.0,0.2688654508237046
9601,2019-11-05 01:00:00,0.0,0.36705433937361054
9602,2019-11-05 02:00:00,0.0,0.22800946487026985
9603,2019-11-05 03:00:00,0.0,0.2815727214036666
9604,2019-11-05 04:00:00,0.0,0.2514101215232234
9605,2019-11-05 05:00:00,0.0,0.2745297348152991
9606,2019-11-05 06:00:00,0.0,0.8020244386327795
9607,2019-11-05 07:00:00,0.0,0.25997444886969767
9608,2019-11-05 08:00:00,0.0,0.5410321799890269
9609,2019-11-05 09:00:00,0.0,0.6630716295919237
9610,2019-11-05 10:00:00,0.0,0.697587096160457
9611,2019-11-05 11:00:00,0.0,0.07104481048257638
9612,2019-11-05 12:00:00,0.0,0.9312511051321842
9613,2019-11-05 13:00:00,0.0,0.7707369278384846
9614,2019-11-05 14:00:00,0.0,0.5640565287705649
9615,2019-11-05 15:00:00,0.0,0.26320549581150043
9616,2019-11-05 16:00:00,0.0,0.24879678849499498
9617,2019-11-05 17:00:00,0.0,0.786083378112354
9618,2019-11-05 18:00:00,0.0,0.8882110431884717
9619,2019-11-05 19:00:00,0.0,0.7250241161352524
9620,2019-11-05 20:00:00,0.0,0.9978916821212279
9621,2019-11-05 21:00:00,0.0,0.06118464298179749
9622,2019-11-05 22:00:00,0.0,0.36980806459159077
9623,2019-11-05 23:00:00,0.0,0.7469004311662031
9624,2019-11-06 00:00:00,0.0,0.7951114708098547
9625,2019-11-06 01:00:00,0.0,0.34092512276571596
9626,2019-11-06 02:00:00,0.0,0.8449195500962202
9627,2019-11-06 03:00:00,0.0,0.5991252296316506
9628,2019-11-06 04:00:00,0.0,0.19069167961338707
9629,2019-11-06 05:00:00,0.0,0.3678076033204217
9630,2019-11-06 06:00:00,0.0,0.2767933581451797
9631,2019-11-06 07:00:00,0.0,0.3416918565295599
9632,2019-11-06 08:00:00,0.0,0.8988786060879664
9633,2019-11-06 09:00:00,0.0,0.7901872520590055
9634,2019-11-06 10:00:00,0.0,0.5069728608900242
9635,2019-11-06 11:00:00,0.0,0.9970524208972388
9636,2019-11-06 12:00:00,0.0,0.30191667042476944
9637,2019-11-06 13:00:00,0.0,0.9367547198882858
9638,2019-11-06 14:00:00,0.0,0.28623326803592464
9639,2019-11-06 15:00:00,0.0,0.7021729232735583
9640,2019-11-06 16:00:00,0.0,0.571110504136846
9641,2019-11-06 17:00:00,0.0,0.00746420799539671
9642,2019-11-06 18:00:00,0.0,0.8540279720117613
9643,2019-11-06 19:00:00,0.0,0.4263683955220575
9644,2019-11-06 20:00:00,0.0,0.8707750582095378
9645,2019-11-06 21:00:00,0.0,0.911716149050738
9646,2019-11-06 22:00:00,0.0,0.42788362594956375
9647,2019-11-06 23:00:00,0.0,0.2902377715333838
9648,2019-11-07 00:00:00,0.0,0.9071187464344619
9649,2019-11-07 01:00:00,0.0,0.9270414237275482
9650,2019-11-07 02:00:00,0.0,0.8725872484963793
9651,2019-11-07 03:00:00,0.0,0.07090008305557238
9652,2019-11-07 04:00:00,0.0,0.04563594344454591
9653,2019-11-07 05:00:00,0.0,0.8871668204888921
9654,2019-11-07 06:00:00,0.0,0.13544180303828735
9655,2019-11-07 07:00:00,0.0,0.1974188953585172
9656,2019-11-07 08:00:00,0.0,0.4203434827883361
9657,2019-11-07 09:00:00,0.0,0.5351055472742876
9658,2019-11-07 10:00:00,0.0,0.3927395677009009
9659,2019-11-07 11:00:00,0.0,0.28612015184552764
9660,2019-11-07 12:00:00,0.0,0.3674466930635244
9661,2019-11-07 13:00:00,0.0,0.05334690659907615
9662,2019-11-07 14:00:00,0.0,0.5209293519831496
9663,2019-11-07 15:00:00,0.0,0.08903108828320228
9664,2019-11-07 16:00:00,0.0,0.4190083819377959
9665,2019-11-07 17:00:00,0.0,0.5583512358833643
9666,2019-11-07 18:00:00,0.0,0.21405119672207262
9667,2019-11-07 19:00:00,0.0,0.3256795986511025
9668,2019-11-07 20:00:00,0.0,0.9597807656135053
9669,2019-11-07 21:00:00,0.0,0.38805463012275776
9670,2019-11-07 22:00:00,0.0,0.1157789793835694
9671,2019-11-07 23:00:00,0.0,0.9895742342893818
9672,2019-11-08 00:00:00,0.0,0.7620167141278965
9673,2019-11-08 01:00:00,0.0,0.8832325653968857
9674,2019-11-08 02:00:00,0.0,0.6327129862241886
9675,2019-11-08 03:00:00,0.0,0.12816903726078144
9676,2019-11-08 04:00:00,0.0,0.4821765399369754
9677,2019-11-08 05:00:00,0.0,0.508986139821953
9678,2019-11-08 06:00:00,0.0,0.6964114465010479
9679,2019-11-08 07:00:00,0.0,0.1557783435599871
9680,2019-11-08 08:00:00,0.0,0.42576756260092896
9681,2019-11-08 09:00:00,0.0,0.8827854889788228
9682,2019-11-08 10:00:00,0.0,0.28895177770052927
9683,2019-11-08 11:00:00,0.0,0.28174203376553353
9684,2019-11-08 12:00:00,0.0,0.3576270019332416
9685,2019-11-08 13:00:00,0.0,0.8468995112133807
9686,2019-11-08 14:00:00,0.0,0.804935307008805
9687,2019-11-08 15:00:00,0.0,0.7253353316609303
9688,2019-11-08 16:00:00,0.0,0.5840971851514789
9689,2019-11-08 17:00:00,0.0,0.43244337128771915
9690,2019-11-08 18:00:00,0.0,0.5027659453370983
9691,2019-11-08 19:00:00,0.0,0.5068252650689964
9692,2019-11-08 20:00:00,0.0,0.9404890822811268
9693,2019-11-08 21:00:00,0.0,0.7555799406333108
9694,2019-11-08 22:00:00,0.0,0.15329521782297606
9695,2019-11-08 23:00:00,0.0,0.7813917838700002
9696,2019-11-09 00:00:00,0.0,0.06690595539347455
9697,2019-11-09 01:00:00,0.0,0.155761433582565
9698,2019-11-09 02:00:00,0.0,0.5526365799807239
9699,2019-11-09 03:00:00,0.0,0.9634465477200417
9700,2019-11-09 04:00:00,0.0,0.009115476137219636
9701,2019-11-09 05:00:00,0.0,0.39220089364691746
9702,2019-11-09 06:00:00,0.0,0.19684414785228765
9703,2019-11-09 07:00:00,0.0,0.8773665989157515
9704,2019-11-09 08:00:00,0.0,0.8444307619363633
9705,2019-11-09 09:00:00,0.0,0.6482221853763485
9706,2019-11-09 10:00:00,0.0,0.6960844045153417
9707,2019-11-09 11:00:00,0.0,0.45173224434877735
9708,2019-11-09 12:00:00,0.0,0.03361541314736238
9709,2019-11-09 13:00:00,0.0,0.2541870066433751
9710,2019-11-09 14:00:00,0.0,0.8436948251415078
9711,2019-11-09 15:00:00,0.0,0.18901377737538494
9712,2019-11-09 16:00:00,0.0,0.17832704628734009
9713,2019-11-09 17:00:00,0.0,0.6360139903495442
9714,2019-11-09 18:00:00,0.0,0.17659066750747543
9715,2019-11-09 19:00:00,0.0,0.3570043304200148
9716,2019-11-09 20:00:00,0.0,0.07149855259841231
9717,2019-11-09 21:00:00,0.0,0.4031028312605779
9718,2019-11-09 22:00:00,0.0,0.6042350559716276
9719,2019-11-09 23:00:00,0.0,0.6254187962953632
9720,2019-11-10 00:00:00,0.0,0.5228547736295311
9721,2019-11-10 01:00:00,0.0,0.8342776568704862
9722,2019-11-10 02:00:00,0.0,0.0734338601911092
9723,2019-11-10 03:00:00,0.0,0.09121438939935345
9724,2019-11-10 04:00:00,0.0,0.12040586997580949
9725,2019-11-10 05:00:00,0.0,0.30713909105124837
9726,2019-11-10 06:00:00,0.0,0.3999451436567871
9727,2019-11-10 07:00:00,0.0,0.930913107804861
9728,2019-11-10 08:00:00,0.0,0.9511359677450305
9729,2019-11-10 09:00:00,0.0,0.7376467607138102
9730,2019-11-10 10:00:00,0.0,0.47742658768189716
9731,2019-11-10 11:00:00,0.0,0.1544740267782858
9732,2019-11-10 12:00:00,0.0,0.9295395126395957
9733,2019-11-10 13:00:00,0.0,0.7383469536947352
9734,2019-11-10 14:00:00,0.0,0.13119712123683047
9735,2019-11-10 15:00:00,0.0,0.691583898122307
9736,2019-11-10 16:00:00,0.0,0.6417906506378744
9737,2019-11-10 17:00:00,0.0,0.01913011247036711
9738,2019-11-10 18:00:00,0.0,0.20588942112826392
9739,2019-11-10 19:00:00,0.0,0.6753395693919396
9740,2019-11-10 20:00:00,0.0,0.2011174255103716
9741,2019-11-10 21:00:00,0.0,0.26293656283679434
9742,2019-11-10 22:00:00,0.0,0.5076151099867153
9743,2019-11-10 23:00:00,0.0,0.45319212262444897
9744,2019-11-11 00:00:00,0.0,0.1595752975891198
9745,2019-11-11 01:00:00,0.0,0.0685856394760781
9746,2019-11-11 02:00:00,0.0,0.9915059174109232
9747,2019-11-11 03:00:00,0.0,0.2994081945415946
9748,2019-11-11 04:00:00,0.0,0.40379896351250677
9749,2019-11-11 05:00:00,0.0,0.46137449722814083
9750,2019-11-11 06:00:00,0.0,0.7276637574763288
9751,2019-11-11 07:00:00,0.0,0.8261609973344634
9752,2019-11-11 08:00:00,0.0,0.4787063777761078
9753,2019-11-11 09:00:00,0.0,0.8401105059072442
9754,2019-11-11 10:00:00,0.0,0.48789942540657694
9755,2019-11-11 11:00:00,0.0,0.4479134115796599
9756,2019-11-11 12:00:00,0.0,0.06865990635987973
9757,2019-11-11 13:00:00,0.0,0.3044393662076421
9758,2019-11-11 14:00:00,0.0,0.8752857714547058
9759,2019-11-11 15:00:00,0.0,0.16469485139641515
9760,2019-11-11 16:00:00,0.0,0.5829443300087672
9761,2019-11-11 17:00:00,0.0,0.1778204922174912
9762,2019-11-11 18:00:00,0.0,0.12980499423957348
9763,2019-11-11 19:00:00,0.0,0.5139190917949695
9764,2019-11-11 20:00:00,0.0,0.3366655904261462
9765,2019-11-11 21:00:00,0.0,0.5183589239251347
9766,2019-11-11 22:00:00,0.0,0.8351406560052098
9767,2019-11-11 23:00:00,0.0,0.08265868358003925
9768,2019-11-12 00:00:00,0.0,0.9517160738366649
9769,2019-11-12 01:00:00,0.0,0.023877869071821323
9770,2019-11-12 02:00:00,0.0,0.49456230218366315
9771,2019-11-12 03:00:00,0.0,0.7638911450615314
9772,2019-11-12 04:00:00,0.0,0.5676729586128159
9773,2019-11-12 05:00:00,0.0,0.6677034721159673
9774,2019-11-12 06:00:00,0.0,0.22483297294239246
9775,2019-11-12 07:00:00,0.0,0.5924444343308365
9776,2019-11-12 08:00:00,0.0,0.8818982330636219
9777,2019-11-12 09:00:00,0.0,0.06657355920709007
9778,2019-11-12 10:00:00,0.0,0.28631071002431396
9779,2019-11-12 11:00:00,0.0,0.9673417649108068
9780,2019-11-12 12:00:00,0.0,0.7800430209812707
9781,2019-11-12 13:00:00,0.0,0.4063228895306702
9782,2019-11-12 14:00:00,0.0,0.7850334581930248
9783,2019-11-12 15:00:00,0.0,0.21625047608193193
9784,2019-11-12 16:00:00,0.0,0.9047883930556168
9785,2019-11-12 17:00:00,0.0,0.5321974569576593
9786,2019-11-12 18:00:00,0.0,0.5042370687879589
9787,2019-11-12 19:00:00,0.0,0.014932704550422615
9788,2019-11-12 20:00:00,0.0,0.5053088200281877
9789,2019-11-12 21:00:00,0.0,0.052532097302994685
9790,2019-11-12 22:00:00,0.0,0.8838830544476081
9791,2019-11-12 23:00:00,0.0,0.3283926052509436
9792,2019-11-13 00:00:00,0.0,0.2598460883433309
9793,2019-11-13 01:00:00,0.0,0.3105076560286638
9794,2019-11-13 02:00:00,0.0,0.2391922011976022
9795,2019-11-13 03:00:00,0.0,0.16893015672403
9796,2019-11-13 04:00:00,0.0,0.06433918733692168
9797,2019-11-13 05:00:00,0.0,0.6992723551521491
9798,2019-11-13 06:00:00,0.0,0.14686632225177765
9799,2019-11-13 07:00:00,0.0,0.7611971981200237
9800,2019-11-13 08:00:00,0.0,0.38966700172189517
9801,2019-11-13 09:00:00,0.0,0.7219753853139667
9802,2019-11-13 10:00:00,0.0,0.298609729759326
9803,2019-11-13 11:00:00,0.0,0.7079598099827947
9804,2019-11-13 12:00:00,0.0,0.24127881300762455
9805,2019-11-13 13:00:00,0.0,0.44030055233157905
9806,2019-11-13 14:00:00,0.0,0.4575466211644109
9807,2019-11-13 15:00:00,0.0,0.6897310366385923
9808,2019-11-13 16:00:00,0.0,0.11228037114895961
9809,2019-11-13 17:00:00,0.0,0.43857224197716704
9810,2019-11-13 18:00:00,0.0,0.5382289462380878
9811,2019-11-13 19:00:00,0.0,0.8015476129316137
9812,2019-11-13 20:00:00,0.0,0.9848814126533888
9813,2019-11-13 21:00:00,0.0,0.9651520716860994
9814,2019-11-13 22:00:00,0.0,0.32543118829441386
9815,2019-11-13 23:00:00,0.0,0.7142099822614871
9816,2019-11-14 00:00:00,0.0,0.500439939666965
9817,2019-11-14 01:00:00,0.0,0.0034743356647002344
9818,2019-11-14 02:00:00,0.0,0.6634128541137552
9819,2019-11-14 03:00:00,0.0,0.48286628838074763
9820,2019-11-14 04:00:00,0.0,0.5925564119324205
9821,2019-11-14 05:00:00,0.0,0.42970700985216637
9822,2019-11-14 06:00:00,0.0,0.9226170194823562
9823,2019-11-14 07:00:00,0.0,0.22925075566968278
9824,2019-11-14 08:00:00,0.0,0.11790949672433393
9825,2019-11-14 09:00:00,0.0,0.9690406506509555
9826,2019-11-14 10:00:00,0.0,0.9881174845836107
9827,2019-11-14 11:00:00,0.0,0.6396813865955152
9828,2019-11-14 12:00:00,0.0,0.4727526726911445
9829,2019-11-14 13:00:00,0.0,0.20613812192132208
9830,2019-11-14 14:00:00,0.0,0.24597845089102477
9831,2019-11-14 15:00:00,0.0,0.03926074230079324
9832,2019-11-14 16:00:00,0.0,0.9630932495023053
9833,2019-11-14 17:00:00,0.0,0.8174496638311681
9834,2019-11-14 18:00:00,0.0,0.05461251439780801
9835,2019-11-14 19:00:00,0.0,0.4983964587834684
9836,2019-11-14 20:00:00,0.0,0.4741084378979842
9837,2019-11-14 21:00:00,0.0,0.8247246526552433
9838,2019-11-14 22:00:00,0.0,0.6670646502525378
9839,2019-11-14 23:00:00,0.0,0.8921607069812973
9840,2019-11-15 00:00:00,0.0,0.3067189655235636
9841,2019-11-15 01:00:00,0.0,0.3392643514661723
9842,2019-11-15 02:00:00,0.0,0.14577749689259623
9843,2019-11-15 03:00:00,0.0,0.9574999279439717
9844,2019-11-15 04:00:00,0.0,0.8225851089577874
9845,2019-11-15 05:00:00,0.0,0.1396529735769293
9846,2019-11-15 06:00:00,0.0,0.9976278574258632
9847,2019-11-15 07:00:00,0.0,0.42401888359664186
9848,2019-11-15 08:00:00,0.0,0.8792878599994717
9849,2019-11-15 09:00:00,0.0,0.4441560868570714
9850,2019-11-15 10:00:00,0.0,0.4665998830474205
9851,2019-11-15 11:00:00,0.0,0.524272304428909
9852,2019-11-15 12:00:00,0.0,0.816583757907202
9853,2019-11-15 13:00:00,0.0,0.24832271237469294
9854,2019-11-15 14:00:00,0.0,0.6634005539491289
9855,2019-11-15 15:00:00,0.0,0.26840900701198045
9856,2019-11-15 16:00:00,0.0,0.11793483228427604
9857,2019-11-15 17:00:00,0.0,0.39990896848603974
9858,2019-11-15 18:00:00,0.0,0.6535550564507703
9859,2019-11-15 19:00:00,0.0,0.7603466696203117
9860,2019-11-15 20:00:00,0.0,0.335617206844702
9861,2019-11-15 21:00:00,0.0,0.44648288306034567
9862,2019-11-15 22:00:00,0.0,0.48623491605318303
9863,2019-11-15 23:00:00,0.0,0.6984465078012458
9864,2019-11-16 00:00:00,0.0,0.145617313038084
9865,2019-11-16 01:00:00,0.0,0.05854602080675797
9866,2019-11-16 02:00:00,0.0,0.7258982016985431
9867,2019-11-16 03:00:00,0.0,0.6027984657675557
9868,2019-11-16 04:00:00,0.0,0.4705275292593034
9869,2019-11-16 05:00:00,0.0,0.7096492013324066
9870,2019-11-16 06:00:00,0.0,0.093785675708285
9871,2019-11-16 07:00:00,0.0,0.1898295339980175
9872,2019-11-16 08:00:00,0.0,0.40622117979677896
9873,2019-11-16 09:00:00,0.0,0.4378054086939579
9874,2019-11-16 10:00:00,0.0,0.0817820657920153
9875,2019-11-16 11:00:00,0.0,0.24729130945062883
9876,2019-11-16 12:00:00,0.0,0.19681151717088974
9877,2019-11-16 13:00:00,0.0,0.6727062812013102
9878,2019-11-16 14:00:00,0.0,0.6758836086701153
9879,2019-11-16 15:00:00,0.0,0.257257111044924
9880,2019-11-16 16:00:00,0.0,0.45999953964297935
9881,2019-11-16 17:00:00,0.0,0.4292298832171163
9882,2019-11-16 18:00:00,0.0,0.2890776938773987
9883,2019-11-16 19:00:00,0.0,0.5362599668482169
9884,2019-11-16 20:00:00,0.0,0.9481586753471527
9885,2019-11-16 21:00:00,0.0,0.5792346985998004
9886,2019-11-16 22:00:00,0.0,0.4032896350974742
9887,2019-11-16 23:00:00,0.0,0.14819504564810138
9888,2019-11-17 00:00:00,0.0,0.7871491345091665
9889,2019-11-17 01:00:00,0.0,0.45425859873409846
9890,2019-11-17 02:00:00,0.0,0.5630520533012557
9891,2019-11-17 03:00:00,0.0,0.10331528437928517
9892,2019-11-17 04:00:00,0.0,0.062226929741787784
9893,2019-11-17 05:00:00,0.0,0.909206265225736
9894,2019-11-17 06:00:00,0.0,0.4274626906990069
9895,2019-11-17 07:00:00,0.0,0.9031015564659444
9896,2019-11-17 08:00:00,0.0,0.4664621249238168
9897,2019-11-17 09:00:00,0.0,0.020527737868569984
9898,2019-11-17 10:00:00,0.0,0.059547903645589706
9899,2019-11-17 11:00:00,0.0,0.3433247708270236
9900,2019-11-17 12:00:00,0.0,0.8131573910409247
9901,2019-11-17 13:00:00,0.0,0.28032113598966835
9902,2019-11-17 14:00:00,0.0,0.8890528056384721
9903,2019-11-17 15:00:00,0.0,0.03347405790490299
9904,2019-11-17 16:00:00,0.0,0.8550381321786246
9905,2019-11-17 17:00:00,0.0,0.40359246518205905
9906,2019-11-17 18:00:00,0.0,0.8166054771041127
9907,2019-11-17 19:00:00,0.0,0.12480604738953416
9908,2019-11-17 20:00:00,0.292571753,0.42525706831231613
9909,2019-11-17 21:00:00,0.384333789,0.21605535669801468
9910,2019-11-17 22:00:00,0.419406742,0.08211714991588315
9911,2019-11-17 23:00:00,0.520683527,0.4866159935932217
9912,2019-11-18 00:00:00,0.508725822,0.6453476641188906
9913,2019-11-18 01:00:00,0.497202516,0.9703448904837834
9914,2019-11-18 02:00:00,0.492156506,0.3654707380798956
9915,2019-11-18 03:00:00,0.494191289,0.23175381019711006
9916,2019-11-18 04:00:00,0.49203223,0.7166503660812827
9917,2019-11-18 05:00:00,0.490254104,0.4668142790311597
9918,2019-11-18 06:00:00,0.490344375,0.11048189635514538
9919,2019-11-18 07:00:00,0.490844518,0.749759097413534
9920,2019-11-18 08:00:00,0.490827888,0.5951464503643983
9921,2019-11-18 09:00:00,0.489349604,0.2792153503550864
9922,2019-11-18 10:00:00,0.486614108,0.7066075170983318
9923,2019-11-18 11:00:00,0.484359622,0.9451234309656236
9924,2019-11-18 12:00:00,0.480568528,0.8965081937604428
9925,2019-11-18 13:00:00,0.475313812,0.10631714327009656
9926,2019-11-18 14:00:00,0.464939833,0.7927613896336176
9927,2019-11-18 15:00:00,0.443940043,0.6112346190395663
9928,2019-11-18 16:00:00,0.413737506,0.5070185954058325
9929,2019-11-18 17:00:00,0.083793715,0.24003992562997345
9930,2019-11-18 18:00:00,0.005756864,0.7066646602881824
9931,2019-11-18 19:00:00,0.003789563,0.716369035244847
9932,2019-11-18 20:00:00,0.002256104,0.2105694734759831
9933,2019-11-18 21:00:00,0.001043253,0.6429455073183595
9934,2019-11-18 22:00:00,0.0002846,0.6438690920375671
9935,2019-11-18 23:00:00,0.000104411,0.9577882110812314
9936,2019-11-19 00:00:00,4.298e-06,0.28954094544483266
9937,2019-11-19 01:00:00,2.838e-06,0.9652759723497472
9938,2019-11-19 02:00:00,5.34e-06,0.4496296543345252
9939,2019-11-19 03:00:00,4.709e-06,0.7606469100798692
9940,2019-11-19 04:00:00,4.221e-06,0.6545114592217213
9941,2019-11-19 05:00:00,3.386e-06,0.8007771920984752
9942,2019-11-19 06:00:00,2.206e-06,0.4844021707705707
9943,2019-11-19 07:00:00,2.376e-06,0.7229283973581064
9944,2019-11-19 08:00:00,2.407e-06,0.7215612908392922
9945,2019-11-19 09:00:00,1.339e-06,0.7589195361540012
9946,2019-11-19 10:00:00,1.115e-06,0.5605093690669428
9947,2019-11-19 11:00:00,0.0,0.13371191303363306
9948,2019-11-19 12:00:00,0.0,0.0212035072407587
9949,2019-11-19 13:00:00,0.0,0.7334482973250145
9950,2019-11-19 14:00:00,0.0,0.3790467442583819
9951,2019-11-19 15:00:00,0.0,0.34330855194949905
9952,2019-11-19 16:00:00,1.46e-06,0.24974878211570806
9953,2019-11-19 17:00:00,4.164e-06,0.1879869495084756
9954,2019-11-19 18:00:00,6.056e-06,0.36537695314397656
9955,2019-11-19 19:00:00,0.011773055,0.9814381001349373
9956,2019-11-19 20:00:00,0.015915509,0.958615468803523
9957,2019-11-19 21:00:00,0.017945118,0.4064618132585409
9958,2019-11-19 22:00:00,0.017491871,0.8578756265985055
9959,2019-11-19 23:00:00,0.017385682,0.8458360004675128
9960,2019-11-20 00:00:00,0.001452221,0.3000504026428462
9961,2019-11-20 01:00:00,0.001138973,0.7508613661720435
9962,2019-11-20 02:00:00,0.001100707,0.852800461053965
9963,2019-11-20 03:00:00,0.001094697,0.5042138212562034
9964,2019-11-20 04:00:00,0.00136299,0.6480322173172949
9965,2019-11-20 05:00:00,0.001510998,0.8402061484370748
9966,2019-11-20 06:00:00,2.954172373,0.1776104934680811
9967,2019-11-20 07:00:00,3.544566393,0.2902737419574356
9968,2019-11-20 08:00:00,3.927575827,0.968437708817221
9969,2019-11-20 09:00:00,4.190241337,0.41722691539735535
9970,2019-11-20 10:00:00,4.368330956,0.0024598319071654773
9971,2019-11-20 11:00:00,4.498561859,0.5112891603249947
9972,2019-11-20 12:00:00,4.593261242,0.6597822192227852
9973,2019-11-20 13:00:00,4.667223454,0.39416809832441624
9974,2019-11-20 14:00:00,5.996759415,0.9597351501662451
9975,2019-11-20 15:00:00,7.597193718,0.6740753301333952
9976,2019-11-20 16:00:00,8.163815498,0.10057820411949936
9977,2019-11-20 17:00:00,8.508796692,0.25330162587046845
9978,2019-11-20 18:00:00,8.76361084,0.9645699279782383
9979,2019-11-20 19:00:00,8.95207119,0.3187081836536537
9980,2019-11-20 20:00:00,9.027506828,0.7743488601235962
9981,2019-11-20 21:00:00,7.382171631,0.885407813305619
9982,2019-11-20 22:00:00,4.858994961,0.7534934497982402
9983,2019-11-20 23:00:00,4.85483408,0.8723869235050082
9984,2019-11-21 00:00:00,4.850757599,0.8983525622072475
9985,2019-11-21 01:00:00,4.846051216,0.0736846181612778
9986,2019-11-21 02:00:00,4.840153694,0.5413013625042878
9987,2019-11-21 03:00:00,4.830347061,0.9591527375232287
9988,2019-11-21 04:00:00,4.822792053,0.6170872312053469
9989,2019-11-21 05:00:00,4.814941883,0.7116182741500234
9990,2019-11-21 06:00:00,4.980429173,0.6575062996714973
9991,2019-11-21 07:00:00,5.579549789,0.05422033468191967
9992,2019-11-21 08:00:00,5.860583305,0.3876593582134835
9993,2019-11-21 09:00:00,7.421105385,0.15451336997183784
9994,2019-11-21 10:00:00,8.925964355,0.4502985039663592
9995,2019-11-21 11:00:00,10.838236809,0.35805108991771206
9996,2019-11-21 12:00:00,11.161086082,0.9723757177770864
9997,2019-11-21 13:00:00,16.370767593,0.16148376043377677
9998,2019-11-21 14:00:00,16.847034454,0.5480117126795699
9999,2019-11-21 15:00:00,17.221839905,0.18326478630546228
10000,2019-11-21 16:00:00,17.461977005,0.23621790573252266
10001,2019-11-21 17:00:00,17.908660889,0.5044400007356207
10002,2019-11-21 18:00:00,18.545251846,0.6887577009324563
10003,2019-11-21 19:00:00,18.926895142,0.041775246324829096
10004,2019-11-21 20:00:00,19.125164032,0.6321384821133502
10005,2019-11-21 21:00:00,19.305440903,0.4915923203338496
10006,2019-11-21 22:00:00,19.458904266,0.747117036790419
10007,2019-11-21 23:00:00,19.575481415,0.8000813790549461
10008,2019-11-22 00:00:00,19.8335495,0.13314581004279757
10009,2019-11-22 01:00:00,19.820632935,0.7678029635031923
10010,2019-11-22 02:00:00,19.791093826,0.6513888762654263
10011,2019-11-22 03:00:00,19.761484146,0.41287091475521054
10012,2019-11-22 04:00:00,19.718090057,0.08030033372091061
10013,2019-11-22 05:00:00,19.658695221,0.3887535821790088
10014,2019-11-22 06:00:00,19.598012924,0.6022941591634887
10015,2019-11-22 07:00:00,19.534578323,0.37502391588905404
10016,2019-11-22 08:00:00,19.479825974,0.30524800327768986
10017,2019-11-22 09:00:00,19.457437515,0.6481488043771558
10018,2019-11-22 10:00:00,19.421392441,0.1075993317949856
10019,2019-11-22 11:00:00,19.400279999,0.28186822720488325
10020,2019-11-22 12:00:00,19.365924835,0.5600436058126183
10021,2019-11-22 13:00:00,19.819738388,0.8068473752223515
10022,2019-11-22 14:00:00,20.328742981,0.286157418511066
10023,2019-11-22 15:00:00,20.526233673,0.9347746116538659
10024,2019-11-22 16:00:00,20.748559952,0.9823173790772374
10025,2019-11-22 17:00:00,21.002151489,0.05950865595536681
10026,2019-11-22 18:00:00,21.318294525,0.5594926907705219
10027,2019-11-22 19:00:00,21.661397934,0.3512541276359621
10028,2019-11-22 20:00:00,22.066198349,0.4968884954945614
10029,2019-11-22 21:00:00,22.427268982,0.9664802469940232
10030,2019-11-22 22:00:00,22.741794586,0.6752627142279114
10031,2019-11-22 23:00:00,23.018239975,0.22877264698362176
10032,2019-11-23 00:00:00,23.201843262,0.991159108988066
10033,2019-11-23 01:00:00,23.250350952,0.9313295605568962
10034,2019-11-23 02:00:00,23.285171509,0.39837761790787907
10035,2019-11-23 03:00:00,23.322750092,0.6440809494254541
10036,2019-11-23 04:00:00,23.349082947,0.7162990667379036
10037,2019-11-23 05:00:00,23.375076294,0.47911435458789875
10038,2019-11-23 06:00:00,23.402868271,0.1503249620766134
10039,2019-11-23 07:00:00,23.432981491,0.8423573296059951
10040,2019-11-23 08:00:00,23.458547592,0.43999188189856786
10041,2019-11-23 09:00:00,23.479288101,0.5370412541280442
10042,2019-11-23 10:00:00,23.495195389,0.5912313661228851
10043,2019-11-23 11:00:00,23.506607056,0.8028617613186951
10044,2019-11-23 12:00:00,23.513772964,0.4546402642368693
10045,2019-11-23 13:00:00,23.523809433,0.306256691647971
10046,2019-11-23 14:00:00,23.528150558,0.4410681817284813
10047,2019-11-23 15:00:00,23.516799927,0.14846989624291174
10048,2019-11-23 16:00:00,23.493663788,0.6604204608954815
10049,2019-11-23 17:00:00,23.444393158,0.8160076891659599
10050,2019-11-23 18:00:00,23.370159149,0.7392831548878405
10051,2019-11-23 19:00:00,23.249923706,0.8181046026669632
10052,2019-11-23 20:00:00,22.704864502,0.2661304897741945
10053,2019-11-23 21:00:00,22.213825226,0.25402958331419145
10054,2019-11-23 22:00:00,21.621492386,0.5133398358430222
10055,2019-11-23 23:00:00,21.219573975,0.9011411366968226
10056,2019-11-24 00:00:00,20.878873825,0.7879585952740134
10057,2019-11-24 01:00:00,20.591115952,0.05477340696778876
10058,2019-11-24 02:00:00,20.345085144,0.4277421907023966
10059,2019-11-24 03:00:00,20.138893127,0.15933566330087712
10060,2019-11-24 04:00:00,19.967512131,0.7191758832494215
10061,2019-11-24 05:00:00,19.83395195,0.7371343698246893
10062,2019-11-24 06:00:00,19.734264374,0.5311147984213358
10063,2019-11-24 07:00:00,19.661087036,0.6174772604675313
10064,2019-11-24 08:00:00,19.614164352,0.6433511190846675
10065,2019-11-24 09:00:00,19.590869904,0.8722382398768059
10066,2019-11-24 10:00:00,19.587028503,0.5939343607285622
10067,2019-11-24 11:00:00,19.586326599,0.18112341620535521
10068,2019-11-24 12:00:00,19.587860107,0.3530594653388325
10069,2019-11-24 13:00:00,19.584060669,0.6236217203914259
10070,2019-11-24 14:00:00,19.577243805,0.5089186759347271
10071,2019-11-24 15:00:00,19.554710388,0.006870437503939009
10072,2019-11-24 16:00:00,19.517845154,0.07944728399445466
10073,2019-11-24 17:00:00,19.45293045,0.26608895310079694
10074,2019-11-24 18:00:00,19.360752106,0.6509005992993204
10075,2019-11-24 19:00:00,19.254146576,0.2009851683041004
10076,2019-11-24 20:00:00,19.045516968,0.8097279635833897
10077,2019-11-24 21:00:00,18.757297516,0.8250673547929223
10078,2019-11-24 22:00:00,18.519571304,0.8615547205827172
10079,2019-11-24 23:00:00,18.354804993,0.6776327159721033
10080,2019-11-25 00:00:00,18.208032608,0.8717816180662228
10081,2019-11-25 01:00:00,18.089056015,0.15641099679758497
10082,2019-11-25 02:00:00,17.982172012,0.6976416232733572
10083,2019-11-25 03:00:00,17.893768311,0.2629733764681752
10084,2019-11-25 04:00:00,17.820549011,0.21898526915335792
10085,2019-11-25 05:00:00,17.755187988,0.7911393783681019
10086,2019-11-25 06:00:00,17.704189301,0.821445189467378
10087,2019-11-25 07:00:00,17.66824913,0.7367628082380693
10088,2019-11-25 08:00:00,17.649663925,0.9953381125819304
10089,2019-11-25 09:00:00,17.654273987,0.8492219225835569
10090,2019-11-25 10:00:00,17.652694702,0.12972686220640217
10091,2019-11-25 11:00:00,17.655635834,0.5708426064855114
10092,2019-11-25 12:00:00,17.661584854,0.6853874879847696
10093,2019-11-25 13:00:00,17.6671772,0.5653292303769804
10094,2019-11-25 14:00:00,17.67181015,0.2514980956771885
10095,2019-11-25 15:00:00,17.66506958,0.6163294950750394
10096,2019-11-25 16:00:00,17.636384964,0.46283454518927303
10097,2019-11-25 17:00:00,17.583206177,0.41515581553634284
10098,2019-11-25 18:00:00,17.536968231,0.40887622493493037
10099,2019-11-25 19:00:00,17.676065445,0.5552921100394593
10100,2019-11-25 20:00:00,17.886684418,0.7888183393175995
10101,2019-11-25 21:00:00,18.135465622,0.7086510234455101
10102,2019-11-25 22:00:00,18.376953125,0.15624114900700903
10103,2019-11-25 23:00:00,18.631965637,0.263174483269897
10104,2019-11-26 00:00:00,18.828479767,0.5457193598673095
10105,2019-11-26 01:00:00,19.474369049,0.5989341940973673
10106,2019-11-26 02:00:00,20.174688339,0.8732289232879976
10107,2019-11-26 03:00:00,20.866466522,0.32178218582302365
10108,2019-11-26 04:00:00,21.617958069,0.5514900105394615
10109,2019-11-26 05:00:00,22.434160233,0.593469631054787
10110,2019-11-26 06:00:00,23.400302887,0.7173579843241353
10111,2019-11-26 07:00:00,24.359165192,0.46662708059746894
10112,2019-11-26 08:00:00,25.165660858,0.0361194194758625
10113,2019-11-26 09:00:00,26.357234955,0.3051958800149549
10114,2019-11-26 10:00:00,27.433177948,0.9439154492986345
10115,2019-11-26 11:00:00,28.511814117,0.16293264063313118
10116,2019-11-26 12:00:00,29.754676819,0.7935221055741587
10117,2019-11-26 13:00:00,30.565818787,0.2009771136476578
10118,2019-11-26 14:00:00,31.201213837,0.5002683845286797
10119,2019-11-26 15:00:00,31.807331085,0.03519582234951146
10120,2019-11-26 16:00:00,32.38715744,0.9718406065264323
10121,2019-11-26 17:00:00,32.888515472,0.8906821016760347
10122,2019-11-26 18:00:00,33.425857544,0.3990640387131009
10123,2019-11-26 19:00:00,33.852096558,0.27684552037003507
10124,2019-11-26 20:00:00,34.255332947,0.6144396964717062
10125,2019-11-26 21:00:00,34.722984314,0.4736812336562414
10126,2019-11-26 22:00:00,35.145053864,0.07616263567221371
10127,2019-11-26 23:00:00,35.479785919,0.5192622679806507
10128,2019-11-27 00:00:00,35.713352203,0.2359614730198729
10129,2019-11-27 01:00:00,35.764610291,0.029471102677894656
10130,2019-11-27 02:00:00,35.819965363,0.792795060524629
10131,2019-11-27 03:00:00,35.853927612,0.35293179427046184
10132,2019-11-27 04:00:00,35.864067078,0.16104468299568953
10133,2019-11-27 05:00:00,35.888744354,0.4894128551659739
10134,2019-11-27 06:00:00,35.91910553,0.8294381807129351
10135,2019-11-27 07:00:00,35.942398071,0.15775779656987055
10136,2019-11-27 08:00:00,35.962444305,0.3670767068253942
10137,2019-11-27 09:00:00,35.97832489,0.6881274666335427
10138,2019-11-27 10:00:00,36.006019592,0.9474284850813329
10139,2019-11-27 11:00:00,36.047149658,0.7923690799677026
10140,2019-11-27 12:00:00,36.069335938,0.18857363852241948
10141,2019-11-27 13:00:00,36.135421753,0.8806320826075603
10142,2019-11-27 14:00:00,36.183841705,0.08138424896762797
10143,2019-11-27 15:00:00,36.194221497,0.9202356985039714
10144,2019-11-27 16:00:00,36.223251343,0.3185090781726425
10145,2019-11-27 17:00:00,36.246299744,0.24709936775447294
10146,2019-11-27 18:00:00,36.270378113,0.7221619046318628
10147,2019-11-27 19:00:00,36.476016998,0.3103286718079552
10148,2019-11-27 20:00:00,36.71762085,0.31189113030219917
10149,2019-11-27 21:00:00,36.963523865,0.42979794993885523
10150,2019-11-27 22:00:00,37.253463745,0.03254458226308954
10151,2019-11-27 23:00:00,37.474411011,0.7636641373197093
10152,2019-11-28 00:00:00,37.712486267,0.9440916053338656
10153,2019-11-28 01:00:00,38.223560333,0.2792110295953236
10154,2019-11-28 02:00:00,38.811714172,0.2762343528159851
10155,2019-11-28 03:00:00,39.420570374,0.580509396132323
10156,2019-11-28 04:00:00,40.089378357,0.6097302996213685
10157,2019-11-28 05:00:00,40.762954712,0.6083749760877659
10158,2019-11-28 06:00:00,41.452850342,0.8969796343112489
10159,2019-11-28 07:00:00,42.077270508,0.6417789659959274
10160,2019-11-28 08:00:00,42.785953522,0.8516095619974178
10161,2019-11-28 09:00:00,43.48941803,0.718865706754074
10162,2019-11-28 10:00:00,44.200614929,0.5563363865971555
10163,2019-11-28 11:00:00,44.922073364,0.24759269613237456
10164,2019-11-28 12:00:00,45.643280029,0.8904273569780129
10165,2019-11-28 13:00:00,45.95898056,0.5123526307568568
10166,2019-11-28 14:00:00,46.217243195,0.4663215529691074
10167,2019-11-28 15:00:00,46.399662018,0.3731023214404783
10168,2019-11-28 16:00:00,46.520275116,0.9582717750575864
10169,2019-11-28 17:00:00,46.628715515,0.8119878613986551
10170,2019-11-28 18:00:00,46.724311829,0.5513561626721318
10171,2019-11-28 19:00:00,46.820949554,0.6215736601931665
10172,2019-11-28 20:00:00,46.881877899,0.37434263603208395
10173,2019-11-28 21:00:00,46.919837952,0.10534557640054343
10174,2019-11-28 22:00:00,46.974090576,0.36851641762099174
10175,2019-11-28 23:00:00,47.012313843,0.848860219201202
10176,2019-11-29 00:00:00,47.05588913,0.6997531340296645
10177,2019-11-29 01:00:00,47.248039246,0.10791102658963903
10178,2019-11-29 02:00:00,47.471199036,0.542813264535485
10179,2019-11-29 03:00:00,47.712715149,0.960517390168467
10180,2019-11-29 04:00:00,47.965065002,0.8242771742978043
10181,2019-11-29 05:00:00,48.196990967,0.47841253438136944
10182,2019-11-29 06:00:00,48.442222595,0.4874511728281371
10183,2019-11-29 07:00:00,48.759056091,0.4765686108373507
10184,2019-11-29 08:00:00,49.009605408,0.7239042238936452
10185,2019-11-29 09:00:00,49.291427612,0.2614115685735625
10186,2019-11-29 10:00:00,49.62336731,0.6399840126380868
10187,2019-11-29 11:00:00,49.887359619,0.5959772384575102
10188,2019-11-29 12:00:00,50.221954346,0.11485223821720159
10189,2019-11-29 13:00:00,52.57743454,0.00022231323838439732
10190,2019-11-29 14:00:00,55.588272095,0.45271711739011267
10191,2019-11-29 15:00:00,59.4324646,0.10898801740168718
10192,2019-11-29 16:00:00,62.858940125,0.4446854454374979
10193,2019-11-29 17:00:00,66.070159912,0.7432311759555048
10194,2019-11-29 18:00:00,69.360061646,0.827202966332608
10195,2019-11-29 19:00:00,71.508728027,0.23423594565065853
10196,2019-11-29 20:00:00,73.45463562,0.3249345454664224
10197,2019-11-29 21:00:00,75.203338623,0.970692932736891
10198,2019-11-29 22:00:00,77.010383606,0.778324212243697
10199,2019-11-29 23:00:00,78.63331604,0.945808085277487
10200,2019-11-30 00:00:00,80.428237915,0.2979463007831986
10201,2019-11-30 01:00:00,81.202690125,0.48466713193001454
10202,2019-11-30 02:00:00,81.824691772,0.12908233980633432
10203,2019-11-30 03:00:00,82.484329224,0.16595676283887917
10204,2019-11-30 04:00:00,83.041397095,0.5679761082595969
10205,2019-11-30 05:00:00,83.523468018,0.4895137617317509
10206,2019-11-30 06:00:00,83.959922791,0.8438898183093768
10207,2019-11-30 07:00:00,84.157928467,0.002296696054820635
10208,2019-11-30 08:00:00,84.314193726,0.7618195732643332
10209,2019-11-30 09:00:00,84.439758301,0.9012763086065633
10210,2019-11-30 10:00:00,84.523712158,0.616170422084626
10211,2019-11-30 11:00:00,84.575965881,0.20456585544141526
10212,2019-11-30 12:00:00,84.632736206,0.950866926016913
10213,2019-11-30 13:00:00,85.232444763,0.4409927441529934
10214,2019-11-30 14:00:00,85.721038818,0.8334962404797358
10215,2019-11-30 15:00:00,86.137123108,0.33615632909047144
10216,2019-11-30 16:00:00,86.404518127,0.8488270681203075
10217,2019-11-30 17:00:00,86.573997498,0.13803093189734983
10218,2019-11-30 18:00:00,86.732566833,0.9035212365733725
10219,2019-11-30 19:00:00,86.87979126,0.5015822004395291
10220,2019-11-30 20:00:00,87.013313293,0.47712504928426536
10221,2019-11-30 21:00:00,87.103912354,0.7930288574796645
10222,2019-11-30 22:00:00,87.148170471,0.9194739559022765
10223,2019-11-30 23:00:00,87.176712036,0.8692516022074357
10224,2019-12-01 00:00:00,87.337043762,0.9232384027424198
10225,2019-12-01 01:00:00,87.360786438,0.5407985030942143
10226,2019-12-01 02:00:00,87.382492065,0.4990718207419883
10227,2019-12-01 03:00:00,87.396934509,0.355835159703621
10228,2019-12-01 04:00:00,87.404602051,0.9028943467763456
10229,2019-12-01 05:00:00,87.408370972,0.5519700434322713
10230,2019-12-01 06:00:00,87.405181885,0.9695333544405528
10231,2019-12-01 07:00:00,87.404541016,0.01265279403382047
10232,2019-12-01 08:00:00,87.401725769,0.9688194056138253
10233,2019-12-01 09:00:00,87.393112183,0.4890852605256161
10234,2019-12-01 10:00:00,87.387741089,0.31185834883601493
10235,2019-12-01 11:00:00,87.380363464,0.7575407029554337
10236,2019-12-01 12:00:00,87.375320435,0.915835167120019
10237,2019-12-01 13:00:00,87.370147705,0.41533377554315387
10238,2019-12-01 14:00:00,87.366348267,0.42331969015540405
10239,2019-12-01 15:00:00,87.351997375,0.3545283308023426
10240,2019-12-01 16:00:00,87.329582214,0.4604634566679856
10241,2019-12-01 17:00:00,87.283187866,0.12707072079821613
10242,2019-12-01 18:00:00,87.213439941,0.14041229059944016
10243,2019-12-01 19:00:00,87.121765137,0.33909395890346106
10244,2019-12-01 20:00:00,87.005950928,0.7783950095959313
10245,2019-12-01 21:00:00,86.872406006,0.033322234769889936
10246,2019-12-01 22:00:00,86.8826828,0.9179538649938204
10247,2019-12-01 23:00:00,86.889533997,0.21731050738497537
10248,2019-12-02 00:00:00,86.901885986,0.47774938034901615
10249,2019-12-02 01:00:00,86.912277222,0.7460992567868701
10250,2019-12-02 02:00:00,86.922317505,0.4534496360066369
10251,2019-12-02 03:00:00,86.933135986,0.2649967870148813
10252,2019-12-02 04:00:00,86.944511414,0.15811254528336183
10253,2019-12-02 05:00:00,86.958946228,0.8056041989780862
10254,2019-12-02 06:00:00,86.971458435,0.12534114593239654
10255,2019-12-02 07:00:00,86.983085632,0.7518400473537573
10256,2019-12-02 08:00:00,86.994979858,0.45471411654157146
10257,2019-12-02 09:00:00,87.008712769,0.0593655283613187
10258,2019-12-02 10:00:00,87.02179718,0.41268893394578465
10259,2019-12-02 11:00:00,87.035636902,0.3454661889254995
10260,2019-12-02 12:00:00,87.051437378,0.43238010307709773
10261,2019-12-02 13:00:00,87.066329956,0.5193065043650981
10262,2019-12-02 14:00:00,87.079368591,0.9809962054171882
10263,2019-12-02 15:00:00,87.079833984,0.5086399236667991
10264,2019-12-02 16:00:00,87.057327271,0.04005735515624742
10265,2019-12-02 17:00:00,87.023025513,0.878386183514845
10266,2019-12-02 18:00:00,86.962585449,0.8048850096699142
10267,2019-12-02 19:00:00,86.897621155,0.5918181688128843
10268,2019-12-02 20:00:00,86.826339722,0.7844176214150875
10269,2019-12-02 21:00:00,86.739456177,0.2807907984280764
10270,2019-12-02 22:00:00,86.731140137,0.029204829627419993
10271,2019-12-02 23:00:00,86.715576172,0.9661492202510534
10272,2019-12-03 00:00:00,86.702667236,0.6324888803502713
10273,2019-12-03 01:00:00,86.688949585,0.5625206472459712
10274,2019-12-03 02:00:00,86.675338745,0.4930182010672599
10275,2019-12-03 03:00:00,86.66493988,0.38888218619943615
10276,2019-12-03 04:00:00,86.65776062,0.5371265900024914
10277,2019-12-03 05:00:00,86.65234375,0.907999592945862
10278,2019-12-03 06:00:00,86.649604797,0.41621667281806374
10279,2019-12-03 07:00:00,86.653991699,0.7512425407300439
10280,2019-12-03 08:00:00,86.660125732,0.7386518701270889
10281,2019-12-03 09:00:00,86.667297363,0.09475644792875326
10282,2019-12-03 10:00:00,86.674156189,0.3196641988936666
10283,2019-12-03 11:00:00,86.681488037,0.34797640522427176
10284,2019-12-03 12:00:00,86.692268372,0.10843233750044723
10285,2019-12-03 13:00:00,86.705513,0.528152659140959
10286,2019-12-03 14:00:00,86.71736908,0.35551498293873174
10287,2019-12-03 15:00:00,86.721740723,0.9883862246289791
10288,2019-12-03 16:00:00,86.713592529,0.42272516497675994
10289,2019-12-03 17:00:00,86.691833496,0.7686714295758312
10290,2019-12-03 18:00:00,86.648376465,0.43251032999291605
10291,2019-12-03 19:00:00,86.591598511,0.6944042770471293
10292,2019-12-03 20:00:00,86.519851685,0.5419449423514279
10293,2019-12-03 21:00:00,86.4454422,0.4714255130345878
10294,2019-12-03 22:00:00,86.447753906,0.20209480633636168
10295,2019-12-03 23:00:00,86.456268311,0.4780794663273643
10296,2019-12-04 00:00:00,86.47089386,0.4798844137131031
10297,2019-12-04 01:00:00,86.479049683,0.0691998037038033
10298,2019-12-04 02:00:00,86.488319397,0.13745443675054225
10299,2019-12-04 03:00:00,86.492507935,0.11604456024661602
10300,2019-12-04 04:00:00,86.49899292,0.1806809077102518
10301,2019-12-04 05:00:00,86.505355835,0.6434620425154205
10302,2019-12-04 06:00:00,86.509910583,0.1590318171868459
10303,2019-12-04 07:00:00,86.516738892,0.6451926413227859
10304,2019-12-04 08:00:00,86.522003174,0.15399438311166913
10305,2019-12-04 09:00:00,86.523544312,0.625312166227885
10306,2019-12-04 10:00:00,86.525009155,0.0515804902288447
10307,2019-12-04 11:00:00,86.526435852,0.2503343586810375
10308,2019-12-04 12:00:00,86.527275085,0.2747817512097205
10309,2019-12-04 13:00:00,86.529724121,0.6129857632328832
10310,2019-12-04 14:00:00,86.53225708,0.5467406029815866
10311,2019-12-04 15:00:00,86.528427124,0.44266038645965344
10312,2019-12-04 16:00:00,86.509399414,0.17272685989770875
10313,2019-12-04 17:00:00,86.469184875,0.5861114969598877
10314,2019-12-04 18:00:00,86.409500122,0.7225482113001381
10315,2019-12-04 19:00:00,86.660049438,0.29631637265232813
10316,2019-12-04 20:00:00,86.973838806,0.7839009229601169
10317,2019-12-04 21:00:00,87.360977173,0.9794690876537242
10318,2019-12-04 22:00:00,87.85949707,0.6987709527567832
10319,2019-12-04 23:00:00,88.22101593,0.9039369116461344
10320,2019-12-05 00:00:00,88.590789795,0.7550439706010045
10321,2019-12-05 01:00:00,88.798828125,0.03077874067524622
10322,2019-12-05 02:00:00,88.999961853,0.7464990100774961
10323,2019-12-05 03:00:00,89.208190918,0.2905660609704551
10324,2019-12-05 04:00:00,89.442092896,0.6250236206917457
10325,2019-12-05 05:00:00,89.723945618,0.21343644811410967
10326,2019-12-05 06:00:00,89.974342346,0.17372889517918333
10327,2019-12-05 07:00:00,90.393051147,0.016913496176896636
10328,2019-12-05 08:00:00,90.871948242,0.5161068457809493
10329,2019-12-05 09:00:00,91.305419922,0.9320560686465127
10330,2019-12-05 10:00:00,91.759017944,0.8631309291282183
10331,2019-12-05 11:00:00,92.256347656,0.8345122499067703
10332,2019-12-05 12:00:00,92.806289673,0.3064491651778043
10333,2019-12-05 13:00:00,93.439880371,0.842559286328085
10334,2019-12-05 14:00:00,94.083694458,0.6081385349011046
10335,2019-12-05 15:00:00,94.863578796,0.35088958413202065
10336,2019-12-05 16:00:00,95.622673035,0.5949481758921643
10337,2019-12-05 17:00:00,96.319091797,0.953000012331716
10338,2019-12-05 18:00:00,97.004402161,0.9850590013008926
10339,2019-12-05 19:00:00,97.735275269,0.5835656575147667
10340,2019-12-05 20:00:00,98.402244568,0.07086379665843767
10341,2019-12-05 21:00:00,99.010276794,0.5585735849456932
10342,2019-12-05 22:00:00,99.591674805,0.5963440823345082
10343,2019-12-05 23:00:00,99.935600281,0.7669545623369602
10344,2019-12-06 00:00:00,100.297531128,0.6026001629672972
10345,2019-12-06 01:00:00,100.386695862,0.5968505357446415
10346,2019-12-06 02:00:00,100.43800354,0.16076261430980499
10347,2019-12-06 03:00:00,100.462341309,0.6109607214680324
10348,2019-12-06 04:00:00,100.495254517,0.15483053379582523
10349,2019-12-06 05:00:00,100.521957397,0.4801887617736309
10350,2019-12-06 06:00:00,100.549125671,0.31597241839171775
10351,2019-12-06 07:00:00,100.573471069,0.6815202134155096
10352,2019-12-06 08:00:00,100.632392883,0.09199764446601122
10353,2019-12-06 09:00:00,100.682601929,0.6286154913397007
10354,2019-12-06 10:00:00,100.7240448,0.06621966824779302
10355,2019-12-06 11:00:00,100.752540588,0.35103209331675655
10356,2019-12-06 12:00:00,100.776145935,0.3659157653709256
10357,2019-12-06 13:00:00,100.80708313,0.8092818705587408
10358,2019-12-06 14:00:00,100.845291138,0.474311846447243
10359,2019-12-06 15:00:00,100.886322021,0.4908355364126946
10360,2019-12-06 16:00:00,100.912490845,0.371690395899143
10361,2019-12-06 17:00:00,100.917137146,0.3165771365259894
10362,2019-12-06 18:00:00,100.939651489,0.21256426056827393
10363,2019-12-06 19:00:00,100.956542969,0.7822503701729127
10364,2019-12-06 20:00:00,100.921974182,0.30406262139438045
10365,2019-12-06 21:00:00,100.877029419,0.5390151418295694
10366,2019-12-06 22:00:00,100.914100647,0.7756722596399583
10367,2019-12-06 23:00:00,100.929153442,0.7552797088512856
10368,2019-12-07 00:00:00,100.944900513,0.2492263534788517
10369,2019-12-07 01:00:00,100.95803833,0.1581888195461869
10370,2019-12-07 02:00:00,100.967689514,0.5050710095215861
10371,2019-12-07 03:00:00,100.97593689,0.8590682855163578
10372,2019-12-07 04:00:00,100.982322693,0.6810680502870377
10373,2019-12-07 05:00:00,100.98789978,0.16030745736804175
10374,2019-12-07 06:00:00,100.992210388,0.8927591627272973
10375,2019-12-07 07:00:00,100.997322083,0.09394748957067023
10376,2019-12-07 08:00:00,101.001968384,0.9337045206748079
10377,2019-12-07 09:00:00,101.005661011,0.04261710990320566
10378,2019-12-07 10:00:00,101.004768372,0.5965956096597045
10379,2019-12-07 11:00:00,101.003395081,0.9281289467021507
10380,2019-12-07 12:00:00,101.009513855,0.11001792672435651
10381,2019-12-07 13:00:00,101.016220093,0.17704652763351747
10382,2019-12-07 14:00:00,101.02394104,0.24200783047660968
10383,2019-12-07 15:00:00,101.021736145,0.45264190666717274
10384,2019-12-07 16:00:00,101.002639771,0.2989602306156868
10385,2019-12-07 17:00:00,100.960548401,0.6440096783455366
10386,2019-12-07 18:00:00,100.90297699,0.7264964870414524
10387,2019-12-07 19:00:00,100.856201172,0.0780114814076509
10388,2019-12-07 20:00:00,100.807876587,0.09384404131680335
10389,2019-12-07 21:00:00,100.751991272,0.951926077382233
10390,2019-12-07 22:00:00,100.771568298,0.4722327241780089
10391,2019-12-07 23:00:00,100.788276672,0.914039512341773
10392,2019-12-08 00:00:00,100.810676575,0.159176741187655
10393,2019-12-08 01:00:00,100.984680176,0.993691239812258
10394,2019-12-08 02:00:00,101.151344299,0.6273923377089277
10395,2019-12-08 03:00:00,101.337760925,0.5290756334145997
10396,2019-12-08 04:00:00,101.529762268,0.5691345378487583
10397,2019-12-08 05:00:00,101.709991455,0.6791116977918358
10398,2019-12-08 06:00:00,101.889915466,0.07716416610499344
10399,2019-12-08 07:00:00,102.194366455,0.17993160539996256
10400,2019-12-08 08:00:00,102.513504028,0.6165427942455762
10401,2019-12-08 09:00:00,102.894729614,0.11571044796083174
10402,2019-12-08 10:00:00,103.324615479,0.7308050778271674
10403,2019-12-08 11:00:00,103.707000732,0.9861203719044465
10404,2019-12-08 12:00:00,104.0965271,0.024981113143305866
10405,2019-12-08 13:00:00,105.170265198,0.829273097483398
10406,2019-12-08 14:00:00,106.530395508,0.9012320602831007
10407,2019-12-08 15:00:00,107.843719482,0.02868091031876807
10408,2019-12-08 16:00:00,109.234008789,0.9019630469306853
10409,2019-12-08 17:00:00,110.663894653,0.8049134232316408
10410,2019-12-08 18:00:00,112.109405518,0.16323996033620092
10411,2019-12-08 19:00:00,113.402664185,0.7865402158077627
10412,2019-12-08 20:00:00,114.526290894,0.562520204651965
10413,2019-12-08 21:00:00,115.641929626,0.03314395608168841
10414,2019-12-08 22:00:00,116.7293396,0.5864802210842034
10415,2019-12-08 23:00:00,117.715827942,0.16225318131787703
10416,2019-12-09 00:00:00,118.869537354,0.894641329437088
10417,2019-12-09 01:00:00,119.655357361,0.7936572438526714
10418,2019-12-09 02:00:00,120.325836182,0.15581032466603073
10419,2019-12-09 03:00:00,121.111732483,0.5638759067062861
10420,2019-12-09 04:00:00,121.956954956,0.8770722103419841
10421,2019-12-09 05:00:00,122.638290405,0.24087399981802038
10422,2019-12-09 06:00:00,123.198539734,0.08549166886553927
10423,2019-12-09 07:00:00,123.644042969,0.5678104825991299
10424,2019-12-09 08:00:00,124.068336487,0.3542058137666836
10425,2019-12-09 09:00:00,124.468040466,0.5308569271187138
10426,2019-12-09 10:00:00,124.842582703,0.9175806021794838
10427,2019-12-09 11:00:00,125.246307373,0.47394104196263
10428,2019-12-09 12:00:00,125.58380127,0.1966635110758368
10429,2019-12-09 13:00:00,125.688041687,0.3474117578266982
10430,2019-12-09 14:00:00,125.767799377,0.6391005475075733
10431,2019-12-09 15:00:00,125.876464844,0.04673837256525948
10432,2019-12-09 16:00:00,126.024078369,0.4006629099254484
10433,2019-12-09 17:00:00,126.157592773,0.051305146540839175
10434,2019-12-09 18:00:00,126.332206726,0.8062779695738668
10435,2019-12-09 19:00:00,126.524681091,0.09358047269464553
10436,2019-12-09 20:00:00,126.761054993,0.9226770581474536
10437,2019-12-09 21:00:00,126.913543701,0.8878909375909951
10438,2019-12-09 22:00:00,127.027702332,0.5699237678936785
10439,2019-12-09 23:00:00,127.04964447,0.41294631138012083
10440,2019-12-10 00:00:00,127.075073242,0.857833295877323
10441,2019-12-10 01:00:00,127.09815979,0.9505209841451538
10442,2019-12-10 02:00:00,127.115409851,0.42484295686371376
10443,2019-12-10 03:00:00,127.128791809,0.08041746249019888
10444,2019-12-10 04:00:00,127.14238739,0.9548280982876014
10445,2019-12-10 05:00:00,127.154953003,0.9417476388320444
10446,2019-12-10 06:00:00,127.164627075,0.4977121787191632
10447,2019-12-10 07:00:00,127.173828125,0.0686884794623368
10448,2019-12-10 08:00:00,127.185722351,0.21166239001534326
10449,2019-12-10 09:00:00,127.196578979,0.37137346885026523
10450,2019-12-10 10:00:00,127.208770752,0.8312766443705191
10451,2019-12-10 11:00:00,127.222129822,0.19467449593142083
10452,2019-12-10 12:00:00,127.235954285,0.5367898503574287
10453,2019-12-10 13:00:00,127.250961304,0.044222997258101304
10454,2019-12-10 14:00:00,127.265830994,0.2249487560954362
10455,2019-12-10 15:00:00,127.26915741,0.15368086367853095
10456,2019-12-10 16:00:00,127.266174316,0.4277895240568501
10457,2019-12-10 17:00:00,127.249755859,0.9285711819128243
10458,2019-12-10 18:00:00,127.227157593,0.09183955753181183
10459,2019-12-10 19:00:00,127.198898315,0.6880347019406253
10460,2019-12-10 20:00:00,127.149391174,0.4049477125965266
10461,2019-12-10 21:00:00,127.094917297,0.6508785825836588
10462,2019-12-10 22:00:00,127.086151123,0.34871211091889
10463,2019-12-10 23:00:00,127.084205627,0.791282556272147
10464,2019-12-11 00:00:00,127.082077026,0.07720608420208142
10465,2019-12-11 01:00:00,127.078910828,0.9035972545388375
10466,2019-12-11 02:00:00,127.073471069,0.05605308073778981
10467,2019-12-11 03:00:00,127.071342468,0.6896816416441641
10468,2019-12-11 04:00:00,127.072380066,0.1366949143688564
10469,2019-12-11 05:00:00,127.073692322,0.3620665814808701
10470,2019-12-11 06:00:00,127.076202393,0.2403927247628831
10471,2019-12-11 07:00:00,127.079391479,0.5131792462172294
10472,2019-12-11 08:00:00,127.08429718,0.7899850201314288
10473,2019-12-11 09:00:00,127.088806152,0.9413123486481428
10474,2019-12-11 10:00:00,127.092643738,0.9832940151699641
10475,2019-12-11 11:00:00,127.094657898,0.22659139687003138
10476,2019-12-11 12:00:00,127.096679688,0.01524677670074559
10477,2019-12-11 13:00:00,127.097412109,0.9596791367709673
10478,2019-12-11 14:00:00,127.098091125,0.29998152462924177
10479,2019-12-11 15:00:00,127.094841003,0.5068820271725984
10480,2019-12-11 16:00:00,127.079597473,0.07746700501355352
10481,2019-12-11 17:00:00,127.039901733,0.8848905151868055
10482,2019-12-11 18:00:00,126.959342957,0.5343598053122255
10483,2019-12-11 19:00:00,126.847015381,0.20038441166810894
10484,2019-12-11 20:00:00,126.726242065,0.754749330757866
10485,2019-12-11 21:00:00,126.6277771,0.47547552786647496
10486,2019-12-11 22:00:00,126.630905151,0.24024489416571626
10487,2019-12-11 23:00:00,126.635406494,0.2920448966074175
10488,2019-12-12 00:00:00,126.645072937,0.6420207199557637
10489,2019-12-12 01:00:00,126.65196228,0.011411878510013795
10490,2019-12-12 02:00:00,126.653129578,0.11430364535534532
10491,2019-12-12 03:00:00,126.654953003,0.78084340534786
10492,2019-12-12 04:00:00,126.657646179,0.4794376243770073
10493,2019-12-12 05:00:00,126.662651062,0.14146082919901792
10494,2019-12-12 06:00:00,126.666793823,0.6593590562077998
10495,2019-12-12 07:00:00,126.672294617,0.5776572624779001
10496,2019-12-12 08:00:00,126.679244995,0.77235563438539
10497,2019-12-12 09:00:00,126.686843872,0.08585070815452522
10498,2019-12-12 10:00:00,126.694465637,0.19016618360944681
10499,2019-12-12 11:00:00,126.701591492,0.8856482881688652
10500,2019-12-12 12:00:00,126.708206177,0.7679024809313484
10501,2019-12-12 13:00:00,126.713729858,0.10457997314865519
10502,2019-12-12 14:00:00,126.715698242,0.5245554934003106
10503,2019-12-12 15:00:00,126.711036682,0.06655470653095774
10504,2019-12-12 16:00:00,126.697265625,0.49951242853564914
10505,2019-12-12 17:00:00,126.679580688,0.338647224785657
10506,2019-12-12 18:00:00,126.652305603,0.4941447278111194
10507,2019-12-12 19:00:00,126.778663635,0.7364793208696343
10508,2019-12-12 20:00:00,126.946846008,0.33683100225168694
10509,2019-12-12 21:00:00,127.121307373,0.8365914647065251
10510,2019-12-12 22:00:00,127.391517639,0.382158711657133
10511,2019-12-12 23:00:00,127.54460907,0.36432662308538766
10512,2019-12-13 00:00:00,127.705070496,0.18738783820510285
10513,2019-12-13 01:00:00,127.816505432,0.85122967929618
10514,2019-12-13 02:00:00,127.897590637,0.02175385352234671
10515,2019-12-13 03:00:00,127.975875854,0.7240644096714194
10516,2019-12-13 04:00:00,128.05380249,0.5809559361189994
10517,2019-12-13 05:00:00,128.151550293,0.6846204591588448
10518,2019-12-13 06:00:00,128.229614258,0.7718742538821247
10519,2019-12-13 07:00:00,128.396148682,0.004250324187181964
10520,2019-12-13 08:00:00,128.583679199,0.3763594932511667
10521,2019-12-13 09:00:00,128.768707275,0.856033278155362
10522,2019-12-13 10:00:00,128.988769531,0.3265751148881172
10523,2019-12-13 11:00:00,129.207611084,0.359251958047209
10524,2019-12-13 12:00:00,129.432128906,0.9839580314132869
10525,2019-12-13 13:00:00,129.669189453,0.6156565415558355
10526,2019-12-13 14:00:00,129.930328369,0.09246298611265891
10527,2019-12-13 15:00:00,130.247589111,0.7885912061219225
10528,2019-12-13 16:00:00,130.540283203,0.6333621047677507
10529,2019-12-13 17:00:00,130.85534668,0.7623475741783124
10530,2019-12-13 18:00:00,131.157104492,0.7731633763910291
10531,2019-12-13 19:00:00,131.442626953,0.6046365007103605
10532,2019-12-13 20:00:00,131.684082031,0.40710251623399263
10533,2019-12-13 21:00:00,131.890945435,0.261239493264942
10534,2019-12-13 22:00:00,132.089813232,0.4211825989536264
10535,2019-12-13 23:00:00,132.253967285,0.7783832081551929
10536,2019-12-14 00:00:00,132.401306152,0.5143938262018026
10537,2019-12-14 01:00:00,132.58291626,0.6083942543585084
10538,2019-12-14 02:00:00,132.759094238,0.12191679401613953
10539,2019-12-14 03:00:00,132.929016113,0.7098953706821184
10540,2019-12-14 04:00:00,133.121353149,0.004323484577128611
10541,2019-12-14 05:00:00,133.345123291,0.378130460045771
10542,2019-12-14 06:00:00,133.572540283,0.6497592318469696
10543,2019-12-14 07:00:00,133.852981567,0.36629038960298865
10544,2019-12-14 08:00:00,134.151062012,0.5477230702118271
10545,2019-12-14 09:00:00,134.427688599,0.378377548036675
10546,2019-12-14 10:00:00,134.703094482,0.20202210685288113
10547,2019-12-14 11:00:00,134.997146606,0.204564994510403
10548,2019-12-14 12:00:00,135.292633057,0.511856229922536
10549,2019-12-14 13:00:00,135.527648926,0.9567225341602348
10550,2019-12-14 14:00:00,135.753051758,0.7846733121937339
10551,2019-12-14 15:00:00,135.978820801,0.46397940323727827
10552,2019-12-14 16:00:00,136.190048218,0.252758323452562
10553,2019-12-14 17:00:00,136.414718628,0.981085511538516
10554,2019-12-14 18:00:00,136.640869141,0.7971223967342326
10555,2019-12-14 19:00:00,136.970077515,0.3405736857135774
10556,2019-12-14 20:00:00,137.286102295,0.9037662536935734
10557,2019-12-14 21:00:00,137.591278076,0.2738794406684747
10558,2019-12-14 22:00:00,137.890014648,0.5532975360915415
10559,2019-12-14 23:00:00,138.098831177,0.9833044613377645
10560,2019-12-15 00:00:00,138.314178467,0.7666922594122441
10561,2019-12-15 01:00:00,138.494781494,0.3770974946503862
10562,2019-12-15 02:00:00,138.683807373,0.12002997525131187
10563,2019-12-15 03:00:00,138.865432739,0.27501973405658
10564,2019-12-15 04:00:00,139.040985107,0.6536046854533778
10565,2019-12-15 05:00:00,139.228775024,0.8558910088467605
10566,2019-12-15 06:00:00,139.411651611,0.061191681174397994
10567,2019-12-15 07:00:00,139.58152771,0.29843749029638633
10568,2019-12-15 08:00:00,139.741271973,0.9019256631808864
10569,2019-12-15 09:00:00,139.907180786,0.9554430812680585
10570,2019-12-15 10:00:00,140.056365967,0.04194161551923259
10571,2019-12-15 11:00:00,140.196792603,0.8181630448658036
10572,2019-12-15 12:00:00,140.332946777,0.9404816332927722
10573,2019-12-15 13:00:00,140.528808594,0.392692555416858
10574,2019-12-15 14:00:00,140.730361938,0.5798976344186032
10575,2019-12-15 15:00:00,140.919281006,0.3245207279535063
10576,2019-12-15 16:00:00,141.111572266,0.9726066166609116
10577,2019-12-15 17:00:00,141.295700073,0.4744532452663719
10578,2019-12-15 18:00:00,141.531784058,0.4002017458961137
10579,2019-12-15 19:00:00,141.78666687,0.8047583694971214
10580,2019-12-15 20:00:00,142.158752441,0.9485856473786368
10581,2019-12-15 21:00:00,142.571716309,0.6193585403862361
10582,2019-12-15 22:00:00,143.005157471,0.12856747374612032
10583,2019-12-15 23:00:00,143.221740723,0.8585478996890542
10584,2019-12-16 00:00:00,143.435501099,0.838848144720611
10585,2019-12-16 01:00:00,143.557617188,0.08244361736808692
10586,2019-12-16 02:00:00,143.701019287,0.6302316355556683
10587,2019-12-16 03:00:00,143.885284424,0.35776605955080565
10588,2019-12-16 04:00:00,144.045852661,0.18803945591957927
10589,2019-12-16 05:00:00,144.207611084,0.05584967660368223
10590,2019-12-16 06:00:00,144.336364746,0.0426136804038717
10591,2019-12-16 07:00:00,144.414855957,0.9491898853511355
10592,2019-12-16 08:00:00,144.477539062,0.6103888484220453
10593,2019-12-16 09:00:00,144.524749756,0.6487040894648146
10594,2019-12-16 10:00:00,144.56022644,0.07405898748208595
10595,2019-12-16 11:00:00,144.59854126,0.26961936548914855
10596,2019-12-16 12:00:00,144.631408691,0.5873220367561757
10597,2019-12-16 13:00:00,144.651397705,0.15270217123103236
10598,2019-12-16 14:00:00,144.662872314,0.8859394963544214
10599,2019-12-16 15:00:00,144.669906616,0.6413407899352174
10600,2019-12-16 16:00:00,144.673690796,0.599270623453083
10601,2019-12-16 17:00:00,144.674194336,0.9762162054490606
10602,2019-12-16 18:00:00,144.666549683,0.16409433820500652
10603,2019-12-16 19:00:00,144.669235229,0.3329976055692674
10604,2019-12-16 20:00:00,144.687652588,0.21011586963498385
10605,2019-12-16 21:00:00,144.696990967,0.48236821132323504
10606,2019-12-16 22:00:00,144.720275879,0.022988861803184157
10607,2019-12-16 23:00:00,144.726165771,0.030325490316926107
10608,2019-12-17 00:00:00,144.732009888,0.8845160925037573
10609,2019-12-17 01:00:00,144.736877441,0.21790416633995335
10610,2019-12-17 02:00:00,144.743408203,0.9878265924961094
10611,2019-12-17 03:00:00,144.749847412,0.3634109322770793
10612,2019-12-17 04:00:00,144.756454468,0.545741688226954
10613,2019-12-17 05:00:00,144.762115479,0.924017244144932
10614,2019-12-17 06:00:00,144.767440796,0.11530819748484933
10615,2019-12-17 07:00:00,144.770141602,0.0909595421915429
10616,2019-12-17 08:00:00,144.771850586,0.447948597146689
10617,2019-12-17 09:00:00,144.773651123,0.5059998587351155
10618,2019-12-17 10:00:00,144.774078369,0.02748242307188098
10619,2019-12-17 11:00:00,144.772094727,0.6879742770369249
10620,2019-12-17 12:00:00,144.767333984,0.15768147696267087
10621,2019-12-17 13:00:00,144.761871338,0.050440000543348185
10622,2019-12-17 14:00:00,144.752197266,0.24897232909666966
10623,2019-12-17 15:00:00,144.743118286,0.5153458284405484
10624,2019-12-17 16:00:00,144.72718811,0.6801244442248037
10625,2019-12-17 17:00:00,144.703430176,0.5311584089250292
10626,2019-12-17 18:00:00,144.664962769,0.4002270115975277
10627,2019-12-17 19:00:00,144.617080688,0.6355407645596547
10628,2019-12-17 20:00:00,144.546051025,0.1686139344297637
10629,2019-12-17 21:00:00,144.485107422,0.7645880566793042
10630,2019-12-17 22:00:00,144.484100342,0.7489187549932602
10631,2019-12-17 23:00:00,144.478210449,0.5667988846760758
10632,2019-12-18 00:00:00,144.471588135,0.7913865138158575
10633,2019-12-18 01:00:00,144.47265625,0.5928755295703467
10634,2019-12-18 02:00:00,144.470703125,0.45036699408878056
10635,2019-12-18 03:00:00,144.462554932,0.20124465394442836
10636,2019-12-18 04:00:00,144.451812744,0.11360152218990294
10637,2019-12-18 05:00:00,144.433013916,0.7761619251568888
10638,2019-12-18 06:00:00,144.418579102,0.164575942834567
10639,2019-12-18 07:00:00,144.405395508,0.5476523208212956
10640,2019-12-18 08:00:00,144.408294678,0.6985689367768837
10641,2019-12-18 09:00:00,144.411376953,0.7826679963624965
10642,2019-12-18 10:00:00,144.414428711,0.7064089870331336
10643,2019-12-18 11:00:00,144.419830322,0.27597202829515277
10644,2019-12-18 12:00:00,144.424362183,0.6587134507370143
10645,2019-12-18 13:00:00,144.426361084,0.7278936383764733
10646,2019-12-18 14:00:00,144.426757812,0.4853449862110555
10647,2019-12-18 15:00:00,144.418563843,0.9146822095151513
10648,2019-12-18 16:00:00,144.395996094,0.5515004057006393
10649,2019-12-18 17:00:00,144.355316162,0.24881215618936503
10650,2019-12-18 18:00:00,144.292144775,0.9206308385451177
10651,2019-12-18 19:00:00,144.218170166,0.2239368341335376
10652,2019-12-18 20:00:00,144.126434326,0.3425762139354659
10653,2019-12-18 21:00:00,144.035217285,0.4368436715827704
10654,2019-12-18 22:00:00,144.007904053,0.2223866452974519
10655,2019-12-18 23:00:00,143.973403931,0.8533479385160805
10656,2019-12-19 00:00:00,143.937347412,0.3268743545630066
10657,2019-12-19 01:00:00,143.908004761,0.5074214877983194
10658,2019-12-19 02:00:00,143.874572754,0.7320885691579694
10659,2019-12-19 03:00:00,143.83782959,0.484848968124424
10660,2019-12-19 04:00:00,143.799957275,0.35435983106451985
10661,2019-12-19 05:00:00,143.764282227,0.504463650654718
10662,2019-12-19 06:00:00,143.727294922,0.9220611636342009
10663,2019-12-19 07:00:00,143.692779541,0.07354306445851977
10664,2019-12-19 08:00:00,143.660125732,0.05647423015469566
10665,2019-12-19 09:00:00,143.627563477,0.6781489327260527
10666,2019-12-19 10:00:00,143.59362793,0.6698442498244987
10667,2019-12-19 11:00:00,143.559844971,0.5942559205660136
10668,2019-12-19 12:00:00,143.532012939,0.4633222997691485
10669,2019-12-19 13:00:00,143.525848389,0.09813197174768973
10670,2019-12-19 14:00:00,143.516418457,0.7642136790497456
10671,2019-12-19 15:00:00,143.513366699,0.29551904759952874
10672,2019-12-19 16:00:00,143.49647522,0.23605130279508735
10673,2019-12-19 17:00:00,143.460784912,0.5389951715191104
10674,2019-12-19 18:00:00,143.391723633,0.5788605552594672
10675,2019-12-19 19:00:00,143.293334961,0.49506931723183845
10676,2019-12-19 20:00:00,143.209381104,0.1213815502689618
10677,2019-12-19 21:00:00,143.160629272,0.7511492038000281
10678,2019-12-19 22:00:00,143.170059204,0.21543407216990507
10679,2019-12-19 23:00:00,143.167236328,0.8697462966340817
10680,2019-12-20 00:00:00,143.157958984,0.9300603591372473
10681,2019-12-20 01:00:00,143.147399902,0.26009541155554405
10682,2019-12-20 02:00:00,143.139938354,0.5989663584530523
10683,2019-12-20 03:00:00,143.132247925,0.7284331048524144
10684,2019-12-20 04:00:00,143.133789062,0.7756413484935087
10685,2019-12-20 05:00:00,143.140060425,0.9095260196400544
10686,2019-12-20 06:00:00,143.144775391,0.051045178434548255
10687,2019-12-20 07:00:00,143.138885498,0.6904136318581617
10688,2019-12-20 08:00:00,143.130371094,0.18831351765055526
10689,2019-12-20 09:00:00,143.124847412,0.3112446073837254
10690,2019-12-20 10:00:00,143.116729736,0.2509583700636101
10691,2019-12-20 11:00:00,143.116088867,0.9509001685669527
10692,2019-12-20 12:00:00,143.122741699,0.11181988393002085
10693,2019-12-20 13:00:00,143.116363525,0.5251057141315035
10694,2019-12-20 14:00:00,143.102722168,0.9974586992615279
10695,2019-12-20 15:00:00,143.096054077,0.9520017214337118
10696,2019-12-20 16:00:00,143.071533203,0.8995788566126096
10697,2019-12-20 17:00:00,143.031311035,0.7283342098881879
10698,2019-12-20 18:00:00,142.977722168,0.35573050392610495
10699,2019-12-20 19:00:00,142.897903442,0.37754618101249604
10700,2019-12-20 20:00:00,142.797103882,0.460244961090148
10701,2019-12-20 21:00:00,142.697021484,0.7431115071175941
10702,2019-12-20 22:00:00,142.688354492,0.1811025498892478
10703,2019-12-20 23:00:00,142.685852051,0.22936854768741488
10704,2019-12-21 00:00:00,142.68081665,0.4799967963538193
10705,2019-12-21 01:00:00,142.657867432,0.33026114081655644
10706,2019-12-21 02:00:00,142.628417969,0.7219400275047322
10707,2019-12-21 03:00:00,142.601837158,0.9514134948202178
10708,2019-12-21 04:00:00,142.583740234,0.7178077249514246
10709,2019-12-21 05:00:00,142.568344116,0.21413309182850604
10710,2019-12-21 06:00:00,142.555053711,0.5319415998684085
10711,2019-12-21 07:00:00,142.534515381,0.9634721346197014
10712,2019-12-21 08:00:00,142.517166138,0.18748311209250046
10713,2019-12-21 09:00:00,142.492584229,0.7681418825285338
10714,2019-12-21 10:00:00,142.476776123,0.040619018095854886
10715,2019-12-21 11:00:00,142.462051392,0.7904208251272203
10716,2019-12-21 12:00:00,142.446548462,0.7400186529911512
10717,2019-12-21 13:00:00,142.43145752,0.7243103229939056
10718,2019-12-21 14:00:00,142.430908203,0.050087560831828415
10719,2019-12-21 15:00:00,142.425323486,0.6207438317730191
10720,2019-12-21 16:00:00,142.398925781,0.8495116366250755
10721,2019-12-21 17:00:00,142.354858398,0.3100569241832519
10722,2019-12-21 18:00:00,142.261016846,0.23285357979610777
10723,2019-12-21 19:00:00,142.131622314,0.0948301651037935
10724,2019-12-21 20:00:00,141.98324585,0.31994046373270435
10725,2019-12-21 21:00:00,141.847198486,0.3601064024454307
10726,2019-12-21 22:00:00,141.861541748,0.9932260474653145
10727,2019-12-21 23:00:00,141.872238159,0.9923746262064618
10728,2019-12-22 00:00:00,141.87638855,0.6103947312192288
10729,2019-12-22 01:00:00,141.879867554,0.4463959454269254
10730,2019-12-22 02:00:00,141.880874634,0.29327689389284195
10731,2019-12-22 03:00:00,141.880783081,0.09621085109660621
10732,2019-12-22 04:00:00,141.881652832,0.7635884565015738
10733,2019-12-22 05:00:00,141.88293457,0.4640067962060499
10734,2019-12-22 06:00:00,141.886016846,0.5516182143869456
10735,2019-12-22 07:00:00,141.888214111,0.6139934966075472
10736,2019-12-22 08:00:00,141.889221191,0.966950841232045
10737,2019-12-22 09:00:00,141.890762329,0.273451481577518
10738,2019-12-22 10:00:00,141.891830444,0.33552784694910676
10739,2019-12-22 11:00:00,141.891769409,0.4119750263211891
10740,2019-12-22 12:00:00,141.89074707,0.5905527154011171
10741,2019-12-22 13:00:00,141.889785767,0.6463428712302066
10742,2019-12-22 14:00:00,141.887786865,0.5744094199919879
10743,2019-12-22 15:00:00,141.879852295,0.9774008350120422
10744,2019-12-22 16:00:00,141.859512329,0.05224361185519322
10745,2019-12-22 17:00:00,141.811904907,0.47460017724761405
10746,2019-12-22 18:00:00,141.711425781,0.9738726528986488
10747,2019-12-22 19:00:00,141.569274902,0.4657925581528539
10748,2019-12-22 20:00:00,141.326278687,0.2864164771231811
10749,2019-12-22 21:00:00,140.984802246,0.6497158985902922
10750,2019-12-22 22:00:00,140.843917847,0.7622116079098232
10751,2019-12-22 23:00:00,140.712799072,0.7080779671654255
10752,2019-12-23 00:00:00,140.602584839,0.8749302878064549
10753,2019-12-23 01:00:00,140.497055054,0.6058305702198851
10754,2019-12-23 02:00:00,140.424484253,0.35518824082126066
10755,2019-12-23 03:00:00,140.369369507,0.22709225729634508
10756,2019-12-23 04:00:00,140.317672729,0.6923507908744104
10757,2019-12-23 05:00:00,140.270935059,0.658138772970434
10758,2019-12-23 06:00:00,140.231933594,0.995461401950965
10759,2019-12-23 07:00:00,140.202865601,0.8195435546388522
10760,2019-12-23 08:00:00,140.177627563,0.35277970468278275
10761,2019-12-23 09:00:00,140.159225464,0.6307085464290251
10762,2019-12-23 10:00:00,140.143753052,0.47534736771536057
10763,2019-12-23 11:00:00,140.119308472,0.20536268637424548
10764,2019-12-23 12:00:00,140.095336914,0.22860046761829378
10765,2019-12-23 13:00:00,140.073257446,0.796339798961356
10766,2019-12-23 14:00:00,140.036483765,0.08399067837988683
10767,2019-12-23 15:00:00,140.00340271,0.8366745358084258
10768,2019-12-23 16:00:00,139.970550537,0.8939703680521547
10769,2019-12-23 17:00:00,139.908752441,0.6147067134421729
10770,2019-12-23 18:00:00,139.823257446,0.6359891665012122
10771,2019-12-23 19:00:00,139.742584229,0.04566783720309564
10772,2019-12-23 20:00:00,139.654785156,0.15815473621212828
10773,2019-12-23 21:00:00,139.552871704,0.9982718820103571
10774,2019-12-23 22:00:00,139.510070801,0.6159506240439722
10775,2019-12-23 23:00:00,139.448913574,0.5765681106174365
10776,2019-12-24 00:00:00,139.436767578,0.5559436344152398
10777,2019-12-24 01:00:00,139.441986084,0.9756708023356915
10778,2019-12-24 02:00:00,139.401916504,0.19883372927277698
10779,2019-12-24 03:00:00,139.36517334,0.2625929500790105
10780,2019-12-24 04:00:00,139.389480591,0.7236782492009453
10781,2019-12-24 05:00:00,139.435882568,0.26947049275611645
10782,2019-12-24 06:00:00,139.47644043,0.1767676495041367
10783,2019-12-24 07:00:00,139.480758667,0.7441626361256588
10784,2019-12-24 08:00:00,139.493896484,0.2884421659358487
10785,2019-12-24 09:00:00,139.515197754,0.3511009839300334
10786,2019-12-24 10:00:00,139.589370728,0.9835212826545481
10787,2019-12-24 11:00:00,139.665267944,0.44214435199634616
10788,2019-12-24 12:00:00,139.730773926,0.6801168071777278
10789,2019-12-24 13:00:00,140.114212036,0.4268632264322103
10790,2019-12-24 14:00:00,140.532424927,0.8404877764692595
10791,2019-12-24 15:00:00,140.900390625,0.16349972771943966
10792,2019-12-24 16:00:00,141.269012451,0.16099265913420613
10793,2019-12-24 17:00:00,141.75352478,0.4844014802055152
10794,2019-12-24 18:00:00,142.3256073,0.6724864195612948
10795,2019-12-24 19:00:00,142.981628418,0.21397886964263002
10796,2019-12-24 20:00:00,143.64453125,0.6041926691293908
10797,2019-12-24 21:00:00,144.246551514,0.9511805124544173
10798,2019-12-24 22:00:00,144.837921143,0.415662962175012
10799,2019-12-24 23:00:00,145.259597778,0.7448722667249345
10800,2019-12-25 00:00:00,145.716751099,0.03786384605026183
10801,2019-12-25 01:00:00,146.173126221,0.6178454484439307
10802,2019-12-25 02:00:00,146.668228149,0.14071324712543676
10803,2019-12-25 03:00:00,147.100540161,0.06418065265438
10804,2019-12-25 04:00:00,147.494628906,0.6060634084708222
10805,2019-12-25 05:00:00,147.869354248,0.4867574523000773
10806,2019-12-25 06:00:00,148.186416626,0.5834993629487067
10807,2019-12-25 07:00:00,148.366744995,0.8705206303016045
10808,2019-12-25 08:00:00,148.521697998,0.20987891100851774
10809,2019-12-25 09:00:00,148.706085205,0.4210730748743593
10810,2019-12-25 10:00:00,148.898773193,0.04743605345957136
10811,2019-12-25 11:00:00,149.191589355,0.29104311755903445
10812,2019-12-25 12:00:00,149.468658447,0.8832216495182945
10813,2019-12-25 13:00:00,149.939605713,0.6029598614606597
10814,2019-12-25 14:00:00,150.413085938,0.7570305234370945
10815,2019-12-25 15:00:00,150.952728271,0.4997017773337562
10816,2019-12-25 16:00:00,151.564407349,0.8434564756615963
10817,2019-12-25 17:00:00,152.264099121,0.6567411273626226
10818,2019-12-25 18:00:00,153.012939453,0.1859596637393235
10819,2019-12-25 19:00:00,153.455200195,0.7714516943990738
10820,2019-12-25 20:00:00,153.834869385,0.5275445116992056
10821,2019-12-25 21:00:00,154.180740356,0.9001982641826777
10822,2019-12-25 22:00:00,154.494354248,0.4018178855493968
10823,2019-12-25 23:00:00,154.641159058,0.6989776268629297
10824,2019-12-26 00:00:00,154.787384033,0.2726348529048681
10825,2019-12-26 01:00:00,154.832489014,0.7507526413978393
10826,2019-12-26 02:00:00,154.882705688,0.4530411286288075
10827,2019-12-26 03:00:00,154.92175293,0.5115655495637726
10828,2019-12-26 04:00:00,154.957015991,0.33651536871404286
10829,2019-12-26 05:00:00,154.966079712,0.47665128778372323
10830,2019-12-26 06:00:00,155.013839722,0.05428215231133848
10831,2019-12-26 07:00:00,155.175018311,0.02257689830174492
10832,2019-12-26 08:00:00,155.331817627,0.15518471690269997
10833,2019-12-26 09:00:00,155.492797852,0.10351262105892112
10834,2019-12-26 10:00:00,155.665863037,0.593698197986475
10835,2019-12-26 11:00:00,155.828430176,0.9041815902656892
10836,2019-12-26 12:00:00,156.014251709,0.16859686085430103
10837,2019-12-26 13:00:00,156.063247681,0.16666817464891925
10838,2019-12-26 14:00:00,156.093032837,0.8575377926857533
10839,2019-12-26 15:00:00,156.124176025,0.9211629139914576
10840,2019-12-26 16:00:00,156.156799316,0.5045063720425856
10841,2019-12-26 17:00:00,156.156188965,0.9745741232289385
10842,2019-12-26 18:00:00,156.121856689,0.8844302051162517
10843,2019-12-26 19:00:00,156.136230469,0.9428602135907305
10844,2019-12-26 20:00:00,156.163482666,0.05889880725742924
10845,2019-12-26 21:00:00,156.189605713,0.5944188548470941
10846,2019-12-26 22:00:00,156.252716064,0.8010179759298831
10847,2019-12-26 23:00:00,156.251815796,0.29756227489527076
10848,2019-12-27 00:00:00,156.251342773,0.57807038139471
10849,2019-12-27 01:00:00,156.370040894,0.9045993821938138
10850,2019-12-27 02:00:00,156.498962402,0.8291885048536088
10851,2019-12-27 03:00:00,156.644973755,0.5013955418877769
10852,2019-12-27 04:00:00,156.804992676,0.1414931058465626
10853,2019-12-27 05:00:00,156.975021362,0.34146181828616673
10854,2019-12-27 06:00:00,157.160400391,0.6291963952144557
10855,2019-12-27 07:00:00,157.351776123,0.6252039637898872
10856,2019-12-27 08:00:00,157.546112061,0.810958480009986
10857,2019-12-27 09:00:00,157.736373901,0.5368782219275003
10858,2019-12-27 10:00:00,157.931091309,0.5155512401638039
10859,2019-12-27 11:00:00,158.130371094,0.948003595601919
10860,2019-12-27 12:00:00,158.336807251,0.9322242200532004
10861,2019-12-27 13:00:00,158.75302124,0.3536018455953236
10862,2019-12-27 14:00:00,159.230010986,0.05906806496116135
10863,2019-12-27 15:00:00,159.690704346,0.04119211742114548
10864,2019-12-27 16:00:00,160.234649658,0.6159727570421804
10865,2019-12-27 17:00:00,160.863693237,0.24256791770564456
10866,2019-12-27 18:00:00,161.465423584,0.7677122889894913
10867,2019-12-27 19:00:00,162.456604004,0.29891515367739396
10868,2019-12-27 20:00:00,163.764251709,0.04198391847200067
10869,2019-12-27 21:00:00,165.065505981,0.2637346794442871
10870,2019-12-27 22:00:00,166.331390381,0.7605524880541743
10871,2019-12-27 23:00:00,167.550933838,0.18899821086819968
10872,2019-12-28 00:00:00,168.781707764,0.5915602466063583
10873,2019-12-28 01:00:00,169.299835205,0.574104304821229
10874,2019-12-28 02:00:00,169.727035522,0.6355240048320483
10875,2019-12-28 03:00:00,170.149581909,0.2880720954037449
10876,2019-12-28 04:00:00,170.54586792,0.3089204222864904
10877,2019-12-28 05:00:00,170.938720703,0.20558254168044354
10878,2019-12-28 06:00:00,171.276184082,0.6018590833956909
10879,2019-12-28 07:00:00,171.666549683,0.618559719981371
10880,2019-12-28 08:00:00,172.076919556,0.008403901183544171
10881,2019-12-28 09:00:00,172.546325684,0.032965432538371364
10882,2019-12-28 10:00:00,172.964065552,0.8179405728796051
10883,2019-12-28 11:00:00,173.421630859,0.5126517408442469
10884,2019-12-28 12:00:00,173.872116089,0.12052111719829128
10885,2019-12-28 13:00:00,173.999725342,0.08937686816145307
10886,2019-12-28 14:00:00,174.077255249,0.06188670310923072
10887,2019-12-28 15:00:00,174.147781372,0.5685452550363866
10888,2019-12-28 16:00:00,174.194396973,0.14581057575516698
10889,2019-12-28 17:00:00,174.231521606,0.9558989049691677
10890,2019-12-28 18:00:00,174.312332153,0.41860391412504583
10891,2019-12-28 19:00:00,174.364761353,0.7008143642102963
10892,2019-12-28 20:00:00,174.537246704,0.3189499052482663
10893,2019-12-28 21:00:00,174.773071289,0.31319725982384083
10894,2019-12-28 22:00:00,174.995758057,0.1486166916621905
10895,2019-12-28 23:00:00,175.034225464,0.8766404425521742
10896,2019-12-29 00:00:00,175.060714722,0.2779684743587234
10897,2019-12-29 01:00:00,175.08706665,0.04608792762426839
10898,2019-12-29 02:00:00,175.111587524,0.24949760283159872
10899,2019-12-29 03:00:00,175.144058228,0.35031253193762524
10900,2019-12-29 04:00:00,175.176055908,0.7388939551013729
10901,2019-12-29 05:00:00,175.209350586,0.470646783935161
10902,2019-12-29 06:00:00,175.241195679,0.9984014803597342
10903,2019-12-29 07:00:00,175.273498535,0.7432049293968284
10904,2019-12-29 08:00:00,175.301895142,0.17035802493125463
10905,2019-12-29 09:00:00,175.326782227,0.02549083391890128
10906,2019-12-29 10:00:00,175.353027344,0.17159918560193965
10907,2019-12-29 11:00:00,175.373428345,0.5443568123704514
10908,2019-12-29 12:00:00,175.393066406,0.17451935321094947
10909,2019-12-29 13:00:00,175.413696289,0.7449882977100544
10910,2019-12-29 14:00:00,175.433349609,0.33199075384621923
10911,2019-12-29 15:00:00,175.445770264,0.8125580787239086
10912,2019-12-29 16:00:00,175.449539185,0.21631176574255218
10913,2019-12-29 17:00:00,175.448394775,0.2610042426547051
10914,2019-12-29 18:00:00,175.432815552,0.8012158566424512
10915,2019-12-29 19:00:00,175.427780151,0.9238290273839517
10916,2019-12-29 20:00:00,175.411590576,0.1509893943764964
10917,2019-12-29 21:00:00,175.406326294,0.2971308567640205
10918,2019-12-29 22:00:00,175.419769287,0.7015405155267974
10919,2019-12-29 23:00:00,175.424697876,0.7540509931188365
10920,2019-12-30 00:00:00,175.426895142,0.7968342157388412
10921,2019-12-30 01:00:00,175.427383423,0.3319174367366977
10922,2019-12-30 02:00:00,175.427017212,0.5052746868145225
10923,2019-12-30 03:00:00,175.423873901,0.8121041872112706
10924,2019-12-30 04:00:00,175.42074585,0.7791847163944756
10925,2019-12-30 05:00:00,175.418228149,0.32656037793709314
10926,2019-12-30 06:00:00,175.417053223,0.2785838190740312
10927,2019-12-30 07:00:00,175.419799805,0.0971116016765401
10928,2019-12-30 08:00:00,175.422866821,0.9806879882890819
10929,2019-12-30 09:00:00,175.427459717,0.04330332777724388
10930,2019-12-30 10:00:00,175.432189941,0.8791346522769051
10931,2019-12-30 11:00:00,175.438446045,0.332440873564654
10932,2019-12-30 12:00:00,175.438766479,0.8606554520914234
10933,2019-12-30 13:00:00,175.440139771,0.6107003577761747
10934,2019-12-30 14:00:00,175.441299438,0.054275091034541756
10935,2019-12-30 15:00:00,175.438873291,0.11677490487344666
10936,2019-12-30 16:00:00,175.428955078,0.12836782168823113
10937,2019-12-30 17:00:00,175.408660889,0.7409732370524327
10938,2019-12-30 18:00:00,175.380249023,0.6834916288663859
10939,2019-12-30 19:00:00,175.342453003,0.5544886316658155
10940,2019-12-30 20:00:00,175.288360596,0.5202890311253188
10941,2019-12-30 21:00:00,175.234283447,0.16252754437034989
10942,2019-12-30 22:00:00,175.239807129,0.46031874351930147
10943,2019-12-30 23:00:00,175.245407104,0.9113792186269135
10944,2019-12-31 00:00:00,175.251159668,0.8767847417280471
10945,2019-12-31 01:00:00,175.255828857,0.8443688866370472
10946,2019-12-31 02:00:00,175.260818481,0.004830106590350991
10947,2019-12-31 03:00:00,175.267730713,0.2527206893608126
10948,2019-12-31 04:00:00,175.276672363,0.6666022200005798
10949,2019-12-31 05:00:00,175.284408569,0.6415084183445006
10950,2019-12-31 06:00:00,175.289413452,0.19624754013097478
10951,2019-12-31 07:00:00,175.291702271,0.08847634745854915
10952,2019-12-31 08:00:00,175.293914795,0.3154787157845844
10953,2019-12-31 09:00:00,175.296920776,0.5126007212626951
10954,2019-12-31 10:00:00,175.297912598,0.8959042159643863
10955,2019-12-31 11:00:00,175.29699707,0.11985746307880352
10956,2019-12-31 12:00:00,175.297637939,0.4469375158924952
10957,2019-12-31 13:00:00,175.299087524,0.11571599068940486
10958,2019-12-31 14:00:00,175.298934937,0.37411333671421765
10959,2019-12-31 15:00:00,175.294555664,0.8879912984003916
10960,2019-12-31 16:00:00,175.273574829,0.5120377648791874
10961,2019-12-31 17:00:00,175.246810913,0.8128733679489663
10962,2019-12-31 18:00:00,175.174224854,0.39293489853943975
10963,2019-12-31 19:00:00,175.06842041,0.4319211718669709
10964,2019-12-31 20:00:00,174.945358276,0.6869265227381532
10965,2019-12-31 21:00:00,174.950119019,0.7874949266100778
10966,2019-12-31 22:00:00,175.112731934,0.11266941112315765
10967,2019-12-31 23:00:00,175.123214722,0.6175371715381345
10968,2020-01-01 00:00:00,175.134429932,0.14088172380601927
10969,2020-01-01 01:00:00,175.143676758,0.8488007590450569
10970,2020-01-01 02:00:00,175.151702881,0.588955854491165
10971,2020-01-01 03:00:00,175.158691406,0.799554482040457
10972,2020-01-01 04:00:00,175.159286499,0.6680397985889646
10973,2020-01-01 05:00:00,175.155273438,0.601204846547951
10974,2020-01-01 06:00:00,175.15071106,0.28613249845874034
10975,2020-01-01 07:00:00,175.15447998,0.7707122405046257
10976,2020-01-01 08:00:00,175.147583008,0.8965905974037887
10977,2020-01-01 09:00:00,175.134628296,0.680976011838121
10978,2020-01-01 10:00:00,175.120422363,0.9290330928238243
10979,2020-01-01 11:00:00,175.112243652,0.39700646013802154
10980,2020-01-01 12:00:00,175.106369019,0.6354064564175601
10981,2020-01-01 13:00:00,175.520614624,0.5103011186585272
10982,2020-01-01 14:00:00,175.989196777,0.028029587595966743
10983,2020-01-01 15:00:00,176.592208862,0.7680009190889401
10984,2020-01-01 16:00:00,177.2447052,0.08709547430441544
10985,2020-01-01 17:00:00,177.832199097,0.6241403862225949
10986,2020-01-01 18:00:00,178.552124023,0.06410661660817751
10987,2020-01-01 19:00:00,179.388702393,0.8851465213446771
10988,2020-01-01 20:00:00,180.204833984,0.1394439681858286
10989,2020-01-01 21:00:00,180.947769165,0.176068247126539
10990,2020-01-01 22:00:00,181.661117554,0.27677476950248714
10991,2020-01-01 23:00:00,182.186950684,0.20420503610641239
10992,2020-01-02 00:00:00,182.746994019,0.656932583542128
10993,2020-01-02 01:00:00,183.020889282,0.6575318038045125
10994,2020-01-02 02:00:00,183.331604004,0.4967234333646918
10995,2020-01-02 03:00:00,183.718322754,0.14477307461596678
10996,2020-01-02 04:00:00,184.065994263,0.6902246444441875
10997,2020-01-02 05:00:00,184.387893677,0.5005693872073799
10998,2020-01-02 06:00:00,184.657531738,0.07050036417057726
10999,2020-01-02 07:00:00,184.927047729,0.20581216414282988
11000,2020-01-02 08:00:00,185.215759277,0.6095657573619792
11001,2020-01-02 09:00:00,185.500717163,0.652221606666953
11002,2020-01-02 10:00:00,185.683258057,0.5285421353268535
11003,2020-01-02 11:00:00,185.908050537,0.5433707219317409
11004,2020-01-02 12:00:00,186.115646362,0.0021024721373569255
11005,2020-01-02 13:00:00,186.25213623,0.6826694463726816
11006,2020-01-02 14:00:00,186.390609741,0.12609184860021683
11007,2020-01-02 15:00:00,186.518966675,0.622677266213318
11008,2020-01-02 16:00:00,186.640792847,0.8990412411774674
11009,2020-01-02 17:00:00,186.734939575,0.5747742463845215
11010,2020-01-02 18:00:00,186.802764893,0.8270153005951838
11011,2020-01-02 19:00:00,186.869293213,0.19926196619843728
11012,2020-01-02 20:00:00,186.927337646,0.5600491095524309
11013,2020-01-02 21:00:00,186.948242188,0.23778431608490436
11014,2020-01-02 22:00:00,186.971420288,0.21051451643890917
11015,2020-01-02 23:00:00,186.977508545,0.1926442423763337
11016,2020-01-03 00:00:00,186.980743408,0.007507863342186005
11017,2020-01-03 01:00:00,186.983566284,0.28960634092077986
11018,2020-01-03 02:00:00,186.9815979,0.41499706518947366
11019,2020-01-03 03:00:00,186.983505249,0.7469072026791658
11020,2020-01-03 04:00:00,186.989318848,0.12506738722270105
11021,2020-01-03 05:00:00,186.996871948,0.9958272086261478
11022,2020-01-03 06:00:00,187.005020142,0.02242478374843926
11023,2020-01-03 07:00:00,187.013168335,0.6463300184840048
11024,2020-01-03 08:00:00,187.019470215,0.6131446172269288
11025,2020-01-03 09:00:00,187.027160645,0.015341890594096075
11026,2020-01-03 10:00:00,187.033706665,0.3970355388783734
11027,2020-01-03 11:00:00,187.039413452,0.773171552832293
11028,2020-01-03 12:00:00,187.044418335,0.6666457349856745
11029,2020-01-03 13:00:00,187.047073364,0.10308858434458901
11030,2020-01-03 14:00:00,187.046859741,0.7937985977142011
11031,2020-01-03 15:00:00,187.042297363,0.33311182969976294
11032,2020-01-03 16:00:00,187.029312134,0.2204644071694417
11033,2020-01-03 17:00:00,187.011642456,0.7365102393648052
11034,2020-01-03 18:00:00,186.966629028,0.989102332806485
11035,2020-01-03 19:00:00,186.918334961,0.3857131059714253
11036,2020-01-03 20:00:00,186.877624512,0.698082145374724
11037,2020-01-03 21:00:00,186.841430664,0.8299754349357883
11038,2020-01-03 22:00:00,186.83505249,0.22019630912831345
11039,2020-01-03 23:00:00,186.823364258,0.8493662388667186
11040,2020-01-04 00:00:00,186.81578064,0.9163065476999765
11041,2020-01-04 01:00:00,186.811309814,0.8473067113533392
11042,2020-01-04 02:00:00,186.807144165,0.9470955443634573
11043,2020-01-04 03:00:00,186.80128479,0.6750368293212132
11044,2020-01-04 04:00:00,186.80128479,0.6543854251466282
11045,2020-01-04 05:00:00,186.805343628,0.2986742420626398
11046,2020-01-04 06:00:00,186.804046631,0.3928745031827765
11047,2020-01-04 07:00:00,186.809448242,0.6115912470730767
11048,2020-01-04 08:00:00,186.808319092,0.03196088781262518
11049,2020-01-04 09:00:00,186.802566528,0.021189163336885142
11050,2020-01-04 10:00:00,186.799972534,0.33616648694507734
11051,2020-01-04 11:00:00,186.811004639,0.6483870131362655
11052,2020-01-04 12:00:00,186.821060181,0.3721897685847694
11053,2020-01-04 13:00:00,186.831573486,0.7396605786036188
11054,2020-01-04 14:00:00,186.842086792,0.0691889323765198
11055,2020-01-04 15:00:00,186.844696045,0.8067836302095468
11056,2020-01-04 16:00:00,186.829147339,0.18843539537474896
11057,2020-01-04 17:00:00,186.784484863,0.911750914422243
11058,2020-01-04 18:00:00,186.704681396,0.20949146233248084
11059,2020-01-04 19:00:00,186.600234985,0.7480159708977373
11060,2020-01-04 20:00:00,186.484848022,0.3269600545435678
11061,2020-01-04 21:00:00,186.384002686,0.8721371540010878
11062,2020-01-04 22:00:00,186.379760742,0.792885392329957
11063,2020-01-04 23:00:00,186.388015747,0.21276881608995635
11064,2020-01-05 00:00:00,186.40057373,0.8410402409474185
11065,2020-01-05 01:00:00,186.41204834,0.969054668948666
11066,2020-01-05 02:00:00,186.424346924,0.030329678385451198
11067,2020-01-05 03:00:00,186.435150146,0.2679336203454773
11068,2020-01-05 04:00:00,186.435119629,0.14148047593997126
11069,2020-01-05 05:00:00,186.443252563,0.9928979201923145
11070,2020-01-05 06:00:00,186.449783325,0.47188191842245164
11071,2020-01-05 07:00:00,186.459121704,0.17550287356899086
11072,2020-01-05 08:00:00,186.467254639,0.6556262367406576
11073,2020-01-05 09:00:00,186.473571777,0.6356565135231088
11074,2020-01-05 10:00:00,186.477310181,0.49948563903061705
11075,2020-01-05 11:00:00,186.479980469,0.44756836455245874
11076,2020-01-05 12:00:00,186.482376099,0.04305101581931481
11077,2020-01-05 13:00:00,186.485229492,0.41950787106074405
11078,2020-01-05 14:00:00,186.485870361,0.7686005803305274
11079,2020-01-05 15:00:00,186.481018066,0.5006825167667537
11080,2020-01-05 16:00:00,186.461288452,0.1670789657269528
11081,2020-01-05 17:00:00,186.421417236,0.7757947465325546
11082,2020-01-05 18:00:00,186.361419678,0.6182760297831668
11083,2020-01-05 19:00:00,186.298034668,0.8737192881095233
11084,2020-01-05 20:00:00,186.229949951,0.7114012198889303
11085,2020-01-05 21:00:00,186.170928955,0.900767132394037
11086,2020-01-05 22:00:00,186.159820557,0.27080418866093847
11087,2020-01-05 23:00:00,186.152770996,0.8909354862245696
11088,2020-01-06 00:00:00,186.147399902,0.6899619612072265
11089,2020-01-06 01:00:00,186.151748657,0.801665601200672
11090,2020-01-06 02:00:00,186.159606934,0.8563162635481227
11091,2020-01-06 03:00:00,186.169403076,0.40464797095996174
11092,2020-01-06 04:00:00,186.179412842,0.13038070570243177
11093,2020-01-06 05:00:00,186.18737793,0.38306019921341494
11094,2020-01-06 06:00:00,186.192626953,0.9311619135339986
11095,2020-01-06 07:00:00,186.202178955,0.4701259399002544
11096,2020-01-06 08:00:00,186.20993042,0.1007796543928986
11097,2020-01-06 09:00:00,186.218139648,0.2245710141501418
11098,2020-01-06 10:00:00,186.222076416,0.2098290627185324
11099,2020-01-06 11:00:00,186.226638794,0.26365325705275333
11100,2020-01-06 12:00:00,186.229064941,0.7676668993723532
11101,2020-01-06 13:00:00,186.231658936,0.24563565163921053
11102,2020-01-06 14:00:00,186.234375,0.7449558367853496
11103,2020-01-06 15:00:00,186.237213135,0.5219823837842166
11104,2020-01-06 16:00:00,186.2394104,0.2562873929252445
11105,2020-01-06 17:00:00,186.233322144,0.9090734565996335
11106,2020-01-06 18:00:00,186.211517334,0.227632287442884
11107,2020-01-06 19:00:00,186.17388916,0.9759352200050477
11108,2020-01-06 20:00:00,186.125213623,0.9082677147727797
11109,2020-01-06 21:00:00,186.069854736,0.08432567095152499
11110,2020-01-06 22:00:00,186.053588867,0.10466126630058592
11111,2020-01-06 23:00:00,186.042999268,0.451080039213852
11112,2020-01-07 00:00:00,186.038986206,0.9372937320655486
11113,2020-01-07 01:00:00,186.033721924,0.8840122974604528
11114,2020-01-07 02:00:00,186.029708862,0.22935556508936938
11115,2020-01-07 03:00:00,186.022338867,0.07288459809854053
11116,2020-01-07 04:00:00,186.012023926,0.05065203095401127
11117,2020-01-07 05:00:00,186.006866455,0.4028675561648144
11118,2020-01-07 06:00:00,186.002044678,0.9575811746307383
11119,2020-01-07 07:00:00,185.994812012,0.4066884307648917
11120,2020-01-07 08:00:00,185.99017334,0.8999456631895459
11121,2020-01-07 09:00:00,185.987060547,0.0185103227244644
11122,2020-01-07 10:00:00,185.985137939,0.3983925072208422
11123,2020-01-07 11:00:00,185.985397339,0.6601004498000873
11124,2020-01-07 12:00:00,185.993835449,0.48214406297002876
11125,2020-01-07 13:00:00,186.001708984,0.11415179829043165
11126,2020-01-07 14:00:00,186.010742188,0.37124910128423383
11127,2020-01-07 15:00:00,186.015823364,0.5035496186855132
11128,2020-01-07 16:00:00,186.007598877,0.31038105732801047
11129,2020-01-07 17:00:00,185.980163574,0.5219339279946382
11130,2020-01-07 18:00:00,185.91394043,0.6614494585679205
11131,2020-01-07 19:00:00,185.821502686,0.5700129302060988
11132,2020-01-07 20:00:00,185.696777344,0.7578979557683482
11133,2020-01-07 21:00:00,185.59161377,0.13447092031054186
11134,2020-01-07 22:00:00,185.60345459,0.5826696869656228
11135,2020-01-07 23:00:00,185.6146698,0.8184776453327973
11136,2020-01-08 00:00:00,185.627792358,0.2952522764159211
11137,2020-01-08 01:00:00,185.634872437,0.6572763393830117
11138,2020-01-08 02:00:00,185.639556885,0.5962999585011439
11139,2020-01-08 03:00:00,185.645294189,0.43441950558846765
11140,2020-01-08 04:00:00,185.652923584,0.5742767914204987
11141,2020-01-08 05:00:00,185.658706665,0.6024718463311037
11142,2020-01-08 06:00:00,185.664093018,0.34305196105310565
11143,2020-01-08 07:00:00,185.67010498,0.9873282322413779
11144,2020-01-08 08:00:00,185.675964355,0.3278343082349202
11145,2020-01-08 09:00:00,185.681945801,0.6758070658669936
11146,2020-01-08 10:00:00,185.687927246,0.803642336611206
11147,2020-01-08 11:00:00,185.693984985,0.9538633432421302
11148,2020-01-08 12:00:00,185.700241089,0.9088724400074683
11149,2020-01-08 13:00:00,185.706237793,0.6626219700119975
11150,2020-01-08 14:00:00,185.711578369,0.9548731290307575
11151,2020-01-08 15:00:00,185.704406738,0.8325765515721145
11152,2020-01-08 16:00:00,185.686203003,0.3369091780192457
11153,2020-01-08 17:00:00,185.653686523,0.21125929970398882
11154,2020-01-08 18:00:00,185.615539551,0.12246707493737063
11155,2020-01-08 19:00:00,185.863128662,0.2431237946283874
11156,2020-01-08 20:00:00,186.216247559,0.5625684991550303
11157,2020-01-08 21:00:00,186.627960205,0.46185289827667053
11158,2020-01-08 22:00:00,187.048706055,0.5062621187267983
11159,2020-01-08 23:00:00,187.380599976,0.9831609783939481
11160,2020-01-09 00:00:00,187.754470825,0.8237721783116089
11161,2020-01-09 01:00:00,187.849411011,0.35227993523859635
11162,2020-01-09 02:00:00,187.907699585,0.854938176745275
11163,2020-01-09 03:00:00,187.947631836,0.49037506025161104
11164,2020-01-09 04:00:00,187.983062744,0.09962945655674715
11165,2020-01-09 05:00:00,188.027130127,0.17394261291335944
11166,2020-01-09 06:00:00,188.056015015,0.4809075448839265
11167,2020-01-09 07:00:00,188.089523315,0.643910647707464
11168,2020-01-09 08:00:00,188.123687744,0.6587334762709296
11169,2020-01-09 09:00:00,188.154907227,0.3970007573461717
11170,2020-01-09 10:00:00,188.193664551,0.8062345162773213
11171,2020-01-09 11:00:00,188.213317871,0.022766411868273995
11172,2020-01-09 12:00:00,188.235733032,0.43345370060942634
11173,2020-01-09 13:00:00,188.255096436,0.9520404815334359
11174,2020-01-09 14:00:00,188.282241821,0.18495296376329529
11175,2020-01-09 15:00:00,188.307342529,0.4533759838328083
11176,2020-01-09 16:00:00,188.328643799,0.3061034416223003
11177,2020-01-09 17:00:00,188.323303223,0.8546866855178148
11178,2020-01-09 18:00:00,188.330596924,0.3118341271474089
11179,2020-01-09 19:00:00,188.340805054,0.4689781114833095
11180,2020-01-09 20:00:00,188.341293335,0.43979693730363667
11181,2020-01-09 21:00:00,188.314376831,0.32219293007613026
11182,2020-01-09 22:00:00,188.331634521,0.8927714303990586
11183,2020-01-09 23:00:00,188.340621948,0.07297599173888103
11184,2020-01-10 00:00:00,188.350463867,0.688384663714212
11185,2020-01-10 01:00:00,188.35949707,0.6420610590704081
11186,2020-01-10 02:00:00,188.367248535,0.5095417905104794
11187,2020-01-10 03:00:00,188.374328613,0.7444691683214658
11188,2020-01-10 04:00:00,188.383789062,0.7640584603843961
11189,2020-01-10 05:00:00,188.392700195,0.95876455869546
11190,2020-01-10 06:00:00,188.400131226,0.0030784557274543545
11191,2020-01-10 07:00:00,188.406311035,0.6179131848917214
11192,2020-01-10 08:00:00,188.412002563,0.7087894563092387
11193,2020-01-10 09:00:00,188.419311523,0.17465738476894999
11194,2020-01-10 10:00:00,188.426528931,0.891706971459024
11195,2020-01-10 11:00:00,188.434036255,0.9048520572395028
11196,2020-01-10 12:00:00,188.442718506,0.3999477900578524
11197,2020-01-10 13:00:00,188.45123291,0.4182533126236063
11198,2020-01-10 14:00:00,188.458984375,0.11487331571444104
11199,2020-01-10 15:00:00,188.463500977,0.4354428801498791
11200,2020-01-10 16:00:00,188.461608887,0.667337626851377
11201,2020-01-10 17:00:00,188.450134277,0.1007324132847679
11202,2020-01-10 18:00:00,188.430999756,0.9124796844376016
11203,2020-01-10 19:00:00,188.404724121,0.8821041613277045
11204,2020-01-10 20:00:00,188.370620728,0.3715097477739686
11205,2020-01-10 21:00:00,188.348815918,0.5529435871107932
11206,2020-01-10 22:00:00,188.356811523,0.8170037769974826
11207,2020-01-10 23:00:00,188.361831665,0.10633040930943549
11208,2020-01-11 00:00:00,188.358551025,0.9576189596713612
11209,2020-01-11 01:00:00,188.349365234,0.811648482196101
11210,2020-01-11 02:00:00,188.330169678,0.5983737762842342
11211,2020-01-11 03:00:00,188.304962158,0.5329478834964381
11212,2020-01-11 04:00:00,188.276306152,0.2006381088551985
11213,2020-01-11 05:00:00,188.257461548,0.6422694330519345
11214,2020-01-11 06:00:00,188.239135742,0.20572774155817042
11215,2020-01-11 07:00:00,188.220199585,0.252877528980493
11216,2020-01-11 08:00:00,188.204193115,0.07558201762516148
11217,2020-01-11 09:00:00,188.190979004,0.8846652233922645
11218,2020-01-11 10:00:00,188.179199219,0.2565417031870656
11219,2020-01-11 11:00:00,188.173171997,0.13409782032622553
11220,2020-01-11 12:00:00,188.16696167,0.5546922305708505
11221,2020-01-11 13:00:00,188.162322998,0.2795143018101065
11222,2020-01-11 14:00:00,188.164398193,0.8812524440581164
11223,2020-01-11 15:00:00,188.166290283,0.36447676105548654
11224,2020-01-11 16:00:00,188.157196045,0.9894654915139578
11225,2020-01-11 17:00:00,188.131820679,0.934215142499909
11226,2020-01-11 18:00:00,188.093933105,0.999135996412908
11227,2020-01-11 19:00:00,188.206466675,0.5502750918574618
11228,2020-01-11 20:00:00,188.351257324,0.2622149593068738
11229,2020-01-11 21:00:00,188.575546265,0.08268912381613269
11230,2020-01-11 22:00:00,188.835083008,0.4931168848527303
11231,2020-01-11 23:00:00,189.019561768,0.9191552566661467
11232,2020-01-12 00:00:00,189.209381104,0.15590909778741435
11233,2020-01-12 01:00:00,189.22807312,0.44657292825468065
11234,2020-01-12 02:00:00,189.250335693,0.5217514479773225
11235,2020-01-12 03:00:00,189.273788452,0.812006385271299
11236,2020-01-12 04:00:00,189.300704956,0.023374017187117735
11237,2020-01-12 05:00:00,189.327041626,0.7024367767668417
11238,2020-01-12 06:00:00,189.35055542,0.24981419659922988
11239,2020-01-12 07:00:00,189.669921875,0.3721997487077964
11240,2020-01-12 08:00:00,190.007904053,0.24447626196854777
11241,2020-01-12 09:00:00,190.370498657,0.8686249971348291
11242,2020-01-12 10:00:00,190.744567871,0.04282333432508423
11243,2020-01-12 11:00:00,191.175247192,0.8129544829661725
11244,2020-01-12 12:00:00,191.635543823,0.26551072139649823
11245,2020-01-12 13:00:00,191.955780029,0.5705977568035513
11246,2020-01-12 14:00:00,192.235565186,0.3681307456386185
11247,2020-01-12 15:00:00,192.480636597,0.21411149233627735
11248,2020-01-12 16:00:00,192.684814453,0.15229218681729673
11249,2020-01-12 17:00:00,192.934387207,0.02164278409822107
11250,2020-01-12 18:00:00,193.077423096,0.1693836335965847
11251,2020-01-12 19:00:00,193.469543457,0.7708017108103324
11252,2020-01-12 20:00:00,193.88659668,0.5012187014892605
11253,2020-01-12 21:00:00,194.392700195,0.008133513200933362
11254,2020-01-12 22:00:00,194.98324585,0.6117427420341085
11255,2020-01-12 23:00:00,195.512039185,0.11575263932056834
11256,2020-01-13 00:00:00,195.870849609,0.10118786435218619
11257,2020-01-13 01:00:00,195.9246521,0.09018728377512186
11258,2020-01-13 02:00:00,195.969833374,0.11920403570503779
11259,2020-01-13 03:00:00,196.003723145,0.46688432656221956
11260,2020-01-13 04:00:00,196.031326294,0.9485674278049016
11261,2020-01-13 05:00:00,196.095214844,0.7036038197351432
11262,2020-01-13 06:00:00,196.167098999,0.4686418684482174
11263,2020-01-13 07:00:00,196.210540771,0.9335866042930403
11264,2020-01-13 08:00:00,196.249511719,0.3997776039174298
11265,2020-01-13 09:00:00,196.305130005,0.8807858482279882
11266,2020-01-13 10:00:00,196.349456787,0.7475512756473376
11267,2020-01-13 11:00:00,196.406600952,0.9287202499986721
11268,2020-01-13 12:00:00,196.465896606,0.7619364102829399
11269,2020-01-13 13:00:00,196.632019043,0.21742347089171388
11270,2020-01-13 14:00:00,196.809188843,0.24706611695139558
11271,2020-01-13 15:00:00,197.089324951,0.47850699677903996
11272,2020-01-13 16:00:00,197.312988281,0.6502659601096059
11273,2020-01-13 17:00:00,197.518875122,0.2745579561603657
11274,2020-01-13 18:00:00,197.779876709,0.10359446785609272
11275,2020-01-13 19:00:00,198.216156006,0.0938051745744436
11276,2020-01-13 20:00:00,198.734375,0.018818342871599003
11277,2020-01-13 21:00:00,199.245239258,0.5381886053658853
11278,2020-01-13 22:00:00,199.688827515,0.7374110588248501
11279,2020-01-13 23:00:00,200.12298584,0.6912216620899458
11280,2020-01-14 00:00:00,200.439102173,0.24209227923833043
11281,2020-01-14 01:00:00,200.467483521,0.7269123285002592
11282,2020-01-14 02:00:00,200.506454468,0.7488445925281151
11283,2020-01-14 03:00:00,200.547210693,0.41087439841981643
11284,2020-01-14 04:00:00,200.602813721,0.8768531276693761
11285,2020-01-14 05:00:00,200.652023315,0.4422454745476002
11286,2020-01-14 06:00:00,200.667984009,0.3593312386579648
11287,2020-01-14 07:00:00,200.691345215,0.2641448631316169
11288,2020-01-14 08:00:00,200.727264404,0.8903801786400872
11289,2020-01-14 09:00:00,200.76411438,0.056877703791754275
11290,2020-01-14 10:00:00,200.804321289,0.5862446849791354
11291,2020-01-14 11:00:00,200.846923828,0.8674036902183577
11292,2020-01-14 12:00:00,200.915481567,0.0335121593644081
11293,2020-01-14 13:00:00,200.99848938,0.36169597591943303
11294,2020-01-14 14:00:00,201.074203491,0.9722883497397661
11295,2020-01-14 15:00:00,201.139450073,0.7313096365920142
11296,2020-01-14 16:00:00,201.183135986,0.5917470266147172
11297,2020-01-14 17:00:00,201.211883545,0.6381556198825177
11298,2020-01-14 18:00:00,201.231307983,0.3684102567734421
11299,2020-01-14 19:00:00,201.245635986,0.8347761498668472
11300,2020-01-14 20:00:00,201.237731934,0.8982260746307614
11301,2020-01-14 21:00:00,201.212905884,0.8447780202893097
11302,2020-01-14 22:00:00,201.184204102,0.7886810716303263
11303,2020-01-14 23:00:00,201.168869019,0.5375599754148023
11304,2020-01-15 00:00:00,201.152435303,0.6555483169886218
11305,2020-01-15 01:00:00,201.137451172,0.6023696424747526
11306,2020-01-15 02:00:00,201.126556396,0.6076204933358795
11307,2020-01-15 03:00:00,201.121292114,0.07898595714050682
11308,2020-01-15 04:00:00,201.117034912,0.5317002026572365
11309,2020-01-15 05:00:00,201.112731934,0.4294308380596419
11310,2020-01-15 06:00:00,201.117950439,0.6529495842203941
11311,2020-01-15 07:00:00,201.130737305,0.9159273837071009
11312,2020-01-15 08:00:00,201.143218994,0.17553659213155348
11313,2020-01-15 09:00:00,201.152709961,0.8134032039051778
11314,2020-01-15 10:00:00,201.16104126,0.11861659668228652
11315,2020-01-15 11:00:00,201.168304443,0.4634153933180897
11316,2020-01-15 12:00:00,201.173828125,0.14710293242346684
11317,2020-01-15 13:00:00,201.179077148,0.04754213889117809
11318,2020-01-15 14:00:00,201.1847229,0.17947425084491908
11319,2020-01-15 15:00:00,201.187057495,0.6699967847866776
11320,2020-01-15 16:00:00,201.177825928,0.9353760840382142
11321,2020-01-15 17:00:00,201.151580811,0.794090233263407
11322,2020-01-15 18:00:00,201.09967041,0.3885777276093302
11323,2020-01-15 19:00:00,201.008804321,0.7051766475203689
11324,2020-01-15 20:00:00,200.898239136,0.5261873163224625
11325,2020-01-15 21:00:00,200.799987793,0.936394596889822
11326,2020-01-15 22:00:00,200.72605896,0.8695120899002831
11327,2020-01-15 23:00:00,200.736602783,0.8207482617164078
11328,2020-01-16 00:00:00,200.747039795,0.500852688947522
11329,2020-01-16 01:00:00,200.755477905,0.5509490469816607
11330,2020-01-16 02:00:00,200.761077881,0.6961495395549082
11331,2020-01-16 03:00:00,200.766082764,0.5148271482703899
11332,2020-01-16 04:00:00,200.769866943,0.8397005252399089
11333,2020-01-16 05:00:00,200.772613525,0.21467303862239007
11334,2020-01-16 06:00:00,200.775146484,0.07110385931566443
11335,2020-01-16 07:00:00,200.764038086,0.4695548740136878
11336,2020-01-16 08:00:00,200.746780396,0.6676530500152678
11337,2020-01-16 09:00:00,200.723236084,0.22173101265057138
11338,2020-01-16 10:00:00,200.700149536,0.8149380870418623
11339,2020-01-16 11:00:00,200.672363281,0.7378277234425241
11340,2020-01-16 12:00:00,200.644989014,0.16028615959902748
11341,2020-01-16 13:00:00,200.620864868,0.8805438990207761
11342,2020-01-16 14:00:00,200.599105835,0.10251291996749656
11343,2020-01-16 15:00:00,200.57989502,0.8689248358690526
11344,2020-01-16 16:00:00,200.555419922,0.16486952888906548
11345,2020-01-16 17:00:00,200.522506714,0.6734976599837593
11346,2020-01-16 18:00:00,200.485931396,0.9241521812197727
11347,2020-01-16 19:00:00,200.669143677,0.7505250918756704
11348,2020-01-16 20:00:00,200.925186157,0.6474279085422529
11349,2020-01-16 21:00:00,201.229873657,0.5738104468974611
11350,2020-01-16 22:00:00,201.523391724,0.7729167477336651
11351,2020-01-16 23:00:00,201.855834961,0.06346827411122391
11352,2020-01-17 00:00:00,202.113861084,0.20444647491382772
11353,2020-01-17 01:00:00,202.278320312,0.0047056863707574115
11354,2020-01-17 02:00:00,202.454742432,0.3253726071884827
11355,2020-01-17 03:00:00,202.623519897,0.15810530227491582
11356,2020-01-17 04:00:00,202.76449585,0.9710273437849085
11357,2020-01-17 05:00:00,202.895019531,0.19099810325583044
11358,2020-01-17 06:00:00,203.069503784,0.06543072897496649
11359,2020-01-17 07:00:00,203.100158691,0.027261741857106503
11360,2020-01-17 08:00:00,203.140533447,0.17558845237629428
11361,2020-01-17 09:00:00,203.199508667,0.1500875426201861
11362,2020-01-17 10:00:00,203.292510986,0.018512569657173295
11363,2020-01-17 11:00:00,203.380218506,0.8247732987503935
11364,2020-01-17 12:00:00,203.448547363,0.452389768270381
11365,2020-01-17 13:00:00,203.644012451,0.6542598093277187
11366,2020-01-17 14:00:00,203.922744751,0.030032424923815415
11367,2020-01-17 15:00:00,204.169921875,0.7706029099967106
11368,2020-01-17 16:00:00,204.411727905,0.5368206502386444
11369,2020-01-17 17:00:00,204.675964355,0.8369954625771814
11370,2020-01-17 18:00:00,204.949554443,0.6023957989617328
11371,2020-01-17 19:00:00,205.301116943,0.9543102237109601
11372,2020-01-17 20:00:00,205.681045532,0.5224999930506353
11373,2020-01-17 21:00:00,206.061523438,0.3642040495662485
11374,2020-01-17 22:00:00,206.43699646,0.26031763096476135
11375,2020-01-17 23:00:00,206.781463623,0.7644890033262582
11376,2020-01-18 00:00:00,207.062408447,0.06490127421693348
11377,2020-01-18 01:00:00,207.146286011,0.37872474127287925
11378,2020-01-18 02:00:00,207.199707031,0.8769159965148606
11379,2020-01-18 03:00:00,207.245269775,0.8784929372555745
11380,2020-01-18 04:00:00,207.277557373,0.8602524154179633
11381,2020-01-18 05:00:00,207.299041748,0.24335322787557445
11382,2020-01-18 06:00:00,207.307006836,0.9526385103106267
11383,2020-01-18 07:00:00,207.318817139,0.025901178547127035
11384,2020-01-18 08:00:00,207.331054688,0.422793386719569
11385,2020-01-18 09:00:00,207.341842651,0.9006078043810637
11386,2020-01-18 10:00:00,207.351837158,0.9772729791381167
11387,2020-01-18 11:00:00,207.361877441,0.5217293082375176
11388,2020-01-18 12:00:00,207.36895752,0.8986910056770484
11389,2020-01-18 13:00:00,207.37663269,0.3830159705115689
11390,2020-01-18 14:00:00,207.384094238,0.6536075369739214
11391,2020-01-18 15:00:00,207.382461548,0.07286135944212524
11392,2020-01-18 16:00:00,207.367263794,0.36822902568707516
11393,2020-01-18 17:00:00,207.347427368,0.47283182846124894
11394,2020-01-18 18:00:00,207.322067261,0.8488417361192926
11395,2020-01-18 19:00:00,207.290466309,0.3882076665963189
11396,2020-01-18 20:00:00,207.241943359,0.29592743348629835
11397,2020-01-18 21:00:00,207.198471069,0.43281851952694206
11398,2020-01-18 22:00:00,207.148330688,0.9490937654452288
11399,2020-01-18 23:00:00,207.140640259,0.3785860017479269
11400,2020-01-19 00:00:00,207.135910034,0.7588555516371421
11401,2020-01-19 01:00:00,207.135101318,0.7600670733956896
11402,2020-01-19 02:00:00,207.134735107,0.13849560324076948
11403,2020-01-19 03:00:00,207.136581421,0.47530994554224093
11404,2020-01-19 04:00:00,207.139968872,0.963714527148376
11405,2020-01-19 05:00:00,207.144424438,0.0948011852238525
11406,2020-01-19 06:00:00,207.152694702,0.5584909229855765
11407,2020-01-19 07:00:00,207.16229248,0.9341690420757953
11408,2020-01-19 08:00:00,207.162872314,0.9013161783447616
11409,2020-01-19 09:00:00,207.158111572,0.9689129070414033
11410,2020-01-19 10:00:00,207.15071106,0.09979426435950889
11411,2020-01-19 11:00:00,207.139785767,0.5520967270022299
11412,2020-01-19 12:00:00,207.133651733,0.5187439490697129
11413,2020-01-19 13:00:00,207.120056152,0.49181214706767806
11414,2020-01-19 14:00:00,207.104400635,0.18510362827337545
11415,2020-01-19 15:00:00,207.084457397,0.07038235834250917
11416,2020-01-19 16:00:00,207.059417725,0.4145058880073237
11417,2020-01-19 17:00:00,207.016174316,0.5247471293260005
11418,2020-01-19 18:00:00,206.950393677,0.6853688204368084
11419,2020-01-19 19:00:00,206.868133545,0.8879730377563796
11420,2020-01-19 20:00:00,206.745147705,0.20827436334654126
11421,2020-01-19 21:00:00,206.64364624,0.2310811872347096
11422,2020-01-19 22:00:00,206.571548462,0.0973197272213091
11423,2020-01-19 23:00:00,206.58757019,0.06133497496879503
11424,2020-01-20 00:00:00,206.604537964,0.009292520171034435
11425,2020-01-20 01:00:00,206.612380981,0.7754266436742466
11426,2020-01-20 02:00:00,206.616500854,0.8292354487286401
11427,2020-01-20 03:00:00,206.620513916,0.3651152855104355
11428,2020-01-20 04:00:00,206.622451782,0.5899755333549614
11429,2020-01-20 05:00:00,206.626937866,0.09908144733286939
11430,2020-01-20 06:00:00,206.63067627,0.509052835278727
11431,2020-01-20 07:00:00,206.633728027,0.11492093443541762
11432,2020-01-20 08:00:00,206.636138916,0.8976665585273016
11433,2020-01-20 09:00:00,206.638702393,0.748887566764275
11434,2020-01-20 10:00:00,206.640930176,0.3140988212923198
11435,2020-01-20 11:00:00,206.644287109,0.3412827409421927
11436,2020-01-20 12:00:00,206.647674561,0.5282072685379166
11437,2020-01-20 13:00:00,206.651000977,0.07320155825475128
11438,2020-01-20 14:00:00,206.653747559,0.8950625073879189
11439,2020-01-20 15:00:00,206.651123047,0.7397659730295906
11440,2020-01-20 16:00:00,206.635665894,0.03524740719916242
11441,2020-01-20 17:00:00,206.594055176,0.8691658594004207
11442,2020-01-20 18:00:00,206.496536255,0.8876513465402465
11443,2020-01-20 19:00:00,206.390701294,0.41762650376930743
11444,2020-01-20 20:00:00,206.250991821,0.02313644879353327
11445,2020-01-20 21:00:00,206.104370117,0.8940233230120712
11446,2020-01-20 22:00:00,205.984054565,0.2943563065506348
11447,2020-01-20 23:00:00,205.984817505,0.8097268474444268
11448,2020-01-21 00:00:00,205.989013672,0.6233943326312338
11449,2020-01-21 01:00:00,205.991439819,0.5350251528689631
11450,2020-01-21 02:00:00,205.992050171,0.8837090111431412
11451,2020-01-21 03:00:00,205.998474121,0.6706188367155312
11452,2020-01-21 04:00:00,206.002868652,0.17118778555239555
11453,2020-01-21 05:00:00,205.996078491,0.7562441181114716
11454,2020-01-21 06:00:00,205.986434937,0.6029949728382916
11455,2020-01-21 07:00:00,205.986877441,0.6545507888094584
11456,2020-01-21 08:00:00,205.988983154,0.6534127908026827
11457,2020-01-21 09:00:00,205.990615845,0.7465817559291488
11458,2020-01-21 10:00:00,205.994277954,0.639813670450465
11459,2020-01-21 11:00:00,206.00239563,0.23995059443386735
11460,2020-01-21 12:00:00,206.008178711,0.28309239953316423
11461,2020-01-21 13:00:00,206.187744141,0.6563104481110636
11462,2020-01-21 14:00:00,206.376602173,0.5509662852176268
11463,2020-01-21 15:00:00,206.565429688,0.518984415309358
11464,2020-01-21 16:00:00,206.737625122,0.6470656253114226
11465,2020-01-21 17:00:00,206.940963745,0.054688103487613215
11466,2020-01-21 18:00:00,207.156021118,0.47005731649112525
11467,2020-01-21 19:00:00,207.497940063,0.4493114365991199
11468,2020-01-21 20:00:00,207.868850708,0.5402913468006404
11469,2020-01-21 21:00:00,208.298278809,0.6220243999464444
11470,2020-01-21 22:00:00,208.729568481,0.8753865248756619
11471,2020-01-21 23:00:00,209.175476074,0.9529099596569758
11472,2020-01-22 00:00:00,209.525497437,0.5166748711457995
11473,2020-01-22 01:00:00,209.635513306,0.6804322560561988
11474,2020-01-22 02:00:00,209.738067627,0.28430224351654765
11475,2020-01-22 03:00:00,209.832458496,0.9513476227819504
11476,2020-01-22 04:00:00,209.940216064,0.21098560281073064
11477,2020-01-22 05:00:00,210.055603027,0.26268605517226284
11478,2020-01-22 06:00:00,210.192565918,0.6809207806219673
11479,2020-01-22 07:00:00,210.269195557,0.5604549853790081
11480,2020-01-22 08:00:00,210.327987671,0.7374241567083523
11481,2020-01-22 09:00:00,210.372024536,0.76288577311255
11482,2020-01-22 10:00:00,210.410690308,0.18601579058240836
11483,2020-01-22 11:00:00,210.447509766,0.7319045731957528
11484,2020-01-22 12:00:00,210.480285645,0.0058356980492858535
11485,2020-01-22 13:00:00,210.534790039,0.8762790226443273
11486,2020-01-22 14:00:00,210.594284058,0.6771154756094069
11487,2020-01-22 15:00:00,210.653137207,0.06491033278022063
11488,2020-01-22 16:00:00,210.71144104,0.8118139769317873
11489,2020-01-22 17:00:00,210.7603302,0.6277422130856409
11490,2020-01-22 18:00:00,210.798492432,0.41013882236713617
11491,2020-01-22 19:00:00,210.906478882,0.04507531679232335
11492,2020-01-22 20:00:00,211.021118164,0.5439526461548546
11493,2020-01-22 21:00:00,211.139190674,0.7032807698078684
11494,2020-01-22 22:00:00,211.26020813,0.9438526527933944
11495,2020-01-22 23:00:00,211.382598877,0.45859121907586364
11496,2020-01-23 00:00:00,211.475326538,0.8661726634551898
11497,2020-01-23 01:00:00,211.522918701,0.6026554936630282
11498,2020-01-23 02:00:00,211.568557739,0.6525322927278303
11499,2020-01-23 03:00:00,211.615859985,0.8468567532892938
11500,2020-01-23 04:00:00,211.659378052,0.1002566998243295
11501,2020-01-23 05:00:00,211.704986572,0.20795802945904518
11502,2020-01-23 06:00:00,211.75177002,0.5090617050707389
11503,2020-01-23 07:00:00,211.782226562,0.7776537704660736
11504,2020-01-23 08:00:00,211.809417725,0.743719256570827
11505,2020-01-23 09:00:00,211.832962036,0.2171399369619339
11506,2020-01-23 10:00:00,211.84954834,0.4650968234045568
11507,2020-01-23 11:00:00,211.86630249,0.693380617572014
11508,2020-01-23 12:00:00,211.882141113,0.5622616523827216
11509,2020-01-23 13:00:00,211.901138306,0.9907143070660894
11510,2020-01-23 14:00:00,211.917434692,0.2054523392161438
11511,2020-01-23 15:00:00,211.930389404,0.9974175696625
11512,2020-01-23 16:00:00,211.937347412,0.7506010431938293
11513,2020-01-23 17:00:00,211.937606812,0.11481517916154049
11514,2020-01-23 18:00:00,211.932983398,0.7230779593481872
11515,2020-01-23 19:00:00,211.9140625,0.8828358616822185
11516,2020-01-23 20:00:00,211.884536743,0.04654522308928599
11517,2020-01-23 21:00:00,211.862747192,0.9080980684543993
11518,2020-01-23 22:00:00,211.840057373,0.8916782444560908
11519,2020-01-23 23:00:00,211.839309692,0.6294676692944767
11520,2020-01-24 00:00:00,211.837097168,0.6289086891446539
11521,2020-01-24 01:00:00,211.832580566,0.23267131922748585
11522,2020-01-24 02:00:00,211.832641602,0.5340245119904862
11523,2020-01-24 03:00:00,211.822799683,0.5998974380462878
11524,2020-01-24 04:00:00,211.825576782,0.8593516587013839
11525,2020-01-24 05:00:00,211.817398071,0.2548357088164398
11526,2020-01-24 06:00:00,211.806655884,0.8995565343925868
11527,2020-01-24 07:00:00,211.802947998,0.3176112045924975
11528,2020-01-24 08:00:00,211.80305481,0.6642061044177904
11529,2020-01-24 09:00:00,211.804214478,0.8306260758999096
11530,2020-01-24 10:00:00,211.811157227,0.23416205769204357
11531,2020-01-24 11:00:00,211.817443848,0.6422130794989458
11532,2020-01-24 12:00:00,211.82232666,0.4531168586694473
11533,2020-01-24 13:00:00,211.82975769,0.3018641732075268
11534,2020-01-24 14:00:00,211.834625244,0.32998055358165634
11535,2020-01-24 15:00:00,211.831741333,0.10462175581680211
11536,2020-01-24 16:00:00,211.818557739,0.25921933636515115
11537,2020-01-24 17:00:00,211.782165527,0.7864257130989912
11538,2020-01-24 18:00:00,211.7237854,0.13258842619764066
11539,2020-01-24 19:00:00,211.659591675,0.20918874955148015
11540,2020-01-24 20:00:00,211.551437378,0.6965528851343763
11541,2020-01-24 21:00:00,211.456817627,0.6258625849379045
11542,2020-01-24 22:00:00,211.400192261,0.10137387217893934
11543,2020-01-24 23:00:00,211.393463135,0.09696755457366979
11544,2020-01-25 00:00:00,211.389724731,0.8347661693863003
11545,2020-01-25 01:00:00,211.38671875,0.49787388316351344
11546,2020-01-25 02:00:00,211.384674072,0.5357426042792839
11547,2020-01-25 03:00:00,211.386932373,0.27548725997091084
11548,2020-01-25 04:00:00,211.390426636,0.24077002061692598
11549,2020-01-25 05:00:00,211.399246216,0.7138576642592843
11550,2020-01-25 06:00:00,211.407012939,0.3273020235949723
11551,2020-01-25 07:00:00,211.415786743,0.18163395885392142
11552,2020-01-25 08:00:00,211.426239014,0.21965922348960254
11553,2020-01-25 09:00:00,211.439987183,0.17148330921942712
11554,2020-01-25 10:00:00,211.453674316,0.4787383728412896
11555,2020-01-25 11:00:00,211.46824646,0.4041897926420609
11556,2020-01-25 12:00:00,211.483459473,0.4855420865294823
11557,2020-01-25 13:00:00,211.499404907,0.6201343734541692
11558,2020-01-25 14:00:00,211.514404297,0.9943900219936073
11559,2020-01-25 15:00:00,211.522781372,0.973907136288084
11560,2020-01-25 16:00:00,211.522872925,0.5167844932423652
11561,2020-01-25 17:00:00,211.510803223,0.326748610976759
11562,2020-01-25 18:00:00,211.492294312,0.030502325439516698
11563,2020-01-25 19:00:00,211.458587646,0.2631684794512271
11564,2020-01-25 20:00:00,211.391204834,0.9880480408091433
11565,2020-01-25 21:00:00,211.326675415,0.43387059668063954
11566,2020-01-25 22:00:00,211.286621094,0.9236539106410597
11567,2020-01-25 23:00:00,211.278961182,0.1500916555169769
11568,2020-01-26 00:00:00,211.280822754,0.15716556364215062
11569,2020-01-26 01:00:00,211.278366089,0.6890616933247976
11570,2020-01-26 02:00:00,211.283615112,0.6446844233966201
11571,2020-01-26 03:00:00,211.28717041,0.9113368610047157
11572,2020-01-26 04:00:00,211.27885437,0.08945184204299705
11573,2020-01-26 05:00:00,211.2681427,0.24804841913020914
11574,2020-01-26 06:00:00,211.258560181,0.6450257340964921
11575,2020-01-26 07:00:00,211.25352478,0.3811639393672769
11576,2020-01-26 08:00:00,211.247329712,0.2352665133655123
11577,2020-01-26 09:00:00,211.236938477,0.26611728779287913
11578,2020-01-26 10:00:00,211.230606079,0.6562179592315318
11579,2020-01-26 11:00:00,211.233428955,0.3470268646133503
11580,2020-01-26 12:00:00,211.234680176,0.05972029636292153
11581,2020-01-26 13:00:00,211.233627319,0.31516471819140424
11582,2020-01-26 14:00:00,211.233398438,0.9215156708203088
11583,2020-01-26 15:00:00,211.224319458,0.13923080271215516
11584,2020-01-26 16:00:00,211.201934814,0.4892477629080255
11585,2020-01-26 17:00:00,211.163497925,0.5337890885601402
11586,2020-01-26 18:00:00,211.099838257,0.24493713800276606
11587,2020-01-26 19:00:00,211.032516479,0.7176970560582969
11588,2020-01-26 20:00:00,210.938858032,0.760889017155363
11589,2020-01-26 21:00:00,210.849822998,0.5780671116845321
11590,2020-01-26 22:00:00,210.774261475,0.0487575477299278
11591,2020-01-26 23:00:00,210.753707886,0.4098049062118557
11592,2020-01-27 00:00:00,210.738616943,0.7734073639335277
11593,2020-01-27 01:00:00,210.745941162,0.3192107764543718
11594,2020-01-27 02:00:00,210.751846313,0.7754140614381602
11595,2020-01-27 03:00:00,210.766448975,0.7608933219298468
11596,2020-01-27 04:00:00,210.785461426,0.12095649975831724
11597,2020-01-27 05:00:00,210.811157227,0.422188735155679
11598,2020-01-27 06:00:00,210.838439941,0.607870972957671
11599,2020-01-27 07:00:00,210.868972778,0.5363081065615366
11600,2020-01-27 08:00:00,210.903808594,0.5942552562082757
11601,2020-01-27 09:00:00,210.929718018,0.5184838118533205
11602,2020-01-27 10:00:00,210.954360962,0.9416139990298226
11603,2020-01-27 11:00:00,210.979873657,0.6456583632770166
11604,2020-01-27 12:00:00,211.005203247,0.4041406677198628
11605,2020-01-27 13:00:00,211.188278198,0.551867935606662
11606,2020-01-27 14:00:00,211.374130249,0.19736334837434177
11607,2020-01-27 15:00:00,211.558609009,0.49252360762317615
11608,2020-01-27 16:00:00,211.771453857,0.16087736184501245
11609,2020-01-27 17:00:00,212.022827148,0.4640073099417218
11610,2020-01-27 18:00:00,212.297302246,0.5553079672697876
11611,2020-01-27 19:00:00,212.654388428,0.9274557069172678
11612,2020-01-27 20:00:00,213.004272461,0.8516468168592713
11613,2020-01-27 21:00:00,213.32421875,0.365883817827797
11614,2020-01-27 22:00:00,213.620147705,0.2758866888177691
11615,2020-01-27 23:00:00,213.90171814,0.9799644278023133
11616,2020-01-28 00:00:00,214.104507446,0.07305922007044119
11617,2020-01-28 01:00:00,214.150390625,0.9822786829681865
11618,2020-01-28 02:00:00,214.230987549,0.32985889392968615
11619,2020-01-28 03:00:00,214.27746582,0.3413832776711673
11620,2020-01-28 04:00:00,214.326324463,0.44136219064979587
11621,2020-01-28 05:00:00,214.360748291,0.5490330132803193
11622,2020-01-28 06:00:00,214.369934082,0.48946881283850296
11623,2020-01-28 07:00:00,214.383850098,0.42837930737955054
11624,2020-01-28 08:00:00,214.392654419,0.23520771071365487
11625,2020-01-28 09:00:00,214.398880005,0.29069955225063393
11626,2020-01-28 10:00:00,214.403045654,0.6688520364214152
11627,2020-01-28 11:00:00,214.406280518,0.8696092388204583
11628,2020-01-28 12:00:00,214.405807495,0.6034784864398368
11629,2020-01-28 13:00:00,214.455505371,0.7022432231119711
11630,2020-01-28 14:00:00,214.507919312,0.6772796219536018
11631,2020-01-28 15:00:00,214.509002686,0.9454932104301732
11632,2020-01-28 16:00:00,214.501739502,0.2171511256294888
11633,2020-01-28 17:00:00,214.478149414,0.37244258453288326
11634,2020-01-28 18:00:00,214.437728882,0.5670408443103524
11635,2020-01-28 19:00:00,214.41116333,0.3708318344152145
11636,2020-01-28 20:00:00,214.373596191,0.5404037411723611
11637,2020-01-28 21:00:00,214.334213257,0.5186492196038236
11638,2020-01-28 22:00:00,214.291702271,0.42062409102235665
11639,2020-01-28 23:00:00,214.305938721,0.4683851190720686
11640,2020-01-29 00:00:00,214.317733765,0.07470421081681777
11641,2020-01-29 01:00:00,214.326553345,0.04090407955792852
11642,2020-01-29 02:00:00,214.332885742,0.6740672674887667
11643,2020-01-29 03:00:00,214.33833313,0.6684912304264834
11644,2020-01-29 04:00:00,214.343780518,0.0704620037500503
11645,2020-01-29 05:00:00,214.349594116,0.4265297752220173
11646,2020-01-29 06:00:00,214.354232788,0.4827871773555866
11647,2020-01-29 07:00:00,214.368392944,0.7495241633787014
11648,2020-01-29 08:00:00,214.383163452,0.5647789921532302
11649,2020-01-29 09:00:00,214.397506714,0.4138250110979841
11650,2020-01-29 10:00:00,214.41418457,0.8665803625839126
11651,2020-01-29 11:00:00,214.43157959,0.733135651386137
11652,2020-01-29 12:00:00,214.450958252,0.45655349749490015
11653,2020-01-29 13:00:00,214.458374023,0.7332614834195008
11654,2020-01-29 14:00:00,214.467025757,0.16975837766203716
11655,2020-01-29 15:00:00,214.466873169,0.7438682518772547
11656,2020-01-29 16:00:00,214.45765686,0.3239763365450977
11657,2020-01-29 17:00:00,214.428894043,0.4212889644075015
11658,2020-01-29 18:00:00,214.381622314,0.2697328403523619
11659,2020-01-29 19:00:00,214.338348389,0.3062612500926192
11660,2020-01-29 20:00:00,214.283935547,0.12134904937451374
11661,2020-01-29 21:00:00,214.23197937,0.08241494843833208
11662,2020-01-29 22:00:00,214.18989563,0.8861375769149671
11663,2020-01-29 23:00:00,214.196853638,0.0458983716518081
11664,2020-01-30 00:00:00,214.211257935,0.7286663331239563
11665,2020-01-30 01:00:00,214.218566895,0.3865553938589509
11666,2020-01-30 02:00:00,214.221221924,0.7163555377006401
11667,2020-01-30 03:00:00,214.223022461,0.14602384218718656
11668,2020-01-30 04:00:00,214.223464966,0.4751814172301875
11669,2020-01-30 05:00:00,214.220046997,0.7401361022340464
11670,2020-01-30 06:00:00,214.215011597,0.042550542977692896
11671,2020-01-30 07:00:00,214.218307495,0.2333364272465177
11672,2020-01-30 08:00:00,214.220779419,0.22366581754773618
11673,2020-01-30 09:00:00,214.228057861,0.01766515904527366
11674,2020-01-30 10:00:00,214.23425293,0.06904655869270027
11675,2020-01-30 11:00:00,214.239105225,0.44991690488134095
11676,2020-01-30 12:00:00,214.246948242,0.4460689999668537
11677,2020-01-30 13:00:00,214.253067017,0.5907076373275798
11678,2020-01-30 14:00:00,214.252929688,0.39403326525588034
11679,2020-01-30 15:00:00,214.245025635,0.5799991546116138
11680,2020-01-30 16:00:00,214.230529785,0.013388665598530691
11681,2020-01-30 17:00:00,214.207855225,0.4151470347267914
11682,2020-01-30 18:00:00,214.18586731,0.038333135776817295
11683,2020-01-30 19:00:00,214.163772583,0.8026385789053713
11684,2020-01-30 20:00:00,214.140960693,0.0905729753317368
11685,2020-01-30 21:00:00,214.120483398,0.763423628822913
11686,2020-01-30 22:00:00,214.104873657,0.6159669782080471
11687,2020-01-30 23:00:00,214.103622437,0.5631082256733048
11688,2020-01-31 00:00:00,214.100769043,0.2898932258571193
11689,2020-01-31 01:00:00,214.102310181,0.49378941915799646
11690,2020-01-31 02:00:00,214.106307983,0.696074511466198
11691,2020-01-31 03:00:00,214.11227417,0.9267895728456311
11692,2020-01-31 04:00:00,214.1224823,0.3084316398999537
11693,2020-01-31 05:00:00,214.131576538,0.07226526594686478
11694,2020-01-31 06:00:00,214.140396118,0.5258451529414075
11695,2020-01-31 07:00:00,214.147491455,0.32698293821411906
11696,2020-01-31 08:00:00,214.153900146,0.9771495344722623
11697,2020-01-31 09:00:00,214.15927124,0.11028506685564665
11698,2020-01-31 10:00:00,214.163955688,0.6891299449845717
11699,2020-01-31 11:00:00,214.167022705,0.18769013274806734
11700,2020-01-31 12:00:00,214.170608521,0.10618244826607037
11701,2020-01-31 13:00:00,214.173858643,0.7010759340875421
11702,2020-01-31 14:00:00,214.17678833,0.5571288758649615
11703,2020-01-31 15:00:00,214.178253174,0.2556391141142448
11704,2020-01-31 16:00:00,214.171737671,0.4002864224311642
11705,2020-01-31 17:00:00,214.147720337,0.3456826290467391
11706,2020-01-31 18:00:00,214.119140625,0.6068058940562364
11707,2020-01-31 19:00:00,214.090499878,0.09244477015165442
11708,2020-01-31 20:00:00,214.044158936,0.07309197191822003
11709,2020-01-31 21:00:00,213.988769531,0.23420994249369242
11710,2020-01-31 22:00:00,213.949020386,0.9922029977061214
11711,2020-01-31 23:00:00,213.934494019,0.07874921015550629
11712,2020-02-01 00:00:00,213.920455933,0.9056543767463558
11713,2020-02-01 01:00:00,213.908462524,0.6723025586114587
11714,2020-02-01 02:00:00,213.89465332,0.8830122475044393
11715,2020-02-01 03:00:00,213.879119873,0.8152304698709263
11716,2020-02-01 04:00:00,213.862976074,0.20723040506357226
11717,2020-02-01 05:00:00,213.842544556,0.12277182581660984
11718,2020-02-01 06:00:00,213.820800781,0.5231082962824307
11719,2020-02-01 07:00:00,213.804718018,0.22916680913675647
11720,2020-02-01 08:00:00,213.780944824,0.4213987264578456
11721,2020-02-01 09:00:00,213.760131836,0.1384612254222638
11722,2020-02-01 10:00:00,213.743087769,0.6811368388354734
11723,2020-02-01 11:00:00,213.74256897,0.2816996833644775
11724,2020-02-01 12:00:00,213.734695435,0.6195308352594587
11725,2020-02-01 13:00:00,213.722366333,0.18086156209893312
11726,2020-02-01 14:00:00,213.704193115,0.4056029545219886
11727,2020-02-01 15:00:00,213.67930603,0.7999654113927153
11728,2020-02-01 16:00:00,213.651626587,0.7289011889183538
11729,2020-02-01 17:00:00,213.594024658,0.9095878742261161
11730,2020-02-01 18:00:00,213.50062561,0.664804852130961
11731,2020-02-01 19:00:00,213.400802612,0.4076089007906083
11732,2020-02-01 20:00:00,213.294052124,0.047575132969411404
11733,2020-02-01 21:00:00,213.192184448,0.9235752501892872
11734,2020-02-01 22:00:00,213.088592529,0.20360437780962048
11735,2020-02-01 23:00:00,213.054840088,0.3608746785702902
11736,2020-02-02 00:00:00,213.047363281,0.37679963324049404
11737,2020-02-02 01:00:00,212.989746094,0.5143202283640389
11738,2020-02-02 02:00:00,212.924621582,0.7529663710605627
11739,2020-02-02 03:00:00,212.871353149,0.14913505677647831
11740,2020-02-02 04:00:00,212.835540771,0.5109848880273128
11741,2020-02-02 05:00:00,212.816574097,0.3320286659917827
11742,2020-02-02 06:00:00,212.795898438,0.05189298883368043
11743,2020-02-02 07:00:00,212.783355713,0.49829903594666125
11744,2020-02-02 08:00:00,212.776519775,0.1630743636484413
11745,2020-02-02 09:00:00,212.775695801,0.35124399252913985
11746,2020-02-02 10:00:00,212.776916504,0.2176077775962133
11747,2020-02-02 11:00:00,212.776931763,0.6424075535888919
11748,2020-02-02 12:00:00,212.775497437,0.3912101378967612
11749,2020-02-02 13:00:00,212.773178101,0.34806411224171596
11750,2020-02-02 14:00:00,212.768508911,0.15592927257424505
11751,2020-02-02 15:00:00,212.754302979,0.9944518549609311
11752,2020-02-02 16:00:00,212.72076416,0.2737005782442946
11753,2020-02-02 17:00:00,212.667678833,0.04944771321338626
11754,2020-02-02 18:00:00,212.573852539,0.21094125692700805
11755,2020-02-02 19:00:00,212.481430054,0.6193093088222061
11756,2020-02-02 20:00:00,212.391204834,0.28955333595322585
11757,2020-02-02 21:00:00,212.303405762,0.2968549836583756
11758,2020-02-02 22:00:00,212.223403931,0.18189243433729296
11759,2020-02-02 23:00:00,212.1746521,0.7452990096952973
11760,2020-02-03 00:00:00,212.128479004,0.12960366285248737
11761,2020-02-03 01:00:00,212.083648682,0.4067625648715244
11762,2020-02-03 02:00:00,212.045837402,0.15598939919162536
11763,2020-02-03 03:00:00,212.014312744,0.9040944066770759
11764,2020-02-03 04:00:00,211.989196777,0.6835719381197722
11765,2020-02-03 05:00:00,211.972213745,0.48257885090098507
11766,2020-02-03 06:00:00,211.967575073,0.736872087532143
11767,2020-02-03 07:00:00,212.075653076,0.05432627788930977
11768,2020-02-03 08:00:00,212.199707031,0.6219362850090292
11769,2020-02-03 09:00:00,212.339767456,0.05364661041728758
11770,2020-02-03 10:00:00,212.499389648,0.15621734439826773
11771,2020-02-03 11:00:00,212.661361694,0.6264661843996863
11772,2020-02-03 12:00:00,212.824005127,0.3393380609274832
11773,2020-02-03 13:00:00,212.911590576,0.7972986234050505
11774,2020-02-03 14:00:00,212.988983154,0.6250053525609254
11775,2020-02-03 15:00:00,213.01789856,0.4694472184409155
11776,2020-02-03 16:00:00,213.057296753,0.6731869968280735
11777,2020-02-03 17:00:00,213.080505371,0.44251003302867975
11778,2020-02-03 18:00:00,213.103942871,0.9824853120591368
11779,2020-02-03 19:00:00,213.124191284,0.4473919670253407
11780,2020-02-03 20:00:00,213.123580933,0.12152814453481597
11781,2020-02-03 21:00:00,213.111541748,0.5067475303162737
11782,2020-02-03 22:00:00,213.092849731,0.11020234692129671
11783,2020-02-03 23:00:00,213.094497681,0.3047527308261815
11784,2020-02-04 00:00:00,213.091674805,0.05088591308186696
11785,2020-02-04 01:00:00,213.090896606,0.3543612289768332
11786,2020-02-04 02:00:00,213.088851929,0.8628377636265107
11787,2020-02-04 03:00:00,213.087341309,0.5192663774605919
11788,2020-02-04 04:00:00,213.085037231,0.49317460339606123
11789,2020-02-04 05:00:00,213.085174561,0.4796287099897931
11790,2020-02-04 06:00:00,213.084335327,0.1304478488040286
11791,2020-02-04 07:00:00,213.082046509,0.0647885230505324
11792,2020-02-04 08:00:00,213.080001831,0.28332588844598583
11793,2020-02-04 09:00:00,213.077453613,0.6358571779400133
11794,2020-02-04 10:00:00,213.074996948,0.09699473210187914
11795,2020-02-04 11:00:00,213.073120117,0.25131142451673205
11796,2020-02-04 12:00:00,213.071853638,0.2915046049576687
11797,2020-02-04 13:00:00,213.070144653,0.9926803281107184
11798,2020-02-04 14:00:00,213.068847656,0.31351706217370323
11799,2020-02-04 15:00:00,213.065475464,0.5024921993239017
11800,2020-02-04 16:00:00,213.061065674,0.4698014421278356
11801,2020-02-04 17:00:00,213.044204712,0.7197264194480066
11802,2020-02-04 18:00:00,213.020217896,0.6220197932005725
11803,2020-02-04 19:00:00,212.993499756,0.9717128553434656
11804,2020-02-04 20:00:00,212.976318359,0.8010366037524271
11805,2020-02-04 21:00:00,212.959960938,0.6314819390755494
11806,2020-02-04 22:00:00,212.945327759,0.5772900198857108
11807,2020-02-04 23:00:00,212.946685791,0.7934206290265633
11808,2020-02-05 00:00:00,212.948532104,0.16225411971407
11809,2020-02-05 01:00:00,212.950958252,0.9972381113720663
11810,2020-02-05 02:00:00,212.95300293,0.15839189305762624
11811,2020-02-05 03:00:00,212.955322266,0.9576473655602952
11812,2020-02-05 04:00:00,212.957000732,0.7318627543157155
11813,2020-02-05 05:00:00,212.960632324,0.33068153277692935
11814,2020-02-05 06:00:00,212.96295166,0.19472406726076585
11815,2020-02-05 07:00:00,212.966506958,0.4263716130734242
11816,2020-02-05 08:00:00,212.968658447,0.08861930692906317
11817,2020-02-05 09:00:00,212.967834473,0.5962765448146381
11818,2020-02-05 10:00:00,212.965164185,0.6489607387470594
11819,2020-02-05 11:00:00,212.961837769,0.7362743112609482
11820,2020-02-05 12:00:00,212.955856323,0.2937117765910757
11821,2020-02-05 13:00:00,213.072128296,0.3455921363218961
11822,2020-02-05 14:00:00,213.195281982,0.7680076208635246
11823,2020-02-05 15:00:00,213.32220459,0.7069490461545919
11824,2020-02-05 16:00:00,213.466140747,0.7885141186906959
11825,2020-02-05 17:00:00,213.646484375,0.25770305911038005
11826,2020-02-05 18:00:00,213.812210083,0.7691236734587473
11827,2020-02-05 19:00:00,213.943237305,0.49821689256639035
11828,2020-02-05 20:00:00,214.07749939,0.6700275806314318
11829,2020-02-05 21:00:00,214.192489624,0.21741859497832594
11830,2020-02-05 22:00:00,214.279205322,0.7856383584375809
11831,2020-02-05 23:00:00,214.377502441,0.14214994926507474
11832,2020-02-06 00:00:00,214.445724487,0.15261885194165292
11833,2020-02-06 01:00:00,214.513565063,0.33500943248169457
11834,2020-02-06 02:00:00,214.580612183,0.1581089111251256
11835,2020-02-06 03:00:00,214.653533936,0.6901155574765919
11836,2020-02-06 04:00:00,214.733032227,0.2609903275893368
11837,2020-02-06 05:00:00,214.814300537,0.35867523507575694
11838,2020-02-06 06:00:00,214.899978638,0.8207445403803535
11839,2020-02-06 07:00:00,215.060668945,0.12128760780325931
11840,2020-02-06 08:00:00,215.23348999,0.7498685528535565
11841,2020-02-06 09:00:00,215.397155762,0.5623757316011254
11842,2020-02-06 10:00:00,215.567855835,0.9417609706877261
11843,2020-02-06 11:00:00,215.736450195,0.638475499441629
11844,2020-02-06 12:00:00,215.908172607,0.8587701442306774
11845,2020-02-06 13:00:00,216.341461182,0.025632096083320066
11846,2020-02-06 14:00:00,216.826538086,0.836984319817931
11847,2020-02-06 15:00:00,217.339157104,0.11422694282096169
11848,2020-02-06 16:00:00,217.891616821,0.9358646971404639
11849,2020-02-06 17:00:00,218.477828979,0.7367130419282236
11850,2020-02-06 18:00:00,219.127914429,0.05485425296587354
11851,2020-02-06 19:00:00,219.805953979,0.5231744291669657
11852,2020-02-06 20:00:00,220.53414917,0.8142417742894098
11853,2020-02-06 21:00:00,221.255065918,0.7557951692087245
11854,2020-02-06 22:00:00,221.923080444,0.2044474749652857
11855,2020-02-06 23:00:00,222.553924561,0.1951847041290269
11856,2020-02-07 00:00:00,223.088470459,0.36335636244121805
11857,2020-02-07 01:00:00,223.490783691,0.8279704831928135
11858,2020-02-07 02:00:00,223.893600464,0.7702013362751431
11859,2020-02-07 03:00:00,224.27507019,0.8973648647821507
11860,2020-02-07 04:00:00,224.669631958,0.6593308474913521
11861,2020-02-07 05:00:00,225.053634644,0.017453931863934846
11862,2020-02-07 06:00:00,225.438919067,0.255692076553372
11863,2020-02-07 07:00:00,225.969116211,0.8082399759150704
11864,2020-02-07 08:00:00,226.506439209,0.9149688138197057
11865,2020-02-07 09:00:00,227.08253479,0.8531596694767599
11866,2020-02-07 10:00:00,227.662979126,0.9729544978569928
11867,2020-02-07 11:00:00,228.233016968,0.9101878577472033
11868,2020-02-07 12:00:00,228.829193115,0.8423870299407343
11869,2020-02-07 13:00:00,229.314727783,0.6483363497929402
11870,2020-02-07 14:00:00,229.794525146,0.0752581677513201
11871,2020-02-07 15:00:00,230.217575073,0.7704737619720421
11872,2020-02-07 16:00:00,230.657363892,0.9444037685413975
11873,2020-02-07 17:00:00,231.072052002,0.128713471551418
11874,2020-02-07 18:00:00,231.498687744,0.9011887457379409
11875,2020-02-07 19:00:00,231.783966064,0.5494253448039612
11876,2020-02-07 20:00:00,232.053451538,0.757042612419579
11877,2020-02-07 21:00:00,232.273376465,0.49059705819397326
11878,2020-02-07 22:00:00,232.466995239,0.8482265801685486
11879,2020-02-07 23:00:00,232.625564575,0.2646672428900668
11880,2020-02-08 00:00:00,232.733642578,0.9502369461684531
11881,2020-02-08 01:00:00,232.768371582,0.2348559037881377
11882,2020-02-08 02:00:00,232.800079346,0.2075953683406352
11883,2020-02-08 03:00:00,232.830474854,0.9424164779417629
11884,2020-02-08 04:00:00,232.859176636,0.37533753737502407
11885,2020-02-08 05:00:00,232.884124756,0.2030194141727203
11886,2020-02-08 06:00:00,232.903198242,0.13741757454621217
11887,2020-02-08 07:00:00,232.921829224,0.33381796915743533
11888,2020-02-08 08:00:00,232.939086914,0.27595086180034945
11889,2020-02-08 09:00:00,232.956253052,0.37482341161963484
11890,2020-02-08 10:00:00,232.972122192,0.5935577306348719
11891,2020-02-08 11:00:00,232.987915039,0.10356595585989692
11892,2020-02-08 12:00:00,233.001098633,0.5689962134164298
11893,2020-02-08 13:00:00,233.019866943,0.937148326042812
11894,2020-02-08 14:00:00,233.036727905,0.07273194623689827
11895,2020-02-08 15:00:00,233.043243408,0.09154675202083307
11896,2020-02-08 16:00:00,233.037368774,0.3447175474042774
11897,2020-02-08 17:00:00,233.006988525,0.6361309291722818
11898,2020-02-08 18:00:00,232.981231689,0.9348440729038794
11899,2020-02-08 19:00:00,232.93522644,0.6133122007031091
11900,2020-02-08 20:00:00,232.872955322,0.06496831139592651
11901,2020-02-08 21:00:00,232.832397461,0.1913776929953973
11902,2020-02-08 22:00:00,232.8019104,0.8737652530351284
11903,2020-02-08 23:00:00,232.797836304,0.5152513998112315
11904,2020-02-09 00:00:00,232.789794922,0.9281830631630446
11905,2020-02-09 01:00:00,232.792388916,0.5456644001857367
11906,2020-02-09 02:00:00,232.792572021,0.8445138439349453
11907,2020-02-09 03:00:00,232.805633545,0.7039921310236017
11908,2020-02-09 04:00:00,232.817749023,0.26372809986972834
11909,2020-02-09 05:00:00,232.830169678,0.5585026862357095
11910,2020-02-09 06:00:00,232.841674805,0.7372937823525021
11911,2020-02-09 07:00:00,232.853271484,0.6521276922106709
11912,2020-02-09 08:00:00,232.864593506,0.22730939009051332
11913,2020-02-09 09:00:00,232.875320435,0.6205841315284463
11914,2020-02-09 10:00:00,232.8855896,0.4188635792691233
11915,2020-02-09 11:00:00,232.898223877,0.7986038809640806
11916,2020-02-09 12:00:00,232.909835815,0.15821805256103894
11917,2020-02-09 13:00:00,232.92024231,0.2372243577358648
11918,2020-02-09 14:00:00,232.928726196,0.21062794187893408
11919,2020-02-09 15:00:00,232.933532715,0.8166423748509725
11920,2020-02-09 16:00:00,232.929199219,0.9364938979098689
11921,2020-02-09 17:00:00,232.908325195,0.23839424302959655
11922,2020-02-09 18:00:00,232.86114502,0.8231720281008404
11923,2020-02-09 19:00:00,232.792938232,0.2696462585992613
11924,2020-02-09 20:00:00,232.749450684,0.2115891410910583
11925,2020-02-09 21:00:00,232.68762207,0.9276368821859197
11926,2020-02-09 22:00:00,232.677703857,0.3278324072880632
11927,2020-02-09 23:00:00,232.687957764,0.9484425439995215
11928,2020-02-10 00:00:00,232.698883057,0.926446775786575
11929,2020-02-10 01:00:00,232.712768555,0.43900403942165
11930,2020-02-10 02:00:00,232.726028442,0.7823255516254477
11931,2020-02-10 03:00:00,232.740753174,0.6331889548348594
11932,2020-02-10 04:00:00,232.754486084,0.03130329314421776
11933,2020-02-10 05:00:00,232.768539429,0.49610500898521137
11934,2020-02-10 06:00:00,232.784133911,0.21316897446071237
11935,2020-02-10 07:00:00,232.79788208,0.9562794281332787
11936,2020-02-10 08:00:00,232.811920166,0.9024403215079824
11937,2020-02-10 09:00:00,232.824951172,0.7513155393834844
11938,2020-02-10 10:00:00,232.836700439,0.8515937319821216
11939,2020-02-10 11:00:00,232.848602295,0.6514643794040841
11940,2020-02-10 12:00:00,232.857070923,0.2608120131196643
11941,2020-02-10 13:00:00,232.86491394,0.8840993879820616
11942,2020-02-10 14:00:00,232.872695923,0.35923726664647226
11943,2020-02-10 15:00:00,232.876480103,0.507084296721803
11944,2020-02-10 16:00:00,232.874221802,0.3482624688116326
11945,2020-02-10 17:00:00,232.852340698,0.44361827529067255
11946,2020-02-10 18:00:00,232.821487427,0.632488843303203
11947,2020-02-10 19:00:00,232.783355713,0.26982288411353206
11948,2020-02-10 20:00:00,232.74118042,0.2240608615975046
11949,2020-02-10 21:00:00,232.70489502,0.8277267574955112
11950,2020-02-10 22:00:00,232.676193237,0.8188743107612435
11951,2020-02-10 23:00:00,232.684036255,0.08205432243679567
11952,2020-02-11 00:00:00,232.692962646,0.9879784715386652
11953,2020-02-11 01:00:00,232.705551147,0.39809633462856775
11954,2020-02-11 02:00:00,232.718673706,0.7886270471619129
11955,2020-02-11 03:00:00,232.732666016,0.913431324344757
11956,2020-02-11 04:00:00,232.74822998,0.5401909312326746
11957,2020-02-11 05:00:00,232.761398315,0.4920844174545982
11958,2020-02-11 06:00:00,232.771896362,0.8846864734448411
11959,2020-02-11 07:00:00,232.777130127,0.36011336091297763
11960,2020-02-11 08:00:00,232.784545898,0.9155154272709296
11961,2020-02-11 09:00:00,232.791763306,0.9752335808460818
11962,2020-02-11 10:00:00,232.798919678,0.7095702046734458
11963,2020-02-11 11:00:00,232.805160522,0.7622777045527154
11964,2020-02-11 12:00:00,232.811706543,0.23988138122667435
11965,2020-02-11 13:00:00,232.81791687,0.8893343822644942
11966,2020-02-11 14:00:00,232.826019287,0.937609599610327
11967,2020-02-11 15:00:00,232.828796387,0.7906770481684463
11968,2020-02-11 16:00:00,232.825653076,0.8805458307314014
11969,2020-02-11 17:00:00,232.801269531,0.2248581547179237
11970,2020-02-11 18:00:00,232.752563477,0.4467783307553951
11971,2020-02-11 19:00:00,232.682403564,0.41516177812418587
11972,2020-02-11 20:00:00,232.598693848,0.31165640528311556
11973,2020-02-11 21:00:00,232.525238037,0.4063501395288077
11974,2020-02-11 22:00:00,232.487915039,0.8053482223409523
11975,2020-02-11 23:00:00,232.498352051,0.06783223291781815
11976,2020-02-12 00:00:00,232.51008606,0.3975902625895643
11977,2020-02-12 01:00:00,232.520446777,0.06500404216229483
11978,2020-02-12 02:00:00,232.53314209,0.8658120644760873
11979,2020-02-12 03:00:00,232.545120239,0.12346179796062628
11980,2020-02-12 04:00:00,232.555099487,0.6170987864030822
11981,2020-02-12 05:00:00,232.562713623,0.24941986881177258
11982,2020-02-12 06:00:00,232.569488525,0.4239860703116659
11983,2020-02-12 07:00:00,232.569396973,0.521633154293193
11984,2020-02-12 08:00:00,232.573150635,0.734596894366336
11985,2020-02-12 09:00:00,232.576599121,0.8490783846881905
11986,2020-02-12 10:00:00,232.574584961,0.12629464982262184
11987,2020-02-12 11:00:00,232.571807861,0.4336371810518076
11988,2020-02-12 12:00:00,232.576858521,0.3611204587805674
11989,2020-02-12 13:00:00,232.578186035,0.4261884647825289
11990,2020-02-12 14:00:00,232.581924438,0.980125414128286
11991,2020-02-12 15:00:00,232.578918457,0.8574035362638562
11992,2020-02-12 16:00:00,232.571578979,0.13666957546311442
11993,2020-02-12 17:00:00,232.564559937,0.7522401384762696
11994,2020-02-12 18:00:00,232.55065918,0.18641906983793644
11995,2020-02-12 19:00:00,232.530853271,0.29817178357829965
11996,2020-02-12 20:00:00,232.510467529,0.6625247393085907
11997,2020-02-12 21:00:00,232.492630005,0.7462985920009357
11998,2020-02-12 22:00:00,232.476104736,0.9440137700664532
11999,2020-02-12 23:00:00,232.479644775,0.09123292096822533
12000,2020-02-13 00:00:00,232.482711792,0.7736945663899158
12001,2020-02-13 01:00:00,232.484405518,0.7978551839981309
12002,2020-02-13 02:00:00,232.487640381,0.9415128586395114
12003,2020-02-13 03:00:00,232.492340088,0.568912615654683
12004,2020-02-13 04:00:00,232.497070312,0.5877293296449644
12005,2020-02-13 05:00:00,232.501480103,0.7844831164630273
12006,2020-02-13 06:00:00,232.504837036,0.6558794526303223
12007,2020-02-13 07:00:00,232.509399414,0.16611424801811892
12008,2020-02-13 08:00:00,232.516479492,0.28310584642475023
12009,2020-02-13 09:00:00,232.52281189,0.6012455303023995
12010,2020-02-13 10:00:00,232.528656006,0.7761607290291513
12011,2020-02-13 11:00:00,232.533676147,0.04372654791178865
12012,2020-02-13 12:00:00,232.539245605,0.4519682397291217
12013,2020-02-13 13:00:00,232.547485352,0.2565685872146086
12014,2020-02-13 14:00:00,232.554199219,0.6924238902668981
12015,2020-02-13 15:00:00,232.556030273,0.25371843936677174
12016,2020-02-13 16:00:00,232.55418396,0.8233897596360529
12017,2020-02-13 17:00:00,232.546051025,0.9813242413964538
12018,2020-02-13 18:00:00,232.531982422,0.01817727747260245
12019,2020-02-13 19:00:00,232.518630981,0.8798534549402287
12020,2020-02-13 20:00:00,232.496459961,0.4795896376919666
12021,2020-02-13 21:00:00,233.634658813,0.6726055183300316
12022,2020-02-13 22:00:00,233.954956055,0.05606334603737784
12023,2020-02-13 23:00:00,234.105072021,0.597666968280148
12024,2020-02-14 00:00:00,234.136032104,0.3353972957160306
12025,2020-02-14 01:00:00,234.153442383,0.28679950311984403
12026,2020-02-14 02:00:00,234.171127319,0.7369715825353111
12027,2020-02-14 03:00:00,234.188552856,0.6600834723791436
12028,2020-02-14 04:00:00,234.204177856,0.002493283670643165
12029,2020-02-14 05:00:00,234.21987915,0.5356022576249224
12030,2020-02-14 06:00:00,234.23828125,0.7854738057115511
12031,2020-02-14 07:00:00,234.258621216,0.5577588402329997
12032,2020-02-14 08:00:00,234.278396606,0.007214810559277085
12033,2020-02-14 09:00:00,234.293426514,0.4709964652498023
12034,2020-02-14 10:00:00,234.306182861,0.9484185319823568
12035,2020-02-14 11:00:00,234.321228027,0.5430533846332324
12036,2020-02-14 12:00:00,234.338562012,0.7440322300526612
12037,2020-02-14 13:00:00,234.353546143,0.7333162490125313
12038,2020-02-14 14:00:00,234.367584229,0.5777173804734322
12039,2020-02-14 15:00:00,234.374145508,0.03007422324078668
12040,2020-02-14 16:00:00,234.372177124,0.5661588109022047
12041,2020-02-14 17:00:00,234.341094971,0.730316633330948
12042,2020-02-14 18:00:00,234.292724609,0.2391802667326519
12043,2020-02-14 19:00:00,234.213562012,0.27767747077244775
12044,2020-02-14 20:00:00,234.130264282,0.5758456989175301
12045,2020-02-14 21:00:00,234.061325073,0.21146816018727488
12046,2020-02-14 22:00:00,234.004440308,0.1228821371666059
12047,2020-02-14 23:00:00,233.990814209,0.3015762946655308
12048,2020-02-15 00:00:00,233.976318359,0.8524602256750367
12049,2020-02-15 01:00:00,233.962188721,0.38426580407147226
12050,2020-02-15 02:00:00,233.949584961,0.10943201893135246
12051,2020-02-15 03:00:00,233.950012207,0.9095153140664608
12052,2020-02-15 04:00:00,233.96270752,0.6178924236954886
12053,2020-02-15 05:00:00,233.971618652,0.5875247107314678
12054,2020-02-15 06:00:00,233.980834961,0.3167863920150005
12055,2020-02-15 07:00:00,233.989807129,0.8833651538225248
12056,2020-02-15 08:00:00,233.999069214,0.9112407281273661
12057,2020-02-15 09:00:00,234.007598877,0.11703638458532073
12058,2020-02-15 10:00:00,234.015350342,0.22505507253912216
12059,2020-02-15 11:00:00,234.023605347,0.8870437554152802
12060,2020-02-15 12:00:00,234.032363892,0.1853713036703608
12061,2020-02-15 13:00:00,234.038986206,0.7275506518532608
12062,2020-02-15 14:00:00,234.047973633,0.3707438240427322
12063,2020-02-15 15:00:00,234.051147461,0.8764584248922535
12064,2020-02-15 16:00:00,234.045135498,0.9975390744593469
12065,2020-02-15 17:00:00,234.027526855,0.7450155374321861
12066,2020-02-15 18:00:00,233.988967896,0.8955713461353217
12067,2020-02-15 19:00:00,233.9972229,0.5280632651020208
12068,2020-02-15 20:00:00,234.00604248,0.7973657376559379
12069,2020-02-15 21:00:00,233.993835449,0.37222143985068157
12070,2020-02-15 22:00:00,234.019378662,0.6089055863000845
12071,2020-02-15 23:00:00,234.091049194,0.5879239543494432
12072,2020-02-16 00:00:00,234.11869812,0.2023209872005748
12073,2020-02-16 01:00:00,234.117095947,0.8453788622293062
12074,2020-02-16 02:00:00,234.11857605,0.30860986186033523
12075,2020-02-16 03:00:00,234.123184204,0.7757603970491779
12076,2020-02-16 04:00:00,234.129180908,0.2850575967661567
12077,2020-02-16 05:00:00,234.139221191,0.41166416360802904
12078,2020-02-16 06:00:00,234.148742676,0.207387605484458
12079,2020-02-16 07:00:00,234.211761475,0.056065957389084264
12080,2020-02-16 08:00:00,234.275695801,0.08123842951254523
12081,2020-02-16 09:00:00,234.338760376,0.7190961684422176
12082,2020-02-16 10:00:00,234.406768799,0.45964068000108926
12083,2020-02-16 11:00:00,234.473907471,0.18179396408928694
12084,2020-02-16 12:00:00,234.613677979,0.5540923489454732
12085,2020-02-16 13:00:00,234.880554199,0.7115812265977998
12086,2020-02-16 14:00:00,235.141433716,0.922366670918802
12087,2020-02-16 15:00:00,235.283966064,0.6116286166366828
12088,2020-02-16 16:00:00,235.412734985,0.7286407785264387
12089,2020-02-16 17:00:00,235.539489746,0.9533474069300685
12090,2020-02-16 18:00:00,235.736297607,0.2072179309653398
12091,2020-02-16 19:00:00,235.948577881,0.4669563338017201
12092,2020-02-16 20:00:00,236.215026855,0.5800150890828335
12093,2020-02-16 21:00:00,236.431945801,0.9172257681602047
12094,2020-02-16 22:00:00,236.631546021,0.30399478196826846
12095,2020-02-16 23:00:00,236.847412109,0.09709026800670117
12096,2020-02-17 00:00:00,236.978927612,0.7153804620859952
12097,2020-02-17 01:00:00,237.272857666,0.009483939019232945
12098,2020-02-17 02:00:00,237.58480835,0.25992613344281235
12099,2020-02-17 03:00:00,237.902069092,0.4575120427493754
12100,2020-02-17 04:00:00,238.297348022,0.03626040003945297
12101,2020-02-17 05:00:00,238.706787109,0.8756661311027177
12102,2020-02-17 06:00:00,239.132293701,0.29749535284590856
12103,2020-02-17 07:00:00,239.380691528,0.6793399403487458
12104,2020-02-17 08:00:00,239.613754272,0.5956676834324206
12105,2020-02-17 09:00:00,239.851226807,0.10095588689816615
12106,2020-02-17 10:00:00,240.104171753,0.39824168245410374
12107,2020-02-17 11:00:00,240.354827881,0.06307636257278626
12108,2020-02-17 12:00:00,240.587310791,0.7266926120266348
12109,2020-02-17 13:00:00,240.705718994,0.7862669401380151
12110,2020-02-17 14:00:00,240.795471191,0.12254642050651843
12111,2020-02-17 15:00:00,240.864517212,0.958743386345824
12112,2020-02-17 16:00:00,240.919082642,0.040465580863299766
12113,2020-02-17 17:00:00,240.976425171,0.5799031092033338
12114,2020-02-17 18:00:00,241.064239502,0.17010907403859632
12115,2020-02-17 19:00:00,241.160232544,0.4439729731513845
12116,2020-02-17 20:00:00,241.209075928,0.6956563445323884
12117,2020-02-17 21:00:00,241.221099854,0.5951147573356064
12118,2020-02-17 22:00:00,241.20715332,0.863174190126954
12119,2020-02-17 23:00:00,241.218734741,0.6353715819490372
12120,2020-02-18 00:00:00,241.228729248,0.08926599329948559
12121,2020-02-18 01:00:00,241.233856201,0.6958523385814964
12122,2020-02-18 02:00:00,241.248062134,0.7270024099223734
12123,2020-02-18 03:00:00,241.264343262,0.7060792483780844
12124,2020-02-18 04:00:00,241.276580811,0.6314138505472702
12125,2020-02-18 05:00:00,241.287902832,0.14992013122378223
12126,2020-02-18 06:00:00,241.296875,0.25858594842118954
12127,2020-02-18 07:00:00,241.305770874,0.36437744112521464
12128,2020-02-18 08:00:00,241.31388855,0.8069459167173013
12129,2020-02-18 09:00:00,241.321746826,0.33259338051502607
12130,2020-02-18 10:00:00,241.328704834,0.2670846758412827
12131,2020-02-18 11:00:00,241.339981079,0.8665524612974287
12132,2020-02-18 12:00:00,241.350448608,0.9297978349506051
12133,2020-02-18 13:00:00,241.359069824,0.986555721862752
12134,2020-02-18 14:00:00,241.365615845,0.46299062365958354
12135,2020-02-18 15:00:00,241.367095947,0.5593500431078477
12136,2020-02-18 16:00:00,241.361022949,0.9409478657246727
12137,2020-02-18 17:00:00,241.331451416,0.9588543782368238
12138,2020-02-18 18:00:00,241.28024292,0.24458730620534352
12139,2020-02-18 19:00:00,241.192993164,0.11322995605448738
12140,2020-02-18 20:00:00,241.121322632,0.75238896859137
12141,2020-02-18 21:00:00,241.074462891,0.13897535636582536
12142,2020-02-18 22:00:00,241.026947021,0.47660522736549293
12143,2020-02-18 23:00:00,241.034164429,0.05165730455880946
12144,2020-02-19 00:00:00,241.036102295,0.6452992195049899
12145,2020-02-19 01:00:00,241.038665771,0.6014195011030791
12146,2020-02-19 02:00:00,241.039672852,0.5129061343976526
12147,2020-02-19 03:00:00,241.041549683,0.8055811084419707
12148,2020-02-19 04:00:00,241.042999268,0.971260068144948
12149,2020-02-19 05:00:00,241.044708252,0.6416654021524051
12150,2020-02-19 06:00:00,241.049743652,0.04077845658930146
12151,2020-02-19 07:00:00,241.056137085,0.7728578606404889
12152,2020-02-19 08:00:00,241.063201904,0.8474373290401751
12153,2020-02-19 09:00:00,241.069274902,0.6312123762000041
12154,2020-02-19 10:00:00,241.07522583,0.8964828609875749
12155,2020-02-19 11:00:00,241.084411621,0.04731610027820188
12156,2020-02-19 12:00:00,241.09161377,0.08126289756237381
12157,2020-02-19 13:00:00,241.097747803,0.90038054051198
12158,2020-02-19 14:00:00,241.105392456,0.6728853933555694
12159,2020-02-19 15:00:00,241.103851318,0.4521248102460077
12160,2020-02-19 16:00:00,241.094223022,0.013137466757409233
12161,2020-02-19 17:00:00,241.07635498,0.8418773376561831
12162,2020-02-19 18:00:00,241.043762207,0.6870252158273686
12163,2020-02-19 19:00:00,241.00869751,0.2182343088326658
12164,2020-02-19 20:00:00,240.975387573,0.9876536882359501
12165,2020-02-19 21:00:00,240.935638428,0.7616752224550182
12166,2020-02-19 22:00:00,240.89881897,0.21159104320503175
12167,2020-02-19 23:00:00,240.905563354,0.8139719196609736
12168,2020-02-20 00:00:00,240.911193848,0.02396154530704586
12169,2020-02-20 01:00:00,240.915130615,0.07725408719833149
12170,2020-02-20 02:00:00,240.91947937,0.4235713854743218
12171,2020-02-20 03:00:00,240.92678833,0.744511071034357
12172,2020-02-20 04:00:00,240.937011719,0.4101252429784189
12173,2020-02-20 05:00:00,240.947143555,0.32050147496276904
12174,2020-02-20 06:00:00,240.956359863,0.6589522767263699
12175,2020-02-20 07:00:00,240.965820312,0.7438333536210899
12176,2020-02-20 08:00:00,240.972625732,0.12645053535161166
12177,2020-02-20 09:00:00,240.977203369,0.336225792869403
12178,2020-02-20 10:00:00,240.980041504,0.3516870366272864
12179,2020-02-20 11:00:00,240.971817017,0.4979863737471205
12180,2020-02-20 12:00:00,240.958450317,0.7798475963713881
12181,2020-02-20 13:00:00,240.937240601,0.36034840059496076
12182,2020-02-20 14:00:00,240.916366577,0.7862741621872307
12183,2020-02-20 15:00:00,240.895355225,0.663196594159196
12184,2020-02-20 16:00:00,240.881027222,0.35395526302076896
12185,2020-02-20 17:00:00,240.843032837,0.7645798814891017
12186,2020-02-20 18:00:00,240.763214111,0.9547806721489205
12187,2020-02-20 19:00:00,240.65814209,0.6085719266708995
12188,2020-02-20 20:00:00,240.543930054,0.814455796785371
12189,2020-02-20 21:00:00,240.443771362,0.7049225798569769
12190,2020-02-20 22:00:00,240.360870361,0.01931414929425268
12191,2020-02-20 23:00:00,240.369262695,0.986651761906394
12192,2020-02-21 00:00:00,240.376251221,0.681861796988749
12193,2020-02-21 01:00:00,240.383224487,0.8058127794478395
12194,2020-02-21 02:00:00,240.388793945,0.0335692520555263
12195,2020-02-21 03:00:00,240.395233154,0.33902779709795394
12196,2020-02-21 04:00:00,240.401168823,0.7252082253102626
12197,2020-02-21 05:00:00,240.403457642,0.8300232150976649
12198,2020-02-21 06:00:00,240.405349731,0.04830467622012702
12199,2020-02-21 07:00:00,240.407745361,0.738701208864384
12200,2020-02-21 08:00:00,240.410675049,0.8609076931489272
12201,2020-02-21 09:00:00,240.413360596,0.6929966080745276
12202,2020-02-21 10:00:00,240.417495728,0.9985570475014599
12203,2020-02-21 11:00:00,240.423065186,0.38976375941079133
12204,2020-02-21 12:00:00,240.427886963,0.9463516866091046
12205,2020-02-21 13:00:00,240.432785034,0.8852693196690881
12206,2020-02-21 14:00:00,240.439208984,0.8193113879051824
12207,2020-02-21 15:00:00,240.44052124,0.10219675016251306
12208,2020-02-21 16:00:00,240.431243896,0.7274110437890935
12209,2020-02-21 17:00:00,240.397369385,0.4891101543026387
12210,2020-02-21 18:00:00,240.327682495,0.9766108524029568
12211,2020-02-21 19:00:00,240.233383179,0.38610620078245717
12212,2020-02-21 20:00:00,240.135955811,0.21904763718459586
12213,2020-02-21 21:00:00,240.069656372,0.7528717954472454
12214,2020-02-21 22:00:00,239.994934082,0.6765866922593599
12215,2020-02-21 23:00:00,239.999481201,0.6402979478301548
12216,2020-02-22 00:00:00,239.999694824,0.8734352830158325
12217,2020-02-22 01:00:00,240.001876831,0.8830649899956751
12218,2020-02-22 02:00:00,240.005020142,0.5355220099711735
12219,2020-02-22 03:00:00,240.012237549,0.08966883095561695
12220,2020-02-22 04:00:00,240.021362305,0.8922496827065748
12221,2020-02-22 05:00:00,240.030960083,0.3936905543604592
12222,2020-02-22 06:00:00,240.041595459,0.30699083600190225
12223,2020-02-22 07:00:00,240.052398682,0.4044244447556362
12224,2020-02-22 08:00:00,240.065612793,0.8348872600576982
12225,2020-02-22 09:00:00,240.078094482,0.21477396415756123
12226,2020-02-22 10:00:00,240.093170166,0.9389855182511369
12227,2020-02-22 11:00:00,240.106109619,0.4644482259460633
12228,2020-02-22 12:00:00,240.114364624,0.07957842789904968
12229,2020-02-22 13:00:00,240.121871948,0.2389153061099133
12230,2020-02-22 14:00:00,240.129470825,0.2772750229397205
12231,2020-02-22 15:00:00,240.13243103,0.9058254485448066
12232,2020-02-22 16:00:00,240.127304077,0.47614687870383976
12233,2020-02-22 17:00:00,240.094924927,0.8159757454148704
12234,2020-02-22 18:00:00,240.025787354,0.9354387891636957
12235,2020-02-22 19:00:00,239.938156128,0.5669486022378407
12236,2020-02-22 20:00:00,239.839004517,0.6115499174340012
12237,2020-02-22 21:00:00,239.747665405,0.7417158768472104
12238,2020-02-22 22:00:00,239.680435181,0.10911985447236827
12239,2020-02-22 23:00:00,239.678497314,0.33623781695139976
12240,2020-02-23 00:00:00,239.682922363,0.6941064987619073
12241,2020-02-23 01:00:00,239.948654175,0.9252514836640806
12242,2020-02-23 02:00:00,240.250823975,0.10944511050310601
12243,2020-02-23 03:00:00,240.583007812,0.9898640430860626
12244,2020-02-23 04:00:00,240.930480957,0.037002442701517424
12245,2020-02-23 05:00:00,241.275482178,0.0568537485030679
12246,2020-02-23 06:00:00,241.651580811,0.36761013307014256
12247,2020-02-23 07:00:00,241.875335693,0.7729948805840591
12248,2020-02-23 08:00:00,242.142074585,0.9545886731366519
12249,2020-02-23 09:00:00,242.403198242,0.8116404283562861
12250,2020-02-23 10:00:00,242.578430176,0.940392503946444
12251,2020-02-23 11:00:00,242.753097534,0.07164259231459158
12252,2020-02-23 12:00:00,242.93951416,0.5630928965597969
12253,2020-02-23 13:00:00,243.067428589,0.4029046957435518
12254,2020-02-23 14:00:00,243.207000732,0.3101911341318626
12255,2020-02-23 15:00:00,243.311660767,0.462302124055996
12256,2020-02-23 16:00:00,243.428100586,0.943507808622771
12257,2020-02-23 17:00:00,243.539230347,0.438607614903766
12258,2020-02-23 18:00:00,243.661102295,0.3076442922833458
12259,2020-02-23 19:00:00,243.840621948,0.06638920801830317
12260,2020-02-23 20:00:00,243.991455078,0.08602764699419241
12261,2020-02-23 21:00:00,244.114639282,0.7296227345076266
12262,2020-02-23 22:00:00,244.164474487,0.17895834611215522
12263,2020-02-23 23:00:00,244.202545166,0.42652501914916574
12264,2020-02-24 00:00:00,244.217788696,0.15484379057324227
12265,2020-02-24 01:00:00,244.234603882,0.6720565816650627
12266,2020-02-24 02:00:00,244.253326416,0.8844033841732405
12267,2020-02-24 03:00:00,244.272705078,0.09137087718254677
12268,2020-02-24 04:00:00,244.286422729,0.6606685544420643
12269,2020-02-24 05:00:00,244.293579102,0.2684677318006976
12270,2020-02-24 06:00:00,244.296295166,0.06356370263056588
12271,2020-02-24 07:00:00,244.306274414,0.16774181565669188
12272,2020-02-24 08:00:00,244.315353394,0.6676633536001106
12273,2020-02-24 09:00:00,244.32359314,0.14610609822232656
12274,2020-02-24 10:00:00,244.332794189,0.8792881563261133
12275,2020-02-24 11:00:00,244.341674805,0.17628619756176656
12276,2020-02-24 12:00:00,244.350952148,0.837532139106319
12277,2020-02-24 13:00:00,244.585235596,0.6147436342351611
12278,2020-02-24 14:00:00,244.850112915,0.03676322331588433
12279,2020-02-24 15:00:00,244.91960144,0.18832802193766607
12280,2020-02-24 16:00:00,244.968338013,0.3436553546807851
12281,2020-02-24 17:00:00,245.018173218,0.33582661243660583
12282,2020-02-24 18:00:00,245.058380127,0.433880677599073
12283,2020-02-24 19:00:00,245.084381104,0.8166685479288823
12284,2020-02-24 20:00:00,245.086929321,0.5177709239989166
12285,2020-02-24 21:00:00,245.077606201,0.14395190766080357
12286,2020-02-24 22:00:00,245.060943604,0.15136487701024604
12287,2020-02-24 23:00:00,245.057266235,0.577605211844774
12288,2020-02-25 00:00:00,245.057403564,0.24843933482102387
12289,2020-02-25 01:00:00,245.056121826,0.10241820309242566
12290,2020-02-25 02:00:00,245.056915283,0.49159800622016436
12291,2020-02-25 03:00:00,245.058929443,0.25338872595900264
12292,2020-02-25 04:00:00,245.060119629,0.0672050588566675
12293,2020-02-25 05:00:00,245.063232422,0.0200266892516332
12294,2020-02-25 06:00:00,245.065963745,0.981567454779719
12295,2020-02-25 07:00:00,245.067840576,0.6989655317457423
12296,2020-02-25 08:00:00,245.070571899,0.08199009336333929
12297,2020-02-25 09:00:00,245.070541382,0.3943643376169901
12298,2020-02-25 10:00:00,245.067596436,0.7364697198371098
12299,2020-02-25 11:00:00,245.065093994,0.2989455364144533
12300,2020-02-25 12:00:00,245.063110352,0.33571855948068774
12301,2020-02-25 13:00:00,245.062866211,0.1586765945527021
12302,2020-02-25 14:00:00,245.061752319,0.11234966497030074
12303,2020-02-25 15:00:00,245.058288574,0.7511018968854948
12304,2020-02-25 16:00:00,245.052337646,0.970115310104664
12305,2020-02-25 17:00:00,245.04246521,0.8891061662271831
12306,2020-02-25 18:00:00,245.028274536,0.7525144402920096
12307,2020-02-25 19:00:00,245.001037598,0.9886819814777774
12308,2020-02-25 20:00:00,244.976226807,0.42754572488987364
12309,2020-02-25 21:00:00,244.950759888,0.24461444838285684
12310,2020-02-25 22:00:00,244.929000854,0.5204133446744318
12311,2020-02-25 23:00:00,244.929794312,0.7559268504469818
12312,2020-02-26 00:00:00,244.931350708,0.06586675205770076
12313,2020-02-26 01:00:00,244.931625366,0.12137509186024509
12314,2020-02-26 02:00:00,244.930709839,0.6618253322968165
12315,2020-02-26 03:00:00,244.930130005,0.1651850136561147
12316,2020-02-26 04:00:00,244.927047729,0.5024755397793468
12317,2020-02-26 05:00:00,244.921798706,0.9133663555547913
12318,2020-02-26 06:00:00,244.914367676,0.17660005149503033
12319,2020-02-26 07:00:00,244.90473938,0.7937180538949598
12320,2020-02-26 08:00:00,244.895141602,0.9428247031572898
12321,2020-02-26 09:00:00,244.881332397,0.6430552473187926
12322,2020-02-26 10:00:00,244.866348267,0.697128891008656
12323,2020-02-26 11:00:00,244.849807739,0.3171041623000793
12324,2020-02-26 12:00:00,244.834014893,0.6114279720751699
12325,2020-02-26 13:00:00,244.944396973,0.33320060082243663
12326,2020-02-26 14:00:00,245.126876831,0.9234782707196322
12327,2020-02-26 15:00:00,245.147201538,0.24791518954446212
12328,2020-02-26 16:00:00,245.300445557,0.8409086534204854
12329,2020-02-26 17:00:00,245.454040527,0.994872978476043
12330,2020-02-26 18:00:00,245.64414978,0.8667432163441819
12331,2020-02-26 19:00:00,245.870788574,0.6470144145691687
12332,2020-02-26 20:00:00,246.094360352,0.17748847205167329
12333,2020-02-26 21:00:00,246.325012207,0.6363690264997566
12334,2020-02-26 22:00:00,246.510101318,0.6516077675416851
12335,2020-02-26 23:00:00,246.719787598,0.5016933065547662
12336,2020-02-27 00:00:00,246.891113281,0.8728034474408756
12337,2020-02-27 01:00:00,247.069503784,0.14496063984197893
12338,2020-02-27 02:00:00,247.248931885,0.7512325898923976
12339,2020-02-27 03:00:00,247.446517944,0.8648463684331655
12340,2020-02-27 04:00:00,247.651382446,0.11136319377208115
12341,2020-02-27 05:00:00,247.847732544,0.3153880045316164
12342,2020-02-27 06:00:00,248.06338501,0.38363792246882855
12343,2020-02-27 07:00:00,248.29296875,0.38529238290321455
12344,2020-02-27 08:00:00,248.529724121,0.3172280545234102
12345,2020-02-27 09:00:00,248.793487549,0.8377282088395196
12346,2020-02-27 10:00:00,249.069992065,0.9658276161237185
12347,2020-02-27 11:00:00,249.371795654,0.3619276484341213
12348,2020-02-27 12:00:00,249.613128662,0.4287367070563166
12349,2020-02-27 13:00:00,249.699645996,0.8352350120260886
12350,2020-02-27 14:00:00,249.769042969,0.2560212486500528
12351,2020-02-27 15:00:00,249.810455322,0.09382972703355308
12352,2020-02-27 16:00:00,249.836776733,0.6777516176339421
12353,2020-02-27 17:00:00,249.856109619,0.37477624991809444
12354,2020-02-27 18:00:00,249.88684082,0.7298301069153252
12355,2020-02-27 19:00:00,249.92565918,0.46409999879182484
12356,2020-02-27 20:00:00,249.940582275,0.5943792807439561
12357,2020-02-27 21:00:00,249.920379639,0.28220725330879604
12358,2020-02-27 22:00:00,249.888870239,0.46682401696833276
12359,2020-02-27 23:00:00,249.883331299,0.14122698401084877
12360,2020-02-28 00:00:00,249.872253418,0.4859278794679478
12361,2020-02-28 01:00:00,249.867431641,0.5453284401597198
12362,2020-02-28 02:00:00,249.86038208,0.502795322883281
12363,2020-02-28 03:00:00,249.854812622,0.8423120519916139
12364,2020-02-28 04:00:00,249.848953247,0.42645471681297376
12365,2020-02-28 05:00:00,249.841995239,0.03345868466966828
12366,2020-02-28 06:00:00,249.83454895,0.7940061932788754
12367,2020-02-28 07:00:00,249.831802368,0.49408191618342656
12368,2020-02-28 08:00:00,249.827957153,0.5735676406776555
12369,2020-02-28 09:00:00,249.830444336,0.5796164359702085
12370,2020-02-28 10:00:00,249.838485718,0.8178590745832381
12371,2020-02-28 11:00:00,249.843658447,0.22795436606445985
12372,2020-02-28 12:00:00,249.851226807,0.7086182766589153
12373,2020-02-28 13:00:00,249.857788086,0.9608749373670042
12374,2020-02-28 14:00:00,249.863555908,0.5967829832011805
12375,2020-02-28 15:00:00,249.863571167,0.44458030297460205
12376,2020-02-28 16:00:00,249.851165771,0.5225041077839634
12377,2020-02-28 17:00:00,249.810943604,0.2910873635329213
12378,2020-02-28 18:00:00,249.740783691,0.9403696788940037
12379,2020-02-28 19:00:00,250.000762939,0.5576094201212193
12380,2020-02-28 20:00:00,250.38394165,0.8046931428256304
12381,2020-02-28 21:00:00,250.684127808,0.11228144370600157
12382,2020-02-28 22:00:00,250.743515015,0.46757173049325285
12383,2020-02-28 23:00:00,250.834121704,0.49864236220855385
12384,2020-02-29 00:00:00,250.853347778,0.7598791172793066
12385,2020-02-29 01:00:00,250.86541748,0.8035749981304334
12386,2020-02-29 02:00:00,250.876800537,0.530363123986856
12387,2020-02-29 03:00:00,250.888412476,0.7721392192949241
12388,2020-02-29 04:00:00,250.899261475,0.7886056565114679
12389,2020-02-29 05:00:00,250.908569336,0.7937712491713641
12390,2020-02-29 06:00:00,250.917190552,0.10310734085172457
12391,2020-02-29 07:00:00,250.924423218,0.31907564879352723
12392,2020-02-29 08:00:00,250.932281494,0.22953291886249627
12393,2020-02-29 09:00:00,250.938018799,0.9078491058555915
12394,2020-02-29 10:00:00,250.945632935,0.6652170557348603
12395,2020-02-29 11:00:00,250.956344604,0.473964053119205
12396,2020-02-29 12:00:00,250.967636108,0.9114590084287845
12397,2020-02-29 13:00:00,250.980072021,0.7740988678703791
12398,2020-02-29 14:00:00,250.990020752,0.2523853414164883
12399,2020-02-29 15:00:00,250.995681763,0.8284826155774765
12400,2020-02-29 16:00:00,250.989044189,0.8894428195541986
12401,2020-02-29 17:00:00,250.956756592,0.332888470940664
12402,2020-02-29 18:00:00,250.905410767,0.36079777719251194
12403,2020-02-29 19:00:00,250.957000732,0.22713636733727693
12404,2020-02-29 20:00:00,251.038543701,0.6759341250575894
12405,2020-02-29 21:00:00,251.030181885,0.40225092721805
12406,2020-02-29 22:00:00,250.991027832,0.20522781306387705
12407,2020-02-29 23:00:00,251.00994873,0.13439259151675387
12408,2020-03-01 00:00:00,251.021987915,0.026543551789419473
12409,2020-03-01 01:00:00,251.029144287,0.9951381886221767
12410,2020-03-01 02:00:00,251.036071777,0.0425188953017156
12411,2020-03-01 03:00:00,251.043609619,0.4253908797499326
12412,2020-03-01 04:00:00,251.049530029,0.13379793784484995
12413,2020-03-01 05:00:00,251.054656982,0.836304145723957
12414,2020-03-01 06:00:00,251.06161499,0.28783547020689637
12415,2020-03-01 07:00:00,251.06993103,0.569968545252594
12416,2020-03-01 08:00:00,251.079864502,0.34332760454743194
12417,2020-03-01 09:00:00,251.089706421,0.04157605833078837
12418,2020-03-01 10:00:00,251.098876953,0.3222732150770913
12419,2020-03-01 11:00:00,251.109634399,0.13850523416790939
12420,2020-03-01 12:00:00,251.117645264,0.2116514803133448
12421,2020-03-01 13:00:00,251.126159668,0.319356911103563
12422,2020-03-01 14:00:00,251.134368896,0.8510197430161185
12423,2020-03-01 15:00:00,251.133880615,0.7292824059971628
12424,2020-03-01 16:00:00,251.136260986,0.7923980487291918
12425,2020-03-01 17:00:00,251.135848999,0.6308998211849915
12426,2020-03-01 18:00:00,251.119949341,0.37673378596440754
12427,2020-03-01 19:00:00,251.103912354,0.8216402814152616
12428,2020-03-01 20:00:00,251.083816528,0.7053987176632338
12429,2020-03-01 21:00:00,251.031280518,0.24417906413196255
12430,2020-03-01 22:00:00,250.994598389,0.4969174758471675
12431,2020-03-01 23:00:00,250.9921875,0.03334382606418862
12432,2020-03-02 00:00:00,250.996185303,0.6598264721230291
12433,2020-03-02 01:00:00,251.006164551,0.6432758837139936
12434,2020-03-02 02:00:00,251.014358521,0.23135507667074218
12435,2020-03-02 03:00:00,251.025375366,0.1689605594018796
12436,2020-03-02 04:00:00,251.034713745,0.6325340950837356
12437,2020-03-02 05:00:00,251.042510986,0.6829630372839004
12438,2020-03-02 06:00:00,251.049987793,0.45722466492671765
12439,2020-03-02 07:00:00,251.466033936,0.06598099726921047
12440,2020-03-02 08:00:00,251.892868042,0.6365318730662175
12441,2020-03-02 09:00:00,252.355316162,0.8507089007475717
12442,2020-03-02 10:00:00,252.823242188,0.03106584232966325
12443,2020-03-02 11:00:00,253.300430298,0.07965040576622107
12444,2020-03-02 12:00:00,253.812759399,0.962724852413964
12445,2020-03-02 13:00:00,253.904388428,0.4010586483870522
12446,2020-03-02 14:00:00,254.056549072,0.6737943038820683
12447,2020-03-02 15:00:00,254.203414917,0.6859728458056813
12448,2020-03-02 16:00:00,254.323043823,0.7798598143581695
12449,2020-03-02 17:00:00,254.45211792,0.1742931818247596
12450,2020-03-02 18:00:00,254.547348022,0.5681636950427755
12451,2020-03-02 19:00:00,254.667053223,0.9749964282732115
12452,2020-03-02 20:00:00,254.818695068,0.6924046053692421
12453,2020-03-02 21:00:00,254.926055908,0.4158227126893177
12454,2020-03-02 22:00:00,254.972686768,0.7141304991968995
12455,2020-03-02 23:00:00,255.003341675,0.07721723013397264
12456,2020-03-03 00:00:00,255.017745972,0.5121595686519884
12457,2020-03-03 01:00:00,255.033477783,0.9896798606587967
12458,2020-03-03 02:00:00,255.045776367,0.27767689890328284
12459,2020-03-03 03:00:00,255.056411743,0.4151425875368251
12460,2020-03-03 04:00:00,255.064041138,0.32048279491134046
12461,2020-03-03 05:00:00,255.075622559,0.43950365437064964
12462,2020-03-03 06:00:00,255.082778931,0.47876149723434847
12463,2020-03-03 07:00:00,255.092926025,0.6098023495944617
12464,2020-03-03 08:00:00,255.10067749,0.2758576419312615
12465,2020-03-03 09:00:00,255.108779907,0.9548339501395363
12466,2020-03-03 10:00:00,255.111862183,0.5859609519134671
12467,2020-03-03 11:00:00,255.110198975,0.9205469028391046
12468,2020-03-03 12:00:00,255.103820801,0.9774242236940621
12469,2020-03-03 13:00:00,255.094360352,0.8978016466833114
12470,2020-03-03 14:00:00,255.080978394,0.7226800546676365
12471,2020-03-03 15:00:00,255.061386108,0.6577977750188733
12472,2020-03-03 16:00:00,255.040908813,0.5044000993867511
12473,2020-03-03 17:00:00,255.008483887,0.1721433781357259
12474,2020-03-03 18:00:00,254.966506958,0.5995189450872986
12475,2020-03-03 19:00:00,254.913299561,0.31444242045776505
12476,2020-03-03 20:00:00,254.845962524,0.46676535343486714
12477,2020-03-03 21:00:00,254.78024292,0.8999862203878477
12478,2020-03-03 22:00:00,254.731811523,0.6595150080613091
12479,2020-03-03 23:00:00,254.715316772,0.11599410632943674
12480,2020-03-04 00:00:00,254.693069458,0.3408680311518393
12481,2020-03-04 01:00:00,254.672439575,0.35658690936755755
12482,2020-03-04 02:00:00,254.649383545,0.6170038058708431
12483,2020-03-04 03:00:00,254.616333008,0.449595169417232
12484,2020-03-04 04:00:00,254.578857422,0.6205383161048774
12485,2020-03-04 05:00:00,254.544128418,0.7537418994854458
12486,2020-03-04 06:00:00,254.516860962,0.8786841428704144
12487,2020-03-04 07:00:00,254.497787476,0.5779422065553632
12488,2020-03-04 08:00:00,254.475753784,0.36526598850921077
12489,2020-03-04 09:00:00,254.457351685,0.23494369984663188
12490,2020-03-04 10:00:00,254.440536499,0.7993895652434999
12491,2020-03-04 11:00:00,254.430099487,0.11987537755136046
12492,2020-03-04 12:00:00,254.441421509,0.6116748548279084
12493,2020-03-04 13:00:00,254.450027466,0.5623911248310083
12494,2020-03-04 14:00:00,254.456848145,0.4241666562494534
12495,2020-03-04 15:00:00,254.458984375,0.28898051085207765
12496,2020-03-04 16:00:00,254.450363159,0.8341166000927489
12497,2020-03-04 17:00:00,254.411422729,0.7214134655139297
12498,2020-03-04 18:00:00,254.338363647,0.19107271360651978
12499,2020-03-04 19:00:00,254.248794556,0.5238471407556077
12500,2020-03-04 20:00:00,254.155502319,0.7679821310519618
12501,2020-03-04 21:00:00,254.087982178,0.641026261447233
12502,2020-03-04 22:00:00,254.030838013,0.6817347939373841
12503,2020-03-04 23:00:00,254.04649353,0.8687040321155204
12504,2020-03-05 00:00:00,254.059814453,0.9348067365357055
12505,2020-03-05 01:00:00,254.065582275,0.5206382744006053
12506,2020-03-05 02:00:00,254.064758301,0.5501474200353963
12507,2020-03-05 03:00:00,254.068939209,0.6068946227204309
12508,2020-03-05 04:00:00,254.069961548,0.5088703452361338
12509,2020-03-05 05:00:00,254.065460205,0.14733470842219265
12510,2020-03-05 06:00:00,254.058624268,0.6467662823764914
12511,2020-03-05 07:00:00,254.049072266,0.7734577676727675
12512,2020-03-05 08:00:00,254.035644531,0.10650759122223041
12513,2020-03-05 09:00:00,254.024917603,0.6325827100183801
12514,2020-03-05 10:00:00,254.009918213,0.1789180844686047
12515,2020-03-05 11:00:00,253.993438721,0.5011772458858522
12516,2020-03-05 12:00:00,253.9815979,0.9063240141374684
12517,2020-03-05 13:00:00,253.983474731,0.4363538818587136
12518,2020-03-05 14:00:00,253.98425293,0.39000265229061715
12519,2020-03-05 15:00:00,253.982254028,0.5749919102479262
12520,2020-03-05 16:00:00,253.968963623,0.52240900740755
12521,2020-03-05 17:00:00,253.922653198,0.831255696390658
12522,2020-03-05 18:00:00,253.836303711,0.7903212944183973
12523,2020-03-05 19:00:00,253.725189209,0.38165252194326516
12524,2020-03-05 20:00:00,253.618621826,0.8751287970758602
12525,2020-03-05 21:00:00,253.530227661,0.5311127071669542
12526,2020-03-05 22:00:00,253.462615967,0.7882649145769434
12527,2020-03-05 23:00:00,253.468292236,0.06859941212594478
12528,2020-03-06 00:00:00,253.477020264,0.9038825648212896
12529,2020-03-06 01:00:00,253.483795166,0.5286572314946222
12530,2020-03-06 02:00:00,253.488723755,0.4155750389788603
12531,2020-03-06 03:00:00,253.495605469,0.0832474526852538
12532,2020-03-06 04:00:00,253.498199463,0.237493418663969
12533,2020-03-06 05:00:00,253.503829956,0.7262772653229291
12534,2020-03-06 06:00:00,253.509033203,0.5527605282468213
12535,2020-03-06 07:00:00,253.515640259,0.195168196273675
12536,2020-03-06 08:00:00,253.511306763,0.3085768761273975
12537,2020-03-06 09:00:00,253.505462646,0.676200057300411
12538,2020-03-06 10:00:00,253.499389648,0.7968048619030417
12539,2020-03-06 11:00:00,253.500701904,0.493152739279207
12540,2020-03-06 12:00:00,253.497024536,0.6400099316380344
12541,2020-03-06 13:00:00,253.491226196,0.724899977131367
12542,2020-03-06 14:00:00,253.483825684,0.13801977413977295
12543,2020-03-06 15:00:00,253.473526001,0.429691459480271
12544,2020-03-06 16:00:00,253.458251953,0.3117490300009792
12545,2020-03-06 17:00:00,253.423233032,0.17080665157112485
12546,2020-03-06 18:00:00,253.371673584,0.47066666328575735
12547,2020-03-06 19:00:00,253.324417114,0.7420889681381494
12548,2020-03-06 20:00:00,253.260391235,0.6905428288871149
12549,2020-03-06 21:00:00,253.205718994,0.7152883773585553
12550,2020-03-06 22:00:00,253.143707275,0.051882524502156246
12551,2020-03-06 23:00:00,253.113830566,0.8918372403885425
12552,2020-03-07 00:00:00,253.081741333,0.7021320968399649
12553,2020-03-07 01:00:00,253.051437378,0.3759035301567222
12554,2020-03-07 02:00:00,253.019973755,0.33277488680691836
12555,2020-03-07 03:00:00,252.991439819,0.43848653124153836
12556,2020-03-07 04:00:00,252.964431763,0.35395290167310955
12557,2020-03-07 05:00:00,252.939605713,0.5235057345810713
12558,2020-03-07 06:00:00,252.915740967,0.7181371742815226
12559,2020-03-07 07:00:00,252.896850586,0.05210030820890921
12560,2020-03-07 08:00:00,252.876876831,0.6726921870315979
12561,2020-03-07 09:00:00,252.862075806,0.006368755988788055
12562,2020-03-07 10:00:00,252.846130371,0.8736251986514074
12563,2020-03-07 11:00:00,252.856369019,0.87280905527621
12564,2020-03-07 12:00:00,252.868392944,0.6058859212576001
12565,2020-03-07 13:00:00,252.880661011,0.5158985072797732
12566,2020-03-07 14:00:00,252.891113281,0.835747082013916
12567,2020-03-07 15:00:00,252.894104004,0.32348902372820776
12568,2020-03-07 16:00:00,252.886657715,0.4095266932095194
12569,2020-03-07 17:00:00,252.854904175,0.37099350067233827
12570,2020-03-07 18:00:00,252.79888916,0.5334648899085801
12571,2020-03-07 19:00:00,252.747924805,0.12816643763150382
12572,2020-03-07 20:00:00,252.704238892,0.8128034285982405
12573,2020-03-07 21:00:00,252.638458252,0.053691123926600026
12574,2020-03-07 22:00:00,252.593811035,0.5376553113074665
12575,2020-03-07 23:00:00,252.584655762,0.49444874899608493
12576,2020-03-08 00:00:00,252.574005127,0.810448206545459
12577,2020-03-08 01:00:00,252.928497314,0.6869612595180198
12578,2020-03-08 02:00:00,253.325134277,0.001576992123058174
12579,2020-03-08 03:00:00,253.777954102,0.8663995534927653
12580,2020-03-08 04:00:00,254.262588501,0.6350880366356725
12581,2020-03-08 05:00:00,254.768463135,0.30910001191795666
12582,2020-03-08 06:00:00,255.306350708,0.2071586468343598
12583,2020-03-08 07:00:00,255.493881226,0.36812973930460635
12584,2020-03-08 08:00:00,255.657669067,0.8232340795132198
12585,2020-03-08 09:00:00,255.763565063,0.03574776910574884
12586,2020-03-08 10:00:00,255.839416504,0.9591160797409467
12587,2020-03-08 11:00:00,255.893173218,0.34841044568012547
12588,2020-03-08 12:00:00,255.949737549,0.7296089723129214
12589,2020-03-08 13:00:00,255.995635986,0.68254013106119
12590,2020-03-08 14:00:00,256.035552979,0.07769156861015325
12591,2020-03-08 15:00:00,256.063232422,0.10920290819097156
12592,2020-03-08 16:00:00,256.08026123,0.589296136415366
12593,2020-03-08 17:00:00,256.095581055,0.14074438401385847
12594,2020-03-08 18:00:00,256.102722168,0.9661493276264401
12595,2020-03-08 19:00:00,256.337524414,0.4694688457087829
12596,2020-03-08 20:00:00,256.61416626,0.7291311168058994
12597,2020-03-08 21:00:00,256.913696289,0.9181822354471997
12598,2020-03-08 22:00:00,257.19128418,0.8175169583119563
12599,2020-03-08 23:00:00,257.516723633,0.35128356323491927
12600,2020-03-09 00:00:00,257.77444458,0.4492044298976845
12601,2020-03-09 01:00:00,257.938751221,0.3781823195253854
12602,2020-03-09 02:00:00,258.110473633,0.9088011264932595
12603,2020-03-09 03:00:00,258.283966064,0.16876856870970414
12604,2020-03-09 04:00:00,258.474822998,0.9764623022469179
12605,2020-03-09 05:00:00,258.680389404,0.8263860626349137
12606,2020-03-09 06:00:00,258.876983643,0.8750310592023653
12607,2020-03-09 07:00:00,258.95791626,0.823341269485501
12608,2020-03-09 08:00:00,259.043640137,0.06369594475019646
12609,2020-03-09 09:00:00,259.135620117,0.4241894970080162
12610,2020-03-09 10:00:00,259.229003906,0.8810245287359407
12611,2020-03-09 11:00:00,259.302154541,0.5330572783579273
12612,2020-03-09 12:00:00,259.380432129,0.051911392384011656
12613,2020-03-09 13:00:00,259.426452637,0.31223056319841125
12614,2020-03-09 14:00:00,259.46862793,0.5181431580786863
12615,2020-03-09 15:00:00,259.497619629,0.8135478955555834
12616,2020-03-09 16:00:00,259.507873535,0.5910026292479309
12617,2020-03-09 17:00:00,259.493530273,0.4580441639401106
12618,2020-03-09 18:00:00,259.486938477,0.1570709000734829
12619,2020-03-09 19:00:00,259.478881836,0.9531408068915965
12620,2020-03-09 20:00:00,259.46307373,0.5723205294122209
12621,2020-03-09 21:00:00,259.449829102,0.38096820797996356
12622,2020-03-09 22:00:00,259.419433594,0.18760976488423498
12623,2020-03-09 23:00:00,259.441650391,0.2520483259545513
12624,2020-03-10 00:00:00,259.455841064,0.8593349338693879
12625,2020-03-10 01:00:00,259.469360352,0.8775264439329378
12626,2020-03-10 02:00:00,259.480712891,0.985964135106419
12627,2020-03-10 03:00:00,259.491821289,0.46127542848802616
12628,2020-03-10 04:00:00,259.502410889,0.6257347272292157
12629,2020-03-10 05:00:00,259.51260376,0.8202497382728564
12630,2020-03-10 06:00:00,259.521697998,0.6465435754676979
12631,2020-03-10 07:00:00,259.531677246,0.9037075813882822
12632,2020-03-10 08:00:00,259.542419434,0.346204890785603
12633,2020-03-10 09:00:00,259.55255127,0.4169893538731333
12634,2020-03-10 10:00:00,259.563476562,0.235221247105606
12635,2020-03-10 11:00:00,259.573516846,0.29786769704231963
12636,2020-03-10 12:00:00,259.580688477,0.08821256235773633
12637,2020-03-10 13:00:00,259.600799561,0.6800353424023731
12638,2020-03-10 14:00:00,259.622497559,0.09380022584104708
12639,2020-03-10 15:00:00,259.636993408,0.689964524164119
12640,2020-03-10 16:00:00,259.641662598,0.9587218010837874
12641,2020-03-10 17:00:00,259.62878418,0.5386685924661192
12642,2020-03-10 18:00:00,259.63067627,0.23022166218404716
12643,2020-03-10 19:00:00,259.7215271,0.45434597626130646
12644,2020-03-10 20:00:00,259.831451416,0.12957403360539865
12645,2020-03-10 21:00:00,259.95501709,0.20815094856403404
12646,2020-03-10 22:00:00,260.080566406,0.16331403062350758
12647,2020-03-10 23:00:00,260.261016846,0.31242578649773234
12648,2020-03-11 00:00:00,260.395812988,0.20613432108151386
12649,2020-03-11 01:00:00,260.427490234,0.11351494265410977
12650,2020-03-11 02:00:00,260.450805664,0.6357156225020331
12651,2020-03-11 03:00:00,260.479309082,0.3769988119439871
12652,2020-03-11 04:00:00,260.508331299,0.04919911784563358
12653,2020-03-11 05:00:00,260.533691406,0.525328360735507
12654,2020-03-11 06:00:00,260.559570312,0.7349513906446832
12655,2020-03-11 07:00:00,260.579528809,0.26602597259738314
12656,2020-03-11 08:00:00,260.609161377,0.36710761379957413
12657,2020-03-11 09:00:00,260.640686035,0.5691142390615431
12658,2020-03-11 10:00:00,260.660675049,0.29057476464107135
12659,2020-03-11 11:00:00,260.685394287,0.4345276389416344
12660,2020-03-11 12:00:00,260.713104248,0.430384652921342
12661,2020-03-11 13:00:00,260.739013672,0.22977156286929012
12662,2020-03-11 14:00:00,260.766662598,0.906309829876937
12663,2020-03-11 15:00:00,260.789794922,0.609331185998193
12664,2020-03-11 16:00:00,260.8046875,0.8347730892891788
12665,2020-03-11 17:00:00,260.847717285,0.8173560296780292
12666,2020-03-11 18:00:00,260.838256836,0.8986275760633707
12667,2020-03-11 19:00:00,260.996826172,0.31376305832571993
12668,2020-03-11 20:00:00,261.212493896,0.9511738780612403
12669,2020-03-11 21:00:00,261.479675293,0.03629580602326499
12670,2020-03-11 22:00:00,261.760437012,0.36713318627144353
12671,2020-03-11 23:00:00,262.049316406,0.9313700687845993
12672,2020-03-12 00:00:00,262.367279053,0.2363830652128993
12673,2020-03-12 01:00:00,262.431427002,0.723582713764173
12674,2020-03-12 02:00:00,262.482025146,0.3432372628865723
12675,2020-03-12 03:00:00,262.52142334,0.7095474912423894
12676,2020-03-12 04:00:00,262.557220459,0.5641574329760398
12677,2020-03-12 05:00:00,262.584442139,0.08377831458856777
12678,2020-03-12 06:00:00,262.610229492,0.41617894392575183
12679,2020-03-12 07:00:00,262.636627197,0.9166633131448905
12680,2020-03-12 08:00:00,262.658569336,0.19407075968850218
12681,2020-03-12 09:00:00,262.682037354,0.07539349742498902
12682,2020-03-12 10:00:00,262.706604004,0.07792344153316255
12683,2020-03-12 11:00:00,262.735687256,0.9798847094505102
12684,2020-03-12 12:00:00,262.772216797,0.8603713975909557
12685,2020-03-12 13:00:00,262.806549072,0.10851797500415827
12686,2020-03-12 14:00:00,262.836639404,0.8005644945497854
12687,2020-03-12 15:00:00,262.859985352,0.48986568375915085
12688,2020-03-12 16:00:00,262.866027832,0.721858561307928
12689,2020-03-12 17:00:00,262.850158691,0.5119766194750431
12690,2020-03-12 18:00:00,262.828857422,0.060041930330162696
12691,2020-03-12 19:00:00,262.785308838,0.4155669352229333
12692,2020-03-12 20:00:00,262.720489502,0.4506870700170027
12693,2020-03-12 21:00:00,262.653625488,0.03317169618510396
12694,2020-03-12 22:00:00,262.592437744,0.09129390941743432
12695,2020-03-12 23:00:00,262.547607422,0.3117122234090275
12696,2020-03-13 00:00:00,262.557800293,0.46761816407179213
12697,2020-03-13 01:00:00,262.568237305,0.5347944463130748
12698,2020-03-13 02:00:00,262.572814941,0.9602803468249197
12699,2020-03-13 03:00:00,262.582336426,0.4340485273490665
12700,2020-03-13 04:00:00,262.589355469,0.09397875995690308
12701,2020-03-13 05:00:00,262.595031738,0.9544230567952439
12702,2020-03-13 06:00:00,262.595214844,0.033868132431417064
12703,2020-03-13 07:00:00,262.829711914,0.08964094645122322
12704,2020-03-13 08:00:00,263.081329346,0.9844368532942722
12705,2020-03-13 09:00:00,263.371276855,0.3629494478569508
12706,2020-03-13 10:00:00,263.688964844,0.8019056534547492
12707,2020-03-13 11:00:00,264.030944824,0.756858630884971
12708,2020-03-13 12:00:00,264.417602539,0.8389494658378378
12709,2020-03-13 13:00:00,265.418029785,0.49431312169213004
12710,2020-03-13 14:00:00,266.628662109,0.5936496980556886
12711,2020-03-13 15:00:00,268.069732666,0.46023035032779913
12712,2020-03-13 16:00:00,269.603240967,0.8219415483194545
12713,2020-03-13 17:00:00,271.262634277,0.630492049163099
12714,2020-03-13 18:00:00,272.887573242,0.6750795903184542
12715,2020-03-13 19:00:00,273.89352417,0.5358404554954593
12716,2020-03-13 20:00:00,274.796508789,0.37811295340840934
12717,2020-03-13 21:00:00,275.572692871,0.9829359464724222
12718,2020-03-13 22:00:00,276.332702637,0.947435832016066
12719,2020-03-13 23:00:00,277.064453125,0.8938849260967549
12720,2020-03-14 00:00:00,277.705108643,0.4799462338148396
12721,2020-03-14 01:00:00,278.0284729,0.47062013501432487
12722,2020-03-14 02:00:00,278.352874756,0.033391612568614115
12723,2020-03-14 03:00:00,278.614379883,0.07526859587330026
12724,2020-03-14 04:00:00,278.897186279,0.3253573183847792
12725,2020-03-14 05:00:00,279.159240723,0.6309261870371256
12726,2020-03-14 06:00:00,279.409942627,0.3365935095812914
12727,2020-03-14 07:00:00,279.537902832,0.1739866008857407
12728,2020-03-14 08:00:00,279.642059326,0.8091324910685453
12729,2020-03-14 09:00:00,279.691589355,0.20324489028001447
12730,2020-03-14 10:00:00,279.733337402,0.21613233861978165
12731,2020-03-14 11:00:00,279.784240723,0.41835599964847814
12732,2020-03-14 12:00:00,279.826629639,0.5434218202808714
12733,2020-03-14 13:00:00,279.872558594,0.9807421785721646
12734,2020-03-14 14:00:00,279.927490234,0.2097373474962152
12735,2020-03-14 15:00:00,279.965393066,0.0438665934025253
12736,2020-03-14 16:00:00,279.986022949,0.6744101404211047
12737,2020-03-14 17:00:00,279.992340088,0.22948926092553112
12738,2020-03-14 18:00:00,280.039733887,0.3128732849361201
12739,2020-03-14 19:00:00,280.090026855,0.5035248351733774
12740,2020-03-14 20:00:00,280.133239746,0.6273521892476196
12741,2020-03-14 21:00:00,280.162231445,0.777195863195199
12742,2020-03-14 22:00:00,280.160095215,0.6267710647812741
12743,2020-03-14 23:00:00,280.164001465,0.2258138681400781
12744,2020-03-15 00:00:00,280.196166992,0.23697532230685536
12745,2020-03-15 01:00:00,280.212738037,0.16111893839922642
12746,2020-03-15 02:00:00,280.228515625,0.8655855593084614
12747,2020-03-15 03:00:00,280.248840332,0.17129854643826659
12748,2020-03-15 04:00:00,280.266235352,0.6567630988128127
12749,2020-03-15 05:00:00,280.279083252,0.39177307912475046
12750,2020-03-15 06:00:00,280.296691895,0.29122925975271463
12751,2020-03-15 07:00:00,280.316833496,0.4804542437342114
12752,2020-03-15 08:00:00,280.337036133,0.5214423190094111
12753,2020-03-15 09:00:00,280.355163574,0.5968788512188163
12754,2020-03-15 10:00:00,280.369995117,0.6919749813586646
12755,2020-03-15 11:00:00,280.383178711,0.16513437581604729
12756,2020-03-15 12:00:00,280.396240234,0.7003742798601702
12757,2020-03-15 13:00:00,280.414245605,0.6634311995896155
12758,2020-03-15 14:00:00,280.427856445,0.8508516298450045
12759,2020-03-15 15:00:00,280.433288574,0.9329465164531769
12760,2020-03-15 16:00:00,280.43157959,0.4414974607033909
12761,2020-03-15 17:00:00,280.410766602,0.8253438787502455
12762,2020-03-15 18:00:00,280.382751465,0.9753271414429574
12763,2020-03-15 19:00:00,280.343688965,0.7774807138762814
12764,2020-03-15 20:00:00,280.297241211,0.08866717900922017
12765,2020-03-15 21:00:00,280.249450684,0.0056973389624956905
12766,2020-03-15 22:00:00,280.206298828,0.21594684581949897
12767,2020-03-15 23:00:00,280.175292969,0.8995009828608715
12768,2020-03-16 00:00:00,280.169647217,0.3474741305731114
12769,2020-03-16 01:00:00,280.166564941,0.781076373705085
12770,2020-03-16 02:00:00,280.161560059,0.049056864670347644
12771,2020-03-16 03:00:00,280.164367676,0.3449839643242565
12772,2020-03-16 04:00:00,280.177185059,0.6686953675972515
12773,2020-03-16 05:00:00,280.190307617,0.7075530114895848
12774,2020-03-16 06:00:00,280.199768066,0.17322870844332716
12775,2020-03-16 07:00:00,280.205688477,0.1329406787365911
12776,2020-03-16 08:00:00,280.217773438,0.5728782869305382
12777,2020-03-16 09:00:00,280.229003906,0.2110036185959494
12778,2020-03-16 10:00:00,280.241455078,0.49890489929881143
12779,2020-03-16 11:00:00,280.252746582,0.8711969873888694
12780,2020-03-16 12:00:00,280.264831543,0.3450344761637745
12781,2020-03-16 13:00:00,280.276367188,0.5058937371115368
12782,2020-03-16 14:00:00,280.283630371,0.29314714902188765
12783,2020-03-16 15:00:00,280.286560059,0.163933801251669
12784,2020-03-16 16:00:00,280.279907227,0.22105581346032455
12785,2020-03-16 17:00:00,280.244567871,0.15756248297142417
12786,2020-03-16 18:00:00,280.177062988,0.22561879350088299
12787,2020-03-16 19:00:00,280.08984375,0.09540181620642119
12788,2020-03-16 20:00:00,279.994934082,0.12478231208543433
12789,2020-03-16 21:00:00,279.918914795,0.910920317903579
12790,2020-03-16 22:00:00,279.85168457,0.16892669999039822
12791,2020-03-16 23:00:00,279.807678223,0.36410369328158865
12792,2020-03-17 00:00:00,279.791473389,0.949056587620324
12793,2020-03-17 01:00:00,279.771911621,0.8912936156177703
12794,2020-03-17 02:00:00,279.746490479,0.5078673915415991
12795,2020-03-17 03:00:00,279.720214844,0.5032752351063624
12796,2020-03-17 04:00:00,279.691619873,0.6506284073926883
12797,2020-03-17 05:00:00,279.655578613,0.8996604543577162
12798,2020-03-17 06:00:00,279.617248535,0.5949554792679925
12799,2020-03-17 07:00:00,279.590759277,0.9560813400443372
12800,2020-03-17 08:00:00,279.564666748,0.5074712258777353
12801,2020-03-17 09:00:00,279.535400391,0.861347837059955
12802,2020-03-17 10:00:00,279.504516602,0.022901942369005668
12803,2020-03-17 11:00:00,279.483276367,0.9144254492836671
12804,2020-03-17 12:00:00,279.463256836,0.7981765079835986
12805,2020-03-17 13:00:00,279.442962646,0.9547603570105104
12806,2020-03-17 14:00:00,279.422241211,0.776864762889271
12807,2020-03-17 15:00:00,279.399658203,0.7606863740635501
12808,2020-03-17 16:00:00,279.37097168,0.8235464594058038
12809,2020-03-17 17:00:00,279.334411621,0.7407693065048573
12810,2020-03-17 18:00:00,279.290100098,0.6412526167560594
12811,2020-03-17 19:00:00,279.235229492,0.9839000916720869
12812,2020-03-17 20:00:00,279.178710938,0.8322336936122955
12813,2020-03-17 21:00:00,279.122131348,0.5320322157725819
12814,2020-03-17 22:00:00,279.072509766,0.9723590943106359
12815,2020-03-17 23:00:00,279.031616211,0.04240473035365255
12816,2020-03-18 00:00:00,279.003570557,0.3268148879388437
12817,2020-03-18 01:00:00,278.976928711,0.5020110786250138
12818,2020-03-18 02:00:00,278.952758789,0.5335381257587841
12819,2020-03-18 03:00:00,278.926116943,0.26485264757872284
12820,2020-03-18 04:00:00,278.900390625,0.024415336111357155
12821,2020-03-18 05:00:00,278.876342773,0.7373235937831487
12822,2020-03-18 06:00:00,278.860412598,0.17561682728369954
12823,2020-03-18 07:00:00,278.849121094,0.5697258471421177
12824,2020-03-18 08:00:00,278.840209961,0.5903496626192192
12825,2020-03-18 09:00:00,278.834411621,0.5313623869127627
12826,2020-03-18 10:00:00,278.832489014,0.8370467394123218
12827,2020-03-18 11:00:00,278.833374023,0.4738890787349497
12828,2020-03-18 12:00:00,278.83416748,0.8224292420343613
12829,2020-03-18 13:00:00,278.838989258,0.5405753047787565
12830,2020-03-18 14:00:00,278.840209961,0.009022839473646571
12831,2020-03-18 15:00:00,278.841400146,0.04849843897025441
12832,2020-03-18 16:00:00,278.840362549,0.3227064314849877
12833,2020-03-18 17:00:00,278.831298828,0.7655124353337318
12834,2020-03-18 18:00:00,278.81338501,0.8615506866987855
12835,2020-03-18 19:00:00,278.928833008,0.670077968800981
12836,2020-03-18 20:00:00,279.063690186,0.40500921110460275
12837,2020-03-18 21:00:00,279.226318359,0.6158017220335141
12838,2020-03-18 22:00:00,279.39352417,0.5386584229480885
12839,2020-03-18 23:00:00,279.552459717,0.2920892290085849
12840,2020-03-19 00:00:00,279.720825195,0.9265834197711836
12841,2020-03-19 01:00:00,280.010375977,0.43599496013403405
12842,2020-03-19 02:00:00,280.313842773,0.7860963829766955
12843,2020-03-19 03:00:00,280.602905273,0.959391419062628
12844,2020-03-19 04:00:00,280.950317383,0.8676930006931776
12845,2020-03-19 05:00:00,281.304382324,0.8669748808484029
12846,2020-03-19 06:00:00,281.669311523,0.5058039398491453
12847,2020-03-19 07:00:00,283.21307373,0.7190718145119858
12848,2020-03-19 08:00:00,284.781066895,0.8537000441277701
12849,2020-03-19 09:00:00,286.550598145,0.7015155776156174
12850,2020-03-19 10:00:00,288.784301758,0.720783377904116
12851,2020-03-19 11:00:00,291.319702148,0.14477418489961413
12852,2020-03-19 12:00:00,293.660949707,0.4293077585069578
12853,2020-03-19 13:00:00,294.861816406,0.9757945381176354
12854,2020-03-19 14:00:00,295.91998291,0.8776409409943172
12855,2020-03-19 15:00:00,296.890533447,0.4851409599118599
12856,2020-03-19 16:00:00,297.727661133,0.737499541334938
12857,2020-03-19 17:00:00,298.595458984,0.3290277207609513
12858,2020-03-19 18:00:00,299.48538208,0.09427994030150555
12859,2020-03-19 19:00:00,300.217437744,0.8688270414186915
12860,2020-03-19 20:00:00,300.924682617,0.593860155016188
12861,2020-03-19 21:00:00,301.543395996,0.14470606170822442
12862,2020-03-19 22:00:00,302.090545654,0.9482243149750273
12863,2020-03-19 23:00:00,302.550415039,0.16585862172873367
12864,2020-03-20 00:00:00,302.971221924,0.2252386628057993
12865,2020-03-20 01:00:00,303.054412842,0.23408345359600058
12866,2020-03-20 02:00:00,303.128234863,0.5852378896090554
12867,2020-03-20 03:00:00,303.169372559,0.2894485589922374
12868,2020-03-20 04:00:00,303.197723389,0.5820083828373716
12869,2020-03-20 05:00:00,303.239807129,0.4181124237509316
12870,2020-03-20 06:00:00,303.273590088,0.7207035667304144
12871,2020-03-20 07:00:00,303.301361084,0.7138645120033923
12872,2020-03-20 08:00:00,303.317260742,0.6266245375153973
12873,2020-03-20 09:00:00,303.388122559,0.09198513356153004
12874,2020-03-20 10:00:00,303.468261719,0.7768647818376415
12875,2020-03-20 11:00:00,303.568908691,0.31396674119544987
12876,2020-03-20 12:00:00,303.639373779,0.09806657095903593
12877,2020-03-20 13:00:00,303.954345703,0.8221077427072073
12878,2020-03-20 14:00:00,304.288085938,0.8444559054107942
12879,2020-03-20 15:00:00,304.619171143,0.4437664104468195
12880,2020-03-20 16:00:00,304.95135498,0.8098869569223115
12881,2020-03-20 17:00:00,305.271057129,0.6779386656305482
12882,2020-03-20 18:00:00,305.600982666,0.6883177626937663
12883,2020-03-20 19:00:00,305.80178833,0.8098156444136912
12884,2020-03-20 20:00:00,306.031219482,0.5185891785452688
12885,2020-03-20 21:00:00,306.191986084,0.13545310443496072
12886,2020-03-20 22:00:00,306.302215576,0.4224443464438332
12887,2020-03-20 23:00:00,306.370635986,0.6529419812012798
12888,2020-03-21 00:00:00,306.433074951,0.5804685257003326
12889,2020-03-21 01:00:00,306.454406738,0.4738971002483474
12890,2020-03-21 02:00:00,306.473388672,0.24062886056220634
12891,2020-03-21 03:00:00,306.494354248,0.8799342931239252
12892,2020-03-21 04:00:00,306.511230469,0.9514218697373141
12893,2020-03-21 05:00:00,306.52734375,0.9721380758210377
12894,2020-03-21 06:00:00,306.542053223,0.017747470797899956
12895,2020-03-21 07:00:00,306.554412842,0.4037535963887795
12896,2020-03-21 08:00:00,306.566650391,0.1087329203754992
12897,2020-03-21 09:00:00,306.57611084,0.8251398548601735
12898,2020-03-21 10:00:00,306.584259033,0.4526734425964981
12899,2020-03-21 11:00:00,306.593566895,0.6926779713952093
12900,2020-03-21 12:00:00,306.606964111,0.15258616613507026
12901,2020-03-21 13:00:00,306.732849121,0.292516711226831
12902,2020-03-21 14:00:00,306.854034424,0.7611720357724157
12903,2020-03-21 15:00:00,306.972076416,0.4065856999327859
12904,2020-03-21 16:00:00,307.100219727,0.38947022610848725
12905,2020-03-21 17:00:00,307.240661621,0.3489127898247223
12906,2020-03-21 18:00:00,307.423217773,0.0657356930597015
12907,2020-03-21 19:00:00,307.914459229,0.16056270199460898
12908,2020-03-21 20:00:00,308.420043945,0.4185016766900569
12909,2020-03-21 21:00:00,308.926696777,0.07866284322492645
12910,2020-03-21 22:00:00,309.474182129,0.7830089952491109
12911,2020-03-21 23:00:00,309.985992432,0.7972144963317924
12912,2020-03-22 00:00:00,310.46395874,0.7993608870490309
12913,2020-03-22 01:00:00,310.54598999,0.6051611944435444
12914,2020-03-22 02:00:00,310.627380371,0.7645488798460137
12915,2020-03-22 03:00:00,310.718780518,0.4893923762292257
12916,2020-03-22 04:00:00,310.794128418,0.03382584836451341
12917,2020-03-22 05:00:00,310.867858887,0.9830826981659421
12918,2020-03-22 06:00:00,310.925354004,0.2952576053854614
12919,2020-03-22 07:00:00,310.989562988,0.3750146230133169
12920,2020-03-22 08:00:00,311.061431885,0.9042786845088534
12921,2020-03-22 09:00:00,311.118164062,0.6184180700250264
12922,2020-03-22 10:00:00,311.159881592,0.18479875957924674
12923,2020-03-22 11:00:00,311.189361572,0.41477524826707013
12924,2020-03-22 12:00:00,311.217407227,0.16348843516832734
12925,2020-03-22 13:00:00,311.54107666,0.8482335821237379
12926,2020-03-22 14:00:00,311.886199951,0.22925972697329033
12927,2020-03-22 15:00:00,312.246490479,0.4474369815040061
12928,2020-03-22 16:00:00,312.604064941,0.8278432847296209
12929,2020-03-22 17:00:00,313.001617432,0.0363187891059481
12930,2020-03-22 18:00:00,313.482147217,0.703312670536698
12931,2020-03-22 19:00:00,313.697753906,0.7531461603728605
12932,2020-03-22 20:00:00,313.870452881,0.0500840577368975
12933,2020-03-22 21:00:00,313.984313965,0.6453594985933657
12934,2020-03-22 22:00:00,314.065490723,0.9973473943704819
12935,2020-03-22 23:00:00,314.09765625,0.6677326627934637
12936,2020-03-23 00:00:00,314.141448975,0.9694731383817031
12937,2020-03-23 01:00:00,314.165863037,0.5146664676461968
12938,2020-03-23 02:00:00,314.185211182,0.22590821691034468
12939,2020-03-23 03:00:00,314.202484131,0.940648566455396
12940,2020-03-23 04:00:00,314.220825195,0.8275748567470713
12941,2020-03-23 05:00:00,314.23651123,0.29207387639068816
12942,2020-03-23 06:00:00,314.25112915,0.9815071510527593
12943,2020-03-23 07:00:00,314.265869141,0.49632917748772276
12944,2020-03-23 08:00:00,314.28125,0.886350637692937
12945,2020-03-23 09:00:00,314.296051025,0.48263334662426693
12946,2020-03-23 10:00:00,314.310577393,0.08337697003213695
12947,2020-03-23 11:00:00,314.319763184,0.633309123928123
12948,2020-03-23 12:00:00,314.328277588,0.14268436603702317
12949,2020-03-23 13:00:00,314.33996582,0.18051549176166182
12950,2020-03-23 14:00:00,314.353729248,0.11531143974977431
12951,2020-03-23 15:00:00,314.356323242,0.38296011484982284
12952,2020-03-23 16:00:00,314.359924316,0.6837621254951783
12953,2020-03-23 17:00:00,314.358917236,0.00849200565827446
12954,2020-03-23 18:00:00,314.350616455,0.25890799830334643
12955,2020-03-23 19:00:00,314.687866211,0.8360785894736951
12956,2020-03-23 20:00:00,315.084564209,0.9986596729921512
12957,2020-03-23 21:00:00,315.532104492,0.9350455676212415
12958,2020-03-23 22:00:00,316.0262146,0.26664802256254183
12959,2020-03-23 23:00:00,316.484436035,0.5471751012164208
12960,2020-03-24 00:00:00,316.944580078,0.8643747838991755
12961,2020-03-24 01:00:00,317.335754395,0.9342085927329573
12962,2020-03-24 02:00:00,317.715484619,0.3169128534978197
12963,2020-03-24 03:00:00,318.107849121,0.1685194134730862
12964,2020-03-24 04:00:00,318.507110596,0.16973172870088216
12965,2020-03-24 05:00:00,318.860931396,0.6155063821967593
12966,2020-03-24 06:00:00,319.224761963,0.30378806936998537
12967,2020-03-24 07:00:00,319.313079834,0.3585839303663768
12968,2020-03-24 08:00:00,319.418640137,0.8127529008505114
12969,2020-03-24 09:00:00,319.492034912,0.618068783303208
12970,2020-03-24 10:00:00,319.522277832,0.05814997341438033
12971,2020-03-24 11:00:00,319.558013916,0.6260481245090924
12972,2020-03-24 12:00:00,319.608551025,0.2761023638206802
12973,2020-03-24 13:00:00,319.6612854,0.5609150992623154
12974,2020-03-24 14:00:00,319.735595703,0.33158035752897297
12975,2020-03-24 15:00:00,319.813446045,0.464077925128466
12976,2020-03-24 16:00:00,319.883270264,0.06133480476540787
12977,2020-03-24 17:00:00,319.88861084,0.9005303944043961
12978,2020-03-24 18:00:00,319.919769287,0.3560764677174918
12979,2020-03-24 19:00:00,320.003204346,0.38133699612212013
12980,2020-03-24 20:00:00,320.055480957,0.3880433679438393
12981,2020-03-24 21:00:00,320.085388184,0.8803595172046261
12982,2020-03-24 22:00:00,320.090576172,0.6916205249114008
12983,2020-03-24 23:00:00,320.104187012,0.7167817805473168
12984,2020-03-25 00:00:00,320.131744385,0.4404518645706036
12985,2020-03-25 01:00:00,320.13659668,0.08748419051065093
12986,2020-03-25 02:00:00,320.145294189,0.7832020855815809
12987,2020-03-25 03:00:00,320.157775879,0.2833971265560735
12988,2020-03-25 04:00:00,320.172515869,0.8166279297407315
12989,2020-03-25 05:00:00,320.185882568,0.807185591832941
12990,2020-03-25 06:00:00,320.19934082,0.22725775036118845
12991,2020-03-25 07:00:00,320.214996338,0.3516716292319374
12992,2020-03-25 08:00:00,320.229675293,0.3280871123947725
12993,2020-03-25 09:00:00,320.239959717,0.2866141808623788
12994,2020-03-25 10:00:00,320.251678467,0.21759150379399705
12995,2020-03-25 11:00:00,320.262512207,0.44177682270473007
12996,2020-03-25 12:00:00,320.268463135,0.01566840023909377
12997,2020-03-25 13:00:00,320.272613525,0.8417726374396696
12998,2020-03-25 14:00:00,320.273223877,0.9045823421368401
12999,2020-03-25 15:00:00,320.268920898,0.17680823432576764
13000,2020-03-25 16:00:00,320.260803223,0.2865969193063179
13001,2020-03-25 17:00:00,320.24118042,0.03568999723659205
13002,2020-03-25 18:00:00,320.216156006,0.2884864469000128
13003,2020-03-25 19:00:00,320.17401123,0.06992374012324631
13004,2020-03-25 20:00:00,320.127471924,0.6581784600847872
13005,2020-03-25 21:00:00,320.076446533,0.7684743338385507
13006,2020-03-25 22:00:00,320.022613525,0.3720086362373918
13007,2020-03-25 23:00:00,319.982849121,0.8054249867917247
13008,2020-03-26 00:00:00,319.962615967,0.5211497801234332
13009,2020-03-26 01:00:00,319.936157227,0.6602739984719088
13010,2020-03-26 02:00:00,319.907440186,0.035613348468661155
13011,2020-03-26 03:00:00,319.876159668,0.8858092364071755
13012,2020-03-26 04:00:00,319.845001221,0.491632714426965
13013,2020-03-26 05:00:00,319.816802979,0.9975943900228893
13014,2020-03-26 06:00:00,319.788970947,0.24137366074627165
13015,2020-03-26 07:00:00,319.766876221,0.8531373466901104
13016,2020-03-26 08:00:00,319.743621826,0.8633565823593891
13017,2020-03-26 09:00:00,319.720184326,0.1898328944411285
13018,2020-03-26 10:00:00,319.697540283,0.3269478331798289
13019,2020-03-26 11:00:00,319.679595947,0.5550589507797409
13020,2020-03-26 12:00:00,319.666381836,0.318969525691699
13021,2020-03-26 13:00:00,319.657501221,0.08174832720083314
13022,2020-03-26 14:00:00,319.653167725,0.022863340674665555
13023,2020-03-26 15:00:00,319.646636963,0.19515396382929817
13024,2020-03-26 16:00:00,319.636535645,0.09767271555184465
13025,2020-03-26 17:00:00,319.617004395,0.6695220180711702
13026,2020-03-26 18:00:00,319.585113525,0.8930632616180597
13027,2020-03-26 19:00:00,319.547485352,0.5735233683076729
13028,2020-03-26 20:00:00,319.500427246,0.253965182489428
13029,2020-03-26 21:00:00,319.450378418,0.037041644318292155
13030,2020-03-26 22:00:00,319.407836914,0.29560253618958066
13031,2020-03-26 23:00:00,319.372009277,0.3296059009531136
13032,2020-03-27 00:00:00,319.346893311,0.04514721774125563
13033,2020-03-27 01:00:00,319.320007324,0.6574803555472742
13034,2020-03-27 02:00:00,319.295928955,0.2756293668026858
13035,2020-03-27 03:00:00,319.267852783,0.7588932498807215
13036,2020-03-27 04:00:00,319.241577148,0.7601626625267607
13037,2020-03-27 05:00:00,319.220123291,0.5645041516195684
13038,2020-03-27 06:00:00,319.206573486,0.07116440180837824
13039,2020-03-27 07:00:00,319.199127197,0.8341492811856469
13040,2020-03-27 08:00:00,319.195861816,0.19456991152364933
13041,2020-03-27 09:00:00,319.192260742,0.14583878891721347
13042,2020-03-27 10:00:00,319.190551758,0.006657577287865313
13043,2020-03-27 11:00:00,319.187713623,0.37820503882709644
13044,2020-03-27 12:00:00,319.186737061,0.30513964291760554
13045,2020-03-27 13:00:00,319.381561279,0.882476462458318
13046,2020-03-27 14:00:00,319.69619751,0.593217160703988
13047,2020-03-27 15:00:00,320.036193848,0.992058691603875
13048,2020-03-27 16:00:00,320.409454346,0.7623266105101114
13049,2020-03-27 17:00:00,320.818664551,0.4181750760284635
13050,2020-03-27 18:00:00,321.263000488,0.09872711248333921
13051,2020-03-27 19:00:00,321.524719238,0.2911194597700846
13052,2020-03-27 20:00:00,321.742584229,0.19892561661639474
13053,2020-03-27 21:00:00,321.963592529,0.7680246750760087
13054,2020-03-27 22:00:00,322.244903564,0.3499274688034709
13055,2020-03-27 23:00:00,322.517700195,0.3115517113985181
13056,2020-03-28 00:00:00,322.71887207,0.17424384303073726
13057,2020-03-28 01:00:00,322.893188477,0.34571593503657405
13058,2020-03-28 02:00:00,323.090942383,0.6669336481934168
13059,2020-03-28 03:00:00,323.27444458,0.11170624785881544
13060,2020-03-28 04:00:00,323.483520508,0.023133863729958848
13061,2020-03-28 05:00:00,323.709411621,0.6767027855943422
13062,2020-03-28 06:00:00,323.957061768,0.24128737692271396
13063,2020-03-28 07:00:00,324.067871094,0.13072613942322708
13064,2020-03-28 08:00:00,324.150054932,0.39106808326035414
13065,2020-03-28 09:00:00,324.214416504,0.7276336910940533
13066,2020-03-28 10:00:00,324.268005371,0.9030886291866185
13067,2020-03-28 11:00:00,324.316925049,0.07011011987389504
13068,2020-03-28 12:00:00,324.352783203,0.05191259113511648
13069,2020-03-28 13:00:00,324.387268066,0.23105328588099883
13070,2020-03-28 14:00:00,324.423248291,0.5349656964957433
13071,2020-03-28 15:00:00,324.461761475,0.37538842402011063
13072,2020-03-28 16:00:00,324.491149902,0.08143848538353093
13073,2020-03-28 17:00:00,324.508728027,0.482547388312915
13074,2020-03-28 18:00:00,324.516723633,0.7832419304047717
13075,2020-03-28 19:00:00,324.512786865,0.5976388083985243
13076,2020-03-28 20:00:00,324.510375977,0.753505971474155
13077,2020-03-28 21:00:00,324.499938965,0.07965837487652005
13078,2020-03-28 22:00:00,324.490997314,0.37956776850390417
13079,2020-03-28 23:00:00,324.491424561,0.3343767811604673
13080,2020-03-29 00:00:00,324.501312256,0.256883758860615
13081,2020-03-29 01:00:00,324.515136719,0.5797262258164686
13082,2020-03-29 02:00:00,324.527679443,0.5174892748586567
13083,2020-03-29 03:00:00,324.538848877,0.30717053534501604
13084,2020-03-29 04:00:00,324.549041748,0.13199827152542987
13085,2020-03-29 05:00:00,324.558441162,0.9478466995898117
13086,2020-03-29 06:00:00,324.566680908,0.03484878577572159
13087,2020-03-29 07:00:00,324.573577881,0.8453997324031
13088,2020-03-29 08:00:00,324.580780029,0.7491367075834926
13089,2020-03-29 09:00:00,324.587646484,0.19461980696421133
13090,2020-03-29 10:00:00,324.593994141,0.7378880169952954
13091,2020-03-29 11:00:00,324.600646973,0.49198756861464654
13092,2020-03-29 12:00:00,324.603393555,0.6614228214932176
13093,2020-03-29 13:00:00,324.606414795,0.3742788268965094
13094,2020-03-29 14:00:00,324.609802246,0.4060263916804854
13095,2020-03-29 15:00:00,324.610443115,0.8551903455521701
13096,2020-03-29 16:00:00,324.603027344,0.7934288453322681
13097,2020-03-29 17:00:00,324.576660156,0.8889815071505814
13098,2020-03-29 18:00:00,324.546234131,0.9239780641792864
13099,2020-03-29 19:00:00,324.508087158,0.2926012807838597
13100,2020-03-29 20:00:00,324.466278076,0.6652213025997034
13101,2020-03-29 21:00:00,324.428955078,0.7481301183350438
13102,2020-03-29 22:00:00,324.387023926,0.10832135469629856
13103,2020-03-29 23:00:00,324.351409912,0.5403915032790767
13104,2020-03-30 00:00:00,324.34463501,0.7378717000494732
13105,2020-03-30 01:00:00,324.347595215,0.6045484920044207
13106,2020-03-30 02:00:00,324.346069336,0.3879182509270178
13107,2020-03-30 03:00:00,324.351196289,0.9203703883805356
13108,2020-03-30 04:00:00,324.357116699,0.4162494047410127
13109,2020-03-30 05:00:00,324.361206055,0.42186603717953153
13110,2020-03-30 06:00:00,324.363037109,0.4629804920965044
13111,2020-03-30 07:00:00,324.988586426,0.574758462327548
13112,2020-03-30 08:00:00,325.642822266,0.8393433161665639
13113,2020-03-30 09:00:00,326.292633057,0.022353694147973946
13114,2020-03-30 10:00:00,326.938568115,0.12662231291274784
13115,2020-03-30 11:00:00,327.64630127,0.2102510869097577
13116,2020-03-30 12:00:00,328.333374023,0.9009226638134351
13117,2020-03-30 13:00:00,328.535766602,0.09983477664761209
13118,2020-03-30 14:00:00,328.761962891,0.5985019831699802
13119,2020-03-30 15:00:00,329.035552979,0.3019254894737988
13120,2020-03-30 16:00:00,329.343811035,0.06483536691673197
13121,2020-03-30 17:00:00,329.625213623,0.5606841111517434
13122,2020-03-30 18:00:00,329.918731689,0.8565479928199529
13123,2020-03-30 19:00:00,330.162475586,0.1964591994853797
13124,2020-03-30 20:00:00,330.404541016,0.20135376836033492
13125,2020-03-30 21:00:00,330.562805176,0.42641761501511244
13126,2020-03-30 22:00:00,330.667297363,0.8633131596413434
13127,2020-03-30 23:00:00,330.735412598,0.3673091789713545
13128,2020-03-31 00:00:00,330.786590576,0.1897203677219842
13129,2020-03-31 01:00:00,330.82421875,0.8201899285479584
13130,2020-03-31 02:00:00,330.856658936,0.30055785365011223
13131,2020-03-31 03:00:00,330.881958008,0.8566585248460369
13132,2020-03-31 04:00:00,330.899200439,0.7743083350336749
13133,2020-03-31 05:00:00,330.917327881,0.7760380742260791
13134,2020-03-31 06:00:00,330.935058594,0.37291964508084297
13135,2020-03-31 07:00:00,330.95401001,0.7468038762752911
13136,2020-03-31 08:00:00,330.97253418,0.14191924303581338
13137,2020-03-31 09:00:00,330.987670898,0.4313932978715833
13138,2020-03-31 10:00:00,331.001953125,0.28658323765274263
13139,2020-03-31 11:00:00,331.015686035,0.26857977176440684
13140,2020-03-31 12:00:00,331.027740479,0.42087570768352955
13141,2020-03-31 13:00:00,331.039245605,0.6088052193668254
13142,2020-03-31 14:00:00,331.047454834,0.6990511120275446
13143,2020-03-31 15:00:00,331.049743652,0.7020577888636891
13144,2020-03-31 16:00:00,331.039001465,0.3904374456638805
13145,2020-03-31 17:00:00,331.010009766,0.9600248799907314
13146,2020-03-31 18:00:00,330.962799072,0.2877774964760693
13147,2020-03-31 19:00:00,330.904907227,0.6780168293287167
13148,2020-03-31 20:00:00,330.846679688,0.42171506628505184
13149,2020-03-31 21:00:00,330.802856445,0.7350410016067798
13150,2020-03-31 22:00:00,330.756011963,0.13164558347723732
13151,2020-03-31 23:00:00,330.731750488,0.7443337718464291
13152,2020-04-01 00:00:00,330.752410889,0.015517592483287102
13153,2020-04-01 01:00:00,330.768981934,0.729716786672309
13154,2020-04-01 02:00:00,330.781677246,7.804734809435665e-05
13155,2020-04-01 03:00:00,330.791259766,0.2079376748202495
13156,2020-04-01 04:00:00,330.793029785,0.5356385883735085
13157,2020-04-01 05:00:00,330.786102295,0.6940191943886983
13158,2020-04-01 06:00:00,330.779724121,0.20650476153877784
13159,2020-04-01 07:00:00,330.787719727,0.49746288808648775
13160,2020-04-01 08:00:00,330.793395996,0.5285314841279343
13161,2020-04-01 09:00:00,330.787597656,0.43646394860505533
13162,2020-04-01 10:00:00,330.77923584,0.6847043517436153
13163,2020-04-01 11:00:00,330.788330078,0.39665477199035437
13164,2020-04-01 12:00:00,330.801116943,0.4194467132674977
13165,2020-04-01 13:00:00,330.815948486,0.5563312826056918
13166,2020-04-01 14:00:00,330.83001709,0.8280987495596516
13167,2020-04-01 15:00:00,330.837036133,0.9747742112380701
13168,2020-04-01 16:00:00,330.823944092,0.8141639350157748
13169,2020-04-01 17:00:00,330.78704834,0.6261551700179901
13170,2020-04-01 18:00:00,330.729370117,0.3869567169161845
13171,2020-04-01 19:00:00,330.657318115,0.21759455757053758
13172,2020-04-01 20:00:00,330.584533691,0.8164888145613758
13173,2020-04-01 21:00:00,330.513000488,0.07997791311192315
13174,2020-04-01 22:00:00,330.455444336,0.012557112042235419
13175,2020-04-01 23:00:00,330.409484863,0.7461148978899436
13176,2020-04-02 00:00:00,330.385467529,0.13708292140572464
13177,2020-04-02 01:00:00,330.362335205,0.8054172664751975
13178,2020-04-02 02:00:00,330.335479736,0.7871917581439469
13179,2020-04-02 03:00:00,330.318115234,0.9476191875799977
13180,2020-04-02 04:00:00,330.299316406,0.199456396098175
13181,2020-04-02 05:00:00,330.303497314,0.7222791329359447
13182,2020-04-02 06:00:00,330.308380127,0.3326468436713723
13183,2020-04-02 07:00:00,330.318572998,0.5737549697907828
13184,2020-04-02 08:00:00,330.319732666,0.5275153484439142
13185,2020-04-02 09:00:00,330.323913574,0.8464440302816537
13186,2020-04-02 10:00:00,330.331787109,0.9679288194780076
13187,2020-04-02 11:00:00,330.338378906,0.974250701706752
13188,2020-04-02 12:00:00,330.34274292,0.13116939680534356
13189,2020-04-02 13:00:00,330.348388672,0.29284815241775985
13190,2020-04-02 14:00:00,330.354919434,0.1502388005360693
13191,2020-04-02 15:00:00,330.357910156,0.8615390861970682
13192,2020-04-02 16:00:00,330.354095459,0.44740644723971035
13193,2020-04-02 17:00:00,330.339447021,0.3817370147458369
13194,2020-04-02 18:00:00,330.323059082,0.2434550220452638
13195,2020-04-02 19:00:00,330.711395264,0.0027316846376984616
13196,2020-04-02 20:00:00,331.11907959,0.46204504226577015
13197,2020-04-02 21:00:00,331.58215332,0.7615764990580904
13198,2020-04-02 22:00:00,332.07131958,0.01991717178804875
13199,2020-04-02 23:00:00,332.582122803,0.8950456692007126
13200,2020-04-03 00:00:00,333.093231201,0.6502731560714553
13201,2020-04-03 01:00:00,333.19519043,0.017775109516925847
13202,2020-04-03 02:00:00,333.268585205,0.44644946761028803
13203,2020-04-03 03:00:00,333.335601807,0.9064614031827923
13204,2020-04-03 04:00:00,333.379760742,0.7968135692806422
13205,2020-04-03 05:00:00,333.416381836,0.15997406706620243
13206,2020-04-03 06:00:00,333.460571289,0.5252998206211186
13207,2020-04-03 07:00:00,333.510437012,0.816714043239012
13208,2020-04-03 08:00:00,333.554534912,0.9520158879595978
13209,2020-04-03 09:00:00,333.599578857,0.11868013531214672
13210,2020-04-03 10:00:00,333.630615234,0.07224985418083496
13211,2020-04-03 11:00:00,333.659942627,0.3062034809048526
13212,2020-04-03 12:00:00,333.679321289,0.051818406491427216
13213,2020-04-03 13:00:00,333.690979004,0.6992393640871727
13214,2020-04-03 14:00:00,333.701477051,0.7306009628610332
13215,2020-04-03 15:00:00,333.711639404,0.7544710626180153
13216,2020-04-03 16:00:00,333.712249756,0.4194097670312288
13217,2020-04-03 17:00:00,333.695800781,0.23709336031318662
13218,2020-04-03 18:00:00,333.682525635,0.14809767038872135
13219,2020-04-03 19:00:00,333.83694458,0.7453836479111855
13220,2020-04-03 20:00:00,334.000976562,0.5780345627995056
13221,2020-04-03 21:00:00,334.193572998,0.5877422904506278
13222,2020-04-03 22:00:00,334.419128418,0.7102283711217653
13223,2020-04-03 23:00:00,334.634216309,0.9632564573389448
13224,2020-04-04 00:00:00,334.871520996,0.0010106058405709994
13225,2020-04-04 01:00:00,334.913299561,0.6083129330742035
13226,2020-04-04 02:00:00,334.942199707,0.12054915998458104
13227,2020-04-04 03:00:00,334.978485107,0.9800927771266723
13228,2020-04-04 04:00:00,334.998138428,0.0676867638277805
13229,2020-04-04 05:00:00,335.01852417,0.646863098784946
13230,2020-04-04 06:00:00,335.037536621,0.541778532064438
13231,2020-04-04 07:00:00,335.054840088,0.4512369316113787
13232,2020-04-04 08:00:00,335.067047119,0.6281326835624365
13233,2020-04-04 09:00:00,335.078460693,0.5653030247869828
13234,2020-04-04 10:00:00,335.105010986,0.5747840732418704
13235,2020-04-04 11:00:00,335.122589111,0.1639625509871746
13236,2020-04-04 12:00:00,335.149261475,0.15309183640592172
13237,2020-04-04 13:00:00,335.165527344,0.1844555946796339
13238,2020-04-04 14:00:00,335.178100586,0.600929879820322
13239,2020-04-04 15:00:00,335.190887451,0.809996321778773
13240,2020-04-04 16:00:00,335.20123291,0.6349225178115571
13241,2020-04-04 17:00:00,335.199798584,0.10433221225469702
13242,2020-04-04 18:00:00,335.20300293,0.4025816795537507
13243,2020-04-04 19:00:00,335.19732666,0.12466265660660392
13244,2020-04-04 20:00:00,335.176391602,0.018718352241432812
13245,2020-04-04 21:00:00,335.128479004,0.3892341276296356
13246,2020-04-04 22:00:00,335.085510254,0.1255909539355976
13247,2020-04-04 23:00:00,335.054443359,0.6771179359618613
13248,2020-04-05 00:00:00,335.062805176,0.49369144980665214
13249,2020-04-05 01:00:00,335.071655273,0.6635115669128598
13250,2020-04-05 02:00:00,335.081542969,0.8499855147022
13251,2020-04-05 03:00:00,335.084320068,0.5005949956890275
13252,2020-04-05 04:00:00,335.08505249,0.8944124757244939
13253,2020-04-05 05:00:00,335.084564209,0.21680984254293734
13254,2020-04-05 06:00:00,335.082092285,0.7884324471171016
13255,2020-04-05 07:00:00,335.080322266,0.08799258119891618
13256,2020-04-05 08:00:00,335.076904297,0.011130359162770387
13257,2020-04-05 09:00:00,335.081939697,0.8132237981341522
13258,2020-04-05 10:00:00,335.089782715,0.9271684830014328
13259,2020-04-05 11:00:00,335.097564697,0.7040551627724417
13260,2020-04-05 12:00:00,335.10458374,0.4388874101178176
13261,2020-04-05 13:00:00,335.110992432,0.9255426407843932
13262,2020-04-05 14:00:00,335.116943359,0.09161087124193801
13263,2020-04-05 15:00:00,335.119781494,0.9930871098976548
13264,2020-04-05 16:00:00,335.107025146,0.4934712616453958
13265,2020-04-05 17:00:00,335.070678711,0.8084225532149201
13266,2020-04-05 18:00:00,335.011474609,0.1410288831593942
13267,2020-04-05 19:00:00,334.94354248,0.32854067803281295
13268,2020-04-05 20:00:00,334.866119385,0.37710013982634205
13269,2020-04-05 21:00:00,334.794189453,0.9428940561771344
13270,2020-04-05 22:00:00,334.726257324,0.5291163023706995
13271,2020-04-05 23:00:00,334.675445557,0.20878447831979308
13272,2020-04-06 00:00:00,334.650695801,0.3586441671569147
13273,2020-04-06 01:00:00,334.626831055,0.3794853314926936
13274,2020-04-06 02:00:00,334.621643066,0.8590271121928332
13275,2020-04-06 03:00:00,334.616088867,0.7410627675062125
13276,2020-04-06 04:00:00,334.613708496,0.34426848894040707
13277,2020-04-06 05:00:00,334.605743408,0.6969628002337646
13278,2020-04-06 06:00:00,334.599853516,0.6492527824048566
13279,2020-04-06 07:00:00,334.600769043,0.7411204246884509
13280,2020-04-06 08:00:00,334.600708008,0.6482011785200276
13281,2020-04-06 09:00:00,334.601196289,0.5349216592850081
13282,2020-04-06 10:00:00,334.606750488,0.8125783219632996
13283,2020-04-06 11:00:00,334.605957031,0.7663823264507128
13284,2020-04-06 12:00:00,334.602355957,0.3136027265051502
13285,2020-04-06 13:00:00,334.611846924,0.2412817180592871
13286,2020-04-06 14:00:00,334.621398926,0.8975979766615148
13287,2020-04-06 15:00:00,334.625061035,0.3838176962351344
13288,2020-04-06 16:00:00,334.61151123,0.03266529082741276
13289,2020-04-06 17:00:00,334.571594238,0.16829462186418753
13290,2020-04-06 18:00:00,334.506896973,0.0305195729596055
13291,2020-04-06 19:00:00,334.432525635,0.3621307123727011
13292,2020-04-06 20:00:00,334.347930908,0.8003672350321511
13293,2020-04-06 21:00:00,334.269134521,0.4287131561694949
13294,2020-04-06 22:00:00,334.202392578,0.1731028807656293
13295,2020-04-06 23:00:00,334.148345947,0.8123652441008857
13296,2020-04-07 00:00:00,334.143981934,0.2121339891642846
13297,2020-04-07 01:00:00,334.137512207,0.9847119006273063
13298,2020-04-07 02:00:00,334.121551514,0.6028398921475702
13299,2020-04-07 03:00:00,334.1015625,0.3993873705882207
13300,2020-04-07 04:00:00,334.090942383,0.41123160574178674
13301,2020-04-07 05:00:00,334.069824219,0.8680365691135058
13302,2020-04-07 06:00:00,334.05090332,0.8773576068995965
13303,2020-04-07 07:00:00,334.031921387,0.6516831352670154
13304,2020-04-07 08:00:00,334.02130127,0.28360064058552914
13305,2020-04-07 09:00:00,334.02142334,0.6141525776045905
13306,2020-04-07 10:00:00,334.021972656,0.010784969757526519
13307,2020-04-07 11:00:00,334.024932861,0.13484026647209923
13308,2020-04-07 12:00:00,334.030151367,0.1708364953071606
13309,2020-04-07 13:00:00,334.037811279,0.27717141126355305
13310,2020-04-07 14:00:00,334.044250488,0.775587420865687
13311,2020-04-07 15:00:00,334.046081543,0.4079134067333502
13312,2020-04-07 16:00:00,334.036071777,0.03744132866133176
13313,2020-04-07 17:00:00,334.007781982,0.9126360287442392
13314,2020-04-07 18:00:00,333.966308594,0.03363447930118513
13315,2020-04-07 19:00:00,333.914428711,0.36645556507350296
13316,2020-04-07 20:00:00,333.850158691,0.6221008909924911
13317,2020-04-07 21:00:00,333.782897949,0.8259694285863837
13318,2020-04-07 22:00:00,333.73260498,0.7294254116127881
13319,2020-04-07 23:00:00,333.698791504,0.4897775743622468
13320,2020-04-08 00:00:00,333.699157715,0.25931450830611247
13321,2020-04-08 01:00:00,333.693847656,0.4677795770016244
13322,2020-04-08 02:00:00,333.681640625,0.9124325057883675
13323,2020-04-08 03:00:00,333.680969238,0.8752179693020038
13324,2020-04-08 04:00:00,333.683532715,0.2784027133840057
13325,2020-04-08 05:00:00,333.684082031,0.8467359103260762
13326,2020-04-08 06:00:00,333.682495117,0.9962425162126917
13327,2020-04-08 07:00:00,333.683166504,0.9736052130767884
13328,2020-04-08 08:00:00,333.683959961,0.8067923176205273
13329,2020-04-08 09:00:00,333.686096191,0.01758266432491784
13330,2020-04-08 10:00:00,333.690002441,0.41778439348592866
13331,2020-04-08 11:00:00,333.695922852,0.3207751163196667
13332,2020-04-08 12:00:00,333.701507568,0.2991034813148825
13333,2020-04-08 13:00:00,333.707275391,0.8281995403535614
13334,2020-04-08 14:00:00,333.711090088,0.693735054373597
13335,2020-04-08 15:00:00,333.712677002,0.734490303755591
13336,2020-04-08 16:00:00,333.699615479,0.8357603026309516
13337,2020-04-08 17:00:00,333.668212891,0.6762896808792044
13338,2020-04-08 18:00:00,333.614379883,0.0665056178814949
13339,2020-04-08 19:00:00,333.544586182,0.8523970056730312
13340,2020-04-08 20:00:00,333.467803955,0.6239050024921882
13341,2020-04-08 21:00:00,333.407775879,0.21882343573045404
13342,2020-04-08 22:00:00,333.359863281,0.5764135650501212
13343,2020-04-08 23:00:00,333.332000732,0.1532670439992544
13344,2020-04-09 00:00:00,333.337738037,0.9960412081310944
13345,2020-04-09 01:00:00,333.342834473,0.9306524482540589
13346,2020-04-09 02:00:00,333.34387207,0.178296523669082
13347,2020-04-09 03:00:00,333.345275879,0.06158440718019842
13348,2020-04-09 04:00:00,333.350463867,0.8533321711059756
13349,2020-04-09 05:00:00,333.348815918,0.23599891913497517
13350,2020-04-09 06:00:00,333.333007812,0.9579899320079405
13351,2020-04-09 07:00:00,333.306091309,0.443035109954789
13352,2020-04-09 08:00:00,333.27722168,0.8350704234020977
13353,2020-04-09 09:00:00,333.256835938,0.4353851710030564
13354,2020-04-09 10:00:00,333.26260376,0.530987960953348
13355,2020-04-09 11:00:00,333.271911621,0.36639017582360667
13356,2020-04-09 12:00:00,333.282226562,0.6276644236113565
13357,2020-04-09 13:00:00,333.29296875,0.9166790869089297
13358,2020-04-09 14:00:00,333.300720215,0.21577014376889514
13359,2020-04-09 15:00:00,333.29888916,0.7531210630444972
13360,2020-04-09 16:00:00,333.281555176,0.4568848457687623
13361,2020-04-09 17:00:00,333.251281738,0.2710566213372334
13362,2020-04-09 18:00:00,333.200744629,0.19179057111174747
13363,2020-04-09 19:00:00,333.13104248,0.33075729508437
13364,2020-04-09 20:00:00,333.052246094,0.16619180977790549
13365,2020-04-09 21:00:00,332.975769043,0.33767029279868976
13366,2020-04-09 22:00:00,332.9140625,0.7780871810019433
13367,2020-04-09 23:00:00,332.890319824,0.6032096605702404
13368,2020-04-10 00:00:00,332.90826416,0.48494104697931917
13369,2020-04-10 01:00:00,332.920013428,0.10406723800567252
13370,2020-04-10 02:00:00,332.93560791,0.11267084314738562
13371,2020-04-10 03:00:00,332.947631836,0.09607381810292592
13372,2020-04-10 04:00:00,332.947509766,0.3401393798642046
13373,2020-04-10 05:00:00,332.951599121,0.22609884751706022
13374,2020-04-10 06:00:00,332.953338623,0.5764787599024171
13375,2020-04-10 07:00:00,332.95892334,0.06412297440970738
13376,2020-04-10 08:00:00,332.966064453,0.9234003382477356
13377,2020-04-10 09:00:00,332.971740723,0.07003498422810073
13378,2020-04-10 10:00:00,332.978393555,0.7441092373711957
13379,2020-04-10 11:00:00,332.987030029,0.7026543284380443
13380,2020-04-10 12:00:00,332.99395752,0.44692096575012685
13381,2020-04-10 13:00:00,332.999176025,0.6830395189537146
13382,2020-04-10 14:00:00,333.003234863,0.6775613907236461
13383,2020-04-10 15:00:00,333.004455566,0.7448081622144004
13384,2020-04-10 16:00:00,332.992919922,0.889825709898591
13385,2020-04-10 17:00:00,332.951416016,0.7468421360210739
13386,2020-04-10 18:00:00,332.88269043,0.22879940299489798
13387,2020-04-10 19:00:00,332.805358887,0.22163538085410073
13388,2020-04-10 20:00:00,332.725830078,0.0649659808402342
13389,2020-04-10 21:00:00,332.658691406,0.13135414189734518
13390,2020-04-10 22:00:00,332.6015625,0.7611115288463165
13391,2020-04-10 23:00:00,332.562896729,0.6913169482870717
13392,2020-04-11 00:00:00,332.570495605,0.0102103321381809
13393,2020-04-11 01:00:00,332.575439453,0.2606517038455687
13394,2020-04-11 02:00:00,332.579772949,0.9574125588024237
13395,2020-04-11 03:00:00,332.582824707,0.6916798434877962
13396,2020-04-11 04:00:00,332.58392334,0.020363046008978203
13397,2020-04-11 05:00:00,332.585144043,0.15640937836439273
13398,2020-04-11 06:00:00,332.586578369,0.5340713172371522
13399,2020-04-11 07:00:00,332.58996582,0.5231626371609264
13400,2020-04-11 08:00:00,332.595275879,0.8350077405260984
13401,2020-04-11 09:00:00,332.601135254,0.3999592063367532
13402,2020-04-11 10:00:00,332.606750488,0.747734626718385
13403,2020-04-11 11:00:00,332.610900879,0.9699083773990806
13404,2020-04-11 12:00:00,332.615112305,0.7186097988227038
13405,2020-04-11 13:00:00,332.619445801,0.5780373014117953
13406,2020-04-11 14:00:00,332.62310791,0.480456745048234
13407,2020-04-11 15:00:00,332.624847412,0.12641314076449783
13408,2020-04-11 16:00:00,332.612915039,0.3708762741339414
13409,2020-04-11 17:00:00,332.578918457,0.3378772422162867
13410,2020-04-11 18:00:00,332.52545166,0.4552065700590765
13411,2020-04-11 19:00:00,332.465820312,0.8088608362859364
13412,2020-04-11 20:00:00,332.391723633,0.2832561543465778
13413,2020-04-11 21:00:00,332.329772949,0.994649697020355
13414,2020-04-11 22:00:00,332.286224365,0.15783634366584842
13415,2020-04-11 23:00:00,332.251464844,0.9983848916473888
13416,2020-04-12 00:00:00,332.254852295,0.19460916694668817
13417,2020-04-12 01:00:00,332.239379883,0.1778444237389072
13418,2020-04-12 02:00:00,332.22277832,0.25962909134881085
13419,2020-04-12 03:00:00,332.209106445,0.302807759774237
13420,2020-04-12 04:00:00,332.189208984,0.2148559817490009
13421,2020-04-12 05:00:00,332.16619873,0.635367080193749
13422,2020-04-12 06:00:00,332.143310547,0.795251481748805
13423,2020-04-12 07:00:00,332.125030518,0.869409501278592
13424,2020-04-12 08:00:00,332.109832764,0.9756162668764802
13425,2020-04-12 09:00:00,332.098327637,0.28177533015973233
13426,2020-04-12 10:00:00,332.095336914,0.9365313888306687
13427,2020-04-12 11:00:00,332.100463867,0.8372505412438163
13428,2020-04-12 12:00:00,332.106994629,0.33816804923171506
13429,2020-04-12 13:00:00,332.325744629,0.5569656652260154
13430,2020-04-12 14:00:00,332.681884766,0.9821642064173405
13431,2020-04-12 15:00:00,333.053649902,0.33364771356161094
13432,2020-04-12 16:00:00,333.430633545,0.6701073581988308
13433,2020-04-12 17:00:00,333.810302734,0.7416470662040158
13434,2020-04-12 18:00:00,334.215087891,0.5700011296658153
13435,2020-04-12 19:00:00,334.465209961,0.17878272921091554
13436,2020-04-12 20:00:00,334.658843994,0.5552853402167605
13437,2020-04-12 21:00:00,334.799072266,0.19699650722881235
13438,2020-04-12 22:00:00,334.899200439,0.6797467616278743
13439,2020-04-12 23:00:00,334.95880127,0.029619439070541098
13440,2020-04-13 00:00:00,334.996582031,0.9257085057108192
13441,2020-04-13 01:00:00,334.998504639,0.6425147051964922
13442,2020-04-13 02:00:00,334.994689941,0.7560199933788897
13443,2020-04-13 03:00:00,334.990753174,0.19391133224532853
13444,2020-04-13 04:00:00,334.992706299,0.9428614294856559
13445,2020-04-13 05:00:00,334.99307251,0.19265614766923322
13446,2020-04-13 06:00:00,334.99508667,0.5495615452510106
13447,2020-04-13 07:00:00,334.996307373,0.05094741467266495
13448,2020-04-13 08:00:00,334.996704102,0.9501356887223209
13449,2020-04-13 09:00:00,334.996551514,0.6011804486924518
13450,2020-04-13 10:00:00,334.995025635,0.8857965475362066
13451,2020-04-13 11:00:00,334.997131348,0.6736170997145143
13452,2020-04-13 12:00:00,335.001312256,0.6868169664358997
13453,2020-04-13 13:00:00,335.104553223,0.7292931023627949
13454,2020-04-13 14:00:00,335.181762695,0.9481969053519556
13455,2020-04-13 15:00:00,335.258117676,0.3038076053691492
13456,2020-04-13 16:00:00,335.333648682,0.3483548536006529
13457,2020-04-13 17:00:00,335.414550781,0.43579453126004997
13458,2020-04-13 18:00:00,335.487579346,0.07704223527037346
13459,2020-04-13 19:00:00,335.560211182,0.7915600498657737
13460,2020-04-13 20:00:00,335.696868896,0.8953648434909475
13461,2020-04-13 21:00:00,335.831390381,0.07925982368394247
13462,2020-04-13 22:00:00,335.980957031,0.5574467025489547
13463,2020-04-13 23:00:00,336.137634277,0.37750922231604833
13464,2020-04-14 00:00:00,336.280944824,0.49031364300217095
13465,2020-04-14 01:00:00,336.443206787,0.16543219247536234
13466,2020-04-14 02:00:00,336.663238525,0.08481946825179787
13467,2020-04-14 03:00:00,336.91015625,0.3557839314841852
13468,2020-04-14 04:00:00,337.168670654,0.3184482291240599
13469,2020-04-14 05:00:00,337.457763672,0.168877593894046
13470,2020-04-14 06:00:00,337.793762207,0.23565937741875242
13471,2020-04-14 07:00:00,338.134002686,0.9301006021985345
13472,2020-04-14 08:00:00,338.393493652,0.2267906382142787
13473,2020-04-14 09:00:00,338.665435791,0.7477419621863517
13474,2020-04-14 10:00:00,338.949432373,0.27813801387800663
13475,2020-04-14 11:00:00,339.254211426,0.3759930422650909
13476,2020-04-14 12:00:00,339.611419678,0.38944548700544934
13477,2020-04-14 13:00:00,339.699005127,0.4113631614011394
13478,2020-04-14 14:00:00,339.76751709,0.8570546185299546
13479,2020-04-14 15:00:00,339.826812744,0.654979994775985
13480,2020-04-14 16:00:00,339.900817871,0.6174993678000521
13481,2020-04-14 17:00:00,339.996124268,0.5339892833981308
13482,2020-04-14 18:00:00,340.070251465,0.985181726229753
13483,2020-04-14 19:00:00,340.094055176,0.019458193596511464
13484,2020-04-14 20:00:00,340.115081787,0.8944929844897468
13485,2020-04-14 21:00:00,340.143981934,0.7296580020075064
13486,2020-04-14 22:00:00,340.171112061,0.20666852356686838
13487,2020-04-14 23:00:00,340.1875,0.2856198496125941
13488,2020-04-15 00:00:00,340.203033447,0.2925962827115811
13489,2020-04-15 01:00:00,340.21295166,0.6541742079860704
13490,2020-04-15 02:00:00,340.218383789,0.5600316560864839
13491,2020-04-15 03:00:00,340.219787598,0.7726502112609155
13492,2020-04-15 04:00:00,340.220214844,0.906125964744632
13493,2020-04-15 05:00:00,340.220367432,0.5801474479605202
13494,2020-04-15 06:00:00,340.220611572,0.9489126301382415
13495,2020-04-15 07:00:00,340.220153809,0.41869164099288536
13496,2020-04-15 08:00:00,340.218322754,0.4891351429039139
13497,2020-04-15 09:00:00,340.21585083,0.649181870182348
13498,2020-04-15 10:00:00,340.213745117,0.9567993954051602
13499,2020-04-15 11:00:00,340.21270752,0.6864971511405549
13500,2020-04-15 12:00:00,340.211242676,0.5375728695731727
13501,2020-04-15 13:00:00,340.209075928,0.012589724814579872
13502,2020-04-15 14:00:00,340.208099365,0.41523843891931567
13503,2020-04-15 15:00:00,340.206237793,0.9662394936411034
13504,2020-04-15 16:00:00,340.198638916,0.9490882268535195
13505,2020-04-15 17:00:00,340.185333252,0.6299111121433784
13506,2020-04-15 18:00:00,340.158813477,0.12004308403760888
13507,2020-04-15 19:00:00,340.119384766,0.13218504749207327
13508,2020-04-15 20:00:00,340.083282471,0.6217600758720833
13509,2020-04-15 21:00:00,340.037322998,0.8792100480744314
13510,2020-04-15 22:00:00,339.994293213,0.39996871094637043
13511,2020-04-15 23:00:00,339.966522217,0.12283913237863342
13512,2020-04-16 00:00:00,339.963653564,0.5869229369393621
13513,2020-04-16 01:00:00,339.964599609,0.7811670710769709
13514,2020-04-16 02:00:00,339.970397949,0.4446817760097711
13515,2020-04-16 03:00:00,339.976745605,0.5425333816036534
13516,2020-04-16 04:00:00,339.98550415,0.6918752820023766
13517,2020-04-16 05:00:00,339.994354248,0.9097223938225084
13518,2020-04-16 06:00:00,339.995391846,0.23984206136846398
13519,2020-04-16 07:00:00,339.997467041,0.5648451296734013
13520,2020-04-16 08:00:00,340.000549316,0.08380444106021845
13521,2020-04-16 09:00:00,340.004821777,0.7670521465698006
13522,2020-04-16 10:00:00,340.0105896,0.9452320616580436
13523,2020-04-16 11:00:00,340.018127441,0.3842103892229707
13524,2020-04-16 12:00:00,340.021392822,0.48085713075165726
13525,2020-04-16 13:00:00,340.150421143,0.14329956429867108
13526,2020-04-16 14:00:00,340.291503906,0.24802511074329203
13527,2020-04-16 15:00:00,340.434997559,0.8165212458607303
13528,2020-04-16 16:00:00,340.587799072,0.17313183003583688
13529,2020-04-16 17:00:00,340.741516113,0.735929243447714
13530,2020-04-16 18:00:00,340.914428711,0.8301896903095409
13531,2020-04-16 19:00:00,340.997741699,0.14735775725760691
13532,2020-04-16 20:00:00,341.042724609,0.4435642329075318
13533,2020-04-16 21:00:00,341.114990234,0.31801288207946854
13534,2020-04-16 22:00:00,341.135437012,0.4836493211942807
13535,2020-04-16 23:00:00,341.160552979,0.6629126217294202
13536,2020-04-17 00:00:00,341.184204102,0.8752972667555028
13537,2020-04-17 01:00:00,341.315795898,0.5614425460467791
13538,2020-04-17 02:00:00,341.45324707,0.7414708832569709
13539,2020-04-17 03:00:00,341.599761963,0.6955547254217191
13540,2020-04-17 04:00:00,341.74432373,0.5264262468140629
13541,2020-04-17 05:00:00,341.880615234,0.9620963501380043
13542,2020-04-17 06:00:00,342.036621094,0.019035271769089035
13543,2020-04-17 07:00:00,342.101196289,0.16101184242668076
13544,2020-04-17 08:00:00,342.155212402,0.04215553764479307
13545,2020-04-17 09:00:00,342.204376221,0.025207751336251305
13546,2020-04-17 10:00:00,342.241790771,0.8660944982910195
13547,2020-04-17 11:00:00,342.278198242,0.35277862024456696
13548,2020-04-17 12:00:00,342.305084229,0.3282821870792978
13549,2020-04-17 13:00:00,342.415313721,0.2921925663228758
13550,2020-04-17 14:00:00,342.52746582,0.4519754669765589
13551,2020-04-17 15:00:00,342.646179199,0.6915392990190606
13552,2020-04-17 16:00:00,342.762817383,0.41116099155761643
13553,2020-04-17 17:00:00,342.863769531,0.9550958731505121
13554,2020-04-17 18:00:00,342.960479736,0.6726398733674472
13555,2020-04-17 19:00:00,343.050872803,0.16078658951098224
13556,2020-04-17 20:00:00,343.149078369,0.9712852849160152
13557,2020-04-17 21:00:00,343.242736816,0.794113546611106
13558,2020-04-17 22:00:00,343.34552002,0.6868214192626292
13559,2020-04-17 23:00:00,343.464416504,0.46854506924284123
13560,2020-04-18 00:00:00,343.592041016,0.37249878569114725
13561,2020-04-18 01:00:00,343.702880859,0.4119064828552651
13562,2020-04-18 02:00:00,343.814910889,0.9696163144644456
13563,2020-04-18 03:00:00,343.928436279,0.8629002362858147
13564,2020-04-18 04:00:00,344.054046631,0.9918976115878553
13565,2020-04-18 05:00:00,344.191070557,0.854083962723967
13566,2020-04-18 06:00:00,344.327301025,0.3672310364794342
13567,2020-04-18 07:00:00,344.462463379,0.5262307961004903
13568,2020-04-18 08:00:00,344.59161377,0.7825328026483092
13569,2020-04-18 09:00:00,344.727264404,0.9880615340445688
13570,2020-04-18 10:00:00,344.866088867,0.5452691164625001
13571,2020-04-18 11:00:00,345.001281738,0.4904306420601894
13572,2020-04-18 12:00:00,345.137664795,0.8086585740951437
13573,2020-04-18 13:00:00,345.188934326,0.5096077098011466
13574,2020-04-18 14:00:00,345.223236084,0.9015037709971847
13575,2020-04-18 15:00:00,345.301208496,0.4968003602949549
13576,2020-04-18 16:00:00,345.351531982,0.49238699324621915
13577,2020-04-18 17:00:00,345.38973999,0.35901815574830587
13578,2020-04-18 18:00:00,345.413909912,0.07341680796316918
13579,2020-04-18 19:00:00,345.428924561,0.5861988355836232
13580,2020-04-18 20:00:00,345.426696777,0.2165630036255548
13581,2020-04-18 21:00:00,345.418487549,0.5166664462262092
13582,2020-04-18 22:00:00,345.407165527,0.8320145003597745
13583,2020-04-18 23:00:00,345.405517578,0.10575943477922622
13584,2020-04-19 00:00:00,345.417602539,0.3446279606623116
13585,2020-04-19 01:00:00,345.428497314,0.6773727687842581
13586,2020-04-19 02:00:00,345.436462402,0.4403865945251644
13587,2020-04-19 03:00:00,345.441802979,0.4423922293766388
13588,2020-04-19 04:00:00,345.452758789,0.8258014736449516
13589,2020-04-19 05:00:00,345.464019775,0.0402412130227654
13590,2020-04-19 06:00:00,345.476898193,0.4497737364875771
13591,2020-04-19 07:00:00,345.747283936,0.2558347162467448
13592,2020-04-19 08:00:00,346.032531738,0.05872163954148801
13593,2020-04-19 09:00:00,346.335632324,0.5987901467469969
13594,2020-04-19 10:00:00,346.656341553,0.8834387563587509
13595,2020-04-19 11:00:00,346.983459473,0.5953912716491724
13596,2020-04-19 12:00:00,347.321960449,0.3149015799389595
13597,2020-04-19 13:00:00,347.413726807,0.29631798988657676
13598,2020-04-19 14:00:00,347.509887695,0.8024875605832358
13599,2020-04-19 15:00:00,347.601593018,0.36971929369675116
13600,2020-04-19 16:00:00,347.672546387,0.6073225901033721
13601,2020-04-19 17:00:00,347.699462891,0.10618986916204931
13602,2020-04-19 18:00:00,347.765686035,0.18702486751391645
13603,2020-04-19 19:00:00,347.930877686,0.08945300621378416
13604,2020-04-19 20:00:00,348.078796387,0.35468056689314875
13605,2020-04-19 21:00:00,348.228881836,0.14478026273325462
13606,2020-04-19 22:00:00,348.360870361,0.620734373197006
13607,2020-04-19 23:00:00,348.501800537,0.44866058106743534
13608,2020-04-20 00:00:00,348.638977051,0.5641347464100082
13609,2020-04-20 01:00:00,348.653381348,0.21240565685111634
13610,2020-04-20 02:00:00,348.669067383,0.1477119142950244
13611,2020-04-20 03:00:00,348.686157227,0.16198093007093406
13612,2020-04-20 04:00:00,348.694519043,0.7449645330599023
13613,2020-04-20 05:00:00,348.710266113,0.21364456011146815
13614,2020-04-20 06:00:00,348.729431152,0.3341956577928784
13615,2020-04-20 07:00:00,348.845672607,0.8515489933086452
13616,2020-04-20 08:00:00,348.968505859,0.587893533756342
13617,2020-04-20 09:00:00,349.090118408,0.47016563171578796
13618,2020-04-20 10:00:00,349.21572876,0.7666507329208153
13619,2020-04-20 11:00:00,349.352233887,0.4026042898409452
13620,2020-04-20 12:00:00,349.509643555,0.6709890456860216
13621,2020-04-20 13:00:00,349.563537598,0.9020935656116233
13622,2020-04-20 14:00:00,349.609588623,0.2298396651871295
13623,2020-04-20 15:00:00,349.635650635,0.6119876062101557
13624,2020-04-20 16:00:00,349.65625,0.6607265522752135
13625,2020-04-20 17:00:00,349.684844971,0.3154869873243761
13626,2020-04-20 18:00:00,349.720306396,0.5669799322005152
13627,2020-04-20 19:00:00,349.786895752,0.19517730930378907
13628,2020-04-20 20:00:00,349.863311768,0.02787485827124636
13629,2020-04-20 21:00:00,349.923736572,0.41270899764296853
13630,2020-04-20 22:00:00,350.003051758,0.7262213204759143
13631,2020-04-20 23:00:00,350.087982178,0.08394843487669912
13632,2020-04-21 00:00:00,350.181793213,0.8640664497518877
13633,2020-04-21 01:00:00,350.233642578,0.6352904341602197
13634,2020-04-21 02:00:00,350.250030518,0.8523807733483106
13635,2020-04-21 03:00:00,350.258728027,0.7718831902515861
13636,2020-04-21 04:00:00,350.27734375,0.8200644666893337
13637,2020-04-21 05:00:00,350.289428711,0.14934622680384269
13638,2020-04-21 06:00:00,350.301330566,0.25260497412202065
13639,2020-04-21 07:00:00,350.320709229,0.013550142744155669
13640,2020-04-21 08:00:00,350.353057861,0.12054935923686694
13641,2020-04-21 09:00:00,350.375091553,0.048890632384435584
13642,2020-04-21 10:00:00,350.396270752,0.9812985101408875
13643,2020-04-21 11:00:00,350.422515869,0.3363054144780896
13644,2020-04-21 12:00:00,350.44442749,0.43782782982973545
13645,2020-04-21 13:00:00,350.580322266,0.27715047601090625
13646,2020-04-21 14:00:00,350.714660645,0.08516557753469156
13647,2020-04-21 15:00:00,350.839294434,0.8079448538679372
13648,2020-04-21 16:00:00,350.958221436,0.49613059903304635
13649,2020-04-21 17:00:00,351.075469971,0.30491741381279736
13650,2020-04-21 18:00:00,351.187316895,0.48768837659837205
13651,2020-04-21 19:00:00,351.472045898,0.5681622525908762
13652,2020-04-21 20:00:00,351.805389404,0.30080916178637385
13653,2020-04-21 21:00:00,352.134429932,0.32615313810537927
13654,2020-04-21 22:00:00,352.462860107,0.5690965367622406
13655,2020-04-21 23:00:00,352.800689697,0.6837681579185708
13656,2020-04-22 00:00:00,353.085266113,0.7237461186024681
13657,2020-04-22 01:00:00,353.569732666,0.3478292285356881
13658,2020-04-22 02:00:00,354.041748047,0.6731859730172669
13659,2020-04-22 03:00:00,354.523803711,0.46090352082223984
13660,2020-04-22 04:00:00,355.08215332,0.33988415038356534
13661,2020-04-22 05:00:00,355.811035156,0.6146618993511196
13662,2020-04-22 06:00:00,356.573822021,0.37986394513095
13663,2020-04-22 07:00:00,356.873260498,0.040391523404609164
13664,2020-04-22 08:00:00,357.128479004,0.4751149031153614
13665,2020-04-22 09:00:00,357.276763916,0.3787361800165596
13666,2020-04-22 10:00:00,357.460418701,0.4860937245774487
13667,2020-04-22 11:00:00,357.55480957,0.5505880023756363
13668,2020-04-22 12:00:00,357.705474854,0.1697055550260238
13669,2020-04-22 13:00:00,357.845672607,0.5118599970936757
13670,2020-04-22 14:00:00,357.960144043,0.3604446807845103
13671,2020-04-22 15:00:00,358.07434082,0.737345512682678
13672,2020-04-22 16:00:00,358.151306152,0.9360042558299095
13673,2020-04-22 17:00:00,358.190155029,0.7234077809615755
13674,2020-04-22 18:00:00,358.224731445,0.5527377908112737
13675,2020-04-22 19:00:00,358.238830566,0.500563878431254
13676,2020-04-22 20:00:00,358.237213135,0.07664990259560767
13677,2020-04-22 21:00:00,358.21987915,0.3823827042302528
13678,2020-04-22 22:00:00,358.216278076,0.3170000325983625
13679,2020-04-22 23:00:00,358.244812012,0.43521135732455096
13680,2020-04-23 00:00:00,358.255279541,0.9959811864081272
13681,2020-04-23 01:00:00,358.253723145,0.7691545650963212
13682,2020-04-23 02:00:00,358.247131348,0.12267531258023934
13683,2020-04-23 03:00:00,358.24899292,0.6773934548201047
13684,2020-04-23 04:00:00,358.24307251,0.8540423131130086
13685,2020-04-23 05:00:00,358.23614502,0.29634911750632187
13686,2020-04-23 06:00:00,358.231964111,0.12244205314303847
13687,2020-04-23 07:00:00,358.232879639,0.5540909780659712
13688,2020-04-23 08:00:00,358.231567383,0.2404230554888488
13689,2020-04-23 09:00:00,358.230987549,0.06068210668739549
13690,2020-04-23 10:00:00,358.231048584,0.49110931232891497
13691,2020-04-23 11:00:00,358.228851318,0.4175299292102491
13692,2020-04-23 12:00:00,358.236999512,0.14292240274586276
13693,2020-04-23 13:00:00,358.239746094,0.3402609256841216
13694,2020-04-23 14:00:00,358.24798584,0.9672600812071239
13695,2020-04-23 15:00:00,358.238006592,0.43109255543888836
13696,2020-04-23 16:00:00,358.223388672,0.06975659687353963
13697,2020-04-23 17:00:00,358.202484131,0.11806985388037727
13698,2020-04-23 18:00:00,358.174377441,0.08702968916928477
13699,2020-04-23 19:00:00,358.191864014,0.8501010458447775
13700,2020-04-23 20:00:00,358.217926025,0.7680249220979148
13701,2020-04-23 21:00:00,358.252105713,0.13010506433996427
13702,2020-04-23 22:00:00,358.29586792,0.9645464158847384
13703,2020-04-23 23:00:00,358.370422363,0.43973857138734895
13704,2020-04-24 00:00:00,358.444610596,0.9810046661634494
13705,2020-04-24 01:00:00,358.462799072,0.316307934851793
13706,2020-04-24 02:00:00,358.471832275,0.33598514195881357
13707,2020-04-24 03:00:00,358.470489502,0.23685065788122195
13708,2020-04-24 04:00:00,358.509063721,0.2577270946133142
13709,2020-04-24 05:00:00,358.506896973,0.32814538860470677
13710,2020-04-24 06:00:00,358.511627197,0.639553936662676
13711,2020-04-24 07:00:00,358.517486572,0.9368885248949607
13712,2020-04-24 08:00:00,358.523773193,0.9394943155534492
13713,2020-04-24 09:00:00,358.530883789,0.0019324685596909807
13714,2020-04-24 10:00:00,358.537200928,0.6897121562330204
13715,2020-04-24 11:00:00,358.545135498,0.5908422731800299
13716,2020-04-24 12:00:00,358.554168701,0.5829966635173215
13717,2020-04-24 13:00:00,358.562957764,0.6803236865582689
13718,2020-04-24 14:00:00,358.571014404,0.889290934854325
13719,2020-04-24 15:00:00,358.56829834,0.31425429362758206
13720,2020-04-24 16:00:00,358.565093994,0.37597649858071414
13721,2020-04-24 17:00:00,358.552764893,0.3777530551413263
13722,2020-04-24 18:00:00,358.519927979,0.42149796873951795
13723,2020-04-24 19:00:00,358.476623535,0.1734848146588206
13724,2020-04-24 20:00:00,358.428619385,0.08645224686034436
13725,2020-04-24 21:00:00,358.378540039,0.834376835656397
13726,2020-04-24 22:00:00,358.339019775,0.6353961168679246
13727,2020-04-24 23:00:00,358.300598145,0.22028118226503524
13728,2020-04-25 00:00:00,358.292449951,0.8435259024745196
13729,2020-04-25 01:00:00,358.270599365,0.47495480898508724
13730,2020-04-25 02:00:00,358.25012207,0.9989197776291724
13731,2020-04-25 03:00:00,358.248901367,0.3154916917214291
13732,2020-04-25 04:00:00,358.234191895,0.7079087637416225
13733,2020-04-25 05:00:00,358.221588135,0.9037130390564331
13734,2020-04-25 06:00:00,358.209564209,0.3827580648101916
13735,2020-04-25 07:00:00,358.199432373,0.7187337162596267
13736,2020-04-25 08:00:00,358.190093994,0.479025401796804
13737,2020-04-25 09:00:00,358.191986084,0.5163799630323634
13738,2020-04-25 10:00:00,358.191711426,0.1315945129173396
13739,2020-04-25 11:00:00,358.195770264,0.9627065654308482
13740,2020-04-25 12:00:00,358.200927734,0.6133869900613346
13741,2020-04-25 13:00:00,358.207824707,0.753175175615083
13742,2020-04-25 14:00:00,358.216430664,0.750381727565644
13743,2020-04-25 15:00:00,358.218414307,0.4587938585169664
13744,2020-04-25 16:00:00,358.195953369,0.32456691851973996
13745,2020-04-25 17:00:00,358.160827637,0.7000281567937207
13746,2020-04-25 18:00:00,358.107299805,0.9885670315681656
13747,2020-04-25 19:00:00,358.035461426,0.8227988842149546
13748,2020-04-25 20:00:00,357.957305908,0.6052723533689489
13749,2020-04-25 21:00:00,357.895996094,0.22562503172696846
13750,2020-04-25 22:00:00,357.834228516,0.1734461494910362
13751,2020-04-25 23:00:00,357.778320312,0.17937497089235
13752,2020-04-26 00:00:00,357.756866455,0.24048086080697728
13753,2020-04-26 01:00:00,357.720733643,0.6003555159290935
13754,2020-04-26 02:00:00,357.684051514,0.8849404129607445
13755,2020-04-26 03:00:00,357.665710449,0.8460463081354896
13756,2020-04-26 04:00:00,357.652191162,0.7660413295150603
13757,2020-04-26 05:00:00,357.649139404,0.6660142971791221
13758,2020-04-26 06:00:00,357.628875732,0.7529850401887357
13759,2020-04-26 07:00:00,357.62310791,0.9603794648443474
13760,2020-04-26 08:00:00,357.621643066,0.027289114630758893
13761,2020-04-26 09:00:00,357.626098633,0.003591299257740599
13762,2020-04-26 10:00:00,357.631103516,0.41306510837775967
13763,2020-04-26 11:00:00,357.637512207,0.35145861420210966
13764,2020-04-26 12:00:00,357.643493652,0.22399000597954621
13765,2020-04-26 13:00:00,357.650360107,0.0029026821211299847
13766,2020-04-26 14:00:00,357.65612793,0.5586671299021064
13767,2020-04-26 15:00:00,357.654541016,0.6627806036748857
13768,2020-04-26 16:00:00,357.624481201,0.4378208401843763
13769,2020-04-26 17:00:00,357.592041016,0.972713099265659
13770,2020-04-26 18:00:00,357.539276123,0.11107571669503313
13771,2020-04-26 19:00:00,357.47744751,0.6062763154106421
13772,2020-04-26 20:00:00,357.393463135,0.16730863614896552
13773,2020-04-26 21:00:00,357.303314209,0.42298312275330374
13774,2020-04-26 22:00:00,357.227020264,0.32488418031086863
13775,2020-04-26 23:00:00,357.173370361,0.4611454529586636
13776,2020-04-27 00:00:00,357.136352539,0.1093411108027652
13777,2020-04-27 01:00:00,357.115142822,0.9708290231907512
13778,2020-04-27 02:00:00,357.120697021,0.7314717684812535
13779,2020-04-27 03:00:00,357.099731445,0.23739962376950108
13780,2020-04-27 04:00:00,357.104705811,0.30484483766498793
13781,2020-04-27 05:00:00,357.108703613,0.6531281247089813
13782,2020-04-27 06:00:00,357.117767334,0.2957025030652167
13783,2020-04-27 07:00:00,357.128845215,0.43982899940293696
13784,2020-04-27 08:00:00,357.138061523,0.5240681323069618
13785,2020-04-27 09:00:00,357.145843506,0.3280158004151956
13786,2020-04-27 10:00:00,357.141723633,0.1544615668930004
13787,2020-04-27 11:00:00,357.144042969,0.7088284161740239
13788,2020-04-27 12:00:00,357.14553833,0.9324257152249606
13789,2020-04-27 13:00:00,357.15246582,0.029005433774575873
13790,2020-04-27 14:00:00,357.157989502,0.4074761163241145
13791,2020-04-27 15:00:00,357.158843994,0.8982401883948118
13792,2020-04-27 16:00:00,357.142669678,0.11409994839763105
13793,2020-04-27 17:00:00,357.107330322,0.642723639844774
13794,2020-04-27 18:00:00,357.06463623,0.6968311167085379
13795,2020-04-27 19:00:00,357.011871338,0.7990917335505003
13796,2020-04-27 20:00:00,356.947906494,0.19455324247649675
13797,2020-04-27 21:00:00,356.879882812,0.8737906047467666
13798,2020-04-27 22:00:00,356.828430176,0.4872858209022136
13799,2020-04-27 23:00:00,356.795257568,0.3796192136277208
13800,2020-04-28 00:00:00,356.775695801,0.9244708389615015
13801,2020-04-28 01:00:00,356.78012085,0.2554333978482771
13802,2020-04-28 02:00:00,356.786682129,0.5220248917588516
13803,2020-04-28 03:00:00,356.78729248,0.1461933449830486
13804,2020-04-28 04:00:00,356.786132812,0.030289143857848533
13805,2020-04-28 05:00:00,356.778564453,0.0782923601713762
13806,2020-04-28 06:00:00,356.783691406,0.4042349449055065
13807,2020-04-28 07:00:00,356.784790039,0.7349870281045405
13808,2020-04-28 08:00:00,356.74887085,0.6853286111242062
13809,2020-04-28 09:00:00,356.712677002,0.9999693407744712
13810,2020-04-28 10:00:00,356.686462402,0.6582176168430397
13811,2020-04-28 11:00:00,356.653594971,0.8362601731672945
13812,2020-04-28 12:00:00,356.624023438,0.6259244879691221
13813,2020-04-28 13:00:00,356.59552002,0.11405912734254231
13814,2020-04-28 14:00:00,356.564453125,0.47407822081543327
13815,2020-04-28 15:00:00,356.532897949,0.6242672716362186
13816,2020-04-28 16:00:00,356.490936279,0.30740004948103183
13817,2020-04-28 17:00:00,356.43649292,0.39103365744675933
13818,2020-04-28 18:00:00,356.372558594,0.840710065499996
13819,2020-04-28 19:00:00,356.063201904,0.7382070345859361
13820,2020-04-28 20:00:00,355.373443604,0.7334003649726853
13821,2020-04-28 21:00:00,354.352874756,0.8509720607365497
13822,2020-04-28 22:00:00,353.168945312,0.8423067757458006
13823,2020-04-28 23:00:00,351.907989502,0.6185233157356415
13824,2020-04-29 00:00:00,350.69354248,0.2840734643649283
13825,2020-04-29 01:00:00,349.639190674,0.9575406451656184
13826,2020-04-29 02:00:00,348.77255249,0.09750534108849795
13827,2020-04-29 03:00:00,348.052276611,0.6479844285626055
13828,2020-04-29 04:00:00,347.453338623,0.6057469238176035
13829,2020-04-29 05:00:00,346.968444824,0.8078076157474862
13830,2020-04-29 06:00:00,346.5546875,0.885864900676519
13831,2020-04-29 07:00:00,346.216674805,0.5954729448802291
13832,2020-04-29 08:00:00,345.930450439,0.9702357707359193
13833,2020-04-29 09:00:00,345.681518555,0.22529586363058318
13834,2020-04-29 10:00:00,345.467468262,0.7886518315177237
13835,2020-04-29 11:00:00,345.286193848,0.16005550828920456
13836,2020-04-29 12:00:00,345.157592773,0.43783520729946157
13837,2020-04-29 13:00:00,345.05279541,0.82766669452341
13838,2020-04-29 14:00:00,344.967010498,0.7425262691658678
13839,2020-04-29 15:00:00,344.895935059,0.15085379098323015
13840,2020-04-29 16:00:00,344.833862305,0.5905616262269545
13841,2020-04-29 17:00:00,344.6171875,0.6774412040419994
13842,2020-04-29 18:00:00,344.20098877,0.5586591281731514
13843,2020-04-29 19:00:00,343.849945068,0.28844168625977384
13844,2020-04-29 20:00:00,343.346221924,0.6185744083284723
13845,2020-04-29 21:00:00,342.718475342,0.8767097851281096
13846,2020-04-29 22:00:00,342.060394287,0.22593638493652557
13847,2020-04-29 23:00:00,341.499847412,0.45107709366512394
13848,2020-04-30 00:00:00,341.044006348,0.41881818641697677
13849,2020-04-30 01:00:00,340.669677734,0.6939373160814638
13850,2020-04-30 02:00:00,340.357330322,0.032532233090923124
13851,2020-04-30 03:00:00,340.095947266,0.5258414091272784
13852,2020-04-30 04:00:00,339.883666992,0.33670030689977715
13853,2020-04-30 05:00:00,339.707580566,0.6566449939234786
13854,2020-04-30 06:00:00,339.562316895,0.12158120932472782
13855,2020-04-30 07:00:00,339.445251465,0.2905749931308792
13856,2020-04-30 08:00:00,339.346405029,0.23731164141262062
13857,2020-04-30 09:00:00,339.264923096,0.7212936485670192
13858,2020-04-30 10:00:00,339.19543457,0.3049352090315164
13859,2020-04-30 11:00:00,339.141021729,0.7243609948880372
13860,2020-04-30 12:00:00,339.095977783,0.63903619554369
13861,2020-04-30 13:00:00,339.058166504,0.32180312422591295
13862,2020-04-30 14:00:00,339.028198242,0.35421988606335597
13863,2020-04-30 15:00:00,338.99987793,0.5223452743673467
13864,2020-04-30 16:00:00,338.96862793,0.6808028056924724
13865,2020-04-30 17:00:00,338.921691895,0.8007846455681781
13866,2020-04-30 18:00:00,338.838806152,0.3177477626231716
13867,2020-04-30 19:00:00,338.474914551,0.39766978861893965
13868,2020-04-30 20:00:00,337.659942627,0.3360163003931099
13869,2020-04-30 21:00:00,336.4609375,0.8138585582625543
13870,2020-04-30 22:00:00,335.193511963,0.814079756016851
13871,2020-04-30 23:00:00,333.787750244,0.5646500835571208
13872,2020-05-01 00:00:00,332.603607178,0.6895536768647785
13873,2020-05-01 01:00:00,331.643737793,0.5895917309987865
13874,2020-05-01 02:00:00,330.814758301,0.8770952921080394
13875,2020-05-01 03:00:00,330.149688721,0.7191048661044884
13876,2020-05-01 04:00:00,329.604553223,0.8898214696185984
13877,2020-05-01 05:00:00,329.157989502,0.20425176068552164
13878,2020-05-01 06:00:00,328.792175293,0.8924581038953143
13879,2020-05-01 07:00:00,328.487915039,0.7319973206708259
13880,2020-05-01 08:00:00,328.237701416,0.9461742068382548
13881,2020-05-01 09:00:00,328.034393311,0.27498790976515375
13882,2020-05-01 10:00:00,327.862701416,0.8450854952557908
13883,2020-05-01 11:00:00,327.726654053,0.4497945015170578
13884,2020-05-01 12:00:00,327.615112305,0.8547703210708453
13885,2020-05-01 13:00:00,327.525634766,0.124823812319523
13886,2020-05-01 14:00:00,327.451965332,0.7869036187335192
13887,2020-05-01 15:00:00,327.38470459,0.09576689825170659
13888,2020-05-01 16:00:00,327.290283203,0.2505292896671981
13889,2020-05-01 17:00:00,327.038360596,0.9969618006019634
13890,2020-05-01 18:00:00,326.777496338,0.46013380813766525
13891,2020-05-01 19:00:00,326.082946777,0.24554930477922776
13892,2020-05-01 20:00:00,325.082763672,0.3355023042391171
13893,2020-05-01 21:00:00,323.897186279,0.9325045857905784
13894,2020-05-01 22:00:00,322.604003906,0.5405571715498337
13895,2020-05-01 23:00:00,321.288146973,0.38880562160038423
13896,2020-05-02 00:00:00,320.225708008,0.743186355871516
13897,2020-05-02 01:00:00,319.374664307,0.2892612504210278
13898,2020-05-02 02:00:00,318.667022705,0.8130905829752028
13899,2020-05-02 03:00:00,318.085998535,0.6043134725792622
13900,2020-05-02 04:00:00,317.605072021,0.8752760305600064
13901,2020-05-02 05:00:00,317.20489502,0.14113708937852454
13902,2020-05-02 06:00:00,316.877929688,0.15331456948057998
13903,2020-05-02 07:00:00,316.609191895,0.670684881662466
13904,2020-05-02 08:00:00,316.385345459,0.0767500763442358
13905,2020-05-02 09:00:00,316.200622559,0.6276632068233982
13906,2020-05-02 10:00:00,316.047668457,0.8703555951432306
13907,2020-05-02 11:00:00,315.925720215,0.817922113436042
13908,2020-05-02 12:00:00,315.827178955,0.9535617969718256
13909,2020-05-02 13:00:00,315.747802734,0.9600979922204295
13910,2020-05-02 14:00:00,315.684295654,0.8940830199832311
13911,2020-05-02 15:00:00,315.62600708,0.4563838809766194
13912,2020-05-02 16:00:00,315.561859131,0.10853627014965017
13913,2020-05-02 17:00:00,315.468383789,0.03169309968484757
13914,2020-05-02 18:00:00,315.294647217,0.7604758869845705
13915,2020-05-02 19:00:00,314.758087158,0.9298902838766536
13916,2020-05-02 20:00:00,313.806091309,0.45129035950274765
13917,2020-05-02 21:00:00,312.842773438,0.7838363288243818
13918,2020-05-02 22:00:00,311.706848145,0.18167782502882301
13919,2020-05-02 23:00:00,310.524871826,0.5161701922063793
13920,2020-05-03 00:00:00,309.463195801,0.984202731286381
13921,2020-05-03 01:00:00,308.440155029,0.2117016635792065
13922,2020-05-03 02:00:00,307.63848877,0.17190222685545664
13923,2020-05-03 03:00:00,306.983581543,0.1988260350824158
13924,2020-05-03 04:00:00,306.447814941,0.8380818257532102
13925,2020-05-03 05:00:00,306.002685547,0.28764972912800335
13926,2020-05-03 06:00:00,305.637817383,0.4585897292425942
13927,2020-05-03 07:00:00,305.335266113,0.4190895139931361
13928,2020-05-03 08:00:00,305.084869385,0.043904938330380006
13929,2020-05-03 09:00:00,304.879333496,0.5466449579465807
13930,2020-05-03 10:00:00,304.711395264,0.9551080488578778
13931,2020-05-03 11:00:00,304.573394775,0.9111242471266108
13932,2020-05-03 12:00:00,304.4581604,0.10319085820019425
13933,2020-05-03 13:00:00,304.362121582,0.3656714668576061
13934,2020-05-03 14:00:00,304.284484863,0.8815094197012022
13935,2020-05-03 15:00:00,304.216308594,0.08430880209857494
13936,2020-05-03 16:00:00,304.147583008,0.8426438785701237
13937,2020-05-03 17:00:00,304.078948975,0.017516636426773813
13938,2020-05-03 18:00:00,303.964691162,0.5880234633934375
13939,2020-05-03 19:00:00,303.757263184,0.09153524304007477
13940,2020-05-03 20:00:00,303.390075684,0.5057206411381218
13941,2020-05-03 21:00:00,302.742797852,0.21404603755665497
13942,2020-05-03 22:00:00,301.928405762,0.0819026430700035
13943,2020-05-03 23:00:00,300.948974609,0.863483915855515
13944,2020-05-04 00:00:00,300.177276611,0.40448174388166447
13945,2020-05-04 01:00:00,299.552062988,0.3768039722197881
13946,2020-05-04 02:00:00,299.049133301,0.3916922161771439
13947,2020-05-04 03:00:00,298.62713623,0.4825539881673888
13948,2020-05-04 04:00:00,298.281829834,0.062130622216562625
13949,2020-05-04 05:00:00,297.997406006,0.6460191059300382
13950,2020-05-04 06:00:00,297.764648438,0.009918495314369058
13951,2020-05-04 07:00:00,297.574157715,0.8105005049211812
13952,2020-05-04 08:00:00,297.418273926,0.539721517500204
13953,2020-05-04 09:00:00,297.290557861,0.05719175012419164
13954,2020-05-04 10:00:00,297.185119629,0.40775401818151846
13955,2020-05-04 11:00:00,297.100402832,0.3920583638787455
13956,2020-05-04 12:00:00,297.029693604,0.23071721788483868
13957,2020-05-04 13:00:00,296.971496582,0.01116475365908054
13958,2020-05-04 14:00:00,296.92199707,0.24378165307071742
13959,2020-05-04 15:00:00,296.869049072,0.4996910067470387
13960,2020-05-04 16:00:00,296.812225342,0.11562914370205679
13961,2020-05-04 17:00:00,296.744537354,0.3763206008899469
13962,2020-05-04 18:00:00,296.664245605,0.42929342616555366
13963,2020-05-04 19:00:00,296.47277832,0.2443793742390048
13964,2020-05-04 20:00:00,296.115844727,0.8676034696839688
13965,2020-05-04 21:00:00,295.522705078,0.3701896832939915
13966,2020-05-04 22:00:00,295.068603516,0.6880306159478371
13967,2020-05-04 23:00:00,294.688476562,0.682453341217151
13968,2020-05-05 00:00:00,294.378326416,0.6877413391328571
13969,2020-05-05 01:00:00,294.149597168,0.5835563241636437
13970,2020-05-05 02:00:00,293.936950684,0.6933252488239174
13971,2020-05-05 03:00:00,293.750366211,0.32211501090754324
13972,2020-05-05 04:00:00,293.587005615,0.922226231861532
13973,2020-05-05 05:00:00,293.444458008,0.26248440055177913
13974,2020-05-05 06:00:00,293.328155518,0.3052276113139297
13975,2020-05-05 07:00:00,293.243682861,0.3336234170462571
13976,2020-05-05 08:00:00,293.175628662,0.01821701121716468
13977,2020-05-05 09:00:00,293.10723877,0.7703043036843125
13978,2020-05-05 10:00:00,293.050842285,0.19707347532955288
13979,2020-05-05 11:00:00,293.004821777,0.4137539136889842
13980,2020-05-05 12:00:00,292.965667725,0.058216659907592505
13981,2020-05-05 13:00:00,292.933563232,0.8915687298190812
13982,2020-05-05 14:00:00,292.910614014,0.6731504659960595
13983,2020-05-05 15:00:00,292.890625,0.7101139222235888
13984,2020-05-05 16:00:00,292.871276855,0.5234923981545718
13985,2020-05-05 17:00:00,292.832061768,0.429226678122437
13986,2020-05-05 18:00:00,292.785736084,0.7776043132553068
13987,2020-05-05 19:00:00,292.727752686,0.5249160947164032
13988,2020-05-05 20:00:00,292.641296387,0.7778751077005427
13989,2020-05-05 21:00:00,292.543701172,0.3912323779510334
13990,2020-05-05 22:00:00,292.407958984,0.15291609457169275
13991,2020-05-05 23:00:00,292.303283691,0.7553177596729882
13992,2020-05-06 00:00:00,292.217468262,0.40788872894561556
13993,2020-05-06 01:00:00,292.143066406,0.1011597021306464
13994,2020-05-06 02:00:00,292.094726562,0.15927634653551226
13995,2020-05-06 03:00:00,292.028076172,0.2202387573650928
13996,2020-05-06 04:00:00,291.989929199,0.6820994669620932
13997,2020-05-06 05:00:00,291.96206665,0.18620564450017252
13998,2020-05-06 06:00:00,291.937774658,0.6047992765927063
13999,2020-05-06 07:00:00,291.918701172,0.95829347054059
14000,2020-05-06 08:00:00,291.904388428,0.4936773249181756
14001,2020-05-06 09:00:00,291.892700195,0.3324659642301926
14002,2020-05-06 10:00:00,291.881347656,0.1313014255829058
14003,2020-05-06 11:00:00,291.872894287,0.5032988954471272
14004,2020-05-06 12:00:00,291.86239624,0.138219529018339
14005,2020-05-06 13:00:00,291.850372314,0.36611057921497414
14006,2020-05-06 14:00:00,291.846313477,0.003473118766015637
14007,2020-05-06 15:00:00,291.840454102,0.5378470647178283
14008,2020-05-06 16:00:00,291.833709717,0.33458504932879607
14009,2020-05-06 17:00:00,291.805175781,0.882086462089025
14010,2020-05-06 18:00:00,291.757202148,0.7715383131264996
14011,2020-05-06 19:00:00,291.682403564,0.884291374820995
14012,2020-05-06 20:00:00,291.4737854,0.028919405946332466
14013,2020-05-06 21:00:00,291.027954102,0.6639275980722105
14014,2020-05-06 22:00:00,290.32119751,0.2691868565084342
14015,2020-05-06 23:00:00,289.535217285,0.5994704546831436
14016,2020-05-07 00:00:00,288.765014648,0.16824160135081456
14017,2020-05-07 01:00:00,288.098327637,0.21934421838153506
14018,2020-05-07 02:00:00,287.590148926,0.3940629307136315
14019,2020-05-07 03:00:00,287.173706055,0.19402477250572736
14020,2020-05-07 04:00:00,286.831542969,0.8255777672084715
14021,2020-05-07 05:00:00,286.547241211,0.06937131439752608
14022,2020-05-07 06:00:00,286.315582275,0.7386887957889242
14023,2020-05-07 07:00:00,286.123077393,0.7211622373100077
14024,2020-05-07 08:00:00,285.962005615,0.6216563230589928
14025,2020-05-07 09:00:00,285.829620361,0.6006359334381665
14026,2020-05-07 10:00:00,285.719940186,0.21945318419898918
14027,2020-05-07 11:00:00,285.626159668,0.3337329431603103
14028,2020-05-07 12:00:00,285.549377441,0.8703714359160879
14029,2020-05-07 13:00:00,285.489898682,0.48067977713226084
14030,2020-05-07 14:00:00,285.436157227,0.354592160588167
14031,2020-05-07 15:00:00,285.370025635,0.283156630686595
14032,2020-05-07 16:00:00,285.296844482,0.8838053978704121
14033,2020-05-07 17:00:00,285.207641602,0.8208504011970258
14034,2020-05-07 18:00:00,285.103668213,0.8022640751335618
14035,2020-05-07 19:00:00,284.810394287,0.18191337304044286
14036,2020-05-07 20:00:00,284.315979004,0.14672951575879423
14037,2020-05-07 21:00:00,283.557678223,0.381533155606644
14038,2020-05-07 22:00:00,282.914093018,0.04528167992959509
14039,2020-05-07 23:00:00,282.283660889,0.09546025027473748
14040,2020-05-08 00:00:00,281.720703125,0.33732457292257745
14041,2020-05-08 01:00:00,281.255706787,0.6290905860787773
14042,2020-05-08 02:00:00,280.860717773,0.46472000873653463
14043,2020-05-08 03:00:00,280.529388428,0.021258570519806286
14044,2020-05-08 04:00:00,280.255126953,0.21915523580914587
14045,2020-05-08 05:00:00,280.03692627,0.7975104430434572
14046,2020-05-08 06:00:00,279.844940186,0.639358754342952
14047,2020-05-08 07:00:00,279.701934814,0.6411942115122475
14048,2020-05-08 08:00:00,279.590423584,0.6580750245637622
14049,2020-05-08 09:00:00,279.497375488,0.07320361801352027
14050,2020-05-08 10:00:00,279.41885376,0.788994398328895
14051,2020-05-08 11:00:00,279.350006104,0.8428912248311402
14052,2020-05-08 12:00:00,279.288635254,0.7114369908513472
14053,2020-05-08 13:00:00,279.242614746,0.4656265499715384
14054,2020-05-08 14:00:00,279.210906982,0.5010791011356177
14055,2020-05-08 15:00:00,279.181762695,0.6856403900212233
14056,2020-05-08 16:00:00,279.156799316,0.805073662547043
14057,2020-05-08 17:00:00,279.120880127,0.9585942446736632
14058,2020-05-08 18:00:00,279.072814941,0.4346638851527932
14059,2020-05-08 19:00:00,278.980682373,0.2592492193220979
14060,2020-05-08 20:00:00,278.87689209,0.47362859569609395
14061,2020-05-08 21:00:00,278.79006958,0.7946800587744162
14062,2020-05-08 22:00:00,278.720001221,0.23176482242944973
14063,2020-05-08 23:00:00,278.585754395,0.7352237192265828
14064,2020-05-09 00:00:00,278.465545654,0.42302939376778537
14065,2020-05-09 01:00:00,278.352050781,0.11159481069009192
14066,2020-05-09 02:00:00,278.266937256,0.1079067083931744
14067,2020-05-09 03:00:00,278.186187744,0.36150716126661653
14068,2020-05-09 04:00:00,278.128265381,0.8828578001560435
14069,2020-05-09 05:00:00,278.062164307,0.4717586461383063
14070,2020-05-09 06:00:00,278.003723145,0.9609989290280431
14071,2020-05-09 07:00:00,277.961669922,0.6842568821066022
14072,2020-05-09 08:00:00,277.93560791,0.9578850009279252
14073,2020-05-09 09:00:00,277.903198242,0.26785288940611174
14074,2020-05-09 10:00:00,277.881774902,0.14413889119116208
14075,2020-05-09 11:00:00,277.868499756,0.8308952273271661
14076,2020-05-09 12:00:00,277.851013184,0.2155820546009114
14077,2020-05-09 13:00:00,277.828521729,0.5402586935407331
14078,2020-05-09 14:00:00,277.809814453,0.023357128626270485
14079,2020-05-09 15:00:00,277.770843506,0.48682165393521226
14080,2020-05-09 16:00:00,277.721130371,0.08535419478665707
14081,2020-05-09 17:00:00,277.65814209,0.7520449458885777
14082,2020-05-09 18:00:00,277.573669434,0.05180992391565342
14083,2020-05-09 19:00:00,277.477233887,0.9067068625680393
14084,2020-05-09 20:00:00,277.299377441,0.9200322960440735
14085,2020-05-09 21:00:00,276.842437744,0.8184460244322069
14086,2020-05-09 22:00:00,276.266906738,0.9120744905596174
14087,2020-05-09 23:00:00,275.744873047,0.00538024717015384
14088,2020-05-10 00:00:00,275.316833496,0.9263607465666701
14089,2020-05-10 01:00:00,274.994567871,0.7517269769296382
14090,2020-05-10 02:00:00,274.733978271,0.08197365135640033
14091,2020-05-10 03:00:00,274.514434814,0.40781177231068144
14092,2020-05-10 04:00:00,274.337860107,0.3709518174279396
14093,2020-05-10 05:00:00,274.192840576,0.3907808485930473
14094,2020-05-10 06:00:00,274.071502686,0.21477113788721247
14095,2020-05-10 07:00:00,273.966705322,0.8653438300388409
14096,2020-05-10 08:00:00,273.888000488,0.3131211584289063
14097,2020-05-10 09:00:00,273.824066162,0.36669815404727324
14098,2020-05-10 10:00:00,273.77255249,0.3788962049260267
14099,2020-05-10 11:00:00,273.730621338,0.07063798118193221
14100,2020-05-10 12:00:00,273.696411133,0.0722555407951464
14101,2020-05-10 13:00:00,273.669403076,0.7604474226210512
14102,2020-05-10 14:00:00,273.650817871,0.10171920375338706
14103,2020-05-10 15:00:00,273.631103516,0.10285022952614031
14104,2020-05-10 16:00:00,273.609527588,0.8413591787893423
14105,2020-05-10 17:00:00,273.551544189,0.43305872940520695
14106,2020-05-10 18:00:00,273.46182251,0.20701765758300217
14107,2020-05-10 19:00:00,273.22064209,0.856383276167552
14108,2020-05-10 20:00:00,272.818878174,0.8332954338703911
14109,2020-05-10 21:00:00,272.304260254,0.9863892920236307
14110,2020-05-10 22:00:00,271.829345703,0.1214368524580578
14111,2020-05-10 23:00:00,271.456298828,0.3902112327164422
14112,2020-05-11 00:00:00,271.151580811,0.08622104945902753
14113,2020-05-11 01:00:00,270.913726807,0.974922778498965
14114,2020-05-11 02:00:00,270.719909668,0.3320222678960183
14115,2020-05-11 03:00:00,270.558410645,0.3559578937324154
14116,2020-05-11 04:00:00,270.425231934,0.6210179574929295
14117,2020-05-11 05:00:00,270.312652588,0.3426382112199782
14118,2020-05-11 06:00:00,270.206726074,0.07323940604374013
14119,2020-05-11 07:00:00,270.120513916,0.41906886723382
14120,2020-05-11 08:00:00,270.052734375,0.16313685654707322
14121,2020-05-11 09:00:00,270.000274658,0.4125085290086864
14122,2020-05-11 10:00:00,269.970306396,0.9550200101836112
14123,2020-05-11 11:00:00,269.966186523,0.2912447105595424
14124,2020-05-11 12:00:00,269.941253662,0.9072296132790364
14125,2020-05-11 13:00:00,270.212219238,0.27676888928966725
14126,2020-05-11 14:00:00,270.526306152,0.13361171824757379
14127,2020-05-11 15:00:00,270.855865479,0.5665826510200496
14128,2020-05-11 16:00:00,271.241577148,0.9855884231001448
14129,2020-05-11 17:00:00,271.677215576,0.2384952691087222
14130,2020-05-11 18:00:00,272.125091553,0.2194764964355027
14131,2020-05-11 19:00:00,272.395874023,0.3016402592381543
14132,2020-05-11 20:00:00,272.451843262,0.6550316335146912
14133,2020-05-11 21:00:00,272.446533203,0.9058509765601693
14134,2020-05-11 22:00:00,272.269287109,0.1576071840218467
14135,2020-05-11 23:00:00,272.093719482,0.2207472742805674
14136,2020-05-12 00:00:00,271.937835693,0.27251674601722475
14137,2020-05-12 01:00:00,271.859619141,0.9131111707716593
14138,2020-05-12 02:00:00,271.756958008,0.7707998993745561
14139,2020-05-12 03:00:00,271.707275391,0.18050706730629673
14140,2020-05-12 04:00:00,271.694396973,0.5829860075564306
14141,2020-05-12 05:00:00,271.716644287,0.7916193476169557
14142,2020-05-12 06:00:00,271.770263672,0.02225202474240362
14143,2020-05-12 07:00:00,271.740661621,0.3897417620755136
14144,2020-05-12 08:00:00,271.705566406,0.4303456370716954
14145,2020-05-12 09:00:00,271.684692383,0.012784260628153077
14146,2020-05-12 10:00:00,271.662261963,0.2621560788442697
14147,2020-05-12 11:00:00,271.66192627,0.03480179293930452
14148,2020-05-12 12:00:00,271.660797119,0.757845038614507
14149,2020-05-12 13:00:00,271.660430908,0.33900825134456236
14150,2020-05-12 14:00:00,271.680023193,0.8456308712251583
14151,2020-05-12 15:00:00,271.691894531,0.9051951763491247
14152,2020-05-12 16:00:00,271.699981689,0.32248033771365614
14153,2020-05-12 17:00:00,271.648895264,0.11354050646609581
14154,2020-05-12 18:00:00,271.398345947,0.6606343538564629
14155,2020-05-12 19:00:00,270.805969238,0.5446190071629464
14156,2020-05-12 20:00:00,270.086120605,0.37512342448660296
14157,2020-05-12 21:00:00,269.142974854,0.21337175688407883
14158,2020-05-12 22:00:00,268.0987854,0.25572777791786083
14159,2020-05-12 23:00:00,267.064056396,0.5845493964942046
14160,2020-05-13 00:00:00,266.103424072,0.9684966441584207
14161,2020-05-13 01:00:00,265.303466797,0.6812948543250442
14162,2020-05-13 02:00:00,264.647949219,0.4750540372132329
14163,2020-05-13 03:00:00,264.130249023,0.05927374621554271
14164,2020-05-13 04:00:00,263.706085205,0.6101597991659686
14165,2020-05-13 05:00:00,263.340881348,0.330579397101028
14166,2020-05-13 06:00:00,263.030853271,0.02188614585364923
14167,2020-05-13 07:00:00,262.766021729,0.4322265322659776
14168,2020-05-13 08:00:00,262.57019043,0.2760874413122826
14169,2020-05-13 09:00:00,262.412109375,0.7316274226481325
14170,2020-05-13 10:00:00,262.288208008,0.19179624740484358
14171,2020-05-13 11:00:00,262.189453125,0.8209570663252618
14172,2020-05-13 12:00:00,262.111755371,0.8959467015251775
14173,2020-05-13 13:00:00,262.049743652,0.9490428419705979
14174,2020-05-13 14:00:00,262.000396729,0.6121060375131472
14175,2020-05-13 15:00:00,261.949981689,0.3980632531818672
14176,2020-05-13 16:00:00,261.896789551,0.2675475657611942
14177,2020-05-13 17:00:00,261.840209961,0.7433883930781043
14178,2020-05-13 18:00:00,261.759918213,0.08328295048461354
14179,2020-05-13 19:00:00,261.659667969,0.9202099408401079
14180,2020-05-13 20:00:00,261.306945801,0.8147872615671549
14181,2020-05-13 21:00:00,260.704559326,0.3931233348024129
14182,2020-05-13 22:00:00,260.033905029,0.42951362633659407
14183,2020-05-13 23:00:00,259.345397949,0.17371898886181325
14184,2020-05-14 00:00:00,258.71182251,0.6379004432391052
14185,2020-05-14 01:00:00,258.178741455,0.42622542954539666
14186,2020-05-14 02:00:00,257.748352051,0.009080897645142971
14187,2020-05-14 03:00:00,257.403137207,0.6877855761952238
14188,2020-05-14 04:00:00,257.117797852,0.0033318859655877553
14189,2020-05-14 05:00:00,256.897064209,0.7887111005924231
14190,2020-05-14 06:00:00,256.716522217,0.662213023906581
14191,2020-05-14 07:00:00,256.56854248,0.232314196352033
14192,2020-05-14 08:00:00,256.42767334,0.7240145993110478
14193,2020-05-14 09:00:00,256.311340332,0.7268782024159847
14194,2020-05-14 10:00:00,256.215911865,0.2856718999525616
14195,2020-05-14 11:00:00,256.154907227,0.8670848092883163
14196,2020-05-14 12:00:00,256.104675293,0.8286674642235545
14197,2020-05-14 13:00:00,256.066925049,0.21551316329376158
14198,2020-05-14 14:00:00,256.044250488,0.7798441467238216
14199,2020-05-14 15:00:00,256.019073486,0.6399471890911074
14200,2020-05-14 16:00:00,255.988891602,0.853716274904526
14201,2020-05-14 17:00:00,255.942367554,0.38671744025102084
14202,2020-05-14 18:00:00,255.885635376,0.8288142967577415
14203,2020-05-14 19:00:00,255.808502197,0.5431683786214337
14204,2020-05-14 20:00:00,255.627410889,0.5785468576888823
14205,2020-05-14 21:00:00,255.359008789,0.5652117186984559
14206,2020-05-14 22:00:00,255.057525635,0.5313528842721221
14207,2020-05-14 23:00:00,254.834594727,0.21514858032276363
14208,2020-05-15 00:00:00,254.655456543,0.22159772839695857
14209,2020-05-15 01:00:00,254.511322021,0.32400346890277976
14210,2020-05-15 02:00:00,254.398010254,0.4132161201633193
14211,2020-05-15 03:00:00,254.30696106,0.8981502746358799
14212,2020-05-15 04:00:00,254.232803345,0.42783828868829665
14213,2020-05-15 05:00:00,254.171890259,0.15392269903558176
14214,2020-05-15 06:00:00,254.122680664,0.3991559940268218
14215,2020-05-15 07:00:00,254.082107544,0.8946700321286777
14216,2020-05-15 08:00:00,254.050506592,0.07538673558662634
14217,2020-05-15 09:00:00,254.03024292,0.3735624099188696
14218,2020-05-15 10:00:00,254.016204834,0.1556484568953691
14219,2020-05-15 11:00:00,254.007080078,0.46519072979639786
14220,2020-05-15 12:00:00,254.000534058,0.20583399871142039
14221,2020-05-15 13:00:00,253.995422363,0.523866469774978
14222,2020-05-15 14:00:00,253.995849609,0.9083183840970628
14223,2020-05-15 15:00:00,253.990280151,0.8061374420966784
14224,2020-05-15 16:00:00,253.983169556,0.7528016723981641
14225,2020-05-15 17:00:00,253.952056885,0.8383418104590535
14226,2020-05-15 18:00:00,253.891357422,0.305726731956912
14227,2020-05-15 19:00:00,253.688598633,0.7776914566667403
14228,2020-05-15 20:00:00,253.242507935,0.052984835739137814
14229,2020-05-15 21:00:00,252.630371094,0.8128360054138597
14230,2020-05-15 22:00:00,252.034362793,0.12341038200923782
14231,2020-05-15 23:00:00,251.409912109,0.0393192234960148
14232,2020-05-16 00:00:00,250.922683716,0.6355252420620918
14233,2020-05-16 01:00:00,250.528823853,0.5642996369671308
14234,2020-05-16 02:00:00,250.207611084,0.4628271513162848
14235,2020-05-16 03:00:00,249.946289062,0.5759940063107359
14236,2020-05-16 04:00:00,249.72706604,0.4423919864263789
14237,2020-05-16 05:00:00,249.527954102,0.45229110318481947
14238,2020-05-16 06:00:00,249.368865967,0.3937619481091251
14239,2020-05-16 07:00:00,249.252716064,0.22404142297935303
14240,2020-05-16 08:00:00,249.163665771,0.9652141081836644
14241,2020-05-16 09:00:00,249.094039917,0.398107768572145
14242,2020-05-16 10:00:00,249.039215088,0.29397680912556934
14243,2020-05-16 11:00:00,248.999572754,0.7714646147450758
14244,2020-05-16 12:00:00,248.964904785,0.3631760694214745
14245,2020-05-16 13:00:00,248.941375732,0.8177343937469463
14246,2020-05-16 14:00:00,248.923736572,0.4644215382751161
14247,2020-05-16 15:00:00,248.905410767,0.7411513684712259
14248,2020-05-16 16:00:00,248.873001099,0.5078591416175547
14249,2020-05-16 17:00:00,248.830673218,0.3926920252750584
14250,2020-05-16 18:00:00,248.773498535,0.6971339457610034
14251,2020-05-16 19:00:00,248.716720581,0.7437856811116612
14252,2020-05-16 20:00:00,248.549530029,0.9179465953024971
14253,2020-05-16 21:00:00,248.248596191,0.6335111530990113
14254,2020-05-16 22:00:00,247.896881104,0.43246053108767724
14255,2020-05-16 23:00:00,247.618667603,0.5660245866159386
14256,2020-05-17 00:00:00,247.390701294,0.027584107397666258
14257,2020-05-17 01:00:00,247.205123901,0.0513560404612462
14258,2020-05-17 02:00:00,247.055282593,0.685910197921382
14259,2020-05-17 03:00:00,246.932296753,0.9650492566684348
14260,2020-05-17 04:00:00,246.830123901,0.6573598968090583
14261,2020-05-17 05:00:00,246.750183105,0.21943480165080032
14262,2020-05-17 06:00:00,246.6849823,0.7967558275259922
14263,2020-05-17 07:00:00,246.634307861,0.4073156567105658
14264,2020-05-17 08:00:00,246.594650269,0.19298444201780585
14265,2020-05-17 09:00:00,246.56211853,0.6832681433981215
14266,2020-05-17 10:00:00,246.537582397,0.10397087958554385
14267,2020-05-17 11:00:00,246.520492554,0.9233365314073965
14268,2020-05-17 12:00:00,246.506637573,0.3863017993966664
14269,2020-05-17 13:00:00,246.497360229,0.4176253048531021
14270,2020-05-17 14:00:00,246.491439819,0.6080179691885642
14271,2020-05-17 15:00:00,246.48197937,0.9791279653471083
14272,2020-05-17 16:00:00,246.473602295,0.4243509679209361
14273,2020-05-17 17:00:00,246.442459106,0.361982758022787
14274,2020-05-17 18:00:00,246.405090332,0.2741680519933941
14275,2020-05-17 19:00:00,246.219558716,0.3528602300868656
14276,2020-05-17 20:00:00,245.740493774,0.19555765319834095
14277,2020-05-17 21:00:00,244.961196899,0.7622957364802944
14278,2020-05-17 22:00:00,244.153015137,0.47959276443312693
14279,2020-05-17 23:00:00,243.285995483,0.23697416563204377
14280,2020-05-18 00:00:00,242.553115845,0.39685968145872563
14281,2020-05-18 01:00:00,241.799484253,0.2466989981666019
14282,2020-05-18 02:00:00,241.215026855,0.6950079631428112
14283,2020-05-18 03:00:00,240.741928101,0.33308131988829803
14284,2020-05-18 04:00:00,240.349960327,0.7784039196276773
14285,2020-05-18 05:00:00,240.02456665,0.434429365358444
14286,2020-05-18 06:00:00,239.762313843,0.05439678424113381
14287,2020-05-18 07:00:00,239.546386719,0.7247555179612173
14288,2020-05-18 08:00:00,239.372238159,0.07994427231917722
14289,2020-05-18 09:00:00,239.234985352,0.1231396946138189
14290,2020-05-18 10:00:00,239.121353149,0.03613184669443503
14291,2020-05-18 11:00:00,239.031341553,0.5265907444949867
14292,2020-05-18 12:00:00,238.954559326,0.20040892415179345
14293,2020-05-18 13:00:00,238.892456055,0.4334342770005606
14294,2020-05-18 14:00:00,238.84085083,0.9877875473650823
14295,2020-05-18 15:00:00,238.795974731,0.3807433168738328
14296,2020-05-18 16:00:00,238.75680542,0.9736187728349679
14297,2020-05-18 17:00:00,238.542190552,0.0012077389117270965
14298,2020-05-18 18:00:00,238.058441162,0.4826229441974944
14299,2020-05-18 19:00:00,237.369491577,0.821619783955819
14300,2020-05-18 20:00:00,236.375259399,0.7539144285243647
14301,2020-05-18 21:00:00,234.95475769,0.7707493482266599
14302,2020-05-18 22:00:00,233.208312988,0.4295258662600797
14303,2020-05-18 23:00:00,231.420440674,0.5675575898530951
14304,2020-05-19 00:00:00,229.72315979,0.6981612206849258
14305,2020-05-19 01:00:00,227.934753418,0.6095461856247902
14306,2020-05-19 02:00:00,226.343734741,0.630031765119622
14307,2020-05-19 03:00:00,224.842453003,0.6941960521391558
14308,2020-05-19 04:00:00,223.331436157,0.24784535752444647
14309,2020-05-19 05:00:00,221.916305542,0.7103963726327229
14310,2020-05-19 06:00:00,220.672119141,0.168807947006836
14311,2020-05-19 07:00:00,219.608581543,0.029911358181367698
14312,2020-05-19 08:00:00,218.701263428,0.6367190436167536
14313,2020-05-19 09:00:00,217.91986084,0.6273449801871775
14314,2020-05-19 10:00:00,217.261199951,0.3368739726301767
14315,2020-05-19 11:00:00,216.655380249,0.6609093808611118
14316,2020-05-19 12:00:00,216.123825073,0.021423376160309426
14317,2020-05-19 13:00:00,215.645614624,0.4492374516357701
14318,2020-05-19 14:00:00,215.08996582,0.6999113340105545
14319,2020-05-19 15:00:00,214.364822388,0.14716831913336703
14320,2020-05-19 16:00:00,213.383453369,0.8834489260914934
14321,2020-05-19 17:00:00,211.936782837,0.9569686940195838
14322,2020-05-19 18:00:00,210.305801392,0.07316006422635857
14323,2020-05-19 19:00:00,208.15927124,0.47265145786067897
14324,2020-05-19 20:00:00,205.422027588,0.004742138020402131
14325,2020-05-19 21:00:00,202.09274292,0.5832065109396898
14326,2020-05-19 22:00:00,198.660675049,0.0004917405164384103
14327,2020-05-19 23:00:00,195.12550354,0.06030741522460814
14328,2020-05-20 00:00:00,191.687438965,0.5561041536554013
14329,2020-05-20 01:00:00,188.503417969,0.02828991336293718
14330,2020-05-20 02:00:00,185.514480591,0.10993496308099637
14331,2020-05-20 03:00:00,183.027709961,0.40863373226406463
14332,2020-05-20 04:00:00,180.96685791,0.9596951214219616
14333,2020-05-20 05:00:00,179.237792969,0.6210752713091258
14334,2020-05-20 06:00:00,177.81262207,0.7636050953927689
14335,2020-05-20 07:00:00,176.628311157,0.7653572357775933
14336,2020-05-20 08:00:00,175.649078369,0.8023748665909279
14337,2020-05-20 09:00:00,174.837020874,0.7886336114521625
14338,2020-05-20 10:00:00,174.160736084,0.2178225886881846
14339,2020-05-20 11:00:00,173.59703064,0.9632359777258808
14340,2020-05-20 12:00:00,173.12902832,0.046513747411400685
14341,2020-05-20 13:00:00,172.73425293,0.9828490878931413
14342,2020-05-20 14:00:00,172.402770996,0.18235393262649624
14343,2020-05-20 15:00:00,172.121643066,0.8610111241309268
14344,2020-05-20 16:00:00,171.864334106,0.7051394349170221
14345,2020-05-20 17:00:00,171.631988525,0.34405982641846544
14346,2020-05-20 18:00:00,171.370346069,0.5913321215777058
14347,2020-05-20 19:00:00,170.904190063,0.10645883217609253
14348,2020-05-20 20:00:00,170.313491821,0.444051477356355
14349,2020-05-20 21:00:00,169.638946533,0.9764283990640135
14350,2020-05-20 22:00:00,169.02230835,0.12297136852964641
14351,2020-05-20 23:00:00,168.499252319,0.10317359929886849
14352,2020-05-21 00:00:00,168.090988159,0.436499452434439
14353,2020-05-21 01:00:00,167.767120361,0.006548352796649781
14354,2020-05-21 02:00:00,167.506103516,0.9862418111409663
14355,2020-05-21 03:00:00,167.293701172,0.1954440863924798
14356,2020-05-21 04:00:00,167.114547729,0.31614597067958283
14357,2020-05-21 05:00:00,166.96774292,0.09286176152702574
14358,2020-05-21 06:00:00,166.844390869,0.7270588821108448
14359,2020-05-21 07:00:00,166.739013672,0.8432800760574082
14360,2020-05-21 08:00:00,166.651779175,0.7900362993720712
14361,2020-05-21 09:00:00,166.582382202,0.08495291407060546
14362,2020-05-21 10:00:00,166.524658203,0.01768598409082467
14363,2020-05-21 11:00:00,166.47706604,0.7751195347787757
14364,2020-05-21 12:00:00,166.434555054,0.04219901416366656
14365,2020-05-21 13:00:00,166.399124146,0.46375313429474474
14366,2020-05-21 14:00:00,166.368804932,0.8722263281871983
14367,2020-05-21 15:00:00,166.338272095,0.5401749389845351
14368,2020-05-21 16:00:00,166.309494019,0.20414730399279513
14369,2020-05-21 17:00:00,166.26159668,0.8316996016128467
14370,2020-05-21 18:00:00,166.200256348,0.429504090211675
14371,2020-05-21 19:00:00,166.131713867,0.795518098607169
14372,2020-05-21 20:00:00,166.056442261,0.8889518586476431
14373,2020-05-21 21:00:00,165.968902588,0.3660513950883576
14374,2020-05-21 22:00:00,165.892242432,0.6775628938219381
14375,2020-05-21 23:00:00,165.858642578,0.6222136805469128
14376,2020-05-22 00:00:00,165.823440552,0.07382009476816553
14377,2020-05-22 01:00:00,165.772994995,0.116735669222915
14378,2020-05-22 02:00:00,165.727386475,0.9767695452595185
14379,2020-05-22 03:00:00,165.688537598,0.8902805975683664
14380,2020-05-22 04:00:00,165.673294067,0.6401323403988896
14381,2020-05-22 05:00:00,165.665039062,0.47070115101078425
14382,2020-05-22 06:00:00,165.658279419,0.12598428607302947
14383,2020-05-22 07:00:00,165.651901245,0.054109263553527076
14384,2020-05-22 08:00:00,165.645767212,0.41869847094629653
14385,2020-05-22 09:00:00,165.640518188,0.16500254136511583
14386,2020-05-22 10:00:00,165.633300781,0.30122338192921927
14387,2020-05-22 11:00:00,165.627349854,0.8972581507038787
14388,2020-05-22 12:00:00,165.618988037,0.1841616382431358
14389,2020-05-22 13:00:00,165.610748291,0.23515724723782438
14390,2020-05-22 14:00:00,165.604370117,0.7080504375082403
14391,2020-05-22 15:00:00,165.59602356,0.5833356407493566
14392,2020-05-22 16:00:00,165.586791992,0.7392738338509453
14393,2020-05-22 17:00:00,165.551330566,0.5829312369501795
14394,2020-05-22 18:00:00,165.481124878,0.4782115499516105
14395,2020-05-22 19:00:00,165.378356934,0.6052122920207873
14396,2020-05-22 20:00:00,165.07951355,0.3480408767085964
14397,2020-05-22 21:00:00,164.528915405,0.7247633244542991
14398,2020-05-22 22:00:00,163.989257812,0.9326289652019497
14399,2020-05-22 23:00:00,163.280334473,0.8186631125733599
14400,2020-05-23 00:00:00,162.521972656,0.028332552177362302
14401,2020-05-23 01:00:00,161.845413208,0.6434252918824165
14402,2020-05-23 02:00:00,161.227874756,0.46085587834990394
14403,2020-05-23 03:00:00,160.73236084,0.825062556715801
14404,2020-05-23 04:00:00,160.297943115,0.3150917071681053
14405,2020-05-23 05:00:00,159.937667847,0.330403616555199
14406,2020-05-23 06:00:00,159.6456604,0.2892786048509499
14407,2020-05-23 07:00:00,159.424362183,0.9278673514019538
14408,2020-05-23 08:00:00,159.246200562,0.1872993851773027
14409,2020-05-23 09:00:00,159.097732544,0.07262235391286165
14410,2020-05-23 10:00:00,158.971405029,0.49962510440179386
14411,2020-05-23 11:00:00,158.87020874,0.3082886377434849
14412,2020-05-23 12:00:00,158.792816162,0.7119731739211591
14413,2020-05-23 13:00:00,158.729995728,0.979287563392415
14414,2020-05-23 14:00:00,158.67956543,0.6249226386101084
14415,2020-05-23 15:00:00,158.633026123,0.6667146150433022
14416,2020-05-23 16:00:00,158.579040527,0.855924268319682
14417,2020-05-23 17:00:00,158.505004883,0.9551838589817143
14418,2020-05-23 18:00:00,158.393753052,0.3515201855805481
14419,2020-05-23 19:00:00,158.266769409,0.0617285819934712
14420,2020-05-23 20:00:00,157.835021973,0.4211692578287204
14421,2020-05-23 21:00:00,157.190185547,0.41989106388277175
14422,2020-05-23 22:00:00,156.553344727,0.21123890903960907
14423,2020-05-23 23:00:00,155.858642578,0.11200149009487159
14424,2020-05-24 00:00:00,155.186737061,0.25734416770283386
14425,2020-05-24 01:00:00,154.508651733,0.9711736008510418
14426,2020-05-24 02:00:00,153.913925171,0.3395391448933106
14427,2020-05-24 03:00:00,153.452606201,0.40113176401458717
14428,2020-05-24 04:00:00,153.069641113,0.5027461248538693
14429,2020-05-24 05:00:00,152.766479492,0.7782261323150481
14430,2020-05-24 06:00:00,152.522140503,0.9390797098367388
14431,2020-05-24 07:00:00,152.320419312,0.7736167975043389
14432,2020-05-24 08:00:00,152.156036377,0.12087174893553643
14433,2020-05-24 09:00:00,152.022109985,0.08754290314323265
14434,2020-05-24 10:00:00,151.914855957,0.4815962134992814
14435,2020-05-24 11:00:00,151.829879761,0.7645408815757084
14436,2020-05-24 12:00:00,151.762207031,0.022339049637629338
14437,2020-05-24 13:00:00,151.706497192,0.5801834486232796
14438,2020-05-24 14:00:00,151.660583496,0.3918026865897698
14439,2020-05-24 15:00:00,151.610305786,0.19369405324814581
14440,2020-05-24 16:00:00,151.537078857,0.23585993292395102
14441,2020-05-24 17:00:00,151.454162598,0.9750908258731394
14442,2020-05-24 18:00:00,151.356567383,0.5490318301903918
14443,2020-05-24 19:00:00,151.259918213,0.8226847618224895
14444,2020-05-24 20:00:00,151.072418213,0.05147688276031748
14445,2020-05-24 21:00:00,150.812408447,0.8383617816098906
14446,2020-05-24 22:00:00,150.526916504,0.9845767093273102
14447,2020-05-24 23:00:00,150.297195435,0.5534206636434901
14448,2020-05-25 00:00:00,150.098388672,0.19262615222872626
14449,2020-05-25 01:00:00,149.944595337,0.6667375498901326
14450,2020-05-25 02:00:00,149.816131592,0.5258186563058256
14451,2020-05-25 03:00:00,149.712203979,0.7712531136345504
14452,2020-05-25 04:00:00,149.61831665,0.3281086807523401
14453,2020-05-25 05:00:00,149.543869019,0.1850140865339377
14454,2020-05-25 06:00:00,149.536834717,0.10658345140627767
14455,2020-05-25 07:00:00,149.525238037,0.33523847097681114
14456,2020-05-25 08:00:00,149.513183594,0.6684516218668974
14457,2020-05-25 09:00:00,149.498535156,0.4355017684676121
14458,2020-05-25 10:00:00,149.48840332,0.849799316420849
14459,2020-05-25 11:00:00,149.480438232,0.6880030083818992
14460,2020-05-25 12:00:00,149.471740723,0.8397182036030539
14461,2020-05-25 13:00:00,149.470108032,0.7568845904523285
14462,2020-05-25 14:00:00,149.473190308,0.7372060346052406
14463,2020-05-25 15:00:00,149.473754883,0.5442143871440258
14464,2020-05-25 16:00:00,149.469802856,0.6293195796148582
14465,2020-05-25 17:00:00,149.445007324,0.3244263882948474
14466,2020-05-25 18:00:00,149.399551392,0.9154008265334018
14467,2020-05-25 19:00:00,149.349899292,0.7116911493731403
14468,2020-05-25 20:00:00,149.303344727,0.030737989480953853
14469,2020-05-25 21:00:00,149.240707397,0.5905457116265649
14470,2020-05-25 22:00:00,149.182723999,0.4625424598661253
14471,2020-05-25 23:00:00,149.147064209,0.8377381549550129
14472,2020-05-26 00:00:00,149.102783203,0.5960145492153728
14473,2020-05-26 01:00:00,149.063964844,0.1451581341006507
14474,2020-05-26 02:00:00,149.034286499,0.45768068822946584
14475,2020-05-26 03:00:00,148.998931885,0.018567015059721692
14476,2020-05-26 04:00:00,148.984466553,0.30683158785536124
14477,2020-05-26 05:00:00,148.972518921,0.8953191683830464
14478,2020-05-26 06:00:00,148.971282959,0.9844087375575346
14479,2020-05-26 07:00:00,148.973251343,0.12976273770340507
14480,2020-05-26 08:00:00,148.976470947,0.14934321223352187
14481,2020-05-26 09:00:00,148.97857666,0.24898748117020664
14482,2020-05-26 10:00:00,148.964126587,0.80630624916416
14483,2020-05-26 11:00:00,148.940383911,0.8672001189238783
14484,2020-05-26 12:00:00,148.916229248,0.4952054562618504
14485,2020-05-26 13:00:00,148.910140991,0.5994276815590615
14486,2020-05-26 14:00:00,148.907226562,0.8686010061356686
14487,2020-05-26 15:00:00,148.90133667,0.20468161973983345
14488,2020-05-26 16:00:00,148.890472412,0.5921369263396413
14489,2020-05-26 17:00:00,148.844909668,0.8044867133441257
14490,2020-05-26 18:00:00,148.77885437,0.9173248150403847
14491,2020-05-26 19:00:00,148.704269409,0.25852083233233325
14492,2020-05-26 20:00:00,148.64112854,0.21933527406809594
14493,2020-05-26 21:00:00,148.453338623,0.8075688986781968
14494,2020-05-26 22:00:00,148.162246704,0.5704294009339227
14495,2020-05-26 23:00:00,147.928741455,0.3899002234533707
14496,2020-05-27 00:00:00,147.740509033,0.8251307017155558
14497,2020-05-27 01:00:00,147.578948975,0.4714506797745921
14498,2020-05-27 02:00:00,147.44569397,0.04094741175669725
14499,2020-05-27 03:00:00,147.334121704,0.21390547454999997
14500,2020-05-27 04:00:00,147.224822998,0.6033429654046277
14501,2020-05-27 05:00:00,147.152374268,0.14194470429974693
14502,2020-05-27 06:00:00,147.089828491,0.7432437639464994
14503,2020-05-27 07:00:00,147.0415802,0.9372883201831445
14504,2020-05-27 08:00:00,147.002502441,0.9395014068623062
14505,2020-05-27 09:00:00,146.969558716,0.06294181469915161
14506,2020-05-27 10:00:00,146.92779541,0.1276050211833598
14507,2020-05-27 11:00:00,146.910919189,0.4824266760565593
14508,2020-05-27 12:00:00,146.896453857,0.35890088383345586
14509,2020-05-27 13:00:00,146.887374878,0.49361052619872225
14510,2020-05-27 14:00:00,146.881439209,0.10928063041919633
14511,2020-05-27 15:00:00,146.868286133,0.8450586283182051
14512,2020-05-27 16:00:00,146.826171875,0.1701583003279098
14513,2020-05-27 17:00:00,146.661361694,0.7646754385214355
14514,2020-05-27 18:00:00,146.342895508,0.715409378057813
14515,2020-05-27 19:00:00,145.917999268,0.9811529969434283
14516,2020-05-27 20:00:00,145.280685425,0.5487721839822173
14517,2020-05-27 21:00:00,144.621627808,0.9782789026971237
14518,2020-05-27 22:00:00,143.852142334,0.6799294011368571
14519,2020-05-27 23:00:00,142.993026733,0.6735204773726354
14520,2020-05-28 00:00:00,142.000244141,0.8311752649460156
14521,2020-05-28 01:00:00,141.259796143,0.6494907720229525
14522,2020-05-28 02:00:00,140.666107178,0.1253617852705583
14523,2020-05-28 03:00:00,140.183135986,0.6734355289104065
14524,2020-05-28 04:00:00,139.787963867,0.15318456177010742
14525,2020-05-28 05:00:00,139.457977295,0.10389877498276023
14526,2020-05-28 06:00:00,139.184387207,0.5889963702921522
14527,2020-05-28 07:00:00,138.958648682,0.6077568425016642
14528,2020-05-28 08:00:00,138.774429321,0.8847080669868186
14529,2020-05-28 09:00:00,138.605621338,0.7839735848853331
14530,2020-05-28 10:00:00,138.458251953,0.16887758350749515
14531,2020-05-28 11:00:00,138.359115601,0.7115035843319046
14532,2020-05-28 12:00:00,138.278579712,0.8247574647852931
14533,2020-05-28 13:00:00,138.212814331,0.7413134135964354
14534,2020-05-28 14:00:00,138.160995483,0.507426577410947
14535,2020-05-28 15:00:00,138.114395142,0.9484513072742435
14536,2020-05-28 16:00:00,138.073730469,0.3275512663828054
14537,2020-05-28 17:00:00,137.977920532,0.17653067729865435
14538,2020-05-28 18:00:00,137.68951416,0.5043546795045988
14539,2020-05-28 19:00:00,137.443756104,0.579497355004232
14540,2020-05-28 20:00:00,137.049057007,0.8220692232201559
14541,2020-05-28 21:00:00,136.54057312,0.5660811808422034
14542,2020-05-28 22:00:00,136.023223877,0.49846689127672195
14543,2020-05-28 23:00:00,135.47756958,0.504505297914939
14544,2020-05-29 00:00:00,135.055557251,0.7126672057988622
14545,2020-05-29 01:00:00,134.487945557,0.8303233567665473
14546,2020-05-29 02:00:00,134.031951904,0.6750103176121228
14547,2020-05-29 03:00:00,133.662704468,0.1984281417242304
14548,2020-05-29 04:00:00,133.362548828,0.41608614226774554
14549,2020-05-29 05:00:00,133.115768433,0.6305724089751451
14550,2020-05-29 06:00:00,132.918411255,0.2848499125501679
14551,2020-05-29 07:00:00,132.759109497,0.3746650091059307
14552,2020-05-29 08:00:00,132.638153076,0.5275572586096658
14553,2020-05-29 09:00:00,132.542160034,0.9248800751870923
14554,2020-05-29 10:00:00,132.467193604,0.9520184907117212
14555,2020-05-29 11:00:00,132.410736084,0.9526435619336547
14556,2020-05-29 12:00:00,132.363830566,0.07061244526573185
14557,2020-05-29 13:00:00,132.325897217,0.26427999111628786
14558,2020-05-29 14:00:00,132.295852661,0.9691812396538789
14559,2020-05-29 15:00:00,132.268539429,0.9775297477046329
14560,2020-05-29 16:00:00,132.251846313,0.811880973087823
14561,2020-05-29 17:00:00,132.252182007,0.04940202702615537
14562,2020-05-29 18:00:00,132.19694519,0.1829184384495216
14563,2020-05-29 19:00:00,131.985351562,0.7121662735429781
14564,2020-05-29 20:00:00,131.190887451,0.151893515451046
14565,2020-05-29 21:00:00,130.221084595,0.21750326149810717
14566,2020-05-29 22:00:00,129.248123169,0.9423392284285672
14567,2020-05-29 23:00:00,128.342834473,0.4892234831771305
14568,2020-05-30 00:00:00,127.517028809,0.45778785161233027
14569,2020-05-30 01:00:00,126.79510498,0.8379307283589367
14570,2020-05-30 02:00:00,126.201797485,0.8109332900773587
14571,2020-05-30 03:00:00,125.715255737,0.08356922287098334
14572,2020-05-30 04:00:00,125.315155029,0.475173259833906
14573,2020-05-30 05:00:00,124.982086182,0.030394529285659444
14574,2020-05-30 06:00:00,124.709968567,0.18457439474818793
14575,2020-05-30 07:00:00,124.490463257,0.6176323245720684
14576,2020-05-30 08:00:00,124.310783386,0.836547533798915
14577,2020-05-30 09:00:00,124.168045044,0.8363044218826203
14578,2020-05-30 10:00:00,124.048332214,0.3282848579626979
14579,2020-05-30 11:00:00,123.954727173,0.7251756712461479
14580,2020-05-30 12:00:00,123.879440308,0.037037189300530016
14581,2020-05-30 13:00:00,123.818321228,0.40627108714408755
14582,2020-05-30 14:00:00,123.772987366,0.018434636789759207
14583,2020-05-30 15:00:00,123.727706909,0.9385713315961065
14584,2020-05-30 16:00:00,123.696624756,0.8054173059714246
14585,2020-05-30 17:00:00,123.626068115,0.8760342188602259
14586,2020-05-30 18:00:00,123.414138794,0.36630446457721655
14587,2020-05-30 19:00:00,123.069595337,0.5827034962920014
14588,2020-05-30 20:00:00,122.612304688,0.05191452329174484
14589,2020-05-30 21:00:00,122.131645203,0.9688580695997986
14590,2020-05-30 22:00:00,121.515449524,0.5745532803783842
14591,2020-05-30 23:00:00,120.935409546,0.35448306029936394
14592,2020-05-31 00:00:00,120.538040161,0.7538457344896197
14593,2020-05-31 01:00:00,119.531211853,0.02512333341216566
14594,2020-05-31 02:00:00,118.576599121,0.9641299518390472
14595,2020-05-31 03:00:00,117.523933411,0.16913432446380383
14596,2020-05-31 04:00:00,116.75479126,0.6406519892426212
14597,2020-05-31 05:00:00,116.044326782,0.6274848416577335
14598,2020-05-31 06:00:00,115.541900635,0.38941481154010804
14599,2020-05-31 07:00:00,115.129516602,0.8963999925436246
14600,2020-05-31 08:00:00,114.752868652,0.9517520007881355
14601,2020-05-31 09:00:00,114.475036621,0.34886470076175646
14602,2020-05-31 10:00:00,114.347183228,0.9788148700719138
14603,2020-05-31 11:00:00,114.218338013,0.7564769357302676
14604,2020-05-31 12:00:00,113.966445923,0.283954815081213
14605,2020-05-31 13:00:00,113.583648682,0.053979293062931144
14606,2020-05-31 14:00:00,113.219047546,0.5849407248020005
14607,2020-05-31 15:00:00,113.047035217,0.6188444986707835
14608,2020-05-31 16:00:00,112.869621277,0.09030060995179479
14609,2020-05-31 17:00:00,112.613983154,0.842837169194684
14610,2020-05-31 18:00:00,112.237983704,0.5190625450991041
14611,2020-05-31 19:00:00,111.991439819,0.23012779698929453
14612,2020-05-31 20:00:00,111.597419739,0.175353555161888
14613,2020-05-31 21:00:00,111.119239807,0.09217617993336669
14614,2020-05-31 22:00:00,110.597412109,0.482008384059435
14615,2020-05-31 23:00:00,110.164573669,0.4265819096583455
14616,2020-06-01 00:00:00,109.732429504,0.8388713951543617
14617,2020-06-01 01:00:00,109.189620972,0.5174617303147814
14618,2020-06-01 02:00:00,108.741775513,0.03444933538084238
14619,2020-06-01 03:00:00,108.340019226,0.1398880098819436
14620,2020-06-01 04:00:00,108.015342712,0.16403306444672117
14621,2020-06-01 05:00:00,107.747245789,0.20927944296729295
14622,2020-06-01 06:00:00,107.46912384,0.5054749287722474
14623,2020-06-01 07:00:00,107.169708252,0.28733541242821414
14624,2020-06-01 08:00:00,106.769020081,0.1861373598289977
14625,2020-06-01 09:00:00,106.31829834,0.8790073807462927
14626,2020-06-01 10:00:00,105.861061096,0.9383619043150876
14627,2020-06-01 11:00:00,105.50164032,0.9853811532347471
14628,2020-06-01 12:00:00,105.205932617,0.44271371460945563
14629,2020-06-01 13:00:00,104.964157104,0.46476832091631937
14630,2020-06-01 14:00:00,104.769294739,0.02390893544026973
14631,2020-06-01 15:00:00,104.601982117,0.026028172106944525
14632,2020-06-01 16:00:00,104.421966553,0.2639126720583028
14633,2020-06-01 17:00:00,104.163375854,0.3483748059823554
14634,2020-06-01 18:00:00,103.802177429,0.041826994738425216
14635,2020-06-01 19:00:00,103.087013245,0.07869017111299115
14636,2020-06-01 20:00:00,102.294960022,0.6904428329798039
14637,2020-06-01 21:00:00,101.306907654,0.4761504897378548
14638,2020-06-01 22:00:00,100.41305542,0.6114474035482024
14639,2020-06-01 23:00:00,99.628990173,0.5169675675505369
14640,2020-06-02 00:00:00,98.990478516,0.9199292130142658
14641,2020-06-02 01:00:00,98.467826843,0.02910656348639995
14642,2020-06-02 02:00:00,98.037734985,0.9779472348955627
14643,2020-06-02 03:00:00,97.687164307,0.2494072785372451
14644,2020-06-02 04:00:00,97.399810791,0.18486554352197626
14645,2020-06-02 05:00:00,97.165138245,0.24518256647536274
14646,2020-06-02 06:00:00,96.976272583,0.12250346285018388
14647,2020-06-02 07:00:00,96.822410583,0.37563342035231795
14648,2020-06-02 08:00:00,96.697364807,0.4755081286810531
14649,2020-06-02 09:00:00,96.601921082,0.30114001781116484
14650,2020-06-02 10:00:00,96.527175903,0.27470046183349994
14651,2020-06-02 11:00:00,96.467346191,0.48756643755916707
14652,2020-06-02 12:00:00,96.424705505,0.3923962485790451
14653,2020-06-02 13:00:00,96.393943787,0.6854366932570356
14654,2020-06-02 14:00:00,96.367248535,0.4102248529144652
14655,2020-06-02 15:00:00,96.344863892,0.8873046458664677
14656,2020-06-02 16:00:00,96.331565857,0.47775475666723133
14657,2020-06-02 17:00:00,96.319023132,0.7372301254181455
14658,2020-06-02 18:00:00,96.224861145,0.16410142245347792
14659,2020-06-02 19:00:00,95.949638367,0.3648322204865654
14660,2020-06-02 20:00:00,95.534194946,0.6419374323231095
14661,2020-06-02 21:00:00,94.989608765,0.01655718063183098
14662,2020-06-02 22:00:00,94.384719849,0.4782564552193169
14663,2020-06-02 23:00:00,93.86089325,0.515409300720333
14664,2020-06-03 00:00:00,93.412750244,0.8082038853083114
14665,2020-06-03 01:00:00,93.044631958,0.713160007691818
14666,2020-06-03 02:00:00,92.743415833,0.4470970412336088
14667,2020-06-03 03:00:00,92.500793457,0.8389057662680454
14668,2020-06-03 04:00:00,92.301467896,0.3650025798479669
14669,2020-06-03 05:00:00,92.13269043,0.9939820536671667
14670,2020-06-03 06:00:00,91.997459412,0.34037867207389494
14671,2020-06-03 07:00:00,91.887039185,0.41932243927842594
14672,2020-06-03 08:00:00,91.797157288,0.35654512919243175
14673,2020-06-03 09:00:00,91.724884033,0.5672387807565193
14674,2020-06-03 10:00:00,91.667892456,0.906926745122351
14675,2020-06-03 11:00:00,91.621231079,0.5391648181572363
14676,2020-06-03 12:00:00,91.585136414,0.13292596361012443
14677,2020-06-03 13:00:00,91.555389404,0.26741164991976696
14678,2020-06-03 14:00:00,91.533348083,0.6938486999099817
14679,2020-06-03 15:00:00,91.512016296,0.036333585724462436
14680,2020-06-03 16:00:00,91.492980957,0.15427790570937217
14681,2020-06-03 17:00:00,91.469078064,0.4085254632676403
14682,2020-06-03 18:00:00,91.356193542,0.7796876225202191
14683,2020-06-03 19:00:00,91.05960083,0.7118883363042527
14684,2020-06-03 20:00:00,90.678016663,0.7977438867469413
14685,2020-06-03 21:00:00,90.09677124,0.6249933385162981
14686,2020-06-03 22:00:00,89.283485413,0.5353062905781379
14687,2020-06-03 23:00:00,88.480812073,0.27985402572184725
14688,2020-06-04 00:00:00,87.869354248,0.8967131358013202
14689,2020-06-04 01:00:00,87.361839294,0.8165316768380908
14690,2020-06-04 02:00:00,86.946525574,0.31230490460099924
14691,2020-06-04 03:00:00,86.603286743,0.35723999221303715
14692,2020-06-04 04:00:00,86.322113037,0.36035674165988063
14693,2020-06-04 05:00:00,86.093658447,0.01393653254677063
14694,2020-06-04 06:00:00,85.904708862,0.27539217138179417
14695,2020-06-04 07:00:00,85.751602173,0.37388241595975824
14696,2020-06-04 08:00:00,85.626777649,0.5974712251002613
14697,2020-06-04 09:00:00,85.526252747,0.8996635009653314
14698,2020-06-04 10:00:00,85.446975708,0.4732187745181188
14699,2020-06-04 11:00:00,85.38344574,0.6385992649161898
14700,2020-06-04 12:00:00,85.333198547,0.5637115967937824
14701,2020-06-04 13:00:00,85.293418884,0.407706397244862
14702,2020-06-04 14:00:00,85.262939453,0.8682505275787872
14703,2020-06-04 15:00:00,85.233726501,0.05227254443982565
14704,2020-06-04 16:00:00,85.190200806,0.5012543982960341
14705,2020-06-04 17:00:00,85.127296448,0.6522884446944577
14706,2020-06-04 18:00:00,84.920532227,0.12099186440633569
14707,2020-06-04 19:00:00,84.136932373,0.21439806562472508
14708,2020-06-04 20:00:00,83.167900085,0.7114940888701174
14709,2020-06-04 21:00:00,82.093635559,0.47003631408920055
14710,2020-06-04 22:00:00,80.919784546,0.7568190903758228
14711,2020-06-04 23:00:00,79.942733765,0.6228606909500112
14712,2020-06-05 00:00:00,78.994621277,0.14079571893915055
14713,2020-06-05 01:00:00,78.232749939,0.3395591273250501
14714,2020-06-05 02:00:00,77.614997864,0.5105094416092836
14715,2020-06-05 03:00:00,77.10975647,0.5033903694861734
14716,2020-06-05 04:00:00,76.698028564,0.21412982032285044
14717,2020-06-05 05:00:00,76.361572266,0.15182715080014209
14718,2020-06-05 06:00:00,76.088165283,0.04099563544317497
14719,2020-06-05 07:00:00,75.864341736,0.1588315909107726
14720,2020-06-05 08:00:00,75.680984497,0.47308082308721977
14721,2020-06-05 09:00:00,75.531005859,0.7698929619951822
14722,2020-06-05 10:00:00,75.407485962,0.1472170841095629
14723,2020-06-05 11:00:00,75.307846069,0.2253258129242549
14724,2020-06-05 12:00:00,75.225242615,0.5515592676911154
14725,2020-06-05 13:00:00,75.159248352,0.693895484256343
14726,2020-06-05 14:00:00,75.10975647,0.13138685500216873
14727,2020-06-05 15:00:00,75.059425354,0.5888699807455717
14728,2020-06-05 16:00:00,75.036407471,0.1889996388315599
14729,2020-06-05 17:00:00,74.754325867,0.9940931206426782
14730,2020-06-05 18:00:00,74.319747925,0.2004046461837533
14731,2020-06-05 19:00:00,73.525756836,0.35289720590117
14732,2020-06-05 20:00:00,71.987945557,0.7904672353015636
14733,2020-06-05 21:00:00,70.170036316,0.014762550296300136
14734,2020-06-05 22:00:00,68.557479858,0.6010376229401427
14735,2020-06-05 23:00:00,67.182594299,0.12832353456709533
14736,2020-06-06 00:00:00,65.612251282,0.4047119526412619
14737,2020-06-06 01:00:00,64.327484131,0.8078837053063049
14738,2020-06-06 02:00:00,62.980377197,0.8857428812419021
14739,2020-06-06 03:00:00,61.857582092,0.9413923484257362
14740,2020-06-06 04:00:00,60.956665039,0.9458318630766953
14741,2020-06-06 05:00:00,60.038627625,0.15712510942116598
14742,2020-06-06 06:00:00,59.355461121,0.46163388539211037
14743,2020-06-06 07:00:00,59.162891388,0.5018819059997187
14744,2020-06-06 08:00:00,59.003799438,0.14397156718508586
14745,2020-06-06 09:00:00,58.695770264,0.8759966742974712
14746,2020-06-06 10:00:00,58.340572357,0.42832453161882167
14747,2020-06-06 11:00:00,57.733634949,0.8416733314048928
14748,2020-06-06 12:00:00,56.901268005,0.496527469035566
14749,2020-06-06 13:00:00,55.559452057,0.8330768107978026
14750,2020-06-06 14:00:00,53.150737762,0.6288593778298451
14751,2020-06-06 15:00:00,51.12903595,0.16201667471370573
14752,2020-06-06 16:00:00,47.053337097,0.9466692735859684
14753,2020-06-06 17:00:00,42.323200226,0.617284622804392
14754,2020-06-06 18:00:00,35.529273987,0.2604414498029719
14755,2020-06-06 19:00:00,27.980409622,0.6923930779604736
14756,2020-06-06 20:00:00,19.918830872,0.18555374543701197
14757,2020-06-06 21:00:00,12.650993347,0.11334471177789729
14758,2020-06-06 22:00:00,7.507600784,0.3153268435118489
14759,2020-06-06 23:00:00,2.815065861,0.4809041290537476
14760,2020-06-07 00:00:00,0.199731976,0.5035367627551075
14761,2020-06-07 01:00:00,0.0,0.1901288116804124
14762,2020-06-07 02:00:00,0.0,0.4063708730925162
14763,2020-06-07 03:00:00,0.000644772,0.9167433735770459
14764,2020-06-07 04:00:00,0.000595037,0.25302321905819425
14765,2020-06-07 05:00:00,0.000464196,0.3231127946074972
14766,2020-06-07 06:00:00,0.000349216,0.4828546385264598
14767,2020-06-07 07:00:00,0.0005308,0.3374901896629797
14768,2020-06-07 08:00:00,0.000511997,0.4950323167993098
14769,2020-06-07 09:00:00,0.000478972,0.12953945897564156
14770,2020-06-07 10:00:00,0.000355435,0.3675441532180652
14771,2020-06-07 11:00:00,0.000842721,0.2001745965276852
14772,2020-06-07 12:00:00,0.000907276,0.09320668927420184
14773,2020-06-07 13:00:00,0.000851486,0.4657610025037161
14774,2020-06-07 14:00:00,0.000620651,0.9917562659324148
14775,2020-06-07 15:00:00,0.000554635,0.5246770640402085
14776,2020-06-07 16:00:00,0.000335125,0.36555735934401923
14777,2020-06-07 17:00:00,0.00028115,0.45716708091732294
14778,2020-06-07 18:00:00,0.000228442,0.3343248780486644
14779,2020-06-07 19:00:00,0.000129482,0.4084063192882551
14780,2020-06-07 20:00:00,6.8307e-05,0.8572671651452187
14781,2020-06-07 21:00:00,3.5763e-05,0.28720912198514337
14782,2020-06-07 22:00:00,1.8862e-05,0.9715526569805876
14783,2020-06-07 23:00:00,7.176e-06,0.7696017467471626
14784,2020-06-08 00:00:00,2.388e-06,0.9560190365611975
14785,2020-06-08 01:00:00,0.0,0.41895670468786095
14786,2020-06-08 02:00:00,0.0,0.9538515886686562
14787,2020-06-08 03:00:00,0.0,0.9285923857326156
14788,2020-06-08 04:00:00,0.0,0.318315562141235
14789,2020-06-08 05:00:00,0.0,0.018184318930734578
14790,2020-06-08 06:00:00,0.0,0.5951810813489141
14791,2020-06-08 07:00:00,0.0,0.6544142912478463
14792,2020-06-08 08:00:00,0.0,0.26058109281127784
14793,2020-06-08 09:00:00,0.0,0.3922113807623907
14794,2020-06-08 10:00:00,0.0,0.49352341253501497
14795,2020-06-08 11:00:00,0.0,0.3361431458790938
14796,2020-06-08 12:00:00,0.0,0.17139589681621248
14797,2020-06-08 13:00:00,0.0,0.5695570602295852
14798,2020-06-08 14:00:00,0.0,0.7959086837255724
14799,2020-06-08 15:00:00,0.0,0.41185791791587845
14800,2020-06-08 16:00:00,0.0,0.564238824421775
14801,2020-06-08 17:00:00,0.0,0.5431157191574274
14802,2020-06-08 18:00:00,0.0,0.524891767515631
14803,2020-06-08 19:00:00,0.0,0.6489581757179387
14804,2020-06-08 20:00:00,0.0,0.31249796100934757
14805,2020-06-08 21:00:00,0.0,0.2792025128603427
14806,2020-06-08 22:00:00,0.0,0.03980686286277013
14807,2020-06-08 23:00:00,0.0,0.7610387703040027
14808,2020-06-09 00:00:00,0.0,0.36949890651853456
14809,2020-06-09 01:00:00,0.459965736,0.8491564473643693
14810,2020-06-09 02:00:00,0.934154749,0.35417131460343576
14811,2020-06-09 03:00:00,1.435130954,0.4112310864240759
14812,2020-06-09 04:00:00,1.942645431,0.39612596284706936
14813,2020-06-09 05:00:00,2.592116356,0.3960000571049902
14814,2020-06-09 06:00:00,3.224247456,0.11238585698858372
14815,2020-06-09 07:00:00,3.684546232,0.15046038002082995
14816,2020-06-09 08:00:00,4.282021046,0.757015159821425
14817,2020-06-09 09:00:00,4.870265007,0.7548231648660301
14818,2020-06-09 10:00:00,5.379376411,0.42602891084945016
14819,2020-06-09 11:00:00,5.935806274,0.6245382341584544
14820,2020-06-09 12:00:00,6.444232941,0.8053473434687357
14821,2020-06-09 13:00:00,6.726686478,0.5301098689876104
14822,2020-06-09 14:00:00,6.909710884,0.8769758269442254
14823,2020-06-09 15:00:00,6.983453751,0.19158093651384012
14824,2020-06-09 16:00:00,7.022144318,0.7548433651200549
14825,2020-06-09 17:00:00,7.055353165,0.40322805770169423
14826,2020-06-09 18:00:00,7.098349571,0.3924600208511382
14827,2020-06-09 19:00:00,7.144896507,0.8386020809199775
14828,2020-06-09 20:00:00,7.198588848,0.04066470164273095
14829,2020-06-09 21:00:00,7.224511147,0.9089607037899151
14830,2020-06-09 22:00:00,7.23656559,0.25970684145288836
14831,2020-06-09 23:00:00,7.240515709,0.46278642583865437
14832,2020-06-10 00:00:00,7.230650425,0.39316932707161467
14833,2020-06-10 01:00:00,7.230066776,0.5942056408615022
14834,2020-06-10 02:00:00,7.214547634,0.25250542230692774
14835,2020-06-10 03:00:00,7.200928688,0.45231738325070714
14836,2020-06-10 04:00:00,7.199801445,0.4422583572618838
14837,2020-06-10 05:00:00,7.209170818,0.47771809925154773
14838,2020-06-10 06:00:00,7.218623161,0.32041450734167454
14839,2020-06-10 07:00:00,7.228685856,0.9985982170367598
14840,2020-06-10 08:00:00,7.240911484,0.16164734884878307
14841,2020-06-10 09:00:00,7.252233505,0.6528659931603643
14842,2020-06-10 10:00:00,7.26215601,0.7936245392416499
14843,2020-06-10 11:00:00,7.27215147,0.5248702138554872
14844,2020-06-10 12:00:00,7.279545307,0.9274562918607496
14845,2020-06-10 13:00:00,7.287880421,0.6917061132939063
14846,2020-06-10 14:00:00,7.296949387,0.48419069715376817
14847,2020-06-10 15:00:00,7.302381992,0.6461763039867146
14848,2020-06-10 16:00:00,7.306270123,0.10109680357739825
14849,2020-06-10 17:00:00,7.302458763,0.049606035778101853
14850,2020-06-10 18:00:00,7.284328461,0.4568966416879715
14851,2020-06-10 19:00:00,7.269389153,0.8293778120760913
14852,2020-06-10 20:00:00,7.255940437,0.23902986638092494
14853,2020-06-10 21:00:00,7.203250885,0.6065754004114838
14854,2020-06-10 22:00:00,7.067978859,0.2915342969134662
14855,2020-06-10 23:00:00,6.979950428,0.6746778127072875
14856,2020-06-11 00:00:00,6.907182217,0.47824025688770455
14857,2020-06-11 01:00:00,6.843048096,0.786932292767445
14858,2020-06-11 02:00:00,6.816567421,0.3596535935932901
14859,2020-06-11 03:00:00,6.803053379,0.01594125600703311
14860,2020-06-11 04:00:00,6.801917076,0.6618978367230064
14861,2020-06-11 05:00:00,6.806208611,0.7552825191869894
14862,2020-06-11 06:00:00,6.81075573,0.6841751890960563
14863,2020-06-11 07:00:00,6.814045906,0.055895747383561956
14864,2020-06-11 08:00:00,6.821707726,0.5358982076225078
14865,2020-06-11 09:00:00,6.829778671,0.04313983964923951
14866,2020-06-11 10:00:00,6.837490082,0.10844628769515297
14867,2020-06-11 11:00:00,6.845077038,0.27977091124815046
14868,2020-06-11 12:00:00,6.850020409,0.19276458631264215
14869,2020-06-11 13:00:00,6.855901241,0.01366872461234836
14870,2020-06-11 14:00:00,6.859964371,0.24666124447206228
14871,2020-06-11 15:00:00,6.861122131,0.33109306930061844
14872,2020-06-11 16:00:00,6.861562729,0.29179072513805293
14873,2020-06-11 17:00:00,6.844913483,0.9737910555805515
14874,2020-06-11 18:00:00,6.774449825,0.8696867239640379
14875,2020-06-11 19:00:00,6.610989571,0.48156546761634833
14876,2020-06-11 20:00:00,6.428508282,0.8002968336952092
14877,2020-06-11 21:00:00,6.245978832,0.2534658189302359
14878,2020-06-11 22:00:00,6.083337784,0.8863469785944535
14879,2020-06-11 23:00:00,5.958032608,0.24386817314555842
14880,2020-06-12 00:00:00,5.849425316,0.7754117542724602
14881,2020-06-12 01:00:00,5.753545284,0.49802857540411694
14882,2020-06-12 02:00:00,5.693615437,0.10855550784748424
14883,2020-06-12 03:00:00,5.669372082,0.14805663554251247
14884,2020-06-12 04:00:00,5.65771246,0.44574477489771813
14885,2020-06-12 05:00:00,5.6476264,0.5242790967761298
14886,2020-06-12 06:00:00,5.641051769,0.4512956931492874
14887,2020-06-12 07:00:00,5.632752895,0.4014625203231996
14888,2020-06-12 08:00:00,5.627047539,0.08032069968044131
14889,2020-06-12 09:00:00,5.62460947,0.4352021549841746
14890,2020-06-12 10:00:00,5.624462605,0.6998509723046553
14891,2020-06-12 11:00:00,5.622384071,0.3592854497704815
14892,2020-06-12 12:00:00,5.618630409,0.7574520296092935
14893,2020-06-12 13:00:00,5.572828293,0.02036481377637378
14894,2020-06-12 14:00:00,5.531479836,0.9943675705002046
14895,2020-06-12 15:00:00,5.492446423,0.7509148049574424
14896,2020-06-12 16:00:00,5.433424473,0.5654701416235488
14897,2020-06-12 17:00:00,5.357402802,0.00948945013821767
14898,2020-06-12 18:00:00,5.239797115,0.5011447597513391
14899,2020-06-12 19:00:00,5.367899895,0.9315518291411191
14900,2020-06-12 20:00:00,5.384561062,0.8620528726356503
14901,2020-06-12 21:00:00,5.32374239,0.9851672620204532
14902,2020-06-12 22:00:00,5.017555237,0.5904450528878221
14903,2020-06-12 23:00:00,4.778354168,0.6066545158841098
14904,2020-06-13 00:00:00,4.578300476,0.5265591839467184
14905,2020-06-13 01:00:00,4.206069469,0.6986016432535423
14906,2020-06-13 02:00:00,3.95648098,0.24859014140216307
14907,2020-06-13 03:00:00,3.737395287,0.33382944171431883
14908,2020-06-13 04:00:00,3.51241684,0.7863656080672854
14909,2020-06-13 05:00:00,3.293737888,0.1936087813272508
14910,2020-06-13 06:00:00,3.097637177,0.9843236748919312
14911,2020-06-13 07:00:00,2.919022322,0.33649604584973036
14912,2020-06-13 08:00:00,2.851665497,0.6416984975756785
14913,2020-06-13 09:00:00,2.718939543,0.7703154609325671
14914,2020-06-13 10:00:00,2.605914354,0.6294449245246666
14915,2020-06-13 11:00:00,2.496517897,0.24230776271957233
14916,2020-06-13 12:00:00,2.389353275,0.15066038768297318
14917,2020-06-13 13:00:00,2.279833317,0.14631067171999612
14918,2020-06-13 14:00:00,2.155625105,0.6036485087014107
14919,2020-06-13 15:00:00,2.001774311,0.9964100718512442
14920,2020-06-13 16:00:00,1.783252478,0.07906742117739096
14921,2020-06-13 17:00:00,0.914384663,0.8168284353517151
14922,2020-06-13 18:00:00,0.0,0.19287338694893585
14923,2020-06-13 19:00:00,0.0,0.21113678013982118
14924,2020-06-13 20:00:00,0.0,0.7447536884761873
14925,2020-06-13 21:00:00,0.0,0.4478845032034583
14926,2020-06-13 22:00:00,0.0,0.937987059312386
14927,2020-06-13 23:00:00,0.0,0.6811727946007075
14928,2020-06-14 00:00:00,0.0,0.25649185791959495
14929,2020-06-14 01:00:00,0.0,0.7560310874082233
14930,2020-06-14 02:00:00,0.0,0.07327798206305547
14931,2020-06-14 03:00:00,0.0,0.4881725617941346
14932,2020-06-14 04:00:00,0.0,0.39770089133897324
14933,2020-06-14 05:00:00,0.0,0.26842820608370044
14934,2020-06-14 06:00:00,0.0,0.07003205671956736
14935,2020-06-14 07:00:00,0.0,0.23347529829805147
14936,2020-06-14 08:00:00,0.0,0.4278487795489848
14937,2020-06-14 09:00:00,0.0,0.4941993493411768
14938,2020-06-14 10:00:00,0.0,0.7777080446223366
14939,2020-06-14 11:00:00,0.0,0.4489006398802986
14940,2020-06-14 12:00:00,0.0,0.8737516877675245
14941,2020-06-14 13:00:00,0.0,0.6271348497885719
14942,2020-06-14 14:00:00,0.0,0.8074165636904663
14943,2020-06-14 15:00:00,0.0,0.2741213229820002
14944,2020-06-14 16:00:00,0.0,0.7564647180747914
14945,2020-06-14 17:00:00,0.0,0.606307791018718
14946,2020-06-14 18:00:00,0.0,0.6224246716944136
14947,2020-06-14 19:00:00,0.0,0.08901428050087534
14948,2020-06-14 20:00:00,0.0,0.7562775222162118
14949,2020-06-14 21:00:00,0.0,0.7458416791418908
14950,2020-06-14 22:00:00,0.0,0.5056393980117888
14951,2020-06-14 23:00:00,0.0,0.6833780689911398
14952,2020-06-15 00:00:00,0.0,0.17421017359501456
14953,2020-06-15 01:00:00,0.0,0.9405458536993333
14954,2020-06-15 02:00:00,0.0,0.49774737356430687
14955,2020-06-15 03:00:00,0.0,0.2777212800475184
14956,2020-06-15 04:00:00,0.0,0.8204508160182007
14957,2020-06-15 05:00:00,0.0,0.16154600707159827
14958,2020-06-15 06:00:00,0.0,0.6524555728460608
14959,2020-06-15 07:00:00,0.0,0.7687343413538676
14960,2020-06-15 08:00:00,0.0,0.8514652554008756
14961,2020-06-15 09:00:00,0.0,0.3988516939475155
14962,2020-06-15 10:00:00,0.0,0.904911122360009
14963,2020-06-15 11:00:00,0.0,0.768799568479672
14964,2020-06-15 12:00:00,0.0,0.6709711969302208
14965,2020-06-15 13:00:00,0.0,0.8939856233492685
14966,2020-06-15 14:00:00,0.0,0.7365160032378325
14967,2020-06-15 15:00:00,0.0,0.9648400084918448
14968,2020-06-15 16:00:00,0.0,0.8854470344133583
14969,2020-06-15 17:00:00,0.0,0.380931899975515
14970,2020-06-15 18:00:00,0.0,0.37677390907264197
14971,2020-06-15 19:00:00,0.0,0.5584180976171602
14972,2020-06-15 20:00:00,0.0,0.3767382350280172
14973,2020-06-15 21:00:00,0.0,0.3422082892513063
14974,2020-06-15 22:00:00,0.0,0.008649928916659277
14975,2020-06-15 23:00:00,0.0,0.7142807662804757
14976,2020-06-16 00:00:00,0.0,0.19104708207541943
14977,2020-06-16 01:00:00,0.0,0.22246668405413084
14978,2020-06-16 02:00:00,0.0,0.35269569745222196
14979,2020-06-16 03:00:00,0.0,0.9923601467976051
14980,2020-06-16 04:00:00,0.0,0.5755183779728011
14981,2020-06-16 05:00:00,0.0,0.32657927432853606
14982,2020-06-16 06:00:00,0.0,0.26434508831417025
14983,2020-06-16 07:00:00,0.0,0.6061019583772074
14984,2020-06-16 08:00:00,0.0,0.5617532817562647
14985,2020-06-16 09:00:00,0.0,0.19854840933457685
14986,2020-06-16 10:00:00,0.0,0.4856814443965146
14987,2020-06-16 11:00:00,0.0,0.5162300155193176
14988,2020-06-16 12:00:00,0.0,0.1066244800147792
14989,2020-06-16 13:00:00,0.0,0.7005901160022444
14990,2020-06-16 14:00:00,0.0,0.6173292145625222
14991,2020-06-16 15:00:00,0.0,0.192254612132718
14992,2020-06-16 16:00:00,0.0,0.6764247365871485
14993,2020-06-16 17:00:00,0.0,0.5881465924827943
14994,2020-06-16 18:00:00,0.0,0.8151383624220422
14995,2020-06-16 19:00:00,0.0,0.6772784384813978
14996,2020-06-16 20:00:00,0.0,0.4340403243635744
14997,2020-06-16 21:00:00,0.0,0.16421095617660253
14998,2020-06-16 22:00:00,0.0,0.041178641423403106
14999,2020-06-16 23:00:00,0.0,0.06830644037399836
15000,2020-06-17 00:00:00,0.0,0.5217548846726446
15001,2020-06-17 01:00:00,0.0,0.5974479276749152
15002,2020-06-17 02:00:00,0.0,0.5530073877672214
15003,2020-06-17 03:00:00,0.0,0.49718129352320417
15004,2020-06-17 04:00:00,0.0,0.22177692375687674
15005,2020-06-17 05:00:00,0.0,0.4764972864057222
15006,2020-06-17 06:00:00,0.0,0.302778128381588
15007,2020-06-17 07:00:00,0.0,0.9583151807720832
15008,2020-06-17 08:00:00,0.0,0.715536059189328
15009,2020-06-17 09:00:00,0.0,0.6859978550711016
15010,2020-06-17 10:00:00,0.0,0.17832665990147467
15011,2020-06-17 11:00:00,0.0,0.021016546216526266
15012,2020-06-17 12:00:00,0.0,0.05559475992864127
15013,2020-06-17 13:00:00,0.0,0.8561968859471538
15014,2020-06-17 14:00:00,0.0,0.4629947147488046
15015,2020-06-17 15:00:00,0.0,0.046798568716995725
15016,2020-06-17 16:00:00,0.0,0.7874290570408434
15017,2020-06-17 17:00:00,0.0,0.7193383039042064
15018,2020-06-17 18:00:00,0.0,0.13149765852010808
15019,2020-06-17 19:00:00,0.0,0.13124795279895796
15020,2020-06-17 20:00:00,0.0,0.42836319437480885
15021,2020-06-17 21:00:00,0.0,0.0746710701395994
15022,2020-06-17 22:00:00,0.0,0.23567662554581925
15023,2020-06-17 23:00:00,0.0,0.6183031984017249
15024,2020-06-18 00:00:00,0.0,0.5046556187814204
15025,2020-06-18 01:00:00,0.0,0.35235869008515774
15026,2020-06-18 02:00:00,0.0,0.2707598931283076
15027,2020-06-18 03:00:00,0.0,0.13325113183046522
15028,2020-06-18 04:00:00,0.0,0.6856607396448956
15029,2020-06-18 05:00:00,0.0,0.517850464017099
15030,2020-06-18 06:00:00,0.0,0.7703536022469578
15031,2020-06-18 07:00:00,0.0,0.8381475928874597
15032,2020-06-18 08:00:00,0.0,0.07860230353591657
15033,2020-06-18 09:00:00,0.0,0.5827700623444235
15034,2020-06-18 10:00:00,0.0,0.36737464821048593
15035,2020-06-18 11:00:00,0.0,0.42105983334406993
15036,2020-06-18 12:00:00,0.0,0.5185727117949093
15037,2020-06-18 13:00:00,0.0,0.18213397023292754
15038,2020-06-18 14:00:00,0.0,0.5075364076695829
15039,2020-06-18 15:00:00,0.0,0.28497942026623535
15040,2020-06-18 16:00:00,0.0,0.44070732779197297
15041,2020-06-18 17:00:00,0.0,0.7917424934162584
15042,2020-06-18 18:00:00,0.0,0.010960622900252681
15043,2020-06-18 19:00:00,0.0,0.7679832108303656
15044,2020-06-18 20:00:00,0.0,0.15301918868209485
15045,2020-06-18 21:00:00,0.0,0.013527467819056782
15046,2020-06-18 22:00:00,0.0,0.5313597759694754
15047,2020-06-18 23:00:00,0.0,0.45450656538718737
15048,2020-06-19 00:00:00,0.0,0.16796233894418833
15049,2020-06-19 01:00:00,0.0,0.1994287140254446
15050,2020-06-19 02:00:00,0.0,0.30132303958390527
15051,2020-06-19 03:00:00,0.0,0.9041837208912329
15052,2020-06-19 04:00:00,0.0,0.0007370502286461189
15053,2020-06-19 05:00:00,0.0,0.6696897618572875
15054,2020-06-19 06:00:00,0.0,0.18858208170356727
15055,2020-06-19 07:00:00,0.0,0.3939176460345477
15056,2020-06-19 08:00:00,0.0,0.346626636909826
15057,2020-06-19 09:00:00,0.0,0.9168341751379696
15058,2020-06-19 10:00:00,0.0,0.5597560284016871
15059,2020-06-19 11:00:00,0.0,0.698254209697136
15060,2020-06-19 12:00:00,0.0,0.40388151998046595
15061,2020-06-19 13:00:00,0.0,0.3584511700292339
15062,2020-06-19 14:00:00,0.0,0.9603087547111024
15063,2020-06-19 15:00:00,0.0,0.9140267853941826
15064,2020-06-19 16:00:00,0.0,0.5719326389834202
15065,2020-06-19 17:00:00,0.0,0.46751714664957
15066,2020-06-19 18:00:00,0.0,0.17248714388154507
15067,2020-06-19 19:00:00,0.0,0.2399415066918692
15068,2020-06-19 20:00:00,0.0,0.27014869839855304
15069,2020-06-19 21:00:00,0.0,0.3912630250251139
15070,2020-06-19 22:00:00,0.0,0.04397425794997778
15071,2020-06-19 23:00:00,0.0,0.04344682423274704
15072,2020-06-20 00:00:00,0.0,0.8581641462522043
15073,2020-06-20 01:00:00,0.0,0.26856887503217997
15074,2020-06-20 02:00:00,0.0,0.7288200708926984
15075,2020-06-20 03:00:00,0.0,0.459943055999502
15076,2020-06-20 04:00:00,0.0,0.8973292214517001
15077,2020-06-20 05:00:00,0.0,0.9543802009311737
15078,2020-06-20 06:00:00,0.0,0.4431795494830504
15079,2020-06-20 07:00:00,0.0,0.7610147123762139
15080,2020-06-20 08:00:00,0.0,0.351560852540476
15081,2020-06-20 09:00:00,0.0,0.23349230077020788
15082,2020-06-20 10:00:00,0.0,0.8768512282331979
15083,2020-06-20 11:00:00,0.0,0.4782580974385815
15084,2020-06-20 12:00:00,0.0,0.47697105876831447
15085,2020-06-20 13:00:00,0.0,0.286692531909592
15086,2020-06-20 14:00:00,0.0,0.31974169443400835
15087,2020-06-20 15:00:00,0.0,0.3076262281117561
15088,2020-06-20 16:00:00,0.0,0.41960835753891546
15089,2020-06-20 17:00:00,0.0,0.04726978736597198
15090,2020-06-20 18:00:00,0.0,0.9729844108293976
15091,2020-06-20 19:00:00,0.0,0.9286740715222767
15092,2020-06-20 20:00:00,0.0,0.9771043341160529
15093,2020-06-20 21:00:00,0.0,0.7318270248084722
15094,2020-06-20 22:00:00,0.0,0.651816442544744
15095,2020-06-20 23:00:00,0.0,0.21615377887714393
15096,2020-06-21 00:00:00,0.0,0.4450663461413178
15097,2020-06-21 01:00:00,0.0,0.39377677734435823
15098,2020-06-21 02:00:00,0.0,0.10924425313066044
15099,2020-06-21 03:00:00,0.0,0.15432966401192527
15100,2020-06-21 04:00:00,0.0,0.4512062160877357
15101,2020-06-21 05:00:00,0.0,0.9582407227275254
15102,2020-06-21 06:00:00,0.0,0.3718267054030987
15103,2020-06-21 07:00:00,0.0,0.43549188702722386
15104,2020-06-21 08:00:00,0.0,0.6360802598558686
15105,2020-06-21 09:00:00,0.0,0.6069203564318641
15106,2020-06-21 10:00:00,0.0,0.6144626190201601
15107,2020-06-21 11:00:00,0.0,0.77337016311196
15108,2020-06-21 12:00:00,0.0,0.5434568846089014
15109,2020-06-21 13:00:00,0.0,0.6148315517238448
15110,2020-06-21 14:00:00,0.0,0.8431660377924594
15111,2020-06-21 15:00:00,0.0,0.9283280695661337
15112,2020-06-21 16:00:00,0.0,0.9772316402978752
15113,2020-06-21 17:00:00,0.0,0.49027956597643074
15114,2020-06-21 18:00:00,0.0,0.887883850569951
15115,2020-06-21 19:00:00,0.0,0.9303826862922958
15116,2020-06-21 20:00:00,0.0,0.12079361840962743
15117,2020-06-21 21:00:00,0.0,0.23415658646626603
15118,2020-06-21 22:00:00,0.0,0.2504427081589369
15119,2020-06-21 23:00:00,0.0,0.44353706330841247
15120,2020-06-22 00:00:00,0.0,0.6318880224463863
15121,2020-06-22 01:00:00,0.0,0.45114554859526457
15122,2020-06-22 02:00:00,0.0,0.8508348185715157
15123,2020-06-22 03:00:00,0.0,0.06690064253971828
15124,2020-06-22 04:00:00,0.0,0.4031209492828781
15125,2020-06-22 05:00:00,0.0,0.442835842454681
15126,2020-06-22 06:00:00,0.0,0.8806799653386068
15127,2020-06-22 07:00:00,0.0,0.9202838516615488
15128,2020-06-22 08:00:00,0.0,0.0856014976271281
15129,2020-06-22 09:00:00,0.0,0.7109085078501399
15130,2020-06-22 10:00:00,0.0,0.4601175821870571
15131,2020-06-22 11:00:00,0.0,0.0511137879601854
15132,2020-06-22 12:00:00,0.0,0.12509030473664462
15133,2020-06-22 13:00:00,0.0,0.04760297823960691
15134,2020-06-22 14:00:00,0.0,0.7853409686125724
15135,2020-06-22 15:00:00,0.0,0.7885480375414115
15136,2020-06-22 16:00:00,0.0,0.9592521714692686
15137,2020-06-22 17:00:00,0.0,0.4687397481027705
15138,2020-06-22 18:00:00,0.0,0.32264267113875433
15139,2020-06-22 19:00:00,0.0,0.7879717557330106
15140,2020-06-22 20:00:00,0.0,0.7201338887964249
15141,2020-06-22 21:00:00,0.0,0.5281903593542023
15142,2020-06-22 22:00:00,0.0,0.708532688556883
15143,2020-06-22 23:00:00,0.0,0.7610547489866615
15144,2020-06-23 00:00:00,0.0,0.07884760163721394
15145,2020-06-23 01:00:00,0.0,0.9857980402895593
15146,2020-06-23 02:00:00,0.0,0.6488401058227341
15147,2020-06-23 03:00:00,0.0,0.030830567909324924
15148,2020-06-23 04:00:00,0.0,0.6976682587580741
15149,2020-06-23 05:00:00,0.0,0.27204824327295185
15150,2020-06-23 06:00:00,0.0,0.2579650772715164
15151,2020-06-23 07:00:00,0.0,0.12351674186753259
15152,2020-06-23 08:00:00,0.0,0.5712912689891206
15153,2020-06-23 09:00:00,0.0,0.4739520227388657
15154,2020-06-23 10:00:00,0.0,0.5605360632598363
15155,2020-06-23 11:00:00,0.0,0.6513940969198444
15156,2020-06-23 12:00:00,0.0,0.3608525324249705
15157,2020-06-23 13:00:00,0.0,0.7101899624163776
15158,2020-06-23 14:00:00,0.0,0.3712581330086474
15159,2020-06-23 15:00:00,0.0,0.2215636603507033
15160,2020-06-23 16:00:00,0.0,0.910888896698538
15161,2020-06-23 17:00:00,0.0,0.13686909242687828
15162,2020-06-23 18:00:00,0.0,0.6828545327811817
15163,2020-06-23 19:00:00,0.0,0.553353730241941
15164,2020-06-23 20:00:00,0.0,0.7005666027146051
15165,2020-06-23 21:00:00,0.0,0.4445550185719057
15166,2020-06-23 22:00:00,0.0,0.7177818513092487
15167,2020-06-23 23:00:00,0.0,0.9044792749963347
15168,2020-06-24 00:00:00,0.0,0.9489010765077358
15169,2020-06-24 01:00:00,0.0,0.932297758936555
15170,2020-06-24 02:00:00,0.0,0.7247490975606683
15171,2020-06-24 03:00:00,0.0,0.6493922036490828
15172,2020-06-24 04:00:00,0.0,0.2747319951474204
15173,2020-06-24 05:00:00,0.0,0.5776944820971402
15174,2020-06-24 06:00:00,0.0,0.8864106251131763
15175,2020-06-24 07:00:00,0.0,0.6961213242418449
15176,2020-06-24 08:00:00,0.0,0.17040067686516247
15177,2020-06-24 09:00:00,0.0,0.7302294727508647
15178,2020-06-24 10:00:00,0.0,0.7926492210178351
15179,2020-06-24 11:00:00,0.0,0.4478027861555236
15180,2020-06-24 12:00:00,0.0,0.4232030735594763
15181,2020-06-24 13:00:00,0.0,0.5861620906924144
15182,2020-06-24 14:00:00,0.0,0.3310961837084492
15183,2020-06-24 15:00:00,0.0,0.9029357140267754
15184,2020-06-24 16:00:00,0.0,0.3577684021317671
15185,2020-06-24 17:00:00,0.0,0.020814859203142966
15186,2020-06-24 18:00:00,0.0,0.8793746038938466
15187,2020-06-24 19:00:00,0.0,0.556867846659155
15188,2020-06-24 20:00:00,0.0,0.8276992987151173
15189,2020-06-24 21:00:00,0.0,0.5561763963023314
15190,2020-06-24 22:00:00,0.0,0.8465942918781421
15191,2020-06-24 23:00:00,0.0,0.5531914700563011
15192,2020-06-25 00:00:00,0.0,0.1297750499670629
15193,2020-06-25 01:00:00,0.0,0.6613515014442723
15194,2020-06-25 02:00:00,0.0,0.6763634992646687
15195,2020-06-25 03:00:00,0.0,0.5285814187479312
15196,2020-06-25 04:00:00,0.0,0.9105889426277252
15197,2020-06-25 05:00:00,0.0,0.6407311423958616
15198,2020-06-25 06:00:00,0.0,0.9941274749358439
15199,2020-06-25 07:00:00,0.0,0.6817611145681053
15200,2020-06-25 08:00:00,0.0,0.7684444051046406
15201,2020-06-25 09:00:00,0.0,0.8569839496321868
15202,2020-06-25 10:00:00,0.0,0.7425804906581197
15203,2020-06-25 11:00:00,0.0,0.539548664285297
15204,2020-06-25 12:00:00,0.0,0.6206153028294339
15205,2020-06-25 13:00:00,0.0,0.25089356197997414
15206,2020-06-25 14:00:00,0.0,0.2173788394972782
15207,2020-06-25 15:00:00,0.0,0.4676229538795421
15208,2020-06-25 16:00:00,0.0,0.47058919989002057
15209,2020-06-25 17:00:00,0.0,0.9506941835341223
15210,2020-06-25 18:00:00,0.0,0.456403443386864
15211,2020-06-25 19:00:00,0.0,0.14742188244885057
15212,2020-06-25 20:00:00,0.0,0.012901324299172678
15213,2020-06-25 21:00:00,0.0,0.5240909973646564
15214,2020-06-25 22:00:00,0.0,0.646650902675688
15215,2020-06-25 23:00:00,0.0,0.030704037535158935
15216,2020-06-26 00:00:00,0.0,0.6246272189577554
15217,2020-06-26 01:00:00,0.0,0.9970515961831891
15218,2020-06-26 02:00:00,0.0,0.9198749787888563
15219,2020-06-26 03:00:00,0.0,0.17315537271603476
15220,2020-06-26 04:00:00,0.0,0.4672928003097129
15221,2020-06-26 05:00:00,0.0,0.5986484561221598
15222,2020-06-26 06:00:00,0.0,0.04625919197989459
15223,2020-06-26 07:00:00,0.0,0.15465554700390305
15224,2020-06-26 08:00:00,0.0,0.7073068345795076
15225,2020-06-26 09:00:00,0.0,0.8972084013705502
15226,2020-06-26 10:00:00,0.0,0.0957730190035323
15227,2020-06-26 11:00:00,0.0,0.4346709323413711
15228,2020-06-26 12:00:00,0.0,0.25348760716029994
15229,2020-06-26 13:00:00,0.0,0.5898477851417991
15230,2020-06-26 14:00:00,0.0,0.017985775156401984
15231,2020-06-26 15:00:00,0.0,0.004846685347613788
15232,2020-06-26 16:00:00,0.0,0.9739283226282605
15233,2020-06-26 17:00:00,0.0,0.6322806227687402
15234,2020-06-26 18:00:00,0.0,0.2617337557557263
15235,2020-06-26 19:00:00,0.0,0.7471804462597493
15236,2020-06-26 20:00:00,0.0,0.6785770665073416
15237,2020-06-26 21:00:00,0.0,0.9551633715821694
15238,2020-06-26 22:00:00,0.0,0.25141708008208663
15239,2020-06-26 23:00:00,0.0,0.17265263193903024
15240,2020-06-27 00:00:00,0.0,0.9393337555778857
15241,2020-06-27 01:00:00,0.0,0.3848860718753545
15242,2020-06-27 02:00:00,0.0,0.9128288864394632
15243,2020-06-27 03:00:00,0.0,0.8487840670846519
15244,2020-06-27 04:00:00,0.0,0.5749099252729131
15245,2020-06-27 05:00:00,0.0,0.4025069561886473
15246,2020-06-27 06:00:00,0.0,0.538129823895778
15247,2020-06-27 07:00:00,0.0,0.5486101852761428
15248,2020-06-27 08:00:00,0.0,0.7982961569300073
15249,2020-06-27 09:00:00,0.0,0.6386281087754166
15250,2020-06-27 10:00:00,0.0,0.9275880224466885
15251,2020-06-27 11:00:00,0.0,0.38148676495027833
15252,2020-06-27 12:00:00,0.0,0.8009537408990322
15253,2020-06-27 13:00:00,0.0,0.1060248282464421
15254,2020-06-27 14:00:00,0.0,0.481449364315752
15255,2020-06-27 15:00:00,0.0,0.44269905511976315
15256,2020-06-27 16:00:00,0.0,0.971260775634292
15257,2020-06-27 17:00:00,0.0,0.8153367073579301
15258,2020-06-27 18:00:00,0.0,0.25665888463191244
15259,2020-06-27 19:00:00,0.0,0.8849608224208605
15260,2020-06-27 20:00:00,0.0,0.5041062741613137
15261,2020-06-27 21:00:00,0.0,0.27616447165532965
15262,2020-06-27 22:00:00,0.0,0.0358146987008191
15263,2020-06-27 23:00:00,0.0,0.40627773302338643
15264,2020-06-28 00:00:00,0.0,0.8881656164283928
15265,2020-06-28 01:00:00,0.0,0.210829874139016
15266,2020-06-28 02:00:00,0.0,0.22559594294276242
15267,2020-06-28 03:00:00,0.0,0.3888234452532392
15268,2020-06-28 04:00:00,0.0,0.907962414207023
15269,2020-06-28 05:00:00,0.0,0.7402217319616937
15270,2020-06-28 06:00:00,0.0,0.012238841454706217
15271,2020-06-28 07:00:00,0.0,0.15872863698789785
15272,2020-06-28 08:00:00,0.0,0.47381054920018006
15273,2020-06-28 09:00:00,0.0,0.5352902481397339
15274,2020-06-28 10:00:00,0.0,0.05502009532012653
15275,2020-06-28 11:00:00,0.0,0.520479440829173
15276,2020-06-28 12:00:00,0.0,0.4387700579664372
15277,2020-06-28 13:00:00,0.0,0.23071461481944944
15278,2020-06-28 14:00:00,0.0,0.8089262197361975
15279,2020-06-28 15:00:00,0.0,0.09296587545620483
15280,2020-06-28 16:00:00,0.0,0.08867521258976718
15281,2020-06-28 17:00:00,0.0,0.159305580578871
15282,2020-06-28 18:00:00,0.0,0.591294787886565
15283,2020-06-28 19:00:00,0.0,0.9869104463139023
15284,2020-06-28 20:00:00,0.0,0.17857035357684725
15285,2020-06-28 21:00:00,0.0,0.547786148301057
15286,2020-06-28 22:00:00,0.0,0.853944801131647
15287,2020-06-28 23:00:00,0.0,0.8790048214739523
15288,2020-06-29 00:00:00,0.0,0.259785002441117
15289,2020-06-29 01:00:00,0.0,0.36656320963075084
15290,2020-06-29 02:00:00,0.0,0.09616811560301697
15291,2020-06-29 03:00:00,0.0,0.4828563801824768
15292,2020-06-29 04:00:00,0.0,0.4224981355192635
15293,2020-06-29 05:00:00,0.0,0.5475571155358147
15294,2020-06-29 06:00:00,0.0,0.10426922322862286
15295,2020-06-29 07:00:00,0.0,0.6707904131205039
15296,2020-06-29 08:00:00,0.0,0.8059358712128616
15297,2020-06-29 09:00:00,0.0,0.09288352247086251
15298,2020-06-29 10:00:00,0.0,0.10004365307898422
15299,2020-06-29 11:00:00,0.0,0.22276746062049835
15300,2020-06-29 12:00:00,0.0,0.38103744161519837
15301,2020-06-29 13:00:00,0.0,0.744174817690199
15302,2020-06-29 14:00:00,0.0,0.6272427102193461
15303,2020-06-29 15:00:00,0.0,0.7986136703773004
15304,2020-06-29 16:00:00,0.0,0.14074220036935303
15305,2020-06-29 17:00:00,0.0,0.9845687417915215
15306,2020-06-29 18:00:00,0.0,0.08361379341760555
15307,2020-06-29 19:00:00,0.0,0.29683339950313925
15308,2020-06-29 20:00:00,0.0,0.8305204146379216
15309,2020-06-29 21:00:00,0.0,0.6498703906961394
15310,2020-06-29 22:00:00,0.0,0.5968678628031638
15311,2020-06-29 23:00:00,0.0,0.6878324981751445
15312,2020-06-30 00:00:00,0.0,0.11630441293562988
15313,2020-06-30 01:00:00,0.0,0.8028547685318491
15314,2020-06-30 02:00:00,0.0,0.7985187890029655
15315,2020-06-30 03:00:00,0.0,0.4235418089586661
15316,2020-06-30 04:00:00,0.0,0.9096129079546788
15317,2020-06-30 05:00:00,0.0,0.35038243228442756
15318,2020-06-30 06:00:00,0.0,0.8760487147586481
15319,2020-06-30 07:00:00,0.0,0.6691347614398194
15320,2020-06-30 08:00:00,0.0,0.1536058119519026
15321,2020-06-30 09:00:00,0.0,0.9304775338507308
15322,2020-06-30 10:00:00,0.0,0.5196677653402565
15323,2020-06-30 11:00:00,0.0,0.9513075224741164
15324,2020-06-30 12:00:00,0.0,0.688375481140786
15325,2020-06-30 13:00:00,0.0,0.4822353919460365
15326,2020-06-30 14:00:00,0.0,0.43352592266992696
15327,2020-06-30 15:00:00,0.0,0.8428097836425702
15328,2020-06-30 16:00:00,0.0,0.2522492973120397
15329,2020-06-30 17:00:00,0.0,0.9478787891193344
15330,2020-06-30 18:00:00,0.0,0.6242401240004738
15331,2020-06-30 19:00:00,0.0,0.32576455339865173
15332,2020-06-30 20:00:00,0.0,0.4008718216267475
15333,2020-06-30 21:00:00,0.0,0.252740899221515
15334,2020-06-30 22:00:00,0.0,0.6477269117694893
15335,2020-06-30 23:00:00,0.0,0.09222172393675143
15336,2020-07-01 00:00:00,0.0,0.48054338754761705
15337,2020-07-01 01:00:00,0.0,0.2005033627146302
15338,2020-07-01 02:00:00,0.0,0.006669651285248657
15339,2020-07-01 03:00:00,0.0,0.8151630139010969
15340,2020-07-01 04:00:00,0.0,0.5016298010996677
15341,2020-07-01 05:00:00,0.0,0.7726084237914669
15342,2020-07-01 06:00:00,0.0,0.9290775037690342
15343,2020-07-01 07:00:00,0.0,0.7629210000850519
15344,2020-07-01 08:00:00,0.0,0.7510552865392435
15345,2020-07-01 09:00:00,0.0,0.470197216032872
15346,2020-07-01 10:00:00,0.0,0.7782658980314454
15347,2020-07-01 11:00:00,0.0,0.5481537318604675
15348,2020-07-01 12:00:00,0.0,0.796858478981151
15349,2020-07-01 13:00:00,0.0,0.09267567916112551
15350,2020-07-01 14:00:00,0.0,0.15109240864456241
15351,2020-07-01 15:00:00,0.0,0.12997389880863464
15352,2020-07-01 16:00:00,0.0,0.6140464710488032
15353,2020-07-01 17:00:00,0.0,0.49215589493007106
15354,2020-07-01 18:00:00,0.0,0.7860603083520246
15355,2020-07-01 19:00:00,0.0,0.24097295727424495
15356,2020-07-01 20:00:00,0.0,0.6253982592090629
15357,2020-07-01 21:00:00,0.0,0.7774020962611241
15358,2020-07-01 22:00:00,0.0,0.54753190066398
15359,2020-07-01 23:00:00,0.0,0.8162242186947296
15360,2020-07-02 00:00:00,0.0,0.16165423986574767
15361,2020-07-02 01:00:00,0.0,0.7735521461730845
15362,2020-07-02 02:00:00,0.0,0.4008319096215821
15363,2020-07-02 03:00:00,0.0,0.8089486699042531
15364,2020-07-02 04:00:00,0.0,0.36466640121047167
15365,2020-07-02 05:00:00,0.0,0.1596647767523922
15366,2020-07-02 06:00:00,0.0,0.6737608378586408
15367,2020-07-02 07:00:00,0.0,0.3541582027920236
15368,2020-07-02 08:00:00,0.0,0.4701586810032934
15369,2020-07-02 09:00:00,0.0,0.7065180161459415
15370,2020-07-02 10:00:00,0.0,0.10180228677812508
15371,2020-07-02 11:00:00,0.0,0.6332891706648784
15372,2020-07-02 12:00:00,0.0,0.9758862820350843
15373,2020-07-02 13:00:00,0.0,0.012747585511800663
15374,2020-07-02 14:00:00,0.0,0.500324966781437
15375,2020-07-02 15:00:00,0.0,0.831204303118119
15376,2020-07-02 16:00:00,0.0,0.6703421987514362
15377,2020-07-02 17:00:00,0.0,0.6906714657599667
15378,2020-07-02 18:00:00,0.0,0.3339150580841447
15379,2020-07-02 19:00:00,0.0,0.9810021037715906
15380,2020-07-02 20:00:00,0.0,0.15444838391606608
15381,2020-07-02 21:00:00,0.0,0.8975847656977632
15382,2020-07-02 22:00:00,0.0,0.5253023554216176
15383,2020-07-02 23:00:00,0.0,0.000400167451762079
15384,2020-07-03 00:00:00,0.0,0.5528643567084327
15385,2020-07-03 01:00:00,0.0,0.9236039359716555
15386,2020-07-03 02:00:00,0.0,0.5522521431655112
15387,2020-07-03 03:00:00,1.0501e-05,0.17066444603742958
15388,2020-07-03 04:00:00,9.5644e-05,0.4516638781316601
15389,2020-07-03 05:00:00,0.000181045,0.4847471863665269
15390,2020-07-03 06:00:00,0.000291117,0.5233227537950025
15391,2020-07-03 07:00:00,0.00046072,0.3626652613832212
15392,2020-07-03 08:00:00,0.0005643,0.09178277343534869
15393,2020-07-03 09:00:00,0.000754861,0.13825560813325877
15394,2020-07-03 10:00:00,0.000778804,0.9603059049846309
15395,2020-07-03 11:00:00,0.000705964,0.7746346302837539
15396,2020-07-03 12:00:00,0.000322906,0.8947574076617353
15397,2020-07-03 13:00:00,0.000794621,0.07929555843745595
15398,2020-07-03 14:00:00,0.002980629,0.06575586655162902
15399,2020-07-03 15:00:00,0.000541926,0.3566288909532509
15400,2020-07-03 16:00:00,0.002110312,0.11624921469552951
15401,2020-07-03 17:00:00,0.002680213,0.3494176953279343
15402,2020-07-03 18:00:00,0.002050197,0.5340007104600798
15403,2020-07-03 19:00:00,0.001487358,0.5428229090706855
15404,2020-07-03 20:00:00,0.001072583,0.4028868294070511
15405,2020-07-03 21:00:00,0.000612631,0.1048893022228441
15406,2020-07-03 22:00:00,0.000291902,0.30648863878477417
15407,2020-07-03 23:00:00,0.000193496,0.5066087010309794
15408,2020-07-04 00:00:00,8.2363e-05,0.33975917422310076
15409,2020-07-04 01:00:00,3.9208e-05,0.21761356217286953
15410,2020-07-04 02:00:00,1.6964e-05,0.044443808080403935
15411,2020-07-04 03:00:00,2.9723e-05,0.285156142650262
15412,2020-07-04 04:00:00,2.6197e-05,0.06127002581584007
15413,2020-07-04 05:00:00,1.9641e-05,0.9765679234493422
15414,2020-07-04 06:00:00,1.2142e-05,0.2779604042822178
15415,2020-07-04 07:00:00,5.4644e-05,0.3229093201006863
15416,2020-07-04 08:00:00,0.000213718,0.5549799225565039
15417,2020-07-04 09:00:00,0.000451633,0.15820917116644206
15418,2020-07-04 10:00:00,0.000638817,0.8794507879071154
15419,2020-07-04 11:00:00,0.000410422,0.46654512867179765
15420,2020-07-04 12:00:00,0.000429581,0.19868773777162485
15421,2020-07-04 13:00:00,0.007472881,0.39058288921939577
15422,2020-07-04 14:00:00,0.000706236,0.29339004696762294
15423,2020-07-04 15:00:00,0.000810379,0.8912502683678428
15424,2020-07-04 16:00:00,0.001214266,0.7209591513660611
15425,2020-07-04 17:00:00,0.001818186,0.868048190359177
15426,2020-07-04 18:00:00,0.001630764,0.9448959628751911
15427,2020-07-04 19:00:00,0.000995312,0.8477807596525335
15428,2020-07-04 20:00:00,0.000710651,0.23151076751383604
15429,2020-07-04 21:00:00,0.000493435,0.13447643336455817
15430,2020-07-04 22:00:00,0.000187903,0.43007267847283004
15431,2020-07-04 23:00:00,0.00013947,0.4598966689742717
15432,2020-07-05 00:00:00,5.4963e-05,0.1937502399383001
15433,2020-07-05 01:00:00,3.0258e-05,0.6408576295728107
15434,2020-07-05 02:00:00,2.5997e-05,0.4227597798634193
15435,2020-07-05 03:00:00,5.5676e-05,0.24814097915915134
15436,2020-07-05 04:00:00,0.000715711,0.16164579954600322
15437,2020-07-05 05:00:00,0.001364368,0.7358771681850096
15438,2020-07-05 06:00:00,0.001919731,0.0589229480414013
15439,2020-07-05 07:00:00,0.001852582,0.03598670951382654
15440,2020-07-05 08:00:00,0.011902167,0.10877097609777386
15441,2020-07-05 09:00:00,0.026771683,0.9037956136344564
15442,2020-07-05 10:00:00,0.043035641,0.8987986736839262
15443,2020-07-05 11:00:00,0.048765037,0.8142777292944615
15444,2020-07-05 12:00:00,0.060902972,0.5913706538521775
15445,2020-07-05 13:00:00,0.072994478,0.4451188937746492
15446,2020-07-05 14:00:00,0.08654733,0.321052394963936
15447,2020-07-05 15:00:00,0.00601804,0.7279578868281018
15448,2020-07-05 16:00:00,0.019441025,0.8291546715578119
15449,2020-07-05 17:00:00,0.025504841,0.7448241520444226
15450,2020-07-05 18:00:00,0.026110481,0.3086088236422685
15451,2020-07-05 19:00:00,0.015945019,0.4108570463318856
15452,2020-07-05 20:00:00,0.009536654,0.9718099008443826
15453,2020-07-05 21:00:00,0.005652678,0.04941234016243401
15454,2020-07-05 22:00:00,0.002727767,0.5974526569838278
15455,2020-07-05 23:00:00,0.001176338,0.27340273704711426
15456,2020-07-06 00:00:00,0.000411555,0.34600451203924487
15457,2020-07-06 01:00:00,0.000171212,0.10805023538042424
15458,2020-07-06 02:00:00,0.000252544,0.3254009749642164
15459,2020-07-06 03:00:00,0.000696554,0.05784331426811007
15460,2020-07-06 04:00:00,0.002151988,0.32685337681242743
15461,2020-07-06 05:00:00,0.002823945,0.8775660723431088
15462,2020-07-06 06:00:00,0.002575949,0.5565553332764762
15463,2020-07-06 07:00:00,0.004815981,0.8542108967878492
15464,2020-07-06 08:00:00,0.00783372,0.6100666413928127
15465,2020-07-06 09:00:00,0.009198729,0.7098254246976837
15466,2020-07-06 10:00:00,0.015731445,0.38497635370888206
15467,2020-07-06 11:00:00,0.016861891,0.4358700041063671
15468,2020-07-06 12:00:00,0.015952583,0.4442787608457436
15469,2020-07-06 13:00:00,0.028562246,0.28639520036566934
15470,2020-07-06 14:00:00,0.038986843,0.17360575752016705
15471,2020-07-06 15:00:00,0.016022597,0.7304044868300874
15472,2020-07-06 16:00:00,0.020253975,0.11015359125748148
15473,2020-07-06 17:00:00,0.026425602,0.47100474998852115
15474,2020-07-06 18:00:00,0.021851653,0.5793216229271753
15475,2020-07-06 19:00:00,0.019072229,0.5509516370012029
15476,2020-07-06 20:00:00,0.009083678,0.5253615140714047
15477,2020-07-06 21:00:00,0.005873069,0.8282515106589565
15478,2020-07-06 22:00:00,0.002084878,0.3226736525633118
15479,2020-07-06 23:00:00,0.001055313,0.8474943833772177
15480,2020-07-07 00:00:00,0.000450684,0.4235796253967846
15481,2020-07-07 01:00:00,0.00024511,0.35615329208223634
15482,2020-07-07 02:00:00,0.000118041,0.18362820185813167
15483,2020-07-07 03:00:00,0.000260578,0.8090597803930655
15484,2020-07-07 04:00:00,0.000397695,0.15628832657884273
15485,2020-07-07 05:00:00,0.000342995,0.768598428179695
15486,2020-07-07 06:00:00,0.000662899,0.12507120698313723
15487,2020-07-07 07:00:00,0.001078593,0.9655493147176815
15488,2020-07-07 08:00:00,0.001356586,0.5479818199361611
15489,2020-07-07 09:00:00,0.001275717,0.9294397058267033
15490,2020-07-07 10:00:00,0.007584159,0.15177541850112997
15491,2020-07-07 11:00:00,0.020709777,0.8154659176303746
15492,2020-07-07 12:00:00,0.02279653,0.4293749238554744
15493,2020-07-07 13:00:00,0.028994868,0.8661060114259297
15494,2020-07-07 14:00:00,0.033242311,0.3424341829930072
15495,2020-07-07 15:00:00,0.001041188,0.20859359012181533
15496,2020-07-07 16:00:00,0.007781214,0.26007217117068615
15497,2020-07-07 17:00:00,0.01248272,0.1732006089909397
15498,2020-07-07 18:00:00,0.011679133,0.9924915212871285
15499,2020-07-07 19:00:00,0.005591091,0.6797950777854738
15500,2020-07-07 20:00:00,0.002512376,0.7814726174616811
15501,2020-07-07 21:00:00,0.001293945,0.8516635009994648
15502,2020-07-07 22:00:00,0.000703687,0.5554989176239362
15503,2020-07-07 23:00:00,0.000307703,0.9220975113727091
15504,2020-07-08 00:00:00,0.000135966,0.4155615182180199
15505,2020-07-08 01:00:00,6.613e-05,0.46680645828033696
15506,2020-07-08 02:00:00,2.7391e-05,0.5862524963015933
15507,2020-07-08 03:00:00,1.7175e-05,0.8931925612343791
15508,2020-07-08 04:00:00,0.000261411,0.5401221978766351
15509,2020-07-08 05:00:00,0.000309095,0.7377169443163354
15510,2020-07-08 06:00:00,0.000177,0.3188831530788372
15511,2020-07-08 07:00:00,0.000485408,0.37293973982375705
15512,2020-07-08 08:00:00,0.000933018,0.6838108526909933
15513,2020-07-08 09:00:00,0.001628003,0.4255337807774964
15514,2020-07-08 10:00:00,0.001306301,0.3857506821947648
15515,2020-07-08 11:00:00,0.003213139,0.5623378995206129
15516,2020-07-08 12:00:00,0.003979529,0.2110173869831009
15517,2020-07-08 13:00:00,0.002696398,0.7616722957647367
15518,2020-07-08 14:00:00,0.002580987,0.2558598277171257
15519,2020-07-08 15:00:00,0.004107118,0.8393524416931457
15520,2020-07-08 16:00:00,0.006985557,0.3086308165709317
15521,2020-07-08 17:00:00,0.013877889,0.19490758447422663
15522,2020-07-08 18:00:00,0.013196778,0.5997536818036315
15523,2020-07-08 19:00:00,0.008826274,0.17760676177059687
15524,2020-07-08 20:00:00,0.005547646,0.5529696317641246
15525,2020-07-08 21:00:00,0.002868379,0.2681871064118052
15526,2020-07-08 22:00:00,0.001384188,0.5337228053476938
15527,2020-07-08 23:00:00,0.000641378,0.00010347047460412817
15528,2020-07-09 00:00:00,0.000275228,0.725961195715803
15529,2020-07-09 01:00:00,0.000125369,0.284628614642749
15530,2020-07-09 02:00:00,4.4459e-05,0.7726564243657178
15531,2020-07-09 03:00:00,2.6484e-05,0.5976458199195769
15532,2020-07-09 04:00:00,7.629e-06,0.7229152720558182
15533,2020-07-09 05:00:00,3.963e-06,0.7717841604135286
15534,2020-07-09 06:00:00,1.0123e-05,0.5073944310863625
15535,2020-07-09 07:00:00,4.4072e-05,0.9941252097555159
15536,2020-07-09 08:00:00,1.0392e-05,0.05135355375310324
15537,2020-07-09 09:00:00,2.2789e-05,0.2450699983923782
15538,2020-07-09 10:00:00,3.2191e-05,0.04134778106579262
15539,2020-07-09 11:00:00,3.0245e-05,0.157692936864826
15540,2020-07-09 12:00:00,2.7963e-05,0.8222962152458444
15541,2020-07-09 13:00:00,5.3386e-05,0.28229448051966566
15542,2020-07-09 14:00:00,6.4311e-05,0.42896299141871186
15543,2020-07-09 15:00:00,8.5122e-05,0.1179606381222349
15544,2020-07-09 16:00:00,0.000172569,0.16793540186162415
15545,2020-07-09 17:00:00,0.000226073,0.48051456112348956
15546,2020-07-09 18:00:00,0.000198503,0.19358848505029114
15547,2020-07-09 19:00:00,0.000116483,0.20908224629774974
15548,2020-07-09 20:00:00,6.7796e-05,0.1671911919547332
15549,2020-07-09 21:00:00,3.4005e-05,0.5007787540477994
15550,2020-07-09 22:00:00,1.6826e-05,0.7189326237890192
15551,2020-07-09 23:00:00,7.89e-06,0.5168679919580415
15552,2020-07-10 00:00:00,3.049e-06,0.30361960522912734
15553,2020-07-10 01:00:00,2.253e-06,0.9133786890633283
15554,2020-07-10 02:00:00,0.0,0.2669515401914446
15555,2020-07-10 03:00:00,0.0,0.13971783647268832
15556,2020-07-10 04:00:00,0.0,0.15719911955707866
15557,2020-07-10 05:00:00,0.0,0.9963233979692958
15558,2020-07-10 06:00:00,0.0,0.9303578402138367
15559,2020-07-10 07:00:00,0.0,0.29913858798726356
15560,2020-07-10 08:00:00,0.0,0.9469184601234205
15561,2020-07-10 09:00:00,0.0,0.8599223950609576
15562,2020-07-10 10:00:00,0.0,0.9090447480367635
15563,2020-07-10 11:00:00,0.0,0.2871577322197705
15564,2020-07-10 12:00:00,0.0,0.04718171020161921
15565,2020-07-10 13:00:00,0.0,0.3018937530426876
15566,2020-07-10 14:00:00,0.0,0.22995903656187067
15567,2020-07-10 15:00:00,0.0,0.054673240284109026
15568,2020-07-10 16:00:00,0.0,0.17133630057098015
15569,2020-07-10 17:00:00,0.0,0.21313430290268698
15570,2020-07-10 18:00:00,0.0,0.5439059195447878
15571,2020-07-10 19:00:00,0.0,0.33757928433604556
15572,2020-07-10 20:00:00,0.0,0.38118784461360455
15573,2020-07-10 21:00:00,0.0,0.2990070801200677
15574,2020-07-10 22:00:00,0.0,0.8982193204446498
15575,2020-07-10 23:00:00,0.0,0.7536962526222745
15576,2020-07-11 00:00:00,0.0,0.9201789530683916
15577,2020-07-11 01:00:00,0.0,0.6119842709393256
15578,2020-07-11 02:00:00,0.0,0.5152950539063732
15579,2020-07-11 03:00:00,0.0,0.6963722571906291
15580,2020-07-11 04:00:00,0.0,0.8991853114295404
15581,2020-07-11 05:00:00,0.000138125,0.3624475181098755
15582,2020-07-11 06:00:00,0.000158306,0.17033060703934566
15583,2020-07-11 07:00:00,0.00030838,0.06736061186041686
15584,2020-07-11 08:00:00,0.000404855,0.5786067111572103
15585,2020-07-11 09:00:00,0.000454916,0.8268170765144982
15586,2020-07-11 10:00:00,0.00055365,0.9167147769118938
15587,2020-07-11 11:00:00,0.000368116,0.06401200995517031
15588,2020-07-11 12:00:00,0.000387915,0.15641606091356963
15589,2020-07-11 13:00:00,0.000435937,0.6628855728009961
15590,2020-07-11 14:00:00,0.000627297,0.4574022358078378
15591,2020-07-11 15:00:00,0.000437551,0.3211511610623746
15592,2020-07-11 16:00:00,0.000832758,0.6395116340653788
15593,2020-07-11 17:00:00,0.002483161,0.33097767128941635
15594,2020-07-11 18:00:00,0.002392587,0.5663942784480905
15595,2020-07-11 19:00:00,0.002023607,0.8044065931943336
15596,2020-07-11 20:00:00,0.001210089,0.25234316841068805
15597,2020-07-11 21:00:00,0.000642276,0.09686802584161769
15598,2020-07-11 22:00:00,0.000423431,0.01858154996856143
15599,2020-07-11 23:00:00,0.000175993,0.4652957497810757
15600,2020-07-12 00:00:00,5.4742e-05,0.49674347902623484
15601,2020-07-12 01:00:00,2.7236e-05,0.5829894205827406
15602,2020-07-12 02:00:00,1.333e-05,0.505315123707903
15603,2020-07-12 03:00:00,7.674e-06,0.8259126978562189
15604,2020-07-12 04:00:00,6.012e-06,0.12482073942706196
15605,2020-07-12 05:00:00,5.098e-06,0.4214394464507605
15606,2020-07-12 06:00:00,0.0,0.630687105937
15607,2020-07-12 07:00:00,0.0,0.8543631474173515
15608,2020-07-12 08:00:00,0.0,0.2592497950785728
15609,2020-07-12 09:00:00,0.0,0.9296660936210258
15610,2020-07-12 10:00:00,0.0,0.8954043960805889
15611,2020-07-12 11:00:00,0.0,0.23982690948462804
15612,2020-07-12 12:00:00,0.0,0.6851292621220265
15613,2020-07-12 13:00:00,1.728e-06,0.806696785722002
15614,2020-07-12 14:00:00,3.332e-06,0.6206886796020656
15615,2020-07-12 15:00:00,3.445e-06,0.039171965882975224
15616,2020-07-12 16:00:00,7.396e-06,0.40303436658719716
15617,2020-07-12 17:00:00,9.016e-06,0.06964736080563394
15618,2020-07-12 18:00:00,6.866e-06,0.25818928727210844
15619,2020-07-12 19:00:00,3.994e-06,0.3045504373872776
15620,2020-07-12 20:00:00,2.269e-06,0.262956224591954
15621,2020-07-12 21:00:00,0.0,0.6976086883266883
15622,2020-07-12 22:00:00,0.0,0.8743036094946566
15623,2020-07-12 23:00:00,0.0,0.1741110245012809
15624,2020-07-13 00:00:00,0.0,0.25703278356809545
15625,2020-07-13 01:00:00,0.0,0.7575935089869617
15626,2020-07-13 02:00:00,0.0,0.9470128068067933
15627,2020-07-13 03:00:00,0.0,0.019543005844360528
15628,2020-07-13 04:00:00,0.0,0.33521819057075997
15629,2020-07-13 05:00:00,0.0,0.9202837441256708
15630,2020-07-13 06:00:00,0.0,0.38129125345506865
15631,2020-07-13 07:00:00,0.0,0.47089531971204657
15632,2020-07-13 08:00:00,0.0,0.42047801315235
15633,2020-07-13 09:00:00,0.0,0.8491950726084605
15634,2020-07-13 10:00:00,0.0,0.21773410776286228
15635,2020-07-13 11:00:00,0.0,0.8807454674628148
15636,2020-07-13 12:00:00,0.000890127,0.7807015935864057
15637,2020-07-13 13:00:00,0.001646224,0.9319796609235251
15638,2020-07-13 14:00:00,0.002112404,0.4152911187493239
15639,2020-07-13 15:00:00,0.002131111,0.31074320662556476
15640,2020-07-13 16:00:00,0.003034276,0.3685769863932734
15641,2020-07-13 17:00:00,0.003285889,0.13617498571734443
15642,2020-07-13 18:00:00,0.002616529,0.13862052034781047
15643,2020-07-13 19:00:00,0.001553611,0.8043123251135331
15644,2020-07-13 20:00:00,0.000731558,0.8792944263667151
15645,2020-07-13 21:00:00,0.000356889,0.803343685029504
15646,2020-07-13 22:00:00,0.000161163,0.001523193784389587
15647,2020-07-13 23:00:00,8.0779e-05,0.044485393893512803
15648,2020-07-14 00:00:00,2.947e-05,0.25905573084265543
15649,2020-07-14 01:00:00,1.2882e-05,0.730767443977725
15650,2020-07-14 02:00:00,4.646e-06,0.3630364064415261
15651,2020-07-14 03:00:00,1.579e-06,0.24479976528483427
15652,2020-07-14 04:00:00,1.55e-06,0.9716503267735501
15653,2020-07-14 05:00:00,1.343e-06,0.8103643854639154
15654,2020-07-14 06:00:00,0.0,0.5097279347241923
15655,2020-07-14 07:00:00,0.0,0.685301415849609
15656,2020-07-14 08:00:00,0.0,0.8744075528010218
15657,2020-07-14 09:00:00,0.0,0.010805502680542256
15658,2020-07-14 10:00:00,0.0,0.7170259814575817
15659,2020-07-14 11:00:00,0.0,0.025322366018429077
15660,2020-07-14 12:00:00,0.0,0.709453176728457
15661,2020-07-14 13:00:00,0.000369973,0.13772632684899144
15662,2020-07-14 14:00:00,0.001244722,0.986981111933575
15663,2020-07-14 15:00:00,0.001976108,0.7893743054337001
15664,2020-07-14 16:00:00,0.0069413,0.3284016092417529
15665,2020-07-14 17:00:00,0.009469613,0.9085150523850546
15666,2020-07-14 18:00:00,0.008075855,0.7037654320159763
15667,2020-07-14 19:00:00,0.005153754,0.3259688249800494
15668,2020-07-14 20:00:00,0.003626757,0.2310584896825859
15669,2020-07-14 21:00:00,0.001701677,0.15027726894378968
15670,2020-07-14 22:00:00,0.000898612,0.3292896726610268
15671,2020-07-14 23:00:00,0.000333045,0.22855794739051905
15672,2020-07-15 00:00:00,0.000142134,0.1606050951334842
15673,2020-07-15 01:00:00,6.7242e-05,0.2378440265340771
15674,2020-07-15 02:00:00,3.1057e-05,0.8628976236050374
15675,2020-07-15 03:00:00,1.1557e-05,0.20370890170524714
15676,2020-07-15 04:00:00,5.1832e-05,0.891699893865831
15677,2020-07-15 05:00:00,4.2717e-05,0.6418138632665082
15678,2020-07-15 06:00:00,0.000374977,0.12801407161897638
15679,2020-07-15 07:00:00,0.001047909,0.4372142606169762
15680,2020-07-15 08:00:00,0.001395363,0.43094224054538854
15681,2020-07-15 09:00:00,0.002466381,0.44687383736885034
15682,2020-07-15 10:00:00,0.004466818,0.6909599291511779
15683,2020-07-15 11:00:00,0.013656537,0.3087409888260412
15684,2020-07-15 12:00:00,0.020507872,0.08285076439200867
15685,2020-07-15 13:00:00,0.031763881,0.7320315560594877
15686,2020-07-15 14:00:00,0.040091012,0.2840486443986723
15687,2020-07-15 15:00:00,0.004170044,0.7652639867683537
15688,2020-07-15 16:00:00,0.01582684,0.4152653877747515
15689,2020-07-15 17:00:00,0.02110254,0.3092051463076587
15690,2020-07-15 18:00:00,0.023435144,0.5112949169474129
15691,2020-07-15 19:00:00,0.013079289,0.5761393174927083
15692,2020-07-15 20:00:00,0.008660546,0.21154175059195524
15693,2020-07-15 21:00:00,0.00451915,0.29873114552734015
15694,2020-07-15 22:00:00,0.002919257,0.8337174848703539
15695,2020-07-15 23:00:00,0.00147437,0.40615777372600903
15696,2020-07-16 00:00:00,0.000487379,0.7322539623612135
15697,2020-07-16 01:00:00,0.000164304,0.209390539076744
15698,2020-07-16 02:00:00,0.00016198,0.0774500657061129
15699,2020-07-16 03:00:00,0.000114491,0.3836800526071559
15700,2020-07-16 04:00:00,9.1938e-05,0.6578670041458815
15701,2020-07-16 05:00:00,0.000944272,0.41025674445137283
15702,2020-07-16 06:00:00,0.000981726,0.6311120365539603
15703,2020-07-16 07:00:00,0.000711492,0.0036983361228585254
15704,2020-07-16 08:00:00,0.000706715,0.6118167677955895
15705,2020-07-16 09:00:00,0.000846595,0.47982600406354337
15706,2020-07-16 10:00:00,0.001147644,0.8393134710670844
15707,2020-07-16 11:00:00,0.002680486,0.7179027505796987
15708,2020-07-16 12:00:00,0.003781353,0.9061437745867502
15709,2020-07-16 13:00:00,0.00358322,0.47871975832709335
15710,2020-07-16 14:00:00,0.002804006,0.20620803534904952
15711,2020-07-16 15:00:00,0.002707153,0.07473882068346127
15712,2020-07-16 16:00:00,0.004559987,0.16583669835122583
15713,2020-07-16 17:00:00,0.004188326,0.08494680975637048
15714,2020-07-16 18:00:00,0.003300808,0.5449764232737685
15715,2020-07-16 19:00:00,0.00191935,0.8108394936889742
15716,2020-07-16 20:00:00,0.001282859,0.4924961696156952
15717,2020-07-16 21:00:00,0.000690292,0.2594909861554875
15718,2020-07-16 22:00:00,0.000291881,0.4244811337641312
15719,2020-07-16 23:00:00,0.0001814,0.22196185273533375
15720,2020-07-17 00:00:00,0.000107387,0.22128314187539433
15721,2020-07-17 01:00:00,5.6562e-05,0.25992213875498016
15722,2020-07-17 02:00:00,3.2271e-05,0.5600634532730359
15723,2020-07-17 03:00:00,2.0164e-05,0.9690114852516265
15724,2020-07-17 04:00:00,1.2949e-05,0.7910619179671678
15725,2020-07-17 05:00:00,1.3262e-05,0.7275005180410219
15726,2020-07-17 06:00:00,9.236e-06,0.7008674642609286
15727,2020-07-17 07:00:00,0.000405752,0.6924989303176128
15728,2020-07-17 08:00:00,0.000510874,0.653142624892144
15729,2020-07-17 09:00:00,0.000949288,0.920779447259611
15730,2020-07-17 10:00:00,0.001628524,0.39935472375909864
15731,2020-07-17 11:00:00,0.003047652,0.08287824529903765
15732,2020-07-17 12:00:00,0.003571512,0.606891329836237
15733,2020-07-17 13:00:00,0.002474191,0.22373891416041958
15734,2020-07-17 14:00:00,0.005143463,0.8664543350593599
15735,2020-07-17 15:00:00,0.007225098,0.7855340134545622
15736,2020-07-17 16:00:00,0.019721761,0.6618227372052029
15737,2020-07-17 17:00:00,0.024325009,0.3627979135992796
15738,2020-07-17 18:00:00,0.018564789,0.280057795484172
15739,2020-07-17 19:00:00,0.013846911,0.9942273325847729
15740,2020-07-17 20:00:00,0.006434864,0.025115455749586957
15741,2020-07-17 21:00:00,0.004862362,0.3699613111443555
15742,2020-07-17 22:00:00,0.003109907,0.49133913645554184
15743,2020-07-17 23:00:00,0.00166714,0.8677343244014437
15744,2020-07-18 00:00:00,0.000808824,0.6005244223459221
15745,2020-07-18 01:00:00,0.000289107,0.31990456858411476
15746,2020-07-18 02:00:00,0.00030173,0.7490433423641183
15747,2020-07-18 03:00:00,0.000291851,0.19533313839138555
15748,2020-07-18 04:00:00,0.000176001,0.646247155246911
15749,2020-07-18 05:00:00,0.00080005,0.7070795791397848
15750,2020-07-18 06:00:00,0.001957441,0.6948011787360158
15751,2020-07-18 07:00:00,0.002000479,0.6351024754704183
15752,2020-07-18 08:00:00,0.002817581,0.9952779219905717
15753,2020-07-18 09:00:00,0.002752639,0.6352732345645514
15754,2020-07-18 10:00:00,0.003593949,0.16980619747045533
15755,2020-07-18 11:00:00,0.004297425,0.44128075848735804
15756,2020-07-18 12:00:00,0.005952725,0.9959131312711728
15757,2020-07-18 13:00:00,0.008451355,0.9916461906225528
15758,2020-07-18 14:00:00,0.009768374,0.7411363782395377
15759,2020-07-18 15:00:00,0.011950002,0.23391284539199575
15760,2020-07-18 16:00:00,0.020976638,0.86747985486044
15761,2020-07-18 17:00:00,0.022169203,0.3505184028609484
15762,2020-07-18 18:00:00,0.018787496,0.8355381840283543
15763,2020-07-18 19:00:00,0.010183807,0.4784691451961035
15764,2020-07-18 20:00:00,0.006128093,0.09469870094098576
15765,2020-07-18 21:00:00,0.003230417,0.5120767211463465
15766,2020-07-18 22:00:00,0.001847438,0.29872650666330225
15767,2020-07-18 23:00:00,0.000892111,0.03406848358295833
15768,2020-07-19 00:00:00,0.000328856,0.023184276871276
15769,2020-07-19 01:00:00,0.000180029,0.5775291553220916
15770,2020-07-19 02:00:00,0.000163155,0.12293357426181517
15771,2020-07-19 03:00:00,0.000127601,0.9284545033628148
15772,2020-07-19 04:00:00,7.1364e-05,0.6428391599700829
15773,2020-07-19 05:00:00,8.6726e-05,0.6265034385963054
15774,2020-07-19 06:00:00,0.00019105,0.5153181497936178
15775,2020-07-19 07:00:00,0.001106087,0.3807648703299943
15776,2020-07-19 08:00:00,0.001982946,0.32974773640475274
15777,2020-07-19 09:00:00,0.002263471,0.0028586590137068546
15778,2020-07-19 10:00:00,0.002977144,0.20286459259615586
15779,2020-07-19 11:00:00,0.004672198,0.3814844936602859
15780,2020-07-19 12:00:00,0.004879792,0.78131419163573
15781,2020-07-19 13:00:00,0.005217273,0.4708863714793171
15782,2020-07-19 14:00:00,0.00971245,0.9167098525544817
15783,2020-07-19 15:00:00,0.000633426,0.673420259175206
15784,2020-07-19 16:00:00,0.011784603,0.28937625069100315
15785,2020-07-19 17:00:00,0.018844204,0.711628351315077
15786,2020-07-19 18:00:00,0.016888015,0.18729289622815892
15787,2020-07-19 19:00:00,0.01212376,0.3230059406941149
15788,2020-07-19 20:00:00,0.005574583,0.12939759960577324
15789,2020-07-19 21:00:00,0.003450271,0.1424775616091708
15790,2020-07-19 22:00:00,0.002177533,0.7992802708683507
15791,2020-07-19 23:00:00,0.001081061,0.14632877919153997
15792,2020-07-20 00:00:00,0.00035344,0.8213938093358365
15793,2020-07-20 01:00:00,0.000172781,0.8772687581786518
15794,2020-07-20 02:00:00,0.000153436,0.4972110741471466
15795,2020-07-20 03:00:00,0.000100925,0.23905970895003448
15796,2020-07-20 04:00:00,0.000472566,0.13932831048262273
15797,2020-07-20 05:00:00,0.000400562,0.35814109705051833
15798,2020-07-20 06:00:00,0.000782099,0.7029302609254741
15799,2020-07-20 07:00:00,0.000987797,0.09905638077147805
15800,2020-07-20 08:00:00,0.001700153,0.16108174602482195
15801,2020-07-20 09:00:00,0.002138868,0.8216964702471538
15802,2020-07-20 10:00:00,0.001946585,0.8700888299642463
15803,2020-07-20 11:00:00,0.00220878,0.49777958140109213
15804,2020-07-20 12:00:00,0.002127917,0.5673101866082944
15805,2020-07-20 13:00:00,0.005112089,0.060817001595064535
15806,2020-07-20 14:00:00,0.009523647,0.8754814004858472
15807,2020-07-20 15:00:00,0.005310782,0.23457819053673978
15808,2020-07-20 16:00:00,0.01777933,0.16277379085377197
15809,2020-07-20 17:00:00,0.031032739,0.02386372935957748
15810,2020-07-20 18:00:00,0.028598651,0.9450924488654284
15811,2020-07-20 19:00:00,0.017759342,0.17492227162794027
15812,2020-07-20 20:00:00,0.010754625,0.8251983469746904
15813,2020-07-20 21:00:00,0.004501128,0.2718983799222354
15814,2020-07-20 22:00:00,0.001769335,0.9654325725624703
15815,2020-07-20 23:00:00,0.000821211,0.17378715841437897
15816,2020-07-21 00:00:00,0.000274855,0.15026670750380922
15817,2020-07-21 01:00:00,0.00014658,0.640356449585163
15818,2020-07-21 02:00:00,9.8458e-05,0.29835114893379666
15819,2020-07-21 03:00:00,5.1391e-05,0.17033305873308346
15820,2020-07-21 04:00:00,0.000627477,0.06255475635539487
15821,2020-07-21 05:00:00,0.001523257,0.928477746488214
15822,2020-07-21 06:00:00,0.001748161,0.9354847795987621
15823,2020-07-21 07:00:00,0.002517818,0.8910840402506113
15824,2020-07-21 08:00:00,0.004553454,0.973808210174235
15825,2020-07-21 09:00:00,0.004640768,0.5578511398163114
15826,2020-07-21 10:00:00,0.00337371,0.9416550368677008
15827,2020-07-21 11:00:00,0.007599975,0.5223508432288089
15828,2020-07-21 12:00:00,0.011567489,0.7606603944006322
15829,2020-07-21 13:00:00,0.018205196,0.5099307438129806
15830,2020-07-21 14:00:00,0.021706382,0.06812515083115966
15831,2020-07-21 15:00:00,0.002292884,0.9254579333189883
15832,2020-07-21 16:00:00,0.013322296,0.6256853767649714
15833,2020-07-21 17:00:00,0.025086394,0.46295836973011706
15834,2020-07-21 18:00:00,0.020703698,0.025725616342200053
15835,2020-07-21 19:00:00,0.014282521,0.9666557101383799
15836,2020-07-21 20:00:00,0.009960113,0.11469672045248114
15837,2020-07-21 21:00:00,0.003586534,0.0010596337932364808
15838,2020-07-21 22:00:00,0.003260934,0.2310223008079756
15839,2020-07-21 23:00:00,0.001551377,0.6090979184751787
15840,2020-07-22 00:00:00,0.000726469,0.6160092868698783
15841,2020-07-22 01:00:00,0.000196963,0.762272673951764
15842,2020-07-22 02:00:00,0.000169446,0.12802219532069925
15843,2020-07-22 03:00:00,0.000115019,0.09588953989984916
15844,2020-07-22 04:00:00,0.000142429,0.12542164942596679
15845,2020-07-22 05:00:00,0.002090776,0.850245572893863
15846,2020-07-22 06:00:00,0.003527829,0.2801232253824064
15847,2020-07-22 07:00:00,0.004221809,0.3769545593260346
15848,2020-07-22 08:00:00,0.002591224,0.6175518748018527
15849,2020-07-22 09:00:00,0.001814064,0.811327472440103
15850,2020-07-22 10:00:00,0.001106582,0.3217458041664406
15851,2020-07-22 11:00:00,0.000362621,0.5244518437719258
15852,2020-07-22 12:00:00,0.000691232,0.6415999605937811
15853,2020-07-22 13:00:00,0.001033579,0.5699159980581614
15854,2020-07-22 14:00:00,0.001109529,0.692494643588411
15855,2020-07-22 15:00:00,0.00115194,0.4764414927490992
15856,2020-07-22 16:00:00,0.002960746,0.19026715818443307
15857,2020-07-22 17:00:00,0.002977241,0.43124216202877486
15858,2020-07-22 18:00:00,0.00230846,0.5180925261663534
15859,2020-07-22 19:00:00,0.001638435,0.3509166835559623
15860,2020-07-22 20:00:00,0.000966047,0.1894688991025404
15861,2020-07-22 21:00:00,0.000731954,0.184185789234245
15862,2020-07-22 22:00:00,0.000449392,0.16155669345715074
15863,2020-07-22 23:00:00,0.000244768,0.8738723625396335
15864,2020-07-23 00:00:00,0.000130816,0.8043099327202335
15865,2020-07-23 01:00:00,4.0805e-05,0.06581150740351471
15866,2020-07-23 02:00:00,3.6614e-05,0.8899701532231155
15867,2020-07-23 03:00:00,2.8785e-05,0.03945924702781756
15868,2020-07-23 04:00:00,0.000260399,0.9660317534785532
15869,2020-07-23 05:00:00,0.000214522,0.3027882825689717
15870,2020-07-23 06:00:00,0.000347695,0.7261244321478189
15871,2020-07-23 07:00:00,0.000629487,0.015458782751806455
15872,2020-07-23 08:00:00,0.001694164,0.7691417808963958
15873,2020-07-23 09:00:00,0.002851081,0.44857489367296144
15874,2020-07-23 10:00:00,0.001730656,0.020648218120496886
15875,2020-07-23 11:00:00,0.003292286,0.25961589988062794
15876,2020-07-23 12:00:00,0.01195279,0.617607670516484
15877,2020-07-23 13:00:00,0.028934509,0.25006390136781376
15878,2020-07-23 14:00:00,0.048130773,0.1044673592804658
15879,2020-07-23 15:00:00,0.006131056,0.5203698939899142
15880,2020-07-23 16:00:00,0.020003449,0.6520796028382613
15881,2020-07-23 17:00:00,0.027541667,0.6508044799360956
15882,2020-07-23 18:00:00,0.019125657,0.9682747476263711
15883,2020-07-23 19:00:00,0.01320835,0.40191024898756744
15884,2020-07-23 20:00:00,0.00993671,0.14815321615860044
15885,2020-07-23 21:00:00,0.004664414,0.09891472119216937
15886,2020-07-23 22:00:00,0.003263743,0.6393972687505344
15887,2020-07-23 23:00:00,0.001706431,0.3519360038397794
15888,2020-07-24 00:00:00,0.000881315,0.9318018980029308
15889,2020-07-24 01:00:00,0.000333081,0.3466165272250775
15890,2020-07-24 02:00:00,0.000343344,0.4501327365159893
15891,2020-07-24 03:00:00,0.000235255,0.8622324167081583
15892,2020-07-24 04:00:00,0.000325297,0.8978449636298228
15893,2020-07-24 05:00:00,0.000190876,0.749957118288417
15894,2020-07-24 06:00:00,0.00015178,0.6029250514629937
15895,2020-07-24 07:00:00,0.000153235,0.006845391833246506
15896,2020-07-24 08:00:00,0.000167363,0.7049415172136074
15897,2020-07-24 09:00:00,0.000140391,0.6379323325933257
15898,2020-07-24 10:00:00,7.2438e-05,0.4272548983871387
15899,2020-07-24 11:00:00,5.9445e-05,0.12527368310415454
15900,2020-07-24 12:00:00,5.9373e-05,0.6900366574149088
15901,2020-07-24 13:00:00,3.9076e-05,0.6386217504522687
15902,2020-07-24 14:00:00,1.9577e-05,0.7129524570261482
15903,2020-07-24 15:00:00,1.4076e-05,0.12859467652141432
15904,2020-07-24 16:00:00,2.1591e-05,0.2167452316422782
15905,2020-07-24 17:00:00,2.2227e-05,0.6953991868840868
15906,2020-07-24 18:00:00,1.8387e-05,0.3398949442362842
15907,2020-07-24 19:00:00,1.2842e-05,0.9864293124804381
15908,2020-07-24 20:00:00,7.929e-06,0.6064232584238411
15909,2020-07-24 21:00:00,5.387e-06,0.7608063039891318
15910,2020-07-24 22:00:00,3.636e-06,0.9310840800361798
15911,2020-07-24 23:00:00,1.847e-06,0.08827536256592328
15912,2020-07-25 00:00:00,0.0,0.2805876597899899
15913,2020-07-25 01:00:00,0.0,0.324869582705713
15914,2020-07-25 02:00:00,0.0,0.016016992200714508
15915,2020-07-25 03:00:00,0.0,0.08518417568968895
15916,2020-07-25 04:00:00,0.0,0.4175439920671834
15917,2020-07-25 05:00:00,0.0,0.6824943880136638
15918,2020-07-25 06:00:00,0.0,0.6882048891079815
15919,2020-07-25 07:00:00,0.0,0.13537063674257244
15920,2020-07-25 08:00:00,0.0,0.47844952789963635
15921,2020-07-25 09:00:00,0.0,0.3883957484888998
15922,2020-07-25 10:00:00,0.0,0.7051207092451127
15923,2020-07-25 11:00:00,0.0,0.7852532246957751
15924,2020-07-25 12:00:00,0.0,0.9178683797311766
15925,2020-07-25 13:00:00,0.0,0.9058090286449696
15926,2020-07-25 14:00:00,0.0,0.6268394995583355
15927,2020-07-25 15:00:00,0.0,0.018796973053273436
15928,2020-07-25 16:00:00,0.0,0.8277793434803726
15929,2020-07-25 17:00:00,0.0,0.35554193929283695
15930,2020-07-25 18:00:00,0.0,0.7538602293280607
15931,2020-07-25 19:00:00,0.0,0.4948129043589595
15932,2020-07-25 20:00:00,0.0,0.8029235637166573
15933,2020-07-25 21:00:00,0.0,0.11342730485807895
15934,2020-07-25 22:00:00,0.0,0.784256220543919
15935,2020-07-25 23:00:00,0.0,0.8222212835922496
15936,2020-07-26 00:00:00,0.0,0.8764563474309925
15937,2020-07-26 01:00:00,0.0,0.706779568640524
15938,2020-07-26 02:00:00,0.0,0.8353381050544795
15939,2020-07-26 03:00:00,0.0,0.04200892000962142
15940,2020-07-26 04:00:00,0.0,0.09786456611329042
15941,2020-07-26 05:00:00,0.0,0.48660421447913604
15942,2020-07-26 06:00:00,0.0,0.24670868216792186
15943,2020-07-26 07:00:00,0.0,0.3367319764013754
15944,2020-07-26 08:00:00,0.0,0.6032415710979168
15945,2020-07-26 09:00:00,0.0,0.19719161740875535
15946,2020-07-26 10:00:00,0.0,0.2954192380616193
15947,2020-07-26 11:00:00,0.0,0.0772338504062714
15948,2020-07-26 12:00:00,0.0,0.14298220197430922
15949,2020-07-26 13:00:00,0.0,0.6520104002139876
15950,2020-07-26 14:00:00,0.001786461,0.17168566251108253
15951,2020-07-26 15:00:00,0.002099961,0.018873519963111263
15952,2020-07-26 16:00:00,0.00706649,0.7912211697891389
15953,2020-07-26 17:00:00,0.007361194,0.8976382186532024
15954,2020-07-26 18:00:00,0.005615856,0.6088837143595399
15955,2020-07-26 19:00:00,0.004278576,0.6950641450931253
15956,2020-07-26 20:00:00,0.002680341,0.794693163263286
15957,2020-07-26 21:00:00,0.001727419,0.49787177509044767
15958,2020-07-26 22:00:00,0.001034888,0.41275023420864954
15959,2020-07-26 23:00:00,0.000649705,0.5939068531819423
15960,2020-07-27 00:00:00,0.000385822,0.42659583893904285
15961,2020-07-27 01:00:00,0.000137448,0.16810283728587005
15962,2020-07-27 02:00:00,0.000100933,0.7338049691747024
15963,2020-07-27 03:00:00,8.1763e-05,0.9243397381685243
15964,2020-07-27 04:00:00,7.1314e-05,0.0633886926691607
15965,2020-07-27 05:00:00,7.2299e-05,0.9360118946924255
15966,2020-07-27 06:00:00,6.4265e-05,0.8913857413930517
15967,2020-07-27 07:00:00,5.7596e-05,0.7845511139684335
15968,2020-07-27 08:00:00,3.9983e-05,0.003366676906700894
15969,2020-07-27 09:00:00,2.134e-05,0.273685426368399
15970,2020-07-27 10:00:00,0.001334085,0.19281781706028722
15971,2020-07-27 11:00:00,0.001661975,0.6451582319222993
15972,2020-07-27 12:00:00,0.001463803,0.20120446982919682
15973,2020-07-27 13:00:00,0.001785035,0.40855505604514986
15974,2020-07-27 14:00:00,0.001893909,0.3615027270006599
15975,2020-07-27 15:00:00,0.003760303,0.3087897654254098
15976,2020-07-27 16:00:00,0.019139672,0.9096885794341916
15977,2020-07-27 17:00:00,0.020950727,0.8886436369401637
15978,2020-07-27 18:00:00,0.016276633,0.6467173739429333
15979,2020-07-27 19:00:00,0.009511954,0.6731801399105828
15980,2020-07-27 20:00:00,0.005967626,0.9464943090324796
15981,2020-07-27 21:00:00,0.00361683,0.9391035104061815
15982,2020-07-27 22:00:00,0.002122383,0.8954756769237392
15983,2020-07-27 23:00:00,0.001490828,0.02441092913759202
15984,2020-07-28 00:00:00,0.000886078,0.7946959244555704
15985,2020-07-28 01:00:00,0.000359647,0.6163558215062998
15986,2020-07-28 02:00:00,0.0002335,0.626779121456624
15987,2020-07-28 03:00:00,0.000242983,0.1874448032793683
15988,2020-07-28 04:00:00,0.000233712,0.3628293010876966
15989,2020-07-28 05:00:00,0.000156069,0.6418747254863079
15990,2020-07-28 06:00:00,0.000147262,0.01328124131405617
15991,2020-07-28 07:00:00,0.000129213,0.5586936929868902
15992,2020-07-28 08:00:00,8.1307e-05,0.4300326849791891
15993,2020-07-28 09:00:00,4.5467e-05,0.12348448437847204
15994,2020-07-28 10:00:00,2.8212e-05,0.4782628847121291
15995,2020-07-28 11:00:00,2.1979e-05,0.3449524658602924
15996,2020-07-28 12:00:00,2.3476e-05,0.4810763770821933
15997,2020-07-28 13:00:00,0.00033101,0.47160787651872604
15998,2020-07-28 14:00:00,0.001005096,0.5213861171435193
15999,2020-07-28 15:00:00,0.001899364,0.11619367561417382
16000,2020-07-28 16:00:00,0.003732687,0.3581020259088772
16001,2020-07-28 17:00:00,0.003410238,0.7652838415033402
16002,2020-07-28 18:00:00,0.002501115,0.6388333814025515
16003,2020-07-28 19:00:00,0.001677587,0.9854670283688078
16004,2020-07-28 20:00:00,0.000891251,0.5173060065531124
16005,2020-07-28 21:00:00,0.000435578,0.9353339581963288
16006,2020-07-28 22:00:00,0.000230271,0.6210497400016151
16007,2020-07-28 23:00:00,0.000123146,0.9622240439283769
16008,2020-07-29 00:00:00,5.5831e-05,0.31414507714081374
16009,2020-07-29 01:00:00,2.5483e-05,0.3527610419214616
16010,2020-07-29 02:00:00,1.2348e-05,0.9502934052884798
16011,2020-07-29 03:00:00,7.988e-06,0.9574226186550194
16012,2020-07-29 04:00:00,4.945e-06,0.23152132234527467
16013,2020-07-29 05:00:00,0.000168382,0.9474717059755937
16014,2020-07-29 06:00:00,0.000902513,0.5697872964655053
16015,2020-07-29 07:00:00,0.002318821,0.8476222282136693
16016,2020-07-29 08:00:00,0.003484963,0.5964419705330309
16017,2020-07-29 09:00:00,0.002831382,0.8378532970599268
16018,2020-07-29 10:00:00,0.003799608,0.17733408253499483
16019,2020-07-29 11:00:00,0.003822594,0.91765085226267
16020,2020-07-29 12:00:00,0.000707818,0.14352325046755077
16021,2020-07-29 13:00:00,0.001576554,0.5160920851377842
16022,2020-07-29 14:00:00,0.001726221,0.07770266218580646
16023,2020-07-29 15:00:00,0.005175775,0.6171461245498551
16024,2020-07-29 16:00:00,0.026943242,0.23542342270045102
16025,2020-07-29 17:00:00,0.044900779,0.40786008320221023
16026,2020-07-29 18:00:00,0.035008937,0.22245056088557258
16027,2020-07-29 19:00:00,0.019976798,0.16172208024694446
16028,2020-07-29 20:00:00,0.0109772,0.029699189509380552
16029,2020-07-29 21:00:00,0.006480724,6.887598677818296e-05
16030,2020-07-29 22:00:00,0.002841274,0.9200518783317906
16031,2020-07-29 23:00:00,0.001543519,0.5873206513970898
16032,2020-07-30 00:00:00,0.000601288,0.7523214258745907
16033,2020-07-30 01:00:00,0.000259507,0.40026130333803733
16034,2020-07-30 02:00:00,0.000237082,0.36776727420073185
16035,2020-07-30 03:00:00,0.000113657,0.1129657693267716
16036,2020-07-30 04:00:00,4.9514e-05,0.7367225458696626
16037,2020-07-30 05:00:00,4.2473e-05,0.4797041626544175
16038,2020-07-30 06:00:00,3.6211e-05,0.03968802033273078
16039,2020-07-30 07:00:00,0.000246695,0.18349207610981033
16040,2020-07-30 08:00:00,0.000588062,0.5404898400889264
16041,2020-07-30 09:00:00,0.001311165,0.46937218402545233
16042,2020-07-30 10:00:00,0.002364867,0.4426722751229265
16043,2020-07-30 11:00:00,0.002655617,0.8366488414715813
16044,2020-07-30 12:00:00,0.003726446,0.9732876114063936
16045,2020-07-30 13:00:00,0.004905685,0.9815199728740966
16046,2020-07-30 14:00:00,0.00510298,0.1787841475040366
16047,2020-07-30 15:00:00,0.006156203,0.16065939421948394
16048,2020-07-30 16:00:00,0.011156006,0.5951256212829654
16049,2020-07-30 17:00:00,0.011732536,0.1094855466888286
16050,2020-07-30 18:00:00,0.008041748,0.2557060732434786
16051,2020-07-30 19:00:00,0.005115845,0.6625165881175398
16052,2020-07-30 20:00:00,0.002924636,0.14951180219934235
16053,2020-07-30 21:00:00,0.001314821,0.4450492441634679
16054,2020-07-30 22:00:00,0.00057586,0.4459076540687996
16055,2020-07-30 23:00:00,0.00025024,0.41845672527860245
16056,2020-07-31 00:00:00,0.000109134,0.4631906148215035
16057,2020-07-31 01:00:00,5.0364e-05,0.03746053548200734
16058,2020-07-31 02:00:00,2.981e-05,0.09813249221856635
16059,2020-07-31 03:00:00,1.7244e-05,0.6763422076191913
16060,2020-07-31 04:00:00,8.053e-06,0.6322257388727334
16061,2020-07-31 05:00:00,7.489e-06,0.39300192799249045
16062,2020-07-31 06:00:00,7.761e-06,0.7728560081687366
16063,2020-07-31 07:00:00,5.395e-06,0.04724921033341012
16064,2020-07-31 08:00:00,3.923e-06,0.5454605376838141
16065,2020-07-31 09:00:00,2.398e-06,0.7397270865945019
16066,2020-07-31 10:00:00,0.000538783,0.1177304837667923
16067,2020-07-31 11:00:00,0.001017568,0.1349586661152753
16068,2020-07-31 12:00:00,0.001833364,0.5948189165766645
16069,2020-07-31 13:00:00,0.002010931,0.31503315142362043
16070,2020-07-31 14:00:00,0.004201377,0.2604505611321428
16071,2020-07-31 15:00:00,0.00085887,0.5242623289361995
16072,2020-07-31 16:00:00,0.008056985,0.32472144151237425
16073,2020-07-31 17:00:00,0.012181878,0.541658638365358
16074,2020-07-31 18:00:00,0.009692489,0.25627492596387047
16075,2020-07-31 19:00:00,0.006240886,0.7523310171591782
16076,2020-07-31 20:00:00,0.00267898,0.5433500176656716
16077,2020-07-31 21:00:00,0.001427218,0.2690012681279391
16078,2020-07-31 22:00:00,0.001165234,0.7479864092868076
16079,2020-07-31 23:00:00,0.000381737,0.3328198693100439
16080,2020-08-01 00:00:00,0.000176769,0.9409221965817627
16081,2020-08-01 01:00:00,5.928e-05,0.7510495894300622
16082,2020-08-01 02:00:00,4.2861e-05,0.8399322492537706
16083,2020-08-01 03:00:00,4.1061e-05,0.564351941330062
16084,2020-08-01 04:00:00,3.0507e-05,0.5161367013672311
16085,2020-08-01 05:00:00,2.2162e-05,0.754011873785037
16086,2020-08-01 06:00:00,1.4204e-05,0.7062288160532478
16087,2020-08-01 07:00:00,0.000393126,0.8759946249556445
16088,2020-08-01 08:00:00,0.00090226,0.6185221703873035
16089,2020-08-01 09:00:00,0.001360404,0.7833911180005804
16090,2020-08-01 10:00:00,0.001547886,0.3525607736786398
16091,2020-08-01 11:00:00,0.000858178,0.20913291623313301
16092,2020-08-01 12:00:00,0.005069636,0.46664830209264707
16093,2020-08-01 13:00:00,0.007416621,0.40205655144034325
16094,2020-08-01 14:00:00,0.005990077,0.7472199289270085
16095,2020-08-01 15:00:00,0.005352783,0.584962178569096
16096,2020-08-01 16:00:00,0.008698837,0.32976355667426227
16097,2020-08-01 17:00:00,0.009835849,0.6227511780933713
16098,2020-08-01 18:00:00,0.007618868,0.7193483630203725
16099,2020-08-01 19:00:00,0.004343234,0.06454562510603234
16100,2020-08-01 20:00:00,0.002619651,0.04989635984892149
16101,2020-08-01 21:00:00,0.001710059,0.9030452793137532
16102,2020-08-01 22:00:00,0.000838909,0.3077773668817524
16103,2020-08-01 23:00:00,0.000475976,0.12261675583677789
16104,2020-08-02 00:00:00,0.000181192,0.6401692342749705
16105,2020-08-02 01:00:00,5.8446e-05,0.9662152641084285
16106,2020-08-02 02:00:00,4.282e-05,0.669086736790564
16107,2020-08-02 03:00:00,0.000206739,0.17350246451731532
16108,2020-08-02 04:00:00,0.000607817,0.051986823109329894
16109,2020-08-02 05:00:00,0.000800004,0.15027650476402188
16110,2020-08-02 06:00:00,0.002550405,0.0366950461093134
16111,2020-08-02 07:00:00,0.002971055,0.132429320070243
16112,2020-08-02 08:00:00,0.002623748,0.04688735252434806
16113,2020-08-02 09:00:00,0.003113761,0.4413612840897905
16114,2020-08-02 10:00:00,0.002129051,0.43733162603514264
16115,2020-08-02 11:00:00,0.007125703,0.8146282560017662
16116,2020-08-02 12:00:00,0.008363255,0.6645186156134405
16117,2020-08-02 13:00:00,0.00467146,0.6032248107493392
16118,2020-08-02 14:00:00,0.001018548,0.2910339187468435
16119,2020-08-02 15:00:00,0.001652168,0.5149103484889469
16120,2020-08-02 16:00:00,0.016789526,0.7340593691465324
16121,2020-08-02 17:00:00,0.023170009,0.13948873824106078
16122,2020-08-02 18:00:00,0.016033927,0.12267370079361062
16123,2020-08-02 19:00:00,0.01099427,0.493378539037434
16124,2020-08-02 20:00:00,0.006014028,0.8557878711430734
16125,2020-08-02 21:00:00,0.003329089,0.6071340503965549
16126,2020-08-02 22:00:00,0.00135959,0.958705711586242
16127,2020-08-02 23:00:00,0.000627794,0.7548010378077011
16128,2020-08-03 00:00:00,0.00026784,0.06505399111337207
16129,2020-08-03 01:00:00,7.052e-05,0.21015292429375199
16130,2020-08-03 02:00:00,6.0634e-05,0.17002514246541156
16131,2020-08-03 03:00:00,4.3549e-05,0.11693732670800117
16132,2020-08-03 04:00:00,0.000335909,0.7538747471749419
16133,2020-08-03 05:00:00,0.000493602,0.5434224685386201
16134,2020-08-03 06:00:00,0.000996753,0.6454055629742991
16135,2020-08-03 07:00:00,0.001518829,0.824536141333182
16136,2020-08-03 08:00:00,0.002640625,0.6202678551916175
16137,2020-08-03 09:00:00,0.00333019,0.48101838444493883
16138,2020-08-03 10:00:00,0.002140402,0.952534178358703
16139,2020-08-03 11:00:00,0.001244466,0.9659112503376956
16140,2020-08-03 12:00:00,0.000586082,0.5472814354707414
16141,2020-08-03 13:00:00,0.000571293,0.23604789695181794
16142,2020-08-03 14:00:00,0.000504279,0.11459798974807356
16143,2020-08-03 15:00:00,0.001596977,0.9007966294756113
16144,2020-08-03 16:00:00,0.005152475,0.2974052863754576
16145,2020-08-03 17:00:00,0.005268426,0.03170946662436214
16146,2020-08-03 18:00:00,0.004155015,0.7969150879432368
16147,2020-08-03 19:00:00,0.002211414,0.8060532915488203
16148,2020-08-03 20:00:00,0.001323015,0.8224552786747069
16149,2020-08-03 21:00:00,0.00062202,0.4443664293044687
16150,2020-08-03 22:00:00,0.000265058,0.6216990292796921
16151,2020-08-03 23:00:00,0.000126249,0.4516029215007018
16152,2020-08-04 00:00:00,5.4331e-05,0.6770095892138951
16153,2020-08-04 01:00:00,1.6978e-05,0.9383352979481995
16154,2020-08-04 02:00:00,1.7625e-05,0.90768235777247
16155,2020-08-04 03:00:00,9.082e-06,0.9529684042903318
16156,2020-08-04 04:00:00,0.000235779,0.25368790684897513
16157,2020-08-04 05:00:00,0.00040633,0.20445920595310374
16158,2020-08-04 06:00:00,0.000277964,0.41113185542882924
16159,2020-08-04 07:00:00,0.000357607,0.8416177733472741
16160,2020-08-04 08:00:00,0.000451222,0.28412860645924976
16161,2020-08-04 09:00:00,0.00084674,0.46564233271144706
16162,2020-08-04 10:00:00,0.001983612,0.10037393363655633
16163,2020-08-04 11:00:00,0.001770852,0.280233044120767
16164,2020-08-04 12:00:00,0.002455519,0.5068398786055697
16165,2020-08-04 13:00:00,0.00278248,0.2614703384671272
16166,2020-08-04 14:00:00,0.001613462,0.44818063501523064
16167,2020-08-04 15:00:00,0.002633965,0.6368472419543699
16168,2020-08-04 16:00:00,0.011711029,0.7397724128202698
16169,2020-08-04 17:00:00,0.013297247,0.4993456626518955
16170,2020-08-04 18:00:00,0.010832255,0.39759115439662485
16171,2020-08-04 19:00:00,0.007541655,0.788080034224255
16172,2020-08-04 20:00:00,0.003866322,0.25144061298612874
16173,2020-08-04 21:00:00,0.00172047,0.4463338158494482
16174,2020-08-04 22:00:00,0.000841863,0.9562634149474608
16175,2020-08-04 23:00:00,0.000410891,0.07496880793550353
16176,2020-08-05 00:00:00,0.000160058,0.8707679467348042
16177,2020-08-05 01:00:00,4.6685e-05,0.9650088164029909
16178,2020-08-05 02:00:00,3.3836e-05,0.8228171440627922
16179,2020-08-05 03:00:00,2.2393e-05,0.373341118794131
16180,2020-08-05 04:00:00,0.000115294,0.08532677865024396
16181,2020-08-05 05:00:00,0.000144883,0.053379508039447465
16182,2020-08-05 06:00:00,0.000186612,0.8390731796380441
16183,2020-08-05 07:00:00,0.000415332,0.2955304458207525
16184,2020-08-05 08:00:00,0.000471928,0.19437675245634545
16185,2020-08-05 09:00:00,0.000676707,0.6049313608074822
16186,2020-08-05 10:00:00,0.000822596,0.6879433627227879
16187,2020-08-05 11:00:00,0.000501294,0.02056347868473596
16188,2020-08-05 12:00:00,0.000297834,0.15367482841577484
16189,2020-08-05 13:00:00,0.000438616,0.15643183195498578
16190,2020-08-05 14:00:00,0.001117896,0.339697034854723
16191,2020-08-05 15:00:00,0.001649684,0.11710044719165691
16192,2020-08-05 16:00:00,0.005404071,0.64586030448355
16193,2020-08-05 17:00:00,0.007213871,0.7771199675109322
16194,2020-08-05 18:00:00,0.006969891,0.9546070213892656
16195,2020-08-05 19:00:00,0.003988149,0.78446403689509
16196,2020-08-05 20:00:00,0.002691599,0.370183781449433
16197,2020-08-05 21:00:00,0.001426823,0.58155472956358
16198,2020-08-05 22:00:00,0.000599577,0.640316813693162
16199,2020-08-05 23:00:00,0.0002732,0.42403188374614686
16200,2020-08-06 00:00:00,0.000140778,0.5608402309517184
16201,2020-08-06 01:00:00,5.4551e-05,0.9272927689972563
16202,2020-08-06 02:00:00,5.0006e-05,0.47895432850953745
16203,2020-08-06 03:00:00,3.8064e-05,0.6677744794600907
16204,2020-08-06 04:00:00,1.7844e-05,0.22414169705614884
16205,2020-08-06 05:00:00,1.3291e-05,0.6941056297302587
16206,2020-08-06 06:00:00,1.0278e-05,0.2759790873834135
16207,2020-08-06 07:00:00,1.5797e-05,0.16305027073916134
16208,2020-08-06 08:00:00,3.4439e-05,0.7052054634726593
16209,2020-08-06 09:00:00,4.0188e-05,0.06564265986753737
16210,2020-08-06 10:00:00,1.951e-05,0.12741152477930273
16211,2020-08-06 11:00:00,1.4416e-05,0.54205071483557
16212,2020-08-06 12:00:00,4.5913e-05,0.3194528235824359
16213,2020-08-06 13:00:00,5.171e-05,0.5674068817648
16214,2020-08-06 14:00:00,4.6851e-05,0.4779016727000154
16215,2020-08-06 15:00:00,7.6095e-05,0.38744190172430404
16216,2020-08-06 16:00:00,0.000525546,0.019319538903942224
16217,2020-08-06 17:00:00,0.000637463,0.7159097139200566
16218,2020-08-06 18:00:00,0.000481258,0.808265275307409
16219,2020-08-06 19:00:00,0.000288029,0.748010329550041
16220,2020-08-06 20:00:00,0.000170251,0.3514891789767711
16221,2020-08-06 21:00:00,7.4225e-05,0.6682078281824824
16222,2020-08-06 22:00:00,4.2348e-05,0.2656921760057809
16223,2020-08-06 23:00:00,2.4145e-05,0.7564128506558889
16224,2020-08-07 00:00:00,9.241e-06,0.4590033514458375
16225,2020-08-07 01:00:00,3.574e-06,0.5247198123186821
16226,2020-08-07 02:00:00,1.38e-06,0.04375472362582078
16227,2020-08-07 03:00:00,0.0,0.8410908030890302
16228,2020-08-07 04:00:00,0.0,0.8584245043162212
16229,2020-08-07 05:00:00,1.284e-06,0.3376670390459994
16230,2020-08-07 06:00:00,2.483e-06,0.7078923630232234
16231,2020-08-07 07:00:00,4.633e-06,0.937364806527314
16232,2020-08-07 08:00:00,4.609e-06,0.5131475921870643
16233,2020-08-07 09:00:00,1.009e-05,0.6345256338118574
16234,2020-08-07 10:00:00,7.733e-06,0.735154213045391
16235,2020-08-07 11:00:00,9.255e-06,0.3628497218580754
16236,2020-08-07 12:00:00,1.2848e-05,0.6640754834273334
16237,2020-08-07 13:00:00,1.3289e-05,0.795337259018409
16238,2020-08-07 14:00:00,1.7533e-05,0.7813174953130851
16239,2020-08-07 15:00:00,2.7559e-05,0.034033580232408545
16240,2020-08-07 16:00:00,6.8737e-05,0.020522910289568985
16241,2020-08-07 17:00:00,8.8189e-05,0.18989336648629374
16242,2020-08-07 18:00:00,7.8907e-05,0.7500232411286047
16243,2020-08-07 19:00:00,5.8193e-05,0.36912681010591
16244,2020-08-07 20:00:00,3.5424e-05,0.7415290627264889
16245,2020-08-07 21:00:00,1.8961e-05,0.43674479622922613
16246,2020-08-07 22:00:00,1.0325e-05,0.42279793195618864
16247,2020-08-07 23:00:00,5.206e-06,0.08041770735208631
16248,2020-08-08 00:00:00,2.26e-06,0.27810739439213605
16249,2020-08-08 01:00:00,0.0,0.8347241857402105
16250,2020-08-08 02:00:00,0.0,0.3374690661004782
16251,2020-08-08 03:00:00,0.0,0.9156371103187501
16252,2020-08-08 04:00:00,0.0,0.5535853778643129
16253,2020-08-08 05:00:00,0.0,0.690328962216864
16254,2020-08-08 06:00:00,1.444e-06,0.07485058924336074
16255,2020-08-08 07:00:00,2.26e-06,0.3742960140966102
16256,2020-08-08 08:00:00,2.668e-06,0.10300678403381902
16257,2020-08-08 09:00:00,4.279e-06,0.8423274233537662
16258,2020-08-08 10:00:00,5.785e-06,0.2595053793657196
16259,2020-08-08 11:00:00,1.625e-06,0.1493010021390141
16260,2020-08-08 12:00:00,2.769e-06,0.20040577904759937
16261,2020-08-08 13:00:00,4.315e-06,0.38000251090022585
16262,2020-08-08 14:00:00,9.474e-06,0.6932872739350262
16263,2020-08-08 15:00:00,1.2268e-05,0.10381271540982795
16264,2020-08-08 16:00:00,5.8528e-05,0.3200627063424104
16265,2020-08-08 17:00:00,8.9813e-05,0.18550556156106146
16266,2020-08-08 18:00:00,6.9423e-05,0.9105287520422742
16267,2020-08-08 19:00:00,5.029e-05,0.9869349182844998
16268,2020-08-08 20:00:00,3.0285e-05,0.5498826267374041
16269,2020-08-08 21:00:00,1.534e-05,0.7496553743757075
16270,2020-08-08 22:00:00,9.679e-06,0.12285058079967504
16271,2020-08-08 23:00:00,3.281e-06,0.32349461502726573
16272,2020-08-09 00:00:00,1.652e-06,0.8790297618402706
16273,2020-08-09 01:00:00,0.0,0.5306667064524129
16274,2020-08-09 02:00:00,0.0,0.4912021513328557
16275,2020-08-09 03:00:00,0.0,0.7709117614966235
16276,2020-08-09 04:00:00,0.0,0.2792808705907266
16277,2020-08-09 05:00:00,0.0,0.040154812177745636
16278,2020-08-09 06:00:00,0.0,0.7504506548543497
16279,2020-08-09 07:00:00,0.0,0.422164739958954
16280,2020-08-09 08:00:00,1.692e-06,0.015795325440269292
16281,2020-08-09 09:00:00,3.143e-06,0.9150423072171432
16282,2020-08-09 10:00:00,2.985e-06,0.35393160704082116
16283,2020-08-09 11:00:00,2.134e-06,0.8494858148365382
16284,2020-08-09 12:00:00,2.17e-06,0.8978648970848759
16285,2020-08-09 13:00:00,3.35e-06,0.34883240224778533
16286,2020-08-09 14:00:00,4.458e-06,0.23344264980244966
16287,2020-08-09 15:00:00,4.667e-06,0.540722696440708
16288,2020-08-09 16:00:00,1.5608e-05,0.47200512075188017
16289,2020-08-09 17:00:00,2.155e-05,0.8966881885831931
16290,2020-08-09 18:00:00,2.137e-05,0.6274538130600885
16291,2020-08-09 19:00:00,1.2313e-05,0.8873162916345568
16292,2020-08-09 20:00:00,1.0089e-05,0.9136565126586
16293,2020-08-09 21:00:00,2.763e-06,0.18127503251917576
16294,2020-08-09 22:00:00,1.733e-06,0.7427544575828797
16295,2020-08-09 23:00:00,0.0,0.829613116796558
16296,2020-08-10 00:00:00,0.0,0.8783328890561781
16297,2020-08-10 01:00:00,0.0,0.9207801527352478
16298,2020-08-10 02:00:00,0.0,0.7574311049894337
16299,2020-08-10 03:00:00,0.0,0.6927922237884037
16300,2020-08-10 04:00:00,0.0,0.8365191321353204
16301,2020-08-10 05:00:00,0.0,0.10962425167373568
16302,2020-08-10 06:00:00,2.441e-06,0.9842469393547741
16303,2020-08-10 07:00:00,8.129e-06,0.3437209282991275
16304,2020-08-10 08:00:00,2.461e-06,0.05993004814137881
16305,2020-08-10 09:00:00,4.687e-06,0.7219182255338513
16306,2020-08-10 10:00:00,2.045e-06,0.18088564342622115
16307,2020-08-10 11:00:00,1.1217e-05,0.6398009170354967
16308,2020-08-10 12:00:00,1.636e-05,0.6961139348372064
16309,2020-08-10 13:00:00,1.7091e-05,0.6344803227317898
16310,2020-08-10 14:00:00,1.7037e-05,0.12377847311540424
16311,2020-08-10 15:00:00,2.1054e-05,0.2709748853873053
16312,2020-08-10 16:00:00,0.000102461,0.07093814549926925
16313,2020-08-10 17:00:00,0.00015673,0.056607011739729374
16314,2020-08-10 18:00:00,0.000165997,0.0660267449320846
16315,2020-08-10 19:00:00,9.2364e-05,0.6154184573393421
16316,2020-08-10 20:00:00,6.095e-05,0.3885056061792972
16317,2020-08-10 21:00:00,2.8536e-05,0.09866505794638614
16318,2020-08-10 22:00:00,1.4437e-05,0.5883097209524848
16319,2020-08-10 23:00:00,7.146e-06,0.6509590795558196
16320,2020-08-11 00:00:00,2.586e-06,0.9037536213531013
16321,2020-08-11 01:00:00,0.0,0.2595300590380588
16322,2020-08-11 02:00:00,0.0,0.35946809688077186
16323,2020-08-11 03:00:00,0.0,0.5809961834370194
16324,2020-08-11 04:00:00,0.0,0.6823906356314086
16325,2020-08-11 05:00:00,0.0,0.001959094020961394
16326,2020-08-11 06:00:00,0.0,0.2992226748054968
16327,2020-08-11 07:00:00,0.0,0.7905789156254407
16328,2020-08-11 08:00:00,0.0,0.5706559257077509
16329,2020-08-11 09:00:00,1.91e-06,0.7828678934091207
16330,2020-08-11 10:00:00,1.212e-06,0.04134938423928125
16331,2020-08-11 11:00:00,4.918e-06,0.23409061923270813
16332,2020-08-11 12:00:00,5.36e-06,0.27838163173958375
16333,2020-08-11 13:00:00,5.044e-06,0.40110298448157744
16334,2020-08-11 14:00:00,8.275e-06,0.20891479195530216
16335,2020-08-11 15:00:00,5.667e-06,0.1456009267750511
16336,2020-08-11 16:00:00,1.7391e-05,0.03518363236284405
16337,2020-08-11 17:00:00,2.6162e-05,0.912110836292166
16338,2020-08-11 18:00:00,1.938e-05,0.0541413519920666
16339,2020-08-11 19:00:00,1.3632e-05,0.2521294665843222
16340,2020-08-11 20:00:00,8.518e-06,0.24565979749237332
16341,2020-08-11 21:00:00,3.829e-06,0.36105102947699275
16342,2020-08-11 22:00:00,1.66e-06,0.5239051705375385
16343,2020-08-11 23:00:00,0.0,0.8560059664082751
16344,2020-08-12 00:00:00,0.0,0.6652212387862596
16345,2020-08-12 01:00:00,0.0,0.0013045601191440381
16346,2020-08-12 02:00:00,0.0,0.4074989246513704
16347,2020-08-12 03:00:00,0.0,0.7246936799278764
16348,2020-08-12 04:00:00,0.0,0.4679727948783535
16349,2020-08-12 05:00:00,0.0,0.26856770415420805
16350,2020-08-12 06:00:00,0.0,0.8056496674205247
16351,2020-08-12 07:00:00,0.0,0.2507373646015424
16352,2020-08-12 08:00:00,0.0,0.02698922184604413
16353,2020-08-12 09:00:00,0.0,0.28179730615439447
16354,2020-08-12 10:00:00,0.0,0.2582014115135065
16355,2020-08-12 11:00:00,0.0,0.7613315445072699
16356,2020-08-12 12:00:00,0.0,0.7237795522196975
16357,2020-08-12 13:00:00,0.0,0.09587439681048926
16358,2020-08-12 14:00:00,0.0,0.6293149085809507
16359,2020-08-12 15:00:00,0.0,0.46794308667537976
16360,2020-08-12 16:00:00,0.0,0.01278073232759469
16361,2020-08-12 17:00:00,0.0,0.16663773803589255
16362,2020-08-12 18:00:00,0.0,0.5985217823603693
16363,2020-08-12 19:00:00,0.0,0.4180645214326628
16364,2020-08-12 20:00:00,0.0,0.49875499439579474
16365,2020-08-12 21:00:00,0.0,0.7175106649540471
16366,2020-08-12 22:00:00,0.0,0.28540238263072504
16367,2020-08-12 23:00:00,0.0,0.7033387027047686
16368,2020-08-13 00:00:00,0.0,0.41772403380516
16369,2020-08-13 01:00:00,0.0,0.3339089794927814
16370,2020-08-13 02:00:00,0.0,0.7643969255319085
16371,2020-08-13 03:00:00,0.0,0.9787936973696475
16372,2020-08-13 04:00:00,0.0,0.9031397728794031
16373,2020-08-13 05:00:00,0.0,0.5685265546635786
16374,2020-08-13 06:00:00,0.0,0.0877717902807097
16375,2020-08-13 07:00:00,0.0,0.04398167770722328
16376,2020-08-13 08:00:00,0.0,0.3701701258121416
16377,2020-08-13 09:00:00,0.0,0.844004875517311
16378,2020-08-13 10:00:00,0.0,0.8272469661246566
16379,2020-08-13 11:00:00,0.0,0.6965379114102266
16380,2020-08-13 12:00:00,0.0,0.7101112619622789
16381,2020-08-13 13:00:00,0.0,0.7892349179467407
16382,2020-08-13 14:00:00,0.0,0.3887249421396749
16383,2020-08-13 15:00:00,0.0,0.2567323740828297
16384,2020-08-13 16:00:00,0.0,0.03781157568415028
16385,2020-08-13 17:00:00,0.0,0.46737472708570094
16386,2020-08-13 18:00:00,0.0,0.483227886238525
16387,2020-08-13 19:00:00,0.0,0.6447417745386181
16388,2020-08-13 20:00:00,0.0,0.727645721641432
16389,2020-08-13 21:00:00,0.0,0.6480254434012649
16390,2020-08-13 22:00:00,0.0,0.47284970719371855
16391,2020-08-13 23:00:00,0.0,0.4348787865419289
16392,2020-08-14 00:00:00,0.0,0.9218588313029915
16393,2020-08-14 01:00:00,0.0,0.23507449165257321
16394,2020-08-14 02:00:00,0.0,0.5032215703941367
16395,2020-08-14 03:00:00,0.0,0.5990478764161666
16396,2020-08-14 04:00:00,0.0,0.09308565118594303
16397,2020-08-14 05:00:00,0.0,0.512208324382416
16398,2020-08-14 06:00:00,0.0,0.5673058004819956
16399,2020-08-14 07:00:00,0.0,0.479036562023997
16400,2020-08-14 08:00:00,0.0,0.5171144396546706
16401,2020-08-14 09:00:00,0.0,0.4510037506421718
16402,2020-08-14 10:00:00,0.0,0.41154188397595504
16403,2020-08-14 11:00:00,0.0,0.3797307346370904
16404,2020-08-14 12:00:00,0.0,0.011011455477901388
16405,2020-08-14 13:00:00,0.0,0.7428876814961866
16406,2020-08-14 14:00:00,0.0,0.6513019207328017
16407,2020-08-14 15:00:00,0.0,0.8822743536386247
16408,2020-08-14 16:00:00,0.0,0.9541775501081945
16409,2020-08-14 17:00:00,0.0,0.3059060358992979
16410,2020-08-14 18:00:00,0.0,0.4171882301106524
16411,2020-08-14 19:00:00,0.0,0.9230394118164278
16412,2020-08-14 20:00:00,0.0,0.47759240965376315
16413,2020-08-14 21:00:00,0.0,0.5517715039591344
16414,2020-08-14 22:00:00,0.0,0.8983151758894207
16415,2020-08-14 23:00:00,0.0,0.6621274750143483
16416,2020-08-15 00:00:00,0.0,0.510467351006894
16417,2020-08-15 01:00:00,0.0,0.8548183114594526
16418,2020-08-15 02:00:00,0.0,0.8551814566167558
16419,2020-08-15 03:00:00,0.0,0.501523075035909
16420,2020-08-15 04:00:00,0.0,0.39692942034886425
16421,2020-08-15 05:00:00,0.0,0.9875399912667606
16422,2020-08-15 06:00:00,0.0,0.5631945498152577
16423,2020-08-15 07:00:00,3.6063e-05,0.7133834477510401
16424,2020-08-15 08:00:00,0.000194947,0.47167320284184955
16425,2020-08-15 09:00:00,0.000603054,0.7478759640012289
16426,2020-08-15 10:00:00,0.000801207,0.6446555569330334
16427,2020-08-15 11:00:00,0.000754654,0.9605479559586336
16428,2020-08-15 12:00:00,0.001066454,0.9642205508310171
16429,2020-08-15 13:00:00,0.001149726,0.9756978842122509
16430,2020-08-15 14:00:00,0.000988492,0.3865618178399777
16431,2020-08-15 15:00:00,0.001048807,0.15002286285627864
16432,2020-08-15 16:00:00,0.002526287,0.1759221108388035
16433,2020-08-15 17:00:00,0.003053577,0.582463555930128
16434,2020-08-15 18:00:00,0.002459266,0.07156429680389542
16435,2020-08-15 19:00:00,0.001604403,0.9251565204882545
16436,2020-08-15 20:00:00,0.000726768,0.1200199894661984
16437,2020-08-15 21:00:00,0.000396347,0.09891461620558761
16438,2020-08-15 22:00:00,0.000159996,0.5903375472184819
16439,2020-08-15 23:00:00,7.0351e-05,0.4544234255947388
16440,2020-08-16 00:00:00,2.3103e-05,0.19946505289919758
16441,2020-08-16 01:00:00,6.075e-06,0.09937912885564126
16442,2020-08-16 02:00:00,3.647e-06,0.6908107351214685
16443,2020-08-16 03:00:00,3.066e-06,0.9899463747743144
16444,2020-08-16 04:00:00,2.339e-06,0.9917295697219439
16445,2020-08-16 05:00:00,2.245e-06,0.03353807102904216
16446,2020-08-16 06:00:00,2.301e-06,0.6303032456201849
16447,2020-08-16 07:00:00,1.251e-06,0.476278563987688
16448,2020-08-16 08:00:00,0.0,0.9894886135339983
16449,2020-08-16 09:00:00,0.000142904,0.6551437811493842
16450,2020-08-16 10:00:00,0.000220609,0.6325026705042314
16451,2020-08-16 11:00:00,0.000253256,0.7179705552504237
16452,2020-08-16 12:00:00,0.000322452,0.4308676660500641
16453,2020-08-16 13:00:00,0.000467506,0.1653354838085196
16454,2020-08-16 14:00:00,0.00047043,0.052118926382903163
16455,2020-08-16 15:00:00,0.000257752,0.08511555358169787
16456,2020-08-16 16:00:00,0.002344093,0.32975127759928335
16457,2020-08-16 17:00:00,0.003010958,0.9539879859735435
16458,2020-08-16 18:00:00,0.002248553,0.7838904692950983
16459,2020-08-16 19:00:00,0.001345375,0.30035291231803873
16460,2020-08-16 20:00:00,0.000724853,0.702070148950358
16461,2020-08-16 21:00:00,0.000335316,0.7931040365916241
16462,2020-08-16 22:00:00,0.000150912,0.9414007558383105
16463,2020-08-16 23:00:00,6.2334e-05,0.5867533026812696
16464,2020-08-17 00:00:00,2.3432e-05,0.7352473847831215
16465,2020-08-17 01:00:00,6.979e-06,0.3445443201645504
16466,2020-08-17 02:00:00,5.554e-06,0.8842865981326695
16467,2020-08-17 03:00:00,4.014e-06,0.5014529928295831
16468,2020-08-17 04:00:00,3.174e-06,0.6479235309045971
16469,2020-08-17 05:00:00,1.899e-06,0.2390691332409709
16470,2020-08-17 06:00:00,1.424e-06,0.30372307149433886
16471,2020-08-17 07:00:00,0.0,0.5073340398204194
16472,2020-08-17 08:00:00,5.5757e-05,0.41312457517406487
16473,2020-08-17 09:00:00,7.0541e-05,0.5265002278619018
16474,2020-08-17 10:00:00,5.1336e-05,0.7767975902265974
16475,2020-08-17 11:00:00,3.0722e-05,0.6152127766928931
16476,2020-08-17 12:00:00,1.979e-05,0.8187243214842427
16477,2020-08-17 13:00:00,1.3118e-05,0.21862434520707652
16478,2020-08-17 14:00:00,7.566e-06,0.19731311054698342
16479,2020-08-17 15:00:00,5.346e-06,0.012602525725680436
16480,2020-08-17 16:00:00,7.164e-06,0.5133946323506001
16481,2020-08-17 17:00:00,5.583e-06,0.4701120719291637
16482,2020-08-17 18:00:00,4.138e-06,0.5434384192185281
16483,2020-08-17 19:00:00,2.359e-06,0.29062913929691114
16484,2020-08-17 20:00:00,1.396e-06,0.9894712268607585
16485,2020-08-17 21:00:00,0.0,0.8096233629703364
16486,2020-08-17 22:00:00,0.0,0.04165723584695491
16487,2020-08-17 23:00:00,0.0,0.22651766704741438
16488,2020-08-18 00:00:00,0.0,0.5152989552819645
16489,2020-08-18 01:00:00,0.0,0.29527590803168535
16490,2020-08-18 02:00:00,0.0,0.2845836322547314
16491,2020-08-18 03:00:00,0.0,0.6007905937949082
16492,2020-08-18 04:00:00,0.001099893,0.713463246770674
16493,2020-08-18 05:00:00,0.001158839,0.7433228126316499
16494,2020-08-18 06:00:00,0.00186368,0.13079037637425783
16495,2020-08-18 07:00:00,0.001768339,0.700139236118594
16496,2020-08-18 08:00:00,0.001183602,0.4876278352830511
16497,2020-08-18 09:00:00,0.00097574,0.6224639483970409
16498,2020-08-18 10:00:00,0.000707057,0.3939332792243784
16499,2020-08-18 11:00:00,0.000337245,0.7637932694426101
16500,2020-08-18 12:00:00,8.26e-05,0.7818231882446195
16501,2020-08-18 13:00:00,9.3724e-05,0.3183961603196578
16502,2020-08-18 14:00:00,0.00034916,0.025172957583320388
16503,2020-08-18 15:00:00,0.002130299,0.48094182934018526
16504,2020-08-18 16:00:00,0.006578754,0.598516727046064
16505,2020-08-18 17:00:00,0.00584641,0.7328183623254912
16506,2020-08-18 18:00:00,0.003974648,0.6646748490995528
16507,2020-08-18 19:00:00,0.002512717,0.6608404633376403
16508,2020-08-18 20:00:00,0.001261104,0.2562340410954004
16509,2020-08-18 21:00:00,0.000599243,0.7461062017219929
16510,2020-08-18 22:00:00,0.000263947,0.02314442899160285
16511,2020-08-18 23:00:00,0.000105474,0.7515191298132989
16512,2020-08-19 00:00:00,3.8264e-05,0.161323203691908
16513,2020-08-19 01:00:00,1.0529e-05,0.35144441939757165
16514,2020-08-19 02:00:00,6.41e-06,0.9398422396948992
16515,2020-08-19 03:00:00,3.427e-06,0.5258667099932387
16516,2020-08-19 04:00:00,3.554e-06,0.8551105362736905
16517,2020-08-19 05:00:00,8.615e-06,0.5268645065496833
16518,2020-08-19 06:00:00,2.7644e-05,0.2760313274408872
16519,2020-08-19 07:00:00,5.1434e-05,0.7493611931543914
16520,2020-08-19 08:00:00,3.4771e-05,0.396665986601191
16521,2020-08-19 09:00:00,4.9318e-05,0.5399493421690519
16522,2020-08-19 10:00:00,8.3078e-05,0.8240775527165755
16523,2020-08-19 11:00:00,7.8251e-05,0.7622446850671768
16524,2020-08-19 12:00:00,9.4204e-05,0.2512579351666999
16525,2020-08-19 13:00:00,0.000130815,0.815689808610845
16526,2020-08-19 14:00:00,0.000133991,0.8869316022599506
16527,2020-08-19 15:00:00,0.000122941,0.7578010495513198
16528,2020-08-19 16:00:00,0.00014199,0.5732347240487111
16529,2020-08-19 17:00:00,0.000169061,0.7549520547509171
16530,2020-08-19 18:00:00,0.000120219,0.6270867717563636
16531,2020-08-19 19:00:00,7.2966e-05,0.4580218575977064
16532,2020-08-19 20:00:00,3.4561e-05,0.8778598452741286
16533,2020-08-19 21:00:00,1.4412e-05,0.5158171068484239
16534,2020-08-19 22:00:00,5.554e-06,0.38104776886517355
16535,2020-08-19 23:00:00,2.214e-06,0.7980495077692128
16536,2020-08-20 00:00:00,0.0,0.8714674706435833
16537,2020-08-20 01:00:00,0.0,0.5649397640415337
16538,2020-08-20 02:00:00,0.0,0.7015727833237997
16539,2020-08-20 03:00:00,0.0,0.018406499657368514
16540,2020-08-20 04:00:00,0.0,0.13518397917532565
16541,2020-08-20 05:00:00,0.0,0.8654413078857983
16542,2020-08-20 06:00:00,0.0,0.36419785865121734
16543,2020-08-20 07:00:00,0.0,0.1309114837974662
16544,2020-08-20 08:00:00,0.0,0.522130836652732
16545,2020-08-20 09:00:00,0.0,0.194964101357485
16546,2020-08-20 10:00:00,0.0,0.13392201641679835
16547,2020-08-20 11:00:00,0.0,0.5679608021872848
16548,2020-08-20 12:00:00,0.0,0.4851893916357578
16549,2020-08-20 13:00:00,0.0,0.9644143124591509
16550,2020-08-20 14:00:00,0.0,0.2538717307944214
16551,2020-08-20 15:00:00,0.0,0.15199846307883313
16552,2020-08-20 16:00:00,0.0,0.19747585594260098
16553,2020-08-20 17:00:00,0.0,0.06495971866734285
16554,2020-08-20 18:00:00,0.0,0.316465103311529
16555,2020-08-20 19:00:00,0.0,0.6090408591144723
16556,2020-08-20 20:00:00,0.0,0.8138453614784907
16557,2020-08-20 21:00:00,0.0,0.6431370027250262
16558,2020-08-20 22:00:00,0.0,0.201074138961171
16559,2020-08-20 23:00:00,0.0,0.9972370138013497
16560,2020-08-21 00:00:00,0.0,0.7616948770623023
16561,2020-08-21 01:00:00,0.0,0.9884636667341076
16562,2020-08-21 02:00:00,0.0,0.7294865017759452
16563,2020-08-21 03:00:00,0.0,0.801851270895289
16564,2020-08-21 04:00:00,0.0,0.7061585188523312
16565,2020-08-21 05:00:00,0.0,0.7848092295060822
16566,2020-08-21 06:00:00,0.0,0.3946582460819632
16567,2020-08-21 07:00:00,0.0,0.9850342752070576
16568,2020-08-21 08:00:00,0.0,0.17281800509382517
16569,2020-08-21 09:00:00,0.0,0.525361172228064
16570,2020-08-21 10:00:00,0.0,0.6986552667785888
16571,2020-08-21 11:00:00,0.0,0.06503303472102628
16572,2020-08-21 12:00:00,0.0,0.4697208687474449
16573,2020-08-21 13:00:00,0.0,0.43847615363071135
16574,2020-08-21 14:00:00,0.0,0.9496149531962064
16575,2020-08-21 15:00:00,0.0,0.8504439177919686
16576,2020-08-21 16:00:00,0.0,0.3920155416791986
16577,2020-08-21 17:00:00,0.0,0.15957029648522392
16578,2020-08-21 18:00:00,0.0,0.45869642739996064
16579,2020-08-21 19:00:00,0.0,0.6023401518005033
16580,2020-08-21 20:00:00,0.0,0.05936653999426922
16581,2020-08-21 21:00:00,0.0,0.015709749357329383
16582,2020-08-21 22:00:00,0.0,0.22101170537832637
16583,2020-08-21 23:00:00,0.0,0.8887635749928315
16584,2020-08-22 00:00:00,0.0,0.9663610678083637
16585,2020-08-22 01:00:00,0.0,0.5521961080428927
16586,2020-08-22 02:00:00,0.0,0.28866799781785346
16587,2020-08-22 03:00:00,0.0,0.22406769729131348
16588,2020-08-22 04:00:00,0.0,0.4013789754222935
16589,2020-08-22 05:00:00,0.0,0.05097120381948672
16590,2020-08-22 06:00:00,0.0,0.4961907072152296
16591,2020-08-22 07:00:00,0.0,0.8793411118164939
16592,2020-08-22 08:00:00,0.0,0.22688496859894047
16593,2020-08-22 09:00:00,0.0,0.6027596106022197
16594,2020-08-22 10:00:00,0.0,0.1100754105355104
16595,2020-08-22 11:00:00,0.0,0.6767008022938954
16596,2020-08-22 12:00:00,0.0,0.512847288824243
16597,2020-08-22 13:00:00,0.0,0.6266787149461293
16598,2020-08-22 14:00:00,0.0,0.1994354947359357
16599,2020-08-22 15:00:00,0.0,0.8891867562625806
16600,2020-08-22 16:00:00,0.0,0.941818185766773
16601,2020-08-22 17:00:00,0.0,0.433844261149928
16602,2020-08-22 18:00:00,0.0,0.6392971316792984
16603,2020-08-22 19:00:00,0.0,0.4101092174637184
16604,2020-08-22 20:00:00,0.0,0.67584181481049
16605,2020-08-22 21:00:00,0.0,0.8702405344856678
16606,2020-08-22 22:00:00,0.0,0.46679450642945075
16607,2020-08-22 23:00:00,0.0,0.1658279074824518
16608,2020-08-23 00:00:00,0.0,0.3266515762631146
16609,2020-08-23 01:00:00,0.0,0.7762289483271164
16610,2020-08-23 02:00:00,0.0,0.3080555487585602
16611,2020-08-23 03:00:00,0.0,0.06683017101710353
16612,2020-08-23 04:00:00,0.0,0.8879932652848497
16613,2020-08-23 05:00:00,0.0,0.4831549068120635
16614,2020-08-23 06:00:00,0.0,0.1524408880234125
16615,2020-08-23 07:00:00,0.0,0.4999077840636371
16616,2020-08-23 08:00:00,0.0,0.6180738828948296
16617,2020-08-23 09:00:00,0.0,0.35433786629995334
16618,2020-08-23 10:00:00,0.0,0.731357207214518
16619,2020-08-23 11:00:00,0.0,0.8279038139885292
16620,2020-08-23 12:00:00,0.0,0.6476769227946524
16621,2020-08-23 13:00:00,0.0,0.8392718533901671
16622,2020-08-23 14:00:00,0.0,0.4250904031362177
16623,2020-08-23 15:00:00,0.0,0.8879927511358614
16624,2020-08-23 16:00:00,0.0,0.17810193850320877
16625,2020-08-23 17:00:00,0.0,0.5889140917506429
16626,2020-08-23 18:00:00,0.0,0.5153538919170254
16627,2020-08-23 19:00:00,0.0,0.05596034221854007
16628,2020-08-23 20:00:00,0.0,0.4725438240965312
16629,2020-08-23 21:00:00,0.0,0.9424727268665292
16630,2020-08-23 22:00:00,0.0,0.5151777648666396
16631,2020-08-23 23:00:00,0.0,0.8408125007943047
16632,2020-08-24 00:00:00,0.0,0.21897488016931943
16633,2020-08-24 01:00:00,0.0,0.2623948932441823
16634,2020-08-24 02:00:00,0.0,0.7307515225535034
16635,2020-08-24 03:00:00,0.0,0.35863444274822653
16636,2020-08-24 04:00:00,0.0,0.044265703376430765
16637,2020-08-24 05:00:00,0.0,0.9499834682348615
16638,2020-08-24 06:00:00,0.0,0.9957677481298539
16639,2020-08-24 07:00:00,0.0,0.5323870555697376
16640,2020-08-24 08:00:00,0.0,0.47629361271474036
16641,2020-08-24 09:00:00,0.0,0.5985107489358482
16642,2020-08-24 10:00:00,0.0,0.6708748238581747
16643,2020-08-24 11:00:00,0.0,0.6695064012303016
16644,2020-08-24 12:00:00,0.0,0.2765441245167881
16645,2020-08-24 13:00:00,0.0,0.16418871877209928
16646,2020-08-24 14:00:00,0.0,0.0855435753975542
16647,2020-08-24 15:00:00,0.0,0.3800403152382701
16648,2020-08-24 16:00:00,0.0,0.7988217689754705
16649,2020-08-24 17:00:00,0.0,0.6232172935311401
16650,2020-08-24 18:00:00,0.0,0.35322233584306917
16651,2020-08-24 19:00:00,0.0,0.5564671985840081
16652,2020-08-24 20:00:00,0.0,0.40755175736986926
16653,2020-08-24 21:00:00,0.0,0.4874826861514845
16654,2020-08-24 22:00:00,0.0,0.8858531531685555
16655,2020-08-24 23:00:00,0.0,0.6026403182340659
16656,2020-08-25 00:00:00,0.0,0.27788576636735185
16657,2020-08-25 01:00:00,0.0,0.7049252271077692
16658,2020-08-25 02:00:00,0.0,0.14864726833468267
16659,2020-08-25 03:00:00,0.0,0.24639630592520922
16660,2020-08-25 04:00:00,0.0,0.960453021456044
16661,2020-08-25 05:00:00,0.0,0.4225569839581199
16662,2020-08-25 06:00:00,0.001122589,0.10712719801163806
16663,2020-08-25 07:00:00,0.001162436,0.008538588467288721
16664,2020-08-25 08:00:00,0.000890959,0.14632817275029164
16665,2020-08-25 09:00:00,0.001229482,0.43032918475383186
16666,2020-08-25 10:00:00,0.001289009,0.9680414461022465
16667,2020-08-25 11:00:00,0.000856301,0.17572349611775762
16668,2020-08-25 12:00:00,0.000800999,0.4951799888801962
16669,2020-08-25 13:00:00,0.001942059,0.6499036780489248
16670,2020-08-25 14:00:00,0.002498284,0.2860410489080678
16671,2020-08-25 15:00:00,0.002314163,0.6022173269328612
16672,2020-08-25 16:00:00,0.003489473,0.05449973226714189
16673,2020-08-25 17:00:00,0.003130979,0.9398106608456676
16674,2020-08-25 18:00:00,0.001960152,0.8390408371928916
16675,2020-08-25 19:00:00,0.00112758,0.652063418771738
16676,2020-08-25 20:00:00,0.00055128,0.8601628493145689
16677,2020-08-25 21:00:00,0.000302999,0.7664097492380895
16678,2020-08-25 22:00:00,0.000163711,0.2684665055057557
16679,2020-08-25 23:00:00,6.912e-05,0.8520217613232292
16680,2020-08-26 00:00:00,2.7854e-05,0.058527318429163144
16681,2020-08-26 01:00:00,1.0537e-05,0.03905333891930207
16682,2020-08-26 02:00:00,7.535e-06,0.5673784931959149
16683,2020-08-26 03:00:00,4.985e-06,0.7951293225246302
16684,2020-08-26 04:00:00,3.29e-06,0.7570629910327697
16685,2020-08-26 05:00:00,2.022e-06,0.7227549490549062
16686,2020-08-26 06:00:00,1.499e-06,0.5921925595680303
16687,2020-08-26 07:00:00,1.32e-06,0.6557362776148752
16688,2020-08-26 08:00:00,0.0,0.10202136307089738
16689,2020-08-26 09:00:00,0.0,0.9035913165084482
16690,2020-08-26 10:00:00,0.0,0.3911846489412879
16691,2020-08-26 11:00:00,0.000435645,0.38528880818584244
16692,2020-08-26 12:00:00,0.000990991,0.16096627079801817
16693,2020-08-26 13:00:00,0.001007226,0.18057379536285256
16694,2020-08-26 14:00:00,0.0013934,0.12265134360009011
16695,2020-08-26 15:00:00,0.00155909,0.8058202980138142
16696,2020-08-26 16:00:00,0.002414261,0.11765576827493962
16697,2020-08-26 17:00:00,0.001850509,0.9068679376310829
16698,2020-08-26 18:00:00,0.001108369,0.9443708410234525
16699,2020-08-26 19:00:00,0.000653281,0.26210221584188964
16700,2020-08-26 20:00:00,0.000360521,0.1334354329556292
16701,2020-08-26 21:00:00,0.000184229,0.8903034192920616
16702,2020-08-26 22:00:00,7.292e-05,0.8829611151604286
16703,2020-08-26 23:00:00,3.5621e-05,0.11603589718400531
16704,2020-08-27 00:00:00,1.7049e-05,0.4383947232277742
16705,2020-08-27 01:00:00,5.372e-06,0.2371244314942379
16706,2020-08-27 02:00:00,3.829e-06,0.5712031180259517
16707,2020-08-27 03:00:00,3.543e-06,0.665015493444281
16708,2020-08-27 04:00:00,1.307e-06,0.9059809188729614
16709,2020-08-27 05:00:00,0.0,0.4996863243084124
16710,2020-08-27 06:00:00,0.0,0.20665578730145806
16711,2020-08-27 07:00:00,0.000103152,0.5711210361899229
16712,2020-08-27 08:00:00,0.000153634,0.8328970421311779
16713,2020-08-27 09:00:00,0.000603046,0.40128359144272097
16714,2020-08-27 10:00:00,0.001051843,0.7270631717745378
16715,2020-08-27 11:00:00,0.00146013,0.9017927489824878
16716,2020-08-27 12:00:00,0.002065357,0.06881327956747918
16717,2020-08-27 13:00:00,0.003384872,0.8605071366861058
16718,2020-08-27 14:00:00,0.003913136,0.9027202736067443
16719,2020-08-27 15:00:00,0.003705994,0.24699356629823865
16720,2020-08-27 16:00:00,0.0059694,0.8042419120730159
16721,2020-08-27 17:00:00,0.004926516,0.4891838314213729
16722,2020-08-27 18:00:00,0.00316614,0.6283128080966707
16723,2020-08-27 19:00:00,0.001816704,0.20043176930205686
16724,2020-08-27 20:00:00,0.001036577,0.17204453638938133
16725,2020-08-27 21:00:00,0.000473358,0.8847612742138634
16726,2020-08-27 22:00:00,0.000253657,0.6358844333610759
16727,2020-08-27 23:00:00,0.000100117,0.17945728817178874
16728,2020-08-28 00:00:00,4.7973e-05,0.5421205265715878
16729,2020-08-28 01:00:00,1.1207e-05,0.7474002069838654
16730,2020-08-28 02:00:00,8.117e-06,0.38802156067744753
16731,2020-08-28 03:00:00,6.709e-06,0.029401385976810412
16732,2020-08-28 04:00:00,3.61e-06,0.2660660165191977
16733,2020-08-28 05:00:00,0.000332266,0.27524902079560853
16734,2020-08-28 06:00:00,0.000706644,0.3897297278882761
16735,2020-08-28 07:00:00,0.000837894,0.09212740855481327
16736,2020-08-28 08:00:00,0.001336611,0.1435571097682955
16737,2020-08-28 09:00:00,0.001336498,0.028578220863085924
16738,2020-08-28 10:00:00,0.001807865,0.8543061376790733
16739,2020-08-28 11:00:00,0.001596723,0.01126988101769133
16740,2020-08-28 12:00:00,0.001760797,0.4039187956565491
16741,2020-08-28 13:00:00,0.001821486,0.7128486734953599
16742,2020-08-28 14:00:00,0.000853997,0.8142469869639959
16743,2020-08-28 15:00:00,0.000896809,0.5884418421245593
16744,2020-08-28 16:00:00,0.00125643,0.9516051098562448
16745,2020-08-28 17:00:00,0.000895553,0.5439091195490764
16746,2020-08-28 18:00:00,0.00063591,0.29562835275129984
16747,2020-08-28 19:00:00,0.000438937,0.7942690372161373
16748,2020-08-28 20:00:00,0.000252999,0.6387497303736489
16749,2020-08-28 21:00:00,0.000166516,0.9153182267037285
16750,2020-08-28 22:00:00,9.2812e-05,0.8906937054118004
16751,2020-08-28 23:00:00,5.0751e-05,0.8473524653915671
16752,2020-08-29 00:00:00,2.4508e-05,0.31951258257478665
16753,2020-08-29 01:00:00,6.892e-06,0.7843867298885104
16754,2020-08-29 02:00:00,5.991e-06,0.2994951242145528
16755,2020-08-29 03:00:00,4.67e-06,0.9697636803807942
16756,2020-08-29 04:00:00,2.238e-06,0.09554072014198756
16757,2020-08-29 05:00:00,1.358e-06,0.40727985245601184
16758,2020-08-29 06:00:00,1.39e-06,0.07049270438913535
16759,2020-08-29 07:00:00,1.503e-06,0.4437214670184646
16760,2020-08-29 08:00:00,0.0,0.6360856010261483
16761,2020-08-29 09:00:00,0.000111921,0.4511300825980723
16762,2020-08-29 10:00:00,0.000139946,0.04908568127955881
16763,2020-08-29 11:00:00,0.000140968,0.6775221518857213
16764,2020-08-29 12:00:00,0.000167364,0.6456083721114322
16765,2020-08-29 13:00:00,0.000134902,0.2452424993482264
16766,2020-08-29 14:00:00,6.4509e-05,0.10771796644178488
16767,2020-08-29 15:00:00,6.282e-05,0.11448342770899855
16768,2020-08-29 16:00:00,8.4344e-05,0.8285909339927854
16769,2020-08-29 17:00:00,8.3593e-05,0.11508807066314641
16770,2020-08-29 18:00:00,5.0942e-05,0.8185764108660782
16771,2020-08-29 19:00:00,3.7222e-05,0.29274649794877794
16772,2020-08-29 20:00:00,2.3854e-05,0.11084768601699646
16773,2020-08-29 21:00:00,1.0576e-05,0.3955577156832144
16774,2020-08-29 22:00:00,9.883e-06,0.9538788657780103
16775,2020-08-29 23:00:00,3.154e-06,0.6332409483073449
16776,2020-08-30 00:00:00,1.699e-06,0.7324332270484948
16777,2020-08-30 01:00:00,0.0,0.8433294126036526
16778,2020-08-30 02:00:00,0.0,0.7064745100807448
16779,2020-08-30 03:00:00,0.0,0.3751637107822817
16780,2020-08-30 04:00:00,0.000322902,0.5105749934908368
16781,2020-08-30 05:00:00,0.000622713,0.37915290721039974
16782,2020-08-30 06:00:00,0.001320924,0.28816091910307184
16783,2020-08-30 07:00:00,0.001338841,0.06976636015854787
16784,2020-08-30 08:00:00,0.001478888,0.7695234437358247
16785,2020-08-30 09:00:00,0.001781743,0.42941080471892723
16786,2020-08-30 10:00:00,0.002681242,0.7683554160676335
16787,2020-08-30 11:00:00,0.003222978,0.3545657266887984
16788,2020-08-30 12:00:00,0.004770536,0.07366870528999381
16789,2020-08-30 13:00:00,0.007197146,0.4865710082951723
16790,2020-08-30 14:00:00,0.008407574,0.332080004172997
16791,2020-08-30 15:00:00,0.011362143,0.5819238351883671
16792,2020-08-30 16:00:00,0.015872624,0.6669249299463766
16793,2020-08-30 17:00:00,0.012903529,0.7006314470941902
16794,2020-08-30 18:00:00,0.00982372,0.87679055254303
16795,2020-08-30 19:00:00,0.006896208,0.5099292978112722
16796,2020-08-30 20:00:00,0.003414542,0.6328390022344318
16797,2020-08-30 21:00:00,0.002028038,0.6876431432949567
16798,2020-08-30 22:00:00,0.001243044,0.2639088350714808
16799,2020-08-30 23:00:00,0.000693199,0.3989997867136227
16800,2020-08-31 00:00:00,0.000385682,0.6811100886074469
16801,2020-08-31 01:00:00,0.000132953,0.3362045684962691
16802,2020-08-31 02:00:00,5.5709e-05,0.8429900681966124
16803,2020-08-31 03:00:00,2.2232e-05,0.4738319765384642
16804,2020-08-31 04:00:00,0.000808323,0.8237793919606178
16805,2020-08-31 05:00:00,0.001327406,0.6131445166539266
16806,2020-08-31 06:00:00,0.001032412,0.24986588279015742
16807,2020-08-31 07:00:00,0.00159302,0.6337660500419445
16808,2020-08-31 08:00:00,0.001626633,0.4768431992051104
16809,2020-08-31 09:00:00,0.002539407,0.9132887291620987
16810,2020-08-31 10:00:00,0.000620437,0.8045801266369599
16811,2020-08-31 11:00:00,0.005106676,0.17151286109043729
16812,2020-08-31 12:00:00,0.012628314,0.8517160109147083
16813,2020-08-31 13:00:00,0.017397363,0.29756435965309425
16814,2020-08-31 14:00:00,0.025319779,0.9792512960474892
16815,2020-08-31 15:00:00,0.009540955,0.8004322945354934
16816,2020-08-31 16:00:00,0.032888979,0.2758517988846745
16817,2020-08-31 17:00:00,0.03697456,0.002931077025006057
16818,2020-08-31 18:00:00,0.027723996,0.18234248727244484
16819,2020-08-31 19:00:00,0.019057021,0.2201067784957932
16820,2020-08-31 20:00:00,0.010977589,0.7009929600207719
16821,2020-08-31 21:00:00,0.004598197,0.8704411622651459
16822,2020-08-31 22:00:00,0.002524705,0.4790114711605289
16823,2020-08-31 23:00:00,0.001195268,0.42674291620008453
16824,2020-09-01 00:00:00,0.000422832,0.9102601476740717
16825,2020-09-01 01:00:00,0.000154058,0.48976547955127614
16826,2020-09-01 02:00:00,8.2219e-05,0.3422479703749841
16827,2020-09-01 03:00:00,3.9735e-05,0.20525818989782674
16828,2020-09-01 04:00:00,3.5206e-05,0.5043788960209357
16829,2020-09-01 05:00:00,2.4933e-05,0.38820507755880496
16830,2020-09-01 06:00:00,0.000186881,0.13751782871765494
16831,2020-09-01 07:00:00,0.000216409,0.1068095324692202
16832,2020-09-01 08:00:00,0.222091511,0.10937626131569134
16833,2020-09-01 09:00:00,0.026701698,0.6280506941129774
16834,2020-09-01 10:00:00,0.021829061,0.4345179005821782
16835,2020-09-01 11:00:00,0.017162556,0.9835689373812984
16836,2020-09-01 12:00:00,0.235147804,0.011119222279469487
16837,2020-09-01 13:00:00,0.041328218,0.39149153391355807
16838,2020-09-01 14:00:00,0.020293992,0.8567262356778591
16839,2020-09-01 15:00:00,0.016000485,0.049506041672278345
16840,2020-09-01 16:00:00,0.031871099,0.5455103708326553
16841,2020-09-01 17:00:00,0.037755676,0.5030517054957307
16842,2020-09-01 18:00:00,0.032021157,0.49613585275008487
16843,2020-09-01 19:00:00,0.023870319,0.07926417503383842
16844,2020-09-01 20:00:00,0.017688077,0.008678488124394979
16845,2020-09-01 21:00:00,0.011496515,0.3060570230413916
16846,2020-09-01 22:00:00,0.007964688,0.6808944894146961
16847,2020-09-01 23:00:00,0.003971793,0.23893799333147592
16848,2020-09-02 00:00:00,0.002016446,0.6390308847741951
16849,2020-09-02 01:00:00,0.000798272,0.9532608091801766
16850,2020-09-02 02:00:00,0.001546466,0.29248392607916995
16851,2020-09-02 03:00:00,0.001523404,0.4164694129915165
16852,2020-09-02 04:00:00,0.002904685,0.7770974118530589
16853,2020-09-02 05:00:00,0.00410094,0.07157921144067203
16854,2020-09-02 06:00:00,0.003467577,0.9383982256016499
16855,2020-09-02 07:00:00,0.002349806,0.32639796757024775
16856,2020-09-02 08:00:00,0.002122471,0.7368313613963544
16857,2020-09-02 09:00:00,0.002870709,0.3056763058723281
16858,2020-09-02 10:00:00,0.003208731,0.6162990641509077
16859,2020-09-02 11:00:00,0.002822484,0.34147792040742764
16860,2020-09-02 12:00:00,0.003914651,0.6004209271234195
16861,2020-09-02 13:00:00,0.003785908,0.9286433999579826
16862,2020-09-02 14:00:00,0.000627551,0.13815562550189198
16863,2020-09-02 15:00:00,0.002257283,0.04731880237554864
16864,2020-09-02 16:00:00,0.010776082,0.7736465502669169
16865,2020-09-02 17:00:00,0.012581494,0.7414293640217497
16866,2020-09-02 18:00:00,0.010251214,0.7147564494550231
16867,2020-09-02 19:00:00,0.006685595,0.4716075054970186
16868,2020-09-02 20:00:00,0.003864499,0.04220595379383929
16869,2020-09-02 21:00:00,0.001941625,0.9751539845780868
16870,2020-09-02 22:00:00,0.000835984,0.27579848319256495
16871,2020-09-02 23:00:00,0.000319572,0.19153617740978368
16872,2020-09-03 00:00:00,0.000127111,0.480054220307344
16873,2020-09-03 01:00:00,3.1406e-05,0.621952619577834
16874,2020-09-03 02:00:00,1.7666e-05,0.0939804158901495
16875,2020-09-03 03:00:00,0.00014158,0.30412795948630145
16876,2020-09-03 04:00:00,0.000628659,0.9842594301567184
16877,2020-09-03 05:00:00,0.000687104,0.13028847249121778
16878,2020-09-03 06:00:00,0.001542215,0.8781702985184184
16879,2020-09-03 07:00:00,0.002133678,0.034042333382259815
16880,2020-09-03 08:00:00,0.002139877,0.6183415349344352
16881,2020-09-03 09:00:00,0.001863785,0.37050307516926384
16882,2020-09-03 10:00:00,0.001215762,0.5351501703384827
16883,2020-09-03 11:00:00,0.000847835,0.436164756695663
16884,2020-09-03 12:00:00,0.000660166,0.04674789835838977
16885,2020-09-03 13:00:00,0.000501936,0.7698406469396817
16886,2020-09-03 14:00:00,0.000321999,0.9901423237159461
16887,2020-09-03 15:00:00,0.000210176,0.3617436259478375
16888,2020-09-03 16:00:00,0.000320228,0.8645718827397937
16889,2020-09-03 17:00:00,0.000242592,0.4925384348607357
16890,2020-09-03 18:00:00,0.000197001,0.5372128932740369
16891,2020-09-03 19:00:00,0.000109337,0.33785352241181343
16892,2020-09-03 20:00:00,5.5271e-05,0.99293841785667
16893,2020-09-03 21:00:00,2.5364e-05,0.562886515340715
16894,2020-09-03 22:00:00,1.0245e-05,0.7057859614692407
16895,2020-09-03 23:00:00,3.762e-06,0.7789860422783222
16896,2020-09-04 00:00:00,1.391e-06,0.6974319164606159
16897,2020-09-04 01:00:00,0.0,0.5252093625264435
16898,2020-09-04 02:00:00,0.0,0.9991482397142267
16899,2020-09-04 03:00:00,0.0,0.670801397323621
16900,2020-09-04 04:00:00,0.000692174,0.8938767801720804
16901,2020-09-04 05:00:00,0.000742146,0.8620880818141725
16902,2020-09-04 06:00:00,0.000720381,0.42006229368299985
16903,2020-09-04 07:00:00,0.000660094,0.4434433996051148
16904,2020-09-04 08:00:00,0.000383955,0.3693858140528675
16905,2020-09-04 09:00:00,0.000316508,0.28121015618535417
16906,2020-09-04 10:00:00,0.00070568,0.1122789672195389
16907,2020-09-04 11:00:00,0.002486491,0.968046145148271
16908,2020-09-04 12:00:00,0.003715124,0.3936221583935219
16909,2020-09-04 13:00:00,0.003602479,0.5133901136132998
16910,2020-09-04 14:00:00,0.000727511,0.4224820353955788
16911,2020-09-04 15:00:00,0.000447823,0.9746116288295684
16912,2020-09-04 16:00:00,0.011213856,0.4153375557069996
16913,2020-09-04 17:00:00,0.014153546,0.7480332537109728
16914,2020-09-04 18:00:00,0.009729083,0.11176544402211208
16915,2020-09-04 19:00:00,0.006150058,0.6816900705666333
16916,2020-09-04 20:00:00,0.003196948,0.2367771821330784
16917,2020-09-04 21:00:00,0.001482908,0.5610740398576246
16918,2020-09-04 22:00:00,0.000633737,0.5068369035336869
16919,2020-09-04 23:00:00,0.000212678,0.405243616064067
16920,2020-09-05 00:00:00,6.943e-05,0.30343785471091256
16921,2020-09-05 01:00:00,1.5106e-05,0.23801220197336403
16922,2020-09-05 02:00:00,1.731e-05,0.8283580374082283
16923,2020-09-05 03:00:00,1.007e-05,0.2820658748156397
16924,2020-09-05 04:00:00,1.3933e-05,0.1257645987088326
16925,2020-09-05 05:00:00,2.2136e-05,0.6157605046631438
16926,2020-09-05 06:00:00,2.4386e-05,0.55920598914674
16927,2020-09-05 07:00:00,3.9834e-05,0.8007089526013311
16928,2020-09-05 08:00:00,5.7802e-05,0.6172427053972076
16929,2020-09-05 09:00:00,5.0604e-05,0.3077947924774982
16930,2020-09-05 10:00:00,6.7646e-05,0.9413382201640033
16931,2020-09-05 11:00:00,4.5042e-05,0.9960662651331027
16932,2020-09-05 12:00:00,9.1638e-05,0.2577921700978504
16933,2020-09-05 13:00:00,9.221e-05,0.07612320815008711
16934,2020-09-05 14:00:00,7.2666e-05,0.4335885293583548
16935,2020-09-05 15:00:00,5.5974e-05,0.21918089250152184
16936,2020-09-05 16:00:00,0.000144806,0.4951797811460267
16937,2020-09-05 17:00:00,0.000163466,0.2662916643221658
16938,2020-09-05 18:00:00,0.000106259,0.914760195353965
16939,2020-09-05 19:00:00,6.7142e-05,0.7919483839545693
16940,2020-09-05 20:00:00,2.8968e-05,0.6254603031040956
16941,2020-09-05 21:00:00,1.054e-05,0.9829158398819771
16942,2020-09-05 22:00:00,4.044e-06,0.7845519369353309
16943,2020-09-05 23:00:00,0.0,0.2604696912151303
16944,2020-09-06 00:00:00,0.0,0.015615473022480564
16945,2020-09-06 01:00:00,0.0,0.9022504309195469
16946,2020-09-06 02:00:00,0.0,0.6329661173987253
16947,2020-09-06 03:00:00,0.0,0.6103112170257531
16948,2020-09-06 04:00:00,0.0,0.9517298309975323
16949,2020-09-06 05:00:00,0.0,0.43795196570221184
16950,2020-09-06 06:00:00,0.0,0.31848068671407115
16951,2020-09-06 07:00:00,0.0,0.6933177131311823
16952,2020-09-06 08:00:00,0.0,0.015884637795651635
16953,2020-09-06 09:00:00,0.0,0.07197625807671082
16954,2020-09-06 10:00:00,0.0,0.1240297142070268
16955,2020-09-06 11:00:00,0.0,0.3881196913286383
16956,2020-09-06 12:00:00,0.0,0.5465505174958912
16957,2020-09-06 13:00:00,0.0,0.2765409341526499
16958,2020-09-06 14:00:00,0.0,0.8400947676242436
16959,2020-09-06 15:00:00,0.0,0.030214265797649076
16960,2020-09-06 16:00:00,0.0,0.8789498260976656
16961,2020-09-06 17:00:00,0.0,0.7269506916606719
16962,2020-09-06 18:00:00,0.0,0.07859953785828577
16963,2020-09-06 19:00:00,0.0,0.19518287497111775
16964,2020-09-06 20:00:00,0.0,0.2877239277517861
16965,2020-09-06 21:00:00,0.0,0.1905073401674161
16966,2020-09-06 22:00:00,0.0,0.43346417901209366
16967,2020-09-06 23:00:00,0.0,0.10949061517909475
16968,2020-09-07 00:00:00,0.0,0.7053316884549153
16969,2020-09-07 01:00:00,0.0,0.3947598878274976
16970,2020-09-07 02:00:00,0.0,0.7743447257608426
16971,2020-09-07 03:00:00,0.0,0.008884585397829547
16972,2020-09-07 04:00:00,0.0,0.14941982137342125
16973,2020-09-07 05:00:00,0.0,0.09963761778200153
16974,2020-09-07 06:00:00,0.0,0.03941736526153605
16975,2020-09-07 07:00:00,0.0,0.09093883102061062
16976,2020-09-07 08:00:00,0.0,0.4096374978271271
16977,2020-09-07 09:00:00,0.0,0.5860996139716905
16978,2020-09-07 10:00:00,0.0,0.06126582957113491
16979,2020-09-07 11:00:00,0.0,0.25418747132147523
16980,2020-09-07 12:00:00,0.0,0.9407099433848379
16981,2020-09-07 13:00:00,0.0,0.46736160898527024
16982,2020-09-07 14:00:00,0.0,0.2517053649999962
16983,2020-09-07 15:00:00,0.0,0.848885984842654
16984,2020-09-07 16:00:00,0.0,0.13144397792555107
16985,2020-09-07 17:00:00,0.0,0.20189498962707042
16986,2020-09-07 18:00:00,0.0,0.9445510280531596
16987,2020-09-07 19:00:00,0.0,0.039813631588317744
16988,2020-09-07 20:00:00,0.0,0.7131238625705705
16989,2020-09-07 21:00:00,0.0,0.3263085849496379
16990,2020-09-07 22:00:00,0.0,0.016848556338556087
16991,2020-09-07 23:00:00,0.0,0.49512630617836473
16992,2020-09-08 00:00:00,0.0,0.76799140483667
16993,2020-09-08 01:00:00,0.0,0.9765013759264246
16994,2020-09-08 02:00:00,0.0,0.7875403027588421
16995,2020-09-08 03:00:00,0.0,0.36711707485612777
16996,2020-09-08 04:00:00,0.0,0.6848472194543643
16997,2020-09-08 05:00:00,0.0,0.09909105754786418
16998,2020-09-08 06:00:00,0.0,0.9284990895554643
16999,2020-09-08 07:00:00,0.0,0.5691484646032573
17000,2020-09-08 08:00:00,0.0,0.3535102571851967
17001,2020-09-08 09:00:00,0.0,0.6201877934487627
17002,2020-09-08 10:00:00,0.0,0.37001026614204613
17003,2020-09-08 11:00:00,0.0,0.41435522709548556
17004,2020-09-08 12:00:00,0.0,0.1250276529747839
17005,2020-09-08 13:00:00,0.0,0.3056550498721877
17006,2020-09-08 14:00:00,0.0,0.5128561125482572
17007,2020-09-08 15:00:00,0.0,0.36095261592496897
17008,2020-09-08 16:00:00,0.0,0.17870783037235083
17009,2020-09-08 17:00:00,0.0,0.07922878317327042
17010,2020-09-08 18:00:00,0.0,0.514823839959368
17011,2020-09-08 19:00:00,0.0,0.79628426799423
17012,2020-09-08 20:00:00,0.387294739,0.33409106620524476
17013,2020-09-08 21:00:00,0.465203643,0.8428894734568362
17014,2020-09-08 22:00:00,0.542013109,0.4744663028546142
17015,2020-09-08 23:00:00,0.509236455,0.11065002713447802
17016,2020-09-09 00:00:00,0.954105854,0.20567849476963762
17017,2020-09-09 01:00:00,1.007275224,0.9906129043719208
17018,2020-09-09 02:00:00,1.074028492,0.7537864165764756
17019,2020-09-09 03:00:00,1.165115118,0.1982939237060921
17020,2020-09-09 04:00:00,1.295697927,0.6512240885589856
17021,2020-09-09 05:00:00,1.426754713,0.5648901924580974
17022,2020-09-09 06:00:00,1.534640908,0.8881221195731508
17023,2020-09-09 07:00:00,1.614721298,0.7371422527698211
17024,2020-09-09 08:00:00,1.670308232,0.829892404873521
17025,2020-09-09 09:00:00,1.70374763,0.9264647977525169
17026,2020-09-09 10:00:00,1.740074515,0.31016930981125745
17027,2020-09-09 11:00:00,1.78975594,0.6652965508883212
17028,2020-09-09 12:00:00,1.82321167,0.6426022597212963
17029,2020-09-09 13:00:00,1.952509165,0.44033285649812803
17030,2020-09-09 14:00:00,2.090061188,0.898086913058411
17031,2020-09-09 15:00:00,2.243347883,0.7098399049948604
17032,2020-09-09 16:00:00,2.372070312,0.07294480013866145
17033,2020-09-09 17:00:00,2.517103434,0.45534974863356437
17034,2020-09-09 18:00:00,2.695239305,0.7744630785578762
17035,2020-09-09 19:00:00,2.961110592,0.7079022073751923
17036,2020-09-09 20:00:00,3.199311018,0.7441891550712183
17037,2020-09-09 21:00:00,3.393164158,0.4078174840580798
17038,2020-09-09 22:00:00,3.653875351,0.4284714021886338
17039,2020-09-09 23:00:00,3.865362883,0.10943252222813638
17040,2020-09-10 00:00:00,4.060186386,0.028571267762911745
17041,2020-09-10 01:00:00,4.222476482,0.23821643322136477
17042,2020-09-10 02:00:00,4.379711628,0.9717569515637501
17043,2020-09-10 03:00:00,4.540964127,0.06321545534740314
17044,2020-09-10 04:00:00,4.736362457,0.06153880036518056
17045,2020-09-10 05:00:00,4.949067116,0.6612492748612653
17046,2020-09-10 06:00:00,5.151571751,0.7408491409854419
17047,2020-09-10 07:00:00,5.503034592,0.2715042742105366
17048,2020-09-10 08:00:00,5.878605843,0.1079933562250388
17049,2020-09-10 09:00:00,6.274132252,0.12056345462680151
17050,2020-09-10 10:00:00,6.688671112,0.06914587973082176
17051,2020-09-10 11:00:00,7.08254528,0.7978223849059672
17052,2020-09-10 12:00:00,7.505374908,0.3694770964426597
17053,2020-09-10 13:00:00,7.939977646,0.2579832766818424
17054,2020-09-10 14:00:00,8.382909775,0.10364454402227397
17055,2020-09-10 15:00:00,8.84119606,0.6668013542361688
17056,2020-09-10 16:00:00,9.34002018,0.7623722347738116
17057,2020-09-10 17:00:00,9.89371109,0.2383134106385888
17058,2020-09-10 18:00:00,10.512579918,0.616869276939483
17059,2020-09-10 19:00:00,10.950962067,0.20790757165167972
17060,2020-09-10 20:00:00,11.358540535,0.8155398126144725
17061,2020-09-10 21:00:00,11.698019028,0.8728785517000033
17062,2020-09-10 22:00:00,11.99311924,0.11949699249637202
17063,2020-09-10 23:00:00,12.287021637,0.25511821036292026
17064,2020-09-11 00:00:00,12.568324089,0.5527692267869473
17065,2020-09-11 01:00:00,12.725745201,0.8293459526660648
17066,2020-09-11 02:00:00,12.879968643,0.5660797974396616
17067,2020-09-11 03:00:00,13.094486237,0.8839296754779656
17068,2020-09-11 04:00:00,13.265165329,0.5685747142922926
17069,2020-09-11 05:00:00,13.438055038,0.18750351360857298
17070,2020-09-11 06:00:00,13.67949295,0.8431285219491603
17071,2020-09-11 07:00:00,13.77583313,0.867477388931129
17072,2020-09-11 08:00:00,13.879065514,0.958379551654337
17073,2020-09-11 09:00:00,13.959235191,0.5478040820150335
17074,2020-09-11 10:00:00,14.049097061,0.567525142401707
17075,2020-09-11 11:00:00,14.140289307,0.18336309424439545
17076,2020-09-11 12:00:00,14.240948677,0.4495435359991432
17077,2020-09-11 13:00:00,14.357860565,0.5106830768776685
17078,2020-09-11 14:00:00,14.460586548,0.738236348685004
17079,2020-09-11 15:00:00,14.554415703,0.35531279967167895
17080,2020-09-11 16:00:00,14.61113739,0.10532726616369636
17081,2020-09-11 17:00:00,14.668903351,0.8344620408466676
17082,2020-09-11 18:00:00,14.705245018,0.2716012707473977
17083,2020-09-11 19:00:00,14.728225708,0.40808861492007487
17084,2020-09-11 20:00:00,14.724919319,0.8997621592341385
17085,2020-09-11 21:00:00,14.491579056,0.7840520354656935
17086,2020-09-11 22:00:00,13.998837471,0.36944984891874466
17087,2020-09-11 23:00:00,13.381411552,0.5199348145860275
17088,2020-09-12 00:00:00,12.907326698,0.13640888449813082
17089,2020-09-12 01:00:00,12.518619537,0.8534164104295265
17090,2020-09-12 02:00:00,12.204402924,0.7026466577525334
17091,2020-09-12 03:00:00,11.954122543,0.7964512962549104
17092,2020-09-12 04:00:00,11.748929024,0.41434641528285276
17093,2020-09-12 05:00:00,11.578915596,0.731573550602729
17094,2020-09-12 06:00:00,11.439037323,0.48530555520340346
17095,2020-09-12 07:00:00,11.327665329,0.9044276501886797
17096,2020-09-12 08:00:00,11.236927032,0.9457106703304978
17097,2020-09-12 09:00:00,11.142098427,0.23752440756385385
17098,2020-09-12 10:00:00,11.056755066,0.6407972689610973
17099,2020-09-12 11:00:00,11.010511398,0.10167254578205376
17100,2020-09-12 12:00:00,10.971655846,0.2370425468219045
17101,2020-09-12 13:00:00,10.941707611,0.24302057554846812
17102,2020-09-12 14:00:00,10.911808014,0.36263260603963376
17103,2020-09-12 15:00:00,10.879172325,0.27939213082486536
17104,2020-09-12 16:00:00,10.782012939,0.7991978488256997
17105,2020-09-12 17:00:00,10.53821373,0.7459373050199141
17106,2020-09-12 18:00:00,10.341470718,0.17651505711708237
17107,2020-09-12 19:00:00,9.863231659,0.2011937900455366
17108,2020-09-12 20:00:00,8.639709473,0.8637156889268076
17109,2020-09-12 21:00:00,6.639484406,0.047159961278608775
17110,2020-09-12 22:00:00,4.694731712,0.9871419352042115
17111,2020-09-12 23:00:00,3.740818262,0.7864336278259574
17112,2020-09-13 00:00:00,3.756491661,0.33056552437776454
17113,2020-09-13 01:00:00,3.769999027,0.5210716383266155
17114,2020-09-13 02:00:00,3.781456709,0.7289358010602203
17115,2020-09-13 03:00:00,3.794225693,0.02049701408674065
17116,2020-09-13 04:00:00,3.806507349,0.45889614058372263
17117,2020-09-13 05:00:00,3.819355965,0.5437215408237075
17118,2020-09-13 06:00:00,3.833140135,0.13107022942825608
17119,2020-09-13 07:00:00,3.845024586,0.3029114333527291
17120,2020-09-13 08:00:00,3.854074001,0.4185350064518383
17121,2020-09-13 09:00:00,3.85818553,0.43668943115337966
17122,2020-09-13 10:00:00,3.856599808,0.42459754410829564
17123,2020-09-13 11:00:00,3.864136219,0.7351503271191734
17124,2020-09-13 12:00:00,3.869390488,0.717103436267845
17125,2020-09-13 13:00:00,3.873262882,0.6124321991318459
17126,2020-09-13 14:00:00,3.869884253,0.0373054468410543
17127,2020-09-13 15:00:00,3.858154297,0.7482535710896202
17128,2020-09-13 16:00:00,3.817601204,0.8949501990913279
17129,2020-09-13 17:00:00,3.195340633,0.6924876190874492
17130,2020-09-13 18:00:00,1.881658554,0.516396814606276
17131,2020-09-13 19:00:00,0.201725245,0.7094969731180149
17132,2020-09-13 20:00:00,0.114069186,0.17568388445974925
17133,2020-09-13 21:00:00,6.9316e-05,0.9570899955712426
17134,2020-09-13 22:00:00,3.6276e-05,0.9264776188602456
17135,2020-09-13 23:00:00,1.6522e-05,0.7198537430718759
17136,2020-09-14 00:00:00,0.003048743,0.5090236481432728
17137,2020-09-14 01:00:00,0.003861936,0.08937793027821805
17138,2020-09-14 02:00:00,0.00361143,0.6133068884446099
17139,2020-09-14 03:00:00,0.004715833,0.5078862466586666
17140,2020-09-14 04:00:00,0.003449815,0.9512886966050783
17141,2020-09-14 05:00:00,0.000219214,0.8553874961408449
17142,2020-09-14 06:00:00,1.1041e-05,0.66781837457273
17143,2020-09-14 07:00:00,1.3352e-05,0.34398758343434144
17144,2020-09-14 08:00:00,1.1896e-05,0.03930245806848698
17145,2020-09-14 09:00:00,1.6159e-05,0.8882820348376997
17146,2020-09-14 10:00:00,2.3039e-05,0.8997530986202654
17147,2020-09-14 11:00:00,7.11e-06,0.6326053775658448
17148,2020-09-14 12:00:00,4.2e-06,0.2019930932391263
17149,2020-09-14 13:00:00,1.6109e-05,0.9786897146510971
17150,2020-09-14 14:00:00,1.9166e-05,0.998787698433556
17151,2020-09-14 15:00:00,5.3907e-05,0.6129346578206559
17152,2020-09-14 16:00:00,0.00018209,0.17451305299147157
17153,2020-09-14 17:00:00,0.000193969,0.7215408320653882
17154,2020-09-14 18:00:00,0.000153786,0.35472611483352934
17155,2020-09-14 19:00:00,0.000104671,0.4373012699543777
17156,2020-09-14 20:00:00,6.479e-05,0.8806978027243451
17157,2020-09-14 21:00:00,2.9447e-05,0.44213676480133535
17158,2020-09-14 22:00:00,1.3657e-05,0.3026611866478647
17159,2020-09-14 23:00:00,4.821e-06,0.8290994864280281
17160,2020-09-15 00:00:00,2.264e-06,0.08342980404638367
17161,2020-09-15 01:00:00,0.0,0.3615378928145382
17162,2020-09-15 02:00:00,0.0,0.7196441505173542
17163,2020-09-15 03:00:00,0.0,0.14621064120917016
17164,2020-09-15 04:00:00,0.0,0.6028396319898216
17165,2020-09-15 05:00:00,1.8e-06,0.5824997224365447
17166,2020-09-15 06:00:00,2.213e-06,0.4662788043081929
17167,2020-09-15 07:00:00,1.768e-06,0.09980410836583276
17168,2020-09-15 08:00:00,2.754e-06,0.7416807947450764
17169,2020-09-15 09:00:00,3.829e-06,0.11200946945777435
17170,2020-09-15 10:00:00,4.607e-06,0.45865724152030585
17171,2020-09-15 11:00:00,5.227e-06,0.6269844019275032
17172,2020-09-15 12:00:00,7.898e-06,0.8942306153680906
17173,2020-09-15 13:00:00,6.721e-06,0.6820933902628443
17174,2020-09-15 14:00:00,5.007e-06,0.1308384483880054
17175,2020-09-15 15:00:00,1.266e-06,0.09823734400862116
17176,2020-09-15 16:00:00,1.2162e-05,0.6836420973078168
17177,2020-09-15 17:00:00,1.325e-05,0.13058115544848325
17178,2020-09-15 18:00:00,8.696e-06,0.8993113683807817
17179,2020-09-15 19:00:00,6.772e-06,0.5668782525818359
17180,2020-09-15 20:00:00,2.937e-06,0.28911820094541096
17181,2020-09-15 21:00:00,1.756e-06,0.6276722335956104
17182,2020-09-15 22:00:00,0.0,0.04337212540416713
17183,2020-09-15 23:00:00,0.0,0.5301168910073756
17184,2020-09-16 00:00:00,0.0,0.5115117143485786
17185,2020-09-16 01:00:00,0.0,0.8524671349705955
17186,2020-09-16 02:00:00,0.0,0.8116899651604159
17187,2020-09-16 03:00:00,0.0,0.4345983392003049
17188,2020-09-16 04:00:00,0.0,0.03903983824614454
17189,2020-09-16 05:00:00,0.0,0.8174764563863643
17190,2020-09-16 06:00:00,0.0,0.17514475558483755
17191,2020-09-16 07:00:00,0.0,0.44189662295070253
17192,2020-09-16 08:00:00,0.0,0.2479858918342155
17193,2020-09-16 09:00:00,0.0,0.6888525374637631
17194,2020-09-16 10:00:00,0.0,0.1541836060989752
17195,2020-09-16 11:00:00,0.0,0.013424580679281206
17196,2020-09-16 12:00:00,0.0,0.26846720354728004
17197,2020-09-16 13:00:00,0.0,0.20470403509355117
17198,2020-09-16 14:00:00,0.0,0.7265016554447726
17199,2020-09-16 15:00:00,0.0,0.8082048884829196
17200,2020-09-16 16:00:00,0.0,0.29774351494220863
17201,2020-09-16 17:00:00,0.0,0.2542315676664516
17202,2020-09-16 18:00:00,0.0,0.26233277765217256
17203,2020-09-16 19:00:00,0.0,0.08108456964138644
17204,2020-09-16 20:00:00,0.0,0.4335480838449892
17205,2020-09-16 21:00:00,0.0,0.8853212909202205
17206,2020-09-16 22:00:00,0.0,0.7465679427378619
17207,2020-09-16 23:00:00,0.0,0.3845084671505392
17208,2020-09-17 00:00:00,0.0,0.06791179191248087
17209,2020-09-17 01:00:00,0.0,0.6254903627457307
17210,2020-09-17 02:00:00,0.0,0.6975284661436967
17211,2020-09-17 03:00:00,0.0,0.18656085933924593
17212,2020-09-17 04:00:00,0.0,0.1570111331127675
17213,2020-09-17 05:00:00,0.0,0.5227676807986921
17214,2020-09-17 06:00:00,0.0,0.968070991304793
17215,2020-09-17 07:00:00,0.0,0.19898808910072707
17216,2020-09-17 08:00:00,0.0,0.208669737904
17217,2020-09-17 09:00:00,0.0,0.45738789996168694
17218,2020-09-17 10:00:00,0.0,0.6194568137761612
17219,2020-09-17 11:00:00,0.0,0.783767404485617
17220,2020-09-17 12:00:00,0.0,0.8874610947336198
17221,2020-09-17 13:00:00,0.0,0.5333805463656025
17222,2020-09-17 14:00:00,0.0,0.6955866516192134
17223,2020-09-17 15:00:00,0.0,0.5561835408858352
17224,2020-09-17 16:00:00,0.0,0.16518140302935969
17225,2020-09-17 17:00:00,0.0,0.2856575071069838
17226,2020-09-17 18:00:00,0.0,0.5753421435548773
17227,2020-09-17 19:00:00,0.0,0.0405552022692679
17228,2020-09-17 20:00:00,0.0,0.5978765560207979
17229,2020-09-17 21:00:00,0.0,0.8806744002591747
17230,2020-09-17 22:00:00,0.0,0.7572081308801826
17231,2020-09-17 23:00:00,0.0,0.16585616323728003
17232,2020-09-18 00:00:00,0.0,0.034058282413657714
17233,2020-09-18 01:00:00,0.0,0.47601767772326986
17234,2020-09-18 02:00:00,0.0,0.8083483786794401
17235,2020-09-18 03:00:00,0.0,0.5642702954076165
17236,2020-09-18 04:00:00,0.0,0.0596177117042318
17237,2020-09-18 05:00:00,0.0,0.3310176446128803
17238,2020-09-18 06:00:00,0.0,0.9607760435961556
17239,2020-09-18 07:00:00,0.0,0.22100327736742087
17240,2020-09-18 08:00:00,0.0,0.36705456875930587
17241,2020-09-18 09:00:00,0.0,0.8763045792143686
17242,2020-09-18 10:00:00,0.0,0.8751269283303984
17243,2020-09-18 11:00:00,0.0,0.46572920253037764
17244,2020-09-18 12:00:00,0.0,0.9449724474668831
17245,2020-09-18 13:00:00,0.0,0.26185944690505325
17246,2020-09-18 14:00:00,0.0,0.21421050075189596
17247,2020-09-18 15:00:00,0.0,0.49069041156996607
17248,2020-09-18 16:00:00,0.0,0.7228809953992646
17249,2020-09-18 17:00:00,0.0,0.7954967974829781
17250,2020-09-18 18:00:00,0.0,0.52115720160823
17251,2020-09-18 19:00:00,0.0,0.00949634139881339
17252,2020-09-18 20:00:00,0.0,0.3734362075816302
17253,2020-09-18 21:00:00,0.0,0.34485192034205336
17254,2020-09-18 22:00:00,0.0,0.8428158001268419
17255,2020-09-18 23:00:00,0.0,0.44764029585719134
17256,2020-09-19 00:00:00,0.0,0.7902075281927197
17257,2020-09-19 01:00:00,0.0,0.7922121858571215
17258,2020-09-19 02:00:00,0.0,0.4428088939816883
17259,2020-09-19 03:00:00,0.0,0.29762123946992924
17260,2020-09-19 04:00:00,0.0,0.1407449827448466
17261,2020-09-19 05:00:00,0.0,0.8732645038921066
17262,2020-09-19 06:00:00,0.0,0.8847032989034923
17263,2020-09-19 07:00:00,0.0,0.1814384974300186
17264,2020-09-19 08:00:00,0.0,0.8205919597158668
17265,2020-09-19 09:00:00,0.0,0.5219074433257687
17266,2020-09-19 10:00:00,0.0,0.2468331498740346
17267,2020-09-19 11:00:00,0.0,0.66671344031055
17268,2020-09-19 12:00:00,0.0,0.6330636018785522
17269,2020-09-19 13:00:00,0.0,0.1283831015833271
17270,2020-09-19 14:00:00,0.0,0.8938992107446013
17271,2020-09-19 15:00:00,0.0,0.777135511555668
17272,2020-09-19 16:00:00,0.0,0.3019645536688119
17273,2020-09-19 17:00:00,0.0,0.6641460365369842
17274,2020-09-19 18:00:00,0.0,0.7269420477126475
17275,2020-09-19 19:00:00,0.0,0.09342799488381115
17276,2020-09-19 20:00:00,0.0,0.7630716267704425
17277,2020-09-19 21:00:00,0.0,0.005085956025363325
17278,2020-09-19 22:00:00,0.0,0.3229876120556948
17279,2020-09-19 23:00:00,0.0,0.3691126220363834
17280,2020-09-20 00:00:00,0.0,0.9613799758463181
17281,2020-09-20 01:00:00,0.0,0.5467029946399644
17282,2020-09-20 02:00:00,0.0,0.3196369996745041
17283,2020-09-20 03:00:00,0.0,0.04269371521866738
17284,2020-09-20 04:00:00,0.0,0.9819108692035364
17285,2020-09-20 05:00:00,0.0,0.08447111720266354
17286,2020-09-20 06:00:00,0.0,0.5639339077154368
17287,2020-09-20 07:00:00,0.0,0.7403805154669245
17288,2020-09-20 08:00:00,0.0,0.6086179739607634
17289,2020-09-20 09:00:00,0.0,0.5602532433376948
17290,2020-09-20 10:00:00,0.0,0.46079137803189574
17291,2020-09-20 11:00:00,0.0,0.9192740010685141
17292,2020-09-20 12:00:00,0.0,0.41396168455162297
17293,2020-09-20 13:00:00,0.0,0.18917943743477295
17294,2020-09-20 14:00:00,0.0,0.15254796362760825
17295,2020-09-20 15:00:00,0.0,0.21051041774691137
17296,2020-09-20 16:00:00,0.0,0.2502693058463117
17297,2020-09-20 17:00:00,0.0,0.5745164940426215
17298,2020-09-20 18:00:00,0.0,0.05629603929145388
17299,2020-09-20 19:00:00,0.0,0.9050471082792074
17300,2020-09-20 20:00:00,0.0,0.6746894676394926
17301,2020-09-20 21:00:00,0.0,0.5851106620741994
17302,2020-09-20 22:00:00,0.0,0.5979129368671375
17303,2020-09-20 23:00:00,0.0,0.201434285036593
17304,2020-09-21 00:00:00,0.0,0.7306927317723605
17305,2020-09-21 01:00:00,0.0,0.6770801891339381
17306,2020-09-21 02:00:00,0.0,0.6209836847536634
17307,2020-09-21 03:00:00,0.0,0.1972902962539127
17308,2020-09-21 04:00:00,0.0,0.4911063766065651
17309,2020-09-21 05:00:00,0.0,0.7455748193908297
17310,2020-09-21 06:00:00,0.0,0.5478677499994006
17311,2020-09-21 07:00:00,0.0,0.4432410179068219
17312,2020-09-21 08:00:00,0.0,0.8745665732637375
17313,2020-09-21 09:00:00,0.0,0.8435643579622147
17314,2020-09-21 10:00:00,0.0,0.6014819185930614
17315,2020-09-21 11:00:00,0.0,0.34070830776052785
17316,2020-09-21 12:00:00,0.0,0.6608801689895983
17317,2020-09-21 13:00:00,0.0,0.6233900853974039
17318,2020-09-21 14:00:00,0.0,0.27421664352963293
17319,2020-09-21 15:00:00,0.0,0.511341971610136
17320,2020-09-21 16:00:00,0.0,0.5802292282611133
17321,2020-09-21 17:00:00,0.0,0.13017164670871206
17322,2020-09-21 18:00:00,0.0,0.6750764588492989
17323,2020-09-21 19:00:00,0.0,0.32089661672505976
17324,2020-09-21 20:00:00,0.0,0.82084635253875
17325,2020-09-21 21:00:00,0.0,0.04652875672231116
17326,2020-09-21 22:00:00,0.0,0.8673513283602255
17327,2020-09-21 23:00:00,0.0,0.4974131356278323
17328,2020-09-22 00:00:00,0.0,0.42042333191566983
17329,2020-09-22 01:00:00,0.0,0.5491830374792086
17330,2020-09-22 02:00:00,0.0,0.17052330119368408
17331,2020-09-22 03:00:00,0.0,0.07712181226147341
17332,2020-09-22 04:00:00,0.0,0.5790546192194451
17333,2020-09-22 05:00:00,0.0,0.6454537333772101
17334,2020-09-22 06:00:00,0.0,0.380924947287026
17335,2020-09-22 07:00:00,0.0,0.9081703645207991
17336,2020-09-22 08:00:00,0.0,0.0018749035525709168
17337,2020-09-22 09:00:00,0.0,0.048417836470294295
17338,2020-09-22 10:00:00,0.0,0.14773828730337502
17339,2020-09-22 11:00:00,0.0,0.029774712089319033
17340,2020-09-22 12:00:00,0.0,0.0428434157452916
17341,2020-09-22 13:00:00,0.0,0.14891988684367652
17342,2020-09-22 14:00:00,0.0,0.10817332051272166
17343,2020-09-22 15:00:00,0.0,0.3778815422819073
17344,2020-09-22 16:00:00,0.0,0.0637655573604673
17345,2020-09-22 17:00:00,0.0,0.4607522597909889
17346,2020-09-22 18:00:00,0.0,0.6884915286674902
17347,2020-09-22 19:00:00,0.0,0.06598699389758378
17348,2020-09-22 20:00:00,0.0,0.05506211901144087
17349,2020-09-22 21:00:00,0.0,0.8121078988770946
17350,2020-09-22 22:00:00,0.0,0.791072701679551
17351,2020-09-22 23:00:00,0.0,0.4588001095236329
17352,2020-09-23 00:00:00,0.0,0.09702808657858764
17353,2020-09-23 01:00:00,0.0,0.18552921188713944
17354,2020-09-23 02:00:00,0.0,0.4258960979410312
17355,2020-09-23 03:00:00,0.0,0.13616905374399024
17356,2020-09-23 04:00:00,0.0,0.13335143606305278
17357,2020-09-23 05:00:00,0.0,0.8340196766996414
17358,2020-09-23 06:00:00,0.0,0.8799652114297162
17359,2020-09-23 07:00:00,0.0,0.016393611173782463
17360,2020-09-23 08:00:00,0.0,0.3676158452608136
17361,2020-09-23 09:00:00,0.0,0.5959298448980279
17362,2020-09-23 10:00:00,0.0,0.3265703006312496
17363,2020-09-23 11:00:00,0.0,0.7202315218403988
17364,2020-09-23 12:00:00,0.0,0.9245432682014673
17365,2020-09-23 13:00:00,0.0,0.7432012241122695
17366,2020-09-23 14:00:00,0.0,0.8404474070828735
17367,2020-09-23 15:00:00,0.0,0.07844662313891393
17368,2020-09-23 16:00:00,0.0,0.9315352846749161
17369,2020-09-23 17:00:00,0.0,0.7145610574131467
17370,2020-09-23 18:00:00,0.0,0.39038574027805006
17371,2020-09-23 19:00:00,0.0,0.7695552034929454
17372,2020-09-23 20:00:00,0.0,0.8481968577287083
17373,2020-09-23 21:00:00,0.0,0.5317117241431943
17374,2020-09-23 22:00:00,0.0,0.8556348743722688
17375,2020-09-23 23:00:00,0.0,0.4131385648235796
17376,2020-09-24 00:00:00,0.0,0.3658511397313182
17377,2020-09-24 01:00:00,0.0,0.09956400737515936
17378,2020-09-24 02:00:00,0.0,0.48575840839016315
17379,2020-09-24 03:00:00,0.0,0.5628626060584193
17380,2020-09-24 04:00:00,0.0,0.06768432002772085
17381,2020-09-24 05:00:00,0.0,0.28774142687642656
17382,2020-09-24 06:00:00,0.0,0.3599338373957376
17383,2020-09-24 07:00:00,0.0,0.5350312688857475
17384,2020-09-24 08:00:00,0.0,0.23460313782833497
17385,2020-09-24 09:00:00,0.0,0.7016638312061625
17386,2020-09-24 10:00:00,0.0,0.9409422947392925
17387,2020-09-24 11:00:00,0.0,0.3931396591402506
17388,2020-09-24 12:00:00,0.0,0.712132078096699
17389,2020-09-24 13:00:00,0.0,0.969681374360145
17390,2020-09-24 14:00:00,0.0,0.47843812745352765
17391,2020-09-24 15:00:00,0.0,0.4019534671195991
17392,2020-09-24 16:00:00,0.0,0.09387656852363246
17393,2020-09-24 17:00:00,0.0,0.029591704431963017
17394,2020-09-24 18:00:00,0.0,0.45190927696745775
17395,2020-09-24 19:00:00,0.0,0.8170737277872089
17396,2020-09-24 20:00:00,0.0,0.5545929418970024
17397,2020-09-24 21:00:00,0.0,0.9902446433410996
17398,2020-09-24 22:00:00,0.0,0.24038622134361887
17399,2020-09-24 23:00:00,0.0,0.8457290205017717
17400,2020-09-25 00:00:00,0.0,0.5146890389373051
17401,2020-09-25 01:00:00,0.0,0.2749301632085386
17402,2020-09-25 02:00:00,0.0,0.4754813066742257
17403,2020-09-25 03:00:00,0.0,0.39046282512453045
17404,2020-09-25 04:00:00,0.0,0.1414394287725057
17405,2020-09-25 05:00:00,0.0,0.7514559975414189
17406,2020-09-25 06:00:00,0.0,0.23353249603585202
17407,2020-09-25 07:00:00,0.0,0.0018499361580731621
17408,2020-09-25 08:00:00,0.0,0.11733463264241828
17409,2020-09-25 09:00:00,0.0,0.772147575955349
17410,2020-09-25 10:00:00,0.0,0.7861675063813951
17411,2020-09-25 11:00:00,0.0,0.8891160721123457
17412,2020-09-25 12:00:00,0.0,0.8998783390780899
17413,2020-09-25 13:00:00,0.0,0.3259738023460952
17414,2020-09-25 14:00:00,0.0,0.413249579999426
17415,2020-09-25 15:00:00,0.0,0.2924835028222217
17416,2020-09-25 16:00:00,0.0,0.268896559993682
17417,2020-09-25 17:00:00,0.0,0.37730883176945107
17418,2020-09-25 18:00:00,0.0,0.13186314873872385
17419,2020-09-25 19:00:00,0.0,0.7194372780681406
17420,2020-09-25 20:00:00,0.0,0.22701683447228438
17421,2020-09-25 21:00:00,0.0,0.02627026048666936
17422,2020-09-25 22:00:00,0.0,0.9347168681830624
17423,2020-09-25 23:00:00,0.0,0.052182322381226776
17424,2020-09-26 00:00:00,0.0,0.6397611316103519
17425,2020-09-26 01:00:00,0.0,0.4065465594665053
17426,2020-09-26 02:00:00,0.0,0.46631992941618405
17427,2020-09-26 03:00:00,0.0,0.518292984878637
17428,2020-09-26 04:00:00,0.0,0.4543737890405113
17429,2020-09-26 05:00:00,0.0,0.45051800777993445
17430,2020-09-26 06:00:00,0.0,0.18525200918575357
17431,2020-09-26 07:00:00,0.0,0.9582967502727034
17432,2020-09-26 08:00:00,0.0,0.11779956617052278
17433,2020-09-26 09:00:00,0.0,0.502447226656756
17434,2020-09-26 10:00:00,0.0,0.2261502238355364
17435,2020-09-26 11:00:00,0.0,0.6239222743801343
17436,2020-09-26 12:00:00,0.0,0.5050383368752059
17437,2020-09-26 13:00:00,0.0,0.6281349398823338
17438,2020-09-26 14:00:00,0.0,0.8696293018878786
17439,2020-09-26 15:00:00,0.0,0.5969782995644312
17440,2020-09-26 16:00:00,0.0,0.16036543561678862
17441,2020-09-26 17:00:00,0.0,0.545256930511546
17442,2020-09-26 18:00:00,0.0,0.046674209015753254
17443,2020-09-26 19:00:00,0.0,0.005678387246023653
17444,2020-09-26 20:00:00,0.0,0.5401643545742132
17445,2020-09-26 21:00:00,0.0,0.954530938269157
17446,2020-09-26 22:00:00,0.0,0.859164053506654
17447,2020-09-26 23:00:00,0.0,0.7579310652355961
17448,2020-09-27 00:00:00,0.0,0.7515174912060717
17449,2020-09-27 01:00:00,0.0,0.3449091042860485
17450,2020-09-27 02:00:00,0.0,0.7430828201451002
17451,2020-09-27 03:00:00,0.0,0.6312920021782145
17452,2020-09-27 04:00:00,0.0,0.20911184841770958
17453,2020-09-27 05:00:00,0.0,0.4432284050454103
17454,2020-09-27 06:00:00,0.0,0.547059163148926
17455,2020-09-27 07:00:00,0.0,0.25431566142679485
17456,2020-09-27 08:00:00,0.0,0.7333003858107763
17457,2020-09-27 09:00:00,0.0,0.4753901770172313
17458,2020-09-27 10:00:00,0.0,0.7872569072933931
17459,2020-09-27 11:00:00,0.0,0.304552095788183
17460,2020-09-27 12:00:00,0.0,0.13308248667329636
17461,2020-09-27 13:00:00,0.0,0.8186824367627089
17462,2020-09-27 14:00:00,0.0,0.942788308887202
17463,2020-09-27 15:00:00,0.0,0.9175148679129373
17464,2020-09-27 16:00:00,0.0,0.45063757860937315
17465,2020-09-27 17:00:00,0.0,0.26030596190532485
17466,2020-09-27 18:00:00,0.0,0.7923996417719799
17467,2020-09-27 19:00:00,0.0,0.31900689736226184
17468,2020-09-27 20:00:00,0.0,0.22512653241323033
17469,2020-09-27 21:00:00,0.0,0.02731171289727896
17470,2020-09-27 22:00:00,0.0,0.9673033534554214
17471,2020-09-27 23:00:00,0.0,0.8468132158440572
17472,2020-09-28 00:00:00,0.0,0.4815194388734513
17473,2020-09-28 01:00:00,0.0,0.19479649221134965
17474,2020-09-28 02:00:00,0.0,0.09739783791905399
17475,2020-09-28 03:00:00,0.0,0.46863914502489334
17476,2020-09-28 04:00:00,0.0,0.16417476859117563
17477,2020-09-28 05:00:00,0.0,0.28816323562833923
17478,2020-09-28 06:00:00,0.0,0.9349753208789966
17479,2020-09-28 07:00:00,0.0,0.5470964464056318
17480,2020-09-28 08:00:00,0.0,0.6316406348096874
17481,2020-09-28 09:00:00,0.0,0.13110116425590546
17482,2020-09-28 10:00:00,0.0,0.877239076560103
17483,2020-09-28 11:00:00,0.0,0.09623205454570771
17484,2020-09-28 12:00:00,0.0,0.05982834939074633
17485,2020-09-28 13:00:00,0.0,0.5743082333239028
17486,2020-09-28 14:00:00,0.0,0.627118735131143
17487,2020-09-28 15:00:00,0.0,0.5772492908998129
17488,2020-09-28 16:00:00,0.0,0.08070325284762914
17489,2020-09-28 17:00:00,0.0,0.5244635687874056
17490,2020-09-28 18:00:00,0.0,0.45497636252441387
17491,2020-09-28 19:00:00,0.0,0.6236241789434314
17492,2020-09-28 20:00:00,0.0,0.06949535060883394
17493,2020-09-28 21:00:00,0.0,0.5123696113325367
17494,2020-09-28 22:00:00,0.0,0.3345742692478797
17495,2020-09-28 23:00:00,0.0,0.20091896208936144
17496,2020-09-29 00:00:00,0.0,0.5524348059631193
17497,2020-09-29 01:00:00,0.0,0.647767412668083
17498,2020-09-29 02:00:00,0.0,0.6444147007879759
17499,2020-09-29 03:00:00,0.0,0.9372824007744622
17500,2020-09-29 04:00:00,0.0,0.7540073305749984
17501,2020-09-29 05:00:00,0.0,0.38942792500706325
17502,2020-09-29 06:00:00,0.0,0.9374793086677328
17503,2020-09-29 07:00:00,0.0,0.43313927068942504
17504,2020-09-29 08:00:00,0.0,0.9533025560467213
17505,2020-09-29 09:00:00,0.0,0.85340295781124
17506,2020-09-29 10:00:00,0.0,0.9294261671296895
17507,2020-09-29 11:00:00,0.0,0.8163457016916986
17508,2020-09-29 12:00:00,0.0,0.8730275790862805
17509,2020-09-29 13:00:00,0.0,0.2196018445611706
17510,2020-09-29 14:00:00,0.0,0.5509304034729879
17511,2020-09-29 15:00:00,0.0,0.03646473996043231
17512,2020-09-29 16:00:00,0.0,0.7391805528018841
17513,2020-09-29 17:00:00,0.0,0.9829537682822749
17514,2020-09-29 18:00:00,0.0,0.5936467346008145
17515,2020-09-29 19:00:00,0.0,0.9983059981108658
17516,2020-09-29 20:00:00,0.0,0.5190065072439002
17517,2020-09-29 21:00:00,0.0,0.10776436682248625
17518,2020-09-29 22:00:00,0.0,0.9419021324470674
17519,2020-09-29 23:00:00,0.0,0.6695700904585287
17520,2020-09-30 00:00:00,0.0,0.665006864491023
