Time Step,Time,SWE_mm,sm_frac_0.4m,sm_profile_0.1m,rainrate
0,2015-10-01 00:00:00,0,0.14927,0.290883,0
1,2015-10-01 01:00:00,0,0.149271,0.290832,0
2,2015-10-01 02:00:00,0,0.149272,0.290778,0
3,2015-10-01 03:00:00,0,0.149273,0.290719,0
4,2015-10-01 04:00:00,0,0.149274,0.290655,0
5,2015-10-01 05:00:00,0,0.149274,0.290595,0
6,2015-10-01 06:00:00,0,0.149275,0.290539,0
7,2015-10-01 07:00:00,0,0.149276,0.290486,0
8,2015-10-01 08:00:00,0,0.149277,0.290435,0
9,2015-10-01 09:00:00,0,0.149278,0.290387,0
10,2015-10-01 10:00:00,0,0.149278,0.29034,0
11,2015-10-01 11:00:00,0,0.149279,0.290295,0
12,2015-10-01 12:00:00,0,0.14928,0.290251,0
13,2015-10-01 13:00:00,0,0.14928,0.2902,0
14,2015-10-01 14:00:00,0,0.149281,0.29014,0
15,2015-10-01 15:00:00,0,0.149282,0.290066,0
16,2015-10-01 16:00:00,0,0.149284,0.289983,0
17,2015-10-01 17:00:00,0,0.149285,0.289892,0
18,2015-10-01 18:00:00,0,0.149286,0.289795,0
19,2015-10-01 19:00:00,0,0.149288,0.289698,0
20,2015-10-01 20:00:00,0,0.149289,0.28959,0
21,2015-10-01 21:00:00,0,0.149291,0.28945,0
22,2015-10-01 22:00:00,0,0.149292,0.289396,0.000071
23,2015-10-01 23:00:00,0,0.149291,0.289477,0
24,2015-10-02 00:00:00,0,0.149291,0.289439,0
25,2015-10-02 01:00:00,0,0.149292,0.289406,0.000331
26,2015-10-02 02:00:00,0,0.149284,0.289945,0.000066
27,2015-10-02 03:00:00,0,0.149283,0.290027,0.000011
28,2015-10-02 04:00:00,0,0.149283,0.290015,0
29,2015-10-02 05:00:00,0,0.149283,0.289985,0.000013
30,2015-10-02 06:00:00,0,0.149284,0.289978,0.000008
31,2015-10-02 07:00:00,0,0.149284,0.289963,0
32,2015-10-02 08:00:00,0,0.149284,0.289934,0
33,2015-10-02 09:00:00,0,0.149285,0.289904,0
34,2015-10-02 10:00:00,0,0.149285,0.289874,0
35,2015-10-02 11:00:00,0,0.149286,0.289844,0
36,2015-10-02 12:00:00,0,0.149286,0.289814,0
37,2015-10-02 13:00:00,0,0.149286,0.289782,0
38,2015-10-02 14:00:00,0,0.149287,0.289746,0
39,2015-10-02 15:00:00,0,0.149288,0.289707,0.000224
40,2015-10-02 16:00:00,0,0.149282,0.290057,0.000221
41,2015-10-02 17:00:00,0,0.149277,0.290399,0.000146
42,2015-10-02 18:00:00,0,0.149274,0.290607,0.000155
43,2015-10-02 19:00:00,0,0.149271,0.290829,0.000401
44,2015-10-02 20:00:00,0,0.149261,0.291472,0.000117
45,2015-10-02 21:00:00,0,0.149259,0.291612,0.000033
46,2015-10-02 22:00:00,0,0.149259,0.291641,0.000086
47,2015-10-02 23:00:00,0,0.149257,0.291762,0.000053
48,2015-10-03 00:00:00,0,0.149256,0.291829,0.000067
49,2015-10-03 01:00:00,0,0.149255,0.291918,0
50,2015-10-03 02:00:00,0,0.149255,0.291893,0.000021
51,2015-10-03 03:00:00,0,0.149255,0.291904,0.000036
52,2015-10-03 04:00:00,0,0.149254,0.291942,0.000019
53,2015-10-03 05:00:00,0,0.149254,0.291951,0
54,2015-10-03 06:00:00,0,0.149255,0.291929,0
55,2015-10-03 07:00:00,0,0.149255,0.291908,0.000007
56,2015-10-03 08:00:00,0,0.149255,0.291901,0.000007
57,2015-10-03 09:00:00,0,0.149255,0.291894,0
58,2015-10-03 10:00:00,0,0.149255,0.291875,0.000051
59,2015-10-03 11:00:00,0,0.149254,0.291944,0.000022
60,2015-10-03 12:00:00,0,0.149254,0.291964,0.000012
61,2015-10-03 13:00:00,0,0.149254,0.291965,0.000011
62,2015-10-03 14:00:00,0,0.149254,0.291962,0.00001
63,2015-10-03 15:00:00,0,0.149254,0.291953,0
64,2015-10-03 16:00:00,0,0.149255,0.291922,0
65,2015-10-03 17:00:00,0,0.149255,0.291886,0
66,2015-10-03 18:00:00,0,0.149256,0.291845,0
67,2015-10-03 19:00:00,0,0.149257,0.291795,0
68,2015-10-03 20:00:00,0,0.149257,0.291741,0
69,2015-10-03 21:00:00,0,0.149258,0.291669,0
70,2015-10-03 22:00:00,0,0.149259,0.291632,0
71,2015-10-03 23:00:00,0,0.149259,0.291602,0
72,2015-10-04 00:00:00,0,0.14926,0.291576,0
73,2015-10-04 01:00:00,0,0.14926,0.291555,0
74,2015-10-04 02:00:00,0,0.149261,0.29153,0
75,2015-10-04 03:00:00,0,0.149261,0.291501,0
76,2015-10-04 04:00:00,0,0.149261,0.291469,0
77,2015-10-04 05:00:00,0,0.149262,0.291441,0
78,2015-10-04 06:00:00,0,0.149262,0.291417,0
79,2015-10-04 07:00:00,0,0.149263,0.291394,0
80,2015-10-04 08:00:00,0,0.149263,0.291373,0
81,2015-10-04 09:00:00,0,0.149263,0.291354,0
82,2015-10-04 10:00:00,0,0.149263,0.291334,0
83,2015-10-04 11:00:00,0,0.149264,0.291315,0
84,2015-10-04 12:00:00,0,0.149264,0.291294,0
85,2015-10-04 13:00:00,0,0.149264,0.291268,0
86,2015-10-04 14:00:00,0,0.149265,0.291215,0
87,2015-10-04 15:00:00,0,0.149267,0.291131,0
88,2015-10-04 16:00:00,0,0.149268,0.29101,0
89,2015-10-04 17:00:00,0,0.149271,0.290862,0
90,2015-10-04 18:00:00,0,0.149273,0.290689,0
91,2015-10-04 19:00:00,0,0.149276,0.2905,0
92,2015-10-04 20:00:00,0,0.149279,0.290324,0
93,2015-10-04 21:00:00,0,0.149281,0.290169,0
94,2015-10-04 22:00:00,0,0.149282,0.290089,0
95,2015-10-04 23:00:00,0,0.149283,0.290029,0
96,2015-10-05 00:00:00,0,0.149283,0.289986,0
97,2015-10-05 01:00:00,0,0.149284,0.289958,0
98,2015-10-05 02:00:00,0,0.149284,0.289935,0
99,2015-10-05 03:00:00,0,0.149285,0.289915,0
100,2015-10-05 04:00:00,0,0.149285,0.289897,0
101,2015-10-05 05:00:00,0,0.149285,0.289882,0
102,2015-10-05 06:00:00,0,0.149285,0.28987,0
103,2015-10-05 07:00:00,0,0.149285,0.28986,0
104,2015-10-05 08:00:00,0,0.149285,0.289851,0
105,2015-10-05 09:00:00,0,0.149286,0.289842,0
106,2015-10-05 10:00:00,0,0.149286,0.289834,0
107,2015-10-05 11:00:00,0,0.149286,0.289826,0
108,2015-10-05 12:00:00,0,0.149286,0.289816,0
109,2015-10-05 13:00:00,0,0.149286,0.289798,0
110,2015-10-05 14:00:00,0,0.149287,0.289759,0
111,2015-10-05 15:00:00,0,0.149288,0.289694,0
112,2015-10-05 16:00:00,0,0.149289,0.289605,0
113,2015-10-05 17:00:00,0,0.149291,0.289495,0
114,2015-10-05 18:00:00,0,0.149292,0.289367,0
115,2015-10-05 19:00:00,0,0.149294,0.289232,0
116,2015-10-05 20:00:00,0,0.149297,0.289074,0
117,2015-10-05 21:00:00,0,0.149299,0.288925,0
118,2015-10-05 22:00:00,0,0.1493,0.288861,0
119,2015-10-05 23:00:00,0,0.1493,0.288813,0
120,2015-10-06 00:00:00,0,0.149301,0.288776,0
121,2015-10-06 01:00:00,0,0.149301,0.288753,0
122,2015-10-06 02:00:00,0,0.149302,0.288729,0
123,2015-10-06 03:00:00,0,0.149302,0.288704,0
124,2015-10-06 04:00:00,0,0.149302,0.288681,0
125,2015-10-06 05:00:00,0,0.149303,0.288659,0
126,2015-10-06 06:00:00,0,0.149303,0.288638,0
127,2015-10-06 07:00:00,0,0.149303,0.288618,0
128,2015-10-06 08:00:00,0,0.149304,0.2886,0
129,2015-10-06 09:00:00,0,0.149304,0.288581,0
130,2015-10-06 10:00:00,0,0.149304,0.288563,0
131,2015-10-06 11:00:00,0,0.149304,0.288549,0
132,2015-10-06 12:00:00,0,0.149304,0.288545,0
133,2015-10-06 13:00:00,0,0.149305,0.288528,0
134,2015-10-06 14:00:00,0,0.149305,0.288501,0
135,2015-10-06 15:00:00,0,0.149306,0.288458,0
136,2015-10-06 16:00:00,0,0.149307,0.288386,0
137,2015-10-06 17:00:00,0,0.149308,0.288279,0
138,2015-10-06 18:00:00,0,0.14931,0.288136,0
139,2015-10-06 19:00:00,0,0.149313,0.287964,0
140,2015-10-06 20:00:00,0,0.149315,0.287805,0
141,2015-10-06 21:00:00,0,0.149317,0.287664,0
142,2015-10-06 22:00:00,0,0.149317,0.287633,0
143,2015-10-06 23:00:00,0,0.149318,0.287605,0
144,2015-10-07 00:00:00,0,0.149318,0.28758,0
145,2015-10-07 01:00:00,0,0.149319,0.287538,0
146,2015-10-07 02:00:00,0,0.149319,0.287501,0
147,2015-10-07 03:00:00,0,0.14932,0.287466,0
148,2015-10-07 04:00:00,0,0.14932,0.287431,0
149,2015-10-07 05:00:00,0,0.149321,0.2874,0
150,2015-10-07 06:00:00,0,0.149321,0.287372,0
151,2015-10-07 07:00:00,0,0.149321,0.287345,0
152,2015-10-07 08:00:00,0,0.149322,0.287321,0
153,2015-10-07 09:00:00,0,0.149322,0.287297,0
154,2015-10-07 10:00:00,0,0.149322,0.287275,0
155,2015-10-07 11:00:00,0,0.149323,0.287257,0
156,2015-10-07 12:00:00,0,0.149323,0.287246,0
157,2015-10-07 13:00:00,0,0.149323,0.287223,0
158,2015-10-07 14:00:00,0,0.149324,0.287186,0
159,2015-10-07 15:00:00,0,0.149324,0.287127,0
160,2015-10-07 16:00:00,0,0.149326,0.287033,0
161,2015-10-07 17:00:00,0,0.149328,0.286891,0
162,2015-10-07 18:00:00,0,0.14933,0.286705,0
163,2015-10-07 19:00:00,0,0.149333,0.286497,0
164,2015-10-07 20:00:00,0,0.149336,0.286293,0
165,2015-10-07 21:00:00,0,0.149338,0.286108,0
166,2015-10-07 22:00:00,0,0.14934,0.286024,0
167,2015-10-07 23:00:00,0,0.149341,0.285954,0
168,2015-10-08 00:00:00,0,0.149341,0.285896,0
169,2015-10-08 01:00:00,0,0.149342,0.285848,0
170,2015-10-08 02:00:00,0,0.149342,0.285808,0
171,2015-10-08 03:00:00,0,0.149343,0.285773,0
172,2015-10-08 04:00:00,0,0.149343,0.285738,0
173,2015-10-08 05:00:00,0,0.149344,0.285706,0
174,2015-10-08 06:00:00,0,0.149344,0.285676,0
175,2015-10-08 07:00:00,0,0.149345,0.285648,0
176,2015-10-08 08:00:00,0,0.149345,0.285619,0
177,2015-10-08 09:00:00,0,0.149345,0.28559,0
178,2015-10-08 10:00:00,0,0.149346,0.285562,0
179,2015-10-08 11:00:00,0,0.149346,0.285537,0
180,2015-10-08 12:00:00,0,0.149346,0.285516,0
181,2015-10-08 13:00:00,0,0.149347,0.285486,0
182,2015-10-08 14:00:00,0,0.149348,0.285438,0
183,2015-10-08 15:00:00,0,0.149349,0.285364,0
184,2015-10-08 16:00:00,0,0.14935,0.285258,0
185,2015-10-08 17:00:00,0,0.149352,0.285133,0
186,2015-10-08 18:00:00,0,0.149354,0.284989,0
187,2015-10-08 19:00:00,0,0.149356,0.284825,0
188,2015-10-08 20:00:00,0,0.149358,0.284649,0
189,2015-10-08 21:00:00,0,0.14936,0.28449,0
190,2015-10-08 22:00:00,0,0.149361,0.284447,0
191,2015-10-08 23:00:00,0,0.149361,0.284415,0
192,2015-10-09 00:00:00,0,0.149362,0.284375,0
193,2015-10-09 01:00:00,0,0.149362,0.28433,0
194,2015-10-09 02:00:00,0,0.149363,0.284289,0
195,2015-10-09 03:00:00,0,0.149363,0.284252,0
196,2015-10-09 04:00:00,0,0.149364,0.284216,0
197,2015-10-09 05:00:00,0,0.149364,0.284184,0
198,2015-10-09 06:00:00,0,0.149365,0.284156,0
199,2015-10-09 07:00:00,0,0.149365,0.28413,0
200,2015-10-09 08:00:00,0,0.149365,0.284107,0
201,2015-10-09 09:00:00,0,0.149366,0.284087,0
202,2015-10-09 10:00:00,0,0.149366,0.284068,0
203,2015-10-09 11:00:00,0,0.149366,0.284051,0
204,2015-10-09 12:00:00,0,0.149366,0.284036,0
205,2015-10-09 13:00:00,0,0.149367,0.284017,0
206,2015-10-09 14:00:00,0,0.149367,0.283991,0
207,2015-10-09 15:00:00,0,0.149367,0.283953,0
208,2015-10-09 16:00:00,0,0.149368,0.283889,0
209,2015-10-09 17:00:00,0,0.149369,0.283803,0
210,2015-10-09 18:00:00,0,0.149371,0.283697,0
211,2015-10-09 19:00:00,0,0.149373,0.283544,0
212,2015-10-09 20:00:00,0,0.149375,0.283377,0
213,2015-10-09 21:00:00,0,0.149377,0.283234,0.000326
214,2015-10-09 22:00:00,0,0.14937,0.283748,0.000619
215,2015-10-09 23:00:00,0,0.149356,0.284784,0.000888
216,2015-10-10 00:00:00,0,0.149336,0.286291,0.000309
217,2015-10-10 01:00:00,0,0.149329,0.286814,0
218,2015-10-10 02:00:00,0,0.149329,0.286794,0
219,2015-10-10 03:00:00,0,0.149329,0.286764,0
220,2015-10-10 04:00:00,0,0.14933,0.286726,0
221,2015-10-10 05:00:00,0,0.14933,0.286685,0
222,2015-10-10 06:00:00,0,0.149331,0.286642,0
223,2015-10-10 07:00:00,0,0.149332,0.286597,0
224,2015-10-10 08:00:00,0,0.149332,0.286557,0
225,2015-10-10 09:00:00,0,0.149333,0.28652,0
226,2015-10-10 10:00:00,0,0.149333,0.286487,0
227,2015-10-10 11:00:00,0,0.149334,0.286456,0
228,2015-10-10 12:00:00,0,0.149334,0.286427,0
229,2015-10-10 13:00:00,0,0.149335,0.28639,0
230,2015-10-10 14:00:00,0,0.149335,0.286329,0
231,2015-10-10 15:00:00,0,0.149337,0.286237,0
232,2015-10-10 16:00:00,0,0.149338,0.286107,0
233,2015-10-10 17:00:00,0,0.149341,0.28595,0
234,2015-10-10 18:00:00,0,0.149343,0.285765,0
235,2015-10-10 19:00:00,0,0.149346,0.285576,0
236,2015-10-10 20:00:00,0,0.149348,0.285426,0
237,2015-10-10 21:00:00,0,0.149349,0.285305,0
238,2015-10-10 22:00:00,0,0.14935,0.285271,0
239,2015-10-10 23:00:00,0,0.14935,0.285241,0
240,2015-10-11 00:00:00,0,0.149351,0.285209,0
241,2015-10-11 01:00:00,0,0.149351,0.28516,0
242,2015-10-11 02:00:00,0,0.149352,0.285117,0
243,2015-10-11 03:00:00,0,0.149352,0.285077,0
244,2015-10-11 04:00:00,0,0.149353,0.285042,0
245,2015-10-11 05:00:00,0,0.149353,0.285008,0
246,2015-10-11 06:00:00,0,0.149354,0.284977,0
247,2015-10-11 07:00:00,0,0.149354,0.284949,0
248,2015-10-11 08:00:00,0,0.149354,0.284924,0
249,2015-10-11 09:00:00,0,0.149355,0.284902,0
250,2015-10-11 10:00:00,0,0.149355,0.284881,0
251,2015-10-11 11:00:00,0,0.149355,0.284864,0
252,2015-10-11 12:00:00,0,0.149355,0.28485,0
253,2015-10-11 13:00:00,0,0.149356,0.284826,0
254,2015-10-11 14:00:00,0,0.149356,0.284784,0
255,2015-10-11 15:00:00,0,0.149357,0.284712,0
256,2015-10-11 16:00:00,0,0.149359,0.2846,0
257,2015-10-11 17:00:00,0,0.149361,0.284449,0
258,2015-10-11 18:00:00,0,0.149363,0.284261,0
259,2015-10-11 19:00:00,0,0.149366,0.284044,0
260,2015-10-11 20:00:00,0,0.149369,0.283841,0
261,2015-10-11 21:00:00,0,0.149371,0.283662,0
262,2015-10-11 22:00:00,0,0.149372,0.283578,0
263,2015-10-11 23:00:00,0,0.149373,0.283514,0
264,2015-10-12 00:00:00,0,0.149374,0.283467,0
265,2015-10-12 01:00:00,0,0.149374,0.283433,0
266,2015-10-12 02:00:00,0,0.149375,0.283403,0
267,2015-10-12 03:00:00,0,0.149375,0.283376,0
268,2015-10-12 04:00:00,0,0.149375,0.283351,0
269,2015-10-12 05:00:00,0,0.149376,0.283329,0
270,2015-10-12 06:00:00,0,0.149376,0.283309,0
271,2015-10-12 07:00:00,0,0.149376,0.283291,0
272,2015-10-12 08:00:00,0,0.149376,0.283275,0
273,2015-10-12 09:00:00,0,0.149376,0.283259,0
274,2015-10-12 10:00:00,0,0.149377,0.283244,0
275,2015-10-12 11:00:00,0,0.149377,0.283232,0
276,2015-10-12 12:00:00,0,0.149377,0.283223,0
277,2015-10-12 13:00:00,0,0.149377,0.283205,0
278,2015-10-12 14:00:00,0,0.149378,0.283172,0
279,2015-10-12 15:00:00,0,0.149378,0.283116,0
280,2015-10-12 16:00:00,0,0.149379,0.283026,0
281,2015-10-12 17:00:00,0,0.149381,0.282888,0
282,2015-10-12 18:00:00,0,0.149384,0.282701,0
283,2015-10-12 19:00:00,0,0.149386,0.282485,0
284,2015-10-12 20:00:00,0,0.149389,0.282277,0
285,2015-10-12 21:00:00,0,0.149391,0.282093,0
286,2015-10-12 22:00:00,0,0.149392,0.282023,0
287,2015-10-12 23:00:00,0,0.149393,0.281965,0
288,2015-10-13 00:00:00,0,0.149394,0.28192,0
289,2015-10-13 01:00:00,0,0.149394,0.281887,0
290,2015-10-13 02:00:00,0,0.149394,0.28186,0
291,2015-10-13 03:00:00,0,0.149395,0.281836,0
292,2015-10-13 04:00:00,0,0.149395,0.281812,0
293,2015-10-13 05:00:00,0,0.149395,0.281795,0
294,2015-10-13 06:00:00,0,0.149395,0.281784,0
295,2015-10-13 07:00:00,0,0.149395,0.281774,0
296,2015-10-13 08:00:00,0,0.149396,0.281766,0
297,2015-10-13 09:00:00,0,0.149396,0.28176,0
298,2015-10-13 10:00:00,0,0.149396,0.281754,0
299,2015-10-13 11:00:00,0,0.149396,0.281752,0
300,2015-10-13 12:00:00,0,0.149396,0.281752,0
301,2015-10-13 13:00:00,0,0.149396,0.281749,0.000019
302,2015-10-13 14:00:00,0,0.149395,0.281776,0.000093
303,2015-10-13 15:00:00,0,0.149394,0.281929,0
304,2015-10-13 16:00:00,0,0.149394,0.281897,0
305,2015-10-13 17:00:00,0,0.149395,0.281831,0
306,2015-10-13 18:00:00,0,0.149396,0.28174,0
307,2015-10-13 19:00:00,0,0.149398,0.281558,0
308,2015-10-13 20:00:00,0,0.1494,0.281379,0
309,2015-10-13 21:00:00,0,0.149403,0.281216,0
310,2015-10-13 22:00:00,0,0.149403,0.281155,0
311,2015-10-13 23:00:00,0,0.149404,0.28111,0
312,2015-10-14 00:00:00,0,0.149404,0.281077,0
313,2015-10-14 01:00:00,0,0.149405,0.281056,0
314,2015-10-14 02:00:00,0,0.149405,0.281035,0
315,2015-10-14 03:00:00,0,0.149405,0.281011,0
316,2015-10-14 04:00:00,0,0.149405,0.280984,0
317,2015-10-14 05:00:00,0,0.149406,0.280959,0
318,2015-10-14 06:00:00,0,0.149406,0.280933,0
319,2015-10-14 07:00:00,0,0.149406,0.280909,0
320,2015-10-14 08:00:00,0,0.149407,0.280886,0
321,2015-10-14 09:00:00,0,0.149407,0.280863,0
322,2015-10-14 10:00:00,0,0.149407,0.28084,0
323,2015-10-14 11:00:00,0,0.149408,0.280817,0
324,2015-10-14 12:00:00,0,0.149408,0.280793,0
325,2015-10-14 13:00:00,0,0.149408,0.280757,0
326,2015-10-14 14:00:00,0,0.149409,0.2807,0
327,2015-10-14 15:00:00,0,0.14941,0.280612,0
328,2015-10-14 16:00:00,0,0.149412,0.280483,0
329,2015-10-14 17:00:00,0,0.149414,0.280313,0
330,2015-10-14 18:00:00,0,0.149416,0.280105,0
331,2015-10-14 19:00:00,0,0.149419,0.279885,0
332,2015-10-14 20:00:00,0,0.149422,0.279651,0
333,2015-10-14 21:00:00,0,0.149424,0.279441,0
334,2015-10-14 22:00:00,0,0.149426,0.279334,0
335,2015-10-14 23:00:00,0,0.149427,0.279248,0
336,2015-10-15 00:00:00,0,0.149428,0.279177,0
337,2015-10-15 01:00:00,0,0.149428,0.279125,0
338,2015-10-15 02:00:00,0,0.149429,0.279074,0
339,2015-10-15 03:00:00,0,0.149429,0.279026,0
340,2015-10-15 04:00:00,0,0.14943,0.278983,0
341,2015-10-15 05:00:00,0,0.14943,0.278943,0
342,2015-10-15 06:00:00,0,0.149431,0.278905,0
343,2015-10-15 07:00:00,0,0.149431,0.278871,0
344,2015-10-15 08:00:00,0,0.149432,0.27884,0
345,2015-10-15 09:00:00,0,0.149432,0.278809,0
346,2015-10-15 10:00:00,0,0.149432,0.278781,0
347,2015-10-15 11:00:00,0,0.149433,0.278756,0
348,2015-10-15 12:00:00,0,0.149433,0.278734,0
349,2015-10-15 13:00:00,0,0.149433,0.278706,0
350,2015-10-15 14:00:00,0,0.149434,0.278662,0
351,2015-10-15 15:00:00,0,0.149435,0.278591,0
352,2015-10-15 16:00:00,0,0.149436,0.278478,0
353,2015-10-15 17:00:00,0,0.149438,0.278322,0
354,2015-10-15 18:00:00,0,0.14944,0.278125,0
355,2015-10-15 19:00:00,0,0.149443,0.277904,0
356,2015-10-15 20:00:00,0,0.149445,0.27769,0
357,2015-10-15 21:00:00,0,0.149448,0.277496,0
358,2015-10-15 22:00:00,0,0.149449,0.277406,0
359,2015-10-15 23:00:00,0,0.14945,0.27733,0
360,2015-10-16 00:00:00,0,0.14945,0.277266,0
361,2015-10-16 01:00:00,0,0.149451,0.277215,0
362,2015-10-16 02:00:00,0,0.149451,0.277171,0
363,2015-10-16 03:00:00,0,0.149452,0.277133,0
364,2015-10-16 04:00:00,0,0.149452,0.277099,0
365,2015-10-16 05:00:00,0,0.149453,0.277071,0
366,2015-10-16 06:00:00,0,0.149453,0.277047,0
367,2015-10-16 07:00:00,0,0.149453,0.277025,0
368,2015-10-16 08:00:00,0,0.149453,0.277007,0
369,2015-10-16 09:00:00,0,0.149454,0.276991,0
370,2015-10-16 10:00:00,0,0.149454,0.276973,0
371,2015-10-16 11:00:00,0,0.149454,0.276957,0
372,2015-10-16 12:00:00,0,0.149454,0.27694,0
373,2015-10-16 13:00:00,0,0.149454,0.276919,0
374,2015-10-16 14:00:00,0,0.149455,0.276884,0.000001
375,2015-10-16 15:00:00,0,0.149455,0.276833,0
376,2015-10-16 16:00:00,0,0.149457,0.276733,0
377,2015-10-16 17:00:00,0,0.149458,0.276594,0
378,2015-10-16 18:00:00,0,0.14946,0.276415,0
379,2015-10-16 19:00:00,0,0.149463,0.276197,0
380,2015-10-16 20:00:00,0,0.149465,0.27599,0
381,2015-10-16 21:00:00,0,0.149467,0.275805,0
382,2015-10-16 22:00:00,0,0.149468,0.275725,0
383,2015-10-16 23:00:00,0,0.149469,0.27566,0
384,2015-10-17 00:00:00,0,0.149469,0.275609,0
385,2015-10-17 01:00:00,0,0.14947,0.275569,0
386,2015-10-17 02:00:00,0,0.14947,0.275534,0
387,2015-10-17 03:00:00,0,0.149471,0.275504,0
388,2015-10-17 04:00:00,0,0.149471,0.275479,0
389,2015-10-17 05:00:00,0,0.149471,0.275453,0
390,2015-10-17 06:00:00,0,0.149472,0.275425,0
391,2015-10-17 07:00:00,0,0.149472,0.275396,0
392,2015-10-17 08:00:00,0,0.149472,0.27537,0
393,2015-10-17 09:00:00,0,0.149472,0.275347,0
394,2015-10-17 10:00:00,0,0.149473,0.275324,0
395,2015-10-17 11:00:00,0,0.149473,0.2753,0
396,2015-10-17 12:00:00,0,0.149473,0.275274,0
397,2015-10-17 13:00:00,0,0.149474,0.275239,0
398,2015-10-17 14:00:00,0,0.149474,0.27518,0
399,2015-10-17 15:00:00,0,0.149475,0.275088,0
400,2015-10-17 16:00:00,0,0.149477,0.27496,0
401,2015-10-17 17:00:00,0,0.149478,0.274806,0
402,2015-10-17 18:00:00,0,0.14948,0.274626,0
403,2015-10-17 19:00:00,0,0.149483,0.274442,0
404,2015-10-17 20:00:00,0,0.149485,0.274252,0
405,2015-10-17 21:00:00,0,0.149487,0.274083,0
406,2015-10-17 22:00:00,0,0.149488,0.273986,0
407,2015-10-17 23:00:00,0,0.149488,0.273905,0
408,2015-10-18 00:00:00,0,0.149489,0.273834,0
409,2015-10-18 01:00:00,0,0.14949,0.273774,0
410,2015-10-18 02:00:00,0,0.149491,0.273719,0
411,2015-10-18 03:00:00,0,0.149491,0.273669,0
412,2015-10-18 04:00:00,0,0.149492,0.273624,0
413,2015-10-18 05:00:00,0,0.149492,0.273582,0
414,2015-10-18 06:00:00,0,0.149492,0.273543,0
415,2015-10-18 07:00:00,0,0.149493,0.273506,0
416,2015-10-18 08:00:00,0,0.149493,0.273472,0
417,2015-10-18 09:00:00,0,0.149494,0.273439,0
418,2015-10-18 10:00:00,0,0.149494,0.273408,0
419,2015-10-18 11:00:00,0,0.149494,0.273378,0
420,2015-10-18 12:00:00,0,0.149495,0.273347,0
421,2015-10-18 13:00:00,0,0.149495,0.27331,0
422,2015-10-18 14:00:00,0,0.149496,0.273256,0
423,2015-10-18 15:00:00,0,0.149496,0.273177,0
424,2015-10-18 16:00:00,0,0.149498,0.273072,0
425,2015-10-18 17:00:00,0,0.149499,0.272943,0
426,2015-10-18 18:00:00,0,0.149501,0.272793,0
427,2015-10-18 19:00:00,0,0.149502,0.27263,0
428,2015-10-18 20:00:00,0,0.149504,0.272452,0
429,2015-10-18 21:00:00,0,0.149506,0.272289,0
430,2015-10-18 22:00:00,0,0.149507,0.272193,0
431,2015-10-18 23:00:00,0,0.149508,0.272112,0
432,2015-10-19 00:00:00,0,0.149509,0.272043,0
433,2015-10-19 01:00:00,0,0.149509,0.271985,0
434,2015-10-19 02:00:00,0,0.14951,0.271931,0
435,2015-10-19 03:00:00,0,0.14951,0.271882,0
436,2015-10-19 04:00:00,0,0.149511,0.271839,0
437,2015-10-19 05:00:00,0,0.149511,0.2718,0
438,2015-10-19 06:00:00,0,0.149512,0.271763,0
439,2015-10-19 07:00:00,0,0.149512,0.271731,0
440,2015-10-19 08:00:00,0,0.149512,0.271731,0
441,2015-10-19 09:00:00,0,0.149512,0.271731,0
442,2015-10-19 10:00:00,0,0.149512,0.271731,0
443,2015-10-19 11:00:00,0,0.149512,0.271731,0
444,2015-10-19 12:00:00,0,0.149512,0.271731,0
445,2015-10-19 13:00:00,0,0.149512,0.271731,0
446,2015-10-19 14:00:00,0,0.149512,0.271731,0
447,2015-10-19 15:00:00,0,0.149512,0.27173,0
448,2015-10-19 16:00:00,0,0.149512,0.271729,0
449,2015-10-19 17:00:00,0,0.149513,0.271619,0
450,2015-10-19 18:00:00,0,0.149515,0.271474,0
451,2015-10-19 19:00:00,0,0.149516,0.271312,0
452,2015-10-19 20:00:00,0,0.149518,0.271157,0
453,2015-10-19 21:00:00,0,0.149519,0.271017,0
454,2015-10-19 22:00:00,0,0.14952,0.270947,0
455,2015-10-19 23:00:00,0,0.149521,0.27089,0
456,2015-10-20 00:00:00,0,0.149521,0.270845,0
457,2015-10-20 01:00:00,0,0.149522,0.270811,0
458,2015-10-20 02:00:00,0,0.149522,0.270778,0
459,2015-10-20 03:00:00,0,0.149522,0.270745,0
460,2015-10-20 04:00:00,0,0.149523,0.27071,0
461,2015-10-20 05:00:00,0,0.149523,0.270678,0
462,2015-10-20 06:00:00,0,0.149523,0.270648,0
463,2015-10-20 07:00:00,0,0.149524,0.27062,0
464,2015-10-20 08:00:00,0,0.149524,0.270594,0
465,2015-10-20 09:00:00,0,0.149524,0.270571,0
466,2015-10-20 10:00:00,0,0.149524,0.270552,0
467,2015-10-20 11:00:00,0,0.149524,0.270534,0
468,2015-10-20 12:00:00,0,0.149525,0.270517,0
469,2015-10-20 13:00:00,0,0.149525,0.270493,0
470,2015-10-20 14:00:00,0,0.149525,0.270449,0
471,2015-10-20 15:00:00,0,0.149526,0.27038,0
472,2015-10-20 16:00:00,0,0.149527,0.270281,0
473,2015-10-20 17:00:00,0,0.149528,0.270158,0
474,2015-10-20 18:00:00,0,0.14953,0.270008,0
475,2015-10-20 19:00:00,0,0.149532,0.269839,0
476,2015-10-20 20:00:00,0,0.149534,0.269645,0
477,2015-10-20 21:00:00,0,0.149535,0.269474,0
478,2015-10-20 22:00:00,0,0.149536,0.269408,0
479,2015-10-20 23:00:00,0,0.149536,0.269355,0
480,2015-10-21 00:00:00,0,0.149537,0.269313,0
481,2015-10-21 01:00:00,0,0.149537,0.26928,0
482,2015-10-21 02:00:00,0,0.149538,0.269243,0
483,2015-10-21 03:00:00,0,0.149538,0.269204,0
484,2015-10-21 04:00:00,0,0.149538,0.269164,0
485,2015-10-21 05:00:00,0,0.149539,0.269129,0
486,2015-10-21 06:00:00,0,0.149539,0.269099,0
487,2015-10-21 07:00:00,0,0.149539,0.269073,0
488,2015-10-21 08:00:00,0,0.14954,0.269048,0
489,2015-10-21 09:00:00,0,0.14954,0.269026,0
490,2015-10-21 10:00:00,0,0.14954,0.269005,0
491,2015-10-21 11:00:00,0,0.14954,0.26899,0
492,2015-10-21 12:00:00,0,0.14954,0.268983,0.000025
493,2015-10-21 13:00:00,0,0.14954,0.269018,0
494,2015-10-21 14:00:00,0,0.14954,0.269008,0
495,2015-10-21 15:00:00,0,0.14954,0.268992,0
496,2015-10-21 16:00:00,0,0.14954,0.268971,0
497,2015-10-21 17:00:00,0,0.149541,0.268936,0
498,2015-10-21 18:00:00,0,0.149541,0.268883,0
499,2015-10-21 19:00:00,0,0.149542,0.26878,0
500,2015-10-21 20:00:00,0,0.149544,0.268624,0
501,2015-10-21 21:00:00,0,0.149545,0.268483,0
502,2015-10-21 22:00:00,0,0.149545,0.26846,0
503,2015-10-21 23:00:00,0,0.149546,0.268439,0
504,2015-10-22 00:00:00,0,0.149546,0.268401,0
505,2015-10-22 01:00:00,0,0.149546,0.268359,0
506,2015-10-22 02:00:00,0,0.149547,0.268326,0
507,2015-10-22 03:00:00,0,0.149547,0.268299,0
508,2015-10-22 04:00:00,0,0.149547,0.268278,0
509,2015-10-22 05:00:00,0,0.149547,0.26826,0
510,2015-10-22 06:00:00,0,0.149548,0.268245,0
511,2015-10-22 07:00:00,0,0.149548,0.268233,0
512,2015-10-22 08:00:00,0,0.149548,0.268224,0
513,2015-10-22 09:00:00,0,0.149548,0.268217,0
514,2015-10-22 10:00:00,0,0.149548,0.268212,0
515,2015-10-22 11:00:00,0,0.149548,0.268211,0
516,2015-10-22 12:00:00,0,0.149548,0.268212,0
517,2015-10-22 13:00:00,0,0.149548,0.268207,0
518,2015-10-22 14:00:00,0,0.149548,0.268183,0
519,2015-10-22 15:00:00,0,0.149549,0.268131,0
520,2015-10-22 16:00:00,0,0.14955,0.268037,0
521,2015-10-22 17:00:00,0,0.149551,0.267903,0
522,2015-10-22 18:00:00,0,0.149553,0.267727,0
523,2015-10-22 19:00:00,0,0.149555,0.267487,0
524,2015-10-22 20:00:00,0,0.149557,0.267243,0
525,2015-10-22 21:00:00,0,0.14956,0.267022,0
526,2015-10-22 22:00:00,0,0.149561,0.266915,0
527,2015-10-22 23:00:00,0,0.149561,0.266832,0
528,2015-10-23 00:00:00,0,0.149562,0.266769,0
529,2015-10-23 01:00:00,0,0.149562,0.266725,0
530,2015-10-23 02:00:00,0,0.149563,0.266686,0
531,2015-10-23 03:00:00,0,0.149563,0.266651,0
532,2015-10-23 04:00:00,0,0.149563,0.266621,0
533,2015-10-23 05:00:00,0,0.149564,0.266581,0
534,2015-10-23 06:00:00,0,0.149564,0.26653,0
535,2015-10-23 07:00:00,0,0.149565,0.266471,0
536,2015-10-23 08:00:00,0,0.149565,0.266416,0
537,2015-10-23 09:00:00,0,0.149566,0.266363,0
538,2015-10-23 10:00:00,0,0.149566,0.266314,0
539,2015-10-23 11:00:00,0,0.149567,0.266269,0
540,2015-10-23 12:00:00,0,0.149567,0.266226,0
541,2015-10-23 13:00:00,0,0.149568,0.266173,0
542,2015-10-23 14:00:00,0,0.149569,0.266092,0
543,2015-10-23 15:00:00,0,0.14957,0.265976,0
544,2015-10-23 16:00:00,0,0.149571,0.265822,0
545,2015-10-23 17:00:00,0,0.149573,0.265642,0
546,2015-10-23 18:00:00,0,0.149575,0.265433,0
547,2015-10-23 19:00:00,0,0.149577,0.265203,0
548,2015-10-23 20:00:00,0,0.149579,0.264987,0
549,2015-10-23 21:00:00,0,0.149581,0.264795,0
550,2015-10-23 22:00:00,0,0.149582,0.264695,0
551,2015-10-23 23:00:00,0,0.149582,0.264616,0
552,2015-10-24 00:00:00,0,0.149583,0.264555,0
553,2015-10-24 01:00:00,0,0.149583,0.264507,0
554,2015-10-24 02:00:00,0,0.149584,0.264465,0
555,2015-10-24 03:00:00,0,0.149584,0.264427,0
556,2015-10-24 04:00:00,0,0.149584,0.264394,0
557,2015-10-24 05:00:00,0,0.149585,0.264364,0
558,2015-10-24 06:00:00,0,0.149585,0.264337,0
559,2015-10-24 07:00:00,0,0.149585,0.264313,0
560,2015-10-24 08:00:00,0,0.149585,0.264291,0
561,2015-10-24 09:00:00,0,0.149586,0.264272,0
562,2015-10-24 10:00:00,0,0.149586,0.264254,0
563,2015-10-24 11:00:00,0,0.149586,0.26424,0
564,2015-10-24 12:00:00,0,0.149586,0.264229,0
565,2015-10-24 13:00:00,0,0.149586,0.26421,0
566,2015-10-24 14:00:00,0,0.149586,0.264176,0
567,2015-10-24 15:00:00,0,0.149587,0.264116,0
568,2015-10-24 16:00:00,0,0.149588,0.264021,0
569,2015-10-24 17:00:00,0,0.149589,0.2639,0
570,2015-10-24 18:00:00,0,0.14959,0.263748,0
571,2015-10-24 19:00:00,0,0.149592,0.263573,0
572,2015-10-24 20:00:00,0,0.149593,0.263405,0
573,2015-10-24 21:00:00,0,0.149595,0.263259,0
574,2015-10-24 22:00:00,0,0.149595,0.263201,0
575,2015-10-24 23:00:00,0,0.149596,0.263159,0
576,2015-10-25 00:00:00,0,0.149596,0.263128,0
577,2015-10-25 01:00:00,0,0.149596,0.263107,0
578,2015-10-25 02:00:00,0,0.149596,0.26309,0
579,2015-10-25 03:00:00,0,0.149596,0.263074,0
580,2015-10-25 04:00:00,0,0.149597,0.26306,0
581,2015-10-25 05:00:00,0,0.149597,0.263049,0
582,2015-10-25 06:00:00,0,0.149597,0.26304,0
583,2015-10-25 07:00:00,0,0.149597,0.263032,0
584,2015-10-25 08:00:00,0,0.149597,0.263026,0
585,2015-10-25 09:00:00,0,0.149597,0.263023,0
586,2015-10-25 10:00:00,0,0.149597,0.263019,0
587,2015-10-25 11:00:00,0,0.149597,0.263016,0
588,2015-10-25 12:00:00,0,0.149597,0.263012,0.000112
589,2015-10-25 13:00:00,0,0.149595,0.263205,0.000014
590,2015-10-25 14:00:00,0,0.149595,0.263218,0.00001
591,2015-10-25 15:00:00,0,0.149595,0.263218,0
592,2015-10-25 16:00:00,0,0.149595,0.263187,0.000008
593,2015-10-25 17:00:00,0,0.149596,0.263162,0
594,2015-10-25 18:00:00,0,0.149596,0.26311,0
595,2015-10-25 19:00:00,0,0.149597,0.262993,0
596,2015-10-25 20:00:00,0,0.149598,0.262849,0
597,2015-10-25 21:00:00,0,0.149599,0.262811,0
598,2015-10-25 22:00:00,0,0.149599,0.26278,0
599,2015-10-25 23:00:00,0,0.149599,0.262751,0
600,2015-10-26 00:00:00,0,0.1496,0.262721,0
601,2015-10-26 01:00:00,0,0.1496,0.262692,0
602,2015-10-26 02:00:00,0,0.1496,0.262662,0
603,2015-10-26 03:00:00,0,0.1496,0.262632,0
604,2015-10-26 04:00:00,0,0.149601,0.262604,0
605,2015-10-26 05:00:00,0,0.149601,0.262578,0
606,2015-10-26 06:00:00,0,0.149601,0.262554,0
607,2015-10-26 07:00:00,0,0.149601,0.262531,0
608,2015-10-26 08:00:00,0,0.149601,0.262509,0
609,2015-10-26 09:00:00,0,0.149602,0.262488,0
610,2015-10-26 10:00:00,0,0.149602,0.262468,0
611,2015-10-26 11:00:00,0,0.149602,0.26245,0
612,2015-10-26 12:00:00,0,0.149602,0.262434,0
613,2015-10-26 13:00:00,0,0.149602,0.262411,0
614,2015-10-26 14:00:00,0,0.149603,0.262366,0
615,2015-10-26 15:00:00,0,0.149603,0.262291,0
616,2015-10-26 16:00:00,0,0.149604,0.262174,0
617,2015-10-26 17:00:00,0,0.149606,0.262021,0
618,2015-10-26 18:00:00,0,0.149607,0.26183,0
619,2015-10-26 19:00:00,0,0.149609,0.261624,0
620,2015-10-26 20:00:00,0,0.149611,0.261429,0
621,2015-10-26 21:00:00,0,0.149611,0.261385,0
622,2015-10-26 22:00:00,0,0.149612,0.261361,0
623,2015-10-26 23:00:00,0,0.149612,0.261344,0
624,2015-10-27 00:00:00,0,0.149612,0.261321,0
625,2015-10-27 01:00:00,0,0.149612,0.261289,0
626,2015-10-27 02:00:00,0,0.149612,0.261262,0
627,2015-10-27 03:00:00,0,0.149613,0.261236,0
628,2015-10-27 04:00:00,0,0.149613,0.261213,0
629,2015-10-27 05:00:00,0,0.149613,0.261186,0
630,2015-10-27 06:00:00,0,0.149613,0.261159,0
631,2015-10-27 07:00:00,0,0.149614,0.261133,0
632,2015-10-27 08:00:00,0,0.149614,0.26111,0
633,2015-10-27 09:00:00,0,0.149614,0.26109,0
634,2015-10-27 10:00:00,0,0.149614,0.261073,0
635,2015-10-27 11:00:00,0,0.149614,0.261058,0
636,2015-10-27 12:00:00,0,0.149614,0.261045,0
637,2015-10-27 13:00:00,0,0.149615,0.261025,0
638,2015-10-27 14:00:00,0,0.149615,0.260995,0
639,2015-10-27 15:00:00,0,0.149615,0.260947,0
640,2015-10-27 16:00:00,0,0.149616,0.260869,0
641,2015-10-27 17:00:00,0,0.149617,0.260753,0
642,2015-10-27 18:00:00,0,0.149618,0.260598,0
643,2015-10-27 19:00:00,0,0.14962,0.260422,0
644,2015-10-27 20:00:00,0,0.149621,0.260248,0
645,2015-10-27 21:00:00,0,0.149621,0.260214,0
646,2015-10-27 22:00:00,0,0.149622,0.260195,0
647,2015-10-27 23:00:00,0,0.149622,0.26018,0
648,2015-10-28 00:00:00,0,0.149622,0.260142,0
649,2015-10-28 01:00:00,0,0.149622,0.26011,0
650,2015-10-28 02:00:00,0,0.149623,0.260081,0
651,2015-10-28 03:00:00,0,0.149623,0.260056,0
652,2015-10-28 04:00:00,0,0.149623,0.260033,0
653,2015-10-28 05:00:00,0,0.149623,0.260012,0
654,2015-10-28 06:00:00,0,0.149623,0.259994,0
655,2015-10-28 07:00:00,0,0.149624,0.259977,0
656,2015-10-28 08:00:00,0,0.149624,0.259962,0
657,2015-10-28 09:00:00,0,0.149624,0.25995,0
658,2015-10-28 10:00:00,0,0.149624,0.259938,0
659,2015-10-28 11:00:00,0,0.149624,0.259929,0
660,2015-10-28 12:00:00,0,0.149624,0.259922,0
661,2015-10-28 13:00:00,0,0.149624,0.259912,0
662,2015-10-28 14:00:00,0,0.149624,0.259894,0
663,2015-10-28 15:00:00,0,0.149624,0.259865,0
664,2015-10-28 16:00:00,0,0.149625,0.259832,0
665,2015-10-28 17:00:00,0,0.149625,0.259794,0
666,2015-10-28 18:00:00,0,0.149625,0.259755,0.000016
667,2015-10-28 19:00:00,0,0.149625,0.259748,0.000768
668,2015-10-28 20:00:00,0,0.149614,0.261051,0.000469
669,2015-10-28 21:00:00,0,0.149607,0.261864,0.000458
670,2015-10-28 22:00:00,0,0.1496,0.262661,0.000433
671,2015-10-28 23:00:00,0,0.149593,0.26342,0.001108
672,2015-10-29 00:00:00,0,0.149575,0.265352,0.001187
673,2015-10-29 01:00:00,0,0.149556,0.267421,0.00213
674,2015-10-29 02:00:00,0,0.149519,0.271074,0.000709
675,2015-10-29 03:00:00,0,0.149506,0.2723,0.003393
676,2015-10-29 04:00:00,0,0.149442,0.278005,0.001552
677,2015-10-29 05:00:00,0,0.149409,0.280664,0.000738
678,2015-10-29 06:00:00,0,0.149393,0.281945,0.001054
679,2015-10-29 07:00:00,0,0.14937,0.283771,0.001814
680,2015-10-29 08:00:00,0,0.149328,0.286861,0.000697
681,2015-10-29 09:00:00,0,0.149311,0.288058,0.000755
682,2015-10-29 10:00:00,0,0.149293,0.289349,0.000896
683,2015-10-29 11:00:00,0,0.14927,0.290881,0
684,2015-10-29 12:00:00,0,0.14927,0.290882,0.00084
685,2015-10-29 13:00:00,0,0.149249,0.292321,0.000261
686,2015-10-29 14:00:00,0,0.149242,0.292755,0
687,2015-10-29 15:00:00,0,0.149242,0.292718,0
688,2015-10-29 16:00:00,0,0.149244,0.292623,0
689,2015-10-29 17:00:00,0,0.149246,0.292479,0
690,2015-10-29 18:00:00,0,0.149249,0.292289,0
691,2015-10-29 19:00:00,0,0.149253,0.292045,0
692,2015-10-29 20:00:00,0,0.149256,0.291809,0
693,2015-10-29 21:00:00,0,0.149258,0.291693,0
694,2015-10-29 22:00:00,0,0.14926,0.291578,0
695,2015-10-29 23:00:00,0,0.149262,0.291466,0
696,2015-10-30 00:00:00,0,0.149263,0.291356,0
697,2015-10-30 01:00:00,0,0.149265,0.29125,0
698,2015-10-30 02:00:00,0,0.149266,0.291142,0
699,2015-10-30 03:00:00,0,0.149268,0.29103,0
700,2015-10-30 04:00:00,0,0.14927,0.290917,0
701,2015-10-30 05:00:00,0,0.149271,0.29082,0
702,2015-10-30 06:00:00,0,0.149272,0.290738,0
703,2015-10-30 07:00:00,0,0.149273,0.29067,0
704,2015-10-30 08:00:00,0,0.149274,0.290611,0
705,2015-10-30 09:00:00,0,0.149275,0.290559,0
706,2015-10-30 10:00:00,0,0.149276,0.290515,0
707,2015-10-30 11:00:00,0,0.149276,0.290474,0
708,2015-10-30 12:00:00,0,0.149277,0.290437,0
709,2015-10-30 13:00:00,0,0.149278,0.290392,0
710,2015-10-30 14:00:00,0,0.149279,0.290324,0
711,2015-10-30 15:00:00,0,0.14928,0.290226,0
712,2015-10-30 16:00:00,0,0.149282,0.290087,0
713,2015-10-30 17:00:00,0,0.149285,0.289914,0
714,2015-10-30 18:00:00,0,0.149288,0.289706,0
715,2015-10-30 19:00:00,0,0.149291,0.289483,0
716,2015-10-30 20:00:00,0,0.149294,0.289271,0
717,2015-10-30 21:00:00,0,0.149295,0.28918,0
718,2015-10-30 22:00:00,0,0.149296,0.289104,0
719,2015-10-30 23:00:00,0,0.149297,0.289043,0
720,2015-10-31 00:00:00,0,0.149298,0.288992,0
721,2015-10-31 01:00:00,0,0.149298,0.288954,0
722,2015-10-31 02:00:00,0,0.149299,0.288917,0
723,2015-10-31 03:00:00,0,0.1493,0.28888,0
724,2015-10-31 04:00:00,0,0.1493,0.288845,0
725,2015-10-31 05:00:00,0,0.1493,0.288813,0
726,2015-10-31 06:00:00,0,0.149301,0.288784,0
727,2015-10-31 07:00:00,0,0.149301,0.288757,0
728,2015-10-31 08:00:00,0,0.149302,0.288732,0
729,2015-10-31 09:00:00,0,0.149302,0.288708,0
730,2015-10-31 10:00:00,0,0.149302,0.288686,0
731,2015-10-31 11:00:00,0,0.149303,0.288667,0
732,2015-10-31 12:00:00,0,0.149303,0.288651,0
733,2015-10-31 13:00:00,0,0.149303,0.28863,0
734,2015-10-31 14:00:00,0,0.149304,0.288595,0
735,2015-10-31 15:00:00,0,0.149304,0.288543,0
736,2015-10-31 16:00:00,0,0.149306,0.28846,0
737,2015-10-31 17:00:00,0,0.149307,0.288348,0
738,2015-10-31 18:00:00,0,0.14931,0.288178,0
739,2015-10-31 19:00:00,0,0.149313,0.287967,0
740,2015-10-31 20:00:00,0,0.149315,0.287767,0
741,2015-10-31 21:00:00,0,0.149316,0.287702,0
742,2015-10-31 22:00:00,0,0.149317,0.287647,0
743,2015-10-31 23:00:00,0,0.149318,0.287605,0
744,2015-11-01 00:00:00,0,0.149318,0.287576,0
745,2015-11-01 01:00:00,0,0.149318,0.287551,0
746,2015-11-01 02:00:00,0,0.149319,0.287522,0
747,2015-11-01 03:00:00,0,0.149319,0.287489,0
748,2015-11-01 04:00:00,0,0.14932,0.287456,0
749,2015-11-01 05:00:00,0,0.14932,0.287428,0
750,2015-11-01 06:00:00,0,0.14932,0.287404,0
751,2015-11-01 07:00:00,0,0.149321,0.287382,0
752,2015-11-01 08:00:00,0,0.149321,0.287363,0
753,2015-11-01 09:00:00,0,0.149321,0.287345,0
754,2015-11-01 10:00:00,0,0.149322,0.287328,0
755,2015-11-01 11:00:00,0,0.149322,0.287314,0
756,2015-11-01 12:00:00,0,0.149322,0.287301,0
757,2015-11-01 13:00:00,0,0.149322,0.287287,0
758,2015-11-01 14:00:00,0,0.149322,0.287268,0
759,2015-11-01 15:00:00,0,0.149323,0.287241,0
760,2015-11-01 16:00:00,0,0.149323,0.2872,0
761,2015-11-01 17:00:00,0,0.149324,0.287146,0
762,2015-11-01 18:00:00,0,0.149325,0.287079,0
763,2015-11-01 19:00:00,0,0.149327,0.286946,0
764,2015-11-01 20:00:00,0,0.149329,0.286791,0
765,2015-11-01 21:00:00,0,0.14933,0.286741,0
766,2015-11-01 22:00:00,0,0.14933,0.286699,0
767,2015-11-01 23:00:00,0,0.149331,0.286667,0
768,2015-11-02 00:00:00,0,0.149331,0.286644,0
769,2015-11-02 01:00:00,0,0.149331,0.286631,0
770,2015-11-02 02:00:00,0,0.149331,0.286619,0
771,2015-11-02 03:00:00,0,0.149332,0.286608,0
772,2015-11-02 04:00:00,0,0.149332,0.286598,0
773,2015-11-02 05:00:00,0,0.149332,0.286589,0
774,2015-11-02 06:00:00,0,0.149332,0.286578,0
775,2015-11-02 07:00:00,0,0.149332,0.286567,0
776,2015-11-02 08:00:00,0,0.149332,0.286555,0
777,2015-11-02 09:00:00,0,0.149332,0.28654,0
778,2015-11-02 10:00:00,0,0.149333,0.286523,0
779,2015-11-02 11:00:00,0,0.149333,0.286507,0
780,2015-11-02 12:00:00,0,0.149333,0.286493,0
781,2015-11-02 13:00:00,0,0.149333,0.286467,0
782,2015-11-02 14:00:00,0,0.149334,0.28642,0
783,2015-11-02 15:00:00,0,0.149335,0.286339,0
784,2015-11-02 16:00:00,0,0.149337,0.286212,0
785,2015-11-02 17:00:00,0,0.149339,0.286042,0
786,2015-11-02 18:00:00,0,0.149342,0.285832,0
787,2015-11-02 19:00:00,0,0.149346,0.285587,0
788,2015-11-02 20:00:00,0,0.149349,0.285355,0
789,2015-11-02 21:00:00,0,0.149349,0.285295,0
790,2015-11-02 22:00:00,0,0.14935,0.285267,0
791,2015-11-02 23:00:00,0,0.14935,0.285248,0
792,2015-11-03 00:00:00,0,0.14935,0.285224,0
793,2015-11-03 01:00:00,0,0.149351,0.285202,0
794,2015-11-03 02:00:00,0,0.149351,0.285198,0
795,2015-11-03 03:00:00,0,0.149351,0.285194,0
796,2015-11-03 04:00:00,0,0.149351,0.285191,0
797,2015-11-03 05:00:00,0,0.149351,0.285189,0
798,2015-11-03 06:00:00,0,0.149351,0.285188,0
799,2015-11-03 07:00:00,0,0.149351,0.285187,0
800,2015-11-03 08:00:00,0,0.149351,0.285185,0
801,2015-11-03 09:00:00,0,0.149351,0.285184,0
802,2015-11-03 10:00:00,0,0.149351,0.285181,0
803,2015-11-03 11:00:00,0,0.149351,0.28518,0
804,2015-11-03 12:00:00,0,0.149351,0.285178,0
805,2015-11-03 13:00:00,0,0.149351,0.285159,0
806,2015-11-03 14:00:00,0,0.149352,0.28513,0
807,2015-11-03 15:00:00,0,0.149352,0.285071,0
808,2015-11-03 16:00:00,0,0.149354,0.284964,0
809,2015-11-03 17:00:00,0,0.149356,0.284801,0
810,2015-11-03 18:00:00,0,0.149359,0.284583,0
811,2015-11-03 19:00:00,0,0.149362,0.284326,0
812,2015-11-03 20:00:00,0,0.149366,0.284084,0
813,2015-11-03 21:00:00,0,0.149367,0.284008,0
814,2015-11-03 22:00:00,0,0.149367,0.283957,0
815,2015-11-03 23:00:00,0,0.149368,0.283915,0
816,2015-11-04 00:00:00,0,0.149368,0.283876,0
817,2015-11-04 01:00:00,0,0.149369,0.283844,0
818,2015-11-04 02:00:00,0,0.149369,0.283812,0
819,2015-11-04 03:00:00,0,0.14937,0.283779,0
820,2015-11-04 04:00:00,0,0.14937,0.283745,0
821,2015-11-04 05:00:00,0,0.14937,0.283716,0
822,2015-11-04 06:00:00,0,0.149371,0.283689,0
823,2015-11-04 07:00:00,0,0.149371,0.283661,0
824,2015-11-04 08:00:00,0,0.149372,0.283636,0
825,2015-11-04 09:00:00,0,0.149372,0.283614,0
826,2015-11-04 10:00:00,0,0.149372,0.283594,0
827,2015-11-04 11:00:00,0,0.149372,0.283577,0
828,2015-11-04 12:00:00,0,0.149372,0.283562,0
829,2015-11-04 13:00:00,0,0.149373,0.283537,0
830,2015-11-04 14:00:00,0,0.149373,0.283503,0
831,2015-11-04 15:00:00,0,0.149374,0.283449,0
832,2015-11-04 16:00:00,0,0.149375,0.283354,0
833,2015-11-04 17:00:00,0,0.149377,0.283201,0
834,2015-11-04 18:00:00,0,0.14938,0.282985,0
835,2015-11-04 19:00:00,0,0.149383,0.282725,0
836,2015-11-04 20:00:00,0,0.149387,0.282476,0
837,2015-11-04 21:00:00,0,0.149387,0.28243,0
838,2015-11-04 22:00:00,0,0.149388,0.282391,0
839,2015-11-04 23:00:00,0,0.149388,0.282348,0
840,2015-11-05 00:00:00,0,0.149389,0.282311,0
841,2015-11-05 01:00:00,0,0.149389,0.282284,0
842,2015-11-05 02:00:00,0,0.149389,0.282262,0
843,2015-11-05 03:00:00,0,0.14939,0.282243,0
844,2015-11-05 04:00:00,0,0.14939,0.282226,0
845,2015-11-05 05:00:00,0,0.14939,0.282214,0
846,2015-11-05 06:00:00,0,0.14939,0.282205,0
847,2015-11-05 07:00:00,0,0.14939,0.282198,0
848,2015-11-05 08:00:00,0,0.14939,0.282194,0
849,2015-11-05 09:00:00,0,0.14939,0.282192,0
850,2015-11-05 10:00:00,0,0.14939,0.282192,0
851,2015-11-05 11:00:00,0,0.14939,0.282194,0
852,2015-11-05 12:00:00,0,0.14939,0.282196,0
853,2015-11-05 13:00:00,0,0.14939,0.282189,0
854,2015-11-05 14:00:00,0,0.14939,0.282171,0
855,2015-11-05 15:00:00,0,0.149391,0.28213,0
856,2015-11-05 16:00:00,0,0.149392,0.282086,0
857,2015-11-05 17:00:00,0,0.149392,0.282014,0
858,2015-11-05 18:00:00,0,0.149394,0.281917,0
859,2015-11-05 19:00:00,0,0.149395,0.281799,0
860,2015-11-05 20:00:00,0,0.149397,0.281629,0
861,2015-11-05 21:00:00,0,0.149398,0.281593,0
862,2015-11-05 22:00:00,0,0.149398,0.281574,0
863,2015-11-05 23:00:00,0,0.149398,0.281563,0
864,2015-11-06 00:00:00,0,0.149398,0.281557,0
865,2015-11-06 01:00:00,0,0.149398,0.281559,0
866,2015-11-06 02:00:00,0,0.149398,0.281549,0.000087
867,2015-11-06 03:00:00,0,0.149397,0.281682,0
868,2015-11-06 04:00:00,0,0.149397,0.28166,0
869,2015-11-06 05:00:00,0,0.149397,0.281645,0
870,2015-11-06 06:00:00,0,0.149397,0.281635,0
871,2015-11-06 07:00:00,0,0.149397,0.281627,0
872,2015-11-06 08:00:00,0,0.149397,0.281623,0
873,2015-11-06 09:00:00,0,0.149397,0.281621,0
874,2015-11-06 10:00:00,0,0.149397,0.281622,0
875,2015-11-06 11:00:00,0,0.149397,0.281622,0
876,2015-11-06 12:00:00,0,0.149397,0.281624,0
877,2015-11-06 13:00:00,0,0.149397,0.28162,0
878,2015-11-06 14:00:00,0,0.149398,0.281597,0
879,2015-11-06 15:00:00,0,0.149398,0.281541,0
880,2015-11-06 16:00:00,0,0.1494,0.281446,0
881,2015-11-06 17:00:00,0,0.149401,0.281319,0
882,2015-11-06 18:00:00,0,0.149403,0.28116,0
883,2015-11-06 19:00:00,0,0.149406,0.280955,0
884,2015-11-06 20:00:00,0,0.149408,0.280755,0
885,2015-11-06 21:00:00,0,0.149409,0.280696,0
886,2015-11-06 22:00:00,0,0.14941,0.280646,0
887,2015-11-06 23:00:00,0,0.14941,0.28061,0
888,2015-11-07 00:00:00,0,0.14941,0.280584,0
889,2015-11-07 01:00:00,0,0.149411,0.280571,0
890,2015-11-07 02:00:00,0,0.149411,0.280554,0
891,2015-11-07 03:00:00,0,0.149411,0.280535,0
892,2015-11-07 04:00:00,0,0.149411,0.280518,0
893,2015-11-07 05:00:00,0,0.149411,0.280498,0
894,2015-11-07 06:00:00,0,0.149412,0.280477,0
895,2015-11-07 07:00:00,0,0.149412,0.280455,0
896,2015-11-07 08:00:00,0,0.149412,0.280432,0
897,2015-11-07 09:00:00,0,0.149413,0.280409,0
898,2015-11-07 10:00:00,0,0.149413,0.280386,0
899,2015-11-07 11:00:00,0,0.149413,0.280364,0
900,2015-11-07 12:00:00,0,0.149413,0.280342,0
901,2015-11-07 13:00:00,0,0.149414,0.28031,0
902,2015-11-07 14:00:00,0,0.149415,0.280235,0
903,2015-11-07 15:00:00,0,0.149416,0.280107,0
904,2015-11-07 16:00:00,0,0.149419,0.279921,0
905,2015-11-07 17:00:00,0,0.149421,0.2797,0
906,2015-11-07 18:00:00,0,0.149424,0.279446,0
907,2015-11-07 19:00:00,0,0.149428,0.279153,0
908,2015-11-07 20:00:00,0,0.149431,0.278877,0
909,2015-11-07 21:00:00,0,0.149433,0.278744,0
910,2015-11-07 22:00:00,0,0.149434,0.278632,0
911,2015-11-07 23:00:00,0,0.149435,0.278543,0
912,2015-11-08 00:00:00,0,0.149436,0.27847,0
913,2015-11-08 01:00:00,0,0.149437,0.278415,0
914,2015-11-08 02:00:00,0,0.149437,0.278361,0
915,2015-11-08 03:00:00,0,0.149438,0.278307,0
916,2015-11-08 04:00:00,0,0.149439,0.278254,0
917,2015-11-08 05:00:00,0,0.149439,0.2782,0
918,2015-11-08 06:00:00,0,0.14944,0.278147,0
919,2015-11-08 07:00:00,0,0.149441,0.278096,0
920,2015-11-08 08:00:00,0,0.149441,0.27805,0
921,2015-11-08 09:00:00,0,0.149442,0.278007,0
922,2015-11-08 10:00:00,0,0.149442,0.277967,0
923,2015-11-08 11:00:00,0,0.149443,0.27793,0
924,2015-11-08 12:00:00,0,0.149443,0.277897,0
925,2015-11-08 13:00:00,0,0.149443,0.27786,0
926,2015-11-08 14:00:00,0,0.149444,0.277799,0
927,2015-11-08 15:00:00,0,0.149445,0.277702,0
928,2015-11-08 16:00:00,0,0.149447,0.277557,0
929,2015-11-08 17:00:00,0,0.149449,0.277369,0
930,2015-11-08 18:00:00,0,0.149452,0.277139,0
931,2015-11-08 19:00:00,0,0.149455,0.276887,0
932,2015-11-08 20:00:00,0,0.149458,0.276649,0
933,2015-11-08 21:00:00,0,0.149459,0.276561,0
934,2015-11-08 22:00:00,0,0.149459,0.27649,0
935,2015-11-08 23:00:00,0,0.14946,0.276428,0
936,2015-11-09 00:00:00,0,0.149461,0.276371,0
937,2015-11-09 01:00:00,0,0.149461,0.276322,0
938,2015-11-09 02:00:00,0,0.149462,0.276278,0
939,2015-11-09 03:00:00,0,0.149462,0.276237,0
940,2015-11-09 04:00:00,0,0.149463,0.276199,0
941,2015-11-09 05:00:00,0,0.149463,0.276164,0
942,2015-11-09 06:00:00,0,0.149464,0.27613,0
943,2015-11-09 07:00:00,0,0.149464,0.2761,0
944,2015-11-09 08:00:00,0,0.149464,0.27607,0
945,2015-11-09 09:00:00,0,0.149465,0.276042,0
946,2015-11-09 10:00:00,0,0.149465,0.276015,0
947,2015-11-09 11:00:00,0,0.149465,0.275992,0
948,2015-11-09 12:00:00,0,0.149465,0.275971,0
949,2015-11-09 13:00:00,0,0.149466,0.275946,0
950,2015-11-09 14:00:00,0,0.149466,0.275904,0
951,2015-11-09 15:00:00,0,0.149467,0.275834,0
952,2015-11-09 16:00:00,0,0.149468,0.275718,0
953,2015-11-09 17:00:00,0,0.14947,0.275549,0
954,2015-11-09 18:00:00,0,0.149473,0.275329,0
955,2015-11-09 19:00:00,0,0.149475,0.275084,0
956,2015-11-09 20:00:00,0,0.149478,0.274856,0
957,2015-11-09 21:00:00,0,0.149479,0.274781,0
958,2015-11-09 22:00:00,0,0.149479,0.274733,0
959,2015-11-09 23:00:00,0,0.14948,0.274688,0
960,2015-11-10 00:00:00,0,0.14948,0.274648,0
961,2015-11-10 01:00:00,0,0.149481,0.274615,0
962,2015-11-10 02:00:00,0,0.149481,0.274583,0
963,2015-11-10 03:00:00,0,0.149481,0.274553,0
964,2015-11-10 04:00:00,0,0.149482,0.274524,0
965,2015-11-10 05:00:00,0,0.149482,0.274499,0
966,2015-11-10 06:00:00,0,0.149482,0.27448,0
967,2015-11-10 07:00:00,0,0.149482,0.274462,0
968,2015-11-10 08:00:00,0,0.149482,0.27445,0
969,2015-11-10 09:00:00,0,0.149482,0.274449,0
970,2015-11-10 10:00:00,0,0.149482,0.274448,0
971,2015-11-10 11:00:00,0,0.149482,0.274447,0
972,2015-11-10 12:00:00,0,0.149483,0.274446,0
973,2015-11-10 13:00:00,0,0.149483,0.274436,0
974,2015-11-10 14:00:00,0,0.149483,0.274409,0
975,2015-11-10 15:00:00,0,0.149484,0.274354,0
976,2015-11-10 16:00:00,0,0.149484,0.274281,0
977,2015-11-10 17:00:00,0,0.149485,0.274186,0
978,2015-11-10 18:00:00,0,0.149487,0.274074,0
979,2015-11-10 19:00:00,0,0.149488,0.273982,0.000189
980,2015-11-10 20:00:00,0,0.149485,0.274206,0.000309
981,2015-11-10 21:00:00,0,0.14948,0.274709,0.000455
982,2015-11-10 22:00:00,0,0.149471,0.275479,0.000275
983,2015-11-10 23:00:00,0,0.149466,0.275938,0.000152
984,2015-11-11 00:00:00,0,0.149463,0.276184,0.000035
985,2015-11-11 01:00:00,0,0.149462,0.276227,0.000256
986,2015-11-11 02:00:00,0,0.149457,0.276653,0.000183
987,2015-11-11 03:00:00,0,0.149454,0.276952,0
988,2015-11-11 04:00:00,0,0.149454,0.276929,0
989,2015-11-11 05:00:00,0,0.149455,0.27691,0
990,2015-11-11 06:00:00,0,0.149455,0.276892,0
991,2015-11-11 07:00:00,0,0.149455,0.276877,0
992,2015-11-11 08:00:00,0,0.149455,0.276862,0
993,2015-11-11 09:00:00,0,0.149455,0.276846,0.000009
994,2015-11-11 10:00:00,0,0.149455,0.276847,0
995,2015-11-11 11:00:00,0,0.149455,0.276832,0
996,2015-11-11 12:00:00,0,0.149456,0.276815,0.000007
997,2015-11-11 13:00:00,0,0.149456,0.276809,0.000102
998,2015-11-11 14:00:00,0,0.149454,0.276963,0
999,2015-11-11 15:00:00,0,0.149454,0.276931,0
1000,2015-11-11 16:00:00,0,0.149455,0.276897,0
1001,2015-11-11 17:00:00,0,0.149455,0.276858,0
1002,2015-11-11 18:00:00,0,0.149456,0.276815,0
1003,2015-11-11 19:00:00,0,0.149456,0.276755,0
1004,2015-11-11 20:00:00,0,0.149457,0.276658,0
1005,2015-11-11 21:00:00,0,0.149458,0.276634,0
1006,2015-11-11 22:00:00,0,0.149458,0.276615,0
1007,2015-11-11 23:00:00,0,0.149458,0.276597,0
1008,2015-11-12 00:00:00,0,0.149458,0.276579,0
1009,2015-11-12 01:00:00,0,0.149459,0.276562,0
1010,2015-11-12 02:00:00,0,0.149459,0.276546,0
1011,2015-11-12 03:00:00,0,0.149459,0.276531,0
1012,2015-11-12 04:00:00,0,0.149459,0.276517,0
1013,2015-11-12 05:00:00,0,0.149459,0.276505,0
1014,2015-11-12 06:00:00,0,0.149459,0.276494,0
1015,2015-11-12 07:00:00,0,0.149459,0.276486,0
1016,2015-11-12 08:00:00,0,0.14946,0.276479,0
1017,2015-11-12 09:00:00,0,0.14946,0.276473,0
1018,2015-11-12 10:00:00,0,0.14946,0.276467,0
1019,2015-11-12 11:00:00,0,0.14946,0.276462,0
1020,2015-11-12 12:00:00,0,0.14946,0.276456,0
1021,2015-11-12 13:00:00,0,0.14946,0.276447,0
1022,2015-11-12 14:00:00,0,0.14946,0.276428,0
1023,2015-11-12 15:00:00,0,0.14946,0.276396,0
1024,2015-11-12 16:00:00,0,0.149461,0.276353,0.000064
1025,2015-11-12 17:00:00,0,0.14946,0.276422,0.000125
1026,2015-11-12 18:00:00,0,0.149458,0.27659,0.000088
1027,2015-11-12 19:00:00,0,0.149457,0.276686,0.000092
1028,2015-11-12 20:00:00,0,0.149456,0.276758,0
1029,2015-11-12 21:00:00,0,0.149456,0.276741,0.000016
1030,2015-11-12 22:00:00,0,0.149456,0.27676,0
1031,2015-11-12 23:00:00,0,0.149456,0.276753,0
1032,2015-11-13 00:00:00,0,0.149456,0.276748,0.000009
1033,2015-11-13 01:00:00,0,0.149456,0.27676,0
1034,2015-11-13 02:00:00,0,0.149456,0.276755,0
1035,2015-11-13 03:00:00,0,0.149456,0.276748,0
1036,2015-11-13 04:00:00,0,0.149456,0.276741,0
1037,2015-11-13 05:00:00,0,0.149457,0.276732,0
1038,2015-11-13 06:00:00,0,0.149457,0.27672,0
1039,2015-11-13 07:00:00,0,0.149457,0.276709,0
1040,2015-11-13 08:00:00,0,0.149457,0.276689,0
1041,2015-11-13 09:00:00,0,0.149457,0.276661,0
1042,2015-11-13 10:00:00,0,0.149458,0.27662,0
1043,2015-11-13 11:00:00,0,0.149458,0.27658,0
1044,2015-11-13 12:00:00,0,0.149459,0.276541,0
1045,2015-11-13 13:00:00,0,0.149459,0.276499,0
1046,2015-11-13 14:00:00,0,0.14946,0.276433,0
1047,2015-11-13 15:00:00,0,0.149461,0.276338,0
1048,2015-11-13 16:00:00,0,0.149463,0.276214,0
1049,2015-11-13 17:00:00,0,0.149464,0.276069,0
1050,2015-11-13 18:00:00,0,0.149466,0.275901,0
1051,2015-11-13 19:00:00,0,0.149468,0.275706,0
1052,2015-11-13 20:00:00,0,0.149471,0.275499,0
1053,2015-11-13 21:00:00,0,0.149472,0.27539,0
1054,2015-11-13 22:00:00,0,0.149473,0.275288,0
1055,2015-11-13 23:00:00,0,0.149474,0.275194,0
1056,2015-11-14 00:00:00,0,0.149475,0.275105,0
1057,2015-11-14 01:00:00,0,0.149476,0.275024,0
1058,2015-11-14 02:00:00,0,0.149477,0.274941,0
1059,2015-11-14 03:00:00,0,0.149478,0.274856,0.000053
1060,2015-11-14 04:00:00,0,0.149478,0.274864,0
1061,2015-11-14 05:00:00,0,0.149479,0.274779,0
1062,2015-11-14 06:00:00,0,0.14948,0.274691,0
1063,2015-11-14 07:00:00,0,0.149481,0.274604,0
1064,2015-11-14 08:00:00,0,0.149482,0.274523,0
1065,2015-11-14 09:00:00,0,0.149482,0.274448,0
1066,2015-11-14 10:00:00,0,0.149483,0.274381,0
1067,2015-11-14 11:00:00,0,0.149484,0.274321,0
1068,2015-11-14 12:00:00,0,0.149484,0.274269,0
1069,2015-11-14 13:00:00,0,0.149485,0.274219,0
1070,2015-11-14 14:00:00,0,0.149486,0.274147,0
1071,2015-11-14 15:00:00,0,0.149487,0.274052,0
1072,2015-11-14 16:00:00,0,0.149488,0.273929,0
1073,2015-11-14 17:00:00,0,0.14949,0.273788,0
1074,2015-11-14 18:00:00,0,0.149492,0.273627,0
1075,2015-11-14 19:00:00,0,0.149494,0.273438,0
1076,2015-11-14 20:00:00,0,0.149496,0.273256,0
1077,2015-11-14 21:00:00,0,0.149497,0.273161,0
1078,2015-11-14 22:00:00,0,0.149498,0.273076,0
1079,2015-11-14 23:00:00,0,0.149498,0.273003,0
1080,2015-11-15 00:00:00,0,0.149499,0.272941,0
1081,2015-11-15 01:00:00,0,0.1495,0.272887,0
1082,2015-11-15 02:00:00,0,0.1495,0.27284,0
1083,2015-11-15 03:00:00,0,0.149501,0.272799,0
1084,2015-11-15 04:00:00,0,0.149501,0.272763,0
1085,2015-11-15 05:00:00,0,0.149501,0.272732,0
1086,2015-11-15 06:00:00,0,0.149502,0.272705,0
1087,2015-11-15 07:00:00,0,0.149502,0.272684,0
1088,2015-11-15 08:00:00,0,0.149502,0.272665,0
1089,2015-11-15 09:00:00,0,0.149502,0.272647,0
1090,2015-11-15 10:00:00,0,0.149502,0.272629,0
1091,2015-11-15 11:00:00,0,0.149503,0.272612,0
1092,2015-11-15 12:00:00,0,0.149503,0.272596,0
1093,2015-11-15 13:00:00,0,0.149503,0.272575,0
1094,2015-11-15 14:00:00,0,0.149503,0.272532,0
1095,2015-11-15 15:00:00,0,0.149504,0.27246,0
1096,2015-11-15 16:00:00,0,0.149505,0.272354,0
1097,2015-11-15 17:00:00,0,0.149507,0.272218,0
1098,2015-11-15 18:00:00,0,0.149509,0.272049,0
1099,2015-11-15 19:00:00,0,0.149511,0.271847,0
1100,2015-11-15 20:00:00,0,0.149513,0.271655,0
1101,2015-11-15 21:00:00,0,0.149513,0.271581,0
1102,2015-11-15 22:00:00,0,0.149514,0.271523,0
1103,2015-11-15 23:00:00,0,0.149515,0.271474,0
1104,2015-11-16 00:00:00,0,0.149515,0.271435,0
1105,2015-11-16 01:00:00,0,0.149515,0.271402,0
1106,2015-11-16 02:00:00,0,0.149516,0.271372,0
1107,2015-11-16 03:00:00,0,0.149516,0.271345,0
1108,2015-11-16 04:00:00,0,0.149516,0.271318,0
1109,2015-11-16 05:00:00,0,0.149517,0.271293,0
1110,2015-11-16 06:00:00,0,0.149517,0.271269,0
1111,2015-11-16 07:00:00,0,0.149517,0.27125,0
1112,2015-11-16 08:00:00,0,0.149517,0.27123,0
1113,2015-11-16 09:00:00,0,0.149517,0.271211,0
1114,2015-11-16 10:00:00,0,0.149518,0.271195,0
1115,2015-11-16 11:00:00,0,0.149518,0.271179,0
1116,2015-11-16 12:00:00,0,0.149518,0.271165,0
1117,2015-11-16 13:00:00,0,0.149518,0.271144,0
1118,2015-11-16 14:00:00,0,0.149519,0.271102,0
1119,2015-11-16 15:00:00,0,0.149519,0.271028,0
1120,2015-11-16 16:00:00,0,0.149521,0.270904,0
1121,2015-11-16 17:00:00,0,0.149522,0.270728,0
1122,2015-11-16 18:00:00,0,0.149525,0.270499,0
1123,2015-11-16 19:00:00,0,0.149527,0.270243,0
1124,2015-11-16 20:00:00,0,0.14953,0.27,0
1125,2015-11-16 21:00:00,0,0.149531,0.269913,0
1126,2015-11-16 22:00:00,0,0.149531,0.269846,0
1127,2015-11-16 23:00:00,0,0.149532,0.269788,0
1128,2015-11-17 00:00:00,0,0.149533,0.269736,0
1129,2015-11-17 01:00:00,0,0.149533,0.26969,0
1130,2015-11-17 02:00:00,0,0.149534,0.269646,0
1131,2015-11-17 03:00:00,0,0.149534,0.269601,0
1132,2015-11-17 04:00:00,0,0.149534,0.269556,0
1133,2015-11-17 05:00:00,0,0.149535,0.269511,0
1134,2015-11-17 06:00:00,0,0.149535,0.269465,0
1135,2015-11-17 07:00:00,0,0.149536,0.269421,0
1136,2015-11-17 08:00:00,0,0.149536,0.269383,0
1137,2015-11-17 09:00:00,0,0.149537,0.269353,0
1138,2015-11-17 10:00:00,0,0.149537,0.269329,0
1139,2015-11-17 11:00:00,0,0.149537,0.269308,0
1140,2015-11-17 12:00:00,0,0.149537,0.26929,0
1141,2015-11-17 13:00:00,0,0.149537,0.26927,0
1142,2015-11-17 14:00:00,0,0.149538,0.269228,0
1143,2015-11-17 15:00:00,0,0.149538,0.269158,0
1144,2015-11-17 16:00:00,0,0.14954,0.269046,0
1145,2015-11-17 17:00:00,0,0.149541,0.268897,0
1146,2015-11-17 18:00:00,0,0.149543,0.268706,0
1147,2015-11-17 19:00:00,0,0.149545,0.268501,0
1148,2015-11-17 20:00:00,0,0.149547,0.268308,0
1149,2015-11-17 21:00:00,0,0.149547,0.268274,0
1150,2015-11-17 22:00:00,0,0.149547,0.268258,0
1151,2015-11-17 23:00:00,0,0.149548,0.268227,0
1152,2015-11-18 00:00:00,0,0.149548,0.268198,0
1153,2015-11-18 01:00:00,0,0.149548,0.268172,0
1154,2015-11-18 02:00:00,0,0.149549,0.268151,0
1155,2015-11-18 03:00:00,0,0.149549,0.268136,0
1156,2015-11-18 04:00:00,0,0.149549,0.268125,0
1157,2015-11-18 05:00:00,0,0.149549,0.268125,0
1158,2015-11-18 06:00:00,0,0.149549,0.268125,0
1159,2015-11-18 07:00:00,0,0.149549,0.268126,0
1160,2015-11-18 08:00:00,0,0.149549,0.268127,0
1161,2015-11-18 09:00:00,0,0.149549,0.268129,0
1162,2015-11-18 10:00:00,0,0.149549,0.26813,0
1163,2015-11-18 11:00:00,0,0.149549,0.268132,0
1164,2015-11-18 12:00:00,0,0.149549,0.268132,0
1165,2015-11-18 13:00:00,0,0.149549,0.268132,0
1166,2015-11-18 14:00:00,0,0.149549,0.268106,0
1167,2015-11-18 15:00:00,0,0.149549,0.268053,0
1168,2015-11-18 16:00:00,0,0.14955,0.26796,0
1169,2015-11-18 17:00:00,0,0.149552,0.26783,0
1170,2015-11-18 18:00:00,0,0.149553,0.267661,0
1171,2015-11-18 19:00:00,0,0.149555,0.267477,0
1172,2015-11-18 20:00:00,0,0.149557,0.267311,0
1173,2015-11-18 21:00:00,0,0.149557,0.267267,0
1174,2015-11-18 22:00:00,0,0.149557,0.267238,0
1175,2015-11-18 23:00:00,0,0.149558,0.267219,0
1176,2015-11-19 00:00:00,0,0.149558,0.267206,0
1177,2015-11-19 01:00:00,0,0.149558,0.267197,0
1178,2015-11-19 02:00:00,0,0.149558,0.267184,0
1179,2015-11-19 03:00:00,0,0.149558,0.267168,0
1180,2015-11-19 04:00:00,0,0.149558,0.26715,0
1181,2015-11-19 05:00:00,0,0.149558,0.267139,0
1182,2015-11-19 06:00:00,0,0.149559,0.267131,0
1183,2015-11-19 07:00:00,0,0.149559,0.267125,0
1184,2015-11-19 08:00:00,0,0.149559,0.267122,0
1185,2015-11-19 09:00:00,0,0.149559,0.267121,0
1186,2015-11-19 10:00:00,0,0.149559,0.26712,0
1187,2015-11-19 11:00:00,0,0.149559,0.267122,0
1188,2015-11-19 12:00:00,0,0.149559,0.267127,0
1189,2015-11-19 13:00:00,0,0.149558,0.267133,0
1190,2015-11-19 14:00:00,0,0.149559,0.267127,0
1191,2015-11-19 15:00:00,0,0.149559,0.267105,0
1192,2015-11-19 16:00:00,0,0.149559,0.267063,0
1193,2015-11-19 17:00:00,0,0.14956,0.267003,0
1194,2015-11-19 18:00:00,0,0.149561,0.266924,0
1195,2015-11-19 19:00:00,0,0.149561,0.266834,0
1196,2015-11-19 20:00:00,0,0.149563,0.266697,0.000009
1197,2015-11-19 21:00:00,0,0.149563,0.26669,0
1198,2015-11-19 22:00:00,0,0.149563,0.266676,0
1199,2015-11-19 23:00:00,0,0.149563,0.266663,0
1200,2015-11-20 00:00:00,0,0.149563,0.266651,0
1201,2015-11-20 01:00:00,0,0.149563,0.26664,0
1202,2015-11-20 02:00:00,0,0.149563,0.26663,0
1203,2015-11-20 03:00:00,0,0.149563,0.266622,0.000265
1204,2015-11-20 04:00:00,0,0.149559,0.267078,0.001077
1205,2015-11-20 05:00:00,0,0.149541,0.268946,0.001401
1206,2015-11-20 06:00:00,0,0.149516,0.271368,0.001797
1207,2015-11-20 07:00:00,0,0.149482,0.27446,0.002181
1208,2015-11-20 08:00:00,0,0.14944,0.278186,0.002468
1209,2015-11-20 09:00:00,0,0.149388,0.282377,0.000694
1210,2015-11-20 10:00:00,0,0.149372,0.283583,0.000069
1211,2015-11-20 11:00:00,0,0.149371,0.283706,0
1212,2015-11-20 12:00:00,0,0.149371,0.283703,0
1213,2015-11-20 13:00:00,0,0.149371,0.283694,0
1214,2015-11-20 14:00:00,0,0.149371,0.28365,0
1215,2015-11-20 15:00:00,0,0.149372,0.283565,0
1216,2015-11-20 16:00:00,0,0.149374,0.28342,0
1217,2015-11-20 17:00:00,0,0.149377,0.283227,0
1218,2015-11-20 18:00:00,0,0.14938,0.282985,0
1219,2015-11-20 19:00:00,0,0.149383,0.282721,0
1220,2015-11-20 20:00:00,0,0.149387,0.282477,0
1221,2015-11-20 21:00:00,0,0.149388,0.282368,0
1222,2015-11-20 22:00:00,0,0.149389,0.282279,0
1223,2015-11-20 23:00:00,0,0.14939,0.282204,0
1224,2015-11-21 00:00:00,0,0.149391,0.282139,0
1225,2015-11-21 01:00:00,0,0.149392,0.282084,0
1226,2015-11-21 02:00:00,0,0.149392,0.282032,0
1227,2015-11-21 03:00:00,0,0.149393,0.281981,0
1228,2015-11-21 04:00:00,0,0.149393,0.281933,0
1229,2015-11-21 05:00:00,0,0.149394,0.281889,0
1230,2015-11-21 06:00:00,0,0.149395,0.281848,0
1231,2015-11-21 07:00:00,0,0.149395,0.281811,0
1232,2015-11-21 08:00:00,0,0.149395,0.281776,0
1233,2015-11-21 09:00:00,0,0.149396,0.281743,0
1234,2015-11-21 10:00:00,0,0.149396,0.28171,0
1235,2015-11-21 11:00:00,0,0.149397,0.281682,0
1236,2015-11-21 12:00:00,0,0.149397,0.281657,0
1237,2015-11-21 13:00:00,0,0.149397,0.281627,0
1238,2015-11-21 14:00:00,0,0.149398,0.281578,0
1239,2015-11-21 15:00:00,0,0.149399,0.281504,0
1240,2015-11-21 16:00:00,0,0.1494,0.281383,0
1241,2015-11-21 17:00:00,0,0.149402,0.281226,0
1242,2015-11-21 18:00:00,0,0.149405,0.28103,0
1243,2015-11-21 19:00:00,0,0.149408,0.280817,0
1244,2015-11-21 20:00:00,0,0.14941,0.280619,0
1245,2015-11-21 21:00:00,0,0.149411,0.280552,0
1246,2015-11-21 22:00:00,0,0.149411,0.280503,0
1247,2015-11-21 23:00:00,0,0.149412,0.280464,0
1248,2015-11-22 00:00:00,0,0.149412,0.280435,0
1249,2015-11-22 01:00:00,0,0.149413,0.280416,0
1250,2015-11-22 02:00:00,0,0.149413,0.2804,0
1251,2015-11-22 03:00:00,0,0.149413,0.280386,0
1252,2015-11-22 04:00:00,0,0.149413,0.280373,0
1253,2015-11-22 05:00:00,0,0.149413,0.280365,0
1254,2015-11-22 06:00:00,0,0.149413,0.28036,0
1255,2015-11-22 07:00:00,0,0.149413,0.280355,0
1256,2015-11-22 08:00:00,0,0.149413,0.280354,0
1257,2015-11-22 09:00:00,0,0.149413,0.280357,0
1258,2015-11-22 10:00:00,0,0.149413,0.280359,0
1259,2015-11-22 11:00:00,0,0.149413,0.28036,0
1260,2015-11-22 12:00:00,0,0.149413,0.280361,0
1261,2015-11-22 13:00:00,0,0.149413,0.280361,0
1262,2015-11-22 14:00:00,0,0.149413,0.280355,0
1263,2015-11-22 15:00:00,0,0.149413,0.280343,0
1264,2015-11-22 16:00:00,0,0.149414,0.280314,0
1265,2015-11-22 17:00:00,0,0.149414,0.280271,0
1266,2015-11-22 18:00:00,0,0.149415,0.280206,0
1267,2015-11-22 19:00:00,0,0.149416,0.2801,0
1268,2015-11-22 20:00:00,0,0.149419,0.279923,0
1269,2015-11-22 21:00:00,0,0.149419,0.279882,0.000059
1270,2015-11-22 22:00:00,0,0.149418,0.279954,0.000011
1271,2015-11-22 23:00:00,0,0.149418,0.279942,0
1272,2015-11-23 00:00:00,0,0.149419,0.27991,0.000082
1273,2015-11-23 01:00:00,0,0.149417,0.280019,0.000065
1274,2015-11-23 02:00:00,0,0.149416,0.280098,0.000072
1275,2015-11-23 03:00:00,0,0.149415,0.280186,0.000273
1276,2015-11-23 04:00:00,0,0.14941,0.280622,0
1277,2015-11-23 05:00:00,0,0.14941,0.28058,0
1278,2015-11-23 06:00:00,0,0.149411,0.280534,0
1279,2015-11-23 07:00:00,0,0.149412,0.280486,0
1280,2015-11-23 08:00:00,0,0.149412,0.280442,0
1281,2015-11-23 09:00:00,0,0.149413,0.2804,0
1282,2015-11-23 10:00:00,0.000004,0.149413,0.280362,0
1283,2015-11-23 11:00:00,0.000011,0.149414,0.280324,0
1284,2015-11-23 12:00:00,0.000021,0.149414,0.280285,0
1285,2015-11-23 13:00:00,0.000029,0.149415,0.280245,0
1286,2015-11-23 14:00:00,0.000033,0.149415,0.280184,0
1287,2015-11-23 15:00:00,0.000028,0.149416,0.2801,0
1288,2015-11-23 16:00:00,0.000018,0.149418,0.279985,0
1289,2015-11-23 17:00:00,0.000009,0.14942,0.279844,0
1290,2015-11-23 18:00:00,0.000003,0.149422,0.279673,0
1291,2015-11-23 19:00:00,0,0.149424,0.279488,0
1292,2015-11-23 20:00:00,0,0.149426,0.279311,0
1293,2015-11-23 21:00:00,0,0.149427,0.279224,0
1294,2015-11-23 22:00:00,0,0.149428,0.279148,0
1295,2015-11-23 23:00:00,0,0.149429,0.279082,0
1296,2015-11-24 00:00:00,0,0.14943,0.279024,0
1297,2015-11-24 01:00:00,0,0.14943,0.278975,0
1298,2015-11-24 02:00:00,0,0.149431,0.278929,0
1299,2015-11-24 03:00:00,0,0.149431,0.278929,0
1300,2015-11-24 04:00:00,0,0.149431,0.278929,0
1301,2015-11-24 05:00:00,0,0.149431,0.278929,0
1302,2015-11-24 06:00:00,0,0.149431,0.278929,0
1303,2015-11-24 07:00:00,0,0.149431,0.278929,0
1304,2015-11-24 08:00:00,0,0.149431,0.278929,0
1305,2015-11-24 09:00:00,0,0.149431,0.278929,0
1306,2015-11-24 10:00:00,0,0.149431,0.278929,0
1307,2015-11-24 11:00:00,0,0.149431,0.278929,0
1308,2015-11-24 12:00:00,0,0.149431,0.278929,0
1309,2015-11-24 13:00:00,0,0.149431,0.278929,0
1310,2015-11-24 14:00:00,0,0.149431,0.278929,0
1311,2015-11-24 15:00:00,0,0.149431,0.278929,0
1312,2015-11-24 16:00:00,0,0.149431,0.278929,0
1313,2015-11-24 17:00:00,0,0.149431,0.278929,0
1314,2015-11-24 18:00:00,0,0.149432,0.278845,0
1315,2015-11-24 19:00:00,0,0.149434,0.278682,0
1316,2015-11-24 20:00:00,0,0.149436,0.278523,0
1317,2015-11-24 21:00:00,0,0.149436,0.278465,0
1318,2015-11-24 22:00:00,0,0.149437,0.27842,0
1319,2015-11-24 23:00:00,0,0.149437,0.278379,0
1320,2015-11-25 00:00:00,0,0.149438,0.278343,0
1321,2015-11-25 01:00:00,0,0.149438,0.278311,0
1322,2015-11-25 02:00:00,0,0.149438,0.278311,0
1323,2015-11-25 03:00:00,0,0.149438,0.278311,0
1324,2015-11-25 04:00:00,0,0.149438,0.278311,0
1325,2015-11-25 05:00:00,0,0.149438,0.278311,0
1326,2015-11-25 06:00:00,0,0.149438,0.278311,0
1327,2015-11-25 07:00:00,0,0.149438,0.278311,0
1328,2015-11-25 08:00:00,0,0.149438,0.278311,0
1329,2015-11-25 09:00:00,0,0.149438,0.278311,0
1330,2015-11-25 10:00:00,0,0.149438,0.278311,0
1331,2015-11-25 11:00:00,0,0.149438,0.278311,0
1332,2015-11-25 12:00:00,0,0.149438,0.278311,0
1333,2015-11-25 13:00:00,0,0.149438,0.278311,0
1334,2015-11-25 14:00:00,0,0.149438,0.278311,0
1335,2015-11-25 15:00:00,0,0.149438,0.278311,0
1336,2015-11-25 16:00:00,0,0.149438,0.278311,0
1337,2015-11-25 17:00:00,0,0.149439,0.27826,0
1338,2015-11-25 18:00:00,0,0.14944,0.278156,0
1339,2015-11-25 19:00:00,0,0.149442,0.277982,0
1340,2015-11-25 20:00:00,0,0.149444,0.277805,0
1341,2015-11-25 21:00:00,0,0.149444,0.277767,0
1342,2015-11-25 22:00:00,0,0.149445,0.277731,0
1343,2015-11-25 23:00:00,0,0.149445,0.277693,0
1344,2015-11-26 00:00:00,0,0.149446,0.277658,0
1345,2015-11-26 01:00:00,0,0.149446,0.277628,0
1346,2015-11-26 02:00:00,0,0.149446,0.277601,0
1347,2015-11-26 03:00:00,0,0.149447,0.277578,0
1348,2015-11-26 04:00:00,0,0.149447,0.277578,0
1349,2015-11-26 05:00:00,0,0.149447,0.277578,0
1350,2015-11-26 06:00:00,0,0.149447,0.277578,0
1351,2015-11-26 07:00:00,0,0.149447,0.277578,0
1352,2015-11-26 08:00:00,0,0.149447,0.277578,0
1353,2015-11-26 09:00:00,0,0.149447,0.277578,0
1354,2015-11-26 10:00:00,0,0.149447,0.277578,0
1355,2015-11-26 11:00:00,0,0.149447,0.277578,0
1356,2015-11-26 12:00:00,0,0.149447,0.277578,0
1357,2015-11-26 13:00:00,0,0.149447,0.277578,0
1358,2015-11-26 14:00:00,0,0.149447,0.277578,0
1359,2015-11-26 15:00:00,0,0.149447,0.27756,0
1360,2015-11-26 16:00:00,0,0.149448,0.277505,0
1361,2015-11-26 17:00:00,0,0.149449,0.277405,0
1362,2015-11-26 18:00:00,0,0.149451,0.277254,0
1363,2015-11-26 19:00:00,0,0.149453,0.27708,0
1364,2015-11-26 20:00:00,0,0.149454,0.276913,0
1365,2015-11-26 21:00:00,0,0.149455,0.276882,0
1366,2015-11-26 22:00:00,0,0.149455,0.276868,0
1367,2015-11-26 23:00:00,0,0.149455,0.276859,0
1368,2015-11-27 00:00:00,0,0.149455,0.276851,0
1369,2015-11-27 01:00:00,0,0.149455,0.276846,0
1370,2015-11-27 02:00:00,0,0.149455,0.27684,0
1371,2015-11-27 03:00:00,0,0.149455,0.276836,0
1372,2015-11-27 04:00:00,0,0.149455,0.276831,0
1373,2015-11-27 05:00:00,0,0.149455,0.276829,0
1374,2015-11-27 06:00:00,0,0.149455,0.276827,0
1375,2015-11-27 07:00:00,0,0.149455,0.276826,0
1376,2015-11-27 08:00:00,0,0.149455,0.276827,0
1377,2015-11-27 09:00:00,0,0.149455,0.276828,0
1378,2015-11-27 10:00:00,0,0.149455,0.27683,0
1379,2015-11-27 11:00:00,0,0.149455,0.276834,0
1380,2015-11-27 12:00:00,0,0.149455,0.276838,0
1381,2015-11-27 13:00:00,0,0.149455,0.276842,0
1382,2015-11-27 14:00:00,0,0.149455,0.276829,0
1383,2015-11-27 15:00:00,0,0.149456,0.276793,0
1384,2015-11-27 16:00:00,0,0.149457,0.276717,0
1385,2015-11-27 17:00:00,0,0.149458,0.276595,0
1386,2015-11-27 18:00:00,0,0.14946,0.276422,0
1387,2015-11-27 19:00:00,0,0.149462,0.27622,0
1388,2015-11-27 20:00:00,0,0.149465,0.276027,0
1389,2015-11-27 21:00:00,0,0.149465,0.275976,0
1390,2015-11-27 22:00:00,0,0.149466,0.275943,0
1391,2015-11-27 23:00:00,0,0.149466,0.275918,0
1392,2015-11-28 00:00:00,0,0.149466,0.275901,0
1393,2015-11-28 01:00:00,0,0.149466,0.27589,0
1394,2015-11-28 02:00:00,0,0.149466,0.275879,0
1395,2015-11-28 03:00:00,0,0.149467,0.275867,0
1396,2015-11-28 04:00:00,0,0.149467,0.275853,0
1397,2015-11-28 05:00:00,0,0.149467,0.275841,0
1398,2015-11-28 06:00:00,0,0.149467,0.275832,0
1399,2015-11-28 07:00:00,0,0.149467,0.275822,0
1400,2015-11-28 08:00:00,0,0.149467,0.275813,0
1401,2015-11-28 09:00:00,0,0.149467,0.275808,0
1402,2015-11-28 10:00:00,0,0.149467,0.275801,0
1403,2015-11-28 11:00:00,0,0.149467,0.275797,0
1404,2015-11-28 12:00:00,0,0.149467,0.275797,0
1405,2015-11-28 13:00:00,0,0.149467,0.275798,0
1406,2015-11-28 14:00:00,0,0.149467,0.275797,0
1407,2015-11-28 15:00:00,0,0.149467,0.275793,0.000039
1408,2015-11-28 16:00:00,0,0.149467,0.275858,0.000106
1409,2015-11-28 17:00:00,0,0.149465,0.276034,0.000133
1410,2015-11-28 18:00:00,0,0.149462,0.276246,0.000233
1411,2015-11-28 19:00:00,0,0.149458,0.276616,0.000475
1412,2015-11-28 20:00:00,0,0.149449,0.277354,0.000236
1413,2015-11-28 21:00:00,0,0.149445,0.277747,0
1414,2015-11-28 22:00:00,0,0.149445,0.277738,0.000063
1415,2015-11-28 23:00:00,0,0.149444,0.277842,0
1416,2015-11-29 00:00:00,0,0.149444,0.277839,0
1417,2015-11-29 01:00:00,0,0.149444,0.277838,0
1418,2015-11-29 02:00:00,0,0.149444,0.277834,0
1419,2015-11-29 03:00:00,0,0.149444,0.277828,0
1420,2015-11-29 04:00:00,0,0.149444,0.277824,0
1421,2015-11-29 05:00:00,0,0.149444,0.277819,0
1422,2015-11-29 06:00:00,0,0.149444,0.277811,0
1423,2015-11-29 07:00:00,0,0.149444,0.277804,0
1424,2015-11-29 08:00:00,0,0.149444,0.277797,0
1425,2015-11-29 09:00:00,0,0.149444,0.277789,0
1426,2015-11-29 10:00:00,0,0.149444,0.27778,0
1427,2015-11-29 11:00:00,0,0.149444,0.277771,0
1428,2015-11-29 12:00:00,0,0.149445,0.277761,0
1429,2015-11-29 13:00:00,0.000461,0.149445,0.277751,0
1430,2015-11-29 14:00:00,0.00079,0.149445,0.277717,0
1431,2015-11-29 15:00:00,0.000842,0.149446,0.277651,0
1432,2015-11-29 16:00:00,0.00066,0.149447,0.27754,0
1433,2015-11-29 17:00:00,0.000392,0.149449,0.27739,0
1434,2015-11-29 18:00:00,0.000182,0.149451,0.277189,0
1435,2015-11-29 19:00:00,0.000056,0.149454,0.276968,0
1436,2015-11-29 20:00:00,0.000015,0.149456,0.27676,0
1437,2015-11-29 21:00:00,0.000002,0.149457,0.276698,0
1438,2015-11-29 22:00:00,0.000001,0.149457,0.276655,0
1439,2015-11-29 23:00:00,0,0.149458,0.27661,0
1440,2015-11-30 00:00:00,0,0.149459,0.276566,0
1441,2015-11-30 01:00:00,0.000003,0.149459,0.276525,0
1442,2015-11-30 02:00:00,0.000116,0.149459,0.276489,0
1443,2015-11-30 03:00:00,0.000292,0.14946,0.276456,0
1444,2015-11-30 04:00:00,0.000534,0.14946,0.276427,0
1445,2015-11-30 05:00:00,0.000822,0.14946,0.276399,0
1446,2015-11-30 06:00:00,0.001185,0.149461,0.276373,0
1447,2015-11-30 07:00:00,0.001476,0.149461,0.276373,0
1448,2015-11-30 08:00:00,0.00177,0.149461,0.276373,0
1449,2015-11-30 09:00:00,0.002063,0.149461,0.276373,0
1450,2015-11-30 10:00:00,0.002173,0.149461,0.276373,0
1451,2015-11-30 11:00:00,0.002251,0.149461,0.276373,0
1452,2015-11-30 12:00:00,0.0023,0.149461,0.276373,0
1453,2015-11-30 13:00:00,0.002569,0.149461,0.276373,0
1454,2015-11-30 14:00:00,0.003965,0.149461,0.276374,0
1455,2015-11-30 15:00:00,0.004799,0.149461,0.276375,0
1456,2015-11-30 16:00:00,0.004138,0.149461,0.276377,0
1457,2015-11-30 17:00:00,0.002695,0.149462,0.276284,0
1458,2015-11-30 18:00:00,0.00145,0.149463,0.276153,0
1459,2015-11-30 19:00:00,0.000581,0.149465,0.275995,0
1460,2015-11-30 20:00:00,0.000179,0.149467,0.275845,0
1461,2015-11-30 21:00:00,0.000022,0.149467,0.275805,0
1462,2015-11-30 22:00:00,0.000016,0.149468,0.275779,0
1463,2015-11-30 23:00:00,0.000013,0.149468,0.275758,0
1464,2015-12-01 00:00:00,0.000011,0.149468,0.275743,0
1465,2015-12-01 01:00:00,0.000074,0.149468,0.275733,0
1466,2015-12-01 02:00:00,0.000144,0.149468,0.275725,0
1467,2015-12-01 03:00:00,0.000215,0.149468,0.275719,0
1468,2015-12-01 04:00:00,0.000288,0.149468,0.275714,0
1469,2015-12-01 05:00:00,0.000372,0.149468,0.275711,0
1470,2015-12-01 06:00:00,0.000462,0.149468,0.27571,0
1471,2015-12-01 07:00:00,0.000579,0.149468,0.27571,0
1472,2015-12-01 08:00:00,0.00067,0.149468,0.27571,0
1473,2015-12-01 09:00:00,0.000763,0.149468,0.27571,0
1474,2015-12-01 10:00:00,0.000894,0.149468,0.27571,0
1475,2015-12-01 11:00:00,0.000962,0.149468,0.27571,0
1476,2015-12-01 12:00:00,0.001022,0.149467,0.27571,0
1477,2015-12-01 13:00:00,0.001242,0.149467,0.27571,0
1478,2015-12-01 14:00:00,0.001581,0.149468,0.275713,0
1479,2015-12-01 15:00:00,0.001595,0.149468,0.275693,0
1480,2015-12-01 16:00:00,0.00109,0.149469,0.275672,0
1481,2015-12-01 17:00:00,0.00081,0.149469,0.275648,0
1482,2015-12-01 18:00:00,0.000588,0.149469,0.27562,0
1483,2015-12-01 19:00:00,0.000457,0.14947,0.27558,0
1484,2015-12-01 20:00:00,0.000386,0.149471,0.275493,0.000066
1485,2015-12-01 21:00:00,0.000066,0.14947,0.275595,0.000084
1486,2015-12-01 22:00:00,0.000051,0.149468,0.275732,0.000056
1487,2015-12-01 23:00:00,0.000037,0.149467,0.275824,0.000264
1488,2015-12-02 00:00:00,0.000027,0.149462,0.276283,0.000578
1489,2015-12-02 01:00:00,0.00002,0.14945,0.277288,0.00021
1490,2015-12-02 02:00:00,0.000014,0.149446,0.277651,0.000028
1491,2015-12-02 03:00:00,0.00001,0.149445,0.277695,0.000106
1492,2015-12-02 04:00:00,0.000007,0.149443,0.277873,0.000022
1493,2015-12-02 05:00:00,0.000005,0.149443,0.277906,0.000006
1494,2015-12-02 06:00:00,0.000003,0.149443,0.277913,0
1495,2015-12-02 07:00:00,0.000002,0.149443,0.277909,0.000018
1496,2015-12-02 08:00:00,0.000002,0.149442,0.277937,0
1497,2015-12-02 09:00:00,0.000001,0.149443,0.277934,0.000009
1498,2015-12-02 10:00:00,0,0.149442,0.277946,0
1499,2015-12-02 11:00:00,0,0.149442,0.277943,0.000022
1500,2015-12-02 12:00:00,0,0.149442,0.277979,0.000006
1501,2015-12-02 13:00:00,0,0.149442,0.277986,0
1502,2015-12-02 14:00:00,0,0.149442,0.277977,0.000013
1503,2015-12-02 15:00:00,0,0.149442,0.277984,0.000008
1504,2015-12-02 16:00:00,0,0.149442,0.277965,0.000065
1505,2015-12-02 17:00:00,0,0.149441,0.278034,0.000028
1506,2015-12-02 18:00:00,0,0.149441,0.278021,0
1507,2015-12-02 19:00:00,0,0.149442,0.277951,0
1508,2015-12-02 20:00:00,0,0.149444,0.277804,0.000183
1509,2015-12-02 21:00:00,0,0.149441,0.2781,0.000086
1510,2015-12-02 22:00:00,0,0.149439,0.278239,0.000109
1511,2015-12-02 23:00:00,0,0.149437,0.278424,0.000028
1512,2015-12-03 00:00:00,0,0.149436,0.278471,0.000017
1513,2015-12-03 01:00:00,0,0.149436,0.278503,0
1514,2015-12-03 02:00:00,0,0.149436,0.278507,0
1515,2015-12-03 03:00:00,0,0.149436,0.278513,0
1516,2015-12-03 04:00:00,0,0.149436,0.278521,0.000028
1517,2015-12-03 05:00:00,0,0.149435,0.278575,0
1518,2015-12-03 06:00:00,0,0.149435,0.278579,0
1519,2015-12-03 07:00:00,0,0.149435,0.278585,0
1520,2015-12-03 08:00:00,0,0.149435,0.278589,0
1521,2015-12-03 09:00:00,0,0.149435,0.278591,0
1522,2015-12-03 10:00:00,0,0.149435,0.278591,0
1523,2015-12-03 11:00:00,0,0.149435,0.278588,0
1524,2015-12-03 12:00:00,0,0.149435,0.278584,0
1525,2015-12-03 13:00:00,0,0.149435,0.278578,0
1526,2015-12-03 14:00:00,0,0.149435,0.278545,0
1527,2015-12-03 15:00:00,0,0.149436,0.278482,0
1528,2015-12-03 16:00:00,0,0.149437,0.278392,0
1529,2015-12-03 17:00:00,0,0.149438,0.278283,0
1530,2015-12-03 18:00:00,0,0.14944,0.278153,0
1531,2015-12-03 19:00:00,0,0.149442,0.277987,0
1532,2015-12-03 20:00:00,0,0.149444,0.277827,0
1533,2015-12-03 21:00:00,0,0.149445,0.27774,0
1534,2015-12-03 22:00:00,0,0.149446,0.277658,0
1535,2015-12-03 23:00:00,0,0.149447,0.277582,0
1536,2015-12-04 00:00:00,0,0.149447,0.277512,0
1537,2015-12-04 01:00:00,0,0.149448,0.277447,0
1538,2015-12-04 02:00:00,0,0.149449,0.277385,0
1539,2015-12-04 03:00:00,0,0.14945,0.277328,0
1540,2015-12-04 04:00:00,0,0.14945,0.277279,0
1541,2015-12-04 05:00:00,0,0.149451,0.277235,0
1542,2015-12-04 06:00:00,0,0.149451,0.277197,0
1543,2015-12-04 07:00:00,0,0.149452,0.277168,0
1544,2015-12-04 08:00:00,0,0.149452,0.277143,0
1545,2015-12-04 09:00:00,0,0.149452,0.277121,0
1546,2015-12-04 10:00:00,0,0.149452,0.277103,0
1547,2015-12-04 11:00:00,0,0.149452,0.277087,0
1548,2015-12-04 12:00:00,0,0.149453,0.277074,0
1549,2015-12-04 13:00:00,0,0.149453,0.277063,0
1550,2015-12-04 14:00:00,0,0.149453,0.277034,0
1551,2015-12-04 15:00:00,0,0.149454,0.276979,0
1552,2015-12-04 16:00:00,0,0.149455,0.276879,0
1553,2015-12-04 17:00:00,0,0.149457,0.276732,0
1554,2015-12-04 18:00:00,0,0.149459,0.276545,0
1555,2015-12-04 19:00:00,0,0.149461,0.276351,0
1556,2015-12-04 20:00:00,0,0.149463,0.27617,0
1557,2015-12-04 21:00:00,0,0.149464,0.276112,0
1558,2015-12-04 22:00:00,0,0.149464,0.27607,0
1559,2015-12-04 23:00:00,0,0.149465,0.276036,0
1560,2015-12-05 00:00:00,0,0.149465,0.27601,0
1561,2015-12-05 01:00:00,0,0.149465,0.27599,0
1562,2015-12-05 02:00:00,0,0.149465,0.275972,0
1563,2015-12-05 03:00:00,0,0.149466,0.275953,0
1564,2015-12-05 04:00:00,0,0.149466,0.275935,0
1565,2015-12-05 05:00:00,0,0.149466,0.275919,0
1566,2015-12-05 06:00:00,0,0.149466,0.275903,0
1567,2015-12-05 07:00:00,0,0.149466,0.275888,0
1568,2015-12-05 08:00:00,0,0.149466,0.275876,0
1569,2015-12-05 09:00:00,0,0.149467,0.275865,0
1570,2015-12-05 10:00:00,0,0.149467,0.275855,0
1571,2015-12-05 11:00:00,0,0.149467,0.275847,0
1572,2015-12-05 12:00:00,0,0.149467,0.275839,0
1573,2015-12-05 13:00:00,0,0.149467,0.275839,0
1574,2015-12-05 14:00:00,0,0.149467,0.275818,0
1575,2015-12-05 15:00:00,0,0.149468,0.275772,0
1576,2015-12-05 16:00:00,0,0.149469,0.27568,0
1577,2015-12-05 17:00:00,0,0.14947,0.275535,0
1578,2015-12-05 18:00:00,0,0.149473,0.275334,0
1579,2015-12-05 19:00:00,0,0.149475,0.275117,0
1580,2015-12-05 20:00:00,0,0.149477,0.274911,0
1581,2015-12-05 21:00:00,0,0.149478,0.274866,0
1582,2015-12-05 22:00:00,0,0.149478,0.274832,0
1583,2015-12-05 23:00:00,0,0.149479,0.274803,0
1584,2015-12-06 00:00:00,0,0.149479,0.274777,0
1585,2015-12-06 01:00:00,0,0.149479,0.274755,0
1586,2015-12-06 02:00:00,0,0.149479,0.274735,0
1587,2015-12-06 03:00:00,0,0.14948,0.274715,0
1588,2015-12-06 04:00:00,0,0.14948,0.274695,0
1589,2015-12-06 05:00:00,0,0.14948,0.274677,0
1590,2015-12-06 06:00:00,0,0.14948,0.27466,0
1591,2015-12-06 07:00:00,0,0.14948,0.274645,0
1592,2015-12-06 08:00:00,0,0.14948,0.274632,0
1593,2015-12-06 09:00:00,0,0.149481,0.27462,0
1594,2015-12-06 10:00:00,0,0.149481,0.274611,0
1595,2015-12-06 11:00:00,0,0.149481,0.274603,0
1596,2015-12-06 12:00:00,0,0.149481,0.274603,0
1597,2015-12-06 13:00:00,0,0.149481,0.274603,0
1598,2015-12-06 14:00:00,0,0.149481,0.274603,0
1599,2015-12-06 15:00:00,0,0.149481,0.274561,0
1600,2015-12-06 16:00:00,0,0.149482,0.274471,0
1601,2015-12-06 17:00:00,0,0.149484,0.274322,0
1602,2015-12-06 18:00:00,0,0.149486,0.274114,0
1603,2015-12-06 19:00:00,0,0.149489,0.273888,0
1604,2015-12-06 20:00:00,0,0.149491,0.273679,0
1605,2015-12-06 21:00:00,0,0.149492,0.273626,0
1606,2015-12-06 22:00:00,0,0.149492,0.273591,0
1607,2015-12-06 23:00:00,0,0.149492,0.273562,0
1608,2015-12-07 00:00:00,0,0.149493,0.273538,0
1609,2015-12-07 01:00:00,0,0.149493,0.273519,0
1610,2015-12-07 02:00:00,0,0.149493,0.273502,0
1611,2015-12-07 03:00:00,0,0.149493,0.273488,0
1612,2015-12-07 04:00:00,0,0.149493,0.273475,0
1613,2015-12-07 05:00:00,0,0.149493,0.273464,0
1614,2015-12-07 06:00:00,0,0.149493,0.273455,0
1615,2015-12-07 07:00:00,0,0.149493,0.273447,0
1616,2015-12-07 08:00:00,0,0.149494,0.273441,0
1617,2015-12-07 09:00:00,0,0.149494,0.273436,0
1618,2015-12-07 10:00:00,0,0.149494,0.273432,0
1619,2015-12-07 11:00:00,0,0.149494,0.273428,0
1620,2015-12-07 12:00:00,0,0.149494,0.273424,0
1621,2015-12-07 13:00:00,0,0.149494,0.273424,0
1622,2015-12-07 14:00:00,0,0.149494,0.273403,0
1623,2015-12-07 15:00:00,0,0.149495,0.273353,0
1624,2015-12-07 16:00:00,0,0.149496,0.273257,0
1625,2015-12-07 17:00:00,0,0.149497,0.273104,0
1626,2015-12-07 18:00:00,0,0.1495,0.27289,0
1627,2015-12-07 19:00:00,0,0.149502,0.272656,0
1628,2015-12-07 20:00:00,0,0.149504,0.272432,0
1629,2015-12-07 21:00:00,0,0.149505,0.27239,0
1630,2015-12-07 22:00:00,0,0.149505,0.272352,0
1631,2015-12-07 23:00:00,0,0.149506,0.272324,0
1632,2015-12-08 00:00:00,0,0.149506,0.272299,0
1633,2015-12-08 01:00:00,0,0.149506,0.27227,0
1634,2015-12-08 02:00:00,0,0.149506,0.272245,0
1635,2015-12-08 03:00:00,0,0.149507,0.272222,0
1636,2015-12-08 04:00:00,0,0.149507,0.2722,0
1637,2015-12-08 05:00:00,0,0.149507,0.272179,0
1638,2015-12-08 06:00:00,0,0.149507,0.272161,0
1639,2015-12-08 07:00:00,0,0.149508,0.272143,0
1640,2015-12-08 08:00:00,0,0.149508,0.272129,0
1641,2015-12-08 09:00:00,0,0.149508,0.272119,0
1642,2015-12-08 10:00:00,0,0.149508,0.272109,0
1643,2015-12-08 11:00:00,0,0.149508,0.272102,0
1644,2015-12-08 12:00:00,0,0.149508,0.272096,0
1645,2015-12-08 13:00:00,0,0.149508,0.27209,0
1646,2015-12-08 14:00:00,0,0.149508,0.272073,0
1647,2015-12-08 15:00:00,0,0.149509,0.272039,0
1648,2015-12-08 16:00:00,0,0.149509,0.271981,0
1649,2015-12-08 17:00:00,0,0.14951,0.27189,0
1650,2015-12-08 18:00:00,0,0.149512,0.271756,0
1651,2015-12-08 19:00:00,0,0.149513,0.271584,0
1652,2015-12-08 20:00:00,0,0.149515,0.271416,0
1653,2015-12-08 21:00:00,0,0.149516,0.271376,0
1654,2015-12-08 22:00:00,0,0.149516,0.271355,0
1655,2015-12-08 23:00:00,0,0.149516,0.271338,0
1656,2015-12-09 00:00:00,0,0.149516,0.271324,0
1657,2015-12-09 01:00:00,0,0.149516,0.271313,0
1658,2015-12-09 02:00:00,0,0.149516,0.271305,0
1659,2015-12-09 03:00:00,0,0.149516,0.271299,0
1660,2015-12-09 04:00:00,0,0.149516,0.271295,0
1661,2015-12-09 05:00:00,0,0.149517,0.271295,0
1662,2015-12-09 06:00:00,0,0.149516,0.271297,0
1663,2015-12-09 07:00:00,0,0.149516,0.271301,0
1664,2015-12-09 08:00:00,0,0.149516,0.271305,0
1665,2015-12-09 09:00:00,0,0.149516,0.27131,0
1666,2015-12-09 10:00:00,0,0.149516,0.271314,0
1667,2015-12-09 11:00:00,0,0.149516,0.271318,0
1668,2015-12-09 12:00:00,0,0.149516,0.271318,0
1669,2015-12-09 13:00:00,0,0.149516,0.271318,0
1670,2015-12-09 14:00:00,0,0.149516,0.27131,0
1671,2015-12-09 15:00:00,0,0.149517,0.271273,0
1672,2015-12-09 16:00:00,0,0.149518,0.27119,0
1673,2015-12-09 17:00:00,0,0.149519,0.271062,0
1674,2015-12-09 18:00:00,0,0.149521,0.270892,0
1675,2015-12-09 19:00:00,0,0.149523,0.270719,0
1676,2015-12-09 20:00:00,0,0.149524,0.270562,0
1677,2015-12-09 21:00:00,0,0.149524,0.270529,0
1678,2015-12-09 22:00:00,0,0.149525,0.270511,0
1679,2015-12-09 23:00:00,0,0.149525,0.2705,0
1680,2015-12-10 00:00:00,0,0.149525,0.270495,0
1681,2015-12-10 01:00:00,0,0.149525,0.270489,0
1682,2015-12-10 02:00:00,0,0.149525,0.270485,0
1683,2015-12-10 03:00:00,0,0.149525,0.27048,0
1684,2015-12-10 04:00:00,0,0.149525,0.270474,0
1685,2015-12-10 05:00:00,0,0.149525,0.27047,0
1686,2015-12-10 06:00:00,0,0.149525,0.270469,0
1687,2015-12-10 07:00:00,0,0.149525,0.270469,0
1688,2015-12-10 08:00:00,0,0.149525,0.270469,0
1689,2015-12-10 09:00:00,0,0.149525,0.270471,0
1690,2015-12-10 10:00:00,0,0.149525,0.270474,0.000053
1691,2015-12-10 11:00:00,0,0.149524,0.270569,0.000027
1692,2015-12-10 12:00:00,0,0.149524,0.270617,0
1693,2015-12-10 13:00:00,0,0.149524,0.270618,0
1694,2015-12-10 14:00:00,0,0.149524,0.270615,0
1695,2015-12-10 15:00:00,0,0.149524,0.270601,0
1696,2015-12-10 16:00:00,0,0.149524,0.270545,0
1697,2015-12-10 17:00:00,0,0.149525,0.270443,0
1698,2015-12-10 18:00:00,0,0.149527,0.27029,0
1699,2015-12-10 19:00:00,0,0.149529,0.27008,0
1700,2015-12-10 20:00:00,0,0.149531,0.269877,0
1701,2015-12-10 21:00:00,0,0.149532,0.269837,0
1702,2015-12-10 22:00:00,0,0.149532,0.26982,0
1703,2015-12-10 23:00:00,0,0.149532,0.269807,0
1704,2015-12-11 00:00:00,0,0.149532,0.269796,0
1705,2015-12-11 01:00:00,0,0.149532,0.26979,0
1706,2015-12-11 02:00:00,0,0.149532,0.269788,0
1707,2015-12-11 03:00:00,0,0.149532,0.269788,0
1708,2015-12-11 04:00:00,0,0.149532,0.26979,0
1709,2015-12-11 05:00:00,0,0.149532,0.269786,0
1710,2015-12-11 06:00:00,0,0.149532,0.26978,0
1711,2015-12-11 07:00:00,0,0.149532,0.269771,0
1712,2015-12-11 08:00:00,0,0.149532,0.269765,0
1713,2015-12-11 09:00:00,0,0.149532,0.269761,0
1714,2015-12-11 10:00:00,0,0.149532,0.269758,0
1715,2015-12-11 11:00:00,0,0.149532,0.269757,0
1716,2015-12-11 12:00:00,0,0.149532,0.269757,0
1717,2015-12-11 13:00:00,0,0.149532,0.269759,0
1718,2015-12-11 14:00:00,0,0.149533,0.269745,0
1719,2015-12-11 15:00:00,0,0.149533,0.269702,0
1720,2015-12-11 16:00:00,0,0.149534,0.269613,0
1721,2015-12-11 17:00:00,0,0.149535,0.269466,0
1722,2015-12-11 18:00:00,0,0.149537,0.269255,0
1723,2015-12-11 19:00:00,0,0.14954,0.269035,0
1724,2015-12-11 20:00:00,0,0.149542,0.268831,0
1725,2015-12-11 21:00:00,0,0.149542,0.26878,0
1726,2015-12-11 22:00:00,0,0.149543,0.268746,0
1727,2015-12-11 23:00:00,0,0.149543,0.268721,0
1728,2015-12-12 00:00:00,0,0.149543,0.268701,0
1729,2015-12-12 01:00:00,0,0.149543,0.268689,0
1730,2015-12-12 02:00:00,0,0.149543,0.268679,0
1731,2015-12-12 03:00:00,0,0.149543,0.268668,0
1732,2015-12-12 04:00:00,0,0.149543,0.268658,0
1733,2015-12-12 05:00:00,0,0.149544,0.268648,0
1734,2015-12-12 06:00:00,0,0.149544,0.268637,0
1735,2015-12-12 07:00:00,0,0.149544,0.268627,0
1736,2015-12-12 08:00:00,0,0.149544,0.268616,0
1737,2015-12-12 09:00:00,0,0.149544,0.268604,0
1738,2015-12-12 10:00:00,0,0.149544,0.268589,0
1739,2015-12-12 11:00:00,0,0.149544,0.268574,0
1740,2015-12-12 12:00:00,0,0.149544,0.268559,0
1741,2015-12-12 13:00:00,0,0.149545,0.268544,0
1742,2015-12-12 14:00:00,0,0.149545,0.268508,0
1743,2015-12-12 15:00:00,0,0.149546,0.26844,0
1744,2015-12-12 16:00:00,0,0.149547,0.268308,0
1745,2015-12-12 17:00:00,0,0.149549,0.268116,0
1746,2015-12-12 18:00:00,0,0.149551,0.267855,0
1747,2015-12-12 19:00:00,0,0.149554,0.267573,0
1748,2015-12-12 20:00:00,0,0.149557,0.267311,0
1749,2015-12-12 21:00:00,0,0.149558,0.267231,0
1750,2015-12-12 22:00:00,0,0.149558,0.267172,0
1751,2015-12-12 23:00:00,0,0.149559,0.267122,0
1752,2015-12-13 00:00:00,0,0.149559,0.267077,0
1753,2015-12-13 01:00:00,0,0.149559,0.267033,0
1754,2015-12-13 02:00:00,0,0.14956,0.266994,0
1755,2015-12-13 03:00:00,0,0.14956,0.26696,0
1756,2015-12-13 04:00:00,0,0.14956,0.266928,0
1757,2015-12-13 05:00:00,0,0.149561,0.266903,0
1758,2015-12-13 06:00:00,0,0.149561,0.266886,0
1759,2015-12-13 07:00:00,0,0.149561,0.266872,0
1760,2015-12-13 08:00:00,0,0.149561,0.266866,0
1761,2015-12-13 09:00:00,0,0.149561,0.266862,0
1762,2015-12-13 10:00:00,0,0.149561,0.26686,0
1763,2015-12-13 11:00:00,0,0.149561,0.266855,0
1764,2015-12-13 12:00:00,0,0.149561,0.266847,0
1765,2015-12-13 13:00:00,0,0.149561,0.266835,0
1766,2015-12-13 14:00:00,0,0.149562,0.266814,0
1767,2015-12-13 15:00:00,0,0.149562,0.266776,0
1768,2015-12-13 16:00:00,0,0.149563,0.266707,0
1769,2015-12-13 17:00:00,0,0.149564,0.266608,0
1770,2015-12-13 18:00:00,0,0.149565,0.266473,0
1771,2015-12-13 19:00:00,0,0.149567,0.266274,0
1772,2015-12-13 20:00:00,0,0.149569,0.266036,0
1773,2015-12-13 21:00:00,0,0.14957,0.265966,0
1774,2015-12-13 22:00:00,0,0.14957,0.265913,0
1775,2015-12-13 23:00:00,0,0.149571,0.265867,0
1776,2015-12-14 00:00:00,0,0.149571,0.265825,0
1777,2015-12-14 01:00:00,0,0.149571,0.265789,0
1778,2015-12-14 02:00:00,0,0.149572,0.265755,0
1779,2015-12-14 03:00:00,0,0.149572,0.265722,0
1780,2015-12-14 04:00:00,0,0.149572,0.265689,0
1781,2015-12-14 05:00:00,0,0.149573,0.265663,0
1782,2015-12-14 06:00:00,0,0.149573,0.265643,0
1783,2015-12-14 07:00:00,0,0.149573,0.265629,0
1784,2015-12-14 08:00:00,0,0.149573,0.265619,0
1785,2015-12-14 09:00:00,0,0.149573,0.265611,0
1786,2015-12-14 10:00:00,0,0.149573,0.265608,0
1787,2015-12-14 11:00:00,0,0.149573,0.265606,0
1788,2015-12-14 12:00:00,0,0.149573,0.265605,0
1789,2015-12-14 13:00:00,0,0.149573,0.265605,0
1790,2015-12-14 14:00:00,0,0.149573,0.265587,0
1791,2015-12-14 15:00:00,0,0.149574,0.265539,0
1792,2015-12-14 16:00:00,0,0.149575,0.265446,0
1793,2015-12-14 17:00:00,0,0.149576,0.265305,0
1794,2015-12-14 18:00:00,0,0.149578,0.265107,0
1795,2015-12-14 19:00:00,0,0.14958,0.264887,0
1796,2015-12-14 20:00:00,0,0.149582,0.264681,0
1797,2015-12-14 21:00:00,0,0.149582,0.264643,0
1798,2015-12-14 22:00:00,0,0.149582,0.26462,0
1799,2015-12-14 23:00:00,0,0.149582,0.264606,0
1800,2015-12-15 00:00:00,0,0.149583,0.264598,0
1801,2015-12-15 01:00:00,0,0.149583,0.264597,0.000137
1802,2015-12-15 02:00:00,0,0.14958,0.264837,0.001221
1803,2015-12-15 03:00:00,0,0.14956,0.266955,0.001366
1804,2015-12-15 04:00:00,0,0.149537,0.269316,0.0004
1805,2015-12-15 05:00:00,0,0.14953,0.270003,0.000249
1806,2015-12-15 06:00:00,0,0.149526,0.27042,0.000054
1807,2015-12-15 07:00:00,0,0.149525,0.270491,0
1808,2015-12-15 08:00:00,0,0.149525,0.270478,0
1809,2015-12-15 09:00:00,0,0.149525,0.270473,0.000011
1810,2015-12-15 10:00:00,0,0.149525,0.270493,0.000132
1811,2015-12-15 11:00:00,0,0.149523,0.270715,0.000027
1812,2015-12-15 12:00:00,0,0.149522,0.270741,0.000045
1813,2015-12-15 13:00:00,0,0.149522,0.27079,0
1814,2015-12-15 14:00:00,0,0.149522,0.270722,0
1815,2015-12-15 15:00:00,0,0.149524,0.270608,0
1816,2015-12-15 16:00:00,0,0.149525,0.270432,0
1817,2015-12-15 17:00:00,0,0.149528,0.270221,0
1818,2015-12-15 18:00:00,0,0.14953,0.269976,0
1819,2015-12-15 19:00:00,0,0.149533,0.269724,0
1820,2015-12-15 20:00:00,0,0.149535,0.269488,0
1821,2015-12-15 21:00:00,0,0.149536,0.269361,0
1822,2015-12-15 22:00:00,0,0.149538,0.269247,0
1823,2015-12-15 23:00:00,0,0.149539,0.269148,0
1824,2015-12-16 00:00:00,0,0.149539,0.26906,0
1825,2015-12-16 01:00:00,0,0.14954,0.268985,0
1826,2015-12-16 02:00:00,0,0.149541,0.268917,0
1827,2015-12-16 03:00:00,0,0.149541,0.268857,0
1828,2015-12-16 04:00:00,0,0.149542,0.268805,0
1829,2015-12-16 05:00:00,0,0.149543,0.268756,0
1830,2015-12-16 06:00:00,0,0.149543,0.268711,0
1831,2015-12-16 07:00:00,0,0.149543,0.268671,0
1832,2015-12-16 08:00:00,0,0.149544,0.268635,0
1833,2015-12-16 09:00:00,0,0.149544,0.268604,0
1834,2015-12-16 10:00:00,0,0.149544,0.26858,0
1835,2015-12-16 11:00:00,0,0.149544,0.268559,0
1836,2015-12-16 12:00:00,0,0.149545,0.26854,0
1837,2015-12-16 13:00:00,0,0.149545,0.268523,0
1838,2015-12-16 14:00:00,0,0.149545,0.268485,0
1839,2015-12-16 15:00:00,0,0.149546,0.268419,0
1840,2015-12-16 16:00:00,0,0.149547,0.268314,0
1841,2015-12-16 17:00:00,0,0.149548,0.268169,0
1842,2015-12-16 18:00:00,0,0.14955,0.267982,0
1843,2015-12-16 19:00:00,0,0.149552,0.267787,0
1844,2015-12-16 20:00:00,0,0.149554,0.267604,0
1845,2015-12-16 21:00:00,0,0.149554,0.267552,0
1846,2015-12-16 22:00:00,0,0.149555,0.267515,0
1847,2015-12-16 23:00:00,0,0.149555,0.267486,0
1848,2015-12-17 00:00:00,0,0.149555,0.267462,0
1849,2015-12-17 01:00:00,0,0.149555,0.267442,0
1850,2015-12-17 02:00:00,0,0.149556,0.267428,0
1851,2015-12-17 03:00:00,0,0.149556,0.267417,0
1852,2015-12-17 04:00:00,0,0.149556,0.267408,0
1853,2015-12-17 05:00:00,0,0.149556,0.267401,0
1854,2015-12-17 06:00:00,0,0.149556,0.267396,0
1855,2015-12-17 07:00:00,0,0.149556,0.26739,0
1856,2015-12-17 08:00:00,0,0.149556,0.267387,0
1857,2015-12-17 09:00:00,0,0.149556,0.267385,0
1858,2015-12-17 10:00:00,0,0.149556,0.267385,0
1859,2015-12-17 11:00:00,0,0.149556,0.267386,0
1860,2015-12-17 12:00:00,0,0.149556,0.267388,0
1861,2015-12-17 13:00:00,0,0.149556,0.267389,0
1862,2015-12-17 14:00:00,0,0.149556,0.26738,0
1863,2015-12-17 15:00:00,0,0.149556,0.267355,0
1864,2015-12-17 16:00:00,0,0.149557,0.267313,0.000012
1865,2015-12-17 17:00:00,0,0.149557,0.267279,0
1866,2015-12-17 18:00:00,0,0.149558,0.2672,0.000018
1867,2015-12-17 19:00:00,0,0.149558,0.267172,0.000231
1868,2015-12-17 20:00:00,0,0.149555,0.267445,0.000344
1869,2015-12-17 21:00:00,0,0.14955,0.268029,0.000306
1870,2015-12-17 22:00:00,0,0.149545,0.268555,0.000438
1871,2015-12-17 23:00:00,0,0.149537,0.269315,0.000625
1872,2015-12-18 00:00:00,0,0.149526,0.270403,0.000923
1873,2015-12-18 01:00:00,0,0.149509,0.272005,0.000252
1874,2015-12-18 02:00:00,0,0.149504,0.272445,0.00021
1875,2015-12-18 03:00:00,0,0.1495,0.272808,0.000056
1876,2015-12-18 04:00:00,0,0.149499,0.2729,0
1877,2015-12-18 05:00:00,0,0.149499,0.272898,0.000013
1878,2015-12-18 06:00:00,0,0.149499,0.27292,0
1879,2015-12-18 07:00:00,0,0.149499,0.27292,0
1880,2015-12-18 08:00:00,0,0.149499,0.27292,0
1881,2015-12-18 09:00:00,0,0.149499,0.272921,0
1882,2015-12-18 10:00:00,0,0.149499,0.272922,0
1883,2015-12-18 11:00:00,0,0.149499,0.272923,0
1884,2015-12-18 12:00:00,0,0.149499,0.272923,0
1885,2015-12-18 13:00:00,0,0.149499,0.272924,0
1886,2015-12-18 14:00:00,0,0.149499,0.272907,0
1887,2015-12-18 15:00:00,0,0.1495,0.272865,0
1888,2015-12-18 16:00:00,0,0.149501,0.272787,0
1889,2015-12-18 17:00:00,0,0.149502,0.272674,0
1890,2015-12-18 18:00:00,0,0.149504,0.272521,0.000139
1891,2015-12-18 19:00:00,0,0.149502,0.272649,0.00003
1892,2015-12-18 20:00:00,0,0.149504,0.272521,0
1893,2015-12-18 21:00:00,0,0.149504,0.27247,0
1894,2015-12-18 22:00:00,0,0.149504,0.272429,0
1895,2015-12-18 23:00:00,0,0.149505,0.27239,0
1896,2015-12-19 00:00:00,0,0.149505,0.272351,0
1897,2015-12-19 01:00:00,0,0.149506,0.272317,0
1898,2015-12-19 02:00:00,0,0.149506,0.272275,0
1899,2015-12-19 03:00:00,0,0.149507,0.272223,0
1900,2015-12-19 04:00:00,0,0.149507,0.272162,0
1901,2015-12-19 05:00:00,0,0.149508,0.272102,0
1902,2015-12-19 06:00:00,0,0.149509,0.272044,0
1903,2015-12-19 07:00:00,0,0.149509,0.271986,0
1904,2015-12-19 08:00:00,0,0.14951,0.271933,0
1905,2015-12-19 09:00:00,0,0.14951,0.271882,0
1906,2015-12-19 10:00:00,0,0.149511,0.271833,0
1907,2015-12-19 11:00:00,0,0.149511,0.271785,0
1908,2015-12-19 12:00:00,0,0.149512,0.271738,0
1909,2015-12-19 13:00:00,0,0.149512,0.271694,0
1910,2015-12-19 14:00:00,0,0.149513,0.271628,0
1911,2015-12-19 15:00:00,0,0.149514,0.271536,0
1912,2015-12-19 16:00:00,0,0.149515,0.27141,0
1913,2015-12-19 17:00:00,0,0.149517,0.27126,0
1914,2015-12-19 18:00:00,0,0.149519,0.271082,0
1915,2015-12-19 19:00:00,0,0.149521,0.270899,0
1916,2015-12-19 20:00:00,0,0.149522,0.270722,0
1917,2015-12-19 21:00:00,0,0.149524,0.270612,0
1918,2015-12-19 22:00:00,0,0.149525,0.270506,0
1919,2015-12-19 23:00:00,0,0.149526,0.270407,0
1920,2015-12-20 00:00:00,0,0.149527,0.270312,0
1921,2015-12-20 01:00:00,0,0.149528,0.270221,0
1922,2015-12-20 02:00:00,0,0.149529,0.270133,0
1923,2015-12-20 03:00:00,0,0.149529,0.270048,0
1924,2015-12-20 04:00:00,0,0.14953,0.269967,0
1925,2015-12-20 05:00:00,0,0.149531,0.269888,0
1926,2015-12-20 06:00:00,0,0.149532,0.269811,0
1927,2015-12-20 07:00:00,0,0.149533,0.269738,0
1928,2015-12-20 08:00:00,0,0.149533,0.269667,0
1929,2015-12-20 09:00:00,0,0.149534,0.2696,0
1930,2015-12-20 10:00:00,0,0.149535,0.269537,0
1931,2015-12-20 11:00:00,0,0.149535,0.269476,0
1932,2015-12-20 12:00:00,0,0.149536,0.269416,0
1933,2015-12-20 13:00:00,0,0.149536,0.269356,0
1934,2015-12-20 14:00:00,0,0.149537,0.269287,0
1935,2015-12-20 15:00:00,0,0.149538,0.269203,0
1936,2015-12-20 16:00:00,0,0.149539,0.269096,0
1937,2015-12-20 17:00:00,0,0.14954,0.268972,0
1938,2015-12-20 18:00:00,0,0.149542,0.268823,0
1939,2015-12-20 19:00:00,0,0.149544,0.268656,0
1940,2015-12-20 20:00:00,0,0.149545,0.268499,0
1941,2015-12-20 21:00:00,0,0.149546,0.268435,0
1942,2015-12-20 22:00:00,0,0.149546,0.268389,0
1943,2015-12-20 23:00:00,0,0.149547,0.26835,0
1944,2015-12-21 00:00:00,0,0.149547,0.268317,0
1945,2015-12-21 01:00:00,0,0.149547,0.268288,0
1946,2015-12-21 02:00:00,0,0.149547,0.268263,0
1947,2015-12-21 03:00:00,0,0.149548,0.268241,0
1948,2015-12-21 04:00:00,0,0.149548,0.268222,0
1949,2015-12-21 05:00:00,0,0.149548,0.268222,0
1950,2015-12-21 06:00:00,0,0.149548,0.268222,0
1951,2015-12-21 07:00:00,0,0.149548,0.268222,0
1952,2015-12-21 08:00:00,0,0.149548,0.268222,0
1953,2015-12-21 09:00:00,0,0.149548,0.268222,0
1954,2015-12-21 10:00:00,0,0.149548,0.268222,0
1955,2015-12-21 11:00:00,0,0.149548,0.268222,0
1956,2015-12-21 12:00:00,0,0.149548,0.268222,0
1957,2015-12-21 13:00:00,0,0.149548,0.268222,0
1958,2015-12-21 14:00:00,0,0.149548,0.268202,0
1959,2015-12-21 15:00:00,0,0.149548,0.268162,0
1960,2015-12-21 16:00:00,0,0.149549,0.268099,0
1961,2015-12-21 17:00:00,0,0.14955,0.268013,0
1962,2015-12-21 18:00:00,0,0.149551,0.267898,0
1963,2015-12-21 19:00:00,0,0.149552,0.267773,0
1964,2015-12-21 20:00:00,0,0.149553,0.267653,0
1965,2015-12-21 21:00:00,0,0.149554,0.26761,0
1966,2015-12-21 22:00:00,0,0.149554,0.267575,0
1967,2015-12-21 23:00:00,0,0.149554,0.267547,0
1968,2015-12-22 00:00:00,0,0.149555,0.267527,0
1969,2015-12-22 01:00:00,0,0.149555,0.26751,0
1970,2015-12-22 02:00:00,0,0.149555,0.267492,0
1971,2015-12-22 03:00:00,0,0.149555,0.267473,0
1972,2015-12-22 04:00:00,0,0.149555,0.267453,0
1973,2015-12-22 05:00:00,0,0.149556,0.267435,0
1974,2015-12-22 06:00:00,0,0.149556,0.26742,0
1975,2015-12-22 07:00:00,0,0.149556,0.267409,0
1976,2015-12-22 08:00:00,0,0.149556,0.2674,0
1977,2015-12-22 09:00:00,0,0.149556,0.267392,0
1978,2015-12-22 10:00:00,0,0.149556,0.267386,0
1979,2015-12-22 11:00:00,0,0.149556,0.267383,0
1980,2015-12-22 12:00:00,0,0.149556,0.267381,0
1981,2015-12-22 13:00:00,0,0.149556,0.267379,0.000045
1982,2015-12-22 14:00:00,0,0.149555,0.267452,0.000026
1983,2015-12-22 15:00:00,0,0.149555,0.267487,0.000104
1984,2015-12-22 16:00:00,0,0.149553,0.26765,0.000251
1985,2015-12-22 17:00:00,0,0.149549,0.268065,0.000216
1986,2015-12-22 18:00:00,0,0.149546,0.268413,0.000283
1987,2015-12-22 19:00:00,0,0.149541,0.268859,0.000587
1988,2015-12-22 20:00:00,0,0.149532,0.269776,0.000282
1989,2015-12-22 21:00:00,0,0.149527,0.270257,0.000119
1990,2015-12-22 22:00:00,0,0.149525,0.270457,0.000046
1991,2015-12-22 23:00:00,0,0.149524,0.270535,0
1992,2015-12-23 00:00:00,0,0.149524,0.270535,0
1993,2015-12-23 01:00:00,0,0.149524,0.27054,0
1994,2015-12-23 02:00:00,0,0.149524,0.270542,0
1995,2015-12-23 03:00:00,0,0.149524,0.270542,0
1996,2015-12-23 04:00:00,0,0.149524,0.270544,0
1997,2015-12-23 05:00:00,0,0.149524,0.270544,0
1998,2015-12-23 06:00:00,0,0.149524,0.270542,0
1999,2015-12-23 07:00:00,0,0.149524,0.270539,0
2000,2015-12-23 08:00:00,0,0.149524,0.270535,0
2001,2015-12-23 09:00:00,0,0.149524,0.270529,0
2002,2015-12-23 10:00:00,0,0.149525,0.27052,0
2003,2015-12-23 11:00:00,0,0.149525,0.270517,0
2004,2015-12-23 12:00:00,0,0.149525,0.270516,0
2005,2015-12-23 13:00:00,0,0.149525,0.270513,0
2006,2015-12-23 14:00:00,0,0.149525,0.270498,0
2007,2015-12-23 15:00:00,0,0.149525,0.270458,0
2008,2015-12-23 16:00:00,0,0.149526,0.270386,0
2009,2015-12-23 17:00:00,0,0.149527,0.270271,0
2010,2015-12-23 18:00:00,0,0.149529,0.270105,0.000035
2011,2015-12-23 19:00:00,0,0.14953,0.270019,0
2012,2015-12-23 20:00:00,0,0.149532,0.269836,0
2013,2015-12-23 21:00:00,0,0.149532,0.269797,0.000031
2014,2015-12-23 22:00:00,0,0.149532,0.269826,0.000109
2015,2015-12-23 23:00:00,0,0.14953,0.269999,0.000122
2016,2015-12-24 00:00:00,0,0.149528,0.270197,0.001113
2017,2015-12-24 01:00:00,0,0.149508,0.272115,0.001343
2018,2015-12-24 02:00:00,0,0.149483,0.274425,0.001186
2019,2015-12-24 03:00:00,0,0.14946,0.276469,0.000497
2020,2015-12-24 04:00:00,0,0.14945,0.277329,0.000595
2021,2015-12-24 05:00:00,0,0.149437,0.278362,0.001299
2022,2015-12-24 06:00:00,0,0.14941,0.280597,0.000498
2023,2015-12-24 07:00:00,0,0.149399,0.281464,0
2024,2015-12-24 08:00:00,0,0.149399,0.281468,0.000185
2025,2015-12-24 09:00:00,0,0.149395,0.281791,0.000095
2026,2015-12-24 10:00:00,0,0.149393,0.281959,0.000013
2027,2015-12-24 11:00:00,0,0.149393,0.281984,0
2028,2015-12-24 12:00:00,0,0.149393,0.281986,0
2029,2015-12-24 13:00:00,0,0.149393,0.281992,0
2030,2015-12-24 14:00:00,0,0.149393,0.281981,0
2031,2015-12-24 15:00:00,0,0.149393,0.281943,0
2032,2015-12-24 16:00:00,0,0.149394,0.281866,0
2033,2015-12-24 17:00:00,0,0.149396,0.281748,0
2034,2015-12-24 18:00:00,0,0.149398,0.281582,0
2035,2015-12-24 19:00:00,0,0.1494,0.281394,0
2036,2015-12-24 20:00:00,0,0.149403,0.281213,0
2037,2015-12-24 21:00:00,0,0.149403,0.281174,0
2038,2015-12-24 22:00:00,0,0.149403,0.281152,0
2039,2015-12-24 23:00:00,0,0.149404,0.281136,0
2040,2015-12-25 00:00:00,0,0.149404,0.281126,0
2041,2015-12-25 01:00:00,0,0.149404,0.281123,0
2042,2015-12-25 02:00:00,0,0.149404,0.281118,0
2043,2015-12-25 03:00:00,0,0.149404,0.281111,0
2044,2015-12-25 04:00:00,0,0.149404,0.281103,0
2045,2015-12-25 05:00:00,0,0.149404,0.281095,0
2046,2015-12-25 06:00:00,0,0.149404,0.281086,0
2047,2015-12-25 07:00:00,0,0.149404,0.281073,0
2048,2015-12-25 08:00:00,0,0.149404,0.281064,0
2049,2015-12-25 09:00:00,0,0.149405,0.281058,0
2050,2015-12-25 10:00:00,0,0.149405,0.281055,0
2051,2015-12-25 11:00:00,0,0.149405,0.281053,0
2052,2015-12-25 12:00:00,0,0.149405,0.281052,0
2053,2015-12-25 13:00:00,0,0.149405,0.281054,0
2054,2015-12-25 14:00:00,0,0.149405,0.281034,0
2055,2015-12-25 15:00:00,0,0.149406,0.280969,0
2056,2015-12-25 16:00:00,0,0.149407,0.28084,0
2057,2015-12-25 17:00:00,0,0.14941,0.280642,0
2058,2015-12-25 18:00:00,0,0.149413,0.280363,0
2059,2015-12-25 19:00:00,0,0.149417,0.280066,0
2060,2015-12-25 20:00:00,0,0.14942,0.279792,0
2061,2015-12-25 21:00:00,0,0.149421,0.279745,0
2062,2015-12-25 22:00:00,0,0.149421,0.279716,0
2063,2015-12-25 23:00:00,0,0.149421,0.279698,0
2064,2015-12-26 00:00:00,0,0.149421,0.279687,0
2065,2015-12-26 01:00:00,0,0.149422,0.279673,0
2066,2015-12-26 02:00:00,0,0.149422,0.279664,0
2067,2015-12-26 03:00:00,0,0.149422,0.279658,0
2068,2015-12-26 04:00:00,0,0.149422,0.279654,0
2069,2015-12-26 05:00:00,0,0.149422,0.279642,0
2070,2015-12-26 06:00:00,0,0.149422,0.279623,0
2071,2015-12-26 07:00:00,0,0.149423,0.2796,0
2072,2015-12-26 08:00:00,0,0.149423,0.279567,0
2073,2015-12-26 09:00:00,0,0.149423,0.279524,0
2074,2015-12-26 10:00:00,0,0.149424,0.279469,0
2075,2015-12-26 11:00:00,0,0.149425,0.279413,0
2076,2015-12-26 12:00:00,0,0.149426,0.279353,0
2077,2015-12-26 13:00:00,0,0.149426,0.279294,0
2078,2015-12-26 14:00:00,0,0.149427,0.279211,0
2079,2015-12-26 15:00:00,0,0.149429,0.279093,0
2080,2015-12-26 16:00:00,0,0.14943,0.278943,0
2081,2015-12-26 17:00:00,0,0.149433,0.278764,0
2082,2015-12-26 18:00:00,0,0.149435,0.278546,0
2083,2015-12-26 19:00:00,0,0.149438,0.27831,0
2084,2015-12-26 20:00:00,0,0.149441,0.278083,0
2085,2015-12-26 21:00:00,0,0.149442,0.277983,0
2086,2015-12-26 22:00:00,0,0.149443,0.277901,0
2087,2015-12-26 23:00:00,0,0.149444,0.277829,0
2088,2015-12-27 00:00:00,0,0.149445,0.277766,0
2089,2015-12-27 01:00:00,0,0.149445,0.277712,0
2090,2015-12-27 02:00:00,0,0.149446,0.277662,0
2091,2015-12-27 03:00:00,0,0.149446,0.277617,0
2092,2015-12-27 04:00:00,0,0.149447,0.277576,0
2093,2015-12-27 05:00:00,0,0.149447,0.277541,0
2094,2015-12-27 06:00:00,0,0.149448,0.277509,0
2095,2015-12-27 07:00:00,0,0.149448,0.277481,0.00026
2096,2015-12-27 08:00:00,0,0.149443,0.277914,0.000416
2097,2015-12-27 09:00:00,0,0.149434,0.278624,0
2098,2015-12-27 10:00:00,0,0.149434,0.278615,0.000172
2099,2015-12-27 11:00:00,0,0.149431,0.278908,0.000047
2100,2015-12-27 12:00:00,0,0.14943,0.278986,0.000013
2101,2015-12-27 13:00:00,0,0.14943,0.279003,0
2102,2015-12-27 14:00:00,0,0.14943,0.278994,0
2103,2015-12-27 15:00:00,0,0.14943,0.278976,0
2104,2015-12-27 16:00:00,0,0.149431,0.278923,0
2105,2015-12-27 17:00:00,0,0.149432,0.278841,0
2106,2015-12-27 18:00:00,0,0.149433,0.278723,0
2107,2015-12-27 19:00:00,0,0.149435,0.278572,0
2108,2015-12-27 20:00:00,0,0.149437,0.278425,0
2109,2015-12-27 21:00:00,0,0.149437,0.278396,0
2110,2015-12-27 22:00:00,0,0.149437,0.278379,0
2111,2015-12-27 23:00:00,0,0.149437,0.278363,0
2112,2015-12-28 00:00:00,0,0.149438,0.278346,0
2113,2015-12-28 01:00:00,0,0.149438,0.278328,0
2114,2015-12-28 02:00:00,0,0.149438,0.278303,0
2115,2015-12-28 03:00:00,0,0.149439,0.278271,0
2116,2015-12-28 04:00:00,0,0.149439,0.278234,0
2117,2015-12-28 05:00:00,0,0.149439,0.278192,0
2118,2015-12-28 06:00:00,0,0.14944,0.278144,0
2119,2015-12-28 07:00:00,0,0.149441,0.278093,0
2120,2015-12-28 08:00:00,0,0.149441,0.278045,0
2121,2015-12-28 09:00:00,0,0.149442,0.277998,0
2122,2015-12-28 10:00:00,0,0.149442,0.277954,0
2123,2015-12-28 11:00:00,0,0.149443,0.277912,0
2124,2015-12-28 12:00:00,0,0.149443,0.277873,0
2125,2015-12-28 13:00:00,0,0.149444,0.277836,0
2126,2015-12-28 14:00:00,0,0.149444,0.27778,0
2127,2015-12-28 15:00:00,0,0.149445,0.277701,0
2128,2015-12-28 16:00:00,0,0.149447,0.277594,0
2129,2015-12-28 17:00:00,0,0.149448,0.277463,0
2130,2015-12-28 18:00:00,0,0.14945,0.277301,0
2131,2015-12-28 19:00:00,0,0.149452,0.277124,0
2132,2015-12-28 20:00:00,0,0.149454,0.276952,0
2133,2015-12-28 21:00:00,0,0.149455,0.276864,0
2134,2015-12-28 22:00:00,0,0.149456,0.276779,0
2135,2015-12-28 23:00:00,0,0.149457,0.2767,0
2136,2015-12-29 00:00:00,0,0.149458,0.276625,0
2137,2015-12-29 01:00:00,0,0.149459,0.276555,0
2138,2015-12-29 02:00:00,0,0.149459,0.276498,0
2139,2015-12-29 03:00:00,0,0.14946,0.27645,0
2140,2015-12-29 04:00:00,0,0.14946,0.276412,0
2141,2015-12-29 05:00:00,0,0.14946,0.276412,0
2142,2015-12-29 06:00:00,0.565663,0.14946,0.276412,0
2143,2015-12-29 07:00:00,0.841527,0.14946,0.276412,0
2144,2015-12-29 08:00:00,1.384228,0.14946,0.276479,0
2145,2015-12-29 09:00:00,2.760405,0.149459,0.276529,0
2146,2015-12-29 10:00:00,5.782952,0.149458,0.276602,0
2147,2015-12-29 11:00:00,7.384472,0.149458,0.276602,0
2148,2015-12-29 12:00:00,8.779138,0.149458,0.276602,0
2149,2015-12-29 13:00:00,10.286036,0.149458,0.276602,0
2150,2015-12-29 14:00:00,11.248554,0.149458,0.276602,0.000285
2151,2015-12-29 15:00:00,9.14288,0.149456,0.276782,0.000127
2152,2015-12-29 16:00:00,5.593567,0.14944,0.278123,0.000028
2153,2015-12-29 17:00:00,1.721274,0.149418,0.279939,0.000064
2154,2015-12-29 18:00:00,1.659231,0.149393,0.281938,0.000079
2155,2015-12-29 19:00:00,0.073035,0.149392,0.282076,0.000007
2156,2015-12-29 20:00:00,0.047828,0.149382,0.282849,0
2157,2015-12-29 21:00:00,0.004729,0.149381,0.282876,0
2158,2015-12-29 22:00:00,0.060282,0.149381,0.282891,0
2159,2015-12-29 23:00:00,0.008458,0.149381,0.28288,0
2160,2015-12-30 00:00:00,0.006429,0.149381,0.282895,0
2161,2015-12-30 01:00:00,0.00548,0.149381,0.282886,0
2162,2015-12-30 02:00:00,0.004898,0.149381,0.282876,0
2163,2015-12-30 03:00:00,0.004269,0.149382,0.282868,0
2164,2015-12-30 04:00:00,0.003044,0.149382,0.282859,0
2165,2015-12-30 05:00:00,0.002429,0.149382,0.282861,0
2166,2015-12-30 06:00:00,0.002032,0.149382,0.282863,0
2167,2015-12-30 07:00:00,0.001626,0.149382,0.282863,0
2168,2015-12-30 08:00:00,0.001455,0.149382,0.282863,0
2169,2015-12-30 09:00:00,0.001388,0.149382,0.282863,0
2170,2015-12-30 10:00:00,0.001233,0.149382,0.282863,0
2171,2015-12-30 11:00:00,0.001081,0.149382,0.282863,0
2172,2015-12-30 12:00:00,0.000964,0.149382,0.282863,0
2173,2015-12-30 13:00:00,0.001416,0.149382,0.282863,0
2174,2015-12-30 14:00:00,0.002884,0.149381,0.282863,0
2175,2015-12-30 15:00:00,0.004155,0.149382,0.282864,0
2176,2015-12-30 16:00:00,0.004306,0.149382,0.282865,0
2177,2015-12-30 17:00:00,0.003436,0.149382,0.282867,0
2178,2015-12-30 18:00:00,0.002295,0.149383,0.282759,0
2179,2015-12-30 19:00:00,0.001037,0.149385,0.282628,0
2180,2015-12-30 20:00:00,0.000407,0.149386,0.2825,0
2181,2015-12-30 21:00:00,0.000041,0.149387,0.282473,0
2182,2015-12-30 22:00:00,0.000039,0.149387,0.282454,0
2183,2015-12-30 23:00:00,0.000037,0.149387,0.282441,0
2184,2015-12-31 00:00:00,0.000036,0.149387,0.282431,0
2185,2015-12-31 01:00:00,0.000036,0.149387,0.282423,0
2186,2015-12-31 02:00:00,0.000033,0.149387,0.282415,0
2187,2015-12-31 03:00:00,0.00003,0.149387,0.282408,0
2188,2015-12-31 04:00:00,0.059997,0.149388,0.282401,0
2189,2015-12-31 05:00:00,0.508713,0.149388,0.282395,0
2190,2015-12-31 06:00:00,0.050977,0.149387,0.282418,0.000243
2191,2015-12-31 07:00:00,0.040352,0.149379,0.28308,0.000317
2192,2015-12-31 08:00:00,0.032971,0.149371,0.283653,0
2193,2015-12-31 09:00:00,0.032114,0.149371,0.28367,0
2194,2015-12-31 10:00:00,0.029187,0.149371,0.283682,0
2195,2015-12-31 11:00:00,0.02729,0.149371,0.283693,0
2196,2015-12-31 12:00:00,0.024958,0.149371,0.283703,0
2197,2015-12-31 13:00:00,0.019661,0.14937,0.283717,0
2198,2015-12-31 14:00:00,0.023849,0.14937,0.283717,0
2199,2015-12-31 15:00:00,0.025492,0.149371,0.283698,0
2200,2015-12-31 16:00:00,0.023105,0.149371,0.283643,0
2201,2015-12-31 17:00:00,0.015195,0.149373,0.283546,0
2202,2015-12-31 18:00:00,0.007238,0.149375,0.283392,0
2203,2015-12-31 19:00:00,0.002058,0.149377,0.283234,0
2204,2015-12-31 20:00:00,0.000567,0.149379,0.283085,0
2205,2015-12-31 21:00:00,0.000077,0.149379,0.283032,0
2206,2015-12-31 22:00:00,0.000054,0.14938,0.282981,0
2207,2015-12-31 23:00:00,0.000038,0.149381,0.282934,0
2208,2016-01-01 00:00:00,0.000028,0.149381,0.282893,0
2209,2016-01-01 01:00:00,0.000022,0.149382,0.282857,0
2210,2016-01-01 02:00:00,0.000018,0.149382,0.28282,0
2211,2016-01-01 03:00:00,0.000013,0.149383,0.282784,0
2212,2016-01-01 04:00:00,0.00001,0.149383,0.282745,0
2213,2016-01-01 05:00:00,0.000007,0.149384,0.282708,0
2214,2016-01-01 06:00:00,0.000005,0.149384,0.282671,0
2215,2016-01-01 07:00:00,0.000004,0.149384,0.282637,0
2216,2016-01-01 08:00:00,0.000003,0.149385,0.282607,0
2217,2016-01-01 09:00:00,0.000007,0.149385,0.282577,0
2218,2016-01-01 10:00:00,0.000007,0.149386,0.282548,0
2219,2016-01-01 11:00:00,0.000006,0.149386,0.28252,0
2220,2016-01-01 12:00:00,0.000016,0.149386,0.282491,0
2221,2016-01-01 13:00:00,0.000041,0.149387,0.282463,0
2222,2016-01-01 14:00:00,0.00004,0.149387,0.282431,0
2223,2016-01-01 15:00:00,0.000038,0.149388,0.282388,0
2224,2016-01-01 16:00:00,0.000031,0.149388,0.282328,0
2225,2016-01-01 17:00:00,0.00002,0.14939,0.282241,0
2226,2016-01-01 18:00:00,0.000011,0.149391,0.282124,0
2227,2016-01-01 19:00:00,0.000004,0.149393,0.281983,0
2228,2016-01-01 20:00:00,0.000001,0.149395,0.281842,0
2229,2016-01-01 21:00:00,0,0.149395,0.281782,0
2230,2016-01-01 22:00:00,0,0.149396,0.281728,0
2231,2016-01-01 23:00:00,0.251273,0.149397,0.281681,0
2232,2016-01-02 00:00:00,0.037275,0.149397,0.281641,0
2233,2016-01-02 01:00:00,0.028681,0.149396,0.281731,0
2234,2016-01-02 02:00:00,0.023025,0.149396,0.281716,0
2235,2016-01-02 03:00:00,0.018627,0.149396,0.281698,0
2236,2016-01-02 04:00:00,0.01304,0.149397,0.28168,0
2237,2016-01-02 05:00:00,0.01001,0.149397,0.281662,0
2238,2016-01-02 06:00:00,0.007917,0.149397,0.28164,0
2239,2016-01-02 07:00:00,0.005839,0.149397,0.28164,0
2240,2016-01-02 08:00:00,0.004807,0.149397,0.28164,0
2241,2016-01-02 09:00:00,0.004117,0.149397,0.28164,0
2242,2016-01-02 10:00:00,0.003496,0.149397,0.28164,0
2243,2016-01-02 11:00:00,0.003013,0.149397,0.28164,0
2244,2016-01-02 12:00:00,0.002601,0.149397,0.28164,0
2245,2016-01-02 13:00:00,0.002478,0.149397,0.28164,0
2246,2016-01-02 14:00:00,0.002724,0.149397,0.28164,0
2247,2016-01-02 15:00:00,0.003377,0.149397,0.281642,0
2248,2016-01-02 16:00:00,0.003313,0.149397,0.281643,0
2249,2016-01-02 17:00:00,0.002436,0.149397,0.281644,0
2250,2016-01-02 18:00:00,0.001456,0.149398,0.281538,0
2251,2016-01-02 19:00:00,0.000605,0.1494,0.2814,0
2252,2016-01-02 20:00:00,0.00019,0.149402,0.281258,0
2253,2016-01-02 21:00:00,0.000026,0.149403,0.281188,0
2254,2016-01-02 22:00:00,0.000019,0.149404,0.281127,0
2255,2016-01-02 23:00:00,0.000012,0.149404,0.281076,0
2256,2016-01-03 00:00:00,0.000009,0.149405,0.281038,0
2257,2016-01-03 01:00:00,0.000009,0.149405,0.281006,0
2258,2016-01-03 02:00:00,0.000009,0.149406,0.280975,0
2259,2016-01-03 03:00:00,0.000009,0.149406,0.280975,0
2260,2016-01-03 04:00:00,0.000008,0.149406,0.280975,0
2261,2016-01-03 05:00:00,0.000008,0.149406,0.280975,0
2262,2016-01-03 06:00:00,0.000009,0.149406,0.280975,0
2263,2016-01-03 07:00:00,0.00001,0.149406,0.280975,0
2264,2016-01-03 08:00:00,0.000012,0.149406,0.280975,0
2265,2016-01-03 09:00:00,0.000015,0.149406,0.280975,0
2266,2016-01-03 10:00:00,0.000017,0.149406,0.280975,0
2267,2016-01-03 11:00:00,0.000019,0.149406,0.280975,0
2268,2016-01-03 12:00:00,0.000021,0.149406,0.280975,0
2269,2016-01-03 13:00:00,0.000025,0.149406,0.280975,0
2270,2016-01-03 14:00:00,0.000025,0.149406,0.280975,0
2271,2016-01-03 15:00:00,0.000028,0.149406,0.280975,0
2272,2016-01-03 16:00:00,0.000021,0.149406,0.280934,0
2273,2016-01-03 17:00:00,0.000012,0.149407,0.28085,0
2274,2016-01-03 18:00:00,0.000005,0.149409,0.280707,0
2275,2016-01-03 19:00:00,0.000001,0.149411,0.280559,0
2276,2016-01-03 20:00:00,0,0.149413,0.280415,0
2277,2016-01-03 21:00:00,0,0.149413,0.280353,0
2278,2016-01-03 22:00:00,0,0.149414,0.2803,0
2279,2016-01-03 23:00:00,0,0.149415,0.280254,0
2280,2016-01-04 00:00:00,0,0.149415,0.280215,0
2281,2016-01-04 01:00:00,0,0.149415,0.280182,0
2282,2016-01-04 02:00:00,0,0.149416,0.280157,0
2283,2016-01-04 03:00:00,0,0.149416,0.280136,0
2284,2016-01-04 04:00:00,0,0.149416,0.280117,0
2285,2016-01-04 05:00:00,0,0.149416,0.280099,0
2286,2016-01-04 06:00:00,0,0.149416,0.280099,0
2287,2016-01-04 07:00:00,0,0.149416,0.280099,0
2288,2016-01-04 08:00:00,0,0.149416,0.280099,0
2289,2016-01-04 09:00:00,0,0.149416,0.280099,0
2290,2016-01-04 10:00:00,0,0.149416,0.280099,0
2291,2016-01-04 11:00:00,0,0.149416,0.280099,0
2292,2016-01-04 12:00:00,0,0.149416,0.280099,0
2293,2016-01-04 13:00:00,0,0.149416,0.280099,0
2294,2016-01-04 14:00:00,0.12835,0.149416,0.280099,0
2295,2016-01-04 15:00:00,0.339425,0.149416,0.280099,0
2296,2016-01-04 16:00:00,0.374919,0.149416,0.280099,0
2297,2016-01-04 17:00:00,0.380491,0.149416,0.280099,0
2298,2016-01-04 18:00:00,0.256937,0.149416,0.280099,0
2299,2016-01-04 19:00:00,0.076469,0.149416,0.280142,0
2300,2016-01-04 20:00:00,0.045213,0.149415,0.280203,0
2301,2016-01-04 21:00:00,0.019986,0.149415,0.280203,0
2302,2016-01-04 22:00:00,0.00128,0.149415,0.280203,0
2303,2016-01-04 23:00:00,0.000388,0.149415,0.280203,0
2304,2016-01-05 00:00:00,0.000347,0.149415,0.280203,0
2305,2016-01-05 01:00:00,0.000311,0.149415,0.280203,0
2306,2016-01-05 02:00:00,0.000279,0.149415,0.280203,0
2307,2016-01-05 03:00:00,0.000253,0.149415,0.280203,0
2308,2016-01-05 04:00:00,0.00023,0.149415,0.280203,0
2309,2016-01-05 05:00:00,0.000207,0.149415,0.280203,0
2310,2016-01-05 06:00:00,0.000186,0.149415,0.280203,0
2311,2016-01-05 07:00:00,0.000157,0.149415,0.280203,0
2312,2016-01-05 08:00:00,0.000133,0.149415,0.280203,0
2313,2016-01-05 09:00:00,0.000114,0.149415,0.280203,0
2314,2016-01-05 10:00:00,0.000099,0.149415,0.280203,0
2315,2016-01-05 11:00:00,0.000084,0.149415,0.280203,0
2316,2016-01-05 12:00:00,0.000072,0.149415,0.280203,0
2317,2016-01-05 13:00:00,0.000062,0.149415,0.280203,0
2318,2016-01-05 14:00:00,0.00005,0.149415,0.280203,0
2319,2016-01-05 15:00:00,0.000037,0.149415,0.280203,0
2320,2016-01-05 16:00:00,0.000025,0.149415,0.280203,0
2321,2016-01-05 17:00:00,0.000033,0.149415,0.280203,0
2322,2016-01-05 18:00:00,0.000031,0.149415,0.280203,0
2323,2016-01-05 19:00:00,0.000017,0.149415,0.280203,0
2324,2016-01-05 20:00:00,0.000009,0.149415,0.280203,0
2325,2016-01-05 21:00:00,0,0.149415,0.280203,0
2326,2016-01-05 22:00:00,0,0.149415,0.280203,0
2327,2016-01-05 23:00:00,0,0.149415,0.280203,0
2328,2016-01-06 00:00:00,0,0.149415,0.280203,0
2329,2016-01-06 01:00:00,0,0.149415,0.280203,0
2330,2016-01-06 02:00:00,0,0.149415,0.280203,0
2331,2016-01-06 03:00:00,0,0.149415,0.280203,0
2332,2016-01-06 04:00:00,0,0.149415,0.280203,0
2333,2016-01-06 05:00:00,0,0.149415,0.280203,0
2334,2016-01-06 06:00:00,0,0.149415,0.280203,0
2335,2016-01-06 07:00:00,0,0.149415,0.280203,0
2336,2016-01-06 08:00:00,0,0.149415,0.280203,0
2337,2016-01-06 09:00:00,0,0.149415,0.280203,0
2338,2016-01-06 10:00:00,0,0.149415,0.280203,0
2339,2016-01-06 11:00:00,0,0.149415,0.280203,0
2340,2016-01-06 12:00:00,0,0.149415,0.280203,0
2341,2016-01-06 13:00:00,0,0.149415,0.280203,0
2342,2016-01-06 14:00:00,0,0.149415,0.280203,0
2343,2016-01-06 15:00:00,0,0.149415,0.280203,0
2344,2016-01-06 16:00:00,0,0.149415,0.280203,0
2345,2016-01-06 17:00:00,0,0.149415,0.280203,0
2346,2016-01-06 18:00:00,0,0.149415,0.280203,0
2347,2016-01-06 19:00:00,0,0.149415,0.280203,0
2348,2016-01-06 20:00:00,0,0.149415,0.280203,0
2349,2016-01-06 21:00:00,0,0.149415,0.280203,0
2350,2016-01-06 22:00:00,0,0.149415,0.280198,0
2351,2016-01-06 23:00:00,0,0.149415,0.280198,0
2352,2016-01-07 00:00:00,0,0.149415,0.280198,0
2353,2016-01-07 01:00:00,0,0.149415,0.280198,0
2354,2016-01-07 02:00:00,0,0.149415,0.280198,0
2355,2016-01-07 03:00:00,0,0.149415,0.280198,0
2356,2016-01-07 04:00:00,0,0.149415,0.280198,0
2357,2016-01-07 05:00:00,0,0.149415,0.280198,0
2358,2016-01-07 06:00:00,0,0.149415,0.280198,0
2359,2016-01-07 07:00:00,0,0.149415,0.280198,0
2360,2016-01-07 08:00:00,0,0.149415,0.280198,0
2361,2016-01-07 09:00:00,0,0.149415,0.280198,0
2362,2016-01-07 10:00:00,0,0.149415,0.280198,0
2363,2016-01-07 11:00:00,0,0.149415,0.280198,0
2364,2016-01-07 12:00:00,0,0.149415,0.280198,0
2365,2016-01-07 13:00:00,0,0.149415,0.280198,0
2366,2016-01-07 14:00:00,0,0.149415,0.280198,0
2367,2016-01-07 15:00:00,0,0.149415,0.280198,0
2368,2016-01-07 16:00:00,0,0.149415,0.280198,0
2369,2016-01-07 17:00:00,0,0.149415,0.280198,0
2370,2016-01-07 18:00:00,0,0.149415,0.280198,0
2371,2016-01-07 19:00:00,0,0.149415,0.280182,0
2372,2016-01-07 20:00:00,0,0.149416,0.28014,0
2373,2016-01-07 21:00:00,0,0.149416,0.280138,0
2374,2016-01-07 22:00:00,0,0.149416,0.280135,0
2375,2016-01-07 23:00:00,0,0.149416,0.280135,0
2376,2016-01-08 00:00:00,0,0.149416,0.280135,0
2377,2016-01-08 01:00:00,0,0.149416,0.280135,0
2378,2016-01-08 02:00:00,0,0.149416,0.280135,0
2379,2016-01-08 03:00:00,0,0.149416,0.280135,0
2380,2016-01-08 04:00:00,0,0.149416,0.280135,0
2381,2016-01-08 05:00:00,0,0.149416,0.280135,0
2382,2016-01-08 06:00:00,0,0.149416,0.280135,0
2383,2016-01-08 07:00:00,0,0.149416,0.280135,0
2384,2016-01-08 08:00:00,0,0.149416,0.280135,0
2385,2016-01-08 09:00:00,0,0.149416,0.280135,0
2386,2016-01-08 10:00:00,0,0.149416,0.280135,0
2387,2016-01-08 11:00:00,0,0.149416,0.280135,0
2388,2016-01-08 12:00:00,0,0.149416,0.280135,0
2389,2016-01-08 13:00:00,0,0.149416,0.280135,0
2390,2016-01-08 14:00:00,0,0.149416,0.280135,0
2391,2016-01-08 15:00:00,0,0.149416,0.280135,0
2392,2016-01-08 16:00:00,0,0.149416,0.280135,0
2393,2016-01-08 17:00:00,0,0.149416,0.280135,0
2394,2016-01-08 18:00:00,0,0.149416,0.280131,0
2395,2016-01-08 19:00:00,0,0.149416,0.280125,0
2396,2016-01-08 20:00:00,0,0.149416,0.280114,0
2397,2016-01-08 21:00:00,0,0.149416,0.280111,0
2398,2016-01-08 22:00:00,0,0.149416,0.280108,0
2399,2016-01-08 23:00:00,0,0.149416,0.280105,0
2400,2016-01-09 00:00:00,0,0.149416,0.280102,0
2401,2016-01-09 01:00:00,0,0.149416,0.2801,0
2402,2016-01-09 02:00:00,0,0.149416,0.280097,0
2403,2016-01-09 03:00:00,0,0.149416,0.280095,0
2404,2016-01-09 04:00:00,0,0.149416,0.280093,0
2405,2016-01-09 05:00:00,0,0.149417,0.28009,0
2406,2016-01-09 06:00:00,0,0.149417,0.280088,0
2407,2016-01-09 07:00:00,0,0.149417,0.280086,0
2408,2016-01-09 08:00:00,0,0.149417,0.280084,0
2409,2016-01-09 09:00:00,0,0.149417,0.280082,0
2410,2016-01-09 10:00:00,0,0.149417,0.28008,0
2411,2016-01-09 11:00:00,0,0.149417,0.280078,0
2412,2016-01-09 12:00:00,0,0.149417,0.280077,0
2413,2016-01-09 13:00:00,0,0.149417,0.280076,0
2414,2016-01-09 14:00:00,0,0.149417,0.28007,0
2415,2016-01-09 15:00:00,0,0.149417,0.280056,0
2416,2016-01-09 16:00:00,0,0.149417,0.280032,0
2417,2016-01-09 17:00:00,0,0.149418,0.279987,0
2418,2016-01-09 18:00:00,0,0.149419,0.279916,0
2419,2016-01-09 19:00:00,0,0.14942,0.279829,0
2420,2016-01-09 20:00:00,0,0.149422,0.279683,0
2421,2016-01-09 21:00:00,0,0.149422,0.279643,0
2422,2016-01-09 22:00:00,0,0.149422,0.279608,0
2423,2016-01-09 23:00:00,0,0.149423,0.279579,0
2424,2016-01-10 00:00:00,0,0.149423,0.279556,0
2425,2016-01-10 01:00:00,0,0.149423,0.279537,0
2426,2016-01-10 02:00:00,0,0.149423,0.279521,0
2427,2016-01-10 03:00:00,0,0.149424,0.279508,0
2428,2016-01-10 04:00:00,0,0.149424,0.279499,0
2429,2016-01-10 05:00:00,0,0.149424,0.279493,0
2430,2016-01-10 06:00:00,0,0.149424,0.279485,0
2431,2016-01-10 07:00:00,0,0.149424,0.27948,0
2432,2016-01-10 08:00:00,0,0.149424,0.279475,0
2433,2016-01-10 09:00:00,0,0.149424,0.279472,0
2434,2016-01-10 10:00:00,0,0.149424,0.279469,0
2435,2016-01-10 11:00:00,0,0.149424,0.279468,0
2436,2016-01-10 12:00:00,0,0.149424,0.279473,0.000348
2437,2016-01-10 13:00:00,0,0.149417,0.280087,0.000608
2438,2016-01-10 14:00:00,0,0.149403,0.281152,0.001426
2439,2016-01-10 15:00:00,0,0.149372,0.283611,0.001483
2440,2016-01-10 16:00:00,0,0.149338,0.28616,0.002121
2441,2016-01-10 17:00:00,0,0.149287,0.289755,0.000664
2442,2016-01-10 18:00:00,0,0.14927,0.290896,0.000113
2443,2016-01-10 19:00:00,0,0.149267,0.291068,0.000575
2444,2016-01-10 20:00:00,0,0.149254,0.291994,0.000907
2445,2016-01-10 21:00:00,0,0.149229,0.293557,0.000133
2446,2016-01-10 22:00:00,0,0.149226,0.293807,0
2447,2016-01-10 23:00:00,0,0.149225,0.293825,0.000017
2448,2016-01-11 00:00:00,0,0.149225,0.293864,0
2449,2016-01-11 01:00:00,0,0.149225,0.293851,0
2450,2016-01-11 02:00:00,0,0.149225,0.293837,0
2451,2016-01-11 03:00:00,0,0.149226,0.29381,0
2452,2016-01-11 04:00:00,0,0.149226,0.293782,0
2453,2016-01-11 05:00:00,0,0.149227,0.293739,0
2454,2016-01-11 06:00:00,0,0.149227,0.293686,0
2455,2016-01-11 07:00:00,0,0.149228,0.293632,0
2456,2016-01-11 08:00:00,0,0.149229,0.293574,0
2457,2016-01-11 09:00:00,0,0.14923,0.293511,0
2458,2016-01-11 10:00:00,0,0.149231,0.293446,0
2459,2016-01-11 11:00:00,0,0.149232,0.293376,0
2460,2016-01-11 12:00:00,0,0.149233,0.2933,0
2461,2016-01-11 13:00:00,0,0.149235,0.293225,0
2462,2016-01-11 14:00:00,0,0.149236,0.293152,0
2463,2016-01-11 15:00:00,0,0.149237,0.293073,0
2464,2016-01-11 16:00:00,0,0.149239,0.292969,0
2465,2016-01-11 17:00:00,0,0.14924,0.292847,0
2466,2016-01-11 18:00:00,0,0.149243,0.292702,0
2467,2016-01-11 19:00:00,0,0.149245,0.292555,0
2468,2016-01-11 20:00:00,0,0.149247,0.292409,0
2469,2016-01-11 21:00:00,0,0.149249,0.292321,0
2470,2016-01-11 22:00:00,0,0.14925,0.292243,0
2471,2016-01-11 23:00:00,0,0.149251,0.292178,0
2472,2016-01-12 00:00:00,0,0.149251,0.292178,0
2473,2016-01-12 01:00:00,0,0.149251,0.292178,0
2474,2016-01-12 02:00:00,0,0.149251,0.292178,0
2475,2016-01-12 03:00:00,0,0.149251,0.292178,0
2476,2016-01-12 04:00:00,0,0.149251,0.292178,0
2477,2016-01-12 05:00:00,0,0.149251,0.292178,0
2478,2016-01-12 06:00:00,0,0.149251,0.292178,0
2479,2016-01-12 07:00:00,0,0.149251,0.292178,0
2480,2016-01-12 08:00:00,0,0.149251,0.292178,0
2481,2016-01-12 09:00:00,0,0.149251,0.292178,0
2482,2016-01-12 10:00:00,0,0.149251,0.292178,0
2483,2016-01-12 11:00:00,0,0.149251,0.292178,0
2484,2016-01-12 12:00:00,0,0.149251,0.292178,0
2485,2016-01-12 13:00:00,0,0.149251,0.292178,0
2486,2016-01-12 14:00:00,0,0.149251,0.292178,0
2487,2016-01-12 15:00:00,0,0.149251,0.292178,0
2488,2016-01-12 16:00:00,0,0.149251,0.292178,0
2489,2016-01-12 17:00:00,0,0.149251,0.292178,0
2490,2016-01-12 18:00:00,0,0.149251,0.292178,0
2491,2016-01-12 19:00:00,0,0.149251,0.292178,0
2492,2016-01-12 20:00:00,0,0.149251,0.292178,0
2493,2016-01-12 21:00:00,0,0.149251,0.292176,0
2494,2016-01-12 22:00:00,0.347368,0.149251,0.292175,0
2495,2016-01-12 23:00:00,0.669984,0.149251,0.292175,0
2496,2016-01-13 00:00:00,0.873658,0.149249,0.292264,0
2497,2016-01-13 01:00:00,0.885505,0.149249,0.29231,0
2498,2016-01-13 02:00:00,0.912705,0.149248,0.292354,0
2499,2016-01-13 03:00:00,0.97813,0.149248,0.29238,0
2500,2016-01-13 04:00:00,1.026694,0.149248,0.29238,0
2501,2016-01-13 05:00:00,1.062066,0.149248,0.29238,0
2502,2016-01-13 06:00:00,1.089973,0.149248,0.29238,0
2503,2016-01-13 07:00:00,1.359279,0.149248,0.29238,0
2504,2016-01-13 08:00:00,1.397326,0.149248,0.29238,0
2505,2016-01-13 09:00:00,1.424896,0.149248,0.29238,0
2506,2016-01-13 10:00:00,1.440127,0.149248,0.29238,0
2507,2016-01-13 11:00:00,1.446589,0.149248,0.29238,0
2508,2016-01-13 12:00:00,1.443672,0.149248,0.29238,0
2509,2016-01-13 13:00:00,1.433851,0.149248,0.29238,0
2510,2016-01-13 14:00:00,1.416635,0.149248,0.29238,0
2511,2016-01-13 15:00:00,1.390789,0.149248,0.29238,0
2512,2016-01-13 16:00:00,1.350419,0.149248,0.29238,0
2513,2016-01-13 17:00:00,1.295164,0.149248,0.29238,0
2514,2016-01-13 18:00:00,1.230979,0.149248,0.29238,0
2515,2016-01-13 19:00:00,1.16166,0.149248,0.29238,0
2516,2016-01-13 20:00:00,1.11301,0.149248,0.29238,0
2517,2016-01-13 21:00:00,1.070351,0.149248,0.29238,0
2518,2016-01-13 22:00:00,1.032889,0.149248,0.29238,0
2519,2016-01-13 23:00:00,0.998835,0.149248,0.29238,0
2520,2016-01-14 00:00:00,0.966318,0.149248,0.29238,0
2521,2016-01-14 01:00:00,0.933653,0.149248,0.29238,0
2522,2016-01-14 02:00:00,0.905649,0.149248,0.29238,0
2523,2016-01-14 03:00:00,0.883695,0.149248,0.29238,0
2524,2016-01-14 04:00:00,0.86437,0.149248,0.29238,0
2525,2016-01-14 05:00:00,0.848529,0.149248,0.29238,0
2526,2016-01-14 06:00:00,0.835177,0.149248,0.29238,0
2527,2016-01-14 07:00:00,0.823303,0.149248,0.29238,0
2528,2016-01-14 08:00:00,0.813876,0.149248,0.29238,0
2529,2016-01-14 09:00:00,0.806218,0.149248,0.29238,0
2530,2016-01-14 10:00:00,0.798506,0.149248,0.29238,0
2531,2016-01-14 11:00:00,0.791022,0.149248,0.29238,0
2532,2016-01-14 12:00:00,0.779063,0.149248,0.29238,0
2533,2016-01-14 13:00:00,0.769454,0.149248,0.29238,0
2534,2016-01-14 14:00:00,0.756975,0.149248,0.29238,0
2535,2016-01-14 15:00:00,0.738035,0.149248,0.29238,0
2536,2016-01-14 16:00:00,0.709331,0.149248,0.29238,0
2537,2016-01-14 17:00:00,0.669055,0.149248,0.29238,0
2538,2016-01-14 18:00:00,0.6104,0.149248,0.29238,0
2539,2016-01-14 19:00:00,0.505566,0.149248,0.29238,0
2540,2016-01-14 20:00:00,0.469744,0.149247,0.292401,0
2541,2016-01-14 21:00:00,0.437393,0.149247,0.292401,0
2542,2016-01-14 22:00:00,0.409326,0.149247,0.292401,0
2543,2016-01-14 23:00:00,0.386425,0.149247,0.292401,0
2544,2016-01-15 00:00:00,0.368111,0.149247,0.292401,0
2545,2016-01-15 01:00:00,0.354035,0.149247,0.292401,0
2546,2016-01-15 02:00:00,0.340775,0.149247,0.292401,0
2547,2016-01-15 03:00:00,0.331616,0.149247,0.292401,0
2548,2016-01-15 04:00:00,0.324826,0.149247,0.292401,0
2549,2016-01-15 05:00:00,0.319016,0.149247,0.292401,0
2550,2016-01-15 06:00:00,0.317281,0.149247,0.292401,0
2551,2016-01-15 07:00:00,0.316405,0.149247,0.292401,0
2552,2016-01-15 08:00:00,0.315664,0.149247,0.292401,0
2553,2016-01-15 09:00:00,0.312538,0.149247,0.292401,0
2554,2016-01-15 10:00:00,0.310102,0.149247,0.292401,0
2555,2016-01-15 11:00:00,0.308173,0.149247,0.292401,0
2556,2016-01-15 12:00:00,0.305334,0.149247,0.292401,0
2557,2016-01-15 13:00:00,0.298654,0.149247,0.292401,0
2558,2016-01-15 14:00:00,0.284105,0.149247,0.292401,0
2559,2016-01-15 15:00:00,0,0.149247,0.292401,0
2560,2016-01-15 16:00:00,0,0.149245,0.292537,0
2561,2016-01-15 17:00:00,0,0.149245,0.292537,0
2562,2016-01-15 18:00:00,0,0.149245,0.292535,0
2563,2016-01-15 19:00:00,0,0.149245,0.292531,0
2564,2016-01-15 20:00:00,0,0.149245,0.292522,0
2565,2016-01-15 21:00:00,0,0.149245,0.292523,0
2566,2016-01-15 22:00:00,0,0.149245,0.292523,0
2567,2016-01-15 23:00:00,0,0.149245,0.292522,0
2568,2016-01-16 00:00:00,0,0.149246,0.29252,0
2569,2016-01-16 01:00:00,0,0.149246,0.292518,0
2570,2016-01-16 02:00:00,0,0.149246,0.292517,0
2571,2016-01-16 03:00:00,0,0.149246,0.292516,0
2572,2016-01-16 04:00:00,0,0.149246,0.292515,0
2573,2016-01-16 05:00:00,0,0.149246,0.292515,0.000003
2574,2016-01-16 06:00:00,0,0.149246,0.29252,0
2575,2016-01-16 07:00:00,0,0.149246,0.29252,0
2576,2016-01-16 08:00:00,0,0.149246,0.29252,0
2577,2016-01-16 09:00:00,0,0.149246,0.292518,0.000223
2578,2016-01-16 10:00:00,0,0.14924,0.292902,0.000926
2579,2016-01-16 11:00:00,0,0.149215,0.294482,0.003127
2580,2016-01-16 12:00:00,0,0.149129,0.299671,0.001897
2581,2016-01-16 13:00:00,0,0.149072,0.302852,0.000731
2582,2016-01-16 14:00:00,0,0.149049,0.304092,0.000489
2583,2016-01-16 15:00:00,0,0.149034,0.304922,0.000407
2584,2016-01-16 16:00:00,0,0.149021,0.305608,0.000294
2585,2016-01-16 17:00:00,0,0.149011,0.306098,0.000024
2586,2016-01-16 18:00:00,0,0.149011,0.306125,0
2587,2016-01-16 19:00:00,0,0.149012,0.306068,0
2588,2016-01-16 20:00:00,0,0.149014,0.305963,0
2589,2016-01-16 21:00:00,0,0.149014,0.305948,0
2590,2016-01-16 22:00:00,0,0.149014,0.305941,0
2591,2016-01-16 23:00:00,0,0.149014,0.305935,0
2592,2016-01-17 00:00:00,0,0.149014,0.305931,0
2593,2016-01-17 01:00:00,0,0.149014,0.305926,0
2594,2016-01-17 02:00:00,0,0.149015,0.305922,0
2595,2016-01-17 03:00:00,0,0.149015,0.305919,0
2596,2016-01-17 04:00:00,0,0.149015,0.305911,0
2597,2016-01-17 05:00:00,0,0.149015,0.305899,0
2598,2016-01-17 06:00:00,0,0.149015,0.305884,0
2599,2016-01-17 07:00:00,0,0.149016,0.305864,0
2600,2016-01-17 08:00:00,0,0.149016,0.305842,0
2601,2016-01-17 09:00:00,0,0.149017,0.305815,0
2602,2016-01-17 10:00:00,0,0.149017,0.305789,0
2603,2016-01-17 11:00:00,0,0.149017,0.305768,0
2604,2016-01-17 12:00:00,0,0.149018,0.305751,0
2605,2016-01-17 13:00:00,0,0.149018,0.305751,0
2606,2016-01-17 14:00:00,0,0.149018,0.305751,0
2607,2016-01-17 15:00:00,0,0.149018,0.305751,0
2608,2016-01-17 16:00:00,0,0.149019,0.305694,0
2609,2016-01-17 17:00:00,0,0.149021,0.305605,0
2610,2016-01-17 18:00:00,0,0.149023,0.305491,0
2611,2016-01-17 19:00:00,0,0.149025,0.305369,0
2612,2016-01-17 20:00:00,0,0.149027,0.305248,0
2613,2016-01-17 21:00:00,0,0.149028,0.305207,0
2614,2016-01-17 22:00:00,0,0.149029,0.305171,0
2615,2016-01-17 23:00:00,0,0.14903,0.305138,0
2616,2016-01-18 00:00:00,0.007467,0.14903,0.30511,0
2617,2016-01-18 01:00:00,0.000587,0.14903,0.305091,0
2618,2016-01-18 02:00:00,0.043283,0.14903,0.305091,0
2619,2016-01-18 03:00:00,0.0245,0.14903,0.305091,0
2620,2016-01-18 04:00:00,0.060813,0.14903,0.305091,0
2621,2016-01-18 05:00:00,0.049049,0.14903,0.305091,0
2622,2016-01-18 06:00:00,0.039483,0.14903,0.305091,0
2623,2016-01-18 07:00:00,0.032819,0.14903,0.305091,0
2624,2016-01-18 08:00:00,0.027566,0.14903,0.305091,0
2625,2016-01-18 09:00:00,0.023238,0.14903,0.305091,0
2626,2016-01-18 10:00:00,0.021806,0.14903,0.305091,0
2627,2016-01-18 11:00:00,0.020334,0.14903,0.305091,0
2628,2016-01-18 12:00:00,0.012509,0.14903,0.305091,0
2629,2016-01-18 13:00:00,0.004798,0.14903,0.305091,0
2630,2016-01-18 14:00:00,0.004088,0.14903,0.305091,0
2631,2016-01-18 15:00:00,0.00368,0.14903,0.305091,0
2632,2016-01-18 16:00:00,0.003275,0.14903,0.305091,0
2633,2016-01-18 17:00:00,0.002624,0.14903,0.305091,0
2634,2016-01-18 18:00:00,0.001829,0.14903,0.305091,0
2635,2016-01-18 19:00:00,0.001172,0.14903,0.305093,0
2636,2016-01-18 20:00:00,0.000398,0.14903,0.305094,0
2637,2016-01-18 21:00:00,0.000064,0.14903,0.305094,0
2638,2016-01-18 22:00:00,0.000044,0.14903,0.305094,0
2639,2016-01-18 23:00:00,0.000031,0.14903,0.305094,0
2640,2016-01-19 00:00:00,0.000022,0.14903,0.305094,0
2641,2016-01-19 01:00:00,0.000015,0.14903,0.305094,0
2642,2016-01-19 02:00:00,0.000011,0.14903,0.305094,0
2643,2016-01-19 03:00:00,0.000008,0.14903,0.305094,0
2644,2016-01-19 04:00:00,0.000006,0.14903,0.305094,0
2645,2016-01-19 05:00:00,0.000004,0.14903,0.305094,0
2646,2016-01-19 06:00:00,0.000004,0.14903,0.305094,0
2647,2016-01-19 07:00:00,0.000003,0.14903,0.305094,0
2648,2016-01-19 08:00:00,0.000002,0.14903,0.305094,0
2649,2016-01-19 09:00:00,0.000002,0.14903,0.305094,0
2650,2016-01-19 10:00:00,0.000002,0.14903,0.305094,0
2651,2016-01-19 11:00:00,0.000001,0.14903,0.305094,0
2652,2016-01-19 12:00:00,0.000001,0.14903,0.305094,0
2653,2016-01-19 13:00:00,0.000001,0.14903,0.305094,0
2654,2016-01-19 14:00:00,0,0.14903,0.305094,0
2655,2016-01-19 15:00:00,0,0.14903,0.305094,0
2656,2016-01-19 16:00:00,0,0.14903,0.305094,0
2657,2016-01-19 17:00:00,0,0.14903,0.305094,0
2658,2016-01-19 18:00:00,0,0.14903,0.305094,0
2659,2016-01-19 19:00:00,0,0.14903,0.305094,0
2660,2016-01-19 20:00:00,0,0.14903,0.305094,0
2661,2016-01-19 21:00:00,0,0.14903,0.305094,0
2662,2016-01-19 22:00:00,0,0.14903,0.305094,0
2663,2016-01-19 23:00:00,0,0.14903,0.305094,0
2664,2016-01-20 00:00:00,0,0.14903,0.305094,0
2665,2016-01-20 01:00:00,0,0.14903,0.305094,0
2666,2016-01-20 02:00:00,0,0.14903,0.305094,0
2667,2016-01-20 03:00:00,0,0.14903,0.305094,0
2668,2016-01-20 04:00:00,0,0.14903,0.305094,0
2669,2016-01-20 05:00:00,0,0.14903,0.305094,0
2670,2016-01-20 06:00:00,0,0.14903,0.305094,0
2671,2016-01-20 07:00:00,0,0.14903,0.305094,0
2672,2016-01-20 08:00:00,0,0.14903,0.305094,0
2673,2016-01-20 09:00:00,0,0.14903,0.305094,0
2674,2016-01-20 10:00:00,0,0.14903,0.305094,0
2675,2016-01-20 11:00:00,0,0.14903,0.305094,0
2676,2016-01-20 12:00:00,0,0.14903,0.305094,0
2677,2016-01-20 13:00:00,0,0.14903,0.305094,0
2678,2016-01-20 14:00:00,0,0.14903,0.305094,0
2679,2016-01-20 15:00:00,0,0.14903,0.305094,0
2680,2016-01-20 16:00:00,0,0.14903,0.305094,0
2681,2016-01-20 17:00:00,0,0.14903,0.305094,0
2682,2016-01-20 18:00:00,0,0.14903,0.305094,0
2683,2016-01-20 19:00:00,0,0.14903,0.305094,0
2684,2016-01-20 20:00:00,0,0.14903,0.305094,0
2685,2016-01-20 21:00:00,0,0.14903,0.305094,0
2686,2016-01-20 22:00:00,0,0.14903,0.305094,0
2687,2016-01-20 23:00:00,0,0.14903,0.305094,0
2688,2016-01-21 00:00:00,0,0.14903,0.305094,0
2689,2016-01-21 01:00:00,0,0.14903,0.305094,0
2690,2016-01-21 02:00:00,0,0.14903,0.305094,0
2691,2016-01-21 03:00:00,0,0.14903,0.305094,0
2692,2016-01-21 04:00:00,0,0.14903,0.305094,0
2693,2016-01-21 05:00:00,0,0.14903,0.305094,0
2694,2016-01-21 06:00:00,0,0.14903,0.305094,0
2695,2016-01-21 07:00:00,0,0.14903,0.305094,0
2696,2016-01-21 08:00:00,0,0.14903,0.305094,0
2697,2016-01-21 09:00:00,0,0.14903,0.305094,0
2698,2016-01-21 10:00:00,0,0.14903,0.305094,0
2699,2016-01-21 11:00:00,0,0.14903,0.305094,0
2700,2016-01-21 12:00:00,0,0.14903,0.305094,0
2701,2016-01-21 13:00:00,0,0.14903,0.305094,0
2702,2016-01-21 14:00:00,0,0.14903,0.305094,0
2703,2016-01-21 15:00:00,0,0.14903,0.305094,0
2704,2016-01-21 16:00:00,0,0.14903,0.305094,0
2705,2016-01-21 17:00:00,0,0.14903,0.305094,0
2706,2016-01-21 18:00:00,0,0.14903,0.305094,0
2707,2016-01-21 19:00:00,0,0.14903,0.305094,0
2708,2016-01-21 20:00:00,0,0.14903,0.305094,0
2709,2016-01-21 21:00:00,0,0.14903,0.305094,0
2710,2016-01-21 22:00:00,0,0.14903,0.305094,0
2711,2016-01-21 23:00:00,0,0.14903,0.305094,0
2712,2016-01-22 00:00:00,0,0.14903,0.305094,0
2713,2016-01-22 01:00:00,0,0.14903,0.305094,0
2714,2016-01-22 02:00:00,0,0.14903,0.305094,0
2715,2016-01-22 03:00:00,0,0.14903,0.305094,0
2716,2016-01-22 04:00:00,0,0.14903,0.305094,0
2717,2016-01-22 05:00:00,0,0.14903,0.305094,0
2718,2016-01-22 06:00:00,0,0.14903,0.305094,0
2719,2016-01-22 07:00:00,0,0.14903,0.305094,0
2720,2016-01-22 08:00:00,0,0.14903,0.305094,0
2721,2016-01-22 09:00:00,0,0.14903,0.305094,0
2722,2016-01-22 10:00:00,0,0.14903,0.305094,0
2723,2016-01-22 11:00:00,0,0.14903,0.305094,0
2724,2016-01-22 12:00:00,0,0.14903,0.305094,0
2725,2016-01-22 13:00:00,0,0.14903,0.305094,0
2726,2016-01-22 14:00:00,0,0.14903,0.305094,0
2727,2016-01-22 15:00:00,0,0.14903,0.305094,0
2728,2016-01-22 16:00:00,0,0.14903,0.305094,0
2729,2016-01-22 17:00:00,0,0.14903,0.305094,0
2730,2016-01-22 18:00:00,0,0.14903,0.305094,0
2731,2016-01-22 19:00:00,0,0.14903,0.305094,0
2732,2016-01-22 20:00:00,0,0.14903,0.305094,0
2733,2016-01-22 21:00:00,0,0.14903,0.305094,0
2734,2016-01-22 22:00:00,0,0.14903,0.305094,0
2735,2016-01-22 23:00:00,0,0.14903,0.305094,0
2736,2016-01-23 00:00:00,0,0.14903,0.305094,0
2737,2016-01-23 01:00:00,0,0.14903,0.305094,0
2738,2016-01-23 02:00:00,0,0.14903,0.305094,0
2739,2016-01-23 03:00:00,0,0.14903,0.305094,0
2740,2016-01-23 04:00:00,0,0.14903,0.305094,0
2741,2016-01-23 05:00:00,0,0.14903,0.305094,0
2742,2016-01-23 06:00:00,0,0.14903,0.305094,0
2743,2016-01-23 07:00:00,0,0.14903,0.305094,0
2744,2016-01-23 08:00:00,0,0.14903,0.305094,0
2745,2016-01-23 09:00:00,0,0.14903,0.305094,0
2746,2016-01-23 10:00:00,0,0.14903,0.305094,0
2747,2016-01-23 11:00:00,0,0.14903,0.305094,0
2748,2016-01-23 12:00:00,0,0.14903,0.305094,0
2749,2016-01-23 13:00:00,0,0.14903,0.305094,0
2750,2016-01-23 14:00:00,0.057895,0.14903,0.305094,0
2751,2016-01-23 15:00:00,0.358459,0.14903,0.305094,0
2752,2016-01-23 16:00:00,0.563709,0.14903,0.305094,0
2753,2016-01-23 17:00:00,1.062297,0.14903,0.305094,0
2754,2016-01-23 18:00:00,1.558339,0.14903,0.305094,0
2755,2016-01-23 19:00:00,2.195404,0.14903,0.305094,0
2756,2016-01-23 20:00:00,2.740652,0.14903,0.305094,0
2757,2016-01-23 21:00:00,3.480991,0.14903,0.305094,0
2758,2016-01-23 22:00:00,4.150497,0.14903,0.305094,0
2759,2016-01-23 23:00:00,5.193788,0.14903,0.305094,0
2760,2016-01-24 00:00:00,5.94598,0.14903,0.305094,0
2761,2016-01-24 01:00:00,6.49268,0.14903,0.305094,0
2762,2016-01-24 02:00:00,7.063997,0.14903,0.305094,0
2763,2016-01-24 03:00:00,7.41447,0.14903,0.305094,0
2764,2016-01-24 04:00:00,7.769529,0.14903,0.305094,0
2765,2016-01-24 05:00:00,7.985016,0.14903,0.305094,0
2766,2016-01-24 06:00:00,8.162663,0.14903,0.305094,0
2767,2016-01-24 07:00:00,8.256018,0.14903,0.305094,0
2768,2016-01-24 08:00:00,8.32247,0.14903,0.305094,0
2769,2016-01-24 09:00:00,8.369168,0.14903,0.305094,0
2770,2016-01-24 10:00:00,8.398972,0.14903,0.305094,0
2771,2016-01-24 11:00:00,8.41521,0.14903,0.305094,0
2772,2016-01-24 12:00:00,8.427937,0.14903,0.305094,0
2773,2016-01-24 13:00:00,8.437341,0.14903,0.305094,0
2774,2016-01-24 14:00:00,8.435015,0.14903,0.305094,0
2775,2016-01-24 15:00:00,8.418095,0.14903,0.305094,0
2776,2016-01-24 16:00:00,8.382093,0.14903,0.305094,0
2777,2016-01-24 17:00:00,8.31087,0.14903,0.305094,0
2778,2016-01-24 18:00:00,7.776301,0.14903,0.305094,0
2779,2016-01-24 19:00:00,3.067489,0.149026,0.3053,0
2780,2016-01-24 20:00:00,2.99389,0.148985,0.307446,0
2781,2016-01-24 21:00:00,2.910244,0.148985,0.307459,0
2782,2016-01-24 22:00:00,2.843251,0.148984,0.307474,0
2783,2016-01-24 23:00:00,2.790492,0.148984,0.307485,0
2784,2016-01-25 00:00:00,2.739148,0.148984,0.307493,0
2785,2016-01-25 01:00:00,2.685758,0.148984,0.307502,0
2786,2016-01-25 02:00:00,2.634655,0.148983,0.30751,0
2787,2016-01-25 03:00:00,2.586306,0.148983,0.307518,0
2788,2016-01-25 04:00:00,2.539435,0.148983,0.307526,0
2789,2016-01-25 05:00:00,2.498596,0.148983,0.307533,0
2790,2016-01-25 06:00:00,2.463787,0.148983,0.307538,0
2791,2016-01-25 07:00:00,2.433496,0.148983,0.307543,0
2792,2016-01-25 08:00:00,2.404275,0.148983,0.307546,0
2793,2016-01-25 09:00:00,2.384983,0.148983,0.30755,0
2794,2016-01-25 10:00:00,2.36605,0.148983,0.307551,0
2795,2016-01-25 11:00:00,2.352297,0.148983,0.307552,0
2796,2016-01-25 12:00:00,2.343165,0.148983,0.307552,0
2797,2016-01-25 13:00:00,2.330058,0.148983,0.307552,0
2798,2016-01-25 14:00:00,2.30161,0.148983,0.307552,0
2799,2016-01-25 15:00:00,1.530532,0.148983,0.307552,0
2800,2016-01-25 16:00:00,1.430657,0.148976,0.307888,0
2801,2016-01-25 17:00:00,0.00001,0.148976,0.307888,0
2802,2016-01-25 18:00:00,0.000005,0.148962,0.308561,0
2803,2016-01-25 19:00:00,0,0.148962,0.308561,0
2804,2016-01-25 20:00:00,0,0.148962,0.308561,0
2805,2016-01-25 21:00:00,0,0.148962,0.308561,0
2806,2016-01-25 22:00:00,0,0.148962,0.308561,0
2807,2016-01-25 23:00:00,0,0.148962,0.308561,0
2808,2016-01-26 00:00:00,0,0.148962,0.308561,0
2809,2016-01-26 01:00:00,0,0.148962,0.308561,0
2810,2016-01-26 02:00:00,0,0.148962,0.308561,0
2811,2016-01-26 03:00:00,0,0.148962,0.308561,0
2812,2016-01-26 04:00:00,0,0.148962,0.308561,0
2813,2016-01-26 05:00:00,0,0.148962,0.308561,0
2814,2016-01-26 06:00:00,0,0.148962,0.308561,0
2815,2016-01-26 07:00:00,0,0.148962,0.308561,0
2816,2016-01-26 08:00:00,0,0.148962,0.308561,0
2817,2016-01-26 09:00:00,0,0.148962,0.308561,0
2818,2016-01-26 10:00:00,0,0.148962,0.308561,0
2819,2016-01-26 11:00:00,0,0.148962,0.308561,0
2820,2016-01-26 12:00:00,0,0.148962,0.308561,0
2821,2016-01-26 13:00:00,0,0.148962,0.308561,0
2822,2016-01-26 14:00:00,0,0.148962,0.308561,0
2823,2016-01-26 15:00:00,0,0.148962,0.308561,0
2824,2016-01-26 16:00:00,0,0.148962,0.308561,0
2825,2016-01-26 17:00:00,0,0.148962,0.30856,0
2826,2016-01-26 18:00:00,0,0.148963,0.308559,0
2827,2016-01-26 19:00:00,0,0.148963,0.308556,0
2828,2016-01-26 20:00:00,0,0.148963,0.308549,0
2829,2016-01-26 21:00:00,0,0.148963,0.308543,0
2830,2016-01-26 22:00:00,0,0.148963,0.308535,0
2831,2016-01-26 23:00:00,0,0.148963,0.308525,0
2832,2016-01-27 00:00:00,0,0.148963,0.308511,0
2833,2016-01-27 01:00:00,0,0.148964,0.308495,0
2834,2016-01-27 02:00:00,0,0.148964,0.308478,0
2835,2016-01-27 03:00:00,0,0.148965,0.308455,0
2836,2016-01-27 04:00:00,0,0.148965,0.308429,0
2837,2016-01-27 05:00:00,0,0.148966,0.308403,0
2838,2016-01-27 06:00:00,0,0.148966,0.308378,0
2839,2016-01-27 07:00:00,0,0.148967,0.308354,0
2840,2016-01-27 08:00:00,0,0.148967,0.308332,0
2841,2016-01-27 09:00:00,0,0.148967,0.308312,0
2842,2016-01-27 10:00:00,0,0.148968,0.308288,0
2843,2016-01-27 11:00:00,0,0.148968,0.308264,0
2844,2016-01-27 12:00:00,0,0.148969,0.308241,0
2845,2016-01-27 13:00:00,0,0.148969,0.308215,0
2846,2016-01-27 14:00:00,0,0.14897,0.308177,0
2847,2016-01-27 15:00:00,0,0.148971,0.308127,0
2848,2016-01-27 16:00:00,0,0.148973,0.308045,0
2849,2016-01-27 17:00:00,0,0.148975,0.307936,0
2850,2016-01-27 18:00:00,0,0.148978,0.307788,0
2851,2016-01-27 19:00:00,0,0.148982,0.307608,0
2852,2016-01-27 20:00:00,0,0.148985,0.307427,0
2853,2016-01-27 21:00:00,0,0.148987,0.307347,0
2854,2016-01-27 22:00:00,0,0.148988,0.30728,0
2855,2016-01-27 23:00:00,0,0.148989,0.307223,0
2856,2016-01-28 00:00:00,0,0.14899,0.30717,0
2857,2016-01-28 01:00:00,0,0.148991,0.307125,0
2858,2016-01-28 02:00:00,0,0.148992,0.307087,0
2859,2016-01-28 03:00:00,0,0.148993,0.307052,0
2860,2016-01-28 04:00:00,0,0.148993,0.307023,0
2861,2016-01-28 05:00:00,0,0.148993,0.307023,0
2862,2016-01-28 06:00:00,0,0.148993,0.307023,0
2863,2016-01-28 07:00:00,0,0.148993,0.307023,0
2864,2016-01-28 08:00:00,0,0.148993,0.307023,0
2865,2016-01-28 09:00:00,0,0.148993,0.307023,0
2866,2016-01-28 10:00:00,0,0.148993,0.307023,0
2867,2016-01-28 11:00:00,0,0.148993,0.307023,0
2868,2016-01-28 12:00:00,0,0.148993,0.307023,0
2869,2016-01-28 13:00:00,0,0.148993,0.307023,0
2870,2016-01-28 14:00:00,0,0.148993,0.307023,0
2871,2016-01-28 15:00:00,0,0.148993,0.307023,0
2872,2016-01-28 16:00:00,0,0.148993,0.307023,0
2873,2016-01-28 17:00:00,0,0.148993,0.307023,0
2874,2016-01-28 18:00:00,0,0.148993,0.307023,0
2875,2016-01-28 19:00:00,0,0.148994,0.306982,0
2876,2016-01-28 20:00:00,0,0.148995,0.306908,0
2877,2016-01-28 21:00:00,0,0.148996,0.306891,0
2878,2016-01-28 22:00:00,0,0.148996,0.306879,0
2879,2016-01-28 23:00:00,0,0.148996,0.30687,0
2880,2016-01-29 00:00:00,0,0.148996,0.306861,0
2881,2016-01-29 01:00:00,0,0.148996,0.306858,0
2882,2016-01-29 02:00:00,0,0.148996,0.306858,0
2883,2016-01-29 03:00:00,0,0.148996,0.306857,0
2884,2016-01-29 04:00:00,0,0.148996,0.306857,0
2885,2016-01-29 05:00:00,0,0.148996,0.306857,0
2886,2016-01-29 06:00:00,0,0.148996,0.306857,0
2887,2016-01-29 07:00:00,0,0.148996,0.306857,0
2888,2016-01-29 08:00:00,0,0.148996,0.306857,0
2889,2016-01-29 09:00:00,0,0.148996,0.306857,0
2890,2016-01-29 10:00:00,0,0.148996,0.306857,0
2891,2016-01-29 11:00:00,0,0.148996,0.306857,0
2892,2016-01-29 12:00:00,0,0.148996,0.306857,0
2893,2016-01-29 13:00:00,0,0.148996,0.306857,0
2894,2016-01-29 14:00:00,0,0.148996,0.306857,0
2895,2016-01-29 15:00:00,0,0.148996,0.306857,0
2896,2016-01-29 16:00:00,0,0.148996,0.306857,0
2897,2016-01-29 17:00:00,0,0.148997,0.306799,0
2898,2016-01-29 18:00:00,0,0.149,0.306687,0
2899,2016-01-29 19:00:00,0,0.149002,0.306571,0
2900,2016-01-29 20:00:00,0,0.149005,0.306412,0
2901,2016-01-29 21:00:00,0,0.149006,0.306362,0
2902,2016-01-29 22:00:00,0,0.149007,0.306323,0
2903,2016-01-29 23:00:00,0,0.149008,0.306285,0
2904,2016-01-30 00:00:00,0,0.149008,0.306245,0
2905,2016-01-30 01:00:00,0,0.149009,0.306205,0
2906,2016-01-30 02:00:00,0,0.14901,0.306166,0
2907,2016-01-30 03:00:00,0,0.149011,0.30613,0
2908,2016-01-30 04:00:00,0,0.149011,0.306097,0
2909,2016-01-30 05:00:00,0,0.149011,0.306097,0
2910,2016-01-30 06:00:00,0,0.149011,0.306097,0
2911,2016-01-30 07:00:00,0,0.149011,0.306097,0
2912,2016-01-30 08:00:00,0,0.149011,0.306097,0
2913,2016-01-30 09:00:00,0,0.149011,0.306097,0
2914,2016-01-30 10:00:00,0,0.149011,0.306097,0
2915,2016-01-30 11:00:00,0,0.149011,0.306097,0
2916,2016-01-30 12:00:00,0,0.149011,0.306097,0
2917,2016-01-30 13:00:00,0,0.149011,0.306097,0
2918,2016-01-30 14:00:00,0,0.149011,0.306097,0
2919,2016-01-30 15:00:00,0,0.149011,0.306097,0
2920,2016-01-30 16:00:00,0,0.149011,0.306097,0
2921,2016-01-30 17:00:00,0,0.149011,0.306097,0
2922,2016-01-30 18:00:00,0,0.149011,0.306097,0
2923,2016-01-30 19:00:00,0,0.149012,0.306036,0
2924,2016-01-30 20:00:00,0,0.149015,0.305922,0
2925,2016-01-30 21:00:00,0,0.149016,0.305869,0
2926,2016-01-30 22:00:00,0,0.149017,0.305808,0
2927,2016-01-30 23:00:00,0,0.149018,0.305755,0
2928,2016-01-31 00:00:00,0,0.149019,0.305715,0
2929,2016-01-31 01:00:00,0,0.149019,0.305684,0
2930,2016-01-31 02:00:00,0,0.14902,0.305656,0
2931,2016-01-31 03:00:00,0,0.14902,0.305633,0
2932,2016-01-31 04:00:00,0,0.149021,0.305611,0
2933,2016-01-31 05:00:00,0,0.149021,0.305583,0
2934,2016-01-31 06:00:00,0,0.149022,0.305547,0
2935,2016-01-31 07:00:00,0,0.149022,0.305512,0
2936,2016-01-31 08:00:00,0,0.149023,0.305479,0
2937,2016-01-31 09:00:00,0,0.149024,0.305446,0
2938,2016-01-31 10:00:00,0,0.149024,0.30542,0
2939,2016-01-31 11:00:00,0,0.149025,0.305396,0
2940,2016-01-31 12:00:00,0,0.149025,0.305379,0
2941,2016-01-31 13:00:00,0,0.149025,0.305363,0
2942,2016-01-31 14:00:00,0,0.149026,0.305337,0
2943,2016-01-31 15:00:00,0,0.149027,0.305296,0
2944,2016-01-31 16:00:00,0,0.149028,0.305223,0
2945,2016-01-31 17:00:00,0,0.14903,0.305111,0
2946,2016-01-31 18:00:00,0,0.149033,0.304947,0
2947,2016-01-31 19:00:00,0,0.149037,0.304737,0
2948,2016-01-31 20:00:00,0,0.149041,0.304519,0
2949,2016-01-31 21:00:00,0,0.149043,0.304452,0
2950,2016-01-31 22:00:00,0,0.149043,0.304404,0
2951,2016-01-31 23:00:00,0,0.149044,0.304352,0
2952,2016-02-01 00:00:00,0,0.149045,0.304304,0
2953,2016-02-01 01:00:00,0,0.149046,0.304267,0
2954,2016-02-01 02:00:00,0,0.149047,0.304236,0
2955,2016-02-01 03:00:00,0,0.149047,0.304213,0
2956,2016-02-01 04:00:00,0,0.149047,0.304198,0
2957,2016-02-01 05:00:00,0,0.149048,0.304188,0
2958,2016-02-01 06:00:00,0,0.149048,0.304185,0
2959,2016-02-01 07:00:00,0,0.149048,0.304184,0
2960,2016-02-01 08:00:00,0,0.149048,0.304183,0
2961,2016-02-01 09:00:00,0,0.149048,0.304181,0
2962,2016-02-01 10:00:00,0,0.149048,0.304183,0
2963,2016-02-01 11:00:00,0,0.149048,0.304184,0
2964,2016-02-01 12:00:00,0,0.149048,0.304184,0
2965,2016-02-01 13:00:00,0,0.149048,0.30418,0
2966,2016-02-01 14:00:00,0,0.149048,0.304169,0
2967,2016-02-01 15:00:00,0,0.149049,0.304134,0
2968,2016-02-01 16:00:00,0,0.14905,0.304056,0
2969,2016-02-01 17:00:00,0,0.149052,0.303924,0
2970,2016-02-01 18:00:00,0,0.149056,0.303737,0
2971,2016-02-01 19:00:00,0,0.14906,0.303529,0
2972,2016-02-01 20:00:00,0,0.149064,0.303307,0
2973,2016-02-01 21:00:00,0,0.149066,0.303197,0
2974,2016-02-01 22:00:00,0,0.149068,0.303071,0
2975,2016-02-01 23:00:00,0,0.14907,0.302964,0
2976,2016-02-02 00:00:00,0,0.149072,0.302876,0
2977,2016-02-02 01:00:00,0,0.149073,0.302806,0
2978,2016-02-02 02:00:00,0,0.149074,0.302747,0
2979,2016-02-02 03:00:00,0,0.149075,0.302695,0
2980,2016-02-02 04:00:00,0,0.149076,0.302651,0
2981,2016-02-02 05:00:00,0,0.149077,0.302613,0
2982,2016-02-02 06:00:00,0,0.149077,0.302578,0
2983,2016-02-02 07:00:00,0,0.149078,0.302552,0
2984,2016-02-02 08:00:00,0,0.149078,0.30253,0
2985,2016-02-02 09:00:00,0,0.149078,0.302512,0
2986,2016-02-02 10:00:00,0,0.149079,0.302496,0
2987,2016-02-02 11:00:00,0,0.149079,0.302484,0
2988,2016-02-02 12:00:00,0,0.149079,0.302484,0
2989,2016-02-02 13:00:00,0,0.149079,0.302484,0
2990,2016-02-02 14:00:00,0,0.149079,0.302484,0
2991,2016-02-02 15:00:00,0,0.149079,0.302484,0
2992,2016-02-02 16:00:00,0,0.14908,0.302434,0
2993,2016-02-02 17:00:00,0,0.149082,0.302328,0
2994,2016-02-02 18:00:00,0,0.149085,0.302163,0
2995,2016-02-02 19:00:00,0,0.149088,0.301967,0
2996,2016-02-02 20:00:00,0,0.149092,0.301775,0
2997,2016-02-02 21:00:00,0,0.149092,0.301749,0
2998,2016-02-02 22:00:00,0,0.149092,0.301735,0
2999,2016-02-02 23:00:00,0,0.149093,0.301726,0
3000,2016-02-03 00:00:00,0,0.149093,0.301696,0
3001,2016-02-03 01:00:00,0,0.149094,0.301669,0
3002,2016-02-03 02:00:00,0,0.149094,0.301646,0
3003,2016-02-03 03:00:00,0,0.149094,0.301625,0
3004,2016-02-03 04:00:00,0,0.149095,0.301606,0
3005,2016-02-03 05:00:00,0,0.149095,0.301592,0
3006,2016-02-03 06:00:00,0,0.149095,0.301579,0
3007,2016-02-03 07:00:00,0,0.149095,0.301579,0
3008,2016-02-03 08:00:00,0,0.149095,0.301579,0
3009,2016-02-03 09:00:00,0,0.149095,0.301579,0
3010,2016-02-03 10:00:00,0,0.149095,0.301579,0
3011,2016-02-03 11:00:00,0,0.149095,0.301579,0
3012,2016-02-03 12:00:00,0,0.149095,0.301579,0
3013,2016-02-03 13:00:00,0,0.149095,0.301579,0
3014,2016-02-03 14:00:00,0,0.149095,0.301574,0
3015,2016-02-03 15:00:00,0,0.149096,0.301562,0
3016,2016-02-03 16:00:00,0,0.149096,0.301545,0
3017,2016-02-03 17:00:00,0,0.149096,0.301521,0
3018,2016-02-03 18:00:00,0,0.149097,0.301485,0
3019,2016-02-03 19:00:00,0,0.149098,0.301454,0.00018
3020,2016-02-03 20:00:00,0,0.149093,0.301714,0.000776
3021,2016-02-03 21:00:00,0,0.149069,0.303031,0.000902
3022,2016-02-03 22:00:00,0,0.14904,0.304569,0.000169
3023,2016-02-03 23:00:00,0,0.149035,0.304868,0.001386
3024,2016-02-04 00:00:00,0,0.14899,0.307205,0.002292
3025,2016-02-04 01:00:00,0,0.148912,0.311001,0.001675
3026,2016-02-04 02:00:00,0,0.148852,0.313788,0.000438
3027,2016-02-04 03:00:00,0,0.148836,0.314536,0.000266
3028,2016-02-04 04:00:00,0,0.148825,0.314995,0
3029,2016-02-04 05:00:00,0,0.148825,0.315,0
3030,2016-02-04 06:00:00,0,0.148825,0.315003,0
3031,2016-02-04 07:00:00,0,0.148825,0.315007,0
3032,2016-02-04 08:00:00,0,0.148825,0.315009,0
3033,2016-02-04 09:00:00,0,0.148825,0.315016,0
3034,2016-02-04 10:00:00,0,0.148825,0.315022,0
3035,2016-02-04 11:00:00,0,0.148825,0.315032,0.000028
3036,2016-02-04 12:00:00,0,0.148823,0.315091,0.000435
3037,2016-02-04 13:00:00,0,0.148807,0.31583,0.000012
3038,2016-02-04 14:00:00,0,0.148806,0.31585,0.000017
3039,2016-02-04 15:00:00,0,0.148806,0.315861,0
3040,2016-02-04 16:00:00,0,0.148807,0.315806,0
3041,2016-02-04 17:00:00,0,0.148809,0.315709,0
3042,2016-02-04 18:00:00,0,0.148812,0.315569,0
3043,2016-02-04 19:00:00,0,0.148817,0.315365,0
3044,2016-02-04 20:00:00,0,0.148822,0.315153,0
3045,2016-02-04 21:00:00,0,0.148824,0.315075,0
3046,2016-02-04 22:00:00,0,0.148825,0.315018,0
3047,2016-02-04 23:00:00,0,0.148826,0.314972,0
3048,2016-02-05 00:00:00,0,0.148827,0.314936,0
3049,2016-02-05 01:00:00,0,0.148827,0.314907,0.00003
3050,2016-02-05 02:00:00,0,0.148827,0.314929,0
3051,2016-02-05 03:00:00,0,0.148828,0.314892,0
3052,2016-02-05 04:00:00,0,0.148829,0.314852,0.000009
3053,2016-02-05 05:00:00,0,0.148829,0.314828,0.000153
3054,2016-02-05 06:00:00,0,0.148824,0.315049,0.000424
3055,2016-02-05 07:00:00,0,0.148809,0.315741,0.000204
3056,2016-02-05 08:00:00,0,0.148801,0.316064,0.000091
3057,2016-02-05 09:00:00,0.25394,0.148798,0.316196,0
3058,2016-02-05 10:00:00,0.881463,0.148799,0.316172,0
3059,2016-02-05 11:00:00,1.169637,0.148796,0.316274,0
3060,2016-02-05 12:00:00,3.354824,0.148787,0.316676,0
3061,2016-02-05 13:00:00,5.27236,0.14878,0.31699,0
3062,2016-02-05 14:00:00,7.162422,0.14878,0.31699,0
3063,2016-02-05 15:00:00,8.57912,0.14878,0.31699,0
3064,2016-02-05 16:00:00,10.529743,0.14878,0.31699,0
3065,2016-02-05 17:00:00,12.322624,0.14878,0.31699,0
3066,2016-02-05 18:00:00,13.678445,0.14878,0.31699,0
3067,2016-02-05 19:00:00,14.846839,0.14878,0.31699,0
3068,2016-02-05 20:00:00,15.550527,0.14878,0.31699,0
3069,2016-02-05 21:00:00,15.791049,0.14878,0.31699,0
3070,2016-02-05 22:00:00,15.949452,0.14878,0.31699,0
3071,2016-02-05 23:00:00,16.057182,0.14878,0.316994,0
3072,2016-02-06 00:00:00,16.123556,0.14878,0.317,0
3073,2016-02-06 01:00:00,16.148243,0.148779,0.31701,0
3074,2016-02-06 02:00:00,16.153275,0.148779,0.317021,0
3075,2016-02-06 03:00:00,16.149733,0.148779,0.317033,0
3076,2016-02-06 04:00:00,16.138346,0.148779,0.317046,0
3077,2016-02-06 05:00:00,16.126257,0.148778,0.317059,0
3078,2016-02-06 06:00:00,16.111933,0.148778,0.317072,0
3079,2016-02-06 07:00:00,16.102648,0.148778,0.317084,0
3080,2016-02-06 08:00:00,16.095707,0.148777,0.317096,0
3081,2016-02-06 09:00:00,16.092569,0.148777,0.317106,0
3082,2016-02-06 10:00:00,16.096029,0.148777,0.317115,0
3083,2016-02-06 11:00:00,16.103357,0.148777,0.317121,0
3084,2016-02-06 12:00:00,16.113493,0.148777,0.317125,0
3085,2016-02-06 13:00:00,16.12273,0.148777,0.317127,0
3086,2016-02-06 14:00:00,16.122282,0.148777,0.317127,0
3087,2016-02-06 15:00:00,16.100607,0.148777,0.317127,0
3088,2016-02-06 16:00:00,16.04459,0.148777,0.317127,0
3089,2016-02-06 17:00:00,15.757427,0.148776,0.317139,0
3090,2016-02-06 18:00:00,15.016472,0.148774,0.317249,0
3091,2016-02-06 19:00:00,9.975677,0.148766,0.317564,0
3092,2016-02-06 20:00:00,9.829889,0.148712,0.319835,0
3093,2016-02-06 21:00:00,9.701693,0.148711,0.319898,0
3094,2016-02-06 22:00:00,9.584245,0.148709,0.319955,0
3095,2016-02-06 23:00:00,9.479756,0.148708,0.320006,0
3096,2016-02-07 00:00:00,9.390778,0.148707,0.320053,0
3097,2016-02-07 01:00:00,9.312071,0.148706,0.320095,0
3098,2016-02-07 02:00:00,9.24181,0.148705,0.320132,0
3099,2016-02-07 03:00:00,9.179377,0.148704,0.320167,0
3100,2016-02-07 04:00:00,9.124526,0.148703,0.320197,0
3101,2016-02-07 05:00:00,9.074734,0.148703,0.320225,0
3102,2016-02-07 06:00:00,9.027032,0.148702,0.320251,0
3103,2016-02-07 07:00:00,8.98638,0.148701,0.320274,0
3104,2016-02-07 08:00:00,8.951324,0.148701,0.320295,0
3105,2016-02-07 09:00:00,8.923752,0.1487,0.320313,0
3106,2016-02-07 10:00:00,8.901901,0.1487,0.320329,0
3107,2016-02-07 11:00:00,8.878689,0.1487,0.320343,0
3108,2016-02-07 12:00:00,8.862489,0.148699,0.320354,0
3109,2016-02-07 13:00:00,8.839587,0.148699,0.320362,0
3110,2016-02-07 14:00:00,8.801323,0.148699,0.320369,0
3111,2016-02-07 15:00:00,8.707129,0.148699,0.320376,0
3112,2016-02-07 16:00:00,7.761365,0.148698,0.320396,0
3113,2016-02-07 17:00:00,2.197616,0.148689,0.320789,0
3114,2016-02-07 18:00:00,2.013761,0.148626,0.323253,0
3115,2016-02-07 19:00:00,0.000049,0.148626,0.323253,0
3116,2016-02-07 20:00:00,0.000009,0.148602,0.324181,0
3117,2016-02-07 21:00:00,0,0.148602,0.324181,0
3118,2016-02-07 22:00:00,0,0.148602,0.324181,0
3119,2016-02-07 23:00:00,0,0.148602,0.324181,0
3120,2016-02-08 00:00:00,0,0.148602,0.324181,0
3121,2016-02-08 01:00:00,0,0.148602,0.324181,0
3122,2016-02-08 02:00:00,0,0.148602,0.324181,0
3123,2016-02-08 03:00:00,0,0.148602,0.324181,0
3124,2016-02-08 04:00:00,0,0.148602,0.324181,0
3125,2016-02-08 05:00:00,0,0.148602,0.324181,0
3126,2016-02-08 06:00:00,0,0.148602,0.324181,0
3127,2016-02-08 07:00:00,0,0.148602,0.324181,0
3128,2016-02-08 08:00:00,0,0.148602,0.324181,0
3129,2016-02-08 09:00:00,0,0.148602,0.324181,0
3130,2016-02-08 10:00:00,0,0.148603,0.324158,0
3131,2016-02-08 11:00:00,0,0.148604,0.324131,0
3132,2016-02-08 12:00:00,0,0.148604,0.324131,0
3133,2016-02-08 13:00:00,0,0.148604,0.324131,0
3134,2016-02-08 14:00:00,0.232736,0.148604,0.324131,0
3135,2016-02-08 15:00:00,0.718852,0.148604,0.324131,0
3136,2016-02-08 16:00:00,1.243973,0.148604,0.324131,0
3137,2016-02-08 17:00:00,1.744778,0.148604,0.324131,0
3138,2016-02-08 18:00:00,2.160979,0.148604,0.324131,0
3139,2016-02-08 19:00:00,2.329091,0.148604,0.324131,0
3140,2016-02-08 20:00:00,2.458863,0.148604,0.324131,0
3141,2016-02-08 21:00:00,2.472139,0.148604,0.324131,0
3142,2016-02-08 22:00:00,2.56702,0.148604,0.324131,0
3143,2016-02-08 23:00:00,2.81639,0.148604,0.324131,0
3144,2016-02-09 00:00:00,3.076523,0.148604,0.324131,0
3145,2016-02-09 01:00:00,3.125682,0.148604,0.324131,0
3146,2016-02-09 02:00:00,3.163235,0.148604,0.324131,0
3147,2016-02-09 03:00:00,3.190343,0.148604,0.324131,0
3148,2016-02-09 04:00:00,3.211387,0.148604,0.324131,0
3149,2016-02-09 05:00:00,3.228894,0.148604,0.324131,0
3150,2016-02-09 06:00:00,3.24403,0.148604,0.324131,0
3151,2016-02-09 07:00:00,3.257237,0.148604,0.324131,0
3152,2016-02-09 08:00:00,3.26971,0.148604,0.324131,0
3153,2016-02-09 09:00:00,3.336227,0.148604,0.324131,0
3154,2016-02-09 10:00:00,3.350526,0.148604,0.324131,0
3155,2016-02-09 11:00:00,3.365182,0.148604,0.324131,0
3156,2016-02-09 12:00:00,3.37919,0.148604,0.324131,0
3157,2016-02-09 13:00:00,3.389329,0.148604,0.324131,0
3158,2016-02-09 14:00:00,3.396419,0.148604,0.324131,0
3159,2016-02-09 15:00:00,3.393739,0.148604,0.324131,0
3160,2016-02-09 16:00:00,3.387426,0.148604,0.324131,0
3161,2016-02-09 17:00:00,3.371502,0.148604,0.324131,0
3162,2016-02-09 18:00:00,3.338115,0.148604,0.324131,0
3163,2016-02-09 19:00:00,3.275287,0.148604,0.324131,0
3164,2016-02-09 20:00:00,3.282438,0.148604,0.324131,0
3165,2016-02-09 21:00:00,3.286653,0.148604,0.324131,0
3166,2016-02-09 22:00:00,3.2928,0.148604,0.324131,0
3167,2016-02-09 23:00:00,3.299596,0.148604,0.324131,0
3168,2016-02-10 00:00:00,3.306805,0.148604,0.324131,0
3169,2016-02-10 01:00:00,3.314954,0.148604,0.324131,0
3170,2016-02-10 02:00:00,3.322716,0.148604,0.324131,0
3171,2016-02-10 03:00:00,3.329362,0.148604,0.324131,0
3172,2016-02-10 04:00:00,3.336316,0.148604,0.324131,0
3173,2016-02-10 05:00:00,3.342734,0.148604,0.324131,0
3174,2016-02-10 06:00:00,3.349175,0.148604,0.324131,0
3175,2016-02-10 07:00:00,3.355298,0.148604,0.324131,0
3176,2016-02-10 08:00:00,3.360945,0.148604,0.324131,0
3177,2016-02-10 09:00:00,3.365312,0.148604,0.324131,0
3178,2016-02-10 10:00:00,3.369719,0.148604,0.324131,0
3179,2016-02-10 11:00:00,3.373995,0.148604,0.324131,0
3180,2016-02-10 12:00:00,3.375235,0.148604,0.324131,0
3181,2016-02-10 13:00:00,3.37255,0.148604,0.324131,0
3182,2016-02-10 14:00:00,3.364255,0.148604,0.324131,0
3183,2016-02-10 15:00:00,3.431857,0.148604,0.324131,0
3184,2016-02-10 16:00:00,3.472758,0.148604,0.324131,0
3185,2016-02-10 17:00:00,3.468599,0.148604,0.324131,0
3186,2016-02-10 18:00:00,3.847381,0.148604,0.324131,0
3187,2016-02-10 19:00:00,3.886864,0.148604,0.324131,0
3188,2016-02-10 20:00:00,3.951948,0.148604,0.324131,0
3189,2016-02-10 21:00:00,3.958828,0.148604,0.324131,0
3190,2016-02-10 22:00:00,3.962102,0.148604,0.324131,0
3191,2016-02-10 23:00:00,3.964294,0.148604,0.324131,0
3192,2016-02-11 00:00:00,3.969421,0.148604,0.324131,0
3193,2016-02-11 01:00:00,3.970198,0.148604,0.324131,0
3194,2016-02-11 02:00:00,3.966536,0.148604,0.324131,0
3195,2016-02-11 03:00:00,3.955526,0.148604,0.324131,0
3196,2016-02-11 04:00:00,3.945147,0.148604,0.324131,0
3197,2016-02-11 05:00:00,3.934491,0.148604,0.324131,0
3198,2016-02-11 06:00:00,3.921405,0.148604,0.324131,0
3199,2016-02-11 07:00:00,3.909789,0.148604,0.324131,0
3200,2016-02-11 08:00:00,3.900638,0.148604,0.324131,0
3201,2016-02-11 09:00:00,3.893229,0.148604,0.324131,0
3202,2016-02-11 10:00:00,3.880808,0.148604,0.324131,0
3203,2016-02-11 11:00:00,3.869253,0.148604,0.324131,0
3204,2016-02-11 12:00:00,3.855428,0.148604,0.324131,0
3205,2016-02-11 13:00:00,3.839343,0.148604,0.324131,0
3206,2016-02-11 14:00:00,3.814767,0.148604,0.324131,0
3207,2016-02-11 15:00:00,3.781021,0.148604,0.324131,0
3208,2016-02-11 16:00:00,3.737412,0.148604,0.324131,0
3209,2016-02-11 17:00:00,3.679988,0.148604,0.324131,0
3210,2016-02-11 18:00:00,3.60862,0.148604,0.324131,0
3211,2016-02-11 19:00:00,3.541408,0.148604,0.324131,0
3212,2016-02-11 20:00:00,3.503036,0.148604,0.324131,0
3213,2016-02-11 21:00:00,3.466031,0.148604,0.324131,0
3214,2016-02-11 22:00:00,3.436911,0.148604,0.324131,0
3215,2016-02-11 23:00:00,3.409204,0.148604,0.324131,0
3216,2016-02-12 00:00:00,3.381428,0.148604,0.324131,0
3217,2016-02-12 01:00:00,3.354208,0.148604,0.324131,0
3218,2016-02-12 02:00:00,3.329814,0.148604,0.324131,0
3219,2016-02-12 03:00:00,3.30702,0.148604,0.324131,0
3220,2016-02-12 04:00:00,3.286418,0.148604,0.324131,0
3221,2016-02-12 05:00:00,3.266088,0.148604,0.324131,0
3222,2016-02-12 06:00:00,3.247175,0.148604,0.324131,0
3223,2016-02-12 07:00:00,3.231193,0.148604,0.324131,0
3224,2016-02-12 08:00:00,3.217448,0.148604,0.324131,0
3225,2016-02-12 09:00:00,3.206912,0.148604,0.324131,0
3226,2016-02-12 10:00:00,3.197739,0.148604,0.324131,0
3227,2016-02-12 11:00:00,3.190858,0.148604,0.324131,0
3228,2016-02-12 12:00:00,3.186728,0.148604,0.324131,0
3229,2016-02-12 13:00:00,3.18029,0.148604,0.324131,0
3230,2016-02-12 14:00:00,3.166138,0.148604,0.324131,0
3231,2016-02-12 15:00:00,3.139323,0.148604,0.324131,0
3232,2016-02-12 16:00:00,3.093151,0.148604,0.324131,0
3233,2016-02-12 17:00:00,3.026776,0.148604,0.324131,0
3234,2016-02-12 18:00:00,2.945781,0.148604,0.324131,0
3235,2016-02-12 19:00:00,2.865917,0.148604,0.324131,0
3236,2016-02-12 20:00:00,2.843491,0.148604,0.324131,0
3237,2016-02-12 21:00:00,2.816564,0.148604,0.324131,0
3238,2016-02-12 22:00:00,2.791504,0.148604,0.324131,0
3239,2016-02-12 23:00:00,2.770483,0.148604,0.324131,0
3240,2016-02-13 00:00:00,2.753184,0.148604,0.324131,0
3241,2016-02-13 01:00:00,2.739337,0.148604,0.324131,0
3242,2016-02-13 02:00:00,2.730283,0.148604,0.324131,0
3243,2016-02-13 03:00:00,2.723261,0.148604,0.324131,0
3244,2016-02-13 04:00:00,2.718073,0.148604,0.324131,0
3245,2016-02-13 05:00:00,2.71378,0.148604,0.324131,0
3246,2016-02-13 06:00:00,2.710863,0.148604,0.324131,0
3247,2016-02-13 07:00:00,2.710132,0.148604,0.324131,0
3248,2016-02-13 08:00:00,2.710982,0.148604,0.324131,0
3249,2016-02-13 09:00:00,2.70956,0.148604,0.324131,0
3250,2016-02-13 10:00:00,2.708454,0.148604,0.324131,0
3251,2016-02-13 11:00:00,2.706738,0.148604,0.324131,0
3252,2016-02-13 12:00:00,2.706134,0.148604,0.324131,0
3253,2016-02-13 13:00:00,2.700946,0.148604,0.324131,0
3254,2016-02-13 14:00:00,2.684186,0.148604,0.324131,0
3255,2016-02-13 15:00:00,2.645646,0.148604,0.324131,0
3256,2016-02-13 16:00:00,2.594713,0.148604,0.324131,0
3257,2016-02-13 17:00:00,2.539984,0.148604,0.324131,0
3258,2016-02-13 18:00:00,2.480364,0.148604,0.324131,0
3259,2016-02-13 19:00:00,2.421019,0.148604,0.324131,0
3260,2016-02-13 20:00:00,2.37546,0.148604,0.324131,0
3261,2016-02-13 21:00:00,2.336595,0.148604,0.324131,0
3262,2016-02-13 22:00:00,2.30319,0.148604,0.324131,0
3263,2016-02-13 23:00:00,2.270837,0.148604,0.324131,0
3264,2016-02-14 00:00:00,2.241991,0.148604,0.324131,0
3265,2016-02-14 01:00:00,2.21787,0.148604,0.324131,0
3266,2016-02-14 02:00:00,2.198292,0.148604,0.324131,0
3267,2016-02-14 03:00:00,2.180695,0.148604,0.324131,0
3268,2016-02-14 04:00:00,2.165085,0.148604,0.324131,0
3269,2016-02-14 05:00:00,2.147812,0.148604,0.324131,0
3270,2016-02-14 06:00:00,2.133367,0.148604,0.324131,0
3271,2016-02-14 07:00:00,2.120832,0.148604,0.324131,0
3272,2016-02-14 08:00:00,2.110239,0.148604,0.324131,0
3273,2016-02-14 09:00:00,2.099501,0.148604,0.324131,0
3274,2016-02-14 10:00:00,2.090919,0.148604,0.324131,0
3275,2016-02-14 11:00:00,2.082812,0.148604,0.324131,0
3276,2016-02-14 12:00:00,2.07579,0.148604,0.324131,0
3277,2016-02-14 13:00:00,2.067558,0.148604,0.324131,0
3278,2016-02-14 14:00:00,2.056305,0.148604,0.324131,0
3279,2016-02-14 15:00:00,2.04378,0.148604,0.324131,0
3280,2016-02-14 16:00:00,2.024979,0.148604,0.324131,0
3281,2016-02-14 17:00:00,2.001978,0.148604,0.324131,0
3282,2016-02-14 18:00:00,1.974113,0.148604,0.324131,0
3283,2016-02-14 19:00:00,1.941616,0.148604,0.324131,0
3284,2016-02-14 20:00:00,1.9078,0.148604,0.324131,0
3285,2016-02-14 21:00:00,1.883478,0.148604,0.324131,0
3286,2016-02-14 22:00:00,1.861797,0.148604,0.324131,0
3287,2016-02-14 23:00:00,1.842676,0.148604,0.324131,0
3288,2016-02-15 00:00:00,1.825863,0.148604,0.324131,0
3289,2016-02-15 01:00:00,1.810409,0.148604,0.324131,0
3290,2016-02-15 02:00:00,1.799381,0.148604,0.324131,0
3291,2016-02-15 03:00:00,1.78897,0.148604,0.324131,0
3292,2016-02-15 04:00:00,1.778506,0.148604,0.324131,0
3293,2016-02-15 05:00:00,1.769037,0.148604,0.324131,0
3294,2016-02-15 06:00:00,1.760448,0.148604,0.324131,0
3295,2016-02-15 07:00:00,1.752462,0.148604,0.324131,0
3296,2016-02-15 08:00:00,1.745787,0.148604,0.324131,0
3297,2016-02-15 09:00:00,1.740786,0.148604,0.324131,0
3298,2016-02-15 10:00:00,1.73613,0.148604,0.324131,0
3299,2016-02-15 11:00:00,1.731847,0.148604,0.324131,0
3300,2016-02-15 12:00:00,1.726882,0.148604,0.324131,0
3301,2016-02-15 13:00:00,1.722508,0.148604,0.324131,0
3302,2016-02-15 14:00:00,1.711769,0.148604,0.324131,0
3303,2016-02-15 15:00:00,1.690483,0.148604,0.324131,0
3304,2016-02-15 16:00:00,1.656331,0.148604,0.324131,0
3305,2016-02-15 17:00:00,1.611693,0.148604,0.324131,0
3306,2016-02-15 18:00:00,1.571223,0.148604,0.324131,0
3307,2016-02-15 19:00:00,1.526266,0.148604,0.324131,0
3308,2016-02-15 20:00:00,1.489981,0.148604,0.324131,0
3309,2016-02-15 21:00:00,1.477793,0.148604,0.324131,0
3310,2016-02-15 22:00:00,1.470714,0.148604,0.324131,0
3311,2016-02-15 23:00:00,1.649792,0.148604,0.324131,0
3312,2016-02-16 00:00:00,1.786395,0.148604,0.324131,0
3313,2016-02-16 01:00:00,1.812828,0.148604,0.324131,0
3314,2016-02-16 02:00:00,2.10538,0.148604,0.324131,0
3315,2016-02-16 03:00:00,2.498538,0.148604,0.324131,0
3316,2016-02-16 04:00:00,2.683838,0.148604,0.324131,0
3317,2016-02-16 05:00:00,2.809326,0.148604,0.324131,0
3318,2016-02-16 06:00:00,3.948102,0.148604,0.324131,0
3319,2016-02-16 07:00:00,5.940934,0.148604,0.324131,0
3320,2016-02-16 08:00:00,6.189395,0.148604,0.324131,0
3321,2016-02-16 09:00:00,6.423899,0.148604,0.324131,0
3322,2016-02-16 10:00:00,3.471292,0.148604,0.324131,0.000484
3323,2016-02-16 11:00:00,0.345336,0.148544,0.326351,0.000134
3324,2016-02-16 12:00:00,0.287723,0.148497,0.328076,0
3325,2016-02-16 13:00:00,0.226967,0.148494,0.328182,0
3326,2016-02-16 14:00:00,0.243965,0.148491,0.328272,0
3327,2016-02-16 15:00:00,0.063813,0.148491,0.328272,0.000013
3328,2016-02-16 16:00:00,0.034458,0.148487,0.328425,0
3329,2016-02-16 17:00:00,0.014302,0.148486,0.328455,0
3330,2016-02-16 18:00:00,0.005588,0.148486,0.328471,0
3331,2016-02-16 19:00:00,0.001746,0.148486,0.328477,0
3332,2016-02-16 20:00:00,0.000423,0.148486,0.328478,0.000216
3333,2016-02-16 21:00:00,0.000029,0.148476,0.328832,0.002209
3334,2016-02-16 22:00:00,0,0.148372,0.332373,0.001495
3335,2016-02-16 23:00:00,0,0.148298,0.334788,0.000198
3336,2016-02-17 00:00:00,0,0.148288,0.33513,0
3337,2016-02-17 01:00:00,0,0.148287,0.335136,0
3338,2016-02-17 02:00:00,0,0.148288,0.335133,0
3339,2016-02-17 03:00:00,0,0.148288,0.335134,0
3340,2016-02-17 04:00:00,0,0.148287,0.335136,0
3341,2016-02-17 05:00:00,0,0.148288,0.335125,0
3342,2016-02-17 06:00:00,0,0.148289,0.33509,0
3343,2016-02-17 07:00:00,0,0.14829,0.335054,0
3344,2016-02-17 08:00:00,0,0.148291,0.335024,0
3345,2016-02-17 09:00:00,0.000021,0.148292,0.335,0
3346,2016-02-17 10:00:00,0.000019,0.148292,0.334978,0
3347,2016-02-17 11:00:00,0.000016,0.148293,0.334959,0
3348,2016-02-17 12:00:00,0.00006,0.148294,0.334941,0
3349,2016-02-17 13:00:00,0.000195,0.148294,0.334926,0
3350,2016-02-17 14:00:00,0.000222,0.148295,0.334902,0
3351,2016-02-17 15:00:00,0.000218,0.148296,0.33486,0
3352,2016-02-17 16:00:00,0.000179,0.148298,0.334798,0
3353,2016-02-17 17:00:00,0.00012,0.148301,0.334713,0
3354,2016-02-17 18:00:00,0.000067,0.148304,0.334604,0
3355,2016-02-17 19:00:00,0.000033,0.148308,0.334468,0
3356,2016-02-17 20:00:00,0.000011,0.148312,0.33434,0
3357,2016-02-17 21:00:00,0.000004,0.148316,0.33423,0
3358,2016-02-17 22:00:00,0,0.148317,0.334186,0
3359,2016-02-17 23:00:00,0.000004,0.148318,0.334151,0
3360,2016-02-18 00:00:00,0.000063,0.148319,0.33412,0
3361,2016-02-18 01:00:00,0.000148,0.14832,0.334094,0
3362,2016-02-18 02:00:00,0.000283,0.148321,0.334069,0
3363,2016-02-18 03:00:00,0.000429,0.148321,0.334048,0
3364,2016-02-18 04:00:00,0.000415,0.148322,0.334023,0
3365,2016-02-18 05:00:00,0.000412,0.148323,0.334004,0
3366,2016-02-18 06:00:00,0.000473,0.148323,0.333985,0
3367,2016-02-18 07:00:00,0.000646,0.148323,0.333985,0
3368,2016-02-18 08:00:00,0.000847,0.148323,0.333985,0
3369,2016-02-18 09:00:00,0.001083,0.148323,0.333985,0
3370,2016-02-18 10:00:00,0.001254,0.148323,0.333985,0
3371,2016-02-18 11:00:00,0.001424,0.148323,0.333985,0
3372,2016-02-18 12:00:00,0.001753,0.148323,0.333985,0
3373,2016-02-18 13:00:00,0.002253,0.148323,0.333985,0
3374,2016-02-18 14:00:00,0.002835,0.148323,0.333985,0
3375,2016-02-18 15:00:00,0.003342,0.148323,0.333985,0
3376,2016-02-18 16:00:00,0.0031,0.148323,0.333987,0
3377,2016-02-18 17:00:00,0.002513,0.148323,0.333988,0
3378,2016-02-18 18:00:00,0.00174,0.148323,0.33399,0
3379,2016-02-18 19:00:00,0.001088,0.148323,0.333991,0
3380,2016-02-18 20:00:00,0.000498,0.148325,0.333927,0
3381,2016-02-18 21:00:00,0.000187,0.148328,0.33384,0
3382,2016-02-18 22:00:00,0.000149,0.14833,0.333774,0
3383,2016-02-18 23:00:00,0.000311,0.148332,0.333713,0
3384,2016-02-19 00:00:00,0.000526,0.148332,0.333713,0
3385,2016-02-19 01:00:00,0.00082,0.148332,0.333713,0
3386,2016-02-19 02:00:00,0.00108,0.148332,0.333713,0
3387,2016-02-19 03:00:00,0.001305,0.148332,0.333713,0
3388,2016-02-19 04:00:00,0.001535,0.148332,0.333713,0
3389,2016-02-19 05:00:00,0.001696,0.148332,0.333713,0
3390,2016-02-19 06:00:00,0.001804,0.148332,0.333713,0
3391,2016-02-19 07:00:00,0.001847,0.148332,0.333713,0
3392,2016-02-19 08:00:00,0.001821,0.148332,0.333713,0
3393,2016-02-19 09:00:00,0.00174,0.148332,0.333713,0
3394,2016-02-19 10:00:00,0.001681,0.148332,0.333713,0
3395,2016-02-19 11:00:00,0.001697,0.148332,0.333713,0
3396,2016-02-19 12:00:00,0.002067,0.148332,0.333713,0
3397,2016-02-19 13:00:00,0.001863,0.148332,0.333713,0
3398,2016-02-19 14:00:00,0.001324,0.148332,0.333713,0
3399,2016-02-19 15:00:00,0.00264,0.148332,0.333714,0
3400,2016-02-19 16:00:00,0.003839,0.148332,0.333715,0
3401,2016-02-19 17:00:00,0.00453,0.148332,0.333716,0
3402,2016-02-19 18:00:00,0.003724,0.148332,0.333718,0
3403,2016-02-19 19:00:00,0.002161,0.148331,0.33372,0
3404,2016-02-19 20:00:00,0.000897,0.148332,0.333696,0
3405,2016-02-19 21:00:00,0.000358,0.148333,0.333654,0
3406,2016-02-19 22:00:00,0.000072,0.148335,0.333619,0
3407,2016-02-19 23:00:00,0.000056,0.148336,0.333582,0
3408,2016-02-20 00:00:00,0.000033,0.148337,0.333549,0
3409,2016-02-20 01:00:00,0.000021,0.148337,0.333524,0
3410,2016-02-20 02:00:00,0.031945,0.148338,0.333504,0
3411,2016-02-20 03:00:00,0.014812,0.148339,0.333489,0
3412,2016-02-20 04:00:00,0.003772,0.148339,0.333489,0
3413,2016-02-20 05:00:00,0.003115,0.148339,0.333489,0
3414,2016-02-20 06:00:00,0.002536,0.148338,0.33349,0
3415,2016-02-20 07:00:00,0.00204,0.148339,0.333486,0
3416,2016-02-20 08:00:00,0.001609,0.148339,0.333484,0.000078
3417,2016-02-20 09:00:00,0.001205,0.148335,0.333613,0
3418,2016-02-20 10:00:00,0.000851,0.148335,0.333614,0
3419,2016-02-20 11:00:00,0.000597,0.148335,0.333619,0
3420,2016-02-20 12:00:00,0.000406,0.148334,0.333619,0
3421,2016-02-20 13:00:00,0.000275,0.148335,0.333604,0
3422,2016-02-20 14:00:00,0.000192,0.148336,0.333574,0
3423,2016-02-20 15:00:00,0.000131,0.148337,0.333532,0
3424,2016-02-20 16:00:00,0.000111,0.14834,0.333446,0
3425,2016-02-20 17:00:00,0.000054,0.148344,0.333318,0
3426,2016-02-20 18:00:00,0.000019,0.148349,0.333134,0
3427,2016-02-20 19:00:00,0.000004,0.148356,0.332919,0
3428,2016-02-20 20:00:00,0,0.148362,0.3327,0
3429,2016-02-20 21:00:00,0,0.148369,0.332492,0
3430,2016-02-20 22:00:00,0,0.148372,0.332399,0
3431,2016-02-20 23:00:00,0,0.148374,0.332313,0
3432,2016-02-21 00:00:00,0,0.148377,0.332231,0
3433,2016-02-21 01:00:00,0,0.148379,0.332159,0
3434,2016-02-21 02:00:00,0,0.14838,0.332102,0
3435,2016-02-21 03:00:00,0,0.148382,0.332052,0
3436,2016-02-21 04:00:00,0,0.148383,0.332006,0
3437,2016-02-21 05:00:00,0,0.148385,0.331962,0
3438,2016-02-21 06:00:00,0,0.148386,0.33192,0
3439,2016-02-21 07:00:00,0,0.148387,0.33188,0
3440,2016-02-21 08:00:00,0,0.148388,0.331845,0
3441,2016-02-21 09:00:00,0,0.148389,0.331811,0
3442,2016-02-21 10:00:00,0,0.14839,0.331775,0
3443,2016-02-21 11:00:00,0,0.148391,0.331745,0
3444,2016-02-21 12:00:00,0,0.148392,0.331719,0
3445,2016-02-21 13:00:00,0,0.148393,0.331692,0
3446,2016-02-21 14:00:00,0,0.148394,0.331649,0
3447,2016-02-21 15:00:00,0,0.148396,0.331578,0
3448,2016-02-21 16:00:00,0,0.148399,0.331474,0
3449,2016-02-21 17:00:00,0,0.148403,0.331336,0
3450,2016-02-21 18:00:00,0,0.148408,0.331165,0
3451,2016-02-21 19:00:00,0,0.148414,0.330969,0
3452,2016-02-21 20:00:00,0,0.14842,0.330775,0
3453,2016-02-21 21:00:00,0,0.148425,0.330597,0
3454,2016-02-21 22:00:00,0,0.148428,0.330502,0
3455,2016-02-21 23:00:00,0,0.14843,0.330414,0
3456,2016-02-22 00:00:00,0,0.148432,0.330338,0
3457,2016-02-22 01:00:00,0,0.148434,0.330274,0
3458,2016-02-22 02:00:00,0,0.148436,0.330225,0
3459,2016-02-22 03:00:00,0,0.148437,0.330186,0
3460,2016-02-22 04:00:00,0,0.148438,0.330157,0.000016
3461,2016-02-22 05:00:00,0,0.148438,0.330156,0.000047
3462,2016-02-22 06:00:00,0,0.148436,0.330206,0
3463,2016-02-22 07:00:00,0,0.148437,0.330182,0
3464,2016-02-22 08:00:00,0,0.148438,0.330161,0
3465,2016-02-22 09:00:00,0,0.148438,0.330141,0
3466,2016-02-22 10:00:00,0,0.148439,0.33012,0
3467,2016-02-22 11:00:00,0,0.148439,0.330102,0
3468,2016-02-22 12:00:00,0,0.14844,0.330083,0
3469,2016-02-22 13:00:00,0.000004,0.14844,0.330067,0
3470,2016-02-22 14:00:00,0.000005,0.148441,0.330041,0
3471,2016-02-22 15:00:00,0.000006,0.148442,0.32999,0
3472,2016-02-22 16:00:00,0.000005,0.148445,0.329902,0
3473,2016-02-22 17:00:00,0.000003,0.148449,0.329776,0
3474,2016-02-22 18:00:00,0.000002,0.148453,0.329606,0
3475,2016-02-22 19:00:00,0,0.148459,0.329411,0
3476,2016-02-22 20:00:00,0,0.148465,0.329216,0
3477,2016-02-22 21:00:00,0,0.14847,0.32904,0
3478,2016-02-22 22:00:00,0,0.148472,0.328972,0
3479,2016-02-22 23:00:00,0,0.148473,0.328931,0
3480,2016-02-23 00:00:00,0,0.148474,0.328896,0
3481,2016-02-23 01:00:00,0,0.148475,0.328865,0
3482,2016-02-23 02:00:00,0,0.148475,0.328837,0
3483,2016-02-23 03:00:00,0,0.148476,0.328809,0
3484,2016-02-23 04:00:00,0,0.148477,0.328783,0
3485,2016-02-23 05:00:00,0,0.148478,0.328757,0
3486,2016-02-23 06:00:00,0,0.148478,0.328757,0
3487,2016-02-23 07:00:00,0,0.148478,0.328757,0
3488,2016-02-23 08:00:00,0,0.148478,0.328757,0
3489,2016-02-23 09:00:00,0,0.148478,0.328757,0
3490,2016-02-23 10:00:00,0,0.148478,0.328757,0
3491,2016-02-23 11:00:00,0,0.148478,0.328757,0
3492,2016-02-23 12:00:00,0,0.148478,0.328757,0
3493,2016-02-23 13:00:00,0,0.148478,0.328757,0
3494,2016-02-23 14:00:00,0,0.148478,0.328757,0
3495,2016-02-23 15:00:00,0,0.148478,0.328757,0
3496,2016-02-23 16:00:00,0,0.148478,0.328757,0
3497,2016-02-23 17:00:00,0,0.148478,0.328757,0
3498,2016-02-23 18:00:00,0,0.148479,0.328723,0
3499,2016-02-23 19:00:00,0,0.14848,0.328675,0
3500,2016-02-23 20:00:00,0,0.148482,0.32859,0
3501,2016-02-23 21:00:00,0,0.148485,0.328498,0
3502,2016-02-23 22:00:00,0.138777,0.148486,0.328461,0
3503,2016-02-23 23:00:00,0.502365,0.148487,0.328438,0
3504,2016-02-24 00:00:00,0.342454,0.148485,0.328488,0
3505,2016-02-24 01:00:00,0.504163,0.148479,0.328707,0
3506,2016-02-24 02:00:00,0.615331,0.148478,0.328746,0
3507,2016-02-24 03:00:00,0.700057,0.148477,0.328771,0
3508,2016-02-24 04:00:00,0.884849,0.148477,0.328795,0
3509,2016-02-24 05:00:00,1.25648,0.148476,0.328822,0
3510,2016-02-24 06:00:00,1.30145,0.148474,0.328873,0
3511,2016-02-24 07:00:00,2.324673,0.148472,0.328943,0
3512,2016-02-24 08:00:00,2.735499,0.14847,0.329022,0
3513,2016-02-24 09:00:00,2.732431,0.148468,0.329109,0.000202
3514,2016-02-24 10:00:00,2.679203,0.148455,0.329559,0.000083
3515,2016-02-24 11:00:00,2.501432,0.148448,0.32981,0.00011
3516,2016-02-24 12:00:00,2.17504,0.148438,0.330141,0.000056
3517,2016-02-24 13:00:00,1.722815,0.14843,0.330435,0.000013
3518,2016-02-24 14:00:00,1.081215,0.148422,0.330706,0.000061
3519,2016-02-24 15:00:00,0.166795,0.148409,0.331135,0
3520,2016-02-24 16:00:00,0.040687,0.148396,0.331581,0
3521,2016-02-24 17:00:00,0.028309,0.148394,0.331659,0.000026
3522,2016-02-24 18:00:00,0.019246,0.148392,0.331716,0.000372
3523,2016-02-24 19:00:00,0.013331,0.148374,0.332316,0.001346
3524,2016-02-24 20:00:00,0.00787,0.148309,0.334457,0.000654
3525,2016-02-24 21:00:00,0.004891,0.148277,0.335455,0.000246
3526,2016-02-24 22:00:00,0.001014,0.148265,0.335859,0.000771
3527,2016-02-24 23:00:00,0.000868,0.148224,0.337117,0.00027
3528,2016-02-25 00:00:00,0.000536,0.148209,0.337572,0.001568
3529,2016-02-25 01:00:00,0.000432,0.148125,0.340107,0.000735
3530,2016-02-25 02:00:00,0.000209,0.148083,0.341328,0.000638
3531,2016-02-25 03:00:00,0.00011,0.148046,0.342385,0.000033
3532,2016-02-25 04:00:00,0.000049,0.148043,0.342466,0
3533,2016-02-25 05:00:00,0.000022,0.148042,0.342486,0.000276
3534,2016-02-25 06:00:00,0.000009,0.148026,0.342948,0.000185
3535,2016-02-25 07:00:00,0.000003,0.148015,0.343255,0.001121
3536,2016-02-25 08:00:00,0,0.147949,0.345044,0.002825
3537,2016-02-25 09:00:00,0,0.147783,0.349389,0.000032
3538,2016-02-25 10:00:00,0,0.147781,0.349434,0
3539,2016-02-25 11:00:00,0,0.147781,0.349431,0
3540,2016-02-25 12:00:00,0,0.147781,0.349423,0
3541,2016-02-25 13:00:00,0,0.147782,0.349411,0
3542,2016-02-25 14:00:00,0,0.147783,0.349382,0
3543,2016-02-25 15:00:00,0,0.147785,0.349327,0
3544,2016-02-25 16:00:00,0,0.147789,0.349221,0
3545,2016-02-25 17:00:00,0,0.147795,0.349076,0
3546,2016-02-25 18:00:00,0,0.147802,0.348906,0
3547,2016-02-25 19:00:00,0,0.147808,0.348761,0
3548,2016-02-25 20:00:00,0,0.147813,0.348617,0
3549,2016-02-25 21:00:00,0,0.147819,0.348484,0.000116
3550,2016-02-25 22:00:00,0,0.147813,0.348617,0.000252
3551,2016-02-25 23:00:00,0,0.147799,0.34897,0
3552,2016-02-26 00:00:00,0,0.147802,0.348913,0.00002
3553,2016-02-26 01:00:00,0,0.147802,0.348901,0
3554,2016-02-26 02:00:00,0,0.147804,0.348855,0.000009
3555,2016-02-26 03:00:00,0,0.147805,0.348829,0
3556,2016-02-26 04:00:00,0,0.147806,0.348793,0
3557,2016-02-26 05:00:00,0,0.147808,0.348759,0.000009
3558,2016-02-26 06:00:00,0,0.147808,0.348741,0
3559,2016-02-26 07:00:00,0,0.14781,0.34871,0
3560,2016-02-26 08:00:00,0,0.147811,0.34867,0
3561,2016-02-26 09:00:00,0,0.147813,0.348628,0
3562,2016-02-26 10:00:00,0,0.147815,0.348584,0
3563,2016-02-26 11:00:00,0.000009,0.147816,0.348541,0
3564,2016-02-26 12:00:00,0.000021,0.147818,0.348502,0
3565,2016-02-26 13:00:00,0.000023,0.147819,0.348465,0
3566,2016-02-26 14:00:00,0.000022,0.147821,0.348417,0
3567,2016-02-26 15:00:00,0.000017,0.147824,0.348355,0
3568,2016-02-26 16:00:00,0.000012,0.147827,0.348273,0
3569,2016-02-26 17:00:00,0.000007,0.147831,0.348169,0
3570,2016-02-26 18:00:00,0.000004,0.147836,0.348044,0
3571,2016-02-26 19:00:00,0.000001,0.147841,0.347912,0
3572,2016-02-26 20:00:00,0,0.147846,0.34778,0
3573,2016-02-26 21:00:00,0,0.147851,0.347657,0
3574,2016-02-26 22:00:00,0,0.147854,0.347577,0
3575,2016-02-26 23:00:00,0,0.147857,0.347505,0
3576,2016-02-27 00:00:00,0,0.147857,0.347505,0
3577,2016-02-27 01:00:00,0,0.147857,0.347505,0
3578,2016-02-27 02:00:00,0,0.147857,0.347505,0
3579,2016-02-27 03:00:00,0,0.147857,0.347505,0
3580,2016-02-27 04:00:00,0,0.147857,0.347505,0
3581,2016-02-27 05:00:00,0,0.147857,0.347505,0
3582,2016-02-27 06:00:00,0,0.147857,0.347505,0
3583,2016-02-27 07:00:00,0,0.147857,0.347505,0
3584,2016-02-27 08:00:00,0,0.147857,0.347505,0
3585,2016-02-27 09:00:00,0,0.147857,0.347505,0
3586,2016-02-27 10:00:00,0,0.147857,0.347505,0
3587,2016-02-27 11:00:00,0,0.147857,0.347505,0
3588,2016-02-27 12:00:00,0,0.147857,0.347505,0
3589,2016-02-27 13:00:00,0,0.147857,0.347505,0
3590,2016-02-27 14:00:00,0,0.147857,0.347505,0
3591,2016-02-27 15:00:00,0,0.147857,0.347505,0
3592,2016-02-27 16:00:00,0,0.147857,0.347505,0
3593,2016-02-27 17:00:00,0,0.147857,0.347505,0
3594,2016-02-27 18:00:00,0,0.147857,0.347505,0
3595,2016-02-27 19:00:00,0,0.147857,0.347503,0
3596,2016-02-27 20:00:00,0,0.147857,0.347489,0
3597,2016-02-27 21:00:00,0,0.147858,0.347469,0
3598,2016-02-27 22:00:00,0,0.147859,0.347452,0
3599,2016-02-27 23:00:00,0,0.147859,0.347436,0
3600,2016-02-28 00:00:00,0,0.14786,0.347422,0
3601,2016-02-28 01:00:00,0,0.14786,0.347412,0
3602,2016-02-28 02:00:00,0,0.14786,0.347412,0
3603,2016-02-28 03:00:00,0,0.14786,0.347412,0
3604,2016-02-28 04:00:00,0,0.14786,0.347412,0
3605,2016-02-28 05:00:00,0,0.14786,0.347412,0
3606,2016-02-28 06:00:00,0,0.14786,0.347412,0
3607,2016-02-28 07:00:00,0,0.14786,0.347412,0
3608,2016-02-28 08:00:00,0,0.14786,0.347412,0
3609,2016-02-28 09:00:00,0,0.14786,0.347404,0
3610,2016-02-28 10:00:00,0,0.147861,0.347395,0
3611,2016-02-28 11:00:00,0,0.147861,0.347387,0
3612,2016-02-28 12:00:00,0,0.147861,0.347381,0
3613,2016-02-28 13:00:00,0,0.147862,0.347374,0
3614,2016-02-28 14:00:00,0,0.147862,0.347365,0
3615,2016-02-28 15:00:00,0,0.147862,0.347353,0
3616,2016-02-28 16:00:00,0,0.147863,0.347327,0
3617,2016-02-28 17:00:00,0,0.147865,0.347273,0
3618,2016-02-28 18:00:00,0,0.14787,0.347154,0
3619,2016-02-28 19:00:00,0,0.147877,0.346979,0
3620,2016-02-28 20:00:00,0,0.147884,0.346789,0
3621,2016-02-28 21:00:00,0,0.147891,0.346609,0
3622,2016-02-28 22:00:00,0,0.147895,0.346505,0
3623,2016-02-28 23:00:00,0,0.147898,0.346414,0
3624,2016-02-29 00:00:00,0,0.147901,0.346335,0
3625,2016-02-29 01:00:00,0,0.147904,0.34627,0
3626,2016-02-29 02:00:00,0,0.147906,0.346214,0
3627,2016-02-29 03:00:00,0,0.147908,0.346163,0
3628,2016-02-29 04:00:00,0,0.147909,0.346117,0
3629,2016-02-29 05:00:00,0,0.147911,0.346081,0
3630,2016-02-29 06:00:00,0,0.147912,0.346051,0
3631,2016-02-29 07:00:00,0,0.147913,0.346023,0
3632,2016-02-29 08:00:00,0,0.147914,0.346001,0
3633,2016-02-29 09:00:00,0,0.147914,0.345981,0
3634,2016-02-29 10:00:00,0,0.147915,0.345966,0
3635,2016-02-29 11:00:00,0,0.147916,0.345949,0
3636,2016-02-29 12:00:00,0,0.147916,0.345934,0
3637,2016-02-29 13:00:00,0,0.147917,0.345916,0
3638,2016-02-29 14:00:00,0,0.147918,0.345888,0
3639,2016-02-29 15:00:00,0,0.14792,0.34583,0
3640,2016-02-29 16:00:00,0,0.147924,0.345731,0
3641,2016-02-29 17:00:00,0,0.147929,0.345581,0
3642,2016-02-29 18:00:00,0,0.147936,0.345396,0.000017
3643,2016-02-29 19:00:00,0,0.147939,0.345313,0.000248
3644,2016-02-29 20:00:00,0,0.147928,0.345627,0
3645,2016-02-29 21:00:00,0,0.147932,0.345508,0
3646,2016-02-29 22:00:00,0,0.147934,0.345472,0
3647,2016-02-29 23:00:00,0,0.147935,0.345423,0
3648,2016-03-01 00:00:00,0,0.147937,0.345379,0
3649,2016-03-01 01:00:00,0,0.147938,0.345342,0
3650,2016-03-01 02:00:00,0,0.14794,0.34531,0
3651,2016-03-01 03:00:00,0,0.147941,0.34528,0
3652,2016-03-01 04:00:00,0,0.147942,0.345242,0
3653,2016-03-01 05:00:00,0,0.147944,0.345185,0
3654,2016-03-01 06:00:00,0,0.147947,0.345119,0
3655,2016-03-01 07:00:00,0,0.147949,0.345049,0
3656,2016-03-01 08:00:00,0,0.147952,0.344979,0
3657,2016-03-01 09:00:00,0,0.147954,0.34491,0
3658,2016-03-01 10:00:00,0,0.147957,0.344845,0
3659,2016-03-01 11:00:00,0,0.147959,0.344782,0
3660,2016-03-01 12:00:00,0,0.147962,0.34471,0
3661,2016-03-01 13:00:00,0,0.147964,0.344644,0
3662,2016-03-01 14:00:00,0,0.147967,0.34457,0
3663,2016-03-01 15:00:00,0,0.14797,0.344492,0
3664,2016-03-01 16:00:00,0,0.147974,0.344388,0
3665,2016-03-01 17:00:00,0,0.147978,0.34426,0
3666,2016-03-01 18:00:00,0,0.147984,0.344105,0
3667,2016-03-01 19:00:00,0,0.14799,0.343924,0
3668,2016-03-01 20:00:00,0,0.147996,0.343758,0
3669,2016-03-01 21:00:00,0,0.148003,0.343584,0
3670,2016-03-01 22:00:00,0,0.148005,0.343513,0
3671,2016-03-01 23:00:00,0,0.148008,0.343434,0
3672,2016-03-02 00:00:00,0,0.148011,0.343354,0
3673,2016-03-02 01:00:00,0,0.148013,0.343286,0
3674,2016-03-02 02:00:00,0,0.148015,0.343236,0
3675,2016-03-02 03:00:00,0,0.148016,0.343206,0
3676,2016-03-02 04:00:00,0,0.148017,0.343178,0
3677,2016-03-02 05:00:00,0,0.148018,0.34316,0.001017
3678,2016-03-02 06:00:00,0,0.147959,0.344775,0.000469
3679,2016-03-02 07:00:00,0,0.147931,0.345528,0.000077
3680,2016-03-02 08:00:00,0,0.147927,0.34566,0.000028
3681,2016-03-02 09:00:00,0,0.147924,0.345726,0.000255
3682,2016-03-02 10:00:00,0,0.147908,0.346148,0.000854
3683,2016-03-02 11:00:00,0,0.147856,0.347509,0.000148
3684,2016-03-02 12:00:00,0,0.147847,0.34775,0.000333
3685,2016-03-02 13:00:00,0,0.147827,0.34828,0.001109
3686,2016-03-02 14:00:00,0,0.147758,0.350013,0.00033
3687,2016-03-02 15:00:00,0,0.147737,0.35052,0
3688,2016-03-02 16:00:00,0,0.14774,0.350452,0
3689,2016-03-02 17:00:00,0,0.147745,0.350345,0
3690,2016-03-02 18:00:00,0,0.147749,0.350226,0
3691,2016-03-02 19:00:00,0,0.147755,0.350091,0
3692,2016-03-02 20:00:00,0,0.14776,0.349952,0
3693,2016-03-02 21:00:00,0,0.147766,0.349821,0
3694,2016-03-02 22:00:00,0,0.147769,0.349735,0
3695,2016-03-02 23:00:00,0,0.147772,0.349661,0
3696,2016-03-03 00:00:00,0,0.147774,0.3496,0
3697,2016-03-03 01:00:00,0,0.147776,0.349549,0
3698,2016-03-03 02:00:00,0,0.147778,0.349505,0
3699,2016-03-03 03:00:00,0,0.147778,0.349505,0
3700,2016-03-03 04:00:00,0,0.147778,0.349505,0
3701,2016-03-03 05:00:00,0,0.147778,0.349505,0
3702,2016-03-03 06:00:00,0,0.147778,0.349505,0
3703,2016-03-03 07:00:00,0,0.147778,0.349505,0
3704,2016-03-03 08:00:00,0,0.147778,0.349505,0
3705,2016-03-03 09:00:00,0,0.147778,0.349505,0
3706,2016-03-03 10:00:00,0,0.147778,0.349505,0
3707,2016-03-03 11:00:00,0,0.147778,0.349505,0
3708,2016-03-03 12:00:00,0,0.147778,0.349505,0
3709,2016-03-03 13:00:00,0,0.147778,0.349505,0
3710,2016-03-03 14:00:00,0,0.147778,0.349505,0
3711,2016-03-03 15:00:00,0,0.147778,0.349505,0
3712,2016-03-03 16:00:00,0,0.147778,0.349505,0
3713,2016-03-03 17:00:00,0,0.147779,0.349505,0
3714,2016-03-03 18:00:00,0,0.147778,0.349503,0
3715,2016-03-03 19:00:00,0,0.147778,0.349503,0
3716,2016-03-03 20:00:00,0,0.147778,0.349502,0
3717,2016-03-03 21:00:00,0,0.147778,0.349502,0
3718,2016-03-03 22:00:00,0,0.147778,0.349502,0
3719,2016-03-03 23:00:00,0,0.147778,0.349502,0
3720,2016-03-04 00:00:00,0,0.147778,0.349502,0
3721,2016-03-04 01:00:00,0,0.147778,0.349502,0
3722,2016-03-04 02:00:00,0,0.147778,0.349502,0
3723,2016-03-04 03:00:00,0,0.147778,0.349502,0
3724,2016-03-04 04:00:00,0,0.147778,0.349502,0
3725,2016-03-04 05:00:00,0,0.147778,0.349502,0
3726,2016-03-04 06:00:00,0,0.147778,0.349502,0
3727,2016-03-04 07:00:00,0,0.147778,0.349502,0
3728,2016-03-04 08:00:00,0,0.147778,0.349502,0
3729,2016-03-04 09:00:00,0.024643,0.147778,0.349502,0
3730,2016-03-04 10:00:00,0.018003,0.147778,0.349502,0
3731,2016-03-04 11:00:00,0.013312,0.147778,0.349502,0
3732,2016-03-04 12:00:00,0.009732,0.147778,0.349502,0
3733,2016-03-04 13:00:00,0.005132,0.147778,0.349502,0
3734,2016-03-04 14:00:00,0.001522,0.147778,0.349502,0
3735,2016-03-04 15:00:00,0.001667,0.147778,0.349504,0
3736,2016-03-04 16:00:00,0.00151,0.147778,0.349504,0
3737,2016-03-04 17:00:00,0.001243,0.147778,0.349504,0
3738,2016-03-04 18:00:00,0.000877,0.147778,0.349504,0
3739,2016-03-04 19:00:00,0.000515,0.147778,0.349504,0
3740,2016-03-04 20:00:00,0.000312,0.147778,0.349498,0
3741,2016-03-04 21:00:00,0.000141,0.147779,0.349491,0
3742,2016-03-04 22:00:00,0.000023,0.147779,0.349486,0
3743,2016-03-04 23:00:00,0.000012,0.147779,0.349481,0
3744,2016-03-05 00:00:00,0.000008,0.147779,0.349481,0
3745,2016-03-05 01:00:00,0.000005,0.147779,0.349481,0
3746,2016-03-05 02:00:00,0.000003,0.147779,0.349481,0
3747,2016-03-05 03:00:00,0.000002,0.147779,0.349481,0
3748,2016-03-05 04:00:00,0.000001,0.147779,0.349481,0
3749,2016-03-05 05:00:00,0,0.147779,0.349481,0
3750,2016-03-05 06:00:00,0,0.147779,0.349481,0
3751,2016-03-05 07:00:00,0,0.147779,0.349481,0
3752,2016-03-05 08:00:00,0,0.147779,0.349481,0
3753,2016-03-05 09:00:00,0,0.147779,0.349481,0
3754,2016-03-05 10:00:00,0,0.147779,0.349481,0
3755,2016-03-05 11:00:00,0,0.147779,0.349481,0
3756,2016-03-05 12:00:00,0,0.147779,0.349481,0
3757,2016-03-05 13:00:00,0,0.147779,0.349481,0
3758,2016-03-05 14:00:00,0,0.147779,0.349481,0
3759,2016-03-05 15:00:00,0,0.147779,0.349481,0
3760,2016-03-05 16:00:00,0,0.147779,0.349481,0
3761,2016-03-05 17:00:00,0,0.14778,0.349481,0
3762,2016-03-05 18:00:00,0,0.147779,0.34948,0
3763,2016-03-05 19:00:00,0,0.14778,0.349472,0
3764,2016-03-05 20:00:00,0,0.14778,0.349458,0
3765,2016-03-05 21:00:00,0,0.147781,0.349436,0
3766,2016-03-05 22:00:00,0,0.147781,0.349425,0
3767,2016-03-05 23:00:00,0,0.147782,0.349418,0
3768,2016-03-06 00:00:00,0,0.147782,0.349408,0
3769,2016-03-06 01:00:00,0,0.147782,0.349408,0
3770,2016-03-06 02:00:00,0,0.147782,0.349408,0
3771,2016-03-06 03:00:00,0,0.147782,0.349408,0
3772,2016-03-06 04:00:00,0,0.147782,0.349408,0
3773,2016-03-06 05:00:00,0,0.147782,0.349408,0
3774,2016-03-06 06:00:00,0,0.147782,0.349408,0
3775,2016-03-06 07:00:00,0,0.147782,0.349408,0
3776,2016-03-06 08:00:00,0,0.147782,0.349408,0
3777,2016-03-06 09:00:00,0,0.147782,0.349408,0
3778,2016-03-06 10:00:00,0,0.147782,0.349408,0
3779,2016-03-06 11:00:00,0,0.147782,0.349408,0
3780,2016-03-06 12:00:00,0,0.147782,0.349408,0
3781,2016-03-06 13:00:00,0,0.147782,0.349408,0
3782,2016-03-06 14:00:00,0,0.147782,0.349408,0
3783,2016-03-06 15:00:00,0,0.147782,0.349408,0
3784,2016-03-06 16:00:00,0,0.147782,0.349408,0
3785,2016-03-06 17:00:00,0,0.147783,0.349396,0
3786,2016-03-06 18:00:00,0,0.147783,0.349374,0
3787,2016-03-06 19:00:00,0,0.147786,0.349316,0
3788,2016-03-06 20:00:00,0,0.14779,0.349211,0
3789,2016-03-06 21:00:00,0,0.147794,0.349102,0
3790,2016-03-06 22:00:00,0,0.147795,0.349087,0
3791,2016-03-06 23:00:00,0,0.147795,0.349079,0
3792,2016-03-07 00:00:00,0,0.147795,0.349073,0
3793,2016-03-07 01:00:00,0,0.147796,0.349056,0
3794,2016-03-07 02:00:00,0,0.147797,0.349034,0
3795,2016-03-07 03:00:00,0,0.147797,0.349034,0
3796,2016-03-07 04:00:00,0,0.147797,0.349034,0
3797,2016-03-07 05:00:00,0,0.147797,0.349034,0
3798,2016-03-07 06:00:00,0,0.147797,0.349034,0
3799,2016-03-07 07:00:00,0,0.147797,0.349034,0
3800,2016-03-07 08:00:00,0,0.147797,0.349034,0
3801,2016-03-07 09:00:00,0,0.147797,0.349034,0
3802,2016-03-07 10:00:00,0,0.147797,0.349034,0
3803,2016-03-07 11:00:00,0,0.147797,0.349034,0
3804,2016-03-07 12:00:00,0,0.147797,0.349034,0
3805,2016-03-07 13:00:00,0,0.147797,0.349034,0
3806,2016-03-07 14:00:00,0,0.147797,0.349034,0
3807,2016-03-07 15:00:00,0,0.147797,0.349034,0
3808,2016-03-07 16:00:00,0,0.147797,0.349033,0
3809,2016-03-07 17:00:00,0,0.147797,0.349024,0
3810,2016-03-07 18:00:00,0,0.147798,0.349009,0
3811,2016-03-07 19:00:00,0,0.147799,0.348971,0
3812,2016-03-07 20:00:00,0,0.147802,0.348894,0
3813,2016-03-07 21:00:00,0,0.147807,0.348782,0
3814,2016-03-07 22:00:00,0,0.147809,0.348718,0
3815,2016-03-07 23:00:00,0,0.147811,0.34867,0
3816,2016-03-08 00:00:00,0,0.147813,0.348626,0
3817,2016-03-08 01:00:00,0,0.147814,0.348595,0
3818,2016-03-08 02:00:00,0,0.147815,0.34857,0
3819,2016-03-08 03:00:00,0,0.147816,0.34855,0
3820,2016-03-08 04:00:00,0,0.147817,0.348533,0
3821,2016-03-08 05:00:00,0,0.147817,0.34852,0
3822,2016-03-08 06:00:00,0,0.147818,0.348508,0
3823,2016-03-08 07:00:00,0,0.147818,0.348495,0
3824,2016-03-08 08:00:00,0,0.147819,0.34848,0
3825,2016-03-08 09:00:00,0,0.147819,0.348466,0
3826,2016-03-08 10:00:00,0,0.14782,0.348458,0
3827,2016-03-08 11:00:00,0,0.14782,0.348452,0
3828,2016-03-08 12:00:00,0,0.14782,0.348447,0
3829,2016-03-08 13:00:00,0,0.14782,0.348437,0
3830,2016-03-08 14:00:00,0,0.147821,0.348427,0
3831,2016-03-08 15:00:00,0,0.147822,0.348407,0
3832,2016-03-08 16:00:00,0,0.147823,0.348375,0
3833,2016-03-08 17:00:00,0,0.147825,0.348329,0
3834,2016-03-08 18:00:00,0,0.147827,0.348255,0
3835,2016-03-08 19:00:00,0,0.147832,0.348145,0
3836,2016-03-08 20:00:00,0,0.147838,0.347996,0
3837,2016-03-08 21:00:00,0,0.147845,0.347814,0
3838,2016-03-08 22:00:00,0,0.147846,0.347775,0
3839,2016-03-08 23:00:00,0,0.147849,0.347711,0
3840,2016-03-09 00:00:00,0,0.147851,0.347656,0
3841,2016-03-09 01:00:00,0,0.147852,0.34761,0
3842,2016-03-09 02:00:00,0,0.147854,0.347574,0
3843,2016-03-09 03:00:00,0,0.147855,0.34754,0
3844,2016-03-09 04:00:00,0,0.147856,0.347512,0
3845,2016-03-09 05:00:00,0,0.147857,0.347485,0
3846,2016-03-09 06:00:00,0,0.147858,0.347461,0
3847,2016-03-09 07:00:00,0,0.147859,0.347442,0
3848,2016-03-09 08:00:00,0,0.14786,0.347425,0
3849,2016-03-09 09:00:00,0,0.14786,0.347414,0
3850,2016-03-09 10:00:00,0,0.14786,0.347412,0
3851,2016-03-09 11:00:00,0,0.14786,0.347414,0
3852,2016-03-09 12:00:00,0,0.14786,0.347417,0
3853,2016-03-09 13:00:00,0,0.14786,0.34742,0
3854,2016-03-09 14:00:00,0,0.14786,0.347414,0
3855,2016-03-09 15:00:00,0,0.147861,0.347379,0
3856,2016-03-09 16:00:00,0,0.147865,0.347278,0
3857,2016-03-09 17:00:00,0,0.147872,0.347107,0
3858,2016-03-09 18:00:00,0,0.147881,0.346869,0
3859,2016-03-09 19:00:00,0,0.147892,0.34658,0
3860,2016-03-09 20:00:00,0,0.147903,0.346276,0
3861,2016-03-09 21:00:00,0,0.147914,0.345981,0
3862,2016-03-09 22:00:00,0,0.147921,0.345799,0
3863,2016-03-09 23:00:00,0,0.147927,0.345643,0
3864,2016-03-10 00:00:00,0,0.147932,0.345512,0
3865,2016-03-10 01:00:00,0,0.147936,0.3454,0
3866,2016-03-10 02:00:00,0,0.14794,0.345301,0
3867,2016-03-10 03:00:00,0,0.147943,0.345214,0
3868,2016-03-10 04:00:00,0,0.147946,0.345133,0
3869,2016-03-10 05:00:00,0,0.147949,0.345061,0
3870,2016-03-10 06:00:00,0,0.147951,0.344993,0
3871,2016-03-10 07:00:00,0,0.147954,0.344927,0
3872,2016-03-10 08:00:00,0,0.147956,0.344862,0
3873,2016-03-10 09:00:00,0,0.147958,0.344801,0
3874,2016-03-10 10:00:00,0,0.14796,0.344748,0
3875,2016-03-10 11:00:00,0,0.147962,0.3447,0
3876,2016-03-10 12:00:00,0,0.147964,0.344659,0
3877,2016-03-10 13:00:00,0,0.147965,0.344621,0
3878,2016-03-10 14:00:00,0,0.147966,0.344586,0
3879,2016-03-10 15:00:00,0,0.147968,0.344544,0
3880,2016-03-10 16:00:00,0,0.147969,0.344507,0
3881,2016-03-10 17:00:00,0,0.147971,0.344455,0
3882,2016-03-10 18:00:00,0,0.147974,0.344381,0
3883,2016-03-10 19:00:00,0,0.147977,0.344295,0
3884,2016-03-10 20:00:00,0,0.147982,0.344168,0.000074
3885,2016-03-10 21:00:00,0,0.147983,0.344139,0
3886,2016-03-10 22:00:00,0,0.147985,0.344073,0
3887,2016-03-10 23:00:00,0,0.147987,0.344015,0
3888,2016-03-11 00:00:00,0,0.147989,0.343962,0
3889,2016-03-11 01:00:00,0,0.147991,0.343911,0
3890,2016-03-11 02:00:00,0,0.147992,0.343878,0
3891,2016-03-11 03:00:00,0,0.147993,0.343856,0
3892,2016-03-11 04:00:00,0,0.147994,0.343835,0
3893,2016-03-11 05:00:00,0,0.147994,0.343816,0
3894,2016-03-11 06:00:00,0,0.147995,0.343786,0.000017
3895,2016-03-11 07:00:00,0,0.147996,0.343783,0
3896,2016-03-11 08:00:00,0,0.147996,0.34376,0.000052
3897,2016-03-11 09:00:00,0,0.147994,0.343828,0.000025
3898,2016-03-11 10:00:00,0,0.147993,0.343857,0.000088
3899,2016-03-11 11:00:00,0,0.147988,0.343989,0.000027
3900,2016-03-11 12:00:00,0,0.147987,0.344025,0
3901,2016-03-11 13:00:00,0,0.147987,0.344017,0
3902,2016-03-11 14:00:00,0,0.147988,0.343983,0
3903,2016-03-11 15:00:00,0,0.147991,0.343905,0
3904,2016-03-11 16:00:00,0,0.147996,0.343781,0
3905,2016-03-11 17:00:00,0,0.148001,0.343621,0
3906,2016-03-11 18:00:00,0,0.148009,0.343422,0
3907,2016-03-11 19:00:00,0,0.148017,0.343186,0
3908,2016-03-11 20:00:00,0,0.148026,0.342946,0
3909,2016-03-11 21:00:00,0,0.148034,0.342726,0
3910,2016-03-11 22:00:00,0,0.148038,0.342608,0
3911,2016-03-11 23:00:00,0,0.148041,0.342514,0
3912,2016-03-12 00:00:00,0,0.148044,0.342435,0
3913,2016-03-12 01:00:00,0,0.148046,0.342383,0
3914,2016-03-12 02:00:00,0,0.148047,0.342337,0
3915,2016-03-12 03:00:00,0,0.148049,0.342295,0
3916,2016-03-12 04:00:00,0,0.14805,0.342254,0
3917,2016-03-12 05:00:00,0,0.148051,0.342219,0
3918,2016-03-12 06:00:00,0,0.148053,0.34219,0
3919,2016-03-12 07:00:00,0,0.148053,0.342166,0
3920,2016-03-12 08:00:00,0,0.148054,0.342149,0
3921,2016-03-12 09:00:00,0,0.148054,0.342135,0
3922,2016-03-12 10:00:00,0,0.148055,0.342122,0
3923,2016-03-12 11:00:00,0,0.148055,0.342112,0
3924,2016-03-12 12:00:00,0,0.148056,0.342102,0
3925,2016-03-12 13:00:00,0,0.148056,0.342089,0
3926,2016-03-12 14:00:00,0,0.148057,0.342069,0
3927,2016-03-12 15:00:00,0,0.148059,0.342015,0
3928,2016-03-12 16:00:00,0,0.148062,0.341911,0
3929,2016-03-12 17:00:00,0,0.148068,0.341761,0
3930,2016-03-12 18:00:00,0,0.148074,0.341565,0
3931,2016-03-12 19:00:00,0,0.148082,0.34135,0
3932,2016-03-12 20:00:00,0,0.14809,0.341132,0
3933,2016-03-12 21:00:00,0,0.148096,0.340937,0
3934,2016-03-12 22:00:00,0,0.1481,0.340822,0
3935,2016-03-12 23:00:00,0,0.148103,0.34073,0
3936,2016-03-13 00:00:00,0,0.148106,0.340655,0
3937,2016-03-13 01:00:00,0,0.148108,0.340598,0
3938,2016-03-13 02:00:00,0,0.14811,0.340543,0
3939,2016-03-13 03:00:00,0,0.148112,0.34049,0
3940,2016-03-13 04:00:00,0,0.148114,0.340436,0
3941,2016-03-13 05:00:00,0,0.148115,0.340389,0
3942,2016-03-13 06:00:00,0,0.148117,0.340347,0
3943,2016-03-13 07:00:00,0,0.148118,0.340308,0
3944,2016-03-13 08:00:00,0,0.148119,0.340271,0
3945,2016-03-13 09:00:00,0,0.14812,0.340234,0
3946,2016-03-13 10:00:00,0,0.148122,0.340202,0
3947,2016-03-13 11:00:00,0,0.148123,0.340169,0
3948,2016-03-13 12:00:00,0,0.148124,0.340135,0
3949,2016-03-13 13:00:00,0,0.148125,0.340089,0
3950,2016-03-13 14:00:00,0,0.148128,0.340022,0
3951,2016-03-13 15:00:00,0,0.148132,0.339898,0
3952,2016-03-13 16:00:00,0,0.148138,0.339713,0
3953,2016-03-13 17:00:00,0,0.148146,0.339485,0
3954,2016-03-13 18:00:00,0,0.148155,0.339216,0
3955,2016-03-13 19:00:00,0,0.148165,0.338925,0
3956,2016-03-13 20:00:00,0,0.148174,0.338643,0
3957,2016-03-13 21:00:00,0,0.148182,0.338393,0
3958,2016-03-13 22:00:00,0,0.148185,0.338303,0
3959,2016-03-13 23:00:00,0,0.148188,0.338236,0
3960,2016-03-14 00:00:00,0,0.148189,0.33818,0
3961,2016-03-14 01:00:00,0,0.148192,0.338117,0
3962,2016-03-14 02:00:00,0,0.148193,0.338057,0
3963,2016-03-14 03:00:00,0,0.148195,0.338002,0
3964,2016-03-14 04:00:00,0,0.148197,0.337945,0
3965,2016-03-14 05:00:00,0,0.148199,0.337893,0
3966,2016-03-14 06:00:00,0,0.1482,0.337849,0
3967,2016-03-14 07:00:00,0,0.148202,0.337807,0
3968,2016-03-14 08:00:00,0,0.148203,0.337757,0
3969,2016-03-14 09:00:00,0,0.148206,0.337686,0
3970,2016-03-14 10:00:00,0,0.148208,0.337611,0.000065
3971,2016-03-14 11:00:00,0,0.148207,0.337654,0.000024
3972,2016-03-14 12:00:00,0,0.148207,0.337642,0
3973,2016-03-14 13:00:00,0,0.148209,0.337598,0.000017
3974,2016-03-14 14:00:00,0,0.148209,0.337591,0.000162
3975,2016-03-14 15:00:00,0,0.148201,0.337816,0.000202
3976,2016-03-14 16:00:00,0,0.148192,0.338106,0.000176
3977,2016-03-14 17:00:00,0,0.148184,0.338358,0.000244
3978,2016-03-14 18:00:00,0,0.148172,0.338717,0.000126
3979,2016-03-14 19:00:00,0,0.148166,0.338888,0
3980,2016-03-14 20:00:00,0,0.148167,0.338846,0
3981,2016-03-14 21:00:00,0,0.148169,0.338787,0.000044
3982,2016-03-14 22:00:00,0,0.148168,0.338836,0.000281
3983,2016-03-14 23:00:00,0,0.148153,0.339278,0.000266
3984,2016-03-15 00:00:00,0,0.148139,0.339696,0.000304
3985,2016-03-15 01:00:00,0,0.148122,0.340176,0.000027
3986,2016-03-15 02:00:00,0,0.148121,0.340211,0.000027
3987,2016-03-15 03:00:00,0,0.14812,0.340245,0.00003
3988,2016-03-15 04:00:00,0,0.148119,0.340285,0.000709
3989,2016-03-15 05:00:00,0,0.14808,0.341417,0.000204
3990,2016-03-15 06:00:00,0,0.148068,0.341742,0.000055
3991,2016-03-15 07:00:00,0,0.148065,0.341824,0.000166
3992,2016-03-15 08:00:00,0,0.148056,0.342091,0.000085
3993,2016-03-15 09:00:00,0,0.148051,0.342225,0.000186
3994,2016-03-15 10:00:00,0,0.148041,0.342522,0.0001
3995,2016-03-15 11:00:00,0,0.148035,0.34268,0.000047
3996,2016-03-15 12:00:00,0,0.148033,0.342755,0
3997,2016-03-15 13:00:00,0,0.148033,0.342751,0.000026
3998,2016-03-15 14:00:00,0,0.148031,0.342787,0.000025
3999,2016-03-15 15:00:00,0,0.14803,0.342818,0
4000,2016-03-15 16:00:00,0,0.148031,0.342804,0
4001,2016-03-15 17:00:00,0,0.148032,0.342781,0
4002,2016-03-15 18:00:00,0,0.148033,0.342749,0
4003,2016-03-15 19:00:00,0,0.148035,0.342679,0
4004,2016-03-15 20:00:00,0,0.148038,0.34259,0
4005,2016-03-15 21:00:00,0,0.148042,0.342492,0
4006,2016-03-15 22:00:00,0,0.148043,0.34247,0
4007,2016-03-15 23:00:00,0,0.148043,0.342452,0
4008,2016-03-16 00:00:00,0,0.148044,0.342436,0
4009,2016-03-16 01:00:00,0,0.148044,0.342423,0
4010,2016-03-16 02:00:00,0,0.148045,0.34241,0
4011,2016-03-16 03:00:00,0,0.148045,0.342398,0
4012,2016-03-16 04:00:00,0,0.148046,0.342386,0
4013,2016-03-16 05:00:00,0,0.148046,0.342377,0
4014,2016-03-16 06:00:00,0,0.148046,0.342365,0
4015,2016-03-16 07:00:00,0,0.148047,0.342354,0
4016,2016-03-16 08:00:00,0,0.148047,0.342344,0
4017,2016-03-16 09:00:00,0,0.148047,0.342333,0
4018,2016-03-16 10:00:00,0,0.148048,0.342321,0
4019,2016-03-16 11:00:00,0,0.148048,0.34231,0
4020,2016-03-16 12:00:00,0,0.148049,0.342299,0
4021,2016-03-16 13:00:00,0,0.148049,0.342283,0
4022,2016-03-16 14:00:00,0,0.14805,0.342259,0
4023,2016-03-16 15:00:00,0,0.148051,0.342219,0
4024,2016-03-16 16:00:00,0,0.148054,0.342153,0
4025,2016-03-16 17:00:00,0,0.148057,0.342058,0
4026,2016-03-16 18:00:00,0,0.148062,0.341933,0
4027,2016-03-16 19:00:00,0,0.148068,0.341755,0
4028,2016-03-16 20:00:00,0,0.148074,0.341568,0
4029,2016-03-16 21:00:00,0,0.14808,0.3414,0
4030,2016-03-16 22:00:00,0,0.148081,0.341374,0
4031,2016-03-16 23:00:00,0,0.148082,0.341336,0
4032,2016-03-17 00:00:00,0,0.148084,0.341296,0.000003
4033,2016-03-17 01:00:00,0,0.148085,0.341265,0.00032
4034,2016-03-17 02:00:00,0,0.148068,0.341761,0.00029
4035,2016-03-17 03:00:00,0,0.148052,0.342214,0
4036,2016-03-17 04:00:00,0,0.148052,0.342205,0
4037,2016-03-17 05:00:00,0,0.148052,0.342195,0.000022
4038,2016-03-17 06:00:00,0,0.148051,0.342223,0.000095
4039,2016-03-17 07:00:00,0,0.148046,0.342371,0
4040,2016-03-17 08:00:00,0,0.148047,0.342359,0
4041,2016-03-17 09:00:00,0,0.148047,0.342353,0
4042,2016-03-17 10:00:00,0,0.148047,0.342352,0
4043,2016-03-17 11:00:00,0,0.148047,0.342352,0
4044,2016-03-17 12:00:00,0,0.148047,0.342352,0
4045,2016-03-17 13:00:00,0,0.148047,0.342351,0
4046,2016-03-17 14:00:00,0,0.148047,0.342339,0
4047,2016-03-17 15:00:00,0,0.148048,0.342315,0
4048,2016-03-17 16:00:00,0,0.148051,0.342244,0
4049,2016-03-17 17:00:00,0,0.148056,0.342102,0
4050,2016-03-17 18:00:00,0,0.148063,0.3419,0
4051,2016-03-17 19:00:00,0,0.148072,0.341645,0
4052,2016-03-17 20:00:00,0,0.148081,0.341386,0
4053,2016-03-17 21:00:00,0,0.148089,0.341136,0
4054,2016-03-17 22:00:00,0,0.148094,0.340993,0.000181
4055,2016-03-17 23:00:00,0,0.148086,0.341227,0
4056,2016-03-18 00:00:00,0,0.148088,0.341183,0
4057,2016-03-18 01:00:00,0,0.148089,0.341142,0
4058,2016-03-18 02:00:00,0,0.14809,0.341113,0
4059,2016-03-18 03:00:00,0,0.148091,0.34109,0
4060,2016-03-18 04:00:00,0,0.148092,0.341065,0
4061,2016-03-18 05:00:00,0,0.148093,0.341036,0
4062,2016-03-18 06:00:00,0,0.148094,0.341012,0
4063,2016-03-18 07:00:00,0,0.148094,0.340994,0
4064,2016-03-18 08:00:00,0,0.148095,0.340977,0
4065,2016-03-18 09:00:00,0,0.148096,0.340959,0
4066,2016-03-18 10:00:00,0,0.148096,0.340936,0
4067,2016-03-18 11:00:00,0,0.148097,0.340913,0
4068,2016-03-18 12:00:00,0,0.148098,0.340892,0
4069,2016-03-18 13:00:00,0,0.148099,0.340864,0
4070,2016-03-18 14:00:00,0,0.1481,0.340816,0
4071,2016-03-18 15:00:00,0,0.148103,0.340732,0
4072,2016-03-18 16:00:00,0,0.148107,0.340629,0
4073,2016-03-18 17:00:00,0,0.148111,0.34051,0
4074,2016-03-18 18:00:00,0,0.148116,0.340372,0.000009
4075,2016-03-18 19:00:00,0,0.14812,0.340261,0.000016
4076,2016-03-18 20:00:00,0,0.148123,0.340147,0
4077,2016-03-18 21:00:00,0,0.148128,0.34,0.000036
4078,2016-03-18 22:00:00,0,0.148129,0.339979,0.00005
4079,2016-03-18 23:00:00,0,0.148129,0.339997,0.000001
4080,2016-03-19 00:00:00,0,0.14813,0.339944,0
4081,2016-03-19 01:00:00,0,0.148132,0.339895,0
4082,2016-03-19 02:00:00,0,0.148134,0.339849,0
4083,2016-03-19 03:00:00,0,0.148135,0.3398,0
4084,2016-03-19 04:00:00,0,0.148137,0.339742,0
4085,2016-03-19 05:00:00,0,0.148139,0.33969,0
4086,2016-03-19 06:00:00,0,0.14814,0.339645,0
4087,2016-03-19 07:00:00,0,0.148142,0.339605,0
4088,2016-03-19 08:00:00,0,0.148143,0.339569,0
4089,2016-03-19 09:00:00,0,0.148144,0.339538,0
4090,2016-03-19 10:00:00,0,0.148145,0.339506,0
4091,2016-03-19 11:00:00,0,0.148145,0.339506,0
4092,2016-03-19 12:00:00,0,0.148145,0.339506,0
4093,2016-03-19 13:00:00,0,0.148145,0.339506,0
4094,2016-03-19 14:00:00,0,0.148145,0.339506,0
4095,2016-03-19 15:00:00,0,0.148145,0.339505,0
4096,2016-03-19 16:00:00,0,0.148145,0.339504,0
4097,2016-03-19 17:00:00,0,0.14815,0.339376,0
4098,2016-03-19 18:00:00,0,0.148155,0.339217,0
4099,2016-03-19 19:00:00,0,0.148161,0.339043,0
4100,2016-03-19 20:00:00,0,0.148167,0.33887,0
4101,2016-03-19 21:00:00,0,0.148172,0.338709,0
4102,2016-03-19 22:00:00,0,0.148175,0.338619,0
4103,2016-03-19 23:00:00,0,0.148177,0.338552,0
4104,2016-03-20 00:00:00,0,0.148179,0.338505,0
4105,2016-03-20 01:00:00,0,0.14818,0.33847,0
4106,2016-03-20 02:00:00,0,0.148181,0.338429,0
4107,2016-03-20 03:00:00,0,0.148183,0.338387,0
4108,2016-03-20 04:00:00,0,0.148184,0.338346,0
4109,2016-03-20 05:00:00,0,0.148184,0.338346,0
4110,2016-03-20 06:00:00,0,0.148184,0.338346,0
4111,2016-03-20 07:00:00,0,0.148184,0.338346,0
4112,2016-03-20 08:00:00,0,0.148184,0.338346,0
4113,2016-03-20 09:00:00,0,0.148184,0.338346,0
4114,2016-03-20 10:00:00,0,0.148184,0.338346,0
4115,2016-03-20 11:00:00,0,0.148184,0.338346,0
4116,2016-03-20 12:00:00,0,0.148184,0.338346,0
4117,2016-03-20 13:00:00,0,0.148184,0.338346,0
4118,2016-03-20 14:00:00,0,0.148184,0.338346,0
4119,2016-03-20 15:00:00,0,0.148184,0.338346,0
4120,2016-03-20 16:00:00,0,0.148184,0.338345,0
4121,2016-03-20 17:00:00,0,0.148184,0.338344,0
4122,2016-03-20 18:00:00,0,0.148186,0.338287,0
4123,2016-03-20 19:00:00,0,0.148189,0.338204,0
4124,2016-03-20 20:00:00,0,0.148192,0.338098,0
4125,2016-03-20 21:00:00,0,0.148196,0.337973,0
4126,2016-03-20 22:00:00,0,0.148199,0.3379,0
4127,2016-03-20 23:00:00,0,0.148201,0.33784,0
4128,2016-03-21 00:00:00,0,0.148202,0.337785,0
4129,2016-03-21 01:00:00,0,0.148204,0.337737,0
4130,2016-03-21 02:00:00,0,0.148205,0.337696,0
4131,2016-03-21 03:00:00,0.825353,0.148206,0.337661,0
4132,2016-03-21 04:00:00,0.526681,0.148207,0.337638,0
4133,2016-03-21 05:00:00,0.568584,0.148202,0.337798,0
4134,2016-03-21 06:00:00,0.849905,0.148202,0.337798,0
4135,2016-03-21 07:00:00,1.154018,0.148202,0.337798,0
4136,2016-03-21 08:00:00,1.886018,0.148202,0.337798,0
4137,2016-03-21 09:00:00,2.498701,0.148202,0.337798,0
4138,2016-03-21 10:00:00,3.157209,0.148202,0.337798,0
4139,2016-03-21 11:00:00,3.566472,0.148202,0.337798,0
4140,2016-03-21 12:00:00,3.896291,0.148202,0.337798,0
4141,2016-03-21 13:00:00,4.059076,0.148202,0.337798,0
4142,2016-03-21 14:00:00,4.229761,0.148202,0.337798,0
4143,2016-03-21 15:00:00,4.381318,0.148202,0.337798,0
4144,2016-03-21 16:00:00,4.570688,0.148202,0.337798,0
4145,2016-03-21 17:00:00,4.692549,0.148202,0.337796,0
4146,2016-03-21 18:00:00,4.722013,0.148202,0.337795,0
4147,2016-03-21 19:00:00,4.70433,0.148202,0.337791,0
4148,2016-03-21 20:00:00,4.578177,0.148202,0.337788,0
4149,2016-03-21 21:00:00,4.45668,0.148202,0.337786,0
4150,2016-03-21 22:00:00,4.336753,0.148202,0.337786,0
4151,2016-03-21 23:00:00,4.224273,0.148202,0.337786,0
4152,2016-03-22 00:00:00,4.124741,0.148203,0.337786,0
4153,2016-03-22 01:00:00,4.039011,0.148203,0.337786,0
4154,2016-03-22 02:00:00,3.967291,0.148203,0.337786,0
4155,2016-03-22 03:00:00,3.902457,0.148203,0.337786,0
4156,2016-03-22 04:00:00,3.844641,0.148203,0.337786,0
4157,2016-03-22 05:00:00,3.79581,0.148203,0.337786,0
4158,2016-03-22 06:00:00,3.759447,0.148203,0.337786,0
4159,2016-03-22 07:00:00,3.729176,0.148203,0.337786,0
4160,2016-03-22 08:00:00,3.695728,0.148203,0.337786,0
4161,2016-03-22 09:00:00,3.654094,0.148203,0.337786,0
4162,2016-03-22 10:00:00,3.614445,0.148203,0.337786,0
4163,2016-03-22 11:00:00,3.572742,0.148203,0.337786,0
4164,2016-03-22 12:00:00,3.521238,0.148203,0.337786,0
4165,2016-03-22 13:00:00,3.446869,0.148203,0.337786,0
4166,2016-03-22 14:00:00,3.345311,0.148203,0.337786,0
4167,2016-03-22 15:00:00,3.226823,0.148202,0.337784,0
4168,2016-03-22 16:00:00,3.068668,0.148203,0.337782,0
4169,2016-03-22 17:00:00,2.887322,0.148203,0.33778,0
4170,2016-03-22 18:00:00,2.657722,0.148203,0.337777,0
4171,2016-03-22 19:00:00,2.248493,0.148202,0.337784,0
4172,2016-03-22 20:00:00,1.724106,0.1482,0.337871,0
4173,2016-03-22 21:00:00,1.402111,0.148195,0.338015,0
4174,2016-03-22 22:00:00,1.118163,0.148192,0.338097,0
4175,2016-03-22 23:00:00,0.903237,0.14819,0.338165,0
4176,2016-03-23 00:00:00,0.760034,0.148188,0.338213,0
4177,2016-03-23 01:00:00,0.652924,0.148187,0.338244,0
4178,2016-03-23 02:00:00,0.572276,0.148187,0.338268,0
4179,2016-03-23 03:00:00,0.302629,0.148186,0.338285,0
4180,2016-03-23 04:00:00,0,0.148182,0.338391,0
4181,2016-03-23 05:00:00,0,0.148178,0.338518,0
4182,2016-03-23 06:00:00,0,0.148179,0.3385,0
4183,2016-03-23 07:00:00,0,0.14818,0.338472,0
4184,2016-03-23 08:00:00,0,0.148181,0.338441,0
4185,2016-03-23 09:00:00,0,0.148182,0.338411,0
4186,2016-03-23 10:00:00,0,0.148183,0.338379,0
4187,2016-03-23 11:00:00,0,0.148184,0.338345,0
4188,2016-03-23 12:00:00,0,0.148185,0.338312,0
4189,2016-03-23 13:00:00,0,0.148186,0.338274,0.000048
4190,2016-03-23 14:00:00,0,0.148185,0.338323,0
4191,2016-03-23 15:00:00,0,0.148186,0.338276,0
4192,2016-03-23 16:00:00,0,0.14819,0.338177,0
4193,2016-03-23 17:00:00,0,0.148194,0.338039,0
4194,2016-03-23 18:00:00,0,0.1482,0.337868,0
4195,2016-03-23 19:00:00,0,0.148206,0.337675,0
4196,2016-03-23 20:00:00,0,0.148213,0.337467,0
4197,2016-03-23 21:00:00,0,0.148219,0.337284,0
4198,2016-03-23 22:00:00,0,0.14822,0.337245,0
4199,2016-03-23 23:00:00,0,0.148221,0.33722,0
4200,2016-03-24 00:00:00,0,0.148221,0.337203,0
4201,2016-03-24 01:00:00,0,0.148222,0.337191,0
4202,2016-03-24 02:00:00,0,0.148223,0.33715,0
4203,2016-03-24 03:00:00,0,0.148225,0.337094,0
4204,2016-03-24 04:00:00,0,0.148227,0.337037,0
4205,2016-03-24 05:00:00,0,0.148229,0.336985,0
4206,2016-03-24 06:00:00,0,0.14823,0.336936,0
4207,2016-03-24 07:00:00,0,0.148232,0.336891,0
4208,2016-03-24 08:00:00,0,0.148233,0.336852,0
4209,2016-03-24 09:00:00,0,0.148234,0.336812,0
4210,2016-03-24 10:00:00,0,0.148235,0.336772,0
4211,2016-03-24 11:00:00,0,0.148237,0.33673,0
4212,2016-03-24 12:00:00,0,0.148238,0.336695,0
4213,2016-03-24 13:00:00,0,0.148239,0.336654,0
4214,2016-03-24 14:00:00,0,0.148241,0.336595,0
4215,2016-03-24 15:00:00,0,0.148244,0.336512,0
4216,2016-03-24 16:00:00,0,0.148247,0.336401,0
4217,2016-03-24 17:00:00,0,0.148252,0.336255,0
4218,2016-03-24 18:00:00,0,0.148257,0.336099,0
4219,2016-03-24 19:00:00,0,0.148262,0.335942,0
4220,2016-03-24 20:00:00,0,0.148267,0.335797,0
4221,2016-03-24 21:00:00,0,0.148271,0.335673,0
4222,2016-03-24 22:00:00,0,0.148272,0.335617,0
4223,2016-03-24 23:00:00,0,0.148274,0.335576,0
4224,2016-03-25 00:00:00,0,0.148274,0.335548,0
4225,2016-03-25 01:00:00,0,0.148275,0.335532,0
4226,2016-03-25 02:00:00,0,0.148275,0.33552,0
4227,2016-03-25 03:00:00,0,0.148276,0.335514,0
4228,2016-03-25 04:00:00,0,0.148276,0.335508,0
4229,2016-03-25 05:00:00,0,0.148276,0.335503,0
4230,2016-03-25 06:00:00,0,0.148276,0.335498,0
4231,2016-03-25 07:00:00,0,0.148276,0.335499,0
4232,2016-03-25 08:00:00,0,0.148276,0.335498,0
4233,2016-03-25 09:00:00,0,0.148276,0.3355,0
4234,2016-03-25 10:00:00,0,0.148276,0.335503,0
4235,2016-03-25 11:00:00,0,0.148276,0.335507,0
4236,2016-03-25 12:00:00,0,0.148275,0.335517,0
4237,2016-03-25 13:00:00,0,0.148275,0.335525,0.00006
4238,2016-03-25 14:00:00,0,0.148272,0.335629,0.000162
4239,2016-03-25 15:00:00,0,0.148264,0.335891,0.000022
4240,2016-03-25 16:00:00,0,0.148263,0.335917,0
4241,2016-03-25 17:00:00,0,0.148264,0.335881,0
4242,2016-03-25 18:00:00,0,0.148266,0.335827,0
4243,2016-03-25 19:00:00,0,0.148267,0.335769,0.000049
4244,2016-03-25 20:00:00,0,0.148267,0.335798,0
4245,2016-03-25 21:00:00,0,0.14827,0.335691,0.000003
4246,2016-03-25 22:00:00,0,0.14827,0.335683,0
4247,2016-03-25 23:00:00,0,0.14827,0.335677,0
4248,2016-03-26 00:00:00,0,0.148271,0.335674,0.000016
4249,2016-03-26 01:00:00,0,0.14827,0.335674,0
4250,2016-03-26 02:00:00,0,0.148272,0.335642,0
4251,2016-03-26 03:00:00,0,0.148273,0.335593,0
4252,2016-03-26 04:00:00,0,0.148275,0.33554,0
4253,2016-03-26 05:00:00,0,0.148276,0.335488,0
4254,2016-03-26 06:00:00,0,0.148278,0.335441,0
4255,2016-03-26 07:00:00,0,0.148279,0.335399,0
4256,2016-03-26 08:00:00,0,0.14828,0.335366,0
4257,2016-03-26 09:00:00,0,0.148281,0.335337,0
4258,2016-03-26 10:00:00,0,0.148282,0.335314,0
4259,2016-03-26 11:00:00,0,0.148283,0.335289,0
4260,2016-03-26 12:00:00,0,0.148284,0.33526,0
4261,2016-03-26 13:00:00,0,0.148285,0.335223,0
4262,2016-03-26 14:00:00,0,0.148286,0.335178,0
4263,2016-03-26 15:00:00,0,0.148288,0.335117,0
4264,2016-03-26 16:00:00,0,0.148291,0.335026,0
4265,2016-03-26 17:00:00,0,0.148295,0.334909,0
4266,2016-03-26 18:00:00,0,0.148299,0.334766,0
4267,2016-03-26 19:00:00,0,0.148304,0.334609,0
4268,2016-03-26 20:00:00,0,0.148309,0.334455,0
4269,2016-03-26 21:00:00,0,0.148313,0.33432,0
4270,2016-03-26 22:00:00,0,0.148315,0.334257,0
4271,2016-03-26 23:00:00,0,0.148317,0.334202,0
4272,2016-03-27 00:00:00,0,0.148318,0.334155,0
4273,2016-03-27 01:00:00,0,0.148319,0.334119,0
4274,2016-03-27 02:00:00,0,0.14832,0.334089,0
4275,2016-03-27 03:00:00,0,0.148321,0.334065,0
4276,2016-03-27 04:00:00,0,0.148321,0.334049,0
4277,2016-03-27 05:00:00,0,0.148322,0.334034,0
4278,2016-03-27 06:00:00,0,0.148322,0.334019,0
4279,2016-03-27 07:00:00,0,0.148323,0.334008,0
4280,2016-03-27 08:00:00,0,0.148323,0.334,0
4281,2016-03-27 09:00:00,0,0.148323,0.333995,0
4282,2016-03-27 10:00:00,0,0.148323,0.33399,0
4283,2016-03-27 11:00:00,0,0.148323,0.333989,0
4284,2016-03-27 12:00:00,0,0.148323,0.33399,0
4285,2016-03-27 13:00:00,0,0.148323,0.333983,0
4286,2016-03-27 14:00:00,0,0.148324,0.333966,0
4287,2016-03-27 15:00:00,0,0.148325,0.333934,0
4288,2016-03-27 16:00:00,0,0.148326,0.333882,0
4289,2016-03-27 17:00:00,0,0.148329,0.333802,0
4290,2016-03-27 18:00:00,0,0.148333,0.333681,0
4291,2016-03-27 19:00:00,0,0.148337,0.333529,0
4292,2016-03-27 20:00:00,0,0.148342,0.333373,0
4293,2016-03-27 21:00:00,0,0.148346,0.333229,0
4294,2016-03-27 22:00:00,0,0.148348,0.333186,0
4295,2016-03-27 23:00:00,0,0.148349,0.333156,0
4296,2016-03-28 00:00:00,0,0.148349,0.333131,0
4297,2016-03-28 01:00:00,0,0.14835,0.333101,0
4298,2016-03-28 02:00:00,0,0.148351,0.333078,0
4299,2016-03-28 03:00:00,0,0.148352,0.333061,0
4300,2016-03-28 04:00:00,0,0.148352,0.333049,0
4301,2016-03-28 05:00:00,0,0.148352,0.33304,0
4302,2016-03-28 06:00:00,0,0.148352,0.333034,0
4303,2016-03-28 07:00:00,0,0.148353,0.333025,0
4304,2016-03-28 08:00:00,0,0.148353,0.333017,0
4305,2016-03-28 09:00:00,0,0.148353,0.333008,0
4306,2016-03-28 10:00:00,0,0.148353,0.332997,0
4307,2016-03-28 11:00:00,0,0.148354,0.332989,0.00046
4308,2016-03-28 12:00:00,0,0.148331,0.333736,0.000874
4309,2016-03-28 13:00:00,0,0.148287,0.335148,0.001107
4310,2016-03-28 14:00:00,0,0.14823,0.336927,0.00122
4311,2016-03-28 15:00:00,0,0.148166,0.338875,0.000732
4312,2016-03-28 16:00:00,0,0.148127,0.340043,0.000501
4313,2016-03-28 17:00:00,0,0.1481,0.340836,0.000602
4314,2016-03-28 18:00:00,0,0.148067,0.341786,0.000144
4315,2016-03-28 19:00:00,0,0.148059,0.342001,0.00019
4316,2016-03-28 20:00:00,0,0.148049,0.34229,0
4317,2016-03-28 21:00:00,0,0.14805,0.34227,0.000016
4318,2016-03-28 22:00:00,0,0.148049,0.342291,0
4319,2016-03-28 23:00:00,0,0.148049,0.342289,0
4320,2016-03-29 00:00:00,0,0.148049,0.342285,0
4321,2016-03-29 01:00:00,0,0.148049,0.342284,0
4322,2016-03-29 02:00:00,0,0.148049,0.342289,0
4323,2016-03-29 03:00:00,0,0.14805,0.342275,0
4324,2016-03-29 04:00:00,0,0.148051,0.342245,0
4325,2016-03-29 05:00:00,0,0.148052,0.342203,0
4326,2016-03-29 06:00:00,0,0.148054,0.342156,0
4327,2016-03-29 07:00:00,0,0.148056,0.342103,0
4328,2016-03-29 08:00:00,0,0.148057,0.342052,0
4329,2016-03-29 09:00:00,0,0.148059,0.342002,0
4330,2016-03-29 10:00:00,0,0.148061,0.341953,0
4331,2016-03-29 11:00:00,0,0.148063,0.341906,0
4332,2016-03-29 12:00:00,0,0.148064,0.341864,0
4333,2016-03-29 13:00:00,0,0.148066,0.341821,0
4334,2016-03-29 14:00:00,0,0.148068,0.341763,0
4335,2016-03-29 15:00:00,0,0.14807,0.341687,0
4336,2016-03-29 16:00:00,0,0.148074,0.341591,0
4337,2016-03-29 17:00:00,0,0.148078,0.341471,0
4338,2016-03-29 18:00:00,0,0.148083,0.341329,0
4339,2016-03-29 19:00:00,0,0.148088,0.341173,0
4340,2016-03-29 20:00:00,0,0.148094,0.341013,0
4341,2016-03-29 21:00:00,0,0.148099,0.34086,0
4342,2016-03-29 22:00:00,0,0.148104,0.340722,0
4343,2016-03-29 23:00:00,0,0.148107,0.340616,0
4344,2016-03-30 00:00:00,0,0.148111,0.340521,0
4345,2016-03-30 01:00:00,0,0.148114,0.340434,0
4346,2016-03-30 02:00:00,0,0.148116,0.340356,0
4347,2016-03-30 03:00:00,0,0.148119,0.340285,0
4348,2016-03-30 04:00:00,0,0.148121,0.340223,0
4349,2016-03-30 05:00:00,0,0.148123,0.340167,0
4350,2016-03-30 06:00:00,0,0.148124,0.340121,0
4351,2016-03-30 07:00:00,0,0.148126,0.340084,0
4352,2016-03-30 08:00:00,0,0.148127,0.340055,0
4353,2016-03-30 09:00:00,0,0.148127,0.340033,0
4354,2016-03-30 10:00:00,0,0.148127,0.340033,0
4355,2016-03-30 11:00:00,0,0.148127,0.340033,0
4356,2016-03-30 12:00:00,0,0.148127,0.340033,0
4357,2016-03-30 13:00:00,0,0.148127,0.340033,0
4358,2016-03-30 14:00:00,0,0.148127,0.340033,0
4359,2016-03-30 15:00:00,0,0.148127,0.340031,0
4360,2016-03-30 16:00:00,0,0.14813,0.339947,0
4361,2016-03-30 17:00:00,0,0.148135,0.339807,0
4362,2016-03-30 18:00:00,0,0.148141,0.339622,0
4363,2016-03-30 19:00:00,0,0.148148,0.339408,0
4364,2016-03-30 20:00:00,0,0.148156,0.339194,0
4365,2016-03-30 21:00:00,0,0.148162,0.338997,0
4366,2016-03-30 22:00:00,0,0.148168,0.338822,0
4367,2016-03-30 23:00:00,0,0.148172,0.338707,0
4368,2016-03-31 00:00:00,0,0.148175,0.338619,0
4369,2016-03-31 01:00:00,0,0.148177,0.338555,0
4370,2016-03-31 02:00:00,0,0.148179,0.338508,0
4371,2016-03-31 03:00:00,0,0.14818,0.338473,0
4372,2016-03-31 04:00:00,0,0.148181,0.33844,0
4373,2016-03-31 05:00:00,0,0.148182,0.338404,0
4374,2016-03-31 06:00:00,0,0.148183,0.338371,0
4375,2016-03-31 07:00:00,0,0.148184,0.338344,0
4376,2016-03-31 08:00:00,0,0.148185,0.338315,0
4377,2016-03-31 09:00:00,0,0.148186,0.338288,0
4378,2016-03-31 10:00:00,0,0.148187,0.338268,0
4379,2016-03-31 11:00:00,0,0.148187,0.338249,0
4380,2016-03-31 12:00:00,0,0.148188,0.338236,0
4381,2016-03-31 13:00:00,0,0.148188,0.338219,0
4382,2016-03-31 14:00:00,0,0.14819,0.338175,0
4383,2016-03-31 15:00:00,0,0.148192,0.338088,0
4384,2016-03-31 16:00:00,0,0.148197,0.337946,0
4385,2016-03-31 17:00:00,0,0.148203,0.33776,0
4386,2016-03-31 18:00:00,0,0.14821,0.337549,0
4387,2016-03-31 19:00:00,0,0.148218,0.337318,0
4388,2016-03-31 20:00:00,0,0.148225,0.337085,0
4389,2016-03-31 21:00:00,0,0.148232,0.336869,0
4390,2016-03-31 22:00:00,0,0.148238,0.336702,0
4391,2016-03-31 23:00:00,0,0.148241,0.336601,0
4392,2016-04-01 00:00:00,0,0.148243,0.336526,0
4393,2016-04-01 01:00:00,0,0.148245,0.336477,0
4394,2016-04-01 02:00:00,0,0.148246,0.336441,0
4395,2016-04-01 03:00:00,0,0.148247,0.336419,0
4396,2016-04-01 04:00:00,0,0.148247,0.336408,0
4397,2016-04-01 05:00:00,0,0.148247,0.3364,0.00006
4398,2016-04-01 06:00:00,0,0.148244,0.336498,0.000221
4399,2016-04-01 07:00:00,0,0.148233,0.336859,0.000027
4400,2016-04-01 08:00:00,0,0.148231,0.336906,0.000353
4401,2016-04-01 09:00:00,0,0.148212,0.337482,0.000439
4402,2016-04-01 10:00:00,0,0.148189,0.338197,0
4403,2016-04-01 11:00:00,0,0.148189,0.338196,0.000017
4404,2016-04-01 12:00:00,0,0.148188,0.338229,0
4405,2016-04-01 13:00:00,0,0.148188,0.338229,0
4406,2016-04-01 14:00:00,0,0.148188,0.338219,0
4407,2016-04-01 15:00:00,0,0.148189,0.338196,0.000005
4408,2016-04-01 16:00:00,0,0.14819,0.338165,0
4409,2016-04-01 17:00:00,0,0.148192,0.338095,0
4410,2016-04-01 18:00:00,0,0.148195,0.33801,0
4411,2016-04-01 19:00:00,0,0.148199,0.3379,0
4412,2016-04-01 20:00:00,0,0.148203,0.33778,0
4413,2016-04-01 21:00:00,0,0.148206,0.337679,0
4414,2016-04-01 22:00:00,0,0.148208,0.337613,0
4415,2016-04-01 23:00:00,0,0.148209,0.337595,0
4416,2016-04-02 00:00:00,0,0.148209,0.337582,0.000003
4417,2016-04-02 01:00:00,0,0.148209,0.33758,0.000625
4418,2016-04-02 02:00:00,0,0.148176,0.338591,0.000043
4419,2016-04-02 03:00:00,0,0.148174,0.338655,0
4420,2016-04-02 04:00:00,0,0.148175,0.338619,0
4421,2016-04-02 05:00:00,0,0.148176,0.338576,0
4422,2016-04-02 06:00:00,0,0.148178,0.338528,0
4423,2016-04-02 07:00:00,0,0.14818,0.338472,0
4424,2016-04-02 08:00:00,0,0.148181,0.338423,0.000032
4425,2016-04-02 09:00:00,0,0.148181,0.338446,0.000069
4426,2016-04-02 10:00:00,0,0.148178,0.338535,0.000117
4427,2016-04-02 11:00:00,0,0.148172,0.338711,0
4428,2016-04-02 12:00:00,0,0.148172,0.338701,0
4429,2016-04-02 13:00:00,0,0.148173,0.33869,0.000266
4430,2016-04-02 14:00:00,0,0.148158,0.339112,0.001159
4431,2016-04-02 15:00:00,0,0.148096,0.340952,0.00098
4432,2016-04-02 16:00:00,0,0.148042,0.342498,0.000955
4433,2016-04-02 17:00:00,0,0.147988,0.343994,0.000663
4434,2016-04-02 18:00:00,0,0.14795,0.34502,0.000281
4435,2016-04-02 19:00:00,0,0.147935,0.345424,0.000035
4436,2016-04-02 20:00:00,0,0.147935,0.345429,0.000016
4437,2016-04-02 21:00:00,0,0.147936,0.345392,0
4438,2016-04-02 22:00:00,0,0.147939,0.345333,0
4439,2016-04-02 23:00:00,0,0.14794,0.345309,0.000458
4440,2016-04-03 00:00:00,0,0.147913,0.346021,0.000857
4441,2016-04-03 01:00:00,0,0.147862,0.347364,0.000027
4442,2016-04-03 02:00:00,0,0.147861,0.347393,0
4443,2016-04-03 03:00:00,0,0.147861,0.347382,0
4444,2016-04-03 04:00:00,0,0.147862,0.347372,0.000026
4445,2016-04-03 05:00:00,0,0.14786,0.34741,0.000055
4446,2016-04-03 06:00:00,0,0.147857,0.347495,0.000184
4447,2016-04-03 07:00:00,0,0.147846,0.347784,0.000167
4448,2016-04-03 08:00:00,0,0.147836,0.348045,0.000545
4449,2016-04-03 09:00:00,0.660722,0.147802,0.348899,0
4450,2016-04-03 10:00:00,0.366534,0.147803,0.348888,0
4451,2016-04-03 11:00:00,0.380765,0.147791,0.34917,0
4452,2016-04-03 12:00:00,0.272457,0.147785,0.349323,0
4453,2016-04-03 13:00:00,0.219423,0.147779,0.349483,0
4454,2016-04-03 14:00:00,0.180913,0.147775,0.349593,0
4455,2016-04-03 15:00:00,0.09857,0.147772,0.349668,0
4456,2016-04-03 16:00:00,0.063449,0.14777,0.349713,0
4457,2016-04-03 17:00:00,0.035171,0.14777,0.34971,0
4458,2016-04-03 18:00:00,0.018259,0.147771,0.349687,0
4459,2016-04-03 19:00:00,0.009619,0.147773,0.349633,0
4460,2016-04-03 20:00:00,0.004365,0.147777,0.349546,0
4461,2016-04-03 21:00:00,0.001707,0.14778,0.349454,0
4462,2016-04-03 22:00:00,0.000684,0.147784,0.349371,0
4463,2016-04-03 23:00:00,0.000617,0.147786,0.349301,0
4464,2016-04-04 00:00:00,0.000906,0.147789,0.349238,0
4465,2016-04-04 01:00:00,0.001208,0.147789,0.349238,0
4466,2016-04-04 02:00:00,0.001328,0.147789,0.349238,0
4467,2016-04-04 03:00:00,0.001292,0.147789,0.349238,0
4468,2016-04-04 04:00:00,0.001219,0.147789,0.349238,0
4469,2016-04-04 05:00:00,0.001036,0.147789,0.349238,0
4470,2016-04-04 06:00:00,0.000744,0.147789,0.349238,0
4471,2016-04-04 07:00:00,0.000059,0.147789,0.349238,0
4472,2016-04-04 08:00:00,0.001091,0.147789,0.349238,0
4473,2016-04-04 09:00:00,0.060338,0.147789,0.349238,0
4474,2016-04-04 10:00:00,0.166402,0.147789,0.349238,0
4475,2016-04-04 11:00:00,0.341719,0.147789,0.349238,0
4476,2016-04-04 12:00:00,0.531563,0.147789,0.349238,0
4477,2016-04-04 13:00:00,0.90959,0.147789,0.349238,0
4478,2016-04-04 14:00:00,1.601143,0.147789,0.349238,0
4479,2016-04-04 15:00:00,2.173352,0.147789,0.349238,0
4480,2016-04-04 16:00:00,2.881475,0.147789,0.349238,0
4481,2016-04-04 17:00:00,3.630417,0.147789,0.349237,0
4482,2016-04-04 18:00:00,4.521317,0.147789,0.349237,0
4483,2016-04-04 19:00:00,5.5257,0.147789,0.349236,0
4484,2016-04-04 20:00:00,6.473168,0.147789,0.349236,0
4485,2016-04-04 21:00:00,7.52286,0.147789,0.349235,0
4486,2016-04-04 22:00:00,8.295807,0.147789,0.349234,0
4487,2016-04-04 23:00:00,8.691952,0.147789,0.349234,0
4488,2016-04-05 00:00:00,8.896294,0.147789,0.349234,0
4489,2016-04-05 01:00:00,9.048098,0.147789,0.349234,0
4490,2016-04-05 02:00:00,9.172308,0.147789,0.349234,0
4491,2016-04-05 03:00:00,9.271918,0.147789,0.349234,0
4492,2016-04-05 04:00:00,9.35873,0.147789,0.349234,0
4493,2016-04-05 05:00:00,9.435162,0.147789,0.349234,0
4494,2016-04-05 06:00:00,9.504703,0.147789,0.349234,0
4495,2016-04-05 07:00:00,9.563996,0.147789,0.349234,0
4496,2016-04-05 08:00:00,9.60958,0.147789,0.349234,0
4497,2016-04-05 09:00:00,9.643074,0.147789,0.349234,0
4498,2016-04-05 10:00:00,9.669847,0.147789,0.349234,0
4499,2016-04-05 11:00:00,9.690851,0.147789,0.349234,0
4500,2016-04-05 12:00:00,9.697552,0.147789,0.349234,0
4501,2016-04-05 13:00:00,9.680626,0.147789,0.349234,0
4502,2016-04-05 14:00:00,9.644795,0.147789,0.349234,0
4503,2016-04-05 15:00:00,9.60504,0.147789,0.349234,0
4504,2016-04-05 16:00:00,9.537621,0.147789,0.349232,0
4505,2016-04-05 17:00:00,9.447059,0.147789,0.34923,0
4506,2016-04-05 18:00:00,9.248832,0.147789,0.349228,0
4507,2016-04-05 19:00:00,7.055116,0.147788,0.349267,0
4508,2016-04-05 20:00:00,4.163054,0.147751,0.350176,0
4509,2016-04-05 21:00:00,1.928713,0.147702,0.351389,0
4510,2016-04-05 22:00:00,1.585966,0.147663,0.35232,0
4511,2016-04-05 23:00:00,1.482511,0.147658,0.352441,0
4512,2016-04-06 00:00:00,1.407617,0.147658,0.352459,0
4513,2016-04-06 01:00:00,1.351182,0.147657,0.352472,0
4514,2016-04-06 02:00:00,1.309933,0.147657,0.352482,0
4515,2016-04-06 03:00:00,1.287758,0.147656,0.352489,0
4516,2016-04-06 04:00:00,1.27549,0.147656,0.352493,0
4517,2016-04-06 05:00:00,1.270406,0.147656,0.352495,0
4518,2016-04-06 06:00:00,1.275757,0.147656,0.352495,0
4519,2016-04-06 07:00:00,1.283229,0.147656,0.352495,0
4520,2016-04-06 08:00:00,1.292073,0.147656,0.352495,0
4521,2016-04-06 09:00:00,1.301138,0.147656,0.352495,0
4522,2016-04-06 10:00:00,1.310975,0.147656,0.352495,0
4523,2016-04-06 11:00:00,1.321694,0.147656,0.352495,0
4524,2016-04-06 12:00:00,1.323464,0.147656,0.352495,0
4525,2016-04-06 13:00:00,1.309675,0.147656,0.352495,0
4526,2016-04-06 14:00:00,0.825997,0.147656,0.352495,0
4527,2016-04-06 15:00:00,0.740297,0.147648,0.352686,0
4528,2016-04-06 16:00:00,0.000025,0.147648,0.352684,0
4529,2016-04-06 17:00:00,0.00002,0.147635,0.353006,0
4530,2016-04-06 18:00:00,0.000011,0.147635,0.353004,0
4531,2016-04-06 19:00:00,0.000006,0.147635,0.353001,0
4532,2016-04-06 20:00:00,0.000003,0.147635,0.352999,0
4533,2016-04-06 21:00:00,0.000001,0.147639,0.352899,0
4534,2016-04-06 22:00:00,0,0.147643,0.352819,0
4535,2016-04-06 23:00:00,0,0.147645,0.352764,0
4536,2016-04-07 00:00:00,0,0.147647,0.352715,0
4537,2016-04-07 01:00:00,0,0.147649,0.35267,0
4538,2016-04-07 02:00:00,0,0.14765,0.352636,0
4539,2016-04-07 03:00:00,0,0.147651,0.35261,0
4540,2016-04-07 04:00:00,0,0.147652,0.352591,0
4541,2016-04-07 05:00:00,0,0.147653,0.352577,0
4542,2016-04-07 06:00:00,0,0.147653,0.352571,0
4543,2016-04-07 07:00:00,0,0.147653,0.352565,0
4544,2016-04-07 08:00:00,0,0.147653,0.352561,0
4545,2016-04-07 09:00:00,0,0.147654,0.352558,0
4546,2016-04-07 10:00:00,0,0.147654,0.352556,0
4547,2016-04-07 11:00:00,0,0.147654,0.352549,0
4548,2016-04-07 12:00:00,0,0.147654,0.352547,0
4549,2016-04-07 13:00:00,0,0.147654,0.352544,0.000043
4550,2016-04-07 14:00:00,0,0.147651,0.352609,0.000804
4551,2016-04-07 15:00:00,0,0.147599,0.353856,0.000469
4552,2016-04-07 16:00:00,0,0.147568,0.354579,0.000691
4553,2016-04-07 17:00:00,0,0.147521,0.355637,0.001419
4554,2016-04-07 18:00:00,0,0.147425,0.357788,0.001118
4555,2016-04-07 19:00:00,0,0.147347,0.359476,0.000752
4556,2016-04-07 20:00:00,0,0.147293,0.360601,0.000537
4557,2016-04-07 21:00:00,0,0.147255,0.361392,0.000636
4558,2016-04-07 22:00:00,0,0.147209,0.362338,0.000119
4559,2016-04-07 23:00:00,0,0.1472,0.362515,0
4560,2016-04-08 00:00:00,0,0.147201,0.362506,0
4561,2016-04-08 01:00:00,0,0.147201,0.362496,0
4562,2016-04-08 02:00:00,0,0.147201,0.36249,0
4563,2016-04-08 03:00:00,0,0.147202,0.362482,0
4564,2016-04-08 04:00:00,0,0.147202,0.362478,0
4565,2016-04-08 05:00:00,0,0.147202,0.362473,0
4566,2016-04-08 06:00:00,0,0.147203,0.362468,0
4567,2016-04-08 07:00:00,0,0.147203,0.362463,0
4568,2016-04-08 08:00:00,0,0.147203,0.362459,0
4569,2016-04-08 09:00:00,0,0.147203,0.362451,0
4570,2016-04-08 10:00:00,0,0.147204,0.362444,0
4571,2016-04-08 11:00:00,0,0.147204,0.362436,0
4572,2016-04-08 12:00:00,0,0.147205,0.362422,0
4573,2016-04-08 13:00:00,0,0.147205,0.36241,0
4574,2016-04-08 14:00:00,0,0.147207,0.36238,0
4575,2016-04-08 15:00:00,0,0.14721,0.362319,0
4576,2016-04-08 16:00:00,0,0.147214,0.362232,0.000019
4577,2016-04-08 17:00:00,0,0.147217,0.362175,0.000057
4578,2016-04-08 18:00:00,0,0.147217,0.362182,0.000015
4579,2016-04-08 19:00:00,0,0.14722,0.362112,0
4580,2016-04-08 20:00:00,0,0.147226,0.361995,0
4581,2016-04-08 21:00:00,0,0.147231,0.361883,0
4582,2016-04-08 22:00:00,0,0.147236,0.36178,0
4583,2016-04-08 23:00:00,0,0.14724,0.3617,0
4584,2016-04-09 00:00:00,0,0.147244,0.361625,0
4585,2016-04-09 01:00:00,0,0.147247,0.361559,0
4586,2016-04-09 02:00:00,0,0.14725,0.361498,0
4587,2016-04-09 03:00:00,0,0.147253,0.361444,0
4588,2016-04-09 04:00:00,0,0.147255,0.3614,0
4589,2016-04-09 05:00:00,0,0.147257,0.361363,0
4590,2016-04-09 06:00:00,0,0.147258,0.361334,0
4591,2016-04-09 07:00:00,0,0.147259,0.361312,0
4592,2016-04-09 08:00:00,0,0.14726,0.361293,0
4593,2016-04-09 09:00:00,0,0.147261,0.361278,0
4594,2016-04-09 10:00:00,0,0.147261,0.361278,0
4595,2016-04-09 11:00:00,0,0.147261,0.361278,0
4596,2016-04-09 12:00:00,0,0.147261,0.361278,0
4597,2016-04-09 13:00:00,0,0.147261,0.361278,0
4598,2016-04-09 14:00:00,0,0.147261,0.361278,0
4599,2016-04-09 15:00:00,0,0.147261,0.361275,0
4600,2016-04-09 16:00:00,0,0.147263,0.361223,0
4601,2016-04-09 17:00:00,0,0.147267,0.36114,0
4602,2016-04-09 18:00:00,0,0.147273,0.361024,0
4603,2016-04-09 19:00:00,0,0.147279,0.360905,0
4604,2016-04-09 20:00:00,0,0.147285,0.360783,0
4605,2016-04-09 21:00:00,0,0.14729,0.360665,0
4606,2016-04-09 22:00:00,0,0.147295,0.360568,0
4607,2016-04-09 23:00:00,0,0.147298,0.360507,0
4608,2016-04-10 00:00:00,0,0.1473,0.36045,0
4609,2016-04-10 01:00:00,0,0.147303,0.360397,0
4610,2016-04-10 02:00:00,0,0.147305,0.360345,0
4611,2016-04-10 03:00:00,0,0.147308,0.360287,0
4612,2016-04-10 04:00:00,0,0.147312,0.360218,0
4613,2016-04-10 05:00:00,0,0.147315,0.360152,0
4614,2016-04-10 06:00:00,0,0.147317,0.360093,0
4615,2016-04-10 07:00:00,0,0.14732,0.360039,0
4616,2016-04-10 08:00:00,0,0.147322,0.359992,0
4617,2016-04-10 09:00:00,0,0.147324,0.359948,0
4618,2016-04-10 10:00:00,0,0.147326,0.359912,0
4619,2016-04-10 11:00:00,0,0.147328,0.359877,0
4620,2016-04-10 12:00:00,0,0.147328,0.359877,0
4621,2016-04-10 13:00:00,0,0.147328,0.359877,0
4622,2016-04-10 14:00:00,0,0.147328,0.359877,0
4623,2016-04-10 15:00:00,0,0.147328,0.359875,0
4624,2016-04-10 16:00:00,0,0.147332,0.359789,0
4625,2016-04-10 17:00:00,0,0.147337,0.359679,0
4626,2016-04-10 18:00:00,0,0.147343,0.359544,0
4627,2016-04-10 19:00:00,0,0.147351,0.359389,0
4628,2016-04-10 20:00:00,0,0.147358,0.35924,0
4629,2016-04-10 21:00:00,0,0.147364,0.359102,0
4630,2016-04-10 22:00:00,0,0.14737,0.358983,0
4631,2016-04-10 23:00:00,0,0.147373,0.358909,0
4632,2016-04-11 00:00:00,0,0.147376,0.358848,0
4633,2016-04-11 01:00:00,0,0.147378,0.358796,0
4634,2016-04-11 02:00:00,0,0.14738,0.358751,0
4635,2016-04-11 03:00:00,0,0.147382,0.358715,0
4636,2016-04-11 04:00:00,0,0.147383,0.358687,0
4637,2016-04-11 05:00:00,0,0.147385,0.358661,0
4638,2016-04-11 06:00:00,0,0.147386,0.35864,0
4639,2016-04-11 07:00:00,0,0.147387,0.35862,0
4640,2016-04-11 08:00:00,0,0.147387,0.3586,0
4641,2016-04-11 09:00:00,0,0.147388,0.358582,0
4642,2016-04-11 10:00:00,0,0.147389,0.358562,0
4643,2016-04-11 11:00:00,0,0.14739,0.358544,0.000016
4644,2016-04-11 12:00:00,0,0.14739,0.358554,0.000032
4645,2016-04-11 13:00:00,0,0.147388,0.358586,0
4646,2016-04-11 14:00:00,0,0.147389,0.358561,0
4647,2016-04-11 15:00:00,0,0.147391,0.35852,0
4648,2016-04-11 16:00:00,0,0.147395,0.358439,0
4649,2016-04-11 17:00:00,0,0.1474,0.358338,0
4650,2016-04-11 18:00:00,0,0.147405,0.358218,0
4651,2016-04-11 19:00:00,0,0.147411,0.358081,0
4652,2016-04-11 20:00:00,0,0.147418,0.357937,0
4653,2016-04-11 21:00:00,0,0.147425,0.35779,0
4654,2016-04-11 22:00:00,0,0.147431,0.357652,0
4655,2016-04-11 23:00:00,0,0.147435,0.357553,0
4656,2016-04-12 00:00:00,0,0.147439,0.357479,0
4657,2016-04-12 01:00:00,0,0.147441,0.357429,0
4658,2016-04-12 02:00:00,0,0.147443,0.357392,0
4659,2016-04-12 03:00:00,0,0.147444,0.357362,0
4660,2016-04-12 04:00:00,0,0.147445,0.357335,0
4661,2016-04-12 05:00:00,0,0.147447,0.357309,0
4662,2016-04-12 06:00:00,0,0.147447,0.357291,0
4663,2016-04-12 07:00:00,0,0.147448,0.35728,0
4664,2016-04-12 08:00:00,0,0.147449,0.357262,0
4665,2016-04-12 09:00:00,0,0.147449,0.357246,0
4666,2016-04-12 10:00:00,0,0.14745,0.357226,0
4667,2016-04-12 11:00:00,0,0.147451,0.357204,0
4668,2016-04-12 12:00:00,0,0.147452,0.357178,0
4669,2016-04-12 13:00:00,0,0.147454,0.357148,0.000025
4670,2016-04-12 14:00:00,0,0.147453,0.357161,0.00037
4671,2016-04-12 15:00:00,0,0.147428,0.357711,0.000514
4672,2016-04-12 16:00:00,0,0.147392,0.358493,0.000606
4673,2016-04-12 17:00:00,0,0.14735,0.359407,0.000206
4674,2016-04-12 18:00:00,0,0.147337,0.359686,0.000158
4675,2016-04-12 19:00:00,0,0.147327,0.359884,0
4676,2016-04-12 20:00:00,0,0.14733,0.359822,0
4677,2016-04-12 21:00:00,0,0.147334,0.359744,0
4678,2016-04-12 22:00:00,0,0.147338,0.359661,0
4679,2016-04-12 23:00:00,0,0.147341,0.359588,0
4680,2016-04-13 00:00:00,0,0.147345,0.359518,0
4681,2016-04-13 01:00:00,0,0.147347,0.35946,0
4682,2016-04-13 02:00:00,0,0.14735,0.359406,0
4683,2016-04-13 03:00:00,0,0.147352,0.359358,0
4684,2016-04-13 04:00:00,0,0.147354,0.359317,0
4685,2016-04-13 05:00:00,0,0.147356,0.359286,0
4686,2016-04-13 06:00:00,0,0.147357,0.35926,0
4687,2016-04-13 07:00:00,0,0.147358,0.359238,0
4688,2016-04-13 08:00:00,0,0.147359,0.35922,0
4689,2016-04-13 09:00:00,0,0.147359,0.359206,0
4690,2016-04-13 10:00:00,0,0.14736,0.359193,0
4691,2016-04-13 11:00:00,0,0.14736,0.359181,0
4692,2016-04-13 12:00:00,0,0.147361,0.35917,0
4693,2016-04-13 13:00:00,0,0.147362,0.359156,0
4694,2016-04-13 14:00:00,0,0.147363,0.359122,0
4695,2016-04-13 15:00:00,0,0.147366,0.35906,0
4696,2016-04-13 16:00:00,0,0.14737,0.358971,0
4697,2016-04-13 17:00:00,0,0.147375,0.35886,0
4698,2016-04-13 18:00:00,0,0.147381,0.35873,0
4699,2016-04-13 19:00:00,0,0.147388,0.358594,0
4700,2016-04-13 20:00:00,0,0.147394,0.358453,0
4701,2016-04-13 21:00:00,0,0.1474,0.358337,0
4702,2016-04-13 22:00:00,0,0.147403,0.358261,0
4703,2016-04-13 23:00:00,0,0.147404,0.35824,0
4704,2016-04-14 00:00:00,0,0.147405,0.358224,0
4705,2016-04-14 01:00:00,0,0.147405,0.358216,0
4706,2016-04-14 02:00:00,0,0.147406,0.358192,0
4707,2016-04-14 03:00:00,0,0.147407,0.358168,0
4708,2016-04-14 04:00:00,0,0.147408,0.35815,0
4709,2016-04-14 05:00:00,0,0.147409,0.358135,0
4710,2016-04-14 06:00:00,0,0.14741,0.358121,0
4711,2016-04-14 07:00:00,0,0.14741,0.358109,0
4712,2016-04-14 08:00:00,0,0.147411,0.358098,0
4713,2016-04-14 09:00:00,0,0.147411,0.358088,0
4714,2016-04-14 10:00:00,0,0.147411,0.358078,0
4715,2016-04-14 11:00:00,0,0.147412,0.358069,0
4716,2016-04-14 12:00:00,0,0.147412,0.358059,0
4717,2016-04-14 13:00:00,0,0.147413,0.358046,0
4718,2016-04-14 14:00:00,0,0.147415,0.358011,0
4719,2016-04-14 15:00:00,0,0.147418,0.357946,0
4720,2016-04-14 16:00:00,0,0.147422,0.357848,0
4721,2016-04-14 17:00:00,0,0.147428,0.357728,0
4722,2016-04-14 18:00:00,0,0.147434,0.357591,0
4723,2016-04-14 19:00:00,0,0.147441,0.357433,0
4724,2016-04-14 20:00:00,0,0.147448,0.357268,0
4725,2016-04-14 21:00:00,0,0.147455,0.357121,0
4726,2016-04-14 22:00:00,0,0.14746,0.357007,0
4727,2016-04-14 23:00:00,0,0.147462,0.356972,0
4728,2016-04-15 00:00:00,0,0.147463,0.356947,0
4729,2016-04-15 01:00:00,0,0.147464,0.356931,0
4730,2016-04-15 02:00:00,0,0.147464,0.35692,0
4731,2016-04-15 03:00:00,0,0.147465,0.356893,0
4732,2016-04-15 04:00:00,0,0.147466,0.356873,0
4733,2016-04-15 05:00:00,0,0.147467,0.356862,0
4734,2016-04-15 06:00:00,0,0.147467,0.35686,0
4735,2016-04-15 07:00:00,0,0.147467,0.356859,0
4736,2016-04-15 08:00:00,0,0.147467,0.356857,0
4737,2016-04-15 09:00:00,0,0.147467,0.356846,0
4738,2016-04-15 10:00:00,0,0.147468,0.356832,0
4739,2016-04-15 11:00:00,0,0.147469,0.356817,0
4740,2016-04-15 12:00:00,0,0.14747,0.3568,0
4741,2016-04-15 13:00:00,0,0.147471,0.356775,0
4742,2016-04-15 14:00:00,0,0.147473,0.356719,0
4743,2016-04-15 15:00:00,0,0.147477,0.356629,0
4744,2016-04-15 16:00:00,0,0.147483,0.356504,0
4745,2016-04-15 17:00:00,0,0.14749,0.356354,0
4746,2016-04-15 18:00:00,0,0.147497,0.356178,0
4747,2016-04-15 19:00:00,0,0.147506,0.355982,0
4748,2016-04-15 20:00:00,0,0.147515,0.355787,0
4749,2016-04-15 21:00:00,0,0.147522,0.355611,0
4750,2016-04-15 22:00:00,0,0.147529,0.355462,0
4751,2016-04-15 23:00:00,0,0.147533,0.355378,0
4752,2016-04-16 00:00:00,0,0.147535,0.355333,0
4753,2016-04-16 01:00:00,0,0.147536,0.355309,0
4754,2016-04-16 02:00:00,0,0.147537,0.355283,0
4755,2016-04-16 03:00:00,0,0.147538,0.35525,0
4756,2016-04-16 04:00:00,0,0.147539,0.355223,0
4757,2016-04-16 05:00:00,0,0.147541,0.355194,0
4758,2016-04-16 06:00:00,0,0.147542,0.355163,0
4759,2016-04-16 07:00:00,0,0.147543,0.355133,0
4760,2016-04-16 08:00:00,0,0.147545,0.355106,0
4761,2016-04-16 09:00:00,0,0.147546,0.355079,0
4762,2016-04-16 10:00:00,0,0.147547,0.355052,0
4763,2016-04-16 11:00:00,0,0.147548,0.355023,0
4764,2016-04-16 12:00:00,0,0.14755,0.354989,0
4765,2016-04-16 13:00:00,0,0.147552,0.354938,0
4766,2016-04-16 14:00:00,0,0.147555,0.354861,0
4767,2016-04-16 15:00:00,0,0.14756,0.354752,0
4768,2016-04-16 16:00:00,0,0.147566,0.354611,0
4769,2016-04-16 17:00:00,0,0.147573,0.354443,0
4770,2016-04-16 18:00:00,0,0.147582,0.354249,0
4771,2016-04-16 19:00:00,0,0.147591,0.354041,0
4772,2016-04-16 20:00:00,0,0.1476,0.353831,0
4773,2016-04-16 21:00:00,0,0.147608,0.353636,0
4774,2016-04-16 22:00:00,0,0.147615,0.353466,0
4775,2016-04-16 23:00:00,0,0.14762,0.353355,0
4776,2016-04-17 00:00:00,0,0.147623,0.353276,0
4777,2016-04-17 01:00:00,0,0.147626,0.353218,0
4778,2016-04-17 02:00:00,0,0.147628,0.353167,0
4779,2016-04-17 03:00:00,0,0.14763,0.353123,0
4780,2016-04-17 04:00:00,0,0.147631,0.353086,0
4781,2016-04-17 05:00:00,0,0.147633,0.353054,0
4782,2016-04-17 06:00:00,0,0.147634,0.353025,0
4783,2016-04-17 07:00:00,0,0.147635,0.352999,0
4784,2016-04-17 08:00:00,0,0.147636,0.352975,0
4785,2016-04-17 09:00:00,0,0.147637,0.352954,0
4786,2016-04-17 10:00:00,0,0.147638,0.352934,0
4787,2016-04-17 11:00:00,0,0.147638,0.352918,0
4788,2016-04-17 12:00:00,0,0.147639,0.352912,0
4789,2016-04-17 13:00:00,0,0.147639,0.352907,0
4790,2016-04-17 14:00:00,0,0.14764,0.352884,0
4791,2016-04-17 15:00:00,0,0.147642,0.352834,0
4792,2016-04-17 16:00:00,0,0.147646,0.352748,0
4793,2016-04-17 17:00:00,0,0.14765,0.352636,0
4794,2016-04-17 18:00:00,0,0.147656,0.352498,0
4795,2016-04-17 19:00:00,0,0.147662,0.352346,0
4796,2016-04-17 20:00:00,0,0.147668,0.352209,0
4797,2016-04-17 21:00:00,0,0.147673,0.3521,0
4798,2016-04-17 22:00:00,0,0.147676,0.352024,0
4799,2016-04-17 23:00:00,0,0.147677,0.352006,0
4800,2016-04-18 00:00:00,0,0.147677,0.351993,0
4801,2016-04-18 01:00:00,0,0.147678,0.351979,0
4802,2016-04-18 02:00:00,0,0.147678,0.351964,0
4803,2016-04-18 03:00:00,0,0.14768,0.351932,0
4804,2016-04-18 04:00:00,0,0.147681,0.351893,0
4805,2016-04-18 05:00:00,0,0.147683,0.351859,0
4806,2016-04-18 06:00:00,0,0.147684,0.351827,0
4807,2016-04-18 07:00:00,0,0.147685,0.351797,0
4808,2016-04-18 08:00:00,0,0.147686,0.351772,0
4809,2016-04-18 09:00:00,0,0.147687,0.351749,0
4810,2016-04-18 10:00:00,0,0.147688,0.351726,0
4811,2016-04-18 11:00:00,0,0.147689,0.351706,0
4812,2016-04-18 12:00:00,0,0.147689,0.351696,0
4813,2016-04-18 13:00:00,0,0.14769,0.35169,0
4814,2016-04-18 14:00:00,0,0.147691,0.351667,0
4815,2016-04-18 15:00:00,0,0.147693,0.351617,0
4816,2016-04-18 16:00:00,0,0.147696,0.351531,0
4817,2016-04-18 17:00:00,0,0.147701,0.351418,0
4818,2016-04-18 18:00:00,0,0.147706,0.351283,0
4819,2016-04-18 19:00:00,0,0.147712,0.351134,0
4820,2016-04-18 20:00:00,0,0.147718,0.351009,0
4821,2016-04-18 21:00:00,0,0.147721,0.350925,0
4822,2016-04-18 22:00:00,0,0.147723,0.350869,0
4823,2016-04-18 23:00:00,0,0.147724,0.350842,0
4824,2016-04-19 00:00:00,0,0.147726,0.350813,0
4825,2016-04-19 01:00:00,0,0.147727,0.350772,0
4826,2016-04-19 02:00:00,0,0.147729,0.350726,0
4827,2016-04-19 03:00:00,0,0.147731,0.350684,0
4828,2016-04-19 04:00:00,0,0.147732,0.350648,0
4829,2016-04-19 05:00:00,0,0.147734,0.350616,0
4830,2016-04-19 06:00:00,0,0.147735,0.350589,0
4831,2016-04-19 07:00:00,0,0.147736,0.350567,0
4832,2016-04-19 08:00:00,0,0.147736,0.350547,0
4833,2016-04-19 09:00:00,0,0.147737,0.350532,0
4834,2016-04-19 10:00:00,0,0.147738,0.350514,0
4835,2016-04-19 11:00:00,0,0.147738,0.3505,0
4836,2016-04-19 12:00:00,0,0.147739,0.350487,0
4837,2016-04-19 13:00:00,0,0.14774,0.35046,0
4838,2016-04-19 14:00:00,0,0.147742,0.350414,0
4839,2016-04-19 15:00:00,0,0.147745,0.350334,0
4840,2016-04-19 16:00:00,0,0.14775,0.350215,0
4841,2016-04-19 17:00:00,0,0.147755,0.350087,0
4842,2016-04-19 18:00:00,0,0.147761,0.349941,0
4843,2016-04-19 19:00:00,0,0.147767,0.349787,0
4844,2016-04-19 20:00:00,0,0.147774,0.349614,0
4845,2016-04-19 21:00:00,0,0.147781,0.349437,0
4846,2016-04-19 22:00:00,0,0.147788,0.34927,0
4847,2016-04-19 23:00:00,0,0.147792,0.349149,0
4848,2016-04-20 00:00:00,0,0.147797,0.349043,0
4849,2016-04-20 01:00:00,0,0.1478,0.348954,0
4850,2016-04-20 02:00:00,0,0.147803,0.348873,0
4851,2016-04-20 03:00:00,0,0.147806,0.348799,0
4852,2016-04-20 04:00:00,0,0.147809,0.348734,0
4853,2016-04-20 05:00:00,0,0.147811,0.348678,0
4854,2016-04-20 06:00:00,0,0.147813,0.34863,0
4855,2016-04-20 07:00:00,0,0.147814,0.34859,0
4856,2016-04-20 08:00:00,0,0.147816,0.348552,0
4857,2016-04-20 09:00:00,0,0.147817,0.348519,0
4858,2016-04-20 10:00:00,0,0.147818,0.348485,0
4859,2016-04-20 11:00:00,0,0.14782,0.348448,0
4860,2016-04-20 12:00:00,0,0.147822,0.348405,0
4861,2016-04-20 13:00:00,0,0.147824,0.348342,0
4862,2016-04-20 14:00:00,0,0.147828,0.348252,0
4863,2016-04-20 15:00:00,0,0.147832,0.348135,0
4864,2016-04-20 16:00:00,0,0.147838,0.347992,0
4865,2016-04-20 17:00:00,0,0.147844,0.347832,0
4866,2016-04-20 18:00:00,0,0.147851,0.34766,0
4867,2016-04-20 19:00:00,0,0.147857,0.347493,0
4868,2016-04-20 20:00:00,0,0.147863,0.347333,0
4869,2016-04-20 21:00:00,0,0.147868,0.347202,0
4870,2016-04-20 22:00:00,0,0.147872,0.347105,0
4871,2016-04-20 23:00:00,0,0.147873,0.347077,0
4872,2016-04-21 00:00:00,0,0.147873,0.347065,0
4873,2016-04-21 01:00:00,0,0.147874,0.347059,0
4874,2016-04-21 02:00:00,0,0.147874,0.347053,0
4875,2016-04-21 03:00:00,0,0.147875,0.347032,0
4876,2016-04-21 04:00:00,0,0.147876,0.347009,0
4877,2016-04-21 05:00:00,0,0.147876,0.346989,0
4878,2016-04-21 06:00:00,0,0.147877,0.346972,0
4879,2016-04-21 07:00:00,0,0.147878,0.346957,0
4880,2016-04-21 08:00:00,0,0.147878,0.346945,0
4881,2016-04-21 09:00:00,0,0.147878,0.346934,0
4882,2016-04-21 10:00:00,0,0.147879,0.346924,0
4883,2016-04-21 11:00:00,0,0.147879,0.346917,0
4884,2016-04-21 12:00:00,0,0.147879,0.346912,0
4885,2016-04-21 13:00:00,0,0.147879,0.346908,0
4886,2016-04-21 14:00:00,0,0.14788,0.346894,0
4887,2016-04-21 15:00:00,0,0.147882,0.34685,0
4888,2016-04-21 16:00:00,0,0.147885,0.346768,0
4889,2016-04-21 17:00:00,0,0.14789,0.346629,0
4890,2016-04-21 18:00:00,0,0.147897,0.346439,0
4891,2016-04-21 19:00:00,0,0.147906,0.346207,0
4892,2016-04-21 20:00:00,0,0.147915,0.345969,0
4893,2016-04-21 21:00:00,0,0.147923,0.345751,0
4894,2016-04-21 22:00:00,0,0.14793,0.345563,0
4895,2016-04-21 23:00:00,0,0.147935,0.345442,0
4896,2016-04-22 00:00:00,0,0.147938,0.345349,0
4897,2016-04-22 01:00:00,0,0.147941,0.345277,0
4898,2016-04-22 02:00:00,0,0.147943,0.34522,0
4899,2016-04-22 03:00:00,0,0.147945,0.345175,0
4900,2016-04-22 04:00:00,0,0.147946,0.345137,0
4901,2016-04-22 05:00:00,0,0.147947,0.345108,0
4902,2016-04-22 06:00:00,0,0.147948,0.345082,0
4903,2016-04-22 07:00:00,0,0.147949,0.34506,0
4904,2016-04-22 08:00:00,0,0.147949,0.345044,0
4905,2016-04-22 09:00:00,0,0.14795,0.34503,0
4906,2016-04-22 10:00:00,0,0.14795,0.34502,0
4907,2016-04-22 11:00:00,0,0.14795,0.345018,0
4908,2016-04-22 12:00:00,0,0.14795,0.345018,0
4909,2016-04-22 13:00:00,0,0.14795,0.345017,0
4910,2016-04-22 14:00:00,0,0.147951,0.345007,0
4911,2016-04-22 15:00:00,0,0.147952,0.344969,0
4912,2016-04-22 16:00:00,0,0.147955,0.344896,0
4913,2016-04-22 17:00:00,0,0.147959,0.344786,0
4914,2016-04-22 18:00:00,0,0.147964,0.344637,0
4915,2016-04-22 19:00:00,0,0.147971,0.344445,0
4916,2016-04-22 20:00:00,0,0.147978,0.344254,0
4917,2016-04-22 21:00:00,0,0.147984,0.344094,0
4918,2016-04-22 22:00:00,0,0.147988,0.34398,0
4919,2016-04-22 23:00:00,0,0.14799,0.343938,0
4920,2016-04-23 00:00:00,0,0.147991,0.343914,0
4921,2016-04-23 01:00:00,0,0.147991,0.343905,0
4922,2016-04-23 02:00:00,0,0.147992,0.343895,0.000008
4923,2016-04-23 03:00:00,0,0.147991,0.343899,0.000099
4924,2016-04-23 04:00:00,0,0.147986,0.344052,0.00046
4925,2016-04-23 05:00:00,0,0.147959,0.344791,0.000013
4926,2016-04-23 06:00:00,0,0.147958,0.344815,0.000103
4927,2016-04-23 07:00:00,0,0.147952,0.344984,0.000138
4928,2016-04-23 08:00:00,0,0.147943,0.34521,0.000139
4929,2016-04-23 09:00:00,0,0.147935,0.345439,0.000243
4930,2016-04-23 10:00:00,0,0.14792,0.345833,0.00022
4931,2016-04-23 11:00:00,0,0.147907,0.346189,0.000113
4932,2016-04-23 12:00:00,0,0.1479,0.346376,0
4933,2016-04-23 13:00:00,0,0.1479,0.346375,0
4934,2016-04-23 14:00:00,0,0.1479,0.346374,0.000026
4935,2016-04-23 15:00:00,0,0.147899,0.346403,0.000041
4936,2016-04-23 16:00:00,0,0.147897,0.346436,0
4937,2016-04-23 17:00:00,0,0.1479,0.346378,0
4938,2016-04-23 18:00:00,0,0.147903,0.346282,0
4939,2016-04-23 19:00:00,0,0.147909,0.346137,0
4940,2016-04-23 20:00:00,0,0.147915,0.345976,0
4941,2016-04-23 21:00:00,0,0.147921,0.345805,0
4942,2016-04-23 22:00:00,0,0.147927,0.345655,0
4943,2016-04-23 23:00:00,0,0.147931,0.345549,0
4944,2016-04-24 00:00:00,0,0.147934,0.34545,0
4945,2016-04-24 01:00:00,0,0.147937,0.34537,0
4946,2016-04-24 02:00:00,0,0.147941,0.34528,0
4947,2016-04-24 03:00:00,0,0.147944,0.345181,0
4948,2016-04-24 04:00:00,0,0.147948,0.345088,0
4949,2016-04-24 05:00:00,0,0.147951,0.345006,0
4950,2016-04-24 06:00:00,0,0.147954,0.344931,0
4951,2016-04-24 07:00:00,0,0.147956,0.344869,0
4952,2016-04-24 08:00:00,0,0.147958,0.344817,0
4953,2016-04-24 09:00:00,0,0.147959,0.344774,0
4954,2016-04-24 10:00:00,0,0.147961,0.344737,0
4955,2016-04-24 11:00:00,0,0.147962,0.344704,0
4956,2016-04-24 12:00:00,0,0.147963,0.344672,0
4957,2016-04-24 13:00:00,0,0.147965,0.34463,0
4958,2016-04-24 14:00:00,0,0.147967,0.344573,0
4959,2016-04-24 15:00:00,0,0.14797,0.344495,0
4960,2016-04-24 16:00:00,0,0.147973,0.344392,0
4961,2016-04-24 17:00:00,0,0.147978,0.344267,0
4962,2016-04-24 18:00:00,0,0.147983,0.344121,0
4963,2016-04-24 19:00:00,0,0.147989,0.343962,0
4964,2016-04-24 20:00:00,0,0.147995,0.343802,0
4965,2016-04-24 21:00:00,0,0.148,0.343661,0
4966,2016-04-24 22:00:00,0,0.148004,0.343548,0
4967,2016-04-24 23:00:00,0,0.148005,0.343509,0
4968,2016-04-25 00:00:00,0,0.148006,0.343482,0
4969,2016-04-25 01:00:00,0,0.148007,0.343469,0
4970,2016-04-25 02:00:00,0,0.148007,0.34346,0
4971,2016-04-25 03:00:00,0,0.148008,0.343451,0
4972,2016-04-25 04:00:00,0,0.148008,0.343442,0
4973,2016-04-25 05:00:00,0,0.148008,0.343438,0
4974,2016-04-25 06:00:00,0,0.148008,0.343435,0
4975,2016-04-25 07:00:00,0,0.148008,0.343433,0
4976,2016-04-25 08:00:00,0,0.148008,0.34343,0
4977,2016-04-25 09:00:00,0,0.148008,0.343428,0
4978,2016-04-25 10:00:00,0,0.148008,0.343427,0
4979,2016-04-25 11:00:00,0,0.148008,0.343426,0
4980,2016-04-25 12:00:00,0,0.148009,0.343426,0
4981,2016-04-25 13:00:00,0,0.148008,0.343425,0
4982,2016-04-25 14:00:00,0,0.148009,0.343422,0
4983,2016-04-25 15:00:00,0,0.148009,0.34341,0
4984,2016-04-25 16:00:00,0,0.14801,0.343389,0
4985,2016-04-25 17:00:00,0,0.148011,0.34336,0
4986,2016-04-25 18:00:00,0,0.148012,0.343319,0
4987,2016-04-25 19:00:00,0,0.148015,0.343245,0
4988,2016-04-25 20:00:00,0,0.148018,0.343161,0
4989,2016-04-25 21:00:00,0,0.148021,0.343069,0
4990,2016-04-25 22:00:00,0,0.148024,0.342985,0
4991,2016-04-25 23:00:00,0,0.148025,0.34296,0
4992,2016-04-26 00:00:00,0,0.148026,0.342939,0
4993,2016-04-26 01:00:00,0,0.148027,0.342922,0
4994,2016-04-26 02:00:00,0,0.148027,0.342906,0
4995,2016-04-26 03:00:00,0,0.148028,0.342893,0
4996,2016-04-26 04:00:00,0,0.148028,0.342875,0
4997,2016-04-26 05:00:00,0,0.148028,0.34287,0
4998,2016-04-26 06:00:00,0,0.148029,0.342865,0
4999,2016-04-26 07:00:00,0,0.148029,0.342856,0
5000,2016-04-26 08:00:00,0,0.148029,0.342847,0.000016
5001,2016-04-26 09:00:00,0,0.148029,0.342866,0.000066
5002,2016-04-26 10:00:00,0,0.148025,0.342968,0.000124
5003,2016-04-26 11:00:00,0,0.148018,0.343155,0.000024
5004,2016-04-26 12:00:00,0,0.148018,0.343168,0
5005,2016-04-26 13:00:00,0,0.148019,0.343136,0
5006,2016-04-26 14:00:00,0,0.14802,0.343103,0.000072
5007,2016-04-26 15:00:00,0,0.148017,0.343192,0
5008,2016-04-26 16:00:00,0,0.148018,0.343156,0.000465
5009,2016-04-26 17:00:00,0,0.147992,0.343874,0.000473
5010,2016-04-26 18:00:00,0,0.147966,0.344603,0
5011,2016-04-26 19:00:00,0,0.147967,0.344576,0
5012,2016-04-26 20:00:00,0,0.147968,0.344548,0
5013,2016-04-26 21:00:00,0,0.147969,0.34452,0
5014,2016-04-26 22:00:00,0,0.14797,0.344482,0
5015,2016-04-26 23:00:00,0,0.147971,0.344464,0
5016,2016-04-27 00:00:00,0,0.147971,0.344449,0
5017,2016-04-27 01:00:00,0,0.147972,0.344434,0
5018,2016-04-27 02:00:00,0,0.147972,0.344422,0
5019,2016-04-27 03:00:00,0,0.147973,0.344409,0
5020,2016-04-27 04:00:00,0,0.147973,0.344399,0
5021,2016-04-27 05:00:00,0,0.147974,0.344389,0
5022,2016-04-27 06:00:00,0,0.147974,0.344381,0
5023,2016-04-27 07:00:00,0,0.147974,0.344375,0
5024,2016-04-27 08:00:00,0,0.147974,0.344371,0
5025,2016-04-27 09:00:00,0,0.147974,0.344363,0
5026,2016-04-27 10:00:00,0,0.147975,0.344356,0
5027,2016-04-27 11:00:00,0,0.147975,0.344354,0
5028,2016-04-27 12:00:00,0,0.147975,0.344355,0
5029,2016-04-27 13:00:00,0,0.147975,0.344355,0
5030,2016-04-27 14:00:00,0,0.147975,0.344346,0
5031,2016-04-27 15:00:00,0,0.147976,0.344314,0
5032,2016-04-27 16:00:00,0,0.147978,0.344264,0
5033,2016-04-27 17:00:00,0,0.14798,0.344208,0
5034,2016-04-27 18:00:00,0,0.147983,0.344131,0
5035,2016-04-27 19:00:00,0,0.147987,0.34402,0
5036,2016-04-27 20:00:00,0,0.147992,0.343891,0
5037,2016-04-27 21:00:00,0,0.147996,0.343772,0
5038,2016-04-27 22:00:00,0,0.148,0.343668,0
5039,2016-04-27 23:00:00,0,0.148002,0.343611,0
5040,2016-04-28 00:00:00,0,0.148004,0.343563,0
5041,2016-04-28 01:00:00,0,0.148005,0.343532,0
5042,2016-04-28 02:00:00,0,0.148006,0.343507,0
5043,2016-04-28 03:00:00,0,0.148006,0.343487,0
5044,2016-04-28 04:00:00,0,0.148007,0.343471,0
5045,2016-04-28 05:00:00,0,0.148007,0.343461,0
5046,2016-04-28 06:00:00,0,0.148007,0.343453,0
5047,2016-04-28 07:00:00,0,0.148008,0.343436,0
5048,2016-04-28 08:00:00,0,0.148009,0.343417,0
5049,2016-04-28 09:00:00,0,0.14801,0.343397,0
5050,2016-04-28 10:00:00,0,0.14801,0.343375,0
5051,2016-04-28 11:00:00,0,0.148011,0.343357,0
5052,2016-04-28 12:00:00,0,0.148011,0.343343,0
5053,2016-04-28 13:00:00,0,0.148012,0.343333,0
5054,2016-04-28 14:00:00,0,0.148013,0.343307,0
5055,2016-04-28 15:00:00,0,0.148014,0.343265,0
5056,2016-04-28 16:00:00,0,0.148016,0.343209,0
5057,2016-04-28 17:00:00,0,0.148019,0.343147,0
5058,2016-04-28 18:00:00,0,0.148021,0.343083,0
5059,2016-04-28 19:00:00,0,0.148023,0.343019,0
5060,2016-04-28 20:00:00,0,0.148026,0.342945,0
5061,2016-04-28 21:00:00,0,0.148028,0.342868,0
5062,2016-04-28 22:00:00,0,0.148032,0.342782,0
5063,2016-04-28 23:00:00,0,0.148033,0.342735,0
5064,2016-04-29 00:00:00,0,0.148035,0.342696,0
5065,2016-04-29 01:00:00,0,0.148036,0.342665,0
5066,2016-04-29 02:00:00,0,0.148036,0.342655,0
5067,2016-04-29 03:00:00,0,0.148036,0.342648,0
5068,2016-04-29 04:00:00,0,0.148036,0.342644,0
5069,2016-04-29 05:00:00,0,0.148037,0.34264,0
5070,2016-04-29 06:00:00,0,0.148037,0.342636,0
5071,2016-04-29 07:00:00,0,0.148037,0.342632,0.000005
5072,2016-04-29 08:00:00,0,0.148037,0.342636,0
5073,2016-04-29 09:00:00,0,0.148037,0.342631,0
5074,2016-04-29 10:00:00,0,0.148037,0.342621,0
5075,2016-04-29 11:00:00,0,0.148038,0.34261,0
5076,2016-04-29 12:00:00,0,0.148038,0.342597,0
5077,2016-04-29 13:00:00,0,0.148039,0.342579,0
5078,2016-04-29 14:00:00,0,0.14804,0.342547,0
5079,2016-04-29 15:00:00,0,0.148042,0.34249,0
5080,2016-04-29 16:00:00,0,0.148045,0.342404,0
5081,2016-04-29 17:00:00,0,0.148049,0.342297,0
5082,2016-04-29 18:00:00,0,0.148053,0.342172,0
5083,2016-04-29 19:00:00,0,0.148058,0.342041,0
5084,2016-04-29 20:00:00,0,0.148062,0.341909,0
5085,2016-04-29 21:00:00,0,0.148066,0.341797,0
5086,2016-04-29 22:00:00,0,0.148069,0.34171,0
5087,2016-04-29 23:00:00,0,0.14807,0.341682,0
5088,2016-04-30 00:00:00,0,0.148071,0.341661,0
5089,2016-04-30 01:00:00,0,0.148072,0.341629,0
5090,2016-04-30 02:00:00,0,0.148073,0.341603,0
5091,2016-04-30 03:00:00,0,0.148074,0.341578,0
5092,2016-04-30 04:00:00,0,0.148075,0.341557,0
5093,2016-04-30 05:00:00,0,0.148075,0.341541,0
5094,2016-04-30 06:00:00,0,0.148076,0.341535,0
5095,2016-04-30 07:00:00,0,0.148076,0.341531,0
5096,2016-04-30 08:00:00,0,0.148076,0.341526,0
5097,2016-04-30 09:00:00,0,0.148076,0.341518,0
5098,2016-04-30 10:00:00,0,0.148077,0.341503,0
5099,2016-04-30 11:00:00,0,0.148077,0.341491,0
5100,2016-04-30 12:00:00,0,0.148077,0.341488,0
5101,2016-04-30 13:00:00,0,0.148077,0.341485,0
5102,2016-04-30 14:00:00,0,0.148078,0.34147,0
5103,2016-04-30 15:00:00,0,0.148079,0.341439,0
5104,2016-04-30 16:00:00,0,0.148081,0.34138,0
5105,2016-04-30 17:00:00,0,0.148083,0.341307,0
5106,2016-04-30 18:00:00,0,0.148086,0.341225,0
5107,2016-04-30 19:00:00,0,0.148089,0.341139,0
5108,2016-04-30 20:00:00,0,0.148093,0.341046,0
5109,2016-04-30 21:00:00,0,0.148096,0.340954,0
5110,2016-04-30 22:00:00,0,0.148099,0.34087,0
5111,2016-04-30 23:00:00,0,0.1481,0.340842,0
5112,2016-05-01 00:00:00,0,0.148101,0.340798,0
5113,2016-05-01 01:00:00,0,0.148102,0.340757,0
5114,2016-05-01 02:00:00,0,0.148104,0.340728,0
5115,2016-05-01 03:00:00,0,0.148104,0.340703,0
5116,2016-05-01 04:00:00,0,0.148105,0.340685,0
5117,2016-05-01 05:00:00,0,0.148105,0.34067,0
5118,2016-05-01 06:00:00,0,0.148106,0.340658,0
5119,2016-05-01 07:00:00,0,0.148106,0.340646,0
5120,2016-05-01 08:00:00,0,0.148107,0.340639,0
5121,2016-05-01 09:00:00,0,0.148107,0.340637,0
5122,2016-05-01 10:00:00,0,0.148107,0.340634,0
5123,2016-05-01 11:00:00,0,0.148107,0.340632,0
5124,2016-05-01 12:00:00,0,0.148107,0.340631,0
5125,2016-05-01 13:00:00,0,0.148107,0.340628,0
5126,2016-05-01 14:00:00,0,0.148107,0.340614,0
5127,2016-05-01 15:00:00,0,0.148109,0.340581,0.000001
5128,2016-05-01 16:00:00,0,0.14811,0.340535,0
5129,2016-05-01 17:00:00,0,0.148112,0.340468,0
5130,2016-05-01 18:00:00,0,0.148115,0.340384,0
5131,2016-05-01 19:00:00,0,0.148118,0.340294,0
5132,2016-05-01 20:00:00,0,0.148121,0.340209,0
5133,2016-05-01 21:00:00,0,0.148124,0.340137,0.000032
5134,2016-05-01 22:00:00,0,0.148123,0.340147,0.000029
5135,2016-05-01 23:00:00,0,0.148123,0.34017,0.000016
5136,2016-05-02 00:00:00,0,0.148122,0.340179,0.000262
5137,2016-05-02 01:00:00,0,0.148108,0.340592,0.000222
5138,2016-05-02 02:00:00,0,0.148096,0.340944,0
5139,2016-05-02 03:00:00,0,0.148096,0.340938,0
5140,2016-05-02 04:00:00,0,0.148096,0.340933,0
5141,2016-05-02 05:00:00,0,0.148097,0.340928,0
5142,2016-05-02 06:00:00,0,0.148097,0.340925,0
5143,2016-05-02 07:00:00,0,0.148097,0.340922,0
5144,2016-05-02 08:00:00,0,0.148097,0.34092,0
5145,2016-05-02 09:00:00,0,0.148097,0.340919,0
5146,2016-05-02 10:00:00,0,0.148097,0.340918,0
5147,2016-05-02 11:00:00,0,0.148097,0.340918,0
5148,2016-05-02 12:00:00,0,0.148097,0.34092,0
5149,2016-05-02 13:00:00,0,0.148097,0.340923,0
5150,2016-05-02 14:00:00,0,0.148097,0.340924,0.000015
5151,2016-05-02 15:00:00,0,0.148096,0.340947,0.000023
5152,2016-05-02 16:00:00,0,0.148095,0.340983,0.001665
5153,2016-05-02 17:00:00,0,0.148002,0.343608,0.000415
5154,2016-05-02 18:00:00,0,0.147978,0.344266,0
5155,2016-05-02 19:00:00,0,0.147979,0.34425,0
5156,2016-05-02 20:00:00,0,0.147979,0.344228,0
5157,2016-05-02 21:00:00,0,0.147981,0.344198,0
5158,2016-05-02 22:00:00,0,0.147982,0.344166,0
5159,2016-05-02 23:00:00,0,0.147982,0.344162,0
5160,2016-05-03 00:00:00,0,0.147982,0.344157,0
5161,2016-05-03 01:00:00,0,0.147982,0.344153,0
5162,2016-05-03 02:00:00,0,0.147982,0.344153,0
5163,2016-05-03 03:00:00,0,0.147982,0.344151,0
5164,2016-05-03 04:00:00,0,0.147982,0.34415,0
5165,2016-05-03 05:00:00,0,0.147982,0.344146,0
5166,2016-05-03 06:00:00,0,0.147982,0.344148,0
5167,2016-05-03 07:00:00,0,0.147982,0.344149,0
5168,2016-05-03 08:00:00,0,0.147982,0.34415,0.000044
5169,2016-05-03 09:00:00,0,0.14798,0.344221,0.000241
5170,2016-05-03 10:00:00,0,0.147965,0.344609,0.000554
5171,2016-05-03 11:00:00,0,0.147933,0.345496,0.000222
5172,2016-05-03 12:00:00,0,0.147919,0.345853,0.000321
5173,2016-05-03 13:00:00,0,0.1479,0.346369,0.000302
5174,2016-05-03 14:00:00,0,0.147881,0.346856,0.000404
5175,2016-05-03 15:00:00,0,0.147857,0.347499,0.000142
5176,2016-05-03 16:00:00,0,0.147848,0.347722,0.000074
5177,2016-05-03 17:00:00,0,0.147844,0.347834,0
5178,2016-05-03 18:00:00,0,0.147844,0.347822,0.000008
5179,2016-05-03 19:00:00,0,0.147844,0.34782,0
5180,2016-05-03 20:00:00,0,0.147845,0.347804,0
5181,2016-05-03 21:00:00,0,0.147846,0.347786,0.000007
5182,2016-05-03 22:00:00,0,0.147846,0.347779,0
5183,2016-05-03 23:00:00,0,0.147846,0.347771,0
5184,2016-05-04 00:00:00,0,0.147846,0.347765,0
5185,2016-05-04 01:00:00,0,0.147847,0.347761,0
5186,2016-05-04 02:00:00,0,0.147847,0.347757,0
5187,2016-05-04 03:00:00,0,0.147847,0.347751,0
5188,2016-05-04 04:00:00,0,0.147847,0.347746,0
5189,2016-05-04 05:00:00,0,0.147847,0.34774,0
5190,2016-05-04 06:00:00,0,0.147848,0.347732,0
5191,2016-05-04 07:00:00,0,0.147848,0.347722,0
5192,2016-05-04 08:00:00,0,0.147848,0.347713,0
5193,2016-05-04 09:00:00,0,0.147849,0.347705,0
5194,2016-05-04 10:00:00,0,0.147849,0.347694,0
5195,2016-05-04 11:00:00,0,0.14785,0.347684,0
5196,2016-05-04 12:00:00,0,0.14785,0.347675,0
5197,2016-05-04 13:00:00,0,0.14785,0.347666,0
5198,2016-05-04 14:00:00,0,0.147851,0.347652,0
5199,2016-05-04 15:00:00,0,0.147852,0.347632,0
5200,2016-05-04 16:00:00,0,0.147853,0.347608,0
5201,2016-05-04 17:00:00,0,0.147854,0.347578,0
5202,2016-05-04 18:00:00,0,0.147855,0.347541,0.000077
5203,2016-05-04 19:00:00,0,0.147852,0.347634,0.000272
5204,2016-05-04 20:00:00,0,0.147836,0.348045,0.000134
5205,2016-05-04 21:00:00,0,0.147828,0.348235,0
5206,2016-05-04 22:00:00,0,0.147829,0.34821,0
5207,2016-05-04 23:00:00,0,0.14783,0.348191,0.000385
5208,2016-05-05 00:00:00,0,0.147806,0.348791,0.000948
5209,2016-05-05 01:00:00,0,0.147747,0.350273,0.000483
5210,2016-05-05 02:00:00,0,0.147717,0.351026,0.000492
5211,2016-05-05 03:00:00,0,0.147685,0.351795,0.000026
5212,2016-05-05 04:00:00,0,0.147684,0.351829,0
5213,2016-05-05 05:00:00,0,0.147684,0.351824,0
5214,2016-05-05 06:00:00,0,0.147684,0.351821,0
5215,2016-05-05 07:00:00,0,0.147684,0.351816,0
5216,2016-05-05 08:00:00,0,0.147685,0.351813,0
5217,2016-05-05 09:00:00,0,0.147685,0.351809,0
5218,2016-05-05 10:00:00,0,0.147685,0.351805,0
5219,2016-05-05 11:00:00,0,0.147685,0.3518,0
5220,2016-05-05 12:00:00,0,0.147685,0.351795,0
5221,2016-05-05 13:00:00,0,0.147686,0.35179,0
5222,2016-05-05 14:00:00,0,0.147686,0.351783,0
5223,2016-05-05 15:00:00,0,0.147686,0.351771,0
5224,2016-05-05 16:00:00,0,0.147687,0.35175,0
5225,2016-05-05 17:00:00,0,0.147688,0.351718,0
5226,2016-05-05 18:00:00,0,0.14769,0.351672,0
5227,2016-05-05 19:00:00,0,0.147692,0.351627,0
5228,2016-05-05 20:00:00,0,0.147694,0.351581,0
5229,2016-05-05 21:00:00,0,0.147696,0.351538,0
5230,2016-05-05 22:00:00,0,0.147697,0.351505,0
5231,2016-05-05 23:00:00,0,0.147698,0.351489,0
5232,2016-05-06 00:00:00,0,0.147698,0.351475,0
5233,2016-05-06 01:00:00,0,0.147699,0.351463,0.000247
5234,2016-05-06 02:00:00,0,0.147683,0.351847,0.000592
5235,2016-05-06 03:00:00,0,0.147645,0.352773,0.000164
5236,2016-05-06 04:00:00,0,0.147634,0.353028,0
5237,2016-05-06 05:00:00,0,0.147634,0.353022,0
5238,2016-05-06 06:00:00,0,0.147634,0.353016,0
5239,2016-05-06 07:00:00,0,0.147635,0.353011,0
5240,2016-05-06 08:00:00,0,0.147635,0.353005,0
5241,2016-05-06 09:00:00,0,0.147635,0.353,0
5242,2016-05-06 10:00:00,0,0.147635,0.352994,0
5243,2016-05-06 11:00:00,0,0.147635,0.352988,0
5244,2016-05-06 12:00:00,0,0.147636,0.352983,0.000009
5245,2016-05-06 13:00:00,0,0.147635,0.352991,0
5246,2016-05-06 14:00:00,0,0.147636,0.352982,0
5247,2016-05-06 15:00:00,0,0.147636,0.352968,0
5248,2016-05-06 16:00:00,0,0.147637,0.352945,0
5249,2016-05-06 17:00:00,0,0.147639,0.352909,0
5250,2016-05-06 18:00:00,0,0.147641,0.352863,0
5251,2016-05-06 19:00:00,0,0.147643,0.352817,0.000052
5252,2016-05-06 20:00:00,0,0.14764,0.352875,0.000064
5253,2016-05-06 21:00:00,0,0.147637,0.352958,0.000048
5254,2016-05-06 22:00:00,0,0.147634,0.353013,0.000166
5255,2016-05-06 23:00:00,0,0.147624,0.353266,0.000179
5256,2016-05-07 00:00:00,0,0.147612,0.353543,0.000055
5257,2016-05-07 01:00:00,0,0.147609,0.353621,0.000035
5258,2016-05-07 02:00:00,0,0.147606,0.353672,0.000502
5259,2016-05-07 03:00:00,0,0.147573,0.354453,0.000024
5260,2016-05-07 04:00:00,0,0.147571,0.354488,0
5261,2016-05-07 05:00:00,0,0.147571,0.354486,0
5262,2016-05-07 06:00:00,0,0.147572,0.354485,0
5263,2016-05-07 07:00:00,0,0.147572,0.354483,0
5264,2016-05-07 08:00:00,0,0.147572,0.354482,0
5265,2016-05-07 09:00:00,0,0.147572,0.354481,0
5266,2016-05-07 10:00:00,0,0.147572,0.354479,0
5267,2016-05-07 11:00:00,0,0.147572,0.354478,0
5268,2016-05-07 12:00:00,0,0.147572,0.354478,0.000133
5269,2016-05-07 13:00:00,0,0.147563,0.354688,0.000304
5270,2016-05-07 14:00:00,0,0.147542,0.355163,0
5271,2016-05-07 15:00:00,0,0.147542,0.355159,0.000326
5272,2016-05-07 16:00:00,0,0.14752,0.35566,0.000011
5273,2016-05-07 17:00:00,0,0.14752,0.355661,0
5274,2016-05-07 18:00:00,0,0.147522,0.355627,0
5275,2016-05-07 19:00:00,0,0.147524,0.355565,0
5276,2016-05-07 20:00:00,0,0.147527,0.355497,0
5277,2016-05-07 21:00:00,0,0.14753,0.355436,0
5278,2016-05-07 22:00:00,0,0.147532,0.355396,0
5279,2016-05-07 23:00:00,0,0.147532,0.355386,0
5280,2016-05-08 00:00:00,0,0.147533,0.355378,0
5281,2016-05-08 01:00:00,0,0.147533,0.355377,0
5282,2016-05-08 02:00:00,0,0.147533,0.355378,0
5283,2016-05-08 03:00:00,0,0.147533,0.355381,0
5284,2016-05-08 04:00:00,0,0.147532,0.355386,0
5285,2016-05-08 05:00:00,0,0.147532,0.355391,0
5286,2016-05-08 06:00:00,0,0.147532,0.355397,0
5287,2016-05-08 07:00:00,0,0.147532,0.355403,0
5288,2016-05-08 08:00:00,0,0.147531,0.355409,0
5289,2016-05-08 09:00:00,0,0.147531,0.355415,0
5290,2016-05-08 10:00:00,0,0.147531,0.355417,0
5291,2016-05-08 11:00:00,0,0.147531,0.355417,0
5292,2016-05-08 12:00:00,0,0.147531,0.355421,0
5293,2016-05-08 13:00:00,0,0.147531,0.355419,0
5294,2016-05-08 14:00:00,0,0.147531,0.355413,0.000523
5295,2016-05-08 15:00:00,0,0.147495,0.35622,0.000173
5296,2016-05-08 16:00:00,0,0.147484,0.356483,0.000037
5297,2016-05-08 17:00:00,0,0.147482,0.356529,0
5298,2016-05-08 18:00:00,0,0.147482,0.356517,0.00001
5299,2016-05-08 19:00:00,0,0.147483,0.356502,0.000082
5300,2016-05-08 20:00:00,0,0.14748,0.356571,0
5301,2016-05-08 21:00:00,0,0.147487,0.356416,0
5302,2016-05-08 22:00:00,0,0.147493,0.356267,0
5303,2016-05-08 23:00:00,0,0.147499,0.356147,0
5304,2016-05-09 00:00:00,0,0.147503,0.356043,0
5305,2016-05-09 01:00:00,0,0.147507,0.355959,0
5306,2016-05-09 02:00:00,0,0.14751,0.355889,0
5307,2016-05-09 03:00:00,0,0.147513,0.355835,0
5308,2016-05-09 04:00:00,0,0.147514,0.355793,0
5309,2016-05-09 05:00:00,0,0.147516,0.35576,0
5310,2016-05-09 06:00:00,0,0.147517,0.355732,0
5311,2016-05-09 07:00:00,0,0.147518,0.355709,0
5312,2016-05-09 08:00:00,0,0.147519,0.355688,0
5313,2016-05-09 09:00:00,0,0.14752,0.355668,0
5314,2016-05-09 10:00:00,0,0.147521,0.355649,0
5315,2016-05-09 11:00:00,0,0.147522,0.355631,0
5316,2016-05-09 12:00:00,0,0.147522,0.355614,0
5317,2016-05-09 13:00:00,0,0.147523,0.355588,0
5318,2016-05-09 14:00:00,0,0.147525,0.355544,0
5319,2016-05-09 15:00:00,0,0.147528,0.355473,0
5320,2016-05-09 16:00:00,0,0.147533,0.355361,0
5321,2016-05-09 17:00:00,0,0.14754,0.355215,0
5322,2016-05-09 18:00:00,0,0.147547,0.355043,0
5323,2016-05-09 19:00:00,0,0.147555,0.354862,0
5324,2016-05-09 20:00:00,0,0.147563,0.354679,0
5325,2016-05-09 21:00:00,0,0.147571,0.354506,0
5326,2016-05-09 22:00:00,0,0.147577,0.354355,0
5327,2016-05-09 23:00:00,0,0.147582,0.354253,0
5328,2016-05-10 00:00:00,0,0.147585,0.354177,0
5329,2016-05-10 01:00:00,0,0.147587,0.354121,0
5330,2016-05-10 02:00:00,0,0.147589,0.354071,0
5331,2016-05-10 03:00:00,0,0.147591,0.354022,0
5332,2016-05-10 04:00:00,0,0.147593,0.353977,0
5333,2016-05-10 05:00:00,0,0.147595,0.353937,0
5334,2016-05-10 06:00:00,0,0.147597,0.353902,0
5335,2016-05-10 07:00:00,0,0.147598,0.353871,0
5336,2016-05-10 08:00:00,0,0.147599,0.353846,0
5337,2016-05-10 09:00:00,0,0.1476,0.353826,0
5338,2016-05-10 10:00:00,0,0.147601,0.353809,0
5339,2016-05-10 11:00:00,0,0.147601,0.353803,0
5340,2016-05-10 12:00:00,0,0.147601,0.3538,0
5341,2016-05-10 13:00:00,0,0.147601,0.353795,0
5342,2016-05-10 14:00:00,0,0.147602,0.353778,0
5343,2016-05-10 15:00:00,0,0.147604,0.353733,0
5344,2016-05-10 16:00:00,0,0.147607,0.353664,0
5345,2016-05-10 17:00:00,0,0.14761,0.353581,0
5346,2016-05-10 18:00:00,0,0.147615,0.353482,0
5347,2016-05-10 19:00:00,0,0.14762,0.353363,0
5348,2016-05-10 20:00:00,0,0.147625,0.353228,0
5349,2016-05-10 21:00:00,0,0.147631,0.353093,0
5350,2016-05-10 22:00:00,0,0.147636,0.35297,0
5351,2016-05-10 23:00:00,0,0.147639,0.352902,0
5352,2016-05-11 00:00:00,0,0.147641,0.352867,0
5353,2016-05-11 01:00:00,0,0.147642,0.352841,0
5354,2016-05-11 02:00:00,0,0.147643,0.352818,0
5355,2016-05-11 03:00:00,0,0.147644,0.352788,0
5356,2016-05-11 04:00:00,0,0.147645,0.352761,0
5357,2016-05-11 05:00:00,0,0.147646,0.352736,0
5358,2016-05-11 06:00:00,0,0.147647,0.352714,0
5359,2016-05-11 07:00:00,0,0.147648,0.352691,0
5360,2016-05-11 08:00:00,0,0.147649,0.352671,0
5361,2016-05-11 09:00:00,0,0.14765,0.352653,0
5362,2016-05-11 10:00:00,0,0.14765,0.352636,0
5363,2016-05-11 11:00:00,0,0.147651,0.352625,0
5364,2016-05-11 12:00:00,0,0.147651,0.352623,0
5365,2016-05-11 13:00:00,0,0.147651,0.352621,0
5366,2016-05-11 14:00:00,0,0.147651,0.352608,0
5367,2016-05-11 15:00:00,0,0.147653,0.352567,0
5368,2016-05-11 16:00:00,0,0.147656,0.352509,0
5369,2016-05-11 17:00:00,0,0.147658,0.35245,0
5370,2016-05-11 18:00:00,0,0.147661,0.352379,0
5371,2016-05-11 19:00:00,0,0.147665,0.35229,0
5372,2016-05-11 20:00:00,0,0.147669,0.352194,0
5373,2016-05-11 21:00:00,0,0.147672,0.352107,0
5374,2016-05-11 22:00:00,0,0.147675,0.352053,0
5375,2016-05-11 23:00:00,0,0.147675,0.352034,0
5376,2016-05-12 00:00:00,0,0.147676,0.352017,0
5377,2016-05-12 01:00:00,0,0.147676,0.352008,0
5378,2016-05-12 02:00:00,0,0.147677,0.351999,0
5379,2016-05-12 03:00:00,0,0.147677,0.351991,0
5380,2016-05-12 04:00:00,0,0.147677,0.351983,0
5381,2016-05-12 05:00:00,0,0.147678,0.351978,0
5382,2016-05-12 06:00:00,0,0.147678,0.351972,0
5383,2016-05-12 07:00:00,0,0.147678,0.351963,0
5384,2016-05-12 08:00:00,0,0.147679,0.351956,0
5385,2016-05-12 09:00:00,0,0.147679,0.351948,0
5386,2016-05-12 10:00:00,0,0.147679,0.35194,0
5387,2016-05-12 11:00:00,0,0.14768,0.351934,0
5388,2016-05-12 12:00:00,0,0.14768,0.351929,0
5389,2016-05-12 13:00:00,0,0.14768,0.351922,0
5390,2016-05-12 14:00:00,0,0.147681,0.351906,0
5391,2016-05-12 15:00:00,0,0.147683,0.351862,0
5392,2016-05-12 16:00:00,0,0.147685,0.351799,0
5393,2016-05-12 17:00:00,0,0.147688,0.351725,0
5394,2016-05-12 18:00:00,0,0.147692,0.351632,0
5395,2016-05-12 19:00:00,0,0.147697,0.351511,0
5396,2016-05-12 20:00:00,0,0.147702,0.351395,0
5397,2016-05-12 21:00:00,0,0.147706,0.351299,0
5398,2016-05-12 22:00:00,0,0.147708,0.351237,0
5399,2016-05-12 23:00:00,0,0.147709,0.351211,0
5400,2016-05-13 00:00:00,0,0.147711,0.351182,0
5401,2016-05-13 01:00:00,0,0.147711,0.351158,0
5402,2016-05-13 02:00:00,0,0.147712,0.351142,0
5403,2016-05-13 03:00:00,0,0.147713,0.351132,0
5404,2016-05-13 04:00:00,0,0.147713,0.351117,0
5405,2016-05-13 05:00:00,0,0.147714,0.351104,0
5406,2016-05-13 06:00:00,0,0.147714,0.351096,0
5407,2016-05-13 07:00:00,0,0.147714,0.351089,0
5408,2016-05-13 08:00:00,0,0.147714,0.351087,0
5409,2016-05-13 09:00:00,0,0.147714,0.351089,0
5410,2016-05-13 10:00:00,0,0.147714,0.351091,0
5411,2016-05-13 11:00:00,0,0.147714,0.351094,0
5412,2016-05-13 12:00:00,0,0.147714,0.351099,0
5413,2016-05-13 13:00:00,0,0.147714,0.351101,0
5414,2016-05-13 14:00:00,0,0.147714,0.351099,0
5415,2016-05-13 15:00:00,0,0.147715,0.35108,0
5416,2016-05-13 16:00:00,0,0.147716,0.351041,0
5417,2016-05-13 17:00:00,0,0.147719,0.35098,0
5418,2016-05-13 18:00:00,0,0.147722,0.350903,0
5419,2016-05-13 19:00:00,0,0.147725,0.350835,0
5420,2016-05-13 20:00:00,0,0.147727,0.350771,0
5421,2016-05-13 21:00:00,0,0.147729,0.350718,0
5422,2016-05-13 22:00:00,0,0.147731,0.35067,0.000191
5423,2016-05-13 23:00:00,0,0.147719,0.350964,0.000356
5424,2016-05-14 00:00:00,0,0.147697,0.351521,0.000191
5425,2016-05-14 01:00:00,0,0.147684,0.35182,0.00022
5426,2016-05-14 02:00:00,0,0.14767,0.352169,0.000028
5427,2016-05-14 03:00:00,0,0.147668,0.352212,0.000152
5428,2016-05-14 04:00:00,0,0.147658,0.352454,0.000093
5429,2016-05-14 05:00:00,0,0.147652,0.352603,0
5430,2016-05-14 06:00:00,0,0.147652,0.352605,0
5431,2016-05-14 07:00:00,0,0.147651,0.352605,0
5432,2016-05-14 08:00:00,0,0.147652,0.352605,0
5433,2016-05-14 09:00:00,0,0.147652,0.352603,0
5434,2016-05-14 10:00:00,0,0.147652,0.3526,0
5435,2016-05-14 11:00:00,0,0.147652,0.352596,0
5436,2016-05-14 12:00:00,0,0.147652,0.352596,0
5437,2016-05-14 13:00:00,0,0.147652,0.3526,0
5438,2016-05-14 14:00:00,0,0.147652,0.352603,0
5439,2016-05-14 15:00:00,0,0.147652,0.352601,0
5440,2016-05-14 16:00:00,0,0.147653,0.352583,0
5441,2016-05-14 17:00:00,0,0.147657,0.352479,0
5442,2016-05-14 18:00:00,0,0.147663,0.352334,0
5443,2016-05-14 19:00:00,0,0.147671,0.35215,0
5444,2016-05-14 20:00:00,0,0.147678,0.351963,0
5445,2016-05-14 21:00:00,0,0.147685,0.351804,0
5446,2016-05-14 22:00:00,0,0.14769,0.351674,0
5447,2016-05-14 23:00:00,0,0.147693,0.351602,0
5448,2016-05-15 00:00:00,0,0.147696,0.351547,0
5449,2016-05-15 01:00:00,0,0.147697,0.351507,0
5450,2016-05-15 02:00:00,0,0.147698,0.35148,0.000016
5451,2016-05-15 03:00:00,0,0.147698,0.351481,0.000016
5452,2016-05-15 04:00:00,0,0.147698,0.351489,0.000016
5453,2016-05-15 05:00:00,0,0.147697,0.351503,0.000016
5454,2016-05-15 06:00:00,0,0.147697,0.351517,0
5455,2016-05-15 07:00:00,0,0.147697,0.351502,0
5456,2016-05-15 08:00:00,0,0.147699,0.351469,0
5457,2016-05-15 09:00:00,0,0.1477,0.351431,0
5458,2016-05-15 10:00:00,0,0.147702,0.351395,0
5459,2016-05-15 11:00:00,0,0.147703,0.351359,0
5460,2016-05-15 12:00:00,0,0.147705,0.35132,0
5461,2016-05-15 13:00:00,0,0.147707,0.35127,0
5462,2016-05-15 14:00:00,0,0.14771,0.351195,0
5463,2016-05-15 15:00:00,0,0.147714,0.351088,0
5464,2016-05-15 16:00:00,0,0.147719,0.350967,0
5465,2016-05-15 17:00:00,0,0.147725,0.350829,0
5466,2016-05-15 18:00:00,0,0.147731,0.350688,0
5467,2016-05-15 19:00:00,0,0.147736,0.350548,0
5468,2016-05-15 20:00:00,0,0.147742,0.35041,0
5469,2016-05-15 21:00:00,0,0.147747,0.350277,0
5470,2016-05-15 22:00:00,0,0.147752,0.35016,0
5471,2016-05-15 23:00:00,0,0.147756,0.350072,0
5472,2016-05-16 00:00:00,0,0.147759,0.349992,0
5473,2016-05-16 01:00:00,0,0.147761,0.349925,0
5474,2016-05-16 02:00:00,0,0.147764,0.349866,0
5475,2016-05-16 03:00:00,0,0.147766,0.349815,0
5476,2016-05-16 04:00:00,0,0.147768,0.349769,0
5477,2016-05-16 05:00:00,0,0.147769,0.349725,0
5478,2016-05-16 06:00:00,0,0.147771,0.349681,0
5479,2016-05-16 07:00:00,0,0.147773,0.34964,0
5480,2016-05-16 08:00:00,0,0.147774,0.3496,0
5481,2016-05-16 09:00:00,0,0.147776,0.349555,0
5482,2016-05-16 10:00:00,0,0.147778,0.349511,0
5483,2016-05-16 11:00:00,0,0.14778,0.349466,0
5484,2016-05-16 12:00:00,0,0.147782,0.349419,0
5485,2016-05-16 13:00:00,0,0.147784,0.349358,0
5486,2016-05-16 14:00:00,0,0.147787,0.349287,0
5487,2016-05-16 15:00:00,0,0.14779,0.349202,0
5488,2016-05-16 16:00:00,0,0.147794,0.349105,0
5489,2016-05-16 17:00:00,0,0.147798,0.348994,0
5490,2016-05-16 18:00:00,0,0.147803,0.348868,0
5491,2016-05-16 19:00:00,0,0.147809,0.348728,0
5492,2016-05-16 20:00:00,0,0.147815,0.348579,0
5493,2016-05-16 21:00:00,0,0.147821,0.348424,0
5494,2016-05-16 22:00:00,0,0.147827,0.348279,0
5495,2016-05-16 23:00:00,0,0.147832,0.34815,0
5496,2016-05-17 00:00:00,0,0.147836,0.34804,0
5497,2016-05-17 01:00:00,0,0.147839,0.347957,0
5498,2016-05-17 02:00:00,0,0.147842,0.347889,0
5499,2016-05-17 03:00:00,0,0.147844,0.347838,0
5500,2016-05-17 04:00:00,0,0.147845,0.347799,0
5501,2016-05-17 05:00:00,0,0.147847,0.347764,0
5502,2016-05-17 06:00:00,0,0.147848,0.347733,0
5503,2016-05-17 07:00:00,0,0.147849,0.347703,0
5504,2016-05-17 08:00:00,0,0.14785,0.347678,0
5505,2016-05-17 09:00:00,0,0.147851,0.347654,0
5506,2016-05-17 10:00:00,0,0.147852,0.347634,0
5507,2016-05-17 11:00:00,0,0.147852,0.34762,0
5508,2016-05-17 12:00:00,0,0.147853,0.347605,0
5509,2016-05-17 13:00:00,0,0.147854,0.347582,0
5510,2016-05-17 14:00:00,0,0.147855,0.34754,0
5511,2016-05-17 15:00:00,0,0.147858,0.347468,0
5512,2016-05-17 16:00:00,0,0.147862,0.347366,0
5513,2016-05-17 17:00:00,0,0.147866,0.347246,0
5514,2016-05-17 18:00:00,0,0.147872,0.347114,0
5515,2016-05-17 19:00:00,0,0.147877,0.346983,0
5516,2016-05-17 20:00:00,0,0.147882,0.346851,0
5517,2016-05-17 21:00:00,0,0.147886,0.346723,0
5518,2016-05-17 22:00:00,0,0.14789,0.346617,0
5519,2016-05-17 23:00:00,0,0.147893,0.346554,0
5520,2016-05-18 00:00:00,0,0.147895,0.346507,0
5521,2016-05-18 01:00:00,0,0.147896,0.346476,0
5522,2016-05-18 02:00:00,0,0.147897,0.346454,0
5523,2016-05-18 03:00:00,0,0.147897,0.346436,0
5524,2016-05-18 04:00:00,0,0.147898,0.346419,0
5525,2016-05-18 05:00:00,0,0.147898,0.346411,0
5526,2016-05-18 06:00:00,0,0.147899,0.346404,0
5527,2016-05-18 07:00:00,0,0.147899,0.3464,0
5528,2016-05-18 08:00:00,0,0.147899,0.346389,0
5529,2016-05-18 09:00:00,0,0.1479,0.346375,0
5530,2016-05-18 10:00:00,0,0.1479,0.34636,0
5531,2016-05-18 11:00:00,0,0.147901,0.346344,0
5532,2016-05-18 12:00:00,0,0.147901,0.346329,0
5533,2016-05-18 13:00:00,0,0.147902,0.3463,0
5534,2016-05-18 14:00:00,0,0.147904,0.346257,0
5535,2016-05-18 15:00:00,0,0.147906,0.346195,0
5536,2016-05-18 16:00:00,0,0.147909,0.346127,0
5537,2016-05-18 17:00:00,0,0.147912,0.346055,0
5538,2016-05-18 18:00:00,0,0.147914,0.345983,0
5539,2016-05-18 19:00:00,0,0.147918,0.345888,0
5540,2016-05-18 20:00:00,0,0.147921,0.345814,0
5541,2016-05-18 21:00:00,0,0.147923,0.345755,0
5542,2016-05-18 22:00:00,0,0.147925,0.345708,0
5543,2016-05-18 23:00:00,0,0.147925,0.34569,0
5544,2016-05-19 00:00:00,0,0.147926,0.345673,0
5545,2016-05-19 01:00:00,0,0.147927,0.345656,0
5546,2016-05-19 02:00:00,0,0.147927,0.345644,0
5547,2016-05-19 03:00:00,0,0.147927,0.345635,0
5548,2016-05-19 04:00:00,0,0.147928,0.345628,0
5549,2016-05-19 05:00:00,0,0.147928,0.345624,0
5550,2016-05-19 06:00:00,0,0.147928,0.34562,0
5551,2016-05-19 07:00:00,0,0.147928,0.345617,0
5552,2016-05-19 08:00:00,0,0.147928,0.345614,0
5553,2016-05-19 09:00:00,0,0.147928,0.345612,0
5554,2016-05-19 10:00:00,0,0.147928,0.345609,0
5555,2016-05-19 11:00:00,0,0.147929,0.345607,0
5556,2016-05-19 12:00:00,0,0.147929,0.345605,0
5557,2016-05-19 13:00:00,0,0.147929,0.345602,0
5558,2016-05-19 14:00:00,0,0.147929,0.345596,0
5559,2016-05-19 15:00:00,0,0.147929,0.345581,0
5560,2016-05-19 16:00:00,0,0.14793,0.345557,0
5561,2016-05-19 17:00:00,0,0.147931,0.345527,0
5562,2016-05-19 18:00:00,0,0.147933,0.345495,0
5563,2016-05-19 19:00:00,0,0.147934,0.345456,0.000009
5564,2016-05-19 20:00:00,0,0.147935,0.345438,0
5565,2016-05-19 21:00:00,0,0.147936,0.345396,0.000017
5566,2016-05-19 22:00:00,0,0.147936,0.345394,0.000059
5567,2016-05-19 23:00:00,0,0.147933,0.345482,0
5568,2016-05-20 00:00:00,0,0.147933,0.345474,0.000015
5569,2016-05-20 01:00:00,0,0.147933,0.345489,0
5570,2016-05-20 02:00:00,0,0.147933,0.345477,0
5571,2016-05-20 03:00:00,0,0.147934,0.345462,0.000074
5572,2016-05-20 04:00:00,0,0.14793,0.345569,0.000019
5573,2016-05-20 05:00:00,0,0.147929,0.345591,0.00001
5574,2016-05-20 06:00:00,0,0.147929,0.345599,0
5575,2016-05-20 07:00:00,0,0.147929,0.345591,0
5576,2016-05-20 08:00:00,0,0.147929,0.345585,0
5577,2016-05-20 09:00:00,0,0.14793,0.345578,0
5578,2016-05-20 10:00:00,0,0.14793,0.345571,0
5579,2016-05-20 11:00:00,0,0.14793,0.345566,0
5580,2016-05-20 12:00:00,0,0.14793,0.345565,0
5581,2016-05-20 13:00:00,0,0.14793,0.345572,0
5582,2016-05-20 14:00:00,0,0.14793,0.345577,0
5583,2016-05-20 15:00:00,0,0.14793,0.345572,0
5584,2016-05-20 16:00:00,0,0.147932,0.345518,0
5585,2016-05-20 17:00:00,0,0.147935,0.345422,0
5586,2016-05-20 18:00:00,0,0.147939,0.345319,0
5587,2016-05-20 19:00:00,0,0.147943,0.345221,0
5588,2016-05-20 20:00:00,0,0.147946,0.345131,0
5589,2016-05-20 21:00:00,0,0.147949,0.34506,0
5590,2016-05-20 22:00:00,0,0.14795,0.34502,0
5591,2016-05-20 23:00:00,0,0.147951,0.345,0
5592,2016-05-21 00:00:00,0,0.147952,0.344983,0
5593,2016-05-21 01:00:00,0,0.147952,0.34497,0
5594,2016-05-21 02:00:00,0,0.147953,0.34496,0
5595,2016-05-21 03:00:00,0,0.147953,0.344951,0
5596,2016-05-21 04:00:00,0,0.147954,0.344932,0
5597,2016-05-21 05:00:00,0,0.147954,0.344917,0
5598,2016-05-21 06:00:00,0,0.147955,0.344904,0
5599,2016-05-21 07:00:00,0,0.147955,0.344892,0
5600,2016-05-21 08:00:00,0,0.147955,0.344882,0
5601,2016-05-21 09:00:00,0,0.147956,0.344873,0
5602,2016-05-21 10:00:00,0,0.147956,0.344865,0
5603,2016-05-21 11:00:00,0,0.147956,0.344861,0
5604,2016-05-21 12:00:00,0,0.147956,0.344862,0
5605,2016-05-21 13:00:00,0,0.147956,0.344862,0
5606,2016-05-21 14:00:00,0,0.147957,0.344849,0
5607,2016-05-21 15:00:00,0,0.147958,0.3448,0
5608,2016-05-21 16:00:00,0,0.147962,0.344714,0
5609,2016-05-21 17:00:00,0,0.147966,0.344596,0
5610,2016-05-21 18:00:00,0,0.147971,0.34445,0
5611,2016-05-21 19:00:00,0,0.147977,0.344307,0
5612,2016-05-21 20:00:00,0,0.147981,0.344173,0
5613,2016-05-21 21:00:00,0,0.147986,0.344056,0
5614,2016-05-21 22:00:00,0,0.147989,0.343961,0
5615,2016-05-21 23:00:00,0,0.147991,0.343909,0
5616,2016-05-22 00:00:00,0,0.147992,0.343877,0
5617,2016-05-22 01:00:00,0,0.147993,0.343865,0
5618,2016-05-22 02:00:00,0,0.147993,0.343854,0
5619,2016-05-22 03:00:00,0,0.147994,0.343837,0
5620,2016-05-22 04:00:00,0,0.147994,0.343816,0
5621,2016-05-22 05:00:00,0,0.147995,0.343802,0
5622,2016-05-22 06:00:00,0,0.147995,0.343792,0
5623,2016-05-22 07:00:00,0,0.147996,0.343779,0
5624,2016-05-22 08:00:00,0,0.147996,0.343768,0
5625,2016-05-22 09:00:00,0,0.147997,0.343755,0
5626,2016-05-22 10:00:00,0,0.147997,0.34374,0
5627,2016-05-22 11:00:00,0,0.147998,0.343722,0
5628,2016-05-22 12:00:00,0,0.147998,0.343706,0
5629,2016-05-22 13:00:00,0,0.147999,0.343685,0
5630,2016-05-22 14:00:00,0,0.148,0.343658,0
5631,2016-05-22 15:00:00,0,0.148001,0.343625,0
5632,2016-05-22 16:00:00,0,0.148003,0.343582,0
5633,2016-05-22 17:00:00,0,0.148005,0.343523,0
5634,2016-05-22 18:00:00,0,0.148008,0.343451,0
5635,2016-05-22 19:00:00,0,0.148011,0.343348,0
5636,2016-05-22 20:00:00,0,0.148015,0.343245,0
5637,2016-05-22 21:00:00,0,0.148019,0.343146,0
5638,2016-05-22 22:00:00,0,0.148022,0.34306,0
5639,2016-05-22 23:00:00,0,0.148023,0.343011,0
5640,2016-05-23 00:00:00,0,0.148024,0.34298,0
5641,2016-05-23 01:00:00,0,0.148025,0.342968,0
5642,2016-05-23 02:00:00,0,0.148025,0.342956,0
5643,2016-05-23 03:00:00,0,0.148026,0.342939,0
5644,2016-05-23 04:00:00,0,0.148026,0.342929,0
5645,2016-05-23 05:00:00,0,0.148027,0.342921,0
5646,2016-05-23 06:00:00,0,0.148027,0.342914,0
5647,2016-05-23 07:00:00,0,0.148027,0.342909,0
5648,2016-05-23 08:00:00,0,0.148027,0.342904,0
5649,2016-05-23 09:00:00,0,0.148027,0.342899,0
5650,2016-05-23 10:00:00,0,0.148028,0.342891,0
5651,2016-05-23 11:00:00,0,0.148028,0.34289,0
5652,2016-05-23 12:00:00,0,0.148028,0.342894,0
5653,2016-05-23 13:00:00,0,0.148027,0.342896,0
5654,2016-05-23 14:00:00,0,0.148028,0.342889,0
5655,2016-05-23 15:00:00,0,0.148029,0.342856,0
5656,2016-05-23 16:00:00,0,0.148031,0.34279,0
5657,2016-05-23 17:00:00,0,0.148035,0.342696,0
5658,2016-05-23 18:00:00,0,0.148038,0.342589,0
5659,2016-05-23 19:00:00,0,0.148042,0.342488,0
5660,2016-05-23 20:00:00,0,0.148045,0.342395,0
5661,2016-05-23 21:00:00,0,0.148048,0.342328,0
5662,2016-05-23 22:00:00,0,0.148049,0.342282,0
5663,2016-05-23 23:00:00,0,0.14805,0.342268,0
5664,2016-05-24 00:00:00,0,0.14805,0.34225,0
5665,2016-05-24 01:00:00,0,0.148051,0.342231,0
5666,2016-05-24 02:00:00,0,0.148052,0.342219,0
5667,2016-05-24 03:00:00,0,0.148052,0.342211,0.00008
5668,2016-05-24 04:00:00,0,0.148047,0.342338,0
5669,2016-05-24 05:00:00,0,0.148047,0.342335,0
5670,2016-05-24 06:00:00,0,0.148047,0.342332,0
5671,2016-05-24 07:00:00,0,0.148048,0.34233,0.000073
5672,2016-05-24 08:00:00,0,0.148043,0.342446,0.000054
5673,2016-05-24 09:00:00,0,0.14804,0.342532,0
5674,2016-05-24 10:00:00,0,0.14804,0.34253,0.000223
5675,2016-05-24 11:00:00,0,0.148028,0.34289,0
5676,2016-05-24 12:00:00,0,0.148028,0.342888,0
5677,2016-05-24 13:00:00,0,0.148028,0.342885,0
5678,2016-05-24 14:00:00,0,0.148028,0.34288,0
5679,2016-05-24 15:00:00,0,0.148028,0.342873,0
5680,2016-05-24 16:00:00,0,0.148029,0.342855,0
5681,2016-05-24 17:00:00,0,0.14803,0.342815,0
5682,2016-05-24 18:00:00,0,0.148032,0.342761,0
5683,2016-05-24 19:00:00,0,0.148034,0.342705,0
5684,2016-05-24 20:00:00,0,0.148036,0.342652,0
5685,2016-05-24 21:00:00,0,0.148038,0.342605,0
5686,2016-05-24 22:00:00,0,0.148039,0.342576,0
5687,2016-05-24 23:00:00,0,0.148039,0.342572,0
5688,2016-05-25 00:00:00,0,0.148039,0.342569,0
5689,2016-05-25 01:00:00,0,0.148039,0.342567,0
5690,2016-05-25 02:00:00,0,0.148039,0.342566,0
5691,2016-05-25 03:00:00,0,0.148039,0.342564,0
5692,2016-05-25 04:00:00,0,0.148039,0.342565,0
5693,2016-05-25 05:00:00,0,0.148039,0.342565,0
5694,2016-05-25 06:00:00,0,0.148039,0.342566,0
5695,2016-05-25 07:00:00,0,0.148039,0.342569,0
5696,2016-05-25 08:00:00,0,0.148039,0.34257,0
5697,2016-05-25 09:00:00,0,0.148039,0.342572,0
5698,2016-05-25 10:00:00,0,0.148039,0.342572,0
5699,2016-05-25 11:00:00,0,0.148039,0.342573,0
5700,2016-05-25 12:00:00,0,0.148039,0.342579,0
5701,2016-05-25 13:00:00,0,0.148039,0.342585,0
5702,2016-05-25 14:00:00,0,0.148038,0.342591,0
5703,2016-05-25 15:00:00,0,0.14804,0.342557,0
5704,2016-05-25 16:00:00,0,0.148043,0.342463,0
5705,2016-05-25 17:00:00,0,0.148048,0.342331,0
5706,2016-05-25 18:00:00,0,0.148053,0.34218,0
5707,2016-05-25 19:00:00,0,0.148058,0.342025,0
5708,2016-05-25 20:00:00,0,0.148064,0.341866,0
5709,2016-05-25 21:00:00,0,0.148069,0.341722,0
5710,2016-05-25 22:00:00,0,0.148073,0.341604,0
5711,2016-05-25 23:00:00,0,0.148075,0.341549,0
5712,2016-05-26 00:00:00,0,0.148076,0.341519,0
5713,2016-05-26 01:00:00,0,0.148077,0.341499,0
5714,2016-05-26 02:00:00,0,0.148077,0.341481,0
5715,2016-05-26 03:00:00,0,0.148078,0.341454,0
5716,2016-05-26 04:00:00,0,0.148079,0.341425,0
5717,2016-05-26 05:00:00,0,0.14808,0.341399,0
5718,2016-05-26 06:00:00,0,0.148081,0.341378,0
5719,2016-05-26 07:00:00,0,0.148082,0.34136,0
5720,2016-05-26 08:00:00,0,0.148082,0.341344,0
5721,2016-05-26 09:00:00,0,0.148083,0.341329,0
5722,2016-05-26 10:00:00,0,0.148083,0.341314,0
5723,2016-05-26 11:00:00,0,0.148084,0.341304,0
5724,2016-05-26 12:00:00,0,0.148084,0.341305,0
5725,2016-05-26 13:00:00,0,0.148084,0.341305,0
5726,2016-05-26 14:00:00,0,0.148084,0.341286,0
5727,2016-05-26 15:00:00,0,0.148086,0.341232,0
5728,2016-05-26 16:00:00,0,0.148089,0.341145,0
5729,2016-05-26 17:00:00,0,0.148093,0.341028,0
5730,2016-05-26 18:00:00,0,0.148098,0.340886,0
5731,2016-05-26 19:00:00,0,0.148103,0.340735,0
5732,2016-05-26 20:00:00,0,0.148109,0.340582,0
5733,2016-05-26 21:00:00,0,0.148113,0.340456,0
5734,2016-05-26 22:00:00,0,0.148116,0.340362,0
5735,2016-05-26 23:00:00,0,0.148117,0.340331,0
5736,2016-05-27 00:00:00,0,0.148118,0.340308,0
5737,2016-05-27 01:00:00,0,0.148119,0.340289,0
5738,2016-05-27 02:00:00,0,0.148119,0.340276,0
5739,2016-05-27 03:00:00,0,0.14812,0.340261,0
5740,2016-05-27 04:00:00,0,0.14812,0.340242,0
5741,2016-05-27 05:00:00,0,0.148121,0.340224,0
5742,2016-05-27 06:00:00,0,0.148121,0.340207,0
5743,2016-05-27 07:00:00,0,0.148122,0.340193,0
5744,2016-05-27 08:00:00,0,0.148122,0.340186,0
5745,2016-05-27 09:00:00,0,0.148122,0.340184,0
5746,2016-05-27 10:00:00,0,0.148122,0.340183,0
5747,2016-05-27 11:00:00,0,0.148122,0.340185,0
5748,2016-05-27 12:00:00,0,0.148122,0.340187,0
5749,2016-05-27 13:00:00,0,0.148122,0.340188,0
5750,2016-05-27 14:00:00,0,0.148123,0.340174,0
5751,2016-05-27 15:00:00,0,0.148124,0.340134,0
5752,2016-05-27 16:00:00,0,0.148126,0.340065,0
5753,2016-05-27 17:00:00,0,0.14813,0.339961,0
5754,2016-05-27 18:00:00,0,0.148134,0.339832,0
5755,2016-05-27 19:00:00,0,0.148139,0.339683,0
5756,2016-05-27 20:00:00,0,0.148144,0.339527,0
5757,2016-05-27 21:00:00,0,0.148149,0.339391,0
5758,2016-05-27 22:00:00,0,0.148152,0.339292,0
5759,2016-05-27 23:00:00,0,0.148154,0.339243,0
5760,2016-05-28 00:00:00,0,0.148155,0.339205,0
5761,2016-05-28 01:00:00,0,0.148156,0.339176,0
5762,2016-05-28 02:00:00,0,0.148157,0.339147,0
5763,2016-05-28 03:00:00,0,0.148158,0.339119,0
5764,2016-05-28 04:00:00,0,0.148159,0.339088,0
5765,2016-05-28 05:00:00,0,0.14816,0.339061,0
5766,2016-05-28 06:00:00,0,0.148161,0.339033,0
5767,2016-05-28 07:00:00,0,0.148162,0.339012,0
5768,2016-05-28 08:00:00,0,0.148162,0.338994,0
5769,2016-05-28 09:00:00,0,0.148163,0.338977,0
5770,2016-05-28 10:00:00,0,0.148163,0.338966,0
5771,2016-05-28 11:00:00,0,0.148164,0.338957,0
5772,2016-05-28 12:00:00,0,0.148164,0.338959,0
5773,2016-05-28 13:00:00,0,0.148164,0.338958,0
5774,2016-05-28 14:00:00,0,0.148164,0.338944,0
5775,2016-05-28 15:00:00,0,0.148165,0.338903,0
5776,2016-05-28 16:00:00,0,0.148168,0.338824,0
5777,2016-05-28 17:00:00,0,0.148172,0.3387,0
5778,2016-05-28 18:00:00,0,0.148178,0.338539,0
5779,2016-05-28 19:00:00,0,0.148183,0.33836,0
5780,2016-05-28 20:00:00,0,0.148189,0.338182,0
5781,2016-05-28 21:00:00,0,0.148193,0.338058,0
5782,2016-05-28 22:00:00,0,0.148196,0.337966,0
5783,2016-05-28 23:00:00,0,0.148198,0.337923,0
5784,2016-05-29 00:00:00,0,0.148199,0.337892,0
5785,2016-05-29 01:00:00,0,0.148199,0.337883,0
5786,2016-05-29 02:00:00,0,0.1482,0.33787,0
5787,2016-05-29 03:00:00,0,0.1482,0.33785,0
5788,2016-05-29 04:00:00,0,0.148201,0.337832,0
5789,2016-05-29 05:00:00,0,0.148201,0.337815,0
5790,2016-05-29 06:00:00,0,0.148202,0.337797,0
5791,2016-05-29 07:00:00,0,0.148203,0.337782,0
5792,2016-05-29 08:00:00,0,0.148203,0.337775,0
5793,2016-05-29 09:00:00,0,0.148203,0.337772,0
5794,2016-05-29 10:00:00,0,0.148203,0.33777,0
5795,2016-05-29 11:00:00,0,0.148203,0.33777,0
5796,2016-05-29 12:00:00,0,0.148203,0.337771,0
5797,2016-05-29 13:00:00,0,0.148203,0.337771,0
5798,2016-05-29 14:00:00,0,0.148203,0.337757,0
5799,2016-05-29 15:00:00,0,0.148205,0.33772,0
5800,2016-05-29 16:00:00,0,0.148207,0.337651,0
5801,2016-05-29 17:00:00,0,0.14821,0.337547,0
5802,2016-05-29 18:00:00,0,0.148215,0.337407,0
5803,2016-05-29 19:00:00,0,0.14822,0.337246,0
5804,2016-05-29 20:00:00,0,0.148225,0.337091,0
5805,2016-05-29 21:00:00,0,0.148229,0.336966,0
5806,2016-05-29 22:00:00,0,0.148232,0.336885,0
5807,2016-05-29 23:00:00,0,0.148233,0.336861,0
5808,2016-05-30 00:00:00,0,0.148233,0.336839,0
5809,2016-05-30 01:00:00,0,0.148234,0.336829,0
5810,2016-05-30 02:00:00,0,0.148234,0.336824,0
5811,2016-05-30 03:00:00,0,0.148234,0.336817,0
5812,2016-05-30 04:00:00,0,0.148234,0.336808,0
5813,2016-05-30 05:00:00,0,0.148235,0.336799,0
5814,2016-05-30 06:00:00,0,0.148235,0.33679,0.000003
5815,2016-05-30 07:00:00,0,0.148235,0.336788,0.000003
5816,2016-05-30 08:00:00,0,0.148235,0.336785,0
5817,2016-05-30 09:00:00,0,0.148235,0.336778,0.000984
5818,2016-05-30 10:00:00,0,0.148184,0.338358,0.002006
5819,2016-05-30 11:00:00,0,0.148076,0.341528,0.00179
5820,2016-05-30 12:00:00,0,0.147975,0.344346,0.00051
5821,2016-05-30 13:00:00,0,0.147945,0.34516,0.000197
5822,2016-05-30 14:00:00,0,0.147933,0.345476,0.000114
5823,2016-05-30 15:00:00,0,0.147927,0.34566,0.000045
5824,2016-05-30 16:00:00,0,0.147924,0.345731,0
5825,2016-05-30 17:00:00,0,0.147924,0.345718,0
5826,2016-05-30 18:00:00,0,0.147925,0.345688,0
5827,2016-05-30 19:00:00,0,0.147929,0.345602,0
5828,2016-05-30 20:00:00,0,0.147932,0.345511,0
5829,2016-05-30 21:00:00,0,0.147935,0.345437,0
5830,2016-05-30 22:00:00,0,0.147936,0.345395,0
5831,2016-05-30 23:00:00,0,0.147937,0.345377,0
5832,2016-05-31 00:00:00,0,0.147938,0.345363,0
5833,2016-05-31 01:00:00,0,0.147938,0.345356,0
5834,2016-05-31 02:00:00,0,0.147938,0.345353,0
5835,2016-05-31 03:00:00,0,0.147938,0.345353,0
5836,2016-05-31 04:00:00,0,0.147938,0.345354,0
5837,2016-05-31 05:00:00,0,0.147938,0.345356,0
5838,2016-05-31 06:00:00,0,0.147938,0.345359,0
5839,2016-05-31 07:00:00,0,0.147938,0.345361,0
5840,2016-05-31 08:00:00,0,0.147938,0.345363,0
5841,2016-05-31 09:00:00,0,0.147937,0.345367,0
5842,2016-05-31 10:00:00,0,0.147937,0.345369,0
5843,2016-05-31 11:00:00,0,0.147937,0.345372,0
5844,2016-05-31 12:00:00,0,0.147937,0.345381,0
5845,2016-05-31 13:00:00,0,0.147937,0.345388,0
5846,2016-05-31 14:00:00,0,0.147938,0.345358,0
5847,2016-05-31 15:00:00,0,0.147941,0.345273,0
5848,2016-05-31 16:00:00,0,0.147945,0.345156,0
5849,2016-05-31 17:00:00,0,0.14795,0.345018,0
5850,2016-05-31 18:00:00,0,0.147956,0.344867,0
5851,2016-05-31 19:00:00,0,0.147962,0.344715,0
5852,2016-05-31 20:00:00,0,0.147967,0.34457,0
5853,2016-05-31 21:00:00,0,0.147971,0.344454,0
5854,2016-05-31 22:00:00,0,0.147974,0.344374,0
5855,2016-05-31 23:00:00,0,0.147975,0.344346,0
5856,2016-06-01 00:00:00,0,0.147976,0.344326,0
5857,2016-06-01 01:00:00,0,0.147976,0.344312,0
5858,2016-06-01 02:00:00,0,0.147977,0.344303,0
5859,2016-06-01 03:00:00,0,0.147977,0.344292,0
5860,2016-06-01 04:00:00,0,0.147978,0.344276,0
5861,2016-06-01 05:00:00,0,0.147978,0.344264,0
5862,2016-06-01 06:00:00,0,0.147979,0.344251,0
5863,2016-06-01 07:00:00,0,0.147979,0.344239,0
5864,2016-06-01 08:00:00,0,0.147979,0.344229,0
5865,2016-06-01 09:00:00,0,0.14798,0.344218,0
5866,2016-06-01 10:00:00,0,0.14798,0.344204,0
5867,2016-06-01 11:00:00,0,0.147981,0.344197,0
5868,2016-06-01 12:00:00,0,0.147981,0.344194,0
5869,2016-06-01 13:00:00,0,0.147981,0.344194,0
5870,2016-06-01 14:00:00,0,0.147981,0.344174,0
5871,2016-06-01 15:00:00,0,0.147983,0.344121,0
5872,2016-06-01 16:00:00,0,0.147987,0.344023,0
5873,2016-06-01 17:00:00,0,0.147991,0.343906,0
5874,2016-06-01 18:00:00,0,0.147996,0.343776,0
5875,2016-06-01 19:00:00,0,0.148,0.343648,0
5876,2016-06-01 20:00:00,0,0.148005,0.343522,0
5877,2016-06-01 21:00:00,0,0.148009,0.343414,0
5878,2016-06-01 22:00:00,0,0.148012,0.34334,0
5879,2016-06-01 23:00:00,0,0.148012,0.343317,0
5880,2016-06-02 00:00:00,0,0.148013,0.343298,0
5881,2016-06-02 01:00:00,0,0.148014,0.343284,0
5882,2016-06-02 02:00:00,0,0.148014,0.343271,0
5883,2016-06-02 03:00:00,0,0.148015,0.343251,0
5884,2016-06-02 04:00:00,0,0.148015,0.343233,0
5885,2016-06-02 05:00:00,0,0.148016,0.343217,0
5886,2016-06-02 06:00:00,0,0.148017,0.343203,0
5887,2016-06-02 07:00:00,0,0.148017,0.343192,0
5888,2016-06-02 08:00:00,0,0.148017,0.343181,0
5889,2016-06-02 09:00:00,0,0.148018,0.343171,0
5890,2016-06-02 10:00:00,0,0.148018,0.34316,0
5891,2016-06-02 11:00:00,0,0.148018,0.343152,0
5892,2016-06-02 12:00:00,0,0.148018,0.343152,0
5893,2016-06-02 13:00:00,0,0.148018,0.343151,0
5894,2016-06-02 14:00:00,0,0.148019,0.343136,0
5895,2016-06-02 15:00:00,0,0.14802,0.343097,0
5896,2016-06-02 16:00:00,0,0.148023,0.343029,0
5897,2016-06-02 17:00:00,0,0.148026,0.342928,0
5898,2016-06-02 18:00:00,0,0.148031,0.342806,0
5899,2016-06-02 19:00:00,0,0.148036,0.342669,0
5900,2016-06-02 20:00:00,0,0.14804,0.342532,0
5901,2016-06-02 21:00:00,0,0.148044,0.342419,0
5902,2016-06-02 22:00:00,0,0.148047,0.342341,0
5903,2016-06-02 23:00:00,0,0.148048,0.342317,0
5904,2016-06-03 00:00:00,0,0.148049,0.342304,0
5905,2016-06-03 01:00:00,0,0.148049,0.342296,0
5906,2016-06-03 02:00:00,0,0.148049,0.34229,0
5907,2016-06-03 03:00:00,0,0.148049,0.342282,0
5908,2016-06-03 04:00:00,0,0.14805,0.342271,0
5909,2016-06-03 05:00:00,0,0.14805,0.342264,0
5910,2016-06-03 06:00:00,0,0.14805,0.342258,0
5911,2016-06-03 07:00:00,0,0.14805,0.342255,0
5912,2016-06-03 08:00:00,0,0.14805,0.342254,0
5913,2016-06-03 09:00:00,0,0.14805,0.342253,0
5914,2016-06-03 10:00:00,0,0.14805,0.342252,0
5915,2016-06-03 11:00:00,0,0.14805,0.342252,0
5916,2016-06-03 12:00:00,0,0.14805,0.342253,0
5917,2016-06-03 13:00:00,0,0.14805,0.342252,0
5918,2016-06-03 14:00:00,0,0.14805,0.342248,0.000091
5919,2016-06-03 15:00:00,0,0.148045,0.342395,0.000009
5920,2016-06-03 16:00:00,0,0.148045,0.342408,0.000064
5921,2016-06-03 17:00:00,0,0.148041,0.342511,0.000032
5922,2016-06-03 18:00:00,0,0.148039,0.342558,0
5923,2016-06-03 19:00:00,0,0.14804,0.342538,0
5924,2016-06-03 20:00:00,0,0.148042,0.342498,0
5925,2016-06-03 21:00:00,0,0.148043,0.342459,0
5926,2016-06-03 22:00:00,0,0.148044,0.342428,0
5927,2016-06-03 23:00:00,0,0.148044,0.342421,0
5928,2016-06-04 00:00:00,0,0.148044,0.342419,0
5929,2016-06-04 01:00:00,0,0.148044,0.34242,0
5930,2016-06-04 02:00:00,0,0.148044,0.342421,0
5931,2016-06-04 03:00:00,0,0.148044,0.342423,0
5932,2016-06-04 04:00:00,0,0.148044,0.342424,0
5933,2016-06-04 05:00:00,0,0.148044,0.342426,0
5934,2016-06-04 06:00:00,0,0.148044,0.342429,0
5935,2016-06-04 07:00:00,0,0.148044,0.342433,0
5936,2016-06-04 08:00:00,0,0.148044,0.342437,0
5937,2016-06-04 09:00:00,0,0.148044,0.342442,0
5938,2016-06-04 10:00:00,0,0.148043,0.342447,0
5939,2016-06-04 11:00:00,0,0.148043,0.342453,0
5940,2016-06-04 12:00:00,0,0.148043,0.342462,0
5941,2016-06-04 13:00:00,0,0.148043,0.34247,0
5942,2016-06-04 14:00:00,0,0.148043,0.342467,0
5943,2016-06-04 15:00:00,0,0.148044,0.342444,0
5944,2016-06-04 16:00:00,0,0.148046,0.342389,0
5945,2016-06-04 17:00:00,0,0.148049,0.342296,0
5946,2016-06-04 18:00:00,0,0.148053,0.342179,0
5947,2016-06-04 19:00:00,0,0.148057,0.342052,0
5948,2016-06-04 20:00:00,0,0.148062,0.341929,0
5949,2016-06-04 21:00:00,0,0.148065,0.341826,0
5950,2016-06-04 22:00:00,0,0.148068,0.34176,0
5951,2016-06-04 23:00:00,0,0.148068,0.341746,0
5952,2016-06-05 00:00:00,0,0.148069,0.341734,0
5953,2016-06-05 01:00:00,0,0.148069,0.341726,0
5954,2016-06-05 02:00:00,0,0.148069,0.341721,0
5955,2016-06-05 03:00:00,0,0.148069,0.341719,0
5956,2016-06-05 04:00:00,0,0.148069,0.341715,0
5957,2016-06-05 05:00:00,0,0.148069,0.341712,0
5958,2016-06-05 06:00:00,0,0.14807,0.341712,0
5959,2016-06-05 07:00:00,0,0.14807,0.341712,0
5960,2016-06-05 08:00:00,0,0.148069,0.341713,0
5961,2016-06-05 09:00:00,0,0.148069,0.341715,0
5962,2016-06-05 10:00:00,0,0.148069,0.341716,0
5963,2016-06-05 11:00:00,0,0.148069,0.341719,0.000012
5964,2016-06-05 12:00:00,0,0.148068,0.341739,0.000009
5965,2016-06-05 13:00:00,0,0.148068,0.341755,0.000064
5966,2016-06-05 14:00:00,0,0.148064,0.341859,0.000051
5967,2016-06-05 15:00:00,0,0.148061,0.341939,0.000049
5968,2016-06-05 16:00:00,0,0.148059,0.342015,0.00004
5969,2016-06-05 17:00:00,0,0.148057,0.342074,0.000043
5970,2016-06-05 18:00:00,0,0.148055,0.342132,0.000034
5971,2016-06-05 19:00:00,0,0.148053,0.342169,0.000167
5972,2016-06-05 20:00:00,0,0.148044,0.342423,0.000732
5973,2016-06-05 21:00:00,0,0.148003,0.343585,0.000575
5974,2016-06-05 22:00:00,0,0.14797,0.344498,0.000095
5975,2016-06-05 23:00:00,0,0.147964,0.344646,0.000179
5976,2016-06-06 00:00:00,0,0.147953,0.344936,0.000037
5977,2016-06-06 01:00:00,0,0.147951,0.345004,0.000643
5978,2016-06-06 02:00:00,0,0.147913,0.346033,0.000271
5979,2016-06-06 03:00:00,0,0.147896,0.346467,0.000028
5980,2016-06-06 04:00:00,0,0.147894,0.346516,0.000015
5981,2016-06-06 05:00:00,0,0.147893,0.346543,0
5982,2016-06-06 06:00:00,0,0.147893,0.346546,0
5983,2016-06-06 07:00:00,0,0.147893,0.346549,0
5984,2016-06-06 08:00:00,0,0.147893,0.346552,0
5985,2016-06-06 09:00:00,0,0.147893,0.346552,0
5986,2016-06-06 10:00:00,0,0.147893,0.346552,0
5987,2016-06-06 11:00:00,0,0.147893,0.346553,0
5988,2016-06-06 12:00:00,0,0.147893,0.346556,0
5989,2016-06-06 13:00:00,0,0.147893,0.34656,0
5990,2016-06-06 14:00:00,0,0.147893,0.346561,0
5991,2016-06-06 15:00:00,0,0.147893,0.346553,0
5992,2016-06-06 16:00:00,0,0.147894,0.346519,0
5993,2016-06-06 17:00:00,0,0.1479,0.346375,0
5994,2016-06-06 18:00:00,0,0.147906,0.346208,0
5995,2016-06-06 19:00:00,0,0.147913,0.346024,0
5996,2016-06-06 20:00:00,0,0.14792,0.345845,0
5997,2016-06-06 21:00:00,0,0.147926,0.345686,0
5998,2016-06-06 22:00:00,0,0.14793,0.345554,0
5999,2016-06-06 23:00:00,0,0.147933,0.345485,0
6000,2016-06-07 00:00:00,0,0.147935,0.345434,0
6001,2016-06-07 01:00:00,0,0.147936,0.345407,0
6002,2016-06-07 02:00:00,0,0.147937,0.345382,0
6003,2016-06-07 03:00:00,0,0.147938,0.34536,0
6004,2016-06-07 04:00:00,0,0.147938,0.345341,0
6005,2016-06-07 05:00:00,0,0.147939,0.345327,0
6006,2016-06-07 06:00:00,0,0.147939,0.345317,0
6007,2016-06-07 07:00:00,0,0.14794,0.345311,0
6008,2016-06-07 08:00:00,0,0.14794,0.345309,0
6009,2016-06-07 09:00:00,0,0.14794,0.34531,0
6010,2016-06-07 10:00:00,0,0.147939,0.345313,0
6011,2016-06-07 11:00:00,0,0.147939,0.345315,0
6012,2016-06-07 12:00:00,0,0.147939,0.345318,0
6013,2016-06-07 13:00:00,0,0.147939,0.345322,0
6014,2016-06-07 14:00:00,0,0.147939,0.345315,0
6015,2016-06-07 15:00:00,0,0.147941,0.345282,0
6016,2016-06-07 16:00:00,0,0.147944,0.345199,0
6017,2016-06-07 17:00:00,0,0.147948,0.345078,0
6018,2016-06-07 18:00:00,0,0.147954,0.344924,0
6019,2016-06-07 19:00:00,0,0.14796,0.344754,0
6020,2016-06-07 20:00:00,0,0.147966,0.344589,0
6021,2016-06-07 21:00:00,0,0.147972,0.344429,0
6022,2016-06-07 22:00:00,0,0.147977,0.344299,0
6023,2016-06-07 23:00:00,0,0.147979,0.344227,0
6024,2016-06-08 00:00:00,0,0.147981,0.344185,0
6025,2016-06-08 01:00:00,0,0.147982,0.344147,0
6026,2016-06-08 02:00:00,0,0.147984,0.344111,0
6027,2016-06-08 03:00:00,0,0.147985,0.344082,0
6028,2016-06-08 04:00:00,0,0.147986,0.344054,0
6029,2016-06-08 05:00:00,0,0.147987,0.344028,0
6030,2016-06-08 06:00:00,0,0.147988,0.343998,0
6031,2016-06-08 07:00:00,0,0.147989,0.343971,0
6032,2016-06-08 08:00:00,0,0.14799,0.343944,0
6033,2016-06-08 09:00:00,0,0.147991,0.34392,0
6034,2016-06-08 10:00:00,0,0.147991,0.343896,0
6035,2016-06-08 11:00:00,0,0.147992,0.343876,0
6036,2016-06-08 12:00:00,0,0.147993,0.343857,0
6037,2016-06-08 13:00:00,0,0.147994,0.343829,0
6038,2016-06-08 14:00:00,0,0.147996,0.343784,0
6039,2016-06-08 15:00:00,0,0.147998,0.343714,0
6040,2016-06-08 16:00:00,0,0.148001,0.343622,0
6041,2016-06-08 17:00:00,0,0.148006,0.343506,0
6042,2016-06-08 18:00:00,0,0.14801,0.343374,0
6043,2016-06-08 19:00:00,0,0.148015,0.343249,0
6044,2016-06-08 20:00:00,0,0.148019,0.343141,0
6045,2016-06-08 21:00:00,0,0.148022,0.343056,0
6046,2016-06-08 22:00:00,0,0.148024,0.342997,0
6047,2016-06-08 23:00:00,0,0.148026,0.342947,0
6048,2016-06-09 00:00:00,0,0.148028,0.342883,0
6049,2016-06-09 01:00:00,0,0.14803,0.342818,0
6050,2016-06-09 02:00:00,0,0.148032,0.342755,0
6051,2016-06-09 03:00:00,0,0.148035,0.342696,0
6052,2016-06-09 04:00:00,0,0.148036,0.342646,0
6053,2016-06-09 05:00:00,0,0.148038,0.342601,0
6054,2016-06-09 06:00:00,0,0.148039,0.342559,0
6055,2016-06-09 07:00:00,0,0.148041,0.342523,0
6056,2016-06-09 08:00:00,0,0.148042,0.342486,0
6057,2016-06-09 09:00:00,0,0.148043,0.342452,0
6058,2016-06-09 10:00:00,0,0.148044,0.342419,0
6059,2016-06-09 11:00:00,0,0.148046,0.342386,0
6060,2016-06-09 12:00:00,0,0.148047,0.34235,0
6061,2016-06-09 13:00:00,0,0.148048,0.342304,0
6062,2016-06-09 14:00:00,0,0.148051,0.342245,0
6063,2016-06-09 15:00:00,0,0.148053,0.342167,0
6064,2016-06-09 16:00:00,0,0.148057,0.342065,0
6065,2016-06-09 17:00:00,0,0.148061,0.341939,0
6066,2016-06-09 18:00:00,0,0.148066,0.341794,0
6067,2016-06-09 19:00:00,0,0.148071,0.34165,0
6068,2016-06-09 20:00:00,0,0.148077,0.341498,0
6069,2016-06-09 21:00:00,0,0.148082,0.341347,0
6070,2016-06-09 22:00:00,0,0.148087,0.34121,0
6071,2016-06-09 23:00:00,0,0.148091,0.341101,0
6072,2016-06-10 00:00:00,0,0.148094,0.341011,0
6073,2016-06-10 01:00:00,0,0.148096,0.340933,0
6074,2016-06-10 02:00:00,0,0.148099,0.340866,0
6075,2016-06-10 03:00:00,0,0.148101,0.340811,0
6076,2016-06-10 04:00:00,0,0.148102,0.340767,0
6077,2016-06-10 05:00:00,0,0.148104,0.340728,0
6078,2016-06-10 06:00:00,0,0.148105,0.340693,0
6079,2016-06-10 07:00:00,0,0.148106,0.340662,0
6080,2016-06-10 08:00:00,0,0.148107,0.340635,0
6081,2016-06-10 09:00:00,0,0.148108,0.34061,0
6082,2016-06-10 10:00:00,0,0.148109,0.340582,0
6083,2016-06-10 11:00:00,0,0.148109,0.340556,0
6084,2016-06-10 12:00:00,0,0.14811,0.34053,0
6085,2016-06-10 13:00:00,0,0.148112,0.340493,0
6086,2016-06-10 14:00:00,0,0.148113,0.340439,0
6087,2016-06-10 15:00:00,0,0.148116,0.340365,0
6088,2016-06-10 16:00:00,0,0.14812,0.340259,0
6089,2016-06-10 17:00:00,0,0.148124,0.340136,0
6090,2016-06-10 18:00:00,0,0.148128,0.339999,0
6091,2016-06-10 19:00:00,0,0.148133,0.339879,0
6092,2016-06-10 20:00:00,0,0.148136,0.339765,0
6093,2016-06-10 21:00:00,0,0.14814,0.339671,0
6094,2016-06-10 22:00:00,0,0.148142,0.339605,0
6095,2016-06-10 23:00:00,0,0.148142,0.339586,0
6096,2016-06-11 00:00:00,0,0.148143,0.339572,0
6097,2016-06-11 01:00:00,0,0.148143,0.33956,0
6098,2016-06-11 02:00:00,0,0.148144,0.339552,0
6099,2016-06-11 03:00:00,0,0.148144,0.339545,0
6100,2016-06-11 04:00:00,0,0.148144,0.33954,0
6101,2016-06-11 05:00:00,0,0.148144,0.339538,0
6102,2016-06-11 06:00:00,0,0.148144,0.339536,0
6103,2016-06-11 07:00:00,0,0.148144,0.339532,0
6104,2016-06-11 08:00:00,0,0.148144,0.339528,0
6105,2016-06-11 09:00:00,0,0.148145,0.339523,0
6106,2016-06-11 10:00:00,0,0.148145,0.339515,0
6107,2016-06-11 11:00:00,0,0.148145,0.339509,0
6108,2016-06-11 12:00:00,0,0.148145,0.339506,0
6109,2016-06-11 13:00:00,0,0.148145,0.339509,0
6110,2016-06-11 14:00:00,0,0.148145,0.339498,0
6111,2016-06-11 15:00:00,0,0.148147,0.339458,0
6112,2016-06-11 16:00:00,0,0.148149,0.339398,0
6113,2016-06-11 17:00:00,0,0.148151,0.339324,0.000093
6114,2016-06-11 18:00:00,0,0.148147,0.339445,0.000692
6115,2016-06-11 19:00:00,0,0.14811,0.340543,0.000405
6116,2016-06-11 20:00:00,0,0.148088,0.341184,0
6117,2016-06-11 21:00:00,0,0.148088,0.341177,0
6118,2016-06-11 22:00:00,0,0.148088,0.341169,0
6119,2016-06-11 23:00:00,0,0.148088,0.34117,0
6120,2016-06-12 00:00:00,0,0.148088,0.34117,0
6121,2016-06-12 01:00:00,0,0.148088,0.341174,0
6122,2016-06-12 02:00:00,0,0.148088,0.341177,0
6123,2016-06-12 03:00:00,0,0.148088,0.341178,0
6124,2016-06-12 04:00:00,0,0.148088,0.34118,0
6125,2016-06-12 05:00:00,0,0.148088,0.341183,0
6126,2016-06-12 06:00:00,0,0.148088,0.341184,0
6127,2016-06-12 07:00:00,0,0.148088,0.341187,0
6128,2016-06-12 08:00:00,0,0.148088,0.341189,0
6129,2016-06-12 09:00:00,0,0.148088,0.34119,0
6130,2016-06-12 10:00:00,0,0.148087,0.341191,0
6131,2016-06-12 11:00:00,0,0.148087,0.341191,0
6132,2016-06-12 12:00:00,0,0.148087,0.3412,0
6133,2016-06-12 13:00:00,0,0.148087,0.341204,0
6134,2016-06-12 14:00:00,0,0.148087,0.341202,0
6135,2016-06-12 15:00:00,0,0.14809,0.341123,0
6136,2016-06-12 16:00:00,0,0.148095,0.34096,0
6137,2016-06-12 17:00:00,0,0.148102,0.340776,0
6138,2016-06-12 18:00:00,0,0.148108,0.340587,0
6139,2016-06-12 19:00:00,0,0.148114,0.34041,0
6140,2016-06-12 20:00:00,0,0.14812,0.340238,0
6141,2016-06-12 21:00:00,0,0.148125,0.340099,0
6142,2016-06-12 22:00:00,0,0.148129,0.339995,0
6143,2016-06-12 23:00:00,0,0.148131,0.339914,0
6144,2016-06-13 00:00:00,0,0.148134,0.339844,0
6145,2016-06-13 01:00:00,0,0.148136,0.339782,0
6146,2016-06-13 02:00:00,0,0.148138,0.339721,0
6147,2016-06-13 03:00:00,0,0.14814,0.339668,0
6148,2016-06-13 04:00:00,0,0.148141,0.339615,0
6149,2016-06-13 05:00:00,0,0.148143,0.339569,0
6150,2016-06-13 06:00:00,0,0.148144,0.339529,0
6151,2016-06-13 07:00:00,0,0.148146,0.339494,0
6152,2016-06-13 08:00:00,0,0.148147,0.339463,0
6153,2016-06-13 09:00:00,0,0.148148,0.339433,0
6154,2016-06-13 10:00:00,0,0.148148,0.339407,0
6155,2016-06-13 11:00:00,0,0.148149,0.339381,0
6156,2016-06-13 12:00:00,0,0.14815,0.339355,0
6157,2016-06-13 13:00:00,0,0.148151,0.339326,0
6158,2016-06-13 14:00:00,0,0.148153,0.339277,0
6159,2016-06-13 15:00:00,0,0.148155,0.339206,0
6160,2016-06-13 16:00:00,0,0.148158,0.339113,0
6161,2016-06-13 17:00:00,0,0.148162,0.338999,0
6162,2016-06-13 18:00:00,0,0.148167,0.338864,0
6163,2016-06-13 19:00:00,0,0.148171,0.338738,0
6164,2016-06-13 20:00:00,0,0.148175,0.338613,0
6165,2016-06-13 21:00:00,0,0.148179,0.338505,0
6166,2016-06-13 22:00:00,0,0.148181,0.33842,0
6167,2016-06-13 23:00:00,0,0.148183,0.33836,0
6168,2016-06-14 00:00:00,0,0.148185,0.338311,0
6169,2016-06-14 01:00:00,0,0.148186,0.338273,0
6170,2016-06-14 02:00:00,0,0.148188,0.338238,0
6171,2016-06-14 03:00:00,0,0.148189,0.338207,0
6172,2016-06-14 04:00:00,0,0.148189,0.338179,0
6173,2016-06-14 05:00:00,0,0.14819,0.338156,0
6174,2016-06-14 06:00:00,0,0.148191,0.338133,0
6175,2016-06-14 07:00:00,0,0.148192,0.338112,0
6176,2016-06-14 08:00:00,0,0.148192,0.338092,0
6177,2016-06-14 09:00:00,0,0.148193,0.338073,0
6178,2016-06-14 10:00:00,0,0.148194,0.338054,0
6179,2016-06-14 11:00:00,0,0.148194,0.338035,0
6180,2016-06-14 12:00:00,0,0.148195,0.338013,0
6181,2016-06-14 13:00:00,0,0.148196,0.337982,0
6182,2016-06-14 14:00:00,0,0.148197,0.337936,0
6183,2016-06-14 15:00:00,0,0.1482,0.337862,0
6184,2016-06-14 16:00:00,0,0.148203,0.337754,0
6185,2016-06-14 17:00:00,0,0.148208,0.337626,0
6186,2016-06-14 18:00:00,0,0.148213,0.337476,0
6187,2016-06-14 19:00:00,0,0.148218,0.337318,0
6188,2016-06-14 20:00:00,0,0.148223,0.33717,0
6189,2016-06-14 21:00:00,0,0.148226,0.337057,0
6190,2016-06-14 22:00:00,0,0.148229,0.336982,0
6191,2016-06-14 23:00:00,0,0.148229,0.336957,0
6192,2016-06-15 00:00:00,0,0.14823,0.336937,0
6193,2016-06-15 01:00:00,0,0.148231,0.336918,0
6194,2016-06-15 02:00:00,0,0.148231,0.336902,0
6195,2016-06-15 03:00:00,0,0.148232,0.336878,0
6196,2016-06-15 04:00:00,0,0.148233,0.336854,0
6197,2016-06-15 05:00:00,0,0.148233,0.336834,0
6198,2016-06-15 06:00:00,0,0.148234,0.336818,0
6199,2016-06-15 07:00:00,0,0.148234,0.336803,0
6200,2016-06-15 08:00:00,0,0.148235,0.336791,0
6201,2016-06-15 09:00:00,0,0.148235,0.336778,0
6202,2016-06-15 10:00:00,0,0.148236,0.336767,0
6203,2016-06-15 11:00:00,0,0.148236,0.336759,0
6204,2016-06-15 12:00:00,0,0.148236,0.336757,0
6205,2016-06-15 13:00:00,0,0.148236,0.336758,0
6206,2016-06-15 14:00:00,0,0.148236,0.336739,0
6207,2016-06-15 15:00:00,0,0.148238,0.336688,0
6208,2016-06-15 16:00:00,0,0.148241,0.336598,0
6209,2016-06-15 17:00:00,0,0.148245,0.336475,0
6210,2016-06-15 18:00:00,0,0.14825,0.336329,0
6211,2016-06-15 19:00:00,0,0.148255,0.336173,0
6212,2016-06-15 20:00:00,0,0.148259,0.336025,0
6213,2016-06-15 21:00:00,0,0.148263,0.335902,0
6214,2016-06-15 22:00:00,0,0.148266,0.335816,0
6215,2016-06-15 23:00:00,0,0.148267,0.335786,0
6216,2016-06-16 00:00:00,0,0.148268,0.335765,0
6217,2016-06-16 01:00:00,0,0.148268,0.335748,0
6218,2016-06-16 02:00:00,0,0.148269,0.335736,0
6219,2016-06-16 03:00:00,0,0.148269,0.335725,0
6220,2016-06-16 04:00:00,0,0.148269,0.335717,0
6221,2016-06-16 05:00:00,0,0.148269,0.335708,0
6222,2016-06-16 06:00:00,0,0.14827,0.335695,0
6223,2016-06-16 07:00:00,0,0.14827,0.33568,0
6224,2016-06-16 08:00:00,0,0.148271,0.335668,0
6225,2016-06-16 09:00:00,0,0.148271,0.33566,0
6226,2016-06-16 10:00:00,0,0.148271,0.335652,0
6227,2016-06-16 11:00:00,0,0.148271,0.33565,0
6228,2016-06-16 12:00:00,0,0.148271,0.33565,0
6229,2016-06-16 13:00:00,0,0.148271,0.33565,0
6230,2016-06-16 14:00:00,0,0.148271,0.335643,0
6231,2016-06-16 15:00:00,0,0.148273,0.335605,0
6232,2016-06-16 16:00:00,0,0.148275,0.33553,0
6233,2016-06-16 17:00:00,0,0.148278,0.335434,0
6234,2016-06-16 18:00:00,0,0.148282,0.335322,0
6235,2016-06-16 19:00:00,0,0.148285,0.335207,0
6236,2016-06-16 20:00:00,0,0.148289,0.335092,0
6237,2016-06-16 21:00:00,0,0.148292,0.334993,0
6238,2016-06-16 22:00:00,0,0.148294,0.334926,0
6239,2016-06-16 23:00:00,0,0.148295,0.334902,0
6240,2016-06-17 00:00:00,0,0.148295,0.334884,0
6241,2016-06-17 01:00:00,0,0.148296,0.334869,0
6242,2016-06-17 02:00:00,0,0.148296,0.334858,0
6243,2016-06-17 03:00:00,0,0.148296,0.334851,0
6244,2016-06-17 04:00:00,0,0.148297,0.334848,0
6245,2016-06-17 05:00:00,0,0.148297,0.334848,0
6246,2016-06-17 06:00:00,0,0.148297,0.334847,0
6247,2016-06-17 07:00:00,0,0.148297,0.334847,0
6248,2016-06-17 08:00:00,0,0.148297,0.334848,0
6249,2016-06-17 09:00:00,0,0.148296,0.334848,0
6250,2016-06-17 10:00:00,0,0.148297,0.334847,0
6251,2016-06-17 11:00:00,0,0.148297,0.334842,0
6252,2016-06-17 12:00:00,0,0.148297,0.334839,0
6253,2016-06-17 13:00:00,0,0.148297,0.33483,0
6254,2016-06-17 14:00:00,0,0.148298,0.334801,0
6255,2016-06-17 15:00:00,0,0.1483,0.334747,0
6256,2016-06-17 16:00:00,0,0.148303,0.33465,0
6257,2016-06-17 17:00:00,0,0.148306,0.334539,0
6258,2016-06-17 18:00:00,0,0.14831,0.334423,0
6259,2016-06-17 19:00:00,0,0.148313,0.334308,0
6260,2016-06-17 20:00:00,0,0.148317,0.334197,0
6261,2016-06-17 21:00:00,0,0.14832,0.334105,0
6262,2016-06-17 22:00:00,0,0.148322,0.334041,0
6263,2016-06-17 23:00:00,0,0.148322,0.334019,0
6264,2016-06-18 00:00:00,0,0.148323,0.333999,0
6265,2016-06-18 01:00:00,0,0.148323,0.33398,0
6266,2016-06-18 02:00:00,0,0.148324,0.333965,0
6267,2016-06-18 03:00:00,0,0.148324,0.33395,0
6268,2016-06-18 04:00:00,0,0.148325,0.333934,0
6269,2016-06-18 05:00:00,0,0.148325,0.33392,0
6270,2016-06-18 06:00:00,0,0.148326,0.333904,0
6271,2016-06-18 07:00:00,0,0.148326,0.333887,0
6272,2016-06-18 08:00:00,0,0.148327,0.333872,0
6273,2016-06-18 09:00:00,0,0.148327,0.333856,0
6274,2016-06-18 10:00:00,0,0.148328,0.333844,0
6275,2016-06-18 11:00:00,0,0.148328,0.333836,0
6276,2016-06-18 12:00:00,0,0.148328,0.333834,0
6277,2016-06-18 13:00:00,0,0.148328,0.333834,0
6278,2016-06-18 14:00:00,0,0.148328,0.333827,0
6279,2016-06-18 15:00:00,0,0.148329,0.333786,0
6280,2016-06-18 16:00:00,0,0.148332,0.333715,0
6281,2016-06-18 17:00:00,0,0.148334,0.333633,0
6282,2016-06-18 18:00:00,0,0.148336,0.333561,0
6283,2016-06-18 19:00:00,0,0.148338,0.333493,0
6284,2016-06-18 20:00:00,0,0.14834,0.333427,0
6285,2016-06-18 21:00:00,0,0.148342,0.33337,0
6286,2016-06-18 22:00:00,0,0.148343,0.333347,0
6287,2016-06-18 23:00:00,0,0.148343,0.333331,0
6288,2016-06-19 00:00:00,0,0.148344,0.333313,0
6289,2016-06-19 01:00:00,0,0.148345,0.333293,0
6290,2016-06-19 02:00:00,0,0.148345,0.333274,0
6291,2016-06-19 03:00:00,0,0.148346,0.333256,0
6292,2016-06-19 04:00:00,0,0.148346,0.333235,0
6293,2016-06-19 05:00:00,0,0.148347,0.333219,0
6294,2016-06-19 06:00:00,0,0.148347,0.333206,0
6295,2016-06-19 07:00:00,0,0.148348,0.333194,0
6296,2016-06-19 08:00:00,0,0.148348,0.333183,0
6297,2016-06-19 09:00:00,0,0.148348,0.333175,0
6298,2016-06-19 10:00:00,0,0.148348,0.333168,0
6299,2016-06-19 11:00:00,0,0.148348,0.333163,0
6300,2016-06-19 12:00:00,0,0.148348,0.333168,0
6301,2016-06-19 13:00:00,0,0.148348,0.333172,0
6302,2016-06-19 14:00:00,0,0.148348,0.333167,0
6303,2016-06-19 15:00:00,0,0.14835,0.333126,0
6304,2016-06-19 16:00:00,0,0.148352,0.333042,0
6305,2016-06-19 17:00:00,0,0.148356,0.332921,0
6306,2016-06-19 18:00:00,0,0.14836,0.332773,0
6307,2016-06-19 19:00:00,0,0.148365,0.332614,0
6308,2016-06-19 20:00:00,0,0.14837,0.332456,0
6309,2016-06-19 21:00:00,0,0.148374,0.332321,0
6310,2016-06-19 22:00:00,0,0.148377,0.33222,0
6311,2016-06-19 23:00:00,0,0.148379,0.332162,0
6312,2016-06-20 00:00:00,0,0.14838,0.332125,0
6313,2016-06-20 01:00:00,0,0.14838,0.332112,0
6314,2016-06-20 02:00:00,0,0.148381,0.332098,0
6315,2016-06-20 03:00:00,0,0.148381,0.332086,0
6316,2016-06-20 04:00:00,0,0.148381,0.332077,0
6317,2016-06-20 05:00:00,0,0.148381,0.332068,0
6318,2016-06-20 06:00:00,0,0.148382,0.332064,0
6319,2016-06-20 07:00:00,0,0.148382,0.332061,0
6320,2016-06-20 08:00:00,0,0.148382,0.332061,0
6321,2016-06-20 09:00:00,0,0.148382,0.332061,0
6322,2016-06-20 10:00:00,0,0.148382,0.332061,0
6323,2016-06-20 11:00:00,0,0.148382,0.332063,0
6324,2016-06-20 12:00:00,0,0.148381,0.332069,0
6325,2016-06-20 13:00:00,0,0.148381,0.332075,0
6326,2016-06-20 14:00:00,0,0.148381,0.332072,0
6327,2016-06-20 15:00:00,0,0.148382,0.332038,0
6328,2016-06-20 16:00:00,0,0.148385,0.33196,0
6329,2016-06-20 17:00:00,0,0.148388,0.331844,0
6330,2016-06-20 18:00:00,0,0.148392,0.331699,0
6331,2016-06-20 19:00:00,0,0.148397,0.331539,0
6332,2016-06-20 20:00:00,0,0.148402,0.331383,0
6333,2016-06-20 21:00:00,0,0.148406,0.331252,0
6334,2016-06-20 22:00:00,0,0.148408,0.331161,0
6335,2016-06-20 23:00:00,0,0.14841,0.331101,0
6336,2016-06-21 00:00:00,0,0.148412,0.331052,0
6337,2016-06-21 01:00:00,0,0.148413,0.331011,0
6338,2016-06-21 02:00:00,0,0.148414,0.330976,0
6339,2016-06-21 03:00:00,0,0.148415,0.330947,0
6340,2016-06-21 04:00:00,0,0.148415,0.330926,0
6341,2016-06-21 05:00:00,0,0.148416,0.330911,0
6342,2016-06-21 06:00:00,0,0.148416,0.3309,0
6343,2016-06-21 07:00:00,0,0.148416,0.330894,0
6344,2016-06-21 08:00:00,0,0.148416,0.330891,0
6345,2016-06-21 09:00:00,0,0.148416,0.330889,0.000437
6346,2016-06-21 10:00:00,0,0.148395,0.331607,0.000266
6347,2016-06-21 11:00:00,0,0.148382,0.332045,0.000019
6348,2016-06-21 12:00:00,0,0.148381,0.332081,0.000087
6349,2016-06-21 13:00:00,0,0.148377,0.332229,0
6350,2016-06-21 14:00:00,0,0.148376,0.332234,0
6351,2016-06-21 15:00:00,0,0.148377,0.332234,0
6352,2016-06-21 16:00:00,0,0.148378,0.332198,0
6353,2016-06-21 17:00:00,0,0.148382,0.33204,0
6354,2016-06-21 18:00:00,0,0.148388,0.331844,0
6355,2016-06-21 19:00:00,0,0.148394,0.331632,0
6356,2016-06-21 20:00:00,0,0.1484,0.33143,0
6357,2016-06-21 21:00:00,0,0.148405,0.331261,0
6358,2016-06-21 22:00:00,0,0.148409,0.331124,0
6359,2016-06-21 23:00:00,0,0.148412,0.331048,0
6360,2016-06-22 00:00:00,0,0.148413,0.331008,0
6361,2016-06-22 01:00:00,0,0.148413,0.330986,0
6362,2016-06-22 02:00:00,0,0.148414,0.330965,0
6363,2016-06-22 03:00:00,0,0.148415,0.330935,0
6364,2016-06-22 04:00:00,0,0.148416,0.330902,0
6365,2016-06-22 05:00:00,0,0.148416,0.330885,0
6366,2016-06-22 06:00:00,0,0.148417,0.330875,0
6367,2016-06-22 07:00:00,0,0.148417,0.330869,0
6368,2016-06-22 08:00:00,0,0.148417,0.330865,0
6369,2016-06-22 09:00:00,0,0.148417,0.330862,0
6370,2016-06-22 10:00:00,0,0.148417,0.33086,0
6371,2016-06-22 11:00:00,0,0.148417,0.330858,0
6372,2016-06-22 12:00:00,0,0.148417,0.330857,0
6373,2016-06-22 13:00:00,0,0.148417,0.330857,0
6374,2016-06-22 14:00:00,0,0.148418,0.330845,0
6375,2016-06-22 15:00:00,0,0.148419,0.330799,0
6376,2016-06-22 16:00:00,0,0.148421,0.330718,0
6377,2016-06-22 17:00:00,0,0.148425,0.330591,0
6378,2016-06-22 18:00:00,0,0.148429,0.330445,0
6379,2016-06-22 19:00:00,0,0.148434,0.330288,0
6380,2016-06-22 20:00:00,0,0.148438,0.330133,0
6381,2016-06-22 21:00:00,0,0.148443,0.329987,0
6382,2016-06-22 22:00:00,0,0.148446,0.329873,0
6383,2016-06-22 23:00:00,0,0.148448,0.329805,0
6384,2016-06-23 00:00:00,0,0.148449,0.329764,0
6385,2016-06-23 01:00:00,0,0.148449,0.329747,0
6386,2016-06-23 02:00:00,0,0.14845,0.329731,0
6387,2016-06-23 03:00:00,0,0.148451,0.329708,0
6388,2016-06-23 04:00:00,0,0.148451,0.329687,0
6389,2016-06-23 05:00:00,0,0.148451,0.329677,0
6390,2016-06-23 06:00:00,0,0.148452,0.329671,0
6391,2016-06-23 07:00:00,0,0.148452,0.329668,0
6392,2016-06-23 08:00:00,0,0.148452,0.329663,0
6393,2016-06-23 09:00:00,0,0.148452,0.329658,0
6394,2016-06-23 10:00:00,0,0.148452,0.32965,0
6395,2016-06-23 11:00:00,0,0.148452,0.329648,0
6396,2016-06-23 12:00:00,0,0.148452,0.329648,0
6397,2016-06-23 13:00:00,0,0.148452,0.329647,0
6398,2016-06-23 14:00:00,0,0.148453,0.329639,0
6399,2016-06-23 15:00:00,0,0.148454,0.329602,0
6400,2016-06-23 16:00:00,0,0.148455,0.329537,0
6401,2016-06-23 17:00:00,0,0.148458,0.329457,0
6402,2016-06-23 18:00:00,0,0.14846,0.329365,0
6403,2016-06-23 19:00:00,0,0.148463,0.329269,0
6404,2016-06-23 20:00:00,0,0.148466,0.329173,0
6405,2016-06-23 21:00:00,0,0.148468,0.329097,0
6406,2016-06-23 22:00:00,0,0.148469,0.32905,0
6407,2016-06-23 23:00:00,0,0.14847,0.329042,0
6408,2016-06-24 00:00:00,0,0.14847,0.329036,0
6409,2016-06-24 01:00:00,0,0.14847,0.329034,0
6410,2016-06-24 02:00:00,0,0.14847,0.329032,0
6411,2016-06-24 03:00:00,0,0.14847,0.329032,0
6412,2016-06-24 04:00:00,0,0.14847,0.329034,0
6413,2016-06-24 05:00:00,0,0.14847,0.329035,0
6414,2016-06-24 06:00:00,0,0.14847,0.329035,0
6415,2016-06-24 07:00:00,0,0.14847,0.329034,0
6416,2016-06-24 08:00:00,0,0.14847,0.329031,0
6417,2016-06-24 09:00:00,0,0.14847,0.329024,0
6418,2016-06-24 10:00:00,0,0.14847,0.329012,0
6419,2016-06-24 11:00:00,0,0.148471,0.328997,0
6420,2016-06-24 12:00:00,0,0.148471,0.328987,0
6421,2016-06-24 13:00:00,0,0.148472,0.328974,0
6422,2016-06-24 14:00:00,0,0.148472,0.328943,0
6423,2016-06-24 15:00:00,0,0.148474,0.328882,0
6424,2016-06-24 16:00:00,0,0.148477,0.328781,0
6425,2016-06-24 17:00:00,0,0.14848,0.328663,0
6426,2016-06-24 18:00:00,0,0.148484,0.328536,0
6427,2016-06-24 19:00:00,0,0.148487,0.328413,0
6428,2016-06-24 20:00:00,0,0.148491,0.328299,0
6429,2016-06-24 21:00:00,0,0.148493,0.328209,0
6430,2016-06-24 22:00:00,0,0.148494,0.328158,0
6431,2016-06-24 23:00:00,0,0.148495,0.328138,0
6432,2016-06-25 00:00:00,0,0.148496,0.328118,0
6433,2016-06-25 01:00:00,0,0.148496,0.3281,0
6434,2016-06-25 02:00:00,0,0.148497,0.328085,0
6435,2016-06-25 03:00:00,0,0.148497,0.328071,0
6436,2016-06-25 04:00:00,0,0.148497,0.328059,0
6437,2016-06-25 05:00:00,0,0.148498,0.328049,0
6438,2016-06-25 06:00:00,0,0.148498,0.32804,0
6439,2016-06-25 07:00:00,0,0.148498,0.328032,0
6440,2016-06-25 08:00:00,0,0.148498,0.328026,0
6441,2016-06-25 09:00:00,0,0.148498,0.32802,0
6442,2016-06-25 10:00:00,0,0.148499,0.328014,0
6443,2016-06-25 11:00:00,0,0.148499,0.328011,0
6444,2016-06-25 12:00:00,0,0.148499,0.32801,0
6445,2016-06-25 13:00:00,0,0.148499,0.32801,0
6446,2016-06-25 14:00:00,0,0.148499,0.328,0
6447,2016-06-25 15:00:00,0,0.1485,0.327953,0
6448,2016-06-25 16:00:00,0,0.148502,0.327878,0
6449,2016-06-25 17:00:00,0,0.148505,0.327782,0
6450,2016-06-25 18:00:00,0,0.148508,0.32767,0
6451,2016-06-25 19:00:00,0,0.148511,0.327554,0
6452,2016-06-25 20:00:00,0,0.148514,0.327445,0
6453,2016-06-25 21:00:00,0,0.148517,0.327356,0
6454,2016-06-25 22:00:00,0,0.148518,0.327298,0
6455,2016-06-25 23:00:00,0,0.148519,0.327278,0
6456,2016-06-26 00:00:00,0,0.148519,0.32726,0
6457,2016-06-26 01:00:00,0,0.14852,0.327243,0
6458,2016-06-26 02:00:00,0,0.14852,0.32723,0
6459,2016-06-26 03:00:00,0,0.148521,0.327219,0
6460,2016-06-26 04:00:00,0,0.148521,0.327209,0
6461,2016-06-26 05:00:00,0,0.148521,0.327201,0
6462,2016-06-26 06:00:00,0,0.148521,0.327195,0
6463,2016-06-26 07:00:00,0,0.148521,0.327188,0
6464,2016-06-26 08:00:00,0,0.148522,0.327181,0
6465,2016-06-26 09:00:00,0,0.148522,0.327174,0
6466,2016-06-26 10:00:00,0,0.148522,0.327163,0
6467,2016-06-26 11:00:00,0,0.148522,0.327158,0
6468,2016-06-26 12:00:00,0,0.148522,0.327157,0
6469,2016-06-26 13:00:00,0,0.148522,0.327157,0
6470,2016-06-26 14:00:00,0,0.148523,0.327146,0
6471,2016-06-26 15:00:00,0,0.148524,0.327103,0
6472,2016-06-26 16:00:00,0,0.148526,0.32703,0
6473,2016-06-26 17:00:00,0,0.148528,0.326932,0
6474,2016-06-26 18:00:00,0,0.148532,0.326812,0
6475,2016-06-26 19:00:00,0,0.148535,0.326678,0
6476,2016-06-26 20:00:00,0,0.148539,0.326541,0
6477,2016-06-26 21:00:00,0,0.148542,0.326419,0
6478,2016-06-26 22:00:00,0,0.148545,0.326329,0
6479,2016-06-26 23:00:00,0,0.148546,0.326284,0
6480,2016-06-27 00:00:00,0,0.148547,0.326251,0
6481,2016-06-27 01:00:00,0,0.148548,0.326232,0
6482,2016-06-27 02:00:00,0,0.148548,0.326213,0
6483,2016-06-27 03:00:00,0,0.148549,0.326186,0
6484,2016-06-27 04:00:00,0,0.14855,0.326158,0
6485,2016-06-27 05:00:00,0,0.14855,0.326134,0
6486,2016-06-27 06:00:00,0,0.148551,0.326113,0
6487,2016-06-27 07:00:00,0,0.148551,0.326096,0
6488,2016-06-27 08:00:00,0,0.148552,0.326084,0
6489,2016-06-27 09:00:00,0,0.148552,0.326075,0
6490,2016-06-27 10:00:00,0,0.148552,0.326069,0
6491,2016-06-27 11:00:00,0,0.148552,0.326069,0
6492,2016-06-27 12:00:00,0,0.148552,0.326073,0
6493,2016-06-27 13:00:00,0,0.148552,0.326077,0
6494,2016-06-27 14:00:00,0,0.148552,0.326067,0
6495,2016-06-27 15:00:00,0,0.148554,0.326011,0
6496,2016-06-27 16:00:00,0,0.148557,0.3259,0
6497,2016-06-27 17:00:00,0,0.148561,0.32575,0
6498,2016-06-27 18:00:00,0,0.148565,0.325584,0
6499,2016-06-27 19:00:00,0,0.148569,0.325422,0
6500,2016-06-27 20:00:00,0,0.148573,0.325286,0
6501,2016-06-27 21:00:00,0,0.148576,0.325174,0
6502,2016-06-27 22:00:00,0,0.148578,0.325105,0
6503,2016-06-27 23:00:00,0,0.148579,0.325076,0
6504,2016-06-28 00:00:00,0,0.148579,0.325056,0
6505,2016-06-28 01:00:00,0,0.148579,0.325046,0
6506,2016-06-28 02:00:00,0,0.14858,0.325037,0
6507,2016-06-28 03:00:00,0,0.14858,0.325028,0
6508,2016-06-28 04:00:00,0,0.14858,0.325019,0
6509,2016-06-28 05:00:00,0,0.14858,0.325012,0
6510,2016-06-28 06:00:00,0,0.14858,0.325006,0
6511,2016-06-28 07:00:00,0,0.148581,0.325001,0
6512,2016-06-28 08:00:00,0,0.148581,0.324995,0
6513,2016-06-28 09:00:00,0,0.148581,0.324989,0
6514,2016-06-28 10:00:00,0,0.148581,0.324985,0
6515,2016-06-28 11:00:00,0,0.148581,0.324981,0
6516,2016-06-28 12:00:00,0,0.148581,0.324984,0
6517,2016-06-28 13:00:00,0,0.148581,0.324984,0
6518,2016-06-28 14:00:00,0,0.148581,0.32498,0
6519,2016-06-28 15:00:00,0,0.148582,0.324966,0.000028
6520,2016-06-28 16:00:00,0,0.148581,0.324977,0.000072
6521,2016-06-28 17:00:00,0,0.148579,0.325062,0
6522,2016-06-28 18:00:00,0,0.148581,0.32499,0
6523,2016-06-28 19:00:00,0,0.148583,0.324904,0
6524,2016-06-28 20:00:00,0,0.148586,0.324816,0
6525,2016-06-28 21:00:00,0,0.148587,0.324747,0
6526,2016-06-28 22:00:00,0,0.148588,0.324707,0
6527,2016-06-28 23:00:00,0,0.148589,0.324693,0
6528,2016-06-29 00:00:00,0,0.148589,0.324683,0
6529,2016-06-29 01:00:00,0,0.148589,0.324679,0
6530,2016-06-29 02:00:00,0,0.148589,0.324675,0
6531,2016-06-29 03:00:00,0,0.148589,0.324674,0
6532,2016-06-29 04:00:00,0,0.148589,0.324675,0
6533,2016-06-29 05:00:00,0,0.148589,0.324676,0.000553
6534,2016-06-29 06:00:00,0,0.148565,0.325594,0.000102
6535,2016-06-29 07:00:00,0,0.14856,0.325767,0.000015
6536,2016-06-29 08:00:00,0,0.148559,0.325794,0
6537,2016-06-29 09:00:00,0,0.148559,0.325797,0
6538,2016-06-29 10:00:00,0,0.148559,0.325799,0.000787
6539,2016-06-29 11:00:00,0,0.148524,0.327099,0.000727
6540,2016-06-29 12:00:00,0,0.148491,0.328299,0
6541,2016-06-29 13:00:00,0,0.14849,0.328304,0
6542,2016-06-29 14:00:00,0,0.14849,0.328309,0
6543,2016-06-29 15:00:00,0,0.14849,0.328312,0
6544,2016-06-29 16:00:00,0,0.14849,0.328308,0
6545,2016-06-29 17:00:00,0,0.148491,0.328295,0
6546,2016-06-29 18:00:00,0,0.148492,0.328235,0
6547,2016-06-29 19:00:00,0,0.148495,0.328147,0
6548,2016-06-29 20:00:00,0,0.148497,0.328065,0.000067
6549,2016-06-29 21:00:00,0,0.148495,0.328145,0
6550,2016-06-29 22:00:00,0,0.148497,0.328084,0
6551,2016-06-29 23:00:00,0,0.148497,0.328073,0
6552,2016-06-30 00:00:00,0,0.148497,0.328064,0
6553,2016-06-30 01:00:00,0,0.148497,0.328057,0
6554,2016-06-30 02:00:00,0,0.148498,0.328051,0
6555,2016-06-30 03:00:00,0,0.148498,0.328042,0
6556,2016-06-30 04:00:00,0,0.148498,0.328032,0
6557,2016-06-30 05:00:00,0,0.148498,0.328019,0
6558,2016-06-30 06:00:00,0,0.148499,0.328003,0
6559,2016-06-30 07:00:00,0,0.148499,0.327992,0
6560,2016-06-30 08:00:00,0,0.148499,0.327981,0
6561,2016-06-30 09:00:00,0,0.1485,0.327969,0
6562,2016-06-30 10:00:00,0,0.1485,0.327957,0
6563,2016-06-30 11:00:00,0,0.1485,0.327949,0
6564,2016-06-30 12:00:00,0,0.1485,0.327949,0
6565,2016-06-30 13:00:00,0,0.1485,0.32795,0
6566,2016-06-30 14:00:00,0,0.148501,0.327934,0
6567,2016-06-30 15:00:00,0,0.148502,0.32788,0
6568,2016-06-30 16:00:00,0,0.148505,0.327789,0
6569,2016-06-30 17:00:00,0,0.148508,0.327678,0
6570,2016-06-30 18:00:00,0,0.148512,0.327545,0
6571,2016-06-30 19:00:00,0,0.148515,0.327403,0
6572,2016-06-30 20:00:00,0,0.14852,0.327256,0
6573,2016-06-30 21:00:00,0,0.148523,0.327131,0
6574,2016-06-30 22:00:00,0,0.148526,0.327036,0
6575,2016-06-30 23:00:00,0,0.148527,0.327,0
6576,2016-07-01 00:00:00,0,0.148527,0.326983,0
6577,2016-07-01 01:00:00,0,0.148527,0.326968,0
6578,2016-07-01 02:00:00,0,0.148528,0.326953,0
6579,2016-07-01 03:00:00,0,0.148529,0.326929,0
6580,2016-07-01 04:00:00,0,0.148529,0.326908,0
6581,2016-07-01 05:00:00,0,0.14853,0.32689,0
6582,2016-07-01 06:00:00,0,0.14853,0.326874,0
6583,2016-07-01 07:00:00,0,0.14853,0.32686,0
6584,2016-07-01 08:00:00,0,0.148531,0.326851,0
6585,2016-07-01 09:00:00,0,0.148531,0.326846,0
6586,2016-07-01 10:00:00,0,0.148531,0.326841,0
6587,2016-07-01 11:00:00,0,0.148531,0.326839,0
6588,2016-07-01 12:00:00,0,0.148531,0.326841,0
6589,2016-07-01 13:00:00,0,0.148531,0.326843,0
6590,2016-07-01 14:00:00,0,0.148531,0.326832,0
6591,2016-07-01 15:00:00,0,0.148533,0.326781,0
6592,2016-07-01 16:00:00,0,0.148535,0.326685,0
6593,2016-07-01 17:00:00,0,0.148538,0.326572,0
6594,2016-07-01 18:00:00,0,0.148541,0.326465,0
6595,2016-07-01 19:00:00,0,0.148544,0.326376,0
6596,2016-07-01 20:00:00,0,0.148546,0.326291,0
6597,2016-07-01 21:00:00,0,0.148548,0.326208,0
6598,2016-07-01 22:00:00,0,0.14855,0.326155,0
6599,2016-07-01 23:00:00,0,0.14855,0.326132,0
6600,2016-07-02 00:00:00,0,0.148551,0.326118,0.002391
6601,2016-07-02 01:00:00,0,0.148443,0.329957,0.004477
6602,2016-07-02 02:00:00,0,0.148232,0.336886,0
6603,2016-07-02 03:00:00,0,0.148232,0.336883,0
6604,2016-07-02 04:00:00,0,0.148232,0.336879,0
6605,2016-07-02 05:00:00,0,0.148232,0.336878,0
6606,2016-07-02 06:00:00,0,0.148232,0.336878,0
6607,2016-07-02 07:00:00,0,0.148232,0.336876,0
6608,2016-07-02 08:00:00,0,0.148232,0.336876,0
6609,2016-07-02 09:00:00,0,0.148232,0.336873,0
6610,2016-07-02 10:00:00,0,0.148232,0.336869,0
6611,2016-07-02 11:00:00,0,0.148233,0.336854,0
6612,2016-07-02 12:00:00,0,0.148233,0.336842,0
6613,2016-07-02 13:00:00,0,0.148234,0.33683,0
6614,2016-07-02 14:00:00,0,0.148234,0.33681,0
6615,2016-07-02 15:00:00,0,0.148235,0.33677,0
6616,2016-07-02 16:00:00,0,0.148239,0.336664,0
6617,2016-07-02 17:00:00,0,0.148243,0.336524,0
6618,2016-07-02 18:00:00,0,0.148248,0.33637,0
6619,2016-07-02 19:00:00,0,0.148254,0.336202,0
6620,2016-07-02 20:00:00,0,0.148259,0.336047,0
6621,2016-07-02 21:00:00,0,0.148263,0.335906,0
6622,2016-07-02 22:00:00,0,0.148266,0.335801,0
6623,2016-07-02 23:00:00,0,0.148269,0.335731,0
6624,2016-07-03 00:00:00,0,0.148271,0.335672,0
6625,2016-07-03 01:00:00,0,0.148272,0.33564,0
6626,2016-07-03 02:00:00,0,0.148273,0.335605,0
6627,2016-07-03 03:00:00,0,0.148274,0.335573,0
6628,2016-07-03 04:00:00,0,0.148275,0.33554,0
6629,2016-07-03 05:00:00,0,0.148276,0.335512,0
6630,2016-07-03 06:00:00,0,0.148276,0.335487,0
6631,2016-07-03 07:00:00,0,0.148277,0.335464,0
6632,2016-07-03 08:00:00,0,0.148278,0.335446,0
6633,2016-07-03 09:00:00,0,0.148278,0.335428,0
6634,2016-07-03 10:00:00,0,0.148279,0.335413,0
6635,2016-07-03 11:00:00,0,0.148279,0.335401,0
6636,2016-07-03 12:00:00,0,0.148279,0.335394,0
6637,2016-07-03 13:00:00,0,0.148279,0.335391,0
6638,2016-07-03 14:00:00,0,0.14828,0.335363,0
6639,2016-07-03 15:00:00,0,0.148282,0.335299,0
6640,2016-07-03 16:00:00,0,0.148286,0.335188,0
6641,2016-07-03 17:00:00,0,0.14829,0.335053,0
6642,2016-07-03 18:00:00,0,0.148295,0.334898,0
6643,2016-07-03 19:00:00,0,0.1483,0.334732,0
6644,2016-07-03 20:00:00,0,0.148305,0.334564,0
6645,2016-07-03 21:00:00,0,0.14831,0.334417,0
6646,2016-07-03 22:00:00,0,0.148313,0.334305,0
6647,2016-07-03 23:00:00,0,0.148315,0.334243,0
6648,2016-07-04 00:00:00,0,0.148317,0.334204,0
6649,2016-07-04 01:00:00,0,0.148317,0.334192,0
6650,2016-07-04 02:00:00,0,0.148317,0.334177,0
6651,2016-07-04 03:00:00,0,0.148318,0.334157,0
6652,2016-07-04 04:00:00,0,0.148319,0.334136,0
6653,2016-07-04 05:00:00,0,0.148319,0.334118,0
6654,2016-07-04 06:00:00,0,0.14832,0.334106,0
6655,2016-07-04 07:00:00,0,0.14832,0.334094,0
6656,2016-07-04 08:00:00,0,0.14832,0.334085,0
6657,2016-07-04 09:00:00,0,0.148321,0.334073,0
6658,2016-07-04 10:00:00,0,0.148321,0.334063,0
6659,2016-07-04 11:00:00,0,0.148321,0.334055,0
6660,2016-07-04 12:00:00,0,0.148321,0.334054,0
6661,2016-07-04 13:00:00,0,0.148321,0.334054,0
6662,2016-07-04 14:00:00,0,0.148322,0.334036,0
6663,2016-07-04 15:00:00,0,0.148324,0.333976,0
6664,2016-07-04 16:00:00,0,0.148327,0.333881,0
6665,2016-07-04 17:00:00,0,0.14833,0.333754,0
6666,2016-07-04 18:00:00,0,0.148335,0.333604,0
6667,2016-07-04 19:00:00,0,0.14834,0.333438,0
6668,2016-07-04 20:00:00,0,0.148345,0.333273,0
6669,2016-07-04 21:00:00,0,0.148349,0.333129,0
6670,2016-07-04 22:00:00,0,0.148353,0.33302,0
6671,2016-07-04 23:00:00,0,0.148355,0.33296,0
6672,2016-07-05 00:00:00,0,0.148356,0.332919,0
6673,2016-07-05 01:00:00,0,0.148356,0.3329,0
6674,2016-07-05 02:00:00,0,0.148357,0.332874,0
6675,2016-07-05 03:00:00,0,0.148358,0.332849,0
6676,2016-07-05 04:00:00,0,0.148358,0.332833,0
6677,2016-07-05 05:00:00,0,0.148359,0.332824,0
6678,2016-07-05 06:00:00,0,0.148359,0.332815,0.000026
6679,2016-07-05 07:00:00,0,0.148358,0.332855,0.000982
6680,2016-07-05 08:00:00,0,0.148309,0.334447,0.002623
6681,2016-07-05 09:00:00,0,0.148176,0.338586,0.000846
6682,2016-07-05 10:00:00,0,0.14813,0.339947,0.000152
6683,2016-07-05 11:00:00,0,0.148122,0.340193,0.000079
6684,2016-07-05 12:00:00,0,0.148117,0.340325,0
6685,2016-07-05 13:00:00,0,0.148117,0.340329,0
6686,2016-07-05 14:00:00,0,0.148117,0.340333,0
6687,2016-07-05 15:00:00,0,0.148117,0.340337,0
6688,2016-07-05 16:00:00,0,0.148117,0.340338,0
6689,2016-07-05 17:00:00,0,0.148117,0.34032,0
6690,2016-07-05 18:00:00,0,0.148119,0.340262,0
6691,2016-07-05 19:00:00,0,0.148123,0.340161,0
6692,2016-07-05 20:00:00,0,0.148126,0.340056,0
6693,2016-07-05 21:00:00,0,0.148129,0.33997,0
6694,2016-07-05 22:00:00,0,0.148132,0.339909,0
6695,2016-07-05 23:00:00,0,0.148132,0.339894,0
6696,2016-07-06 00:00:00,0,0.148132,0.339886,0
6697,2016-07-06 01:00:00,0,0.148132,0.339885,0
6698,2016-07-06 02:00:00,0,0.148132,0.339884,0
6699,2016-07-06 03:00:00,0,0.148133,0.339878,0
6700,2016-07-06 04:00:00,0,0.148133,0.339871,0
6701,2016-07-06 05:00:00,0,0.148133,0.339864,0
6702,2016-07-06 06:00:00,0,0.148133,0.339857,0
6703,2016-07-06 07:00:00,0,0.148134,0.339849,0
6704,2016-07-06 08:00:00,0,0.148134,0.339845,0
6705,2016-07-06 09:00:00,0,0.148134,0.339844,0
6706,2016-07-06 10:00:00,0,0.148134,0.339837,0
6707,2016-07-06 11:00:00,0,0.148134,0.339834,0
6708,2016-07-06 12:00:00,0,0.148134,0.339834,0
6709,2016-07-06 13:00:00,0,0.148134,0.339835,0
6710,2016-07-06 14:00:00,0,0.148135,0.339821,0
6711,2016-07-06 15:00:00,0,0.148136,0.339772,0
6712,2016-07-06 16:00:00,0,0.148139,0.33968,0
6713,2016-07-06 17:00:00,0,0.148143,0.339565,0
6714,2016-07-06 18:00:00,0,0.148148,0.339435,0
6715,2016-07-06 19:00:00,0,0.148152,0.339293,0
6716,2016-07-06 20:00:00,0,0.148157,0.339155,0
6717,2016-07-06 21:00:00,0,0.148161,0.339032,0
6718,2016-07-06 22:00:00,0,0.148164,0.338948,0
6719,2016-07-06 23:00:00,0,0.148165,0.338912,0
6720,2016-07-07 00:00:00,0,0.148166,0.33889,0
6721,2016-07-07 01:00:00,0,0.148166,0.33888,0
6722,2016-07-07 02:00:00,0,0.148167,0.33887,0
6723,2016-07-07 03:00:00,0,0.148167,0.338858,0
6724,2016-07-07 04:00:00,0,0.148167,0.338846,0
6725,2016-07-07 05:00:00,0,0.148167,0.338841,0
6726,2016-07-07 06:00:00,0,0.148168,0.33884,0
6727,2016-07-07 07:00:00,0,0.148167,0.33884,0
6728,2016-07-07 08:00:00,0,0.148167,0.338842,0
6729,2016-07-07 09:00:00,0,0.148167,0.338843,0
6730,2016-07-07 10:00:00,0,0.148167,0.338844,0
6731,2016-07-07 11:00:00,0,0.148167,0.338846,0
6732,2016-07-07 12:00:00,0,0.148167,0.338849,0
6733,2016-07-07 13:00:00,0,0.148167,0.338851,0
6734,2016-07-07 14:00:00,0,0.148167,0.338844,0
6735,2016-07-07 15:00:00,0,0.148169,0.338807,0
6736,2016-07-07 16:00:00,0,0.148171,0.33873,0
6737,2016-07-07 17:00:00,0,0.148174,0.338638,0
6738,2016-07-07 18:00:00,0,0.148178,0.338529,0
6739,2016-07-07 19:00:00,0,0.148181,0.338432,0.000101
6740,2016-07-07 20:00:00,0,0.148177,0.338551,0.000215
6741,2016-07-07 21:00:00,0,0.148166,0.338878,0.000035
6742,2016-07-07 22:00:00,0,0.148165,0.338922,0
6743,2016-07-07 23:00:00,0,0.148165,0.338922,0
6744,2016-07-08 00:00:00,0,0.148165,0.338922,0
6745,2016-07-08 01:00:00,0,0.148165,0.338924,0
6746,2016-07-08 02:00:00,0,0.148165,0.338924,0
6747,2016-07-08 03:00:00,0,0.148165,0.338925,0
6748,2016-07-08 04:00:00,0,0.148165,0.338927,0
6749,2016-07-08 05:00:00,0,0.148165,0.338929,0
6750,2016-07-08 06:00:00,0,0.148165,0.33893,0
6751,2016-07-08 07:00:00,0,0.148165,0.33893,0
6752,2016-07-08 08:00:00,0,0.148165,0.33893,0
6753,2016-07-08 09:00:00,0,0.148165,0.33893,0
6754,2016-07-08 10:00:00,0,0.148165,0.33893,0
6755,2016-07-08 11:00:00,0,0.148165,0.33893,0
6756,2016-07-08 12:00:00,0,0.148165,0.338928,0
6757,2016-07-08 13:00:00,0,0.148165,0.338921,0
6758,2016-07-08 14:00:00,0,0.148165,0.338911,0
6759,2016-07-08 15:00:00,0,0.148166,0.338896,0
6760,2016-07-08 16:00:00,0,0.148167,0.338866,0
6761,2016-07-08 17:00:00,0,0.148169,0.338793,0
6762,2016-07-08 18:00:00,0,0.148172,0.338695,0
6763,2016-07-08 19:00:00,0,0.148176,0.33859,0
6764,2016-07-08 20:00:00,0,0.148179,0.338488,0
6765,2016-07-08 21:00:00,0,0.148182,0.338393,0
6766,2016-07-08 22:00:00,0,0.148185,0.338323,0
6767,2016-07-08 23:00:00,0,0.148186,0.338289,0
6768,2016-07-09 00:00:00,0,0.148187,0.338261,0
6769,2016-07-09 01:00:00,0,0.148187,0.338241,0
6770,2016-07-09 02:00:00,0,0.148188,0.338221,0
6771,2016-07-09 03:00:00,0,0.148189,0.338199,0
6772,2016-07-09 04:00:00,0,0.14819,0.338176,0
6773,2016-07-09 05:00:00,0,0.14819,0.338154,0
6774,2016-07-09 06:00:00,0,0.148191,0.338133,0
6775,2016-07-09 07:00:00,0,0.148192,0.338112,0
6776,2016-07-09 08:00:00,0,0.148192,0.338096,0
6777,2016-07-09 09:00:00,0,0.148193,0.33808,0
6778,2016-07-09 10:00:00,0,0.148193,0.338063,0
6779,2016-07-09 11:00:00,0,0.148194,0.33805,0
6780,2016-07-09 12:00:00,0,0.148194,0.338039,0
6781,2016-07-09 13:00:00,0,0.148195,0.338026,0
6782,2016-07-09 14:00:00,0,0.148195,0.338009,0
6783,2016-07-09 15:00:00,0,0.148196,0.337983,0
6784,2016-07-09 16:00:00,0,0.148197,0.337946,0
6785,2016-07-09 17:00:00,0,0.148199,0.337901,0
6786,2016-07-09 18:00:00,0,0.1482,0.33785,0
6787,2016-07-09 19:00:00,0,0.148202,0.33779,0
6788,2016-07-09 20:00:00,0,0.148204,0.337732,0
6789,2016-07-09 21:00:00,0,0.148206,0.337681,0
6790,2016-07-09 22:00:00,0,0.148207,0.337645,0
6791,2016-07-09 23:00:00,0,0.148207,0.337631,0
6792,2016-07-10 00:00:00,0,0.148208,0.337623,0
6793,2016-07-10 01:00:00,0,0.148208,0.337619,0
6794,2016-07-10 02:00:00,0,0.148208,0.337616,0
6795,2016-07-10 03:00:00,0,0.148208,0.337614,0
6796,2016-07-10 04:00:00,0,0.148208,0.337609,0
6797,2016-07-10 05:00:00,0,0.148208,0.337603,0
6798,2016-07-10 06:00:00,0,0.148209,0.337598,0
6799,2016-07-10 07:00:00,0,0.148209,0.337592,0
6800,2016-07-10 08:00:00,0,0.148209,0.337588,0
6801,2016-07-10 09:00:00,0,0.148209,0.337583,0
6802,2016-07-10 10:00:00,0,0.148209,0.33758,0
6803,2016-07-10 11:00:00,0,0.148209,0.337578,0
6804,2016-07-10 12:00:00,0,0.148209,0.337577,0
6805,2016-07-10 13:00:00,0,0.148209,0.337576,0
6806,2016-07-10 14:00:00,0,0.148209,0.337571,0
6807,2016-07-10 15:00:00,0,0.14821,0.337557,0
6808,2016-07-10 16:00:00,0,0.148211,0.337523,0
6809,2016-07-10 17:00:00,0,0.148212,0.33748,0
6810,2016-07-10 18:00:00,0,0.148214,0.337427,0
6811,2016-07-10 19:00:00,0,0.148216,0.337369,0
6812,2016-07-10 20:00:00,0,0.148218,0.33731,0
6813,2016-07-10 21:00:00,0,0.14822,0.337255,0
6814,2016-07-10 22:00:00,0,0.148221,0.337218,0.000043
6815,2016-07-10 23:00:00,0,0.148219,0.337283,0.002656
6816,2016-07-11 00:00:00,0,0.148079,0.341447,0.000215
6817,2016-07-11 01:00:00,0,0.148067,0.341792,0.000092
6818,2016-07-11 02:00:00,0,0.148061,0.341939,0
6819,2016-07-11 03:00:00,0,0.148062,0.341932,0
6820,2016-07-11 04:00:00,0,0.148062,0.341924,0
6821,2016-07-11 05:00:00,0,0.148062,0.341916,0
6822,2016-07-11 06:00:00,0,0.148062,0.341908,0
6823,2016-07-11 07:00:00,0,0.148063,0.341903,0
6824,2016-07-11 08:00:00,0,0.148063,0.341899,0
6825,2016-07-11 09:00:00,0,0.148063,0.341894,0
6826,2016-07-11 10:00:00,0,0.148063,0.34189,0
6827,2016-07-11 11:00:00,0,0.148063,0.341887,0
6828,2016-07-11 12:00:00,0,0.148063,0.341888,0
6829,2016-07-11 13:00:00,0,0.148063,0.341886,0
6830,2016-07-11 14:00:00,0,0.148063,0.341882,0
6831,2016-07-11 15:00:00,0,0.148064,0.341876,0
6832,2016-07-11 16:00:00,0,0.148064,0.341858,0
6833,2016-07-11 17:00:00,0,0.148066,0.34182,0
6834,2016-07-11 18:00:00,0,0.148068,0.34176,0
6835,2016-07-11 19:00:00,0,0.14807,0.341702,0
6836,2016-07-11 20:00:00,0,0.148072,0.34164,0
6837,2016-07-11 21:00:00,0,0.148074,0.341578,0
6838,2016-07-11 22:00:00,0,0.148076,0.341532,0
6839,2016-07-11 23:00:00,0,0.148076,0.341524,0
6840,2016-07-12 00:00:00,0,0.148076,0.34152,0
6841,2016-07-12 01:00:00,0,0.148076,0.341519,0
6842,2016-07-12 02:00:00,0,0.148076,0.341518,0
6843,2016-07-12 03:00:00,0,0.148076,0.341517,0
6844,2016-07-12 04:00:00,0,0.148076,0.341516,0
6845,2016-07-12 05:00:00,0,0.148076,0.341513,0
6846,2016-07-12 06:00:00,0,0.148076,0.341511,0
6847,2016-07-12 07:00:00,0,0.148076,0.341508,0
6848,2016-07-12 08:00:00,0,0.148077,0.341501,0
6849,2016-07-12 09:00:00,0,0.148077,0.341494,0
6850,2016-07-12 10:00:00,0,0.148077,0.341487,0
6851,2016-07-12 11:00:00,0,0.148077,0.341482,0
6852,2016-07-12 12:00:00,0,0.148077,0.341482,0
6853,2016-07-12 13:00:00,0,0.148077,0.341485,0
6854,2016-07-12 14:00:00,0,0.148077,0.341481,0
6855,2016-07-12 15:00:00,0,0.148079,0.341447,0
6856,2016-07-12 16:00:00,0,0.148081,0.341364,0
6857,2016-07-12 17:00:00,0,0.148085,0.341255,0
6858,2016-07-12 18:00:00,0,0.14809,0.341131,0
6859,2016-07-12 19:00:00,0,0.148094,0.340998,0
6860,2016-07-12 20:00:00,0,0.148099,0.340858,0
6861,2016-07-12 21:00:00,0,0.148103,0.340736,0
6862,2016-07-12 22:00:00,0,0.148106,0.340642,0
6863,2016-07-12 23:00:00,0,0.148108,0.340599,0
6864,2016-07-13 00:00:00,0,0.148109,0.34057,0
6865,2016-07-13 01:00:00,0,0.148109,0.340555,0
6866,2016-07-13 02:00:00,0,0.14811,0.340534,0
6867,2016-07-13 03:00:00,0,0.148111,0.340509,0
6868,2016-07-13 04:00:00,0,0.148112,0.340486,0
6869,2016-07-13 05:00:00,0,0.148112,0.34047,0
6870,2016-07-13 06:00:00,0,0.148113,0.340459,0
6871,2016-07-13 07:00:00,0,0.148113,0.340451,0
6872,2016-07-13 08:00:00,0,0.148113,0.340444,0
6873,2016-07-13 09:00:00,0,0.148113,0.340441,0
6874,2016-07-13 10:00:00,0,0.148113,0.340437,0
6875,2016-07-13 11:00:00,0,0.148114,0.340435,0
6876,2016-07-13 12:00:00,0,0.148113,0.340439,0
6877,2016-07-13 13:00:00,0,0.148113,0.340443,0
6878,2016-07-13 14:00:00,0,0.148114,0.340432,0
6879,2016-07-13 15:00:00,0,0.148115,0.340388,0
6880,2016-07-13 16:00:00,0,0.148118,0.340292,0
6881,2016-07-13 17:00:00,0,0.148123,0.340155,0
6882,2016-07-13 18:00:00,0,0.148129,0.339982,0
6883,2016-07-13 19:00:00,0,0.148136,0.339787,0
6884,2016-07-13 20:00:00,0,0.148142,0.339599,0
6885,2016-07-13 21:00:00,0,0.148147,0.339446,0
6886,2016-07-13 22:00:00,0,0.148151,0.339326,0
6887,2016-07-13 23:00:00,0,0.148154,0.339246,0
6888,2016-07-14 00:00:00,0,0.148156,0.339191,0
6889,2016-07-14 01:00:00,0,0.148157,0.339157,0
6890,2016-07-14 02:00:00,0,0.148158,0.33913,0
6891,2016-07-14 03:00:00,0,0.148159,0.339107,0
6892,2016-07-14 04:00:00,0,0.148159,0.33909,0
6893,2016-07-14 05:00:00,0,0.148159,0.33908,0
6894,2016-07-14 06:00:00,0,0.14816,0.339075,0
6895,2016-07-14 07:00:00,0,0.14816,0.339073,0
6896,2016-07-14 08:00:00,0,0.14816,0.339072,0
6897,2016-07-14 09:00:00,0,0.14816,0.339072,0
6898,2016-07-14 10:00:00,0,0.14816,0.339071,0
6899,2016-07-14 11:00:00,0,0.14816,0.339071,0.000479
6900,2016-07-14 12:00:00,0,0.148134,0.33985,0
6901,2016-07-14 13:00:00,0,0.148133,0.339856,0
6902,2016-07-14 14:00:00,0,0.148133,0.339862,0
6903,2016-07-14 15:00:00,0,0.148133,0.339864,0
6904,2016-07-14 16:00:00,0,0.148133,0.339851,0
6905,2016-07-14 17:00:00,0,0.148135,0.339807,0
6906,2016-07-14 18:00:00,0,0.148137,0.339746,0
6907,2016-07-14 19:00:00,0,0.14814,0.339667,0
6908,2016-07-14 20:00:00,0,0.148143,0.339584,0
6909,2016-07-14 21:00:00,0,0.148145,0.339501,0
6910,2016-07-14 22:00:00,0,0.148147,0.339446,0
6911,2016-07-14 23:00:00,0,0.148148,0.339428,0
6912,2016-07-15 00:00:00,0,0.148148,0.33942,0.000018
6913,2016-07-15 01:00:00,0,0.148147,0.339444,0
6914,2016-07-15 02:00:00,0,0.148147,0.339439,0
6915,2016-07-15 03:00:00,0,0.148148,0.339435,0
6916,2016-07-15 04:00:00,0,0.148148,0.339434,0
6917,2016-07-15 05:00:00,0,0.148148,0.339432,0
6918,2016-07-15 06:00:00,0,0.148147,0.339432,0
6919,2016-07-15 07:00:00,0,0.148147,0.339437,0
6920,2016-07-15 08:00:00,0,0.148147,0.339441,0
6921,2016-07-15 09:00:00,0,0.148147,0.339441,0
6922,2016-07-15 10:00:00,0,0.148147,0.339443,0
6923,2016-07-15 11:00:00,0,0.148147,0.339445,0
6924,2016-07-15 12:00:00,0,0.148147,0.339446,0
6925,2016-07-15 13:00:00,0,0.148147,0.33945,0
6926,2016-07-15 14:00:00,0,0.148147,0.339456,0
6927,2016-07-15 15:00:00,0,0.148148,0.339435,0
6928,2016-07-15 16:00:00,0,0.148151,0.339324,0
6929,2016-07-15 17:00:00,0,0.148156,0.339185,0
6930,2016-07-15 18:00:00,0,0.148161,0.339037,0
6931,2016-07-15 19:00:00,0,0.148166,0.338895,0
6932,2016-07-15 20:00:00,0,0.148171,0.338731,0
6933,2016-07-15 21:00:00,0,0.148176,0.338596,0
6934,2016-07-15 22:00:00,0,0.148179,0.338502,0
6935,2016-07-15 23:00:00,0,0.14818,0.338457,0
6936,2016-07-16 00:00:00,0,0.148181,0.338425,0
6937,2016-07-16 01:00:00,0,0.148182,0.338416,0
6938,2016-07-16 02:00:00,0,0.148182,0.338402,0
6939,2016-07-16 03:00:00,0,0.148183,0.338389,0
6940,2016-07-16 04:00:00,0,0.148183,0.338374,0
6941,2016-07-16 05:00:00,0,0.148183,0.338364,0
6942,2016-07-16 06:00:00,0,0.148184,0.338353,0
6943,2016-07-16 07:00:00,0,0.148184,0.338342,0
6944,2016-07-16 08:00:00,0,0.148184,0.338331,0
6945,2016-07-16 09:00:00,0,0.148185,0.338319,0
6946,2016-07-16 10:00:00,0,0.148185,0.338308,0
6947,2016-07-16 11:00:00,0,0.148186,0.338299,0
6948,2016-07-16 12:00:00,0,0.148186,0.338298,0
6949,2016-07-16 13:00:00,0,0.148186,0.338298,0
6950,2016-07-16 14:00:00,0,0.148186,0.338279,0
6951,2016-07-16 15:00:00,0,0.148188,0.338221,0
6952,2016-07-16 16:00:00,0,0.148191,0.338118,0
6953,2016-07-16 17:00:00,0,0.148196,0.337985,0
6954,2016-07-16 18:00:00,0,0.148201,0.33783,0
6955,2016-07-16 19:00:00,0,0.148207,0.33766,0
6956,2016-07-16 20:00:00,0,0.148212,0.337502,0
6957,2016-07-16 21:00:00,0,0.148216,0.33738,0
6958,2016-07-16 22:00:00,0,0.148219,0.337293,0
6959,2016-07-16 23:00:00,0,0.14822,0.337253,0
6960,2016-07-17 00:00:00,0,0.148221,0.337228,0
6961,2016-07-17 01:00:00,0,0.148221,0.337214,0
6962,2016-07-17 02:00:00,0,0.148221,0.337203,0
6963,2016-07-17 03:00:00,0,0.148222,0.337197,0
6964,2016-07-17 04:00:00,0,0.148222,0.337192,0
6965,2016-07-17 05:00:00,0,0.148222,0.337189,0
6966,2016-07-17 06:00:00,0,0.148222,0.337186,0
6967,2016-07-17 07:00:00,0,0.148222,0.337186,0
6968,2016-07-17 08:00:00,0,0.148222,0.337186,0
6969,2016-07-17 09:00:00,0,0.148222,0.337186,0
6970,2016-07-17 10:00:00,0,0.148222,0.337187,0
6971,2016-07-17 11:00:00,0,0.148222,0.33719,0
6972,2016-07-17 12:00:00,0,0.148222,0.337193,0
6973,2016-07-17 13:00:00,0,0.148222,0.337197,0
6974,2016-07-17 14:00:00,0,0.148222,0.337184,0
6975,2016-07-17 15:00:00,0,0.148224,0.337138,0
6976,2016-07-17 16:00:00,0,0.148226,0.337054,0
6977,2016-07-17 17:00:00,0,0.14823,0.336946,0
6978,2016-07-17 18:00:00,0,0.148234,0.336809,0
6979,2016-07-17 19:00:00,0,0.148238,0.336678,0
6980,2016-07-17 20:00:00,0,0.148243,0.336542,0
6981,2016-07-17 21:00:00,0,0.148247,0.33641,0
6982,2016-07-17 22:00:00,0,0.14825,0.33632,0
6983,2016-07-17 23:00:00,0,0.148251,0.336279,0
6984,2016-07-18 00:00:00,0,0.148252,0.336253,0
6985,2016-07-18 01:00:00,0,0.148252,0.336245,0
6986,2016-07-18 02:00:00,0,0.148253,0.336235,0
6987,2016-07-18 03:00:00,0,0.148253,0.336223,0
6988,2016-07-18 04:00:00,0,0.148253,0.336214,0
6989,2016-07-18 05:00:00,0,0.148254,0.336204,0
6990,2016-07-18 06:00:00,0,0.148254,0.336196,0
6991,2016-07-18 07:00:00,0,0.148254,0.336187,0
6992,2016-07-18 08:00:00,0,0.148254,0.33618,0
6993,2016-07-18 09:00:00,0,0.148255,0.33617,0
6994,2016-07-18 10:00:00,0,0.148255,0.336164,0
6995,2016-07-18 11:00:00,0,0.148255,0.336163,0
6996,2016-07-18 12:00:00,0,0.148255,0.33617,0
6997,2016-07-18 13:00:00,0,0.148255,0.336174,0
6998,2016-07-18 14:00:00,0,0.148255,0.336149,0
6999,2016-07-18 15:00:00,0,0.148258,0.336074,0
7000,2016-07-18 16:00:00,0,0.148262,0.335927,0
7001,2016-07-18 17:00:00,0,0.148268,0.335744,0
7002,2016-07-18 18:00:00,0,0.148275,0.335529,0
7003,2016-07-18 19:00:00,0,0.148282,0.335318,0
7004,2016-07-18 20:00:00,0,0.148288,0.335117,0
7005,2016-07-18 21:00:00,0,0.148294,0.33494,0.00023
7006,2016-07-18 22:00:00,0,0.148284,0.335257,0
7007,2016-07-18 23:00:00,0,0.148285,0.33521,0
7008,2016-07-19 00:00:00,0,0.148286,0.335186,0
7009,2016-07-19 01:00:00,0,0.148287,0.335161,0
7010,2016-07-19 02:00:00,0,0.148287,0.335137,0
7011,2016-07-19 03:00:00,0,0.148288,0.335116,0
7012,2016-07-19 04:00:00,0,0.148289,0.3351,0
7013,2016-07-19 05:00:00,0,0.148289,0.335087,0
7014,2016-07-19 06:00:00,0,0.148289,0.335079,0
7015,2016-07-19 07:00:00,0,0.148289,0.335072,0
7016,2016-07-19 08:00:00,0,0.14829,0.335065,0
7017,2016-07-19 09:00:00,0,0.14829,0.335062,0
7018,2016-07-19 10:00:00,0,0.14829,0.335056,0
7019,2016-07-19 11:00:00,0,0.14829,0.335041,0
7020,2016-07-19 12:00:00,0,0.148291,0.335017,0
7021,2016-07-19 13:00:00,0,0.148292,0.334982,0
7022,2016-07-19 14:00:00,0,0.148294,0.334918,0
7023,2016-07-19 15:00:00,0,0.148297,0.334823,0
7024,2016-07-19 16:00:00,0,0.148302,0.334686,0
7025,2016-07-19 17:00:00,0,0.148307,0.334521,0
7026,2016-07-19 18:00:00,0,0.148312,0.334335,0
7027,2016-07-19 19:00:00,0,0.148318,0.334142,0
7028,2016-07-19 20:00:00,0,0.148324,0.333953,0
7029,2016-07-19 21:00:00,0,0.148329,0.333788,0
7030,2016-07-19 22:00:00,0,0.148334,0.333651,0
7031,2016-07-19 23:00:00,0,0.148337,0.333553,0
7032,2016-07-20 00:00:00,0,0.148339,0.333468,0
7033,2016-07-20 01:00:00,0,0.148341,0.333396,0
7034,2016-07-20 02:00:00,0,0.148343,0.333343,0
7035,2016-07-20 03:00:00,0,0.148344,0.333295,0
7036,2016-07-20 04:00:00,0,0.148345,0.333261,0
7037,2016-07-20 05:00:00,0,0.148346,0.333232,0
7038,2016-07-20 06:00:00,0,0.148347,0.333206,0
7039,2016-07-20 07:00:00,0,0.148348,0.333183,0
7040,2016-07-20 08:00:00,0,0.148348,0.333163,0
7041,2016-07-20 09:00:00,0,0.148349,0.333146,0
7042,2016-07-20 10:00:00,0,0.148349,0.33313,0
7043,2016-07-20 11:00:00,0,0.14835,0.333119,0
7044,2016-07-20 12:00:00,0,0.14835,0.333114,0
7045,2016-07-20 13:00:00,0,0.14835,0.33311,0
7046,2016-07-20 14:00:00,0,0.148351,0.333086,0
7047,2016-07-20 15:00:00,0,0.148353,0.333023,0
7048,2016-07-20 16:00:00,0,0.148356,0.332914,0
7049,2016-07-20 17:00:00,0,0.14836,0.33279,0
7050,2016-07-20 18:00:00,0,0.148364,0.332659,0
7051,2016-07-20 19:00:00,0,0.148368,0.332525,0
7052,2016-07-20 20:00:00,0,0.148372,0.332393,0
7053,2016-07-20 21:00:00,0,0.148375,0.332275,0
7054,2016-07-20 22:00:00,0,0.148378,0.33218,0
7055,2016-07-20 23:00:00,0,0.148379,0.332152,0
7056,2016-07-21 00:00:00,0,0.14838,0.332132,0
7057,2016-07-21 01:00:00,0,0.14838,0.332118,0
7058,2016-07-21 02:00:00,0,0.14838,0.332105,0
7059,2016-07-21 03:00:00,0,0.148381,0.332094,0
7060,2016-07-21 04:00:00,0,0.148381,0.332085,0
7061,2016-07-21 05:00:00,0,0.148381,0.332073,0
7062,2016-07-21 06:00:00,0,0.148382,0.332061,0
7063,2016-07-21 07:00:00,0,0.148382,0.332042,0
7064,2016-07-21 08:00:00,0,0.148383,0.332024,0
7065,2016-07-21 09:00:00,0,0.148383,0.332006,0
7066,2016-07-21 10:00:00,0,0.148384,0.33199,0
7067,2016-07-21 11:00:00,0,0.148384,0.331979,0
7068,2016-07-21 12:00:00,0,0.148384,0.331976,0
7069,2016-07-21 13:00:00,0,0.148384,0.331972,0
7070,2016-07-21 14:00:00,0,0.148385,0.331958,0
7071,2016-07-21 15:00:00,0,0.148386,0.331907,0
7072,2016-07-21 16:00:00,0,0.148389,0.331809,0
7073,2016-07-21 17:00:00,0,0.148393,0.33168,0
7074,2016-07-21 18:00:00,0,0.148398,0.331525,0
7075,2016-07-21 19:00:00,0,0.148403,0.331355,0
7076,2016-07-21 20:00:00,0,0.148408,0.331184,0
7077,2016-07-21 21:00:00,0,0.148412,0.331036,0
7078,2016-07-21 22:00:00,0,0.148416,0.330916,0
7079,2016-07-21 23:00:00,0,0.148417,0.330856,0
7080,2016-07-22 00:00:00,0,0.148418,0.330814,0
7081,2016-07-22 01:00:00,0,0.148419,0.330791,0
7082,2016-07-22 02:00:00,0,0.14842,0.330768,0
7083,2016-07-22 03:00:00,0,0.148421,0.330746,0
7084,2016-07-22 04:00:00,0,0.148421,0.330724,0
7085,2016-07-22 05:00:00,0,0.148422,0.330707,0
7086,2016-07-22 06:00:00,0,0.148422,0.330693,0
7087,2016-07-22 07:00:00,0,0.148422,0.330682,0
7088,2016-07-22 08:00:00,0,0.148423,0.330672,0
7089,2016-07-22 09:00:00,0,0.148423,0.330663,0
7090,2016-07-22 10:00:00,0,0.148423,0.330652,0
7091,2016-07-22 11:00:00,0,0.148423,0.330644,0
7092,2016-07-22 12:00:00,0,0.148424,0.330637,0
7093,2016-07-22 13:00:00,0,0.148424,0.330624,0
7094,2016-07-22 14:00:00,0,0.148425,0.330591,0
7095,2016-07-22 15:00:00,0,0.148428,0.330505,0
7096,2016-07-22 16:00:00,0,0.148432,0.330364,0
7097,2016-07-22 17:00:00,0,0.148437,0.330183,0
7098,2016-07-22 18:00:00,0,0.148443,0.329966,0
7099,2016-07-22 19:00:00,0,0.148448,0.329803,0
7100,2016-07-22 20:00:00,0,0.148455,0.329565,0
7101,2016-07-22 21:00:00,0,0.14846,0.329386,0
7102,2016-07-22 22:00:00,0,0.148464,0.329244,0
7103,2016-07-22 23:00:00,0,0.148466,0.329164,0
7104,2016-07-23 00:00:00,0,0.148468,0.329111,0.00002
7105,2016-07-23 01:00:00,0,0.148468,0.329111,0.000005
7106,2016-07-23 02:00:00,0,0.148468,0.329091,0.003592
7107,2016-07-23 03:00:00,0,0.1483,0.334722,0.003179
7108,2016-07-23 04:00:00,0,0.148139,0.339678,0.000041
7109,2016-07-23 05:00:00,0,0.148138,0.339732,0.000039
7110,2016-07-23 06:00:00,0,0.148136,0.339789,0
7111,2016-07-23 07:00:00,0,0.148136,0.339786,0
7112,2016-07-23 08:00:00,0,0.148136,0.339783,0
7113,2016-07-23 09:00:00,0,0.148136,0.339779,0
7114,2016-07-23 10:00:00,0,0.148136,0.339777,0
7115,2016-07-23 11:00:00,0,0.148136,0.339776,0
7116,2016-07-23 12:00:00,0,0.148136,0.339778,0
7117,2016-07-23 13:00:00,0,0.148136,0.339774,0
7118,2016-07-23 14:00:00,0,0.148136,0.339763,0
7119,2016-07-23 15:00:00,0,0.148138,0.339728,0
7120,2016-07-23 16:00:00,0,0.148143,0.339579,0
7121,2016-07-23 17:00:00,0,0.148149,0.339406,0
7122,2016-07-23 18:00:00,0,0.148155,0.339213,0
7123,2016-07-23 19:00:00,0,0.148162,0.339016,0
7124,2016-07-23 20:00:00,0,0.148168,0.338822,0
7125,2016-07-23 21:00:00,0,0.148174,0.338647,0
7126,2016-07-23 22:00:00,0,0.148179,0.338495,0
7127,2016-07-23 23:00:00,0,0.148182,0.338411,0
7128,2016-07-24 00:00:00,0,0.148184,0.338358,0
7129,2016-07-24 01:00:00,0,0.148185,0.338315,0
7130,2016-07-24 02:00:00,0,0.148186,0.338278,0
7131,2016-07-24 03:00:00,0,0.148187,0.338239,0
7132,2016-07-24 04:00:00,0,0.148189,0.338201,0
7133,2016-07-24 05:00:00,0,0.14819,0.338169,0
7134,2016-07-24 06:00:00,0,0.148191,0.33814,0
7135,2016-07-24 07:00:00,0,0.148192,0.338117,0
7136,2016-07-24 08:00:00,0,0.148192,0.338096,0
7137,2016-07-24 09:00:00,0,0.148193,0.338079,0
7138,2016-07-24 10:00:00,0,0.148193,0.338063,0
7139,2016-07-24 11:00:00,0,0.148194,0.33805,0
7140,2016-07-24 12:00:00,0,0.148194,0.33804,0
7141,2016-07-24 13:00:00,0,0.148194,0.338027,0
7142,2016-07-24 14:00:00,0,0.148196,0.337995,0
7143,2016-07-24 15:00:00,0,0.148198,0.337931,0
7144,2016-07-24 16:00:00,0,0.148201,0.337825,0
7145,2016-07-24 17:00:00,0,0.148205,0.337703,0
7146,2016-07-24 18:00:00,0,0.148209,0.337572,0
7147,2016-07-24 19:00:00,0,0.148214,0.33744,0
7148,2016-07-24 20:00:00,0,0.148218,0.337322,0
7149,2016-07-24 21:00:00,0,0.148221,0.337232,0
7150,2016-07-24 22:00:00,0,0.148223,0.33717,0
7151,2016-07-24 23:00:00,0,0.148223,0.337152,0
7152,2016-07-25 00:00:00,0,0.148224,0.337135,0
7153,2016-07-25 01:00:00,0,0.148224,0.337118,0
7154,2016-07-25 02:00:00,0,0.148225,0.337104,0
7155,2016-07-25 03:00:00,0,0.148225,0.337085,0
7156,2016-07-25 04:00:00,0,0.148226,0.337065,0
7157,2016-07-25 05:00:00,0,0.148226,0.337051,0
7158,2016-07-25 06:00:00,0,0.148227,0.337038,0
7159,2016-07-25 07:00:00,0,0.148227,0.337029,0
7160,2016-07-25 08:00:00,0,0.148227,0.337024,0
7161,2016-07-25 09:00:00,0,0.148227,0.33702,0
7162,2016-07-25 10:00:00,0,0.148227,0.337017,0
7163,2016-07-25 11:00:00,0,0.148227,0.337017,0
7164,2016-07-25 12:00:00,0,0.148227,0.337018,0
7165,2016-07-25 13:00:00,0,0.148227,0.337018,0
7166,2016-07-25 14:00:00,0,0.148228,0.33701,0
7167,2016-07-25 15:00:00,0,0.148229,0.336966,0
7168,2016-07-25 16:00:00,0,0.148232,0.33687,0
7169,2016-07-25 17:00:00,0,0.148237,0.336736,0
7170,2016-07-25 18:00:00,0,0.148242,0.336575,0
7171,2016-07-25 19:00:00,0,0.148248,0.336391,0
7172,2016-07-25 20:00:00,0,0.148253,0.336209,0
7173,2016-07-25 21:00:00,0,0.148259,0.33605,0
7174,2016-07-25 22:00:00,0,0.148262,0.335928,0
7175,2016-07-25 23:00:00,0,0.148264,0.335866,0
7176,2016-07-26 00:00:00,0,0.148266,0.335827,0
7177,2016-07-26 01:00:00,0,0.148267,0.335799,0
7178,2016-07-26 02:00:00,0,0.148267,0.33578,0
7179,2016-07-26 03:00:00,0,0.148268,0.335767,0
7180,2016-07-26 04:00:00,0,0.148268,0.335755,0
7181,2016-07-26 05:00:00,0,0.148268,0.335744,0
7182,2016-07-26 06:00:00,0,0.148269,0.335734,0
7183,2016-07-26 07:00:00,0,0.148269,0.335725,0
7184,2016-07-26 08:00:00,0,0.148269,0.335717,0
7185,2016-07-26 09:00:00,0,0.148269,0.335707,0
7186,2016-07-26 10:00:00,0,0.14827,0.3357,0
7187,2016-07-26 11:00:00,0,0.14827,0.335694,0
7188,2016-07-26 12:00:00,0,0.14827,0.335694,0
7189,2016-07-26 13:00:00,0,0.14827,0.335694,0
7190,2016-07-26 14:00:00,0,0.148271,0.335664,0
7191,2016-07-26 15:00:00,0,0.148273,0.335585,0
7192,2016-07-26 16:00:00,0,0.148278,0.33545,0
7193,2016-07-26 17:00:00,0,0.148283,0.335282,0
7194,2016-07-26 18:00:00,0,0.148289,0.335092,0
7195,2016-07-26 19:00:00,0,0.148295,0.334892,0
7196,2016-07-26 20:00:00,0,0.148301,0.334698,0
7197,2016-07-26 21:00:00,0,0.148306,0.334535,0
7198,2016-07-26 22:00:00,0,0.14831,0.3344,0
7199,2016-07-26 23:00:00,0,0.148313,0.334329,0
7200,2016-07-27 00:00:00,0,0.148314,0.334284,0
7201,2016-07-27 01:00:00,0,0.148315,0.334263,0
7202,2016-07-27 02:00:00,0,0.148315,0.334244,0
7203,2016-07-27 03:00:00,0,0.148316,0.334222,0
7204,2016-07-27 04:00:00,0,0.148317,0.334203,0
7205,2016-07-27 05:00:00,0,0.148317,0.334184,0
7206,2016-07-27 06:00:00,0,0.148318,0.334169,0
7207,2016-07-27 07:00:00,0,0.148318,0.334159,0
7208,2016-07-27 08:00:00,0,0.148318,0.33415,0
7209,2016-07-27 09:00:00,0,0.148318,0.334144,0
7210,2016-07-27 10:00:00,0,0.148319,0.334138,0
7211,2016-07-27 11:00:00,0,0.148319,0.334133,0
7212,2016-07-27 12:00:00,0,0.148319,0.334131,0
7213,2016-07-27 13:00:00,0,0.148319,0.33413,0
7214,2016-07-27 14:00:00,0,0.148319,0.334109,0
7215,2016-07-27 15:00:00,0,0.148322,0.334042,0
7216,2016-07-27 16:00:00,0,0.148325,0.333934,0
7217,2016-07-27 17:00:00,0,0.148329,0.333799,0
7218,2016-07-27 18:00:00,0,0.148334,0.33365,0
7219,2016-07-27 19:00:00,0,0.148338,0.333494,0
7220,2016-07-27 20:00:00,0,0.148343,0.333341,0
7221,2016-07-27 21:00:00,0,0.148347,0.33321,0
7222,2016-07-27 22:00:00,0,0.14835,0.333109,0
7223,2016-07-27 23:00:00,0,0.148351,0.333072,0
7224,2016-07-28 00:00:00,0,0.148352,0.333045,0
7225,2016-07-28 01:00:00,0,0.148353,0.333026,0
7226,2016-07-28 02:00:00,0,0.148353,0.33301,0
7227,2016-07-28 03:00:00,0,0.148354,0.332994,0
7228,2016-07-28 04:00:00,0,0.148354,0.332979,0
7229,2016-07-28 05:00:00,0,0.148354,0.332967,0
7230,2016-07-28 06:00:00,0,0.148355,0.332956,0
7231,2016-07-28 07:00:00,0,0.148355,0.332947,0
7232,2016-07-28 08:00:00,0,0.148355,0.33294,0
7233,2016-07-28 09:00:00,0,0.148355,0.332935,0
7234,2016-07-28 10:00:00,0,0.148356,0.33293,0
7235,2016-07-28 11:00:00,0,0.148356,0.332928,0
7236,2016-07-28 12:00:00,0,0.148356,0.332927,0
7237,2016-07-28 13:00:00,0,0.148356,0.332927,0
7238,2016-07-28 14:00:00,0,0.148356,0.332908,0
7239,2016-07-28 15:00:00,0,0.148358,0.332853,0
7240,2016-07-28 16:00:00,0,0.148361,0.332759,0
7241,2016-07-28 17:00:00,0,0.148364,0.332642,0
7242,2016-07-28 18:00:00,0,0.148368,0.332512,0
7243,2016-07-28 19:00:00,0,0.148372,0.332375,0
7244,2016-07-28 20:00:00,0,0.148376,0.332235,0
7245,2016-07-28 21:00:00,0,0.14838,0.332112,0
7246,2016-07-28 22:00:00,0,0.148383,0.332023,0
7247,2016-07-28 23:00:00,0,0.148384,0.331991,0
7248,2016-07-29 00:00:00,0,0.148384,0.331969,0
7249,2016-07-29 01:00:00,0,0.148385,0.331959,0
7250,2016-07-29 02:00:00,0,0.148385,0.331951,0
7251,2016-07-29 03:00:00,0,0.148385,0.331941,0
7252,2016-07-29 04:00:00,0,0.148385,0.331934,0
7253,2016-07-29 05:00:00,0,0.148386,0.331932,0
7254,2016-07-29 06:00:00,0,0.148385,0.331933,0
7255,2016-07-29 07:00:00,0,0.148385,0.331934,0.000032
7256,2016-07-29 08:00:00,0,0.148384,0.331987,0.000048
7257,2016-07-29 09:00:00,0,0.148381,0.332066,0.00028
7258,2016-07-29 10:00:00,0,0.148368,0.332527,0.000164
7259,2016-07-29 11:00:00,0,0.14836,0.332796,0.000124
7260,2016-07-29 12:00:00,0,0.148353,0.332999,0.00014
7261,2016-07-29 13:00:00,0,0.148346,0.33323,0.000144
7262,2016-07-29 14:00:00,0,0.148339,0.333466,0.000084
7263,2016-07-29 15:00:00,0,0.148335,0.333603,0.000066
7264,2016-07-29 16:00:00,0,0.148332,0.333704,0.000012
7265,2016-07-29 17:00:00,0,0.148332,0.33371,0
7266,2016-07-29 18:00:00,0,0.148334,0.333652,0
7267,2016-07-29 19:00:00,0,0.148337,0.333549,0
7268,2016-07-29 20:00:00,0,0.14834,0.333449,0
7269,2016-07-29 21:00:00,0,0.148343,0.333351,0
7270,2016-07-29 22:00:00,0,0.148345,0.33328,0
7271,2016-07-29 23:00:00,0,0.148345,0.333266,0
7272,2016-07-30 00:00:00,0,0.148346,0.333255,0
7273,2016-07-30 01:00:00,0,0.148346,0.333241,0.000055
7274,2016-07-30 02:00:00,0,0.148344,0.333325,0
7275,2016-07-30 03:00:00,0,0.148344,0.333319,0
7276,2016-07-30 04:00:00,0,0.148344,0.333314,0
7277,2016-07-30 05:00:00,0,0.148344,0.33331,0
7278,2016-07-30 06:00:00,0,0.148344,0.333306,0
7279,2016-07-30 07:00:00,0,0.148344,0.333302,0
7280,2016-07-30 08:00:00,0,0.148344,0.333298,0
7281,2016-07-30 09:00:00,0,0.148344,0.333295,0
7282,2016-07-30 10:00:00,0,0.148345,0.333291,0
7283,2016-07-30 11:00:00,0,0.148345,0.333288,0
7284,2016-07-30 12:00:00,0,0.148345,0.333285,0
7285,2016-07-30 13:00:00,0,0.148345,0.333285,0
7286,2016-07-30 14:00:00,0,0.148345,0.333284,0
7287,2016-07-30 15:00:00,0,0.148345,0.333278,0
7288,2016-07-30 16:00:00,0,0.148347,0.333218,0
7289,2016-07-30 17:00:00,0,0.14835,0.333119,0
7290,2016-07-30 18:00:00,0,0.148353,0.333007,0
7291,2016-07-30 19:00:00,0,0.148357,0.332892,0
7292,2016-07-30 20:00:00,0,0.14836,0.332796,0
7293,2016-07-30 21:00:00,0,0.148362,0.332712,0
7294,2016-07-30 22:00:00,0,0.148364,0.332654,0
7295,2016-07-30 23:00:00,0,0.148364,0.332638,0
7296,2016-07-31 00:00:00,0,0.148365,0.332624,0
7297,2016-07-31 01:00:00,0,0.148365,0.332614,0.000033
7298,2016-07-31 02:00:00,0,0.148364,0.332662,0
7299,2016-07-31 03:00:00,0,0.148364,0.332658,0.000102
7300,2016-07-31 04:00:00,0,0.148359,0.332823,0
7301,2016-07-31 05:00:00,0,0.148359,0.33282,0.00001
7302,2016-07-31 06:00:00,0,0.148358,0.332834,0
7303,2016-07-31 07:00:00,0,0.148359,0.332832,0
7304,2016-07-31 08:00:00,0,0.148359,0.332831,0
7305,2016-07-31 09:00:00,0,0.148359,0.332831,0
7306,2016-07-31 10:00:00,0,0.148359,0.332829,0
7307,2016-07-31 11:00:00,0,0.148359,0.332829,0
7308,2016-07-31 12:00:00,0,0.148359,0.33283,0.000015
7309,2016-07-31 13:00:00,0,0.148358,0.332857,0.000097
7310,2016-07-31 14:00:00,0,0.148353,0.333014,0
7311,2016-07-31 15:00:00,0,0.148353,0.333008,0
7312,2016-07-31 16:00:00,0,0.148354,0.332989,0
7313,2016-07-31 17:00:00,0,0.148355,0.332942,0
7314,2016-07-31 18:00:00,0,0.148358,0.332856,0
7315,2016-07-31 19:00:00,0,0.148362,0.332732,0
7316,2016-07-31 20:00:00,0,0.148366,0.332595,0
7317,2016-07-31 21:00:00,0,0.14837,0.332451,0
7318,2016-07-31 22:00:00,0,0.148373,0.332355,0
7319,2016-07-31 23:00:00,0,0.148374,0.332306,0
7320,2016-08-01 00:00:00,0,0.148376,0.332263,0
7321,2016-08-01 01:00:00,0,0.148377,0.332229,0
7322,2016-08-01 02:00:00,0,0.148378,0.332195,0
7323,2016-08-01 03:00:00,0,0.148378,0.332167,0.000003
7324,2016-08-01 04:00:00,0,0.148379,0.332148,0.000376
7325,2016-08-01 05:00:00,0,0.148361,0.332752,0.001697
7326,2016-08-01 06:00:00,0,0.148277,0.33547,0.000745
7327,2016-08-01 07:00:00,0,0.148239,0.33667,0
7328,2016-08-01 08:00:00,0,0.148239,0.336658,0
7329,2016-08-01 09:00:00,0,0.148239,0.336645,0
7330,2016-08-01 10:00:00,0,0.14824,0.336635,0
7331,2016-08-01 11:00:00,0,0.14824,0.336626,0
7332,2016-08-01 12:00:00,0,0.14824,0.336621,0
7333,2016-08-01 13:00:00,0,0.14824,0.336616,0
7334,2016-08-01 14:00:00,0,0.148241,0.336608,0
7335,2016-08-01 15:00:00,0,0.148241,0.33659,0
7336,2016-08-01 16:00:00,0,0.148243,0.336551,0
7337,2016-08-01 17:00:00,0,0.148246,0.336458,0
7338,2016-08-01 18:00:00,0,0.148249,0.336361,0
7339,2016-08-01 19:00:00,0,0.148253,0.336238,0
7340,2016-08-01 20:00:00,0,0.148256,0.336124,0
7341,2016-08-01 21:00:00,0,0.148259,0.336021,0
7342,2016-08-01 22:00:00,0,0.148261,0.335958,0
7343,2016-08-01 23:00:00,0,0.148262,0.335931,0.000014
7344,2016-08-02 00:00:00,0,0.148262,0.335936,0
7345,2016-08-02 01:00:00,0,0.148263,0.335917,0
7346,2016-08-02 02:00:00,0,0.148263,0.3359,0
7347,2016-08-02 03:00:00,0,0.148264,0.335884,0
7348,2016-08-02 04:00:00,0,0.148264,0.33587,0
7349,2016-08-02 05:00:00,0,0.148265,0.335857,0
7350,2016-08-02 06:00:00,0,0.148265,0.335844,0
7351,2016-08-02 07:00:00,0,0.148266,0.335829,0
7352,2016-08-02 08:00:00,0,0.148266,0.335818,0
7353,2016-08-02 09:00:00,0,0.148266,0.335808,0
7354,2016-08-02 10:00:00,0,0.148267,0.335796,0.000009
7355,2016-08-02 11:00:00,0,0.148266,0.335803,0.000205
7356,2016-08-02 12:00:00,0,0.148256,0.336131,0.00132
7357,2016-08-02 13:00:00,0,0.148187,0.33824,0.001177
7358,2016-08-02 14:00:00,0,0.148124,0.34012,0.000165
7359,2016-08-02 15:00:00,0,0.148115,0.34038,0
7360,2016-08-02 16:00:00,0,0.148116,0.340368,0
7361,2016-08-02 17:00:00,0,0.148116,0.340353,0
7362,2016-08-02 18:00:00,0,0.148117,0.340333,0
7363,2016-08-02 19:00:00,0,0.148119,0.340271,0
7364,2016-08-02 20:00:00,0,0.148121,0.340205,0
7365,2016-08-02 21:00:00,0,0.148124,0.340143,0
7366,2016-08-02 22:00:00,0,0.148126,0.340084,0
7367,2016-08-02 23:00:00,0,0.148126,0.340073,0
7368,2016-08-03 00:00:00,0,0.148126,0.34006,0
7369,2016-08-03 01:00:00,0,0.148127,0.34005,0
7370,2016-08-03 02:00:00,0,0.148127,0.34004,0
7371,2016-08-03 03:00:00,0,0.148127,0.340029,0
7372,2016-08-03 04:00:00,0,0.148128,0.340022,0
7373,2016-08-03 05:00:00,0,0.148128,0.340015,0
7374,2016-08-03 06:00:00,0,0.148128,0.340005,0
7375,2016-08-03 07:00:00,0,0.148128,0.339998,0
7376,2016-08-03 08:00:00,0,0.148129,0.33999,0
7377,2016-08-03 09:00:00,0,0.148129,0.339985,0
7378,2016-08-03 10:00:00,0,0.148129,0.339981,0
7379,2016-08-03 11:00:00,0,0.148129,0.339975,0
7380,2016-08-03 12:00:00,0,0.148129,0.33997,0
7381,2016-08-03 13:00:00,0,0.148129,0.339969,0
7382,2016-08-03 14:00:00,0,0.14813,0.339953,0
7383,2016-08-03 15:00:00,0,0.148132,0.339904,0
7384,2016-08-03 16:00:00,0,0.148135,0.339816,0
7385,2016-08-03 17:00:00,0,0.148139,0.339702,0
7386,2016-08-03 18:00:00,0,0.148143,0.339576,0
7387,2016-08-03 19:00:00,0,0.148148,0.339435,0
7388,2016-08-03 20:00:00,0,0.148152,0.339313,0
7389,2016-08-03 21:00:00,0,0.148155,0.33922,0
7390,2016-08-03 22:00:00,0,0.148157,0.339154,0
7391,2016-08-03 23:00:00,0,0.148158,0.339132,0
7392,2016-08-04 00:00:00,0,0.148159,0.33911,0
7393,2016-08-04 01:00:00,0,0.148159,0.33909,0
7394,2016-08-04 02:00:00,0,0.14816,0.339076,0
7395,2016-08-04 03:00:00,0,0.14816,0.339066,0
7396,2016-08-04 04:00:00,0,0.14816,0.33906,0
7397,2016-08-04 05:00:00,0,0.14816,0.339055,0
7398,2016-08-04 06:00:00,0,0.148161,0.33905,0
7399,2016-08-04 07:00:00,0,0.148161,0.339043,0
7400,2016-08-04 08:00:00,0,0.148161,0.339039,0
7401,2016-08-04 09:00:00,0,0.148161,0.339037,0
7402,2016-08-04 10:00:00,0,0.148161,0.339034,0
7403,2016-08-04 11:00:00,0,0.148161,0.339033,0
7404,2016-08-04 12:00:00,0,0.148161,0.339033,0
7405,2016-08-04 13:00:00,0,0.148161,0.339033,0
7406,2016-08-04 14:00:00,0,0.148161,0.339024,0
7407,2016-08-04 15:00:00,0,0.148163,0.338986,0
7408,2016-08-04 16:00:00,0,0.148165,0.338912,0
7409,2016-08-04 17:00:00,0,0.148169,0.338805,0
7410,2016-08-04 18:00:00,0,0.148173,0.33867,0
7411,2016-08-04 19:00:00,0,0.148179,0.338505,0
7412,2016-08-04 20:00:00,0,0.148184,0.338352,0
7413,2016-08-04 21:00:00,0,0.148188,0.338218,0
7414,2016-08-04 22:00:00,0,0.148192,0.338116,0
7415,2016-08-04 23:00:00,0,0.148193,0.338072,0
7416,2016-08-05 00:00:00,0,0.148194,0.338039,0
7417,2016-08-05 01:00:00,0,0.148195,0.33802,0
7418,2016-08-05 02:00:00,0,0.148195,0.338007,0
7419,2016-08-05 03:00:00,0,0.148195,0.337997,0
7420,2016-08-05 04:00:00,0,0.148196,0.337991,0
7421,2016-08-05 05:00:00,0,0.148196,0.337986,0
7422,2016-08-05 06:00:00,0,0.148196,0.337983,0
7423,2016-08-05 07:00:00,0,0.148196,0.337979,0
7424,2016-08-05 08:00:00,0,0.148196,0.337976,0
7425,2016-08-05 09:00:00,0,0.148196,0.337975,0
7426,2016-08-05 10:00:00,0,0.148196,0.337973,0
7427,2016-08-05 11:00:00,0,0.148196,0.337974,0
7428,2016-08-05 12:00:00,0,0.148196,0.337978,0
7429,2016-08-05 13:00:00,0,0.148196,0.337981,0
7430,2016-08-05 14:00:00,0,0.148196,0.337981,0
7431,2016-08-05 15:00:00,0,0.148197,0.337946,0
7432,2016-08-05 16:00:00,0,0.1482,0.337861,0
7433,2016-08-05 17:00:00,0,0.148204,0.337728,0
7434,2016-08-05 18:00:00,0,0.14821,0.337561,0
7435,2016-08-05 19:00:00,0,0.148216,0.337373,0
7436,2016-08-05 20:00:00,0,0.148222,0.337195,0
7437,2016-08-05 21:00:00,0,0.148227,0.337045,0
7438,2016-08-05 22:00:00,0,0.148231,0.33692,0
7439,2016-08-05 23:00:00,0,0.148233,0.336853,0
7440,2016-08-06 00:00:00,0,0.148234,0.336806,0
7441,2016-08-06 01:00:00,0,0.148235,0.336777,0
7442,2016-08-06 02:00:00,0,0.148236,0.336753,0
7443,2016-08-06 03:00:00,0,0.148237,0.336732,0
7444,2016-08-06 04:00:00,0,0.148237,0.336713,0
7445,2016-08-06 05:00:00,0,0.148238,0.336695,0
7446,2016-08-06 06:00:00,0,0.148238,0.336682,0
7447,2016-08-06 07:00:00,0,0.148239,0.33667,0
7448,2016-08-06 08:00:00,0,0.148239,0.336659,0
7449,2016-08-06 09:00:00,0,0.148239,0.336652,0
7450,2016-08-06 10:00:00,0,0.14824,0.336642,0
7451,2016-08-06 11:00:00,0,0.14824,0.336632,0
7452,2016-08-06 12:00:00,0,0.14824,0.336624,0
7453,2016-08-06 13:00:00,0,0.148241,0.336612,0
7454,2016-08-06 14:00:00,0,0.148241,0.336589,0
7455,2016-08-06 15:00:00,0,0.148243,0.336538,0
7456,2016-08-06 16:00:00,0,0.148245,0.336462,0
7457,2016-08-06 17:00:00,0,0.148249,0.336363,0
7458,2016-08-06 18:00:00,0,0.148253,0.336234,0
7459,2016-08-06 19:00:00,0,0.148257,0.336104,0
7460,2016-08-06 20:00:00,0,0.148261,0.33596,0
7461,2016-08-06 21:00:00,0,0.148266,0.335811,0
7462,2016-08-06 22:00:00,0,0.148269,0.335719,0.000965
7463,2016-08-06 23:00:00,0,0.14822,0.337251,0.00007
7464,2016-08-07 00:00:00,0,0.148217,0.337351,0
7465,2016-08-07 01:00:00,0,0.148217,0.337348,0
7466,2016-08-07 02:00:00,0,0.148217,0.337343,0
7467,2016-08-07 03:00:00,0,0.148217,0.337332,0
7468,2016-08-07 04:00:00,0,0.148218,0.337323,0
7469,2016-08-07 05:00:00,0,0.148218,0.337309,0
7470,2016-08-07 06:00:00,0,0.148218,0.337296,0
7471,2016-08-07 07:00:00,0,0.148219,0.337285,0
7472,2016-08-07 08:00:00,0,0.148219,0.337276,0
7473,2016-08-07 09:00:00,0,0.148219,0.337264,0
7474,2016-08-07 10:00:00,0,0.14822,0.337255,0
7475,2016-08-07 11:00:00,0,0.14822,0.337247,0
7476,2016-08-07 12:00:00,0,0.14822,0.337241,0
7477,2016-08-07 13:00:00,0,0.14822,0.337241,0
7478,2016-08-07 14:00:00,0,0.14822,0.337241,0
7479,2016-08-07 15:00:00,0,0.14822,0.337233,0
7480,2016-08-07 16:00:00,0,0.148223,0.337145,0
7481,2016-08-07 17:00:00,0,0.148228,0.336998,0
7482,2016-08-07 18:00:00,0,0.148233,0.336835,0
7483,2016-08-07 19:00:00,0,0.148239,0.336662,0
7484,2016-08-07 20:00:00,0,0.148244,0.336495,0
7485,2016-08-07 21:00:00,0,0.148249,0.336344,0
7486,2016-08-07 22:00:00,0,0.148253,0.336221,0
7487,2016-08-07 23:00:00,0,0.148255,0.336162,0
7488,2016-08-08 00:00:00,0,0.148256,0.33612,0
7489,2016-08-08 01:00:00,0,0.148257,0.336093,0
7490,2016-08-08 02:00:00,0,0.148258,0.336068,0
7491,2016-08-08 03:00:00,0,0.148259,0.336043,0
7492,2016-08-08 04:00:00,0,0.148259,0.336022,0
7493,2016-08-08 05:00:00,0,0.14826,0.336005,0
7494,2016-08-08 06:00:00,0,0.14826,0.335996,0
7495,2016-08-08 07:00:00,0,0.14826,0.335989,0
7496,2016-08-08 08:00:00,0,0.148261,0.335985,0
7497,2016-08-08 09:00:00,0,0.148261,0.335982,0
7498,2016-08-08 10:00:00,0,0.148261,0.335978,0
7499,2016-08-08 11:00:00,0,0.148261,0.335975,0
7500,2016-08-08 12:00:00,0,0.148261,0.335975,0
7501,2016-08-08 13:00:00,0,0.148261,0.335974,0
7502,2016-08-08 14:00:00,0,0.148262,0.335954,0
7503,2016-08-08 15:00:00,0,0.148263,0.335904,0
7504,2016-08-08 16:00:00,0,0.148266,0.33582,0
7505,2016-08-08 17:00:00,0,0.148269,0.33571,0
7506,2016-08-08 18:00:00,0,0.148274,0.33557,0
7507,2016-08-08 19:00:00,0,0.148279,0.335409,0
7508,2016-08-08 20:00:00,0,0.148284,0.335261,0
7509,2016-08-08 21:00:00,0,0.148287,0.335139,0
7510,2016-08-08 22:00:00,0,0.14829,0.335049,0
7511,2016-08-08 23:00:00,0,0.148291,0.335022,0
7512,2016-08-09 00:00:00,0,0.148292,0.334999,0
7513,2016-08-09 01:00:00,0,0.148292,0.33498,0
7514,2016-08-09 02:00:00,0,0.148293,0.334963,0
7515,2016-08-09 03:00:00,0,0.148293,0.33495,0
7516,2016-08-09 04:00:00,0,0.148294,0.334939,0
7517,2016-08-09 05:00:00,0,0.148294,0.334927,0
7518,2016-08-09 06:00:00,0,0.148295,0.33491,0
7519,2016-08-09 07:00:00,0,0.148295,0.334893,0
7520,2016-08-09 08:00:00,0,0.148296,0.334877,0
7521,2016-08-09 09:00:00,0,0.148296,0.334864,0
7522,2016-08-09 10:00:00,0,0.148296,0.334854,0
7523,2016-08-09 11:00:00,0,0.148297,0.334847,0
7524,2016-08-09 12:00:00,0,0.148297,0.334844,0
7525,2016-08-09 13:00:00,0,0.148297,0.334841,0
7526,2016-08-09 14:00:00,0,0.148297,0.334821,0
7527,2016-08-09 15:00:00,0,0.148299,0.334769,0
7528,2016-08-09 16:00:00,0,0.148302,0.334687,0
7529,2016-08-09 17:00:00,0,0.148304,0.334597,0
7530,2016-08-09 18:00:00,0,0.148308,0.334484,0
7531,2016-08-09 19:00:00,0,0.148312,0.334339,0
7532,2016-08-09 20:00:00,0,0.148317,0.334193,0
7533,2016-08-09 21:00:00,0,0.148321,0.33405,0
7534,2016-08-09 22:00:00,0,0.148325,0.333916,0
7535,2016-08-09 23:00:00,0,0.148328,0.333841,0
7536,2016-08-10 00:00:00,0,0.148329,0.333791,0
7537,2016-08-10 01:00:00,0,0.14833,0.333767,0
7538,2016-08-10 02:00:00,0,0.148331,0.333747,0
7539,2016-08-10 03:00:00,0,0.148331,0.33373,0
7540,2016-08-10 04:00:00,0,0.148332,0.333713,0
7541,2016-08-10 05:00:00,0,0.148332,0.333699,0
7542,2016-08-10 06:00:00,0,0.148332,0.333688,0
7543,2016-08-10 07:00:00,0,0.148333,0.333681,0
7544,2016-08-10 08:00:00,0,0.148333,0.333676,0
7545,2016-08-10 09:00:00,0,0.148333,0.333674,0
7546,2016-08-10 10:00:00,0,0.148333,0.33367,0
7547,2016-08-10 11:00:00,0,0.148333,0.33367,0
7548,2016-08-10 12:00:00,0,0.148333,0.333673,0.000178
7549,2016-08-10 13:00:00,0,0.148324,0.333967,0.000191
7550,2016-08-10 14:00:00,0,0.148314,0.334288,0.000084
7551,2016-08-10 15:00:00,0,0.148309,0.334432,0.000068
7552,2016-08-10 16:00:00,0,0.148306,0.334545,0.001095
7553,2016-08-10 17:00:00,0,0.14825,0.336304,0.001881
7554,2016-08-10 18:00:00,0,0.148152,0.339289,0
7555,2016-08-10 19:00:00,0,0.148153,0.339269,0
7556,2016-08-10 20:00:00,0,0.148155,0.339212,0.000043
7557,2016-08-10 21:00:00,0,0.148154,0.339243,0
7558,2016-08-10 22:00:00,0,0.148155,0.339206,0.000008
7559,2016-08-10 23:00:00,0,0.148155,0.339211,0.00003
7560,2016-08-11 00:00:00,0,0.148154,0.339256,0
7561,2016-08-11 01:00:00,0,0.148153,0.339256,0
7562,2016-08-11 02:00:00,0,0.148153,0.33926,0
7563,2016-08-11 03:00:00,0,0.148153,0.339266,0
7564,2016-08-11 04:00:00,0,0.148153,0.33927,0
7565,2016-08-11 05:00:00,0,0.148153,0.339273,0
7566,2016-08-11 06:00:00,0,0.148153,0.339277,0
7567,2016-08-11 07:00:00,0,0.148153,0.339285,0
7568,2016-08-11 08:00:00,0,0.148152,0.339293,0
7569,2016-08-11 09:00:00,0,0.148152,0.339301,0
7570,2016-08-11 10:00:00,0,0.148152,0.339308,0
7571,2016-08-11 11:00:00,0,0.148152,0.339316,0
7572,2016-08-11 12:00:00,0,0.148151,0.339324,0
7573,2016-08-11 13:00:00,0,0.148151,0.339335,0
7574,2016-08-11 14:00:00,0,0.148151,0.33934,0
7575,2016-08-11 15:00:00,0,0.148151,0.339329,0
7576,2016-08-11 16:00:00,0,0.148153,0.339266,0
7577,2016-08-11 17:00:00,0,0.148157,0.339144,0
7578,2016-08-11 18:00:00,0,0.148162,0.338996,0
7579,2016-08-11 19:00:00,0,0.148169,0.338806,0
7580,2016-08-11 20:00:00,0,0.148175,0.338627,0
7581,2016-08-11 21:00:00,0,0.148179,0.338489,0
7582,2016-08-11 22:00:00,0,0.148182,0.338403,0.000037
7583,2016-08-11 23:00:00,0,0.148181,0.338441,0
7584,2016-08-12 00:00:00,0,0.148182,0.33842,0.000009
7585,2016-08-12 01:00:00,0,0.148181,0.33842,0
7586,2016-08-12 02:00:00,0,0.148182,0.338411,0
7587,2016-08-12 03:00:00,0,0.148182,0.338405,0
7588,2016-08-12 04:00:00,0,0.148182,0.338399,0
7589,2016-08-12 05:00:00,0,0.148182,0.338394,0
7590,2016-08-12 06:00:00,0,0.148182,0.338391,0
7591,2016-08-12 07:00:00,0,0.148183,0.338388,0
7592,2016-08-12 08:00:00,0,0.148183,0.338387,0
7593,2016-08-12 09:00:00,0,0.148183,0.338383,0
7594,2016-08-12 10:00:00,0,0.148183,0.33838,0
7595,2016-08-12 11:00:00,0,0.148183,0.338377,0.000097
7596,2016-08-12 12:00:00,0,0.148178,0.338534,0
7597,2016-08-12 13:00:00,0,0.148178,0.338531,0
7598,2016-08-12 14:00:00,0,0.148178,0.338528,0
7599,2016-08-12 15:00:00,0,0.148179,0.338503,0
7600,2016-08-12 16:00:00,0,0.148181,0.338441,0
7601,2016-08-12 17:00:00,0,0.148184,0.338333,0
7602,2016-08-12 18:00:00,0,0.148189,0.338201,0
7603,2016-08-12 19:00:00,0,0.148195,0.338011,0
7604,2016-08-12 20:00:00,0,0.148199,0.337877,0.000017
7605,2016-08-12 21:00:00,0,0.148203,0.337757,0.000129
7606,2016-08-12 22:00:00,0,0.148199,0.337901,0.000157
7607,2016-08-12 23:00:00,0,0.148192,0.338117,0.005166
7608,2016-08-13 00:00:00,0,0.147918,0.345887,0.000071
7609,2016-08-13 01:00:00,0,0.147914,0.345989,0
7610,2016-08-13 02:00:00,0,0.147915,0.345978,0.000021
7611,2016-08-13 03:00:00,0,0.147914,0.346003,0.000046
7612,2016-08-13 04:00:00,0,0.147911,0.346072,0
7613,2016-08-13 05:00:00,0,0.147911,0.346069,0
7614,2016-08-13 06:00:00,0,0.147911,0.346067,0
7615,2016-08-13 07:00:00,0,0.147911,0.346065,0
7616,2016-08-13 08:00:00,0,0.147911,0.346063,0.000022
7617,2016-08-13 09:00:00,0,0.14791,0.346102,0.000024
7618,2016-08-13 10:00:00,0,0.147909,0.346137,0
7619,2016-08-13 11:00:00,0,0.147909,0.346135,0
7620,2016-08-13 12:00:00,0,0.147909,0.346139,0
7621,2016-08-13 13:00:00,0,0.147908,0.346143,0
7622,2016-08-13 14:00:00,0,0.147908,0.346148,0
7623,2016-08-13 15:00:00,0,0.147908,0.346151,0
7624,2016-08-13 16:00:00,0,0.147909,0.346135,0
7625,2016-08-13 17:00:00,0,0.147912,0.346035,0
7626,2016-08-13 18:00:00,0,0.147917,0.345903,0
7627,2016-08-13 19:00:00,0,0.147921,0.345806,0.000001
7628,2016-08-13 20:00:00,0,0.147925,0.345688,0.000006
7629,2016-08-13 21:00:00,0,0.14793,0.345576,0
7630,2016-08-13 22:00:00,0,0.147933,0.345474,0
7631,2016-08-13 23:00:00,0,0.147934,0.345449,0
7632,2016-08-14 00:00:00,0,0.147935,0.345425,0
7633,2016-08-14 01:00:00,0,0.147936,0.345412,0
7634,2016-08-14 02:00:00,0,0.147936,0.345398,0
7635,2016-08-14 03:00:00,0,0.147937,0.345384,0.000088
7636,2016-08-14 04:00:00,0,0.147932,0.345506,0.004439
7637,2016-08-14 05:00:00,0,0.147671,0.352146,0.000055
7638,2016-08-14 06:00:00,0,0.147668,0.352222,0.00178
7639,2016-08-14 07:00:00,0,0.147551,0.35496,0.000015
7640,2016-08-14 08:00:00,0,0.14755,0.354978,0
7641,2016-08-14 09:00:00,0,0.14755,0.354973,0
7642,2016-08-14 10:00:00,0,0.147551,0.354968,0
7643,2016-08-14 11:00:00,0,0.147551,0.354966,0
7644,2016-08-14 12:00:00,0,0.147551,0.354965,0
7645,2016-08-14 13:00:00,0,0.147551,0.354966,0
7646,2016-08-14 14:00:00,0,0.14755,0.354971,0
7647,2016-08-14 15:00:00,0,0.147551,0.354962,0
7648,2016-08-14 16:00:00,0,0.147554,0.354898,0
7649,2016-08-14 17:00:00,0,0.14756,0.354742,0
7650,2016-08-14 18:00:00,0,0.147568,0.35456,0
7651,2016-08-14 19:00:00,0,0.147578,0.354345,0
7652,2016-08-14 20:00:00,0,0.147585,0.354166,0
7653,2016-08-14 21:00:00,0,0.147593,0.353993,0
7654,2016-08-14 22:00:00,0,0.147598,0.353864,0
7655,2016-08-14 23:00:00,0,0.147601,0.35381,0
7656,2016-08-15 00:00:00,0,0.147602,0.353769,0
7657,2016-08-15 01:00:00,0,0.147604,0.353739,0
7658,2016-08-15 02:00:00,0,0.147605,0.353711,0
7659,2016-08-15 03:00:00,0,0.147606,0.353683,0
7660,2016-08-15 04:00:00,0,0.147607,0.35366,0
7661,2016-08-15 05:00:00,0,0.147608,0.353638,0
7662,2016-08-15 06:00:00,0,0.147609,0.35362,0
7663,2016-08-15 07:00:00,0,0.14761,0.3536,0
7664,2016-08-15 08:00:00,0,0.14761,0.353578,0
7665,2016-08-15 09:00:00,0,0.147611,0.353556,0
7666,2016-08-15 10:00:00,0,0.147612,0.353539,0
7667,2016-08-15 11:00:00,0,0.147613,0.353522,0
7668,2016-08-15 12:00:00,0,0.147614,0.353506,0
7669,2016-08-15 13:00:00,0,0.147614,0.353485,0
7670,2016-08-15 14:00:00,0,0.147616,0.353439,0
7671,2016-08-15 15:00:00,0,0.14762,0.353351,0
7672,2016-08-15 16:00:00,0,0.147626,0.353222,0
7673,2016-08-15 17:00:00,0,0.147632,0.353063,0
7674,2016-08-15 18:00:00,0,0.14764,0.352884,0
7675,2016-08-15 19:00:00,0,0.147648,0.352697,0
7676,2016-08-15 20:00:00,0,0.147655,0.35253,0
7677,2016-08-15 21:00:00,0,0.14766,0.352403,0
7678,2016-08-15 22:00:00,0,0.147664,0.352313,0
7679,2016-08-15 23:00:00,0,0.147665,0.352287,0
7680,2016-08-16 00:00:00,0,0.147666,0.352266,0
7681,2016-08-16 01:00:00,0,0.147667,0.352239,0
7682,2016-08-16 02:00:00,0,0.147668,0.352217,0
7683,2016-08-16 03:00:00,0,0.147669,0.352195,0
7684,2016-08-16 04:00:00,0,0.147669,0.352176,0
7685,2016-08-16 05:00:00,0,0.14767,0.352161,0
7686,2016-08-16 06:00:00,0,0.147671,0.352147,0
7687,2016-08-16 07:00:00,0,0.147671,0.352136,0
7688,2016-08-16 08:00:00,0,0.147671,0.352129,0
7689,2016-08-16 09:00:00,0,0.147672,0.352123,0
7690,2016-08-16 10:00:00,0,0.147672,0.352116,0
7691,2016-08-16 11:00:00,0,0.147672,0.352114,0
7692,2016-08-16 12:00:00,0,0.147672,0.352114,0
7693,2016-08-16 13:00:00,0,0.147672,0.352107,0
7694,2016-08-16 14:00:00,0,0.147673,0.352083,0
7695,2016-08-16 15:00:00,0,0.147676,0.352026,0
7696,2016-08-16 16:00:00,0,0.147679,0.35195,0
7697,2016-08-16 17:00:00,0,0.147683,0.351859,0.000117
7698,2016-08-16 18:00:00,0,0.147677,0.351998,0.001204
7699,2016-08-16 19:00:00,0,0.1476,0.353833,0.000177
7700,2016-08-16 20:00:00,0,0.147589,0.354076,0.000137
7701,2016-08-16 21:00:00,0,0.147582,0.354244,0
7702,2016-08-16 22:00:00,0,0.147586,0.354152,0
7703,2016-08-16 23:00:00,0,0.147587,0.354124,0
7704,2016-08-17 00:00:00,0,0.147588,0.354099,0
7705,2016-08-17 01:00:00,0,0.147589,0.354083,0
7706,2016-08-17 02:00:00,0,0.147589,0.354069,0
7707,2016-08-17 03:00:00,0,0.14759,0.354061,0.000142
7708,2016-08-17 04:00:00,0,0.14758,0.354283,0
7709,2016-08-17 05:00:00,0,0.14758,0.354283,0
7710,2016-08-17 06:00:00,0,0.14758,0.354284,0.000013
7711,2016-08-17 07:00:00,0,0.14758,0.3543,0.000046
7712,2016-08-17 08:00:00,0,0.147577,0.354369,0
7713,2016-08-17 09:00:00,0,0.147577,0.354362,0
7714,2016-08-17 10:00:00,0,0.147578,0.354344,0
7715,2016-08-17 11:00:00,0,0.147579,0.354324,0
7716,2016-08-17 12:00:00,0,0.147579,0.354307,0
7717,2016-08-17 13:00:00,0,0.14758,0.354281,0
7718,2016-08-17 14:00:00,0,0.147583,0.354226,0
7719,2016-08-17 15:00:00,0,0.147587,0.354118,0
7720,2016-08-17 16:00:00,0,0.147594,0.353963,0
7721,2016-08-17 17:00:00,0,0.147601,0.35379,0
7722,2016-08-17 18:00:00,0,0.14761,0.353596,0
7723,2016-08-17 19:00:00,0,0.147618,0.353392,0
7724,2016-08-17 20:00:00,0,0.147627,0.353194,0
7725,2016-08-17 21:00:00,0,0.147634,0.353027,0
7726,2016-08-17 22:00:00,0,0.147639,0.352897,0
7727,2016-08-17 23:00:00,0,0.147642,0.352831,0
7728,2016-08-18 00:00:00,0,0.147644,0.35278,0
7729,2016-08-18 01:00:00,0,0.147645,0.352751,0
7730,2016-08-18 02:00:00,0,0.147647,0.352725,0
7731,2016-08-18 03:00:00,0,0.147648,0.3527,0
7732,2016-08-18 04:00:00,0,0.147648,0.352679,0
7733,2016-08-18 05:00:00,0,0.147649,0.352664,0
7734,2016-08-18 06:00:00,0,0.14765,0.352649,0
7735,2016-08-18 07:00:00,0,0.14765,0.352639,0
7736,2016-08-18 08:00:00,0,0.147651,0.352629,0
7737,2016-08-18 09:00:00,0,0.147651,0.352619,0
7738,2016-08-18 10:00:00,0,0.147651,0.352609,0.000019
7739,2016-08-18 11:00:00,0,0.14765,0.352633,0.000009
7740,2016-08-18 12:00:00,0,0.14765,0.352643,0
7741,2016-08-18 13:00:00,0,0.14765,0.35264,0
7742,2016-08-18 14:00:00,0,0.14765,0.352636,0
7743,2016-08-18 15:00:00,0,0.147652,0.352602,0
7744,2016-08-18 16:00:00,0,0.147655,0.352514,0
7745,2016-08-18 17:00:00,0,0.14766,0.352398,0
7746,2016-08-18 18:00:00,0,0.147666,0.352263,0
7747,2016-08-18 19:00:00,0,0.147673,0.352098,0
7748,2016-08-18 20:00:00,0,0.147679,0.351952,0
7749,2016-08-18 21:00:00,0,0.147684,0.351832,0
7750,2016-08-18 22:00:00,0,0.147687,0.351745,0
7751,2016-08-18 23:00:00,0,0.147688,0.351723,0
7752,2016-08-19 00:00:00,0,0.147689,0.351707,0
7753,2016-08-19 01:00:00,0,0.147689,0.351695,0
7754,2016-08-19 02:00:00,0,0.14769,0.351684,0
7755,2016-08-19 03:00:00,0,0.14769,0.351671,0
7756,2016-08-19 04:00:00,0,0.147691,0.351654,0
7757,2016-08-19 05:00:00,0,0.147692,0.351642,0
7758,2016-08-19 06:00:00,0,0.147692,0.35163,0
7759,2016-08-19 07:00:00,0,0.147693,0.35162,0
7760,2016-08-19 08:00:00,0,0.147693,0.35161,0
7761,2016-08-19 09:00:00,0,0.147693,0.351605,0
7762,2016-08-19 10:00:00,0,0.147693,0.351599,0
7763,2016-08-19 11:00:00,0,0.147693,0.351598,0
7764,2016-08-19 12:00:00,0,0.147693,0.351599,0
7765,2016-08-19 13:00:00,0,0.147693,0.351597,0
7766,2016-08-19 14:00:00,0,0.147694,0.351575,0
7767,2016-08-19 15:00:00,0,0.147697,0.351519,0
7768,2016-08-19 16:00:00,0,0.1477,0.351435,0
7769,2016-08-19 17:00:00,0,0.147704,0.351336,0
7770,2016-08-19 18:00:00,0,0.147709,0.351222,0
7771,2016-08-19 19:00:00,0,0.147714,0.351095,0
7772,2016-08-19 20:00:00,0,0.147719,0.350971,0
7773,2016-08-19 21:00:00,0,0.147724,0.350863,0
7774,2016-08-19 22:00:00,0,0.147727,0.350779,0
7775,2016-08-19 23:00:00,0,0.147728,0.350755,0
7776,2016-08-20 00:00:00,0,0.147729,0.35074,0
7777,2016-08-20 01:00:00,0,0.147729,0.350728,0
7778,2016-08-20 02:00:00,0,0.147729,0.350718,0
7779,2016-08-20 03:00:00,0,0.14773,0.350707,0
7780,2016-08-20 04:00:00,0,0.14773,0.350701,0
7781,2016-08-20 05:00:00,0,0.14773,0.350694,0
7782,2016-08-20 06:00:00,0,0.147731,0.350689,0
7783,2016-08-20 07:00:00,0,0.147731,0.350687,0
7784,2016-08-20 08:00:00,0,0.147731,0.350685,0
7785,2016-08-20 09:00:00,0,0.147731,0.350683,0
7786,2016-08-20 10:00:00,0,0.147731,0.35068,0
7787,2016-08-20 11:00:00,0,0.147731,0.350679,0
7788,2016-08-20 12:00:00,0,0.147731,0.35068,0
7789,2016-08-20 13:00:00,0,0.147731,0.350675,0
7790,2016-08-20 14:00:00,0,0.147732,0.350662,0
7791,2016-08-20 15:00:00,0,0.147733,0.350628,0
7792,2016-08-20 16:00:00,0,0.147736,0.350562,0
7793,2016-08-20 17:00:00,0,0.14774,0.35046,0.000444
7794,2016-08-20 18:00:00,0,0.147714,0.351107,0.000098
7795,2016-08-20 19:00:00,0,0.147711,0.351179,0
7796,2016-08-20 20:00:00,0,0.147717,0.351025,0
7797,2016-08-20 21:00:00,0,0.147723,0.350879,0
7798,2016-08-20 22:00:00,0,0.147727,0.350775,0
7799,2016-08-20 23:00:00,0,0.147729,0.350727,0
7800,2016-08-21 00:00:00,0,0.14773,0.350694,0
7801,2016-08-21 01:00:00,0,0.147731,0.350672,0
7802,2016-08-21 02:00:00,0,0.147732,0.350653,0
7803,2016-08-21 03:00:00,0,0.147733,0.350637,0
7804,2016-08-21 04:00:00,0,0.147733,0.350627,0
7805,2016-08-21 05:00:00,0,0.147733,0.35062,0
7806,2016-08-21 06:00:00,0,0.147734,0.350616,0
7807,2016-08-21 07:00:00,0,0.147734,0.350613,0
7808,2016-08-21 08:00:00,0,0.147734,0.350612,0
7809,2016-08-21 09:00:00,0,0.147734,0.35061,0
7810,2016-08-21 10:00:00,0,0.147734,0.350607,0
7811,2016-08-21 11:00:00,0,0.147734,0.350605,0
7812,2016-08-21 12:00:00,0,0.147734,0.350605,0
7813,2016-08-21 13:00:00,0,0.147734,0.350599,0
7814,2016-08-21 14:00:00,0,0.147735,0.350577,0
7815,2016-08-21 15:00:00,0,0.147737,0.35052,0
7816,2016-08-21 16:00:00,0,0.147741,0.350423,0
7817,2016-08-21 17:00:00,0,0.147747,0.350273,0
7818,2016-08-21 18:00:00,0,0.147754,0.350099,0
7819,2016-08-21 19:00:00,0,0.147762,0.349909,0
7820,2016-08-21 20:00:00,0,0.147769,0.349732,0
7821,2016-08-21 21:00:00,0,0.147775,0.349587,0
7822,2016-08-21 22:00:00,0,0.147779,0.34949,0
7823,2016-08-21 23:00:00,0,0.14778,0.349452,0
7824,2016-08-22 00:00:00,0,0.147781,0.349427,0
7825,2016-08-22 01:00:00,0,0.147782,0.349414,0
7826,2016-08-22 02:00:00,0,0.147782,0.349404,0
7827,2016-08-22 03:00:00,0,0.147783,0.349397,0.00009
7828,2016-08-22 04:00:00,0,0.147777,0.349539,0.000236
7829,2016-08-22 05:00:00,0,0.147762,0.349915,0.00069
7830,2016-08-22 06:00:00,0,0.147718,0.351001,0.008964
7831,2016-08-22 07:00:00,0,0.147159,0.36334,0.002063
7832,2016-08-22 08:00:00,0,0.147002,0.366393,0.00004
7833,2016-08-22 09:00:00,0,0.147,0.366441,0
7834,2016-08-22 10:00:00,0,0.147,0.36643,0
7835,2016-08-22 11:00:00,0,0.147001,0.366418,0
7836,2016-08-22 12:00:00,0,0.147001,0.366409,0
7837,2016-08-22 13:00:00,0,0.147002,0.366398,0
7838,2016-08-22 14:00:00,0,0.147003,0.366377,0
7839,2016-08-22 15:00:00,0,0.147006,0.366323,0
7840,2016-08-22 16:00:00,0,0.147013,0.36618,0
7841,2016-08-22 17:00:00,0,0.147023,0.366006,0
7842,2016-08-22 18:00:00,0,0.147033,0.365804,0
7843,2016-08-22 19:00:00,0,0.147044,0.365591,0
7844,2016-08-22 20:00:00,0,0.147055,0.365387,0
7845,2016-08-22 21:00:00,0,0.147064,0.365203,0
7846,2016-08-22 22:00:00,0,0.147072,0.365055,0
7847,2016-08-22 23:00:00,0,0.147077,0.364958,0
7848,2016-08-23 00:00:00,0,0.147081,0.364878,0
7849,2016-08-23 01:00:00,0,0.147084,0.364821,0
7850,2016-08-23 02:00:00,0,0.147086,0.364775,0
7851,2016-08-23 03:00:00,0,0.147088,0.364736,0
7852,2016-08-23 04:00:00,0,0.14709,0.364704,0
7853,2016-08-23 05:00:00,0,0.147091,0.364677,0
7854,2016-08-23 06:00:00,0,0.147093,0.364654,0
7855,2016-08-23 07:00:00,0,0.147094,0.364633,0
7856,2016-08-23 08:00:00,0,0.147095,0.364613,0
7857,2016-08-23 09:00:00,0,0.147096,0.364594,0
7858,2016-08-23 10:00:00,0,0.147097,0.364577,0
7859,2016-08-23 11:00:00,0,0.147097,0.364561,0
7860,2016-08-23 12:00:00,0,0.147098,0.364553,0
7861,2016-08-23 13:00:00,0,0.147098,0.364548,0
7862,2016-08-23 14:00:00,0,0.147099,0.364525,0
7863,2016-08-23 15:00:00,0,0.147102,0.364471,0
7864,2016-08-23 16:00:00,0,0.147107,0.364381,0
7865,2016-08-23 17:00:00,0,0.147113,0.36426,0
7866,2016-08-23 18:00:00,0,0.14712,0.364121,0
7867,2016-08-23 19:00:00,0,0.147128,0.363966,0
7868,2016-08-23 20:00:00,0,0.147135,0.363815,0
7869,2016-08-23 21:00:00,0,0.147142,0.363673,0
7870,2016-08-23 22:00:00,0,0.147148,0.363552,0
7871,2016-08-23 23:00:00,0,0.147152,0.363492,0
7872,2016-08-24 00:00:00,0,0.147154,0.363449,0
7873,2016-08-24 01:00:00,0,0.147155,0.363417,0
7874,2016-08-24 02:00:00,0,0.147157,0.363391,0
7875,2016-08-24 03:00:00,0,0.147158,0.363367,0
7876,2016-08-24 04:00:00,0,0.147159,0.363345,0
7877,2016-08-24 05:00:00,0,0.14716,0.363327,0
7878,2016-08-24 06:00:00,0,0.147161,0.363312,0
7879,2016-08-24 07:00:00,0,0.147161,0.3633,0
7880,2016-08-24 08:00:00,0,0.147162,0.363288,0
7881,2016-08-24 09:00:00,0,0.147162,0.363278,0
7882,2016-08-24 10:00:00,0,0.147163,0.363269,0
7883,2016-08-24 11:00:00,0,0.147163,0.363263,0
7884,2016-08-24 12:00:00,0,0.147163,0.363259,0
7885,2016-08-24 13:00:00,0,0.147163,0.363253,0
7886,2016-08-24 14:00:00,0,0.147164,0.363235,0
7887,2016-08-24 15:00:00,0,0.147167,0.363189,0
7888,2016-08-24 16:00:00,0,0.147171,0.363098,0
7889,2016-08-24 17:00:00,0,0.147178,0.362966,0
7890,2016-08-24 18:00:00,0,0.147186,0.362802,0
7891,2016-08-24 19:00:00,0,0.147195,0.362612,0
7892,2016-08-24 20:00:00,0,0.147204,0.362437,0
7893,2016-08-24 21:00:00,0,0.147212,0.362282,0
7894,2016-08-24 22:00:00,0,0.147218,0.362157,0
7895,2016-08-24 23:00:00,0,0.147221,0.362092,0
7896,2016-08-25 00:00:00,0,0.147223,0.362042,0
7897,2016-08-25 01:00:00,0,0.147225,0.362009,0
7898,2016-08-25 02:00:00,0,0.147226,0.361983,0
7899,2016-08-25 03:00:00,0,0.147227,0.361964,0
7900,2016-08-25 04:00:00,0,0.147228,0.361951,0
7901,2016-08-25 05:00:00,0,0.147228,0.36194,0
7902,2016-08-25 06:00:00,0,0.147229,0.361932,0
7903,2016-08-25 07:00:00,0,0.147229,0.361925,0
7904,2016-08-25 08:00:00,0,0.147229,0.36192,0
7905,2016-08-25 09:00:00,0,0.14723,0.361918,0
7906,2016-08-25 10:00:00,0,0.14723,0.361917,0
7907,2016-08-25 11:00:00,0,0.14723,0.361916,0
7908,2016-08-25 12:00:00,0,0.14723,0.361915,0
7909,2016-08-25 13:00:00,0,0.14723,0.361914,0
7910,2016-08-25 14:00:00,0,0.147231,0.361896,0
7911,2016-08-25 15:00:00,0,0.147234,0.36183,0
7912,2016-08-25 16:00:00,0,0.147239,0.361714,0
7913,2016-08-25 17:00:00,0,0.147247,0.361553,0
7914,2016-08-25 18:00:00,0,0.147257,0.36136,0
7915,2016-08-25 19:00:00,0,0.147267,0.361154,0
7916,2016-08-25 20:00:00,0,0.147276,0.360969,0
7917,2016-08-25 21:00:00,0,0.147284,0.360802,0
7918,2016-08-25 22:00:00,0,0.14729,0.360674,0
7919,2016-08-25 23:00:00,0,0.147293,0.360611,0
7920,2016-08-26 00:00:00,0,0.147295,0.360559,0
7921,2016-08-26 01:00:00,0,0.147297,0.360519,0
7922,2016-08-26 02:00:00,0,0.147299,0.360488,0
7923,2016-08-26 03:00:00,0,0.1473,0.360461,0
7924,2016-08-26 04:00:00,0,0.147301,0.360438,0
7925,2016-08-26 05:00:00,0,0.147302,0.360422,0
7926,2016-08-26 06:00:00,0,0.147302,0.36041,0
7927,2016-08-26 07:00:00,0,0.147303,0.360401,0
7928,2016-08-26 08:00:00,0,0.147303,0.360394,0
7929,2016-08-26 09:00:00,0,0.147303,0.360388,0
7930,2016-08-26 10:00:00,0,0.147304,0.360385,0
7931,2016-08-26 11:00:00,0,0.147304,0.360385,0
7932,2016-08-26 12:00:00,0,0.147303,0.36039,0
7933,2016-08-26 13:00:00,0,0.147303,0.360388,0
7934,2016-08-26 14:00:00,0,0.147304,0.360383,0.000012
7935,2016-08-26 15:00:00,0,0.147304,0.360381,0
7936,2016-08-26 16:00:00,0,0.147306,0.360339,0
7937,2016-08-26 17:00:00,0,0.147309,0.360274,0
7938,2016-08-26 18:00:00,0,0.147313,0.360187,0
7939,2016-08-26 19:00:00,0,0.147319,0.360053,0
7940,2016-08-26 20:00:00,0,0.147325,0.359937,0
7941,2016-08-26 21:00:00,0,0.14733,0.359821,0
7942,2016-08-26 22:00:00,0,0.147334,0.35974,0
7943,2016-08-26 23:00:00,0,0.147335,0.359719,0
7944,2016-08-27 00:00:00,0,0.147336,0.359698,0
7945,2016-08-27 01:00:00,0,0.147337,0.359674,0
7946,2016-08-27 02:00:00,0,0.147338,0.359653,0
7947,2016-08-27 03:00:00,0,0.147339,0.359632,0
7948,2016-08-27 04:00:00,0,0.14734,0.359612,0
7949,2016-08-27 05:00:00,0,0.147341,0.359593,0
7950,2016-08-27 06:00:00,0,0.147342,0.359575,0
7951,2016-08-27 07:00:00,0,0.147343,0.359557,0
7952,2016-08-27 08:00:00,0,0.147344,0.359541,0
7953,2016-08-27 09:00:00,0,0.147344,0.359525,0
7954,2016-08-27 10:00:00,0,0.147345,0.359509,0
7955,2016-08-27 11:00:00,0,0.147346,0.359493,0
7956,2016-08-27 12:00:00,0,0.147346,0.359489,0
7957,2016-08-27 13:00:00,0,0.147346,0.359482,0
7958,2016-08-27 14:00:00,0,0.147348,0.359455,0
7959,2016-08-27 15:00:00,0,0.147351,0.359391,0
7960,2016-08-27 16:00:00,0,0.147356,0.359282,0
7961,2016-08-27 17:00:00,0,0.147362,0.359158,0
7962,2016-08-27 18:00:00,0,0.147367,0.359038,0
7963,2016-08-27 19:00:00,0,0.147372,0.358932,0
7964,2016-08-27 20:00:00,0,0.147377,0.35883,0
7965,2016-08-27 21:00:00,0,0.147381,0.358743,0
7966,2016-08-27 22:00:00,0,0.147384,0.358675,0
7967,2016-08-27 23:00:00,0,0.147385,0.358655,0
7968,2016-08-28 00:00:00,0,0.147386,0.358634,0
7969,2016-08-28 01:00:00,0,0.147388,0.358595,0
7970,2016-08-28 02:00:00,0,0.147389,0.358559,0
7971,2016-08-28 03:00:00,0,0.147391,0.358524,0
7972,2016-08-28 04:00:00,0,0.147392,0.358492,0
7973,2016-08-28 05:00:00,0,0.147394,0.358467,0
7974,2016-08-28 06:00:00,0,0.147395,0.358447,0
7975,2016-08-28 07:00:00,0,0.147395,0.35843,0
7976,2016-08-28 08:00:00,0,0.147396,0.358417,0
7977,2016-08-28 09:00:00,0,0.147397,0.358402,0
7978,2016-08-28 10:00:00,0,0.147397,0.358388,0
7979,2016-08-28 11:00:00,0,0.147398,0.358374,0
7980,2016-08-28 12:00:00,0,0.147398,0.358365,0
7981,2016-08-28 13:00:00,0,0.147399,0.358359,0
7982,2016-08-28 14:00:00,0,0.147399,0.35834,0
7983,2016-08-28 15:00:00,0,0.147402,0.358293,0
7984,2016-08-28 16:00:00,0,0.147406,0.358208,0
7985,2016-08-28 17:00:00,0,0.147411,0.358094,0
7986,2016-08-28 18:00:00,0,0.147417,0.357956,0
7987,2016-08-28 19:00:00,0,0.147425,0.357775,0
7988,2016-08-28 20:00:00,0,0.147433,0.357609,0
7989,2016-08-28 21:00:00,0,0.147439,0.357465,0
7990,2016-08-28 22:00:00,0,0.147445,0.357349,0
7991,2016-08-28 23:00:00,0,0.147447,0.357294,0
7992,2016-08-29 00:00:00,0,0.147449,0.357245,0
7993,2016-08-29 01:00:00,0,0.147451,0.357208,0
7994,2016-08-29 02:00:00,0,0.147452,0.357179,0
7995,2016-08-29 03:00:00,0,0.147453,0.357157,0
7996,2016-08-29 04:00:00,0,0.147454,0.35714,0
7997,2016-08-29 05:00:00,0,0.147455,0.357126,0
7998,2016-08-29 06:00:00,0,0.147455,0.357115,0
7999,2016-08-29 07:00:00,0,0.147456,0.357105,0
8000,2016-08-29 08:00:00,0,0.147456,0.357098,0
8001,2016-08-29 09:00:00,0,0.147456,0.357094,0
8002,2016-08-29 10:00:00,0,0.147457,0.357087,0
8003,2016-08-29 11:00:00,0,0.147457,0.357081,0
8004,2016-08-29 12:00:00,0,0.147457,0.357079,0
8005,2016-08-29 13:00:00,0,0.147457,0.357071,0
8006,2016-08-29 14:00:00,0,0.147459,0.357043,0
8007,2016-08-29 15:00:00,0,0.147461,0.356987,0
8008,2016-08-29 16:00:00,0,0.147466,0.356868,0
8009,2016-08-29 17:00:00,0,0.147474,0.35669,0
8010,2016-08-29 18:00:00,0,0.147484,0.356469,0
8011,2016-08-29 19:00:00,0,0.147495,0.356233,0
8012,2016-08-29 20:00:00,0,0.147505,0.356014,0
8013,2016-08-29 21:00:00,0,0.147514,0.355805,0
8014,2016-08-29 22:00:00,0,0.147522,0.355628,0
8015,2016-08-29 23:00:00,0,0.147526,0.355524,0
8016,2016-08-30 00:00:00,0,0.14753,0.355449,0
8017,2016-08-30 01:00:00,0,0.147532,0.3554,0
8018,2016-08-30 02:00:00,0,0.147534,0.355354,0
8019,2016-08-30 03:00:00,0,0.147535,0.355315,0
8020,2016-08-30 04:00:00,0,0.147537,0.355281,0
8021,2016-08-30 05:00:00,0,0.147538,0.355252,0
8022,2016-08-30 06:00:00,0,0.147539,0.355226,0
8023,2016-08-30 07:00:00,0,0.14754,0.355205,0
8024,2016-08-30 08:00:00,0,0.147541,0.355196,0
8025,2016-08-30 09:00:00,0,0.147541,0.355188,0
8026,2016-08-30 10:00:00,0,0.147541,0.355181,0
8027,2016-08-30 11:00:00,0,0.147542,0.355175,0
8028,2016-08-30 12:00:00,0,0.147542,0.355171,0
8029,2016-08-30 13:00:00,0,0.147542,0.355166,0
8030,2016-08-30 14:00:00,0,0.147543,0.355147,0
8031,2016-08-30 15:00:00,0,0.147545,0.355106,0
8032,2016-08-30 16:00:00,0,0.147548,0.355038,0
8033,2016-08-30 17:00:00,0,0.147552,0.354926,0
8034,2016-08-30 18:00:00,0,0.147559,0.354777,0
8035,2016-08-30 19:00:00,0,0.147566,0.354602,0
8036,2016-08-30 20:00:00,0,0.147574,0.354432,0
8037,2016-08-30 21:00:00,0,0.14758,0.354287,0
8038,2016-08-30 22:00:00,0,0.147585,0.354175,0
8039,2016-08-30 23:00:00,0,0.147586,0.354147,0
8040,2016-08-31 00:00:00,0,0.147587,0.354124,0
8041,2016-08-31 01:00:00,0,0.147588,0.354109,0
8042,2016-08-31 02:00:00,0,0.147588,0.354098,0
8043,2016-08-31 03:00:00,0,0.147589,0.354087,0
8044,2016-08-31 04:00:00,0,0.147589,0.354077,0
8045,2016-08-31 05:00:00,0,0.147589,0.354069,0
8046,2016-08-31 06:00:00,0,0.14759,0.354062,0
8047,2016-08-31 07:00:00,0,0.14759,0.354055,0
8048,2016-08-31 08:00:00,0,0.14759,0.354048,0
8049,2016-08-31 09:00:00,0,0.147591,0.354042,0
8050,2016-08-31 10:00:00,0,0.147591,0.354038,0
8051,2016-08-31 11:00:00,0,0.147591,0.354036,0
8052,2016-08-31 12:00:00,0,0.147591,0.354042,0
8053,2016-08-31 13:00:00,0,0.147591,0.354041,0
8054,2016-08-31 14:00:00,0,0.147591,0.354038,0
8055,2016-08-31 15:00:00,0,0.147592,0.354011,0
8056,2016-08-31 16:00:00,0,0.147595,0.35395,0
8057,2016-08-31 17:00:00,0,0.147598,0.353859,0
8058,2016-08-31 18:00:00,0,0.147603,0.353745,0
8059,2016-08-31 19:00:00,0,0.147609,0.35362,0
8060,2016-08-31 20:00:00,0,0.147614,0.353494,0
8061,2016-08-31 21:00:00,0,0.14762,0.353357,0
8062,2016-08-31 22:00:00,0,0.147624,0.353264,0
8063,2016-08-31 23:00:00,0,0.147625,0.35323,0
8064,2016-09-01 00:00:00,0,0.147626,0.353201,0
8065,2016-09-01 01:00:00,0,0.147627,0.353183,0
8066,2016-09-01 02:00:00,0,0.147628,0.353173,0
8067,2016-09-01 03:00:00,0,0.147628,0.353166,0
8068,2016-09-01 04:00:00,0,0.147628,0.353165,0
8069,2016-09-01 05:00:00,0,0.147628,0.353166,0
8070,2016-09-01 06:00:00,0,0.147628,0.353165,0
8071,2016-09-01 07:00:00,0,0.147628,0.353163,0
8072,2016-09-01 08:00:00,0,0.147628,0.353162,0.00001
8073,2016-09-01 09:00:00,0,0.147628,0.353176,0.000191
8074,2016-09-01 10:00:00,0,0.147615,0.353478,0.000011
8075,2016-09-01 11:00:00,0,0.147614,0.353498,0.000027
8076,2016-09-01 12:00:00,0,0.147612,0.353543,0
8077,2016-09-01 13:00:00,0,0.147612,0.353544,0.000012
8078,2016-09-01 14:00:00,0,0.147611,0.353562,0
8079,2016-09-01 15:00:00,0,0.147611,0.353558,0.000054
8080,2016-09-01 16:00:00,0,0.147608,0.353633,0.000191
8081,2016-09-01 17:00:00,0,0.147596,0.353917,0.00001
8082,2016-09-01 18:00:00,0,0.147596,0.353907,0
8083,2016-09-01 19:00:00,0,0.1476,0.353832,0
8084,2016-09-01 20:00:00,0,0.147603,0.35375,0
8085,2016-09-01 21:00:00,0,0.147607,0.353651,0
8086,2016-09-01 22:00:00,0,0.14761,0.353581,0.000172
8087,2016-09-01 23:00:00,0,0.147599,0.353836,0.000319
8088,2016-09-02 00:00:00,0,0.147579,0.354323,0
8089,2016-09-02 01:00:00,0,0.147579,0.354306,0
8090,2016-09-02 02:00:00,0,0.14758,0.35429,0
8091,2016-09-02 03:00:00,0,0.14758,0.354282,0
8092,2016-09-02 04:00:00,0,0.147581,0.354267,0
8093,2016-09-02 05:00:00,0,0.147582,0.354248,0
8094,2016-09-02 06:00:00,0,0.147583,0.354224,0
8095,2016-09-02 07:00:00,0,0.147584,0.354202,0
8096,2016-09-02 08:00:00,0,0.147585,0.354182,0
8097,2016-09-02 09:00:00,0,0.147586,0.35416,0
8098,2016-09-02 10:00:00,0,0.147586,0.354141,0
8099,2016-09-02 11:00:00,0,0.147587,0.354122,0
8100,2016-09-02 12:00:00,0,0.147588,0.354107,0
8101,2016-09-02 13:00:00,0,0.147589,0.354089,0
8102,2016-09-02 14:00:00,0,0.14759,0.354059,0
8103,2016-09-02 15:00:00,0,0.147593,0.353991,0
8104,2016-09-02 16:00:00,0,0.147598,0.353882,0
8105,2016-09-02 17:00:00,0,0.147603,0.353746,0
8106,2016-09-02 18:00:00,0,0.14761,0.353591,0
8107,2016-09-02 19:00:00,0,0.147616,0.353446,0
8108,2016-09-02 20:00:00,0,0.147622,0.353298,0
8109,2016-09-02 21:00:00,0,0.147628,0.353161,0
8110,2016-09-02 22:00:00,0,0.147632,0.353062,0
8111,2016-09-02 23:00:00,0,0.147633,0.353036,0
8112,2016-09-03 00:00:00,0,0.147635,0.352995,0
8113,2016-09-03 01:00:00,0,0.147637,0.352956,0
8114,2016-09-03 02:00:00,0,0.147638,0.352925,0
8115,2016-09-03 03:00:00,0,0.147639,0.352901,0
8116,2016-09-03 04:00:00,0,0.14764,0.352881,0
8117,2016-09-03 05:00:00,0,0.147641,0.352865,0
8118,2016-09-03 06:00:00,0,0.147641,0.352852,0
8119,2016-09-03 07:00:00,0,0.147642,0.35284,0
8120,2016-09-03 08:00:00,0,0.147642,0.352828,0
8121,2016-09-03 09:00:00,0,0.147642,0.352825,0
8122,2016-09-03 10:00:00,0,0.147642,0.352824,0
8123,2016-09-03 11:00:00,0,0.147642,0.352822,0
8124,2016-09-03 12:00:00,0,0.147643,0.352819,0
8125,2016-09-03 13:00:00,0,0.147643,0.352804,0
8126,2016-09-03 14:00:00,0,0.147644,0.352776,0
8127,2016-09-03 15:00:00,0,0.147647,0.352723,0
8128,2016-09-03 16:00:00,0,0.14765,0.352636,0
8129,2016-09-03 17:00:00,0,0.147655,0.352527,0
8130,2016-09-03 18:00:00,0,0.14766,0.352401,0
8131,2016-09-03 19:00:00,0,0.147666,0.352267,0
8132,2016-09-03 20:00:00,0,0.147672,0.352127,0
8133,2016-09-03 21:00:00,0,0.147676,0.35201,0
8134,2016-09-03 22:00:00,0,0.14768,0.351919,0
8135,2016-09-03 23:00:00,0,0.147681,0.351887,0
8136,2016-09-04 00:00:00,0,0.147683,0.351853,0
8137,2016-09-04 01:00:00,0,0.147684,0.351825,0
8138,2016-09-04 02:00:00,0,0.147685,0.351803,0
8139,2016-09-04 03:00:00,0,0.147686,0.351784,0
8140,2016-09-04 04:00:00,0,0.147687,0.351765,0
8141,2016-09-04 05:00:00,0,0.147687,0.351749,0
8142,2016-09-04 06:00:00,0,0.147688,0.351734,0
8143,2016-09-04 07:00:00,0,0.147688,0.35172,0
8144,2016-09-04 08:00:00,0,0.147689,0.351706,0
8145,2016-09-04 09:00:00,0,0.147689,0.351696,0
8146,2016-09-04 10:00:00,0,0.14769,0.351688,0
8147,2016-09-04 11:00:00,0,0.14769,0.351678,0
8148,2016-09-04 12:00:00,0,0.14769,0.351669,0
8149,2016-09-04 13:00:00,0,0.147691,0.351654,0
8150,2016-09-04 14:00:00,0,0.147692,0.351621,0
8151,2016-09-04 15:00:00,0,0.147695,0.351558,0
8152,2016-09-04 16:00:00,0,0.147699,0.351452,0
8153,2016-09-04 17:00:00,0,0.147705,0.351309,0
8154,2016-09-04 18:00:00,0,0.147713,0.351124,0
8155,2016-09-04 19:00:00,0,0.147722,0.350912,0
8156,2016-09-04 20:00:00,0,0.14773,0.350706,0
8157,2016-09-04 21:00:00,0,0.147737,0.350527,0
8158,2016-09-04 22:00:00,0,0.147743,0.350374,0
8159,2016-09-04 23:00:00,0,0.147747,0.350287,0
8160,2016-09-05 00:00:00,0,0.14775,0.350216,0
8161,2016-09-05 01:00:00,0,0.147752,0.350161,0
8162,2016-09-05 02:00:00,0,0.147754,0.350121,0
8163,2016-09-05 03:00:00,0,0.147755,0.350088,0
8164,2016-09-05 04:00:00,0,0.147756,0.350064,0
8165,2016-09-05 05:00:00,0,0.147757,0.350042,0
8166,2016-09-05 06:00:00,0,0.147758,0.350021,0
8167,2016-09-05 07:00:00,0,0.147758,0.350004,0
8168,2016-09-05 08:00:00,0,0.147759,0.349988,0
8169,2016-09-05 09:00:00,0,0.147759,0.349974,0
8170,2016-09-05 10:00:00,0,0.14776,0.349959,0
8171,2016-09-05 11:00:00,0,0.147761,0.349944,0
8172,2016-09-05 12:00:00,0,0.147761,0.349929,0
8173,2016-09-05 13:00:00,0,0.147762,0.349904,0
8174,2016-09-05 14:00:00,0,0.147764,0.34986,0
8175,2016-09-05 15:00:00,0,0.147767,0.349783,0
8176,2016-09-05 16:00:00,0,0.147772,0.349661,0
8177,2016-09-05 17:00:00,0,0.147779,0.349497,0
8178,2016-09-05 18:00:00,0,0.147786,0.349307,0
8179,2016-09-05 19:00:00,0,0.147794,0.349106,0
8180,2016-09-05 20:00:00,0,0.147802,0.348901,0
8181,2016-09-05 21:00:00,0,0.14781,0.348708,0
8182,2016-09-05 22:00:00,0,0.147816,0.348535,0
8183,2016-09-05 23:00:00,0,0.147822,0.348407,0
8184,2016-09-06 00:00:00,0,0.147826,0.348281,0
8185,2016-09-06 01:00:00,0,0.147831,0.34816,0
8186,2016-09-06 02:00:00,0,0.147835,0.348065,0
8187,2016-09-06 03:00:00,0,0.147838,0.347987,0
8188,2016-09-06 04:00:00,0,0.14784,0.347931,0
8189,2016-09-06 05:00:00,0,0.147842,0.347893,0
8190,2016-09-06 06:00:00,0,0.147842,0.347871,0
8191,2016-09-06 07:00:00,0,0.147843,0.347853,0
8192,2016-09-06 08:00:00,0,0.147844,0.347837,0
8193,2016-09-06 09:00:00,0,0.147844,0.347825,0
8194,2016-09-06 10:00:00,0,0.147845,0.347814,0
8195,2016-09-06 11:00:00,0,0.147845,0.34781,0
8196,2016-09-06 12:00:00,0,0.147845,0.347802,0
8197,2016-09-06 13:00:00,0,0.147845,0.347795,0.000011
8198,2016-09-06 14:00:00,0,0.147845,0.347804,0.00001
8199,2016-09-06 15:00:00,0,0.147845,0.347804,0
8200,2016-09-06 16:00:00,0,0.147846,0.347771,0.00001
8201,2016-09-06 17:00:00,0,0.147847,0.34775,0
8202,2016-09-06 18:00:00,0,0.147849,0.347699,0
8203,2016-09-06 19:00:00,0,0.147852,0.347615,0
8204,2016-09-06 20:00:00,0,0.147855,0.347533,0
8205,2016-09-06 21:00:00,0,0.147859,0.347431,0.000019
8206,2016-09-06 22:00:00,0,0.14786,0.347405,0.000012
8207,2016-09-06 23:00:00,0,0.14786,0.347405,0.000135
8208,2016-09-07 00:00:00,0,0.147852,0.347613,0.000025
8209,2016-09-07 01:00:00,0,0.147851,0.347649,0.000053
8210,2016-09-07 02:00:00,0,0.147848,0.347732,0
8211,2016-09-07 03:00:00,0,0.147848,0.347731,0
8212,2016-09-07 04:00:00,0,0.147848,0.34773,0
8213,2016-09-07 05:00:00,0,0.147848,0.347729,0
8214,2016-09-07 06:00:00,0,0.147848,0.347725,0
8215,2016-09-07 07:00:00,0,0.147848,0.347725,0
8216,2016-09-07 08:00:00,0,0.147848,0.347723,0
8217,2016-09-07 09:00:00,0,0.147848,0.347722,0
8218,2016-09-07 10:00:00,0,0.147848,0.347722,0
8219,2016-09-07 11:00:00,0,0.147848,0.347723,0
8220,2016-09-07 12:00:00,0,0.147848,0.347726,0.000044
8221,2016-09-07 13:00:00,0,0.147845,0.347795,0
8222,2016-09-07 14:00:00,0,0.147845,0.347793,0
8223,2016-09-07 15:00:00,0,0.147846,0.347783,0
8224,2016-09-07 16:00:00,0,0.147847,0.347751,0
8225,2016-09-07 17:00:00,0,0.14785,0.347674,0
8226,2016-09-07 18:00:00,0,0.147854,0.347583,0
8227,2016-09-07 19:00:00,0,0.147858,0.347471,0.000032
8228,2016-09-07 20:00:00,0,0.147859,0.347444,0.000003
8229,2016-09-07 21:00:00,0,0.147863,0.34733,0
8230,2016-09-07 22:00:00,0,0.147866,0.34725,0.000048
8231,2016-09-07 23:00:00,0,0.147864,0.347308,0.000016
8232,2016-09-08 00:00:00,0,0.147864,0.347319,0
8233,2016-09-08 01:00:00,0,0.147864,0.34731,0
8234,2016-09-08 02:00:00,0,0.147864,0.347303,0
8235,2016-09-08 03:00:00,0,0.147864,0.3473,0
8236,2016-09-08 04:00:00,0,0.147865,0.347297,0
8237,2016-09-08 05:00:00,0,0.147865,0.347296,0
8238,2016-09-08 06:00:00,0,0.147865,0.347294,0
8239,2016-09-08 07:00:00,0,0.147865,0.347292,0
8240,2016-09-08 08:00:00,0,0.147865,0.347291,0
8241,2016-09-08 09:00:00,0,0.147865,0.34729,0
8242,2016-09-08 10:00:00,0,0.147865,0.34729,0
8243,2016-09-08 11:00:00,0,0.147865,0.34729,0
8244,2016-09-08 12:00:00,0,0.147865,0.34729,0
8245,2016-09-08 13:00:00,0,0.147865,0.34729,0
8246,2016-09-08 14:00:00,0,0.147865,0.347286,0
8247,2016-09-08 15:00:00,0,0.147866,0.347262,0
8248,2016-09-08 16:00:00,0,0.147868,0.347196,0
8249,2016-09-08 17:00:00,0,0.147872,0.347095,0
8250,2016-09-08 18:00:00,0,0.147877,0.346963,0
8251,2016-09-08 19:00:00,0,0.147883,0.346804,0
8252,2016-09-08 20:00:00,0,0.14789,0.346637,0
8253,2016-09-08 21:00:00,0,0.147895,0.346491,0
8254,2016-09-08 22:00:00,0,0.1479,0.34637,0
8255,2016-09-08 23:00:00,0,0.147902,0.346323,0
8256,2016-09-09 00:00:00,0,0.147903,0.346286,0
8257,2016-09-09 01:00:00,0,0.147904,0.346263,0
8258,2016-09-09 02:00:00,0,0.147904,0.346247,0
8259,2016-09-09 03:00:00,0,0.147905,0.346233,0
8260,2016-09-09 04:00:00,0,0.147905,0.346221,0
8261,2016-09-09 05:00:00,0,0.147906,0.346208,0
8262,2016-09-09 06:00:00,0,0.147906,0.346199,0
8263,2016-09-09 07:00:00,0,0.147906,0.346194,0
8264,2016-09-09 08:00:00,0,0.147907,0.346192,0
8265,2016-09-09 09:00:00,0,0.147907,0.346193,0
8266,2016-09-09 10:00:00,0,0.147906,0.346193,0
8267,2016-09-09 11:00:00,0,0.147906,0.346198,0
8268,2016-09-09 12:00:00,0,0.147906,0.346201,0
8269,2016-09-09 13:00:00,0,0.147906,0.3462,0
8270,2016-09-09 14:00:00,0,0.147907,0.346185,0
8271,2016-09-09 15:00:00,0,0.147909,0.34614,0
8272,2016-09-09 16:00:00,0,0.147913,0.34602,0
8273,2016-09-09 17:00:00,0,0.14792,0.345847,0
8274,2016-09-09 18:00:00,0,0.147927,0.34566,0
8275,2016-09-09 19:00:00,0,0.147934,0.345448,0
8276,2016-09-09 20:00:00,0,0.147942,0.345237,0
8277,2016-09-09 21:00:00,0,0.147949,0.345044,0
8278,2016-09-09 22:00:00,0,0.147955,0.344881,0
8279,2016-09-09 23:00:00,0,0.147958,0.344801,0
8280,2016-09-10 00:00:00,0,0.147961,0.344742,0
8281,2016-09-10 01:00:00,0,0.147962,0.344699,0
8282,2016-09-10 02:00:00,0,0.147964,0.344662,0
8283,2016-09-10 03:00:00,0,0.147965,0.344629,0
8284,2016-09-10 04:00:00,0,0.147966,0.344602,0
8285,2016-09-10 05:00:00,0,0.147966,0.344585,0
8286,2016-09-10 06:00:00,0,0.147967,0.34457,0
8287,2016-09-10 07:00:00,0,0.147967,0.344558,0
8288,2016-09-10 08:00:00,0,0.147967,0.344556,0
8289,2016-09-10 09:00:00,0,0.147967,0.344555,0
8290,2016-09-10 10:00:00,0,0.147967,0.344556,0
8291,2016-09-10 11:00:00,0,0.147967,0.344556,0
8292,2016-09-10 12:00:00,0,0.147967,0.344558,0
8293,2016-09-10 13:00:00,0,0.147968,0.344552,0
8294,2016-09-10 14:00:00,0,0.147968,0.344536,0
8295,2016-09-10 15:00:00,0,0.147969,0.344504,0.000002
8296,2016-09-10 16:00:00,0,0.147971,0.344468,0
8297,2016-09-10 17:00:00,0,0.147973,0.344408,0
8298,2016-09-10 18:00:00,0,0.147976,0.344324,0
8299,2016-09-10 19:00:00,0,0.147981,0.344185,0
8300,2016-09-10 20:00:00,0,0.147986,0.344035,0
8301,2016-09-10 21:00:00,0,0.147992,0.343872,0
8302,2016-09-10 22:00:00,0,0.147996,0.343762,0
8303,2016-09-10 23:00:00,0,0.147998,0.343723,0
8304,2016-09-11 00:00:00,0,0.147999,0.343695,0
8305,2016-09-11 01:00:00,0,0.147999,0.343676,0
8306,2016-09-11 02:00:00,0,0.148,0.343661,0
8307,2016-09-11 03:00:00,0,0.148,0.34365,0
8308,2016-09-11 04:00:00,0,0.148001,0.343643,0
8309,2016-09-11 05:00:00,0,0.148001,0.343636,0
8310,2016-09-11 06:00:00,0,0.148001,0.343627,0
8311,2016-09-11 07:00:00,0,0.148002,0.343619,0
8312,2016-09-11 08:00:00,0,0.148002,0.343608,0
8313,2016-09-11 09:00:00,0,0.148002,0.3436,0
8314,2016-09-11 10:00:00,0,0.148002,0.343594,0
8315,2016-09-11 11:00:00,0,0.148003,0.343588,0
8316,2016-09-11 12:00:00,0,0.148003,0.34358,0
8317,2016-09-11 13:00:00,0,0.148003,0.343565,0
8318,2016-09-11 14:00:00,0,0.148004,0.343542,0
8319,2016-09-11 15:00:00,0,0.148006,0.343483,0.000161
8320,2016-09-11 16:00:00,0,0.147999,0.343682,0
8321,2016-09-11 17:00:00,0,0.148003,0.343576,0
8322,2016-09-11 18:00:00,0,0.148009,0.343415,0
8323,2016-09-11 19:00:00,0,0.148017,0.343184,0
8324,2016-09-11 20:00:00,0,0.148026,0.342948,0
8325,2016-09-11 21:00:00,0,0.148033,0.342731,0
8326,2016-09-11 22:00:00,0,0.148038,0.342588,0
8327,2016-09-11 23:00:00,0,0.148043,0.342463,0
8328,2016-09-12 00:00:00,0,0.148046,0.34237,0
8329,2016-09-12 01:00:00,0,0.148048,0.342306,0
8330,2016-09-12 02:00:00,0,0.14805,0.342253,0
8331,2016-09-12 03:00:00,0,0.148052,0.342208,0
8332,2016-09-12 04:00:00,0,0.148053,0.342169,0
8333,2016-09-12 05:00:00,0,0.148055,0.342133,0
8334,2016-09-12 06:00:00,0,0.148056,0.3421,0
8335,2016-09-12 07:00:00,0,0.148057,0.342069,0
8336,2016-09-12 08:00:00,0,0.148058,0.342046,0
8337,2016-09-12 09:00:00,0,0.148058,0.342023,0
8338,2016-09-12 10:00:00,0,0.148059,0.342002,0
8339,2016-09-12 11:00:00,0,0.148059,0.341992,0
8340,2016-09-12 12:00:00,0,0.14806,0.341985,0
8341,2016-09-12 13:00:00,0,0.14806,0.341972,0
8342,2016-09-12 14:00:00,0,0.148061,0.341952,0
8343,2016-09-12 15:00:00,0,0.148062,0.341908,0
8344,2016-09-12 16:00:00,0,0.148065,0.341839,0
8345,2016-09-12 17:00:00,0,0.148068,0.341753,0
8346,2016-09-12 18:00:00,0,0.148071,0.341651,0
8347,2016-09-12 19:00:00,0,0.148076,0.341529,0
8348,2016-09-12 20:00:00,0,0.14808,0.3414,0
8349,2016-09-12 21:00:00,0,0.148085,0.341274,0
8350,2016-09-12 22:00:00,0,0.148086,0.341228,0
8351,2016-09-12 23:00:00,0,0.148088,0.34119,0
8352,2016-09-13 00:00:00,0,0.148089,0.341134,0
8353,2016-09-13 01:00:00,0,0.148091,0.341086,0
8354,2016-09-13 02:00:00,0,0.148092,0.34105,0
8355,2016-09-13 03:00:00,0,0.148093,0.34102,0
8356,2016-09-13 04:00:00,0,0.148094,0.340997,0
8357,2016-09-13 05:00:00,0,0.148095,0.34098,0
8358,2016-09-13 06:00:00,0,0.148095,0.340962,0
8359,2016-09-13 07:00:00,0,0.148096,0.340944,0
8360,2016-09-13 08:00:00,0,0.148097,0.340927,0
8361,2016-09-13 09:00:00,0,0.148097,0.340914,0
8362,2016-09-13 10:00:00,0,0.148097,0.340904,0
8363,2016-09-13 11:00:00,0,0.148098,0.340896,0
8364,2016-09-13 12:00:00,0,0.148098,0.340886,0
8365,2016-09-13 13:00:00,0,0.148098,0.340881,0
8366,2016-09-13 14:00:00,0,0.148099,0.340861,0
8367,2016-09-13 15:00:00,0,0.148101,0.340809,0
8368,2016-09-13 16:00:00,0,0.148104,0.340699,0
8369,2016-09-13 17:00:00,0,0.14811,0.34054,0
8370,2016-09-13 18:00:00,0,0.148117,0.340342,0
8371,2016-09-13 19:00:00,0,0.148124,0.340118,0
8372,2016-09-13 20:00:00,0,0.148132,0.339903,0
8373,2016-09-13 21:00:00,0,0.148138,0.339711,0
8374,2016-09-13 22:00:00,0,0.148142,0.339611,0
8375,2016-09-13 23:00:00,0,0.148144,0.339542,0
8376,2016-09-14 00:00:00,0,0.148146,0.339495,0
8377,2016-09-14 01:00:00,0,0.148147,0.339464,0
8378,2016-09-14 02:00:00,0,0.148147,0.339438,0
8379,2016-09-14 03:00:00,0,0.148148,0.339419,0
8380,2016-09-14 04:00:00,0,0.148149,0.339405,0
8381,2016-09-14 05:00:00,0,0.148149,0.339395,0
8382,2016-09-14 06:00:00,0,0.148149,0.339386,0
8383,2016-09-14 07:00:00,0,0.148149,0.339379,0
8384,2016-09-14 08:00:00,0,0.14815,0.339371,0
8385,2016-09-14 09:00:00,0,0.14815,0.339368,0
8386,2016-09-14 10:00:00,0,0.14815,0.339365,0
8387,2016-09-14 11:00:00,0,0.14815,0.339361,0
8388,2016-09-14 12:00:00,0,0.14815,0.339358,0
8389,2016-09-14 13:00:00,0,0.14815,0.33935,0
8390,2016-09-14 14:00:00,0,0.148151,0.339323,0
8391,2016-09-14 15:00:00,0,0.148153,0.339261,0
8392,2016-09-14 16:00:00,0,0.148157,0.339145,0
8393,2016-09-14 17:00:00,0,0.148163,0.338972,0
8394,2016-09-14 18:00:00,0,0.14817,0.338759,0
8395,2016-09-14 19:00:00,0,0.148178,0.33853,0
8396,2016-09-14 20:00:00,0,0.148185,0.338308,0
8397,2016-09-14 21:00:00,0,0.148192,0.338106,0.000055
8398,2016-09-14 22:00:00,0,0.148191,0.338125,0
8399,2016-09-14 23:00:00,0,0.148193,0.338077,0
8400,2016-09-15 00:00:00,0,0.148195,0.338022,0
8401,2016-09-15 01:00:00,0,0.148196,0.337969,0
8402,2016-09-15 02:00:00,0,0.148198,0.337919,0
8403,2016-09-15 03:00:00,0,0.1482,0.337863,0
8404,2016-09-15 04:00:00,0,0.148202,0.337811,0
8405,2016-09-15 05:00:00,0,0.148203,0.337759,0
8406,2016-09-15 06:00:00,0,0.148205,0.33771,0
8407,2016-09-15 07:00:00,0,0.148206,0.337667,0
8408,2016-09-15 08:00:00,0,0.148207,0.337633,0
8409,2016-09-15 09:00:00,0,0.148208,0.337604,0
8410,2016-09-15 10:00:00,0,0.148209,0.337576,0
8411,2016-09-15 11:00:00,0,0.14821,0.337554,0
8412,2016-09-15 12:00:00,0,0.148211,0.337535,0
8413,2016-09-15 13:00:00,0,0.148212,0.337505,0
8414,2016-09-15 14:00:00,0,0.148213,0.337461,0
8415,2016-09-15 15:00:00,0,0.148216,0.337383,0
8416,2016-09-15 16:00:00,0,0.148219,0.337269,0
8417,2016-09-15 17:00:00,0,0.148224,0.337128,0
8418,2016-09-15 18:00:00,0,0.148229,0.336976,0
8419,2016-09-15 19:00:00,0,0.148234,0.336827,0
8420,2016-09-15 20:00:00,0,0.148238,0.336696,0
8421,2016-09-15 21:00:00,0,0.148241,0.336594,0
8422,2016-09-15 22:00:00,0,0.148242,0.336572,0
8423,2016-09-15 23:00:00,0,0.148242,0.336552,0
8424,2016-09-16 00:00:00,0,0.148243,0.336531,0
8425,2016-09-16 01:00:00,0,0.148244,0.336491,0
8426,2016-09-16 02:00:00,0,0.148246,0.336457,0
8427,2016-09-16 03:00:00,0,0.148247,0.336426,0
8428,2016-09-16 04:00:00,0,0.148247,0.336402,0
8429,2016-09-16 05:00:00,0,0.148248,0.336381,0
8430,2016-09-16 06:00:00,0,0.148249,0.336362,0
8431,2016-09-16 07:00:00,0,0.148249,0.336348,0
8432,2016-09-16 08:00:00,0,0.14825,0.336334,0
8433,2016-09-16 09:00:00,0,0.14825,0.336321,0
8434,2016-09-16 10:00:00,0,0.14825,0.336317,0
8435,2016-09-16 11:00:00,0,0.14825,0.336313,0
8436,2016-09-16 12:00:00,0,0.14825,0.33631,0
8437,2016-09-16 13:00:00,0,0.14825,0.336303,0
8438,2016-09-16 14:00:00,0,0.148251,0.336293,0
8439,2016-09-16 15:00:00,0,0.148252,0.336267,0
8440,2016-09-16 16:00:00,0,0.148253,0.336217,0
8441,2016-09-16 17:00:00,0,0.148256,0.336134,0
8442,2016-09-16 18:00:00,0,0.148259,0.336025,0
8443,2016-09-16 19:00:00,0,0.148264,0.335886,0
8444,2016-09-16 20:00:00,0,0.148269,0.335737,0
8445,2016-09-16 21:00:00,0,0.148273,0.335591,0
8446,2016-09-16 22:00:00,0,0.148275,0.335535,0
8447,2016-09-16 23:00:00,0,0.148277,0.335484,0
8448,2016-09-17 00:00:00,0,0.148278,0.335439,0
8449,2016-09-17 01:00:00,0,0.148279,0.335403,0
8450,2016-09-17 02:00:00,0,0.14828,0.335379,0
8451,2016-09-17 03:00:00,0,0.14828,0.335362,0
8452,2016-09-17 04:00:00,0,0.148281,0.335358,0
8453,2016-09-17 05:00:00,0,0.148281,0.335354,0
8454,2016-09-17 06:00:00,0,0.148281,0.335349,0
8455,2016-09-17 07:00:00,0,0.148281,0.335345,0
8456,2016-09-17 08:00:00,0,0.148281,0.335343,0
8457,2016-09-17 09:00:00,0,0.148281,0.335342,0
8458,2016-09-17 10:00:00,0,0.148281,0.33534,0
8459,2016-09-17 11:00:00,0,0.148281,0.335339,0
8460,2016-09-17 12:00:00,0,0.148281,0.335338,0
8461,2016-09-17 13:00:00,0,0.148281,0.335331,0
8462,2016-09-17 14:00:00,0,0.148282,0.335322,0
8463,2016-09-17 15:00:00,0,0.148282,0.335298,0
8464,2016-09-17 16:00:00,0,0.148284,0.335232,0
8465,2016-09-17 17:00:00,0,0.148288,0.335111,0
8466,2016-09-17 18:00:00,0,0.148294,0.334944,0
8467,2016-09-17 19:00:00,0,0.1483,0.334741,0
8468,2016-09-17 20:00:00,0,0.148306,0.334549,0
8469,2016-09-17 21:00:00,0,0.148311,0.334385,0
8470,2016-09-17 22:00:00,0,0.148313,0.334308,0
8471,2016-09-17 23:00:00,0,0.148315,0.334257,0
8472,2016-09-18 00:00:00,0,0.148316,0.334224,0
8473,2016-09-18 01:00:00,0,0.148317,0.334202,0
8474,2016-09-18 02:00:00,0,0.148317,0.334191,0
8475,2016-09-18 03:00:00,0,0.148317,0.334184,0
8476,2016-09-18 04:00:00,0,0.148317,0.334179,0
8477,2016-09-18 05:00:00,0,0.148317,0.334178,0
8478,2016-09-18 06:00:00,0,0.148317,0.334179,0
8479,2016-09-18 07:00:00,0,0.148317,0.334184,0
8480,2016-09-18 08:00:00,0,0.148317,0.334186,0
8481,2016-09-18 09:00:00,0,0.148317,0.334194,0
8482,2016-09-18 10:00:00,0,0.148317,0.3342,0
8483,2016-09-18 11:00:00,0,0.148316,0.334209,0
8484,2016-09-18 12:00:00,0,0.148316,0.334217,0
8485,2016-09-18 13:00:00,0,0.148316,0.33422,0
8486,2016-09-18 14:00:00,0,0.148316,0.334206,0
8487,2016-09-18 15:00:00,0,0.148318,0.334154,0
8488,2016-09-18 16:00:00,0,0.148321,0.334046,0
8489,2016-09-18 17:00:00,0,0.148326,0.333901,0
8490,2016-09-18 18:00:00,0,0.148331,0.333729,0
8491,2016-09-18 19:00:00,0,0.148337,0.333546,0
8492,2016-09-18 20:00:00,0,0.148342,0.333365,0
8493,2016-09-18 21:00:00,0,0.148347,0.333205,0
8494,2016-09-18 22:00:00,0,0.148349,0.33315,0
8495,2016-09-18 23:00:00,0,0.14835,0.333114,0
8496,2016-09-19 00:00:00,0,0.148351,0.333092,0
8497,2016-09-19 01:00:00,0,0.148351,0.333079,0
8498,2016-09-19 02:00:00,0,0.148351,0.333072,0
8499,2016-09-19 03:00:00,0,0.148351,0.33307,0
8500,2016-09-19 04:00:00,0,0.148351,0.333069,0
8501,2016-09-19 05:00:00,0,0.148351,0.333067,0
8502,2016-09-19 06:00:00,0,0.148351,0.333064,0
8503,2016-09-19 07:00:00,0,0.148352,0.333062,0
8504,2016-09-19 08:00:00,0,0.148352,0.333061,0
8505,2016-09-19 09:00:00,0,0.148352,0.333061,0
8506,2016-09-19 10:00:00,0,0.148352,0.333061,0
8507,2016-09-19 11:00:00,0,0.148352,0.333061,0
8508,2016-09-19 12:00:00,0,0.148352,0.333063,0
8509,2016-09-19 13:00:00,0,0.148351,0.333063,0
8510,2016-09-19 14:00:00,0,0.148352,0.333051,0.000388
8511,2016-09-19 15:00:00,0,0.148333,0.333675,0.000252
8512,2016-09-19 16:00:00,0,0.148321,0.334067,0.000432
8513,2016-09-19 17:00:00,0,0.1483,0.334736,0.000827
8514,2016-09-19 18:00:00,0,0.148259,0.336033,0.001101
8515,2016-09-19 19:00:00,0,0.148203,0.337753,0.000444
8516,2016-09-19 20:00:00,0,0.148181,0.338427,0.000007
8517,2016-09-19 21:00:00,0,0.148184,0.338331,0
8518,2016-09-19 22:00:00,0,0.148185,0.338315,0
8519,2016-09-19 23:00:00,0,0.148185,0.338307,0
8520,2016-09-20 00:00:00,0,0.148186,0.338298,0
8521,2016-09-20 01:00:00,0,0.148186,0.338292,0
8522,2016-09-20 02:00:00,0,0.148186,0.338287,0
8523,2016-09-20 03:00:00,0,0.148186,0.338285,0
8524,2016-09-20 04:00:00,0,0.148186,0.338285,0
8525,2016-09-20 05:00:00,0,0.148186,0.338285,0
8526,2016-09-20 06:00:00,0,0.148186,0.338285,0
8527,2016-09-20 07:00:00,0,0.148186,0.338286,0
8528,2016-09-20 08:00:00,0,0.148186,0.338286,0
8529,2016-09-20 09:00:00,0,0.148186,0.338286,0
8530,2016-09-20 10:00:00,0,0.148186,0.338286,0
8531,2016-09-20 11:00:00,0,0.148186,0.338286,0
8532,2016-09-20 12:00:00,0,0.148186,0.338286,0
8533,2016-09-20 13:00:00,0,0.148186,0.338285,0
8534,2016-09-20 14:00:00,0,0.148186,0.33828,0
8535,2016-09-20 15:00:00,0,0.148187,0.338264,0
8536,2016-09-20 16:00:00,0,0.148188,0.33822,0
8537,2016-09-20 17:00:00,0,0.148191,0.338146,0
8538,2016-09-20 18:00:00,0,0.148194,0.338031,0
8539,2016-09-20 19:00:00,0,0.1482,0.337861,0
8540,2016-09-20 20:00:00,0,0.148205,0.337694,0
8541,2016-09-20 21:00:00,0,0.14821,0.337549,0
8542,2016-09-20 22:00:00,0,0.148212,0.3375,0
8543,2016-09-20 23:00:00,0,0.148213,0.337469,0
8544,2016-09-21 00:00:00,0,0.148213,0.337449,0
8545,2016-09-21 01:00:00,0,0.148214,0.337438,0
8546,2016-09-21 02:00:00,0,0.148214,0.337431,0
8547,2016-09-21 03:00:00,0,0.148214,0.337423,0
8548,2016-09-21 04:00:00,0,0.148214,0.337419,0
8549,2016-09-21 05:00:00,0,0.148215,0.337416,0
8550,2016-09-21 06:00:00,0,0.148215,0.337412,0
8551,2016-09-21 07:00:00,0,0.148215,0.337412,0
8552,2016-09-21 08:00:00,0,0.148215,0.33741,0
8553,2016-09-21 09:00:00,0,0.148215,0.337408,0
8554,2016-09-21 10:00:00,0,0.148215,0.337405,0
8555,2016-09-21 11:00:00,0,0.148215,0.3374,0
8556,2016-09-21 12:00:00,0,0.148215,0.337394,0
8557,2016-09-21 13:00:00,0,0.148215,0.337393,0
8558,2016-09-21 14:00:00,0,0.148216,0.337366,0
8559,2016-09-21 15:00:00,0,0.148218,0.337298,0
8560,2016-09-21 16:00:00,0,0.148222,0.337196,0
8561,2016-09-21 17:00:00,0,0.148227,0.337046,0
8562,2016-09-21 18:00:00,0,0.148233,0.336862,0
8563,2016-09-21 19:00:00,0,0.148239,0.336646,0
8564,2016-09-21 20:00:00,0,0.148246,0.336455,0
8565,2016-09-21 21:00:00,0,0.14825,0.336309,0
8566,2016-09-21 22:00:00,0,0.148251,0.336281,0
8567,2016-09-21 23:00:00,0,0.148252,0.336265,0
8568,2016-09-22 00:00:00,0,0.148252,0.336255,0
8569,2016-09-22 01:00:00,0,0.148252,0.33625,0
8570,2016-09-22 02:00:00,0,0.148252,0.33625,0
8571,2016-09-22 03:00:00,0,0.148252,0.33625,0
8572,2016-09-22 04:00:00,0,0.148252,0.336248,0
8573,2016-09-22 05:00:00,0,0.148252,0.336247,0
8574,2016-09-22 06:00:00,0,0.148252,0.336243,0
8575,2016-09-22 07:00:00,0,0.148253,0.336237,0
8576,2016-09-22 08:00:00,0,0.148253,0.336222,0
8577,2016-09-22 09:00:00,0,0.148253,0.336215,0
8578,2016-09-22 10:00:00,0,0.148253,0.336209,0
8579,2016-09-22 11:00:00,0,0.148254,0.336205,0
8580,2016-09-22 12:00:00,0,0.148254,0.336201,0
8581,2016-09-22 13:00:00,0,0.148254,0.33619,0
8582,2016-09-22 14:00:00,0,0.148255,0.336173,0
8583,2016-09-22 15:00:00,0,0.148256,0.336137,0
8584,2016-09-22 16:00:00,0,0.148258,0.336075,0
8585,2016-09-22 17:00:00,0,0.14826,0.33599,0
8586,2016-09-22 18:00:00,0,0.148264,0.335885,0
8587,2016-09-22 19:00:00,0,0.148269,0.335732,0
8588,2016-09-22 20:00:00,0,0.148274,0.335576,0
8589,2016-09-22 21:00:00,0,0.148278,0.335431,0
8590,2016-09-22 22:00:00,0,0.148279,0.335391,0
8591,2016-09-22 23:00:00,0,0.14828,0.335359,0
8592,2016-09-23 00:00:00,0,0.148282,0.335314,0
8593,2016-09-23 01:00:00,0,0.148283,0.335265,0
8594,2016-09-23 02:00:00,0,0.148285,0.335223,0
8595,2016-09-23 03:00:00,0,0.148286,0.335186,0
8596,2016-09-23 04:00:00,0,0.148287,0.335155,0
8597,2016-09-23 05:00:00,0,0.148288,0.335132,0
8598,2016-09-23 06:00:00,0,0.148288,0.33511,0
8599,2016-09-23 07:00:00,0,0.148289,0.335091,0
8600,2016-09-23 08:00:00,0,0.148289,0.335073,0
8601,2016-09-23 09:00:00,0,0.14829,0.335054,0
8602,2016-09-23 10:00:00,0,0.148291,0.335035,0
8603,2016-09-23 11:00:00,0,0.148291,0.335027,0
8604,2016-09-23 12:00:00,0,0.148291,0.335026,0
8605,2016-09-23 13:00:00,0,0.148291,0.335019,0
8606,2016-09-23 14:00:00,0,0.148292,0.335003,0
8607,2016-09-23 15:00:00,0,0.148293,0.334965,0
8608,2016-09-23 16:00:00,0,0.148295,0.334892,0
8609,2016-09-23 17:00:00,0,0.148299,0.334779,0
8610,2016-09-23 18:00:00,0,0.148303,0.334629,0
8611,2016-09-23 19:00:00,0,0.148309,0.334459,0
8612,2016-09-23 20:00:00,0,0.148314,0.334297,0
8613,2016-09-23 21:00:00,0,0.148318,0.334168,0
8614,2016-09-23 22:00:00,0,0.148318,0.334145,0
8615,2016-09-23 23:00:00,0,0.148319,0.334133,0
8616,2016-09-24 00:00:00,0,0.148319,0.334126,0
8617,2016-09-24 01:00:00,0,0.148319,0.334122,0
8618,2016-09-24 02:00:00,0,0.148319,0.334117,0.000796
8619,2016-09-24 03:00:00,0,0.148279,0.335395,0.000025
8620,2016-09-24 04:00:00,0,0.148279,0.33541,0.000106
8621,2016-09-24 05:00:00,0,0.148274,0.335562,0.000416
8622,2016-09-24 06:00:00,0,0.148253,0.336222,0.000527
8623,2016-09-24 07:00:00,0,0.148226,0.337061,0
8624,2016-09-24 08:00:00,0,0.148227,0.337046,0
8625,2016-09-24 09:00:00,0,0.148227,0.33703,0
8626,2016-09-24 10:00:00,0,0.148228,0.337015,0
8627,2016-09-24 11:00:00,0,0.148228,0.337004,0
8628,2016-09-24 12:00:00,0,0.148228,0.336987,0
8629,2016-09-24 13:00:00,0,0.148229,0.336971,0
8630,2016-09-24 14:00:00,0,0.14823,0.336946,0
8631,2016-09-24 15:00:00,0,0.148231,0.336897,0
8632,2016-09-24 16:00:00,0,0.148235,0.336794,0
8633,2016-09-24 17:00:00,0,0.148239,0.336668,0
8634,2016-09-24 18:00:00,0,0.148243,0.336528,0
8635,2016-09-24 19:00:00,0,0.148248,0.336376,0
8636,2016-09-24 20:00:00,0,0.148254,0.336204,0
8637,2016-09-24 21:00:00,0,0.148259,0.336037,0
8638,2016-09-24 22:00:00,0,0.148262,0.335945,0
8639,2016-09-24 23:00:00,0,0.148264,0.335874,0
8640,2016-09-25 00:00:00,0,0.148266,0.335816,0
8641,2016-09-25 01:00:00,0,0.148267,0.335771,0
8642,2016-09-25 02:00:00,0,0.148269,0.335733,0
8643,2016-09-25 03:00:00,0,0.14827,0.335695,0
8644,2016-09-25 04:00:00,0,0.148271,0.335664,0
8645,2016-09-25 05:00:00,0,0.148272,0.335634,0
8646,2016-09-25 06:00:00,0,0.148273,0.335605,0
8647,2016-09-25 07:00:00,0,0.148274,0.33558,0
8648,2016-09-25 08:00:00,0,0.148274,0.335562,0
8649,2016-09-25 09:00:00,0,0.148275,0.335542,0
8650,2016-09-25 10:00:00,0,0.148275,0.335522,0
8651,2016-09-25 11:00:00,0,0.148276,0.335507,0
8652,2016-09-25 12:00:00,0,0.148276,0.335494,0
8653,2016-09-25 13:00:00,0,0.148277,0.335475,0
8654,2016-09-25 14:00:00,0,0.148278,0.335444,0
8655,2016-09-25 15:00:00,0,0.14828,0.335371,0
8656,2016-09-25 16:00:00,0,0.148284,0.335255,0
8657,2016-09-25 17:00:00,0,0.148288,0.335107,0
8658,2016-09-25 18:00:00,0,0.148294,0.334936,0
8659,2016-09-25 19:00:00,0,0.1483,0.334739,0
8660,2016-09-25 20:00:00,0,0.148306,0.334545,0
8661,2016-09-25 21:00:00,0,0.148311,0.334369,0
8662,2016-09-25 22:00:00,0,0.148314,0.334283,0
8663,2016-09-25 23:00:00,0,0.148316,0.334217,0
8664,2016-09-26 00:00:00,0,0.148318,0.334165,0
8665,2016-09-26 01:00:00,0,0.148319,0.334121,0
8666,2016-09-26 02:00:00,0,0.14832,0.334089,0
8667,2016-09-26 03:00:00,0,0.148321,0.334064,0
8668,2016-09-26 04:00:00,0,0.148321,0.334047,0
8669,2016-09-26 05:00:00,0,0.148322,0.334039,0
8670,2016-09-26 06:00:00,0,0.148322,0.334031,0
8671,2016-09-26 07:00:00,0,0.148322,0.334023,0
8672,2016-09-26 08:00:00,0,0.148322,0.334015,0
8673,2016-09-26 09:00:00,0,0.148323,0.334007,0
8674,2016-09-26 10:00:00,0,0.148323,0.334003,0
8675,2016-09-26 11:00:00,0,0.148323,0.333998,0
8676,2016-09-26 12:00:00,0,0.148323,0.333996,0
8677,2016-09-26 13:00:00,0,0.148323,0.333993,0
8678,2016-09-26 14:00:00,0,0.148323,0.333984,0
8679,2016-09-26 15:00:00,0,0.148324,0.333963,0
8680,2016-09-26 16:00:00,0,0.148326,0.333907,0
8681,2016-09-26 17:00:00,0,0.148329,0.333815,0
8682,2016-09-26 18:00:00,0,0.148333,0.333677,0
8683,2016-09-26 19:00:00,0,0.148338,0.333498,0
8684,2016-09-26 20:00:00,0,0.148344,0.333317,0
8685,2016-09-26 21:00:00,0,0.148349,0.333159,0
8686,2016-09-26 22:00:00,0,0.148351,0.333086,0
8687,2016-09-26 23:00:00,0,0.148352,0.333035,0
8688,2016-09-27 00:00:00,0,0.148354,0.332994,0
8689,2016-09-27 01:00:00,0,0.148355,0.332963,0
8690,2016-09-27 02:00:00,0,0.148355,0.332939,0
8691,2016-09-27 03:00:00,0,0.148356,0.332923,0
8692,2016-09-27 04:00:00,0,0.148356,0.332907,0
8693,2016-09-27 05:00:00,0,0.148357,0.332893,0
8694,2016-09-27 06:00:00,0,0.148357,0.332883,0
8695,2016-09-27 07:00:00,0,0.148357,0.332872,0
8696,2016-09-27 08:00:00,0,0.148357,0.332866,0
8697,2016-09-27 09:00:00,0,0.148358,0.332861,0.000124
8698,2016-09-27 10:00:00,0,0.148351,0.333064,0.001063
8699,2016-09-27 11:00:00,0,0.148298,0.33479,0.001072
8700,2016-09-27 12:00:00,0,0.148243,0.336525,0
8701,2016-09-27 13:00:00,0,0.148243,0.336527,0
8702,2016-09-27 14:00:00,0,0.148243,0.33653,0
8703,2016-09-27 15:00:00,0,0.148243,0.336531,0
8704,2016-09-27 16:00:00,0,0.148244,0.336501,0
8705,2016-09-27 17:00:00,0,0.148247,0.336419,0
8706,2016-09-27 18:00:00,0,0.14825,0.336306,0
8707,2016-09-27 19:00:00,0,0.148256,0.336146,0
8708,2016-09-27 20:00:00,0,0.148261,0.335987,0
8709,2016-09-27 21:00:00,0,0.148265,0.335837,0
8710,2016-09-27 22:00:00,0,0.148267,0.335778,0
8711,2016-09-27 23:00:00,0,0.148269,0.335735,0
8712,2016-09-28 00:00:00,0,0.14827,0.335703,0
8713,2016-09-28 01:00:00,0,0.14827,0.335692,0
8714,2016-09-28 02:00:00,0,0.14827,0.335682,0
8715,2016-09-28 03:00:00,0,0.14827,0.335675,0
8716,2016-09-28 04:00:00,0,0.148271,0.335668,0
8717,2016-09-28 05:00:00,0,0.148271,0.335671,0
8718,2016-09-28 06:00:00,0,0.14827,0.335675,0
8719,2016-09-28 07:00:00,0,0.14827,0.33568,0
8720,2016-09-28 08:00:00,0,0.14827,0.335685,0
8721,2016-09-28 09:00:00,0,0.14827,0.33569,0
8722,2016-09-28 10:00:00,0,0.14827,0.335693,0
8723,2016-09-28 11:00:00,0,0.14827,0.3357,0
8724,2016-09-28 12:00:00,0,0.14827,0.335703,0
8725,2016-09-28 13:00:00,0,0.14827,0.335691,0
8726,2016-09-28 14:00:00,0,0.148271,0.335658,0
8727,2016-09-28 15:00:00,0,0.148273,0.335593,0
8728,2016-09-28 16:00:00,0,0.148276,0.335499,0
8729,2016-09-28 17:00:00,0,0.14828,0.335384,0
8730,2016-09-28 18:00:00,0,0.148284,0.335246,0
8731,2016-09-28 19:00:00,0,0.148289,0.335099,0
8732,2016-09-28 20:00:00,0,0.148293,0.334963,0
8733,2016-09-28 21:00:00,0,0.148296,0.334849,0
8734,2016-09-28 22:00:00,0,0.148298,0.334807,0
8735,2016-09-28 23:00:00,0,0.148299,0.334776,0
8736,2016-09-29 00:00:00,0,0.1483,0.334749,0
8737,2016-09-29 01:00:00,0,0.1483,0.33473,0
8738,2016-09-29 02:00:00,0,0.148301,0.334717,0
8739,2016-09-29 03:00:00,0,0.148301,0.334707,0
8740,2016-09-29 04:00:00,0,0.148301,0.334694,0
8741,2016-09-29 05:00:00,0,0.148302,0.33468,0
8742,2016-09-29 06:00:00,0,0.148302,0.334661,0
8743,2016-09-29 07:00:00,0,0.148303,0.334638,0
8744,2016-09-29 08:00:00,0,0.148304,0.334615,0
8745,2016-09-29 09:00:00,0,0.148305,0.334591,0
8746,2016-09-29 10:00:00,0,0.148305,0.334572,0
8747,2016-09-29 11:00:00,0,0.148306,0.334549,0
8748,2016-09-29 12:00:00,0,0.148307,0.334521,0
8749,2016-09-29 13:00:00,0,0.148308,0.334481,0
8750,2016-09-29 14:00:00,0,0.14831,0.334426,0
8751,2016-09-29 15:00:00,0,0.148312,0.33435,0
8752,2016-09-29 16:00:00,0,0.148315,0.334247,0
8753,2016-09-29 17:00:00,0,0.148319,0.334127,0
8754,2016-09-29 18:00:00,0,0.148323,0.333987,0
8755,2016-09-29 19:00:00,0,0.148328,0.333834,0
8756,2016-09-29 20:00:00,0,0.148333,0.333671,0
8757,2016-09-29 21:00:00,0,0.148337,0.333525,0
8758,2016-09-29 22:00:00,0,0.148339,0.333461,0
8759,2016-09-29 23:00:00,0,0.148341,0.333408,0
8760,2016-09-30 00:00:00,0,0.148342,0.333364,0
8761,2016-09-30 01:00:00,0,0.148343,0.333328,0
8762,2016-09-30 02:00:00,0,0.148344,0.333296,0
8763,2016-09-30 03:00:00,0,0.148345,0.333265,0
8764,2016-09-30 04:00:00,0,0.148346,0.333239,0
8765,2016-09-30 05:00:00,0,0.148347,0.333215,0
8766,2016-09-30 06:00:00,0,0.148348,0.333193,0
8767,2016-09-30 07:00:00,0,0.148348,0.333165,0
8768,2016-09-30 08:00:00,0,0.148349,0.333139,0
8769,2016-09-30 09:00:00,0,0.14835,0.333109,0
8770,2016-09-30 10:00:00,0,0.148351,0.333079,0
8771,2016-09-30 11:00:00,0,0.148352,0.333052,0
8772,2016-09-30 12:00:00,0,0.148353,0.333026,0
8773,2016-09-30 13:00:00,0,0.148354,0.332995,0
8774,2016-09-30 14:00:00,0,0.148354,0.332965,0
8775,2016-09-30 15:00:00,0,0.148356,0.332927,0
8776,2016-09-30 16:00:00,0,0.148357,0.332874,0
8777,2016-09-30 17:00:00,0,0.148359,0.332806,0.000012
8778,2016-09-30 18:00:00,0,0.148361,0.332765,0.000156
8779,2016-09-30 19:00:00,0,0.148354,0.33298,0.000168
8780,2016-09-30 20:00:00,0,0.148347,0.333219,0.000031
8781,2016-09-30 21:00:00,0,0.148347,0.333223,0.000038
8782,2016-09-30 22:00:00,0,0.148345,0.33327,0
8783,2016-09-30 23:00:00,0,0.148346,0.333257,0.000122
8784,2016-10-01 00:00:00,0,0.14834,0.333443,0.000188
8785,2016-10-01 01:00:00,0,0.148331,0.333743,0.000027
8786,2016-10-01 02:00:00,0,0.14833,0.33378,0.00005
8787,2016-10-01 03:00:00,0,0.148327,0.333857,0.000061
8788,2016-10-01 04:00:00,0,0.148324,0.333951,0.000218
8789,2016-10-01 05:00:00,0,0.148314,0.334301,0.00026
8790,2016-10-01 06:00:00,0,0.1483,0.334721,0.000098
8791,2016-10-01 07:00:00,0,0.148296,0.334879,0.000027
8792,2016-10-01 08:00:00,0,0.148294,0.33492,0.000027
8793,2016-10-01 09:00:00,0,0.148293,0.33496,0.000395
8794,2016-10-01 10:00:00,0,0.148273,0.3356,0.000015
8795,2016-10-01 11:00:00,0,0.148272,0.335621,0
8796,2016-10-01 12:00:00,0,0.148272,0.335615,0
8797,2016-10-01 13:00:00,0,0.148273,0.33561,0
8798,2016-10-01 14:00:00,0,0.148273,0.335601,0
8799,2016-10-01 15:00:00,0,0.148273,0.335586,0
8800,2016-10-01 16:00:00,0,0.148274,0.335566,0
8801,2016-10-01 17:00:00,0,0.148275,0.335539,0
8802,2016-10-01 18:00:00,0,0.148276,0.335503,0
8803,2016-10-01 19:00:00,0,0.148277,0.335461,0
8804,2016-10-01 20:00:00,0,0.148279,0.335414,0
8805,2016-10-01 21:00:00,0,0.148281,0.335339,0
8806,2016-10-01 22:00:00,0,0.148282,0.33532,0
8807,2016-10-01 23:00:00,0,0.148282,0.335303,0
8808,2016-10-02 00:00:00,0,0.148283,0.335288,0
8809,2016-10-02 01:00:00,0,0.148283,0.335278,0
8810,2016-10-02 02:00:00,0,0.148283,0.335269,0
8811,2016-10-02 03:00:00,0,0.148284,0.33526,0
8812,2016-10-02 04:00:00,0,0.148284,0.335252,0
8813,2016-10-02 05:00:00,0,0.148284,0.33524,0
8814,2016-10-02 06:00:00,0,0.148284,0.335232,0
8815,2016-10-02 07:00:00,0,0.148285,0.335223,0
8816,2016-10-02 08:00:00,0,0.148285,0.335217,0
8817,2016-10-02 09:00:00,0,0.148285,0.335209,0
8818,2016-10-02 10:00:00,0,0.148285,0.335202,0
8819,2016-10-02 11:00:00,0,0.148286,0.335196,0
8820,2016-10-02 12:00:00,0,0.148286,0.33519,0
8821,2016-10-02 13:00:00,0,0.148286,0.335178,0
8822,2016-10-02 14:00:00,0,0.148287,0.335161,0
8823,2016-10-02 15:00:00,0,0.148288,0.335131,0
8824,2016-10-02 16:00:00,0,0.148289,0.335091,0
8825,2016-10-02 17:00:00,0,0.14829,0.335044,0
8826,2016-10-02 18:00:00,0,0.148292,0.334993,0
8827,2016-10-02 19:00:00,0,0.148295,0.334905,0
8828,2016-10-02 20:00:00,0,0.148298,0.334805,0
8829,2016-10-02 21:00:00,0,0.148301,0.334717,0
8830,2016-10-02 22:00:00,0,0.148301,0.334698,0
8831,2016-10-02 23:00:00,0,0.148302,0.334686,0
8832,2016-10-03 00:00:00,0,0.148302,0.334678,0
8833,2016-10-03 01:00:00,0,0.148302,0.334672,0
8834,2016-10-03 02:00:00,0,0.148302,0.334671,0
8835,2016-10-03 03:00:00,0,0.148302,0.334673,0
8836,2016-10-03 04:00:00,0,0.148302,0.334675,0
8837,2016-10-03 05:00:00,0,0.148302,0.334677,0
8838,2016-10-03 06:00:00,0,0.148302,0.33468,0
8839,2016-10-03 07:00:00,0,0.148302,0.334683,0
8840,2016-10-03 08:00:00,0,0.148302,0.334687,0
8841,2016-10-03 09:00:00,0,0.148301,0.334691,0
8842,2016-10-03 10:00:00,0,0.148301,0.334694,0
8843,2016-10-03 11:00:00,0,0.148301,0.334697,0
8844,2016-10-03 12:00:00,0,0.148301,0.334701,0
8845,2016-10-03 13:00:00,0,0.148301,0.3347,0
8846,2016-10-03 14:00:00,0,0.148302,0.334687,0
8847,2016-10-03 15:00:00,0,0.148302,0.334663,0
8848,2016-10-03 16:00:00,0,0.148304,0.334618,0
8849,2016-10-03 17:00:00,0,0.148305,0.334569,0
8850,2016-10-03 18:00:00,0,0.148307,0.3345,0
8851,2016-10-03 19:00:00,0,0.148311,0.334389,0
8852,2016-10-03 20:00:00,0,0.148315,0.334253,0
8853,2016-10-03 21:00:00,0,0.148319,0.334137,0
8854,2016-10-03 22:00:00,0,0.148319,0.33412,0.000132
8855,2016-10-03 23:00:00,0,0.148313,0.334324,0.001724
8856,2016-10-04 00:00:00,0,0.148226,0.337066,0.000215
8857,2016-10-04 01:00:00,0,0.148215,0.3374,0
8858,2016-10-04 02:00:00,0,0.148216,0.337381,0
8859,2016-10-04 03:00:00,0,0.148216,0.337364,0
8860,2016-10-04 04:00:00,0,0.148217,0.337349,0
8861,2016-10-04 05:00:00,0,0.148217,0.337334,0
8862,2016-10-04 06:00:00,0,0.148218,0.337321,0
8863,2016-10-04 07:00:00,0,0.148218,0.337308,0
8864,2016-10-04 08:00:00,0,0.148218,0.337295,0
8865,2016-10-04 09:00:00,0,0.148219,0.337281,0
8866,2016-10-04 10:00:00,0,0.148219,0.337268,0
8867,2016-10-04 11:00:00,0,0.14822,0.337257,0
8868,2016-10-04 12:00:00,0,0.14822,0.337244,0
8869,2016-10-04 13:00:00,0,0.148221,0.337231,0
8870,2016-10-04 14:00:00,0,0.148221,0.337207,0
8871,2016-10-04 15:00:00,0,0.148223,0.33716,0
8872,2016-10-04 16:00:00,0,0.148225,0.337097,0
8873,2016-10-04 17:00:00,0,0.148227,0.337019,0
8874,2016-10-04 18:00:00,0,0.148231,0.336917,0
8875,2016-10-04 19:00:00,0,0.148236,0.336767,0
8876,2016-10-04 20:00:00,0,0.148241,0.33659,0
8877,2016-10-04 21:00:00,0,0.148246,0.336431,0
8878,2016-10-04 22:00:00,0,0.148248,0.336365,0
8879,2016-10-04 23:00:00,0,0.14825,0.336316,0
8880,2016-10-05 00:00:00,0,0.148252,0.336269,0
8881,2016-10-05 01:00:00,0,0.148253,0.336231,0
8882,2016-10-05 02:00:00,0,0.148254,0.336204,0
8883,2016-10-05 03:00:00,0,0.148254,0.336182,0
8884,2016-10-05 04:00:00,0,0.148255,0.336161,0
8885,2016-10-05 05:00:00,0,0.148256,0.336143,0
8886,2016-10-05 06:00:00,0,0.148256,0.336124,0
8887,2016-10-05 07:00:00,0,0.148257,0.336109,0
8888,2016-10-05 08:00:00,0,0.148257,0.336096,0
8889,2016-10-05 09:00:00,0,0.148257,0.336084,0
8890,2016-10-05 10:00:00,0,0.148258,0.336072,0
8891,2016-10-05 11:00:00,0,0.148258,0.33606,0
8892,2016-10-05 12:00:00,0,0.148259,0.33605,0
8893,2016-10-05 13:00:00,0,0.148259,0.336034,0
8894,2016-10-05 14:00:00,0,0.14826,0.336007,0
8895,2016-10-05 15:00:00,0,0.148261,0.33596,0
8896,2016-10-05 16:00:00,0,0.148264,0.335875,0
8897,2016-10-05 17:00:00,0,0.148268,0.335742,0
8898,2016-10-05 18:00:00,0,0.148273,0.335582,0
8899,2016-10-05 19:00:00,0,0.148279,0.3354,0
8900,2016-10-05 20:00:00,0,0.148285,0.335226,0
8901,2016-10-05 21:00:00,0,0.148289,0.335073,0
8902,2016-10-05 22:00:00,0,0.148291,0.335036,0
8903,2016-10-05 23:00:00,0,0.148291,0.335012,0
8904,2016-10-06 00:00:00,0,0.148292,0.334982,0
8905,2016-10-06 01:00:00,0,0.148293,0.334956,0
8906,2016-10-06 02:00:00,0,0.148294,0.334942,0
8907,2016-10-06 03:00:00,0,0.148294,0.334938,0
8908,2016-10-06 04:00:00,0,0.148294,0.334936,0
8909,2016-10-06 05:00:00,0,0.148294,0.334933,0
8910,2016-10-06 06:00:00,0,0.148294,0.334931,0
8911,2016-10-06 07:00:00,0,0.148294,0.334929,0
8912,2016-10-06 08:00:00,0,0.148294,0.334927,0
8913,2016-10-06 09:00:00,0,0.148294,0.334925,0
8914,2016-10-06 10:00:00,0,0.148294,0.334925,0
8915,2016-10-06 11:00:00,0,0.148294,0.334925,0
8916,2016-10-06 12:00:00,0,0.148294,0.334927,0
8917,2016-10-06 13:00:00,0,0.148294,0.334925,0
8918,2016-10-06 14:00:00,0,0.148294,0.334916,0
8919,2016-10-06 15:00:00,0,0.148295,0.334896,0
8920,2016-10-06 16:00:00,0,0.148297,0.334844,0
8921,2016-10-06 17:00:00,0,0.148299,0.334759,0
8922,2016-10-06 18:00:00,0,0.148303,0.334637,0
8923,2016-10-06 19:00:00,0,0.148308,0.334495,0
8924,2016-10-06 20:00:00,0,0.148312,0.334359,0
8925,2016-10-06 21:00:00,0,0.148316,0.334234,0
8926,2016-10-06 22:00:00,0,0.148316,0.334208,0
8927,2016-10-06 23:00:00,0,0.148317,0.334189,0
8928,2016-10-07 00:00:00,0,0.148317,0.334175,0
8929,2016-10-07 01:00:00,0,0.148318,0.334167,0
8930,2016-10-07 02:00:00,0,0.148318,0.334152,0
8931,2016-10-07 03:00:00,0,0.148319,0.334139,0
8932,2016-10-07 04:00:00,0,0.148319,0.334127,0
8933,2016-10-07 05:00:00,0,0.148319,0.334118,0
8934,2016-10-07 06:00:00,0,0.148319,0.334116,0
8935,2016-10-07 07:00:00,0,0.148319,0.334116,0
8936,2016-10-07 08:00:00,0,0.148319,0.334115,0
8937,2016-10-07 09:00:00,0,0.148319,0.334113,0
8938,2016-10-07 10:00:00,0,0.148319,0.334114,0
8939,2016-10-07 11:00:00,0,0.148319,0.334115,0
8940,2016-10-07 12:00:00,0,0.148319,0.334117,0
8941,2016-10-07 13:00:00,0,0.148319,0.334111,0
8942,2016-10-07 14:00:00,0,0.14832,0.334101,0
8943,2016-10-07 15:00:00,0,0.14832,0.334083,0
8944,2016-10-07 16:00:00,0,0.148321,0.334045,0
8945,2016-10-07 17:00:00,0,0.148324,0.333977,0
8946,2016-10-07 18:00:00,0,0.148327,0.333861,0
8947,2016-10-07 19:00:00,0,0.148332,0.333698,0
8948,2016-10-07 20:00:00,0,0.148337,0.333525,0
8949,2016-10-07 21:00:00,0,0.148342,0.333359,0
8950,2016-10-07 22:00:00,0,0.148344,0.333318,0
8951,2016-10-07 23:00:00,0,0.148345,0.333293,0
8952,2016-10-08 00:00:00,0,0.148346,0.333259,0
8953,2016-10-08 01:00:00,0,0.148346,0.33323,0
8954,2016-10-08 02:00:00,0,0.148347,0.333209,0
8955,2016-10-08 03:00:00,0,0.148347,0.333197,0
8956,2016-10-08 04:00:00,0,0.148347,0.333196,0
8957,2016-10-08 05:00:00,0,0.148348,0.333182,0
8958,2016-10-08 06:00:00,0,0.148348,0.333167,0
8959,2016-10-08 07:00:00,0,0.148349,0.33316,0
8960,2016-10-08 08:00:00,0,0.148349,0.333152,0
8961,2016-10-08 09:00:00,0,0.148349,0.333152,0
8962,2016-10-08 10:00:00,0,0.148349,0.333153,0
8963,2016-10-08 11:00:00,0,0.148349,0.333154,0
8964,2016-10-08 12:00:00,0,0.148349,0.333155,0
8965,2016-10-08 13:00:00,0,0.148349,0.333151,0
8966,2016-10-08 14:00:00,0,0.148349,0.333134,0
8967,2016-10-08 15:00:00,0,0.14835,0.333108,0
8968,2016-10-08 16:00:00,0,0.148352,0.333057,0
8969,2016-10-08 17:00:00,0,0.148354,0.332969,0
8970,2016-10-08 18:00:00,0,0.148358,0.332847,0
8971,2016-10-08 19:00:00,0,0.148361,0.332749,0
8972,2016-10-08 20:00:00,0,0.148364,0.332651,0.000048
8973,2016-10-08 21:00:00,0,0.148364,0.332649,0.000196
8974,2016-10-08 22:00:00,0,0.148355,0.332957,0
8975,2016-10-08 23:00:00,0,0.148355,0.332952,0.000015
8976,2016-10-09 00:00:00,0,0.148354,0.332973,0.000031
8977,2016-10-09 01:00:00,0,0.148353,0.333022,0.000734
8978,2016-10-09 02:00:00,0,0.148316,0.334216,0.000072
8979,2016-10-09 03:00:00,0,0.148313,0.334334,0.000108
8980,2016-10-09 04:00:00,0,0.148307,0.33451,0.000095
8981,2016-10-09 05:00:00,0,0.148302,0.334666,0.000083
8982,2016-10-09 06:00:00,0,0.148298,0.334801,0.000148
8983,2016-10-09 07:00:00,0,0.14829,0.335043,0.000126
8984,2016-10-09 08:00:00,0,0.148284,0.335251,0.000062
8985,2016-10-09 09:00:00,0,0.148281,0.335352,0.000028
8986,2016-10-09 10:00:00,0,0.148279,0.335397,0.000012
8987,2016-10-09 11:00:00,0,0.148279,0.33541,0.00028
8988,2016-10-09 12:00:00,0,0.148265,0.335862,0.000198
8989,2016-10-09 13:00:00,0,0.148254,0.336179,0.000778
8990,2016-10-09 14:00:00,0,0.148214,0.337427,0.000591
8991,2016-10-09 15:00:00,0,0.148183,0.338367,0.000743
8992,2016-10-09 16:00:00,0,0.148144,0.339543,0.000502
8993,2016-10-09 17:00:00,0,0.148117,0.340327,0.000536
8994,2016-10-09 18:00:00,0,0.148089,0.341158,0.000403
8995,2016-10-09 19:00:00,0,0.148067,0.341777,0.000701
8996,2016-10-09 20:00:00,0,0.148029,0.342867,0.00103
8997,2016-10-09 21:00:00,0,0.147972,0.344443,0.001117
8998,2016-10-09 22:00:00,0,0.147907,0.346192,0.000836
8999,2016-10-09 23:00:00,0,0.147857,0.347502,0.000053
9000,2016-10-10 00:00:00,0,0.147854,0.347573,0
9001,2016-10-10 01:00:00,0,0.147854,0.34756,0
9002,2016-10-10 02:00:00,0,0.147855,0.347545,0
9003,2016-10-10 03:00:00,0,0.147856,0.347515,0
9004,2016-10-10 04:00:00,0,0.147857,0.347481,0
9005,2016-10-10 05:00:00,0,0.147859,0.347447,0
9006,2016-10-10 06:00:00,0,0.14786,0.347413,0
9007,2016-10-10 07:00:00,0,0.147861,0.347378,0
9008,2016-10-10 08:00:00,0,0.147863,0.347344,0
9009,2016-10-10 09:00:00,0,0.147864,0.347308,0
9010,2016-10-10 10:00:00,0,0.147866,0.347271,0
9011,2016-10-10 11:00:00,0,0.147867,0.347236,0
9012,2016-10-10 12:00:00,0,0.147868,0.347206,0
9013,2016-10-10 13:00:00,0,0.14787,0.347167,0
9014,2016-10-10 14:00:00,0,0.147872,0.347107,0
9015,2016-10-10 15:00:00,0,0.147875,0.34702,0
9016,2016-10-10 16:00:00,0,0.14788,0.3469,0
9017,2016-10-10 17:00:00,0,0.147886,0.346742,0
9018,2016-10-10 18:00:00,0,0.147893,0.346556,0
9019,2016-10-10 19:00:00,0,0.147901,0.346351,0
9020,2016-10-10 20:00:00,0,0.147908,0.346154,0
9021,2016-10-10 21:00:00,0,0.147915,0.345977,0
9022,2016-10-10 22:00:00,0,0.147918,0.345884,0
9023,2016-10-10 23:00:00,0,0.147921,0.345815,0
9024,2016-10-11 00:00:00,0,0.147922,0.345768,0
9025,2016-10-11 01:00:00,0,0.147924,0.345729,0
9026,2016-10-11 02:00:00,0,0.147925,0.345699,0
9027,2016-10-11 03:00:00,0,0.147926,0.34567,0
9028,2016-10-11 04:00:00,0,0.147927,0.345643,0
9029,2016-10-11 05:00:00,0,0.147928,0.345619,0
9030,2016-10-11 06:00:00,0,0.147929,0.345598,0
9031,2016-10-11 07:00:00,0,0.14793,0.345579,0
9032,2016-10-11 08:00:00,0,0.14793,0.345562,0
9033,2016-10-11 09:00:00,0,0.147931,0.345545,0
9034,2016-10-11 10:00:00,0,0.147931,0.345529,0
9035,2016-10-11 11:00:00,0,0.147932,0.345516,0
9036,2016-10-11 12:00:00,0,0.147932,0.34551,0
9037,2016-10-11 13:00:00,0,0.147932,0.345501,0
9038,2016-10-11 14:00:00,0,0.147933,0.345484,0
9039,2016-10-11 15:00:00,0,0.147934,0.345452,0
9040,2016-10-11 16:00:00,0,0.147937,0.345388,0
9041,2016-10-11 17:00:00,0,0.147941,0.345284,0
9042,2016-10-11 18:00:00,0,0.147946,0.345134,0
9043,2016-10-11 19:00:00,0,0.147953,0.344953,0
9044,2016-10-11 20:00:00,0,0.147958,0.3448,0
9045,2016-10-11 21:00:00,0,0.147963,0.344679,0
9046,2016-10-11 22:00:00,0,0.147964,0.34465,0
9047,2016-10-11 23:00:00,0,0.147965,0.34463,0
9048,2016-10-12 00:00:00,0,0.147966,0.344599,0
9049,2016-10-12 01:00:00,0,0.147967,0.344573,0
9050,2016-10-12 02:00:00,0,0.147967,0.344555,0
9051,2016-10-12 03:00:00,0,0.147968,0.344542,0
9052,2016-10-12 04:00:00,0,0.147968,0.344533,0
9053,2016-10-12 05:00:00,0,0.147968,0.344532,0
9054,2016-10-12 06:00:00,0,0.147968,0.344531,0
9055,2016-10-12 07:00:00,0,0.147968,0.344532,0
9056,2016-10-12 08:00:00,0,0.147968,0.344532,0
9057,2016-10-12 09:00:00,0,0.147968,0.344533,0
9058,2016-10-12 10:00:00,0,0.147968,0.344533,0
9059,2016-10-12 11:00:00,0,0.147968,0.344533,0
9060,2016-10-12 12:00:00,0,0.147968,0.344534,0
9061,2016-10-12 13:00:00,0,0.147968,0.344526,0
9062,2016-10-12 14:00:00,0,0.147969,0.344515,0
9063,2016-10-12 15:00:00,0,0.14797,0.344487,0
9064,2016-10-12 16:00:00,0,0.147973,0.344416,0
9065,2016-10-12 17:00:00,0,0.147977,0.344302,0
9066,2016-10-12 18:00:00,0,0.147982,0.344148,0
9067,2016-10-12 19:00:00,0,0.147989,0.343971,0
9068,2016-10-12 20:00:00,0,0.147995,0.343799,0
9069,2016-10-12 21:00:00,0,0.148001,0.343643,0
9070,2016-10-12 22:00:00,0,0.148003,0.34359,0
9071,2016-10-12 23:00:00,0,0.148004,0.343548,0
9072,2016-10-13 00:00:00,0,0.148005,0.343516,0
9073,2016-10-13 01:00:00,0,0.148006,0.343498,0
9074,2016-10-13 02:00:00,0,0.148006,0.343489,0
9075,2016-10-13 03:00:00,0,0.148007,0.343479,0
9076,2016-10-13 04:00:00,0,0.148007,0.343474,0
9077,2016-10-13 05:00:00,0,0.148007,0.343472,0
9078,2016-10-13 06:00:00,0,0.148007,0.343472,0
9079,2016-10-13 07:00:00,0,0.148007,0.343474,0
9080,2016-10-13 08:00:00,0,0.148007,0.343475,0
9081,2016-10-13 09:00:00,0,0.148007,0.343477,0
9082,2016-10-13 10:00:00,0,0.148007,0.343478,0
9083,2016-10-13 11:00:00,0,0.148006,0.343483,0
9084,2016-10-13 12:00:00,0,0.148006,0.343488,0
9085,2016-10-13 13:00:00,0,0.148006,0.343489,0
9086,2016-10-13 14:00:00,0,0.148006,0.343482,0
9087,2016-10-13 15:00:00,0,0.148007,0.343456,0
9088,2016-10-13 16:00:00,0,0.14801,0.343391,0
9089,2016-10-13 17:00:00,0,0.148014,0.343266,0
9090,2016-10-13 18:00:00,0,0.148021,0.343087,0
9091,2016-10-13 19:00:00,0,0.148028,0.342891,0
9092,2016-10-13 20:00:00,0,0.148034,0.342705,0
9093,2016-10-13 21:00:00,0,0.14804,0.342547,0
9094,2016-10-13 22:00:00,0,0.148042,0.342494,0
9095,2016-10-13 23:00:00,0,0.148043,0.342464,0
9096,2016-10-14 00:00:00,0,0.148044,0.342442,0
9097,2016-10-14 01:00:00,0,0.148044,0.342426,0
9098,2016-10-14 02:00:00,0,0.148046,0.342388,0
9099,2016-10-14 03:00:00,0,0.148047,0.342349,0
9100,2016-10-14 04:00:00,0,0.148048,0.342317,0
9101,2016-10-14 05:00:00,0,0.148049,0.342287,0
9102,2016-10-14 06:00:00,0,0.14805,0.342261,0
9103,2016-10-14 07:00:00,0,0.148051,0.342238,0
9104,2016-10-14 08:00:00,0,0.148051,0.34222,0
9105,2016-10-14 09:00:00,0,0.148052,0.342197,0
9106,2016-10-14 10:00:00,0,0.148053,0.342174,0
9107,2016-10-14 11:00:00,0,0.148054,0.34215,0
9108,2016-10-14 12:00:00,0,0.148055,0.342127,0
9109,2016-10-14 13:00:00,0,0.148056,0.342099,0
9110,2016-10-14 14:00:00,0,0.148057,0.342051,0
9111,2016-10-14 15:00:00,0,0.14806,0.341974,0
9112,2016-10-14 16:00:00,0,0.148064,0.341862,0
9113,2016-10-14 17:00:00,0,0.148069,0.341715,0
9114,2016-10-14 18:00:00,0,0.148076,0.341535,0
9115,2016-10-14 19:00:00,0,0.148082,0.341341,0
9116,2016-10-14 20:00:00,0,0.148088,0.341162,0
9117,2016-10-14 21:00:00,0,0.148094,0.341017,0
9118,2016-10-14 22:00:00,0,0.148094,0.340997,0
9119,2016-10-14 23:00:00,0,0.148095,0.340982,0
9120,2016-10-15 00:00:00,0,0.148096,0.340944,0
9121,2016-10-15 01:00:00,0,0.148097,0.340918,0
9122,2016-10-15 02:00:00,0,0.148098,0.340895,0
9123,2016-10-15 03:00:00,0,0.148098,0.340874,0
9124,2016-10-15 04:00:00,0,0.148099,0.340854,0
9125,2016-10-15 05:00:00,0,0.1481,0.340836,0
9126,2016-10-15 06:00:00,0,0.1481,0.340821,0
9127,2016-10-15 07:00:00,0,0.1481,0.340817,0
9128,2016-10-15 08:00:00,0,0.1481,0.340815,0
9129,2016-10-15 09:00:00,0,0.148101,0.340813,0
9130,2016-10-15 10:00:00,0,0.148101,0.340812,0
9131,2016-10-15 11:00:00,0,0.148101,0.34081,0
9132,2016-10-15 12:00:00,0,0.148101,0.340805,0
9133,2016-10-15 13:00:00,0,0.148101,0.340793,0
9134,2016-10-15 14:00:00,0,0.148102,0.340768,0
9135,2016-10-15 15:00:00,0,0.148103,0.340731,0
9136,2016-10-15 16:00:00,0,0.148106,0.340663,0
9137,2016-10-15 17:00:00,0,0.148109,0.340564,0
9138,2016-10-15 18:00:00,0,0.148114,0.34043,0
9139,2016-10-15 19:00:00,0,0.148119,0.340263,0
9140,2016-10-15 20:00:00,0,0.148125,0.340093,0
9141,2016-10-15 21:00:00,0,0.148131,0.339933,0
9142,2016-10-15 22:00:00,0,0.148132,0.33989,0
9143,2016-10-15 23:00:00,0,0.148133,0.339859,0
9144,2016-10-16 00:00:00,0,0.148134,0.339823,0
9145,2016-10-16 01:00:00,0,0.148135,0.339797,0
9146,2016-10-16 02:00:00,0,0.148136,0.339777,0
9147,2016-10-16 03:00:00,0,0.148137,0.339761,0
9148,2016-10-16 04:00:00,0,0.148137,0.339748,0
9149,2016-10-16 05:00:00,0,0.148137,0.339737,0
9150,2016-10-16 06:00:00,0,0.148138,0.339728,0
9151,2016-10-16 07:00:00,0,0.148138,0.339721,0
9152,2016-10-16 08:00:00,0,0.148138,0.339714,0
9153,2016-10-16 09:00:00,0,0.148138,0.339709,0
9154,2016-10-16 10:00:00,0,0.148138,0.33971,0
9155,2016-10-16 11:00:00,0,0.148138,0.339711,0
9156,2016-10-16 12:00:00,0,0.148138,0.339714,0
9157,2016-10-16 13:00:00,0,0.148138,0.339712,0
9158,2016-10-16 14:00:00,0,0.148138,0.339704,0
9159,2016-10-16 15:00:00,0,0.148139,0.339678,0
9160,2016-10-16 16:00:00,0,0.148142,0.339592,0
9161,2016-10-16 17:00:00,0,0.148147,0.33946,0
9162,2016-10-16 18:00:00,0,0.148152,0.339292,0
9163,2016-10-16 19:00:00,0,0.148158,0.339111,0
9164,2016-10-16 20:00:00,0,0.148165,0.338923,0
9165,2016-10-16 21:00:00,0,0.14817,0.338757,0
9166,2016-10-16 22:00:00,0,0.148172,0.338693,0
9167,2016-10-16 23:00:00,0,0.148174,0.338647,0
9168,2016-10-17 00:00:00,0,0.148175,0.338611,0
9169,2016-10-17 01:00:00,0,0.148176,0.338587,0
9170,2016-10-17 02:00:00,0,0.148176,0.338573,0
9171,2016-10-17 03:00:00,0,0.148177,0.338564,0
9172,2016-10-17 04:00:00,0,0.148177,0.338556,0
9173,2016-10-17 05:00:00,0,0.148177,0.338555,0
9174,2016-10-17 06:00:00,0,0.148177,0.338552,0
9175,2016-10-17 07:00:00,0,0.148177,0.338551,0
9176,2016-10-17 08:00:00,0,0.148177,0.338545,0
9177,2016-10-17 09:00:00,0,0.148177,0.338543,0
9178,2016-10-17 10:00:00,0,0.148178,0.338539,0
9179,2016-10-17 11:00:00,0,0.148178,0.338537,0
9180,2016-10-17 12:00:00,0,0.148178,0.338535,0
9181,2016-10-17 13:00:00,0,0.148178,0.338529,0
9182,2016-10-17 14:00:00,0,0.148179,0.338503,0
9183,2016-10-17 15:00:00,0,0.14818,0.338454,0
9184,2016-10-17 16:00:00,0,0.148183,0.338365,0
9185,2016-10-17 17:00:00,0,0.148188,0.338228,0
9186,2016-10-17 18:00:00,0,0.148194,0.338044,0
9187,2016-10-17 19:00:00,0,0.148201,0.337839,0
9188,2016-10-17 20:00:00,0,0.148208,0.337616,0
9189,2016-10-17 21:00:00,0,0.148214,0.337433,0
9190,2016-10-17 22:00:00,0,0.148216,0.337372,0
9191,2016-10-17 23:00:00,0,0.148217,0.337325,0
9192,2016-10-18 00:00:00,0,0.148219,0.337291,0
9193,2016-10-18 01:00:00,0,0.148219,0.337267,0
9194,2016-10-18 02:00:00,0,0.14822,0.337249,0
9195,2016-10-18 03:00:00,0,0.14822,0.337235,0
9196,2016-10-18 04:00:00,0,0.148221,0.337221,0
9197,2016-10-18 05:00:00,0,0.148221,0.337211,0
9198,2016-10-18 06:00:00,0,0.148222,0.337201,0
9199,2016-10-18 07:00:00,0,0.148222,0.337195,0
9200,2016-10-18 08:00:00,0,0.148222,0.337191,0
9201,2016-10-18 09:00:00,0,0.148222,0.337189,0
9202,2016-10-18 10:00:00,0,0.148222,0.337191,0
9203,2016-10-18 11:00:00,0,0.148222,0.33719,0
9204,2016-10-18 12:00:00,0,0.148222,0.33719,0
9205,2016-10-18 13:00:00,0,0.148222,0.337183,0
9206,2016-10-18 14:00:00,0,0.148223,0.337164,0
9207,2016-10-18 15:00:00,0,0.148224,0.337121,0
9208,2016-10-18 16:00:00,0,0.148227,0.337036,0
9209,2016-10-18 17:00:00,0,0.148232,0.336891,0
9210,2016-10-18 18:00:00,0,0.148239,0.336657,0
9211,2016-10-18 19:00:00,0,0.148248,0.336377,0
9212,2016-10-18 20:00:00,0,0.148256,0.336117,0
9213,2016-10-18 21:00:00,0,0.148264,0.335891,0
9214,2016-10-18 22:00:00,0,0.148267,0.335792,0
9215,2016-10-18 23:00:00,0,0.148269,0.335722,0
9216,2016-10-19 00:00:00,0,0.14827,0.335676,0
9217,2016-10-19 01:00:00,0,0.148272,0.335637,0
9218,2016-10-19 02:00:00,0,0.148273,0.335602,0
9219,2016-10-19 03:00:00,0,0.148274,0.335578,0
9220,2016-10-19 04:00:00,0,0.148274,0.335558,0
9221,2016-10-19 05:00:00,0,0.148275,0.335543,0
9222,2016-10-19 06:00:00,0,0.148275,0.335534,0
9223,2016-10-19 07:00:00,0,0.148275,0.335528,0
9224,2016-10-19 08:00:00,0,0.148275,0.335526,0
9225,2016-10-19 09:00:00,0,0.148275,0.335524,0
9226,2016-10-19 10:00:00,0,0.148275,0.335524,0
9227,2016-10-19 11:00:00,0,0.148275,0.335523,0
9228,2016-10-19 12:00:00,0,0.148275,0.33552,0
9229,2016-10-19 13:00:00,0,0.148276,0.335512,0
9230,2016-10-19 14:00:00,0,0.148276,0.335493,0
9231,2016-10-19 15:00:00,0,0.148278,0.335444,0
9232,2016-10-19 16:00:00,0,0.148281,0.335333,0
9233,2016-10-19 17:00:00,0,0.148287,0.335163,0
9234,2016-10-19 18:00:00,0,0.148294,0.334935,0
9235,2016-10-19 19:00:00,0,0.148302,0.334666,0
9236,2016-10-19 20:00:00,0,0.14831,0.334399,0
9237,2016-10-19 21:00:00,0,0.148318,0.334159,0
9238,2016-10-19 22:00:00,0,0.148321,0.334067,0
9239,2016-10-19 23:00:00,0,0.148323,0.333985,0
9240,2016-10-20 00:00:00,0,0.148325,0.333914,0
9241,2016-10-20 01:00:00,0,0.148327,0.333858,0
9242,2016-10-20 02:00:00,0,0.148328,0.333816,0
9243,2016-10-20 03:00:00,0,0.14833,0.333783,0
9244,2016-10-20 04:00:00,0,0.14833,0.333751,0
9245,2016-10-20 05:00:00,0,0.148331,0.333724,0
9246,2016-10-20 06:00:00,0,0.148332,0.3337,0
9247,2016-10-20 07:00:00,0,0.148333,0.333678,0
9248,2016-10-20 08:00:00,0,0.148333,0.333658,0
9249,2016-10-20 09:00:00,0,0.148334,0.333644,0
9250,2016-10-20 10:00:00,0,0.148334,0.333633,0
9251,2016-10-20 11:00:00,0,0.148335,0.333617,0
9252,2016-10-20 12:00:00,0,0.148335,0.3336,0
9253,2016-10-20 13:00:00,0,0.148336,0.333575,0
9254,2016-10-20 14:00:00,0,0.148337,0.333531,0
9255,2016-10-20 15:00:00,0,0.14834,0.333453,0
9256,2016-10-20 16:00:00,0,0.148344,0.333324,0
9257,2016-10-20 17:00:00,0,0.148349,0.33315,0
9258,2016-10-20 18:00:00,0,0.148355,0.332952,0
9259,2016-10-20 19:00:00,0,0.14836,0.332766,0
9260,2016-10-20 20:00:00,0,0.148367,0.332544,0
9261,2016-10-20 21:00:00,0,0.148374,0.332327,0
9262,2016-10-20 22:00:00,0,0.148377,0.332224,0
9263,2016-10-20 23:00:00,0,0.148379,0.332138,0
9264,2016-10-21 00:00:00,0,0.148381,0.332072,0
9265,2016-10-21 01:00:00,0,0.148383,0.332017,0
9266,2016-10-21 02:00:00,0,0.148384,0.331976,0
9267,2016-10-21 03:00:00,0,0.148385,0.33195,0
9268,2016-10-21 04:00:00,0,0.148386,0.331931,0
9269,2016-10-21 05:00:00,0,0.148386,0.331919,0
9270,2016-10-21 06:00:00,0,0.148386,0.33191,0
9271,2016-10-21 07:00:00,0,0.148386,0.331909,0
9272,2016-10-21 08:00:00,0,0.148386,0.331908,0
9273,2016-10-21 09:00:00,0,0.148386,0.33191,0
9274,2016-10-21 10:00:00,0,0.148386,0.331914,0
9275,2016-10-21 11:00:00,0,0.148386,0.331922,0
9276,2016-10-21 12:00:00,0,0.148385,0.331933,0
9277,2016-10-21 13:00:00,0,0.148385,0.331943,0.000066
9278,2016-10-21 14:00:00,0,0.148382,0.332053,0
9279,2016-10-21 15:00:00,0,0.148382,0.332035,0
9280,2016-10-21 16:00:00,0,0.148384,0.331968,0
9281,2016-10-21 17:00:00,0,0.148388,0.331859,0.000008
9282,2016-10-21 18:00:00,0,0.148391,0.331752,0
9283,2016-10-21 19:00:00,0,0.148395,0.331618,0.000317
9284,2016-10-21 20:00:00,0,0.148383,0.33201,0.000016
9285,2016-10-21 21:00:00,0,0.148386,0.331911,0.001819
9286,2016-10-21 22:00:00,0,0.148298,0.334805,0.008048
9287,2016-10-21 23:00:00,0,0.147894,0.346521,0.006987
9288,2016-10-22 00:00:00,0,0.14748,0.356559,0.001703
9289,2016-10-22 01:00:00,0,0.147362,0.359149,0.000188
9290,2016-10-22 02:00:00,0,0.147348,0.359438,0.000149
9291,2016-10-22 03:00:00,0,0.147338,0.359668,0.000058
9292,2016-10-22 04:00:00,0,0.147333,0.359757,0.000028
9293,2016-10-22 05:00:00,0,0.147331,0.359799,0
9294,2016-10-22 06:00:00,0,0.147331,0.359798,0
9295,2016-10-22 07:00:00,0,0.147331,0.359798,0
9296,2016-10-22 08:00:00,0,0.147331,0.359799,0
9297,2016-10-22 09:00:00,0,0.147331,0.359801,0.000013
9298,2016-10-22 10:00:00,0,0.14733,0.359819,0
9299,2016-10-22 11:00:00,0,0.147331,0.359812,0
9300,2016-10-22 12:00:00,0,0.147331,0.359801,0
9301,2016-10-22 13:00:00,0,0.147332,0.359779,0
9302,2016-10-22 14:00:00,0,0.147334,0.359745,0
9303,2016-10-22 15:00:00,0,0.147336,0.3597,0
9304,2016-10-22 16:00:00,0,0.147339,0.359644,0.000266
9305,2016-10-22 17:00:00,0,0.147322,0.359996,0.000018
9306,2016-10-22 18:00:00,0,0.147324,0.359955,0
9307,2016-10-22 19:00:00,0,0.147328,0.35988,0
9308,2016-10-22 20:00:00,0,0.147331,0.359799,0.000032
9309,2016-10-22 21:00:00,0,0.147333,0.359759,0
9310,2016-10-22 22:00:00,0,0.147335,0.359715,0
9311,2016-10-22 23:00:00,0,0.147337,0.359676,0
9312,2016-10-23 00:00:00,0,0.147339,0.359637,0
9313,2016-10-23 01:00:00,0,0.147341,0.359604,0
9314,2016-10-23 02:00:00,0,0.147342,0.359572,0
9315,2016-10-23 03:00:00,0,0.147344,0.359541,0
9316,2016-10-23 04:00:00,0,0.147345,0.359517,0.000029
9317,2016-10-23 05:00:00,0,0.147343,0.359544,0.000186
9318,2016-10-23 06:00:00,0,0.14733,0.359818,0
9319,2016-10-23 07:00:00,0,0.147332,0.359795,0
9320,2016-10-23 08:00:00,0,0.147333,0.359769,0.000112
9321,2016-10-23 09:00:00,0,0.147326,0.359908,0.000071
9322,2016-10-23 10:00:00,0,0.147323,0.35998,0
9323,2016-10-23 11:00:00,0,0.147325,0.359931,0
9324,2016-10-23 12:00:00,0,0.147327,0.359882,0
9325,2016-10-23 13:00:00,0,0.14733,0.359836,0
9326,2016-10-23 14:00:00,0,0.147333,0.359774,0
9327,2016-10-23 15:00:00,0,0.147337,0.35968,0
9328,2016-10-23 16:00:00,0,0.147343,0.359553,0
9329,2016-10-23 17:00:00,0,0.147351,0.359385,0
9330,2016-10-23 18:00:00,0,0.147361,0.359175,0
9331,2016-10-23 19:00:00,0,0.147372,0.358939,0
9332,2016-10-23 20:00:00,0,0.147383,0.358703,0
9333,2016-10-23 21:00:00,0,0.147393,0.358482,0
9334,2016-10-23 22:00:00,0,0.147399,0.358349,0
9335,2016-10-23 23:00:00,0,0.147404,0.358245,0
9336,2016-10-24 00:00:00,0,0.147408,0.358159,0
9337,2016-10-24 01:00:00,0,0.147411,0.358086,0
9338,2016-10-24 02:00:00,0,0.147414,0.358025,0
9339,2016-10-24 03:00:00,0,0.147416,0.357975,0
9340,2016-10-24 04:00:00,0,0.147418,0.357932,0
9341,2016-10-24 05:00:00,0,0.14742,0.357894,0
9342,2016-10-24 06:00:00,0,0.147421,0.35786,0
9343,2016-10-24 07:00:00,0,0.147423,0.357829,0
9344,2016-10-24 08:00:00,0,0.147424,0.357799,0.000049
9345,2016-10-24 09:00:00,0,0.147422,0.357854,0.000315
9346,2016-10-24 10:00:00,0,0.1474,0.358334,0.000054
9347,2016-10-24 11:00:00,0,0.147396,0.358409,0
9348,2016-10-24 12:00:00,0,0.147397,0.358401,0
9349,2016-10-24 13:00:00,0,0.147397,0.358389,0
9350,2016-10-24 14:00:00,0,0.147398,0.358362,0
9351,2016-10-24 15:00:00,0,0.147401,0.358299,0
9352,2016-10-24 16:00:00,0,0.147407,0.358187,0
9353,2016-10-24 17:00:00,0,0.147413,0.358035,0
9354,2016-10-24 18:00:00,0,0.147423,0.357838,0
9355,2016-10-24 19:00:00,0,0.147432,0.357631,0
9356,2016-10-24 20:00:00,0,0.147441,0.357425,0
9357,2016-10-24 21:00:00,0,0.147447,0.357306,0
9358,2016-10-24 22:00:00,0,0.147452,0.357194,0
9359,2016-10-24 23:00:00,0,0.147456,0.357098,0
9360,2016-10-25 00:00:00,0,0.14746,0.357007,0
9361,2016-10-25 01:00:00,0,0.147464,0.356931,0
9362,2016-10-25 02:00:00,0,0.147467,0.356866,0
9363,2016-10-25 03:00:00,0,0.147469,0.356809,0
9364,2016-10-25 04:00:00,0,0.147471,0.356761,0
9365,2016-10-25 05:00:00,0,0.147473,0.35672,0
9366,2016-10-25 06:00:00,0,0.147475,0.356684,0
9367,2016-10-25 07:00:00,0,0.147476,0.356654,0
9368,2016-10-25 08:00:00,0,0.147477,0.356627,0
9369,2016-10-25 09:00:00,0,0.147478,0.356606,0
9370,2016-10-25 10:00:00,0,0.147479,0.356585,0
9371,2016-10-25 11:00:00,0,0.14748,0.356562,0
9372,2016-10-25 12:00:00,0,0.147481,0.356539,0
9373,2016-10-25 13:00:00,0,0.147482,0.356511,0
9374,2016-10-25 14:00:00,0,0.147484,0.356466,0
9375,2016-10-25 15:00:00,0,0.147488,0.356389,0
9376,2016-10-25 16:00:00,0,0.147493,0.356286,0
9377,2016-10-25 17:00:00,0,0.147498,0.356161,0
9378,2016-10-25 18:00:00,0,0.147505,0.356016,0
9379,2016-10-25 19:00:00,0,0.147512,0.355855,0
9380,2016-10-25 20:00:00,0,0.147519,0.355678,0
9381,2016-10-25 21:00:00,0,0.147524,0.355576,0
9382,2016-10-25 22:00:00,0,0.147528,0.355481,0
9383,2016-10-25 23:00:00,0,0.147532,0.355394,0
9384,2016-10-26 00:00:00,0,0.147535,0.355322,0
9385,2016-10-26 01:00:00,0,0.147538,0.355258,0
9386,2016-10-26 02:00:00,0,0.14754,0.3552,0
9387,2016-10-26 03:00:00,0,0.147543,0.35515,0
9388,2016-10-26 04:00:00,0,0.147545,0.355107,0
9389,2016-10-26 05:00:00,0,0.147546,0.355071,0
9390,2016-10-26 06:00:00,0,0.147547,0.355039,0
9391,2016-10-26 07:00:00,0,0.147549,0.355011,0
9392,2016-10-26 08:00:00,0,0.14755,0.354985,0
9393,2016-10-26 09:00:00,0,0.147551,0.35496,0
9394,2016-10-26 10:00:00,0,0.147552,0.354941,0
9395,2016-10-26 11:00:00,0,0.147553,0.354922,0
9396,2016-10-26 12:00:00,0,0.147553,0.354905,0
9397,2016-10-26 13:00:00,0,0.147554,0.354883,0
9398,2016-10-26 14:00:00,0,0.147556,0.35484,0
9399,2016-10-26 15:00:00,0,0.147559,0.354772,0
9400,2016-10-26 16:00:00,0,0.147563,0.354679,0
9401,2016-10-26 17:00:00,0,0.147568,0.354568,0
9402,2016-10-26 18:00:00,0,0.147574,0.354439,0
9403,2016-10-26 19:00:00,0,0.14758,0.354295,0
9404,2016-10-26 20:00:00,0,0.147586,0.354147,0
9405,2016-10-26 21:00:00,0,0.147589,0.35408,0
9406,2016-10-26 22:00:00,0,0.147591,0.354023,0
9407,2016-10-26 23:00:00,0,0.147594,0.353973,0
9408,2016-10-27 00:00:00,0,0.147595,0.353931,0
9409,2016-10-27 01:00:00,0,0.147597,0.353896,0
9410,2016-10-27 02:00:00,0,0.147598,0.353864,0
9411,2016-10-27 03:00:00,0,0.1476,0.353834,0
9412,2016-10-27 04:00:00,0,0.147601,0.353809,0
9413,2016-10-27 05:00:00,0,0.147602,0.353784,0
9414,2016-10-27 06:00:00,0,0.147603,0.353759,0
9415,2016-10-27 07:00:00,0,0.147604,0.353735,0
9416,2016-10-27 08:00:00,0,0.147605,0.353713,0
9417,2016-10-27 09:00:00,0,0.147606,0.353694,0
9418,2016-10-27 10:00:00,0,0.147606,0.353676,0
9419,2016-10-27 11:00:00,0,0.147607,0.353669,0
9420,2016-10-27 12:00:00,0,0.147607,0.353661,0
9421,2016-10-27 13:00:00,0,0.147608,0.353642,0
9422,2016-10-27 14:00:00,0,0.147609,0.353615,0
9423,2016-10-27 15:00:00,0,0.14761,0.353579,0
9424,2016-10-27 16:00:00,0,0.147612,0.353535,0
9425,2016-10-27 17:00:00,0,0.147615,0.353478,0.000077
9426,2016-10-27 18:00:00,0,0.147612,0.353544,0.000078
9427,2016-10-27 19:00:00,0,0.147609,0.353618,0.000299
9428,2016-10-27 20:00:00,0,0.147591,0.354035,0.000364
9429,2016-10-27 21:00:00,0,0.147567,0.354588,0.000777
9430,2016-10-27 22:00:00,0,0.147515,0.355782,0.000996
9431,2016-10-27 23:00:00,0,0.147446,0.357314,0.000635
9432,2016-10-28 00:00:00,0,0.147402,0.358295,0.000901
9433,2016-10-28 01:00:00,0,0.147337,0.359681,0.000428
9434,2016-10-28 02:00:00,0,0.147306,0.360343,0.000074
9435,2016-10-28 03:00:00,0,0.1473,0.36046,0.000551
9436,2016-10-28 04:00:00,0,0.147259,0.361313,0.00086
9437,2016-10-28 05:00:00,0,0.147195,0.36263,0.001149
9438,2016-10-28 06:00:00,0,0.147107,0.36437,0.000606
9439,2016-10-28 07:00:00,0,0.14706,0.365293,0.000344
9440,2016-10-28 08:00:00,0,0.147032,0.36582,0.000028
9441,2016-10-28 09:00:00,0,0.14703,0.365865,0
9442,2016-10-28 10:00:00,0,0.14703,0.365868,0.000049
9443,2016-10-28 11:00:00,0,0.147026,0.365945,0
9444,2016-10-28 12:00:00,0,0.147026,0.365939,0
9445,2016-10-28 13:00:00,0,0.147026,0.365931,0
9446,2016-10-28 14:00:00,0,0.147027,0.365911,0
9447,2016-10-28 15:00:00,0,0.14703,0.36587,0
9448,2016-10-28 16:00:00,0,0.147033,0.365802,0
9449,2016-10-28 17:00:00,0,0.147038,0.365706,0
9450,2016-10-28 18:00:00,0,0.147044,0.365598,0
9451,2016-10-28 19:00:00,0,0.14705,0.365487,0
9452,2016-10-28 20:00:00,0,0.147057,0.365351,0
9453,2016-10-28 21:00:00,0,0.14706,0.365292,0
9454,2016-10-28 22:00:00,0,0.147062,0.36524,0
9455,2016-10-28 23:00:00,0,0.147065,0.365194,0
9456,2016-10-29 00:00:00,0,0.147067,0.365153,0
9457,2016-10-29 01:00:00,0,0.147069,0.365119,0
9458,2016-10-29 02:00:00,0,0.147071,0.365083,0
9459,2016-10-29 03:00:00,0,0.147072,0.36505,0
9460,2016-10-29 04:00:00,0,0.147074,0.365022,0
9461,2016-10-29 05:00:00,0,0.147075,0.364994,0
9462,2016-10-29 06:00:00,0,0.147076,0.364968,0
9463,2016-10-29 07:00:00,0,0.147078,0.364946,0
9464,2016-10-29 08:00:00,0,0.147079,0.364926,0
9465,2016-10-29 09:00:00,0,0.14708,0.364908,0
9466,2016-10-29 10:00:00,0,0.14708,0.364896,0
9467,2016-10-29 11:00:00,0,0.147081,0.364886,0
9468,2016-10-29 12:00:00,0,0.147081,0.364878,0
9469,2016-10-29 13:00:00,0,0.147082,0.364867,0
9470,2016-10-29 14:00:00,0,0.147083,0.364844,0
9471,2016-10-29 15:00:00,0,0.147085,0.364806,0
9472,2016-10-29 16:00:00,0,0.147088,0.364746,0
9473,2016-10-29 17:00:00,0,0.147092,0.364656,0
9474,2016-10-29 18:00:00,0,0.147099,0.364528,0
9475,2016-10-29 19:00:00,0,0.147108,0.364349,0
9476,2016-10-29 20:00:00,0,0.147117,0.364177,0
9477,2016-10-29 21:00:00,0,0.147121,0.364103,0
9478,2016-10-29 22:00:00,0,0.147124,0.364038,0
9479,2016-10-29 23:00:00,0,0.147127,0.363982,0
9480,2016-10-30 00:00:00,0,0.147129,0.363938,0
9481,2016-10-30 01:00:00,0,0.147131,0.363903,0
9482,2016-10-30 02:00:00,0,0.147133,0.363868,0
9483,2016-10-30 03:00:00,0,0.147134,0.363835,0
9484,2016-10-30 04:00:00,0,0.147136,0.363802,0
9485,2016-10-30 05:00:00,0,0.147137,0.363772,0
9486,2016-10-30 06:00:00,0,0.147139,0.363745,0
9487,2016-10-30 07:00:00,0,0.14714,0.363726,0
9488,2016-10-30 08:00:00,0,0.147141,0.36371,0
9489,2016-10-30 09:00:00,0,0.147141,0.363693,0
9490,2016-10-30 10:00:00,0,0.147142,0.363675,0
9491,2016-10-30 11:00:00,0,0.147143,0.363664,0
9492,2016-10-30 12:00:00,0,0.147143,0.363656,0
9493,2016-10-30 13:00:00,0,0.147144,0.363644,0
9494,2016-10-30 14:00:00,0,0.147145,0.363618,0
9495,2016-10-30 15:00:00,0,0.147148,0.36356,0
9496,2016-10-30 16:00:00,0,0.147154,0.363444,0
9497,2016-10-30 17:00:00,0,0.147162,0.363281,0
9498,2016-10-30 18:00:00,0,0.147172,0.363078,0
9499,2016-10-30 19:00:00,0,0.147182,0.362886,0
9500,2016-10-30 20:00:00,0,0.147192,0.362676,0.000029
9501,2016-10-30 21:00:00,0,0.147192,0.362671,0.000653
9502,2016-10-30 22:00:00,0,0.147144,0.363636,0.000276
9503,2016-10-30 23:00:00,0,0.147124,0.36404,0.000581
9504,2016-10-31 00:00:00,0,0.147079,0.364914,0.000501
9505,2016-10-31 01:00:00,0,0.14704,0.365667,0.000593
9506,2016-10-31 02:00:00,0,0.146994,0.366557,0.000162
9507,2016-10-31 03:00:00,0,0.146981,0.366797,0
9508,2016-10-31 04:00:00,0,0.146981,0.366792,0
9509,2016-10-31 05:00:00,0,0.146982,0.366783,0
9510,2016-10-31 06:00:00,0,0.146982,0.366768,0
9511,2016-10-31 07:00:00,0,0.146983,0.366749,0
9512,2016-10-31 08:00:00,0,0.146985,0.366726,0
9513,2016-10-31 09:00:00,0,0.146986,0.366694,0
9514,2016-10-31 10:00:00,0,0.146988,0.366663,0
9515,2016-10-31 11:00:00,0,0.14699,0.366633,0
9516,2016-10-31 12:00:00,0,0.146991,0.366601,0
9517,2016-10-31 13:00:00,0,0.146993,0.366567,0
9518,2016-10-31 14:00:00,0,0.146996,0.366518,0
9519,2016-10-31 15:00:00,0,0.146999,0.366444,0
9520,2016-10-31 16:00:00,0,0.147005,0.366344,0
9521,2016-10-31 17:00:00,0,0.147011,0.366218,0
9522,2016-10-31 18:00:00,0,0.14702,0.366063,0
9523,2016-10-31 19:00:00,0,0.147029,0.36588,0
9524,2016-10-31 20:00:00,0,0.147038,0.3657,0
9525,2016-10-31 21:00:00,0,0.147042,0.365633,0
9526,2016-10-31 22:00:00,0,0.147044,0.365591,0
9527,2016-10-31 23:00:00,0,0.147046,0.365548,0
9528,2016-11-01 00:00:00,0,0.147048,0.365511,0
9529,2016-11-01 01:00:00,0,0.14705,0.365482,0
9530,2016-11-01 02:00:00,0,0.147051,0.365459,0
9531,2016-11-01 03:00:00,0,0.147052,0.365438,0
9532,2016-11-01 04:00:00,0,0.147053,0.36542,0
9533,2016-11-01 05:00:00,0,0.147054,0.365405,0
9534,2016-11-01 06:00:00,0,0.147055,0.365391,0
9535,2016-11-01 07:00:00,0,0.147055,0.365379,0
9536,2016-11-01 08:00:00,0,0.147056,0.365368,0
9537,2016-11-01 09:00:00,0,0.147056,0.365363,0
9538,2016-11-01 10:00:00,0,0.147056,0.365363,0
9539,2016-11-01 11:00:00,0,0.147056,0.365363,0
9540,2016-11-01 12:00:00,0,0.147056,0.365362,0
9541,2016-11-01 13:00:00,0,0.147056,0.365362,0
9542,2016-11-01 14:00:00,0,0.147057,0.365343,0
9543,2016-11-01 15:00:00,0,0.147059,0.365308,0
9544,2016-11-01 16:00:00,0,0.147062,0.365242,0
9545,2016-11-01 17:00:00,0,0.147068,0.365135,0
9546,2016-11-01 18:00:00,0,0.147076,0.364983,0
9547,2016-11-01 19:00:00,0,0.147085,0.364804,0
9548,2016-11-01 20:00:00,0,0.147094,0.364627,0
9549,2016-11-01 21:00:00,0,0.147096,0.364578,0
9550,2016-11-01 22:00:00,0,0.147099,0.364538,0
9551,2016-11-01 23:00:00,0,0.1471,0.36451,0
9552,2016-11-02 00:00:00,0,0.147101,0.364491,0
9553,2016-11-02 01:00:00,0,0.147102,0.364479,0
9554,2016-11-02 02:00:00,0,0.147102,0.364469,0
9555,2016-11-02 03:00:00,0,0.147102,0.364462,0
9556,2016-11-02 04:00:00,0,0.147103,0.364452,0
9557,2016-11-02 05:00:00,0,0.147103,0.364446,0
9558,2016-11-02 06:00:00,0,0.147103,0.364442,0
9559,2016-11-02 07:00:00,0,0.147103,0.364441,0
9560,2016-11-02 08:00:00,0,0.147103,0.364443,0
9561,2016-11-02 09:00:00,0,0.147103,0.364446,0
9562,2016-11-02 10:00:00,0,0.147103,0.364445,0
9563,2016-11-02 11:00:00,0,0.147104,0.364439,0
9564,2016-11-02 12:00:00,0,0.147104,0.364433,0
9565,2016-11-02 13:00:00,0,0.147104,0.364424,0
9566,2016-11-02 14:00:00,0,0.147106,0.3644,0
9567,2016-11-02 15:00:00,0,0.147108,0.364345,0
9568,2016-11-02 16:00:00,0,0.147113,0.364248,0
9569,2016-11-02 17:00:00,0,0.14712,0.36411,0
9570,2016-11-02 18:00:00,0,0.14713,0.363928,0
9571,2016-11-02 19:00:00,0,0.14714,0.363712,0
9572,2016-11-02 20:00:00,0,0.14715,0.363516,0
9573,2016-11-02 21:00:00,0,0.147153,0.363459,0
9574,2016-11-02 22:00:00,0,0.147155,0.36343,0
9575,2016-11-02 23:00:00,0,0.147156,0.363404,0
9576,2016-11-03 00:00:00,0,0.147157,0.363382,0
9577,2016-11-03 01:00:00,0,0.147158,0.363361,0
9578,2016-11-03 02:00:00,0,0.147159,0.363345,0
9579,2016-11-03 03:00:00,0,0.147159,0.363333,0
9580,2016-11-03 04:00:00,0,0.14716,0.363323,0
9581,2016-11-03 05:00:00,0,0.14716,0.363316,0
9582,2016-11-03 06:00:00,0,0.147161,0.363309,0
9583,2016-11-03 07:00:00,0,0.147161,0.363306,0
9584,2016-11-03 08:00:00,0,0.147161,0.363308,0
9585,2016-11-03 09:00:00,0,0.147161,0.363309,0
9586,2016-11-03 10:00:00,0,0.147161,0.36331,0
9587,2016-11-03 11:00:00,0,0.147161,0.363309,0
9588,2016-11-03 12:00:00,0,0.147161,0.363305,0
9589,2016-11-03 13:00:00,0,0.147162,0.363293,0
9590,2016-11-03 14:00:00,0,0.147163,0.363269,0
9591,2016-11-03 15:00:00,0,0.147165,0.363219,0
9592,2016-11-03 16:00:00,0,0.147168,0.363161,0
9593,2016-11-03 17:00:00,0,0.147172,0.363077,0
9594,2016-11-03 18:00:00,0,0.147177,0.362974,0
9595,2016-11-03 19:00:00,0,0.147183,0.362868,0
9596,2016-11-03 20:00:00,0,0.14719,0.362725,0
9597,2016-11-03 21:00:00,0,0.147193,0.362651,0
9598,2016-11-03 22:00:00,0,0.147198,0.362561,0
9599,2016-11-03 23:00:00,0,0.147201,0.362489,0
9600,2016-11-04 00:00:00,0,0.147204,0.362431,0
9601,2016-11-04 01:00:00,0,0.147207,0.36238,0
9602,2016-11-04 02:00:00,0,0.147209,0.362335,0
9603,2016-11-04 03:00:00,0,0.147211,0.362289,0
9604,2016-11-04 04:00:00,0,0.147214,0.362244,0
9605,2016-11-04 05:00:00,0,0.147215,0.362208,0
9606,2016-11-04 06:00:00,0,0.147217,0.362175,0
9607,2016-11-04 07:00:00,0,0.147218,0.362152,0
9608,2016-11-04 08:00:00,0,0.147219,0.362133,0
9609,2016-11-04 09:00:00,0,0.14722,0.362118,0
9610,2016-11-04 10:00:00,0,0.14722,0.362106,0
9611,2016-11-04 11:00:00,0,0.147221,0.362094,0
9612,2016-11-04 12:00:00,0,0.147221,0.362084,0
9613,2016-11-04 13:00:00,0,0.147222,0.362064,0
9614,2016-11-04 14:00:00,0,0.147224,0.362027,0
9615,2016-11-04 15:00:00,0,0.147228,0.361954,0
9616,2016-11-04 16:00:00,0,0.147233,0.361838,0
9617,2016-11-04 17:00:00,0,0.14724,0.361702,0
9618,2016-11-04 18:00:00,0,0.147248,0.36153,0
9619,2016-11-04 19:00:00,0,0.147259,0.361306,0
9620,2016-11-04 20:00:00,0,0.14727,0.361083,0
9621,2016-11-04 21:00:00,0,0.147276,0.360971,0
9622,2016-11-04 22:00:00,0,0.14728,0.36087,0
9623,2016-11-04 23:00:00,0,0.147284,0.360786,0
9624,2016-11-05 00:00:00,0,0.147288,0.36072,0
9625,2016-11-05 01:00:00,0,0.14729,0.360668,0
9626,2016-11-05 02:00:00,0,0.147292,0.360625,0
9627,2016-11-05 03:00:00,0,0.147294,0.360587,0
9628,2016-11-05 04:00:00,0,0.147296,0.360553,0
9629,2016-11-05 05:00:00,0,0.147297,0.360521,0
9630,2016-11-05 06:00:00,0,0.147298,0.360492,0
9631,2016-11-05 07:00:00,0,0.1473,0.360464,0
9632,2016-11-05 08:00:00,0,0.147301,0.360439,0
9633,2016-11-05 09:00:00,0,0.147302,0.360419,0
9634,2016-11-05 10:00:00,0,0.147303,0.360403,0
9635,2016-11-05 11:00:00,0,0.147303,0.360389,0
9636,2016-11-05 12:00:00,0,0.147304,0.360378,0
9637,2016-11-05 13:00:00,0,0.147305,0.360363,0
9638,2016-11-05 14:00:00,0,0.147306,0.360334,0
9639,2016-11-05 15:00:00,0,0.147308,0.360288,0
9640,2016-11-05 16:00:00,0,0.147312,0.360215,0
9641,2016-11-05 17:00:00,0,0.147316,0.360114,0
9642,2016-11-05 18:00:00,0,0.147323,0.359987,0
9643,2016-11-05 19:00:00,0,0.147331,0.359816,0
9644,2016-11-05 20:00:00,0,0.147338,0.35965,0
9645,2016-11-05 21:00:00,0,0.147341,0.35959,0
9646,2016-11-05 22:00:00,0,0.147344,0.35954,0
9647,2016-11-05 23:00:00,0,0.147345,0.3595,0
9648,2016-11-06 00:00:00,0,0.147347,0.359469,0
9649,2016-11-06 01:00:00,0,0.147348,0.359442,0
9650,2016-11-06 02:00:00,0,0.147349,0.359419,0
9651,2016-11-06 03:00:00,0,0.14735,0.359397,0
9652,2016-11-06 04:00:00,0,0.147351,0.359379,0
9653,2016-11-06 05:00:00,0,0.147352,0.359363,0
9654,2016-11-06 06:00:00,0,0.147352,0.359351,0
9655,2016-11-06 07:00:00,0,0.147353,0.359338,0
9656,2016-11-06 08:00:00,0,0.147353,0.359329,0.00046
9657,2016-11-06 09:00:00,0,0.14732,0.360041,0
9658,2016-11-06 10:00:00,0,0.14732,0.360039,0
9659,2016-11-06 11:00:00,0,0.14732,0.360033,0
9660,2016-11-06 12:00:00,0,0.147321,0.360025,0
9661,2016-11-06 13:00:00,0,0.147321,0.360019,0.00004
9662,2016-11-06 14:00:00,0,0.147319,0.360063,0
9663,2016-11-06 15:00:00,0,0.147321,0.360014,0
9664,2016-11-06 16:00:00,0,0.147326,0.359922,0
9665,2016-11-06 17:00:00,0,0.147331,0.359797,0
9666,2016-11-06 18:00:00,0,0.147339,0.359638,0
9667,2016-11-06 19:00:00,0,0.147347,0.359478,0
9668,2016-11-06 20:00:00,0,0.147355,0.359307,0
9669,2016-11-06 21:00:00,0,0.147359,0.359218,0
9670,2016-11-06 22:00:00,0,0.147362,0.359137,0
9671,2016-11-06 23:00:00,0,0.147366,0.359066,0
9672,2016-11-07 00:00:00,0,0.147369,0.359002,0
9673,2016-11-07 01:00:00,0,0.147371,0.358945,0
9674,2016-11-07 02:00:00,0,0.147374,0.358895,0
9675,2016-11-07 03:00:00,0,0.147376,0.358852,0
9676,2016-11-07 04:00:00,0,0.147377,0.358816,0
9677,2016-11-07 05:00:00,0,0.147379,0.358784,0
9678,2016-11-07 06:00:00,0,0.14738,0.358753,0
9679,2016-11-07 07:00:00,0,0.147382,0.358726,0
9680,2016-11-07 08:00:00,0,0.147383,0.358701,0
9681,2016-11-07 09:00:00,0,0.147384,0.358677,0
9682,2016-11-07 10:00:00,0,0.147385,0.358657,0
9683,2016-11-07 11:00:00,0,0.147386,0.358638,0
9684,2016-11-07 12:00:00,0,0.147386,0.358622,0
9685,2016-11-07 13:00:00,0,0.147387,0.358603,0
9686,2016-11-07 14:00:00,0,0.147389,0.358568,0
9687,2016-11-07 15:00:00,0,0.147392,0.358506,0
9688,2016-11-07 16:00:00,0,0.147396,0.358405,0
9689,2016-11-07 17:00:00,0,0.147403,0.358273,0
9690,2016-11-07 18:00:00,0,0.14741,0.358107,0
9691,2016-11-07 19:00:00,0,0.147419,0.357924,0
9692,2016-11-07 20:00:00,0,0.147427,0.357742,0
9693,2016-11-07 21:00:00,0,0.147429,0.357704,0
9694,2016-11-07 22:00:00,0,0.14743,0.357682,0
9695,2016-11-07 23:00:00,0,0.147431,0.357651,0
9696,2016-11-08 00:00:00,0,0.147432,0.357621,0
9697,2016-11-08 01:00:00,0,0.147434,0.357596,0
9698,2016-11-08 02:00:00,0,0.147435,0.357574,0
9699,2016-11-08 03:00:00,0,0.147435,0.357555,0
9700,2016-11-08 04:00:00,0,0.147436,0.357537,0
9701,2016-11-08 05:00:00,0,0.147437,0.357522,0
9702,2016-11-08 06:00:00,0,0.147437,0.357509,0
9703,2016-11-08 07:00:00,0,0.147438,0.357495,0
9704,2016-11-08 08:00:00,0,0.147439,0.357482,0
9705,2016-11-08 09:00:00,0,0.147439,0.35747,0
9706,2016-11-08 10:00:00,0,0.14744,0.357461,0
9707,2016-11-08 11:00:00,0,0.14744,0.357461,0
9708,2016-11-08 12:00:00,0,0.14744,0.357461,0
9709,2016-11-08 13:00:00,0,0.14744,0.357461,0
9710,2016-11-08 14:00:00,0,0.14744,0.357461,0
9711,2016-11-08 15:00:00,0,0.147442,0.357418,0
9712,2016-11-08 16:00:00,0,0.147445,0.357339,0
9713,2016-11-08 17:00:00,0,0.147451,0.357217,0
9714,2016-11-08 18:00:00,0,0.147458,0.357049,0
9715,2016-11-08 19:00:00,0,0.147467,0.356854,0
9716,2016-11-08 20:00:00,0,0.147477,0.356636,0
9717,2016-11-08 21:00:00,0,0.147479,0.356597,0
9718,2016-11-08 22:00:00,0,0.14748,0.356562,0
9719,2016-11-08 23:00:00,0,0.147483,0.356504,0
9720,2016-11-09 00:00:00,0,0.147485,0.356451,0
9721,2016-11-09 01:00:00,0,0.147487,0.356407,0
9722,2016-11-09 02:00:00,0,0.147489,0.356372,0
9723,2016-11-09 03:00:00,0,0.14749,0.356343,0
9724,2016-11-09 04:00:00,0,0.147491,0.356315,0
9725,2016-11-09 05:00:00,0,0.147492,0.356291,0
9726,2016-11-09 06:00:00,0,0.147493,0.356268,0
9727,2016-11-09 07:00:00,0,0.147494,0.356248,0
9728,2016-11-09 08:00:00,0,0.147495,0.356232,0
9729,2016-11-09 09:00:00,0,0.147496,0.356217,0
9730,2016-11-09 10:00:00,0,0.147496,0.356202,0
9731,2016-11-09 11:00:00,0,0.147497,0.356189,0
9732,2016-11-09 12:00:00,0,0.147497,0.356179,0
9733,2016-11-09 13:00:00,0,0.147498,0.356161,0
9734,2016-11-09 14:00:00,0,0.147499,0.356139,0
9735,2016-11-09 15:00:00,0,0.147501,0.3561,0
9736,2016-11-09 16:00:00,0,0.147503,0.356056,0
9737,2016-11-09 17:00:00,0,0.147506,0.355993,0.000068
9738,2016-11-09 18:00:00,0,0.147504,0.356034,0.000028
9739,2016-11-09 19:00:00,0,0.147505,0.356004,0
9740,2016-11-09 20:00:00,0,0.147511,0.355875,0
9741,2016-11-09 21:00:00,0,0.147512,0.355843,0
9742,2016-11-09 22:00:00,0,0.147513,0.355817,0
9743,2016-11-09 23:00:00,0,0.147514,0.355795,0
9744,2016-11-10 00:00:00,0,0.147515,0.355778,0
9745,2016-11-10 01:00:00,0,0.147516,0.355759,0
9746,2016-11-10 02:00:00,0,0.147517,0.35574,0
9747,2016-11-10 03:00:00,0,0.147518,0.35571,0
9748,2016-11-10 04:00:00,0,0.14752,0.355671,0
9749,2016-11-10 05:00:00,0,0.147522,0.35563,0
9750,2016-11-10 06:00:00,0,0.147524,0.355586,0
9751,2016-11-10 07:00:00,0,0.147525,0.355548,0
9752,2016-11-10 08:00:00,0,0.147527,0.355516,0
9753,2016-11-10 09:00:00,0,0.147528,0.355486,0
9754,2016-11-10 10:00:00,0,0.147529,0.355458,0
9755,2016-11-10 11:00:00,0,0.14753,0.355434,0
9756,2016-11-10 12:00:00,0,0.147531,0.355414,0
9757,2016-11-10 13:00:00,0,0.147532,0.355393,0
9758,2016-11-10 14:00:00,0,0.147534,0.355358,0
9759,2016-11-10 15:00:00,0,0.147536,0.355296,0
9760,2016-11-10 16:00:00,0,0.147541,0.355197,0
9761,2016-11-10 17:00:00,0,0.147547,0.355055,0
9762,2016-11-10 18:00:00,0,0.147555,0.354865,0
9763,2016-11-10 19:00:00,0,0.147564,0.35465,0
9764,2016-11-10 20:00:00,0,0.147574,0.354432,0
9765,2016-11-10 21:00:00,0,0.147578,0.354333,0
9766,2016-11-10 22:00:00,0,0.147582,0.354241,0
9767,2016-11-10 23:00:00,0,0.147586,0.354158,0
9768,2016-11-11 00:00:00,0,0.147589,0.354079,0
9769,2016-11-11 01:00:00,0,0.147592,0.354003,0
9770,2016-11-11 02:00:00,0,0.147595,0.353938,0
9771,2016-11-11 03:00:00,0,0.147598,0.353878,0
9772,2016-11-11 04:00:00,0,0.1476,0.353829,0
9773,2016-11-11 05:00:00,0,0.147602,0.353783,0
9774,2016-11-11 06:00:00,0,0.147603,0.353743,0
9775,2016-11-11 07:00:00,0,0.147605,0.353707,0
9776,2016-11-11 08:00:00,0,0.147606,0.353676,0
9777,2016-11-11 09:00:00,0,0.147608,0.353645,0
9778,2016-11-11 10:00:00,0,0.147609,0.353613,0
9779,2016-11-11 11:00:00,0,0.147611,0.353577,0
9780,2016-11-11 12:00:00,0,0.147612,0.353536,0
9781,2016-11-11 13:00:00,0,0.147614,0.353487,0
9782,2016-11-11 14:00:00,0,0.147617,0.353422,0
9783,2016-11-11 15:00:00,0,0.147621,0.353329,0
9784,2016-11-11 16:00:00,0,0.147627,0.353201,0
9785,2016-11-11 17:00:00,0,0.147634,0.353032,0
9786,2016-11-11 18:00:00,0,0.147643,0.352809,0
9787,2016-11-11 19:00:00,0,0.147653,0.352564,0
9788,2016-11-11 20:00:00,0,0.147662,0.352355,0
9789,2016-11-11 21:00:00,0,0.147668,0.352214,0
9790,2016-11-11 22:00:00,0,0.147673,0.352083,0
9791,2016-11-11 23:00:00,0,0.147678,0.351963,0
9792,2016-11-12 00:00:00,0,0.147682,0.351864,0
9793,2016-11-12 01:00:00,0,0.147686,0.351769,0
9794,2016-11-12 02:00:00,0,0.14769,0.351685,0
9795,2016-11-12 03:00:00,0,0.147693,0.351608,0
9796,2016-11-12 04:00:00,0,0.147696,0.351533,0
9797,2016-11-12 05:00:00,0,0.147699,0.351466,0
9798,2016-11-12 06:00:00,0,0.147702,0.351397,0
9799,2016-11-12 07:00:00,0,0.147705,0.351327,0
9800,2016-11-12 08:00:00,0,0.147707,0.351264,0
9801,2016-11-12 09:00:00,0,0.14771,0.351205,0
9802,2016-11-12 10:00:00,0,0.147712,0.351158,0
9803,2016-11-12 11:00:00,0,0.147713,0.351115,0
9804,2016-11-12 12:00:00,0,0.147715,0.351081,0
9805,2016-11-12 13:00:00,0,0.147716,0.351049,0
9806,2016-11-12 14:00:00,0,0.147718,0.351,0
9807,2016-11-12 15:00:00,0,0.147721,0.350925,0
9808,2016-11-12 16:00:00,0,0.147725,0.350817,0
9809,2016-11-12 17:00:00,0,0.147731,0.350676,0
9810,2016-11-12 18:00:00,0,0.147738,0.350498,0
9811,2016-11-12 19:00:00,0,0.147746,0.350306,0
9812,2016-11-12 20:00:00,0,0.147753,0.350124,0
9813,2016-11-12 21:00:00,0,0.147757,0.350034,0
9814,2016-11-12 22:00:00,0,0.14776,0.349953,0
9815,2016-11-12 23:00:00,0,0.147763,0.349887,0
9816,2016-11-13 00:00:00,0,0.147765,0.34983,0
9817,2016-11-13 01:00:00,0,0.147767,0.349775,0
9818,2016-11-13 02:00:00,0,0.147769,0.349725,0
9819,2016-11-13 03:00:00,0,0.147771,0.34968,0
9820,2016-11-13 04:00:00,0,0.147773,0.349635,0
9821,2016-11-13 05:00:00,0,0.147775,0.349592,0
9822,2016-11-13 06:00:00,0,0.147776,0.349549,0
9823,2016-11-13 07:00:00,0,0.147778,0.349503,0
9824,2016-11-13 08:00:00,0,0.14778,0.349461,0
9825,2016-11-13 09:00:00,0,0.147781,0.349423,0
9826,2016-11-13 10:00:00,0,0.147783,0.349388,0
9827,2016-11-13 11:00:00,0,0.147784,0.349352,0
9828,2016-11-13 12:00:00,0,0.147786,0.349319,0
9829,2016-11-13 13:00:00,0,0.147787,0.349283,0
9830,2016-11-13 14:00:00,0,0.147789,0.34923,0
9831,2016-11-13 15:00:00,0,0.147792,0.349154,0
9832,2016-11-13 16:00:00,0,0.147797,0.349032,0
9833,2016-11-13 17:00:00,0,0.147803,0.34887,0
9834,2016-11-13 18:00:00,0,0.147812,0.348661,0
9835,2016-11-13 19:00:00,0,0.147821,0.348417,0
9836,2016-11-13 20:00:00,0,0.147831,0.348176,0
9837,2016-11-13 21:00:00,0,0.147835,0.348061,0
9838,2016-11-13 22:00:00,0,0.147839,0.347957,0
9839,2016-11-13 23:00:00,0,0.147842,0.347869,0
9840,2016-11-14 00:00:00,0,0.147845,0.347792,0
9841,2016-11-14 01:00:00,0,0.147848,0.347727,0
9842,2016-11-14 02:00:00,0,0.14785,0.347678,0
9843,2016-11-14 03:00:00,0,0.147852,0.347628,0
9844,2016-11-14 04:00:00,0,0.147854,0.347583,0
9845,2016-11-14 05:00:00,0,0.147855,0.347544,0
9846,2016-11-14 06:00:00,0,0.147856,0.347509,0
9847,2016-11-14 07:00:00,0,0.147858,0.347475,0
9848,2016-11-14 08:00:00,0,0.147859,0.347442,0
9849,2016-11-14 09:00:00,0,0.14786,0.347413,0
9850,2016-11-14 10:00:00,0,0.147861,0.347388,0
9851,2016-11-14 11:00:00,0,0.147862,0.347363,0
9852,2016-11-14 12:00:00,0,0.147863,0.347342,0
9853,2016-11-14 13:00:00,0,0.147864,0.347319,0
9854,2016-11-14 14:00:00,0,0.147865,0.347278,0
9855,2016-11-14 15:00:00,0,0.147868,0.347211,0
9856,2016-11-14 16:00:00,0,0.147873,0.347088,0
9857,2016-11-14 17:00:00,0,0.14788,0.346904,0
9858,2016-11-14 18:00:00,0,0.147889,0.346654,0
9859,2016-11-14 19:00:00,0,0.1479,0.346372,0
9860,2016-11-14 20:00:00,0,0.14791,0.34609,0
9861,2016-11-14 21:00:00,0,0.147913,0.346033,0
9862,2016-11-14 22:00:00,0,0.147914,0.345992,0
9863,2016-11-14 23:00:00,0,0.147917,0.345924,0
9864,2016-11-15 00:00:00,0,0.147919,0.345853,0
9865,2016-11-15 01:00:00,0,0.147922,0.345785,0
9866,2016-11-15 02:00:00,0,0.147924,0.345728,0
9867,2016-11-15 03:00:00,0,0.147926,0.34568,0
9868,2016-11-15 04:00:00,0,0.147927,0.345639,0
9869,2016-11-15 05:00:00,0,0.147928,0.345616,0
9870,2016-11-15 06:00:00,0,0.147928,0.34561,0
9871,2016-11-15 07:00:00,0,0.147929,0.345606,0
9872,2016-11-15 08:00:00,0,0.147929,0.345601,0
9873,2016-11-15 09:00:00,0,0.147929,0.345595,0
9874,2016-11-15 10:00:00,0,0.14793,0.345578,0
9875,2016-11-15 11:00:00,0,0.14793,0.345567,0
9876,2016-11-15 12:00:00,0,0.147931,0.345551,0
9877,2016-11-15 13:00:00,0,0.147931,0.345528,0.000012
9878,2016-11-15 14:00:00,0,0.147932,0.345517,0
9879,2016-11-15 15:00:00,0,0.147934,0.34547,0.000101
9880,2016-11-15 16:00:00,0,0.14793,0.34558,0.000241
9881,2016-11-15 17:00:00,0,0.147917,0.345925,0.000214
9882,2016-11-15 18:00:00,0,0.147905,0.346227,0.001197
9883,2016-11-15 19:00:00,0,0.147835,0.348051,0.000608
9884,2016-11-15 20:00:00,0,0.147801,0.34892,0.001234
9885,2016-11-15 21:00:00,0,0.147725,0.350838,0.001318
9886,2016-11-15 22:00:00,0,0.14764,0.352883,0.000498
9887,2016-11-15 23:00:00,0,0.147607,0.353662,0.000323
9888,2016-11-16 00:00:00,0,0.147585,0.354172,0.00003
9889,2016-11-16 01:00:00,0,0.147583,0.354226,0.000015
9890,2016-11-16 02:00:00,0,0.147581,0.354255,0.000028
9891,2016-11-16 03:00:00,0,0.147579,0.354306,0.000028
9892,2016-11-16 04:00:00,0,0.147577,0.354356,0
9893,2016-11-16 05:00:00,0,0.147577,0.35436,0
9894,2016-11-16 06:00:00,0,0.147577,0.354366,0.000017
9895,2016-11-16 07:00:00,0,0.147575,0.354404,0.000017
9896,2016-11-16 08:00:00,0,0.147573,0.354442,0
9897,2016-11-16 09:00:00,0,0.147573,0.354451,0
9898,2016-11-16 10:00:00,0,0.147573,0.354454,0
9899,2016-11-16 11:00:00,0,0.147573,0.354456,0.000015
9900,2016-11-16 12:00:00,0,0.147572,0.354484,0.000015
9901,2016-11-16 13:00:00,0,0.147571,0.354506,0
9902,2016-11-16 14:00:00,0,0.147571,0.354489,0
9903,2016-11-16 15:00:00,0,0.147573,0.354455,0
9904,2016-11-16 16:00:00,0,0.147575,0.354397,0
9905,2016-11-16 17:00:00,0,0.147579,0.354302,0
9906,2016-11-16 18:00:00,0,0.147585,0.354174,0
9907,2016-11-16 19:00:00,0,0.147592,0.354009,0
9908,2016-11-16 20:00:00,0,0.147599,0.353842,0
9909,2016-11-16 21:00:00,0,0.147602,0.353775,0
9910,2016-11-16 22:00:00,0,0.147604,0.35372,0
9911,2016-11-16 23:00:00,0,0.147606,0.353682,0
9912,2016-11-17 00:00:00,0,0.147607,0.35365,0
9913,2016-11-17 01:00:00,0,0.147608,0.353627,0
9914,2016-11-17 02:00:00,0,0.147609,0.353603,0
9915,2016-11-17 03:00:00,0,0.14761,0.353584,0
9916,2016-11-17 04:00:00,0,0.147611,0.353567,0
9917,2016-11-17 05:00:00,0,0.147612,0.353549,0
9918,2016-11-17 06:00:00,0,0.147612,0.353534,0
9919,2016-11-17 07:00:00,0,0.147613,0.353525,0
9920,2016-11-17 08:00:00,0,0.147613,0.353517,0
9921,2016-11-17 09:00:00,0,0.147614,0.353506,0
9922,2016-11-17 10:00:00,0,0.147614,0.353498,0
9923,2016-11-17 11:00:00,0,0.147614,0.353488,0
9924,2016-11-17 12:00:00,0,0.147615,0.35348,0
9925,2016-11-17 13:00:00,0,0.147615,0.353469,0
9926,2016-11-17 14:00:00,0,0.147616,0.353441,0
9927,2016-11-17 15:00:00,0,0.147619,0.353389,0
9928,2016-11-17 16:00:00,0,0.147622,0.353306,0
9929,2016-11-17 17:00:00,0,0.147627,0.353186,0
9930,2016-11-17 18:00:00,0,0.147633,0.353036,0
9931,2016-11-17 19:00:00,0,0.147641,0.352848,0
9932,2016-11-17 20:00:00,0,0.14765,0.35265,0
9933,2016-11-17 21:00:00,0,0.147653,0.352563,0
9934,2016-11-17 22:00:00,0,0.147656,0.352492,0
9935,2016-11-17 23:00:00,0,0.147658,0.352441,0
9936,2016-11-18 00:00:00,0,0.14766,0.352399,0
9937,2016-11-18 01:00:00,0,0.147662,0.352366,0
9938,2016-11-18 02:00:00,0,0.147663,0.352338,0
9939,2016-11-18 03:00:00,0,0.147664,0.352312,0
9940,2016-11-18 04:00:00,0,0.147665,0.35229,0
9941,2016-11-18 05:00:00,0,0.147666,0.352271,0
9942,2016-11-18 06:00:00,0,0.147666,0.352254,0
9943,2016-11-18 07:00:00,0,0.147667,0.352236,0
9944,2016-11-18 08:00:00,0,0.147668,0.352224,0
9945,2016-11-18 09:00:00,0,0.147668,0.352212,0
9946,2016-11-18 10:00:00,0,0.147668,0.352201,0
9947,2016-11-18 11:00:00,0,0.147669,0.352191,0
9948,2016-11-18 12:00:00,0,0.147669,0.352182,0
9949,2016-11-18 13:00:00,0,0.14767,0.352172,0
9950,2016-11-18 14:00:00,0,0.147671,0.352149,0
9951,2016-11-18 15:00:00,0,0.147673,0.352101,0
9952,2016-11-18 16:00:00,0,0.147677,0.352006,0
9953,2016-11-18 17:00:00,0,0.147683,0.351857,0
9954,2016-11-18 18:00:00,0,0.147691,0.351645,0
9955,2016-11-18 19:00:00,0,0.147702,0.351398,0
9956,2016-11-18 20:00:00,0,0.147712,0.351153,0
9957,2016-11-18 21:00:00,0,0.147713,0.351117,0
9958,2016-11-18 22:00:00,0,0.147714,0.351094,0
9959,2016-11-18 23:00:00,0,0.147716,0.351057,0
9960,2016-11-19 00:00:00,0,0.147717,0.351021,0
9961,2016-11-19 01:00:00,0,0.147718,0.350993,0
9962,2016-11-19 02:00:00,0,0.147719,0.350968,0
9963,2016-11-19 03:00:00,0,0.14772,0.350944,0
9964,2016-11-19 04:00:00,0,0.147721,0.350924,0
9965,2016-11-19 05:00:00,0,0.147722,0.350903,0
9966,2016-11-19 06:00:00,0,0.147723,0.350886,0
9967,2016-11-19 07:00:00,0,0.147723,0.35087,0
9968,2016-11-19 08:00:00,0,0.147724,0.35086,0
9969,2016-11-19 09:00:00,0,0.147724,0.35085,0
9970,2016-11-19 10:00:00,0,0.147724,0.350841,0
9971,2016-11-19 11:00:00,0,0.147725,0.350835,0
9972,2016-11-19 12:00:00,0,0.147725,0.350828,0
9973,2016-11-19 13:00:00,0,0.147725,0.350818,0
9974,2016-11-19 14:00:00,0,0.147726,0.350798,0
9975,2016-11-19 15:00:00,0,0.147728,0.350753,0
9976,2016-11-19 16:00:00,0,0.147732,0.35066,0
9977,2016-11-19 17:00:00,0,0.147738,0.350512,0
9978,2016-11-19 18:00:00,0,0.147746,0.350297,0
9979,2016-11-19 19:00:00,0,0.147756,0.350054,0
9980,2016-11-19 20:00:00,0,0.147766,0.349816,0
9981,2016-11-19 21:00:00,0,0.147767,0.349783,0
9982,2016-11-19 22:00:00,0,0.147768,0.349764,0
9983,2016-11-19 23:00:00,0,0.147769,0.349731,0
9984,2016-11-20 00:00:00,0,0.14777,0.349714,0
9985,2016-11-20 01:00:00,0,0.14777,0.349703,0
9986,2016-11-20 02:00:00,0,0.147771,0.349696,0
9987,2016-11-20 03:00:00,0,0.147771,0.349698,0
9988,2016-11-20 04:00:00,0,0.147771,0.349695,0
9989,2016-11-20 05:00:00,0,0.147771,0.349695,0
9990,2016-11-20 06:00:00,0,0.147771,0.349695,0
9991,2016-11-20 07:00:00,0,0.147771,0.349693,0
9992,2016-11-20 08:00:00,0,0.147771,0.349691,0
9993,2016-11-20 09:00:00,0,0.147771,0.349687,0.000477
9994,2016-11-20 10:00:00,0,0.147741,0.350434,0.001106
9995,2016-11-20 11:00:00,0,0.14767,0.352152,0.000071
9996,2016-11-20 12:00:00,0,0.147667,0.352244,0.00006
9997,2016-11-20 13:00:00,0,0.147664,0.352316,0.000025
9998,2016-11-20 14:00:00,0,0.147663,0.352332,0.000023
9999,2016-11-20 15:00:00,0,0.147663,0.352335,0
10000,2016-11-20 16:00:00,0,0.147665,0.352281,0
10001,2016-11-20 17:00:00,0,0.147668,0.352207,0
10002,2016-11-20 18:00:00,0,0.147672,0.352126,0
10003,2016-11-20 19:00:00,0,0.147675,0.352051,0
10004,2016-11-20 20:00:00,0,0.147679,0.351941,0.00015
10005,2016-11-20 21:00:00,0,0.147671,0.352132,0.000166
10006,2016-11-20 22:00:00,0.326629,0.147662,0.352367,0
10007,2016-11-20 23:00:00,0.244455,0.147663,0.352337,0
10008,2016-11-21 00:00:00,0.098624,0.147658,0.352448,0
10009,2016-11-21 01:00:00,0.065226,0.147655,0.352521,0
10010,2016-11-21 02:00:00,0.04358,0.147655,0.352532,0
10011,2016-11-21 03:00:00,0.026864,0.147655,0.352527,0
10012,2016-11-21 04:00:00,0.017698,0.147655,0.352514,0
10013,2016-11-21 05:00:00,0.011784,0.147656,0.352494,0
10014,2016-11-21 06:00:00,0.008049,0.147657,0.352477,0
10015,2016-11-21 07:00:00,0.005667,0.147658,0.352449,0
10016,2016-11-21 08:00:00,0.004097,0.147659,0.352418,0
10017,2016-11-21 09:00:00,0.003046,0.147659,0.35242,0
10018,2016-11-21 10:00:00,0.002337,0.147659,0.352422,0
10019,2016-11-21 11:00:00,0.001852,0.147659,0.352423,0
10020,2016-11-21 12:00:00,0.001562,0.147659,0.352424,0
10021,2016-11-21 13:00:00,0.001357,0.147659,0.352425,0
10022,2016-11-21 14:00:00,0.001176,0.147659,0.352426,0
10023,2016-11-21 15:00:00,0.000918,0.147659,0.352427,0
10024,2016-11-21 16:00:00,0.000637,0.147659,0.352427,0
10025,2016-11-21 17:00:00,0.00043,0.147659,0.352427,0
10026,2016-11-21 18:00:00,0.000276,0.147662,0.352365,0
10027,2016-11-21 19:00:00,0.000172,0.147664,0.352296,0
10028,2016-11-21 20:00:00,0.00011,0.147668,0.352205,0
10029,2016-11-21 21:00:00,0.00002,0.14767,0.352156,0
10030,2016-11-21 22:00:00,0.000027,0.147672,0.352113,0
10031,2016-11-21 23:00:00,0.000081,0.147674,0.352075,0
10032,2016-11-22 00:00:00,0.000117,0.147675,0.352037,0
10033,2016-11-22 01:00:00,0.000135,0.147677,0.351999,0
10034,2016-11-22 02:00:00,0.000155,0.147677,0.351999,0
10035,2016-11-22 03:00:00,0.000187,0.147677,0.351999,0
10036,2016-11-22 04:00:00,0.000266,0.147677,0.351999,0
10037,2016-11-22 05:00:00,0.000341,0.147677,0.351999,0
10038,2016-11-22 06:00:00,0.000406,0.147677,0.351999,0
10039,2016-11-22 07:00:00,0.000473,0.147677,0.351999,0
10040,2016-11-22 08:00:00,0.00053,0.147677,0.351999,0
10041,2016-11-22 09:00:00,0.000572,0.147677,0.351999,0
10042,2016-11-22 10:00:00,0.000614,0.147677,0.351999,0
10043,2016-11-22 11:00:00,0.000626,0.147677,0.351999,0
10044,2016-11-22 12:00:00,0.000632,0.147677,0.351999,0
10045,2016-11-22 13:00:00,0.000597,0.147677,0.351999,0
10046,2016-11-22 14:00:00,0.00058,0.147677,0.351999,0
10047,2016-11-22 15:00:00,0.000472,0.147677,0.351999,0
10048,2016-11-22 16:00:00,0.000372,0.147676,0.351999,0
10049,2016-11-22 17:00:00,0.000202,0.147681,0.351909,0
10050,2016-11-22 18:00:00,0.000088,0.147686,0.351789,0
10051,2016-11-22 19:00:00,0.000028,0.147691,0.351659,0
10052,2016-11-22 20:00:00,0.000008,0.147696,0.351526,0
10053,2016-11-22 21:00:00,0,0.147699,0.351464,0
10054,2016-11-22 22:00:00,0.000027,0.147701,0.351405,0
10055,2016-11-22 23:00:00,0.000075,0.147703,0.351355,0
10056,2016-11-23 00:00:00,0.000116,0.147705,0.351309,0
10057,2016-11-23 01:00:00,0.000145,0.147707,0.351265,0
10058,2016-11-23 02:00:00,0.000179,0.147709,0.351224,0
10059,2016-11-23 03:00:00,0.000224,0.14771,0.351187,0
10060,2016-11-23 04:00:00,0.00028,0.147712,0.351149,0
10061,2016-11-23 05:00:00,0.000341,0.147712,0.351149,0
10062,2016-11-23 06:00:00,0.00041,0.147712,0.351149,0
10063,2016-11-23 07:00:00,0.000451,0.147712,0.351149,0
10064,2016-11-23 08:00:00,0.000483,0.147712,0.351149,0
10065,2016-11-23 09:00:00,0.000497,0.147712,0.351149,0
10066,2016-11-23 10:00:00,0.00052,0.147712,0.351149,0
10067,2016-11-23 11:00:00,0.000551,0.147712,0.351149,0
10068,2016-11-23 12:00:00,0.00058,0.147712,0.351149,0
10069,2016-11-23 13:00:00,0.000583,0.147712,0.351149,0
10070,2016-11-23 14:00:00,0.000761,0.147712,0.351149,0
10071,2016-11-23 15:00:00,0.000791,0.147712,0.351149,0
10072,2016-11-23 16:00:00,0.000646,0.147711,0.351149,0
10073,2016-11-23 17:00:00,0.0004,0.147716,0.351056,0
10074,2016-11-23 18:00:00,0.0002,0.147721,0.350918,0
10075,2016-11-23 19:00:00,0.000069,0.147728,0.350763,0
10076,2016-11-23 20:00:00,0.000022,0.147734,0.350606,0
10077,2016-11-23 21:00:00,0.000003,0.147736,0.35055,0
10078,2016-11-23 22:00:00,0.000002,0.147738,0.350508,0
10079,2016-11-23 23:00:00,0.000003,0.147739,0.35047,0
10080,2016-11-24 00:00:00,0.000014,0.147741,0.350438,0
10081,2016-11-24 01:00:00,0.000024,0.147742,0.350412,0
10082,2016-11-24 02:00:00,0.000036,0.147743,0.350392,0
10083,2016-11-24 03:00:00,0.000051,0.147743,0.350374,0
10084,2016-11-24 04:00:00,0.000058,0.147743,0.350374,0
10085,2016-11-24 05:00:00,0.000068,0.147743,0.350374,0
10086,2016-11-24 06:00:00,0.000072,0.147743,0.350374,0
10087,2016-11-24 07:00:00,0.000085,0.147743,0.350374,0
10088,2016-11-24 08:00:00,0.000082,0.147743,0.350374,0
10089,2016-11-24 09:00:00,0.000087,0.147743,0.350374,0
10090,2016-11-24 10:00:00,0.000112,0.147743,0.350374,0
10091,2016-11-24 11:00:00,0.000113,0.147743,0.350374,0
10092,2016-11-24 12:00:00,0.000119,0.147743,0.350374,0
10093,2016-11-24 13:00:00,0.000141,0.147743,0.350374,0
10094,2016-11-24 14:00:00,0.000294,0.147743,0.350374,0
10095,2016-11-24 15:00:00,0.000328,0.147743,0.350374,0
10096,2016-11-24 16:00:00,0.00027,0.147746,0.350316,0
10097,2016-11-24 17:00:00,0.000186,0.147749,0.350229,0
10098,2016-11-24 18:00:00,0.000104,0.147754,0.350111,0
10099,2016-11-24 19:00:00,0.000044,0.147759,0.349974,0
10100,2016-11-24 20:00:00,0.000016,0.147765,0.349825,0
10101,2016-11-24 21:00:00,0.000002,0.147767,0.349784,0
10102,2016-11-24 22:00:00,0.000002,0.147768,0.349752,0.000509
10103,2016-11-24 23:00:00,0,0.147737,0.350533,0.000239
10104,2016-11-25 00:00:00,0,0.147722,0.350895,0.000239
10105,2016-11-25 01:00:00,0,0.147707,0.351262,0.000186
10106,2016-11-25 02:00:00,0,0.147696,0.351547,0.000029
10107,2016-11-25 03:00:00,0,0.147694,0.351587,0
10108,2016-11-25 04:00:00,0,0.147694,0.351582,0
10109,2016-11-25 05:00:00,0,0.147694,0.351577,0
10110,2016-11-25 06:00:00,0,0.147694,0.351574,0
10111,2016-11-25 07:00:00,0,0.147694,0.351574,0
10112,2016-11-25 08:00:00,0,0.147694,0.351573,0
10113,2016-11-25 09:00:00,0,0.147694,0.351573,0
10114,2016-11-25 10:00:00,0,0.147694,0.351574,0
10115,2016-11-25 11:00:00,0,0.147694,0.351574,0.000058
10116,2016-11-25 12:00:00,0,0.147691,0.351667,0.000012
10117,2016-11-25 13:00:00,0,0.14769,0.351686,0.000016
10118,2016-11-25 14:00:00,0,0.147689,0.351704,0
10119,2016-11-25 15:00:00,0,0.14769,0.35169,0
10120,2016-11-25 16:00:00,0,0.147691,0.351666,0.000028
10121,2016-11-25 17:00:00,0,0.14769,0.351675,0
10122,2016-11-25 18:00:00,0,0.147692,0.351622,0
10123,2016-11-25 19:00:00,0,0.147696,0.351547,0
10124,2016-11-25 20:00:00,0,0.147701,0.351416,0
10125,2016-11-25 21:00:00,0,0.147702,0.351398,0
10126,2016-11-25 22:00:00,0,0.147702,0.351388,0
10127,2016-11-25 23:00:00,0,0.147702,0.351381,0
10128,2016-11-26 00:00:00,0,0.147703,0.351377,0
10129,2016-11-26 01:00:00,0,0.147703,0.351377,0
10130,2016-11-26 02:00:00,0,0.147703,0.351375,0
10131,2016-11-26 03:00:00,0,0.147703,0.351374,0
10132,2016-11-26 04:00:00,0,0.147703,0.351373,0
10133,2016-11-26 05:00:00,0,0.147703,0.35137,0
10134,2016-11-26 06:00:00,0,0.147703,0.351367,0
10135,2016-11-26 07:00:00,0,0.147703,0.351367,0
10136,2016-11-26 08:00:00,0,0.147703,0.351369,0
10137,2016-11-26 09:00:00,0,0.147703,0.351373,0
10138,2016-11-26 10:00:00,0,0.147702,0.351378,0
10139,2016-11-26 11:00:00,0,0.147702,0.351382,0
10140,2016-11-26 12:00:00,0,0.147702,0.351386,0
10141,2016-11-26 13:00:00,0,0.147702,0.351386,0
10142,2016-11-26 14:00:00,0,0.147703,0.351375,0
10143,2016-11-26 15:00:00,0,0.147703,0.351354,0
10144,2016-11-26 16:00:00,0,0.147704,0.351331,0
10145,2016-11-26 17:00:00,0,0.147706,0.351288,0
10146,2016-11-26 18:00:00,0,0.147709,0.351222,0
10147,2016-11-26 19:00:00,0,0.147713,0.351123,0
10148,2016-11-26 20:00:00,0,0.14772,0.350955,0
10149,2016-11-26 21:00:00,0,0.147722,0.350906,0
10150,2016-11-26 22:00:00,0,0.147723,0.350868,0
10151,2016-11-26 23:00:00,0,0.147725,0.350839,0
10152,2016-11-27 00:00:00,0,0.147725,0.350815,0
10153,2016-11-27 01:00:00,0,0.147726,0.350796,0
10154,2016-11-27 02:00:00,0,0.147727,0.350779,0
10155,2016-11-27 03:00:00,0,0.147728,0.350762,0
10156,2016-11-27 04:00:00,0,0.147728,0.350748,0
10157,2016-11-27 05:00:00,0,0.147729,0.350735,0
10158,2016-11-27 06:00:00,0,0.147729,0.350723,0
10159,2016-11-27 07:00:00,0,0.14773,0.350709,0
10160,2016-11-27 08:00:00,0,0.14773,0.350698,0
10161,2016-11-27 09:00:00,0,0.147731,0.350687,0
10162,2016-11-27 10:00:00,0,0.147731,0.350679,0
10163,2016-11-27 11:00:00,0,0.147731,0.350673,0
10164,2016-11-27 12:00:00,0,0.147731,0.350668,0
10165,2016-11-27 13:00:00,0,0.147731,0.350668,0
10166,2016-11-27 14:00:00,0,0.147732,0.350647,0
10167,2016-11-27 15:00:00,0,0.147734,0.350605,0
10168,2016-11-27 16:00:00,0,0.147737,0.350528,0
10169,2016-11-27 17:00:00,0,0.147742,0.350415,0
10170,2016-11-27 18:00:00,0,0.147748,0.350268,0
10171,2016-11-27 19:00:00,0,0.147754,0.350114,0
10172,2016-11-27 20:00:00,0,0.14776,0.349957,0
10173,2016-11-27 21:00:00,0,0.147763,0.349893,0
10174,2016-11-27 22:00:00,0,0.147765,0.349838,0.000095
10175,2016-11-27 23:00:00,0,0.147761,0.349946,0.000192
10176,2016-11-28 00:00:00,0,0.147749,0.350226,0
10177,2016-11-28 01:00:00,0,0.14775,0.350202,0
10178,2016-11-28 02:00:00,0,0.147751,0.350182,0
10179,2016-11-28 03:00:00,0,0.147752,0.350162,0
10180,2016-11-28 04:00:00,0.000073,0.147753,0.350146,0
10181,2016-11-28 05:00:00,0.000143,0.147753,0.350133,0
10182,2016-11-28 06:00:00,0.00021,0.147754,0.350121,0
10183,2016-11-28 07:00:00,0.000272,0.147754,0.35011,0
10184,2016-11-28 08:00:00,0.000325,0.147754,0.35011,0
10185,2016-11-28 09:00:00,0.0004,0.147754,0.35011,0
10186,2016-11-28 10:00:00,0.000425,0.147754,0.35011,0
10187,2016-11-28 11:00:00,0.000453,0.147754,0.35011,0
10188,2016-11-28 12:00:00,0.000459,0.147754,0.35011,0
10189,2016-11-28 13:00:00,0.000568,0.147754,0.35011,0
10190,2016-11-28 14:00:00,0.00103,0.147754,0.35011,0
10191,2016-11-28 15:00:00,0.001333,0.147754,0.35011,0
10192,2016-11-28 16:00:00,0.001183,0.147757,0.350041,0
10193,2016-11-28 17:00:00,0.000753,0.147761,0.349925,0
10194,2016-11-28 18:00:00,0.000356,0.147768,0.349765,0
10195,2016-11-28 19:00:00,0.00011,0.147775,0.349591,0
10196,2016-11-28 20:00:00,0.000032,0.147782,0.349421,0
10197,2016-11-28 21:00:00,0.000004,0.147783,0.349377,0
10198,2016-11-28 22:00:00,0.000003,0.147784,0.349347,0
10199,2016-11-28 23:00:00,0.000002,0.147786,0.349317,0
10200,2016-11-29 00:00:00,0.000002,0.147787,0.349293,0
10201,2016-11-29 01:00:00,0.00003,0.147787,0.349272,0
10202,2016-11-29 02:00:00,0.000054,0.147788,0.349257,0
10203,2016-11-29 03:00:00,0.000068,0.147789,0.349246,0
10204,2016-11-29 04:00:00,0.000081,0.147789,0.349238,0
10205,2016-11-29 05:00:00,0.000087,0.147789,0.349232,0
10206,2016-11-29 06:00:00,0.000148,0.147789,0.349232,0
10207,2016-11-29 07:00:00,0.000213,0.147789,0.349232,0
10208,2016-11-29 08:00:00,0.000307,0.147789,0.349232,0
10209,2016-11-29 09:00:00,0.000393,0.147789,0.349232,0
10210,2016-11-29 10:00:00,0.000498,0.147789,0.349232,0
10211,2016-11-29 11:00:00,0.000537,0.147789,0.349232,0
10212,2016-11-29 12:00:00,0.000569,0.147789,0.349232,0
10213,2016-11-29 13:00:00,0.000658,0.147789,0.349232,0
10214,2016-11-29 14:00:00,0.000735,0.147789,0.349231,0
10215,2016-11-29 15:00:00,0.000723,0.147789,0.349228,0
10216,2016-11-29 16:00:00,0.000541,0.14779,0.349212,0.000073
10217,2016-11-29 17:00:00,0.00031,0.147786,0.34931,0.000324
10218,2016-11-29 18:00:00,0.000145,0.147767,0.349795,0.000472
10219,2016-11-29 19:00:00,0.00006,0.147737,0.35052,0.000555
10220,2016-11-29 20:00:00,0.00003,0.147705,0.351326,0.000889
10221,2016-11-29 21:00:00,0.000003,0.147647,0.352722,0.001619
10222,2016-11-29 22:00:00,0.000002,0.147539,0.355227,0.001431
10223,2016-11-29 23:00:00,0,0.147441,0.357438,0.001346
10224,2016-11-30 00:00:00,0,0.147345,0.359508,0.000569
10225,2016-11-30 01:00:00,0,0.147303,0.360402,0.000243
10226,2016-11-30 02:00:00,0,0.147284,0.360794,0.000083
10227,2016-11-30 03:00:00,0,0.147277,0.360933,0
10228,2016-11-30 04:00:00,0,0.147277,0.360948,0
10229,2016-11-30 05:00:00,0,0.147276,0.360961,0
10230,2016-11-30 06:00:00,0,0.147275,0.360974,0
10231,2016-11-30 07:00:00,0,0.147275,0.360981,0
10232,2016-11-30 08:00:00,0,0.147275,0.360989,0
10233,2016-11-30 09:00:00,0,0.147275,0.360986,0
10234,2016-11-30 10:00:00,0,0.147275,0.360986,0
10235,2016-11-30 11:00:00,0,0.147275,0.360984,0
10236,2016-11-30 12:00:00,0,0.147275,0.360987,0
10237,2016-11-30 13:00:00,0,0.147275,0.36099,0
10238,2016-11-30 14:00:00,0,0.147275,0.360981,0
10239,2016-11-30 15:00:00,0,0.147276,0.360956,0
10240,2016-11-30 16:00:00,0,0.147278,0.360927,0
10241,2016-11-30 17:00:00,0,0.14728,0.360877,0
10242,2016-11-30 18:00:00,0,0.147284,0.3608,0
10243,2016-11-30 19:00:00,0,0.147287,0.360723,0.000105
10244,2016-11-30 20:00:00,0,0.147286,0.360744,0.000249
10245,2016-11-30 21:00:00,0,0.147269,0.3611,0.000212
10246,2016-11-30 22:00:00,0,0.147254,0.361408,0.000356
10247,2016-11-30 23:00:00,0,0.147229,0.361935,0.000725
10248,2016-12-01 00:00:00,0,0.147175,0.363026,0.000171
10249,2016-12-01 01:00:00,0,0.147162,0.363276,0.000042
10250,2016-12-01 02:00:00,0,0.14716,0.363325,0.000357
10251,2016-12-01 03:00:00,0,0.147133,0.363859,0.000233
10252,2016-12-01 04:00:00,0,0.147115,0.364207,0.000122
10253,2016-12-01 05:00:00,0,0.147106,0.364386,0.000036
10254,2016-12-01 06:00:00,0,0.147104,0.364438,0.000166
10255,2016-12-01 07:00:00,0,0.147091,0.364691,0.0002
10256,2016-12-01 08:00:00,0,0.147075,0.364998,0.000101
10257,2016-12-01 09:00:00,0,0.147067,0.365152,0.000364
10258,2016-12-01 10:00:00,0,0.147038,0.365709,0.000028
10259,2016-12-01 11:00:00,0,0.147036,0.365752,0.00009
10260,2016-12-01 12:00:00,0,0.147028,0.365892,0.000079
10261,2016-12-01 13:00:00,0,0.147022,0.366007,0
10262,2016-12-01 14:00:00,0,0.147023,0.365987,0
10263,2016-12-01 15:00:00,0,0.147026,0.365948,0
10264,2016-12-01 16:00:00,0,0.14703,0.365869,0
10265,2016-12-01 17:00:00,0,0.147036,0.36574,0
10266,2016-12-01 18:00:00,0,0.147045,0.365567,0
10267,2016-12-01 19:00:00,0,0.147055,0.365378,0
10268,2016-12-01 20:00:00,0,0.147065,0.36519,0
10269,2016-12-01 21:00:00,0,0.14707,0.365101,0
10270,2016-12-01 22:00:00,0,0.147074,0.365019,0
10271,2016-12-01 23:00:00,0,0.147078,0.364942,0
10272,2016-12-02 00:00:00,0,0.147081,0.36488,0
10273,2016-12-02 01:00:00,0,0.147084,0.36482,0
10274,2016-12-02 02:00:00,0,0.147087,0.36477,0
10275,2016-12-02 03:00:00,0,0.147089,0.364719,0
10276,2016-12-02 04:00:00,0,0.147092,0.364673,0
10277,2016-12-02 05:00:00,0,0.147094,0.364631,0
10278,2016-12-02 06:00:00,0,0.147096,0.364592,0
10279,2016-12-02 07:00:00,0,0.147097,0.364558,0
10280,2016-12-02 08:00:00,0,0.147099,0.364526,0
10281,2016-12-02 09:00:00,0,0.147101,0.364493,0
10282,2016-12-02 10:00:00,0,0.147102,0.364462,0
10283,2016-12-02 11:00:00,0,0.147104,0.364436,0
10284,2016-12-02 12:00:00,0,0.147105,0.364412,0
10285,2016-12-02 13:00:00,0,0.147106,0.364392,0
10286,2016-12-02 14:00:00,0,0.147107,0.364362,0
10287,2016-12-02 15:00:00,0,0.14711,0.364315,0
10288,2016-12-02 16:00:00,0,0.147114,0.364242,0
10289,2016-12-02 17:00:00,0,0.147119,0.364143,0
10290,2016-12-02 18:00:00,0,0.147125,0.364013,0
10291,2016-12-02 19:00:00,0,0.147133,0.363855,0
10292,2016-12-02 20:00:00,0,0.147141,0.363695,0
10293,2016-12-02 21:00:00,0,0.147145,0.363622,0
10294,2016-12-02 22:00:00,0,0.147149,0.363549,0
10295,2016-12-02 23:00:00,0,0.147152,0.363481,0
10296,2016-12-03 00:00:00,0,0.147155,0.363419,0
10297,2016-12-03 01:00:00,0,0.147158,0.363363,0
10298,2016-12-03 02:00:00,0,0.14716,0.363313,0
10299,2016-12-03 03:00:00,0,0.147163,0.363269,0
10300,2016-12-03 04:00:00,0,0.147165,0.36323,0
10301,2016-12-03 05:00:00,0,0.147166,0.363193,0
10302,2016-12-03 06:00:00,0,0.147168,0.363154,0
10303,2016-12-03 07:00:00,0,0.14717,0.363117,0
10304,2016-12-03 08:00:00,0,0.147172,0.363081,0
10305,2016-12-03 09:00:00,0,0.147174,0.363042,0
10306,2016-12-03 10:00:00,0,0.147176,0.363,0
10307,2016-12-03 11:00:00,0,0.147178,0.362959,0
10308,2016-12-03 12:00:00,0,0.14718,0.362918,0
10309,2016-12-03 13:00:00,0,0.147182,0.362877,0
10310,2016-12-03 14:00:00,0,0.147185,0.362828,0
10311,2016-12-03 15:00:00,0,0.147188,0.362768,0
10312,2016-12-03 16:00:00,0,0.147192,0.362686,0
10313,2016-12-03 17:00:00,0,0.147197,0.362583,0
10314,2016-12-03 18:00:00,0,0.147203,0.362455,0
10315,2016-12-03 19:00:00,0,0.14721,0.362307,0
10316,2016-12-03 20:00:00,0,0.147218,0.362161,0
10317,2016-12-03 21:00:00,0,0.147221,0.362089,0
10318,2016-12-03 22:00:00,0,0.147225,0.36202,0
10319,2016-12-03 23:00:00,0,0.147228,0.361959,0
10320,2016-12-04 00:00:00,0,0.14723,0.361898,0
10321,2016-12-04 01:00:00,0,0.147233,0.361847,0
10322,2016-12-04 02:00:00,0,0.147235,0.361803,0
10323,2016-12-04 03:00:00,0,0.147237,0.361765,0
10324,2016-12-04 04:00:00,0,0.147239,0.361728,0
10325,2016-12-04 05:00:00,0,0.147241,0.361689,0
10326,2016-12-04 06:00:00,0,0.147242,0.361654,0
10327,2016-12-04 07:00:00,0,0.147244,0.361624,0
10328,2016-12-04 08:00:00,0,0.147245,0.361596,0
10329,2016-12-04 09:00:00,0,0.147247,0.361568,0
10330,2016-12-04 10:00:00,0,0.147248,0.36154,0
10331,2016-12-04 11:00:00,0,0.147248,0.36154,0
10332,2016-12-04 12:00:00,0,0.147248,0.36154,0
10333,2016-12-04 13:00:00,0,0.147248,0.36154,0
10334,2016-12-04 14:00:00,0,0.147248,0.36154,0
10335,2016-12-04 15:00:00,0,0.147251,0.361481,0
10336,2016-12-04 16:00:00,0,0.147255,0.361398,0
10337,2016-12-04 17:00:00,0,0.14726,0.361296,0
10338,2016-12-04 18:00:00,0,0.147266,0.361161,0
10339,2016-12-04 19:00:00,0,0.147274,0.361003,0
10340,2016-12-04 20:00:00,0,0.147282,0.360845,0
10341,2016-12-04 21:00:00,0,0.147285,0.360778,0
10342,2016-12-04 22:00:00,0,0.147287,0.360723,0
10343,2016-12-04 23:00:00,0,0.147289,0.360681,0
10344,2016-12-05 00:00:00,0,0.147291,0.36065,0
10345,2016-12-05 01:00:00,0,0.147292,0.36063,0
10346,2016-12-05 02:00:00,0,0.147293,0.360616,0
10347,2016-12-05 03:00:00,0,0.147293,0.360616,0
10348,2016-12-05 04:00:00,0,0.147293,0.360616,0
10349,2016-12-05 05:00:00,0,0.147293,0.360616,0
10350,2016-12-05 06:00:00,0,0.147293,0.360616,0
10351,2016-12-05 07:00:00,0,0.147293,0.360616,0
10352,2016-12-05 08:00:00,0,0.147293,0.360616,0
10353,2016-12-05 09:00:00,0,0.147293,0.360616,0
10354,2016-12-05 10:00:00,0.4626,0.147293,0.360616,0
10355,2016-12-05 11:00:00,0.933754,0.147293,0.360616,0
10356,2016-12-05 12:00:00,0.960245,0.147293,0.360616,0
10357,2016-12-05 13:00:00,1.362332,0.147293,0.360616,0
10358,2016-12-05 14:00:00,1.492949,0.147293,0.360616,0
10359,2016-12-05 15:00:00,1.245547,0.14729,0.360666,0
10360,2016-12-05 16:00:00,0.775519,0.147283,0.360816,0
10361,2016-12-05 17:00:00,0.410936,0.147271,0.361057,0
10362,2016-12-05 18:00:00,0.130653,0.147255,0.36139,0
10363,2016-12-05 19:00:00,0.145141,0.147248,0.361545,0
10364,2016-12-05 20:00:00,0.12761,0.147248,0.361542,0
10365,2016-12-05 21:00:00,0.034398,0.147245,0.361602,0
10366,2016-12-05 22:00:00,0.025761,0.147242,0.361654,0
10367,2016-12-05 23:00:00,0.020686,0.147242,0.361665,0
10368,2016-12-06 00:00:00,0.017821,0.147242,0.361668,0
10369,2016-12-06 01:00:00,0.013266,0.147242,0.361669,0
10370,2016-12-06 02:00:00,0.010688,0.147242,0.361671,0
10371,2016-12-06 03:00:00,0.008531,0.147242,0.361671,0
10372,2016-12-06 04:00:00,0.007556,0.147242,0.361667,0
10373,2016-12-06 05:00:00,0.006071,0.147242,0.361665,0
10374,2016-12-06 06:00:00,0.005336,0.147242,0.361661,0
10375,2016-12-06 07:00:00,0.00466,0.147242,0.361664,0
10376,2016-12-06 08:00:00,0.003766,0.147242,0.361664,0
10377,2016-12-06 09:00:00,0.003066,0.147242,0.361664,0
10378,2016-12-06 10:00:00,0.002556,0.147242,0.361664,0
10379,2016-12-06 11:00:00,0.002152,0.147242,0.361664,0
10380,2016-12-06 12:00:00,0.002141,0.147242,0.361664,0
10381,2016-12-06 13:00:00,0.002086,0.147242,0.361664,0
10382,2016-12-06 14:00:00,0.003512,0.147242,0.361664,0
10383,2016-12-06 15:00:00,0.005181,0.147242,0.361665,0
10384,2016-12-06 16:00:00,0.005717,0.147244,0.361617,0
10385,2016-12-06 17:00:00,0.003924,0.147249,0.361522,0
10386,2016-12-06 18:00:00,0.002036,0.147256,0.361373,0
10387,2016-12-06 19:00:00,0.000644,0.147264,0.361212,0
10388,2016-12-06 20:00:00,0.000201,0.147271,0.361054,0
10389,2016-12-06 21:00:00,0.000029,0.147274,0.361004,0
10390,2016-12-06 22:00:00,0.000021,0.147276,0.36096,0
10391,2016-12-06 23:00:00,0.000015,0.147278,0.360925,0
10392,2016-12-07 00:00:00,0.000012,0.147279,0.360893,0
10393,2016-12-07 01:00:00,0.00001,0.147281,0.360864,0
10394,2016-12-07 02:00:00,0.000008,0.147282,0.360834,0.000051
10395,2016-12-07 03:00:00,0.115795,0.147279,0.360889,0
10396,2016-12-07 04:00:00,0.133847,0.147281,0.360864,0
10397,2016-12-07 05:00:00,0.318589,0.147279,0.360893,0
10398,2016-12-07 06:00:00,0.465707,0.147277,0.36094,0
10399,2016-12-07 07:00:00,0.443635,0.147271,0.361069,0
10400,2016-12-07 08:00:00,0.231426,0.147261,0.361264,0
10401,2016-12-07 09:00:00,0.103559,0.147252,0.36145,0.000061
10402,2016-12-07 10:00:00,0.36131,0.147243,0.361643,0
10403,2016-12-07 11:00:00,0.096692,0.147241,0.361685,0.000112
10404,2016-12-07 12:00:00,0.081699,0.147225,0.36201,0.000056
10405,2016-12-07 13:00:00,0.065119,0.147219,0.362136,0
10406,2016-12-07 14:00:00,0.057934,0.147217,0.362168,0
10407,2016-12-07 15:00:00,0.053703,0.147216,0.36219,0
10408,2016-12-07 16:00:00,0.053773,0.147216,0.362195,0
10409,2016-12-07 17:00:00,0.045871,0.147216,0.362189,0
10410,2016-12-07 18:00:00,0.04123,0.147217,0.36217,0
10411,2016-12-07 19:00:00,0.037992,0.14722,0.362114,0
10412,2016-12-07 20:00:00,0.026808,0.147225,0.362006,0
10413,2016-12-07 21:00:00,0.004394,0.147226,0.362,0
10414,2016-12-07 22:00:00,0.003232,0.147226,0.361994,0
10415,2016-12-07 23:00:00,0.002797,0.147226,0.361983,0
10416,2016-12-08 00:00:00,0.002339,0.147227,0.361972,0
10417,2016-12-08 01:00:00,0.001832,0.147227,0.361964,0
10418,2016-12-08 02:00:00,0.001333,0.147228,0.361955,0
10419,2016-12-08 03:00:00,0.000929,0.147228,0.361949,0
10420,2016-12-08 04:00:00,0.000771,0.147228,0.361941,0
10421,2016-12-08 05:00:00,0.000578,0.147229,0.361932,0
10422,2016-12-08 06:00:00,0.000461,0.147229,0.361924,0
10423,2016-12-08 07:00:00,0.000401,0.147229,0.361921,0
10424,2016-12-08 08:00:00,0.000343,0.14723,0.361918,0
10425,2016-12-08 09:00:00,0.000298,0.14723,0.361914,0
10426,2016-12-08 10:00:00,0.000258,0.14723,0.361913,0
10427,2016-12-08 11:00:00,0.000254,0.14723,0.36191,0
10428,2016-12-08 12:00:00,0.000278,0.14723,0.361907,0
10429,2016-12-08 13:00:00,0.000349,0.14723,0.361907,0
10430,2016-12-08 14:00:00,0.000426,0.147231,0.361897,0
10431,2016-12-08 15:00:00,0.000467,0.147231,0.361881,0
10432,2016-12-08 16:00:00,0.000422,0.147232,0.361859,0
10433,2016-12-08 17:00:00,0.000351,0.147234,0.361826,0
10434,2016-12-08 18:00:00,0.000257,0.147236,0.361778,0
10435,2016-12-08 19:00:00,0.000151,0.14724,0.361709,0
10436,2016-12-08 20:00:00,0.000097,0.147245,0.361594,0
10437,2016-12-08 21:00:00,0.000014,0.147248,0.361543,0
10438,2016-12-08 22:00:00,0.000009,0.14725,0.361496,0
10439,2016-12-08 23:00:00,0.000007,0.147252,0.361453,0
10440,2016-12-09 00:00:00,0.000005,0.147254,0.361419,0
10441,2016-12-09 01:00:00,0.000003,0.147255,0.361386,0
10442,2016-12-09 02:00:00,0.000002,0.147257,0.361356,0
10443,2016-12-09 03:00:00,0.000002,0.147259,0.361319,0
10444,2016-12-09 04:00:00,0.000093,0.147261,0.36128,0
10445,2016-12-09 05:00:00,0.000243,0.147263,0.36124,0
10446,2016-12-09 06:00:00,0.000412,0.147264,0.3612,0
10447,2016-12-09 07:00:00,0.000642,0.147266,0.361164,0
10448,2016-12-09 08:00:00,0.000874,0.147266,0.361164,0
10449,2016-12-09 09:00:00,0.001079,0.147266,0.361164,0
10450,2016-12-09 10:00:00,0.001342,0.147266,0.361164,0
10451,2016-12-09 11:00:00,0.001612,0.147266,0.361164,0
10452,2016-12-09 12:00:00,0.001849,0.147266,0.361164,0
10453,2016-12-09 13:00:00,0.002093,0.147266,0.361164,0
10454,2016-12-09 14:00:00,0.002435,0.147266,0.361164,0
10455,2016-12-09 15:00:00,0.002346,0.147266,0.361164,0
10456,2016-12-09 16:00:00,0.001581,0.147266,0.361166,0
10457,2016-12-09 17:00:00,0.000939,0.147266,0.361167,0
10458,2016-12-09 18:00:00,0.000474,0.147271,0.361064,0
10459,2016-12-09 19:00:00,0.000182,0.147277,0.360943,0
10460,2016-12-09 20:00:00,0.000054,0.147283,0.360822,0
10461,2016-12-09 21:00:00,0.000076,0.147286,0.360754,0
10462,2016-12-09 22:00:00,0.000197,0.147289,0.360692,0
10463,2016-12-09 23:00:00,0.00036,0.147292,0.360636,0
10464,2016-12-10 00:00:00,0.00054,0.147292,0.360636,0
10465,2016-12-10 01:00:00,0.000687,0.147292,0.360636,0
10466,2016-12-10 02:00:00,0.000819,0.147292,0.360636,0
10467,2016-12-10 03:00:00,0.000942,0.147292,0.360636,0
10468,2016-12-10 04:00:00,0.001085,0.147292,0.360636,0
10469,2016-12-10 05:00:00,0.001214,0.147292,0.360636,0
10470,2016-12-10 06:00:00,0.001325,0.147292,0.360636,0
10471,2016-12-10 07:00:00,0.001479,0.147292,0.360636,0
10472,2016-12-10 08:00:00,0.001586,0.147292,0.360636,0
10473,2016-12-10 09:00:00,0.001671,0.147292,0.360636,0
10474,2016-12-10 10:00:00,0.001765,0.147292,0.360636,0
10475,2016-12-10 11:00:00,0.001826,0.147292,0.360636,0
10476,2016-12-10 12:00:00,0.001859,0.147292,0.360636,0
10477,2016-12-10 13:00:00,0.001832,0.147292,0.360636,0
10478,2016-12-10 14:00:00,0.00159,0.147292,0.360636,0
10479,2016-12-10 15:00:00,0.001929,0.147292,0.360636,0
10480,2016-12-10 16:00:00,0.001909,0.147292,0.360636,0
10481,2016-12-10 17:00:00,0.001513,0.147292,0.360637,0
10482,2016-12-10 18:00:00,0.001015,0.147292,0.360637,0
10483,2016-12-10 19:00:00,0.000468,0.147291,0.360638,0
10484,2016-12-10 20:00:00,0.000179,0.147291,0.360639,0
10485,2016-12-10 21:00:00,0.000082,0.147291,0.360639,0
10486,2016-12-10 22:00:00,0.000117,0.147291,0.360639,0
10487,2016-12-10 23:00:00,0.00014,0.147291,0.360639,0
10488,2016-12-11 00:00:00,0.000155,0.147291,0.360639,0
10489,2016-12-11 01:00:00,0.000175,0.147291,0.360639,0
10490,2016-12-11 02:00:00,0.000188,0.147291,0.360639,0
10491,2016-12-11 03:00:00,0.000189,0.147291,0.360639,0
10492,2016-12-11 04:00:00,0.000224,0.147291,0.360639,0
10493,2016-12-11 05:00:00,0.000255,0.147291,0.360639,0
10494,2016-12-11 06:00:00,0.000293,0.147291,0.360639,0
10495,2016-12-11 07:00:00,0.000408,0.147291,0.360639,0
10496,2016-12-11 08:00:00,0.000583,0.147291,0.360639,0
10497,2016-12-11 09:00:00,0.000812,0.147291,0.360639,0
10498,2016-12-11 10:00:00,0.001084,0.147291,0.360639,0
10499,2016-12-11 11:00:00,0.001365,0.147291,0.360639,0
10500,2016-12-11 12:00:00,0.001652,0.147291,0.360639,0
10501,2016-12-11 13:00:00,0.001738,0.147291,0.360639,0
10502,2016-12-11 14:00:00,0.001437,0.147291,0.360639,0
10503,2016-12-11 15:00:00,0.000491,0.147291,0.360639,0
10504,2016-12-11 16:00:00,0.000562,0.147291,0.360639,0
10505,2016-12-11 17:00:00,0.000697,0.147291,0.360639,0
10506,2016-12-11 18:00:00,0.000613,0.147291,0.360639,0
10507,2016-12-11 19:00:00,0.000441,0.147291,0.360639,0
10508,2016-12-11 20:00:00,0.000214,0.147291,0.360639,0
10509,2016-12-11 21:00:00,0.000012,0.147291,0.360639,0
10510,2016-12-11 22:00:00,0.000011,0.147291,0.360639,0
10511,2016-12-11 23:00:00,0.00001,0.147291,0.360639,0
10512,2016-12-12 00:00:00,0.17015,0.147291,0.360639,0
10513,2016-12-12 01:00:00,0.226508,0.147291,0.360639,0
10514,2016-12-12 02:00:00,0.471732,0.147291,0.360639,0
10515,2016-12-12 03:00:00,0.822791,0.147291,0.360639,0
10516,2016-12-12 04:00:00,1.1434,0.147291,0.360639,0
10517,2016-12-12 05:00:00,1.477522,0.147291,0.360639,0
10518,2016-12-12 06:00:00,1.811799,0.147291,0.360639,0
10519,2016-12-12 07:00:00,1.901455,0.147291,0.360639,0
10520,2016-12-12 08:00:00,2.085799,0.147291,0.360639,0
10521,2016-12-12 09:00:00,2.494609,0.147291,0.360639,0
10522,2016-12-12 10:00:00,3.242098,0.147291,0.360639,0
10523,2016-12-12 11:00:00,5.099626,0.147291,0.360639,0
10524,2016-12-12 12:00:00,8.303595,0.147291,0.360639,0
10525,2016-12-12 13:00:00,12.177942,0.147291,0.360639,0
10526,2016-12-12 14:00:00,15.441601,0.147291,0.360639,0.000997
10527,2016-12-12 15:00:00,11.329885,0.147278,0.360925,0.000578
10528,2016-12-12 16:00:00,4.025127,0.147144,0.363636,0.000253
10529,2016-12-12 17:00:00,0.239653,0.146965,0.367094,0.000165
10530,2016-12-12 18:00:00,0.106839,0.146863,0.368967,0
10531,2016-12-12 19:00:00,0.028478,0.146859,0.36905,0
10532,2016-12-12 20:00:00,0.042946,0.146859,0.36905,0
10533,2016-12-12 21:00:00,0.003867,0.146858,0.369063,0
10534,2016-12-12 22:00:00,0.002727,0.146857,0.369082,0
10535,2016-12-12 23:00:00,0.002088,0.146857,0.369082,0
10536,2016-12-13 00:00:00,0.001661,0.146857,0.369077,0
10537,2016-12-13 01:00:00,0.001499,0.146858,0.369077,0
10538,2016-12-13 02:00:00,0.001617,0.146857,0.369075,0
10539,2016-12-13 03:00:00,0.001776,0.146858,0.369074,0
10540,2016-12-13 04:00:00,0.001872,0.146858,0.369073,0
10541,2016-12-13 05:00:00,0.001875,0.146858,0.36907,0
10542,2016-12-13 06:00:00,0.001843,0.146858,0.369062,0
10543,2016-12-13 07:00:00,0.00165,0.146859,0.369043,0
10544,2016-12-13 08:00:00,0.001486,0.14686,0.369022,0
10545,2016-12-13 09:00:00,0.001308,0.146862,0.368999,0
10546,2016-12-13 10:00:00,0.001246,0.146862,0.368999,0
10547,2016-12-13 11:00:00,0.001243,0.146862,0.368999,0
10548,2016-12-13 12:00:00,0.001213,0.146862,0.368999,0
10549,2016-12-13 13:00:00,0.001323,0.146862,0.368999,0
10550,2016-12-13 14:00:00,0.001889,0.146862,0.368999,0
10551,2016-12-13 15:00:00,0.002448,0.146862,0.369,0
10552,2016-12-13 16:00:00,0.002173,0.146865,0.368944,0
10553,2016-12-13 17:00:00,0.001537,0.14687,0.368846,0
10554,2016-12-13 18:00:00,0.000884,0.146878,0.368707,0
10555,2016-12-13 19:00:00,0.000387,0.146886,0.368559,0
10556,2016-12-13 20:00:00,0.000151,0.146894,0.368409,0
10557,2016-12-13 21:00:00,0.000018,0.146896,0.368374,0
10558,2016-12-13 22:00:00,0.000018,0.146898,0.368328,0
10559,2016-12-13 23:00:00,0.000014,0.1469,0.368292,0
10560,2016-12-14 00:00:00,0.000011,0.146902,0.368264,0
10561,2016-12-14 01:00:00,0.00001,0.146903,0.368239,0
10562,2016-12-14 02:00:00,0.000008,0.146904,0.368217,0
10563,2016-12-14 03:00:00,0.000007,0.146906,0.368198,0
10564,2016-12-14 04:00:00,0.000006,0.146906,0.368181,0
10565,2016-12-14 05:00:00,0.000013,0.146907,0.368165,0
10566,2016-12-14 06:00:00,0.000046,0.146908,0.368152,0
10567,2016-12-14 07:00:00,0.125274,0.146909,0.368137,0
10568,2016-12-14 08:00:00,0.033183,0.14691,0.368123,0
10569,2016-12-14 09:00:00,0.012144,0.146907,0.368165,0
10570,2016-12-14 10:00:00,0.010062,0.146907,0.368171,0
10571,2016-12-14 11:00:00,0.008466,0.146907,0.368167,0
10572,2016-12-14 12:00:00,0.006895,0.146907,0.368167,0
10573,2016-12-14 13:00:00,0.005602,0.146907,0.368167,0
10574,2016-12-14 14:00:00,0.009395,0.146907,0.36817,0
10575,2016-12-14 15:00:00,0.011973,0.146907,0.368172,0
10576,2016-12-14 16:00:00,0.011509,0.146911,0.368105,0
10577,2016-12-14 17:00:00,0.00737,0.146916,0.368002,0
10578,2016-12-14 18:00:00,0.003332,0.146923,0.367881,0
10579,2016-12-14 19:00:00,0.000931,0.146929,0.367756,0
10580,2016-12-14 20:00:00,0.000267,0.146936,0.367633,0
10581,2016-12-14 21:00:00,0.000035,0.146939,0.367572,0
10582,2016-12-14 22:00:00,0.00007,0.146942,0.367517,0
10583,2016-12-14 23:00:00,0.000141,0.146945,0.367476,0
10584,2016-12-15 00:00:00,0.000213,0.146946,0.367445,0
10585,2016-12-15 01:00:00,0.0003,0.146947,0.367421,0
10586,2016-12-15 02:00:00,0.000388,0.146947,0.367421,0
10587,2016-12-15 03:00:00,0.000492,0.146947,0.367421,0
10588,2016-12-15 04:00:00,0.000687,0.146947,0.367421,0
10589,2016-12-15 05:00:00,0.000883,0.146947,0.367421,0
10590,2016-12-15 06:00:00,0.00103,0.146947,0.367421,0
10591,2016-12-15 07:00:00,0.000909,0.146947,0.367421,0
10592,2016-12-15 08:00:00,0.000796,0.146947,0.367421,0
10593,2016-12-15 09:00:00,0.0007,0.146947,0.367421,0
10594,2016-12-15 10:00:00,0.000767,0.146947,0.367421,0
10595,2016-12-15 11:00:00,0.000791,0.146947,0.367421,0
10596,2016-12-15 12:00:00,0.000809,0.146947,0.367421,0
10597,2016-12-15 13:00:00,0.000827,0.146947,0.367421,0
10598,2016-12-15 14:00:00,0.032655,0.146947,0.367421,0
10599,2016-12-15 15:00:00,0.041137,0.146947,0.367421,0
10600,2016-12-15 16:00:00,0.020052,0.146947,0.367421,0
10601,2016-12-15 17:00:00,0.009156,0.146947,0.367421,0
10602,2016-12-15 18:00:00,0.004338,0.146947,0.367421,0
10603,2016-12-15 19:00:00,0.001402,0.146947,0.367421,0
10604,2016-12-15 20:00:00,0.000437,0.146947,0.367421,0
10605,2016-12-15 21:00:00,0.000073,0.146947,0.367421,0
10606,2016-12-15 22:00:00,0.000042,0.146947,0.367421,0
10607,2016-12-15 23:00:00,0.000025,0.146947,0.367421,0
10608,2016-12-16 00:00:00,0.000015,0.146947,0.367421,0
10609,2016-12-16 01:00:00,0.000012,0.146947,0.367421,0
10610,2016-12-16 02:00:00,0.000009,0.146947,0.367421,0
10611,2016-12-16 03:00:00,0.245049,0.146947,0.367421,0
10612,2016-12-16 04:00:00,0.277313,0.146947,0.367421,0
10613,2016-12-16 05:00:00,0.283815,0.146947,0.367421,0
10614,2016-12-16 06:00:00,0.275658,0.146947,0.367421,0
10615,2016-12-16 07:00:00,0.261994,0.146947,0.367421,0
10616,2016-12-16 08:00:00,0.246866,0.146947,0.367421,0
10617,2016-12-16 09:00:00,0.232172,0.146947,0.367421,0
10618,2016-12-16 10:00:00,0.218429,0.146947,0.367421,0
10619,2016-12-16 11:00:00,0.205219,0.146947,0.367421,0
10620,2016-12-16 12:00:00,0.192928,0.146947,0.367421,0
10621,2016-12-16 13:00:00,0.178404,0.146947,0.367421,0
10622,2016-12-16 14:00:00,0.159055,0.146947,0.367421,0
10623,2016-12-16 15:00:00,0.132725,0.146947,0.367421,0
10624,2016-12-16 16:00:00,0.102845,0.146947,0.367421,0
10625,2016-12-16 17:00:00,0.072185,0.146947,0.367421,0
10626,2016-12-16 18:00:00,0.045059,0.146947,0.367421,0
10627,2016-12-16 19:00:00,0.023999,0.146947,0.367421,0
10628,2016-12-16 20:00:00,0.018229,0.146947,0.367421,0
10629,2016-12-16 21:00:00,0.014692,0.146947,0.367421,0
10630,2016-12-16 22:00:00,0.012284,0.146947,0.367421,0
10631,2016-12-16 23:00:00,0.01062,0.146947,0.367421,0
10632,2016-12-17 00:00:00,0.009352,0.146947,0.367421,0
10633,2016-12-17 01:00:00,0.0084,0.146947,0.367421,0
10634,2016-12-17 02:00:00,0.007619,0.146947,0.367421,0
10635,2016-12-17 03:00:00,0.007069,0.146947,0.367421,0
10636,2016-12-17 04:00:00,0.006738,0.146947,0.367421,0
10637,2016-12-17 05:00:00,0.006475,0.146947,0.367421,0
10638,2016-12-17 06:00:00,0.006039,0.146947,0.367421,0
10639,2016-12-17 07:00:00,0.291491,0.146947,0.367421,0
10640,2016-12-17 08:00:00,0.591851,0.146947,0.367421,0
10641,2016-12-17 09:00:00,0.904096,0.146947,0.367421,0
10642,2016-12-17 10:00:00,1.444223,0.146947,0.367421,0
10643,2016-12-17 11:00:00,1.949956,0.146947,0.367421,0
10644,2016-12-17 12:00:00,2.477453,0.146947,0.367421,0
10645,2016-12-17 13:00:00,3.595264,0.146947,0.367421,0
10646,2016-12-17 14:00:00,5.533804,0.146947,0.367421,0
10647,2016-12-17 15:00:00,8.229734,0.146947,0.367421,0
10648,2016-12-17 16:00:00,12.330574,0.146947,0.367421,0
10649,2016-12-17 17:00:00,15.291894,0.146947,0.367421,0
10650,2016-12-17 18:00:00,15.477563,0.146947,0.367421,0
10651,2016-12-17 19:00:00,15.622795,0.146947,0.367421,0
10652,2016-12-17 20:00:00,15.880987,0.146947,0.367421,0
10653,2016-12-17 21:00:00,16.005457,0.146947,0.367421,0
10654,2016-12-17 22:00:00,16.110764,0.146947,0.367421,0
10655,2016-12-17 23:00:00,16.203602,0.146947,0.367421,0
10656,2016-12-18 00:00:00,16.284426,0.146947,0.367421,0
10657,2016-12-18 01:00:00,16.34947,0.146947,0.367421,0
10658,2016-12-18 02:00:00,16.402206,0.146947,0.367421,0
10659,2016-12-18 03:00:00,16.807039,0.146947,0.367421,0
10660,2016-12-18 04:00:00,16.888235,0.146947,0.367421,0
10661,2016-12-18 05:00:00,16.958471,0.146947,0.367421,0
10662,2016-12-18 06:00:00,16.994867,0.146947,0.367421,0
10663,2016-12-18 07:00:00,16.740454,0.146947,0.367432,0
10664,2016-12-18 08:00:00,16.471893,0.14694,0.367563,0
10665,2016-12-18 09:00:00,14.665169,0.146932,0.367701,0
10666,2016-12-18 10:00:00,7.960404,0.14689,0.368479,0.000056
10667,2016-12-18 11:00:00,7.991467,0.146732,0.371312,0.000882
10668,2016-12-18 12:00:00,0.027236,0.146656,0.372618,0
10669,2016-12-18 13:00:00,0.016826,0.146463,0.375826,0.000146
10670,2016-12-18 14:00:00,0.010946,0.146448,0.376055,0.000048
10671,2016-12-18 15:00:00,0.006205,0.146444,0.376134,0
10672,2016-12-18 16:00:00,0.002729,0.146443,0.376139,0
10673,2016-12-18 17:00:00,0.001226,0.146443,0.376142,0
10674,2016-12-18 18:00:00,0.000482,0.146443,0.376143,0.000167
10675,2016-12-18 19:00:00,0.000143,0.146428,0.376389,0.000138
10676,2016-12-18 20:00:00,0.000063,0.146416,0.376583,0
10677,2016-12-18 21:00:00,0.000006,0.146415,0.376588,0.000012
10678,2016-12-18 22:00:00,0.000003,0.146416,0.376578,0
10679,2016-12-18 23:00:00,0.000002,0.146419,0.376533,0
10680,2016-12-19 00:00:00,0,0.146423,0.37647,0
10681,2016-12-19 01:00:00,0,0.146427,0.376405,0
10682,2016-12-19 02:00:00,0,0.14643,0.376344,0
10683,2016-12-19 03:00:00,0,0.146434,0.376283,0
10684,2016-12-19 04:00:00,0.001078,0.146437,0.376232,0
10685,2016-12-19 05:00:00,0.001655,0.14644,0.376187,0
10686,2016-12-19 06:00:00,0.002318,0.146443,0.376138,0
10687,2016-12-19 07:00:00,0.003133,0.146443,0.376138,0
10688,2016-12-19 08:00:00,0.003969,0.146443,0.376138,0
10689,2016-12-19 09:00:00,0.004666,0.146443,0.376138,0
10690,2016-12-19 10:00:00,0.005418,0.146443,0.376138,0
10691,2016-12-19 11:00:00,0.006024,0.146443,0.376138,0
10692,2016-12-19 12:00:00,0.006527,0.146443,0.376138,0
10693,2016-12-19 13:00:00,0.006954,0.146443,0.376138,0
10694,2016-12-19 14:00:00,0.006465,0.146443,0.376138,0
10695,2016-12-19 15:00:00,0.008499,0.146443,0.376138,0
10696,2016-12-19 16:00:00,0.009438,0.146443,0.376138,0
10697,2016-12-19 17:00:00,0.008209,0.146443,0.376142,0
10698,2016-12-19 18:00:00,0.005491,0.146443,0.376146,0
10699,2016-12-19 19:00:00,0.002261,0.146443,0.376149,0
10700,2016-12-19 20:00:00,0.000936,0.146442,0.376151,0
10701,2016-12-19 21:00:00,0.00052,0.146442,0.376151,0
10702,2016-12-19 22:00:00,0.000917,0.146442,0.376151,0
10703,2016-12-19 23:00:00,0.00131,0.146442,0.376151,0
10704,2016-12-20 00:00:00,0.001741,0.146442,0.376151,0
10705,2016-12-20 01:00:00,0.001907,0.146442,0.376151,0
10706,2016-12-20 02:00:00,0.002063,0.146442,0.376151,0
10707,2016-12-20 03:00:00,0.002151,0.146442,0.376151,0
10708,2016-12-20 04:00:00,0.00213,0.146442,0.376151,0
10709,2016-12-20 05:00:00,0.002124,0.146442,0.376151,0
10710,2016-12-20 06:00:00,0.002189,0.146442,0.376151,0
10711,2016-12-20 07:00:00,0.002366,0.146442,0.376151,0
10712,2016-12-20 08:00:00,0.00273,0.146442,0.376151,0
10713,2016-12-20 09:00:00,0.003363,0.146442,0.376151,0
10714,2016-12-20 10:00:00,0.004005,0.146442,0.376151,0
10715,2016-12-20 11:00:00,0.004931,0.146442,0.376151,0
10716,2016-12-20 12:00:00,0.006098,0.146442,0.376151,0
10717,2016-12-20 13:00:00,0.0064,0.146442,0.376151,0
10718,2016-12-20 14:00:00,0.004771,0.146442,0.376151,0
10719,2016-12-20 15:00:00,0.000353,0.146442,0.376151,0
10720,2016-12-20 16:00:00,0.006256,0.146442,0.376153,0
10721,2016-12-20 17:00:00,0.009322,0.146442,0.376153,0
10722,2016-12-20 18:00:00,0.009239,0.146442,0.376156,0
10723,2016-12-20 19:00:00,0.005545,0.146442,0.37616,0
10724,2016-12-20 20:00:00,0.004394,0.146442,0.376164,0
10725,2016-12-20 21:00:00,0.000759,0.146442,0.376164,0
10726,2016-12-20 22:00:00,0.000287,0.146442,0.376164,0
10727,2016-12-20 23:00:00,0.000292,0.146442,0.376164,0
10728,2016-12-21 00:00:00,0.000298,0.146442,0.376164,0
10729,2016-12-21 01:00:00,0.000299,0.146442,0.376164,0
10730,2016-12-21 02:00:00,0.000308,0.146442,0.376164,0
10731,2016-12-21 03:00:00,0.000318,0.146442,0.376164,0
10732,2016-12-21 04:00:00,0.000326,0.146442,0.376164,0
10733,2016-12-21 05:00:00,0.000318,0.146442,0.376164,0
10734,2016-12-21 06:00:00,0.000299,0.146442,0.376164,0
10735,2016-12-21 07:00:00,0.000237,0.146442,0.376164,0
10736,2016-12-21 08:00:00,0.000191,0.146442,0.376164,0
10737,2016-12-21 09:00:00,0.000155,0.146442,0.376164,0
10738,2016-12-21 10:00:00,0.000125,0.146442,0.376164,0
10739,2016-12-21 11:00:00,0.000103,0.146442,0.376164,0
10740,2016-12-21 12:00:00,0.000086,0.146442,0.376164,0
10741,2016-12-21 13:00:00,0.000079,0.146442,0.376164,0
10742,2016-12-21 14:00:00,0.000067,0.146442,0.376164,0
10743,2016-12-21 15:00:00,0.000107,0.146442,0.376164,0
10744,2016-12-21 16:00:00,0.000155,0.146442,0.376164,0
10745,2016-12-21 17:00:00,0.000131,0.146442,0.376164,0
10746,2016-12-21 18:00:00,0.000074,0.146442,0.376164,0
10747,2016-12-21 19:00:00,0.000026,0.146442,0.376161,0
10748,2016-12-21 20:00:00,0.000009,0.146442,0.376155,0
10749,2016-12-21 21:00:00,0,0.146442,0.376153,0
10750,2016-12-21 22:00:00,0,0.146443,0.37615,0
10751,2016-12-21 23:00:00,0,0.146443,0.376148,0
10752,2016-12-22 00:00:00,0,0.146443,0.376146,0
10753,2016-12-22 01:00:00,0,0.146443,0.376146,0
10754,2016-12-22 02:00:00,0,0.146443,0.376146,0
10755,2016-12-22 03:00:00,0,0.146443,0.376146,0
10756,2016-12-22 04:00:00,0,0.146443,0.376146,0
10757,2016-12-22 05:00:00,0,0.146443,0.376146,0
10758,2016-12-22 06:00:00,0,0.146443,0.376146,0
10759,2016-12-22 07:00:00,0,0.146443,0.376146,0
10760,2016-12-22 08:00:00,0,0.146443,0.376146,0
10761,2016-12-22 09:00:00,0,0.146443,0.376146,0
10762,2016-12-22 10:00:00,0,0.146443,0.376146,0
10763,2016-12-22 11:00:00,0,0.146443,0.376146,0
10764,2016-12-22 12:00:00,0,0.146443,0.376146,0
10765,2016-12-22 13:00:00,0,0.146443,0.376146,0
10766,2016-12-22 14:00:00,0.097932,0.146443,0.376146,0
10767,2016-12-22 15:00:00,0.276871,0.146443,0.376146,0
10768,2016-12-22 16:00:00,0.044073,0.14644,0.376186,0
10769,2016-12-22 17:00:00,0.041294,0.146433,0.3763,0
10770,2016-12-22 18:00:00,0.036076,0.146432,0.376315,0.000056
10771,2016-12-22 19:00:00,0.037709,0.146426,0.37641,0
10772,2016-12-22 20:00:00,0.022006,0.146426,0.376415,0
10773,2016-12-22 21:00:00,0.003828,0.146425,0.37643,0
10774,2016-12-22 22:00:00,0.002499,0.146425,0.376437,0
10775,2016-12-22 23:00:00,0.00199,0.146425,0.376435,0
10776,2016-12-23 00:00:00,0.001833,0.146425,0.376433,0
10777,2016-12-23 01:00:00,0.001742,0.146425,0.37643,0
10778,2016-12-23 02:00:00,0.001418,0.146425,0.376427,0
10779,2016-12-23 03:00:00,0.001143,0.146425,0.376424,0
10780,2016-12-23 04:00:00,0.000828,0.146426,0.376421,0
10781,2016-12-23 05:00:00,0.000663,0.146426,0.376417,0
10782,2016-12-23 06:00:00,0.000523,0.146426,0.376414,0
10783,2016-12-23 07:00:00,0.000406,0.146426,0.37641,0
10784,2016-12-23 08:00:00,0.00036,0.146427,0.376406,0
10785,2016-12-23 09:00:00,0.000321,0.146427,0.376402,0
10786,2016-12-23 10:00:00,0.000302,0.146427,0.376398,0
10787,2016-12-23 11:00:00,0.00028,0.146427,0.376394,0
10788,2016-12-23 12:00:00,0.000259,0.146428,0.37639,0
10789,2016-12-23 13:00:00,0.0003,0.146428,0.37639,0
10790,2016-12-23 14:00:00,0.000421,0.146428,0.37639,0
10791,2016-12-23 15:00:00,0.000611,0.146428,0.37639,0
10792,2016-12-23 16:00:00,0.000617,0.146429,0.376373,0
10793,2016-12-23 17:00:00,0.000405,0.146431,0.376333,0
10794,2016-12-23 18:00:00,0.000189,0.146437,0.376234,0
10795,2016-12-23 19:00:00,0.000057,0.146446,0.376094,0
10796,2016-12-23 20:00:00,0.000017,0.146455,0.375952,0
10797,2016-12-23 21:00:00,0.000002,0.146458,0.375903,0
10798,2016-12-23 22:00:00,0.000002,0.14646,0.375863,0
10799,2016-12-23 23:00:00,0,0.146463,0.375826,0
10800,2016-12-24 00:00:00,0.000008,0.146465,0.375796,0
10801,2016-12-24 01:00:00,0.000026,0.146466,0.37577,0
10802,2016-12-24 02:00:00,0.00005,0.146468,0.375748,0
10803,2016-12-24 03:00:00,0.000077,0.146469,0.37573,0
10804,2016-12-24 04:00:00,0.0001,0.14647,0.375715,0
10805,2016-12-24 05:00:00,0.000116,0.14647,0.375702,0
10806,2016-12-24 06:00:00,0.000132,0.146471,0.375692,0
10807,2016-12-24 07:00:00,0.000153,0.146471,0.375692,0
10808,2016-12-24 08:00:00,0.000162,0.146471,0.375692,0
10809,2016-12-24 09:00:00,0.000168,0.146471,0.375692,0
10810,2016-12-24 10:00:00,0.000181,0.146471,0.375692,0
10811,2016-12-24 11:00:00,0.000171,0.146471,0.375692,0
10812,2016-12-24 12:00:00,0.000164,0.146471,0.375684,0
10813,2016-12-24 13:00:00,0.000148,0.146472,0.375676,0
10814,2016-12-24 14:00:00,0.000143,0.146473,0.375664,0.000208
10815,2016-12-24 15:00:00,0.000113,0.146454,0.375958,0.000575
10816,2016-12-24 16:00:00,0.000064,0.146403,0.37679,0.000696
10817,2016-12-24 17:00:00,0.000041,0.146339,0.377786,0.001125
10818,2016-12-24 18:00:00,0.000025,0.146236,0.379382,0.000973
10819,2016-12-24 19:00:00,0.000014,0.146144,0.380755,0.000361
10820,2016-12-24 20:00:00,0.000012,0.146114,0.381206,0.000013
10821,2016-12-24 21:00:00,0.000002,0.146113,0.381218,0
10822,2016-12-24 22:00:00,0,0.146113,0.381213,0
10823,2016-12-24 23:00:00,0,0.146113,0.381208,0
10824,2016-12-25 00:00:00,0,0.146114,0.381203,0
10825,2016-12-25 01:00:00,0,0.146114,0.381198,0
10826,2016-12-25 02:00:00,0.000003,0.146114,0.381194,0
10827,2016-12-25 03:00:00,0.000023,0.146115,0.381189,0
10828,2016-12-25 04:00:00,0.000088,0.146115,0.381187,0
10829,2016-12-25 05:00:00,0.000151,0.146115,0.381183,0
10830,2016-12-25 06:00:00,0.000215,0.146115,0.381179,0
10831,2016-12-25 07:00:00,0.000269,0.146116,0.381174,0
10832,2016-12-25 08:00:00,0.000335,0.146116,0.38117,0
10833,2016-12-25 09:00:00,0.000411,0.146116,0.381167,0
10834,2016-12-25 10:00:00,0.000457,0.146117,0.381162,0
10835,2016-12-25 11:00:00,0.000497,0.146117,0.381162,0
10836,2016-12-25 12:00:00,0.000529,0.146117,0.381162,0
10837,2016-12-25 13:00:00,0.000702,0.146117,0.381162,0
10838,2016-12-25 14:00:00,0.001112,0.146117,0.381162,0
10839,2016-12-25 15:00:00,0.001439,0.146118,0.38114,0
10840,2016-12-25 16:00:00,0.00114,0.146121,0.381099,0
10841,2016-12-25 17:00:00,0.000727,0.146126,0.381022,0
10842,2016-12-25 18:00:00,0.000347,0.146134,0.380906,0
10843,2016-12-25 19:00:00,0.000099,0.146144,0.38076,0
10844,2016-12-25 20:00:00,0.00002,0.146154,0.380612,0
10845,2016-12-25 21:00:00,0.000002,0.146159,0.380531,0
10846,2016-12-25 22:00:00,0.000001,0.146164,0.380455,0
10847,2016-12-25 23:00:00,0,0.146169,0.38039,0
10848,2016-12-26 00:00:00,0.000048,0.146172,0.380339,0
10849,2016-12-26 01:00:00,0.000118,0.146174,0.380303,0
10850,2016-12-26 02:00:00,0.000206,0.146177,0.38027,0
10851,2016-12-26 03:00:00,0.000328,0.146178,0.380244,0
10852,2016-12-26 04:00:00,0.00044,0.146178,0.380244,0
10853,2016-12-26 05:00:00,0.000544,0.146178,0.380244,0
10854,2016-12-26 06:00:00,0.000643,0.146178,0.380244,0
10855,2016-12-26 07:00:00,0.000721,0.146178,0.380244,0
10856,2016-12-26 08:00:00,0.000789,0.146178,0.380244,0
10857,2016-12-26 09:00:00,0.000839,0.146178,0.380244,0
10858,2016-12-26 10:00:00,0.000768,0.146178,0.380244,0
10859,2016-12-26 11:00:00,0.000715,0.146178,0.380244,0
10860,2016-12-26 12:00:00,0.000705,0.146178,0.380244,0
10861,2016-12-26 13:00:00,0.000776,0.146178,0.380244,0
10862,2016-12-26 14:00:00,0.000808,0.146178,0.380244,0
10863,2016-12-26 15:00:00,0.001487,0.146178,0.380244,0
10864,2016-12-26 16:00:00,0.002226,0.146178,0.380244,0
10865,2016-12-26 17:00:00,0.001945,0.146178,0.380245,0
10866,2016-12-26 18:00:00,0.001216,0.146178,0.380246,0
10867,2016-12-26 19:00:00,0.000475,0.146179,0.380237,0
10868,2016-12-26 20:00:00,0.000169,0.14618,0.38022,0
10869,2016-12-26 21:00:00,0.000021,0.14618,0.380215,0
10870,2016-12-26 22:00:00,0.00002,0.146181,0.380209,0
10871,2016-12-26 23:00:00,0.000017,0.146181,0.380204,0
10872,2016-12-27 00:00:00,0.000014,0.146181,0.380201,0
10873,2016-12-27 01:00:00,0.000013,0.146181,0.3802,0
10874,2016-12-27 02:00:00,0.000011,0.146181,0.380201,0.000018
10875,2016-12-27 03:00:00,0.000008,0.146179,0.380231,0.000016
10876,2016-12-27 04:00:00,0.000006,0.146177,0.380262,0.000117
10877,2016-12-27 05:00:00,0.000004,0.146165,0.380445,0.000015
10878,2016-12-27 06:00:00,0.000003,0.146162,0.380496,0
10879,2016-12-27 07:00:00,0.000002,0.14616,0.380524,0
10880,2016-12-27 08:00:00,0,0.146158,0.380545,0
10881,2016-12-27 09:00:00,0,0.146157,0.380557,0
10882,2016-12-27 10:00:00,0,0.146157,0.380567,0.000028
10883,2016-12-27 11:00:00,0,0.146154,0.380615,0.000041
10884,2016-12-27 12:00:00,0,0.146149,0.380679,0.000092
10885,2016-12-27 13:00:00,0,0.14614,0.380819,0
10886,2016-12-27 14:00:00,0,0.14614,0.380811,0
10887,2016-12-27 15:00:00,0,0.146141,0.380796,0.000046
10888,2016-12-27 16:00:00,0,0.146139,0.380836,0
10889,2016-12-27 17:00:00,0,0.146142,0.380788,0
10890,2016-12-27 18:00:00,0,0.146148,0.380698,0
10891,2016-12-27 19:00:00,0,0.146158,0.380555,0
10892,2016-12-27 20:00:00,0,0.146168,0.380405,0
10893,2016-12-27 21:00:00,0,0.146172,0.380338,0
10894,2016-12-27 22:00:00,0,0.146177,0.380272,0
10895,2016-12-27 23:00:00,0,0.146181,0.380209,0
10896,2016-12-28 00:00:00,0,0.146185,0.38015,0
10897,2016-12-28 01:00:00,0,0.146188,0.380103,0
10898,2016-12-28 02:00:00,0,0.14619,0.380064,0
10899,2016-12-28 03:00:00,0,0.146192,0.380034,0
10900,2016-12-28 04:00:00,0,0.146194,0.380009,0
10901,2016-12-28 05:00:00,0,0.146196,0.379984,0
10902,2016-12-28 06:00:00,0,0.146197,0.379961,0
10903,2016-12-28 07:00:00,0,0.146199,0.379938,0
10904,2016-12-28 08:00:00,0,0.1462,0.379916,0
10905,2016-12-28 09:00:00,0,0.146202,0.379893,0
10906,2016-12-28 10:00:00,0,0.146203,0.37987,0
10907,2016-12-28 11:00:00,0,0.146205,0.379845,0
10908,2016-12-28 12:00:00,0,0.146207,0.379821,0
10909,2016-12-28 13:00:00,0,0.146208,0.379799,0
10910,2016-12-28 14:00:00,0,0.14621,0.379769,0
10911,2016-12-28 15:00:00,0,0.146213,0.379725,0
10912,2016-12-28 16:00:00,0,0.146217,0.379661,0
10913,2016-12-28 17:00:00,0,0.146222,0.379582,0
10914,2016-12-28 18:00:00,0,0.146229,0.379481,0
10915,2016-12-28 19:00:00,0,0.146238,0.37935,0
10916,2016-12-28 20:00:00,0,0.146246,0.379218,0
10917,2016-12-28 21:00:00,0,0.14625,0.379165,0
10918,2016-12-28 22:00:00,0,0.146253,0.379123,0
10919,2016-12-28 23:00:00,0,0.146255,0.37909,0
10920,2016-12-29 00:00:00,0,0.146257,0.379063,0
10921,2016-12-29 01:00:00,0,0.146258,0.379039,0
10922,2016-12-29 02:00:00,0,0.14626,0.379017,0
10923,2016-12-29 03:00:00,0,0.146261,0.378999,0
10924,2016-12-29 04:00:00,0,0.146261,0.378999,0
10925,2016-12-29 05:00:00,0,0.146261,0.378999,0
10926,2016-12-29 06:00:00,0,0.146261,0.378999,0
10927,2016-12-29 07:00:00,0,0.146261,0.378999,0
10928,2016-12-29 08:00:00,0,0.146261,0.378999,0
10929,2016-12-29 09:00:00,0,0.146261,0.378999,0
10930,2016-12-29 10:00:00,0,0.146261,0.378999,0
10931,2016-12-29 11:00:00,0,0.146261,0.378999,0
10932,2016-12-29 12:00:00,0,0.146261,0.378999,0
10933,2016-12-29 13:00:00,0,0.146261,0.378999,0
10934,2016-12-29 14:00:00,0,0.146261,0.378999,0
10935,2016-12-29 15:00:00,0,0.146261,0.378999,0
10936,2016-12-29 16:00:00,0.057895,0.146261,0.378999,0
10937,2016-12-29 17:00:00,0.303101,0.146261,0.378999,0
10938,2016-12-29 18:00:00,0.079705,0.146259,0.379023,0.00016
10939,2016-12-29 19:00:00,0.051152,0.146236,0.379369,0.000314
10940,2016-12-29 20:00:00,0.036005,0.146205,0.379838,0.000293
10941,2016-12-29 21:00:00,0.006103,0.146175,0.380288,0.000715
10942,2016-12-29 22:00:00,0.00514,0.146105,0.381333,0.000795
10943,2016-12-29 23:00:00,0.003528,0.146026,0.382477,0.001482
10944,2016-12-30 00:00:00,1.509844,0.145879,0.384557,0
10945,2016-12-30 01:00:00,2.404571,0.145879,0.384557,0
10946,2016-12-30 02:00:00,2.585124,0.145873,0.384641,0
10947,2016-12-30 03:00:00,2.701041,0.145866,0.384731,0
10948,2016-12-30 04:00:00,2.788568,0.145862,0.384786,0
10949,2016-12-30 05:00:00,2.840454,0.14586,0.384821,0
10950,2016-12-30 06:00:00,2.918501,0.145858,0.384849,0
10951,2016-12-30 07:00:00,2.979481,0.145858,0.384852,0
10952,2016-12-30 08:00:00,3.017759,0.145858,0.384852,0
10953,2016-12-30 09:00:00,3.040559,0.145858,0.384852,0
10954,2016-12-30 10:00:00,3.05506,0.145858,0.384852,0
10955,2016-12-30 11:00:00,3.058515,0.145858,0.384852,0
10956,2016-12-30 12:00:00,3.055872,0.145858,0.384852,0
10957,2016-12-30 13:00:00,3.045531,0.145858,0.384852,0
10958,2016-12-30 14:00:00,3.026781,0.145858,0.384852,0
10959,2016-12-30 15:00:00,2.993664,0.145858,0.384852,0
10960,2016-12-30 16:00:00,2.934762,0.145858,0.384852,0
10961,2016-12-30 17:00:00,2.84327,0.145858,0.384852,0
10962,2016-12-30 18:00:00,2.388036,0.145858,0.384852,0
10963,2016-12-30 19:00:00,1.220626,0.145848,0.384987,0
10964,2016-12-30 20:00:00,1.159434,0.145814,0.385445,0
10965,2016-12-30 21:00:00,1.034548,0.145807,0.385551,0
10966,2016-12-30 22:00:00,0.910316,0.145799,0.38565,0
10967,2016-12-30 23:00:00,0.877458,0.145796,0.385699,0
10968,2016-12-31 00:00:00,0.845996,0.145796,0.385701,0
10969,2016-12-31 01:00:00,0.805741,0.145796,0.385701,0
10970,2016-12-31 02:00:00,0.759822,0.145796,0.385701,0
10971,2016-12-31 03:00:00,0.715542,0.145796,0.385701,0
10972,2016-12-31 04:00:00,0.674107,0.145796,0.385701,0
10973,2016-12-31 05:00:00,0.636232,0.145796,0.385701,0
10974,2016-12-31 06:00:00,0.600154,0.145796,0.385701,0
10975,2016-12-31 07:00:00,0.571308,0.145796,0.385701,0
10976,2016-12-31 08:00:00,0.552076,0.145796,0.385701,0
10977,2016-12-31 09:00:00,0.533214,0.145796,0.385701,0
10978,2016-12-31 10:00:00,0.517145,0.145796,0.385701,0
10979,2016-12-31 11:00:00,0.505151,0.145796,0.385701,0
10980,2016-12-31 12:00:00,0.492618,0.145796,0.385701,0
10981,2016-12-31 13:00:00,0.479946,0.145796,0.385701,0
10982,2016-12-31 14:00:00,0.459252,0.145796,0.385701,0
10983,2016-12-31 15:00:00,0.40587,0.145796,0.385701,0
10984,2016-12-31 16:00:00,0.002197,0.145795,0.38571,0
10985,2016-12-31 17:00:00,0.001382,0.145783,0.385871,0
10986,2016-12-31 18:00:00,0.000594,0.145783,0.385871,0
10987,2016-12-31 19:00:00,0.000248,0.145783,0.385872,0
10988,2016-12-31 20:00:00,0.000083,0.145784,0.385852,0
10989,2016-12-31 21:00:00,0.00001,0.145785,0.38584,0
10990,2016-12-31 22:00:00,0.000009,0.145786,0.385828,0
10991,2016-12-31 23:00:00,0.000006,0.145787,0.385816,0
10992,2017-01-01 00:00:00,0.000005,0.145788,0.385804,0
10993,2017-01-01 01:00:00,0.000004,0.145789,0.385792,0.000033
10994,2017-01-01 02:00:00,0.000002,0.145786,0.385829,0.000229
10995,2017-01-01 03:00:00,0.000001,0.145763,0.386145,0.000166
10996,2017-01-01 04:00:00,0,0.145746,0.386366,0.00014
10997,2017-01-01 05:00:00,0,0.145732,0.386552,0.00025
10998,2017-01-01 06:00:00,0,0.145707,0.386893,0.000139
10999,2017-01-01 07:00:00,0,0.145694,0.387071,0.000207
11000,2017-01-01 08:00:00,0.476357,0.145672,0.387355,0
11001,2017-01-01 09:00:00,0.06934,0.145672,0.38735,0.000056
11002,2017-01-01 10:00:00,0.109902,0.145653,0.387613,0
11003,2017-01-01 11:00:00,0.048036,0.145651,0.387636,0
11004,2017-01-01 12:00:00,0.037973,0.145648,0.387675,0
11005,2017-01-01 13:00:00,0.028935,0.145647,0.387691,0
11006,2017-01-01 14:00:00,0.032169,0.145646,0.387698,0
11007,2017-01-01 15:00:00,0.034184,0.145647,0.387686,0
11008,2017-01-01 16:00:00,0.028286,0.145649,0.387654,0
11009,2017-01-01 17:00:00,0.018652,0.145655,0.387586,0
11010,2017-01-01 18:00:00,0.009901,0.145663,0.387473,0
11011,2017-01-01 19:00:00,0.00325,0.145673,0.387339,0
11012,2017-01-01 20:00:00,0.000942,0.145683,0.387206,0
11013,2017-01-01 21:00:00,0.00012,0.145688,0.387145,0
11014,2017-01-01 22:00:00,0.000085,0.145692,0.387097,0
11015,2017-01-01 23:00:00,0.00006,0.145694,0.387059,0
11016,2017-01-02 00:00:00,0.000073,0.145697,0.387027,0
11017,2017-01-02 01:00:00,0.000104,0.145699,0.387005,0
11018,2017-01-02 02:00:00,0.000133,0.1457,0.386989,0
11019,2017-01-02 03:00:00,0.000169,0.145701,0.386978,0
11020,2017-01-02 04:00:00,0.000168,0.145701,0.386978,0
11021,2017-01-02 05:00:00,0.000151,0.145701,0.386978,0
11022,2017-01-02 06:00:00,0.000151,0.145701,0.386978,0
11023,2017-01-02 07:00:00,0.000195,0.145701,0.386978,0
11024,2017-01-02 08:00:00,0.000295,0.145701,0.386978,0
11025,2017-01-02 09:00:00,0.000456,0.145701,0.386978,0
11026,2017-01-02 10:00:00,0.000556,0.145701,0.386978,0
11027,2017-01-02 11:00:00,0.000658,0.145701,0.386978,0
11028,2017-01-02 12:00:00,0.00075,0.145701,0.386978,0
11029,2017-01-02 13:00:00,0.000755,0.145701,0.386978,0
11030,2017-01-02 14:00:00,0.000728,0.145701,0.386978,0
11031,2017-01-02 15:00:00,0.001404,0.1457,0.386978,0
11032,2017-01-02 16:00:00,0.00185,0.1457,0.386978,0
11033,2017-01-02 17:00:00,0.001874,0.1457,0.386979,0
11034,2017-01-02 18:00:00,0.001432,0.1457,0.38698,0
11035,2017-01-02 19:00:00,0.000805,0.145703,0.386952,0
11036,2017-01-02 20:00:00,0.000346,0.145706,0.386899,0
11037,2017-01-02 21:00:00,0.000046,0.145708,0.386881,0
11038,2017-01-02 22:00:00,0.000041,0.145709,0.386862,0
11039,2017-01-02 23:00:00,0.000034,0.145711,0.386841,0
11040,2017-01-03 00:00:00,0.000028,0.145712,0.386824,0
11041,2017-01-03 01:00:00,0.000025,0.145713,0.386806,0
11042,2017-01-03 02:00:00,0.114766,0.145715,0.386791,0
11043,2017-01-03 03:00:00,0.017957,0.145716,0.386777,0
11044,2017-01-03 04:00:00,0.013507,0.145713,0.38681,0
11045,2017-01-03 05:00:00,0.010381,0.145713,0.386807,0
11046,2017-01-03 06:00:00,0.008084,0.145714,0.386804,0
11047,2017-01-03 07:00:00,0.006685,0.145714,0.386803,0.000031
11048,2017-01-03 08:00:00,0.005282,0.145711,0.386845,0.000061
11049,2017-01-03 09:00:00,0.004184,0.145704,0.386931,0.000106
11050,2017-01-03 10:00:00,0.003283,0.145693,0.387081,0.000106
11051,2017-01-03 11:00:00,0.00258,0.145681,0.38723,0
11052,2017-01-03 12:00:00,0.001994,0.145681,0.387232,0
11053,2017-01-03 13:00:00,0.001574,0.145681,0.387232,0.000026
11054,2017-01-03 14:00:00,0.001271,0.145679,0.387265,0.000028
11055,2017-01-03 15:00:00,0.000961,0.145677,0.387296,0.000028
11056,2017-01-03 16:00:00,0.000654,0.145674,0.387324,0.000056
11057,2017-01-03 17:00:00,0.000399,0.14567,0.387385,0.000028
11058,2017-01-03 18:00:00,0.000228,0.145669,0.387399,0.000056
11059,2017-01-03 19:00:00,0.000117,0.145665,0.387446,0.000028
11060,2017-01-03 20:00:00,0.000062,0.145667,0.387422,0.000167
11061,2017-01-03 21:00:00,0.000007,0.14565,0.387648,0.000141
11062,2017-01-03 22:00:00,0.000005,0.145635,0.38784,0.000287
11063,2017-01-03 23:00:00,0.000003,0.145605,0.388238,0.000811
11064,2017-01-04 00:00:00,0.000002,0.145518,0.389358,0.00149
11065,2017-01-04 01:00:00,0.000001,0.145356,0.391381,0.000111
11066,2017-01-04 02:00:00,0,0.145343,0.391535,0
11067,2017-01-04 03:00:00,0,0.145343,0.391535,0.000031
11068,2017-01-04 04:00:00,0,0.145339,0.391579,0.000028
11069,2017-01-04 05:00:00,0,0.145336,0.391618,0
11070,2017-01-04 06:00:00,0,0.145336,0.391619,0.000052
11071,2017-01-04 07:00:00,0,0.14533,0.391692,0
11072,2017-01-04 08:00:00,0,0.14533,0.39169,0
11073,2017-01-04 09:00:00,0,0.145331,0.391688,0
11074,2017-01-04 10:00:00,0,0.145331,0.391684,0
11075,2017-01-04 11:00:00,0,0.145331,0.391681,0
11076,2017-01-04 12:00:00,0,0.145331,0.391677,0
11077,2017-01-04 13:00:00,0,0.145332,0.391673,0
11078,2017-01-04 14:00:00,0,0.145332,0.391666,0
11079,2017-01-04 15:00:00,0,0.145333,0.391656,0
11080,2017-01-04 16:00:00,0,0.145335,0.391637,0
11081,2017-01-04 17:00:00,0,0.145337,0.391605,0
11082,2017-01-04 18:00:00,0,0.145341,0.391559,0
11083,2017-01-04 19:00:00,0,0.145347,0.391487,0
11084,2017-01-04 20:00:00,0,0.145355,0.391394,0
11085,2017-01-04 21:00:00,0,0.145356,0.391371,0
11086,2017-01-04 22:00:00,0,0.145358,0.391355,0
11087,2017-01-04 23:00:00,0,0.14536,0.391333,0
11088,2017-01-05 00:00:00,0,0.145362,0.391306,0
11089,2017-01-05 01:00:00,0,0.145365,0.391265,0
11090,2017-01-05 02:00:00,0,0.14537,0.391205,0
11091,2017-01-05 03:00:00,0,0.145375,0.391145,0
11092,2017-01-05 04:00:00,0,0.145378,0.39111,0
11093,2017-01-05 05:00:00,0,0.145381,0.391071,0
11094,2017-01-05 06:00:00,0,0.145386,0.391013,0
11095,2017-01-05 07:00:00,0,0.14539,0.390956,0
11096,2017-01-05 08:00:00,0,0.145395,0.390902,0
11097,2017-01-05 09:00:00,0,0.145399,0.390844,0
11098,2017-01-05 10:00:00,0,0.145399,0.390844,0
11099,2017-01-05 11:00:00,0,0.145399,0.390844,0
11100,2017-01-05 12:00:00,0,0.145399,0.390844,0
11101,2017-01-05 13:00:00,0,0.145399,0.390844,0
11102,2017-01-05 14:00:00,0,0.145399,0.390844,0
11103,2017-01-05 15:00:00,0,0.145399,0.390844,0
11104,2017-01-05 16:00:00,0,0.145399,0.390844,0
11105,2017-01-05 17:00:00,0,0.145399,0.390844,0
11106,2017-01-05 18:00:00,0,0.145399,0.390844,0
11107,2017-01-05 19:00:00,0,0.145399,0.390844,0
11108,2017-01-05 20:00:00,0,0.145408,0.390738,0
11109,2017-01-05 21:00:00,0,0.145408,0.390738,0
11110,2017-01-05 22:00:00,0,0.145408,0.390738,0
11111,2017-01-05 23:00:00,0,0.145408,0.390738,0
11112,2017-01-06 00:00:00,0,0.145408,0.390738,0
11113,2017-01-06 01:00:00,0,0.145408,0.390738,0
11114,2017-01-06 02:00:00,0,0.145408,0.390738,0
11115,2017-01-06 03:00:00,0,0.145408,0.390738,0
11116,2017-01-06 04:00:00,0,0.145408,0.390738,0
11117,2017-01-06 05:00:00,0,0.145408,0.390738,0
11118,2017-01-06 06:00:00,0,0.145408,0.390738,0
11119,2017-01-06 07:00:00,0,0.145408,0.390738,0
11120,2017-01-06 08:00:00,0.189491,0.145408,0.390738,0
11121,2017-01-06 09:00:00,0.455412,0.145408,0.390738,0
11122,2017-01-06 10:00:00,0.45535,0.145408,0.390738,0
11123,2017-01-06 11:00:00,1.016977,0.145408,0.390738,0
11124,2017-01-06 12:00:00,1.324988,0.145408,0.390738,0
11125,2017-01-06 13:00:00,1.822866,0.145408,0.390738,0
11126,2017-01-06 14:00:00,2.073103,0.145408,0.390738,0
11127,2017-01-06 15:00:00,2.144665,0.145408,0.390738,0
11128,2017-01-06 16:00:00,2.274158,0.145408,0.390738,0
11129,2017-01-06 17:00:00,2.400998,0.145408,0.390738,0
11130,2017-01-06 18:00:00,2.486024,0.145408,0.390738,0
11131,2017-01-06 19:00:00,2.570804,0.145408,0.390738,0
11132,2017-01-06 20:00:00,2.631988,0.145408,0.390738,0
11133,2017-01-06 21:00:00,2.608073,0.145408,0.390738,0
11134,2017-01-06 22:00:00,2.583215,0.145408,0.390738,0
11135,2017-01-06 23:00:00,2.55834,0.145408,0.390738,0
11136,2017-01-07 00:00:00,2.534312,0.145408,0.390738,0
11137,2017-01-07 01:00:00,2.509013,0.145408,0.390738,0
11138,2017-01-07 02:00:00,2.483309,0.145408,0.390738,0
11139,2017-01-07 03:00:00,2.463291,0.145408,0.390738,0
11140,2017-01-07 04:00:00,2.449322,0.145408,0.390738,0
11141,2017-01-07 05:00:00,2.439221,0.145408,0.390738,0
11142,2017-01-07 06:00:00,2.430817,0.145408,0.390738,0
11143,2017-01-07 07:00:00,2.424437,0.145408,0.390738,0
11144,2017-01-07 08:00:00,2.419685,0.145408,0.390738,0
11145,2017-01-07 09:00:00,2.418802,0.145408,0.390738,0
11146,2017-01-07 10:00:00,2.417568,0.145408,0.390738,0
11147,2017-01-07 11:00:00,2.414964,0.145408,0.390738,0
11148,2017-01-07 12:00:00,2.410836,0.145408,0.390738,0
11149,2017-01-07 13:00:00,2.401259,0.145408,0.390738,0
11150,2017-01-07 14:00:00,2.380461,0.145408,0.390738,0
11151,2017-01-07 15:00:00,2.354159,0.145408,0.390738,0
11152,2017-01-07 16:00:00,2.799074,0.145408,0.390738,0
11153,2017-01-07 17:00:00,3.327012,0.145408,0.390738,0
11154,2017-01-07 18:00:00,4.319663,0.145408,0.390738,0
11155,2017-01-07 19:00:00,5.270888,0.145408,0.390738,0
11156,2017-01-07 20:00:00,6.21447,0.145408,0.390738,0
11157,2017-01-07 21:00:00,6.92653,0.145408,0.390738,0
11158,2017-01-07 22:00:00,7.507852,0.145408,0.390738,0
11159,2017-01-07 23:00:00,8.043398,0.145408,0.390738,0
11160,2017-01-08 00:00:00,8.636929,0.145408,0.390738,0
11161,2017-01-08 01:00:00,9.230554,0.145408,0.390738,0
11162,2017-01-08 02:00:00,9.606321,0.145408,0.390738,0
11163,2017-01-08 03:00:00,9.942546,0.145408,0.390738,0
11164,2017-01-08 04:00:00,10.236109,0.145408,0.390738,0
11165,2017-01-08 05:00:00,10.442443,0.145408,0.390738,0
11166,2017-01-08 06:00:00,10.563293,0.145408,0.390738,0
11167,2017-01-08 07:00:00,10.652933,0.145408,0.390738,0
11168,2017-01-08 08:00:00,10.714285,0.145408,0.390738,0
11169,2017-01-08 09:00:00,10.763069,0.145408,0.390738,0
11170,2017-01-08 10:00:00,10.808391,0.145408,0.390738,0
11171,2017-01-08 11:00:00,10.850621,0.145408,0.390738,0
11172,2017-01-08 12:00:00,10.89129,0.145408,0.390738,0
11173,2017-01-08 13:00:00,10.931052,0.145408,0.390738,0
11174,2017-01-08 14:00:00,10.965875,0.145408,0.390738,0
11175,2017-01-08 15:00:00,10.993283,0.145408,0.390738,0
11176,2017-01-08 16:00:00,11.027952,0.145408,0.390738,0
11177,2017-01-08 17:00:00,11.063149,0.145408,0.390738,0
11178,2017-01-08 18:00:00,11.07224,0.145408,0.390738,0
11179,2017-01-08 19:00:00,11.048291,0.145408,0.390738,0
11180,2017-01-08 20:00:00,11.037748,0.145408,0.390738,0
11181,2017-01-08 21:00:00,11.023249,0.145408,0.390738,0
11182,2017-01-08 22:00:00,11.010608,0.145408,0.390738,0
11183,2017-01-08 23:00:00,11.001598,0.145408,0.390738,0
11184,2017-01-09 00:00:00,10.995182,0.145408,0.390738,0
11185,2017-01-09 01:00:00,10.98703,0.145408,0.390738,0
11186,2017-01-09 02:00:00,10.979286,0.145408,0.390738,0
11187,2017-01-09 03:00:00,10.973105,0.145408,0.390738,0
11188,2017-01-09 04:00:00,10.966784,0.145408,0.390738,0
11189,2017-01-09 05:00:00,10.961519,0.145408,0.390738,0
11190,2017-01-09 06:00:00,10.95465,0.145408,0.390738,0
11191,2017-01-09 07:00:00,10.951725,0.145408,0.390738,0
11192,2017-01-09 08:00:00,10.948207,0.145408,0.390738,0
11193,2017-01-09 09:00:00,10.946802,0.145408,0.390738,0
11194,2017-01-09 10:00:00,10.946905,0.145408,0.390738,0
11195,2017-01-09 11:00:00,10.947491,0.145408,0.390738,0
11196,2017-01-09 12:00:00,10.948263,0.145408,0.390738,0
11197,2017-01-09 13:00:00,10.945803,0.145408,0.390738,0
11198,2017-01-09 14:00:00,10.940377,0.145408,0.390738,0
11199,2017-01-09 15:00:00,10.921314,0.145408,0.390738,0
11200,2017-01-09 16:00:00,10.881071,0.145408,0.390738,0
11201,2017-01-09 17:00:00,10.822709,0.145408,0.390738,0
11202,2017-01-09 18:00:00,10.75555,0.145408,0.390738,0
11203,2017-01-09 19:00:00,10.689014,0.145408,0.390738,0
11204,2017-01-09 20:00:00,10.688859,0.145408,0.390738,0
11205,2017-01-09 21:00:00,10.686105,0.145408,0.390738,0
11206,2017-01-09 22:00:00,10.677496,0.145408,0.390738,0
11207,2017-01-09 23:00:00,10.668468,0.145408,0.390738,0
11208,2017-01-10 00:00:00,10.661326,0.145408,0.390738,0
11209,2017-01-10 01:00:00,10.657066,0.145408,0.390738,0
11210,2017-01-10 02:00:00,10.654923,0.145408,0.390738,0
11211,2017-01-10 03:00:00,10.65553,0.145408,0.390738,0
11212,2017-01-10 04:00:00,10.657851,0.145408,0.390738,0
11213,2017-01-10 05:00:00,10.659109,0.145408,0.390738,0
11214,2017-01-10 06:00:00,10.66,0.145408,0.390738,0
11215,2017-01-10 07:00:00,10.665641,0.145408,0.390738,0
11216,2017-01-10 08:00:00,10.670231,0.145408,0.390738,0
11217,2017-01-10 09:00:00,10.674064,0.145408,0.390738,0
11218,2017-01-10 10:00:00,10.679626,0.145408,0.390738,0
11219,2017-01-10 11:00:00,10.686325,0.145408,0.390738,0
11220,2017-01-10 12:00:00,10.691159,0.145408,0.390738,0
11221,2017-01-10 13:00:00,10.691916,0.145408,0.390738,0
11222,2017-01-10 14:00:00,10.685772,0.145408,0.390738,0
11223,2017-01-10 15:00:00,10.657931,0.145408,0.390738,0
11224,2017-01-10 16:00:00,10.610983,0.145408,0.390738,0
11225,2017-01-10 17:00:00,10.543167,0.145408,0.390738,0
11226,2017-01-10 18:00:00,10.465065,0.145408,0.390738,0
11227,2017-01-10 19:00:00,9.22176,0.145408,0.390738,0
11228,2017-01-10 20:00:00,9.0683,0.145371,0.391188,0
11229,2017-01-10 21:00:00,8.898783,0.145367,0.391247,0
11230,2017-01-10 22:00:00,8.722004,0.145361,0.39131,0
11231,2017-01-10 23:00:00,8.46498,0.145356,0.391377,0
11232,2017-01-11 00:00:00,7.959189,0.145347,0.391491,0.000072
11233,2017-01-11 01:00:00,5.999382,0.145322,0.391787,0.000163
11234,2017-01-11 02:00:00,1.511302,0.145242,0.392759,0.000088
11235,2017-01-11 03:00:00,1.527146,0.14509,0.394542,0.000077
11236,2017-01-11 04:00:00,0.857466,0.145083,0.394628,0
11237,2017-01-11 05:00:00,0.104503,0.145064,0.394851,0
11238,2017-01-11 06:00:00,0.001577,0.145044,0.395081,0
11239,2017-01-11 07:00:00,0.001095,0.145045,0.395067,0
11240,2017-01-11 08:00:00,0.000679,0.145049,0.395015,0.000186
11241,2017-01-11 09:00:00,0.000414,0.145033,0.395201,0.000919
11242,2017-01-11 10:00:00,0.000225,0.144939,0.396269,0.000527
11243,2017-01-11 11:00:00,0.000123,0.144894,0.396773,0.000028
11244,2017-01-11 12:00:00,0.000069,0.144907,0.39662,0
11245,2017-01-11 13:00:00,0.000034,0.144923,0.396441,0
11246,2017-01-11 14:00:00,0.000022,0.14494,0.39626,0
11247,2017-01-11 15:00:00,0.000014,0.144956,0.39608,0
11248,2017-01-11 16:00:00,0.000008,0.144972,0.395895,0
11249,2017-01-11 17:00:00,0.000004,0.14499,0.395691,0
11250,2017-01-11 18:00:00,0.000001,0.145011,0.395455,0
11251,2017-01-11 19:00:00,0,0.145031,0.395221,0
11252,2017-01-11 20:00:00,0,0.145049,0.395014,0
11253,2017-01-11 21:00:00,0,0.145058,0.394919,0
11254,2017-01-11 22:00:00,0,0.145064,0.394843,0
11255,2017-01-11 23:00:00,0,0.14507,0.394781,0
11256,2017-01-12 00:00:00,0,0.145074,0.39473,0
11257,2017-01-12 01:00:00,0,0.145078,0.394685,0
11258,2017-01-12 02:00:00,0,0.145081,0.394648,0
11259,2017-01-12 03:00:00,0,0.145084,0.394621,0
11260,2017-01-12 04:00:00,0,0.145086,0.394598,0.000045
11261,2017-01-12 05:00:00,0,0.145083,0.394632,0.00026
11262,2017-01-12 06:00:00,0,0.145057,0.394933,0.000801
11263,2017-01-12 07:00:00,0,0.144974,0.395873,0.000443
11264,2017-01-12 08:00:00,0,0.144936,0.396304,0.000177
11265,2017-01-12 09:00:00,0,0.144929,0.396375,0.000417
11266,2017-01-12 10:00:00,0,0.144897,0.396737,0.000303
11267,2017-01-12 11:00:00,0,0.14488,0.396927,0
11268,2017-01-12 12:00:00,0,0.144898,0.396727,0
11269,2017-01-12 13:00:00,0,0.144915,0.396539,0
11270,2017-01-12 14:00:00,0,0.14493,0.396367,0
11271,2017-01-12 15:00:00,0,0.144945,0.396202,0
11272,2017-01-12 16:00:00,0,0.144959,0.396037,0
11273,2017-01-12 17:00:00,0,0.144974,0.395874,0
11274,2017-01-12 18:00:00,0,0.144989,0.395706,0
11275,2017-01-12 19:00:00,0,0.145005,0.395521,0
11276,2017-01-12 20:00:00,0,0.145023,0.395322,0
11277,2017-01-12 21:00:00,0,0.145032,0.395216,0
11278,2017-01-12 22:00:00,0,0.14504,0.395125,0
11279,2017-01-12 23:00:00,0,0.145047,0.395048,0
11280,2017-01-13 00:00:00,0,0.145053,0.394976,0
11281,2017-01-13 01:00:00,0,0.145058,0.394914,0.000178
11282,2017-01-13 02:00:00,0,0.145044,0.395083,0
11283,2017-01-13 03:00:00,0,0.145049,0.395016,0
11284,2017-01-13 04:00:00,0,0.145054,0.394958,0
11285,2017-01-13 05:00:00,0,0.145059,0.394905,0
11286,2017-01-13 06:00:00,0,0.145063,0.394856,0
11287,2017-01-13 07:00:00,0,0.145067,0.394814,0
11288,2017-01-13 08:00:00,0,0.14507,0.394777,0
11289,2017-01-13 09:00:00,0,0.145073,0.39474,0
11290,2017-01-13 10:00:00,0,0.145077,0.394702,0
11291,2017-01-13 11:00:00,0,0.145081,0.394652,0
11292,2017-01-13 12:00:00,0,0.145085,0.394605,0
11293,2017-01-13 13:00:00,0,0.145089,0.394556,0
11294,2017-01-13 14:00:00,0,0.145094,0.394502,0
11295,2017-01-13 15:00:00,0,0.1451,0.394435,0
11296,2017-01-13 16:00:00,0,0.145107,0.394345,0
11297,2017-01-13 17:00:00,0,0.145117,0.394233,0
11298,2017-01-13 18:00:00,0,0.145129,0.394093,0
11299,2017-01-13 19:00:00,0,0.145141,0.393953,0
11300,2017-01-13 20:00:00,0,0.145153,0.393811,0
11301,2017-01-13 21:00:00,0,0.145161,0.39372,0
11302,2017-01-13 22:00:00,0,0.145168,0.393635,0
11303,2017-01-13 23:00:00,0,0.145175,0.393559,0
11304,2017-01-14 00:00:00,0,0.14518,0.393492,0
11305,2017-01-14 01:00:00,0,0.145185,0.393441,0
11306,2017-01-14 02:00:00,0,0.145189,0.39339,0
11307,2017-01-14 03:00:00,0,0.145192,0.393347,0
11308,2017-01-14 04:00:00,0,0.145196,0.393304,0
11309,2017-01-14 05:00:00,0,0.145196,0.393304,0
11310,2017-01-14 06:00:00,0,0.145196,0.393304,0
11311,2017-01-14 07:00:00,0,0.145196,0.393304,0
11312,2017-01-14 08:00:00,0,0.145196,0.393304,0
11313,2017-01-14 09:00:00,0,0.145196,0.393304,0
11314,2017-01-14 10:00:00,0,0.145196,0.393304,0
11315,2017-01-14 11:00:00,0,0.145196,0.393304,0
11316,2017-01-14 12:00:00,0,0.145196,0.393304,0
11317,2017-01-14 13:00:00,0,0.145196,0.393304,0
11318,2017-01-14 14:00:00,0,0.145196,0.393304,0
11319,2017-01-14 15:00:00,0,0.145196,0.393304,0
11320,2017-01-14 16:00:00,0,0.145196,0.393304,0
11321,2017-01-14 17:00:00,0,0.145196,0.393304,0
11322,2017-01-14 18:00:00,0,0.145196,0.393304,0
11323,2017-01-14 19:00:00,0,0.145196,0.393304,0
11324,2017-01-14 20:00:00,0,0.145196,0.393304,0
11325,2017-01-14 21:00:00,0,0.145196,0.393304,0
11326,2017-01-14 22:00:00,0,0.145196,0.393304,0
11327,2017-01-14 23:00:00,0,0.145196,0.393304,0
11328,2017-01-15 00:00:00,0,0.145196,0.393304,0
11329,2017-01-15 01:00:00,0,0.145196,0.393304,0
11330,2017-01-15 02:00:00,0.024654,0.145196,0.393304,0
11331,2017-01-15 03:00:00,0.012477,0.145196,0.393304,0
11332,2017-01-15 04:00:00,0.001855,0.145196,0.393304,0
11333,2017-01-15 05:00:00,0.001033,0.145196,0.393304,0
11334,2017-01-15 06:00:00,0.000947,0.145196,0.393304,0
11335,2017-01-15 07:00:00,0.000961,0.145196,0.393304,0
11336,2017-01-15 08:00:00,0.000968,0.145196,0.393304,0
11337,2017-01-15 09:00:00,0.000965,0.145196,0.393304,0
11338,2017-01-15 10:00:00,0.000867,0.145196,0.393304,0
11339,2017-01-15 11:00:00,0.00079,0.145196,0.393304,0
11340,2017-01-15 12:00:00,0.000735,0.145196,0.393304,0
11341,2017-01-15 13:00:00,0.000765,0.145196,0.393304,0
11342,2017-01-15 14:00:00,0.000772,0.145196,0.393304,0
11343,2017-01-15 15:00:00,0.001281,0.145196,0.393304,0
11344,2017-01-15 16:00:00,0.001516,0.145196,0.393304,0
11345,2017-01-15 17:00:00,0.001241,0.145196,0.393304,0
11346,2017-01-15 18:00:00,0.000772,0.145196,0.393305,0
11347,2017-01-15 19:00:00,0.000294,0.145198,0.393282,0
11348,2017-01-15 20:00:00,0.00011,0.145202,0.393236,0
11349,2017-01-15 21:00:00,0.000008,0.145203,0.393218,0
11350,2017-01-15 22:00:00,0.000005,0.145204,0.393214,0
11351,2017-01-15 23:00:00,0.000003,0.145204,0.393214,0
11352,2017-01-16 00:00:00,0.000003,0.145204,0.393214,0
11353,2017-01-16 01:00:00,0.000002,0.145204,0.393214,0
11354,2017-01-16 02:00:00,0.000002,0.145204,0.393214,0
11355,2017-01-16 03:00:00,0.000002,0.145204,0.393214,0
11356,2017-01-16 04:00:00,0.000002,0.145204,0.393214,0
11357,2017-01-16 05:00:00,0.000002,0.145204,0.393214,0
11358,2017-01-16 06:00:00,0.000002,0.145204,0.393214,0
11359,2017-01-16 07:00:00,0.000002,0.145204,0.393214,0
11360,2017-01-16 08:00:00,0.000001,0.145204,0.393214,0
11361,2017-01-16 09:00:00,0.000001,0.145204,0.393214,0
11362,2017-01-16 10:00:00,0.000002,0.145204,0.393214,0
11363,2017-01-16 11:00:00,0.000002,0.145204,0.393214,0
11364,2017-01-16 12:00:00,0.000003,0.145204,0.393214,0
11365,2017-01-16 13:00:00,0.000003,0.145204,0.393214,0
11366,2017-01-16 14:00:00,0.000003,0.145204,0.393214,0
11367,2017-01-16 15:00:00,0.000003,0.145204,0.393214,0
11368,2017-01-16 16:00:00,0.000006,0.145204,0.393214,0
11369,2017-01-16 17:00:00,0.000006,0.145204,0.393214,0
11370,2017-01-16 18:00:00,0.000005,0.145204,0.393214,0
11371,2017-01-16 19:00:00,0.000002,0.145204,0.39321,0
11372,2017-01-16 20:00:00,0,0.145205,0.393204,0
11373,2017-01-16 21:00:00,0,0.145205,0.393199,0
11374,2017-01-16 22:00:00,0,0.145205,0.393195,0
11375,2017-01-16 23:00:00,0,0.145206,0.393191,0
11376,2017-01-17 00:00:00,0,0.145206,0.393187,0
11377,2017-01-17 01:00:00,0,0.145206,0.393184,0
11378,2017-01-17 02:00:00,0,0.145206,0.393184,0
11379,2017-01-17 03:00:00,0,0.145206,0.393184,0
11380,2017-01-17 04:00:00,0,0.145206,0.393184,0
11381,2017-01-17 05:00:00,0,0.145206,0.393184,0
11382,2017-01-17 06:00:00,0,0.145206,0.393184,0
11383,2017-01-17 07:00:00,0,0.145206,0.393184,0
11384,2017-01-17 08:00:00,0,0.145206,0.393184,0
11385,2017-01-17 09:00:00,0,0.145206,0.393184,0
11386,2017-01-17 10:00:00,0,0.145206,0.393184,0
11387,2017-01-17 11:00:00,0,0.145206,0.393184,0
11388,2017-01-17 12:00:00,0,0.145206,0.393184,0
11389,2017-01-17 13:00:00,0,0.145206,0.393184,0
11390,2017-01-17 14:00:00,0,0.145206,0.393184,0
11391,2017-01-17 15:00:00,0,0.145206,0.393184,0
11392,2017-01-17 16:00:00,0,0.145207,0.39318,0
11393,2017-01-17 17:00:00,0,0.145207,0.39317,0
11394,2017-01-17 18:00:00,0,0.145209,0.393147,0
11395,2017-01-17 19:00:00,0,0.145214,0.393094,0
11396,2017-01-17 20:00:00,0,0.145224,0.392973,0
11397,2017-01-17 21:00:00,0,0.145227,0.392933,0
11398,2017-01-17 22:00:00,0.057895,0.14523,0.392899,0
11399,2017-01-17 23:00:00,0.239475,0.145232,0.392873,0
11400,2017-01-18 00:00:00,0.907801,0.145232,0.392878,0
11401,2017-01-18 01:00:00,1.36332,0.145225,0.392961,0
11402,2017-01-18 02:00:00,1.052423,0.145196,0.393302,0.000225
11403,2017-01-18 03:00:00,0.729708,0.145153,0.393812,0.000031
11404,2017-01-18 04:00:00,0.325602,0.145132,0.394053,0.000054
11405,2017-01-18 05:00:00,0.12211,0.145108,0.394339,0.000069
11406,2017-01-18 06:00:00,0.095745,0.14509,0.394546,0.000027
11407,2017-01-18 07:00:00,0.078463,0.145084,0.394613,0.000243
11408,2017-01-18 08:00:00,0.064577,0.145057,0.394932,0.000306
11409,2017-01-18 09:00:00,0.052595,0.145025,0.395296,0.000072
11410,2017-01-18 10:00:00,0.042547,0.145022,0.395333,0.000083
11411,2017-01-18 11:00:00,0.034079,0.145018,0.395378,0
11412,2017-01-18 12:00:00,0.0272,0.145024,0.395311,0.000112
11413,2017-01-18 13:00:00,0.021379,0.145017,0.395386,0
11414,2017-01-18 14:00:00,0.017544,0.145024,0.39531,0
11415,2017-01-18 15:00:00,0.014125,0.14503,0.395236,0
11416,2017-01-18 16:00:00,0.011395,0.145037,0.395162,0
11417,2017-01-18 17:00:00,0.008533,0.145043,0.395088,0
11418,2017-01-18 18:00:00,0.006121,0.14505,0.395014,0
11419,2017-01-18 19:00:00,0.003921,0.145056,0.394938,0
11420,2017-01-18 20:00:00,0.003005,0.145065,0.394832,0
11421,2017-01-18 21:00:00,0.000519,0.145069,0.394786,0
11422,2017-01-18 22:00:00,0.00039,0.145073,0.394747,0
11423,2017-01-18 23:00:00,0.000298,0.145076,0.394712,0
11424,2017-01-19 00:00:00,0.000236,0.145078,0.394682,0
11425,2017-01-19 01:00:00,0.000181,0.145081,0.394654,0
11426,2017-01-19 02:00:00,0.000139,0.145083,0.394629,0
11427,2017-01-19 03:00:00,0.000112,0.145085,0.394607,0
11428,2017-01-19 04:00:00,0.00009,0.145087,0.394587,0
11429,2017-01-19 05:00:00,0.000072,0.145088,0.39457,0
11430,2017-01-19 06:00:00,0.000059,0.145089,0.394555,0
11431,2017-01-19 07:00:00,0.000044,0.14509,0.394542,0
11432,2017-01-19 08:00:00,0.000038,0.145092,0.394528,0
11433,2017-01-19 09:00:00,0.000036,0.145093,0.394517,0
11434,2017-01-19 10:00:00,0.000029,0.145094,0.394506,0
11435,2017-01-19 11:00:00,0.000026,0.145094,0.394497,0
11436,2017-01-19 12:00:00,0.000023,0.145095,0.394488,0
11437,2017-01-19 13:00:00,0.000023,0.145096,0.394481,0
11438,2017-01-19 14:00:00,0.000031,0.145097,0.39447,0
11439,2017-01-19 15:00:00,0.000035,0.145098,0.394452,0
11440,2017-01-19 16:00:00,0.000035,0.145102,0.394412,0
11441,2017-01-19 17:00:00,0.000024,0.145108,0.394339,0
11442,2017-01-19 18:00:00,0.000013,0.145118,0.394223,0
11443,2017-01-19 19:00:00,0.000005,0.14513,0.394085,0
11444,2017-01-19 20:00:00,0.000001,0.145141,0.393951,0
11445,2017-01-19 21:00:00,0,0.145144,0.393916,0
11446,2017-01-19 22:00:00,0,0.145146,0.393895,0
11447,2017-01-19 23:00:00,0,0.145147,0.393877,0
11448,2017-01-20 00:00:00,0,0.145149,0.39386,0
11449,2017-01-20 01:00:00,0,0.14515,0.393844,0
11450,2017-01-20 02:00:00,0,0.145151,0.393833,0
11451,2017-01-20 03:00:00,0,0.145152,0.393825,0
11452,2017-01-20 04:00:00,0,0.145152,0.39382,0
11453,2017-01-20 05:00:00,0,0.145153,0.393815,0
11454,2017-01-20 06:00:00,0,0.145153,0.393809,0
11455,2017-01-20 07:00:00,0.00024,0.145154,0.393804,0
11456,2017-01-20 08:00:00,0.000256,0.145154,0.393797,0
11457,2017-01-20 09:00:00,0.000263,0.145155,0.393793,0
11458,2017-01-20 10:00:00,0.009855,0.145155,0.393792,0
11459,2017-01-20 11:00:00,0.017725,0.145155,0.393792,0
11460,2017-01-20 12:00:00,0.023293,0.145155,0.393792,0
11461,2017-01-20 13:00:00,0.000212,0.145155,0.393792,0
11462,2017-01-20 14:00:00,0.001417,0.145154,0.393801,0
11463,2017-01-20 15:00:00,0.002938,0.145154,0.393801,0
11464,2017-01-20 16:00:00,0.00367,0.145157,0.393761,0
11465,2017-01-20 17:00:00,0.003105,0.145164,0.393683,0
11466,2017-01-20 18:00:00,0.00196,0.145175,0.393556,0
11467,2017-01-20 19:00:00,0.000763,0.145187,0.393412,0
11468,2017-01-20 20:00:00,0.000271,0.145198,0.393276,0
11469,2017-01-20 21:00:00,0.000027,0.145201,0.393251,0
11470,2017-01-20 22:00:00,0.000026,0.145202,0.393237,0
11471,2017-01-20 23:00:00,0.000027,0.145203,0.393219,0
11472,2017-01-21 00:00:00,0.000023,0.145205,0.3932,0
11473,2017-01-21 01:00:00,0.00002,0.145206,0.393184,0
11474,2017-01-21 02:00:00,0.000016,0.145207,0.393173,0
11475,2017-01-21 03:00:00,0.000013,0.145208,0.393165,0
11476,2017-01-21 04:00:00,0.000012,0.145209,0.393157,0
11477,2017-01-21 05:00:00,0.00001,0.145209,0.393152,0
11478,2017-01-21 06:00:00,0.000008,0.145209,0.393148,0
11479,2017-01-21 07:00:00,0.000007,0.14521,0.393144,0
11480,2017-01-21 08:00:00,0.000006,0.14521,0.393141,0
11481,2017-01-21 09:00:00,0.000005,0.14521,0.393138,0
11482,2017-01-21 10:00:00,0.000005,0.14521,0.393136,0
11483,2017-01-21 11:00:00,0.000004,0.14521,0.393135,0
11484,2017-01-21 12:00:00,0.000004,0.145211,0.393133,0
11485,2017-01-21 13:00:00,0.000003,0.145211,0.393132,0
11486,2017-01-21 14:00:00,0.000003,0.145211,0.393127,0
11487,2017-01-21 15:00:00,0.000003,0.145212,0.393115,0
11488,2017-01-21 16:00:00,0.000002,0.145214,0.393093,0
11489,2017-01-21 17:00:00,0.000001,0.145217,0.393059,0
11490,2017-01-21 18:00:00,0,0.145221,0.393008,0
11491,2017-01-21 19:00:00,0,0.14523,0.392897,0
11492,2017-01-21 20:00:00,0,0.145241,0.392771,0
11493,2017-01-21 21:00:00,0,0.145243,0.392744,0
11494,2017-01-21 22:00:00,0,0.145244,0.392733,0
11495,2017-01-21 23:00:00,0,0.145245,0.392718,0
11496,2017-01-22 00:00:00,0,0.145246,0.392705,0
11497,2017-01-22 01:00:00,0,0.145247,0.392696,0
11498,2017-01-22 02:00:00,0,0.145248,0.392684,0
11499,2017-01-22 03:00:00,0,0.145249,0.392676,0
11500,2017-01-22 04:00:00,0,0.14525,0.392665,0
11501,2017-01-22 05:00:00,0,0.14525,0.392661,0
11502,2017-01-22 06:00:00,0,0.14525,0.392658,0
11503,2017-01-22 07:00:00,0,0.14525,0.392657,0
11504,2017-01-22 08:00:00,0,0.145251,0.392653,0
11505,2017-01-22 09:00:00,0,0.145251,0.392653,0
11506,2017-01-22 10:00:00,0,0.145251,0.392653,0
11507,2017-01-22 11:00:00,0,0.145251,0.392655,0
11508,2017-01-22 12:00:00,0,0.14525,0.392657,0
11509,2017-01-22 13:00:00,0,0.14525,0.392658,0
11510,2017-01-22 14:00:00,0,0.145251,0.392655,0
11511,2017-01-22 15:00:00,0,0.145252,0.392643,0
11512,2017-01-22 16:00:00,0,0.145254,0.392619,0
11513,2017-01-22 17:00:00,0,0.145257,0.392574,0
11514,2017-01-22 18:00:00,0,0.145263,0.392501,0
11515,2017-01-22 19:00:00,0,0.145273,0.392386,0
11516,2017-01-22 20:00:00,0,0.145284,0.392254,0
11517,2017-01-22 21:00:00,0,0.145287,0.392212,0
11518,2017-01-22 22:00:00,0,0.14529,0.392177,0
11519,2017-01-22 23:00:00,0,0.145293,0.39215,0
11520,2017-01-23 00:00:00,0,0.145294,0.392127,0
11521,2017-01-23 01:00:00,0,0.145296,0.392106,0
11522,2017-01-23 02:00:00,0,0.145298,0.392089,0
11523,2017-01-23 03:00:00,0,0.145299,0.392072,0
11524,2017-01-23 04:00:00,0,0.1453,0.392058,0
11525,2017-01-23 05:00:00,0,0.145302,0.392041,0
11526,2017-01-23 06:00:00,0,0.145303,0.392025,0
11527,2017-01-23 07:00:00,0,0.145304,0.392009,0
11528,2017-01-23 08:00:00,0,0.145306,0.391992,0
11529,2017-01-23 09:00:00,0,0.145307,0.391973,0
11530,2017-01-23 10:00:00,0,0.145309,0.391956,0
11531,2017-01-23 11:00:00,0,0.14531,0.391933,0
11532,2017-01-23 12:00:00,0,0.145312,0.39191,0
11533,2017-01-23 13:00:00,0,0.145314,0.391889,0
11534,2017-01-23 14:00:00,0,0.145316,0.391867,0
11535,2017-01-23 15:00:00,0,0.145318,0.391842,0
11536,2017-01-23 16:00:00,0,0.145321,0.391807,0
11537,2017-01-23 17:00:00,0,0.145325,0.391757,0
11538,2017-01-23 18:00:00,0,0.14533,0.391697,0
11539,2017-01-23 19:00:00,0,0.145336,0.391623,0
11540,2017-01-23 20:00:00,0,0.145342,0.391545,0
11541,2017-01-23 21:00:00,0,0.145345,0.391516,0
11542,2017-01-23 22:00:00,0,0.145347,0.391489,0
11543,2017-01-23 23:00:00,0,0.145349,0.391467,0
11544,2017-01-24 00:00:00,0,0.14535,0.391447,0
11545,2017-01-24 01:00:00,0,0.145352,0.391429,0.000091
11546,2017-01-24 02:00:00,1.133251,0.145342,0.391545,0
11547,2017-01-24 03:00:00,0.322784,0.145343,0.391534,0.000915
11548,2017-01-24 04:00:00,0.202241,0.145206,0.393191,0.000642
11549,2017-01-24 05:00:00,0.118038,0.145122,0.394178,0.000831
11550,2017-01-24 06:00:00,1.274867,0.145026,0.395285,0
11551,2017-01-24 07:00:00,0.621538,0.145029,0.395247,0.000759
11552,2017-01-24 08:00:00,0.268522,0.144922,0.396455,0.000654
11553,2017-01-24 09:00:00,0.13138,0.144848,0.397282,0.000518
11554,2017-01-24 10:00:00,0.07534,0.144803,0.39777,0.000606
11555,2017-01-24 11:00:00,0.043968,0.144757,0.398274,0.000087
11556,2017-01-24 12:00:00,0.02619,0.144774,0.398087,0.000411
11557,2017-01-24 13:00:00,0.017756,0.144754,0.398302,0.000098
11558,2017-01-24 14:00:00,0.012423,0.144772,0.398107,0
11559,2017-01-24 15:00:00,0.008615,0.1448,0.3978,0
11560,2017-01-24 16:00:00,0.005741,0.144827,0.397514,0
11561,2017-01-24 17:00:00,0.003813,0.144851,0.397244,0
11562,2017-01-24 18:00:00,0.00245,0.144874,0.39699,0.000063
11563,2017-01-24 19:00:00,0.001574,0.144889,0.396825,0.000202
11564,2017-01-24 20:00:00,0.001038,0.144889,0.396821,0.000312
11565,2017-01-24 21:00:00,0.000176,0.144874,0.396996,0.000152
11566,2017-01-24 22:00:00,0.000161,0.144877,0.396963,0
11567,2017-01-24 23:00:00,0.000119,0.144896,0.396745,0.000017
11568,2017-01-25 00:00:00,0.00009,0.144912,0.396567,0.000028
11569,2017-01-25 01:00:00,0.000065,0.144926,0.396418,0.000152
11570,2017-01-25 02:00:00,0.00005,0.144924,0.396434,0.000261
11571,2017-01-25 03:00:00,0.000039,0.144911,0.396583,0.000028
11572,2017-01-25 04:00:00,0.000027,0.144924,0.396432,0.000042
11573,2017-01-25 05:00:00,0.000019,0.144935,0.396312,0.000661
11574,2017-01-25 06:00:00,0.000014,0.144877,0.396964,0.000416
11575,2017-01-25 07:00:00,0.00001,0.144849,0.397263,0.000041
11576,2017-01-25 08:00:00,0.000007,0.144867,0.397074,0.00002
11577,2017-01-25 09:00:00,0.000005,0.144885,0.39687,0
11578,2017-01-25 10:00:00,0.000003,0.144904,0.396654,0
11579,2017-01-25 11:00:00,0.000002,0.144922,0.396454,0
11580,2017-01-25 12:00:00,0.000002,0.144939,0.39627,0
11581,2017-01-25 13:00:00,0.000158,0.144954,0.396099,0
11582,2017-01-25 14:00:00,0.000158,0.144968,0.395936,0
11583,2017-01-25 15:00:00,0.000141,0.144983,0.395777,0
11584,2017-01-25 16:00:00,0.000105,0.144997,0.395615,0
11585,2017-01-25 17:00:00,0.000059,0.145011,0.39545,0
11586,2017-01-25 18:00:00,0.000026,0.145027,0.395271,0
11587,2017-01-25 19:00:00,0.000007,0.145041,0.395108,0
11588,2017-01-25 20:00:00,0.000002,0.145054,0.39496,0
11589,2017-01-25 21:00:00,0,0.145061,0.39488,0
11590,2017-01-25 22:00:00,0,0.145067,0.39481,0
11591,2017-01-25 23:00:00,0,0.145072,0.394752,0
11592,2017-01-26 00:00:00,0,0.145077,0.3947,0
11593,2017-01-26 01:00:00,0.000001,0.14508,0.394659,0
11594,2017-01-26 02:00:00,0.000042,0.145083,0.394624,0
11595,2017-01-26 03:00:00,0.000093,0.145086,0.394598,0
11596,2017-01-26 04:00:00,0.05799,0.145088,0.394572,0
11597,2017-01-26 05:00:00,0.066255,0.14509,0.394549,0
11598,2017-01-26 06:00:00,0.012813,0.14509,0.394552,0
11599,2017-01-26 07:00:00,0.01117,0.145089,0.394557,0
11600,2017-01-26 08:00:00,0.009587,0.14509,0.394544,0
11601,2017-01-26 09:00:00,0.008125,0.145091,0.394531,0
11602,2017-01-26 10:00:00,0.006275,0.145092,0.394519,0
11603,2017-01-26 11:00:00,0.004927,0.145094,0.394506,0
11604,2017-01-26 12:00:00,0.00397,0.145094,0.394496,0
11605,2017-01-26 13:00:00,0.003514,0.145095,0.394486,0
11606,2017-01-26 14:00:00,0.003052,0.145096,0.394475,0
11607,2017-01-26 15:00:00,0.002721,0.145097,0.394461,0
11608,2017-01-26 16:00:00,0.002246,0.145099,0.394443,0.000081
11609,2017-01-26 17:00:00,0.001775,0.145092,0.394523,0.000083
11610,2017-01-26 18:00:00,0.001232,0.145085,0.394601,0.000028
11611,2017-01-26 19:00:00,0.001077,0.145086,0.394588,0
11612,2017-01-26 20:00:00,0.000759,0.145093,0.394507,0
11613,2017-01-26 21:00:00,0.00017,0.145096,0.39448,0.000065
11614,2017-01-26 22:00:00,0.000098,0.14509,0.394544,0
11615,2017-01-26 23:00:00,0.000063,0.145094,0.394503,0
11616,2017-01-27 00:00:00,0.000041,0.145098,0.394453,0
11617,2017-01-27 01:00:00,0.000025,0.145102,0.394412,0
11618,2017-01-27 02:00:00,0.000016,0.145105,0.394368,0
11619,2017-01-27 03:00:00,0.000011,0.145109,0.394325,0
11620,2017-01-27 04:00:00,0.000006,0.145113,0.394285,0
11621,2017-01-27 05:00:00,0.000004,0.145116,0.394251,0
11622,2017-01-27 06:00:00,0.000003,0.145119,0.394214,0
11623,2017-01-27 07:00:00,0.000002,0.145122,0.394175,0
11624,2017-01-27 08:00:00,0.000001,0.145125,0.394138,0
11625,2017-01-27 09:00:00,0,0.145128,0.394105,0
11626,2017-01-27 10:00:00,0,0.145131,0.394072,0
11627,2017-01-27 11:00:00,0,0.145134,0.394036,0
11628,2017-01-27 12:00:00,0,0.145137,0.393996,0
11629,2017-01-27 13:00:00,0,0.145141,0.393954,0
11630,2017-01-27 14:00:00,0,0.145145,0.39391,0
11631,2017-01-27 15:00:00,0,0.145149,0.393855,0
11632,2017-01-27 16:00:00,0,0.145155,0.393784,0
11633,2017-01-27 17:00:00,0,0.145162,0.393705,0
11634,2017-01-27 18:00:00,0,0.14517,0.393608,0
11635,2017-01-27 19:00:00,0,0.145181,0.393486,0
11636,2017-01-27 20:00:00,0,0.145192,0.393358,0
11637,2017-01-27 21:00:00,0,0.145198,0.393282,0
11638,2017-01-27 22:00:00,0,0.145204,0.393209,0
11639,2017-01-27 23:00:00,0,0.14521,0.393142,0
11640,2017-01-28 00:00:00,0,0.145216,0.393074,0
11641,2017-01-28 01:00:00,0,0.145221,0.393009,0
11642,2017-01-28 02:00:00,0,0.145226,0.392945,0
11643,2017-01-28 03:00:00,0,0.145231,0.392886,0
11644,2017-01-28 04:00:00,0,0.145236,0.392835,0
11645,2017-01-28 05:00:00,0,0.145239,0.392788,0
11646,2017-01-28 06:00:00,0,0.145243,0.392745,0
11647,2017-01-28 07:00:00,0,0.145246,0.392707,0
11648,2017-01-28 08:00:00,0,0.145249,0.392673,0
11649,2017-01-28 09:00:00,0,0.145252,0.392639,0
11650,2017-01-28 10:00:00,0,0.145255,0.392604,0
11651,2017-01-28 11:00:00,0,0.145255,0.392604,0
11652,2017-01-28 12:00:00,0,0.145255,0.392604,0
11653,2017-01-28 13:00:00,0,0.145255,0.392604,0
11654,2017-01-28 14:00:00,0,0.145255,0.392604,0
11655,2017-01-28 15:00:00,0,0.145255,0.392604,0
11656,2017-01-28 16:00:00,0,0.145259,0.392549,0
11657,2017-01-28 17:00:00,0,0.145265,0.392476,0
11658,2017-01-28 18:00:00,0,0.145273,0.39239,0
11659,2017-01-28 19:00:00,0,0.145281,0.392286,0
11660,2017-01-28 20:00:00,0,0.145291,0.392168,0
11661,2017-01-28 21:00:00,0,0.145296,0.392102,0
11662,2017-01-28 22:00:00,0,0.145301,0.392044,0
11663,2017-01-28 23:00:00,0,0.145306,0.391993,0
11664,2017-01-29 00:00:00,0,0.145309,0.391946,0
11665,2017-01-29 01:00:00,0,0.145313,0.391902,0
11666,2017-01-29 02:00:00,0,0.145316,0.391865,0
11667,2017-01-29 03:00:00,0,0.145319,0.391829,0
11668,2017-01-29 04:00:00,0,0.145322,0.391797,0
11669,2017-01-29 05:00:00,0,0.145322,0.391797,0
11670,2017-01-29 06:00:00,0,0.145322,0.391797,0
11671,2017-01-29 07:00:00,0,0.145322,0.391797,0
11672,2017-01-29 08:00:00,0,0.145322,0.391797,0
11673,2017-01-29 09:00:00,0,0.145322,0.391797,0
11674,2017-01-29 10:00:00,0,0.145322,0.391797,0
11675,2017-01-29 11:00:00,0,0.145322,0.391797,0
11676,2017-01-29 12:00:00,0,0.145322,0.391797,0
11677,2017-01-29 13:00:00,0,0.145322,0.391797,0
11678,2017-01-29 14:00:00,0,0.145322,0.391797,0
11679,2017-01-29 15:00:00,0,0.145322,0.391797,0
11680,2017-01-29 16:00:00,0,0.145324,0.391769,0
11681,2017-01-29 17:00:00,0,0.145328,0.391718,0
11682,2017-01-29 18:00:00,0,0.145335,0.391628,0
11683,2017-01-29 19:00:00,0,0.145345,0.391515,0
11684,2017-01-29 20:00:00,0,0.145355,0.391394,0
11685,2017-01-29 21:00:00,0,0.14536,0.391331,0
11686,2017-01-29 22:00:00,0,0.145365,0.391268,0
11687,2017-01-29 23:00:00,0,0.145369,0.391216,0
11688,2017-01-30 00:00:00,0,0.145373,0.391168,0
11689,2017-01-30 01:00:00,0,0.145376,0.391134,0
11690,2017-01-30 02:00:00,0,0.145378,0.391104,0
11691,2017-01-30 03:00:00,0,0.14538,0.391079,0
11692,2017-01-30 04:00:00,0,0.14538,0.391079,0
11693,2017-01-30 05:00:00,0,0.14538,0.391079,0
11694,2017-01-30 06:00:00,0,0.14538,0.391079,0
11695,2017-01-30 07:00:00,0,0.14538,0.391079,0
11696,2017-01-30 08:00:00,0,0.14538,0.391079,0
11697,2017-01-30 09:00:00,0,0.14538,0.391079,0
11698,2017-01-30 10:00:00,0,0.14538,0.391079,0
11699,2017-01-30 11:00:00,0,0.14538,0.391079,0
11700,2017-01-30 12:00:00,0,0.14538,0.391079,0
11701,2017-01-30 13:00:00,0,0.14538,0.391079,0
11702,2017-01-30 14:00:00,0,0.14538,0.391079,0
11703,2017-01-30 15:00:00,0,0.14538,0.391079,0
11704,2017-01-30 16:00:00,0,0.14538,0.391079,0
11705,2017-01-30 17:00:00,0,0.14538,0.391079,0
11706,2017-01-30 18:00:00,0,0.14538,0.391079,0
11707,2017-01-30 19:00:00,0,0.14538,0.391079,0
11708,2017-01-30 20:00:00,0,0.145385,0.391024,0
11709,2017-01-30 21:00:00,0,0.145388,0.390986,0
11710,2017-01-30 22:00:00,0,0.145388,0.390986,0
11711,2017-01-30 23:00:00,0,0.145388,0.390986,0
11712,2017-01-31 00:00:00,0,0.145388,0.390986,0
11713,2017-01-31 01:00:00,0,0.145388,0.390986,0
11714,2017-01-31 02:00:00,0,0.145388,0.390986,0
11715,2017-01-31 03:00:00,0,0.145388,0.390986,0
11716,2017-01-31 04:00:00,0,0.145388,0.390986,0
11717,2017-01-31 05:00:00,0,0.145388,0.390986,0
11718,2017-01-31 06:00:00,0,0.145388,0.390986,0
11719,2017-01-31 07:00:00,0,0.145388,0.390986,0
11720,2017-01-31 08:00:00,0,0.145388,0.390986,0
11721,2017-01-31 09:00:00,0,0.145388,0.390986,0
11722,2017-01-31 10:00:00,0,0.145388,0.390986,0
11723,2017-01-31 11:00:00,0,0.145388,0.390986,0
11724,2017-01-31 12:00:00,0,0.145388,0.390986,0
11725,2017-01-31 13:00:00,0,0.145388,0.390986,0
11726,2017-01-31 14:00:00,0,0.145388,0.390986,0
11727,2017-01-31 15:00:00,0,0.145388,0.390986,0
11728,2017-01-31 16:00:00,0,0.145388,0.390986,0
11729,2017-01-31 17:00:00,0.26809,0.145388,0.390986,0
11730,2017-01-31 18:00:00,0.287786,0.145388,0.390986,0
11731,2017-01-31 19:00:00,0.449502,0.14538,0.391077,0
11732,2017-01-31 20:00:00,1.012908,0.145371,0.391188,0
11733,2017-01-31 21:00:00,1.451821,0.145371,0.391188,0
11734,2017-01-31 22:00:00,1.748769,0.145371,0.391188,0
11735,2017-01-31 23:00:00,1.953042,0.145371,0.391188,0
11736,2017-02-01 00:00:00,2.210346,0.145371,0.391188,0
11737,2017-02-01 01:00:00,2.402257,0.145371,0.391188,0
11738,2017-02-01 02:00:00,2.460599,0.145371,0.391188,0
11739,2017-02-01 03:00:00,2.499927,0.145371,0.391188,0
11740,2017-02-01 04:00:00,2.5264,0.145371,0.391188,0
11741,2017-02-01 05:00:00,2.552387,0.145371,0.391188,0
11742,2017-02-01 06:00:00,2.588613,0.145371,0.391188,0
11743,2017-02-01 07:00:00,2.624143,0.145371,0.391188,0
11744,2017-02-01 08:00:00,2.659527,0.145371,0.391188,0
11745,2017-02-01 09:00:00,2.985206,0.145371,0.391188,0
11746,2017-02-01 10:00:00,3.055561,0.145371,0.391188,0
11747,2017-02-01 11:00:00,3.132795,0.145371,0.391188,0
11748,2017-02-01 12:00:00,3.217322,0.145371,0.391188,0
11749,2017-02-01 13:00:00,3.306649,0.145371,0.391188,0
11750,2017-02-01 14:00:00,3.4035,0.145371,0.391188,0
11751,2017-02-01 15:00:00,3.504601,0.145371,0.391188,0
11752,2017-02-01 16:00:00,3.573891,0.145371,0.391188,0
11753,2017-02-01 17:00:00,3.588793,0.145371,0.391188,0
11754,2017-02-01 18:00:00,3.551891,0.145371,0.391188,0
11755,2017-02-01 19:00:00,3.462212,0.145371,0.391188,0
11756,2017-02-01 20:00:00,3.398892,0.145371,0.391188,0
11757,2017-02-01 21:00:00,3.330618,0.145371,0.391188,0
11758,2017-02-01 22:00:00,3.26888,0.145371,0.391188,0
11759,2017-02-01 23:00:00,3.220121,0.145371,0.391188,0
11760,2017-02-02 00:00:00,3.182918,0.145371,0.391188,0
11761,2017-02-02 01:00:00,3.153871,0.145371,0.391188,0
11762,2017-02-02 02:00:00,3.133168,0.145371,0.391188,0
11763,2017-02-02 03:00:00,3.115964,0.145371,0.391188,0
11764,2017-02-02 04:00:00,3.105881,0.145371,0.391188,0
11765,2017-02-02 05:00:00,3.099427,0.145371,0.391188,0
11766,2017-02-02 06:00:00,3.093817,0.145371,0.391188,0
11767,2017-02-02 07:00:00,3.087456,0.145371,0.391188,0
11768,2017-02-02 08:00:00,3.081541,0.145371,0.391188,0
11769,2017-02-02 09:00:00,3.080351,0.145371,0.391188,0
11770,2017-02-02 10:00:00,3.083984,0.145371,0.391188,0
11771,2017-02-02 11:00:00,3.087866,0.145371,0.391188,0
11772,2017-02-02 12:00:00,3.08584,0.145371,0.391188,0
11773,2017-02-02 13:00:00,3.081695,0.145371,0.391188,0
11774,2017-02-02 14:00:00,3.070745,0.145371,0.391188,0
11775,2017-02-02 15:00:00,3.167324,0.145371,0.391188,0
11776,2017-02-02 16:00:00,3.418139,0.145371,0.391188,0
11777,2017-02-02 17:00:00,3.442562,0.145371,0.391188,0
11778,2017-02-02 18:00:00,3.415591,0.145371,0.391188,0
11779,2017-02-02 19:00:00,3.368809,0.145371,0.391188,0
11780,2017-02-02 20:00:00,3.335478,0.145371,0.391188,0
11781,2017-02-02 21:00:00,3.27971,0.145371,0.391188,0
11782,2017-02-02 22:00:00,3.228194,0.145371,0.391188,0
11783,2017-02-02 23:00:00,3.183139,0.145371,0.391188,0
11784,2017-02-03 00:00:00,3.142503,0.145371,0.391188,0
11785,2017-02-03 01:00:00,3.104829,0.145371,0.391188,0
11786,2017-02-03 02:00:00,3.068774,0.145371,0.391188,0
11787,2017-02-03 03:00:00,3.038388,0.145371,0.391188,0
11788,2017-02-03 04:00:00,3.009062,0.145371,0.391188,0
11789,2017-02-03 05:00:00,2.982851,0.145371,0.391188,0
11790,2017-02-03 06:00:00,2.962938,0.145371,0.391188,0
11791,2017-02-03 07:00:00,2.945232,0.145371,0.391188,0
11792,2017-02-03 08:00:00,2.926784,0.145371,0.391188,0
11793,2017-02-03 09:00:00,2.909201,0.145371,0.391188,0
11794,2017-02-03 10:00:00,2.897011,0.145371,0.391188,0
11795,2017-02-03 11:00:00,2.886395,0.145371,0.391188,0
11796,2017-02-03 12:00:00,2.879689,0.145371,0.391188,0
11797,2017-02-03 13:00:00,2.866606,0.145371,0.391188,0
11798,2017-02-03 14:00:00,2.8387,0.145371,0.391188,0
11799,2017-02-03 15:00:00,2.790956,0.145371,0.391188,0
11800,2017-02-03 16:00:00,2.72579,0.145371,0.391188,0
11801,2017-02-03 17:00:00,2.642108,0.145371,0.391188,0
11802,2017-02-03 18:00:00,2.474423,0.145371,0.391188,0
11803,2017-02-03 19:00:00,1.856823,0.145369,0.391216,0
11804,2017-02-03 20:00:00,1.800093,0.145352,0.39142,0
11805,2017-02-03 21:00:00,1.743961,0.145352,0.39142,0
11806,2017-02-03 22:00:00,1.689145,0.145352,0.39142,0
11807,2017-02-03 23:00:00,1.638654,0.145352,0.39142,0
11808,2017-02-04 00:00:00,1.592972,0.145352,0.39142,0
11809,2017-02-04 01:00:00,1.546615,0.145352,0.39142,0
11810,2017-02-04 02:00:00,1.495346,0.145352,0.39142,0
11811,2017-02-04 03:00:00,1.446757,0.145352,0.39142,0
11812,2017-02-04 04:00:00,1.402377,0.145352,0.39142,0
11813,2017-02-04 05:00:00,1.358261,0.145352,0.39142,0
11814,2017-02-04 06:00:00,1.319827,0.145352,0.39142,0
11815,2017-02-04 07:00:00,1.28404,0.145352,0.39142,0
11816,2017-02-04 08:00:00,1.25243,0.145352,0.39142,0
11817,2017-02-04 09:00:00,1.224367,0.145352,0.39142,0
11818,2017-02-04 10:00:00,1.199298,0.145352,0.39142,0
11819,2017-02-04 11:00:00,1.17901,0.145352,0.39142,0
11820,2017-02-04 12:00:00,1.16042,0.145352,0.39142,0
11821,2017-02-04 13:00:00,1.141027,0.145352,0.39142,0
11822,2017-02-04 14:00:00,1.112476,0.145352,0.39142,0
11823,2017-02-04 15:00:00,1.070192,0.145352,0.39142,0
11824,2017-02-04 16:00:00,1.016468,0.145352,0.39142,0
11825,2017-02-04 17:00:00,0.949107,0.145352,0.39142,0
11826,2017-02-04 18:00:00,0.772264,0.145352,0.39142,0
11827,2017-02-04 19:00:00,0.18694,0.145349,0.391456,0
11828,2017-02-04 20:00:00,0.16511,0.145334,0.39165,0
11829,2017-02-04 21:00:00,0.145768,0.145334,0.39165,0
11830,2017-02-04 22:00:00,0.129855,0.145334,0.39165,0
11831,2017-02-04 23:00:00,0.116435,0.145334,0.39165,0
11832,2017-02-05 00:00:00,0.107483,0.145334,0.39165,0
11833,2017-02-05 01:00:00,0.100014,0.145334,0.39165,0
11834,2017-02-05 02:00:00,0.0937,0.145334,0.39165,0
11835,2017-02-05 03:00:00,0.087802,0.145334,0.39165,0
11836,2017-02-05 04:00:00,0.082209,0.145334,0.39165,0
11837,2017-02-05 05:00:00,0.077345,0.145334,0.39165,0
11838,2017-02-05 06:00:00,0.072889,0.145334,0.39165,0
11839,2017-02-05 07:00:00,0.068967,0.145334,0.39165,0
11840,2017-02-05 08:00:00,0.065092,0.145334,0.39165,0
11841,2017-02-05 09:00:00,0.061285,0.145334,0.39165,0
11842,2017-02-05 10:00:00,0.057902,0.145334,0.39165,0
11843,2017-02-05 11:00:00,0.054815,0.145334,0.39165,0
11844,2017-02-05 12:00:00,0.052274,0.145334,0.39165,0
11845,2017-02-05 13:00:00,0.049839,0.145334,0.39165,0
11846,2017-02-05 14:00:00,0.046143,0.145334,0.39165,0
11847,2017-02-05 15:00:00,0.023589,0.145334,0.39165,0
11848,2017-02-05 16:00:00,0,0.145333,0.391657,0
11849,2017-02-05 17:00:00,0,0.145332,0.391666,0
11850,2017-02-05 18:00:00,0,0.145332,0.391666,0
11851,2017-02-05 19:00:00,0,0.145332,0.391665,0
11852,2017-02-05 20:00:00,0,0.145333,0.391663,0
11853,2017-02-05 21:00:00,0,0.145333,0.391662,0
11854,2017-02-05 22:00:00,0,0.145333,0.39166,0
11855,2017-02-05 23:00:00,0,0.145333,0.391658,0
11856,2017-02-06 00:00:00,0,0.145333,0.391657,0
11857,2017-02-06 01:00:00,0,0.145333,0.391654,0
11858,2017-02-06 02:00:00,0,0.145333,0.391652,0
11859,2017-02-06 03:00:00,0,0.145334,0.391649,0
11860,2017-02-06 04:00:00,0,0.145334,0.391647,0
11861,2017-02-06 05:00:00,0,0.145334,0.391644,0
11862,2017-02-06 06:00:00,0,0.145334,0.39164,0
11863,2017-02-06 07:00:00,0,0.145335,0.391637,0
11864,2017-02-06 08:00:00,0,0.145335,0.391633,0
11865,2017-02-06 09:00:00,0,0.145335,0.39163,0
11866,2017-02-06 10:00:00,0,0.145336,0.391625,0
11867,2017-02-06 11:00:00,0,0.145336,0.391621,0
11868,2017-02-06 12:00:00,0,0.145336,0.391615,0
11869,2017-02-06 13:00:00,0,0.145337,0.391611,0
11870,2017-02-06 14:00:00,0,0.145337,0.391605,0
11871,2017-02-06 15:00:00,0,0.145338,0.391599,0
11872,2017-02-06 16:00:00,0,0.145338,0.391591,0
11873,2017-02-06 17:00:00,0,0.145339,0.39158,0
11874,2017-02-06 18:00:00,0,0.145341,0.391562,0
11875,2017-02-06 19:00:00,0,0.145343,0.391531,0
11876,2017-02-06 20:00:00,0,0.145348,0.391477,0
11877,2017-02-06 21:00:00,0,0.145352,0.391431,0
11878,2017-02-06 22:00:00,0,0.145355,0.39139,0
11879,2017-02-06 23:00:00,0,0.145358,0.39135,0
11880,2017-02-07 00:00:00,0,0.145361,0.391317,0
11881,2017-02-07 01:00:00,0,0.145363,0.391294,0
11882,2017-02-07 02:00:00,0,0.145363,0.391294,0
11883,2017-02-07 03:00:00,0,0.145363,0.391294,0
11884,2017-02-07 04:00:00,0,0.145363,0.391294,0
11885,2017-02-07 05:00:00,0,0.145363,0.391294,0
11886,2017-02-07 06:00:00,0,0.145363,0.391294,0
11887,2017-02-07 07:00:00,0,0.145363,0.391294,0
11888,2017-02-07 08:00:00,0,0.145363,0.391294,0
11889,2017-02-07 09:00:00,0,0.145363,0.391294,0
11890,2017-02-07 10:00:00,0,0.145363,0.391294,0
11891,2017-02-07 11:00:00,0,0.145363,0.391294,0
11892,2017-02-07 12:00:00,0,0.145363,0.391294,0
11893,2017-02-07 13:00:00,0.714416,0.145363,0.391294,0
11894,2017-02-07 14:00:00,0.997315,0.145363,0.391294,0
11895,2017-02-07 15:00:00,1.36348,0.145358,0.391349,0
11896,2017-02-07 16:00:00,1.365832,0.145355,0.391394,0
11897,2017-02-07 17:00:00,1.441434,0.145348,0.391473,0
11898,2017-02-07 18:00:00,1.312993,0.145338,0.391602,0
11899,2017-02-07 19:00:00,1.23454,0.145323,0.391777,0
11900,2017-02-07 20:00:00,1.512916,0.1453,0.392059,0
11901,2017-02-07 21:00:00,1.393215,0.145295,0.392126,0.000136
11902,2017-02-07 22:00:00,1.242556,0.145272,0.3924,0
11903,2017-02-07 23:00:00,1.064254,0.145264,0.392491,0
11904,2017-02-08 00:00:00,0.888811,0.145256,0.392585,0.000129
11905,2017-02-08 01:00:00,0.722121,0.145234,0.392852,0
11906,2017-02-08 02:00:00,0.573291,0.145227,0.392933,0
11907,2017-02-08 03:00:00,0.427979,0.145221,0.393005,0
11908,2017-02-08 04:00:00,0.344026,0.145216,0.393072,0
11909,2017-02-08 05:00:00,0.284165,0.145212,0.393114,0
11910,2017-02-08 06:00:00,0.2505,0.14521,0.393145,0
11911,2017-02-08 07:00:00,0.264706,0.145208,0.393167,0
11912,2017-02-08 08:00:00,0.282938,0.145208,0.393169,0
11913,2017-02-08 09:00:00,0.298322,0.145208,0.393169,0
11914,2017-02-08 10:00:00,0.419434,0.145208,0.393169,0
11915,2017-02-08 11:00:00,0.905798,0.145208,0.393169,0
11916,2017-02-08 12:00:00,0.906863,0.145207,0.393169,0
11917,2017-02-08 13:00:00,0.751274,0.145205,0.393202,0
11918,2017-02-08 14:00:00,0.214646,0.145197,0.393288,0
11919,2017-02-08 15:00:00,0.058801,0.145178,0.393517,0
11920,2017-02-08 16:00:00,0.053886,0.145171,0.393595,0
11921,2017-02-08 17:00:00,0.037711,0.14517,0.393609,0
11922,2017-02-08 18:00:00,0.020374,0.145171,0.393603,0
11923,2017-02-08 19:00:00,0.006157,0.145177,0.393534,0
11924,2017-02-08 20:00:00,0.001227,0.145185,0.393441,0
11925,2017-02-08 21:00:00,0.000149,0.145188,0.393403,0
11926,2017-02-08 22:00:00,0.000086,0.145192,0.39335,0
11927,2017-02-08 23:00:00,0.00005,0.145197,0.393295,0
11928,2017-02-09 00:00:00,0.00003,0.145201,0.393247,0
11929,2017-02-09 01:00:00,0.000019,0.145205,0.393203,0
11930,2017-02-09 02:00:00,0.000013,0.145208,0.393165,0
11931,2017-02-09 03:00:00,0.000009,0.145211,0.393132,0
11932,2017-02-09 04:00:00,0.000006,0.145213,0.393105,0
11933,2017-02-09 05:00:00,0.000005,0.145215,0.393084,0
11934,2017-02-09 06:00:00,0.000031,0.145216,0.393067,0
11935,2017-02-09 07:00:00,0.000083,0.145217,0.393052,0
11936,2017-02-09 08:00:00,0.000166,0.145219,0.393035,0
11937,2017-02-09 09:00:00,0.000301,0.14522,0.393017,0
11938,2017-02-09 10:00:00,0.000328,0.145222,0.392996,0
11939,2017-02-09 11:00:00,0.000354,0.145224,0.392974,0
11940,2017-02-09 12:00:00,0.000364,0.145226,0.392948,0
11941,2017-02-09 13:00:00,0.23886,0.145227,0.392935,0
11942,2017-02-09 14:00:00,0.685757,0.145228,0.392924,0
11943,2017-02-09 15:00:00,2.205173,0.145228,0.392924,0
11944,2017-02-09 16:00:00,6.795569,0.145228,0.392924,0
11945,2017-02-09 17:00:00,9.95749,0.145228,0.392924,0
11946,2017-02-09 18:00:00,11.613884,0.145228,0.392924,0
11947,2017-02-09 19:00:00,12.752813,0.145228,0.392924,0
11948,2017-02-09 20:00:00,13.499973,0.145228,0.392924,0
11949,2017-02-09 21:00:00,13.766808,0.145228,0.392924,0
11950,2017-02-09 22:00:00,13.921149,0.145228,0.392924,0
11951,2017-02-09 23:00:00,14.095554,0.145228,0.392924,0
11952,2017-02-10 00:00:00,14.196365,0.145228,0.392924,0
11953,2017-02-10 01:00:00,14.269795,0.145228,0.392924,0
11954,2017-02-10 02:00:00,14.326115,0.145228,0.392924,0
11955,2017-02-10 03:00:00,14.367031,0.145228,0.392924,0
11956,2017-02-10 04:00:00,14.398808,0.145228,0.392924,0
11957,2017-02-10 05:00:00,14.422457,0.145228,0.392924,0
11958,2017-02-10 06:00:00,14.442848,0.145228,0.392924,0
11959,2017-02-10 07:00:00,14.454138,0.145228,0.392924,0
11960,2017-02-10 08:00:00,14.462109,0.145228,0.392924,0
11961,2017-02-10 09:00:00,14.469194,0.145228,0.392924,0
11962,2017-02-10 10:00:00,14.477026,0.145228,0.392924,0
11963,2017-02-10 11:00:00,14.488665,0.145228,0.392924,0
11964,2017-02-10 12:00:00,14.498613,0.145228,0.392924,0
11965,2017-02-10 13:00:00,14.508839,0.145228,0.392924,0
11966,2017-02-10 14:00:00,14.509431,0.145228,0.392924,0
11967,2017-02-10 15:00:00,14.496136,0.145228,0.392924,0
11968,2017-02-10 16:00:00,14.471657,0.145228,0.392924,0
11969,2017-02-10 17:00:00,14.431993,0.145228,0.392924,0
11970,2017-02-10 18:00:00,14.378803,0.145228,0.392924,0
11971,2017-02-10 19:00:00,14.309397,0.145228,0.392924,0
11972,2017-02-10 20:00:00,14.268726,0.145228,0.392924,0
11973,2017-02-10 21:00:00,14.225326,0.145228,0.392924,0
11974,2017-02-10 22:00:00,14.187355,0.145228,0.392924,0
11975,2017-02-10 23:00:00,14.157469,0.145228,0.392924,0
11976,2017-02-11 00:00:00,14.135494,0.145228,0.392924,0
11977,2017-02-11 01:00:00,14.121523,0.145228,0.392924,0
11978,2017-02-11 02:00:00,14.115817,0.145228,0.392924,0
11979,2017-02-11 03:00:00,14.111284,0.145228,0.392924,0
11980,2017-02-11 04:00:00,14.325349,0.145228,0.392924,0
11981,2017-02-11 05:00:00,14.509388,0.145228,0.392924,0
11982,2017-02-11 06:00:00,14.69562,0.145228,0.392924,0
11983,2017-02-11 07:00:00,14.832209,0.145228,0.392924,0
11984,2017-02-11 08:00:00,14.860255,0.145228,0.392924,0
11985,2017-02-11 09:00:00,14.891781,0.145228,0.392924,0
11986,2017-02-11 10:00:00,15.01697,0.145228,0.392924,0
11987,2017-02-11 11:00:00,15.052835,0.145228,0.392924,0
11988,2017-02-11 12:00:00,15.08642,0.145228,0.392924,0
11989,2017-02-11 13:00:00,15.107653,0.145228,0.392924,0
11990,2017-02-11 14:00:00,15.119287,0.145228,0.392924,0
11991,2017-02-11 15:00:00,15.123948,0.145228,0.392924,0
11992,2017-02-11 16:00:00,15.129293,0.145228,0.392924,0
11993,2017-02-11 17:00:00,15.11095,0.145228,0.392924,0
11994,2017-02-11 18:00:00,14.954857,0.145228,0.392924,0
11995,2017-02-11 19:00:00,14.310353,0.145225,0.392966,0
11996,2017-02-11 20:00:00,14.033031,0.145207,0.393178,0
11997,2017-02-11 21:00:00,13.789026,0.145197,0.393291,0
11998,2017-02-11 22:00:00,13.57967,0.145189,0.393387,0
11999,2017-02-11 23:00:00,13.39884,0.145182,0.39347,0
12000,2017-02-12 00:00:00,13.236537,0.145176,0.393541,0
12001,2017-02-12 01:00:00,13.09681,0.145171,0.393603,0
12002,2017-02-12 02:00:00,12.972128,0.145166,0.393657,0
12003,2017-02-12 03:00:00,12.862692,0.145162,0.393704,0
12004,2017-02-12 04:00:00,12.764786,0.145159,0.393745,0
12005,2017-02-12 05:00:00,12.67652,0.145156,0.393781,0
12006,2017-02-12 06:00:00,12.600881,0.145153,0.393813,0
12007,2017-02-12 07:00:00,12.534219,0.145151,0.39384,0
12008,2017-02-12 08:00:00,12.479004,0.145149,0.393864,0
12009,2017-02-12 09:00:00,12.434068,0.145147,0.393884,0
12010,2017-02-12 10:00:00,12.397471,0.145146,0.393901,0
12011,2017-02-12 11:00:00,12.36986,0.145144,0.393914,0
12012,2017-02-12 12:00:00,12.34549,0.145143,0.393924,0
12013,2017-02-12 13:00:00,12.325135,0.145143,0.393932,0
12014,2017-02-12 14:00:00,12.304401,0.145142,0.393938,0
12015,2017-02-12 15:00:00,12.286861,0.145142,0.393941,0
12016,2017-02-12 16:00:00,12.557554,0.145142,0.393944,0
12017,2017-02-12 17:00:00,13.208963,0.145142,0.393946,0
12018,2017-02-12 18:00:00,14.195934,0.145141,0.393948,0
12019,2017-02-12 19:00:00,15.50885,0.145141,0.393948,0
12020,2017-02-12 20:00:00,17.200174,0.145141,0.393948,0
12021,2017-02-12 21:00:00,18.157055,0.145141,0.393948,0
12022,2017-02-12 22:00:00,18.82435,0.145141,0.393948,0
12023,2017-02-12 23:00:00,19.054649,0.145141,0.393948,0
12024,2017-02-13 00:00:00,19.547216,0.145141,0.393948,0
12025,2017-02-13 01:00:00,20.067902,0.145141,0.393948,0
12026,2017-02-13 02:00:00,20.346001,0.145141,0.393948,0
12027,2017-02-13 03:00:00,20.469429,0.145141,0.393948,0
12028,2017-02-13 04:00:00,20.564381,0.145141,0.393948,0
12029,2017-02-13 05:00:00,20.662029,0.145141,0.393948,0
12030,2017-02-13 06:00:00,20.770065,0.145141,0.393948,0
12031,2017-02-13 07:00:00,20.86459,0.145141,0.393948,0
12032,2017-02-13 08:00:00,20.949186,0.145141,0.393948,0
12033,2017-02-13 09:00:00,21.025375,0.145141,0.393948,0
12034,2017-02-13 10:00:00,21.082584,0.145141,0.393948,0
12035,2017-02-13 11:00:00,21.121658,0.145141,0.393948,0
12036,2017-02-13 12:00:00,21.153961,0.145141,0.393948,0
12037,2017-02-13 13:00:00,21.164436,0.145141,0.393948,0
12038,2017-02-13 14:00:00,21.162762,0.145141,0.393948,0
12039,2017-02-13 15:00:00,21.144047,0.145141,0.393948,0
12040,2017-02-13 16:00:00,21.108315,0.145141,0.393948,0
12041,2017-02-13 17:00:00,21.047863,0.145141,0.393948,0
12042,2017-02-13 18:00:00,20.964012,0.145141,0.393948,0
12043,2017-02-13 19:00:00,20.783861,0.145141,0.393948,0
12044,2017-02-13 20:00:00,20.574146,0.145133,0.394049,0
12045,2017-02-13 21:00:00,20.33206,0.145126,0.394133,0
12046,2017-02-13 22:00:00,20.116417,0.145119,0.394204,0
12047,2017-02-13 23:00:00,19.929682,0.145114,0.394265,0
12048,2017-02-14 00:00:00,19.766506,0.14511,0.394317,0
12049,2017-02-14 01:00:00,19.629913,0.145106,0.394361,0
12050,2017-02-14 02:00:00,19.510796,0.145103,0.394398,0
12051,2017-02-14 03:00:00,19.410816,0.1451,0.394428,0
12052,2017-02-14 04:00:00,19.327229,0.145098,0.39445,0
12053,2017-02-14 05:00:00,19.255714,0.145097,0.394468,0
12054,2017-02-14 06:00:00,19.194267,0.145096,0.39448,0
12055,2017-02-14 07:00:00,19.142351,0.145095,0.39449,0
12056,2017-02-14 08:00:00,19.096901,0.145094,0.394496,0
12057,2017-02-14 09:00:00,19.059031,0.145094,0.3945,0
12058,2017-02-14 10:00:00,19.027103,0.145094,0.394502,0
12059,2017-02-14 11:00:00,19.002363,0.145094,0.394502,0
12060,2017-02-14 12:00:00,18.98387,0.145094,0.394501,0
12061,2017-02-14 13:00:00,18.961405,0.145094,0.394499,0
12062,2017-02-14 14:00:00,18.919798,0.145094,0.394496,0
12063,2017-02-14 15:00:00,18.864353,0.145095,0.394493,0
12064,2017-02-14 16:00:00,18.778191,0.145095,0.394489,0
12065,2017-02-14 17:00:00,18.240498,0.145095,0.394489,0
12066,2017-02-14 18:00:00,17.042025,0.145083,0.394632,0
12067,2017-02-14 19:00:00,14.121934,0.145052,0.394987,0
12068,2017-02-14 20:00:00,9.908878,0.144972,0.395899,0
12069,2017-02-14 21:00:00,9.795157,0.144858,0.397164,0
12070,2017-02-14 22:00:00,9.682031,0.144876,0.396974,0
12071,2017-02-14 23:00:00,9.575151,0.144892,0.396797,0
12072,2017-02-15 00:00:00,9.483023,0.144906,0.396632,0
12073,2017-02-15 01:00:00,9.399646,0.14492,0.396478,0
12074,2017-02-15 02:00:00,9.323365,0.144933,0.396334,0
12075,2017-02-15 03:00:00,9.253698,0.144945,0.3962,0
12076,2017-02-15 04:00:00,9.191594,0.144956,0.396075,0
12077,2017-02-15 05:00:00,9.136836,0.144966,0.395959,0
12078,2017-02-15 06:00:00,9.089474,0.144976,0.39585,0
12079,2017-02-15 07:00:00,9.045982,0.144985,0.395749,0
12080,2017-02-15 08:00:00,9.008362,0.144993,0.395654,0
12081,2017-02-15 09:00:00,8.981894,0.145001,0.395566,0
12082,2017-02-15 10:00:00,8.958466,0.145008,0.395483,0
12083,2017-02-15 11:00:00,8.939504,0.145015,0.395406,0
12084,2017-02-15 12:00:00,8.918015,0.145022,0.395334,0
12085,2017-02-15 13:00:00,8.892052,0.145027,0.395267,0
12086,2017-02-15 14:00:00,8.851854,0.145033,0.395204,0
12087,2017-02-15 15:00:00,8.790613,0.145038,0.395147,0
12088,2017-02-15 16:00:00,8.550244,0.145042,0.395099,0
12089,2017-02-15 17:00:00,5.579181,0.145041,0.395113,0
12090,2017-02-15 18:00:00,0.311852,0.144958,0.396052,0
12091,2017-02-15 19:00:00,0.166889,0.144814,0.397657,0
12092,2017-02-15 20:00:00,0,0.144838,0.397392,0
12093,2017-02-15 21:00:00,0,0.144857,0.397181,0
12094,2017-02-15 22:00:00,0,0.144877,0.396953,0
12095,2017-02-15 23:00:00,0,0.144897,0.396742,0.000505
12096,2017-02-16 00:00:00,0,0.144858,0.397167,0.000109
12097,2017-02-16 01:00:00,0,0.144867,0.39707,0
12098,2017-02-16 02:00:00,0,0.144887,0.396845,0
12099,2017-02-16 03:00:00,0,0.144906,0.396634,0
12100,2017-02-16 04:00:00,0,0.144924,0.396436,0
12101,2017-02-16 05:00:00,0,0.144941,0.396248,0
12102,2017-02-16 06:00:00,0,0.144956,0.396073,0
12103,2017-02-16 07:00:00,0.000036,0.144971,0.395913,0
12104,2017-02-16 08:00:00,0.00006,0.144984,0.395764,0
12105,2017-02-16 09:00:00,0.000084,0.144996,0.395629,0
12106,2017-02-16 10:00:00,0.000112,0.145006,0.395509,0
12107,2017-02-16 11:00:00,0.000133,0.145014,0.395419,0
12108,2017-02-16 12:00:00,0.000145,0.145021,0.395337,0
12109,2017-02-16 13:00:00,0.000176,0.145028,0.395261,0
12110,2017-02-16 14:00:00,0.000192,0.145034,0.395191,0
12111,2017-02-16 15:00:00,0.000183,0.14504,0.395127,0
12112,2017-02-16 16:00:00,0.000144,0.145045,0.395069,0
12113,2017-02-16 17:00:00,0.0001,0.145049,0.395015,0
12114,2017-02-16 18:00:00,0.000061,0.145059,0.394901,0
12115,2017-02-16 19:00:00,0.00003,0.145069,0.394785,0
12116,2017-02-16 20:00:00,0.000014,0.14508,0.394668,0
12117,2017-02-16 21:00:00,0.000004,0.145088,0.394566,0
12118,2017-02-16 22:00:00,0.000024,0.145093,0.39451,0
12119,2017-02-16 23:00:00,0.000056,0.145097,0.394468,0
12120,2017-02-17 00:00:00,0.000088,0.1451,0.39443,0
12121,2017-02-17 01:00:00,0.000122,0.1451,0.394428,0
12122,2017-02-17 02:00:00,0.000158,0.1451,0.394427,0
12123,2017-02-17 03:00:00,0.0002,0.1451,0.394426,0
12124,2017-02-17 04:00:00,0.000262,0.145101,0.394424,0
12125,2017-02-17 05:00:00,0.00031,0.145101,0.394423,0
12126,2017-02-17 06:00:00,0.000342,0.145101,0.394422,0
12127,2017-02-17 07:00:00,0.000379,0.145101,0.394421,0
12128,2017-02-17 08:00:00,0.000404,0.145101,0.39442,0
12129,2017-02-17 09:00:00,0.000423,0.145101,0.39442,0
12130,2017-02-17 10:00:00,0.000452,0.145101,0.394419,0
12131,2017-02-17 11:00:00,0.000472,0.145101,0.394418,0
12132,2017-02-17 12:00:00,0.000478,0.145101,0.394418,0
12133,2017-02-17 13:00:00,0.000475,0.145101,0.394417,0
12134,2017-02-17 14:00:00,0.000417,0.145101,0.394416,0
12135,2017-02-17 15:00:00,0.00049,0.145101,0.394416,0
12136,2017-02-17 16:00:00,0.000433,0.145101,0.394416,0
12137,2017-02-17 17:00:00,0.000306,0.145102,0.394416,0
12138,2017-02-17 18:00:00,0.000168,0.145102,0.394416,0
12139,2017-02-17 19:00:00,0.000065,0.145102,0.394411,0
12140,2017-02-17 20:00:00,0.000022,0.145102,0.394405,0
12141,2017-02-17 21:00:00,0.000008,0.145103,0.394396,0
12142,2017-02-17 22:00:00,0.000001,0.145104,0.394388,0
12143,2017-02-17 23:00:00,0,0.145104,0.394379,0
12144,2017-02-18 00:00:00,0.000003,0.145105,0.394372,0
12145,2017-02-18 01:00:00,0.000006,0.145106,0.394365,0
12146,2017-02-18 02:00:00,0.000008,0.145106,0.394359,0
12147,2017-02-18 03:00:00,0.000011,0.145106,0.394359,0
12148,2017-02-18 04:00:00,0.000015,0.145106,0.394359,0
12149,2017-02-18 05:00:00,0.000018,0.145106,0.394359,0
12150,2017-02-18 06:00:00,0.000022,0.145106,0.394359,0
12151,2017-02-18 07:00:00,0.000023,0.145106,0.394359,0
12152,2017-02-18 08:00:00,0.000024,0.145106,0.394359,0
12153,2017-02-18 09:00:00,0.000024,0.145106,0.394359,0
12154,2017-02-18 10:00:00,0.000026,0.145106,0.394359,0
12155,2017-02-18 11:00:00,0.000028,0.145106,0.394359,0
12156,2017-02-18 12:00:00,0.000032,0.145106,0.394359,0
12157,2017-02-18 13:00:00,0.000037,0.145106,0.394359,0
12158,2017-02-18 14:00:00,0.000046,0.145106,0.394359,0
12159,2017-02-18 15:00:00,0.000065,0.145106,0.394359,0
12160,2017-02-18 16:00:00,0.000069,0.145106,0.394359,0
12161,2017-02-18 17:00:00,0.000049,0.145106,0.394356,0
12162,2017-02-18 18:00:00,0.000024,0.145107,0.39435,0
12163,2017-02-18 19:00:00,0.000008,0.145108,0.394335,0
12164,2017-02-18 20:00:00,0.000002,0.145111,0.394304,0
12165,2017-02-18 21:00:00,0,0.145117,0.394235,0
12166,2017-02-18 22:00:00,0,0.145122,0.39418,0
12167,2017-02-18 23:00:00,0,0.145126,0.394126,0
12168,2017-02-19 00:00:00,0,0.145131,0.394075,0
12169,2017-02-19 01:00:00,0,0.145134,0.394031,0
12170,2017-02-19 02:00:00,0,0.145138,0.393994,0
12171,2017-02-19 03:00:00,0,0.145141,0.393958,0
12172,2017-02-19 04:00:00,0,0.145144,0.393919,0
12173,2017-02-19 05:00:00,0,0.145147,0.393878,0
12174,2017-02-19 06:00:00,0,0.145151,0.393839,0
12175,2017-02-19 07:00:00,0,0.145154,0.393805,0
12176,2017-02-19 08:00:00,0,0.145156,0.393777,0
12177,2017-02-19 09:00:00,0,0.145158,0.39375,0
12178,2017-02-19 10:00:00,0,0.14516,0.393729,0
12179,2017-02-19 11:00:00,0,0.145162,0.393711,0
12180,2017-02-19 12:00:00,0,0.145163,0.393695,0
12181,2017-02-19 13:00:00,0,0.145164,0.393681,0
12182,2017-02-19 14:00:00,0,0.145167,0.393653,0
12183,2017-02-19 15:00:00,0,0.14517,0.393607,0
12184,2017-02-19 16:00:00,0,0.145176,0.39354,0
12185,2017-02-19 17:00:00,0,0.145184,0.393443,0
12186,2017-02-19 18:00:00,0,0.145196,0.393309,0
12187,2017-02-19 19:00:00,0,0.145213,0.393106,0
12188,2017-02-19 20:00:00,0,0.145231,0.392891,0
12189,2017-02-19 21:00:00,0,0.145247,0.392694,0
12190,2017-02-19 22:00:00,0,0.145255,0.392601,0
12191,2017-02-19 23:00:00,0,0.145262,0.392513,0
12192,2017-02-20 00:00:00,0,0.145269,0.392437,0
12193,2017-02-20 01:00:00,0,0.145274,0.39237,0
12194,2017-02-20 02:00:00,0,0.145279,0.392313,0
12195,2017-02-20 03:00:00,0,0.145283,0.392262,0
12196,2017-02-20 04:00:00,0,0.145288,0.392209,0
12197,2017-02-20 05:00:00,0,0.145292,0.39216,0
12198,2017-02-20 06:00:00,0,0.145296,0.392113,0
12199,2017-02-20 07:00:00,0,0.145299,0.392069,0
12200,2017-02-20 08:00:00,0,0.145302,0.392032,0
12201,2017-02-20 09:00:00,0,0.145305,0.391996,0
12202,2017-02-20 10:00:00,0,0.145308,0.391968,0
12203,2017-02-20 11:00:00,0,0.14531,0.39194,0
12204,2017-02-20 12:00:00,0,0.145312,0.391917,0
12205,2017-02-20 13:00:00,0,0.145314,0.391895,0
12206,2017-02-20 14:00:00,0,0.145316,0.391863,0
12207,2017-02-20 15:00:00,0,0.145321,0.391805,0
12208,2017-02-20 16:00:00,0,0.145328,0.391714,0
12209,2017-02-20 17:00:00,0,0.145339,0.391585,0
12210,2017-02-20 18:00:00,0,0.145352,0.391422,0
12211,2017-02-20 19:00:00,0,0.145367,0.391245,0
12212,2017-02-20 20:00:00,0,0.145381,0.391072,0
12213,2017-02-20 21:00:00,0,0.145394,0.390906,0
12214,2017-02-20 22:00:00,0,0.145403,0.390803,0
12215,2017-02-20 23:00:00,0,0.14541,0.390712,0
12216,2017-02-21 00:00:00,0,0.145416,0.390638,0
12217,2017-02-21 01:00:00,0,0.14542,0.39058,0
12218,2017-02-21 02:00:00,0,0.145424,0.390531,0
12219,2017-02-21 03:00:00,0,0.145428,0.39049,0
12220,2017-02-21 04:00:00,0,0.14543,0.390456,0
12221,2017-02-21 05:00:00,0,0.145433,0.390425,0
12222,2017-02-21 06:00:00,0,0.145433,0.390425,0
12223,2017-02-21 07:00:00,0,0.145433,0.390425,0
12224,2017-02-21 08:00:00,0,0.145433,0.390425,0
12225,2017-02-21 09:00:00,0,0.145433,0.390425,0
12226,2017-02-21 10:00:00,0,0.145433,0.390425,0
12227,2017-02-21 11:00:00,0,0.145433,0.390425,0
12228,2017-02-21 12:00:00,0,0.145433,0.390425,0
12229,2017-02-21 13:00:00,0,0.145433,0.390425,0
12230,2017-02-21 14:00:00,0,0.145433,0.390425,0
12231,2017-02-21 15:00:00,0,0.145433,0.390425,0
12232,2017-02-21 16:00:00,0,0.145433,0.390425,0
12233,2017-02-21 17:00:00,0,0.145433,0.390425,0
12234,2017-02-21 18:00:00,0,0.145442,0.390307,0
12235,2017-02-21 19:00:00,0,0.145455,0.390152,0
12236,2017-02-21 20:00:00,0,0.145467,0.389999,0
12237,2017-02-21 21:00:00,0,0.145478,0.389857,0
12238,2017-02-21 22:00:00,0,0.145483,0.389791,0
12239,2017-02-21 23:00:00,0,0.145488,0.389736,0
12240,2017-02-22 00:00:00,0,0.145491,0.389693,0
12241,2017-02-22 01:00:00,0,0.145494,0.389661,0
12242,2017-02-22 02:00:00,0,0.145495,0.389641,0
12243,2017-02-22 03:00:00,0,0.145497,0.389624,0
12244,2017-02-22 04:00:00,0,0.145498,0.38961,0
12245,2017-02-22 05:00:00,0,0.145499,0.389599,0
12246,2017-02-22 06:00:00,0,0.145499,0.389591,0
12247,2017-02-22 07:00:00,0,0.1455,0.389583,0
12248,2017-02-22 08:00:00,0,0.1455,0.389576,0
12249,2017-02-22 09:00:00,0,0.145501,0.389568,0
12250,2017-02-22 10:00:00,0,0.145502,0.389561,0
12251,2017-02-22 11:00:00,0,0.145502,0.389553,0
12252,2017-02-22 12:00:00,0,0.145503,0.389546,0
12253,2017-02-22 13:00:00,0,0.145503,0.389539,0
12254,2017-02-22 14:00:00,0,0.145504,0.389527,0
12255,2017-02-22 15:00:00,0,0.145506,0.389505,0
12256,2017-02-22 16:00:00,0,0.145509,0.389462,0
12257,2017-02-22 17:00:00,0,0.145515,0.389396,0
12258,2017-02-22 18:00:00,0,0.145522,0.389301,0
12259,2017-02-22 19:00:00,0,0.145534,0.389145,0
12260,2017-02-22 20:00:00,0,0.145548,0.38897,0
12261,2017-02-22 21:00:00,0,0.14556,0.388811,0
12262,2017-02-22 22:00:00,0,0.145562,0.388791,0
12263,2017-02-22 23:00:00,0,0.145563,0.388778,0
12264,2017-02-23 00:00:00,0,0.145565,0.388747,0
12265,2017-02-23 01:00:00,0,0.145567,0.388725,0
12266,2017-02-23 02:00:00,0,0.145568,0.388708,0
12267,2017-02-23 03:00:00,0,0.145569,0.388695,0
12268,2017-02-23 04:00:00,0,0.14557,0.388683,0
12269,2017-02-23 05:00:00,0,0.145571,0.388673,0
12270,2017-02-23 06:00:00,0,0.145572,0.388666,0
12271,2017-02-23 07:00:00,0,0.145573,0.388653,0
12272,2017-02-23 08:00:00,0,0.145573,0.38865,0
12273,2017-02-23 09:00:00,0,0.145573,0.388645,0
12274,2017-02-23 10:00:00,0,0.145574,0.388638,0
12275,2017-02-23 11:00:00,0,0.145574,0.388634,0
12276,2017-02-23 12:00:00,0,0.145574,0.388629,0
12277,2017-02-23 13:00:00,0,0.145575,0.388623,0
12278,2017-02-23 14:00:00,0,0.145576,0.388609,0
12279,2017-02-23 15:00:00,0,0.145578,0.388578,0
12280,2017-02-23 16:00:00,0,0.145583,0.388512,0
12281,2017-02-23 17:00:00,0,0.145592,0.388399,0
12282,2017-02-23 18:00:00,0,0.145604,0.388244,0
12283,2017-02-23 19:00:00,0,0.145617,0.388075,0
12284,2017-02-23 20:00:00,0,0.145629,0.387923,0
12285,2017-02-23 21:00:00,0,0.145639,0.387793,0
12286,2017-02-23 22:00:00,0,0.145642,0.387756,0
12287,2017-02-23 23:00:00,0,0.145644,0.38773,0
12288,2017-02-24 00:00:00,0,0.145645,0.38771,0
12289,2017-02-24 01:00:00,0,0.145646,0.387696,0
12290,2017-02-24 02:00:00,0,0.145647,0.387686,0
12291,2017-02-24 03:00:00,0,0.145648,0.387673,0
12292,2017-02-24 04:00:00,0,0.145649,0.387662,0
12293,2017-02-24 05:00:00,0,0.145649,0.387655,0
12294,2017-02-24 06:00:00,0,0.14565,0.387647,0
12295,2017-02-24 07:00:00,0,0.14565,0.387639,0
12296,2017-02-24 08:00:00,0,0.145651,0.387633,0
12297,2017-02-24 09:00:00,0,0.145651,0.387627,0
12298,2017-02-24 10:00:00,0,0.145652,0.387622,0
12299,2017-02-24 11:00:00,0,0.145652,0.387618,0
12300,2017-02-24 12:00:00,0,0.145652,0.387615,0
12301,2017-02-24 13:00:00,0,0.145653,0.387606,0
12302,2017-02-24 14:00:00,0,0.145653,0.3876,0
12303,2017-02-24 15:00:00,0,0.145655,0.387574,0
12304,2017-02-24 16:00:00,0,0.14566,0.387518,0
12305,2017-02-24 17:00:00,0,0.145667,0.387416,0
12306,2017-02-24 18:00:00,0,0.145679,0.387264,0
12307,2017-02-24 19:00:00,0,0.145695,0.387053,0
12308,2017-02-24 20:00:00,0,0.145711,0.386841,0
12309,2017-02-24 21:00:00,0,0.145725,0.386652,0
12310,2017-02-24 22:00:00,0,0.145731,0.386575,0
12311,2017-02-24 23:00:00,0,0.145735,0.38652,0
12312,2017-02-25 00:00:00,0,0.145738,0.386478,0
12313,2017-02-25 01:00:00,0,0.14574,0.386451,0
12314,2017-02-25 02:00:00,0,0.145742,0.386431,0
12315,2017-02-25 03:00:00,0,0.145742,0.386419,0
12316,2017-02-25 04:00:00,0,0.145743,0.386411,0
12317,2017-02-25 05:00:00,0,0.145743,0.386408,0
12318,2017-02-25 06:00:00,0,0.145743,0.386406,0
12319,2017-02-25 07:00:00,0,0.145743,0.386411,0
12320,2017-02-25 08:00:00,0,0.145743,0.386416,0
12321,2017-02-25 09:00:00,0,0.145742,0.386427,0
12322,2017-02-25 10:00:00,0,0.145741,0.386435,0
12323,2017-02-25 11:00:00,0,0.145741,0.386444,0
12324,2017-02-25 12:00:00,0,0.14574,0.38645,0
12325,2017-02-25 13:00:00,0,0.14574,0.386454,0
12326,2017-02-25 14:00:00,0,0.145741,0.386441,0
12327,2017-02-25 15:00:00,0,0.145743,0.386409,0
12328,2017-02-25 16:00:00,0,0.145748,0.386341,0
12329,2017-02-25 17:00:00,0,0.145756,0.38623,0
12330,2017-02-25 18:00:00,0,0.145768,0.386075,0
12331,2017-02-25 19:00:00,0,0.145781,0.385904,0.000052
12332,2017-02-25 20:00:00,0,0.145786,0.38583,0
12333,2017-02-25 21:00:00,0,0.145797,0.385683,0
12334,2017-02-25 22:00:00,0,0.145799,0.385653,0
12335,2017-02-25 23:00:00,0,0.145801,0.385631,0
12336,2017-02-26 00:00:00,0,0.145802,0.385617,0
12337,2017-02-26 01:00:00,0,0.145803,0.385605,0.000042
12338,2017-02-26 02:00:00,0,0.145799,0.385656,0.000597
12339,2017-02-26 03:00:00,0,0.145737,0.38649,0.000983
12340,2017-02-26 04:00:00,0,0.145635,0.387842,0.000015
12341,2017-02-26 05:00:00,0,0.145636,0.387831,0
12342,2017-02-26 06:00:00,0,0.145638,0.3878,0
12343,2017-02-26 07:00:00,0,0.145641,0.387765,0
12344,2017-02-26 08:00:00,0,0.145644,0.387726,0
12345,2017-02-26 09:00:00,0,0.145647,0.38768,0
12346,2017-02-26 10:00:00,0,0.145651,0.38763,0
12347,2017-02-26 11:00:00,0,0.145655,0.38758,0
12348,2017-02-26 12:00:00,0,0.145659,0.387524,0
12349,2017-02-26 13:00:00,0,0.145663,0.387468,0
12350,2017-02-26 14:00:00,0,0.145669,0.387402,0
12351,2017-02-26 15:00:00,0,0.145674,0.387329,0
12352,2017-02-26 16:00:00,0,0.14568,0.387247,0
12353,2017-02-26 17:00:00,0,0.145688,0.387149,0
12354,2017-02-26 18:00:00,0,0.145696,0.387041,0
12355,2017-02-26 19:00:00,0,0.145706,0.38691,0
12356,2017-02-26 20:00:00,0,0.145716,0.386773,0
12357,2017-02-26 21:00:00,0,0.145725,0.386646,0
12358,2017-02-26 22:00:00,0,0.145731,0.386567,0
12359,2017-02-26 23:00:00,0,0.145737,0.386497,0
12360,2017-02-27 00:00:00,0,0.145741,0.386435,0
12361,2017-02-27 01:00:00,0,0.145745,0.386382,0
12362,2017-02-27 02:00:00,0,0.145749,0.386332,0
12363,2017-02-27 03:00:00,0,0.145752,0.386288,0
12364,2017-02-27 04:00:00,0,0.145755,0.386254,0
12365,2017-02-27 05:00:00,0,0.145755,0.386254,0
12366,2017-02-27 06:00:00,0,0.145755,0.386254,0
12367,2017-02-27 07:00:00,0,0.145755,0.386254,0
12368,2017-02-27 08:00:00,0,0.145755,0.386254,0
12369,2017-02-27 09:00:00,0,0.145755,0.386254,0
12370,2017-02-27 10:00:00,0,0.145755,0.386254,0
12371,2017-02-27 11:00:00,0,0.145755,0.386254,0
12372,2017-02-27 12:00:00,0,0.145755,0.386254,0
12373,2017-02-27 13:00:00,0,0.145755,0.386254,0
12374,2017-02-27 14:00:00,0,0.145755,0.386254,0
12375,2017-02-27 15:00:00,0,0.145755,0.386254,0
12376,2017-02-27 16:00:00,0,0.145755,0.386253,0
12377,2017-02-27 17:00:00,0,0.14576,0.386178,0
12378,2017-02-27 18:00:00,0,0.145771,0.38603,0
12379,2017-02-27 19:00:00,0,0.145784,0.385855,0
12380,2017-02-27 20:00:00,0,0.145797,0.385679,0
12381,2017-02-27 21:00:00,0,0.145809,0.385516,0
12382,2017-02-27 22:00:00,0,0.145817,0.385412,0
12383,2017-02-27 23:00:00,0,0.145823,0.385326,0
12384,2017-02-28 00:00:00,0,0.145828,0.385254,0
12385,2017-02-28 01:00:00,0,0.145832,0.385199,0
12386,2017-02-28 02:00:00,0,0.145835,0.38516,0
12387,2017-02-28 03:00:00,0,0.145837,0.385134,0
12388,2017-02-28 04:00:00,0,0.145839,0.385114,0
12389,2017-02-28 05:00:00,0,0.14584,0.385097,0
12390,2017-02-28 06:00:00,0,0.145841,0.385085,0
12391,2017-02-28 07:00:00,0,0.145841,0.385074,0
12392,2017-02-28 08:00:00,0,0.145842,0.385065,0
12393,2017-02-28 09:00:00,0,0.145843,0.385057,0
12394,2017-02-28 10:00:00,0,0.145843,0.385049,0
12395,2017-02-28 11:00:00,0,0.145844,0.385041,0
12396,2017-02-28 12:00:00,0,0.145844,0.385036,0
12397,2017-02-28 13:00:00,0,0.145845,0.385027,0
12398,2017-02-28 14:00:00,0,0.145846,0.385018,0
12399,2017-02-28 15:00:00,0,0.145846,0.385005,0
12400,2017-02-28 16:00:00,0,0.145849,0.384966,0
12401,2017-02-28 17:00:00,0,0.145855,0.384889,0
12402,2017-02-28 18:00:00,0,0.145864,0.384769,0
12403,2017-02-28 19:00:00,0,0.145876,0.384604,0
12404,2017-02-28 20:00:00,0,0.145886,0.384457,0
12405,2017-02-28 21:00:00,0,0.145894,0.384342,0
12406,2017-02-28 22:00:00,0,0.145896,0.384313,0
12407,2017-02-28 23:00:00,0,0.145898,0.384295,0
12408,2017-03-01 00:00:00,0,0.145899,0.384283,0
12409,2017-03-01 01:00:00,0,0.145899,0.384275,0
12410,2017-03-01 02:00:00,0,0.1459,0.384266,0
12411,2017-03-01 03:00:00,0,0.1459,0.384262,0
12412,2017-03-01 04:00:00,0,0.1459,0.384258,0
12413,2017-03-01 05:00:00,0,0.145901,0.384257,0
12414,2017-03-01 06:00:00,0,0.145901,0.384257,0
12415,2017-03-01 07:00:00,0,0.145901,0.384257,0
12416,2017-03-01 08:00:00,0,0.1459,0.384258,0
12417,2017-03-01 09:00:00,0,0.145901,0.384256,0
12418,2017-03-01 10:00:00,0,0.1459,0.384259,0
12419,2017-03-01 11:00:00,0,0.1459,0.384263,0
12420,2017-03-01 12:00:00,0,0.1459,0.384267,0
12421,2017-03-01 13:00:00,0,0.1459,0.38427,0
12422,2017-03-01 14:00:00,0,0.1459,0.384264,0
12423,2017-03-01 15:00:00,0,0.145902,0.384243,0
12424,2017-03-01 16:00:00,0,0.145904,0.384214,0
12425,2017-03-01 17:00:00,0,0.145907,0.384166,0.000523
12426,2017-03-01 18:00:00,0,0.145857,0.384858,0.000128
12427,2017-03-01 19:00:00,0,0.145849,0.384971,0
12428,2017-03-01 20:00:00,0,0.145856,0.384879,0
12429,2017-03-01 21:00:00,0,0.145861,0.384803,0
12430,2017-03-01 22:00:00,0,0.145862,0.384794,0
12431,2017-03-01 23:00:00,0,0.145862,0.384789,0
12432,2017-03-02 00:00:00,0,0.145862,0.384787,0
12433,2017-03-02 01:00:00,0,0.145862,0.384793,0
12434,2017-03-02 02:00:00,0,0.145862,0.384796,0
12435,2017-03-02 03:00:00,0,0.145862,0.384788,0
12436,2017-03-02 04:00:00,0,0.145863,0.384779,0
12437,2017-03-02 05:00:00,0,0.145864,0.384768,0
12438,2017-03-02 06:00:00,0,0.145865,0.384752,0
12439,2017-03-02 07:00:00,0,0.145866,0.384735,0
12440,2017-03-02 08:00:00,0,0.145868,0.384713,0
12441,2017-03-02 09:00:00,0,0.14587,0.384687,0
12442,2017-03-02 10:00:00,0,0.145875,0.384614,0
12443,2017-03-02 11:00:00,0,0.145884,0.384493,0
12444,2017-03-02 12:00:00,0,0.145892,0.38438,0
12445,2017-03-02 13:00:00,0,0.145899,0.384279,0
12446,2017-03-02 14:00:00,0,0.145908,0.384159,0
12447,2017-03-02 15:00:00,0,0.145916,0.384037,0
12448,2017-03-02 16:00:00,0,0.145925,0.383914,0
12449,2017-03-02 17:00:00,0,0.145935,0.383775,0
12450,2017-03-02 18:00:00,0,0.145945,0.383629,0
12451,2017-03-02 19:00:00,0,0.145956,0.383471,0
12452,2017-03-02 20:00:00,0,0.145967,0.383326,0
12453,2017-03-02 21:00:00,0,0.145976,0.383195,0
12454,2017-03-02 22:00:00,0,0.145982,0.38311,0
12455,2017-03-02 23:00:00,0,0.145988,0.383025,0
12456,2017-03-03 00:00:00,0,0.145994,0.382944,0
12457,2017-03-03 01:00:00,0,0.145999,0.38287,0
12458,2017-03-03 02:00:00,0,0.146004,0.3828,0
12459,2017-03-03 03:00:00,0,0.146008,0.382734,0
12460,2017-03-03 04:00:00,0,0.146012,0.382675,0
12461,2017-03-03 05:00:00,0,0.146016,0.38262,0
12462,2017-03-03 06:00:00,0,0.146016,0.38262,0
12463,2017-03-03 07:00:00,0,0.146016,0.38262,0
12464,2017-03-03 08:00:00,0,0.146016,0.38262,0
12465,2017-03-03 09:00:00,0,0.146016,0.38262,0
12466,2017-03-03 10:00:00,0,0.146016,0.38262,0
12467,2017-03-03 11:00:00,0,0.146016,0.38262,0
12468,2017-03-03 12:00:00,0,0.146016,0.38262,0
12469,2017-03-03 13:00:00,0,0.146016,0.38262,0
12470,2017-03-03 14:00:00,0,0.146016,0.38262,0
12471,2017-03-03 15:00:00,0,0.146016,0.38262,0
12472,2017-03-03 16:00:00,0,0.146016,0.38262,0
12473,2017-03-03 17:00:00,0,0.146017,0.38262,0
12474,2017-03-03 18:00:00,0,0.146016,0.382619,0
12475,2017-03-03 19:00:00,0,0.146016,0.382618,0
12476,2017-03-03 20:00:00,0,0.146024,0.382505,0
12477,2017-03-03 21:00:00,0,0.146032,0.382391,0
12478,2017-03-03 22:00:00,0,0.146037,0.382318,0
12479,2017-03-03 23:00:00,0,0.146042,0.382252,0
12480,2017-03-04 00:00:00,0,0.146042,0.382252,0
12481,2017-03-04 01:00:00,0.003722,0.146042,0.382252,0
12482,2017-03-04 02:00:00,0.000349,0.146042,0.382252,0
12483,2017-03-04 03:00:00,0.00031,0.146042,0.382252,0
12484,2017-03-04 04:00:00,0.000283,0.146042,0.382252,0
12485,2017-03-04 05:00:00,0.000252,0.146042,0.382252,0
12486,2017-03-04 06:00:00,0.000216,0.146042,0.382252,0
12487,2017-03-04 07:00:00,0.000155,0.146042,0.382252,0
12488,2017-03-04 08:00:00,0.000113,0.146042,0.382252,0
12489,2017-03-04 09:00:00,0.000083,0.146042,0.382252,0
12490,2017-03-04 10:00:00,0.000061,0.146042,0.382252,0
12491,2017-03-04 11:00:00,0.000044,0.146042,0.382252,0
12492,2017-03-04 12:00:00,0.000032,0.146042,0.382252,0
12493,2017-03-04 13:00:00,0.000023,0.146042,0.382252,0
12494,2017-03-04 14:00:00,0.000014,0.146042,0.382252,0
12495,2017-03-04 15:00:00,0.000006,0.146042,0.382252,0
12496,2017-03-04 16:00:00,0,0.146042,0.382252,0
12497,2017-03-04 17:00:00,0,0.146042,0.382252,0
12498,2017-03-04 18:00:00,0,0.146042,0.382252,0
12499,2017-03-04 19:00:00,0,0.146042,0.382252,0
12500,2017-03-04 20:00:00,0,0.146042,0.382252,0
12501,2017-03-04 21:00:00,0,0.146042,0.382252,0
12502,2017-03-04 22:00:00,0,0.146042,0.382252,0
12503,2017-03-04 23:00:00,0,0.146042,0.382252,0
12504,2017-03-05 00:00:00,0,0.146042,0.382252,0
12505,2017-03-05 01:00:00,0,0.146042,0.382252,0
12506,2017-03-05 02:00:00,0,0.146042,0.382252,0
12507,2017-03-05 03:00:00,0,0.146042,0.382252,0
12508,2017-03-05 04:00:00,0,0.146042,0.382252,0
12509,2017-03-05 05:00:00,0,0.146042,0.382252,0
12510,2017-03-05 06:00:00,0,0.146042,0.382252,0
12511,2017-03-05 07:00:00,0,0.146042,0.382252,0
12512,2017-03-05 08:00:00,0,0.146042,0.382252,0
12513,2017-03-05 09:00:00,0,0.146043,0.382252,0
12514,2017-03-05 10:00:00,0,0.146043,0.382252,0
12515,2017-03-05 11:00:00,0,0.146043,0.382252,0
12516,2017-03-05 12:00:00,0,0.146043,0.382252,0
12517,2017-03-05 13:00:00,0,0.146043,0.382252,0
12518,2017-03-05 14:00:00,0,0.146043,0.382252,0
12519,2017-03-05 15:00:00,0,0.146043,0.382252,0
12520,2017-03-05 16:00:00,0,0.146043,0.382252,0
12521,2017-03-05 17:00:00,0,0.146043,0.382252,0
12522,2017-03-05 18:00:00,0,0.146042,0.38225,0
12523,2017-03-05 19:00:00,0,0.146042,0.382249,0
12524,2017-03-05 20:00:00,0,0.146042,0.382249,0
12525,2017-03-05 21:00:00,0,0.146042,0.382248,0
12526,2017-03-05 22:00:00,0,0.146042,0.382248,0
12527,2017-03-05 23:00:00,0,0.146042,0.382248,0
12528,2017-03-06 00:00:00,0,0.146042,0.382248,0
12529,2017-03-06 01:00:00,0,0.146042,0.382248,0
12530,2017-03-06 02:00:00,0,0.146042,0.382248,0
12531,2017-03-06 03:00:00,0,0.146042,0.382248,0
12532,2017-03-06 04:00:00,0,0.146042,0.382248,0
12533,2017-03-06 05:00:00,0,0.146042,0.382248,0
12534,2017-03-06 06:00:00,0,0.146042,0.382248,0
12535,2017-03-06 07:00:00,0,0.146042,0.382248,0
12536,2017-03-06 08:00:00,0,0.146042,0.382248,0
12537,2017-03-06 09:00:00,0,0.146042,0.382248,0
12538,2017-03-06 10:00:00,0,0.146042,0.382248,0
12539,2017-03-06 11:00:00,0,0.146042,0.382248,0
12540,2017-03-06 12:00:00,0,0.146042,0.382248,0
12541,2017-03-06 13:00:00,0,0.146042,0.382248,0
12542,2017-03-06 14:00:00,0,0.146042,0.382248,0
12543,2017-03-06 15:00:00,0,0.146042,0.382248,0
12544,2017-03-06 16:00:00,0,0.146042,0.382248,0
12545,2017-03-06 17:00:00,0,0.146042,0.382247,0
12546,2017-03-06 18:00:00,0,0.146042,0.382247,0
12547,2017-03-06 19:00:00,0,0.146042,0.382246,0
12548,2017-03-06 20:00:00,0,0.146043,0.382228,0
12549,2017-03-06 21:00:00,0,0.146046,0.382195,0
12550,2017-03-06 22:00:00,0,0.146047,0.382183,0
12551,2017-03-06 23:00:00,0,0.146047,0.382172,0
12552,2017-03-07 00:00:00,0,0.146048,0.382155,0
12553,2017-03-07 01:00:00,0,0.14605,0.382136,0
12554,2017-03-07 02:00:00,0,0.146051,0.382119,0
12555,2017-03-07 03:00:00,0,0.146051,0.382119,0
12556,2017-03-07 04:00:00,0,0.146051,0.382119,0
12557,2017-03-07 05:00:00,0,0.146051,0.382119,0
12558,2017-03-07 06:00:00,0,0.146051,0.382119,0
12559,2017-03-07 07:00:00,0,0.146051,0.382119,0
12560,2017-03-07 08:00:00,0,0.146051,0.382119,0
12561,2017-03-07 09:00:00,0,0.146051,0.382119,0
12562,2017-03-07 10:00:00,0,0.146051,0.382119,0
12563,2017-03-07 11:00:00,0,0.146051,0.382119,0
12564,2017-03-07 12:00:00,0.464309,0.146051,0.382119,0
12565,2017-03-07 13:00:00,0.167016,0.146051,0.382119,0.000128
12566,2017-03-07 14:00:00,0.057531,0.146028,0.382444,0.000056
12567,2017-03-07 15:00:00,0.051337,0.146018,0.382589,0
12568,2017-03-07 16:00:00,0.04369,0.146017,0.382608,0
12569,2017-03-07 17:00:00,0.033649,0.146016,0.382622,0
12570,2017-03-07 18:00:00,0.023649,0.146016,0.382626,0.000028
12571,2017-03-07 19:00:00,0.014346,0.146013,0.382662,0.000056
12572,2017-03-07 20:00:00,0.008224,0.146009,0.38273,0
12573,2017-03-07 21:00:00,0.005246,0.146012,0.382684,0.000017
12574,2017-03-07 22:00:00,0.001158,0.14601,0.382712,0
12575,2017-03-07 23:00:00,0.000793,0.14601,0.382715,0
12576,2017-03-08 00:00:00,0.000522,0.146009,0.382719,0.000039
12577,2017-03-08 01:00:00,0.000346,0.146005,0.382778,0.000017
12578,2017-03-08 02:00:00,0.000227,0.146003,0.382807,0
12579,2017-03-08 03:00:00,0.000147,0.146003,0.382812,0
12580,2017-03-08 04:00:00,0.000095,0.146003,0.382814,0
12581,2017-03-08 05:00:00,0.000061,0.146003,0.382814,0
12582,2017-03-08 06:00:00,0.000038,0.146003,0.382816,0
12583,2017-03-08 07:00:00,0.000024,0.146003,0.382814,0.000084
12584,2017-03-08 08:00:00,0.000015,0.145995,0.382931,0.000497
12585,2017-03-08 09:00:00,0.000009,0.145944,0.383643,0.000362
12586,2017-03-08 10:00:00,0.000005,0.145907,0.384166,0.000017
12587,2017-03-08 11:00:00,0.000003,0.145905,0.384194,0.000083
12588,2017-03-08 12:00:00,0.000002,0.145896,0.384319,0.000283
12589,2017-03-08 13:00:00,0,0.145866,0.384729,0.000546
12590,2017-03-08 14:00:00,0,0.145811,0.385494,0.000138
12591,2017-03-08 15:00:00,0,0.145798,0.385672,0
12592,2017-03-08 16:00:00,0,0.1458,0.385636,0
12593,2017-03-08 17:00:00,0,0.145805,0.385569,0
12594,2017-03-08 18:00:00,0,0.145813,0.385464,0
12595,2017-03-08 19:00:00,0,0.145825,0.3853,0
12596,2017-03-08 20:00:00,0,0.145839,0.385107,0
12597,2017-03-08 21:00:00,0,0.145853,0.38491,0
12598,2017-03-08 22:00:00,0,0.145863,0.384771,0
12599,2017-03-08 23:00:00,0,0.145872,0.384646,0
12600,2017-03-09 00:00:00,0,0.145879,0.384552,0
12601,2017-03-09 01:00:00,0,0.145885,0.384468,0
12602,2017-03-09 02:00:00,0,0.14589,0.3844,0
12603,2017-03-09 03:00:00,0,0.145894,0.384349,0
12604,2017-03-09 04:00:00,0,0.145897,0.384307,0
12605,2017-03-09 05:00:00,0,0.1459,0.384264,0
12606,2017-03-09 06:00:00,0,0.145904,0.384214,0
12607,2017-03-09 07:00:00,0,0.145907,0.384163,0
12608,2017-03-09 08:00:00,0,0.14591,0.384118,0
12609,2017-03-09 09:00:00,0,0.145914,0.384066,0
12610,2017-03-09 10:00:00,0,0.145919,0.383993,0
12611,2017-03-09 11:00:00,0,0.145925,0.383909,0
12612,2017-03-09 12:00:00,0,0.145931,0.383828,0
12613,2017-03-09 13:00:00,0,0.145935,0.383773,0
12614,2017-03-09 14:00:00,0,0.14594,0.383698,0
12615,2017-03-09 15:00:00,0,0.145948,0.383595,0
12616,2017-03-09 16:00:00,0,0.145957,0.383458,0
12617,2017-03-09 17:00:00,0,0.145968,0.383302,0
12618,2017-03-09 18:00:00,0,0.14598,0.383133,0
12619,2017-03-09 19:00:00,0,0.145993,0.382958,0
12620,2017-03-09 20:00:00,0,0.146004,0.38279,0
12621,2017-03-09 21:00:00,0,0.146015,0.382636,0
12622,2017-03-09 22:00:00,0,0.146022,0.382531,0
12623,2017-03-09 23:00:00,0,0.146028,0.382448,0
12624,2017-03-10 00:00:00,0,0.146033,0.382385,0
12625,2017-03-10 01:00:00,0,0.146036,0.382342,0
12626,2017-03-10 02:00:00,0,0.146038,0.382306,0
12627,2017-03-10 03:00:00,0,0.14604,0.382278,0
12628,2017-03-10 04:00:00,0,0.146042,0.382253,0
12629,2017-03-10 05:00:00,0,0.146043,0.382232,0
12630,2017-03-10 06:00:00,0,0.146044,0.382215,0
12631,2017-03-10 07:00:00,0,0.146046,0.382196,0
12632,2017-03-10 08:00:00,0,0.146047,0.38218,0
12633,2017-03-10 09:00:00,0,0.146048,0.382165,0
12634,2017-03-10 10:00:00,0,0.146049,0.382149,0
12635,2017-03-10 11:00:00,0.231579,0.14605,0.382129,0
12636,2017-03-10 12:00:00,0.483473,0.146052,0.382108,0
12637,2017-03-10 13:00:00,1.015176,0.146049,0.38215,0
12638,2017-03-10 14:00:00,1.425451,0.146048,0.382156,0
12639,2017-03-10 15:00:00,1.708069,0.146046,0.382189,0
12640,2017-03-10 16:00:00,1.755153,0.146039,0.382294,0
12641,2017-03-10 17:00:00,1.723972,0.146029,0.38244,0
12642,2017-03-10 18:00:00,1.577806,0.146015,0.382637,0
12643,2017-03-10 19:00:00,1.296743,0.146,0.382854,0
12644,2017-03-10 20:00:00,0.915771,0.145982,0.383114,0
12645,2017-03-10 21:00:00,0.995175,0.145965,0.383356,0
12646,2017-03-10 22:00:00,0.970392,0.145965,0.383356,0
12647,2017-03-10 23:00:00,0.927271,0.145965,0.383356,0
12648,2017-03-11 00:00:00,0.879771,0.145965,0.383356,0
12649,2017-03-11 01:00:00,0.827367,0.145965,0.383356,0
12650,2017-03-11 02:00:00,0.775933,0.145965,0.383356,0
12651,2017-03-11 03:00:00,0.73395,0.145965,0.383356,0
12652,2017-03-11 04:00:00,0.696856,0.145965,0.383356,0
12653,2017-03-11 05:00:00,0.663729,0.145965,0.383356,0
12654,2017-03-11 06:00:00,0.632951,0.145965,0.383356,0
12655,2017-03-11 07:00:00,0.605009,0.145965,0.383356,0
12656,2017-03-11 08:00:00,0.57901,0.145965,0.383356,0
12657,2017-03-11 09:00:00,0.555837,0.145965,0.383356,0
12658,2017-03-11 10:00:00,0.527409,0.145965,0.383356,0
12659,2017-03-11 11:00:00,0.499683,0.145965,0.383356,0
12660,2017-03-11 12:00:00,0.47151,0.145965,0.383356,0
12661,2017-03-11 13:00:00,0.446352,0.145965,0.383356,0
12662,2017-03-11 14:00:00,0.420481,0.145965,0.383356,0
12663,2017-03-11 15:00:00,0.392134,0.145965,0.383356,0
12664,2017-03-11 16:00:00,0.360999,0.145965,0.383356,0
12665,2017-03-11 17:00:00,0.327068,0.145965,0.383356,0
12666,2017-03-11 18:00:00,0.291341,0.145965,0.383356,0
12667,2017-03-11 19:00:00,0.254205,0.145965,0.383356,0
12668,2017-03-11 20:00:00,0.222398,0.145965,0.383354,0
12669,2017-03-11 21:00:00,0.204921,0.145965,0.383354,0
12670,2017-03-11 22:00:00,0.188005,0.145965,0.383354,0
12671,2017-03-11 23:00:00,0.173325,0.145965,0.383354,0
12672,2017-03-12 00:00:00,0.162141,0.145965,0.383354,0
12673,2017-03-12 01:00:00,0.15187,0.145965,0.383354,0
12674,2017-03-12 02:00:00,0.143045,0.145965,0.383354,0
12675,2017-03-12 03:00:00,0.134688,0.145965,0.383354,0
12676,2017-03-12 04:00:00,0.125726,0.145965,0.383354,0
12677,2017-03-12 05:00:00,0.117588,0.145965,0.383354,0
12678,2017-03-12 06:00:00,0.110689,0.145965,0.383354,0
12679,2017-03-12 07:00:00,0.104849,0.145965,0.383354,0
12680,2017-03-12 08:00:00,0.099792,0.145965,0.383354,0
12681,2017-03-12 09:00:00,0.095285,0.145965,0.383354,0
12682,2017-03-12 10:00:00,0.091464,0.145965,0.383354,0
12683,2017-03-12 11:00:00,0.087311,0.145965,0.383354,0
12684,2017-03-12 12:00:00,0.083047,0.145965,0.383354,0
12685,2017-03-12 13:00:00,0.077703,0.145965,0.383354,0
12686,2017-03-12 14:00:00,0.070804,0.145965,0.383354,0
12687,2017-03-12 15:00:00,0.061863,0.145965,0.383354,0
12688,2017-03-12 16:00:00,0.051664,0.145965,0.383354,0
12689,2017-03-12 17:00:00,0.040868,0.145965,0.383354,0
12690,2017-03-12 18:00:00,0.03105,0.145965,0.383353,0
12691,2017-03-12 19:00:00,0.023115,0.145965,0.383352,0
12692,2017-03-12 20:00:00,0.017259,0.145965,0.383352,0
12693,2017-03-12 21:00:00,0.014387,0.145965,0.383351,0
12694,2017-03-12 22:00:00,0.012092,0.145965,0.383351,0
12695,2017-03-12 23:00:00,0.010309,0.145965,0.383351,0
12696,2017-03-13 00:00:00,0.008881,0.145965,0.383351,0
12697,2017-03-13 01:00:00,0.00771,0.145965,0.383351,0
12698,2017-03-13 02:00:00,0.006759,0.145965,0.383351,0
12699,2017-03-13 03:00:00,0.00593,0.145965,0.383351,0
12700,2017-03-13 04:00:00,0.005278,0.145965,0.383351,0
12701,2017-03-13 05:00:00,0.004723,0.145965,0.383351,0
12702,2017-03-13 06:00:00,0.004202,0.145965,0.383351,0
12703,2017-03-13 07:00:00,0.003757,0.145965,0.383351,0
12704,2017-03-13 08:00:00,0.003401,0.145965,0.383351,0
12705,2017-03-13 09:00:00,0.003134,0.145965,0.383351,0
12706,2017-03-13 10:00:00,0.002915,0.145965,0.383351,0
12707,2017-03-13 11:00:00,0.002745,0.145965,0.383351,0
12708,2017-03-13 12:00:00,0.0025,0.145965,0.383351,0
12709,2017-03-13 13:00:00,0.002014,0.145965,0.383351,0
12710,2017-03-13 14:00:00,0.001194,0.145965,0.383351,0
12711,2017-03-13 15:00:00,0.00006,0.145965,0.383351,0
12712,2017-03-13 16:00:00,0,0.145965,0.383351,0
12713,2017-03-13 17:00:00,0,0.145965,0.383351,0
12714,2017-03-13 18:00:00,0,0.145965,0.38335,0
12715,2017-03-13 19:00:00,0,0.145965,0.383349,0
12716,2017-03-13 20:00:00,0,0.145965,0.383349,0
12717,2017-03-13 21:00:00,0,0.145965,0.383348,0
12718,2017-03-13 22:00:00,0,0.145965,0.383348,0
12719,2017-03-13 23:00:00,0,0.145965,0.383348,0
12720,2017-03-14 00:00:00,0,0.145965,0.383348,0
12721,2017-03-14 01:00:00,0,0.145965,0.383348,0
12722,2017-03-14 02:00:00,0,0.145965,0.383348,0
12723,2017-03-14 03:00:00,0,0.145965,0.383348,0
12724,2017-03-14 04:00:00,0,0.145965,0.383348,0
12725,2017-03-14 05:00:00,0,0.145965,0.383348,0
12726,2017-03-14 06:00:00,0,0.145965,0.383348,0
12727,2017-03-14 07:00:00,0.347368,0.145965,0.383348,0
12728,2017-03-14 08:00:00,0.552065,0.145965,0.383348,0
12729,2017-03-14 09:00:00,1.761257,0.145965,0.383348,0
12730,2017-03-14 10:00:00,2.252858,0.145965,0.383348,0
12731,2017-03-14 11:00:00,2.836311,0.145965,0.383348,0
12732,2017-03-14 12:00:00,3.133378,0.145965,0.383348,0
12733,2017-03-14 13:00:00,3.899991,0.145965,0.383348,0
12734,2017-03-14 14:00:00,5.089108,0.145965,0.383348,0
12735,2017-03-14 15:00:00,6.655693,0.145965,0.383348,0
12736,2017-03-14 16:00:00,10.525301,0.145965,0.383348,0
12737,2017-03-14 17:00:00,15.393434,0.145965,0.383348,0
12738,2017-03-14 18:00:00,20.014732,0.145965,0.383348,0
12739,2017-03-14 19:00:00,22.195602,0.145965,0.383348,0
12740,2017-03-14 20:00:00,23.775227,0.145965,0.383348,0.00035
12741,2017-03-14 21:00:00,23.815323,0.14596,0.383423,0.000028
12742,2017-03-14 22:00:00,24.359501,0.145949,0.383578,0.000316
12743,2017-03-14 23:00:00,24.231815,0.14593,0.38385,0
12744,2017-03-15 00:00:00,24.150381,0.145913,0.384078,0
12745,2017-03-15 01:00:00,23.884838,0.1459,0.384267,0
12746,2017-03-15 02:00:00,23.673344,0.145888,0.384428,0
12747,2017-03-15 03:00:00,23.502373,0.145878,0.384564,0
12748,2017-03-15 04:00:00,23.331224,0.14587,0.384679,0
12749,2017-03-15 05:00:00,23.17173,0.145863,0.384778,0
12750,2017-03-15 06:00:00,23.027161,0.145857,0.384863,0
12751,2017-03-15 07:00:00,22.898335,0.145851,0.384936,0
12752,2017-03-15 08:00:00,22.779394,0.145847,0.385,0
12753,2017-03-15 09:00:00,22.672714,0.145843,0.385054,0
12754,2017-03-15 10:00:00,22.57988,0.145839,0.385102,0
12755,2017-03-15 11:00:00,22.499929,0.145836,0.385144,0
12756,2017-03-15 12:00:00,22.424656,0.145834,0.38518,0
12757,2017-03-15 13:00:00,22.352123,0.145831,0.385212,0
12758,2017-03-15 14:00:00,22.279715,0.145829,0.385241,0
12759,2017-03-15 15:00:00,22.21023,0.145827,0.385266,0
12760,2017-03-15 16:00:00,22.135452,0.145826,0.385288,0
12761,2017-03-15 17:00:00,22.052475,0.145824,0.385308,0
12762,2017-03-15 18:00:00,21.967743,0.145823,0.385326,0
12763,2017-03-15 19:00:00,21.874365,0.145822,0.385342,0
12764,2017-03-15 20:00:00,21.773153,0.145821,0.385357,0
12765,2017-03-15 21:00:00,21.703356,0.14582,0.385371,0
12766,2017-03-15 22:00:00,21.654245,0.145819,0.385384,0
12767,2017-03-15 23:00:00,21.603802,0.145818,0.385395,0
12768,2017-03-16 00:00:00,21.547874,0.145817,0.385406,0
12769,2017-03-16 01:00:00,21.497101,0.145817,0.385416,0
12770,2017-03-16 02:00:00,21.453272,0.145816,0.385424,0
12771,2017-03-16 03:00:00,21.419489,0.145815,0.385432,0
12772,2017-03-16 04:00:00,21.388784,0.145815,0.385438,0
12773,2017-03-16 05:00:00,21.365471,0.145814,0.385444,0
12774,2017-03-16 06:00:00,21.346262,0.145814,0.385449,0
12775,2017-03-16 07:00:00,21.330544,0.145814,0.385453,0
12776,2017-03-16 08:00:00,21.315529,0.145814,0.385456,0
12777,2017-03-16 09:00:00,21.297255,0.145813,0.385459,0
12778,2017-03-16 10:00:00,21.275517,0.145813,0.385461,0
12779,2017-03-16 11:00:00,21.255014,0.145813,0.385462,0
12780,2017-03-16 12:00:00,21.235325,0.145813,0.385464,0
12781,2017-03-16 13:00:00,21.207443,0.145813,0.385465,0
12782,2017-03-16 14:00:00,21.163267,0.145813,0.385465,0
12783,2017-03-16 15:00:00,21.106804,0.145813,0.385466,0
12784,2017-03-16 16:00:00,21.033092,0.145813,0.385467,0
12785,2017-03-16 17:00:00,20.944944,0.145813,0.385467,0
12786,2017-03-16 18:00:00,20.845877,0.145813,0.385469,0
12787,2017-03-16 19:00:00,20.485296,0.145812,0.385474,0
12788,2017-03-16 20:00:00,19.932655,0.145805,0.385578,0
12789,2017-03-16 21:00:00,19.467299,0.145792,0.385756,0
12790,2017-03-16 22:00:00,19.064915,0.14578,0.385912,0
12791,2017-03-16 23:00:00,18.722324,0.14577,0.386043,0
12792,2017-03-17 00:00:00,18.434616,0.145762,0.386153,0
12793,2017-03-17 01:00:00,18.19055,0.145755,0.386246,0
12794,2017-03-17 02:00:00,17.984137,0.14575,0.386323,0
12795,2017-03-17 03:00:00,17.810537,0.145745,0.386388,0
12796,2017-03-17 04:00:00,17.661148,0.145741,0.386442,0
12797,2017-03-17 05:00:00,17.533447,0.145737,0.386488,0
12798,2017-03-17 06:00:00,17.429701,0.145734,0.386526,0
12799,2017-03-17 07:00:00,17.34407,0.145732,0.386557,0
12800,2017-03-17 08:00:00,17.27141,0.14573,0.386582,0
12801,2017-03-17 09:00:00,17.20878,0.145729,0.386603,0
12802,2017-03-17 10:00:00,17.156704,0.145727,0.386619,0
12803,2017-03-17 11:00:00,17.111555,0.145726,0.386632,0
12804,2017-03-17 12:00:00,17.069248,0.145726,0.386642,0
12805,2017-03-17 13:00:00,17.014799,0.145725,0.386649,0
12806,2017-03-17 14:00:00,16.939632,0.145725,0.386655,0
12807,2017-03-17 15:00:00,16.830963,0.145724,0.38666,0
12808,2017-03-17 16:00:00,16.476326,0.145724,0.386669,0
12809,2017-03-17 17:00:00,14.868363,0.145716,0.386768,0
12810,2017-03-17 18:00:00,7.174415,0.145673,0.387347,0
12811,2017-03-17 19:00:00,7.0391,0.145452,0.390186,0
12812,2017-03-17 20:00:00,3.408514,0.145452,0.390184,0
12813,2017-03-17 21:00:00,3.334413,0.145346,0.391501,0
12814,2017-03-17 22:00:00,3.271238,0.145346,0.391501,0
12815,2017-03-17 23:00:00,3.221449,0.145346,0.391501,0
12816,2017-03-18 00:00:00,3.190432,0.145346,0.391501,0
12817,2017-03-18 01:00:00,3.167771,0.145346,0.391501,0
12818,2017-03-18 02:00:00,3.156742,0.145346,0.391501,0
12819,2017-03-18 03:00:00,3.157711,0.145346,0.391501,0
12820,2017-03-18 04:00:00,3.161911,0.145346,0.391501,0
12821,2017-03-18 05:00:00,3.16664,0.145346,0.391501,0
12822,2017-03-18 06:00:00,3.172121,0.145346,0.391501,0
12823,2017-03-18 07:00:00,3.180716,0.145346,0.391501,0
12824,2017-03-18 08:00:00,3.189111,0.145346,0.391501,0
12825,2017-03-18 09:00:00,3.196598,0.145346,0.391501,0
12826,2017-03-18 10:00:00,3.203915,0.145346,0.391501,0
12827,2017-03-18 11:00:00,3.208998,0.145346,0.391501,0
12828,2017-03-18 12:00:00,3.199138,0.145346,0.391501,0
12829,2017-03-18 13:00:00,3.177241,0.145346,0.391501,0
12830,2017-03-18 14:00:00,3.135964,0.145346,0.391501,0
12831,2017-03-18 15:00:00,3.069269,0.145346,0.391501,0
12832,2017-03-18 16:00:00,2.972311,0.145346,0.3915,0
12833,2017-03-18 17:00:00,2.851209,0.145346,0.391499,0
12834,2017-03-18 18:00:00,2.736785,0.145346,0.391497,0
12835,2017-03-18 19:00:00,2.60233,0.145346,0.391495,0
12836,2017-03-18 20:00:00,2.492401,0.145346,0.391493,0
12837,2017-03-18 21:00:00,2.431931,0.145347,0.391492,0
12838,2017-03-18 22:00:00,2.383477,0.145347,0.391492,0
12839,2017-03-18 23:00:00,2.343449,0.145347,0.391492,0
12840,2017-03-19 00:00:00,2.301651,0.145347,0.391492,0
12841,2017-03-19 01:00:00,2.264178,0.145347,0.391492,0
12842,2017-03-19 02:00:00,2.229305,0.145347,0.391492,0
12843,2017-03-19 03:00:00,2.765438,0.145347,0.391492,0
12844,2017-03-19 04:00:00,3.042491,0.145347,0.391492,0
12845,2017-03-19 05:00:00,3.117644,0.145347,0.391492,0
12846,2017-03-19 06:00:00,3.16901,0.145347,0.391492,0
12847,2017-03-19 07:00:00,3.207591,0.145347,0.391492,0
12848,2017-03-19 08:00:00,3.235564,0.145347,0.391492,0
12849,2017-03-19 09:00:00,3.252745,0.145347,0.391492,0
12850,2017-03-19 10:00:00,3.262723,0.145347,0.391492,0
12851,2017-03-19 11:00:00,3.266645,0.145347,0.391492,0
12852,2017-03-19 12:00:00,3.267871,0.145347,0.391492,0
12853,2017-03-19 13:00:00,3.26043,0.145347,0.391492,0
12854,2017-03-19 14:00:00,3.244183,0.145347,0.391492,0
12855,2017-03-19 15:00:00,3.206259,0.145347,0.391491,0
12856,2017-03-19 16:00:00,3.156407,0.145347,0.39149,0
12857,2017-03-19 17:00:00,3.087869,0.145347,0.391488,0
12858,2017-03-19 18:00:00,3.006058,0.145347,0.391486,0
12859,2017-03-19 19:00:00,2.91555,0.145347,0.391485,0
12860,2017-03-19 20:00:00,2.823508,0.145347,0.391483,0
12861,2017-03-19 21:00:00,2.758141,0.145347,0.391481,0
12862,2017-03-19 22:00:00,2.68768,0.145347,0.391483,0
12863,2017-03-19 23:00:00,2.614359,0.145347,0.391487,0
12864,2017-03-20 00:00:00,2.549059,0.145346,0.391494,0
12865,2017-03-20 01:00:00,2.494425,0.145346,0.391501,0
12866,2017-03-20 02:00:00,2.44731,0.145345,0.391507,0
12867,2017-03-20 03:00:00,2.407635,0.145345,0.391512,0
12868,2017-03-20 04:00:00,2.372502,0.145345,0.391515,0
12869,2017-03-20 05:00:00,1.662814,0.145345,0.391516,0
12870,2017-03-20 06:00:00,1.625823,0.145323,0.391776,0
12871,2017-03-20 07:00:00,1.590885,0.145323,0.391776,0
12872,2017-03-20 08:00:00,1.556205,0.145323,0.391776,0
12873,2017-03-20 09:00:00,1.524302,0.145323,0.391776,0
12874,2017-03-20 10:00:00,1.491463,0.145323,0.391776,0
12875,2017-03-20 11:00:00,1.458858,0.145323,0.391776,0
12876,2017-03-20 12:00:00,1.419946,0.145323,0.391776,0
12877,2017-03-20 13:00:00,1.366184,0.145323,0.391776,0
12878,2017-03-20 14:00:00,0.689047,0.145323,0.391776,0
12879,2017-03-20 15:00:00,0,0.145305,0.392003,0
12880,2017-03-20 16:00:00,0,0.145286,0.392225,0
12881,2017-03-20 17:00:00,0,0.145287,0.392222,0
12882,2017-03-20 18:00:00,0,0.145287,0.392218,0
12883,2017-03-20 19:00:00,0,0.145288,0.392209,0
12884,2017-03-20 20:00:00,0,0.145289,0.392192,0
12885,2017-03-20 21:00:00,0,0.145292,0.392158,0
12886,2017-03-20 22:00:00,0,0.145295,0.392123,0
12887,2017-03-20 23:00:00,0,0.145298,0.392089,0
12888,2017-03-21 00:00:00,0,0.1453,0.392062,0
12889,2017-03-21 01:00:00,0,0.145301,0.392041,0
12890,2017-03-21 02:00:00,0,0.145304,0.392017,0
12891,2017-03-21 03:00:00,0,0.145305,0.391994,0
12892,2017-03-21 04:00:00,0,0.145307,0.391971,0
12893,2017-03-21 05:00:00,0,0.145309,0.391952,0
12894,2017-03-21 06:00:00,0,0.14531,0.391942,0
12895,2017-03-21 07:00:00,0,0.145311,0.391929,0
12896,2017-03-21 08:00:00,0,0.145312,0.391915,0
12897,2017-03-21 09:00:00,0,0.145312,0.391915,0
12898,2017-03-21 10:00:00,0,0.145312,0.391915,0
12899,2017-03-21 11:00:00,0,0.145312,0.391915,0
12900,2017-03-21 12:00:00,0,0.145312,0.391915,0
12901,2017-03-21 13:00:00,0,0.145312,0.391915,0
12902,2017-03-21 14:00:00,0,0.145313,0.391898,0
12903,2017-03-21 15:00:00,0,0.145315,0.391872,0
12904,2017-03-21 16:00:00,0,0.145319,0.391823,0
12905,2017-03-21 17:00:00,0,0.145326,0.391744,0
12906,2017-03-21 18:00:00,0,0.145334,0.391643,0
12907,2017-03-21 19:00:00,0,0.145345,0.391515,0
12908,2017-03-21 20:00:00,0,0.145357,0.39137,0
12909,2017-03-21 21:00:00,0,0.145368,0.391234,0
12910,2017-03-21 22:00:00,0,0.145372,0.391178,0
12911,2017-03-21 23:00:00,0,0.145376,0.391132,0
12912,2017-03-22 00:00:00,0,0.145379,0.391093,0
12913,2017-03-22 01:00:00,0,0.145382,0.391059,0
12914,2017-03-22 02:00:00,0,0.145384,0.391029,0
12915,2017-03-22 03:00:00,0,0.145387,0.390999,0
12916,2017-03-22 04:00:00,0,0.145389,0.390967,0
12917,2017-03-22 05:00:00,0,0.145392,0.390938,0
12918,2017-03-22 06:00:00,0,0.145394,0.390912,0
12919,2017-03-22 07:00:00,0,0.145396,0.390888,0
12920,2017-03-22 08:00:00,0,0.145397,0.390867,0
12921,2017-03-22 09:00:00,0,0.145399,0.390846,0
12922,2017-03-22 10:00:00,0,0.145401,0.390824,0
12923,2017-03-22 11:00:00,0,0.145403,0.390794,0
12924,2017-03-22 12:00:00,0,0.145406,0.390759,0
12925,2017-03-22 13:00:00,0.000029,0.145409,0.39072,0
12926,2017-03-22 14:00:00,0.000007,0.145414,0.390665,0
12927,2017-03-22 15:00:00,0.000005,0.145419,0.390596,0
12928,2017-03-22 16:00:00,0.000003,0.145426,0.390517,0
12929,2017-03-22 17:00:00,0.000002,0.145433,0.390427,0
12930,2017-03-22 18:00:00,0,0.145441,0.390325,0
12931,2017-03-22 19:00:00,0,0.14545,0.390207,0
12932,2017-03-22 20:00:00,0,0.145459,0.390093,0
12933,2017-03-22 21:00:00,0,0.145468,0.389987,0
12934,2017-03-22 22:00:00,0,0.145468,0.389987,0
12935,2017-03-22 23:00:00,0,0.145468,0.389987,0
12936,2017-03-23 00:00:00,0,0.145468,0.389987,0
12937,2017-03-23 01:00:00,0,0.145468,0.389987,0
12938,2017-03-23 02:00:00,0,0.145468,0.389987,0
12939,2017-03-23 03:00:00,0,0.145468,0.389987,0
12940,2017-03-23 04:00:00,0,0.145468,0.389987,0
12941,2017-03-23 05:00:00,0,0.145468,0.389987,0
12942,2017-03-23 06:00:00,0,0.145468,0.389987,0
12943,2017-03-23 07:00:00,0,0.145468,0.389987,0
12944,2017-03-23 08:00:00,0,0.145468,0.389987,0
12945,2017-03-23 09:00:00,0,0.145468,0.389987,0
12946,2017-03-23 10:00:00,0,0.145468,0.389987,0
12947,2017-03-23 11:00:00,0,0.145468,0.389987,0
12948,2017-03-23 12:00:00,0,0.145468,0.389987,0
12949,2017-03-23 13:00:00,0,0.145468,0.389987,0
12950,2017-03-23 14:00:00,0,0.145468,0.389987,0
12951,2017-03-23 15:00:00,0,0.145468,0.389987,0
12952,2017-03-23 16:00:00,0,0.145468,0.389987,0
12953,2017-03-23 17:00:00,0,0.145468,0.389986,0
12954,2017-03-23 18:00:00,0,0.145468,0.389985,0
12955,2017-03-23 19:00:00,0,0.145468,0.389983,0
12956,2017-03-23 20:00:00,0,0.145468,0.389982,0
12957,2017-03-23 21:00:00,0,0.145468,0.389981,0
12958,2017-03-23 22:00:00,0,0.145469,0.389978,0
12959,2017-03-23 23:00:00,0,0.145469,0.389976,0
12960,2017-03-24 00:00:00,0,0.145469,0.389974,0
12961,2017-03-24 01:00:00,0,0.145469,0.389974,0
12962,2017-03-24 02:00:00,0,0.145469,0.389974,0
12963,2017-03-24 03:00:00,0,0.145469,0.389974,0
12964,2017-03-24 04:00:00,0,0.145469,0.389974,0
12965,2017-03-24 05:00:00,0,0.145469,0.389974,0
12966,2017-03-24 06:00:00,0,0.145469,0.389974,0
12967,2017-03-24 07:00:00,0,0.145469,0.389974,0
12968,2017-03-24 08:00:00,0,0.145469,0.389974,0
12969,2017-03-24 09:00:00,0,0.145469,0.389974,0
12970,2017-03-24 10:00:00,0,0.145469,0.389974,0
12971,2017-03-24 11:00:00,0,0.145469,0.389974,0
12972,2017-03-24 12:00:00,0,0.145469,0.389974,0
12973,2017-03-24 13:00:00,0,0.145469,0.389974,0
12974,2017-03-24 14:00:00,0,0.145469,0.389974,0
12975,2017-03-24 15:00:00,0,0.145469,0.389973,0
12976,2017-03-24 16:00:00,0,0.145469,0.389972,0
12977,2017-03-24 17:00:00,0,0.145469,0.38997,0
12978,2017-03-24 18:00:00,0,0.145469,0.389968,0.00006
12979,2017-03-24 19:00:00,0,0.145463,0.39005,0
12980,2017-03-24 20:00:00,0,0.145463,0.390047,0
12981,2017-03-24 21:00:00,0,0.145463,0.390042,0
12982,2017-03-24 22:00:00,0,0.145464,0.39004,0
12983,2017-03-24 23:00:00,0,0.145464,0.390036,0
12984,2017-03-25 00:00:00,0,0.145464,0.390032,0
12985,2017-03-25 01:00:00,0,0.145465,0.390026,0
12986,2017-03-25 02:00:00,0,0.145465,0.390019,0
12987,2017-03-25 03:00:00,0,0.145466,0.390011,0
12988,2017-03-25 04:00:00,0,0.145467,0.390003,0
12989,2017-03-25 05:00:00,0,0.145467,0.389993,0
12990,2017-03-25 06:00:00,0,0.145468,0.389982,0
12991,2017-03-25 07:00:00,0,0.145469,0.389973,0
12992,2017-03-25 08:00:00,0,0.14547,0.389964,0
12993,2017-03-25 09:00:00,0,0.14547,0.389957,0
12994,2017-03-25 10:00:00,0,0.145471,0.389947,0
12995,2017-03-25 11:00:00,0,0.145471,0.389941,0
12996,2017-03-25 12:00:00,0,0.145472,0.389937,0
12997,2017-03-25 13:00:00,0,0.145472,0.38993,0
12998,2017-03-25 14:00:00,0,0.145473,0.38992,0
12999,2017-03-25 15:00:00,0,0.145475,0.389899,0
13000,2017-03-25 16:00:00,0,0.145477,0.389867,0
13001,2017-03-25 17:00:00,0,0.145481,0.38982,0
13002,2017-03-25 18:00:00,0,0.145486,0.389762,0
13003,2017-03-25 19:00:00,0,0.14549,0.389711,0
13004,2017-03-25 20:00:00,0,0.145493,0.38967,0
13005,2017-03-25 21:00:00,0,0.145497,0.389624,0.000113
13006,2017-03-25 22:00:00,0,0.145485,0.38977,0.000009
13007,2017-03-25 23:00:00,0,0.145485,0.389775,0
13008,2017-03-26 00:00:00,0,0.145485,0.389767,0
13009,2017-03-26 01:00:00,0,0.145486,0.389762,0
13010,2017-03-26 02:00:00,0,0.145486,0.389758,0
13011,2017-03-26 03:00:00,0,0.145486,0.389752,0
13012,2017-03-26 04:00:00,0,0.145487,0.38975,0
13013,2017-03-26 05:00:00,0.000592,0.145487,0.389746,0
13014,2017-03-26 06:00:00,0.000602,0.145487,0.389745,0
13015,2017-03-26 07:00:00,0.000679,0.145487,0.389741,0
13016,2017-03-26 08:00:00,0.000828,0.145487,0.38974,0
13017,2017-03-26 09:00:00,0.001011,0.145488,0.389737,0
13018,2017-03-26 10:00:00,0.001086,0.145488,0.389737,0
13019,2017-03-26 11:00:00,0.001223,0.145488,0.389737,0
13020,2017-03-26 12:00:00,0.001383,0.145488,0.389737,0
13021,2017-03-26 13:00:00,0.002129,0.145488,0.389737,0
13022,2017-03-26 14:00:00,0.002643,0.145488,0.389737,0
13023,2017-03-26 15:00:00,0.002616,0.14549,0.389713,0
13024,2017-03-26 16:00:00,0.001802,0.145493,0.389675,0
13025,2017-03-26 17:00:00,0.001211,0.145497,0.389622,0.000073
13026,2017-03-26 18:00:00,0.000765,0.145493,0.38967,0.000015
13027,2017-03-26 19:00:00,0.000393,0.145495,0.389642,0
13028,2017-03-26 20:00:00,0.000255,0.145499,0.389589,0
13029,2017-03-26 21:00:00,0.000159,0.145504,0.389529,0
13030,2017-03-26 22:00:00,0.000057,0.145507,0.389496,0
13031,2017-03-26 23:00:00,0.000041,0.145509,0.389465,0.000091
13032,2017-03-27 00:00:00,0.000029,0.145501,0.389566,0
13033,2017-03-27 01:00:00,0.00002,0.145503,0.389541,0
13034,2017-03-27 02:00:00,0.000015,0.145505,0.389518,0
13035,2017-03-27 03:00:00,0.000011,0.145507,0.389496,0
13036,2017-03-27 04:00:00,0.000008,0.145508,0.389476,0
13037,2017-03-27 05:00:00,0.000006,0.14551,0.389458,0
13038,2017-03-27 06:00:00,0.000004,0.145511,0.389445,0
13039,2017-03-27 07:00:00,0.000004,0.145511,0.389435,0
13040,2017-03-27 08:00:00,0.000003,0.145512,0.389427,0
13041,2017-03-27 09:00:00,0.031934,0.145513,0.389421,0
13042,2017-03-27 10:00:00,0.004487,0.145513,0.389417,0
13043,2017-03-27 11:00:00,0.003741,0.145512,0.389425,0
13044,2017-03-27 12:00:00,0.003109,0.145512,0.389427,0.000027
13045,2017-03-27 13:00:00,0.002557,0.145509,0.389468,0
13046,2017-03-27 14:00:00,0.002105,0.145509,0.389468,0.000017
13047,2017-03-27 15:00:00,0.0017,0.145507,0.38949,0.001201
13048,2017-03-27 16:00:00,0.001125,0.145376,0.391128,0.001549
13049,2017-03-27 17:00:00,0.00082,0.145204,0.393207,0.000496
13050,2017-03-27 18:00:00,0.000592,0.145148,0.393873,0.000186
13051,2017-03-27 19:00:00,0.00043,0.145127,0.394112,0.000027
13052,2017-03-27 20:00:00,0.000282,0.145126,0.394131,0.00001
13053,2017-03-27 21:00:00,0.000188,0.145127,0.394116,0
13054,2017-03-27 22:00:00,0.000067,0.145127,0.394116,0
13055,2017-03-27 23:00:00,0.00005,0.145127,0.394119,0
13056,2017-03-28 00:00:00,0.000037,0.145127,0.394121,0
13057,2017-03-28 01:00:00,0.000026,0.145126,0.394124,0
13058,2017-03-28 02:00:00,0.000019,0.145126,0.394127,0
13059,2017-03-28 03:00:00,0.000015,0.145126,0.394131,0
13060,2017-03-28 04:00:00,0.000011,0.145126,0.394132,0
13061,2017-03-28 05:00:00,0.000008,0.145126,0.394134,0
13062,2017-03-28 06:00:00,0.000007,0.145125,0.394137,0
13063,2017-03-28 07:00:00,0.000005,0.145125,0.39414,0
13064,2017-03-28 08:00:00,0.000004,0.145125,0.394143,0
13065,2017-03-28 09:00:00,0.000004,0.145124,0.394146,0
13066,2017-03-28 10:00:00,0.000003,0.145124,0.394149,0
13067,2017-03-28 11:00:00,0.000003,0.145124,0.394153,0
13068,2017-03-28 12:00:00,0.000002,0.145124,0.394156,0
13069,2017-03-28 13:00:00,0.000002,0.145124,0.394157,0
13070,2017-03-28 14:00:00,0.000002,0.145123,0.394157,0
13071,2017-03-28 15:00:00,0.000001,0.145124,0.394153,0
13072,2017-03-28 16:00:00,0,0.145125,0.394139,0
13073,2017-03-28 17:00:00,0,0.145127,0.394119,0
13074,2017-03-28 18:00:00,0,0.145129,0.394094,0
13075,2017-03-28 19:00:00,0,0.145132,0.394058,0.000183
13076,2017-03-28 20:00:00,0,0.145114,0.394271,0.000337
13077,2017-03-28 21:00:00,0,0.145079,0.394669,0.000265
13078,2017-03-28 22:00:00,0,0.145053,0.394973,0.000017
13079,2017-03-28 23:00:00,0,0.145055,0.394945,0.00012
13080,2017-03-29 00:00:00,0,0.145046,0.39505,0.000091
13081,2017-03-29 01:00:00,0,0.145041,0.395111,0.000275
13082,2017-03-29 02:00:00,0,0.145016,0.395395,0.000392
13083,2017-03-29 03:00:00,0,0.14498,0.3958,0.000531
13084,2017-03-29 04:00:00,0,0.144932,0.396341,0.000425
13085,2017-03-29 05:00:00,0,0.1449,0.396707,0.000203
13086,2017-03-29 06:00:00,0,0.144894,0.396771,0.000103
13087,2017-03-29 07:00:00,0,0.1449,0.396705,0
13088,2017-03-29 08:00:00,0,0.144917,0.396516,0
13089,2017-03-29 09:00:00,0,0.144932,0.396343,0
13090,2017-03-29 10:00:00,0,0.144946,0.396185,0
13091,2017-03-29 11:00:00,0,0.144959,0.396038,0
13092,2017-03-29 12:00:00,0,0.144971,0.395903,0
13093,2017-03-29 13:00:00,0,0.144983,0.395775,0
13094,2017-03-29 14:00:00,0,0.144994,0.395648,0
13095,2017-03-29 15:00:00,0,0.145006,0.395516,0
13096,2017-03-29 16:00:00,0,0.145019,0.395368,0
13097,2017-03-29 17:00:00,0,0.145033,0.395205,0
13098,2017-03-29 18:00:00,0,0.145048,0.39503,0
13099,2017-03-29 19:00:00,0,0.145063,0.394862,0
13100,2017-03-29 20:00:00,0,0.145076,0.394708,0
13101,2017-03-29 21:00:00,0,0.145088,0.394574,0
13102,2017-03-29 22:00:00,0,0.145095,0.394494,0
13103,2017-03-29 23:00:00,0,0.1451,0.394431,0
13104,2017-03-30 00:00:00,0,0.145105,0.394377,0
13105,2017-03-30 01:00:00,0,0.145109,0.394329,0
13106,2017-03-30 02:00:00,0,0.145113,0.394279,0
13107,2017-03-30 03:00:00,0,0.145117,0.394228,0
13108,2017-03-30 04:00:00,0,0.145121,0.394182,0
13109,2017-03-30 05:00:00,0,0.145125,0.394144,0
13110,2017-03-30 06:00:00,0,0.145128,0.394111,0
13111,2017-03-30 07:00:00,0,0.14513,0.394087,0
13112,2017-03-30 08:00:00,0,0.145131,0.394069,0
13113,2017-03-30 09:00:00,0,0.145132,0.394055,0
13114,2017-03-30 10:00:00,0,0.145133,0.394046,0
13115,2017-03-30 11:00:00,0,0.145133,0.394046,0
13116,2017-03-30 12:00:00,0,0.145133,0.394046,0
13117,2017-03-30 13:00:00,0,0.145133,0.394046,0
13118,2017-03-30 14:00:00,0,0.145133,0.394046,0
13119,2017-03-30 15:00:00,0,0.145137,0.393999,0
13120,2017-03-30 16:00:00,0,0.145144,0.39392,0
13121,2017-03-30 17:00:00,0,0.145153,0.393818,0
13122,2017-03-30 18:00:00,0,0.145163,0.393692,0
13123,2017-03-30 19:00:00,0,0.145175,0.393553,0
13124,2017-03-30 20:00:00,0,0.145186,0.393422,0
13125,2017-03-30 21:00:00,0,0.145195,0.393312,0
13126,2017-03-30 22:00:00,0,0.145202,0.393235,0
13127,2017-03-30 23:00:00,0,0.145203,0.393221,0
13128,2017-03-31 00:00:00,0,0.145204,0.393209,0
13129,2017-03-31 01:00:00,0,0.145205,0.393197,0
13130,2017-03-31 02:00:00,0,0.145207,0.393172,0
13131,2017-03-31 03:00:00,0,0.145209,0.393149,0.000016
13132,2017-03-31 04:00:00,0,0.145209,0.393152,0.000057
13133,2017-03-31 05:00:00,0,0.145203,0.39322,0.000023
13134,2017-03-31 06:00:00,0,0.145201,0.393246,0.000128
13135,2017-03-31 07:00:00,0,0.145187,0.393414,0.000051
13136,2017-03-31 08:00:00,0,0.145182,0.393477,0.00003
13137,2017-03-31 09:00:00,0,0.145178,0.393514,0.000004
13138,2017-03-31 10:00:00,0,0.145178,0.393514,0
13139,2017-03-31 11:00:00,0,0.145179,0.393509,0.000051
13140,2017-03-31 12:00:00,0,0.145173,0.393575,0.000081
13141,2017-03-31 13:00:00,0,0.145164,0.393682,0.000026
13142,2017-03-31 14:00:00,0,0.145162,0.393711,0.000134
13143,2017-03-31 15:00:00,0,0.145147,0.393886,0.000166
13144,2017-03-31 16:00:00,0,0.145128,0.394103,0.000448
13145,2017-03-31 17:00:00,0,0.145079,0.394675,0.000147
13146,2017-03-31 18:00:00,0,0.145066,0.394823,0.000192
13147,2017-03-31 19:00:00,0,0.14505,0.395012,0.000371
13148,2017-03-31 20:00:00,0.836943,0.145015,0.395407,0
13149,2017-03-31 21:00:00,0.216022,0.145024,0.395305,0.000377
13150,2017-03-31 22:00:00,0.973374,0.144965,0.395972,0
13151,2017-03-31 23:00:00,1.158998,0.14497,0.395915,0
13152,2017-04-01 00:00:00,2.357736,0.144954,0.396103,0
13153,2017-04-01 01:00:00,3.403205,0.144957,0.39607,0
13154,2017-04-01 02:00:00,4.60452,0.14496,0.396032,0
13155,2017-04-01 03:00:00,6.132764,0.144972,0.395899,0
13156,2017-04-01 04:00:00,7.414562,0.144982,0.395778,0
13157,2017-04-01 05:00:00,8.73639,0.144992,0.395666,0
13158,2017-04-01 06:00:00,10.065477,0.145001,0.395563,0
13159,2017-04-01 07:00:00,10.909635,0.14501,0.395469,0
13160,2017-04-01 08:00:00,11.434147,0.145015,0.395413,0
13161,2017-04-01 09:00:00,14.987392,0.145015,0.395407,0
13162,2017-04-01 10:00:00,16.610735,0.145016,0.395399,0.00116
13163,2017-04-01 11:00:00,16.160448,0.144918,0.396497,0.000879
13164,2017-04-01 12:00:00,15.234606,0.144804,0.397765,0.001099
13165,2017-04-01 13:00:00,13.334143,0.144663,0.399273,0.00074
13166,2017-04-01 14:00:00,10.889097,0.144546,0.400504,0.000379
13167,2017-04-01 15:00:00,8.22515,0.144463,0.401354,0.00034
13168,2017-04-01 16:00:00,4.544986,0.144386,0.402134,0.000136
13169,2017-04-01 17:00:00,0.243648,0.144307,0.402916,0
13170,2017-04-01 18:00:00,0.21709,0.144232,0.403655,0
13171,2017-04-01 19:00:00,0.03757,0.144308,0.402913,0
13172,2017-04-01 20:00:00,0.021794,0.14437,0.402291,0
13173,2017-04-01 21:00:00,0.012307,0.144434,0.401647,0
13174,2017-04-01 22:00:00,0.007885,0.144494,0.40104,0
13175,2017-04-01 23:00:00,0.002842,0.144547,0.400493,0
13176,2017-04-02 00:00:00,0.001984,0.144595,0.399988,0
13177,2017-04-02 01:00:00,0.001358,0.144639,0.399525,0
13178,2017-04-02 02:00:00,0.000947,0.14468,0.399097,0
13179,2017-04-02 03:00:00,0.000675,0.144716,0.398706,0
13180,2017-04-02 04:00:00,0.000494,0.14475,0.398347,0
13181,2017-04-02 05:00:00,0.000368,0.14478,0.398018,0
13182,2017-04-02 06:00:00,0.000282,0.144808,0.397716,0
13183,2017-04-02 07:00:00,0.000223,0.144833,0.397439,0
13184,2017-04-02 08:00:00,0.00018,0.144856,0.397187,0
13185,2017-04-02 09:00:00,0.000147,0.144877,0.396956,0
13186,2017-04-02 10:00:00,0.000122,0.144896,0.396745,0
13187,2017-04-02 11:00:00,0.000135,0.144914,0.396551,0
13188,2017-04-02 12:00:00,0.000126,0.14493,0.396374,0
13189,2017-04-02 13:00:00,0.000143,0.144944,0.396209,0
13190,2017-04-02 14:00:00,0.000147,0.144959,0.396046,0
13191,2017-04-02 15:00:00,0.000124,0.144974,0.395879,0
13192,2017-04-02 16:00:00,0.00009,0.144989,0.395703,0
13193,2017-04-02 17:00:00,0.000052,0.145005,0.395518,0
13194,2017-04-02 18:00:00,0.000025,0.145023,0.395322,0
13195,2017-04-02 19:00:00,0.00001,0.14504,0.39512,0
13196,2017-04-02 20:00:00,0.000003,0.145058,0.394914,0
13197,2017-04-02 21:00:00,0,0.145074,0.394734,0
13198,2017-04-02 22:00:00,0,0.145086,0.394591,0
13199,2017-04-02 23:00:00,0,0.145092,0.394519,0
13200,2017-04-03 00:00:00,0,0.145096,0.394478,0
13201,2017-04-03 01:00:00,0,0.145098,0.394451,0
13202,2017-04-03 02:00:00,0,0.145101,0.394423,0
13203,2017-04-03 03:00:00,0,0.145103,0.394398,0
13204,2017-04-03 04:00:00,0,0.145105,0.394371,0
13205,2017-04-03 05:00:00,0,0.145107,0.394345,0
13206,2017-04-03 06:00:00,0,0.145109,0.394321,0
13207,2017-04-03 07:00:00,0,0.145111,0.394301,0
13208,2017-04-03 08:00:00,0,0.145113,0.394282,0
13209,2017-04-03 09:00:00,0,0.145114,0.394266,0
13210,2017-04-03 10:00:00,0,0.145115,0.394254,0
13211,2017-04-03 11:00:00,0,0.145116,0.394243,0
13212,2017-04-03 12:00:00,0,0.145117,0.394236,0
13213,2017-04-03 13:00:00,0,0.145117,0.394233,0
13214,2017-04-03 14:00:00,0,0.145118,0.394225,0
13215,2017-04-03 15:00:00,0,0.145119,0.394208,0
13216,2017-04-03 16:00:00,0,0.145122,0.39417,0
13217,2017-04-03 17:00:00,0,0.145128,0.394102,0
13218,2017-04-03 18:00:00,0,0.145137,0.394002,0
13219,2017-04-03 19:00:00,0,0.145148,0.393876,0
13220,2017-04-03 20:00:00,0,0.14516,0.393735,0
13221,2017-04-03 21:00:00,0,0.14517,0.393611,0
13222,2017-04-03 22:00:00,0,0.145179,0.393509,0
13223,2017-04-03 23:00:00,0,0.145182,0.393466,0
13224,2017-04-04 00:00:00,0,0.145187,0.393416,0
13225,2017-04-04 01:00:00,0,0.145191,0.393367,0
13226,2017-04-04 02:00:00,0,0.145194,0.393324,0
13227,2017-04-04 03:00:00,0,0.145197,0.393289,0
13228,2017-04-04 04:00:00,0,0.1452,0.393258,0
13229,2017-04-04 05:00:00,0,0.145202,0.393236,0.000032
13230,2017-04-04 06:00:00,0,0.145199,0.393267,0.000153
13231,2017-04-04 07:00:00,0,0.145182,0.393471,0.000707
13232,2017-04-04 08:00:00,0,0.145101,0.394424,0.00079
13233,2017-04-04 09:00:00,0,0.145016,0.395394,0.000499
13234,2017-04-04 10:00:00,0,0.14497,0.395923,0.000658
13235,2017-04-04 11:00:00,0,0.144909,0.396601,0.0014
13236,2017-04-04 12:00:00,0,0.144772,0.398105,0.000769
13237,2017-04-04 13:00:00,0,0.144714,0.398732,0.000826
13238,2017-04-04 14:00:00,0,0.144654,0.399372,0.000445
13239,2017-04-04 15:00:00,0,0.144642,0.3995,0.000269
13240,2017-04-04 16:00:00,0,0.144651,0.399403,0.000047
13241,2017-04-04 17:00:00,0,0.144685,0.39904,0.000174
13242,2017-04-04 18:00:00,0,0.144702,0.398861,0.000047
13243,2017-04-04 19:00:00,0,0.144732,0.398535,0
13244,2017-04-04 20:00:00,0,0.144766,0.398174,0.00006
13245,2017-04-04 21:00:00,0,0.14479,0.397915,0.000076
13246,2017-04-04 22:00:00,0,0.14481,0.397696,0
13247,2017-04-04 23:00:00,0,0.144835,0.397418,0
13248,2017-04-05 00:00:00,0,0.144858,0.397166,0
13249,2017-04-05 01:00:00,0,0.144879,0.396936,0
13250,2017-04-05 02:00:00,0,0.144898,0.396727,0.000237
13251,2017-04-05 03:00:00,0,0.144889,0.396829,0
13252,2017-04-05 04:00:00,0,0.144907,0.396629,0
13253,2017-04-05 05:00:00,0,0.144923,0.396445,0.000026
13254,2017-04-05 06:00:00,0,0.144935,0.396307,0
13255,2017-04-05 07:00:00,0,0.144949,0.39615,0
13256,2017-04-05 08:00:00,0,0.144962,0.396006,0
13257,2017-04-05 09:00:00,0,0.144974,0.395874,0
13258,2017-04-05 10:00:00,0,0.144985,0.395753,0
13259,2017-04-05 11:00:00,0,0.144995,0.395641,0
13260,2017-04-05 12:00:00,0,0.145003,0.39554,0
13261,2017-04-05 13:00:00,0,0.145012,0.395445,0
13262,2017-04-05 14:00:00,0,0.14502,0.395356,0
13263,2017-04-05 15:00:00,0,0.145027,0.39527,0
13264,2017-04-05 16:00:00,0,0.145035,0.395177,0
13265,2017-04-05 17:00:00,0,0.145044,0.395073,0
13266,2017-04-05 18:00:00,0,0.145054,0.394966,0
13267,2017-04-05 19:00:00,0,0.145063,0.394854,0
13268,2017-04-05 20:00:00,0,0.145073,0.394748,0
13269,2017-04-05 21:00:00,0,0.145081,0.394654,0
13270,2017-04-05 22:00:00,0,0.145087,0.394583,0
13271,2017-04-05 23:00:00,0,0.145089,0.394556,0
13272,2017-04-06 00:00:00,0,0.145091,0.394535,0
13273,2017-04-06 01:00:00,0,0.145093,0.394512,0
13274,2017-04-06 02:00:00,0,0.145095,0.394487,0
13275,2017-04-06 03:00:00,0,0.145097,0.394465,0
13276,2017-04-06 04:00:00,0,0.145099,0.394448,0
13277,2017-04-06 05:00:00,0,0.1451,0.394434,0
13278,2017-04-06 06:00:00,0,0.145101,0.394421,0
13279,2017-04-06 07:00:00,0,0.145102,0.39441,0
13280,2017-04-06 08:00:00,0,0.145103,0.394401,0
13281,2017-04-06 09:00:00,0,0.145103,0.394391,0
13282,2017-04-06 10:00:00,0,0.145104,0.394383,0.000001
13283,2017-04-06 11:00:00,0,0.145105,0.394377,0.000162
13284,2017-04-06 12:00:00,0,0.145087,0.394577,0.000013
13285,2017-04-06 13:00:00,0,0.145088,0.394573,0.001256
13286,2017-04-06 14:00:00,0,0.144955,0.396089,0.000725
13287,2017-04-06 15:00:00,0,0.144888,0.396835,0.000555
13288,2017-04-06 16:00:00,0,0.144845,0.39731,0.000357
13289,2017-04-06 17:00:00,0,0.144828,0.397503,0.000956
13290,2017-04-06 18:00:00,0,0.144745,0.3984,0.001216
13291,2017-04-06 19:00:00,0,0.14464,0.399519,0.000145
13292,2017-04-06 20:00:00,0,0.144664,0.399266,0.000009
13293,2017-04-06 21:00:00,0,0.144702,0.398862,0
13294,2017-04-06 22:00:00,0,0.144738,0.398479,0.000032
13295,2017-04-06 23:00:00,0,0.144765,0.398185,0.00299
13296,2017-04-07 00:00:00,0,0.144466,0.401327,0.000877
13297,2017-04-07 01:00:00,0,0.144417,0.40182,0.000091
13298,2017-04-07 02:00:00,0,0.144464,0.401339,0.000028
13299,2017-04-07 03:00:00,0,0.144515,0.40082,0
13300,2017-04-07 04:00:00,0,0.144564,0.400312,0
13301,2017-04-07 05:00:00,0,0.14461,0.399836,0
13302,2017-04-07 06:00:00,0,0.144652,0.399393,0
13303,2017-04-07 07:00:00,0,0.14469,0.398986,0
13304,2017-04-07 08:00:00,0,0.144725,0.398611,0
13305,2017-04-07 09:00:00,0,0.144757,0.398268,0
13306,2017-04-07 10:00:00,0,0.144786,0.397952,0
13307,2017-04-07 11:00:00,0,0.144813,0.397662,0
13308,2017-04-07 12:00:00,0,0.144838,0.397389,0
13309,2017-04-07 13:00:00,0,0.144862,0.397126,0
13310,2017-04-07 14:00:00,0,0.144884,0.396876,0
13311,2017-04-07 15:00:00,0,0.144906,0.396632,0
13312,2017-04-07 16:00:00,0,0.144928,0.396394,0
13313,2017-04-07 17:00:00,0,0.144947,0.396173,0
13314,2017-04-07 18:00:00,0,0.144966,0.395965,0
13315,2017-04-07 19:00:00,0,0.144983,0.395775,0
13316,2017-04-07 20:00:00,0,0.144998,0.395603,0.000009
13317,2017-04-07 21:00:00,0,0.14501,0.395461,0.000008
13318,2017-04-07 22:00:00,0,0.145022,0.395327,0.000033
13319,2017-04-07 23:00:00,0,0.145027,0.395267,0
13320,2017-04-08 00:00:00,0,0.145036,0.395171,0
13321,2017-04-08 01:00:00,0,0.145044,0.395077,0
13322,2017-04-08 02:00:00,0,0.145052,0.394986,0
13323,2017-04-08 03:00:00,0,0.145059,0.394905,0
13324,2017-04-08 04:00:00,0,0.145065,0.394835,0
13325,2017-04-08 05:00:00,0,0.145071,0.394771,0
13326,2017-04-08 06:00:00,0,0.145075,0.394715,0
13327,2017-04-08 07:00:00,0,0.14508,0.394664,0
13328,2017-04-08 08:00:00,0,0.145084,0.394615,0
13329,2017-04-08 09:00:00,0,0.145088,0.394569,0
13330,2017-04-08 10:00:00,0,0.145092,0.394523,0
13331,2017-04-08 11:00:00,0,0.145096,0.394482,0
13332,2017-04-08 12:00:00,0,0.145099,0.394443,0
13333,2017-04-08 13:00:00,0,0.145103,0.394401,0
13334,2017-04-08 14:00:00,0,0.145107,0.39435,0
13335,2017-04-08 15:00:00,0,0.145112,0.394291,0
13336,2017-04-08 16:00:00,0,0.145118,0.394225,0
13337,2017-04-08 17:00:00,0,0.145124,0.394146,0
13338,2017-04-08 18:00:00,0,0.145132,0.394059,0
13339,2017-04-08 19:00:00,0,0.14514,0.393965,0
13340,2017-04-08 20:00:00,0,0.145149,0.393861,0
13341,2017-04-08 21:00:00,0,0.145158,0.393749,0
13342,2017-04-08 22:00:00,0,0.145167,0.393646,0
13343,2017-04-08 23:00:00,0,0.145174,0.39357,0
13344,2017-04-09 00:00:00,0,0.145179,0.393508,0
13345,2017-04-09 01:00:00,0,0.145183,0.393457,0
13346,2017-04-09 02:00:00,0,0.145187,0.393412,0
13347,2017-04-09 03:00:00,0,0.14519,0.393374,0
13348,2017-04-09 04:00:00,0,0.145193,0.393341,0
13349,2017-04-09 05:00:00,0,0.145196,0.393311,0
13350,2017-04-09 06:00:00,0,0.145198,0.393285,0
13351,2017-04-09 07:00:00,0,0.1452,0.393263,0
13352,2017-04-09 08:00:00,0,0.145201,0.393244,0
13353,2017-04-09 09:00:00,0,0.145203,0.393225,0
13354,2017-04-09 10:00:00,0,0.145204,0.393208,0
13355,2017-04-09 11:00:00,0,0.145206,0.393193,0
13356,2017-04-09 12:00:00,0,0.145207,0.393179,0
13357,2017-04-09 13:00:00,0,0.145208,0.393166,0
13358,2017-04-09 14:00:00,0,0.14521,0.393143,0
13359,2017-04-09 15:00:00,0,0.145214,0.393098,0
13360,2017-04-09 16:00:00,0,0.14522,0.393022,0
13361,2017-04-09 17:00:00,0,0.145229,0.392913,0
13362,2017-04-09 18:00:00,0,0.145241,0.39277,0
13363,2017-04-09 19:00:00,0,0.145255,0.392601,0
13364,2017-04-09 20:00:00,0,0.145269,0.392437,0
13365,2017-04-09 21:00:00,0,0.145281,0.392293,0
13366,2017-04-09 22:00:00,0,0.14529,0.392178,0
13367,2017-04-09 23:00:00,0,0.145293,0.392142,0
13368,2017-04-10 00:00:00,0,0.145296,0.392102,0
13369,2017-04-10 01:00:00,0,0.1453,0.392059,0
13370,2017-04-10 02:00:00,0,0.145303,0.39202,0
13371,2017-04-10 03:00:00,0,0.145306,0.391982,0
13372,2017-04-10 04:00:00,0,0.14531,0.391944,0
13373,2017-04-10 05:00:00,0,0.145312,0.391909,0
13374,2017-04-10 06:00:00,0,0.145315,0.391877,0
13375,2017-04-10 07:00:00,0,0.145317,0.39185,0
13376,2017-04-10 08:00:00,0,0.145319,0.391825,0
13377,2017-04-10 09:00:00,0,0.145321,0.391806,0
13378,2017-04-10 10:00:00,0,0.145322,0.391789,0
13379,2017-04-10 11:00:00,0,0.145323,0.391774,0
13380,2017-04-10 12:00:00,0,0.145324,0.391763,0
13381,2017-04-10 13:00:00,0,0.145325,0.391752,0
13382,2017-04-10 14:00:00,0,0.145327,0.391727,0
13383,2017-04-10 15:00:00,0,0.145332,0.391672,0
13384,2017-04-10 16:00:00,0,0.14534,0.391572,0
13385,2017-04-10 17:00:00,0,0.145353,0.391419,0
13386,2017-04-10 18:00:00,0,0.145369,0.391217,0
13387,2017-04-10 19:00:00,0,0.145388,0.390982,0
13388,2017-04-10 20:00:00,0,0.145407,0.390749,0
13389,2017-04-10 21:00:00,0,0.145423,0.390545,0
13390,2017-04-10 22:00:00,0,0.145436,0.39038,0
13391,2017-04-10 23:00:00,0,0.145445,0.390275,0
13392,2017-04-11 00:00:00,0,0.145451,0.390192,0
13393,2017-04-11 01:00:00,0,0.145456,0.390133,0
13394,2017-04-11 02:00:00,0,0.14546,0.390082,0
13395,2017-04-11 03:00:00,0,0.145464,0.390035,0
13396,2017-04-11 04:00:00,0,0.145468,0.389989,0
13397,2017-04-11 05:00:00,0,0.145471,0.38995,0
13398,2017-04-11 06:00:00,0,0.145473,0.389917,0
13399,2017-04-11 07:00:00,0,0.145476,0.389889,0
13400,2017-04-11 08:00:00,0,0.145477,0.38987,0
13401,2017-04-11 09:00:00,0,0.145478,0.389853,0
13402,2017-04-11 10:00:00,0,0.145479,0.389841,0
13403,2017-04-11 11:00:00,0,0.14548,0.389831,0
13404,2017-04-11 12:00:00,0,0.14548,0.38983,0
13405,2017-04-11 13:00:00,0,0.145481,0.389826,0
13406,2017-04-11 14:00:00,0,0.145482,0.389811,0
13407,2017-04-11 15:00:00,0,0.145485,0.389773,0
13408,2017-04-11 16:00:00,0,0.14549,0.389705,0
13409,2017-04-11 17:00:00,0,0.145499,0.389592,0
13410,2017-04-11 18:00:00,0,0.145511,0.389435,0
13411,2017-04-11 19:00:00,0,0.145527,0.389232,0
13412,2017-04-11 20:00:00,0,0.145544,0.389018,0
13413,2017-04-11 21:00:00,0,0.145559,0.388825,0
13414,2017-04-11 22:00:00,0,0.145572,0.388662,0
13415,2017-04-11 23:00:00,0,0.145578,0.388577,0
13416,2017-04-12 00:00:00,0,0.145583,0.388518,0
13417,2017-04-12 01:00:00,0,0.145586,0.388477,0
13418,2017-04-12 02:00:00,0,0.145589,0.388446,0
13419,2017-04-12 03:00:00,0,0.145591,0.38842,0
13420,2017-04-12 04:00:00,0,0.145592,0.3884,0
13421,2017-04-12 05:00:00,0,0.145593,0.388383,0
13422,2017-04-12 06:00:00,0,0.145594,0.38837,0
13423,2017-04-12 07:00:00,0,0.145595,0.388359,0
13424,2017-04-12 08:00:00,0,0.145596,0.388352,0
13425,2017-04-12 09:00:00,0,0.145596,0.388349,0
13426,2017-04-12 10:00:00,0,0.145596,0.388345,0
13427,2017-04-12 11:00:00,0,0.145596,0.388343,0
13428,2017-04-12 12:00:00,0,0.145596,0.388348,0
13429,2017-04-12 13:00:00,0,0.145596,0.388348,0
13430,2017-04-12 14:00:00,0,0.145597,0.388339,0
13431,2017-04-12 15:00:00,0,0.145599,0.38831,0
13432,2017-04-12 16:00:00,0,0.145603,0.388262,0
13433,2017-04-12 17:00:00,0,0.145609,0.388183,0
13434,2017-04-12 18:00:00,0,0.145618,0.388059,0
13435,2017-04-12 19:00:00,0,0.145629,0.387926,0
13436,2017-04-12 20:00:00,0,0.145639,0.387789,0.000018
13437,2017-04-12 21:00:00,0,0.145646,0.387699,0
13438,2017-04-12 22:00:00,0,0.145654,0.387591,0
13439,2017-04-12 23:00:00,0,0.145658,0.387542,0
13440,2017-04-13 00:00:00,0,0.145661,0.387507,0
13441,2017-04-13 01:00:00,0,0.145663,0.387481,0
13442,2017-04-13 02:00:00,0,0.145664,0.387456,0
13443,2017-04-13 03:00:00,0,0.145667,0.387426,0
13444,2017-04-13 04:00:00,0,0.145669,0.387392,0
13445,2017-04-13 05:00:00,0,0.145673,0.387349,0
13446,2017-04-13 06:00:00,0,0.145676,0.387308,0
13447,2017-04-13 07:00:00,0,0.145679,0.387266,0
13448,2017-04-13 08:00:00,0,0.145682,0.387229,0
13449,2017-04-13 09:00:00,0,0.145684,0.387196,0
13450,2017-04-13 10:00:00,0,0.145686,0.38717,0
13451,2017-04-13 11:00:00,0,0.145688,0.387146,0
13452,2017-04-13 12:00:00,0,0.14569,0.387118,0
13453,2017-04-13 13:00:00,0,0.145693,0.38708,0
13454,2017-04-13 14:00:00,0,0.145697,0.387024,0
13455,2017-04-13 15:00:00,0,0.145703,0.386948,0
13456,2017-04-13 16:00:00,0,0.14571,0.386849,0
13457,2017-04-13 17:00:00,0,0.145719,0.386728,0
13458,2017-04-13 18:00:00,0,0.14573,0.38659,0
13459,2017-04-13 19:00:00,0,0.145741,0.386444,0
13460,2017-04-13 20:00:00,0,0.145752,0.386293,0
13461,2017-04-13 21:00:00,0,0.145762,0.386155,0
13462,2017-04-13 22:00:00,0,0.14577,0.386043,0
13463,2017-04-13 23:00:00,0,0.145775,0.385984,0
13464,2017-04-14 00:00:00,0,0.145778,0.385945,0
13465,2017-04-14 01:00:00,0,0.145779,0.385926,0
13466,2017-04-14 02:00:00,0,0.14578,0.385909,0
13467,2017-04-14 03:00:00,0,0.145782,0.385879,0
13468,2017-04-14 04:00:00,0,0.145785,0.385849,0
13469,2017-04-14 05:00:00,0,0.145787,0.385821,0
13470,2017-04-14 06:00:00,0,0.145789,0.385793,0
13471,2017-04-14 07:00:00,0,0.14579,0.385771,0
13472,2017-04-14 08:00:00,0,0.145792,0.385752,0
13473,2017-04-14 09:00:00,0,0.145793,0.385736,0
13474,2017-04-14 10:00:00,0,0.145794,0.385721,0
13475,2017-04-14 11:00:00,0,0.145795,0.385709,0
13476,2017-04-14 12:00:00,0,0.145795,0.385706,0
13477,2017-04-14 13:00:00,0,0.145795,0.385704,0
13478,2017-04-14 14:00:00,0,0.145797,0.385687,0
13479,2017-04-14 15:00:00,0,0.145799,0.385652,0
13480,2017-04-14 16:00:00,0,0.145803,0.385601,0
13481,2017-04-14 17:00:00,0,0.145809,0.385517,0
13482,2017-04-14 18:00:00,0,0.145818,0.385391,0
13483,2017-04-14 19:00:00,0,0.14583,0.385234,0
13484,2017-04-14 20:00:00,0,0.14584,0.385091,0
13485,2017-04-14 21:00:00,0,0.145848,0.384978,0
13486,2017-04-14 22:00:00,0,0.145854,0.384897,0
13487,2017-04-14 23:00:00,0,0.145856,0.384871,0
13488,2017-04-15 00:00:00,0,0.145858,0.384849,0
13489,2017-04-15 01:00:00,0,0.145859,0.384831,0
13490,2017-04-15 02:00:00,0,0.14586,0.384819,0
13491,2017-04-15 03:00:00,0,0.145862,0.384796,0
13492,2017-04-15 04:00:00,0,0.145864,0.384769,0
13493,2017-04-15 05:00:00,0,0.145865,0.384744,0
13494,2017-04-15 06:00:00,0,0.145867,0.384721,0
13495,2017-04-15 07:00:00,0,0.145869,0.3847,0
13496,2017-04-15 08:00:00,0,0.14587,0.384685,0
13497,2017-04-15 09:00:00,0,0.145871,0.384671,0
13498,2017-04-15 10:00:00,0,0.145872,0.384657,0
13499,2017-04-15 11:00:00,0,0.145873,0.384645,0
13500,2017-04-15 12:00:00,0,0.145873,0.384637,0
13501,2017-04-15 13:00:00,0,0.145874,0.384629,0
13502,2017-04-15 14:00:00,0,0.145875,0.384606,0
13503,2017-04-15 15:00:00,0,0.14588,0.384544,0
13504,2017-04-15 16:00:00,0,0.145888,0.38443,0
13505,2017-04-15 17:00:00,0,0.145899,0.384274,0
13506,2017-04-15 18:00:00,0,0.145913,0.384089,0
13507,2017-04-15 19:00:00,0,0.145927,0.383892,0
13508,2017-04-15 20:00:00,0,0.145941,0.383685,0
13509,2017-04-15 21:00:00,0,0.145956,0.383482,0
13510,2017-04-15 22:00:00,0,0.145967,0.383326,0
13511,2017-04-15 23:00:00,0,0.145973,0.383232,0
13512,2017-04-16 00:00:00,0,0.145978,0.38317,0.000124
13513,2017-04-16 01:00:00,0,0.145967,0.383323,0.000097
13514,2017-04-16 02:00:00,0,0.145958,0.383448,0
13515,2017-04-16 03:00:00,0,0.145959,0.383433,0
13516,2017-04-16 04:00:00,0,0.14596,0.383422,0
13517,2017-04-16 05:00:00,0,0.14596,0.383415,0
13518,2017-04-16 06:00:00,0,0.145961,0.383412,0
13519,2017-04-16 07:00:00,0,0.145961,0.383413,0
13520,2017-04-16 08:00:00,0,0.145961,0.383412,0
13521,2017-04-16 09:00:00,0,0.14596,0.383415,0
13522,2017-04-16 10:00:00,0,0.14596,0.383417,0
13523,2017-04-16 11:00:00,0,0.14596,0.38342,0
13524,2017-04-16 12:00:00,0,0.14596,0.383423,0
13525,2017-04-16 13:00:00,0,0.14596,0.383422,0
13526,2017-04-16 14:00:00,0,0.145961,0.383405,0
13527,2017-04-16 15:00:00,0,0.145966,0.383334,0
13528,2017-04-16 16:00:00,0,0.145977,0.38318,0
13529,2017-04-16 17:00:00,0,0.145992,0.382968,0
13530,2017-04-16 18:00:00,0,0.14601,0.382711,0
13531,2017-04-16 19:00:00,0,0.14603,0.382427,0
13532,2017-04-16 20:00:00,0,0.14605,0.382127,0
13533,2017-04-16 21:00:00,0,0.14607,0.381845,0
13534,2017-04-16 22:00:00,0,0.146086,0.381614,0
13535,2017-04-16 23:00:00,0,0.146097,0.381447,0
13536,2017-04-17 00:00:00,0,0.146106,0.381315,0
13537,2017-04-17 01:00:00,0,0.146114,0.381207,0.00036
13538,2017-04-17 02:00:00,0,0.14608,0.381695,0.000163
13539,2017-04-17 03:00:00,0,0.146065,0.381914,0
13540,2017-04-17 04:00:00,0,0.146066,0.381903,0.000013
13541,2017-04-17 05:00:00,0,0.146065,0.381914,0
13542,2017-04-17 06:00:00,0,0.146066,0.381907,0
13543,2017-04-17 07:00:00,0,0.146066,0.381905,0
13544,2017-04-17 08:00:00,0,0.146066,0.381902,0
13545,2017-04-17 09:00:00,0,0.146066,0.381899,0
13546,2017-04-17 10:00:00,0,0.146066,0.381899,0
13547,2017-04-17 11:00:00,0,0.146066,0.381901,0
13548,2017-04-17 12:00:00,0,0.146066,0.381903,0
13549,2017-04-17 13:00:00,0,0.146066,0.381899,0
13550,2017-04-17 14:00:00,0,0.146069,0.381858,0
13551,2017-04-17 15:00:00,0,0.146076,0.381749,0
13552,2017-04-17 16:00:00,0,0.146089,0.381569,0
13553,2017-04-17 17:00:00,0,0.146103,0.38136,0
13554,2017-04-17 18:00:00,0,0.146119,0.381125,0
13555,2017-04-17 19:00:00,0,0.146136,0.380873,0
13556,2017-04-17 20:00:00,0,0.146152,0.380632,0
13557,2017-04-17 21:00:00,0,0.146167,0.380414,0
13558,2017-04-17 22:00:00,0,0.14618,0.380226,0
13559,2017-04-17 23:00:00,0,0.146189,0.380091,0
13560,2017-04-18 00:00:00,0,0.146196,0.379985,0
13561,2017-04-18 01:00:00,0,0.1462,0.379914,0
13562,2017-04-18 02:00:00,0,0.146205,0.379848,0
13563,2017-04-18 03:00:00,0,0.146209,0.379788,0
13564,2017-04-18 04:00:00,0,0.146212,0.379734,0
13565,2017-04-18 05:00:00,0,0.146215,0.379688,0
13566,2017-04-18 06:00:00,0,0.146218,0.37965,0
13567,2017-04-18 07:00:00,0,0.14622,0.379616,0
13568,2017-04-18 08:00:00,0,0.146222,0.37959,0
13569,2017-04-18 09:00:00,0,0.146224,0.379565,0
13570,2017-04-18 10:00:00,0,0.146225,0.379539,0
13571,2017-04-18 11:00:00,0,0.146227,0.379514,0
13572,2017-04-18 12:00:00,0,0.146228,0.379492,0
13573,2017-04-18 13:00:00,0,0.14623,0.379464,0
13574,2017-04-18 14:00:00,0,0.146233,0.379422,0
13575,2017-04-18 15:00:00,0,0.146237,0.379365,0
13576,2017-04-18 16:00:00,0,0.146242,0.379289,0
13577,2017-04-18 17:00:00,0,0.146248,0.379196,0
13578,2017-04-18 18:00:00,0,0.146255,0.379086,0
13579,2017-04-18 19:00:00,0,0.146263,0.378971,0
13580,2017-04-18 20:00:00,0,0.14627,0.378856,0
13581,2017-04-18 21:00:00,0,0.146278,0.378736,0
13582,2017-04-18 22:00:00,0,0.146284,0.378636,0
13583,2017-04-18 23:00:00,0,0.146288,0.378575,0
13584,2017-04-19 00:00:00,0,0.146292,0.378523,0
13585,2017-04-19 01:00:00,0,0.146295,0.378475,0
13586,2017-04-19 02:00:00,0,0.146298,0.378423,0
13587,2017-04-19 03:00:00,0,0.146301,0.378376,0
13588,2017-04-19 04:00:00,0,0.146304,0.378333,0
13589,2017-04-19 05:00:00,0,0.146306,0.378301,0
13590,2017-04-19 06:00:00,0,0.146308,0.378273,0
13591,2017-04-19 07:00:00,0,0.146309,0.378254,0
13592,2017-04-19 08:00:00,0,0.14631,0.378238,0
13593,2017-04-19 09:00:00,0,0.146311,0.378223,0
13594,2017-04-19 10:00:00,0,0.146312,0.378211,0
13595,2017-04-19 11:00:00,0,0.146313,0.378201,0
13596,2017-04-19 12:00:00,0,0.146313,0.37819,0
13597,2017-04-19 13:00:00,0,0.146314,0.378172,0
13598,2017-04-19 14:00:00,0,0.146316,0.378141,0
13599,2017-04-19 15:00:00,0,0.14632,0.378091,0
13600,2017-04-19 16:00:00,0,0.146325,0.378012,0
13601,2017-04-19 17:00:00,0,0.146331,0.377911,0
13602,2017-04-19 18:00:00,0,0.146338,0.377798,0
13603,2017-04-19 19:00:00,0,0.146346,0.377683,0
13604,2017-04-19 20:00:00,0,0.146353,0.377571,0
13605,2017-04-19 21:00:00,0,0.146359,0.377479,0
13606,2017-04-19 22:00:00,0,0.146364,0.377405,0.000048
13607,2017-04-19 23:00:00,0,0.146361,0.377443,0.000224
13608,2017-04-20 00:00:00,0,0.146341,0.377752,0.000161
13609,2017-04-20 01:00:00,0,0.146327,0.377974,0.000026
13610,2017-04-20 02:00:00,0,0.146325,0.378001,0.000025
13611,2017-04-20 03:00:00,0,0.146324,0.378029,0
13612,2017-04-20 04:00:00,0,0.146324,0.378023,0.000014
13613,2017-04-20 05:00:00,0,0.146323,0.37804,0.000079
13614,2017-04-20 06:00:00,0,0.146316,0.378155,0.000204
13615,2017-04-20 07:00:00,0,0.146296,0.378452,0.000028
13616,2017-04-20 08:00:00,0,0.146294,0.378492,0
13617,2017-04-20 09:00:00,0,0.146294,0.378492,0
13618,2017-04-20 10:00:00,0,0.146294,0.378491,0
13619,2017-04-20 11:00:00,0,0.146294,0.37849,0
13620,2017-04-20 12:00:00,0,0.146294,0.378491,0.000083
13621,2017-04-20 13:00:00,0,0.146286,0.378614,0
13622,2017-04-20 14:00:00,0,0.146286,0.378614,0
13623,2017-04-20 15:00:00,0,0.146286,0.378613,0
13624,2017-04-20 16:00:00,0,0.146287,0.378602,0
13625,2017-04-20 17:00:00,0,0.146289,0.378572,0
13626,2017-04-20 18:00:00,0,0.146292,0.378517,0
13627,2017-04-20 19:00:00,0,0.146297,0.378435,0
13628,2017-04-20 20:00:00,0,0.146304,0.378339,0
13629,2017-04-20 21:00:00,0,0.14631,0.378234,0
13630,2017-04-20 22:00:00,0,0.146316,0.378152,0
13631,2017-04-20 23:00:00,0,0.146318,0.378116,0
13632,2017-04-21 00:00:00,0,0.14632,0.37808,0
13633,2017-04-21 01:00:00,0,0.146323,0.378044,0
13634,2017-04-21 02:00:00,0,0.146325,0.378009,0
13635,2017-04-21 03:00:00,0,0.146327,0.377978,0
13636,2017-04-21 04:00:00,0,0.146329,0.37795,0.000016
13637,2017-04-21 05:00:00,0,0.146328,0.377956,0.000008
13638,2017-04-21 06:00:00,0,0.146328,0.377954,0.000128
13639,2017-04-21 07:00:00,0,0.146317,0.378131,0.000106
13640,2017-04-21 08:00:00,0,0.146308,0.378279,0.00015
13641,2017-04-21 09:00:00,0,0.146294,0.378492,0.000028
13642,2017-04-21 10:00:00,0,0.146292,0.378526,0.000075
13643,2017-04-21 11:00:00,0,0.146285,0.378632,0.000452
13644,2017-04-21 12:00:00,0,0.146242,0.379287,0.000774
13645,2017-04-21 13:00:00,0,0.146168,0.380398,0.000125
13646,2017-04-21 14:00:00,0,0.146156,0.380577,0
13647,2017-04-21 15:00:00,0,0.146157,0.380569,0.000047
13648,2017-04-21 16:00:00,0,0.146153,0.380627,0.000011
13649,2017-04-21 17:00:00,0,0.146153,0.380628,0
13650,2017-04-21 18:00:00,0,0.146154,0.380611,0
13651,2017-04-21 19:00:00,0,0.146156,0.380583,0
13652,2017-04-21 20:00:00,0,0.146158,0.38055,0.000032
13653,2017-04-21 21:00:00,0,0.146156,0.380572,0.000011
13654,2017-04-21 22:00:00,0,0.146157,0.380559,0.000033
13655,2017-04-21 23:00:00,0,0.146155,0.380597,0
13656,2017-04-22 00:00:00,0,0.146155,0.380588,0.000035
13657,2017-04-22 01:00:00,0,0.146152,0.380634,0.000019
13658,2017-04-22 02:00:00,0,0.14615,0.380661,0.000048
13659,2017-04-22 03:00:00,0,0.146146,0.380729,0
13660,2017-04-22 04:00:00,0,0.146146,0.380728,0
13661,2017-04-22 05:00:00,0,0.146146,0.380728,0.000056
13662,2017-04-22 06:00:00,0,0.14614,0.380809,0
13663,2017-04-22 07:00:00,0,0.14614,0.380808,0
13664,2017-04-22 08:00:00,0,0.146141,0.380807,0
13665,2017-04-22 09:00:00,0,0.146141,0.380804,0
13666,2017-04-22 10:00:00,0,0.146141,0.380801,0
13667,2017-04-22 11:00:00,0,0.146141,0.380799,0
13668,2017-04-22 12:00:00,0,0.146141,0.380796,0
13669,2017-04-22 13:00:00,0,0.146142,0.380792,0
13670,2017-04-22 14:00:00,0,0.146142,0.380786,0
13671,2017-04-22 15:00:00,0,0.146143,0.380773,0.00018
13672,2017-04-22 16:00:00,0,0.146126,0.381023,0.000049
13673,2017-04-22 17:00:00,0,0.146122,0.381081,0.000202
13674,2017-04-22 18:00:00,0,0.146103,0.381362,0.000013
13675,2017-04-22 19:00:00,0,0.146103,0.381365,0
13676,2017-04-22 20:00:00,0,0.146104,0.381349,0
13677,2017-04-22 21:00:00,0,0.146105,0.38133,0
13678,2017-04-22 22:00:00,0,0.146108,0.381294,0
13679,2017-04-22 23:00:00,0,0.146108,0.381289,0
13680,2017-04-23 00:00:00,0,0.146108,0.381285,0
13681,2017-04-23 01:00:00,0,0.146108,0.381282,0
13682,2017-04-23 02:00:00,0,0.146109,0.381276,0
13683,2017-04-23 03:00:00,0,0.146109,0.38127,0
13684,2017-04-23 04:00:00,0,0.14611,0.381264,0
13685,2017-04-23 05:00:00,0,0.14611,0.381262,0
13686,2017-04-23 06:00:00,0,0.14611,0.381258,0
13687,2017-04-23 07:00:00,0,0.14611,0.381252,0
13688,2017-04-23 08:00:00,0,0.146111,0.381242,0
13689,2017-04-23 09:00:00,0,0.146112,0.381228,0
13690,2017-04-23 10:00:00,0,0.146113,0.381215,0
13691,2017-04-23 11:00:00,0,0.146114,0.381203,0
13692,2017-04-23 12:00:00,0,0.146114,0.381196,0
13693,2017-04-23 13:00:00,0,0.146115,0.381188,0
13694,2017-04-23 14:00:00,0,0.146116,0.381168,0
13695,2017-04-23 15:00:00,0,0.146119,0.381129,0
13696,2017-04-23 16:00:00,0,0.146123,0.381066,0
13697,2017-04-23 17:00:00,0,0.146128,0.380992,0
13698,2017-04-23 18:00:00,0,0.146133,0.380918,0
13699,2017-04-23 19:00:00,0,0.146138,0.380839,0
13700,2017-04-23 20:00:00,0,0.146144,0.380758,0
13701,2017-04-23 21:00:00,0,0.146151,0.380655,0
13702,2017-04-23 22:00:00,0,0.146158,0.380553,0
13703,2017-04-23 23:00:00,0,0.146162,0.380496,0
13704,2017-04-24 00:00:00,0,0.146165,0.38045,0
13705,2017-04-24 01:00:00,0,0.146167,0.380416,0
13706,2017-04-24 02:00:00,0,0.146169,0.380391,0
13707,2017-04-24 03:00:00,0,0.14617,0.380373,0
13708,2017-04-24 04:00:00,0,0.146171,0.380357,0
13709,2017-04-24 05:00:00,0,0.146172,0.380343,0
13710,2017-04-24 06:00:00,0,0.146172,0.380332,0
13711,2017-04-24 07:00:00,0,0.146173,0.380322,0
13712,2017-04-24 08:00:00,0,0.146174,0.380314,0
13713,2017-04-24 09:00:00,0,0.146174,0.380307,0
13714,2017-04-24 10:00:00,0,0.146175,0.3803,0
13715,2017-04-24 11:00:00,0,0.146175,0.380295,0
13716,2017-04-24 12:00:00,0,0.146175,0.380298,0
13717,2017-04-24 13:00:00,0,0.146175,0.380299,0
13718,2017-04-24 14:00:00,0,0.146175,0.380294,0
13719,2017-04-24 15:00:00,0,0.146176,0.380275,0
13720,2017-04-24 16:00:00,0,0.146179,0.38024,0
13721,2017-04-24 17:00:00,0,0.146182,0.380191,0
13722,2017-04-24 18:00:00,0,0.146188,0.380107,0
13723,2017-04-24 19:00:00,0,0.146196,0.37998,0
13724,2017-04-24 20:00:00,0,0.146204,0.379854,0
13725,2017-04-24 21:00:00,0,0.146212,0.379742,0
13726,2017-04-24 22:00:00,0,0.146218,0.379654,0
13727,2017-04-24 23:00:00,0,0.146219,0.379629,0
13728,2017-04-25 00:00:00,0,0.146221,0.37961,0
13729,2017-04-25 01:00:00,0,0.146222,0.379588,0
13730,2017-04-25 02:00:00,0,0.146224,0.379563,0
13731,2017-04-25 03:00:00,0,0.146225,0.379541,0
13732,2017-04-25 04:00:00,0,0.146226,0.37952,0
13733,2017-04-25 05:00:00,0,0.146228,0.379501,0
13734,2017-04-25 06:00:00,0,0.146229,0.379487,0
13735,2017-04-25 07:00:00,0,0.146229,0.379475,0.000064
13736,2017-04-25 08:00:00,0,0.146224,0.379559,0
13737,2017-04-25 09:00:00,0,0.146224,0.379551,0
13738,2017-04-25 10:00:00,0,0.146225,0.37954,0.000136
13739,2017-04-25 11:00:00,0,0.146213,0.379728,0.000103
13740,2017-04-25 12:00:00,0,0.146203,0.379873,0.000119
13741,2017-04-25 13:00:00,0,0.146192,0.380042,0.000025
13742,2017-04-25 14:00:00,0,0.14619,0.380069,0.000046
13743,2017-04-25 15:00:00,0,0.146186,0.380125,0
13744,2017-04-25 16:00:00,0,0.146188,0.380105,0
13745,2017-04-25 17:00:00,0,0.14619,0.38007,0.000021
13746,2017-04-25 18:00:00,0,0.146191,0.380057,0.000037
13747,2017-04-25 19:00:00,0,0.14619,0.380077,0.000264
13748,2017-04-25 20:00:00,0,0.146166,0.380432,0.000311
13749,2017-04-25 21:00:00,0,0.146137,0.380859,0.000171
13750,2017-04-25 22:00:00,0,0.146122,0.381083,0.000107
13751,2017-04-25 23:00:00,0,0.146112,0.381227,0.000084
13752,2017-04-26 00:00:00,0,0.146104,0.381341,0
13753,2017-04-26 01:00:00,0,0.146105,0.381336,0.000051
13754,2017-04-26 02:00:00,0,0.1461,0.381405,0.000164
13755,2017-04-26 03:00:00,0,0.146084,0.38164,0.000042
13756,2017-04-26 04:00:00,0,0.14608,0.381697,0.000849
13757,2017-04-26 05:00:00,0,0.145996,0.382904,0.000115
13758,2017-04-26 06:00:00,0,0.145985,0.383066,0.000438
13759,2017-04-26 07:00:00,0,0.145941,0.383689,0.000681
13760,2017-04-26 08:00:00,0,0.145872,0.384652,0.000423
13761,2017-04-26 09:00:00,0,0.145829,0.385252,0.00019
13762,2017-04-26 10:00:00,0,0.145809,0.385523,0
13763,2017-04-26 11:00:00,0,0.145809,0.385523,0.00005
13764,2017-04-26 12:00:00,0,0.145803,0.385594,0.000113
13765,2017-04-26 13:00:00,0,0.145792,0.385755,0.000017
13766,2017-04-26 14:00:00,0,0.14579,0.38578,0.000062
13767,2017-04-26 15:00:00,0,0.145783,0.385868,0.000063
13768,2017-04-26 16:00:00,0,0.145777,0.385953,0.000206
13769,2017-04-26 17:00:00,0,0.145756,0.386238,0
13770,2017-04-26 18:00:00,0,0.145757,0.386228,0
13771,2017-04-26 19:00:00,0,0.145758,0.38621,0
13772,2017-04-26 20:00:00,0,0.14576,0.386187,0
13773,2017-04-26 21:00:00,0,0.145762,0.386161,0
13774,2017-04-26 22:00:00,0,0.145764,0.386133,0
13775,2017-04-26 23:00:00,0,0.145764,0.386133,0
13776,2017-04-27 00:00:00,0,0.145764,0.386135,0
13777,2017-04-27 01:00:00,0,0.145763,0.386138,0
13778,2017-04-27 02:00:00,0,0.145763,0.386143,0
13779,2017-04-27 03:00:00,0,0.145763,0.386147,0
13780,2017-04-27 04:00:00,0,0.145762,0.386151,0.000008
13781,2017-04-27 05:00:00,0,0.145761,0.386166,0
13782,2017-04-27 06:00:00,0,0.145761,0.38617,0
13783,2017-04-27 07:00:00,0,0.145761,0.386174,0
13784,2017-04-27 08:00:00,0,0.14576,0.386179,0
13785,2017-04-27 09:00:00,0,0.14576,0.386183,0
13786,2017-04-27 10:00:00,0,0.14576,0.386187,0
13787,2017-04-27 11:00:00,0,0.145759,0.386189,0
13788,2017-04-27 12:00:00,0,0.145759,0.386191,0
13789,2017-04-27 13:00:00,0,0.145759,0.386195,0
13790,2017-04-27 14:00:00,0,0.145759,0.386195,0
13791,2017-04-27 15:00:00,0,0.14576,0.386186,0
13792,2017-04-27 16:00:00,0,0.145762,0.386154,0
13793,2017-04-27 17:00:00,0,0.145766,0.386102,0
13794,2017-04-27 18:00:00,0,0.145771,0.386032,0
13795,2017-04-27 19:00:00,0,0.145777,0.385947,0
13796,2017-04-27 20:00:00,0,0.145784,0.385853,0
13797,2017-04-27 21:00:00,0,0.145792,0.385756,0
13798,2017-04-27 22:00:00,0,0.145796,0.38569,0
13799,2017-04-27 23:00:00,0,0.145798,0.385667,0
13800,2017-04-28 00:00:00,0,0.145799,0.385649,0
13801,2017-04-28 01:00:00,0,0.1458,0.385637,0
13802,2017-04-28 02:00:00,0,0.145801,0.385631,0
13803,2017-04-28 03:00:00,0,0.145801,0.385627,0
13804,2017-04-28 04:00:00,0,0.145801,0.385621,0
13805,2017-04-28 05:00:00,0,0.145802,0.385619,0
13806,2017-04-28 06:00:00,0,0.145801,0.385622,0
13807,2017-04-28 07:00:00,0,0.145801,0.385625,0
13808,2017-04-28 08:00:00,0,0.145801,0.385629,0
13809,2017-04-28 09:00:00,0,0.145801,0.385632,0
13810,2017-04-28 10:00:00,0,0.1458,0.385637,0
13811,2017-04-28 11:00:00,0,0.1458,0.385643,0.000059
13812,2017-04-28 12:00:00,0,0.145793,0.385732,0
13813,2017-04-28 13:00:00,0,0.145793,0.385736,0
13814,2017-04-28 14:00:00,0,0.145793,0.385737,0
13815,2017-04-28 15:00:00,0,0.145793,0.38573,0
13816,2017-04-28 16:00:00,0,0.145796,0.385694,0
13817,2017-04-28 17:00:00,0,0.145802,0.385618,0
13818,2017-04-28 18:00:00,0,0.145809,0.385513,0
13819,2017-04-28 19:00:00,0,0.14582,0.385372,0
13820,2017-04-28 20:00:00,0,0.145831,0.385218,0
13821,2017-04-28 21:00:00,0,0.145841,0.385078,0
13822,2017-04-28 22:00:00,0,0.145849,0.384965,0
13823,2017-04-28 23:00:00,0,0.145853,0.38492,0
13824,2017-04-29 00:00:00,0,0.145855,0.384885,0
13825,2017-04-29 01:00:00,0,0.145856,0.384867,0
13826,2017-04-29 02:00:00,0,0.145858,0.384851,0
13827,2017-04-29 03:00:00,0,0.145859,0.38483,0
13828,2017-04-29 04:00:00,0,0.145861,0.384805,0
13829,2017-04-29 05:00:00,0,0.145862,0.384785,0
13830,2017-04-29 06:00:00,0,0.145864,0.384768,0
13831,2017-04-29 07:00:00,0,0.145865,0.384752,0
13832,2017-04-29 08:00:00,0,0.145866,0.384737,0
13833,2017-04-29 09:00:00,0,0.145867,0.384727,0
13834,2017-04-29 10:00:00,0,0.145868,0.384714,0
13835,2017-04-29 11:00:00,0,0.145869,0.384698,0
13836,2017-04-29 12:00:00,0,0.14587,0.384684,0
13837,2017-04-29 13:00:00,0,0.145871,0.384663,0
13838,2017-04-29 14:00:00,0,0.145874,0.384626,0
13839,2017-04-29 15:00:00,0,0.145878,0.384565,0
13840,2017-04-29 16:00:00,0,0.145886,0.384464,0
13841,2017-04-29 17:00:00,0,0.145895,0.384333,0
13842,2017-04-29 18:00:00,0,0.145907,0.38417,0
13843,2017-04-29 19:00:00,0,0.145921,0.383969,0
13844,2017-04-29 20:00:00,0,0.145937,0.38375,0
13845,2017-04-29 21:00:00,0,0.145951,0.383544,0
13846,2017-04-29 22:00:00,0,0.145964,0.383362,0
13847,2017-04-29 23:00:00,0,0.145974,0.383228,0
13848,2017-04-30 00:00:00,0,0.145981,0.383117,0
13849,2017-04-30 01:00:00,0,0.145987,0.383033,0
13850,2017-04-30 02:00:00,0,0.145993,0.382952,0
13851,2017-04-30 03:00:00,0,0.145999,0.382867,0
13852,2017-04-30 04:00:00,0,0.146005,0.382784,0
13853,2017-04-30 05:00:00,0,0.14601,0.382706,0
13854,2017-04-30 06:00:00,0,0.146015,0.382633,0
13855,2017-04-30 07:00:00,0,0.14602,0.38257,0
13856,2017-04-30 08:00:00,0,0.146023,0.382517,0
13857,2017-04-30 09:00:00,0,0.146026,0.382476,0
13858,2017-04-30 10:00:00,0,0.146028,0.382444,0
13859,2017-04-30 11:00:00,0,0.14603,0.382417,0
13860,2017-04-30 12:00:00,0,0.146032,0.382387,0
13861,2017-04-30 13:00:00,0,0.146036,0.382339,0
13862,2017-04-30 14:00:00,0,0.14604,0.382284,0
13863,2017-04-30 15:00:00,0,0.146045,0.382212,0
13864,2017-04-30 16:00:00,0,0.14605,0.382137,0
13865,2017-04-30 17:00:00,0,0.146056,0.382051,0
13866,2017-04-30 18:00:00,0,0.146062,0.381957,0.000129
13867,2017-04-30 19:00:00,0,0.146052,0.382098,0
13868,2017-04-30 20:00:00,0,0.146058,0.38202,0
13869,2017-04-30 21:00:00,0,0.146063,0.381948,0
13870,2017-04-30 22:00:00,0,0.146068,0.381868,0
13871,2017-04-30 23:00:00,0,0.146072,0.381817,0
13872,2017-05-01 00:00:00,0,0.146075,0.381765,0
13873,2017-05-01 01:00:00,0,0.146078,0.381726,0
13874,2017-05-01 02:00:00,0,0.146081,0.381687,0
13875,2017-05-01 03:00:00,0,0.146083,0.381651,0
13876,2017-05-01 04:00:00,0,0.146086,0.381614,0
13877,2017-05-01 05:00:00,0,0.146088,0.381578,0
13878,2017-05-01 06:00:00,0,0.14609,0.381549,0
13879,2017-05-01 07:00:00,0,0.146092,0.381524,0
13880,2017-05-01 08:00:00,0,0.146093,0.381503,0
13881,2017-05-01 09:00:00,0,0.146095,0.381483,0
13882,2017-05-01 10:00:00,0,0.146096,0.381468,0
13883,2017-05-01 11:00:00,0,0.146097,0.381456,0
13884,2017-05-01 12:00:00,0,0.146097,0.381448,0
13885,2017-05-01 13:00:00,0,0.146098,0.381441,0
13886,2017-05-01 14:00:00,0,0.146098,0.38143,0
13887,2017-05-01 15:00:00,0,0.1461,0.381407,0
13888,2017-05-01 16:00:00,0,0.146103,0.381362,0
13889,2017-05-01 17:00:00,0,0.146108,0.381292,0
13890,2017-05-01 18:00:00,0,0.146114,0.381197,0
13891,2017-05-01 19:00:00,0,0.146122,0.381087,0
13892,2017-05-01 20:00:00,0,0.14613,0.380968,0
13893,2017-05-01 21:00:00,0,0.146136,0.38087,0
13894,2017-05-01 22:00:00,0,0.146141,0.380803,0
13895,2017-05-01 23:00:00,0,0.146142,0.38078,0
13896,2017-05-02 00:00:00,0,0.146143,0.380764,0
13897,2017-05-02 01:00:00,0,0.146144,0.380755,0
13898,2017-05-02 02:00:00,0,0.146145,0.380748,0
13899,2017-05-02 03:00:00,0,0.146145,0.380743,0
13900,2017-05-02 04:00:00,0,0.146145,0.380739,0
13901,2017-05-02 05:00:00,0,0.146145,0.380738,0
13902,2017-05-02 06:00:00,0,0.146145,0.380738,0
13903,2017-05-02 07:00:00,0,0.146145,0.380736,0.000001
13904,2017-05-02 08:00:00,0,0.146146,0.380734,0.000078
13905,2017-05-02 09:00:00,0,0.146138,0.380845,0.000379
13906,2017-05-02 10:00:00,0,0.146101,0.381389,0.000274
13907,2017-05-02 11:00:00,0,0.146074,0.381784,0.000074
13908,2017-05-02 12:00:00,0,0.146067,0.381892,0.000078
13909,2017-05-02 13:00:00,0,0.146059,0.382005,0
13910,2017-05-02 14:00:00,0,0.146059,0.382,0
13911,2017-05-02 15:00:00,0,0.14606,0.381988,0
13912,2017-05-02 16:00:00,0,0.146062,0.381954,0
13913,2017-05-02 17:00:00,0,0.146067,0.381882,0
13914,2017-05-02 18:00:00,0,0.146074,0.381779,0.000069
13915,2017-05-02 19:00:00,0,0.146073,0.381806,0.000128
13916,2017-05-02 20:00:00,0,0.146066,0.381901,0
13917,2017-05-02 21:00:00,0,0.146077,0.381743,0
13918,2017-05-02 22:00:00,0,0.146089,0.381561,0
13919,2017-05-02 23:00:00,0,0.1461,0.381405,0
13920,2017-05-03 00:00:00,0,0.146111,0.381251,0
13921,2017-05-03 01:00:00,0,0.146122,0.381089,0
13922,2017-05-03 02:00:00,0,0.146132,0.38094,0
13923,2017-05-03 03:00:00,0,0.14614,0.38082,0
13924,2017-05-03 04:00:00,0,0.146146,0.380721,0
13925,2017-05-03 05:00:00,0,0.146152,0.38063,0
13926,2017-05-03 06:00:00,0,0.146158,0.380551,0
13927,2017-05-03 07:00:00,0,0.146162,0.380482,0
13928,2017-05-03 08:00:00,0,0.146167,0.380421,0
13929,2017-05-03 09:00:00,0,0.14617,0.380365,0
13930,2017-05-03 10:00:00,0,0.146174,0.380313,0
13931,2017-05-03 11:00:00,0,0.146177,0.380265,0
13932,2017-05-03 12:00:00,0,0.14618,0.380216,0
13933,2017-05-03 13:00:00,0,0.146184,0.380154,0
13934,2017-05-03 14:00:00,0,0.14619,0.380067,0
13935,2017-05-03 15:00:00,0,0.146198,0.379952,0
13936,2017-05-03 16:00:00,0,0.146207,0.379813,0
13937,2017-05-03 17:00:00,0,0.146217,0.37966,0
13938,2017-05-03 18:00:00,0,0.146228,0.379498,0
13939,2017-05-03 19:00:00,0,0.146238,0.379351,0
13940,2017-05-03 20:00:00,0,0.146248,0.379199,0
13941,2017-05-03 21:00:00,0,0.146257,0.379057,0
13942,2017-05-03 22:00:00,0,0.146265,0.378928,0
13943,2017-05-03 23:00:00,0,0.146272,0.378831,0
13944,2017-05-04 00:00:00,0,0.146277,0.378748,0
13945,2017-05-04 01:00:00,0,0.146282,0.378678,0
13946,2017-05-04 02:00:00,0,0.146285,0.378619,0
13947,2017-05-04 03:00:00,0,0.146289,0.378572,0
13948,2017-05-04 04:00:00,0,0.146291,0.378536,0
13949,2017-05-04 05:00:00,0,0.146293,0.378507,0
13950,2017-05-04 06:00:00,0,0.146294,0.378484,0
13951,2017-05-04 07:00:00,0,0.146296,0.378464,0
13952,2017-05-04 08:00:00,0,0.146297,0.378448,0
13953,2017-05-04 09:00:00,0,0.146298,0.378433,0
13954,2017-05-04 10:00:00,0,0.146298,0.378422,0
13955,2017-05-04 11:00:00,0,0.146299,0.378417,0
13956,2017-05-04 12:00:00,0,0.146299,0.378418,0
13957,2017-05-04 13:00:00,0,0.146299,0.378417,0
13958,2017-05-04 14:00:00,0,0.146299,0.378406,0
13959,2017-05-04 15:00:00,0,0.146301,0.378375,0
13960,2017-05-04 16:00:00,0,0.146305,0.37832,0
13961,2017-05-04 17:00:00,0,0.146309,0.378252,0
13962,2017-05-04 18:00:00,0,0.146315,0.37816,0
13963,2017-05-04 19:00:00,0,0.146323,0.378037,0
13964,2017-05-04 20:00:00,0,0.146331,0.377913,0
13965,2017-05-04 21:00:00,0,0.146339,0.377789,0
13966,2017-05-04 22:00:00,0,0.146346,0.377681,0
13967,2017-05-04 23:00:00,0,0.14635,0.377618,0
13968,2017-05-05 00:00:00,0,0.146353,0.377577,0
13969,2017-05-05 01:00:00,0,0.146354,0.377548,0
13970,2017-05-05 02:00:00,0,0.146356,0.377518,0
13971,2017-05-05 03:00:00,0,0.146358,0.37749,0
13972,2017-05-05 04:00:00,0,0.14636,0.377466,0
13973,2017-05-05 05:00:00,0,0.146361,0.377447,0
13974,2017-05-05 06:00:00,0,0.146362,0.37743,0
13975,2017-05-05 07:00:00,0,0.146363,0.377411,0
13976,2017-05-05 08:00:00,0,0.146364,0.377395,0
13977,2017-05-05 09:00:00,0,0.146365,0.377378,0
13978,2017-05-05 10:00:00,0,0.146366,0.377362,0
13979,2017-05-05 11:00:00,0,0.146367,0.37735,0.000048
13980,2017-05-05 12:00:00,0,0.146363,0.377413,0
13981,2017-05-05 13:00:00,0,0.146363,0.377406,0
13982,2017-05-05 14:00:00,0,0.146364,0.377395,0
13983,2017-05-05 15:00:00,0,0.146365,0.377378,0
13984,2017-05-05 16:00:00,0,0.146367,0.377357,0.000037
13985,2017-05-05 17:00:00,0,0.146365,0.377389,0.000184
13986,2017-05-05 18:00:00,0,0.146349,0.377641,0.00083
13987,2017-05-05 19:00:00,0,0.146272,0.378827,0.003377
13988,2017-05-05 20:00:00,0,0.145958,0.383443,0.002754
13989,2017-05-05 21:00:00,0,0.145686,0.387177,0.00235
13990,2017-05-05 22:00:00,0,0.14544,0.390334,0.000208
13991,2017-05-05 23:00:00,0,0.145417,0.390622,0.000119
13992,2017-05-06 00:00:00,0,0.145404,0.390788,0.000083
13993,2017-05-06 01:00:00,0,0.145394,0.390907,0
13994,2017-05-06 02:00:00,0,0.145394,0.390912,0.000083
13995,2017-05-06 03:00:00,0,0.145384,0.391032,0
13996,2017-05-06 04:00:00,0,0.145384,0.391033,0
13997,2017-05-06 05:00:00,0,0.145384,0.391035,0
13998,2017-05-06 06:00:00,0,0.145383,0.39104,0.000048
13999,2017-05-06 07:00:00,0,0.145377,0.391113,0
14000,2017-05-06 08:00:00,0,0.145377,0.391122,0
14001,2017-05-06 09:00:00,0,0.145376,0.391133,0.000885
14002,2017-05-06 10:00:00,0,0.145276,0.392353,0.000108
14003,2017-05-06 11:00:00,0,0.145262,0.392515,0
14004,2017-05-06 12:00:00,0,0.145261,0.392525,0.00001
14005,2017-05-06 13:00:00,0,0.14526,0.392545,0.000021
14006,2017-05-06 14:00:00,0,0.145257,0.392576,0
14007,2017-05-06 15:00:00,0,0.145258,0.392571,0
14008,2017-05-06 16:00:00,0,0.145259,0.392554,0.000043
14009,2017-05-06 17:00:00,0,0.145256,0.392587,0.000016
14010,2017-05-06 18:00:00,0,0.14526,0.392547,0
14011,2017-05-06 19:00:00,0,0.145271,0.392409,0
14012,2017-05-06 20:00:00,0,0.145284,0.392258,0
14013,2017-05-06 21:00:00,0,0.145295,0.392125,0
14014,2017-05-06 22:00:00,0,0.145303,0.392028,0
14015,2017-05-06 23:00:00,0,0.145307,0.391979,0
14016,2017-05-07 00:00:00,0,0.145309,0.391948,0
14017,2017-05-07 01:00:00,0,0.145311,0.391924,0
14018,2017-05-07 02:00:00,0,0.145313,0.391903,0
14019,2017-05-07 03:00:00,0,0.145314,0.391887,0
14020,2017-05-07 04:00:00,0,0.145315,0.391875,0
14021,2017-05-07 05:00:00,0,0.145316,0.391866,0
14022,2017-05-07 06:00:00,0,0.145316,0.39186,0
14023,2017-05-07 07:00:00,0,0.145317,0.391854,0
14024,2017-05-07 08:00:00,0,0.145317,0.391849,0
14025,2017-05-07 09:00:00,0,0.145318,0.39184,0
14026,2017-05-07 10:00:00,0,0.14532,0.39182,0
14027,2017-05-07 11:00:00,0,0.145321,0.3918,0
14028,2017-05-07 12:00:00,0,0.145323,0.391783,0
14029,2017-05-07 13:00:00,0,0.145325,0.391757,0
14030,2017-05-07 14:00:00,0,0.145329,0.391709,0
14031,2017-05-07 15:00:00,0,0.145335,0.391633,0
14032,2017-05-07 16:00:00,0,0.145343,0.391534,0
14033,2017-05-07 17:00:00,0,0.145352,0.391421,0
14034,2017-05-07 18:00:00,0,0.145363,0.391294,0
14035,2017-05-07 19:00:00,0,0.145373,0.391162,0
14036,2017-05-07 20:00:00,0,0.145384,0.391031,0
14037,2017-05-07 21:00:00,0,0.145393,0.390916,0
14038,2017-05-07 22:00:00,0,0.1454,0.390831,0.00003
14039,2017-05-07 23:00:00,0,0.1454,0.390834,0
14040,2017-05-08 00:00:00,0,0.145403,0.3908,0.000008
14041,2017-05-08 01:00:00,0,0.145404,0.390788,0.000025
14042,2017-05-08 02:00:00,0,0.145403,0.390801,0
14043,2017-05-08 03:00:00,0,0.145404,0.390779,0
14044,2017-05-08 04:00:00,0,0.145406,0.390755,0
14045,2017-05-08 05:00:00,0,0.145409,0.390726,0
14046,2017-05-08 06:00:00,0,0.145411,0.390695,0
14047,2017-05-08 07:00:00,0,0.145413,0.390668,0
14048,2017-05-08 08:00:00,0,0.145415,0.390645,0
14049,2017-05-08 09:00:00,0,0.145417,0.390624,0
14050,2017-05-08 10:00:00,0,0.145418,0.390605,0
14051,2017-05-08 11:00:00,0,0.14542,0.390588,0
14052,2017-05-08 12:00:00,0,0.145421,0.39057,0
14053,2017-05-08 13:00:00,0,0.145423,0.390546,0
14054,2017-05-08 14:00:00,0,0.145426,0.390507,0
14055,2017-05-08 15:00:00,0,0.145431,0.39045,0
14056,2017-05-08 16:00:00,0,0.145436,0.390383,0
14057,2017-05-08 17:00:00,0,0.145442,0.390309,0
14058,2017-05-08 18:00:00,0,0.145449,0.39022,0
14059,2017-05-08 19:00:00,0,0.145457,0.390123,0
14060,2017-05-08 20:00:00,0,0.145465,0.390022,0
14061,2017-05-08 21:00:00,0,0.145473,0.389923,0
14062,2017-05-08 22:00:00,0,0.145479,0.38984,0
14063,2017-05-08 23:00:00,0,0.145484,0.389779,0
14064,2017-05-09 00:00:00,0,0.145489,0.389725,0
14065,2017-05-09 01:00:00,0,0.145492,0.389679,0
14066,2017-05-09 02:00:00,0,0.145495,0.389644,0
14067,2017-05-09 03:00:00,0,0.145497,0.389618,0
14068,2017-05-09 04:00:00,0,0.145498,0.3896,0
14069,2017-05-09 05:00:00,0,0.1455,0.389583,0
14070,2017-05-09 06:00:00,0,0.145501,0.389567,0
14071,2017-05-09 07:00:00,0,0.145502,0.389554,0
14072,2017-05-09 08:00:00,0,0.145502,0.389551,0
14073,2017-05-09 09:00:00,0,0.145502,0.38955,0
14074,2017-05-09 10:00:00,0,0.145503,0.38955,0
14075,2017-05-09 11:00:00,0,0.145503,0.38955,0
14076,2017-05-09 12:00:00,0,0.145502,0.38955,0
14077,2017-05-09 13:00:00,0,0.145502,0.389549,0
14078,2017-05-09 14:00:00,0,0.145503,0.389542,0
14079,2017-05-09 15:00:00,0,0.145504,0.389527,0
14080,2017-05-09 16:00:00,0,0.145506,0.389505,0
14081,2017-05-09 17:00:00,0,0.145508,0.389478,0
14082,2017-05-09 18:00:00,0,0.14551,0.38945,0
14083,2017-05-09 19:00:00,0,0.145512,0.389423,0.000052
14084,2017-05-09 20:00:00,0,0.145508,0.38948,0
14085,2017-05-09 21:00:00,0,0.145511,0.389447,0
14086,2017-05-09 22:00:00,0,0.145513,0.389409,0
14087,2017-05-09 23:00:00,0,0.145514,0.389398,0
14088,2017-05-10 00:00:00,0,0.145515,0.389389,0
14089,2017-05-10 01:00:00,0,0.145516,0.389383,0
14090,2017-05-10 02:00:00,0,0.145516,0.389375,0
14091,2017-05-10 03:00:00,0,0.145517,0.389365,0
14092,2017-05-10 04:00:00,0,0.145518,0.389357,0
14093,2017-05-10 05:00:00,0,0.145519,0.389344,0
14094,2017-05-10 06:00:00,0,0.14552,0.389329,0
14095,2017-05-10 07:00:00,0,0.145521,0.389313,0
14096,2017-05-10 08:00:00,0,0.145522,0.389297,0
14097,2017-05-10 09:00:00,0,0.145524,0.38928,0
14098,2017-05-10 10:00:00,0,0.145525,0.389266,0
14099,2017-05-10 11:00:00,0,0.145525,0.389258,0
14100,2017-05-10 12:00:00,0,0.145526,0.389254,0
14101,2017-05-10 13:00:00,0,0.145526,0.38925,0
14102,2017-05-10 14:00:00,0,0.145527,0.389233,0
14103,2017-05-10 15:00:00,0,0.14553,0.389201,0
14104,2017-05-10 16:00:00,0,0.145533,0.389157,0
14105,2017-05-10 17:00:00,0,0.145537,0.389107,0
14106,2017-05-10 18:00:00,0,0.145541,0.389055,0
14107,2017-05-10 19:00:00,0,0.145545,0.389008,0
14108,2017-05-10 20:00:00,0,0.145549,0.388951,0
14109,2017-05-10 21:00:00,0,0.145554,0.388892,0
14110,2017-05-10 22:00:00,0,0.145558,0.388839,0
14111,2017-05-10 23:00:00,0,0.145559,0.388825,0
14112,2017-05-11 00:00:00,0,0.14556,0.388812,0
14113,2017-05-11 01:00:00,0,0.145561,0.388802,0
14114,2017-05-11 02:00:00,0,0.145561,0.388797,0
14115,2017-05-11 03:00:00,0,0.145562,0.388792,0
14116,2017-05-11 04:00:00,0,0.145562,0.388787,0
14117,2017-05-11 05:00:00,0,0.145563,0.388782,0
14118,2017-05-11 06:00:00,0,0.145563,0.388778,0
14119,2017-05-11 07:00:00,0,0.145563,0.388773,0
14120,2017-05-11 08:00:00,0,0.145564,0.388767,0
14121,2017-05-11 09:00:00,0,0.145564,0.388762,0
14122,2017-05-11 10:00:00,0,0.145564,0.388759,0
14123,2017-05-11 11:00:00,0,0.145565,0.388756,0
14124,2017-05-11 12:00:00,0,0.145565,0.388753,0
14125,2017-05-11 13:00:00,0,0.145565,0.388746,0
14126,2017-05-11 14:00:00,0,0.145567,0.388729,0
14127,2017-05-11 15:00:00,0,0.145569,0.388695,0
14128,2017-05-11 16:00:00,0,0.145573,0.388643,0
14129,2017-05-11 17:00:00,0,0.145578,0.38858,0
14130,2017-05-11 18:00:00,0,0.145584,0.388504,0
14131,2017-05-11 19:00:00,0,0.14559,0.388423,0
14132,2017-05-11 20:00:00,0,0.145596,0.388345,0
14133,2017-05-11 21:00:00,0,0.145602,0.388278,0
14134,2017-05-11 22:00:00,0,0.145605,0.388231,0
14135,2017-05-11 23:00:00,0,0.145606,0.388221,0
14136,2017-05-12 00:00:00,0,0.145606,0.388215,0
14137,2017-05-12 01:00:00,0,0.145607,0.388209,0
14138,2017-05-12 02:00:00,0,0.145607,0.388204,0
14139,2017-05-12 03:00:00,0,0.145608,0.3882,0
14140,2017-05-12 04:00:00,0,0.145608,0.388188,0
14141,2017-05-12 05:00:00,0,0.14561,0.388174,0
14142,2017-05-12 06:00:00,0,0.145611,0.388159,0
14143,2017-05-12 07:00:00,0,0.145612,0.388146,0
14144,2017-05-12 08:00:00,0,0.145612,0.388138,0
14145,2017-05-12 09:00:00,0,0.145613,0.388135,0
14146,2017-05-12 10:00:00,0,0.145613,0.388134,0
14147,2017-05-12 11:00:00,0,0.145613,0.388134,0
14148,2017-05-12 12:00:00,0,0.145613,0.388134,0
14149,2017-05-12 13:00:00,0,0.145613,0.38813,0
14150,2017-05-12 14:00:00,0,0.145614,0.388116,0
14151,2017-05-12 15:00:00,0,0.145616,0.38809,0
14152,2017-05-12 16:00:00,0,0.145619,0.388051,0
14153,2017-05-12 17:00:00,0,0.145623,0.387996,0
14154,2017-05-12 18:00:00,0,0.145628,0.387928,0
14155,2017-05-12 19:00:00,0,0.145634,0.387851,0
14156,2017-05-12 20:00:00,0,0.14564,0.387772,0
14157,2017-05-12 21:00:00,0,0.145646,0.387697,0
14158,2017-05-12 22:00:00,0,0.14565,0.387645,0
14159,2017-05-12 23:00:00,0,0.145652,0.387623,0
14160,2017-05-13 00:00:00,0,0.145653,0.387607,0
14161,2017-05-13 01:00:00,0,0.145654,0.387599,0
14162,2017-05-13 02:00:00,0,0.145654,0.387594,0
14163,2017-05-13 03:00:00,0,0.145654,0.387591,0
14164,2017-05-13 04:00:00,0,0.145654,0.387588,0
14165,2017-05-13 05:00:00,0,0.145655,0.387585,0
14166,2017-05-13 06:00:00,0,0.145655,0.387584,0
14167,2017-05-13 07:00:00,0,0.145655,0.387584,0
14168,2017-05-13 08:00:00,0,0.145655,0.387584,0
14169,2017-05-13 09:00:00,0,0.145655,0.387584,0
14170,2017-05-13 10:00:00,0,0.145655,0.38758,0
14171,2017-05-13 11:00:00,0,0.145655,0.387577,0
14172,2017-05-13 12:00:00,0,0.145656,0.387572,0
14173,2017-05-13 13:00:00,0,0.145656,0.387565,0
14174,2017-05-13 14:00:00,0,0.145657,0.387553,0
14175,2017-05-13 15:00:00,0,0.145659,0.387533,0
14176,2017-05-13 16:00:00,0,0.145661,0.387505,0
14177,2017-05-13 17:00:00,0,0.145664,0.387464,0.00011
14178,2017-05-13 18:00:00,0,0.145655,0.387585,0.000493
14179,2017-05-13 19:00:00,0,0.145605,0.388235,0.000141
14180,2017-05-13 20:00:00,0,0.145593,0.388386,0.000069
14181,2017-05-13 21:00:00,0,0.145589,0.388438,0.000164
14182,2017-05-13 22:00:00,0,0.145574,0.388636,0.000078
14183,2017-05-13 23:00:00,0,0.145567,0.388723,0.000666
14184,2017-05-14 00:00:00,0,0.145496,0.389636,0.000106
14185,2017-05-14 01:00:00,0,0.145485,0.389775,0.000136
14186,2017-05-14 02:00:00,0,0.14547,0.389955,0.000573
14187,2017-05-14 03:00:00,0,0.145407,0.390741,0.000545
14188,2017-05-14 04:00:00,0,0.145347,0.391486,0.001188
14189,2017-05-14 05:00:00,0,0.145214,0.393091,0.001585
14190,2017-05-14 06:00:00,0,0.145039,0.395133,0.001765
14191,2017-05-14 07:00:00,0,0.144855,0.397197,0.000843
14192,2017-05-14 08:00:00,0,0.144783,0.397994,0.000235
14193,2017-05-14 09:00:00,0,0.144783,0.397986,0.000114
14194,2017-05-14 10:00:00,0,0.144798,0.39783,0
14195,2017-05-14 11:00:00,0,0.144824,0.397545,0.000025
14196,2017-05-14 12:00:00,0,0.144845,0.397317,0
14197,2017-05-14 13:00:00,0,0.144866,0.397077,0.000015
14198,2017-05-14 14:00:00,0,0.144885,0.396874,0
14199,2017-05-14 15:00:00,0,0.144903,0.396668,0
14200,2017-05-14 16:00:00,0,0.14492,0.396477,0
14201,2017-05-14 17:00:00,0,0.144936,0.396297,0
14202,2017-05-14 18:00:00,0,0.144952,0.396125,0
14203,2017-05-14 19:00:00,0,0.144966,0.395962,0
14204,2017-05-14 20:00:00,0,0.14498,0.395804,0
14205,2017-05-14 21:00:00,0,0.144993,0.395659,0
14206,2017-05-14 22:00:00,0,0.145006,0.395516,0
14207,2017-05-14 23:00:00,0,0.145016,0.395399,0
14208,2017-05-15 00:00:00,0,0.145025,0.395294,0
14209,2017-05-15 01:00:00,0,0.145033,0.395204,0
14210,2017-05-15 02:00:00,0,0.14504,0.395126,0
14211,2017-05-15 03:00:00,0,0.145046,0.395055,0
14212,2017-05-15 04:00:00,0,0.145051,0.394993,0
14213,2017-05-15 05:00:00,0,0.145056,0.394937,0
14214,2017-05-15 06:00:00,0,0.145061,0.394886,0
14215,2017-05-15 07:00:00,0,0.145065,0.394838,0.000016
14216,2017-05-15 08:00:00,0,0.145067,0.394816,0.000019
14217,2017-05-15 09:00:00,0,0.145068,0.394797,0.000216
14218,2017-05-15 10:00:00,0,0.145048,0.395028,0
14219,2017-05-15 11:00:00,0,0.145053,0.39497,0.000098
14220,2017-05-15 12:00:00,0,0.145047,0.395043,0.00015
14221,2017-05-15 13:00:00,0,0.145036,0.395173,0.000595
14222,2017-05-15 14:00:00,0,0.144977,0.395842,0.000273
14223,2017-05-15 15:00:00,0,0.144958,0.396059,0.000099
14224,2017-05-15 16:00:00,0,0.144959,0.396041,0
14225,2017-05-15 17:00:00,0,0.144972,0.395894,0
14226,2017-05-15 18:00:00,0,0.144986,0.395743,0
14227,2017-05-15 19:00:00,0,0.145,0.39558,0
14228,2017-05-15 20:00:00,0,0.145014,0.395421,0
14229,2017-05-15 21:00:00,0,0.145027,0.395268,0
14230,2017-05-15 22:00:00,0,0.14504,0.395128,0
14231,2017-05-15 23:00:00,0,0.145049,0.395019,0
14232,2017-05-16 00:00:00,0,0.145058,0.394921,0
14233,2017-05-16 01:00:00,0,0.145064,0.394843,0
14234,2017-05-16 02:00:00,0,0.14507,0.394778,0
14235,2017-05-16 03:00:00,0,0.145075,0.394723,0
14236,2017-05-16 04:00:00,0,0.145078,0.39468,0
14237,2017-05-16 05:00:00,0,0.145082,0.394644,0
14238,2017-05-16 06:00:00,0,0.145084,0.394613,0
14239,2017-05-16 07:00:00,0,0.145087,0.394586,0
14240,2017-05-16 08:00:00,0,0.145089,0.394563,0
14241,2017-05-16 09:00:00,0,0.14509,0.394542,0
14242,2017-05-16 10:00:00,0,0.145092,0.394522,0
14243,2017-05-16 11:00:00,0,0.145094,0.394505,0
14244,2017-05-16 12:00:00,0,0.145095,0.394493,0
14245,2017-05-16 13:00:00,0,0.145096,0.39448,0
14246,2017-05-16 14:00:00,0,0.145098,0.394453,0
14247,2017-05-16 15:00:00,0,0.145102,0.394403,0
14248,2017-05-16 16:00:00,0,0.145109,0.394324,0
14249,2017-05-16 17:00:00,0,0.145119,0.394216,0
14250,2017-05-16 18:00:00,0,0.14513,0.39408,0
14251,2017-05-16 19:00:00,0,0.145144,0.393923,0
14252,2017-05-16 20:00:00,0,0.145157,0.393764,0
14253,2017-05-16 21:00:00,0,0.145169,0.393622,0
14254,2017-05-16 22:00:00,0,0.14518,0.393498,0
14255,2017-05-16 23:00:00,0,0.145186,0.393419,0
14256,2017-05-17 00:00:00,0,0.145191,0.393361,0
14257,2017-05-17 01:00:00,0,0.145195,0.393322,0
14258,2017-05-17 02:00:00,0,0.145198,0.393286,0
14259,2017-05-17 03:00:00,0,0.1452,0.393255,0
14260,2017-05-17 04:00:00,0,0.145202,0.393229,0
14261,2017-05-17 05:00:00,0,0.145204,0.393206,0
14262,2017-05-17 06:00:00,0,0.145206,0.393187,0
14263,2017-05-17 07:00:00,0,0.145207,0.393174,0
14264,2017-05-17 08:00:00,0,0.145208,0.393162,0
14265,2017-05-17 09:00:00,0,0.145209,0.393154,0
14266,2017-05-17 10:00:00,0,0.145209,0.393146,0
14267,2017-05-17 11:00:00,0,0.14521,0.393144,0
14268,2017-05-17 12:00:00,0,0.145209,0.393147,0
14269,2017-05-17 13:00:00,0,0.145209,0.393146,0
14270,2017-05-17 14:00:00,0,0.145211,0.393125,0
14271,2017-05-17 15:00:00,0,0.145216,0.393072,0
14272,2017-05-17 16:00:00,0,0.145224,0.392976,0
14273,2017-05-17 17:00:00,0,0.145236,0.392832,0
14274,2017-05-17 18:00:00,0,0.145251,0.392651,0
14275,2017-05-17 19:00:00,0,0.145268,0.392448,0
14276,2017-05-17 20:00:00,0,0.145285,0.39224,0
14277,2017-05-17 21:00:00,0,0.1453,0.392065,0
14278,2017-05-17 22:00:00,0,0.145311,0.391924,0
14279,2017-05-17 23:00:00,0,0.145318,0.39184,0
14280,2017-05-18 00:00:00,0,0.145323,0.391777,0
14281,2017-05-18 01:00:00,0,0.145327,0.391737,0
14282,2017-05-18 02:00:00,0,0.14533,0.391697,0
14283,2017-05-18 03:00:00,0,0.145333,0.391662,0
14284,2017-05-18 04:00:00,0,0.145335,0.39163,0
14285,2017-05-18 05:00:00,0,0.145337,0.391604,0
14286,2017-05-18 06:00:00,0,0.14534,0.391578,0
14287,2017-05-18 07:00:00,0,0.145341,0.391555,0
14288,2017-05-18 08:00:00,0,0.145343,0.391536,0
14289,2017-05-18 09:00:00,0,0.145344,0.391522,0
14290,2017-05-18 10:00:00,0,0.145345,0.391511,0
14291,2017-05-18 11:00:00,0,0.145345,0.391505,0
14292,2017-05-18 12:00:00,0,0.145345,0.391506,0
14293,2017-05-18 13:00:00,0,0.145346,0.391499,0
14294,2017-05-18 14:00:00,0,0.145349,0.391468,0
14295,2017-05-18 15:00:00,0,0.145355,0.391383,0
14296,2017-05-18 16:00:00,0,0.145367,0.391245,0
14297,2017-05-18 17:00:00,0,0.14538,0.391078,0
14298,2017-05-18 18:00:00,0,0.145395,0.390898,0
14299,2017-05-18 19:00:00,0,0.145411,0.390699,0
14300,2017-05-18 20:00:00,0,0.145428,0.39048,0
14301,2017-05-18 21:00:00,0,0.145444,0.390285,0
14302,2017-05-18 22:00:00,0,0.145458,0.390116,0
14303,2017-05-18 23:00:00,0,0.145466,0.390013,0
14304,2017-05-19 00:00:00,0,0.145473,0.389924,0
14305,2017-05-19 01:00:00,0,0.145479,0.389841,0
14306,2017-05-19 02:00:00,0,0.145486,0.389757,0
14307,2017-05-19 03:00:00,0,0.145492,0.389682,0
14308,2017-05-19 04:00:00,0,0.145497,0.389622,0
14309,2017-05-19 05:00:00,0,0.145501,0.389573,0.000189
14310,2017-05-19 06:00:00,0,0.145482,0.38981,0.000095
14311,2017-05-19 07:00:00,0,0.145472,0.389935,0
14312,2017-05-19 08:00:00,0,0.145472,0.389928,0
14313,2017-05-19 09:00:00,0,0.145473,0.389922,0
14314,2017-05-19 10:00:00,0,0.145473,0.389921,0
14315,2017-05-19 11:00:00,0,0.145473,0.389921,0
14316,2017-05-19 12:00:00,0,0.145472,0.389929,0
14317,2017-05-19 13:00:00,0,0.145472,0.389931,0
14318,2017-05-19 14:00:00,0,0.145473,0.389918,0
14319,2017-05-19 15:00:00,0,0.145478,0.389854,0
14320,2017-05-19 16:00:00,0,0.145489,0.389718,0
14321,2017-05-19 17:00:00,0,0.145503,0.389545,0
14322,2017-05-19 18:00:00,0,0.145519,0.389345,0
14323,2017-05-19 19:00:00,0,0.145535,0.389135,0
14324,2017-05-19 20:00:00,0,0.145551,0.388928,0
14325,2017-05-19 21:00:00,0,0.145565,0.388748,0
14326,2017-05-19 22:00:00,0,0.145577,0.3886,0
14327,2017-05-19 23:00:00,0,0.145583,0.388519,0
14328,2017-05-20 00:00:00,0,0.145587,0.388461,0
14329,2017-05-20 01:00:00,0,0.145591,0.388419,0
14330,2017-05-20 02:00:00,0,0.145594,0.388373,0
14331,2017-05-20 03:00:00,0,0.145598,0.388323,0
14332,2017-05-20 04:00:00,0,0.145602,0.38827,0
14333,2017-05-20 05:00:00,0,0.145606,0.388221,0
14334,2017-05-20 06:00:00,0,0.14561,0.38817,0
14335,2017-05-20 07:00:00,0,0.145613,0.388126,0
14336,2017-05-20 08:00:00,0,0.145616,0.388085,0
14337,2017-05-20 09:00:00,0,0.145619,0.388054,0
14338,2017-05-20 10:00:00,0,0.145621,0.388029,0
14339,2017-05-20 11:00:00,0,0.145623,0.388001,0
14340,2017-05-20 12:00:00,0,0.145625,0.387969,0
14341,2017-05-20 13:00:00,0,0.145629,0.387919,0
14342,2017-05-20 14:00:00,0,0.145634,0.387858,0
14343,2017-05-20 15:00:00,0,0.145639,0.387784,0
14344,2017-05-20 16:00:00,0,0.145647,0.387683,0
14345,2017-05-20 17:00:00,0,0.145656,0.387573,0
14346,2017-05-20 18:00:00,0,0.145663,0.387473,0
14347,2017-05-20 19:00:00,0,0.14567,0.387386,0
14348,2017-05-20 20:00:00,0,0.145676,0.387301,0
14349,2017-05-20 21:00:00,0,0.145682,0.387229,0
14350,2017-05-20 22:00:00,0,0.145686,0.387175,0
14351,2017-05-20 23:00:00,0,0.145687,0.387155,0
14352,2017-05-21 00:00:00,0,0.145688,0.387138,0
14353,2017-05-21 01:00:00,0,0.14569,0.387122,0
14354,2017-05-21 02:00:00,0,0.14569,0.387114,0
14355,2017-05-21 03:00:00,0,0.145691,0.387107,0
14356,2017-05-21 04:00:00,0,0.145691,0.387099,0
14357,2017-05-21 05:00:00,0,0.145692,0.387093,0
14358,2017-05-21 06:00:00,0,0.145692,0.387088,0
14359,2017-05-21 07:00:00,0,0.145693,0.387084,0
14360,2017-05-21 08:00:00,0,0.145693,0.387082,0
14361,2017-05-21 09:00:00,0,0.145693,0.38708,0
14362,2017-05-21 10:00:00,0,0.145693,0.387079,0
14363,2017-05-21 11:00:00,0,0.145693,0.387079,0
14364,2017-05-21 12:00:00,0,0.145693,0.38708,0
14365,2017-05-21 13:00:00,0,0.145693,0.387081,0
14366,2017-05-21 14:00:00,0,0.145693,0.387074,0
14367,2017-05-21 15:00:00,0,0.145695,0.387048,0
14368,2017-05-21 16:00:00,0,0.145698,0.387006,0
14369,2017-05-21 17:00:00,0,0.145703,0.386947,0
14370,2017-05-21 18:00:00,0,0.145708,0.386875,0
14371,2017-05-21 19:00:00,0,0.145714,0.386796,0
14372,2017-05-21 20:00:00,0,0.145721,0.38671,0
14373,2017-05-21 21:00:00,0,0.145727,0.386624,0
14374,2017-05-21 22:00:00,0,0.145733,0.386547,0
14375,2017-05-21 23:00:00,0,0.145735,0.386517,0
14376,2017-05-22 00:00:00,0,0.145737,0.386492,0
14377,2017-05-22 01:00:00,0,0.145738,0.386472,0
14378,2017-05-22 02:00:00,0,0.14574,0.386455,0
14379,2017-05-22 03:00:00,0,0.145741,0.386438,0
14380,2017-05-22 04:00:00,0,0.145743,0.386409,0
14381,2017-05-22 05:00:00,0,0.145745,0.386386,0
14382,2017-05-22 06:00:00,0,0.145746,0.386368,0
14383,2017-05-22 07:00:00,0,0.145748,0.386349,0
14384,2017-05-22 08:00:00,0,0.145749,0.386336,0.000107
14385,2017-05-22 09:00:00,0,0.145738,0.386481,0.000142
14386,2017-05-22 10:00:00,0,0.145723,0.386677,0.000201
14387,2017-05-22 11:00:00,0,0.145702,0.386956,0.000054
14388,2017-05-22 12:00:00,0,0.145697,0.387027,0
14389,2017-05-22 13:00:00,0,0.145697,0.387019,0
14390,2017-05-22 14:00:00,0,0.145698,0.387007,0
14391,2017-05-22 15:00:00,0,0.1457,0.386988,0
14392,2017-05-22 16:00:00,0,0.145701,0.38697,0
14393,2017-05-22 17:00:00,0,0.145703,0.386947,0
14394,2017-05-22 18:00:00,0,0.145705,0.386913,0
14395,2017-05-22 19:00:00,0,0.145708,0.386874,0
14396,2017-05-22 20:00:00,0,0.145711,0.386842,0
14397,2017-05-22 21:00:00,0,0.145712,0.386823,0.000059
14398,2017-05-22 22:00:00,0,0.145707,0.386898,0.000016
14399,2017-05-22 23:00:00,0,0.145705,0.386916,0.000139
14400,2017-05-23 00:00:00,0,0.145691,0.38711,0.000432
14401,2017-05-23 01:00:00,0,0.145645,0.387717,0.000055
14402,2017-05-23 02:00:00,0,0.145639,0.387795,0.000028
14403,2017-05-23 03:00:00,0,0.145635,0.387835,0
14404,2017-05-23 04:00:00,0,0.145635,0.387837,0
14405,2017-05-23 05:00:00,0,0.145635,0.387837,0
14406,2017-05-23 06:00:00,0,0.145635,0.387837,0
14407,2017-05-23 07:00:00,0,0.145635,0.387837,0
14408,2017-05-23 08:00:00,0,0.145635,0.387837,0
14409,2017-05-23 09:00:00,0,0.145635,0.387836,0
14410,2017-05-23 10:00:00,0,0.145636,0.387834,0
14411,2017-05-23 11:00:00,0,0.145636,0.387831,0
14412,2017-05-23 12:00:00,0,0.145636,0.38783,0
14413,2017-05-23 13:00:00,0,0.145636,0.387832,0
14414,2017-05-23 14:00:00,0,0.145636,0.387835,0
14415,2017-05-23 15:00:00,0,0.145636,0.387832,0
14416,2017-05-23 16:00:00,0,0.145637,0.387814,0
14417,2017-05-23 17:00:00,0,0.145643,0.387737,0
14418,2017-05-23 18:00:00,0,0.145649,0.387658,0
14419,2017-05-23 19:00:00,0,0.145655,0.387583,0
14420,2017-05-23 20:00:00,0,0.14566,0.38751,0
14421,2017-05-23 21:00:00,0,0.145666,0.387436,0
14422,2017-05-23 22:00:00,0,0.145671,0.387372,0
14423,2017-05-23 23:00:00,0,0.145672,0.387353,0
14424,2017-05-24 00:00:00,0,0.145673,0.38734,0
14425,2017-05-24 01:00:00,0,0.145674,0.387331,0
14426,2017-05-24 02:00:00,0,0.145674,0.387324,0
14427,2017-05-24 03:00:00,0,0.145675,0.387316,0
14428,2017-05-24 04:00:00,0,0.145676,0.387308,0
14429,2017-05-24 05:00:00,0,0.145676,0.387303,0
14430,2017-05-24 06:00:00,0,0.145676,0.387299,0
14431,2017-05-24 07:00:00,0,0.145677,0.387296,0
14432,2017-05-24 08:00:00,0,0.145677,0.387294,0
14433,2017-05-24 09:00:00,0,0.145677,0.387295,0
14434,2017-05-24 10:00:00,0,0.145677,0.387295,0
14435,2017-05-24 11:00:00,0,0.145677,0.387295,0
14436,2017-05-24 12:00:00,0,0.145677,0.387295,0.000009
14437,2017-05-24 13:00:00,0,0.145676,0.387309,0.00008
14438,2017-05-24 14:00:00,0,0.145667,0.387425,0.000113
14439,2017-05-24 15:00:00,0,0.145654,0.387587,0
14440,2017-05-24 16:00:00,0,0.145655,0.387585,0
14441,2017-05-24 17:00:00,0,0.145656,0.387573,0
14442,2017-05-24 18:00:00,0,0.145658,0.387544,0
14443,2017-05-24 19:00:00,0,0.145663,0.387478,0
14444,2017-05-24 20:00:00,0,0.145668,0.387411,0
14445,2017-05-24 21:00:00,0,0.145673,0.387349,0
14446,2017-05-24 22:00:00,0,0.145676,0.387302,0
14447,2017-05-24 23:00:00,0,0.145677,0.38729,0
14448,2017-05-25 00:00:00,0,0.145678,0.387279,0
14449,2017-05-25 01:00:00,0,0.145678,0.387271,0
14450,2017-05-25 02:00:00,0,0.145679,0.387264,0
14451,2017-05-25 03:00:00,0,0.14568,0.387256,0
14452,2017-05-25 04:00:00,0,0.14568,0.387247,0
14453,2017-05-25 05:00:00,0,0.145681,0.387238,0
14454,2017-05-25 06:00:00,0,0.145682,0.38723,0
14455,2017-05-25 07:00:00,0,0.145682,0.38722,0
14456,2017-05-25 08:00:00,0,0.145683,0.387212,0
14457,2017-05-25 09:00:00,0,0.145684,0.387201,0
14458,2017-05-25 10:00:00,0,0.145685,0.38719,0
14459,2017-05-25 11:00:00,0,0.145685,0.387179,0.000026
14460,2017-05-25 12:00:00,0,0.145683,0.387207,0.000048
14461,2017-05-25 13:00:00,0,0.145678,0.387271,0.000198
14462,2017-05-25 14:00:00,0,0.145657,0.387547,0.000106
14463,2017-05-25 15:00:00,0,0.145646,0.387693,0
14464,2017-05-25 16:00:00,0,0.145647,0.387688,0
14465,2017-05-25 17:00:00,0,0.145647,0.38768,0.000091
14466,2017-05-25 18:00:00,0,0.145638,0.3878,0
14467,2017-05-25 19:00:00,0,0.145639,0.387785,0
14468,2017-05-25 20:00:00,0,0.145641,0.387766,0
14469,2017-05-25 21:00:00,0,0.145642,0.387747,0.000001
14470,2017-05-25 22:00:00,0,0.145644,0.387727,0
14471,2017-05-25 23:00:00,0,0.145645,0.387716,0
14472,2017-05-26 00:00:00,0,0.145645,0.387709,0
14473,2017-05-26 01:00:00,0,0.145646,0.387703,0
14474,2017-05-26 02:00:00,0,0.145646,0.387697,0
14475,2017-05-26 03:00:00,0,0.145646,0.387693,0.000032
14476,2017-05-26 04:00:00,0,0.145643,0.387733,0.000978
14477,2017-05-26 05:00:00,0,0.145539,0.389086,0.000994
14478,2017-05-26 06:00:00,0,0.145431,0.390451,0.000301
14479,2017-05-26 07:00:00,0,0.145397,0.390866,0.000564
14480,2017-05-26 08:00:00,0,0.145335,0.391639,0.001548
14481,2017-05-26 09:00:00,0,0.145161,0.393714,0.001849
14482,2017-05-26 10:00:00,0,0.144962,0.396008,0.000391
14483,2017-05-26 11:00:00,0,0.144931,0.39636,0.000634
14484,2017-05-26 12:00:00,0,0.144875,0.396978,0.000056
14485,2017-05-26 13:00:00,0,0.144888,0.396836,0.000286
14486,2017-05-26 14:00:00,0,0.144874,0.396991,0.000235
14487,2017-05-26 15:00:00,0,0.144867,0.39707,0.000073
14488,2017-05-26 16:00:00,0,0.144879,0.396939,0
14489,2017-05-26 17:00:00,0,0.144898,0.396724,0
14490,2017-05-26 18:00:00,0,0.144916,0.396524,0.000003
14491,2017-05-26 19:00:00,0,0.144932,0.396342,0.000001
14492,2017-05-26 20:00:00,0,0.144948,0.396172,0.000001
14493,2017-05-26 21:00:00,0,0.144962,0.396011,0
14494,2017-05-26 22:00:00,0,0.144975,0.395868,0
14495,2017-05-26 23:00:00,0,0.144985,0.395746,0
14496,2017-05-27 00:00:00,0,0.144995,0.395636,0.000008
14497,2017-05-27 01:00:00,0,0.145003,0.395546,0
14498,2017-05-27 02:00:00,0,0.145011,0.395454,0
14499,2017-05-27 03:00:00,0,0.145019,0.395366,0
14500,2017-05-27 04:00:00,0,0.145026,0.395284,0
14501,2017-05-27 05:00:00,0,0.145033,0.395206,0
14502,2017-05-27 06:00:00,0,0.145039,0.395135,0
14503,2017-05-27 07:00:00,0,0.145044,0.395072,0
14504,2017-05-27 08:00:00,0,0.145049,0.395014,0
14505,2017-05-27 09:00:00,0,0.145054,0.394963,0
14506,2017-05-27 10:00:00,0,0.145058,0.394917,0
14507,2017-05-27 11:00:00,0,0.145062,0.394876,0
14508,2017-05-27 12:00:00,0,0.145065,0.394836,0
14509,2017-05-27 13:00:00,0,0.145069,0.394794,0
14510,2017-05-27 14:00:00,0,0.145073,0.394745,0
14511,2017-05-27 15:00:00,0,0.145078,0.394689,0
14512,2017-05-27 16:00:00,0,0.145083,0.394626,0
14513,2017-05-27 17:00:00,0,0.145089,0.394555,0
14514,2017-05-27 18:00:00,0,0.145095,0.394487,0
14515,2017-05-27 19:00:00,0,0.1451,0.394429,0
14516,2017-05-27 20:00:00,0,0.145104,0.394381,0
14517,2017-05-27 21:00:00,0,0.145108,0.394339,0
14518,2017-05-27 22:00:00,0,0.145111,0.394308,0
14519,2017-05-27 23:00:00,0,0.145111,0.394302,0
14520,2017-05-28 00:00:00,0,0.145112,0.394296,0
14521,2017-05-28 01:00:00,0,0.145112,0.39429,0
14522,2017-05-28 02:00:00,0,0.145113,0.39428,0
14523,2017-05-28 03:00:00,0,0.145114,0.394269,0
14524,2017-05-28 04:00:00,0,0.145115,0.394259,0
14525,2017-05-28 05:00:00,0,0.145115,0.394253,0
14526,2017-05-28 06:00:00,0,0.145116,0.394248,0
14527,2017-05-28 07:00:00,0,0.145116,0.394244,0
14528,2017-05-28 08:00:00,0,0.145116,0.394241,0
14529,2017-05-28 09:00:00,0,0.145117,0.394238,0
14530,2017-05-28 10:00:00,0,0.145117,0.394236,0
14531,2017-05-28 11:00:00,0,0.145117,0.394235,0
14532,2017-05-28 12:00:00,0,0.145117,0.394235,0
14533,2017-05-28 13:00:00,0,0.145117,0.394235,0
14534,2017-05-28 14:00:00,0,0.145117,0.39423,0
14535,2017-05-28 15:00:00,0,0.145119,0.394209,0
14536,2017-05-28 16:00:00,0,0.145123,0.394168,0
14537,2017-05-28 17:00:00,0,0.145128,0.394101,0
14538,2017-05-28 18:00:00,0,0.145136,0.394011,0
14539,2017-05-28 19:00:00,0,0.145144,0.39392,0
14540,2017-05-28 20:00:00,0,0.145152,0.393825,0
14541,2017-05-28 21:00:00,0,0.14516,0.393736,0
14542,2017-05-28 22:00:00,0,0.145165,0.393667,0
14543,2017-05-28 23:00:00,0,0.145169,0.393622,0
14544,2017-05-29 00:00:00,0,0.145173,0.393583,0
14545,2017-05-29 01:00:00,0,0.145175,0.393551,0
14546,2017-05-29 02:00:00,0,0.145177,0.393527,0
14547,2017-05-29 03:00:00,0,0.145179,0.393509,0
14548,2017-05-29 04:00:00,0,0.14518,0.393497,0
14549,2017-05-29 05:00:00,0,0.145181,0.393488,0
14550,2017-05-29 06:00:00,0,0.145181,0.39348,0
14551,2017-05-29 07:00:00,0,0.145182,0.393472,0
14552,2017-05-29 08:00:00,0,0.145183,0.393464,0
14553,2017-05-29 09:00:00,0,0.145183,0.393457,0
14554,2017-05-29 10:00:00,0,0.145184,0.393451,0
14555,2017-05-29 11:00:00,0,0.145184,0.393445,0
14556,2017-05-29 12:00:00,0,0.145185,0.39344,0
14557,2017-05-29 13:00:00,0,0.145185,0.393434,0.000027
14558,2017-05-29 14:00:00,0,0.145182,0.393465,0
14559,2017-05-29 15:00:00,0,0.145183,0.393454,0
14560,2017-05-29 16:00:00,0,0.145185,0.393436,0
14561,2017-05-29 17:00:00,0,0.145187,0.393411,0.000015
14562,2017-05-29 18:00:00,0,0.145187,0.393409,0
14563,2017-05-29 19:00:00,0,0.145189,0.393383,0
14564,2017-05-29 20:00:00,0,0.145191,0.393361,0.00008
14565,2017-05-29 21:00:00,0,0.145183,0.393461,0.000049
14566,2017-05-29 22:00:00,0,0.145178,0.393522,0
14567,2017-05-29 23:00:00,0,0.145178,0.393517,0
14568,2017-05-30 00:00:00,0,0.145178,0.393513,0
14569,2017-05-30 01:00:00,0,0.145179,0.393509,0
14570,2017-05-30 02:00:00,0,0.145179,0.393506,0
14571,2017-05-30 03:00:00,0,0.145179,0.393501,0
14572,2017-05-30 04:00:00,0,0.14518,0.393497,0
14573,2017-05-30 05:00:00,0,0.14518,0.393493,0
14574,2017-05-30 06:00:00,0,0.14518,0.39349,0
14575,2017-05-30 07:00:00,0,0.145181,0.393488,0
14576,2017-05-30 08:00:00,0,0.145181,0.393485,0
14577,2017-05-30 09:00:00,0,0.145181,0.393483,0
14578,2017-05-30 10:00:00,0,0.145181,0.393481,0
14579,2017-05-30 11:00:00,0,0.145181,0.39348,0
14580,2017-05-30 12:00:00,0,0.145181,0.39348,0
14581,2017-05-30 13:00:00,0,0.145181,0.39348,0
14582,2017-05-30 14:00:00,0,0.145181,0.393481,0
14583,2017-05-30 15:00:00,0,0.145181,0.39348,0
14584,2017-05-30 16:00:00,0,0.145182,0.393469,0
14585,2017-05-30 17:00:00,0,0.145187,0.393418,0
14586,2017-05-30 18:00:00,0,0.145192,0.393351,0
14587,2017-05-30 19:00:00,0,0.145197,0.393289,0
14588,2017-05-30 20:00:00,0,0.145203,0.393224,0
14589,2017-05-30 21:00:00,0,0.145208,0.393163,0
14590,2017-05-30 22:00:00,0,0.145211,0.393123,0
14591,2017-05-30 23:00:00,0,0.145213,0.393103,0
14592,2017-05-31 00:00:00,0,0.145214,0.393087,0
14593,2017-05-31 01:00:00,0,0.145215,0.393075,0
14594,2017-05-31 02:00:00,0,0.145216,0.393067,0
14595,2017-05-31 03:00:00,0,0.145217,0.39306,0
14596,2017-05-31 04:00:00,0,0.145217,0.393053,0
14597,2017-05-31 05:00:00,0,0.145218,0.393049,0
14598,2017-05-31 06:00:00,0,0.145218,0.393046,0
14599,2017-05-31 07:00:00,0,0.145218,0.393045,0
14600,2017-05-31 08:00:00,0,0.145218,0.393045,0
14601,2017-05-31 09:00:00,0,0.145218,0.393045,0
14602,2017-05-31 10:00:00,0,0.145218,0.393047,0
14603,2017-05-31 11:00:00,0,0.145218,0.393048,0
14604,2017-05-31 12:00:00,0,0.145217,0.393052,0
14605,2017-05-31 13:00:00,0,0.145217,0.393055,0.000011
14606,2017-05-31 14:00:00,0,0.145215,0.393074,0
14607,2017-05-31 15:00:00,0,0.145216,0.393073,0
14608,2017-05-31 16:00:00,0,0.145216,0.393064,0.000023
14609,2017-05-31 17:00:00,0,0.145215,0.393083,0
14610,2017-05-31 18:00:00,0,0.145217,0.393055,0
14611,2017-05-31 19:00:00,0,0.14522,0.393018,0
14612,2017-05-31 20:00:00,0,0.145224,0.392976,0
14613,2017-05-31 21:00:00,0,0.145227,0.392939,0
14614,2017-05-31 22:00:00,0,0.145229,0.392911,0
14615,2017-05-31 23:00:00,0,0.14523,0.392905,0
14616,2017-06-01 00:00:00,0,0.14523,0.392901,0
14617,2017-06-01 01:00:00,0,0.14523,0.392901,0
14618,2017-06-01 02:00:00,0,0.14523,0.3929,0.000459
14619,2017-06-01 03:00:00,0,0.145178,0.393523,0
14620,2017-06-01 04:00:00,0,0.145178,0.393519,0
14621,2017-06-01 05:00:00,0,0.145178,0.393516,0.00032
14622,2017-06-01 06:00:00,0,0.145141,0.393953,0.00009
14623,2017-06-01 07:00:00,0,0.14513,0.394078,0
14624,2017-06-01 08:00:00,0,0.14513,0.394078,0.000049
14625,2017-06-01 09:00:00,0,0.145125,0.394145,0
14626,2017-06-01 10:00:00,0,0.145125,0.394143,0
14627,2017-06-01 11:00:00,0,0.145125,0.394143,0
14628,2017-06-01 12:00:00,0,0.145125,0.394145,0
14629,2017-06-01 13:00:00,0,0.145124,0.39415,0
14630,2017-06-01 14:00:00,0,0.145124,0.394156,0
14631,2017-06-01 15:00:00,0,0.145124,0.394153,0
14632,2017-06-01 16:00:00,0,0.145125,0.394135,0
14633,2017-06-01 17:00:00,0,0.145132,0.394059,0
14634,2017-06-01 18:00:00,0,0.145143,0.393935,0.000079
14635,2017-06-01 19:00:00,0,0.14514,0.393964,0
14636,2017-06-01 20:00:00,0,0.14515,0.393847,0
14637,2017-06-01 21:00:00,0,0.14516,0.393728,0
14638,2017-06-01 22:00:00,0,0.145167,0.393645,0
14639,2017-06-01 23:00:00,0,0.145171,0.393603,0
14640,2017-06-02 00:00:00,0,0.145174,0.39357,0
14641,2017-06-02 01:00:00,0,0.145175,0.393551,0
14642,2017-06-02 02:00:00,0,0.145177,0.39353,0
14643,2017-06-02 03:00:00,0,0.145179,0.393511,0
14644,2017-06-02 04:00:00,0,0.14518,0.393494,0
14645,2017-06-02 05:00:00,0,0.145182,0.393476,0
14646,2017-06-02 06:00:00,0,0.145184,0.393452,0
14647,2017-06-02 07:00:00,0,0.145186,0.393428,0
14648,2017-06-02 08:00:00,0,0.145188,0.393405,0
14649,2017-06-02 09:00:00,0,0.145189,0.393385,0
14650,2017-06-02 10:00:00,0,0.145191,0.393366,0
14651,2017-06-02 11:00:00,0,0.145192,0.393357,0
14652,2017-06-02 12:00:00,0,0.145192,0.393354,0
14653,2017-06-02 13:00:00,0,0.145192,0.393349,0
14654,2017-06-02 14:00:00,0,0.145194,0.393326,0
14655,2017-06-02 15:00:00,0,0.145199,0.393276,0
14656,2017-06-02 16:00:00,0,0.145206,0.393192,0
14657,2017-06-02 17:00:00,0,0.145215,0.393082,0
14658,2017-06-02 18:00:00,0,0.145226,0.392951,0
14659,2017-06-02 19:00:00,0,0.145236,0.392827,0
14660,2017-06-02 20:00:00,0,0.145246,0.392708,0
14661,2017-06-02 21:00:00,0,0.145254,0.39261,0.000436
14662,2017-06-02 22:00:00,0,0.145208,0.393165,0
14663,2017-06-02 23:00:00,0,0.14521,0.393137,0
14664,2017-06-03 00:00:00,0,0.145212,0.393114,0
14665,2017-06-03 01:00:00,0,0.145214,0.393097,0
14666,2017-06-03 02:00:00,0,0.145216,0.393071,0
14667,2017-06-03 03:00:00,0,0.145218,0.393044,0
14668,2017-06-03 04:00:00,0,0.14522,0.39302,0
14669,2017-06-03 05:00:00,0,0.145222,0.392997,0
14670,2017-06-03 06:00:00,0,0.145223,0.392979,0
14671,2017-06-03 07:00:00,0,0.145225,0.392963,0
14672,2017-06-03 08:00:00,0,0.145226,0.39295,0
14673,2017-06-03 09:00:00,0,0.145227,0.392938,0
14674,2017-06-03 10:00:00,0,0.145228,0.392927,0
14675,2017-06-03 11:00:00,0,0.145229,0.392919,0
14676,2017-06-03 12:00:00,0,0.145229,0.392914,0
14677,2017-06-03 13:00:00,0,0.145229,0.392908,0
14678,2017-06-03 14:00:00,0,0.145231,0.392891,0
14679,2017-06-03 15:00:00,0,0.145234,0.392855,0.00004
14680,2017-06-03 16:00:00,0,0.145232,0.392874,0.000057
14681,2017-06-03 17:00:00,0,0.145229,0.392915,0
14682,2017-06-03 18:00:00,0,0.145236,0.392828,0
14683,2017-06-03 19:00:00,0,0.145245,0.392722,0
14684,2017-06-03 20:00:00,0,0.145254,0.392615,0
14685,2017-06-03 21:00:00,0,0.145262,0.392517,0
14686,2017-06-03 22:00:00,0,0.145269,0.392437,0
14687,2017-06-03 23:00:00,0,0.145273,0.392385,0
14688,2017-06-04 00:00:00,0,0.145276,0.392346,0
14689,2017-06-04 01:00:00,0,0.145279,0.392315,0
14690,2017-06-04 02:00:00,0,0.145281,0.392287,0
14691,2017-06-04 03:00:00,0,0.145283,0.392261,0
14692,2017-06-04 04:00:00,0,0.145285,0.392241,0
14693,2017-06-04 05:00:00,0,0.145287,0.392223,0
14694,2017-06-04 06:00:00,0,0.145288,0.392206,0
14695,2017-06-04 07:00:00,0,0.145289,0.392194,0
14696,2017-06-04 08:00:00,0,0.14529,0.392183,0
14697,2017-06-04 09:00:00,0,0.145291,0.392174,0
14698,2017-06-04 10:00:00,0,0.145291,0.392165,0
14699,2017-06-04 11:00:00,0,0.145292,0.39216,0
14700,2017-06-04 12:00:00,0,0.145292,0.392161,0
14701,2017-06-04 13:00:00,0,0.145292,0.392162,0
14702,2017-06-04 14:00:00,0,0.145292,0.392154,0
14703,2017-06-04 15:00:00,0,0.145295,0.392126,0
14704,2017-06-04 16:00:00,0,0.145298,0.392079,0
14705,2017-06-04 17:00:00,0,0.145304,0.39201,0
14706,2017-06-04 18:00:00,0,0.145312,0.39192,0
14707,2017-06-04 19:00:00,0,0.145319,0.391833,0.00013
14708,2017-06-04 20:00:00,0,0.145308,0.391963,0
14709,2017-06-04 21:00:00,0,0.145315,0.391882,0.000037
14710,2017-06-04 22:00:00,0,0.145314,0.391885,0.000109
14711,2017-06-04 23:00:00,0,0.145304,0.392013,0.00005
14712,2017-06-05 00:00:00,0,0.145299,0.39207,0.000156
14713,2017-06-05 01:00:00,0,0.145282,0.392279,0.000102
14714,2017-06-05 02:00:00,0,0.145271,0.392415,0
14715,2017-06-05 03:00:00,0,0.145271,0.39241,0.000157
14716,2017-06-05 04:00:00,0,0.145253,0.392624,0
14717,2017-06-05 05:00:00,0,0.145253,0.392621,0
14718,2017-06-05 06:00:00,0,0.145254,0.392618,0.000168
14719,2017-06-05 07:00:00,0,0.145235,0.392846,0.000022
14720,2017-06-05 08:00:00,0,0.145232,0.392874,0
14721,2017-06-05 09:00:00,0,0.145233,0.392871,0.000062
14722,2017-06-05 10:00:00,0,0.145225,0.392956,0.000003
14723,2017-06-05 11:00:00,0,0.145225,0.392959,0.00011
14724,2017-06-05 12:00:00,0,0.145212,0.393112,0
14725,2017-06-05 13:00:00,0,0.145212,0.393114,0
14726,2017-06-05 14:00:00,0,0.145212,0.393115,0
14727,2017-06-05 15:00:00,0,0.145212,0.393114,0
14728,2017-06-05 16:00:00,0,0.145213,0.393107,0
14729,2017-06-05 17:00:00,0,0.145214,0.393092,0
14730,2017-06-05 18:00:00,0,0.145217,0.393054,0
14731,2017-06-05 19:00:00,0,0.145221,0.393005,0
14732,2017-06-05 20:00:00,0,0.145225,0.392957,0
14733,2017-06-05 21:00:00,0,0.145229,0.392913,0
14734,2017-06-05 22:00:00,0,0.145231,0.392884,0
14735,2017-06-05 23:00:00,0,0.145233,0.39287,0
14736,2017-06-06 00:00:00,0,0.145234,0.392859,0
14737,2017-06-06 01:00:00,0,0.145234,0.392851,0.000277
14738,2017-06-06 02:00:00,0,0.145203,0.393225,0.000582
14739,2017-06-06 03:00:00,0,0.145136,0.394012,0.001121
14740,2017-06-06 04:00:00,0,0.145014,0.395419,0.000503
14741,2017-06-06 05:00:00,0,0.144967,0.395954,0
14742,2017-06-06 06:00:00,0,0.144978,0.395823,0.000015
14743,2017-06-06 07:00:00,0,0.144987,0.395722,0
14744,2017-06-06 08:00:00,0,0.144997,0.395609,0
14745,2017-06-06 09:00:00,0,0.145006,0.395507,0.000045
14746,2017-06-06 10:00:00,0,0.14501,0.395467,0
14747,2017-06-06 11:00:00,0,0.145018,0.395374,0
14748,2017-06-06 12:00:00,0,0.145026,0.395289,0.000061
14749,2017-06-06 13:00:00,0,0.145026,0.395286,0.000274
14750,2017-06-06 14:00:00,0,0.145003,0.39555,0.000821
14751,2017-06-06 15:00:00,0,0.144922,0.39646,0.000705
14752,2017-06-06 16:00:00,0,0.14486,0.39715,0.000701
14753,2017-06-06 17:00:00,0,0.144803,0.397775,0
14754,2017-06-06 18:00:00,0,0.144829,0.397489,0
14755,2017-06-06 19:00:00,0,0.144853,0.397224,0
14756,2017-06-06 20:00:00,0,0.144875,0.396982,0.000481
14757,2017-06-06 21:00:00,0,0.144841,0.397351,0.000645
14758,2017-06-06 22:00:00,0,0.144792,0.39789,0.000589
14759,2017-06-06 23:00:00,0,0.144753,0.398318,0.000231
14760,2017-06-07 00:00:00,0,0.144756,0.398279,0
14761,2017-06-07 01:00:00,0,0.144786,0.39796,0
14762,2017-06-07 02:00:00,0,0.144813,0.397666,0
14763,2017-06-07 03:00:00,0,0.144837,0.397398,0
14764,2017-06-07 04:00:00,0,0.14486,0.397151,0
14765,2017-06-07 05:00:00,0,0.14488,0.396925,0
14766,2017-06-07 06:00:00,0,0.144899,0.396718,0
14767,2017-06-07 07:00:00,0,0.144916,0.396527,0
14768,2017-06-07 08:00:00,0,0.144931,0.396352,0
14769,2017-06-07 09:00:00,0,0.144946,0.396191,0
14770,2017-06-07 10:00:00,0,0.144959,0.396042,0
14771,2017-06-07 11:00:00,0,0.144971,0.395907,0
14772,2017-06-07 12:00:00,0,0.144982,0.395784,0
14773,2017-06-07 13:00:00,0,0.144992,0.395672,0
14774,2017-06-07 14:00:00,0,0.145001,0.395571,0
14775,2017-06-07 15:00:00,0,0.145009,0.395476,0
14776,2017-06-07 16:00:00,0,0.145018,0.395378,0
14777,2017-06-07 17:00:00,0,0.145029,0.395248,0
14778,2017-06-07 18:00:00,0,0.145041,0.395116,0
14779,2017-06-07 19:00:00,0,0.145052,0.394984,0
14780,2017-06-07 20:00:00,0,0.145062,0.394866,0
14781,2017-06-07 21:00:00,0,0.14507,0.394777,0
14782,2017-06-07 22:00:00,0,0.145075,0.394723,0
14783,2017-06-07 23:00:00,0,0.145078,0.394688,0
14784,2017-06-08 00:00:00,0,0.14508,0.39466,0
14785,2017-06-08 01:00:00,0,0.145082,0.394638,0
14786,2017-06-08 02:00:00,0,0.145084,0.394618,0
14787,2017-06-08 03:00:00,0,0.145085,0.394601,0
14788,2017-06-08 04:00:00,0,0.145087,0.394585,0
14789,2017-06-08 05:00:00,0,0.145088,0.394571,0
14790,2017-06-08 06:00:00,0,0.145089,0.394558,0
14791,2017-06-08 07:00:00,0,0.14509,0.394545,0
14792,2017-06-08 08:00:00,0,0.145091,0.394535,0
14793,2017-06-08 09:00:00,0,0.145092,0.394526,0
14794,2017-06-08 10:00:00,0,0.145093,0.394517,0
14795,2017-06-08 11:00:00,0,0.145093,0.394511,0
14796,2017-06-08 12:00:00,0,0.145094,0.394505,0
14797,2017-06-08 13:00:00,0,0.145094,0.3945,0
14798,2017-06-08 14:00:00,0,0.145095,0.394492,0
14799,2017-06-08 15:00:00,0,0.145097,0.394471,0
14800,2017-06-08 16:00:00,0,0.1451,0.394426,0
14801,2017-06-08 17:00:00,0,0.145106,0.394359,0
14802,2017-06-08 18:00:00,0,0.145114,0.394271,0
14803,2017-06-08 19:00:00,0,0.145122,0.39418,0
14804,2017-06-08 20:00:00,0,0.145129,0.394092,0
14805,2017-06-08 21:00:00,0,0.145135,0.394018,0
14806,2017-06-08 22:00:00,0,0.14514,0.393968,0
14807,2017-06-08 23:00:00,0,0.145141,0.393948,0
14808,2017-06-09 00:00:00,0,0.145143,0.393932,0
14809,2017-06-09 01:00:00,0,0.145144,0.393915,0
14810,2017-06-09 02:00:00,0,0.145146,0.3939,0
14811,2017-06-09 03:00:00,0,0.145147,0.393886,0
14812,2017-06-09 04:00:00,0,0.145148,0.393872,0
14813,2017-06-09 05:00:00,0,0.145149,0.393864,0
14814,2017-06-09 06:00:00,0,0.145149,0.393859,0
14815,2017-06-09 07:00:00,0,0.14515,0.393852,0
14816,2017-06-09 08:00:00,0,0.14515,0.393847,0
14817,2017-06-09 09:00:00,0,0.14515,0.393843,0
14818,2017-06-09 10:00:00,0,0.145151,0.393841,0
14819,2017-06-09 11:00:00,0,0.145151,0.393838,0
14820,2017-06-09 12:00:00,0,0.145151,0.393837,0
14821,2017-06-09 13:00:00,0,0.145151,0.393836,0
14822,2017-06-09 14:00:00,0,0.145152,0.393822,0
14823,2017-06-09 15:00:00,0,0.145156,0.393782,0
14824,2017-06-09 16:00:00,0,0.145162,0.393709,0
14825,2017-06-09 17:00:00,0,0.145169,0.393623,0
14826,2017-06-09 18:00:00,0,0.145178,0.393522,0
14827,2017-06-09 19:00:00,0,0.145188,0.393396,0
14828,2017-06-09 20:00:00,0,0.145199,0.39327,0
14829,2017-06-09 21:00:00,0,0.145209,0.393153,0
14830,2017-06-09 22:00:00,0,0.145217,0.393058,0
14831,2017-06-09 23:00:00,0,0.145222,0.392995,0
14832,2017-06-10 00:00:00,0,0.145226,0.392946,0
14833,2017-06-10 01:00:00,0,0.145229,0.392914,0
14834,2017-06-10 02:00:00,0,0.145231,0.392888,0
14835,2017-06-10 03:00:00,0,0.145233,0.392864,0
14836,2017-06-10 04:00:00,0,0.145235,0.392847,0
14837,2017-06-10 05:00:00,0,0.145236,0.392831,0
14838,2017-06-10 06:00:00,0,0.145237,0.392818,0
14839,2017-06-10 07:00:00,0,0.145238,0.392806,0
14840,2017-06-10 08:00:00,0,0.145239,0.392793,0
14841,2017-06-10 09:00:00,0,0.14524,0.392782,0
14842,2017-06-10 10:00:00,0,0.145241,0.39277,0
14843,2017-06-10 11:00:00,0,0.145242,0.39276,0
14844,2017-06-10 12:00:00,0,0.145242,0.39276,0
14845,2017-06-10 13:00:00,0,0.145242,0.39276,0
14846,2017-06-10 14:00:00,0,0.145243,0.392744,0
14847,2017-06-10 15:00:00,0,0.145247,0.392699,0
14848,2017-06-10 16:00:00,0,0.145254,0.39262,0
14849,2017-06-10 17:00:00,0,0.145262,0.392512,0
14850,2017-06-10 18:00:00,0,0.145274,0.392377,0
14851,2017-06-10 19:00:00,0,0.145285,0.392235,0
14852,2017-06-10 20:00:00,0,0.145297,0.39209,0
14853,2017-06-10 21:00:00,0,0.145308,0.391964,0
14854,2017-06-10 22:00:00,0,0.145316,0.391866,0
14855,2017-06-10 23:00:00,0,0.145321,0.391799,0
14856,2017-06-11 00:00:00,0,0.145326,0.39174,0
14857,2017-06-11 01:00:00,0,0.14533,0.39169,0
14858,2017-06-11 02:00:00,0,0.145334,0.391649,0
14859,2017-06-11 03:00:00,0,0.145336,0.391618,0
14860,2017-06-11 04:00:00,0,0.145339,0.39159,0
14861,2017-06-11 05:00:00,0,0.14534,0.391568,0
14862,2017-06-11 06:00:00,0,0.145342,0.391552,0
14863,2017-06-11 07:00:00,0,0.145343,0.39154,0
14864,2017-06-11 08:00:00,0,0.145343,0.39153,0
14865,2017-06-11 09:00:00,0,0.145344,0.391522,0
14866,2017-06-11 10:00:00,0,0.145345,0.391517,0
14867,2017-06-11 11:00:00,0,0.145345,0.391513,0
14868,2017-06-11 12:00:00,0,0.145345,0.391513,0
14869,2017-06-11 13:00:00,0,0.145345,0.391512,0
14870,2017-06-11 14:00:00,0,0.145346,0.391495,0
14871,2017-06-11 15:00:00,0,0.145351,0.391444,0
14872,2017-06-11 16:00:00,0,0.145358,0.391348,0
14873,2017-06-11 17:00:00,0,0.145369,0.391217,0
14874,2017-06-11 18:00:00,0,0.145382,0.391059,0
14875,2017-06-11 19:00:00,0,0.145397,0.390877,0
14876,2017-06-11 20:00:00,0,0.145411,0.390699,0
14877,2017-06-11 21:00:00,0,0.145422,0.390554,0
14878,2017-06-11 22:00:00,0,0.145432,0.390437,0
14879,2017-06-11 23:00:00,0,0.145437,0.39037,0
14880,2017-06-12 00:00:00,0,0.145441,0.390319,0
14881,2017-06-12 01:00:00,0,0.145445,0.390276,0
14882,2017-06-12 02:00:00,0,0.145448,0.390242,0
14883,2017-06-12 03:00:00,0,0.14545,0.390214,0
14884,2017-06-12 04:00:00,0,0.145451,0.390193,0
14885,2017-06-12 05:00:00,0,0.145453,0.390176,0
14886,2017-06-12 06:00:00,0,0.145454,0.390163,0
14887,2017-06-12 07:00:00,0,0.145455,0.390154,0
14888,2017-06-12 08:00:00,0,0.145455,0.390146,0
14889,2017-06-12 09:00:00,0,0.145456,0.390138,0
14890,2017-06-12 10:00:00,0,0.145456,0.390131,0
14891,2017-06-12 11:00:00,0,0.145457,0.390128,0
14892,2017-06-12 12:00:00,0,0.145456,0.390131,0
14893,2017-06-12 13:00:00,0,0.145456,0.390132,0
14894,2017-06-12 14:00:00,0,0.145457,0.390119,0
14895,2017-06-12 15:00:00,0,0.145461,0.390073,0
14896,2017-06-12 16:00:00,0,0.145468,0.389988,0
14897,2017-06-12 17:00:00,0,0.145477,0.389874,0
14898,2017-06-12 18:00:00,0,0.145487,0.38974,0
14899,2017-06-12 19:00:00,0,0.145499,0.389588,0
14900,2017-06-12 20:00:00,0,0.145511,0.389439,0
14901,2017-06-12 21:00:00,0,0.145521,0.389308,0
14902,2017-06-12 22:00:00,0,0.145529,0.389212,0
14903,2017-06-12 23:00:00,0,0.145533,0.389161,0
14904,2017-06-13 00:00:00,0,0.145535,0.389129,0
14905,2017-06-13 01:00:00,0,0.145537,0.389115,0
14906,2017-06-13 02:00:00,0,0.145538,0.389099,0
14907,2017-06-13 03:00:00,0,0.145539,0.38908,0
14908,2017-06-13 04:00:00,0,0.145541,0.38906,0
14909,2017-06-13 05:00:00,0,0.145542,0.389046,0
14910,2017-06-13 06:00:00,0,0.145543,0.389035,0
14911,2017-06-13 07:00:00,0,0.145543,0.389027,0
14912,2017-06-13 08:00:00,0,0.145544,0.38902,0
14913,2017-06-13 09:00:00,0,0.145544,0.389013,0
14914,2017-06-13 10:00:00,0,0.145545,0.389008,0
14915,2017-06-13 11:00:00,0,0.145545,0.389006,0
14916,2017-06-13 12:00:00,0,0.145545,0.38901,0
14917,2017-06-13 13:00:00,0,0.145545,0.389012,0
14918,2017-06-13 14:00:00,0,0.145546,0.388998,0
14919,2017-06-13 15:00:00,0,0.14555,0.388947,0
14920,2017-06-13 16:00:00,0,0.145557,0.388853,0
14921,2017-06-13 17:00:00,0,0.145566,0.388737,0
14922,2017-06-13 18:00:00,0,0.145576,0.38861,0
14923,2017-06-13 19:00:00,0,0.145585,0.388487,0
14924,2017-06-13 20:00:00,0,0.145595,0.388366,0
14925,2017-06-13 21:00:00,0,0.145603,0.388258,0
14926,2017-06-13 22:00:00,0,0.145609,0.388186,0.000151
14927,2017-06-13 23:00:00,0,0.145593,0.388384,0.000004
14928,2017-06-14 00:00:00,0,0.145593,0.388384,0
14929,2017-06-14 01:00:00,0,0.145594,0.388381,0
14930,2017-06-14 02:00:00,0,0.145594,0.388378,0
14931,2017-06-14 03:00:00,0,0.145594,0.388372,0
14932,2017-06-14 04:00:00,0,0.145595,0.388365,0
14933,2017-06-14 05:00:00,0,0.145595,0.388359,0
14934,2017-06-14 06:00:00,0,0.145596,0.388352,0
14935,2017-06-14 07:00:00,0,0.145596,0.388344,0
14936,2017-06-14 08:00:00,0,0.145597,0.388334,0
14937,2017-06-14 09:00:00,0,0.145598,0.388324,0
14938,2017-06-14 10:00:00,0,0.145599,0.388315,0
14939,2017-06-14 11:00:00,0,0.145599,0.388307,0
14940,2017-06-14 12:00:00,0,0.1456,0.388298,0
14941,2017-06-14 13:00:00,0,0.145601,0.388283,0
14942,2017-06-14 14:00:00,0,0.145603,0.388257,0
14943,2017-06-14 15:00:00,0,0.145608,0.388188,0
14944,2017-06-14 16:00:00,0,0.145616,0.388091,0
14945,2017-06-14 17:00:00,0,0.145624,0.387985,0
14946,2017-06-14 18:00:00,0,0.145632,0.387879,0
14947,2017-06-14 19:00:00,0,0.145639,0.387788,0
14948,2017-06-14 20:00:00,0,0.145646,0.387703,0
14949,2017-06-14 21:00:00,0,0.145651,0.387633,0
14950,2017-06-14 22:00:00,0,0.145653,0.387601,0
14951,2017-06-14 23:00:00,0,0.145655,0.387578,0
14952,2017-06-15 00:00:00,0,0.145656,0.387564,0
14953,2017-06-15 01:00:00,0,0.145657,0.38755,0
14954,2017-06-15 02:00:00,0,0.145658,0.387536,0
14955,2017-06-15 03:00:00,0,0.14566,0.38752,0
14956,2017-06-15 04:00:00,0,0.145661,0.387495,0
14957,2017-06-15 05:00:00,0,0.145663,0.387474,0
14958,2017-06-15 06:00:00,0,0.145664,0.387458,0
14959,2017-06-15 07:00:00,0,0.145665,0.387444,0
14960,2017-06-15 08:00:00,0,0.145666,0.387433,0
14961,2017-06-15 09:00:00,0,0.145667,0.387426,0
14962,2017-06-15 10:00:00,0,0.145667,0.38742,0
14963,2017-06-15 11:00:00,0,0.145667,0.387415,0
14964,2017-06-15 12:00:00,0,0.145668,0.387415,0
14965,2017-06-15 13:00:00,0,0.145668,0.387411,0
14966,2017-06-15 14:00:00,0,0.145669,0.387393,0
14967,2017-06-15 15:00:00,0,0.145672,0.387353,0
14968,2017-06-15 16:00:00,0,0.145677,0.387293,0
14969,2017-06-15 17:00:00,0,0.145683,0.387206,0
14970,2017-06-15 18:00:00,0,0.145691,0.387103,0
14971,2017-06-15 19:00:00,0,0.145699,0.386997,0
14972,2017-06-15 20:00:00,0,0.145707,0.386893,0
14973,2017-06-15 21:00:00,0,0.145714,0.386794,0
14974,2017-06-15 22:00:00,0,0.14572,0.386719,0
14975,2017-06-15 23:00:00,0,0.145723,0.386677,0
14976,2017-06-16 00:00:00,0,0.145725,0.386646,0
14977,2017-06-16 01:00:00,0,0.145727,0.386619,0
14978,2017-06-16 02:00:00,0,0.145729,0.386595,0
14979,2017-06-16 03:00:00,0,0.145731,0.386574,0
14980,2017-06-16 04:00:00,0,0.145732,0.386558,0
14981,2017-06-16 05:00:00,0,0.145733,0.386548,0
14982,2017-06-16 06:00:00,0,0.145734,0.386538,0
14983,2017-06-16 07:00:00,0,0.145734,0.386527,0
14984,2017-06-16 08:00:00,0,0.145735,0.38652,0
14985,2017-06-16 09:00:00,0,0.145736,0.386511,0
14986,2017-06-16 10:00:00,0,0.145736,0.386503,0
14987,2017-06-16 11:00:00,0,0.145737,0.386496,0
14988,2017-06-16 12:00:00,0,0.145737,0.386491,0
14989,2017-06-16 13:00:00,0,0.145738,0.38648,0
14990,2017-06-16 14:00:00,0,0.14574,0.386452,0
14991,2017-06-16 15:00:00,0,0.145744,0.386403,0
14992,2017-06-16 16:00:00,0,0.145748,0.386343,0
14993,2017-06-16 17:00:00,0,0.145753,0.386276,0
14994,2017-06-16 18:00:00,0,0.145758,0.386208,0.000028
14995,2017-06-16 19:00:00,0,0.145758,0.386215,0.002765
14996,2017-06-16 20:00:00,0,0.145474,0.389914,0.000836
14997,2017-06-16 21:00:00,0,0.145382,0.391053,0.000227
14998,2017-06-16 22:00:00,0,0.145358,0.391357,0.000445
14999,2017-06-16 23:00:00,0,0.145308,0.391963,0.001292
15000,2017-06-17 00:00:00,0,0.145162,0.393702,0.000024
15001,2017-06-17 01:00:00,0,0.14516,0.393732,0.000027
15002,2017-06-17 02:00:00,0,0.145157,0.393769,0.000052
15003,2017-06-17 03:00:00,0,0.145151,0.393839,0.000148
15004,2017-06-17 04:00:00,0,0.145133,0.394044,0
15005,2017-06-17 05:00:00,0,0.145133,0.394046,0.000017
15006,2017-06-17 06:00:00,0,0.145131,0.394071,0
15007,2017-06-17 07:00:00,0,0.145131,0.394073,0
15008,2017-06-17 08:00:00,0,0.145131,0.394074,0
15009,2017-06-17 09:00:00,0,0.14513,0.394076,0
15010,2017-06-17 10:00:00,0,0.14513,0.394079,0
15011,2017-06-17 11:00:00,0,0.14513,0.394081,0
15012,2017-06-17 12:00:00,0,0.14513,0.394084,0
15013,2017-06-17 13:00:00,0,0.14513,0.394088,0
15014,2017-06-17 14:00:00,0,0.145129,0.394092,0
15015,2017-06-17 15:00:00,0,0.145129,0.394095,0
15016,2017-06-17 16:00:00,0,0.145129,0.394096,0
15017,2017-06-17 17:00:00,0,0.145129,0.394095,0
15018,2017-06-17 18:00:00,0,0.14513,0.394087,0
15019,2017-06-17 19:00:00,0,0.145133,0.394046,0
15020,2017-06-17 20:00:00,0,0.145136,0.394006,0
15021,2017-06-17 21:00:00,0,0.145139,0.393971,0
15022,2017-06-17 22:00:00,0,0.145141,0.393951,0
15023,2017-06-17 23:00:00,0,0.145141,0.393948,0
15024,2017-06-18 00:00:00,0,0.145141,0.393948,0
15025,2017-06-18 01:00:00,0,0.145142,0.393947,0
15026,2017-06-18 02:00:00,0,0.145142,0.393947,0
15027,2017-06-18 03:00:00,0,0.145142,0.393947,0
15028,2017-06-18 04:00:00,0,0.145142,0.393947,0
15029,2017-06-18 05:00:00,0,0.145142,0.393947,0
15030,2017-06-18 06:00:00,0,0.145141,0.393948,0
15031,2017-06-18 07:00:00,0,0.145141,0.393951,0
15032,2017-06-18 08:00:00,0,0.145141,0.393953,0
15033,2017-06-18 09:00:00,0,0.145141,0.393956,0
15034,2017-06-18 10:00:00,0,0.14514,0.39396,0
15035,2017-06-18 11:00:00,0,0.14514,0.393963,0
15036,2017-06-18 12:00:00,0,0.14514,0.39397,0
15037,2017-06-18 13:00:00,0,0.145139,0.393975,0
15038,2017-06-18 14:00:00,0,0.145139,0.393977,0
15039,2017-06-18 15:00:00,0,0.145139,0.393974,0
15040,2017-06-18 16:00:00,0,0.145141,0.393948,0
15041,2017-06-18 17:00:00,0,0.145144,0.393913,0
15042,2017-06-18 18:00:00,0,0.145149,0.393854,0
15043,2017-06-18 19:00:00,0,0.145156,0.393782,0
15044,2017-06-18 20:00:00,0,0.145161,0.393713,0
15045,2017-06-18 21:00:00,0,0.145166,0.393656,0
15046,2017-06-18 22:00:00,0,0.14517,0.393615,0
15047,2017-06-18 23:00:00,0,0.145172,0.393593,0
15048,2017-06-19 00:00:00,0,0.145173,0.393578,0
15049,2017-06-19 01:00:00,0,0.145174,0.393567,0
15050,2017-06-19 02:00:00,0,0.145175,0.39356,0
15051,2017-06-19 03:00:00,0,0.145175,0.393555,0
15052,2017-06-19 04:00:00,0,0.145175,0.393553,0
15053,2017-06-19 05:00:00,0,0.145175,0.393553,0
15054,2017-06-19 06:00:00,0,0.145175,0.393554,0
15055,2017-06-19 07:00:00,0,0.145175,0.393556,0
15056,2017-06-19 08:00:00,0,0.145175,0.393558,0
15057,2017-06-19 09:00:00,0,0.145174,0.393561,0
15058,2017-06-19 10:00:00,0,0.145174,0.393562,0
15059,2017-06-19 11:00:00,0,0.145174,0.393563,0
15060,2017-06-19 12:00:00,0,0.145174,0.393566,0
15061,2017-06-19 13:00:00,0,0.145174,0.393567,0
15062,2017-06-19 14:00:00,0,0.145174,0.393561,0
15063,2017-06-19 15:00:00,0,0.145176,0.393538,0
15064,2017-06-19 16:00:00,0,0.14518,0.3935,0
15065,2017-06-19 17:00:00,0,0.145185,0.393438,0
15066,2017-06-19 18:00:00,0,0.145192,0.393353,0
15067,2017-06-19 19:00:00,0,0.145199,0.393267,0
15068,2017-06-19 20:00:00,0,0.145205,0.393195,0
15069,2017-06-19 21:00:00,0,0.145211,0.393125,0
15070,2017-06-19 22:00:00,0,0.145216,0.393073,0
15071,2017-06-19 23:00:00,0,0.145218,0.393049,0
15072,2017-06-20 00:00:00,0,0.145219,0.393031,0.000156
15073,2017-06-20 01:00:00,0,0.145202,0.393237,0.001769
15074,2017-06-20 02:00:00,0,0.145009,0.395481,0.000258
15075,2017-06-20 03:00:00,0,0.144988,0.395712,0.000015
15076,2017-06-20 04:00:00,0,0.144996,0.39562,0
15077,2017-06-20 05:00:00,0,0.145005,0.395517,0
15078,2017-06-20 06:00:00,0,0.145014,0.395422,0
15079,2017-06-20 07:00:00,0,0.145021,0.395336,0
15080,2017-06-20 08:00:00,0,0.145028,0.395258,0.000011
15081,2017-06-20 09:00:00,0,0.145033,0.3952,0.00062
15082,2017-06-20 10:00:00,0,0.144971,0.395903,0.000215
15083,2017-06-20 11:00:00,0,0.144959,0.396048,0.000015
15084,2017-06-20 12:00:00,0,0.144969,0.395934,0
15085,2017-06-20 13:00:00,0,0.144979,0.395813,0
15086,2017-06-20 14:00:00,0,0.14499,0.395698,0
15087,2017-06-20 15:00:00,0,0.145,0.39558,0
15088,2017-06-20 16:00:00,0,0.145012,0.39544,0
15089,2017-06-20 17:00:00,0,0.14503,0.395232,0
15090,2017-06-20 18:00:00,0,0.145049,0.395019,0
15091,2017-06-20 19:00:00,0,0.145066,0.394818,0
15092,2017-06-20 20:00:00,0,0.145083,0.394632,0
15093,2017-06-20 21:00:00,0,0.145096,0.394478,0
15094,2017-06-20 22:00:00,0,0.145106,0.394364,0
15095,2017-06-20 23:00:00,0,0.145112,0.394287,0
15096,2017-06-21 00:00:00,0,0.145118,0.394225,0
15097,2017-06-21 01:00:00,0,0.145122,0.394179,0
15098,2017-06-21 02:00:00,0,0.145125,0.39414,0
15099,2017-06-21 03:00:00,0,0.145128,0.394109,0
15100,2017-06-21 04:00:00,0,0.14513,0.394084,0
15101,2017-06-21 05:00:00,0,0.145132,0.394064,0
15102,2017-06-21 06:00:00,0,0.145133,0.394047,0
15103,2017-06-21 07:00:00,0,0.145134,0.394032,0
15104,2017-06-21 08:00:00,0,0.145135,0.394022,0
15105,2017-06-21 09:00:00,0,0.145136,0.394014,0
15106,2017-06-21 10:00:00,0,0.145136,0.394008,0
15107,2017-06-21 11:00:00,0,0.145137,0.394002,0
15108,2017-06-21 12:00:00,0,0.145137,0.394,0
15109,2017-06-21 13:00:00,0,0.145137,0.393997,0
15110,2017-06-21 14:00:00,0,0.14514,0.393961,0
15111,2017-06-21 15:00:00,0,0.145147,0.393888,0
15112,2017-06-21 16:00:00,0,0.145157,0.393769,0
15113,2017-06-21 17:00:00,0,0.145169,0.393624,0
15114,2017-06-21 18:00:00,0,0.145183,0.393463,0
15115,2017-06-21 19:00:00,0,0.145196,0.3933,0
15116,2017-06-21 20:00:00,0,0.14521,0.393139,0
15117,2017-06-21 21:00:00,0,0.145222,0.392993,0
15118,2017-06-21 22:00:00,0,0.145232,0.392873,0.000025
15119,2017-06-21 23:00:00,0,0.145233,0.392862,0
15120,2017-06-22 00:00:00,0,0.145236,0.392825,0
15121,2017-06-22 01:00:00,0,0.145238,0.392804,0
15122,2017-06-22 02:00:00,0,0.14524,0.392785,0
15123,2017-06-22 03:00:00,0,0.145241,0.39277,0
15124,2017-06-22 04:00:00,0,0.145242,0.392758,0
15125,2017-06-22 05:00:00,0,0.145243,0.392741,0
15126,2017-06-22 06:00:00,0,0.145245,0.392726,0
15127,2017-06-22 07:00:00,0,0.145246,0.392711,0
15128,2017-06-22 08:00:00,0,0.145247,0.392698,0
15129,2017-06-22 09:00:00,0,0.145248,0.392686,0
15130,2017-06-22 10:00:00,0,0.145249,0.392675,0
15131,2017-06-22 11:00:00,0,0.145249,0.392669,0
15132,2017-06-22 12:00:00,0,0.14525,0.392668,0
15133,2017-06-22 13:00:00,0,0.14525,0.392667,0
15134,2017-06-22 14:00:00,0,0.14525,0.39266,0
15135,2017-06-22 15:00:00,0,0.145253,0.392623,0
15136,2017-06-22 16:00:00,0,0.145259,0.392553,0
15137,2017-06-22 17:00:00,0,0.145266,0.392464,0
15138,2017-06-22 18:00:00,0,0.145275,0.392362,0
15139,2017-06-22 19:00:00,0,0.145284,0.392257,0
15140,2017-06-22 20:00:00,0,0.145292,0.392153,0
15141,2017-06-22 21:00:00,0,0.1453,0.392062,0
15142,2017-06-22 22:00:00,0,0.145305,0.391994,0
15143,2017-06-22 23:00:00,0,0.145307,0.391974,0
15144,2017-06-23 00:00:00,0,0.145308,0.391961,0
15145,2017-06-23 01:00:00,0,0.145309,0.391952,0
15146,2017-06-23 02:00:00,0,0.14531,0.391943,0
15147,2017-06-23 03:00:00,0,0.14531,0.391933,0
15148,2017-06-23 04:00:00,0,0.145311,0.391923,0
15149,2017-06-23 05:00:00,0,0.145312,0.39191,0
15150,2017-06-23 06:00:00,0,0.145313,0.391897,0
15151,2017-06-23 07:00:00,0,0.145314,0.391889,0
15152,2017-06-23 08:00:00,0,0.145315,0.391882,0
15153,2017-06-23 09:00:00,0,0.145315,0.391875,0
15154,2017-06-23 10:00:00,0,0.145316,0.391871,0
15155,2017-06-23 11:00:00,0,0.145315,0.391871,0
15156,2017-06-23 12:00:00,0,0.145315,0.391877,0
15157,2017-06-23 13:00:00,0,0.145314,0.391884,0
15158,2017-06-23 14:00:00,0,0.145315,0.391882,0
15159,2017-06-23 15:00:00,0,0.145317,0.39185,0
15160,2017-06-23 16:00:00,0,0.145323,0.391774,0
15161,2017-06-23 17:00:00,0,0.145332,0.391668,0
15162,2017-06-23 18:00:00,0,0.145343,0.391536,0
15163,2017-06-23 19:00:00,0,0.145355,0.391388,0
15164,2017-06-23 20:00:00,0,0.145367,0.391247,0
15165,2017-06-23 21:00:00,0,0.145375,0.391144,0
15166,2017-06-23 22:00:00,0,0.14538,0.391082,0
15167,2017-06-23 23:00:00,0,0.145382,0.391054,0
15168,2017-06-24 00:00:00,0,0.145384,0.391034,0
15169,2017-06-24 01:00:00,0,0.145385,0.391019,0
15170,2017-06-24 02:00:00,0,0.145386,0.391008,0
15171,2017-06-24 03:00:00,0,0.145386,0.391001,0
15172,2017-06-24 04:00:00,0,0.145387,0.390997,0
15173,2017-06-24 05:00:00,0,0.145387,0.390994,0
15174,2017-06-24 06:00:00,0,0.145387,0.39099,0
15175,2017-06-24 07:00:00,0,0.145388,0.390988,0
15176,2017-06-24 08:00:00,0,0.145388,0.390985,0
15177,2017-06-24 09:00:00,0,0.145388,0.390985,0
15178,2017-06-24 10:00:00,0,0.145388,0.390982,0
15179,2017-06-24 11:00:00,0,0.145388,0.39098,0
15180,2017-06-24 12:00:00,0,0.145388,0.390982,0
15181,2017-06-24 13:00:00,0,0.145388,0.390981,0.000768
15182,2017-06-24 14:00:00,0,0.145302,0.392034,0.001163
15183,2017-06-24 15:00:00,0,0.145171,0.393606,0
15184,2017-06-24 16:00:00,0,0.145171,0.393604,0.000009
15185,2017-06-24 17:00:00,0,0.145171,0.393602,0
15186,2017-06-24 18:00:00,0,0.145176,0.393538,0
15187,2017-06-24 19:00:00,0,0.145189,0.393393,0
15188,2017-06-24 20:00:00,0,0.145201,0.393245,0
15189,2017-06-24 21:00:00,0,0.145213,0.393109,0
15190,2017-06-24 22:00:00,0,0.145221,0.393006,0
15191,2017-06-24 23:00:00,0,0.145226,0.392945,0
15192,2017-06-25 00:00:00,0,0.14523,0.392904,0
15193,2017-06-25 01:00:00,0,0.145231,0.392885,0
15194,2017-06-25 02:00:00,0,0.145233,0.392862,0
15195,2017-06-25 03:00:00,0,0.145236,0.392836,0
15196,2017-06-25 04:00:00,0,0.145237,0.392812,0
15197,2017-06-25 05:00:00,0,0.145239,0.392794,0
15198,2017-06-25 06:00:00,0,0.14524,0.39278,0
15199,2017-06-25 07:00:00,0,0.145241,0.392766,0
15200,2017-06-25 08:00:00,0,0.145242,0.392754,0
15201,2017-06-25 09:00:00,0,0.145244,0.39274,0
15202,2017-06-25 10:00:00,0,0.145245,0.392727,0
15203,2017-06-25 11:00:00,0,0.145245,0.392718,0
15204,2017-06-25 12:00:00,0,0.145246,0.392715,0
15205,2017-06-25 13:00:00,0,0.145246,0.392714,0
15206,2017-06-25 14:00:00,0,0.145247,0.392693,0
15207,2017-06-25 15:00:00,0,0.145252,0.392642,0
15208,2017-06-25 16:00:00,0,0.145258,0.392564,0
15209,2017-06-25 17:00:00,0,0.145267,0.39246,0
15210,2017-06-25 18:00:00,0,0.145277,0.392333,0
15211,2017-06-25 19:00:00,0,0.145289,0.392196,0
15212,2017-06-25 20:00:00,0,0.1453,0.392061,0
15213,2017-06-25 21:00:00,0,0.145309,0.391947,0.00015
15214,2017-06-25 22:00:00,0,0.145296,0.39211,0.000051
15215,2017-06-25 23:00:00,0,0.145292,0.392153,0
15216,2017-06-26 00:00:00,0,0.145293,0.392138,0
15217,2017-06-26 01:00:00,0,0.145294,0.392129,0
15218,2017-06-26 02:00:00,0,0.145295,0.392119,0
15219,2017-06-26 03:00:00,0,0.145296,0.392106,0
15220,2017-06-26 04:00:00,0,0.145297,0.392091,0
15221,2017-06-26 05:00:00,0,0.145298,0.392078,0
15222,2017-06-26 06:00:00,0,0.1453,0.392063,0
15223,2017-06-26 07:00:00,0,0.145301,0.392052,0
15224,2017-06-26 08:00:00,0,0.145302,0.392041,0
15225,2017-06-26 09:00:00,0,0.145303,0.392029,0
15226,2017-06-26 10:00:00,0,0.145303,0.392017,0
15227,2017-06-26 11:00:00,0,0.145304,0.392009,0
15228,2017-06-26 12:00:00,0,0.145304,0.392006,0
15229,2017-06-26 13:00:00,0,0.145305,0.392004,0
15230,2017-06-26 14:00:00,0,0.145306,0.391992,0
15231,2017-06-26 15:00:00,0,0.145309,0.391949,0
15232,2017-06-26 16:00:00,0,0.145315,0.391878,0
15233,2017-06-26 17:00:00,0,0.145322,0.391789,0
15234,2017-06-26 18:00:00,0,0.145331,0.39168,0
15235,2017-06-26 19:00:00,0,0.145341,0.391557,0
15236,2017-06-26 20:00:00,0,0.145351,0.391432,0
15237,2017-06-26 21:00:00,0,0.14536,0.391322,0
15238,2017-06-26 22:00:00,0,0.145367,0.391239,0
15239,2017-06-26 23:00:00,0,0.145371,0.391196,0
15240,2017-06-27 00:00:00,0,0.145373,0.39117,0
15241,2017-06-27 01:00:00,0,0.145374,0.391155,0
15242,2017-06-27 02:00:00,0,0.145375,0.391142,0
15243,2017-06-27 03:00:00,0,0.145376,0.391126,0
15244,2017-06-27 04:00:00,0,0.145378,0.391107,0
15245,2017-06-27 05:00:00,0,0.145379,0.391093,0
15246,2017-06-27 06:00:00,0,0.14538,0.39108,0
15247,2017-06-27 07:00:00,0,0.145381,0.391075,0
15248,2017-06-27 08:00:00,0,0.145381,0.39107,0
15249,2017-06-27 09:00:00,0,0.145381,0.391067,0
15250,2017-06-27 10:00:00,0,0.145381,0.391063,0
15251,2017-06-27 11:00:00,0,0.145382,0.391061,0
15252,2017-06-27 12:00:00,0,0.145382,0.391063,0
15253,2017-06-27 13:00:00,0,0.145381,0.391064,0
15254,2017-06-27 14:00:00,0,0.145382,0.391059,0.000076
15255,2017-06-27 15:00:00,0,0.145374,0.391157,0
15256,2017-06-27 16:00:00,0,0.145375,0.391138,0
15257,2017-06-27 17:00:00,0,0.14538,0.39108,0
15258,2017-06-27 18:00:00,0,0.145386,0.391004,0
15259,2017-06-27 19:00:00,0,0.145394,0.390914,0
15260,2017-06-27 20:00:00,0,0.1454,0.390833,0
15261,2017-06-27 21:00:00,0,0.145406,0.390755,0
15262,2017-06-27 22:00:00,0,0.145411,0.390693,0.000017
15263,2017-06-27 23:00:00,0,0.145412,0.390679,0.000003
15264,2017-06-28 00:00:00,0,0.145414,0.390656,0.001817
15265,2017-06-28 01:00:00,0,0.145215,0.393076,0.000298
15266,2017-06-28 02:00:00,0,0.145182,0.393472,0
15267,2017-06-28 03:00:00,0,0.145183,0.393459,0
15268,2017-06-28 04:00:00,0,0.145184,0.393449,0
15269,2017-06-28 05:00:00,0,0.145185,0.393438,0
15270,2017-06-28 06:00:00,0,0.145186,0.393427,0
15271,2017-06-28 07:00:00,0,0.145186,0.39342,0
15272,2017-06-28 08:00:00,0,0.145187,0.393412,0
15273,2017-06-28 09:00:00,0,0.145188,0.393405,0
15274,2017-06-28 10:00:00,0,0.145188,0.393399,0
15275,2017-06-28 11:00:00,0,0.145189,0.393392,0
15276,2017-06-28 12:00:00,0,0.145189,0.39339,0
15277,2017-06-28 13:00:00,0,0.145189,0.393393,0
15278,2017-06-28 14:00:00,0,0.145189,0.393392,0
15279,2017-06-28 15:00:00,0,0.145189,0.393385,0
15280,2017-06-28 16:00:00,0,0.145191,0.393363,0
15281,2017-06-28 17:00:00,0,0.1452,0.393258,0
15282,2017-06-28 18:00:00,0,0.14521,0.393142,0
15283,2017-06-28 19:00:00,0,0.14522,0.393016,0
15284,2017-06-28 20:00:00,0,0.145231,0.392894,0
15285,2017-06-28 21:00:00,0,0.145239,0.392792,0
15286,2017-06-28 22:00:00,0,0.145245,0.392722,0
15287,2017-06-28 23:00:00,0,0.145247,0.392693,0
15288,2017-06-29 00:00:00,0,0.145249,0.392675,0
15289,2017-06-29 01:00:00,0,0.14525,0.39266,0
15290,2017-06-29 02:00:00,0,0.145252,0.392638,0
15291,2017-06-29 03:00:00,0,0.145254,0.392616,0
15292,2017-06-29 04:00:00,0,0.145255,0.392602,0
15293,2017-06-29 05:00:00,0,0.145256,0.392593,0
15294,2017-06-29 06:00:00,0,0.145256,0.392586,0
15295,2017-06-29 07:00:00,0,0.145257,0.39258,0
15296,2017-06-29 08:00:00,0,0.145257,0.392574,0
15297,2017-06-29 09:00:00,0,0.145258,0.392569,0
15298,2017-06-29 10:00:00,0,0.145258,0.392563,0
15299,2017-06-29 11:00:00,0,0.145259,0.392559,0
15300,2017-06-29 12:00:00,0,0.145259,0.392558,0
15301,2017-06-29 13:00:00,0,0.145259,0.392555,0
15302,2017-06-29 14:00:00,0,0.14526,0.392542,0
15303,2017-06-29 15:00:00,0,0.145263,0.39251,0
15304,2017-06-29 16:00:00,0,0.145267,0.39246,0
15305,2017-06-29 17:00:00,0,0.145273,0.392387,0
15306,2017-06-29 18:00:00,0,0.14528,0.392296,0
15307,2017-06-29 19:00:00,0,0.14529,0.392177,0
15308,2017-06-29 20:00:00,0,0.1453,0.392059,0
15309,2017-06-29 21:00:00,0,0.145308,0.391958,0
15310,2017-06-29 22:00:00,0,0.145315,0.391883,0
15311,2017-06-29 23:00:00,0,0.145319,0.391832,0
15312,2017-06-30 00:00:00,0,0.145322,0.391786,0
15313,2017-06-30 01:00:00,0,0.145326,0.391749,0
15314,2017-06-30 02:00:00,0,0.145328,0.391722,0
15315,2017-06-30 03:00:00,0,0.14533,0.391699,0
15316,2017-06-30 04:00:00,0,0.145331,0.391681,0
15317,2017-06-30 05:00:00,0,0.145332,0.391665,0
15318,2017-06-30 06:00:00,0,0.145334,0.391647,0
15319,2017-06-30 07:00:00,0,0.145336,0.391627,0
15320,2017-06-30 08:00:00,0,0.145337,0.391607,0
15321,2017-06-30 09:00:00,0,0.145339,0.391589,0
15322,2017-06-30 10:00:00,0,0.14534,0.391574,0
15323,2017-06-30 11:00:00,0,0.145341,0.391561,0
15324,2017-06-30 12:00:00,0,0.145342,0.391553,0
15325,2017-06-30 13:00:00,0,0.145343,0.39154,0
15326,2017-06-30 14:00:00,0,0.145344,0.391519,0
15327,2017-06-30 15:00:00,0,0.145348,0.391479,0
15328,2017-06-30 16:00:00,0,0.145352,0.39142,0
15329,2017-06-30 17:00:00,0,0.145359,0.391339,0
15330,2017-06-30 18:00:00,0,0.145368,0.391235,0
15331,2017-06-30 19:00:00,0,0.145376,0.391136,0
15332,2017-06-30 20:00:00,0,0.145383,0.391044,0
15333,2017-06-30 21:00:00,0,0.14539,0.390955,0
15334,2017-06-30 22:00:00,0,0.145396,0.390886,0
15335,2017-06-30 23:00:00,0,0.145399,0.39085,0.000141
15336,2017-07-01 00:00:00,0,0.145384,0.391028,0.001202
15337,2017-07-01 01:00:00,0,0.145251,0.392653,0.000574
15338,2017-07-01 02:00:00,0,0.145185,0.393432,0
15339,2017-07-01 03:00:00,0,0.145186,0.393428,0
15340,2017-07-01 04:00:00,0,0.145186,0.393425,0.000109
15341,2017-07-01 05:00:00,0,0.145173,0.393573,0
15342,2017-07-01 06:00:00,0,0.145174,0.39357,0
15343,2017-07-01 07:00:00,0,0.145174,0.393567,0
15344,2017-07-01 08:00:00,0,0.145174,0.393566,0
15345,2017-07-01 09:00:00,0,0.145174,0.393565,0
15346,2017-07-01 10:00:00,0,0.145174,0.393566,0
15347,2017-07-01 11:00:00,0,0.145174,0.393567,0
15348,2017-07-01 12:00:00,0,0.145173,0.393572,0
15349,2017-07-01 13:00:00,0,0.145173,0.393578,0
15350,2017-07-01 14:00:00,0,0.145173,0.393583,0
15351,2017-07-01 15:00:00,0,0.145173,0.39358,0
15352,2017-07-01 16:00:00,0,0.145176,0.393547,0
15353,2017-07-01 17:00:00,0,0.145183,0.393458,0
15354,2017-07-01 18:00:00,0,0.145192,0.39335,0
15355,2017-07-01 19:00:00,0,0.1452,0.393253,0
15356,2017-07-01 20:00:00,0,0.145208,0.393162,0
15357,2017-07-01 21:00:00,0,0.145214,0.393089,0
15358,2017-07-01 22:00:00,0,0.145217,0.39305,0
15359,2017-07-01 23:00:00,0,0.145219,0.393036,0
15360,2017-07-02 00:00:00,0,0.145219,0.393027,0
15361,2017-07-02 01:00:00,0,0.14522,0.393021,0
15362,2017-07-02 02:00:00,0,0.14522,0.393016,0
15363,2017-07-02 03:00:00,0,0.145221,0.393015,0
15364,2017-07-02 04:00:00,0,0.14522,0.393015,0
15365,2017-07-02 05:00:00,0,0.145221,0.393013,0
15366,2017-07-02 06:00:00,0,0.145221,0.393011,0
15367,2017-07-02 07:00:00,0,0.145221,0.393008,0
15368,2017-07-02 08:00:00,0,0.145221,0.393007,0
15369,2017-07-02 09:00:00,0,0.145221,0.393006,0
15370,2017-07-02 10:00:00,0,0.145221,0.393008,0
15371,2017-07-02 11:00:00,0,0.145221,0.393011,0
15372,2017-07-02 12:00:00,0,0.14522,0.393016,0
15373,2017-07-02 13:00:00,0,0.14522,0.393019,0
15374,2017-07-02 14:00:00,0,0.145222,0.392993,0
15375,2017-07-02 15:00:00,0,0.145228,0.392926,0
15376,2017-07-02 16:00:00,0,0.145237,0.392821,0
15377,2017-07-02 17:00:00,0,0.145248,0.392692,0
15378,2017-07-02 18:00:00,0,0.145259,0.392551,0
15379,2017-07-02 19:00:00,0,0.145271,0.392408,0
15380,2017-07-02 20:00:00,0,0.145283,0.392266,0
15381,2017-07-02 21:00:00,0,0.145293,0.392141,0
15382,2017-07-02 22:00:00,0,0.145302,0.39204,0
15383,2017-07-02 23:00:00,0,0.145306,0.391988,0
15384,2017-07-03 00:00:00,0,0.145309,0.391955,0
15385,2017-07-03 01:00:00,0,0.14531,0.391941,0
15386,2017-07-03 02:00:00,0,0.145311,0.391923,0
15387,2017-07-03 03:00:00,0,0.145313,0.391905,0
15388,2017-07-03 04:00:00,0,0.145314,0.39189,0
15389,2017-07-03 05:00:00,0,0.145315,0.391876,0
15390,2017-07-03 06:00:00,0,0.145316,0.391868,0
15391,2017-07-03 07:00:00,0,0.145316,0.391861,0
15392,2017-07-03 08:00:00,0,0.145317,0.391854,0
15393,2017-07-03 09:00:00,0,0.145317,0.391849,0
15394,2017-07-03 10:00:00,0,0.145318,0.391843,0
15395,2017-07-03 11:00:00,0,0.145318,0.391839,0
15396,2017-07-03 12:00:00,0,0.145318,0.391838,0
15397,2017-07-03 13:00:00,0,0.145319,0.391834,0
15398,2017-07-03 14:00:00,0,0.145321,0.3918,0
15399,2017-07-03 15:00:00,0,0.145327,0.391728,0
15400,2017-07-03 16:00:00,0,0.145336,0.391619,0
15401,2017-07-03 17:00:00,0,0.145347,0.391482,0
15402,2017-07-03 18:00:00,0,0.14536,0.391325,0
15403,2017-07-03 19:00:00,0,0.145374,0.391158,0
15404,2017-07-03 20:00:00,0,0.145387,0.390992,0
15405,2017-07-03 21:00:00,0,0.145399,0.39085,0
15406,2017-07-03 22:00:00,0,0.145408,0.390735,0
15407,2017-07-03 23:00:00,0,0.145413,0.390667,0
15408,2017-07-04 00:00:00,0,0.145417,0.390623,0
15409,2017-07-04 01:00:00,0,0.145419,0.390604,0
15410,2017-07-04 02:00:00,0,0.14542,0.390581,0
15411,2017-07-04 03:00:00,0,0.145422,0.390555,0
15412,2017-07-04 04:00:00,0,0.145424,0.390532,0
15413,2017-07-04 05:00:00,0,0.145426,0.390506,0
15414,2017-07-04 06:00:00,0,0.145428,0.390481,0
15415,2017-07-04 07:00:00,0,0.14543,0.390461,0
15416,2017-07-04 08:00:00,0,0.145431,0.390443,0
15417,2017-07-04 09:00:00,0,0.145432,0.390431,0
15418,2017-07-04 10:00:00,0,0.145433,0.390424,0
15419,2017-07-04 11:00:00,0,0.145433,0.390419,0
15420,2017-07-04 12:00:00,0,0.145433,0.390417,0
15421,2017-07-04 13:00:00,0,0.145434,0.390416,0
15422,2017-07-04 14:00:00,0,0.145435,0.390402,0
15423,2017-07-04 15:00:00,0,0.145438,0.390358,0
15424,2017-07-04 16:00:00,0,0.145444,0.390288,0
15425,2017-07-04 17:00:00,0,0.145451,0.390204,0
15426,2017-07-04 18:00:00,0,0.145458,0.390115,0
15427,2017-07-04 19:00:00,0,0.145465,0.390026,0
15428,2017-07-04 20:00:00,0,0.145471,0.389944,0
15429,2017-07-04 21:00:00,0,0.145476,0.389879,0
15430,2017-07-04 22:00:00,0,0.145479,0.389844,0
15431,2017-07-04 23:00:00,0,0.14548,0.38983,0
15432,2017-07-05 00:00:00,0,0.145481,0.389822,0
15433,2017-07-05 01:00:00,0,0.145482,0.389814,0
15434,2017-07-05 02:00:00,0,0.145482,0.389804,0
15435,2017-07-05 03:00:00,0,0.145483,0.389793,0
15436,2017-07-05 04:00:00,0,0.145484,0.389779,0
15437,2017-07-05 05:00:00,0,0.145486,0.389764,0
15438,2017-07-05 06:00:00,0,0.145487,0.38975,0
15439,2017-07-05 07:00:00,0,0.145488,0.389738,0
15440,2017-07-05 08:00:00,0,0.145488,0.389729,0
15441,2017-07-05 09:00:00,0,0.145489,0.389721,0
15442,2017-07-05 10:00:00,0,0.145489,0.389715,0
15443,2017-07-05 11:00:00,0,0.14549,0.38971,0
15444,2017-07-05 12:00:00,0,0.14549,0.389708,0
15445,2017-07-05 13:00:00,0,0.14549,0.389707,0
15446,2017-07-05 14:00:00,0,0.145491,0.389696,0
15447,2017-07-05 15:00:00,0,0.145495,0.38965,0
15448,2017-07-05 16:00:00,0,0.1455,0.389576,0
15449,2017-07-05 17:00:00,0,0.145507,0.389494,0
15450,2017-07-05 18:00:00,0,0.145514,0.389406,0
15451,2017-07-05 19:00:00,0,0.145521,0.389314,0
15452,2017-07-05 20:00:00,0,0.145528,0.38922,0
15453,2017-07-05 21:00:00,0,0.145534,0.389145,0
15454,2017-07-05 22:00:00,0,0.145538,0.389092,0
15455,2017-07-05 23:00:00,0,0.14554,0.389073,0
15456,2017-07-06 00:00:00,0,0.145541,0.389056,0
15457,2017-07-06 01:00:00,0,0.145542,0.389041,0
15458,2017-07-06 02:00:00,0,0.145543,0.389028,0
15459,2017-07-06 03:00:00,0,0.145544,0.389017,0
15460,2017-07-06 04:00:00,0,0.145545,0.389002,0
15461,2017-07-06 05:00:00,0,0.145546,0.38899,0
15462,2017-07-06 06:00:00,0,0.145547,0.388979,0
15463,2017-07-06 07:00:00,0,0.145548,0.388969,0
15464,2017-07-06 08:00:00,0,0.145549,0.38896,0
15465,2017-07-06 09:00:00,0,0.145549,0.388953,0
15466,2017-07-06 10:00:00,0,0.14555,0.388945,0
15467,2017-07-06 11:00:00,0,0.14555,0.388943,0
15468,2017-07-06 12:00:00,0,0.14555,0.388946,0
15469,2017-07-06 13:00:00,0,0.14555,0.388949,0
15470,2017-07-06 14:00:00,0,0.14555,0.388941,0
15471,2017-07-06 15:00:00,0,0.145553,0.388902,0
15472,2017-07-06 16:00:00,0,0.145558,0.388836,0
15473,2017-07-06 17:00:00,0,0.145565,0.388749,0
15474,2017-07-06 18:00:00,0,0.145573,0.388644,0
15475,2017-07-06 19:00:00,0,0.145582,0.388526,0
15476,2017-07-06 20:00:00,0,0.145591,0.388414,0
15477,2017-07-06 21:00:00,0,0.145599,0.388314,0
15478,2017-07-06 22:00:00,0,0.145604,0.38824,0
15479,2017-07-06 23:00:00,0,0.145607,0.38821,0
15480,2017-07-07 00:00:00,0,0.145608,0.388198,0
15481,2017-07-07 01:00:00,0,0.145608,0.388189,0
15482,2017-07-07 02:00:00,0,0.145609,0.388182,0
15483,2017-07-07 03:00:00,0,0.145609,0.388175,0
15484,2017-07-07 04:00:00,0,0.14561,0.388166,0
15485,2017-07-07 05:00:00,0,0.145611,0.388161,0
15486,2017-07-07 06:00:00,0,0.145611,0.388157,0
15487,2017-07-07 07:00:00,0,0.145611,0.388153,0
15488,2017-07-07 08:00:00,0,0.145612,0.388148,0
15489,2017-07-07 09:00:00,0,0.145612,0.388145,0
15490,2017-07-07 10:00:00,0,0.145612,0.38814,0
15491,2017-07-07 11:00:00,0,0.145612,0.388136,0
15492,2017-07-07 12:00:00,0,0.145613,0.388134,0.000094
15493,2017-07-07 13:00:00,0,0.145602,0.388267,0.000098
15494,2017-07-07 14:00:00,0,0.145592,0.388405,0.000552
15495,2017-07-07 15:00:00,0,0.145532,0.389176,0.002219
15496,2017-07-07 16:00:00,0,0.145293,0.392145,0.001996
15497,2017-07-07 17:00:00,0,0.145072,0.394754,0.001786
15498,2017-07-07 18:00:00,0,0.144885,0.396873,0.001285
15499,2017-07-07 19:00:00,0,0.144762,0.398214,0.001125
15500,2017-07-07 20:00:00,0,0.144665,0.39925,0.000449
15501,2017-07-07 21:00:00,0,0.144652,0.399394,0.00003
15502,2017-07-07 22:00:00,0,0.144687,0.39902,0
15503,2017-07-07 23:00:00,0,0.144722,0.398643,0
15504,2017-07-08 00:00:00,0,0.144755,0.398297,0
15505,2017-07-08 01:00:00,0,0.144784,0.397979,0
15506,2017-07-08 02:00:00,0,0.144811,0.397686,0
15507,2017-07-08 03:00:00,0,0.144835,0.397418,0
15508,2017-07-08 04:00:00,0,0.144858,0.397173,0
15509,2017-07-08 05:00:00,0,0.144878,0.396946,0
15510,2017-07-08 06:00:00,0,0.144897,0.396738,0
15511,2017-07-08 07:00:00,0,0.144914,0.396547,0
15512,2017-07-08 08:00:00,0,0.14493,0.396372,0.000024
15513,2017-07-08 09:00:00,0,0.144941,0.396244,0
15514,2017-07-08 10:00:00,0,0.144954,0.396096,0
15515,2017-07-08 11:00:00,0,0.144966,0.395961,0
15516,2017-07-08 12:00:00,0,0.144977,0.395839,0
15517,2017-07-08 13:00:00,0,0.144987,0.395726,0
15518,2017-07-08 14:00:00,0,0.144996,0.395624,0
15519,2017-07-08 15:00:00,0,0.145005,0.395526,0
15520,2017-07-08 16:00:00,0,0.145014,0.39542,0
15521,2017-07-08 17:00:00,0,0.145028,0.395259,0
15522,2017-07-08 18:00:00,0,0.145043,0.395085,0
15523,2017-07-08 19:00:00,0,0.145058,0.394915,0
15524,2017-07-08 20:00:00,0,0.145072,0.394757,0
15525,2017-07-08 21:00:00,0,0.145083,0.394627,0
15526,2017-07-08 22:00:00,0,0.145091,0.394533,0
15527,2017-07-08 23:00:00,0,0.145095,0.394488,0.000013
15528,2017-07-09 00:00:00,0,0.145096,0.394475,0.000074
15529,2017-07-09 01:00:00,0,0.14509,0.394546,0
15530,2017-07-09 02:00:00,0,0.145092,0.394519,0
15531,2017-07-09 03:00:00,0,0.145094,0.394495,0
15532,2017-07-09 04:00:00,0,0.145096,0.394476,0
15533,2017-07-09 05:00:00,0,0.145097,0.394462,0
15534,2017-07-09 06:00:00,0,0.145099,0.394448,0
15535,2017-07-09 07:00:00,0,0.1451,0.394436,0
15536,2017-07-09 08:00:00,0,0.145101,0.394423,0
15537,2017-07-09 09:00:00,0,0.145102,0.39441,0
15538,2017-07-09 10:00:00,0,0.145103,0.394398,0
15539,2017-07-09 11:00:00,0,0.145104,0.394388,0
15540,2017-07-09 12:00:00,0,0.145104,0.39438,0
15541,2017-07-09 13:00:00,0,0.145105,0.394369,0
15542,2017-07-09 14:00:00,0,0.145108,0.394341,0
15543,2017-07-09 15:00:00,0,0.145113,0.394281,0
15544,2017-07-09 16:00:00,0,0.145122,0.39418,0
15545,2017-07-09 17:00:00,0,0.145132,0.394057,0
15546,2017-07-09 18:00:00,0,0.145143,0.393925,0
15547,2017-07-09 19:00:00,0,0.145155,0.393789,0
15548,2017-07-09 20:00:00,0,0.145166,0.393657,0
15549,2017-07-09 21:00:00,0,0.145176,0.393545,0
15550,2017-07-09 22:00:00,0,0.145183,0.393461,0
15551,2017-07-09 23:00:00,0,0.145186,0.39342,0
15552,2017-07-10 00:00:00,0,0.145188,0.393395,0
15553,2017-07-10 01:00:00,0,0.14519,0.393381,0
15554,2017-07-10 02:00:00,0,0.145191,0.393364,0
15555,2017-07-10 03:00:00,0,0.145193,0.393344,0
15556,2017-07-10 04:00:00,0,0.145194,0.393324,0
15557,2017-07-10 05:00:00,0,0.145196,0.393309,0
15558,2017-07-10 06:00:00,0,0.145197,0.393295,0
15559,2017-07-10 07:00:00,0,0.145198,0.393285,0
15560,2017-07-10 08:00:00,0,0.145198,0.393277,0
15561,2017-07-10 09:00:00,0,0.145199,0.39327,0
15562,2017-07-10 10:00:00,0,0.1452,0.393264,0
15563,2017-07-10 11:00:00,0,0.1452,0.393261,0
15564,2017-07-10 12:00:00,0,0.1452,0.393264,0
15565,2017-07-10 13:00:00,0,0.145199,0.393267,0
15566,2017-07-10 14:00:00,0,0.1452,0.393259,0
15567,2017-07-10 15:00:00,0,0.145204,0.393216,0
15568,2017-07-10 16:00:00,0,0.145211,0.393125,0
15569,2017-07-10 17:00:00,0,0.145221,0.393003,0
15570,2017-07-10 18:00:00,0,0.145234,0.392852,0
15571,2017-07-10 19:00:00,0,0.145248,0.392689,0
15572,2017-07-10 20:00:00,0,0.145261,0.392534,0
15573,2017-07-10 21:00:00,0,0.145271,0.392405,0
15574,2017-07-10 22:00:00,0,0.145279,0.392308,0
15575,2017-07-10 23:00:00,0,0.145284,0.392251,0
15576,2017-07-11 00:00:00,0,0.145287,0.392213,0
15577,2017-07-11 01:00:00,0,0.145289,0.392192,0
15578,2017-07-11 02:00:00,0,0.14529,0.392176,0
15579,2017-07-11 03:00:00,0,0.145291,0.392165,0
15580,2017-07-11 04:00:00,0,0.145292,0.392156,0
15581,2017-07-11 05:00:00,0,0.145293,0.39215,0
15582,2017-07-11 06:00:00,0,0.145293,0.392145,0
15583,2017-07-11 07:00:00,0,0.145293,0.39214,0.000011
15584,2017-07-11 08:00:00,0,0.145292,0.392154,0.000138
15585,2017-07-11 09:00:00,0,0.145276,0.392346,0.000495
15586,2017-07-11 10:00:00,0,0.14522,0.393023,0.003871
15587,2017-07-11 11:00:00,0,0.144815,0.397641,0.000433
15588,2017-07-11 12:00:00,0,0.14479,0.39791,0.000388
15589,2017-07-11 13:00:00,0,0.144773,0.398101,0.000083
15590,2017-07-11 14:00:00,0,0.144791,0.397905,0
15591,2017-07-11 15:00:00,0,0.144817,0.397622,0
15592,2017-07-11 16:00:00,0,0.144841,0.397353,0
15593,2017-07-11 17:00:00,0,0.144866,0.397081,0
15594,2017-07-11 18:00:00,0,0.144893,0.396782,0
15595,2017-07-11 19:00:00,0,0.14492,0.396485,0
15596,2017-07-11 20:00:00,0,0.144944,0.396212,0
15597,2017-07-11 21:00:00,0,0.144965,0.395975,0
15598,2017-07-11 22:00:00,0,0.144982,0.395788,0
15599,2017-07-11 23:00:00,0,0.144994,0.395647,0
15600,2017-07-12 00:00:00,0,0.145005,0.395526,0
15601,2017-07-12 01:00:00,0,0.145013,0.395426,0
15602,2017-07-12 02:00:00,0,0.145021,0.395335,0
15603,2017-07-12 03:00:00,0,0.145029,0.395251,0
15604,2017-07-12 04:00:00,0,0.145035,0.395177,0
15605,2017-07-12 05:00:00,0,0.145041,0.395111,0
15606,2017-07-12 06:00:00,0,0.145046,0.395052,0
15607,2017-07-12 07:00:00,0,0.145051,0.394998,0
15608,2017-07-12 08:00:00,0,0.145055,0.39495,0
15609,2017-07-12 09:00:00,0,0.145059,0.394906,0
15610,2017-07-12 10:00:00,0,0.145062,0.394866,0
15611,2017-07-12 11:00:00,0,0.145065,0.394831,0
15612,2017-07-12 12:00:00,0,0.145068,0.394801,0
15613,2017-07-12 13:00:00,0,0.145071,0.394771,0
15614,2017-07-12 14:00:00,0,0.145073,0.394739,0
15615,2017-07-12 15:00:00,0,0.145077,0.394697,0
15616,2017-07-12 16:00:00,0,0.145081,0.39465,0
15617,2017-07-12 17:00:00,0,0.145086,0.394591,0
15618,2017-07-12 18:00:00,0,0.145092,0.394528,0
15619,2017-07-12 19:00:00,0,0.145097,0.394471,0
15620,2017-07-12 20:00:00,0,0.1451,0.39443,0.000177
15621,2017-07-12 21:00:00,0,0.145082,0.394643,0.001689
15622,2017-07-12 22:00:00,0,0.144904,0.396653,0.004919
15623,2017-07-12 23:00:00,0,0.144404,0.401951,0.011239
15624,2017-07-13 00:00:00,0,0.143303,0.411975,0.000392
15625,2017-07-13 01:00:00,0,0.143414,0.411047,0
15626,2017-07-13 02:00:00,0,0.143567,0.409744,0
15627,2017-07-13 03:00:00,0,0.143706,0.408539,0
15628,2017-07-13 04:00:00,0,0.14383,0.407424,0
15629,2017-07-13 05:00:00,0,0.143943,0.406395,0
15630,2017-07-13 06:00:00,0,0.144045,0.405443,0
15631,2017-07-13 07:00:00,0,0.144138,0.404564,0
15632,2017-07-13 08:00:00,0,0.144222,0.403754,0
15633,2017-07-13 09:00:00,0,0.144298,0.403006,0.000012
15634,2017-07-13 10:00:00,0,0.144366,0.402332,0
15635,2017-07-13 11:00:00,0,0.144429,0.401695,0
15636,2017-07-13 12:00:00,0,0.144487,0.401113,0
15637,2017-07-13 13:00:00,0,0.144538,0.400581,0
15638,2017-07-13 14:00:00,0,0.144585,0.400093,0
15639,2017-07-13 15:00:00,0,0.144629,0.399637,0
15640,2017-07-13 16:00:00,0,0.144669,0.39921,0
15641,2017-07-13 17:00:00,0,0.144707,0.398804,0
15642,2017-07-13 18:00:00,0,0.144746,0.398384,0.000072
15643,2017-07-13 19:00:00,0,0.14477,0.398125,0.000051
15644,2017-07-13 20:00:00,0,0.144795,0.397857,0.000065
15645,2017-07-13 21:00:00,0,0.144816,0.39763,0.002311
15646,2017-07-13 22:00:00,0,0.144588,0.400066,0.000382
15647,2017-07-13 23:00:00,0,0.144588,0.400061,0.000163
15648,2017-07-14 00:00:00,0,0.144614,0.39979,0
15649,2017-07-14 01:00:00,0,0.144657,0.399342,0
15650,2017-07-14 02:00:00,0,0.144695,0.398931,0
15651,2017-07-14 03:00:00,0,0.144731,0.398555,0
15652,2017-07-14 04:00:00,0,0.144763,0.39821,0
15653,2017-07-14 05:00:00,0,0.144792,0.397894,0
15654,2017-07-14 06:00:00,0,0.144818,0.397604,0
15655,2017-07-14 07:00:00,0,0.144843,0.397337,0
15656,2017-07-14 08:00:00,0,0.144865,0.397093,0
15657,2017-07-14 09:00:00,0,0.144885,0.396868,0
15658,2017-07-14 10:00:00,0,0.144904,0.396663,0
15659,2017-07-14 11:00:00,0,0.144921,0.396474,0
15660,2017-07-14 12:00:00,0,0.144936,0.396301,0
15661,2017-07-14 13:00:00,0,0.14495,0.396143,0
15662,2017-07-14 14:00:00,0,0.144963,0.395999,0.000103
15663,2017-07-14 15:00:00,0,0.144963,0.395994,0.000058
15664,2017-07-14 16:00:00,0,0.144969,0.395933,0
15665,2017-07-14 17:00:00,0,0.14498,0.395804,0
15666,2017-07-14 18:00:00,0,0.144991,0.395684,0
15667,2017-07-14 19:00:00,0,0.145001,0.395571,0
15668,2017-07-14 20:00:00,0,0.14501,0.395466,0
15669,2017-07-14 21:00:00,0,0.145019,0.395367,0
15670,2017-07-14 22:00:00,0,0.145027,0.395275,0
15671,2017-07-14 23:00:00,0,0.145033,0.395199,0
15672,2017-07-15 00:00:00,0,0.145039,0.395132,0
15673,2017-07-15 01:00:00,0,0.145045,0.39507,0
15674,2017-07-15 02:00:00,0,0.145049,0.395014,0
15675,2017-07-15 03:00:00,0,0.145054,0.394963,0
15676,2017-07-15 04:00:00,0,0.145058,0.394917,0
15677,2017-07-15 05:00:00,0,0.145062,0.394875,0
15678,2017-07-15 06:00:00,0,0.145065,0.394837,0
15679,2017-07-15 07:00:00,0,0.145068,0.394803,0
15680,2017-07-15 08:00:00,0,0.145071,0.394771,0
15681,2017-07-15 09:00:00,0,0.145073,0.394742,0
15682,2017-07-15 10:00:00,0,0.145075,0.394715,0
15683,2017-07-15 11:00:00,0,0.145078,0.394691,0
15684,2017-07-15 12:00:00,0,0.145079,0.39467,0
15685,2017-07-15 13:00:00,0,0.145081,0.394649,0
15686,2017-07-15 14:00:00,0,0.145083,0.394628,0
15687,2017-07-15 15:00:00,0,0.145085,0.394603,0
15688,2017-07-15 16:00:00,0,0.145088,0.394566,0
15689,2017-07-15 17:00:00,0,0.145093,0.394516,0
15690,2017-07-15 18:00:00,0,0.145098,0.394454,0
15691,2017-07-15 19:00:00,0,0.145105,0.394372,0.000007
15692,2017-07-15 20:00:00,0,0.145111,0.394306,0
15693,2017-07-15 21:00:00,0,0.145118,0.394225,0
15694,2017-07-15 22:00:00,0,0.145123,0.394169,0
15695,2017-07-15 23:00:00,0,0.145124,0.394149,0
15696,2017-07-16 00:00:00,0,0.145126,0.394133,0
15697,2017-07-16 01:00:00,0,0.145126,0.394127,0
15698,2017-07-16 02:00:00,0,0.145127,0.39412,0
15699,2017-07-16 03:00:00,0,0.145127,0.394116,0
15700,2017-07-16 04:00:00,0,0.145127,0.394113,0
15701,2017-07-16 05:00:00,0,0.145127,0.394111,0
15702,2017-07-16 06:00:00,0,0.145128,0.394108,0
15703,2017-07-16 07:00:00,0,0.145128,0.394105,0
15704,2017-07-16 08:00:00,0,0.145128,0.394101,0
15705,2017-07-16 09:00:00,0,0.145129,0.394097,0
15706,2017-07-16 10:00:00,0,0.145129,0.394093,0
15707,2017-07-16 11:00:00,0,0.145129,0.394092,0
15708,2017-07-16 12:00:00,0,0.145129,0.394096,0
15709,2017-07-16 13:00:00,0,0.145129,0.394099,0
15710,2017-07-16 14:00:00,0,0.145129,0.39409,0
15711,2017-07-16 15:00:00,0,0.145132,0.394055,0
15712,2017-07-16 16:00:00,0,0.145137,0.393995,0
15713,2017-07-16 17:00:00,0,0.145144,0.393915,0
15714,2017-07-16 18:00:00,0,0.145152,0.393822,0
15715,2017-07-16 19:00:00,0,0.145161,0.393721,0
15716,2017-07-16 20:00:00,0,0.145169,0.393619,0
15717,2017-07-16 21:00:00,0,0.145176,0.393537,0
15718,2017-07-16 22:00:00,0,0.145181,0.393485,0
15719,2017-07-16 23:00:00,0,0.145182,0.393474,0
15720,2017-07-17 00:00:00,0,0.145182,0.393466,0
15721,2017-07-17 01:00:00,0,0.145183,0.39346,0
15722,2017-07-17 02:00:00,0,0.145183,0.393454,0
15723,2017-07-17 03:00:00,0,0.145184,0.393449,0
15724,2017-07-17 04:00:00,0,0.145184,0.393445,0
15725,2017-07-17 05:00:00,0,0.145185,0.393441,0
15726,2017-07-17 06:00:00,0,0.145185,0.393437,0
15727,2017-07-17 07:00:00,0,0.145185,0.393434,0
15728,2017-07-17 08:00:00,0,0.145185,0.393432,0
15729,2017-07-17 09:00:00,0,0.145185,0.393431,0
15730,2017-07-17 10:00:00,0,0.145186,0.39343,0
15731,2017-07-17 11:00:00,0,0.145185,0.39343,0
15732,2017-07-17 12:00:00,0,0.145185,0.393432,0
15733,2017-07-17 13:00:00,0,0.145185,0.393436,0
15734,2017-07-17 14:00:00,0,0.145185,0.393432,0
15735,2017-07-17 15:00:00,0,0.145188,0.393404,0
15736,2017-07-17 16:00:00,0,0.145193,0.393344,0
15737,2017-07-17 17:00:00,0,0.1452,0.393262,0
15738,2017-07-17 18:00:00,0,0.145208,0.393157,0
15739,2017-07-17 19:00:00,0,0.145218,0.393039,0
15740,2017-07-17 20:00:00,0,0.145228,0.392927,0
15741,2017-07-17 21:00:00,0,0.145235,0.392838,0
15742,2017-07-17 22:00:00,0,0.14524,0.39278,0
15743,2017-07-17 23:00:00,0,0.145242,0.392757,0
15744,2017-07-18 00:00:00,0,0.145243,0.392741,0
15745,2017-07-18 01:00:00,0,0.145244,0.392735,0
15746,2017-07-18 02:00:00,0,0.145244,0.392729,0
15747,2017-07-18 03:00:00,0,0.145245,0.392724,0
15748,2017-07-18 04:00:00,0,0.145245,0.392719,0
15749,2017-07-18 05:00:00,0,0.145245,0.392718,0
15750,2017-07-18 06:00:00,0,0.145245,0.392718,0
15751,2017-07-18 07:00:00,0,0.145245,0.392718,0
15752,2017-07-18 08:00:00,0,0.145245,0.392721,0
15753,2017-07-18 09:00:00,0,0.145245,0.392724,0
15754,2017-07-18 10:00:00,0,0.145244,0.392728,0
15755,2017-07-18 11:00:00,0,0.145244,0.392733,0
15756,2017-07-18 12:00:00,0,0.145244,0.392739,0
15757,2017-07-18 13:00:00,0,0.145243,0.392741,0
15758,2017-07-18 14:00:00,0,0.145243,0.392743,0
15759,2017-07-18 15:00:00,0,0.145245,0.392726,0
15760,2017-07-18 16:00:00,0,0.145248,0.39269,0
15761,2017-07-18 17:00:00,0,0.145252,0.392635,0
15762,2017-07-18 18:00:00,0,0.145258,0.392561,0
15763,2017-07-18 19:00:00,0,0.145266,0.392474,0
15764,2017-07-18 20:00:00,0,0.145273,0.392391,0.000024
15765,2017-07-18 21:00:00,0,0.145275,0.392361,0.000081
15766,2017-07-18 22:00:00,0,0.145268,0.392441,0.004804
15767,2017-07-18 23:00:00,0,0.144774,0.398085,0.002485
15768,2017-07-19 00:00:00,0,0.144528,0.400684,0
15769,2017-07-19 01:00:00,0,0.144577,0.400175,0.000017
15770,2017-07-19 02:00:00,0,0.14462,0.399726,0
15771,2017-07-19 03:00:00,0,0.144661,0.399292,0
15772,2017-07-19 04:00:00,0,0.144699,0.398895,0
15773,2017-07-19 05:00:00,0,0.144733,0.398531,0.000157
15774,2017-07-19 06:00:00,0,0.144746,0.398388,0
15775,2017-07-19 07:00:00,0,0.144776,0.398066,0
15776,2017-07-19 08:00:00,0,0.144803,0.397771,0
15777,2017-07-19 09:00:00,0,0.144828,0.3975,0
15778,2017-07-19 10:00:00,0,0.14485,0.397253,0.000008
15779,2017-07-19 11:00:00,0,0.14487,0.397036,0
15780,2017-07-19 12:00:00,0,0.144889,0.396828,0
15781,2017-07-19 13:00:00,0,0.144906,0.396636,0
15782,2017-07-19 14:00:00,0,0.144922,0.396458,0
15783,2017-07-19 15:00:00,0,0.144937,0.396292,0
15784,2017-07-19 16:00:00,0,0.144951,0.396134,0
15785,2017-07-19 17:00:00,0,0.144967,0.395951,0
15786,2017-07-19 18:00:00,0,0.144989,0.395704,0
15787,2017-07-19 19:00:00,0,0.145012,0.395447,0
15788,2017-07-19 20:00:00,0,0.145031,0.395221,0
15789,2017-07-19 21:00:00,0,0.145047,0.395042,0
15790,2017-07-19 22:00:00,0,0.145059,0.394902,0
15791,2017-07-19 23:00:00,0,0.145067,0.39481,0
15792,2017-07-20 00:00:00,0,0.145073,0.394741,0
15793,2017-07-20 01:00:00,0,0.145077,0.394694,0
15794,2017-07-20 02:00:00,0,0.145081,0.394653,0
15795,2017-07-20 03:00:00,0,0.145084,0.39462,0
15796,2017-07-20 04:00:00,0,0.145086,0.394591,0
15797,2017-07-20 05:00:00,0,0.145088,0.394567,0
15798,2017-07-20 06:00:00,0,0.14509,0.394548,0
15799,2017-07-20 07:00:00,0,0.145091,0.394533,0
15800,2017-07-20 08:00:00,0,0.145092,0.39452,0
15801,2017-07-20 09:00:00,0,0.145093,0.394509,0
15802,2017-07-20 10:00:00,0,0.145094,0.3945,0
15803,2017-07-20 11:00:00,0,0.145095,0.394492,0
15804,2017-07-20 12:00:00,0,0.145095,0.394488,0
15805,2017-07-20 13:00:00,0,0.145095,0.394484,0
15806,2017-07-20 14:00:00,0,0.145097,0.39447,0
15807,2017-07-20 15:00:00,0,0.1451,0.394432,0
15808,2017-07-20 16:00:00,0,0.145106,0.394366,0
15809,2017-07-20 17:00:00,0,0.145114,0.394273,0
15810,2017-07-20 18:00:00,0,0.145124,0.394157,0
15811,2017-07-20 19:00:00,0,0.145135,0.394018,0
15812,2017-07-20 20:00:00,0,0.145147,0.393882,0
15813,2017-07-20 21:00:00,0,0.145157,0.393765,0
15814,2017-07-20 22:00:00,0,0.145164,0.393684,0.000044
15815,2017-07-20 23:00:00,0,0.145161,0.393719,0.000149
15816,2017-07-21 00:00:00,0,0.145145,0.393907,0.000258
15817,2017-07-21 01:00:00,0,0.145115,0.394253,0
15818,2017-07-21 02:00:00,0,0.145116,0.394244,0.000013
15819,2017-07-21 03:00:00,0,0.145115,0.394253,0
15820,2017-07-21 04:00:00,0,0.145116,0.394246,0
15821,2017-07-21 05:00:00,0,0.145117,0.394239,0
15822,2017-07-21 06:00:00,0,0.145117,0.394233,0
15823,2017-07-21 07:00:00,0,0.145117,0.394228,0
15824,2017-07-21 08:00:00,0,0.145118,0.394222,0
15825,2017-07-21 09:00:00,0,0.145119,0.394215,0
15826,2017-07-21 10:00:00,0,0.145119,0.39421,0
15827,2017-07-21 11:00:00,0,0.14512,0.394203,0
15828,2017-07-21 12:00:00,0,0.145119,0.394205,0
15829,2017-07-21 13:00:00,0,0.145119,0.394208,0
15830,2017-07-21 14:00:00,0,0.145119,0.394209,0
15831,2017-07-21 15:00:00,0,0.14512,0.3942,0
15832,2017-07-21 16:00:00,0,0.145124,0.394147,0
15833,2017-07-21 17:00:00,0,0.145134,0.394034,0
15834,2017-07-21 18:00:00,0,0.145145,0.393901,0
15835,2017-07-21 19:00:00,0,0.145158,0.393758,0
15836,2017-07-21 20:00:00,0,0.14517,0.393613,0
15837,2017-07-21 21:00:00,0,0.14518,0.393491,0
15838,2017-07-21 22:00:00,0,0.145188,0.393398,0
15839,2017-07-21 23:00:00,0,0.145192,0.393354,0
15840,2017-07-22 00:00:00,0,0.145195,0.393323,0
15841,2017-07-22 01:00:00,0,0.145196,0.393308,0
15842,2017-07-22 02:00:00,0,0.145197,0.393294,0
15843,2017-07-22 03:00:00,0,0.145198,0.393282,0
15844,2017-07-22 04:00:00,0,0.145199,0.393272,0
15845,2017-07-22 05:00:00,0,0.1452,0.393264,0
15846,2017-07-22 06:00:00,0,0.1452,0.393257,0
15847,2017-07-22 07:00:00,0,0.145201,0.393249,0
15848,2017-07-22 08:00:00,0,0.145202,0.393239,0
15849,2017-07-22 09:00:00,0,0.145203,0.393228,0
15850,2017-07-22 10:00:00,0,0.145204,0.393214,0
15851,2017-07-22 11:00:00,0,0.145205,0.393203,0
15852,2017-07-22 12:00:00,0,0.145205,0.3932,0
15853,2017-07-22 13:00:00,0,0.145205,0.393197,0
15854,2017-07-22 14:00:00,0,0.145206,0.393182,0
15855,2017-07-22 15:00:00,0,0.145209,0.393148,0
15856,2017-07-22 16:00:00,0,0.145214,0.393093,0
15857,2017-07-22 17:00:00,0,0.14522,0.393018,0
15858,2017-07-22 18:00:00,0,0.145227,0.392933,0
15859,2017-07-22 19:00:00,0,0.145233,0.39286,0
15860,2017-07-22 20:00:00,0,0.14524,0.392784,0
15861,2017-07-22 21:00:00,0,0.145246,0.392713,0
15862,2017-07-22 22:00:00,0,0.145249,0.392669,0
15863,2017-07-22 23:00:00,0,0.14525,0.392662,0
15864,2017-07-23 00:00:00,0,0.145251,0.392655,0
15865,2017-07-23 01:00:00,0,0.145251,0.39265,0
15866,2017-07-23 02:00:00,0,0.145251,0.392647,0
15867,2017-07-23 03:00:00,0,0.145251,0.392645,0
15868,2017-07-23 04:00:00,0,0.145252,0.392643,0
15869,2017-07-23 05:00:00,0,0.145252,0.392641,0
15870,2017-07-23 06:00:00,0,0.145252,0.392638,0
15871,2017-07-23 07:00:00,0,0.145252,0.392636,0
15872,2017-07-23 08:00:00,0,0.145252,0.392634,0
15873,2017-07-23 09:00:00,0,0.145252,0.392632,0
15874,2017-07-23 10:00:00,0,0.145253,0.39263,0
15875,2017-07-23 11:00:00,0,0.145253,0.392627,0
15876,2017-07-23 12:00:00,0,0.145254,0.39262,0
15877,2017-07-23 13:00:00,0,0.145255,0.392599,0
15878,2017-07-23 14:00:00,0,0.145258,0.392565,0
15879,2017-07-23 15:00:00,0,0.145263,0.39251,0
15880,2017-07-23 16:00:00,0,0.14527,0.392425,0
15881,2017-07-23 17:00:00,0,0.145278,0.392328,0
15882,2017-07-23 18:00:00,0,0.145287,0.392222,0
15883,2017-07-23 19:00:00,0,0.145297,0.392093,0
15884,2017-07-23 20:00:00,0,0.145307,0.391979,0
15885,2017-07-23 21:00:00,0,0.145316,0.391871,0
15886,2017-07-23 22:00:00,0,0.145322,0.391798,0
15887,2017-07-23 23:00:00,0,0.145325,0.391759,0
15888,2017-07-24 00:00:00,0,0.145327,0.391728,0
15889,2017-07-24 01:00:00,0,0.145329,0.391702,0
15890,2017-07-24 02:00:00,0,0.145332,0.391676,0
15891,2017-07-24 03:00:00,0,0.145334,0.391649,0
15892,2017-07-24 04:00:00,0,0.145336,0.391624,0
15893,2017-07-24 05:00:00,0,0.145338,0.391599,0
15894,2017-07-24 06:00:00,0,0.14534,0.391577,0
15895,2017-07-24 07:00:00,0,0.145341,0.391555,0
15896,2017-07-24 08:00:00,0,0.145343,0.391534,0.000044
15897,2017-07-24 09:00:00,0,0.14534,0.391577,0
15898,2017-07-24 10:00:00,0,0.145341,0.391559,0
15899,2017-07-24 11:00:00,0,0.145343,0.391539,0.000026
15900,2017-07-24 12:00:00,0,0.145341,0.391557,0.000208
15901,2017-07-24 13:00:00,0,0.145319,0.39183,0.000304
15902,2017-07-24 14:00:00,0,0.145285,0.392235,0.000207
15903,2017-07-24 15:00:00,0,0.145263,0.392506,0.001138
15904,2017-07-24 16:00:00,0,0.145135,0.394027,0.00068
15905,2017-07-24 17:00:00,0,0.14506,0.394892,0.001376
15906,2017-07-24 18:00:00,0,0.144917,0.396516,0.00024
15907,2017-07-24 19:00:00,0,0.144907,0.396629,0.000078
15908,2017-07-24 20:00:00,0,0.144915,0.396532,0.000185
15909,2017-07-24 21:00:00,0,0.144912,0.396574,0
15910,2017-07-24 22:00:00,0,0.144929,0.396382,0
15911,2017-07-24 23:00:00,0,0.144944,0.396211,0
15912,2017-07-25 00:00:00,0,0.144958,0.396054,0
15913,2017-07-25 01:00:00,0,0.144971,0.39591,0
15914,2017-07-25 02:00:00,0,0.144982,0.395781,0
15915,2017-07-25 03:00:00,0,0.144993,0.395662,0
15916,2017-07-25 04:00:00,0,0.145002,0.395553,0
15917,2017-07-25 05:00:00,0,0.145011,0.395453,0
15918,2017-07-25 06:00:00,0,0.145019,0.395362,0
15919,2017-07-25 07:00:00,0,0.145026,0.395279,0
15920,2017-07-25 08:00:00,0,0.145033,0.395203,0
15921,2017-07-25 09:00:00,0,0.145039,0.395134,0
15922,2017-07-25 10:00:00,0,0.145045,0.39507,0
15923,2017-07-25 11:00:00,0,0.14505,0.395011,0
15924,2017-07-25 12:00:00,0,0.145055,0.394956,0
15925,2017-07-25 13:00:00,0,0.145059,0.394904,0
15926,2017-07-25 14:00:00,0,0.145063,0.394856,0
15927,2017-07-25 15:00:00,0,0.145067,0.39481,0
15928,2017-07-25 16:00:00,0,0.145072,0.394759,0
15929,2017-07-25 17:00:00,0,0.145076,0.394703,0
15930,2017-07-25 18:00:00,0,0.145081,0.394648,0
15931,2017-07-25 19:00:00,0,0.145086,0.394592,0
15932,2017-07-25 20:00:00,0,0.14509,0.394542,0
15933,2017-07-25 21:00:00,0,0.145094,0.394496,0
15934,2017-07-25 22:00:00,0,0.145098,0.394458,0
15935,2017-07-25 23:00:00,0,0.145099,0.394442,0
15936,2017-07-26 00:00:00,0,0.1451,0.39443,0
15937,2017-07-26 01:00:00,0,0.145101,0.394423,0
15938,2017-07-26 02:00:00,0,0.145101,0.394415,0
15939,2017-07-26 03:00:00,0,0.145102,0.394407,0
15940,2017-07-26 04:00:00,0,0.145103,0.394398,0
15941,2017-07-26 05:00:00,0,0.145103,0.394391,0
15942,2017-07-26 06:00:00,0,0.145104,0.394384,0
15943,2017-07-26 07:00:00,0,0.145104,0.39438,0
15944,2017-07-26 08:00:00,0,0.145105,0.394376,0
15945,2017-07-26 09:00:00,0,0.145105,0.394372,0
15946,2017-07-26 10:00:00,0,0.145105,0.394369,0
15947,2017-07-26 11:00:00,0,0.145106,0.394366,0
15948,2017-07-26 12:00:00,0,0.145106,0.394367,0
15949,2017-07-26 13:00:00,0,0.145105,0.39437,0
15950,2017-07-26 14:00:00,0,0.145106,0.394365,0
15951,2017-07-26 15:00:00,0,0.145108,0.394337,0
15952,2017-07-26 16:00:00,0,0.145112,0.394288,0
15953,2017-07-26 17:00:00,0,0.145118,0.394224,0
15954,2017-07-26 18:00:00,0,0.145125,0.394143,0
15955,2017-07-26 19:00:00,0,0.145133,0.394052,0
15956,2017-07-26 20:00:00,0,0.145141,0.393956,0
15957,2017-07-26 21:00:00,0,0.145147,0.393878,0
15958,2017-07-26 22:00:00,0,0.145152,0.393827,0
15959,2017-07-26 23:00:00,0,0.145153,0.393813,0
15960,2017-07-27 00:00:00,0,0.145154,0.3938,0
15961,2017-07-27 01:00:00,0,0.145155,0.393788,0
15962,2017-07-27 02:00:00,0,0.145156,0.393778,0
15963,2017-07-27 03:00:00,0,0.145157,0.393771,0
15964,2017-07-27 04:00:00,0,0.145157,0.393765,0
15965,2017-07-27 05:00:00,0,0.145157,0.393761,0
15966,2017-07-27 06:00:00,0,0.145158,0.393758,0
15967,2017-07-27 07:00:00,0,0.145158,0.393754,0
15968,2017-07-27 08:00:00,0,0.145158,0.393749,0
15969,2017-07-27 09:00:00,0,0.145159,0.393746,0
15970,2017-07-27 10:00:00,0,0.145159,0.393742,0
15971,2017-07-27 11:00:00,0,0.145159,0.39374,0
15972,2017-07-27 12:00:00,0,0.145159,0.393743,0
15973,2017-07-27 13:00:00,0,0.145159,0.393746,0
15974,2017-07-27 14:00:00,0,0.145159,0.393746,0
15975,2017-07-27 15:00:00,0,0.14516,0.393728,0
15976,2017-07-27 16:00:00,0,0.145163,0.3937,0
15977,2017-07-27 17:00:00,0,0.145166,0.393662,0
15978,2017-07-27 18:00:00,0,0.145169,0.393624,0.000016
15979,2017-07-27 19:00:00,0,0.145169,0.393627,0.000016
15980,2017-07-27 20:00:00,0,0.145168,0.393631,0.000016
15981,2017-07-27 21:00:00,0,0.145168,0.393635,0
15982,2017-07-27 22:00:00,0,0.145171,0.393606,0
15983,2017-07-27 23:00:00,0,0.145171,0.393599,0
15984,2017-07-28 00:00:00,0,0.145172,0.393593,0
15985,2017-07-28 01:00:00,0,0.145172,0.393589,0
15986,2017-07-28 02:00:00,0,0.145172,0.393584,0
15987,2017-07-28 03:00:00,0,0.145173,0.393582,0
15988,2017-07-28 04:00:00,0,0.145173,0.393581,0
15989,2017-07-28 05:00:00,0,0.145173,0.393581,0
15990,2017-07-28 06:00:00,0,0.145173,0.393581,0
15991,2017-07-28 07:00:00,0,0.145173,0.393582,0
15992,2017-07-28 08:00:00,0,0.145172,0.393584,0
15993,2017-07-28 09:00:00,0,0.145172,0.393587,0
15994,2017-07-28 10:00:00,0,0.145172,0.39359,0
15995,2017-07-28 11:00:00,0,0.145172,0.393594,0
15996,2017-07-28 12:00:00,0,0.145171,0.3936,0
15997,2017-07-28 13:00:00,0,0.145171,0.393604,0
15998,2017-07-28 14:00:00,0,0.145171,0.3936,0
15999,2017-07-28 15:00:00,0,0.145174,0.39357,0
16000,2017-07-28 16:00:00,0,0.145178,0.393514,0
16001,2017-07-28 17:00:00,0,0.145185,0.39344,0
16002,2017-07-28 18:00:00,0,0.145192,0.393359,0
16003,2017-07-28 19:00:00,0,0.145199,0.393272,0
16004,2017-07-28 20:00:00,0,0.145206,0.393183,0
16005,2017-07-28 21:00:00,0,0.145213,0.393108,0
16006,2017-07-28 22:00:00,0,0.145217,0.393057,0
16007,2017-07-28 23:00:00,0,0.145218,0.393045,0
16008,2017-07-29 00:00:00,0,0.145219,0.393035,0
16009,2017-07-29 01:00:00,0,0.145219,0.39303,0
16010,2017-07-29 02:00:00,0,0.14522,0.393026,0
16011,2017-07-29 03:00:00,0,0.14522,0.393024,0
16012,2017-07-29 04:00:00,0,0.14522,0.393019,0
16013,2017-07-29 05:00:00,0,0.14522,0.393015,0
16014,2017-07-29 06:00:00,0,0.145221,0.393008,0
16015,2017-07-29 07:00:00,0,0.145222,0.392999,0
16016,2017-07-29 08:00:00,0,0.145222,0.392991,0
16017,2017-07-29 09:00:00,0,0.145223,0.392983,0
16018,2017-07-29 10:00:00,0,0.145224,0.392968,0
16019,2017-07-29 11:00:00,0,0.145226,0.392944,0
16020,2017-07-29 12:00:00,0,0.145229,0.392915,0
16021,2017-07-29 13:00:00,0,0.145232,0.392878,0
16022,2017-07-29 14:00:00,0,0.145236,0.392834,0
16023,2017-07-29 15:00:00,0,0.145241,0.392776,0
16024,2017-07-29 16:00:00,0,0.145246,0.392706,0
16025,2017-07-29 17:00:00,0,0.145253,0.392621,0
16026,2017-07-29 18:00:00,0,0.145261,0.392526,0
16027,2017-07-29 19:00:00,0,0.14527,0.392424,0
16028,2017-07-29 20:00:00,0,0.145279,0.392318,0
16029,2017-07-29 21:00:00,0,0.145288,0.392205,0
16030,2017-07-29 22:00:00,0,0.145296,0.392111,0
16031,2017-07-29 23:00:00,0,0.145301,0.392045,0
16032,2017-07-30 00:00:00,0,0.145306,0.391991,0
16033,2017-07-30 01:00:00,0,0.145309,0.391953,0
16034,2017-07-30 02:00:00,0,0.145311,0.391923,0
16035,2017-07-30 03:00:00,0,0.145314,0.391895,0
16036,2017-07-30 04:00:00,0,0.145316,0.391871,0
16037,2017-07-30 05:00:00,0,0.145317,0.391851,0
16038,2017-07-30 06:00:00,0,0.145319,0.391832,0
16039,2017-07-30 07:00:00,0,0.14532,0.391814,0
16040,2017-07-30 08:00:00,0,0.145321,0.391799,0
16041,2017-07-30 09:00:00,0,0.145323,0.391783,0
16042,2017-07-30 10:00:00,0,0.145324,0.391768,0
16043,2017-07-30 11:00:00,0,0.145325,0.391753,0
16044,2017-07-30 12:00:00,0,0.145326,0.39174,0
16045,2017-07-30 13:00:00,0,0.145327,0.391726,0
16046,2017-07-30 14:00:00,0,0.14533,0.391699,0
16047,2017-07-30 15:00:00,0,0.145334,0.391644,0
16048,2017-07-30 16:00:00,0,0.145342,0.391553,0
16049,2017-07-30 17:00:00,0,0.14535,0.391451,0
16050,2017-07-30 18:00:00,0,0.145359,0.391343,0
16051,2017-07-30 19:00:00,0,0.145367,0.391235,0
16052,2017-07-30 20:00:00,0,0.145376,0.391133,0
16053,2017-07-30 21:00:00,0,0.145382,0.391055,0
16054,2017-07-30 22:00:00,0,0.145387,0.390999,0
16055,2017-07-30 23:00:00,0,0.145388,0.390985,0
16056,2017-07-31 00:00:00,0,0.145389,0.390974,0
16057,2017-07-31 01:00:00,0,0.14539,0.390964,0
16058,2017-07-31 02:00:00,0,0.14539,0.390957,0
16059,2017-07-31 03:00:00,0,0.145391,0.39095,0
16060,2017-07-31 04:00:00,0,0.145392,0.390934,0
16061,2017-07-31 05:00:00,0,0.145393,0.390919,0
16062,2017-07-31 06:00:00,0,0.145394,0.390912,0
16063,2017-07-31 07:00:00,0,0.145394,0.390906,0
16064,2017-07-31 08:00:00,0,0.145395,0.390901,0
16065,2017-07-31 09:00:00,0,0.145395,0.390895,0
16066,2017-07-31 10:00:00,0,0.145395,0.390891,0
16067,2017-07-31 11:00:00,0,0.145396,0.390887,0
16068,2017-07-31 12:00:00,0,0.145396,0.390886,0
16069,2017-07-31 13:00:00,0,0.145396,0.390887,0
16070,2017-07-31 14:00:00,0,0.145397,0.390876,0
16071,2017-07-31 15:00:00,0,0.1454,0.390839,0
16072,2017-07-31 16:00:00,0,0.145405,0.390777,0
16073,2017-07-31 17:00:00,0,0.145411,0.390697,0
16074,2017-07-31 18:00:00,0,0.145419,0.390604,0
16075,2017-07-31 19:00:00,0,0.145427,0.390502,0
16076,2017-07-31 20:00:00,0,0.145434,0.390407,0
16077,2017-07-31 21:00:00,0,0.14544,0.390332,0
16078,2017-07-31 22:00:00,0,0.145444,0.390281,0
16079,2017-07-31 23:00:00,0,0.145445,0.390268,0
16080,2017-08-01 00:00:00,0,0.145446,0.390257,0
16081,2017-08-01 01:00:00,0,0.145447,0.390247,0
16082,2017-08-01 02:00:00,0,0.145448,0.390239,0
16083,2017-08-01 03:00:00,0,0.145448,0.390231,0
16084,2017-08-01 04:00:00,0,0.145449,0.390221,0
16085,2017-08-01 05:00:00,0,0.14545,0.390213,0
16086,2017-08-01 06:00:00,0,0.14545,0.390206,0
16087,2017-08-01 07:00:00,0,0.145451,0.390198,0
16088,2017-08-01 08:00:00,0,0.145451,0.390194,0
16089,2017-08-01 09:00:00,0,0.145451,0.390193,0
16090,2017-08-01 10:00:00,0,0.145452,0.390191,0
16091,2017-08-01 11:00:00,0,0.145451,0.390191,0
16092,2017-08-01 12:00:00,0,0.145451,0.390194,0
16093,2017-08-01 13:00:00,0,0.145451,0.390195,0
16094,2017-08-01 14:00:00,0,0.145452,0.390184,0
16095,2017-08-01 15:00:00,0,0.145455,0.39015,0
16096,2017-08-01 16:00:00,0,0.14546,0.390091,0
16097,2017-08-01 17:00:00,0,0.145466,0.390012,0
16098,2017-08-01 18:00:00,0,0.145473,0.389919,0
16099,2017-08-01 19:00:00,0,0.145482,0.38981,0
16100,2017-08-01 20:00:00,0,0.14549,0.389704,0
16101,2017-08-01 21:00:00,0,0.145497,0.389615,0
16102,2017-08-01 22:00:00,0,0.145503,0.389547,0
16103,2017-08-01 23:00:00,0,0.145504,0.389531,0
16104,2017-08-02 00:00:00,0,0.145505,0.389518,0
16105,2017-08-02 01:00:00,0,0.145506,0.389506,0
16106,2017-08-02 02:00:00,0,0.145507,0.389496,0
16107,2017-08-02 03:00:00,0,0.145507,0.389486,0
16108,2017-08-02 04:00:00,0,0.145508,0.389479,0
16109,2017-08-02 05:00:00,0,0.145508,0.389474,0
16110,2017-08-02 06:00:00,0,0.145509,0.38947,0
16111,2017-08-02 07:00:00,0,0.145509,0.389466,0
16112,2017-08-02 08:00:00,0,0.145509,0.389463,0
16113,2017-08-02 09:00:00,0,0.145509,0.38946,0
16114,2017-08-02 10:00:00,0,0.14551,0.389459,0
16115,2017-08-02 11:00:00,0,0.14551,0.389456,0
16116,2017-08-02 12:00:00,0,0.14551,0.389459,0
16117,2017-08-02 13:00:00,0,0.145509,0.389461,0
16118,2017-08-02 14:00:00,0,0.14551,0.389458,0
16119,2017-08-02 15:00:00,0,0.145511,0.389435,0
16120,2017-08-02 16:00:00,0,0.145514,0.389397,0
16121,2017-08-02 17:00:00,0,0.145519,0.389335,0
16122,2017-08-02 18:00:00,0,0.145525,0.38926,0
16123,2017-08-02 19:00:00,0,0.145531,0.389187,0.001137
16124,2017-08-02 20:00:00,0,0.145409,0.390727,0.000415
16125,2017-08-02 21:00:00,0,0.145364,0.391278,0.000047
16126,2017-08-02 22:00:00,0,0.145362,0.391308,0.000607
16127,2017-08-02 23:00:00,0,0.145295,0.392122,0.000766
16128,2017-08-03 00:00:00,0,0.145209,0.393153,0.000995
16129,2017-08-03 01:00:00,0,0.145096,0.39448,0.000027
16130,2017-08-03 02:00:00,0,0.145094,0.394501,0
16131,2017-08-03 03:00:00,0,0.145095,0.394489,0
16132,2017-08-03 04:00:00,0,0.145096,0.394478,0
16133,2017-08-03 05:00:00,0,0.145097,0.394469,0
16134,2017-08-03 06:00:00,0,0.145098,0.39446,0
16135,2017-08-03 07:00:00,0,0.145098,0.394453,0
16136,2017-08-03 08:00:00,0,0.145099,0.394447,0
16137,2017-08-03 09:00:00,0,0.145099,0.394444,0
16138,2017-08-03 10:00:00,0,0.145099,0.394441,0
16139,2017-08-03 11:00:00,0,0.145099,0.394438,0
16140,2017-08-03 12:00:00,0,0.1451,0.394435,0
16141,2017-08-03 13:00:00,0,0.1451,0.394435,0
16142,2017-08-03 14:00:00,0,0.1451,0.394435,0
16143,2017-08-03 15:00:00,0,0.1451,0.394434,0
16144,2017-08-03 16:00:00,0,0.1451,0.394429,0
16145,2017-08-03 17:00:00,0,0.145104,0.394386,0
16146,2017-08-03 18:00:00,0,0.145113,0.394275,0
16147,2017-08-03 19:00:00,0,0.145125,0.394141,0
16148,2017-08-03 20:00:00,0,0.145136,0.394015,0
16149,2017-08-03 21:00:00,0,0.145145,0.39391,0
16150,2017-08-03 22:00:00,0,0.145151,0.393838,0
16151,2017-08-03 23:00:00,0,0.145153,0.393809,0
16152,2017-08-04 00:00:00,0,0.145155,0.393791,0
16153,2017-08-04 01:00:00,0,0.145156,0.393781,0
16154,2017-08-04 02:00:00,0,0.145157,0.39377,0
16155,2017-08-04 03:00:00,0,0.145158,0.393759,0
16156,2017-08-04 04:00:00,0,0.145158,0.393752,0
16157,2017-08-04 05:00:00,0,0.145159,0.393748,0
16158,2017-08-04 06:00:00,0,0.145159,0.393747,0
16159,2017-08-04 07:00:00,0,0.145159,0.393747,0
16160,2017-08-04 08:00:00,0,0.145159,0.393747,0
16161,2017-08-04 09:00:00,0,0.145159,0.393748,0
16162,2017-08-04 10:00:00,0,0.145158,0.393749,0
16163,2017-08-04 11:00:00,0,0.145158,0.393751,0
16164,2017-08-04 12:00:00,0,0.145158,0.393754,0
16165,2017-08-04 13:00:00,0,0.145158,0.393757,0
16166,2017-08-04 14:00:00,0,0.145158,0.393749,0.000003
16167,2017-08-04 15:00:00,0,0.14516,0.393733,0
16168,2017-08-04 16:00:00,0,0.145165,0.393671,0
16169,2017-08-04 17:00:00,0,0.145173,0.393576,0
16170,2017-08-04 18:00:00,0,0.145183,0.393455,0
16171,2017-08-04 19:00:00,0,0.145195,0.393318,0
16172,2017-08-04 20:00:00,0,0.145206,0.393188,0
16173,2017-08-04 21:00:00,0,0.145216,0.393069,0
16174,2017-08-04 22:00:00,0,0.145223,0.392979,0
16175,2017-08-04 23:00:00,0,0.145227,0.392937,0
16176,2017-08-05 00:00:00,0,0.145228,0.392919,0
16177,2017-08-05 01:00:00,0,0.145229,0.392914,0
16178,2017-08-05 02:00:00,0,0.145229,0.39291,0
16179,2017-08-05 03:00:00,0,0.145229,0.392909,0
16180,2017-08-05 04:00:00,0,0.145229,0.39291,0
16181,2017-08-05 05:00:00,0,0.145229,0.392911,0
16182,2017-08-05 06:00:00,0,0.145229,0.392913,0
16183,2017-08-05 07:00:00,0,0.145229,0.392915,0
16184,2017-08-05 08:00:00,0,0.145229,0.392917,0
16185,2017-08-05 09:00:00,0,0.145228,0.39292,0
16186,2017-08-05 10:00:00,0,0.145228,0.392921,0
16187,2017-08-05 11:00:00,0,0.145228,0.392923,0
16188,2017-08-05 12:00:00,0,0.145228,0.392926,0
16189,2017-08-05 13:00:00,0,0.145228,0.392927,0.002973
16190,2017-08-05 14:00:00,0,0.144912,0.396574,0.002278
16191,2017-08-05 15:00:00,0,0.144681,0.399088,0.000127
16192,2017-08-05 16:00:00,0,0.144702,0.398858,0.000023
16193,2017-08-05 17:00:00,0,0.144734,0.398519,0.000009
16194,2017-08-05 18:00:00,0,0.144765,0.398186,0.000059
16195,2017-08-05 19:00:00,0,0.144788,0.397933,0.00004
16196,2017-08-05 20:00:00,0,0.144812,0.39767,0
16197,2017-08-05 21:00:00,0,0.14484,0.397361,0
16198,2017-08-05 22:00:00,0,0.144866,0.397083,0
16199,2017-08-05 23:00:00,0,0.144886,0.396856,0
16200,2017-08-06 00:00:00,0,0.144905,0.396653,0.000018
16201,2017-08-06 01:00:00,0,0.144919,0.396487,0
16202,2017-08-06 02:00:00,0,0.144935,0.396313,0
16203,2017-08-06 03:00:00,0,0.144949,0.39615,0
16204,2017-08-06 04:00:00,0,0.144963,0.395995,0
16205,2017-08-06 05:00:00,0,0.144976,0.395847,0
16206,2017-08-06 06:00:00,0,0.144988,0.395712,0
16207,2017-08-06 07:00:00,0,0.144999,0.395589,0
16208,2017-08-06 08:00:00,0,0.145009,0.395479,0
16209,2017-08-06 09:00:00,0,0.145018,0.395378,0
16210,2017-08-06 10:00:00,0,0.145026,0.395285,0
16211,2017-08-06 11:00:00,0,0.145033,0.395199,0
16212,2017-08-06 12:00:00,0,0.145041,0.395115,0
16213,2017-08-06 13:00:00,0,0.145048,0.39503,0
16214,2017-08-06 14:00:00,0,0.145056,0.39494,0
16215,2017-08-06 15:00:00,0,0.145065,0.394832,0
16216,2017-08-06 16:00:00,0,0.145076,0.394707,0
16217,2017-08-06 17:00:00,0,0.145088,0.394571,0
16218,2017-08-06 18:00:00,0,0.1451,0.394429,0
16219,2017-08-06 19:00:00,0,0.145113,0.394281,0
16220,2017-08-06 20:00:00,0,0.145125,0.394143,0
16221,2017-08-06 21:00:00,0,0.145134,0.394033,0
16222,2017-08-06 22:00:00,0,0.145141,0.393953,0
16223,2017-08-06 23:00:00,0,0.145144,0.393917,0
16224,2017-08-07 00:00:00,0,0.145146,0.39389,0
16225,2017-08-07 01:00:00,0,0.145148,0.393868,0
16226,2017-08-07 02:00:00,0,0.14515,0.393849,0
16227,2017-08-07 03:00:00,0,0.145151,0.393832,0
16228,2017-08-07 04:00:00,0,0.145153,0.393817,0
16229,2017-08-07 05:00:00,0,0.145154,0.393804,0
16230,2017-08-07 06:00:00,0,0.145155,0.393791,0
16231,2017-08-07 07:00:00,0,0.145156,0.39378,0
16232,2017-08-07 08:00:00,0,0.145157,0.393771,0
16233,2017-08-07 09:00:00,0,0.145157,0.39376,0
16234,2017-08-07 10:00:00,0,0.145158,0.393751,0
16235,2017-08-07 11:00:00,0,0.145159,0.393745,0
16236,2017-08-07 12:00:00,0,0.145159,0.393743,0
16237,2017-08-07 13:00:00,0,0.145159,0.393743,0
16238,2017-08-07 14:00:00,0,0.145159,0.393738,0
16239,2017-08-07 15:00:00,0,0.145161,0.393723,0
16240,2017-08-07 16:00:00,0,0.145162,0.393704,0
16241,2017-08-07 17:00:00,0,0.145165,0.393673,0
16242,2017-08-07 18:00:00,0,0.145168,0.393636,0.000064
16243,2017-08-07 19:00:00,0,0.145162,0.393709,0.000063
16244,2017-08-07 20:00:00,0,0.145155,0.393787,0
16245,2017-08-07 21:00:00,0,0.145157,0.393769,0
16246,2017-08-07 22:00:00,0,0.145159,0.393745,0.000063
16247,2017-08-07 23:00:00,0,0.145152,0.393824,0.000032
16248,2017-08-08 00:00:00,0,0.145149,0.393858,0.000011
16249,2017-08-08 01:00:00,0,0.145148,0.393866,0
16250,2017-08-08 02:00:00,0,0.145149,0.393861,0
16251,2017-08-08 03:00:00,0,0.145149,0.393857,0
16252,2017-08-08 04:00:00,0,0.145149,0.393854,0
16253,2017-08-08 05:00:00,0,0.14515,0.39385,0
16254,2017-08-08 06:00:00,0,0.14515,0.393846,0
16255,2017-08-08 07:00:00,0,0.14515,0.393843,0
16256,2017-08-08 08:00:00,0,0.145151,0.39384,0
16257,2017-08-08 09:00:00,0,0.145151,0.393837,0
16258,2017-08-08 10:00:00,0,0.145151,0.393833,0
16259,2017-08-08 11:00:00,0,0.145152,0.39383,0
16260,2017-08-08 12:00:00,0,0.145152,0.393828,0
16261,2017-08-08 13:00:00,0,0.145152,0.393827,0
16262,2017-08-08 14:00:00,0,0.145152,0.393825,0
16263,2017-08-08 15:00:00,0,0.145153,0.393818,0
16264,2017-08-08 16:00:00,0,0.145155,0.393791,0
16265,2017-08-08 17:00:00,0,0.14516,0.393733,0
16266,2017-08-08 18:00:00,0,0.145166,0.393659,0
16267,2017-08-08 19:00:00,0,0.145175,0.393557,0
16268,2017-08-08 20:00:00,0,0.145183,0.393457,0
16269,2017-08-08 21:00:00,0,0.14519,0.39338,0
16270,2017-08-08 22:00:00,0,0.145194,0.393331,0
16271,2017-08-08 23:00:00,0,0.145195,0.39332,0
16272,2017-08-09 00:00:00,0,0.145195,0.393313,0
16273,2017-08-09 01:00:00,0,0.145196,0.393309,0
16274,2017-08-09 02:00:00,0,0.145196,0.393307,0
16275,2017-08-09 03:00:00,0,0.145196,0.393305,0
16276,2017-08-09 04:00:00,0,0.145196,0.393302,0
16277,2017-08-09 05:00:00,0,0.145197,0.393299,0
16278,2017-08-09 06:00:00,0,0.145197,0.393292,0
16279,2017-08-09 07:00:00,0,0.145198,0.393282,0
16280,2017-08-09 08:00:00,0,0.145199,0.393272,0
16281,2017-08-09 09:00:00,0,0.1452,0.393262,0
16282,2017-08-09 10:00:00,0,0.145201,0.393251,0
16283,2017-08-09 11:00:00,0,0.145201,0.393243,0
16284,2017-08-09 12:00:00,0,0.145202,0.393239,0
16285,2017-08-09 13:00:00,0,0.145202,0.393238,0
16286,2017-08-09 14:00:00,0,0.145203,0.393226,0
16287,2017-08-09 15:00:00,0,0.145206,0.393183,0
16288,2017-08-09 16:00:00,0,0.145213,0.393108,0
16289,2017-08-09 17:00:00,0,0.145221,0.39301,0
16290,2017-08-09 18:00:00,0,0.14523,0.392901,0
16291,2017-08-09 19:00:00,0,0.14524,0.392782,0
16292,2017-08-09 20:00:00,0,0.145249,0.392672,0
16293,2017-08-09 21:00:00,0,0.145257,0.39258,0
16294,2017-08-09 22:00:00,0,0.145263,0.392512,0
16295,2017-08-09 23:00:00,0,0.145264,0.392493,0
16296,2017-08-10 00:00:00,0,0.145265,0.392477,0
16297,2017-08-10 01:00:00,0,0.145267,0.392461,0
16298,2017-08-10 02:00:00,0,0.145268,0.392447,0
16299,2017-08-10 03:00:00,0,0.14527,0.392427,0
16300,2017-08-10 04:00:00,0,0.145271,0.39241,0
16301,2017-08-10 05:00:00,0,0.145272,0.392397,0
16302,2017-08-10 06:00:00,0,0.145273,0.392386,0
16303,2017-08-10 07:00:00,0,0.145274,0.392375,0
16304,2017-08-10 08:00:00,0,0.145275,0.392367,0
16305,2017-08-10 09:00:00,0,0.145275,0.39236,0
16306,2017-08-10 10:00:00,0,0.145275,0.392356,0
16307,2017-08-10 11:00:00,0,0.145276,0.392354,0
16308,2017-08-10 12:00:00,0,0.145276,0.392355,0
16309,2017-08-10 13:00:00,0,0.145275,0.392357,0
16310,2017-08-10 14:00:00,0,0.145276,0.392349,0
16311,2017-08-10 15:00:00,0,0.145278,0.39232,0
16312,2017-08-10 16:00:00,0,0.145283,0.392262,0
16313,2017-08-10 17:00:00,0,0.14529,0.392181,0
16314,2017-08-10 18:00:00,0,0.145299,0.392074,0
16315,2017-08-10 19:00:00,0,0.145309,0.391945,0
16316,2017-08-10 20:00:00,0,0.145319,0.391824,0
16317,2017-08-10 21:00:00,0,0.145328,0.391719,0
16318,2017-08-10 22:00:00,0,0.145335,0.391638,0
16319,2017-08-10 23:00:00,0,0.145337,0.391606,0
16320,2017-08-11 00:00:00,0,0.145339,0.39158,0
16321,2017-08-11 01:00:00,0,0.145341,0.391566,0
16322,2017-08-11 02:00:00,0,0.145342,0.391552,0
16323,2017-08-11 03:00:00,0,0.145343,0.391537,0
16324,2017-08-11 04:00:00,0,0.145344,0.391523,0
16325,2017-08-11 05:00:00,0,0.145345,0.391513,0
16326,2017-08-11 06:00:00,0,0.145346,0.391503,0
16327,2017-08-11 07:00:00,0,0.145346,0.391495,0
16328,2017-08-11 08:00:00,0,0.145347,0.391491,0
16329,2017-08-11 09:00:00,0,0.145347,0.391491,0
16330,2017-08-11 10:00:00,0,0.145347,0.391491,0
16331,2017-08-11 11:00:00,0,0.145347,0.391492,0
16332,2017-08-11 12:00:00,0,0.145346,0.391495,0
16333,2017-08-11 13:00:00,0,0.145346,0.391497,0
16334,2017-08-11 14:00:00,0,0.145347,0.391492,0
16335,2017-08-11 15:00:00,0,0.145348,0.391469,0
16336,2017-08-11 16:00:00,0,0.145353,0.391407,0
16337,2017-08-11 17:00:00,0,0.145361,0.391313,0
16338,2017-08-11 18:00:00,0,0.145371,0.391195,0
16339,2017-08-11 19:00:00,0,0.145383,0.391049,0
16340,2017-08-11 20:00:00,0,0.145393,0.390915,0
16341,2017-08-11 21:00:00,0,0.145403,0.390796,0
16342,2017-08-11 22:00:00,0,0.145411,0.390701,0
16343,2017-08-11 23:00:00,0,0.145414,0.390659,0
16344,2017-08-12 00:00:00,0,0.145417,0.390628,0
16345,2017-08-12 01:00:00,0,0.145418,0.390607,0
16346,2017-08-12 02:00:00,0,0.14542,0.390586,0
16347,2017-08-12 03:00:00,0,0.145421,0.390568,0
16348,2017-08-12 04:00:00,0,0.145423,0.390554,0.000026
16349,2017-08-12 05:00:00,0,0.14542,0.390583,0.000051
16350,2017-08-12 06:00:00,0,0.145415,0.39065,0.000021
16351,2017-08-12 07:00:00,0,0.145413,0.390675,0.000262
16352,2017-08-12 08:00:00,0,0.145384,0.391034,0.000471
16353,2017-08-12 09:00:00,0,0.145331,0.391677,0.000741
16354,2017-08-12 10:00:00,0,0.145248,0.392684,0.000088
16355,2017-08-12 11:00:00,0,0.145239,0.392799,0
16356,2017-08-12 12:00:00,0,0.145239,0.392793,0
16357,2017-08-12 13:00:00,0,0.145239,0.392789,0
16358,2017-08-12 14:00:00,0,0.14524,0.392785,0
16359,2017-08-12 15:00:00,0,0.14524,0.392783,0
16360,2017-08-12 16:00:00,0,0.145241,0.392773,0
16361,2017-08-12 17:00:00,0,0.145245,0.392724,0
16362,2017-08-12 18:00:00,0,0.145251,0.392656,0
16363,2017-08-12 19:00:00,0,0.14526,0.392546,0
16364,2017-08-12 20:00:00,0,0.145269,0.39244,0
16365,2017-08-12 21:00:00,0,0.145276,0.392349,0
16366,2017-08-12 22:00:00,0,0.145281,0.392287,0
16367,2017-08-12 23:00:00,0,0.145283,0.392263,0
16368,2017-08-13 00:00:00,0,0.145285,0.392246,0
16369,2017-08-13 01:00:00,0,0.145285,0.392236,0
16370,2017-08-13 02:00:00,0,0.145286,0.392232,0
16371,2017-08-13 03:00:00,0,0.145286,0.39223,0
16372,2017-08-13 04:00:00,0,0.145286,0.392231,0
16373,2017-08-13 05:00:00,0,0.145286,0.392233,0
16374,2017-08-13 06:00:00,0,0.145285,0.392236,0
16375,2017-08-13 07:00:00,0,0.145285,0.392241,0
16376,2017-08-13 08:00:00,0,0.145285,0.392245,0
16377,2017-08-13 09:00:00,0,0.145284,0.39225,0
16378,2017-08-13 10:00:00,0,0.145284,0.392255,0
16379,2017-08-13 11:00:00,0,0.145283,0.39226,0
16380,2017-08-13 12:00:00,0,0.145283,0.392267,0
16381,2017-08-13 13:00:00,0,0.145282,0.392272,0
16382,2017-08-13 14:00:00,0,0.145284,0.392257,0
16383,2017-08-13 15:00:00,0,0.145288,0.39221,0
16384,2017-08-13 16:00:00,0,0.145294,0.39213,0
16385,2017-08-13 17:00:00,0,0.145303,0.39202,0
16386,2017-08-13 18:00:00,0,0.145314,0.391894,0
16387,2017-08-13 19:00:00,0,0.145325,0.391756,0
16388,2017-08-13 20:00:00,0,0.145336,0.391625,0
16389,2017-08-13 21:00:00,0,0.145345,0.391511,0
16390,2017-08-13 22:00:00,0,0.145352,0.391424,0
16391,2017-08-13 23:00:00,0,0.145354,0.391396,0
16392,2017-08-14 00:00:00,0,0.145356,0.391377,0
16393,2017-08-14 01:00:00,0,0.145357,0.391364,0
16394,2017-08-14 02:00:00,0,0.145358,0.391357,0
16395,2017-08-14 03:00:00,0,0.145358,0.391351,0
16396,2017-08-14 04:00:00,0,0.145358,0.391347,0
16397,2017-08-14 05:00:00,0,0.145359,0.391344,0
16398,2017-08-14 06:00:00,0,0.145359,0.391341,0
16399,2017-08-14 07:00:00,0,0.145359,0.391339,0
16400,2017-08-14 08:00:00,0,0.145359,0.391337,0
16401,2017-08-14 09:00:00,0,0.145359,0.391336,0
16402,2017-08-14 10:00:00,0,0.145359,0.391335,0
16403,2017-08-14 11:00:00,0,0.145359,0.391334,0
16404,2017-08-14 12:00:00,0,0.145359,0.391334,0
16405,2017-08-14 13:00:00,0,0.145359,0.391335,0
16406,2017-08-14 14:00:00,0,0.14536,0.391328,0
16407,2017-08-14 15:00:00,0,0.145363,0.391296,0
16408,2017-08-14 16:00:00,0,0.145367,0.391239,0
16409,2017-08-14 17:00:00,0,0.145373,0.391163,0
16410,2017-08-14 18:00:00,0,0.145381,0.391073,0
16411,2017-08-14 19:00:00,0,0.145389,0.390968,0
16412,2017-08-14 20:00:00,0,0.145398,0.390857,0
16413,2017-08-14 21:00:00,0,0.145406,0.390754,0
16414,2017-08-14 22:00:00,0,0.145413,0.390673,0
16415,2017-08-14 23:00:00,0,0.145416,0.390641,0
16416,2017-08-15 00:00:00,0,0.145418,0.390616,0
16417,2017-08-15 01:00:00,0,0.145419,0.3906,0
16418,2017-08-15 02:00:00,0,0.14542,0.390586,0
16419,2017-08-15 03:00:00,0,0.145421,0.390575,0
16420,2017-08-15 04:00:00,0,0.145421,0.39057,0
16421,2017-08-15 05:00:00,0,0.145421,0.390567,0
16422,2017-08-15 06:00:00,0,0.145422,0.390563,0
16423,2017-08-15 07:00:00,0,0.145422,0.39056,0
16424,2017-08-15 08:00:00,0,0.145422,0.39056,0.000006
16425,2017-08-15 09:00:00,0,0.145421,0.390568,0.000031
16426,2017-08-15 10:00:00,0,0.145418,0.390612,0
16427,2017-08-15 11:00:00,0,0.145418,0.390612,0
16428,2017-08-15 12:00:00,0,0.145418,0.390612,0
16429,2017-08-15 13:00:00,0,0.145418,0.390612,0
16430,2017-08-15 14:00:00,0,0.145418,0.390615,0
16431,2017-08-15 15:00:00,0,0.145418,0.390615,0
16432,2017-08-15 16:00:00,0,0.145419,0.3906,0
16433,2017-08-15 17:00:00,0,0.145423,0.390554,0
16434,2017-08-15 18:00:00,0,0.145427,0.390494,0
16435,2017-08-15 19:00:00,0,0.145435,0.390396,0
16436,2017-08-15 20:00:00,0,0.145443,0.390298,0
16437,2017-08-15 21:00:00,0,0.145451,0.390199,0
16438,2017-08-15 22:00:00,0,0.145456,0.390133,0
16439,2017-08-15 23:00:00,0,0.145458,0.390108,0
16440,2017-08-16 00:00:00,0,0.14546,0.39009,0
16441,2017-08-16 01:00:00,0,0.145461,0.390079,0
16442,2017-08-16 02:00:00,0,0.145461,0.390071,0
16443,2017-08-16 03:00:00,0,0.145462,0.390065,0
16444,2017-08-16 04:00:00,0,0.145462,0.390063,0
16445,2017-08-16 05:00:00,0,0.145462,0.39006,0
16446,2017-08-16 06:00:00,0,0.145462,0.390061,0
16447,2017-08-16 07:00:00,0,0.145462,0.390064,0
16448,2017-08-16 08:00:00,0,0.145462,0.390066,0
16449,2017-08-16 09:00:00,0,0.145461,0.390068,0
16450,2017-08-16 10:00:00,0,0.145461,0.390068,0
16451,2017-08-16 11:00:00,0,0.145461,0.390071,0
16452,2017-08-16 12:00:00,0,0.145461,0.390077,0
16453,2017-08-16 13:00:00,0,0.145461,0.390079,0
16454,2017-08-16 14:00:00,0,0.145462,0.390064,0
16455,2017-08-16 15:00:00,0,0.145465,0.390017,0
16456,2017-08-16 16:00:00,0,0.145473,0.389925,0
16457,2017-08-16 17:00:00,0,0.145483,0.3898,0
16458,2017-08-16 18:00:00,0,0.145494,0.389658,0
16459,2017-08-16 19:00:00,0,0.145506,0.389511,0
16460,2017-08-16 20:00:00,0,0.145516,0.389378,0
16461,2017-08-16 21:00:00,0,0.145524,0.389272,0
16462,2017-08-16 22:00:00,0,0.14553,0.389193,0
16463,2017-08-16 23:00:00,0,0.145532,0.389171,0
16464,2017-08-17 00:00:00,0,0.145534,0.389152,0
16465,2017-08-17 01:00:00,0,0.145535,0.38913,0
16466,2017-08-17 02:00:00,0,0.145537,0.389109,0
16467,2017-08-17 03:00:00,0,0.145539,0.389088,0
16468,2017-08-17 04:00:00,0,0.14554,0.38907,0
16469,2017-08-17 05:00:00,0,0.145541,0.389055,0
16470,2017-08-17 06:00:00,0,0.145542,0.389046,0
16471,2017-08-17 07:00:00,0,0.145542,0.38904,0
16472,2017-08-17 08:00:00,0,0.145543,0.389033,0
16473,2017-08-17 09:00:00,0,0.145543,0.389027,0
16474,2017-08-17 10:00:00,0,0.145544,0.38902,0
16475,2017-08-17 11:00:00,0,0.145544,0.389015,0
16476,2017-08-17 12:00:00,0,0.145545,0.389012,0
16477,2017-08-17 13:00:00,0,0.145545,0.389008,0
16478,2017-08-17 14:00:00,0,0.145546,0.388989,0
16479,2017-08-17 15:00:00,0,0.14555,0.388947,0
16480,2017-08-17 16:00:00,0,0.145555,0.388882,0
16481,2017-08-17 17:00:00,0,0.145561,0.388795,0
16482,2017-08-17 18:00:00,0,0.14557,0.388686,0
16483,2017-08-17 19:00:00,0,0.14558,0.388555,0
16484,2017-08-17 20:00:00,0,0.14559,0.388429,0
16485,2017-08-17 21:00:00,0,0.145599,0.388314,0
16486,2017-08-17 22:00:00,0,0.145606,0.38822,0
16487,2017-08-17 23:00:00,0,0.145609,0.388186,0
16488,2017-08-18 00:00:00,0,0.145611,0.388156,0
16489,2017-08-18 01:00:00,0,0.145613,0.38813,0
16490,2017-08-18 02:00:00,0,0.145614,0.388112,0
16491,2017-08-18 03:00:00,0,0.145615,0.388099,0
16492,2017-08-18 04:00:00,0,0.145616,0.388086,0
16493,2017-08-18 05:00:00,0,0.145617,0.388075,0
16494,2017-08-18 06:00:00,0,0.145618,0.388064,0
16495,2017-08-18 07:00:00,0,0.145619,0.388055,0
16496,2017-08-18 08:00:00,0,0.145619,0.388048,0
16497,2017-08-18 09:00:00,0,0.14562,0.388043,0
16498,2017-08-18 10:00:00,0,0.14562,0.388035,0
16499,2017-08-18 11:00:00,0,0.14562,0.388034,0
16500,2017-08-18 12:00:00,0,0.14562,0.388037,0
16501,2017-08-18 13:00:00,0,0.14562,0.388044,0
16502,2017-08-18 14:00:00,0,0.145619,0.38805,0
16503,2017-08-18 15:00:00,0,0.145619,0.388045,0
16504,2017-08-18 16:00:00,0,0.145622,0.388007,0
16505,2017-08-18 17:00:00,0,0.145627,0.387949,0
16506,2017-08-18 18:00:00,0,0.145632,0.387879,0
16507,2017-08-18 19:00:00,0,0.145638,0.387799,0
16508,2017-08-18 20:00:00,0,0.145644,0.387726,0
16509,2017-08-18 21:00:00,0,0.145649,0.387662,0
16510,2017-08-18 22:00:00,0,0.145652,0.387626,0
16511,2017-08-18 23:00:00,0,0.145652,0.387623,0
16512,2017-08-19 00:00:00,0,0.145652,0.387622,0.000008
16513,2017-08-19 01:00:00,0,0.145651,0.387635,0.000009
16514,2017-08-19 02:00:00,0,0.14565,0.387651,0.000192
16515,2017-08-19 03:00:00,0,0.145629,0.387925,0.000012
16516,2017-08-19 04:00:00,0,0.145627,0.387945,0
16517,2017-08-19 05:00:00,0,0.145627,0.38795,0
16518,2017-08-19 06:00:00,0,0.145626,0.387955,0
16519,2017-08-19 07:00:00,0,0.145626,0.387958,0
16520,2017-08-19 08:00:00,0,0.145626,0.387961,0
16521,2017-08-19 09:00:00,0,0.145626,0.387963,0
16522,2017-08-19 10:00:00,0,0.145626,0.387965,0
16523,2017-08-19 11:00:00,0,0.145625,0.387966,0
16524,2017-08-19 12:00:00,0,0.145625,0.387969,0
16525,2017-08-19 13:00:00,0,0.145625,0.387973,0
16526,2017-08-19 14:00:00,0,0.145625,0.387973,0
16527,2017-08-19 15:00:00,0,0.145626,0.387965,0
16528,2017-08-19 16:00:00,0,0.145629,0.387914,0
16529,2017-08-19 17:00:00,0,0.14564,0.387777,0
16530,2017-08-19 18:00:00,0,0.145653,0.387611,0
16531,2017-08-19 19:00:00,0,0.145667,0.38742,0
16532,2017-08-19 20:00:00,0,0.145681,0.387241,0
16533,2017-08-19 21:00:00,0,0.145692,0.387086,0
16534,2017-08-19 22:00:00,0,0.145702,0.386964,0
16535,2017-08-19 23:00:00,0,0.145706,0.386901,0
16536,2017-08-20 00:00:00,0,0.14571,0.386858,0
16537,2017-08-20 01:00:00,0,0.145712,0.386831,0
16538,2017-08-20 02:00:00,0,0.145713,0.386809,0
16539,2017-08-20 03:00:00,0,0.145715,0.386791,0
16540,2017-08-20 04:00:00,0,0.145716,0.386776,0
16541,2017-08-20 05:00:00,0,0.145717,0.386763,0
16542,2017-08-20 06:00:00,0,0.145717,0.386753,0
16543,2017-08-20 07:00:00,0,0.145718,0.386745,0
16544,2017-08-20 08:00:00,0,0.145719,0.386738,0
16545,2017-08-20 09:00:00,0,0.145719,0.386731,0
16546,2017-08-20 10:00:00,0,0.14572,0.386722,0
16547,2017-08-20 11:00:00,0,0.14572,0.386713,0
16548,2017-08-20 12:00:00,0,0.145721,0.386703,0
16549,2017-08-20 13:00:00,0,0.145722,0.386688,0
16550,2017-08-20 14:00:00,0,0.145725,0.386654,0
16551,2017-08-20 15:00:00,0,0.14573,0.386587,0
16552,2017-08-20 16:00:00,0,0.145738,0.38648,0
16553,2017-08-20 17:00:00,0,0.145748,0.386339,0
16554,2017-08-20 18:00:00,0,0.14576,0.386181,0
16555,2017-08-20 19:00:00,0,0.145773,0.386002,0
16556,2017-08-20 20:00:00,0,0.145786,0.385832,0
16557,2017-08-20 21:00:00,0,0.145797,0.385683,0
16558,2017-08-20 22:00:00,0,0.145806,0.385566,0
16559,2017-08-20 23:00:00,0,0.14581,0.385508,0
16560,2017-08-21 00:00:00,0,0.145813,0.385463,0
16561,2017-08-21 01:00:00,0,0.145815,0.385436,0
16562,2017-08-21 02:00:00,0,0.145817,0.385413,0
16563,2017-08-21 03:00:00,0,0.145818,0.385394,0
16564,2017-08-21 04:00:00,0,0.145819,0.385377,0
16565,2017-08-21 05:00:00,0,0.14582,0.385362,0
16566,2017-08-21 06:00:00,0,0.145822,0.385346,0
16567,2017-08-21 07:00:00,0,0.145823,0.38533,0
16568,2017-08-21 08:00:00,0,0.145824,0.385315,0
16569,2017-08-21 09:00:00,0,0.145825,0.385304,0
16570,2017-08-21 10:00:00,0,0.145825,0.385295,0
16571,2017-08-21 11:00:00,0,0.145826,0.385288,0
16572,2017-08-21 12:00:00,0,0.145826,0.385285,0
16573,2017-08-21 13:00:00,0,0.145826,0.38528,0
16574,2017-08-21 14:00:00,0,0.145828,0.385264,0
16575,2017-08-21 15:00:00,0,0.145831,0.385221,0
16576,2017-08-21 16:00:00,0,0.145837,0.385137,0
16577,2017-08-21 17:00:00,0,0.145846,0.385012,0
16578,2017-08-21 18:00:00,0,0.145858,0.384852,0
16579,2017-08-21 19:00:00,0,0.14587,0.384679,0
16580,2017-08-21 20:00:00,0,0.145882,0.384519,0
16581,2017-08-21 21:00:00,0,0.145892,0.384375,0
16582,2017-08-21 22:00:00,0,0.1459,0.384264,0
16583,2017-08-21 23:00:00,0,0.145904,0.384205,0
16584,2017-08-22 00:00:00,0,0.145908,0.384157,0
16585,2017-08-22 01:00:00,0,0.14591,0.384126,0
16586,2017-08-22 02:00:00,0,0.145912,0.384098,0
16587,2017-08-22 03:00:00,0,0.145914,0.384073,0
16588,2017-08-22 04:00:00,0,0.145915,0.384052,0
16589,2017-08-22 05:00:00,0,0.145916,0.384038,0
16590,2017-08-22 06:00:00,0,0.145917,0.384027,0
16591,2017-08-22 07:00:00,0,0.145917,0.384024,0
16592,2017-08-22 08:00:00,0,0.145917,0.38402,0
16593,2017-08-22 09:00:00,0,0.145918,0.384017,0
16594,2017-08-22 10:00:00,0,0.145918,0.384017,0
16595,2017-08-22 11:00:00,0,0.145918,0.384016,0
16596,2017-08-22 12:00:00,0,0.145917,0.384021,0
16597,2017-08-22 13:00:00,0,0.145917,0.384026,0
16598,2017-08-22 14:00:00,0,0.145917,0.384021,0
16599,2017-08-22 15:00:00,0,0.14592,0.383985,0
16600,2017-08-22 16:00:00,0,0.145925,0.383915,0
16601,2017-08-22 17:00:00,0,0.145934,0.383794,0
16602,2017-08-22 18:00:00,0,0.145945,0.383637,0
16603,2017-08-22 19:00:00,0,0.145958,0.383451,0
16604,2017-08-22 20:00:00,0,0.145971,0.383267,0
16605,2017-08-22 21:00:00,0,0.145981,0.383117,0
16606,2017-08-22 22:00:00,0,0.145988,0.383022,0
16607,2017-08-22 23:00:00,0,0.145991,0.382985,0
16608,2017-08-23 00:00:00,0,0.145993,0.382958,0
16609,2017-08-23 01:00:00,0,0.145994,0.382935,0
16610,2017-08-23 02:00:00,0,0.145996,0.382916,0
16611,2017-08-23 03:00:00,0,0.145997,0.382898,0
16612,2017-08-23 04:00:00,0,0.145998,0.382885,0
16613,2017-08-23 05:00:00,0,0.145999,0.382872,0.000134
16614,2017-08-23 06:00:00,0,0.145985,0.383062,0.000167
16615,2017-08-23 07:00:00,0,0.145969,0.383298,0
16616,2017-08-23 08:00:00,0,0.145969,0.383288,0
16617,2017-08-23 09:00:00,0,0.14597,0.383279,0
16618,2017-08-23 10:00:00,0,0.145971,0.38327,0
16619,2017-08-23 11:00:00,0,0.145971,0.383262,0
16620,2017-08-23 12:00:00,0,0.145971,0.383259,0
16621,2017-08-23 13:00:00,0,0.145972,0.383257,0
16622,2017-08-23 14:00:00,0,0.145973,0.383239,0
16623,2017-08-23 15:00:00,0,0.145976,0.383192,0
16624,2017-08-23 16:00:00,0,0.145985,0.383062,0
16625,2017-08-23 17:00:00,0,0.145996,0.382903,0
16626,2017-08-23 18:00:00,0,0.146009,0.382729,0
16627,2017-08-23 19:00:00,0,0.146022,0.382537,0
16628,2017-08-23 20:00:00,0,0.146034,0.382361,0
16629,2017-08-23 21:00:00,0,0.146045,0.382206,0
16630,2017-08-23 22:00:00,0,0.146054,0.382079,0
16631,2017-08-23 23:00:00,0,0.146059,0.382006,0
16632,2017-08-24 00:00:00,0,0.146062,0.381954,0
16633,2017-08-24 01:00:00,0,0.146065,0.381919,0
16634,2017-08-24 02:00:00,0,0.146067,0.381891,0
16635,2017-08-24 03:00:00,0,0.146068,0.381866,0
16636,2017-08-24 04:00:00,0,0.14607,0.381844,0
16637,2017-08-24 05:00:00,0,0.146071,0.381822,0
16638,2017-08-24 06:00:00,0,0.146073,0.381803,0
16639,2017-08-24 07:00:00,0,0.146074,0.381784,0
16640,2017-08-24 08:00:00,0,0.146075,0.381771,0
16641,2017-08-24 09:00:00,0,0.146076,0.38176,0
16642,2017-08-24 10:00:00,0,0.146076,0.381751,0
16643,2017-08-24 11:00:00,0,0.146077,0.381742,0
16644,2017-08-24 12:00:00,0,0.146077,0.381736,0
16645,2017-08-24 13:00:00,0,0.146078,0.381728,0
16646,2017-08-24 14:00:00,0,0.146079,0.381709,0
16647,2017-08-24 15:00:00,0,0.146082,0.381662,0
16648,2017-08-24 16:00:00,0,0.146088,0.381582,0
16649,2017-08-24 17:00:00,0,0.146096,0.381465,0
16650,2017-08-24 18:00:00,0,0.146106,0.381321,0
16651,2017-08-24 19:00:00,0,0.146117,0.381157,0
16652,2017-08-24 20:00:00,0,0.146126,0.381016,0
16653,2017-08-24 21:00:00,0,0.146134,0.380901,0
16654,2017-08-24 22:00:00,0,0.14614,0.380818,0
16655,2017-08-24 23:00:00,0,0.146142,0.380791,0
16656,2017-08-25 00:00:00,0,0.146143,0.380771,0
16657,2017-08-25 01:00:00,0,0.146144,0.380755,0
16658,2017-08-25 02:00:00,0,0.146146,0.380731,0
16659,2017-08-25 03:00:00,0,0.146147,0.380705,0
16660,2017-08-25 04:00:00,0,0.146149,0.380682,0
16661,2017-08-25 05:00:00,0,0.14615,0.380662,0
16662,2017-08-25 06:00:00,0,0.146152,0.380645,0
16663,2017-08-25 07:00:00,0,0.146153,0.380629,0
16664,2017-08-25 08:00:00,0,0.146154,0.380615,0
16665,2017-08-25 09:00:00,0,0.146154,0.380604,0
16666,2017-08-25 10:00:00,0,0.146155,0.38059,0
16667,2017-08-25 11:00:00,0,0.146156,0.380582,0
16668,2017-08-25 12:00:00,0,0.146156,0.380576,0
16669,2017-08-25 13:00:00,0,0.146157,0.380567,0
16670,2017-08-25 14:00:00,0,0.146158,0.380542,0
16671,2017-08-25 15:00:00,0,0.146162,0.380487,0
16672,2017-08-25 16:00:00,0,0.146168,0.380394,0
16673,2017-08-25 17:00:00,0,0.146177,0.380272,0
16674,2017-08-25 18:00:00,0,0.146186,0.380131,0
16675,2017-08-25 19:00:00,0,0.146196,0.379977,0
16676,2017-08-25 20:00:00,0,0.146206,0.379831,0
16677,2017-08-25 21:00:00,0,0.146214,0.379705,0
16678,2017-08-25 22:00:00,0,0.146221,0.379606,0
16679,2017-08-25 23:00:00,0,0.146224,0.37956,0
16680,2017-08-26 00:00:00,0,0.146227,0.379517,0
16681,2017-08-26 01:00:00,0,0.146229,0.379482,0
16682,2017-08-26 02:00:00,0,0.146231,0.379454,0
16683,2017-08-26 03:00:00,0,0.146233,0.379427,0
16684,2017-08-26 04:00:00,0,0.146234,0.379406,0
16685,2017-08-26 05:00:00,0,0.146235,0.379386,0
16686,2017-08-26 06:00:00,0,0.146237,0.379367,0
16687,2017-08-26 07:00:00,0,0.146238,0.379349,0
16688,2017-08-26 08:00:00,0,0.146238,0.379339,0
16689,2017-08-26 09:00:00,0,0.146239,0.379332,0
16690,2017-08-26 10:00:00,0,0.146239,0.379326,0
16691,2017-08-26 11:00:00,0,0.14624,0.37932,0
16692,2017-08-26 12:00:00,0,0.14624,0.379316,0
16693,2017-08-26 13:00:00,0,0.14624,0.379312,0
16694,2017-08-26 14:00:00,0,0.146241,0.379301,0
16695,2017-08-26 15:00:00,0,0.146244,0.379259,0
16696,2017-08-26 16:00:00,0,0.146248,0.379187,0
16697,2017-08-26 17:00:00,0,0.146255,0.379093,0
16698,2017-08-26 18:00:00,0,0.146262,0.378987,0
16699,2017-08-26 19:00:00,0,0.146269,0.378878,0
16700,2017-08-26 20:00:00,0,0.146275,0.37878,0
16701,2017-08-26 21:00:00,0,0.14628,0.378701,0
16702,2017-08-26 22:00:00,0,0.146284,0.378642,0
16703,2017-08-26 23:00:00,0,0.146285,0.378625,0
16704,2017-08-27 00:00:00,0,0.146286,0.37861,0
16705,2017-08-27 01:00:00,0,0.146287,0.3786,0
16706,2017-08-27 02:00:00,0,0.146288,0.378586,0
16707,2017-08-27 03:00:00,0,0.146289,0.378561,0
16708,2017-08-27 04:00:00,0,0.14629,0.378549,0
16709,2017-08-27 05:00:00,0,0.146291,0.378534,0
16710,2017-08-27 06:00:00,0,0.146292,0.378524,0
16711,2017-08-27 07:00:00,0,0.146292,0.378515,0
16712,2017-08-27 08:00:00,0,0.146293,0.378503,0
16713,2017-08-27 09:00:00,0,0.146294,0.378492,0
16714,2017-08-27 10:00:00,0,0.146294,0.378481,0
16715,2017-08-27 11:00:00,0,0.146295,0.378474,0
16716,2017-08-27 12:00:00,0,0.146295,0.37847,0
16717,2017-08-27 13:00:00,0,0.146295,0.378466,0
16718,2017-08-27 14:00:00,0,0.146297,0.378449,0
16719,2017-08-27 15:00:00,0,0.146299,0.378406,0
16720,2017-08-27 16:00:00,0,0.146305,0.378325,0
16721,2017-08-27 17:00:00,0,0.146311,0.378219,0
16722,2017-08-27 18:00:00,0,0.146319,0.378103,0
16723,2017-08-27 19:00:00,0,0.146327,0.377984,0
16724,2017-08-27 20:00:00,0,0.146333,0.377877,0
16725,2017-08-27 21:00:00,0,0.146339,0.377783,0
16726,2017-08-27 22:00:00,0,0.146344,0.377708,0
16727,2017-08-27 23:00:00,0,0.146346,0.377682,0
16728,2017-08-28 00:00:00,0,0.146347,0.377657,0
16729,2017-08-28 01:00:00,0,0.146349,0.377627,0
16730,2017-08-28 02:00:00,0,0.146351,0.377604,0
16731,2017-08-28 03:00:00,0,0.146352,0.377587,0
16732,2017-08-28 04:00:00,0,0.146353,0.377571,0
16733,2017-08-28 05:00:00,0,0.146354,0.377556,0
16734,2017-08-28 06:00:00,0,0.146355,0.377542,0
16735,2017-08-28 07:00:00,0,0.146355,0.377532,0
16736,2017-08-28 08:00:00,0,0.146356,0.377522,0
16737,2017-08-28 09:00:00,0,0.146357,0.377511,0
16738,2017-08-28 10:00:00,0,0.146358,0.377499,0
16739,2017-08-28 11:00:00,0,0.146358,0.377488,0
16740,2017-08-28 12:00:00,0,0.146359,0.377478,0
16741,2017-08-28 13:00:00,0,0.14636,0.377468,0
16742,2017-08-28 14:00:00,0,0.146361,0.377447,0
16743,2017-08-28 15:00:00,0,0.146365,0.377386,0
16744,2017-08-28 16:00:00,0,0.146371,0.37728,0
16745,2017-08-28 17:00:00,0,0.14638,0.377142,0
16746,2017-08-28 18:00:00,0,0.14639,0.376982,0
16747,2017-08-28 19:00:00,0,0.146401,0.376809,0
16748,2017-08-28 20:00:00,0,0.146411,0.376654,0
16749,2017-08-28 21:00:00,0,0.146419,0.376522,0
16750,2017-08-28 22:00:00,0,0.146425,0.376424,0
16751,2017-08-28 23:00:00,0,0.146428,0.376383,0
16752,2017-08-29 00:00:00,0,0.14643,0.376346,0
16753,2017-08-29 01:00:00,0,0.146432,0.376319,0
16754,2017-08-29 02:00:00,0,0.146434,0.376292,0
16755,2017-08-29 03:00:00,0,0.146435,0.376267,0
16756,2017-08-29 04:00:00,0,0.146437,0.376244,0
16757,2017-08-29 05:00:00,0,0.146438,0.376225,0
16758,2017-08-29 06:00:00,0,0.146439,0.37621,0
16759,2017-08-29 07:00:00,0,0.146439,0.376201,0
16760,2017-08-29 08:00:00,0,0.14644,0.376191,0
16761,2017-08-29 09:00:00,0,0.14644,0.376184,0
16762,2017-08-29 10:00:00,0,0.146441,0.376176,0
16763,2017-08-29 11:00:00,0,0.146441,0.37617,0
16764,2017-08-29 12:00:00,0,0.146441,0.376169,0
16765,2017-08-29 13:00:00,0,0.146442,0.376167,0
16766,2017-08-29 14:00:00,0,0.146442,0.376161,0
16767,2017-08-29 15:00:00,0,0.146444,0.376133,0
16768,2017-08-29 16:00:00,0,0.146447,0.376072,0
16769,2017-08-29 17:00:00,0,0.146453,0.375984,0
16770,2017-08-29 18:00:00,0,0.14646,0.37587,0
16771,2017-08-29 19:00:00,0,0.146467,0.375764,0
16772,2017-08-29 20:00:00,0,0.146474,0.37565,0
16773,2017-08-29 21:00:00,0,0.146481,0.375533,0
16774,2017-08-29 22:00:00,0,0.146486,0.375447,0
16775,2017-08-29 23:00:00,0,0.146489,0.375405,0
16776,2017-08-30 00:00:00,0,0.146491,0.375374,0
16777,2017-08-30 01:00:00,0,0.146492,0.375348,0
16778,2017-08-30 02:00:00,0,0.146494,0.375325,0
16779,2017-08-30 03:00:00,0,0.146495,0.375306,0.00008
16780,2017-08-30 04:00:00,0,0.146488,0.375413,0.000245
16781,2017-08-30 05:00:00,0,0.146466,0.375768,0.00022
16782,2017-08-30 06:00:00,0,0.146446,0.376088,0.000106
16783,2017-08-30 07:00:00,0,0.146437,0.376238,0.000108
16784,2017-08-30 08:00:00,0,0.146427,0.376391,0.000162
16785,2017-08-30 09:00:00,0,0.146413,0.376624,0.00019
16786,2017-08-30 10:00:00,0,0.146396,0.376898,0.000129
16787,2017-08-30 11:00:00,0,0.146384,0.377078,0
16788,2017-08-30 12:00:00,0,0.146385,0.37707,0
16789,2017-08-30 13:00:00,0,0.146385,0.377065,0
16790,2017-08-30 14:00:00,0,0.146385,0.37706,0
16791,2017-08-30 15:00:00,0,0.146386,0.377045,0
16792,2017-08-30 16:00:00,0,0.146389,0.376997,0
16793,2017-08-30 17:00:00,0,0.146396,0.376889,0
16794,2017-08-30 18:00:00,0,0.146404,0.37677,0
16795,2017-08-30 19:00:00,0,0.146415,0.376597,0
16796,2017-08-30 20:00:00,0,0.146424,0.376451,0
16797,2017-08-30 21:00:00,0,0.146431,0.37633,0
16798,2017-08-30 22:00:00,0,0.146437,0.376241,0
16799,2017-08-30 23:00:00,0,0.146438,0.376219,0
16800,2017-08-31 00:00:00,0,0.146439,0.376202,0
16801,2017-08-31 01:00:00,0,0.146441,0.376173,0
16802,2017-08-31 02:00:00,0,0.146442,0.376151,0
16803,2017-08-31 03:00:00,0,0.146444,0.376133,0
16804,2017-08-31 04:00:00,0,0.146445,0.376118,0
16805,2017-08-31 05:00:00,0,0.146445,0.376105,0
16806,2017-08-31 06:00:00,0,0.146446,0.376093,0
16807,2017-08-31 07:00:00,0,0.146447,0.376082,0
16808,2017-08-31 08:00:00,0,0.146447,0.376075,0
16809,2017-08-31 09:00:00,0,0.146448,0.376065,0
16810,2017-08-31 10:00:00,0,0.146449,0.376054,0
16811,2017-08-31 11:00:00,0,0.146449,0.376048,0
16812,2017-08-31 12:00:00,0,0.146449,0.376043,0
16813,2017-08-31 13:00:00,0,0.14645,0.376033,0
16814,2017-08-31 14:00:00,0,0.146451,0.376013,0
16815,2017-08-31 15:00:00,0,0.146455,0.375951,0
16816,2017-08-31 16:00:00,0,0.146461,0.37586,0
16817,2017-08-31 17:00:00,0,0.146469,0.375732,0
16818,2017-08-31 18:00:00,0,0.146478,0.37558,0
16819,2017-08-31 19:00:00,0,0.146488,0.375417,0
16820,2017-08-31 20:00:00,0,0.146498,0.375256,0
16821,2017-08-31 21:00:00,0,0.146506,0.375118,0
16822,2017-08-31 22:00:00,0,0.146513,0.375001,0
16823,2017-08-31 23:00:00,0,0.146517,0.374937,0
16824,2017-09-01 00:00:00,0,0.14652,0.374885,0
16825,2017-09-01 01:00:00,0,0.146523,0.374848,0
16826,2017-09-01 02:00:00,0,0.146524,0.37482,0
16827,2017-09-01 03:00:00,0,0.146526,0.374792,0
16828,2017-09-01 04:00:00,0,0.146528,0.374765,0
16829,2017-09-01 05:00:00,0,0.146529,0.374741,0
16830,2017-09-01 06:00:00,0,0.146531,0.374713,0
16831,2017-09-01 07:00:00,0,0.146533,0.374686,0
16832,2017-09-01 08:00:00,0,0.146534,0.37466,0
16833,2017-09-01 09:00:00,0,0.146536,0.374635,0
16834,2017-09-01 10:00:00,0,0.146537,0.374612,0
16835,2017-09-01 11:00:00,0,0.146538,0.374591,0
16836,2017-09-01 12:00:00,0,0.14654,0.37457,0
16837,2017-09-01 13:00:00,0,0.146541,0.374542,0
16838,2017-09-01 14:00:00,0,0.146544,0.374493,0
16839,2017-09-01 15:00:00,0,0.146549,0.374418,0
16840,2017-09-01 16:00:00,0,0.146555,0.374311,0
16841,2017-09-01 17:00:00,0,0.146563,0.374181,0
16842,2017-09-01 18:00:00,0,0.146572,0.374033,0
16843,2017-09-01 19:00:00,0,0.146582,0.373874,0
16844,2017-09-01 20:00:00,0,0.146591,0.373719,0
16845,2017-09-01 21:00:00,0,0.146599,0.373574,0
16846,2017-09-01 22:00:00,0,0.146607,0.373451,0
16847,2017-09-01 23:00:00,0,0.146611,0.373379,0
16848,2017-09-02 00:00:00,0,0.146614,0.373329,0
16849,2017-09-02 01:00:00,0,0.146616,0.373295,0
16850,2017-09-02 02:00:00,0,0.146618,0.37327,0
16851,2017-09-02 03:00:00,0,0.146619,0.373249,0
16852,2017-09-02 04:00:00,0,0.146619,0.37324,0
16853,2017-09-02 05:00:00,0,0.14662,0.373224,0
16854,2017-09-02 06:00:00,0,0.146621,0.373206,0
16855,2017-09-02 07:00:00,0,0.146622,0.373188,0
16856,2017-09-02 08:00:00,0,0.146623,0.373172,0
16857,2017-09-02 09:00:00,0,0.146624,0.373157,0
16858,2017-09-02 10:00:00,0,0.146625,0.373142,0
16859,2017-09-02 11:00:00,0,0.146626,0.373131,0
16860,2017-09-02 12:00:00,0,0.146626,0.373125,0
16861,2017-09-02 13:00:00,0,0.146626,0.37312,0
16862,2017-09-02 14:00:00,0,0.146627,0.373107,0
16863,2017-09-02 15:00:00,0,0.146629,0.373078,0
16864,2017-09-02 16:00:00,0,0.146632,0.373032,0
16865,2017-09-02 17:00:00,0,0.146635,0.372979,0
16866,2017-09-02 18:00:00,0,0.146639,0.372914,0
16867,2017-09-02 19:00:00,0,0.146644,0.372821,0
16868,2017-09-02 20:00:00,0,0.14665,0.372724,0
16869,2017-09-02 21:00:00,0,0.146655,0.372633,0
16870,2017-09-02 22:00:00,0,0.14666,0.372556,0
16871,2017-09-02 23:00:00,0,0.146661,0.37253,0
16872,2017-09-03 00:00:00,0,0.146663,0.372505,0
16873,2017-09-03 01:00:00,0,0.146664,0.372473,0
16874,2017-09-03 02:00:00,0,0.146666,0.372449,0
16875,2017-09-03 03:00:00,0,0.146667,0.372426,0
16876,2017-09-03 04:00:00,0,0.146668,0.372405,0
16877,2017-09-03 05:00:00,0,0.146669,0.372389,0.000014
16878,2017-09-03 06:00:00,0,0.146669,0.372395,0.00014
16879,2017-09-03 07:00:00,0,0.146657,0.372594,0.000255
16880,2017-09-03 08:00:00,0,0.146636,0.372963,0.000159
16881,2017-09-03 09:00:00,0,0.146622,0.373189,0
16882,2017-09-03 10:00:00,0,0.146623,0.373179,0
16883,2017-09-03 11:00:00,0,0.146624,0.373166,0
16884,2017-09-03 12:00:00,0,0.146624,0.373157,0.000021
16885,2017-09-03 13:00:00,0,0.146623,0.373179,0.000253
16886,2017-09-03 14:00:00,0,0.146601,0.373551,0.000102
16887,2017-09-03 15:00:00,0,0.146592,0.373696,0
16888,2017-09-03 16:00:00,0,0.146593,0.373685,0
16889,2017-09-03 17:00:00,0,0.146594,0.373669,0.00003
16890,2017-09-03 18:00:00,0,0.146592,0.373694,0.000032
16891,2017-09-03 19:00:00,0,0.146591,0.37372,0.000059
16892,2017-09-03 20:00:00,0,0.146587,0.373789,0.000682
16893,2017-09-03 21:00:00,0,0.146527,0.374778,0.000303
16894,2017-09-03 22:00:00,0,0.146501,0.375208,0
16895,2017-09-03 23:00:00,0,0.146502,0.37519,0
16896,2017-09-04 00:00:00,0,0.146503,0.375178,0
16897,2017-09-04 01:00:00,0,0.146503,0.375169,0
16898,2017-09-04 02:00:00,0,0.146504,0.375162,0
16899,2017-09-04 03:00:00,0,0.146504,0.375156,0
16900,2017-09-04 04:00:00,0,0.146504,0.375151,0
16901,2017-09-04 05:00:00,0,0.146504,0.375147,0
16902,2017-09-04 06:00:00,0,0.146505,0.375146,0
16903,2017-09-04 07:00:00,0,0.146505,0.375144,0
16904,2017-09-04 08:00:00,0,0.146505,0.375143,0
16905,2017-09-04 09:00:00,0,0.146505,0.375141,0
16906,2017-09-04 10:00:00,0,0.146505,0.375139,0
16907,2017-09-04 11:00:00,0,0.146505,0.375137,0
16908,2017-09-04 12:00:00,0,0.146505,0.375136,0
16909,2017-09-04 13:00:00,0,0.146505,0.375135,0
16910,2017-09-04 14:00:00,0,0.146505,0.375134,0
16911,2017-09-04 15:00:00,0,0.146506,0.375119,0
16912,2017-09-04 16:00:00,0,0.14651,0.375056,0
16913,2017-09-04 17:00:00,0,0.146517,0.374936,0
16914,2017-09-04 18:00:00,0,0.146527,0.374782,0
16915,2017-09-04 19:00:00,0,0.146538,0.374604,0
16916,2017-09-04 20:00:00,0,0.146548,0.37443,0
16917,2017-09-04 21:00:00,0,0.146557,0.374287,0
16918,2017-09-04 22:00:00,0,0.146564,0.374167,0
16919,2017-09-04 23:00:00,0,0.146568,0.374102,0
16920,2017-09-05 00:00:00,0,0.146571,0.374055,0
16921,2017-09-05 01:00:00,0,0.146573,0.374021,0
16922,2017-09-05 02:00:00,0,0.146574,0.373995,0
16923,2017-09-05 03:00:00,0,0.146575,0.373978,0
16924,2017-09-05 04:00:00,0,0.146576,0.373969,0
16925,2017-09-05 05:00:00,0,0.146576,0.373963,0
16926,2017-09-05 06:00:00,0,0.146576,0.373958,0
16927,2017-09-05 07:00:00,0,0.146577,0.373954,0
16928,2017-09-05 08:00:00,0,0.146577,0.373951,0
16929,2017-09-05 09:00:00,0,0.146577,0.37395,0
16930,2017-09-05 10:00:00,0,0.146577,0.373948,0
16931,2017-09-05 11:00:00,0,0.146577,0.373949,0
16932,2017-09-05 12:00:00,0,0.146577,0.373955,0
16933,2017-09-05 13:00:00,0,0.146577,0.373956,0
16934,2017-09-05 14:00:00,0,0.146577,0.373942,0
16935,2017-09-05 15:00:00,0,0.14658,0.373893,0
16936,2017-09-05 16:00:00,0,0.146586,0.3738,0
16937,2017-09-05 17:00:00,0,0.146594,0.373663,0
16938,2017-09-05 18:00:00,0,0.146604,0.373496,0
16939,2017-09-05 19:00:00,0,0.146615,0.373311,0
16940,2017-09-05 20:00:00,0,0.146626,0.373134,0
16941,2017-09-05 21:00:00,0,0.146634,0.372987,0
16942,2017-09-05 22:00:00,0,0.146641,0.37288,0
16943,2017-09-05 23:00:00,0,0.146643,0.372834,0
16944,2017-09-06 00:00:00,0,0.146645,0.372801,0
16945,2017-09-06 01:00:00,0,0.146646,0.372782,0
16946,2017-09-06 02:00:00,0,0.146647,0.37277,0
16947,2017-09-06 03:00:00,0,0.146647,0.372764,0
16948,2017-09-06 04:00:00,0,0.146647,0.372763,0
16949,2017-09-06 05:00:00,0,0.146647,0.372764,0
16950,2017-09-06 06:00:00,0,0.146647,0.372767,0
16951,2017-09-06 07:00:00,0,0.146647,0.372767,0
16952,2017-09-06 08:00:00,0,0.146647,0.372768,0
16953,2017-09-06 09:00:00,0,0.146647,0.372768,0
16954,2017-09-06 10:00:00,0,0.146647,0.37277,0
16955,2017-09-06 11:00:00,0,0.146647,0.372774,0
16956,2017-09-06 12:00:00,0,0.146646,0.372779,0
16957,2017-09-06 13:00:00,0,0.146646,0.372781,0
16958,2017-09-06 14:00:00,0,0.146646,0.372782,0
16959,2017-09-06 15:00:00,0,0.146647,0.37277,0.002373
16960,2017-09-06 16:00:00,0,0.146442,0.376157,0.000117
16961,2017-09-06 17:00:00,0,0.146433,0.376311,0
16962,2017-09-06 18:00:00,0,0.146435,0.376268,0
16963,2017-09-06 19:00:00,0,0.14644,0.376192,0.000021
16964,2017-09-06 20:00:00,0,0.146442,0.376161,0.00002
16965,2017-09-06 21:00:00,0,0.146444,0.376119,0
16966,2017-09-06 22:00:00,0,0.146448,0.376057,0.000017
16967,2017-09-06 23:00:00,0,0.146448,0.376064,0.000078
16968,2017-09-07 00:00:00,0,0.146442,0.376165,0.000341
16969,2017-09-07 01:00:00,0,0.146411,0.376654,0.001229
16970,2017-09-07 02:00:00,0,0.146299,0.378417,0.000413
16971,2017-09-07 03:00:00,0,0.14626,0.379011,0.000102
16972,2017-09-07 04:00:00,0,0.14625,0.379156,0.000955
16973,2017-09-07 05:00:00,0,0.14616,0.380524,0.002088
16974,2017-09-07 06:00:00,0,0.145959,0.383433,0.000725
16975,2017-09-07 07:00:00,0,0.145886,0.384457,0.000252
16976,2017-09-07 08:00:00,0,0.145861,0.384811,0
16977,2017-09-07 09:00:00,0,0.145861,0.384805,0
16978,2017-09-07 10:00:00,0,0.145861,0.384799,0
16979,2017-09-07 11:00:00,0,0.145862,0.384793,0
16980,2017-09-07 12:00:00,0,0.145862,0.384788,0
16981,2017-09-07 13:00:00,0,0.145863,0.384782,0
16982,2017-09-07 14:00:00,0,0.145863,0.384774,0
16983,2017-09-07 15:00:00,0,0.145865,0.384756,0
16984,2017-09-07 16:00:00,0,0.145868,0.384704,0
16985,2017-09-07 17:00:00,0,0.145876,0.3846,0
16986,2017-09-07 18:00:00,0,0.145885,0.384473,0
16987,2017-09-07 19:00:00,0,0.145896,0.384317,0
16988,2017-09-07 20:00:00,0,0.145907,0.384164,0
16989,2017-09-07 21:00:00,0,0.145917,0.384028,0
16990,2017-09-07 22:00:00,0,0.145925,0.383909,0
16991,2017-09-07 23:00:00,0,0.14593,0.383845,0
16992,2017-09-08 00:00:00,0,0.145933,0.383796,0
16993,2017-09-08 01:00:00,0,0.145937,0.38375,0
16994,2017-09-08 02:00:00,0,0.145939,0.383717,0
16995,2017-09-08 03:00:00,0,0.145941,0.383693,0
16996,2017-09-08 04:00:00,0,0.145942,0.383674,0
16997,2017-09-08 05:00:00,0,0.145943,0.383658,0
16998,2017-09-08 06:00:00,0,0.145944,0.383645,0
16999,2017-09-08 07:00:00,0,0.145945,0.383633,0
17000,2017-09-08 08:00:00,0,0.145946,0.383623,0
17001,2017-09-08 09:00:00,0,0.145946,0.383613,0
17002,2017-09-08 10:00:00,0,0.145947,0.383608,0
17003,2017-09-08 11:00:00,0,0.145947,0.383603,0
17004,2017-09-08 12:00:00,0,0.145947,0.3836,0
17005,2017-09-08 13:00:00,0,0.145948,0.383592,0
17006,2017-09-08 14:00:00,0,0.145949,0.383575,0
17007,2017-09-08 15:00:00,0,0.145953,0.383523,0
17008,2017-09-08 16:00:00,0,0.145959,0.383435,0
17009,2017-09-08 17:00:00,0,0.145967,0.383316,0
17010,2017-09-08 18:00:00,0,0.145978,0.383173,0
17011,2017-09-08 19:00:00,0,0.145988,0.383024,0
17012,2017-09-08 20:00:00,0,0.145999,0.38287,0
17013,2017-09-08 21:00:00,0,0.146008,0.382737,0
17014,2017-09-08 22:00:00,0,0.146015,0.382636,0
17015,2017-09-08 23:00:00,0,0.146018,0.382588,0
17016,2017-09-09 00:00:00,0,0.146021,0.382554,0
17017,2017-09-09 01:00:00,0,0.146022,0.382531,0
17018,2017-09-09 02:00:00,0,0.146024,0.38251,0
17019,2017-09-09 03:00:00,0,0.146025,0.382488,0
17020,2017-09-09 04:00:00,0,0.146027,0.382467,0
17021,2017-09-09 05:00:00,0,0.146028,0.382449,0
17022,2017-09-09 06:00:00,0,0.146029,0.382432,0
17023,2017-09-09 07:00:00,0,0.14603,0.382419,0
17024,2017-09-09 08:00:00,0,0.146031,0.382408,0
17025,2017-09-09 09:00:00,0,0.146032,0.382399,0
17026,2017-09-09 10:00:00,0,0.146032,0.382389,0
17027,2017-09-09 11:00:00,0,0.146033,0.382381,0
17028,2017-09-09 12:00:00,0,0.146033,0.382374,0
17029,2017-09-09 13:00:00,0,0.146034,0.382367,0
17030,2017-09-09 14:00:00,0,0.146035,0.382348,0
17031,2017-09-09 15:00:00,0,0.146038,0.382304,0
17032,2017-09-09 16:00:00,0,0.146043,0.382231,0
17033,2017-09-09 17:00:00,0,0.14605,0.382134,0
17034,2017-09-09 18:00:00,0,0.146058,0.38202,0
17035,2017-09-09 19:00:00,0,0.146066,0.381902,0
17036,2017-09-09 20:00:00,0,0.146075,0.381771,0
17037,2017-09-09 21:00:00,0,0.146083,0.381654,0
17038,2017-09-09 22:00:00,0,0.14609,0.381557,0
17039,2017-09-09 23:00:00,0,0.146093,0.381515,0
17040,2017-09-10 00:00:00,0,0.146095,0.381481,0
17041,2017-09-10 01:00:00,0,0.146097,0.381455,0
17042,2017-09-10 02:00:00,0,0.146098,0.381432,0
17043,2017-09-10 03:00:00,0,0.1461,0.381412,0
17044,2017-09-10 04:00:00,0,0.146101,0.381393,0
17045,2017-09-10 05:00:00,0,0.146102,0.381376,0
17046,2017-09-10 06:00:00,0,0.146103,0.381361,0
17047,2017-09-10 07:00:00,0,0.146104,0.381346,0
17048,2017-09-10 08:00:00,0,0.146105,0.381334,0
17049,2017-09-10 09:00:00,0,0.146106,0.381321,0
17050,2017-09-10 10:00:00,0,0.146107,0.381309,0
17051,2017-09-10 11:00:00,0,0.146107,0.381297,0
17052,2017-09-10 12:00:00,0,0.146108,0.381286,0
17053,2017-09-10 13:00:00,0,0.146109,0.381276,0
17054,2017-09-10 14:00:00,0,0.14611,0.381253,0
17055,2017-09-10 15:00:00,0,0.146114,0.3812,0
17056,2017-09-10 16:00:00,0,0.14612,0.381115,0
17057,2017-09-10 17:00:00,0,0.146128,0.380999,0
17058,2017-09-10 18:00:00,0,0.146137,0.380863,0
17059,2017-09-10 19:00:00,0,0.146147,0.380713,0
17060,2017-09-10 20:00:00,0,0.146156,0.380572,0
17061,2017-09-10 21:00:00,0,0.146164,0.380455,0
17062,2017-09-10 22:00:00,0,0.14617,0.380368,0
17063,2017-09-10 23:00:00,0,0.146172,0.380347,0
17064,2017-09-11 00:00:00,0,0.146172,0.380334,0
17065,2017-09-11 01:00:00,0,0.146173,0.380327,0
17066,2017-09-11 02:00:00,0,0.146173,0.38032,0
17067,2017-09-11 03:00:00,0,0.146174,0.380303,0
17068,2017-09-11 04:00:00,0,0.146176,0.380282,0
17069,2017-09-11 05:00:00,0,0.146177,0.380262,0
17070,2017-09-11 06:00:00,0,0.146178,0.380242,0
17071,2017-09-11 07:00:00,0,0.14618,0.380226,0
17072,2017-09-11 08:00:00,0,0.146181,0.38021,0
17073,2017-09-11 09:00:00,0,0.146182,0.380195,0
17074,2017-09-11 10:00:00,0,0.146183,0.38018,0
17075,2017-09-11 11:00:00,0,0.146183,0.380168,0
17076,2017-09-11 12:00:00,0,0.146184,0.380157,0
17077,2017-09-11 13:00:00,0,0.146185,0.380144,0
17078,2017-09-11 14:00:00,0,0.146187,0.380122,0
17079,2017-09-11 15:00:00,0,0.146189,0.380079,0
17080,2017-09-11 16:00:00,0,0.146194,0.380009,0
17081,2017-09-11 17:00:00,0,0.1462,0.379912,0
17082,2017-09-11 18:00:00,0,0.146208,0.379796,0
17083,2017-09-11 19:00:00,0,0.146217,0.379665,0
17084,2017-09-11 20:00:00,0,0.146225,0.379545,0
17085,2017-09-11 21:00:00,0,0.146232,0.379439,0
17086,2017-09-11 22:00:00,0,0.146238,0.379352,0
17087,2017-09-11 23:00:00,0,0.146239,0.379328,0
17088,2017-09-12 00:00:00,0,0.14624,0.37931,0
17089,2017-09-12 01:00:00,0,0.146242,0.379288,0
17090,2017-09-12 02:00:00,0,0.146243,0.37927,0
17091,2017-09-12 03:00:00,0,0.146244,0.379254,0
17092,2017-09-12 04:00:00,0,0.146245,0.379241,0
17093,2017-09-12 05:00:00,0,0.146246,0.379229,0
17094,2017-09-12 06:00:00,0,0.146246,0.379218,0
17095,2017-09-12 07:00:00,0,0.146247,0.379208,0
17096,2017-09-12 08:00:00,0,0.146248,0.379198,0
17097,2017-09-12 09:00:00,0,0.146248,0.379188,0
17098,2017-09-12 10:00:00,0,0.146249,0.379183,0
17099,2017-09-12 11:00:00,0,0.146249,0.379176,0
17100,2017-09-12 12:00:00,0,0.14625,0.379169,0
17101,2017-09-12 13:00:00,0,0.14625,0.379161,0
17102,2017-09-12 14:00:00,0,0.146251,0.379146,0
17103,2017-09-12 15:00:00,0,0.146253,0.379112,0
17104,2017-09-12 16:00:00,0,0.146258,0.379046,0
17105,2017-09-12 17:00:00,0,0.146265,0.378941,0
17106,2017-09-12 18:00:00,0,0.146274,0.378796,0
17107,2017-09-12 19:00:00,0,0.146285,0.378624,0
17108,2017-09-12 20:00:00,0,0.146296,0.378459,0
17109,2017-09-12 21:00:00,0,0.146306,0.37831,0
17110,2017-09-12 22:00:00,0,0.14631,0.378244,0
17111,2017-09-12 23:00:00,0,0.146313,0.3782,0
17112,2017-09-13 00:00:00,0,0.146315,0.378166,0
17113,2017-09-13 01:00:00,0,0.146316,0.378141,0
17114,2017-09-13 02:00:00,0,0.146318,0.378119,0
17115,2017-09-13 03:00:00,0,0.146319,0.3781,0
17116,2017-09-13 04:00:00,0,0.14632,0.378083,0
17117,2017-09-13 05:00:00,0,0.146321,0.378067,0
17118,2017-09-13 06:00:00,0,0.146322,0.378055,0
17119,2017-09-13 07:00:00,0,0.146323,0.378045,0
17120,2017-09-13 08:00:00,0,0.146323,0.378036,0
17121,2017-09-13 09:00:00,0,0.146324,0.378029,0
17122,2017-09-13 10:00:00,0,0.146324,0.378022,0
17123,2017-09-13 11:00:00,0,0.146325,0.378015,0
17124,2017-09-13 12:00:00,0,0.146325,0.378009,0
17125,2017-09-13 13:00:00,0,0.146325,0.378001,0
17126,2017-09-13 14:00:00,0,0.146326,0.377991,0
17127,2017-09-13 15:00:00,0,0.146328,0.377956,0
17128,2017-09-13 16:00:00,0,0.146333,0.377889,0
17129,2017-09-13 17:00:00,0,0.146339,0.377796,0
17130,2017-09-13 18:00:00,0,0.146346,0.377685,0
17131,2017-09-13 19:00:00,0,0.146354,0.377561,0
17132,2017-09-13 20:00:00,0,0.146362,0.377423,0
17133,2017-09-13 21:00:00,0,0.146371,0.377285,0
17134,2017-09-13 22:00:00,0,0.146375,0.37722,0
17135,2017-09-13 23:00:00,0,0.146378,0.377172,0
17136,2017-09-14 00:00:00,0,0.146381,0.377129,0
17137,2017-09-14 01:00:00,0,0.146383,0.377098,0
17138,2017-09-14 02:00:00,0,0.146385,0.37707,0
17139,2017-09-14 03:00:00,0,0.146386,0.377047,0
17140,2017-09-14 04:00:00,0,0.146387,0.377031,0
17141,2017-09-14 05:00:00,0,0.146388,0.37702,0
17142,2017-09-14 06:00:00,0,0.146388,0.377012,0
17143,2017-09-14 07:00:00,0,0.146389,0.377007,0
17144,2017-09-14 08:00:00,0,0.146389,0.377005,0
17145,2017-09-14 09:00:00,0,0.146389,0.377006,0
17146,2017-09-14 10:00:00,0,0.146389,0.377009,0
17147,2017-09-14 11:00:00,0,0.146388,0.377012,0
17148,2017-09-14 12:00:00,0,0.146388,0.377017,0
17149,2017-09-14 13:00:00,0,0.146388,0.377017,0
17150,2017-09-14 14:00:00,0,0.146389,0.377002,0
17151,2017-09-14 15:00:00,0,0.146392,0.376954,0
17152,2017-09-14 16:00:00,0,0.146397,0.376875,0
17153,2017-09-14 17:00:00,0,0.146404,0.376766,0
17154,2017-09-14 18:00:00,0,0.146412,0.376637,0
17155,2017-09-14 19:00:00,0,0.14642,0.376505,0
17156,2017-09-14 20:00:00,0,0.14643,0.376357,0
17157,2017-09-14 21:00:00,0,0.146439,0.376202,0
17158,2017-09-14 22:00:00,0,0.146443,0.376143,0
17159,2017-09-14 23:00:00,0,0.146446,0.3761,0
17160,2017-09-15 00:00:00,0,0.146447,0.376071,0
17161,2017-09-15 01:00:00,0,0.146449,0.376049,0
17162,2017-09-15 02:00:00,0,0.14645,0.376035,0
17163,2017-09-15 03:00:00,0,0.14645,0.376024,0
17164,2017-09-15 04:00:00,0,0.146451,0.37602,0.000088
17165,2017-09-15 05:00:00,0,0.146443,0.376147,0
17166,2017-09-15 06:00:00,0,0.146443,0.376148,0
17167,2017-09-15 07:00:00,0,0.146443,0.376149,0
17168,2017-09-15 08:00:00,0,0.146443,0.37615,0
17169,2017-09-15 09:00:00,0,0.146442,0.376152,0
17170,2017-09-15 10:00:00,0,0.146442,0.376153,0
17171,2017-09-15 11:00:00,0,0.146442,0.376156,0
17172,2017-09-15 12:00:00,0,0.146442,0.376157,0
17173,2017-09-15 13:00:00,0,0.146442,0.376157,0
17174,2017-09-15 14:00:00,0,0.146442,0.376153,0
17175,2017-09-15 15:00:00,0,0.146444,0.376132,0
17176,2017-09-15 16:00:00,0,0.146449,0.376054,0
17177,2017-09-15 17:00:00,0,0.146455,0.375954,0
17178,2017-09-15 18:00:00,0,0.146462,0.375836,0
17179,2017-09-15 19:00:00,0,0.146471,0.375691,0
17180,2017-09-15 20:00:00,0,0.14648,0.375544,0
17181,2017-09-15 21:00:00,0,0.146488,0.375414,0
17182,2017-09-15 22:00:00,0,0.14649,0.37539,0
17183,2017-09-15 23:00:00,0,0.146491,0.375369,0
17184,2017-09-16 00:00:00,0,0.146492,0.375346,0
17185,2017-09-16 01:00:00,0,0.146494,0.375325,0
17186,2017-09-16 02:00:00,0,0.146494,0.375311,0
17187,2017-09-16 03:00:00,0,0.146495,0.3753,0
17188,2017-09-16 04:00:00,0,0.146496,0.375292,0
17189,2017-09-16 05:00:00,0,0.146496,0.375292,0
17190,2017-09-16 06:00:00,0,0.146496,0.375292,0
17191,2017-09-16 07:00:00,0,0.146496,0.375293,0
17192,2017-09-16 08:00:00,0,0.146495,0.375295,0
17193,2017-09-16 09:00:00,0,0.146495,0.375297,0
17194,2017-09-16 10:00:00,0,0.146495,0.3753,0
17195,2017-09-16 11:00:00,0,0.146495,0.375303,0
17196,2017-09-16 12:00:00,0,0.146495,0.375306,0
17197,2017-09-16 13:00:00,0,0.146495,0.375305,0
17198,2017-09-16 14:00:00,0,0.146495,0.375298,0
17199,2017-09-16 15:00:00,0,0.146496,0.375279,0
17200,2017-09-16 16:00:00,0,0.146499,0.375239,0
17201,2017-09-16 17:00:00,0,0.146503,0.37517,0
17202,2017-09-16 18:00:00,0,0.146509,0.375081,0
17203,2017-09-16 19:00:00,0,0.146515,0.374973,0
17204,2017-09-16 20:00:00,0,0.146522,0.374852,0
17205,2017-09-16 21:00:00,0,0.146529,0.374751,0
17206,2017-09-16 22:00:00,0,0.14653,0.374733,0
17207,2017-09-16 23:00:00,0,0.14653,0.374721,0
17208,2017-09-17 00:00:00,0,0.146531,0.374713,0
17209,2017-09-17 01:00:00,0,0.146532,0.3747,0
17210,2017-09-17 02:00:00,0,0.146532,0.374692,0
17211,2017-09-17 03:00:00,0,0.146532,0.374689,0
17212,2017-09-17 04:00:00,0,0.146532,0.374689,0
17213,2017-09-17 05:00:00,0,0.146532,0.37469,0
17214,2017-09-17 06:00:00,0,0.146532,0.374692,0
17215,2017-09-17 07:00:00,0,0.146532,0.374693,0
17216,2017-09-17 08:00:00,0,0.146532,0.374695,0
17217,2017-09-17 09:00:00,0,0.146532,0.374697,0
17218,2017-09-17 10:00:00,0,0.146532,0.374699,0
17219,2017-09-17 11:00:00,0,0.146532,0.374701,0
17220,2017-09-17 12:00:00,0,0.146532,0.374704,0
17221,2017-09-17 13:00:00,0,0.146532,0.374702,0
17222,2017-09-17 14:00:00,0,0.146532,0.374692,0
17223,2017-09-17 15:00:00,0,0.146534,0.374667,0
17224,2017-09-17 16:00:00,0,0.146537,0.374613,0
17225,2017-09-17 17:00:00,0,0.146542,0.374523,0
17226,2017-09-17 18:00:00,0,0.14655,0.374399,0
17227,2017-09-17 19:00:00,0,0.146559,0.374251,0
17228,2017-09-17 20:00:00,0,0.146567,0.374116,0
17229,2017-09-17 21:00:00,0,0.146574,0.374001,0
17230,2017-09-17 22:00:00,0,0.146575,0.373978,0
17231,2017-09-17 23:00:00,0,0.146576,0.373961,0
17232,2017-09-18 00:00:00,0,0.146578,0.373934,0
17233,2017-09-18 01:00:00,0,0.146579,0.37391,0
17234,2017-09-18 02:00:00,0,0.14658,0.373895,0
17235,2017-09-18 03:00:00,0,0.14658,0.373894,0
17236,2017-09-18 04:00:00,0,0.14658,0.373896,0
17237,2017-09-18 05:00:00,0,0.14658,0.373897,0
17238,2017-09-18 06:00:00,0,0.14658,0.373899,0
17239,2017-09-18 07:00:00,0,0.14658,0.3739,0
17240,2017-09-18 08:00:00,0,0.14658,0.3739,0
17241,2017-09-18 09:00:00,0,0.14658,0.373902,0
17242,2017-09-18 10:00:00,0,0.14658,0.373902,0
17243,2017-09-18 11:00:00,0,0.14658,0.373903,0
17244,2017-09-18 12:00:00,0,0.14658,0.373903,0
17245,2017-09-18 13:00:00,0,0.14658,0.373898,0
17246,2017-09-18 14:00:00,0,0.146581,0.373881,0
17247,2017-09-18 15:00:00,0,0.146583,0.373845,0
17248,2017-09-18 16:00:00,0,0.146588,0.373771,0
17249,2017-09-18 17:00:00,0,0.146594,0.373665,0
17250,2017-09-18 18:00:00,0,0.146602,0.373532,0
17251,2017-09-18 19:00:00,0,0.146611,0.373377,0
17252,2017-09-18 20:00:00,0,0.14662,0.373232,0
17253,2017-09-18 21:00:00,0,0.146627,0.373109,0
17254,2017-09-18 22:00:00,0,0.146629,0.373074,0
17255,2017-09-18 23:00:00,0,0.146631,0.373048,0
17256,2017-09-19 00:00:00,0,0.146632,0.37303,0
17257,2017-09-19 01:00:00,0,0.146632,0.373022,0
17258,2017-09-19 02:00:00,0,0.146632,0.373018,0
17259,2017-09-19 03:00:00,0,0.146633,0.373013,0
17260,2017-09-19 04:00:00,0,0.146633,0.37301,0
17261,2017-09-19 05:00:00,0,0.146633,0.373004,0
17262,2017-09-19 06:00:00,0,0.146634,0.372998,0
17263,2017-09-19 07:00:00,0,0.146634,0.372994,0
17264,2017-09-19 08:00:00,0,0.146634,0.372992,0
17265,2017-09-19 09:00:00,0,0.146634,0.37299,0
17266,2017-09-19 10:00:00,0,0.146634,0.372987,0
17267,2017-09-19 11:00:00,0,0.146634,0.372984,0
17268,2017-09-19 12:00:00,0,0.146635,0.37298,0
17269,2017-09-19 13:00:00,0,0.146635,0.372969,0.000041
17270,2017-09-19 14:00:00,0,0.146632,0.37302,0.000087
17271,2017-09-19 15:00:00,0,0.146626,0.373135,0
17272,2017-09-19 16:00:00,0,0.146627,0.373115,0
17273,2017-09-19 17:00:00,0,0.146628,0.373088,0
17274,2017-09-19 18:00:00,0,0.146631,0.373049,0
17275,2017-09-19 19:00:00,0,0.146634,0.372997,0
17276,2017-09-19 20:00:00,0,0.146637,0.372941,0
17277,2017-09-19 21:00:00,0,0.146642,0.37286,0
17278,2017-09-19 22:00:00,0,0.146643,0.372837,0
17279,2017-09-19 23:00:00,0,0.146644,0.372818,0
17280,2017-09-20 00:00:00,0,0.146645,0.372808,0
17281,2017-09-20 01:00:00,0,0.146645,0.372798,0
17282,2017-09-20 02:00:00,0,0.146646,0.372791,0
17283,2017-09-20 03:00:00,0,0.146646,0.372781,0
17284,2017-09-20 04:00:00,0,0.146647,0.372769,0
17285,2017-09-20 05:00:00,0,0.146648,0.372757,0
17286,2017-09-20 06:00:00,0,0.146648,0.372748,0
17287,2017-09-20 07:00:00,0,0.146649,0.372741,0
17288,2017-09-20 08:00:00,0,0.146649,0.372737,0
17289,2017-09-20 09:00:00,0,0.146649,0.372733,0.000086
17290,2017-09-20 10:00:00,0,0.146642,0.372858,0.000011
17291,2017-09-20 11:00:00,0,0.146641,0.37287,0
17292,2017-09-20 12:00:00,0,0.146641,0.372865,0
17293,2017-09-20 13:00:00,0,0.146642,0.372857,0
17294,2017-09-20 14:00:00,0,0.146643,0.372843,0
17295,2017-09-20 15:00:00,0,0.146644,0.372822,0
17296,2017-09-20 16:00:00,0,0.146648,0.372761,0
17297,2017-09-20 17:00:00,0,0.146652,0.372679,0
17298,2017-09-20 18:00:00,0,0.146658,0.372585,0
17299,2017-09-20 19:00:00,0,0.146664,0.372486,0
17300,2017-09-20 20:00:00,0,0.14667,0.372376,0
17301,2017-09-20 21:00:00,0,0.146677,0.372263,0
17302,2017-09-20 22:00:00,0,0.146678,0.372235,0
17303,2017-09-20 23:00:00,0,0.14668,0.372214,0
17304,2017-09-21 00:00:00,0,0.14668,0.3722,0
17305,2017-09-21 01:00:00,0,0.146681,0.372186,0
17306,2017-09-21 02:00:00,0,0.146682,0.372172,0
17307,2017-09-21 03:00:00,0,0.146683,0.372155,0
17308,2017-09-21 04:00:00,0,0.146684,0.372133,0
17309,2017-09-21 05:00:00,0,0.146686,0.37211,0
17310,2017-09-21 06:00:00,0,0.146687,0.372087,0
17311,2017-09-21 07:00:00,0,0.146688,0.372063,0
17312,2017-09-21 08:00:00,0,0.14669,0.372039,0
17313,2017-09-21 09:00:00,0,0.146691,0.372014,0
17314,2017-09-21 10:00:00,0,0.146692,0.371992,0
17315,2017-09-21 11:00:00,0,0.146694,0.371966,0
17316,2017-09-21 12:00:00,0,0.146695,0.37194,0
17317,2017-09-21 13:00:00,0,0.146698,0.371903,0
17318,2017-09-21 14:00:00,0,0.146701,0.371851,0
17319,2017-09-21 15:00:00,0,0.146705,0.371769,0
17320,2017-09-21 16:00:00,0,0.146712,0.371656,0
17321,2017-09-21 17:00:00,0,0.14672,0.371515,0
17322,2017-09-21 18:00:00,0,0.146729,0.371356,0
17323,2017-09-21 19:00:00,0,0.14674,0.371172,0
17324,2017-09-21 20:00:00,0,0.14675,0.370988,0
17325,2017-09-21 21:00:00,0,0.146759,0.370826,0
17326,2017-09-21 22:00:00,0,0.146764,0.370745,0
17327,2017-09-21 23:00:00,0,0.146768,0.370668,0
17328,2017-09-22 00:00:00,0,0.146773,0.370593,0
17329,2017-09-22 01:00:00,0,0.146777,0.370522,0
17330,2017-09-22 02:00:00,0,0.14678,0.370454,0
17331,2017-09-22 03:00:00,0,0.146784,0.370386,0
17332,2017-09-22 04:00:00,0,0.146788,0.370322,0
17333,2017-09-22 05:00:00,0,0.146792,0.370257,0
17334,2017-09-22 06:00:00,0,0.146795,0.370191,0
17335,2017-09-22 07:00:00,0,0.146799,0.370125,0
17336,2017-09-22 08:00:00,0,0.146802,0.370065,0
17337,2017-09-22 09:00:00,0,0.146806,0.370005,0
17338,2017-09-22 10:00:00,0,0.146809,0.369945,0
17339,2017-09-22 11:00:00,0,0.146812,0.369886,0
17340,2017-09-22 12:00:00,0,0.146816,0.36983,0
17341,2017-09-22 13:00:00,0,0.146819,0.369768,0
17342,2017-09-22 14:00:00,0,0.146823,0.369703,0
17343,2017-09-22 15:00:00,0,0.146827,0.369633,0
17344,2017-09-22 16:00:00,0,0.146831,0.369546,0
17345,2017-09-22 17:00:00,0,0.146837,0.369452,0
17346,2017-09-22 18:00:00,0,0.146842,0.369355,0
17347,2017-09-22 19:00:00,0,0.146847,0.369256,0
17348,2017-09-22 20:00:00,0,0.146853,0.369156,0
17349,2017-09-22 21:00:00,0,0.14686,0.369035,0
17350,2017-09-22 22:00:00,0,0.146862,0.36899,0
17351,2017-09-22 23:00:00,0,0.146864,0.368953,0
17352,2017-09-23 00:00:00,0,0.146866,0.368916,0
17353,2017-09-23 01:00:00,0,0.146868,0.368885,0
17354,2017-09-23 02:00:00,0,0.14687,0.368856,0
17355,2017-09-23 03:00:00,0,0.146871,0.368833,0
17356,2017-09-23 04:00:00,0,0.146872,0.368805,0
17357,2017-09-23 05:00:00,0,0.146874,0.368773,0
17358,2017-09-23 06:00:00,0,0.146876,0.368739,0
17359,2017-09-23 07:00:00,0,0.146878,0.368707,0
17360,2017-09-23 08:00:00,0,0.14688,0.36867,0
17361,2017-09-23 09:00:00,0,0.146882,0.368633,0
17362,2017-09-23 10:00:00,0,0.146884,0.3686,0
17363,2017-09-23 11:00:00,0,0.146885,0.368569,0
17364,2017-09-23 12:00:00,0,0.146887,0.368536,0
17365,2017-09-23 13:00:00,0,0.146889,0.368493,0
17366,2017-09-23 14:00:00,0,0.146893,0.368433,0
17367,2017-09-23 15:00:00,0,0.146898,0.368343,0
17368,2017-09-23 16:00:00,0,0.146904,0.368225,0
17369,2017-09-23 17:00:00,0,0.146912,0.368085,0
17370,2017-09-23 18:00:00,0,0.146921,0.367916,0
17371,2017-09-23 19:00:00,0,0.146932,0.367718,0
17372,2017-09-23 20:00:00,0,0.146941,0.367535,0
17373,2017-09-23 21:00:00,0,0.14695,0.367377,0
17374,2017-09-23 22:00:00,0,0.146952,0.367346,0
17375,2017-09-23 23:00:00,0,0.146953,0.367325,0
17376,2017-09-24 00:00:00,0,0.146953,0.367314,0
17377,2017-09-24 01:00:00,0,0.146953,0.367311,0
17378,2017-09-24 02:00:00,0,0.146953,0.367311,0
17379,2017-09-24 03:00:00,0,0.146953,0.367311,0
17380,2017-09-24 04:00:00,0,0.146953,0.36731,0
17381,2017-09-24 05:00:00,0,0.146953,0.36731,0
17382,2017-09-24 06:00:00,0,0.146954,0.367307,0
17383,2017-09-24 07:00:00,0,0.146954,0.367301,0
17384,2017-09-24 08:00:00,0,0.146954,0.367297,0
17385,2017-09-24 09:00:00,0,0.146955,0.367289,0
17386,2017-09-24 10:00:00,0,0.146955,0.367279,0
17387,2017-09-24 11:00:00,0,0.146955,0.367276,0
17388,2017-09-24 12:00:00,0,0.146955,0.367275,0
17389,2017-09-24 13:00:00,0,0.146956,0.367268,0
17390,2017-09-24 14:00:00,0,0.146957,0.36725,0
17391,2017-09-24 15:00:00,0,0.146959,0.367208,0
17392,2017-09-24 16:00:00,0,0.146963,0.367132,0
17393,2017-09-24 17:00:00,0,0.146968,0.367033,0
17394,2017-09-24 18:00:00,0,0.146974,0.366931,0
17395,2017-09-24 19:00:00,0,0.14698,0.366821,0
17396,2017-09-24 20:00:00,0,0.146986,0.366695,0
17397,2017-09-24 21:00:00,0,0.146991,0.366595,0
17398,2017-09-24 22:00:00,0,0.146993,0.366574,0
17399,2017-09-24 23:00:00,0,0.146993,0.366561,0
17400,2017-09-25 00:00:00,0,0.146994,0.36655,0
17401,2017-09-25 01:00:00,0,0.146994,0.366541,0
17402,2017-09-25 02:00:00,0,0.146995,0.366536,0
17403,2017-09-25 03:00:00,0,0.146995,0.366532,0
17404,2017-09-25 04:00:00,0,0.146995,0.36652,0
17405,2017-09-25 05:00:00,0,0.146996,0.366518,0
17406,2017-09-25 06:00:00,0,0.146996,0.366518,0
17407,2017-09-25 07:00:00,0,0.146996,0.366518,0
17408,2017-09-25 08:00:00,0,0.146996,0.366519,0
17409,2017-09-25 09:00:00,0,0.146996,0.366519,0
17410,2017-09-25 10:00:00,0,0.146995,0.36652,0
17411,2017-09-25 11:00:00,0,0.146995,0.366521,0
17412,2017-09-25 12:00:00,0,0.146995,0.366522,0
17413,2017-09-25 13:00:00,0,0.146996,0.366522,0
17414,2017-09-25 14:00:00,0,0.146996,0.366509,0
17415,2017-09-25 15:00:00,0,0.146998,0.366475,0
17416,2017-09-25 16:00:00,0,0.147001,0.366408,0
17417,2017-09-25 17:00:00,0,0.147007,0.366309,0
17418,2017-09-25 18:00:00,0,0.147013,0.366183,0
17419,2017-09-25 19:00:00,0,0.147021,0.366031,0
17420,2017-09-25 20:00:00,0,0.147029,0.365875,0
17421,2017-09-25 21:00:00,0,0.147037,0.365736,0
17422,2017-09-25 22:00:00,0,0.147038,0.365702,0
17423,2017-09-25 23:00:00,0,0.14704,0.365679,0
17424,2017-09-26 00:00:00,0,0.147041,0.365646,0
17425,2017-09-26 01:00:00,0,0.147043,0.365616,0
17426,2017-09-26 02:00:00,0,0.147044,0.365596,0
17427,2017-09-26 03:00:00,0,0.147045,0.365583,0
17428,2017-09-26 04:00:00,0,0.147045,0.365576,0
17429,2017-09-26 05:00:00,0,0.147045,0.365578,0
17430,2017-09-26 06:00:00,0,0.147045,0.365582,0
17431,2017-09-26 07:00:00,0,0.147044,0.365586,0
17432,2017-09-26 08:00:00,0,0.147044,0.365589,0
17433,2017-09-26 09:00:00,0,0.147044,0.365592,0
17434,2017-09-26 10:00:00,0,0.147044,0.365595,0
17435,2017-09-26 11:00:00,0,0.147044,0.365599,0
17436,2017-09-26 12:00:00,0,0.147044,0.365602,0
17437,2017-09-26 13:00:00,0,0.147044,0.365598,0
17438,2017-09-26 14:00:00,0,0.147045,0.365582,0
17439,2017-09-26 15:00:00,0,0.147047,0.365544,0
17440,2017-09-26 16:00:00,0,0.147051,0.365466,0
17441,2017-09-26 17:00:00,0,0.147057,0.365345,0
17442,2017-09-26 18:00:00,0,0.147065,0.365196,0
17443,2017-09-26 19:00:00,0,0.147074,0.365023,0
17444,2017-09-26 20:00:00,0,0.147082,0.364864,0
17445,2017-09-26 21:00:00,0,0.147089,0.364727,0
17446,2017-09-26 22:00:00,0,0.14709,0.364696,0
17447,2017-09-26 23:00:00,0,0.147091,0.364675,0
17448,2017-09-27 00:00:00,0,0.147093,0.364648,0
17449,2017-09-27 01:00:00,0,0.147094,0.364624,0
17450,2017-09-27 02:00:00,0,0.147095,0.364605,0
17451,2017-09-27 03:00:00,0,0.147096,0.364591,0
17452,2017-09-27 04:00:00,0,0.147097,0.364576,0
17453,2017-09-27 05:00:00,0,0.147097,0.364562,0
17454,2017-09-27 06:00:00,0,0.147098,0.364552,0
17455,2017-09-27 07:00:00,0,0.147098,0.36455,0
17456,2017-09-27 08:00:00,0,0.147098,0.364551,0
17457,2017-09-27 09:00:00,0,0.147098,0.364553,0
17458,2017-09-27 10:00:00,0,0.147098,0.364555,0
17459,2017-09-27 11:00:00,0,0.147098,0.364557,0
17460,2017-09-27 12:00:00,0,0.147097,0.364558,0
17461,2017-09-27 13:00:00,0,0.147098,0.364553,0
17462,2017-09-27 14:00:00,0,0.147098,0.36454,0
17463,2017-09-27 15:00:00,0,0.1471,0.364506,0
17464,2017-09-27 16:00:00,0,0.147103,0.364447,0
17465,2017-09-27 17:00:00,0,0.147108,0.364347,0
17466,2017-09-27 18:00:00,0,0.147115,0.364208,0
17467,2017-09-27 19:00:00,0,0.147123,0.364064,0
17468,2017-09-27 20:00:00,0,0.147131,0.363903,0
17469,2017-09-27 21:00:00,0,0.147139,0.363741,0
17470,2017-09-27 22:00:00,0,0.147141,0.363697,0
17471,2017-09-27 23:00:00,0,0.147143,0.363667,0
17472,2017-09-28 00:00:00,0,0.147144,0.363645,0
17473,2017-09-28 01:00:00,0,0.147145,0.36363,0
17474,2017-09-28 02:00:00,0,0.147145,0.363622,0
17475,2017-09-28 03:00:00,0,0.147145,0.363617,0
17476,2017-09-28 04:00:00,0,0.147145,0.363614,0
17477,2017-09-28 05:00:00,0,0.147145,0.363614,0
17478,2017-09-28 06:00:00,0,0.147145,0.363615,0
17479,2017-09-28 07:00:00,0,0.147145,0.363621,0
17480,2017-09-28 08:00:00,0,0.147145,0.363625,0
17481,2017-09-28 09:00:00,0,0.147145,0.363629,0
17482,2017-09-28 10:00:00,0,0.147144,0.363632,0
17483,2017-09-28 11:00:00,0,0.147144,0.363633,0
17484,2017-09-28 12:00:00,0,0.147145,0.363622,0
17485,2017-09-28 13:00:00,0,0.147147,0.363585,0
17486,2017-09-28 14:00:00,0,0.14715,0.363514,0
17487,2017-09-28 15:00:00,0,0.147156,0.363404,0
17488,2017-09-28 16:00:00,0,0.147164,0.363244,0
17489,2017-09-28 17:00:00,0,0.147174,0.363039,0
17490,2017-09-28 18:00:00,0,0.147186,0.362799,0
17491,2017-09-28 19:00:00,0,0.147199,0.362539,0
17492,2017-09-28 20:00:00,0,0.147211,0.362294,0
17493,2017-09-28 21:00:00,0,0.147222,0.362071,0
17494,2017-09-28 22:00:00,0,0.147229,0.361933,0
17495,2017-09-28 23:00:00,0,0.147235,0.361813,0
17496,2017-09-29 00:00:00,0,0.14724,0.361711,0
17497,2017-09-29 01:00:00,0,0.147244,0.361621,0
17498,2017-09-29 02:00:00,0,0.147248,0.361543,0
17499,2017-09-29 03:00:00,0,0.147251,0.361472,0
17500,2017-09-29 04:00:00,0,0.147254,0.361406,0
17501,2017-09-29 05:00:00,0,0.147257,0.361349,0
17502,2017-09-29 06:00:00,0,0.14726,0.361297,0
17503,2017-09-29 07:00:00,0,0.147262,0.361253,0
17504,2017-09-29 08:00:00,0,0.147264,0.361215,0
17505,2017-09-29 09:00:00,0,0.147265,0.361181,0
17506,2017-09-29 10:00:00,0,0.147267,0.361152,0
17507,2017-09-29 11:00:00,0,0.147268,0.361126,0
17508,2017-09-29 12:00:00,0,0.147269,0.361103,0
17509,2017-09-29 13:00:00,0,0.147271,0.361074,0
17510,2017-09-29 14:00:00,0,0.147273,0.361033,0
17511,2017-09-29 15:00:00,0,0.147276,0.36096,0
17512,2017-09-29 16:00:00,0,0.147281,0.36085,0
17513,2017-09-29 17:00:00,0,0.147288,0.360721,0
17514,2017-09-29 18:00:00,0,0.147294,0.360581,0
17515,2017-09-29 19:00:00,0,0.147301,0.360435,0
17516,2017-09-29 20:00:00,0,0.147309,0.360276,0
17517,2017-09-29 21:00:00,0,0.147316,0.360124,0
17518,2017-09-29 22:00:00,0,0.14732,0.360047,0
17519,2017-09-29 23:00:00,0,0.147322,0.359993,0
17520,2017-09-30 00:00:00,0,0.147325,0.359944,0
17521,2017-09-30 01:00:00,0,0.147326,0.359905,0
17522,2017-09-30 02:00:00,0,0.147328,0.359873,0
17523,2017-09-30 03:00:00,0,0.147329,0.359843,0
17524,2017-09-30 04:00:00,0,0.147331,0.359815,0
17525,2017-09-30 05:00:00,0,0.147332,0.359794,0
17526,2017-09-30 06:00:00,0,0.147332,0.359779,0
17527,2017-09-30 07:00:00,0,0.147333,0.359765,0
17528,2017-09-30 08:00:00,0,0.147333,0.359761,0.000031
17529,2017-09-30 09:00:00,0,0.147331,0.359804,0.000202
17530,2017-09-30 10:00:00,0,0.147317,0.360109,0.000052
17531,2017-09-30 11:00:00,0,0.147313,0.360182,0
17532,2017-09-30 12:00:00,0,0.147314,0.360173,0
17533,2017-09-30 13:00:00,0,0.147314,0.360163,0
17534,2017-09-30 14:00:00,0,0.147315,0.360152,0
17535,2017-09-30 15:00:00,0,0.147316,0.360132,0
17536,2017-09-30 16:00:00,0,0.147317,0.360093,0
17537,2017-09-30 17:00:00,0,0.147321,0.360024,0.000003
17538,2017-09-30 18:00:00,0,0.147325,0.359939,0.00003
17539,2017-09-30 19:00:00,0,0.147326,0.359904,0
17540,2017-09-30 20:00:00,0,0.147332,0.359795,0
17541,2017-09-30 21:00:00,0,0.147337,0.359677,0
17542,2017-09-30 22:00:00,0,0.147339,0.359633,0
17543,2017-09-30 23:00:00,0,0.147341,0.359599,0
